# Exact extrusion of side_view_geometry_exact_curve.svg U-profile; 9 mm depth
o support_finger_exact_svg
v -0.024369318 0.00449999981 -0.00604480505
v -0.024369318 0.00449999981 -0.00597641245
v -0.024369318 0.00449999981 -0.00577904657
v -0.024369318 0.00449999981 -0.00546443649
v -0.024369318 0.00449999981 -0.00504430383
v -0.024369318 0.00449999981 -0.0045303721
v -0.024369318 0.00449999981 -0.00393436849
v -0.024369318 0.00449999981 -0.00326802023
v -0.024369318 0.00449999981 -0.00254304707
v -0.024369318 0.00449999981 -0.00177117437
v -0.024369318 0.00449999981 -0.000964129344
v -0.024369318 0.00449999981 -0.000133633614
v -0.024369318 0.00449999981 0.000708583742
v -0.024369318 0.00449999981 0.00155080482
v -0.024369318 0.00449999981 0.00238130055
v -0.024369318 0.00449999981 0.00318834744
v -0.024369318 0.00449999981 0.00396022014
v -0.024369318 0.00449999981 0.00468519144
v -0.024369318 0.00449999981 0.00535154156
v -0.024369318 0.00449999981 0.00594754331
v -0.024369318 0.00449999981 0.00646147318
v -0.024369318 0.00449999981 0.0068816077
v -0.024369318 0.00449999981 0.00719621964
v -0.024369318 0.00449999981 0.00739358552
v -0.024369318 0.00449999981 0.0074619744
v -0.0242913812 0.00449999981 0.00747830607
v -0.0242134407 0.00449999981 0.00749174692
v -0.0241355002 0.00449999981 0.00750235282
v -0.0240575597 0.00449999981 0.00751017965
v -0.0239796191 0.00449999981 0.00751527958
v -0.0239016786 0.00449999981 0.00751771219
v -0.0238237381 0.00449999981 0.00751752593
v -0.0237457976 0.00449999981 0.00751477666
v -0.0236678571 0.00449999981 0.00750952028
v -0.0235899165 0.00449999981 0.00750181265
v -0.023511976 0.00449999981 0.00749170594
v -0.0234340355 0.00449999981 0.00747925602
v -0.023356095 0.00449999981 0.00746451505
v -0.0232781544 0.00449999981 0.00744754262
v -0.0232002176 0.00449999981 0.00742838718
v -0.0231222771 0.00449999981 0.00740710832
v -0.0230443366 0.00449999981 0.0073837582
v -0.0229663961 0.00449999981 0.0073583927
v -0.0228884555 0.00449999981 0.0073310677
v -0.022810515 0.00449999981 0.00730183162
v -0.0227325745 0.00449999981 0.00727074407
v -0.022654634 0.00449999981 0.00723786093
v -0.0225766934 0.00449999981 0.00720323063
v -0.0224987529 0.00449999981 0.0071669165
v -0.0224208124 0.00449999981 0.00712930225
v -0.0223428719 0.00449999981 0.00709053688
v -0.0222649314 0.00449999981 0.00705067255
v -0.0221869946 0.00449999981 0.00700977258
v -0.022109054 0.00449999981 0.00696788915
v -0.0220311135 0.00449999981 0.00692508183
v -0.021953173 0.00449999981 0.00688141026
v -0.0218752325 0.00449999981 0.00683693402
v -0.0217972919 0.00449999981 0.00679170154
v -0.0217193514 0.00449999981 0.00674577989
v -0.0216414109 0.00449999981 0.00669922493
v -0.0215634704 0.00449999981 0.00665208884
v -0.0214855298 0.00449999981 0.00660443492
v -0.0214075893 0.00449999981 0.0065563228
v -0.0213296488 0.00449999981 0.00650780462
v -0.0212517083 0.00449999981 0.00645893626
v -0.0211737677 0.00449999981 0.00640978478
v -0.0210958309 0.00449999981 0.00636039861
v -0.0210178904 0.00449999981 0.00631084107
v -0.0209399499 0.00449999981 0.00626116805
v -0.0208620094 0.00449999981 0.00621143542
v -0.0207840689 0.00449999981 0.0061617028
v -0.0207061283 0.00449999981 0.00611202605
v -0.0206281878 0.00449999981 0.00606247224
v -0.0205502473 0.00449999981 0.00601295196
v -0.0204723068 0.00449999981 0.00596336834
v -0.0203943662 0.00449999981 0.00591374375
v -0.0203164257 0.00449999981 0.00586410053
v -0.0202384852 0.00449999981 0.00581446476
v -0.0201605447 0.00449999981 0.00576485507
v -0.0200826041 0.00449999981 0.00571529754
v -0.0200046673 0.00449999981 0.0056658145
v -0.0199267268 0.00449999981 0.00561642833
v -0.0198487863 0.00449999981 0.00556716137
v -0.0197708458 0.00449999981 0.00551803969
v -0.0196929052 0.00449999981 0.00546908192
v -0.0196149647 0.00449999981 0.00542031415
v -0.0195370242 0.00449999981 0.00537176244
v -0.0194590837 0.00449999981 0.0053234417
v -0.0193811432 0.00449999981 0.00527538545
v -0.0193032026 0.00449999981 0.00522760488
v -0.0192252621 0.00449999981 0.00518012978
v -0.0191473216 0.00449999981 0.00513298623
v -0.0190693811 0.00449999981 0.00508618914
v -0.0189914405 0.00449999981 0.00503976457
v -0.0189135037 0.00449999981 0.00499373861
v -0.0188355632 0.00449999981 0.00494812988
v -0.0187576227 0.00449999981 0.00490296446
v -0.0186796822 0.00449999981 0.00485763513
v -0.0186017416 0.00449999981 0.00481155701
v -0.0185238011 0.00449999981 0.00476479344
v -0.0184458606 0.00449999981 0.00471741147
v -0.0183679201 0.00449999981 0.00466947444
v -0.0182899795 0.00449999981 0.00462104566
v -0.018212039 0.00449999981 0.00457218848
v -0.0181340985 0.00449999981 0.00452296995
v -0.018056158 0.00449999981 0.00447344966
v -0.0179782175 0.00449999981 0.00442369469
v -0.0179002807 0.00449999981 0.00437376834
v -0.0178223401 0.00449999981 0.00432373397
v -0.0177443996 0.00449999981 0.00427365489
v -0.0176664591 0.00449999981 0.00422359817
v -0.0175885186 0.00449999981 0.00417362712
v -0.017510578 0.00449999981 0.00412380509
v -0.0174326375 0.00449999981 0.0040741954
v -0.017354697 0.00449999981 0.00402486511
v -0.0172767565 0.00449999981 0.00397587381
v -0.0171988159 0.00449999981 0.00392728485
v -0.0171208754 0.00449999981 0.003879169
v -0.0170429349 0.00449999981 0.00383158587
v -0.0169649944 0.00449999981 0.00378459878
v -0.0168870538 0.00449999981 0.00373826735
v -0.016809117 0.00449999981 0.0036920514
v -0.0167311765 0.00449999981 0.00364563055
v -0.016653236 0.00449999981 0.003599016
v -0.0165752955 0.00449999981 0.0035522338
v -0.016497355 0.00449999981 0.00350530259
v -0.0164194144 0.00449999981 0.00345824473
v -0.0163414739 0.00449999981 0.00341107138
v -0.0162635334 0.00449999981 0.00336380489
v -0.0161855929 0.00449999981 0.00331647135
v -0.0161076523 0.00449999981 0.00326908194
v -0.0160297118 0.00449999981 0.00322165899
v -0.0159517713 0.00449999981 0.00317422487
v -0.0158738308 0.00449999981 0.00312679075
v -0.0157958902 0.00449999981 0.00307938643
v -0.0157179534 0.00449999981 0.00303202495
v -0.0156400129 0.00449999981 0.00298472494
v -0.0155620724 0.00449999981 0.00293751061
v -0.0154841319 0.00449999981 0.00289039873
v -0.0154061913 0.00449999981 0.00284340605
v -0.0153282508 0.00449999981 0.0027965568
v -0.0152503103 0.00449999981 0.00274986774
v -0.0151723698 0.00449999981 0.00270335749
v -0.0150944293 0.00449999981 0.00265704654
v -0.0150164887 0.00449999981 0.00261095725
v -0.0149385482 0.00449999981 0.00256473385
v -0.0148606077 0.00449999981 0.0025182683
v -0.0147826672 0.00449999981 0.00247156247
v -0.0147047304 0.00449999981 0.00242461078
v -0.0146267898 0.00449999981 0.00237741321
v -0.0145488493 0.00449999981 0.00232996605
v -0.0144709088 0.00449999981 0.00228226744
v -0.0143929683 0.00449999981 0.00223431177
v -0.0143150277 0.00449999981 0.00218610279
v -0.0142370872 0.00449999981 0.0021376349
v -0.0141591467 0.00449999981 0.00208890624
v -0.0140812062 0.00449999981 0.00203991495
v -0.0140032656 0.00449999981 0.0019906573
v -0.0139253251 0.00449999981 0.00194113143
v -0.0138473846 0.00449999981 0.00189133734
v -0.0137694441 0.00449999981 0.00184126943
v -0.0136915036 0.00449999981 0.00179092772
v -0.0136135668 0.00449999981 0.0017403122
v -0.0135356262 0.00449999981 0.00168941543
v -0.0134576857 0.00449999981 0.00163824111
v -0.0133797452 0.00449999981 0.00158677995
v -0.0133018047 0.00449999981 0.00153503381
v -0.0132238641 0.00449999981 0.00148299895
v -0.0131459236 0.00449999981 0.00143067725
v -0.0130679831 0.00449999981 0.00137892365
v -0.0129900426 0.00449999981 0.00132828578
v -0.012912102 0.00449999981 0.00127868913
v -0.0128341615 0.00449999981 0.00123006478
v -0.012756221 0.00449999981 0.00118233636
v -0.0126782805 0.00449999981 0.00113542937
v -0.0126003399 0.00449999981 0.00108927302
v -0.0125224032 0.00449999981 0.00104379281
v -0.0124444626 0.00449999981 0.000998916104
v -0.0123665221 0.00449999981 0.000954566523
v -0.0122885816 0.00449999981 0.000910671428
v -0.0122106411 0.00449999981 0.0008671619
v -0.0121327005 0.00449999981 0.000823957846
v -0.01205476 0.00449999981 0.00078099221
v -0.0119768195 0.00449999981 0.000738183036
v -0.011898879 0.00449999981 0.00069546327
v -0.0118209384 0.00449999981 0.000652758405
v -0.0117429979 0.00449999981 0.000609993935
v -0.0116650574 0.00449999981 0.000567099079
v -0.0115871169 0.00449999981 0.000523997471
v -0.0115091801 0.00449999981 0.000480614603
v -0.0114312395 0.00449999981 0.000436879694
v -0.011353299 0.00449999981 0.000392716378
v -0.0112753585 0.00449999981 0.00034805201
v -0.011197418 0.00449999981 0.000303138047
v -0.0111194775 0.00449999981 0.000258550048
v -0.0110415369 0.00449999981 0.000214304775
v -0.0109635964 0.00449999981 0.000170418993
v -0.0108856559 0.00449999981 0.00012691319
v -0.0108077154 0.00449999981 8.38078558e-05
v -0.0107297748 0.00449999981 4.11234796e-05
v -0.0106518343 0.00449999981 -1.12131238e-06
v -0.0105738938 0.00449999981 -4.29097563e-05
v -0.0104959533 0.00449999981 -8.42195004e-05
v -0.0104180165 0.00449999981 -0.000125033781
v -0.0103400759 0.00449999981 -0.000165332109
v -0.0102621354 0.00449999981 -0.000205092132
v -0.0101841949 0.00449999981 -0.000244297087
v -0.0101062544 0.00449999981 -0.00028293021
v -0.0100283138 0.00449999981 -0.000320967287
v -0.00995037332 0.00449999981 -0.000358393416
v -0.0098724328 0.00449999981 -0.000395184383
v -0.00979449227 0.00449999981 -0.000431323424
v -0.00971655175 0.00449999981 -0.000466793776
v -0.00963861123 0.00449999981 -0.000501571223
v -0.0095606707 0.00449999981 -0.000535639003
v -0.00948273018 0.00449999981 -0.000568976626
v -0.00940478966 0.00449999981 -0.000601563603
v -0.00932685286 0.00449999981 -0.000633744523
v -0.00924891233 0.00449999981 -0.000665608793
v -0.00917097181 0.00449999981 -0.00069716759
v -0.00909303129 0.00449999981 -0.000728435814
v -0.00901509076 0.00449999981 -0.000759419054
v -0.00893715024 0.00449999981 -0.000790128484
v -0.00885920972 0.00449999981 -0.000820577145
v -0.00878126919 0.00449999981 -0.000850774348
v -0.00870332867 0.00449999981 -0.000880729407
v -0.00862538815 0.00449999981 -0.000910451636
v -0.00854744762 0.00449999981 -0.000939954072
v -0.0084695071 0.00449999981 -0.00096924603
v -0.00839156657 0.00449999981 -0.000998336822
v -0.00831362978 0.00449999981 -0.00102723949
v -0.00823568925 0.00449999981 -0.00105595961
v -0.00815774873 0.00449999981 -0.00108451024
v -0.00807980821 0.00449999981 -0.0011129044
v -0.00800186768 0.00449999981 -0.00114114769
v -0.00792392716 0.00449999981 -0.001169255
v -0.00784598663 0.00449999981 -0.0011972338
v -0.00776804611 0.00449999981 -0.0012250971
v -0.00769010559 0.00449999981 -0.00125285238
v -0.00761216506 0.00449999981 -0.0012805108
v -0.00753422454 0.00449999981 -0.00130807981
v -0.00745628402 0.00449999981 -0.00133453868
v -0.00737834349 0.00449999981 -0.00135915354
v -0.00730040297 0.00449999981 -0.00138197467
v -0.00722246617 0.00449999981 -0.00140306354
v -0.00714452565 0.00449999981 -0.00142247975
v -0.00706658512 0.00449999981 -0.00144027546
v -0.0069886446 0.00449999981 -0.00145651028
v -0.00691070408 0.00449999981 -0.00147124007
v -0.00683276355 0.00449999981 -0.00148452446
v -0.00675482303 0.00449999981 -0.00149641931
v -0.00667688251 0.00449999981 -0.00150698237
v -0.00659894198 0.00449999981 -0.00151626766
v -0.00652100146 0.00449999981 -0.0015243385
v -0.00644306093 0.00449999981 -0.00153125077
v -0.00636512041 0.00449999981 -0.0015370585
v -0.00628717989 0.00449999981 -0.00154181942
v -0.00620923936 0.00449999981 -0.00154559314
v -0.00613130257 0.00449999981 -0.00154843368
v -0.00605336204 0.00449999981 -0.00155040249
v -0.00597542152 0.00449999981 -0.00155155361
v -0.00589748099 0.00449999981 -0.00155194663
v -0.00581954047 0.00449999981 -0.00155163556
v -0.00574159995 0.00449999981 -0.00155068189
v -0.00566365942 0.00449999981 -0.00154913776
v -0.0055857189 0.00449999981 -0.00154789351
v -0.00550777838 0.00449999981 -0.00154750235
v -0.00542983785 0.00449999981 -0.00154790469
v -0.00535189733 0.00449999981 -0.00154904835
v -0.00527395681 0.00449999981 -0.00155087374
v -0.00519601628 0.00449999981 -0.00155332312
v -0.00511807948 0.00449999981 -0.00155634061
v -0.00504013896 0.00449999981 -0.00155986845
v -0.00496219471 0.00449999981 -0.00156385265
v -0.00488425419 0.00449999981 -0.00156823359
v -0.00480631366 0.00449999981 -0.0015729554
v -0.00472837314 0.00449999981 -0.00157796219
v -0.00465043262 0.00449999981 -0.00158319622
v -0.00457249954 0.00449999981 -0.00158860162
v -0.00449455902 0.00449999981 -0.00159411691
v -0.0044166185 0.00449999981 -0.00159969181
v -0.00433867797 0.00449999981 -0.00160526671
v -0.00426073745 0.00449999981 -0.00161078386
v -0.00418279693 0.00449999981 -0.00161618926
v -0.0041048564 0.00449999981 -0.00162142329
v -0.00402691588 0.00449999981 -0.00162643008
v -0.00394897535 0.00449999981 -0.00163115375
v -0.00387103483 0.00449999981 -0.00163553469
v -0.00379309431 0.00449999981 -0.00163952634
v -0.00371515378 0.00449999981 -0.00164273381
v -0.00363721326 0.00449999981 -0.00164481066
v -0.00355927274 0.00449999981 -0.00164574571
v -0.00348133221 0.00449999981 -0.00164552592
v -0.00340339169 0.00449999981 -0.00164413825
v -0.00332545117 0.00449999981 -0.0016415678
v -0.00324751064 0.00449999981 -0.00163780153
v -0.00316957012 0.00449999981 -0.00163282454
v -0.00309162959 0.00449999981 -0.00162662379
v -0.00301368907 0.00449999981 -0.00161918998
v -0.00293574855 0.00449999981 -0.00161050446
v -0.00285780802 0.00449999981 -0.00160055608
v -0.0027798675 0.00449999981 -0.00158932991
v -0.00270192698 0.00449999981 -0.0015768148
v -0.00262398645 0.00449999981 -0.00156299397
v -0.00254604593 0.00449999981 -0.00154785626
v -0.00246810541 0.00449999981 -0.00153138675
v -0.00239017233 0.00449999981 -0.00151357427
v -0.00231223181 0.00449999981 -0.00149440393
v -0.00223429129 0.00449999981 -0.00147386082
v -0.00215635076 0.00449999981 -0.00145193189
v -0.00207841024 0.00449999981 -0.00142860599
v -0.00200046971 0.00449999981 -0.00140386447
v -0.00192252919 0.00449999981 -0.00137769617
v -0.00184458867 0.00449999981 -0.00135136768
v -0.00176664814 0.00449999981 -0.00132583641
v -0.00168870762 0.00449999981 -0.00130102783
v -0.0016107671 0.00449999981 -0.00127686374
v -0.00153282657 0.00449999981 -0.00125326589
v -0.00145488605 0.00449999981 -0.00123015791
v -0.00137694553 0.00449999981 -0.00120746158
v -0.001299005 0.00449999981 -0.0011850968
v -0.00122106448 0.00449999981 -0.00116299093
v -0.00114312395 0.00449999981 -0.00114106387
v -0.00106518343 0.00449999981 -0.00111923367
v -0.000987242907 0.00449999981 -0.00109742954
v -0.000909302384 0.00449999981 -0.00107556954
v -0.00083136186 0.00449999981 -0.00105357915
v -0.000753421336 0.00449999981 -0.00103137828
v -0.000675480813 0.00449999981 -0.00100889057
v -0.000597540289 0.00449999981 -0.000986037776
v -0.000519599766 0.00449999981 -0.000962743536
v -0.000441659242 0.00449999981 -0.00093893148
v -0.000363718718 0.00449999981 -0.000914519653
v -0.000285785645 0.00449999981 -0.00088943541
v -0.000207845122 0.00449999981 -0.000863596797
v -0.000129904598 0.00449999981 -0.000836931169
v -5.19640744e-05 0.00449999981 -0.000809360296
v 2.59764493e-05 0.00449999981 -0.00078154169
v 0.000103916973 0.00449999981 -0.000753883272
v 0.000181857497 0.00449999981 -0.000726317987
v 0.00025979802 0.00449999981 -0.000698776916
v 0.000337738544 0.00449999981 -0.000671193004
v 0.000415679067 0.00449999981 -0.000643501058
v 0.000493619591 0.00449999981 -0.000615634024
v 0.000571560115 0.00449999981 -0.000587524846
v 0.000649500638 0.00449999981 -0.000559106469
v 0.000727441162 0.00449999981 -0.000530308113
v 0.000805381685 0.00449999981 -0.000501066446
v 0.000883322209 0.00449999981 -0.000471312553
v 0.000961262733 0.00449999981 -0.000440977514
v 0.00103920326 0.00449999981 -0.000409999862
v 0.00111714378 0.00449999981 -0.000378305092
v 0.0011950843 0.00449999981 -0.000345831737
v 0.00127302483 0.00449999981 -0.000312509015
v 0.00135096535 0.00449999981 -0.000278271735
v 0.00142890587 0.00449999981 -0.00024305284
v 0.0015068464 0.00449999981 -0.000206783414
v 0.00158478692 0.00449999981 -0.000169400126
v 0.00166272745 0.00449999981 -0.000130830333
v 0.00174066797 0.00449999981 -9.1008842e-05
v 0.00181860104 0.00449999981 -4.98741865e-05
v 0.00189654157 0.00449999981 -8.60542059e-06
v 0.00197448209 0.00449999981 3.18549573e-05
v 0.00205242261 0.00449999981 7.15479255e-05
v 0.00213036314 0.00449999981 0.000110523775
v 0.00220830366 0.00449999981 0.000148825347
v 0.00228624418 0.00449999981 0.000186495483
v 0.00236418471 0.00449999981 0.000223580748
v 0.00244212523 0.00449999981 0.000260127708
v 0.00252006575 0.00449999981 0.000296181068
v 0.00259800628 0.00449999981 0.00033178553
v 0.0026759468 0.00449999981 0.000366985798
v 0.00275388733 0.00449999981 0.000401826575
v 0.00283182785 0.00449999981 0.000436352566
v 0.00290976837 0.00449999981 0.000470610335
v 0.0029877089 0.00449999981 0.000504644588
v 0.00306564942 0.00449999981 0.000538501889
v 0.00314358994 0.00449999981 0.000572223216
v 0.00322153047 0.00449999981 0.000605857
v 0.00329947099 0.00449999981 0.000639447942
v 0.00337741151 0.00449999981 0.000673040748
v 0.00345535204 0.00449999981 0.000706680119
v 0.00353329256 0.00449999981 0.00074041076
v 0.00361123309 0.00449999981 0.000774277374
v 0.00368917361 0.00449999981 0.000808330253
v 0.00376711413 0.00449999981 0.000843312591
v 0.00384505466 0.00449999981 0.000880122185
v 0.00392299518 0.00449999981 0.00091862306
v 0.00400092825 0.00449999981 0.000958681107
v 0.00407886878 0.00449999981 0.0010001678
v 0.0041568093 0.00449999981 0.00104294345
v 0.00423474982 0.00449999981 0.0010868758
v 0.00431269035 0.00449999981 0.00113183446
v 0.00439063087 0.00449999981 0.00117768534
v 0.00446857139 0.00449999981 0.00122429244
v 0.00454651192 0.00449999981 0.00127152354
v 0.00462445244 0.00449999981 0.0013192445
v 0.00470239297 0.00449999981 0.0013673231
v 0.00478033349 0.00449999981 0.00141562708
v 0.00485827401 0.00449999981 0.00146402046
v 0.00493621454 0.00449999981 0.001512371
v 0.00501415506 0.00449999981 0.0015605446
v 0.00509209558 0.00449999981 0.00160840712
v 0.00517003611 0.00449999981 0.00165582635
v 0.00524797663 0.00449999981 0.00170266628
v 0.00532591715 0.00449999981 0.00174879655
v 0.00540385768 0.00449999981 0.00179408491
v 0.0054817982 0.00449999981 0.00183839351
v 0.00555973873 0.00449999981 0.0018815957
v 0.00563767925 0.00449999981 0.00192446634
v 0.00571561977 0.00449999981 0.00196763873
v 0.0057935603 0.00449999981 0.00201112963
v 0.00587150082 0.00449999981 0.00205495581
v 0.00594944134 0.00449999981 0.00209913962
v 0.00602738187 0.00449999981 0.00214369409
v 0.00610531494 0.00449999981 0.00218864344
v 0.00618325546 0.00449999981 0.00223400258
v 0.00626119599 0.00449999981 0.00227979012
v 0.00633913651 0.00449999981 0.00232602656
v 0.00641707703 0.00449999981 0.00237273052
v 0.00649501756 0.00449999981 0.00241991691
v 0.00657295808 0.00449999981 0.00246760994
v 0.00665089861 0.00449999981 0.00251582079
v 0.00672883913 0.00449999981 0.00256457552
v 0.00680677965 0.00449999981 0.00261388719
v 0.00688472018 0.00449999981 0.00266377628
v 0.0069626607 0.00449999981 0.00271426141
v 0.00704060122 0.00449999981 0.00276535936
v 0.00711854175 0.00449999981 0.00281709246
v 0.00719648227 0.00449999981 0.00286947377
v 0.00727442279 0.00449999981 0.00292252749
v 0.00735236332 0.00449999981 0.00297626667
v 0.00743030384 0.00449999981 0.0030307211
v 0.00750824437 0.00449999981 0.0030850973
v 0.00758618489 0.00449999981 0.00313890167
v 0.00766412541 0.00449999981 0.00319218822
v 0.00774206594 0.00449999981 0.00324500911
v 0.00782000646 0.00449999981 0.00329740904
v 0.00789794698 0.00449999981 0.00334943645
v 0.00797588751 0.00449999981 0.00340114348
v 0.00805382803 0.00449999981 0.00345257856
v 0.00813176855 0.00449999981 0.00350379013
v 0.00820970163 0.00449999981 0.0035548266
v 0.00828764215 0.00449999981 0.00360573269
v 0.00836558267 0.00449999981 0.00365656801
v 0.0084435232 0.00449999981 0.00370737724
v 0.00852146372 0.00449999981 0.00375820883
v 0.00859940425 0.00449999981 0.00380910747
v 0.00867734477 0.00449999981 0.00386012904
v 0.00875528529 0.00449999981 0.00391132198
v 0.00883322582 0.00449999981 0.00396273099
v 0.00891116634 0.00449999981 0.00401440822
v 0.00898910686 0.00449999981 0.00406640582
v 0.00906704739 0.00449999981 0.00411876477
v 0.00914498791 0.00449999981 0.00417154096
v 0.00922292843 0.00449999981 0.00422478281
v 0.00930086896 0.00449999981 0.00427853502
v 0.00937880948 0.00449999981 0.00433262251
v 0.00945675001 0.00449999981 0.00438708626
v 0.00953469053 0.00449999981 0.00444191135
v 0.00961263105 0.00449999981 0.0044970829
v 0.00969057158 0.00449999981 0.00455258228
v 0.0097685121 0.00449999981 0.00460839458
v 0.00984645262 0.00449999981 0.00466450863
v 0.00992439315 0.00449999981 0.00472090952
v 0.0100023337 0.00449999981 0.00477757864
v 0.0100802742 0.00449999981 0.0048345048
v 0.0101582147 0.00449999981 0.0048916731
v 0.0102361552 0.00449999981 0.00494906493
v 0.0103140958 0.00449999981 0.00500666536
v 0.0103920288 0.00449999981 0.00506446697
v 0.0104699694 0.00449999981 0.00512245111
v 0.0105479099 0.00449999981 0.00518059544
v 0.0106258504 0.00449999981 0.00523889624
v 0.0107037909 0.00449999981 0.00529733114
v 0.0107817315 0.00449999981 0.00535588898
v 0.010859672 0.00449999981 0.00541455485
v 0.0109376125 0.00449999981 0.00547331013
v 0.011015553 0.00449999981 0.00553214364
v 0.0110934936 0.00449999981 0.00559103675
v 0.0111714341 0.00449999981 0.00564998575
v 0.0112493746 0.00449999981 0.00570917316
v 0.0113273151 0.00449999981 0.0057690423
v 0.0114052556 0.00449999981 0.00582954846
v 0.0114831962 0.00449999981 0.00589064695
v 0.0115611367 0.00449999981 0.00595229678
v 0.0116390772 0.00449999981 0.0060144458
v 0.0117170177 0.00449999981 0.00607705675
v 0.0117949583 0.00449999981 0.00614008494
v 0.0118728988 0.00449999981 0.00620348193
v 0.0119508393 0.00449999981 0.00626721047
v 0.0120287798 0.00449999981 0.00633121841
v 0.0121067204 0.00449999981 0.00639546476
v 0.0121846609 0.00449999981 0.00645990856
v 0.0122626014 0.00449999981 0.00652450137
v 0.0123405419 0.00449999981 0.00658920221
v 0.0124184825 0.00449999981 0.00665396266
v 0.0124964155 0.00449999981 0.00671874173
v 0.012574356 0.00449999981 0.00678349473
v 0.0126522966 0.00449999981 0.00684818067
v 0.0127302371 0.00449999981 0.0069127474
v 0.0128081776 0.00449999981 0.00697715767
v 0.0128861181 0.00449999981 0.00704136677
v 0.0129640587 0.00449999981 0.00710532628
v 0.0130419992 0.00449999981 0.00716898777
v 0.0131199397 0.00449999981 0.00723279454
v 0.0131978802 0.00449999981 0.00729743205
v 0.0132758208 0.00449999981 0.0073628556
v 0.0133537613 0.00449999981 0.00742901675
v 0.0134317018 0.00449999981 0.00749587081
v 0.0135096423 0.00449999981 0.00756337307
v 0.0135875829 0.00449999981 0.00763147511
v 0.0136655234 0.00449999981 0.00770013221
v 0.0137434639 0.00449999981 0.00776929967
v 0.0138214044 0.00449999981 0.00783892535
v 0.013899345 0.00449999981 0.00790897198
v 0.0139772855 0.00449999981 0.00797938742
v 0.014055226 0.00449999981 0.00805012695
v 0.0141331665 0.00449999981 0.00812114589
v 0.014211107 0.00449999981 0.00819239952
v 0.0142890476 0.00449999981 0.00826383568
v 0.0143669881 0.00449999981 0.00833541714
v 0.0144449286 0.00449999981 0.008407088
v 0.0145228691 0.00449999981 0.00847881474
v 0.0146008022 0.00449999981 0.00855054148
v 0.0146787427 0.00449999981 0.00862222351
v 0.0147566833 0.00449999981 0.00869381242
v 0.0148346238 0.00449999981 0.00876527093
v 0.0149125643 0.00449999981 0.00883655436
v 0.0149905048 0.00449999981 0.00890793093
v 0.0150684454 0.00449999981 0.00897996686
v 0.0151463859 0.00449999981 0.00905263983
v 0.0152243264 0.00449999981 0.00912592746
v 0.0153022669 0.00449999981 0.00919980742
v 0.0153802074 0.00449999981 0.00927425735
v 0.015458148 0.00449999981 0.00934925489
v 0.0155360885 0.00449999981 0.00942477398
v 0.015614029 0.00449999981 0.00950079225
v 0.0156919695 0.00449999981 0.00957729481
v 0.0157699101 0.00449999981 0.00965424813
v 0.0158478506 0.00449999981 0.00973163731
v 0.0159257911 0.00449999981 0.00980943628
v 0.0160037316 0.00449999981 0.00988762639
v 0.0160816722 0.00449999981 0.00996618532
v 0.0161596127 0.00449999981 0.010045087
v 0.0162375532 0.00449999981 0.010124309
v 0.0163154937 0.00449999981 0.010203829
v 0.0163934343 0.00449999981 0.010283621
v 0.0164713748 0.00449999981 0.0103636738
v 0.0165493153 0.00449999981 0.0104439538
v 0.0166272558 0.00449999981 0.0105244424
v 0.0167051964 0.00449999981 0.0106051136
v 0.0167831294 0.00449999981 0.0106859524
v 0.0168610699 0.00449999981 0.0107671004
v 0.0169390105 0.00449999981 0.0108487066
v 0.017016951 0.00449999981 0.0109307636
v 0.0170948915 0.00449999981 0.0110132638
v 0.017172832 0.00449999981 0.0110961813
v 0.0172507726 0.00449999981 0.0111795124
v 0.0173287131 0.00449999981 0.011263242
v 0.0174066536 0.00449999981 0.0113473553
v 0.0174845941 0.00449999981 0.0114318412
v 0.0175625347 0.00449999981 0.0115166847
v 0.0176404752 0.00449999981 0.0116018709
v 0.0177184157 0.00449999981 0.0116873961
v 0.0177963562 0.00449999981 0.0117732342
v 0.0178742968 0.00449999981 0.0118593816
v 0.0179522373 0.00449999981 0.0119458195
v 0.0180301778 0.00449999981 0.0120325405
v 0.0181081183 0.00449999981 0.0121195298
v 0.0181860588 0.00449999981 0.0122067686
v 0.0182639994 0.00449999981 0.0122942496
v 0.0183419399 0.00449999981 0.0123819616
v 0.0184198804 0.00449999981 0.0124698821
v 0.0184978209 0.00449999981 0.0125580113
v 0.0185757615 0.00449999981 0.0126463231
v 0.018653702 0.00449999981 0.0127348173
v 0.0187316425 0.00449999981 0.0128255431
v 0.018809583 0.00449999981 0.0129202325
v 0.0188875161 0.00449999981 0.0130183678
v 0.0189654566 0.00449999981 0.0131194275
v 0.0190433972 0.00449999981 0.01322289
v 0.0191213377 0.00449999981 0.0133282449
v 0.0191992782 0.00449999981 0.013434967
v 0.0192772187 0.00449999981 0.0135425385
v 0.0193551593 0.00449999981 0.0136504415
v 0.0194330998 0.00449999981 0.0137581583
v 0.0195110403 0.00449999981 0.013865171
v 0.0195889808 0.00449999981 0.0139709581
v 0.0196669213 0.00449999981 0.0140750017
v 0.0197448619 0.00449999981 0.0141767878
v 0.0198228024 0.00449999981 0.0142757911
v 0.0199007429 0.00449999981 0.0143714976
v 0.0199786834 0.00449999981 0.0144633856
v 0.020056624 0.00449999981 0.0145509411
v 0.0201345645 0.00449999981 0.0146336388
v 0.020212505 0.00449999981 0.0147109646
v 0.0202904455 0.00449999981 0.0147824008
v 0.0203683861 0.00449999981 0.0148474295
v 0.0204463266 0.00449999981 0.0149055254
v 0.0205242671 0.00449999981 0.0149561707
v 0.0205329619 0.00449999981 0.0149612967
v 0.0205416493 0.00449999981 0.0149662849
v 0.0205503292 0.00449999981 0.0149711352
v 0.0205589943 0.00449999981 0.0149758551
v 0.0205676593 0.00449999981 0.0149804447
v 0.0205763169 0.00449999981 0.0149849039
v 0.0205849744 0.00449999981 0.0149892401
v 0.0205936171 0.00449999981 0.0149934571
v 0.0206022598 0.00449999981 0.0149975549
v 0.0206109025 0.00449999981 0.0150015336
v 0.0206195451 0.00449999981 0.0150054004
v 0.0206281804 0.00449999981 0.0150091555
v 0.0206368156 0.00449999981 0.0150128026
v 0.0206454583 0.00449999981 0.0150163453
v 0.0206541009 0.00449999981 0.0150197875
v 0.0206627436 0.00449999981 0.0150231253
v 0.0206713863 0.00449999981 0.0150263663
v 0.0206800438 0.00449999981 0.0150295142
v 0.0206887014 0.00449999981 0.0150325689
v 0.0206973664 0.00449999981 0.015035538
v 0.0207060315 0.00449999981 0.0150384177
v 0.0207147114 0.00449999981 0.0150412116
v 0.0207233988 0.00449999981 0.0150439274
v 0.0207321085 0.00449999981 0.0150465611
v 0.0208013467 0.00449999981 0.0150650498
v 0.0208706073 0.00449999981 0.0150804091
v 0.0209398605 0.00449999981 0.0150928814
v 0.021009136 0.00449999981 0.015102705
v 0.0210784115 0.00449999981 0.0151101146
v 0.0211476944 0.00449999981 0.0151153486
v 0.0212169848 0.00449999981 0.0151186492
v 0.0212862752 0.00449999981 0.0151202548
v 0.0213555731 0.00449999981 0.0151204038
v 0.0214248709 0.00449999981 0.0151193347
v 0.0214941688 0.00449999981 0.015117282
v 0.0215634741 0.00449999981 0.0151144881
v 0.0216327794 0.00449999981 0.0151111949
v 0.0217020772 0.00449999981 0.0151076335
v 0.0217713751 0.00449999981 0.0151040461
v 0.0218406729 0.00449999981 0.0151006747
v 0.0219099633 0.00449999981 0.0150977504
v 0.0219792537 0.00449999981 0.0150955152
v 0.0220485367 0.00449999981 0.0150942113
v 0.0221178122 0.00449999981 0.0150940698
v 0.0221870802 0.00449999981 0.0150953364
v 0.0222563408 0.00449999981 0.0150982495
v 0.0223256014 0.00449999981 0.0151030403
v 0.0223948322 0.00449999981 0.015109947
v 0.0224727727 0.00449999981 0.0151177216
v 0.0225507133 0.00449999981 0.0151232723
v 0.0226286538 0.00449999981 0.0151268188
v 0.0227065943 0.00449999981 0.0151285809
v 0.0227845348 0.00449999981 0.0151287857
v 0.0228624754 0.00449999981 0.0151276533
v 0.0229404159 0.00449999981 0.0151254032
v 0.0230183564 0.00449999981 0.0151222553
v 0.0230962969 0.00449999981 0.0151184332
v 0.02317423 0.00449999981 0.0151141603
v 0.0232521705 0.00449999981 0.0151096527
v 0.0233301111 0.00449999981 0.0151051376
v 0.0234080516 0.00449999981 0.0151008312
v 0.0234859921 0.00449999981 0.0150969569
v 0.0235639326 0.00449999981 0.0150937419
v 0.0236418732 0.00449999981 0.0150913987
v 0.0237198137 0.00449999981 0.0150901508
v 0.0237977542 0.00449999981 0.0150902215
v 0.0238756947 0.00449999981 0.0150918309
v 0.0239536352 0.00449999981 0.0150952023
v 0.0240315758 0.00449999981 0.0151005555
v 0.0241095163 0.00449999981 0.0151081141
v 0.0241874568 0.00449999981 0.0151180979
v 0.0242653973 0.00449999981 0.0151307192
v 0.0242696889 0.00449999981 0.015131386
v 0.0242739879 0.00449999981 0.0151320826
v 0.0242783017 0.00449999981 0.0151328091
v 0.0242826231 0.00449999981 0.0151335653
v 0.0242869444 0.00449999981 0.0151343439
v 0.0242912807 0.00449999981 0.0151351523
v 0.0242956169 0.00449999981 0.015135983
v 0.0242999606 0.00449999981 0.0151368398
v 0.0243043043 0.00449999981 0.0151377153
v 0.0243086554 0.00449999981 0.0151386131
v 0.0243130066 0.00449999981 0.0151395295
v 0.0243173577 0.00449999981 0.0151404608
v 0.0243217088 0.00449999981 0.0151414108
v 0.02432606 0.00449999981 0.0151423719
v 0.0243304111 0.00449999981 0.0151433479
v 0.0243347548 0.00449999981 0.0151443388
v 0.0243390985 0.00449999981 0.0151453409
v 0.0243434347 0.00449999981 0.0151463505
v 0.024347771 0.00449999981 0.0151473675
v 0.0243520923 0.00449999981 0.0151483957
v 0.0243564136 0.00449999981 0.0151494276
v 0.0243607275 0.00449999981 0.0151504595
v 0.0243650265 0.00449999981 0.0151514988
v 0.024369318 0.00449999981 0.0151525382
v 0.024369318 0.00449999981 0.0150841456
v 0.024369318 0.00449999981 0.0148867834
v 0.024369318 0.00449999981 0.0145721715
v 0.024369318 0.00449999981 0.014152037
v 0.024369318 0.00449999981 0.0136381071
v 0.024369318 0.00449999981 0.0130421054
v 0.024369318 0.00449999981 0.0123757552
v 0.024369318 0.00449999981 0.0116507802
v 0.024369318 0.00449999981 0.0108789112
v 0.024369318 0.00449999981 0.0100718644
v 0.024369318 0.00449999981 0.00924136676
v 0.024369318 0.00449999981 0.00839914568
v 0.024369318 0.00449999981 0.0075569246
v 0.024369318 0.00449999981 0.00672643073
v 0.024369318 0.00449999981 0.00591938384
v 0.024369318 0.00449999981 0.00514751486
v 0.024369318 0.00449999981 0.00442253985
v 0.024369318 0.00449999981 0.00375618972
v 0.024369318 0.00449999981 0.00316018797
v 0.024369318 0.00449999981 0.00264625624
v 0.024369318 0.00449999981 0.00222612359
v 0.024369318 0.00449999981 0.00191151164
v 0.024369318 0.00449999981 0.00171414763
v 0.024369318 0.00449999981 0.00164574943
v 0.0243650265 0.00449999981 0.00164471008
v 0.0243607275 0.00449999981 0.00164367259
v 0.0243564136 0.00449999981 0.00164263882
v 0.0243520923 0.00449999981 0.00164160691
v 0.024347771 0.00449999981 0.00164058059
v 0.0243434347 0.00449999981 0.00163956359
v 0.0243390985 0.00449999981 0.00163855404
v 0.0243347548 0.00449999981 0.00163755193
v 0.0243304111 0.00449999981 0.00163656101
v 0.02432606 0.00449999981 0.00163558498
v 0.0243217088 0.00449999981 0.00163462013
v 0.0243173577 0.00449999981 0.00163367018
v 0.0243130066 0.00449999981 0.001632737
v 0.0243086554 0.00449999981 0.00163182057
v 0.0243043043 0.00449999981 0.00163092464
v 0.0242999606 0.00449999981 0.00163004547
v 0.0242956169 0.00449999981 0.00162919052
v 0.0242912807 0.00449999981 0.00162835978
v 0.0242869444 0.00449999981 0.00162755325
v 0.0242826231 0.00449999981 0.00162677094
v 0.0242783017 0.00449999981 0.00162601657
v 0.0242739879 0.00449999981 0.00162528828
v 0.0242696889 0.00449999981 0.00162459165
v 0.0242653973 0.00449999981 0.00162392296
v 0.0241874568 0.00449999981 0.00161129422
v 0.0241095163 0.00449999981 0.00160131231
v 0.0240315758 0.00449999981 0.0015937537
v 0.0239536352 0.00449999981 0.00158840045
v 0.0238756947 0.00449999981 0.00158502907
v 0.0237977542 0.00449999981 0.00158341974
v 0.0237198137 0.00449999981 0.0015833471
v 0.0236418732 0.00449999981 0.00158459693
v 0.0235639326 0.00449999981 0.001586942
v 0.0234859921 0.00449999981 0.00159016252
v 0.0234080516 0.00449999981 0.00159403682
v 0.0233301111 0.00449999981 0.00159834325
v 0.0232521705 0.00449999981 0.00160286203
v 0.02317423 0.00449999981 0.00160736963
v 0.0230962969 0.00449999981 0.00161164254
v 0.0230183564 0.00449999981 0.00161546469
v 0.0229404159 0.00449999981 0.00161861256
v 0.0228624754 0.00449999981 0.00162086077
v 0.0227845348 0.00449999981 0.00162199512
v 0.0227065943 0.00449999981 0.00162178837
v 0.0226286538 0.00449999981 0.00162002258
v 0.0225507133 0.00449999981 0.00161647424
v 0.0224727727 0.00449999981 0.00161092542
v 0.0223948322 0.00449999981 0.00160315074
v 0.0223255865 0.00449999981 0.00159623846
v 0.0222563334 0.00449999981 0.0015914496
v 0.0221870728 0.00449999981 0.00158854201
v 0.0221178047 0.00449999981 0.00158727728
v 0.0220485218 0.00449999981 0.00158741698
v 0.0219792463 0.00449999981 0.00158872269
v 0.0219099559 0.00449999981 0.001590956
v 0.0218406655 0.00449999981 0.00159388036
v 0.0217713602 0.00449999981 0.00159725361
v 0.0217020623 0.00449999981 0.00160084292
v 0.0216327645 0.00449999981 0.0016044043
v 0.0215634592 0.00449999981 0.00160769932
v 0.0214941613 0.00449999981 0.00161049142
v 0.0214248635 0.00449999981 0.00161254406
v 0.0213555582 0.00449999981 0.00161361322
v 0.0212862603 0.00449999981 0.00161346421
v 0.0212169699 0.00449999981 0.00161186047
v 0.0211476795 0.00449999981 0.001608558
v 0.021078404 0.00449999981 0.00160332024
v 0.0210091211 0.00449999981 0.00159591064
v 0.020939853 0.00449999981 0.00158608891
v 0.0208705924 0.00449999981 0.00157361664
v 0.0208013393 0.00449999981 0.00155825727
v 0.0207321085 0.00449999981 0.00153976679
v 0.0207234062 0.00449999981 0.00153713301
v 0.0207147263 0.00449999981 0.00153441913
v 0.0207060464 0.00449999981 0.0015316233
v 0.0206973739 0.00449999981 0.00152874552
v 0.0206887089 0.00449999981 0.00152578019
v 0.0206800513 0.00449999981 0.00152272731
v 0.0206714012 0.00449999981 0.00151957944
v 0.020662751 0.00449999981 0.00151633658
v 0.0206541084 0.00449999981 0.00151299872
v 0.0206454657 0.00449999981 0.00150955841
v 0.0206368305 0.00449999981 0.00150601752
v 0.0206281878 0.00449999981 0.0015023686
v 0.0206195526 0.00449999981 0.00149861164
v 0.0206109099 0.00449999981 0.00149474666
v 0.0206022747 0.00449999981 0.00149076618
v 0.020593632 0.00449999981 0.00148667023
v 0.0205849819 0.00449999981 0.0014824532
v 0.0205763318 0.00449999981 0.00147811696
v 0.0205676742 0.00449999981 0.0014736522
v 0.0205590092 0.00449999981 0.00146906264
v 0.0205503367 0.00449999981 0.00146434456
v 0.0205416568 0.00449999981 0.00145949051
v 0.0205329694 0.00449999981 0.00145450421
v 0.0205242671 0.00449999981 0.00144937634
v 0.0204463266 0.00449999981 0.0013987273
v 0.0203683861 0.00449999981 0.00134062953
v 0.0202904455 0.00449999981 0.00127560645
v 0.020212505 0.00449999981 0.00120417029
v 0.0201345645 0.00449999981 0.00112684444
v 0.020056624 0.00449999981 0.00104414485
v 0.0199786834 0.00449999981 0.000956591219
v 0.0199007429 0.00449999981 0.000864703208
v 0.0198228024 0.00449999981 0.000768996775
v 0.0197448619 0.00449999981 0.00066999346
v 0.0196669213 0.00449999981 0.000568209216
v 0.0195889808 0.00449999981 0.000464165583
v 0.0195110403 0.00449999981 0.000358380377
v 0.0194330998 0.00449999981 0.000251367688
v 0.0193551593 0.00449999981 0.000143650919
v 0.0192772187 0.00449999981 3.57478857e-05
v 0.0191992782 0.00449999981 -7.18254596e-05
v 0.0191213377 0.00449999981 -0.000178545713
v 0.0190433972 0.00449999981 -0.000283898786
v 0.0189654566 0.00449999981 -0.000387361273
v 0.0188875161 0.00449999981 -0.000488417223
v 0.018809583 0.00449999981 -0.00058654882
v 0.0187316425 0.00449999981 -0.000681238249
v 0.018653702 0.00449999981 -0.000771962106
v 0.0185757615 0.00449999981 -0.000860452652
v 0.0184978209 0.00449999981 -0.000948769972
v 0.0184198804 0.00449999981 -0.00103689544
v 0.0183419399 0.00449999981 -0.00112481974
v 0.0182639994 0.00449999981 -0.00121252798
v 0.0181860588 0.00449999981 -0.00130001083
v 0.0181081183 0.00449999981 -0.00138725154
v 0.0180301778 0.00449999981 -0.00147423893
v 0.0179522373 0.00449999981 -0.00156096183
v 0.0178742968 0.00449999981 -0.00164739974
v 0.0177963562 0.00449999981 -0.00173354894
v 0.0177184157 0.00449999981 -0.0018193908
v 0.0176404752 0.00449999981 -0.00190491229
v 0.0175625347 0.00449999981 -0.00199010409
v 0.0174845941 0.00449999981 -0.00207494944
v 0.0174066536 0.00449999981 -0.0021594353
v 0.0173287131 0.00449999981 -0.00224355049
v 0.0172507726 0.00449999981 -0.00232728012
v 0.017172832 0.00449999981 -0.00241061486
v 0.0170948915 0.00449999981 -0.0024935361
v 0.017016951 0.00449999981 -0.00257603265
v 0.0169390105 0.00449999981 -0.00265809335
v 0.0168610699 0.00449999981 -0.00273970515
v 0.0167831294 0.00449999981 -0.00282084942
v 0.0167051964 0.00449999981 -0.00290168636
v 0.0166272558 0.00449999981 -0.00298235938
v 0.0165493153 0.00449999981 -0.00306284614
v 0.0164713748 0.00449999981 -0.00314312428
v 0.0163934343 0.00449999981 -0.00322317146
v 0.0163154937 0.00449999981 -0.00330296531
v 0.0162375532 0.00449999981 -0.0033824835
v 0.0161596127 0.00449999981 -0.00346170366
v 0.0160816722 0.00449999981 -0.00354060531
v 0.0160037316 0.00449999981 -0.0036191605
v 0.0159257911 0.00449999981 -0.00369734876
v 0.0158478506 0.00449999981 -0.00377514958
v 0.0157699101 0.00449999981 -0.00385253876
v 0.0156919695 0.00449999981 -0.00392949395
v 0.015614029 0.00449999981 -0.00400599465
v 0.0155360885 0.00449999981 -0.00408201478
v 0.015458148 0.00449999981 -0.00415753387
v 0.0153802074 0.00449999981 -0.00423253141
v 0.0153022669 0.00449999981 -0.00430697948
v 0.0152243264 0.00449999981 -0.00438085943
v 0.0151463859 0.00449999981 -0.00445414707
v 0.0150684454 0.00449999981 -0.00452682003
v 0.0149905048 0.00449999981 -0.00459885597
v 0.0149125643 0.00449999981 -0.00467023626
v 0.0148346238 0.00449999981 -0.00474151224
v 0.0147566833 0.00449999981 -0.00481297076
v 0.0146787427 0.00449999981 -0.00488456339
v 0.0146008022 0.00449999981 -0.00495624542
v 0.0145228691 0.00449999981 -0.00502797216
v 0.0144449286 0.00449999981 -0.00509969518
v 0.0143669881 0.00449999981 -0.00517136976
v 0.0142890476 0.00449999981 -0.00524294935
v 0.014211107 0.00449999981 -0.00531438738
v 0.0141331665 0.00449999981 -0.00538563915
v 0.014055226 0.00449999981 -0.00545665994
v 0.0139772855 0.00449999981 -0.00552740134
v 0.013899345 0.00449999981 -0.00559781678
v 0.0138214044 0.00449999981 -0.00566786341
v 0.0137434639 0.00449999981 -0.00573749281
v 0.0136655234 0.00449999981 -0.00580665842
v 0.0135875829 0.00449999981 -0.00587531552
v 0.0135096423 0.00449999981 -0.00594341755
v 0.0134317018 0.00449999981 -0.00601091981
v 0.0133537613 0.00449999981 -0.00607777573
v 0.0132758208 0.00449999981 -0.00614393875
v 0.0131978802 0.00449999981 -0.0062093623
v 0.0131199397 0.00449999981 -0.00627399981
v 0.0130419992 0.00449999981 -0.00633780099
v 0.0129640587 0.00449999981 -0.00640146993
v 0.0128861181 0.00449999981 -0.00646542944
v 0.0128081776 0.00449999981 -0.00652963668
v 0.0127302371 0.00449999981 -0.00659404695
v 0.0126522966 0.00449999981 -0.00665861554
v 0.012574356 0.00449999981 -0.00672329776
v 0.0124964155 0.00449999981 -0.00678805262
v 0.0124184825 0.00449999981 -0.00685283169
v 0.0123405419 0.00449999981 -0.006917594
v 0.0122626014 0.00449999981 -0.00698229298
v 0.0121846609 0.00449999981 -0.00704688393
v 0.0121067204 0.00449999981 -0.00711132772
v 0.0120287798 0.00449999981 -0.00717557594
v 0.0119508393 0.00449999981 -0.00723958388
v 0.0118728988 0.00449999981 -0.0073033087
v 0.0117949583 0.00449999981 -0.00736670569
v 0.0117170177 0.00449999981 -0.00742973387
v 0.0116390772 0.00449999981 -0.00749234483
v 0.0115611367 0.00449999981 -0.00755449571
v 0.0114831962 0.00449999981 -0.00761614181
v 0.0114052556 0.00449999981 -0.0076772403
v 0.0113273151 0.00449999981 -0.00773774646
v 0.0112493746 0.00449999981 -0.0077976156
v 0.0111714341 0.00449999981 -0.00785680488
v 0.0110934936 0.00449999981 -0.00791574828
v 0.011015553 0.00449999981 -0.00797464512
v 0.0109376125 0.00449999981 -0.00803347863
v 0.010859672 0.00449999981 -0.00809223577
v 0.0107817315 0.00449999981 -0.00815090165
v 0.0107037909 0.00449999981 -0.00820945948
v 0.0106258504 0.00449999981 -0.00826789439
v 0.0105479099 0.00449999981 -0.00832619332
v 0.0104699694 0.00449999981 -0.00838434137
v 0.0103920288 0.00449999981 -0.00844232179
v 0.0103140958 0.00449999981 -0.00850012153
v 0.0102361552 0.00449999981 -0.0085577257
v 0.0101582147 0.00449999981 -0.00861511752
v 0.0100802742 0.00449999981 -0.00867228396
v 0.0100023337 0.00449999981 -0.00872921012
v 0.00992439315 0.00449999981 -0.0087858811
v 0.00984645262 0.00449999981 -0.008842282
v 0.0097685121 0.00449999981 -0.00889839604
v 0.00969057158 0.00449999981 -0.00895421021
v 0.00961263105 0.00449999981 -0.00900970958
v 0.00953469053 0.00449999981 -0.00906488113
v 0.00945675001 0.00449999981 -0.00911970437
v 0.00937880948 0.00449999981 -0.00917416997
v 0.00930086896 0.00449999981 -0.00922825746
v 0.00922292843 0.00449999981 -0.00928201154
v 0.00914498791 0.00449999981 -0.00933525153
v 0.00906704739 0.00449999981 -0.00938802771
v 0.00898910686 0.00449999981 -0.00944038853
v 0.00891116634 0.00449999981 -0.00949238241
v 0.00883322582 0.00449999981 -0.00954405963
v 0.00875528529 0.00449999981 -0.0095954705
v 0.00867734477 0.00449999981 -0.00964666158
v 0.00859940425 0.00449999981 -0.00969768316
v 0.00852146372 0.00449999981 -0.00974858366
v 0.0084435232 0.00449999981 -0.00979941338
v 0.00836558267 0.00449999981 -0.00985022262
v 0.00828764215 0.00449999981 -0.00990105607
v 0.00820970163 0.00449999981 -0.00995196775
v 0.00813176855 0.00449999981 -0.0100030024
v 0.00805382803 0.00449999981 -0.0100542121
v 0.00797588751 0.00449999981 -0.0101056453
v 0.00789794698 0.00449999981 -0.0101573523
v 0.00782000646 0.00449999981 -0.0102093816
v 0.00774206594 0.00449999981 -0.0102617797
v 0.00766412541 0.00449999981 -0.0103145987
v 0.00758618489 0.00449999981 -0.0103678871
v 0.00750824437 0.00449999981 -0.0104216933
v 0.00743030384 0.00449999981 -0.0104760695
v 0.00735236332 0.00449999981 -0.0105305165
v 0.00727442279 0.00449999981 -0.0105842575
v 0.00719648227 0.00449999981 -0.0106373094
v 0.00711854175 0.00449999981 -0.0106896926
v 0.00704060122 0.00449999981 -0.010741422
v 0.0069626607 0.00449999981 -0.0107925218
v 0.00688472018 0.00449999981 -0.010843005
v 0.00680677965 0.00449999981 -0.0108928941
v 0.00672883913 0.00449999981 -0.0109422058
v 0.00665089861 0.00449999981 -0.0109909587
v 0.00657295808 0.00449999981 -0.0110391714
v 0.00649501756 0.00449999981 -0.0110868625
v 0.00641707703 0.00449999981 -0.0111340508
v 0.00633913651 0.00449999981 -0.0111807548
v 0.00626119599 0.00449999981 -0.0112269931
v 0.00618325546 0.00449999981 -0.0112727806
v 0.00610531494 0.00449999981 -0.0113181416
v 0.00602738187 0.00449999981 -0.0113630909
v 0.00594944134 0.00449999981 -0.0114076473
v 0.00587150082 0.00449999981 -0.0114518292
v 0.0057935603 0.00449999981 -0.0114956573
v 0.00571561977 0.00449999981 -0.0115391482
v 0.00563767925 0.00449999981 -0.0115823206
v 0.00555973873 0.00449999981 -0.0116251949
v 0.0054817982 0.00449999981 -0.0116683934
v 0.00540385768 0.00449999981 -0.011712702
v 0.00532591715 0.00449999981 -0.0117579885
v 0.00524797663 0.00449999981 -0.0118041188
v 0.00517003611 0.00449999981 -0.0118509606
v 0.00509209558 0.00449999981 -0.0118983779
v 0.00501415506 0.00449999981 -0.0119462423
v 0.00493621454 0.00449999981 -0.011994414
v 0.00485827401 0.00449999981 -0.0120427646
v 0.00478033349 0.00449999981 -0.012091158
v 0.00470239297 0.00449999981 -0.0121394619
v 0.00462445244 0.00449999981 -0.0121875405
v 0.00454651192 0.00449999981 -0.0122352634
v 0.00446857139 0.00449999981 -0.0122824963
v 0.00439063087 0.00449999981 -0.0123291034
v 0.00431269035 0.00449999981 -0.0123749543
v 0.00423474982 0.00449999981 -0.012419913
v 0.0041568093 0.00449999981 -0.0124638472
v 0.00407886878 0.00449999981 -0.0125066247
v 0.00400092825 0.00449999981 -0.0125481086
v 0.00392299518 0.00449999981 -0.0125881676
v 0.00384505466 0.00449999981 -0.0126266684
v 0.00376711413 0.00449999981 -0.012663478
v 0.00368917361 0.00449999981 -0.0126984613
v 0.00361123309 0.00449999981 -0.0127325123
v 0.00353329256 0.00449999981 -0.0127663808
v 0.00345535204 0.00449999981 -0.0128001124
v 0.00337741151 0.00449999981 -0.0128337527
v 0.00329947099 0.00449999981 -0.0128673455
v 0.00322153047 0.00449999981 -0.0129009355
v 0.00314358994 0.00449999981 -0.0129345702
v 0.00306564942 0.00449999981 -0.0129682915
v 0.0029877089 0.00449999981 -0.0130021479
v 0.00290976837 0.00449999981 -0.0130361831
v 0.00283182785 0.00449999981 -0.0130704409
v 0.00275388733 0.00449999981 -0.0131049687
v 0.0026759468 0.00449999981 -0.0131398095
v 0.00259800628 0.00449999981 -0.0131750088
v 0.00252006575 0.00449999981 -0.0132106133
v 0.00244212523 0.00449999981 -0.0132466657
v 0.00236418471 0.00449999981 -0.0132832136
v 0.00228624418 0.00449999981 -0.0133202998
v 0.00220830366 0.00449999981 -0.0133579709
v 0.00213036314 0.00449999981 -0.0133962715
v 0.00205242261 0.00449999981 -0.0134352464
v 0.00197448209 0.00449999981 -0.0134749403
v 0.00189654157 0.00449999981 -0.0135153988
v 0.00181860104 0.00449999981 -0.0135566648
v 0.00174066797 0.00449999981 -0.0135978023
v 0.00166272745 0.00449999981 -0.0136376219
v 0.00158478692 0.00449999981 -0.0136761898
v 0.0015068464 0.00449999981 -0.013713575
v 0.00142890587 0.00449999981 -0.0137498425
v 0.00135096535 0.00449999981 -0.0137850605
v 0.00127302483 0.00449999981 -0.0138192968
v 0.0011950843 0.00449999981 -0.0138526186
v 0.00111714378 0.00449999981 -0.013885092
v 0.00103920326 0.00449999981 -0.0139167858
v 0.000961262733 0.00449999981 -0.0139477653
v 0.000883322209 0.00449999981 -0.0139780995
v 0.000805381685 0.00449999981 -0.0140078543
v 0.000727441162 0.00449999981 -0.0140370969
v 0.000649500638 0.00449999981 -0.0140658943
v 0.000571560115 0.00449999981 -0.0140943145
v 0.000493619591 0.00449999981 -0.0141224246
v 0.000415679067 0.00449999981 -0.0141502907
v 0.000337738544 0.00449999981 -0.0141779818
v 0.00025979802 0.00449999981 -0.0142055638
v 0.000181857497 0.00449999981 -0.014233103
v 0.000103916973 0.00449999981 -0.0142606692
v 2.59764493e-05 0.00449999981 -0.0142883286
v -5.19640744e-05 0.00449999981 -0.0143161509
v -0.000129904598 0.00449999981 -0.0143437246
v -0.000207845122 0.00449999981 -0.0143703921
v -0.000285785645 0.00449999981 -0.0143962298
v -0.000363718718 0.00449999981 -0.014421314
v -0.000441659242 0.00449999981 -0.0144457249
v -0.000519599766 0.00449999981 -0.014469537
v -0.000597540289 0.00449999981 -0.0144928303
v -0.000675480813 0.00449999981 -0.0145156812
v -0.000753421336 0.00449999981 -0.014538168
v -0.00083136186 0.00449999981 -0.0145603679
v -0.000909302384 0.00449999981 -0.0145823583
v -0.000987242907 0.00449999981 -0.0146042183
v -0.00106518343 0.00449999981 -0.0146260224
v -0.00114312395 0.00449999981 -0.0146478508
v -0.00122106448 0.00449999981 -0.0146697797
v -0.001299005 0.00449999981 -0.0146918884
v -0.00137694553 0.00449999981 -0.0147142522
v -0.00145488605 0.00449999981 -0.0147369495
v -0.00153282657 0.00449999981 -0.0147600593
v -0.0016107671 0.00449999981 -0.0147836562
v -0.00168870762 0.00449999981 -0.0148078203
v -0.00176664814 0.00449999981 -0.014832628
v -0.00184458867 0.00449999981 -0.0148581564
v -0.00192252919 0.00449999981 -0.0148844859
v -0.00200046971 0.00449999981 -0.0149106514
v -0.00207841024 0.00449999981 -0.014935392
v -0.00215635076 0.00449999981 -0.0149587188
v -0.00223429129 0.00449999981 -0.0149806468
v -0.00231223181 0.00449999981 -0.0150011908
v -0.00239017233 0.00449999981 -0.015020363
v -0.00246810541 0.00449999981 -0.0150381774
v -0.00254604593 0.00449999981 -0.0150546459
v -0.00262398645 0.00449999981 -0.0150697846
v -0.00270192698 0.00449999981 -0.0150836045
v -0.0027798675 0.00449999981 -0.0150961205
v -0.00285780802 0.00449999981 -0.0151073467
v -0.00293574855 0.00449999981 -0.015117296
v -0.00301368907 0.00449999981 -0.0151259815
v -0.00309162959 0.00449999981 -0.0151334172
v -0.00316957012 0.00449999981 -0.0151396161
v -0.00324751064 0.00449999981 -0.0151445931
v -0.00332545117 0.00449999981 -0.0151483594
v -0.00340339169 0.00449999981 -0.0151509298
v -0.00348133221 0.00449999981 -0.0151523184
v -0.00355927274 0.00449999981 -0.0151525382
v -0.00363721326 0.00449999981 -0.0151516022
v -0.00371515378 0.00449999981 -0.0151495254
v -0.00379309431 0.00449999981 -0.015146317
v -0.00387103483 0.00449999981 -0.0151423328
v -0.00394897535 0.00449999981 -0.01513795
v -0.00402691588 0.00449999981 -0.0151332272
v -0.0041048564 0.00449999981 -0.0151282204
v -0.00418279693 0.00449999981 -0.0151229855
v -0.00426073745 0.00449999981 -0.015117581
v -0.00433867797 0.00449999981 -0.0151120629
v -0.0044166185 0.00449999981 -0.015106488
v -0.00449455902 0.00449999981 -0.0151009141
v -0.00457249954 0.00449999981 -0.015095395
v -0.00465043262 0.00449999981 -0.0150899906
v -0.00472837314 0.00449999981 -0.0150847565
v -0.00480631366 0.00449999981 -0.0150797497
v -0.00488425419 0.00449999981 -0.015075027
v -0.00496219471 0.00449999981 -0.0150706461
v -0.00504013896 0.00449999981 -0.0150666619
v -0.00511807948 0.00449999981 -0.0150631331
v -0.00519601628 0.00449999981 -0.0150601147
v -0.00527395681 0.00449999981 -0.0150576653
v -0.00535189733 0.00449999981 -0.0150558408
v -0.00542983785 0.00449999981 -0.0150546981
v -0.00550777838 0.00449999981 -0.0150542939
v -0.0055857189 0.00449999981 -0.0150546841
v -0.00566365942 0.00449999981 -0.0150559274
v -0.00574159995 0.00449999981 -0.0150574688
v -0.00581954047 0.00449999981 -0.0150584234
v -0.00589748099 0.00449999981 -0.0150587335
v -0.00597542152 0.00449999981 -0.0150583414
v -0.00605336204 0.00449999981 -0.0150571903
v -0.00613130257 0.00449999981 -0.0150552224
v -0.00620923936 0.00449999981 -0.01505238
v -0.00628717989 0.00449999981 -0.0150486082
v -0.00636512041 0.00449999981 -0.0150438463
v -0.00644306093 0.00449999981 -0.0150380405
v -0.00652100146 0.00449999981 -0.015031131
v -0.00659894198 0.00449999981 -0.0150230611
v -0.00667688251 0.00449999981 -0.015013773
v -0.00675482303 0.00449999981 -0.0150032109
v -0.00683276355 0.00449999981 -0.0149913169
v -0.00691070408 0.00449999981 -0.0149780335
v -0.0069886446 0.00449999981 -0.0149633028
v -0.00706658512 0.00449999981 -0.0149470689
v -0.00714452565 0.00449999981 -0.0149292741
v -0.00722246617 0.00449999981 -0.0149098597
v -0.00730040297 0.00449999981 -0.0148887699
v -0.00737834349 0.00449999981 -0.0148659479
v -0.00745628402 0.00449999981 -0.014841334
v -0.00753422454 0.00449999981 -0.0148148695
v -0.00761216506 0.00449999981 -0.0147872968
v -0.00769010559 0.00449999981 -0.0147596374
v -0.00776804611 0.00449999981 -0.0147318831
v -0.00784598663 0.00449999981 -0.0147040207
v -0.00792392716 0.00449999981 -0.0146760419
v -0.00800186768 0.00449999981 -0.0146479355
v -0.00807980821 0.00449999981 -0.0146196913
v -0.00815774873 0.00449999981 -0.0145912981
v -0.00823568925 0.00449999981 -0.0145627456
v -0.00831362978 0.00449999981 -0.0145340255
v -0.00839156657 0.00449999981 -0.0145051247
v -0.0084695071 0.00449999981 -0.0144760348
v -0.00854744762 0.00449999981 -0.0144467438
v -0.00862538815 0.00449999981 -0.0144172423
v -0.00870332867 0.00449999981 -0.01438752
v -0.00878126919 0.00449999981 -0.0143575668
v -0.00885920972 0.00449999981 -0.0143273715
v -0.00893715024 0.00449999981 -0.0142969238
v -0.00901509076 0.00449999981 -0.0142662125
v -0.00909303129 0.00449999981 -0.0142352283
v -0.00917097181 0.00449999981 -0.0142039619
v -0.00924891233 0.00449999981 -0.0141724003
v -0.00932685286 0.00449999981 -0.0141405351
v -0.00940478966 0.00449999981 -0.0141083542
v -0.00948273018 0.00449999981 -0.0140757645
v -0.0095606707 0.00449999981 -0.0140424268
v -0.00963861123 0.00449999981 -0.0140083591
v -0.00971655175 0.00449999981 -0.0139735825
v -0.00979449227 0.00449999981 -0.013938114
v -0.0098724328 0.00449999981 -0.0139019741
v -0.00995037332 0.00449999981 -0.0138651822
v -0.0100283138 0.00449999981 -0.0138277579
v -0.0101062544 0.00449999981 -0.0137897208
v -0.0101841949 0.00449999981 -0.0137510896
v -0.0102621354 0.00449999981 -0.0137118828
v -0.0103400759 0.00449999981 -0.0136721218
v -0.0104180165 0.00449999981 -0.0136318253
v -0.0104959533 0.00449999981 -0.0135910111
v -0.0105738938 0.00449999981 -0.0135497013
v -0.0106518343 0.00449999981 -0.0135079138
v -0.0107297748 0.00449999981 -0.0134656681
v -0.0108077154 0.00449999981 -0.0134229828
v -0.0108856559 0.00449999981 -0.0133798784
v -0.0109635964 0.00449999981 -0.0133363735
v -0.0110415369 0.00449999981 -0.0132924886
v -0.0111194775 0.00449999981 -0.0132482415
v -0.011197418 0.00449999981 -0.0132036526
v -0.0112753585 0.00449999981 -0.0131587395
v -0.011353299 0.00449999981 -0.0131140761
v -0.0114312395 0.00449999981 -0.0130699147
v -0.0115091801 0.00449999981 -0.0130261788
v -0.0115871169 0.00449999981 -0.0129827959
v -0.0116650574 0.00449999981 -0.0129396934
v -0.0117429979 0.00449999981 -0.0128967976
v -0.0118209384 0.00449999981 -0.0128540331
v -0.011898879 0.00449999981 -0.0128113274
v -0.0119768195 0.00449999981 -0.0127686085
v -0.01205476 0.00449999981 -0.0127258021
v -0.0121327005 0.00449999981 -0.0126828328
v -0.0122106411 0.00449999981 -0.0126396297
v -0.0122885816 0.00449999981 -0.0125961183
v -0.0123665221 0.00449999981 -0.012552225
v -0.0124444626 0.00449999981 -0.0125078764
v -0.0125224032 0.00449999981 -0.0124629978
v -0.0126003399 0.00449999981 -0.0124175176
v -0.0126782805 0.00449999981 -0.0123713613
v -0.012756221 0.00449999981 -0.0123244561
v -0.0128341615 0.00449999981 -0.0122767277
v -0.012912102 0.00449999981 -0.0122281015
v -0.0129900426 0.00449999981 -0.0121785067
v -0.0130679831 0.00449999981 -0.012127867
v -0.0131459236 0.00449999981 -0.0120761134
v -0.0132238641 0.00449999981 -0.0120237898
v -0.0133018047 0.00449999981 -0.0119717568
v -0.0133797452 0.00449999981 -0.0119200107
v -0.0134576857 0.00449999981 -0.0118685495
v -0.0135356262 0.00449999981 -0.0118173733
v -0.0136135668 0.00449999981 -0.0117664766
v -0.0136915036 0.00449999981 -0.0117158592
v -0.0137694441 0.00449999981 -0.0116655175
v -0.0138473846 0.00449999981 -0.0116154514
v -0.0139253251 0.00449999981 -0.0115656573
v -0.0140032656 0.00449999981 -0.0115161315
v -0.0140812062 0.00449999981 -0.0114668738
v -0.0141591467 0.00449999981 -0.0114178807
v -0.0142370872 0.00449999981 -0.011369152
v -0.0143150277 0.00449999981 -0.0113206841
v -0.0143929683 0.00449999981 -0.0112724733
v -0.0144709088 0.00449999981 -0.0112245213
v -0.0145488493 0.00449999981 -0.0111768208
v -0.0146267898 0.00449999981 -0.0111293737
v -0.0147047304 0.00449999981 -0.0110821743
v -0.0147826672 0.00449999981 -0.0110352244
v -0.0148606077 0.00449999981 -0.0109885167
v -0.0149385482 0.00449999981 -0.010942053
v -0.0150164887 0.00449999981 -0.0108958334
v -0.0150944293 0.00449999981 -0.0108497404
v -0.0151723698 0.00449999981 -0.0108034294
v -0.0152503103 0.00449999981 -0.0107569192
v -0.0153282508 0.00449999981 -0.0107102282
v -0.0154061913 0.00449999981 -0.010663379
v -0.0154841319 0.00449999981 -0.0106163863
v -0.0155620724 0.00449999981 -0.0105692744
v -0.0156400129 0.00449999981 -0.0105220582
v -0.0157179534 0.00449999981 -0.0104747601
v -0.0157958902 0.00449999981 -0.0104274005
v -0.0158738308 0.00449999981 -0.0103799943
v -0.0159517713 0.00449999981 -0.0103325658
v -0.0160297118 0.00449999981 -0.0102851316
v -0.0161076523 0.00449999981 -0.0102377087
v -0.0161855929 0.00449999981 -0.0101903211
v -0.0162635334 0.00449999981 -0.0101429857
v -0.0163414739 0.00449999981 -0.010095723
v -0.0164194144 0.00449999981 -0.0100485515
v -0.016497355 0.00449999981 -0.0100014918
v -0.0165752955 0.00449999981 -0.00995456055
v -0.016653236 0.00449999981 -0.00990778022
v -0.0167311765 0.00449999981 -0.00986116938
v -0.016809117 0.00449999981 -0.00981474668
v -0.0168870538 0.00449999981 -0.00976853259
v -0.0169649944 0.00449999981 -0.00972220488
v -0.0170429349 0.00449999981 -0.00967521779
v -0.0171208754 0.00449999981 -0.00962763093
v -0.0171988159 0.00449999981 -0.00957951322
v -0.0172767565 0.00449999981 -0.00953092612
v -0.017354697 0.00449999981 -0.00948193483
v -0.0174326375 0.00449999981 -0.00943260081
v -0.017510578 0.00449999981 -0.00938299112
v -0.0175885186 0.00449999981 -0.00933316723
v -0.0176664591 0.00449999981 -0.00928319618
v -0.0177443996 0.00449999981 -0.00923313946
v -0.0178223401 0.00449999981 -0.0091830641
v -0.0179002807 0.00449999981 -0.00913302973
v -0.0179782175 0.00449999981 -0.00908310339
v -0.018056158 0.00449999981 -0.00903334655
v -0.0181340985 0.00449999981 -0.00898382813
v -0.018212039 0.00449999981 -0.00893460587
v -0.0182899795 0.00449999981 -0.00888574868
v -0.0183679201 0.00449999981 -0.00883731991
v -0.0184458606 0.00449999981 -0.00878938101
v -0.0185238011 0.00449999981 -0.00874199905
v -0.0186017416 0.00449999981 -0.00869523548
v -0.0186796822 0.00449999981 -0.0086491555
v -0.0187576227 0.00449999981 -0.0086038243
v -0.0188355632 0.00449999981 -0.00855865888
v -0.0189135037 0.00449999981 -0.00851305388
v -0.0189914405 0.00449999981 -0.00846702605
v -0.0190693811 0.00449999981 -0.00842060521
v -0.0191473216 0.00449999981 -0.00837380812
v -0.0192252621 0.00449999981 -0.00832666084
v -0.0193032026 0.00449999981 -0.0082791876
v -0.0193811432 0.00449999981 -0.00823140703
v -0.0194590837 0.00449999981 -0.00818334706
v -0.0195370242 0.00449999981 -0.00813503005
v -0.0196149647 0.00449999981 -0.00808647461
v -0.0196929052 0.00449999981 -0.0080377087
v -0.0197708458 0.00449999981 -0.00798875466
v -0.0198487863 0.00449999981 -0.00793963298
v -0.0199267268 0.00449999981 -0.00789036788
v -0.0200046673 0.00449999981 -0.00784098171
v -0.0200826041 0.00449999981 -0.00779149868
v -0.0201605447 0.00449999981 -0.007741943
v -0.0202384852 0.00449999981 -0.00769233517
v -0.0203164257 0.00449999981 -0.00764269754
v -0.0203943662 0.00449999981 -0.00759305619
v -0.0204723068 0.00449999981 -0.00754343159
v -0.0205502473 0.00449999981 -0.00749384984
v -0.0206281878 0.00449999981 -0.0074443277
v -0.0207061283 0.00449999981 -0.0073947683
v -0.0207840689 0.00449999981 -0.00734509341
v -0.0208620094 0.00449999981 -0.00729536079
v -0.0209399499 0.00449999981 -0.00724562816
v -0.0210178904 0.00449999981 -0.00719595328
v -0.0210958309 0.00449999981 -0.00714639574
v -0.0211737677 0.00449999981 -0.00709700957
v -0.0212517083 0.00449999981 -0.00704785436
v -0.0213296488 0.00449999981 -0.00699898973
v -0.0214075893 0.00449999981 -0.00695046969
v -0.0214855298 0.00449999981 -0.00690235384
v -0.0215634704 0.00449999981 -0.00685469992
v -0.0216414109 0.00449999981 -0.00680756569
v -0.0217193514 0.00449999981 -0.00676100887
v -0.0217972919 0.00449999981 -0.00671508722
v -0.0218752325 0.00449999981 -0.00666985847
v -0.021953173 0.00449999981 -0.0066253785
v -0.0220311135 0.00449999981 -0.00658170879
v -0.022109054 0.00449999981 -0.00653890334
v -0.0221869946 0.00449999981 -0.00649702176
v -0.0222649314 0.00449999981 -0.0064561218
v -0.0223428719 0.00449999981 -0.00641625933
v -0.0224208124 0.00449999981 -0.00637749583
v -0.0224987529 0.00449999981 -0.00633988716
v -0.0225766934 0.00449999981 -0.0063035693
v -0.022654634 0.00449999981 -0.00626894087
v -0.0227325745 0.00449999981 -0.00623605587
v -0.022810515 0.00449999981 -0.00620496832
v -0.0228884555 0.00449999981 -0.00617573224
v -0.0229663961 0.00449999981 -0.00614840537
v -0.0230443366 0.00449999981 -0.00612303801
v -0.0231222771 0.00449999981 -0.00609968789
v -0.0232002176 0.00449999981 -0.00607840717
v -0.0232781544 0.00449999981 -0.00605925359
v -0.023356095 0.00449999981 -0.0060422793
v -0.0234340355 0.00449999981 -0.00602753833
v -0.023511976 0.00449999981 -0.00601508655
v -0.0235899165 0.00449999981 -0.00600497983
v -0.0236678571 0.00449999981 -0.00599727035
v -0.0237457976 0.00449999981 -0.00599201396
v -0.0238237381 0.00449999981 -0.00598926283
v -0.0239016786 0.00449999981 -0.00598907471
v -0.0239796191 0.00449999981 -0.00599150546
v -0.0240575597 0.00449999981 -0.00599660538
v -0.0241355002 0.00449999981 -0.00600443035
v -0.0242134407 0.00449999981 -0.00601503626
v -0.0242913812 0.00449999981 -0.0060284771
v -0.024369318 -0.00449999981 -0.00604480505
v -0.024369318 -0.00449999981 -0.00597641245
v -0.024369318 -0.00449999981 -0.00577904657
v -0.024369318 -0.00449999981 -0.00546443649
v -0.024369318 -0.00449999981 -0.00504430383
v -0.024369318 -0.00449999981 -0.0045303721
v -0.024369318 -0.00449999981 -0.00393436849
v -0.024369318 -0.00449999981 -0.00326802023
v -0.024369318 -0.00449999981 -0.00254304707
v -0.024369318 -0.00449999981 -0.00177117437
v -0.024369318 -0.00449999981 -0.000964129344
v -0.024369318 -0.00449999981 -0.000133633614
v -0.024369318 -0.00449999981 0.000708583742
v -0.024369318 -0.00449999981 0.00155080482
v -0.024369318 -0.00449999981 0.00238130055
v -0.024369318 -0.00449999981 0.00318834744
v -0.024369318 -0.00449999981 0.00396022014
v -0.024369318 -0.00449999981 0.00468519144
v -0.024369318 -0.00449999981 0.00535154156
v -0.024369318 -0.00449999981 0.00594754331
v -0.024369318 -0.00449999981 0.00646147318
v -0.024369318 -0.00449999981 0.0068816077
v -0.024369318 -0.00449999981 0.00719621964
v -0.024369318 -0.00449999981 0.00739358552
v -0.024369318 -0.00449999981 0.0074619744
v -0.0242913812 -0.00449999981 0.00747830607
v -0.0242134407 -0.00449999981 0.00749174692
v -0.0241355002 -0.00449999981 0.00750235282
v -0.0240575597 -0.00449999981 0.00751017965
v -0.0239796191 -0.00449999981 0.00751527958
v -0.0239016786 -0.00449999981 0.00751771219
v -0.0238237381 -0.00449999981 0.00751752593
v -0.0237457976 -0.00449999981 0.00751477666
v -0.0236678571 -0.00449999981 0.00750952028
v -0.0235899165 -0.00449999981 0.00750181265
v -0.023511976 -0.00449999981 0.00749170594
v -0.0234340355 -0.00449999981 0.00747925602
v -0.023356095 -0.00449999981 0.00746451505
v -0.0232781544 -0.00449999981 0.00744754262
v -0.0232002176 -0.00449999981 0.00742838718
v -0.0231222771 -0.00449999981 0.00740710832
v -0.0230443366 -0.00449999981 0.0073837582
v -0.0229663961 -0.00449999981 0.0073583927
v -0.0228884555 -0.00449999981 0.0073310677
v -0.022810515 -0.00449999981 0.00730183162
v -0.0227325745 -0.00449999981 0.00727074407
v -0.022654634 -0.00449999981 0.00723786093
v -0.0225766934 -0.00449999981 0.00720323063
v -0.0224987529 -0.00449999981 0.0071669165
v -0.0224208124 -0.00449999981 0.00712930225
v -0.0223428719 -0.00449999981 0.00709053688
v -0.0222649314 -0.00449999981 0.00705067255
v -0.0221869946 -0.00449999981 0.00700977258
v -0.022109054 -0.00449999981 0.00696788915
v -0.0220311135 -0.00449999981 0.00692508183
v -0.021953173 -0.00449999981 0.00688141026
v -0.0218752325 -0.00449999981 0.00683693402
v -0.0217972919 -0.00449999981 0.00679170154
v -0.0217193514 -0.00449999981 0.00674577989
v -0.0216414109 -0.00449999981 0.00669922493
v -0.0215634704 -0.00449999981 0.00665208884
v -0.0214855298 -0.00449999981 0.00660443492
v -0.0214075893 -0.00449999981 0.0065563228
v -0.0213296488 -0.00449999981 0.00650780462
v -0.0212517083 -0.00449999981 0.00645893626
v -0.0211737677 -0.00449999981 0.00640978478
v -0.0210958309 -0.00449999981 0.00636039861
v -0.0210178904 -0.00449999981 0.00631084107
v -0.0209399499 -0.00449999981 0.00626116805
v -0.0208620094 -0.00449999981 0.00621143542
v -0.0207840689 -0.00449999981 0.0061617028
v -0.0207061283 -0.00449999981 0.00611202605
v -0.0206281878 -0.00449999981 0.00606247224
v -0.0205502473 -0.00449999981 0.00601295196
v -0.0204723068 -0.00449999981 0.00596336834
v -0.0203943662 -0.00449999981 0.00591374375
v -0.0203164257 -0.00449999981 0.00586410053
v -0.0202384852 -0.00449999981 0.00581446476
v -0.0201605447 -0.00449999981 0.00576485507
v -0.0200826041 -0.00449999981 0.00571529754
v -0.0200046673 -0.00449999981 0.0056658145
v -0.0199267268 -0.00449999981 0.00561642833
v -0.0198487863 -0.00449999981 0.00556716137
v -0.0197708458 -0.00449999981 0.00551803969
v -0.0196929052 -0.00449999981 0.00546908192
v -0.0196149647 -0.00449999981 0.00542031415
v -0.0195370242 -0.00449999981 0.00537176244
v -0.0194590837 -0.00449999981 0.0053234417
v -0.0193811432 -0.00449999981 0.00527538545
v -0.0193032026 -0.00449999981 0.00522760488
v -0.0192252621 -0.00449999981 0.00518012978
v -0.0191473216 -0.00449999981 0.00513298623
v -0.0190693811 -0.00449999981 0.00508618914
v -0.0189914405 -0.00449999981 0.00503976457
v -0.0189135037 -0.00449999981 0.00499373861
v -0.0188355632 -0.00449999981 0.00494812988
v -0.0187576227 -0.00449999981 0.00490296446
v -0.0186796822 -0.00449999981 0.00485763513
v -0.0186017416 -0.00449999981 0.00481155701
v -0.0185238011 -0.00449999981 0.00476479344
v -0.0184458606 -0.00449999981 0.00471741147
v -0.0183679201 -0.00449999981 0.00466947444
v -0.0182899795 -0.00449999981 0.00462104566
v -0.018212039 -0.00449999981 0.00457218848
v -0.0181340985 -0.00449999981 0.00452296995
v -0.018056158 -0.00449999981 0.00447344966
v -0.0179782175 -0.00449999981 0.00442369469
v -0.0179002807 -0.00449999981 0.00437376834
v -0.0178223401 -0.00449999981 0.00432373397
v -0.0177443996 -0.00449999981 0.00427365489
v -0.0176664591 -0.00449999981 0.00422359817
v -0.0175885186 -0.00449999981 0.00417362712
v -0.017510578 -0.00449999981 0.00412380509
v -0.0174326375 -0.00449999981 0.0040741954
v -0.017354697 -0.00449999981 0.00402486511
v -0.0172767565 -0.00449999981 0.00397587381
v -0.0171988159 -0.00449999981 0.00392728485
v -0.0171208754 -0.00449999981 0.003879169
v -0.0170429349 -0.00449999981 0.00383158587
v -0.0169649944 -0.00449999981 0.00378459878
v -0.0168870538 -0.00449999981 0.00373826735
v -0.016809117 -0.00449999981 0.0036920514
v -0.0167311765 -0.00449999981 0.00364563055
v -0.016653236 -0.00449999981 0.003599016
v -0.0165752955 -0.00449999981 0.0035522338
v -0.016497355 -0.00449999981 0.00350530259
v -0.0164194144 -0.00449999981 0.00345824473
v -0.0163414739 -0.00449999981 0.00341107138
v -0.0162635334 -0.00449999981 0.00336380489
v -0.0161855929 -0.00449999981 0.00331647135
v -0.0161076523 -0.00449999981 0.00326908194
v -0.0160297118 -0.00449999981 0.00322165899
v -0.0159517713 -0.00449999981 0.00317422487
v -0.0158738308 -0.00449999981 0.00312679075
v -0.0157958902 -0.00449999981 0.00307938643
v -0.0157179534 -0.00449999981 0.00303202495
v -0.0156400129 -0.00449999981 0.00298472494
v -0.0155620724 -0.00449999981 0.00293751061
v -0.0154841319 -0.00449999981 0.00289039873
v -0.0154061913 -0.00449999981 0.00284340605
v -0.0153282508 -0.00449999981 0.0027965568
v -0.0152503103 -0.00449999981 0.00274986774
v -0.0151723698 -0.00449999981 0.00270335749
v -0.0150944293 -0.00449999981 0.00265704654
v -0.0150164887 -0.00449999981 0.00261095725
v -0.0149385482 -0.00449999981 0.00256473385
v -0.0148606077 -0.00449999981 0.0025182683
v -0.0147826672 -0.00449999981 0.00247156247
v -0.0147047304 -0.00449999981 0.00242461078
v -0.0146267898 -0.00449999981 0.00237741321
v -0.0145488493 -0.00449999981 0.00232996605
v -0.0144709088 -0.00449999981 0.00228226744
v -0.0143929683 -0.00449999981 0.00223431177
v -0.0143150277 -0.00449999981 0.00218610279
v -0.0142370872 -0.00449999981 0.0021376349
v -0.0141591467 -0.00449999981 0.00208890624
v -0.0140812062 -0.00449999981 0.00203991495
v -0.0140032656 -0.00449999981 0.0019906573
v -0.0139253251 -0.00449999981 0.00194113143
v -0.0138473846 -0.00449999981 0.00189133734
v -0.0137694441 -0.00449999981 0.00184126943
v -0.0136915036 -0.00449999981 0.00179092772
v -0.0136135668 -0.00449999981 0.0017403122
v -0.0135356262 -0.00449999981 0.00168941543
v -0.0134576857 -0.00449999981 0.00163824111
v -0.0133797452 -0.00449999981 0.00158677995
v -0.0133018047 -0.00449999981 0.00153503381
v -0.0132238641 -0.00449999981 0.00148299895
v -0.0131459236 -0.00449999981 0.00143067725
v -0.0130679831 -0.00449999981 0.00137892365
v -0.0129900426 -0.00449999981 0.00132828578
v -0.012912102 -0.00449999981 0.00127868913
v -0.0128341615 -0.00449999981 0.00123006478
v -0.012756221 -0.00449999981 0.00118233636
v -0.0126782805 -0.00449999981 0.00113542937
v -0.0126003399 -0.00449999981 0.00108927302
v -0.0125224032 -0.00449999981 0.00104379281
v -0.0124444626 -0.00449999981 0.000998916104
v -0.0123665221 -0.00449999981 0.000954566523
v -0.0122885816 -0.00449999981 0.000910671428
v -0.0122106411 -0.00449999981 0.0008671619
v -0.0121327005 -0.00449999981 0.000823957846
v -0.01205476 -0.00449999981 0.00078099221
v -0.0119768195 -0.00449999981 0.000738183036
v -0.011898879 -0.00449999981 0.00069546327
v -0.0118209384 -0.00449999981 0.000652758405
v -0.0117429979 -0.00449999981 0.000609993935
v -0.0116650574 -0.00449999981 0.000567099079
v -0.0115871169 -0.00449999981 0.000523997471
v -0.0115091801 -0.00449999981 0.000480614603
v -0.0114312395 -0.00449999981 0.000436879694
v -0.011353299 -0.00449999981 0.000392716378
v -0.0112753585 -0.00449999981 0.00034805201
v -0.011197418 -0.00449999981 0.000303138047
v -0.0111194775 -0.00449999981 0.000258550048
v -0.0110415369 -0.00449999981 0.000214304775
v -0.0109635964 -0.00449999981 0.000170418993
v -0.0108856559 -0.00449999981 0.00012691319
v -0.0108077154 -0.00449999981 8.38078558e-05
v -0.0107297748 -0.00449999981 4.11234796e-05
v -0.0106518343 -0.00449999981 -1.12131238e-06
v -0.0105738938 -0.00449999981 -4.29097563e-05
v -0.0104959533 -0.00449999981 -8.42195004e-05
v -0.0104180165 -0.00449999981 -0.000125033781
v -0.0103400759 -0.00449999981 -0.000165332109
v -0.0102621354 -0.00449999981 -0.000205092132
v -0.0101841949 -0.00449999981 -0.000244297087
v -0.0101062544 -0.00449999981 -0.00028293021
v -0.0100283138 -0.00449999981 -0.000320967287
v -0.00995037332 -0.00449999981 -0.000358393416
v -0.0098724328 -0.00449999981 -0.000395184383
v -0.00979449227 -0.00449999981 -0.000431323424
v -0.00971655175 -0.00449999981 -0.000466793776
v -0.00963861123 -0.00449999981 -0.000501571223
v -0.0095606707 -0.00449999981 -0.000535639003
v -0.00948273018 -0.00449999981 -0.000568976626
v -0.00940478966 -0.00449999981 -0.000601563603
v -0.00932685286 -0.00449999981 -0.000633744523
v -0.00924891233 -0.00449999981 -0.000665608793
v -0.00917097181 -0.00449999981 -0.00069716759
v -0.00909303129 -0.00449999981 -0.000728435814
v -0.00901509076 -0.00449999981 -0.000759419054
v -0.00893715024 -0.00449999981 -0.000790128484
v -0.00885920972 -0.00449999981 -0.000820577145
v -0.00878126919 -0.00449999981 -0.000850774348
v -0.00870332867 -0.00449999981 -0.000880729407
v -0.00862538815 -0.00449999981 -0.000910451636
v -0.00854744762 -0.00449999981 -0.000939954072
v -0.0084695071 -0.00449999981 -0.00096924603
v -0.00839156657 -0.00449999981 -0.000998336822
v -0.00831362978 -0.00449999981 -0.00102723949
v -0.00823568925 -0.00449999981 -0.00105595961
v -0.00815774873 -0.00449999981 -0.00108451024
v -0.00807980821 -0.00449999981 -0.0011129044
v -0.00800186768 -0.00449999981 -0.00114114769
v -0.00792392716 -0.00449999981 -0.001169255
v -0.00784598663 -0.00449999981 -0.0011972338
v -0.00776804611 -0.00449999981 -0.0012250971
v -0.00769010559 -0.00449999981 -0.00125285238
v -0.00761216506 -0.00449999981 -0.0012805108
v -0.00753422454 -0.00449999981 -0.00130807981
v -0.00745628402 -0.00449999981 -0.00133453868
v -0.00737834349 -0.00449999981 -0.00135915354
v -0.00730040297 -0.00449999981 -0.00138197467
v -0.00722246617 -0.00449999981 -0.00140306354
v -0.00714452565 -0.00449999981 -0.00142247975
v -0.00706658512 -0.00449999981 -0.00144027546
v -0.0069886446 -0.00449999981 -0.00145651028
v -0.00691070408 -0.00449999981 -0.00147124007
v -0.00683276355 -0.00449999981 -0.00148452446
v -0.00675482303 -0.00449999981 -0.00149641931
v -0.00667688251 -0.00449999981 -0.00150698237
v -0.00659894198 -0.00449999981 -0.00151626766
v -0.00652100146 -0.00449999981 -0.0015243385
v -0.00644306093 -0.00449999981 -0.00153125077
v -0.00636512041 -0.00449999981 -0.0015370585
v -0.00628717989 -0.00449999981 -0.00154181942
v -0.00620923936 -0.00449999981 -0.00154559314
v -0.00613130257 -0.00449999981 -0.00154843368
v -0.00605336204 -0.00449999981 -0.00155040249
v -0.00597542152 -0.00449999981 -0.00155155361
v -0.00589748099 -0.00449999981 -0.00155194663
v -0.00581954047 -0.00449999981 -0.00155163556
v -0.00574159995 -0.00449999981 -0.00155068189
v -0.00566365942 -0.00449999981 -0.00154913776
v -0.0055857189 -0.00449999981 -0.00154789351
v -0.00550777838 -0.00449999981 -0.00154750235
v -0.00542983785 -0.00449999981 -0.00154790469
v -0.00535189733 -0.00449999981 -0.00154904835
v -0.00527395681 -0.00449999981 -0.00155087374
v -0.00519601628 -0.00449999981 -0.00155332312
v -0.00511807948 -0.00449999981 -0.00155634061
v -0.00504013896 -0.00449999981 -0.00155986845
v -0.00496219471 -0.00449999981 -0.00156385265
v -0.00488425419 -0.00449999981 -0.00156823359
v -0.00480631366 -0.00449999981 -0.0015729554
v -0.00472837314 -0.00449999981 -0.00157796219
v -0.00465043262 -0.00449999981 -0.00158319622
v -0.00457249954 -0.00449999981 -0.00158860162
v -0.00449455902 -0.00449999981 -0.00159411691
v -0.0044166185 -0.00449999981 -0.00159969181
v -0.00433867797 -0.00449999981 -0.00160526671
v -0.00426073745 -0.00449999981 -0.00161078386
v -0.00418279693 -0.00449999981 -0.00161618926
v -0.0041048564 -0.00449999981 -0.00162142329
v -0.00402691588 -0.00449999981 -0.00162643008
v -0.00394897535 -0.00449999981 -0.00163115375
v -0.00387103483 -0.00449999981 -0.00163553469
v -0.00379309431 -0.00449999981 -0.00163952634
v -0.00371515378 -0.00449999981 -0.00164273381
v -0.00363721326 -0.00449999981 -0.00164481066
v -0.00355927274 -0.00449999981 -0.00164574571
v -0.00348133221 -0.00449999981 -0.00164552592
v -0.00340339169 -0.00449999981 -0.00164413825
v -0.00332545117 -0.00449999981 -0.0016415678
v -0.00324751064 -0.00449999981 -0.00163780153
v -0.00316957012 -0.00449999981 -0.00163282454
v -0.00309162959 -0.00449999981 -0.00162662379
v -0.00301368907 -0.00449999981 -0.00161918998
v -0.00293574855 -0.00449999981 -0.00161050446
v -0.00285780802 -0.00449999981 -0.00160055608
v -0.0027798675 -0.00449999981 -0.00158932991
v -0.00270192698 -0.00449999981 -0.0015768148
v -0.00262398645 -0.00449999981 -0.00156299397
v -0.00254604593 -0.00449999981 -0.00154785626
v -0.00246810541 -0.00449999981 -0.00153138675
v -0.00239017233 -0.00449999981 -0.00151357427
v -0.00231223181 -0.00449999981 -0.00149440393
v -0.00223429129 -0.00449999981 -0.00147386082
v -0.00215635076 -0.00449999981 -0.00145193189
v -0.00207841024 -0.00449999981 -0.00142860599
v -0.00200046971 -0.00449999981 -0.00140386447
v -0.00192252919 -0.00449999981 -0.00137769617
v -0.00184458867 -0.00449999981 -0.00135136768
v -0.00176664814 -0.00449999981 -0.00132583641
v -0.00168870762 -0.00449999981 -0.00130102783
v -0.0016107671 -0.00449999981 -0.00127686374
v -0.00153282657 -0.00449999981 -0.00125326589
v -0.00145488605 -0.00449999981 -0.00123015791
v -0.00137694553 -0.00449999981 -0.00120746158
v -0.001299005 -0.00449999981 -0.0011850968
v -0.00122106448 -0.00449999981 -0.00116299093
v -0.00114312395 -0.00449999981 -0.00114106387
v -0.00106518343 -0.00449999981 -0.00111923367
v -0.000987242907 -0.00449999981 -0.00109742954
v -0.000909302384 -0.00449999981 -0.00107556954
v -0.00083136186 -0.00449999981 -0.00105357915
v -0.000753421336 -0.00449999981 -0.00103137828
v -0.000675480813 -0.00449999981 -0.00100889057
v -0.000597540289 -0.00449999981 -0.000986037776
v -0.000519599766 -0.00449999981 -0.000962743536
v -0.000441659242 -0.00449999981 -0.00093893148
v -0.000363718718 -0.00449999981 -0.000914519653
v -0.000285785645 -0.00449999981 -0.00088943541
v -0.000207845122 -0.00449999981 -0.000863596797
v -0.000129904598 -0.00449999981 -0.000836931169
v -5.19640744e-05 -0.00449999981 -0.000809360296
v 2.59764493e-05 -0.00449999981 -0.00078154169
v 0.000103916973 -0.00449999981 -0.000753883272
v 0.000181857497 -0.00449999981 -0.000726317987
v 0.00025979802 -0.00449999981 -0.000698776916
v 0.000337738544 -0.00449999981 -0.000671193004
v 0.000415679067 -0.00449999981 -0.000643501058
v 0.000493619591 -0.00449999981 -0.000615634024
v 0.000571560115 -0.00449999981 -0.000587524846
v 0.000649500638 -0.00449999981 -0.000559106469
v 0.000727441162 -0.00449999981 -0.000530308113
v 0.000805381685 -0.00449999981 -0.000501066446
v 0.000883322209 -0.00449999981 -0.000471312553
v 0.000961262733 -0.00449999981 -0.000440977514
v 0.00103920326 -0.00449999981 -0.000409999862
v 0.00111714378 -0.00449999981 -0.000378305092
v 0.0011950843 -0.00449999981 -0.000345831737
v 0.00127302483 -0.00449999981 -0.000312509015
v 0.00135096535 -0.00449999981 -0.000278271735
v 0.00142890587 -0.00449999981 -0.00024305284
v 0.0015068464 -0.00449999981 -0.000206783414
v 0.00158478692 -0.00449999981 -0.000169400126
v 0.00166272745 -0.00449999981 -0.000130830333
v 0.00174066797 -0.00449999981 -9.1008842e-05
v 0.00181860104 -0.00449999981 -4.98741865e-05
v 0.00189654157 -0.00449999981 -8.60542059e-06
v 0.00197448209 -0.00449999981 3.18549573e-05
v 0.00205242261 -0.00449999981 7.15479255e-05
v 0.00213036314 -0.00449999981 0.000110523775
v 0.00220830366 -0.00449999981 0.000148825347
v 0.00228624418 -0.00449999981 0.000186495483
v 0.00236418471 -0.00449999981 0.000223580748
v 0.00244212523 -0.00449999981 0.000260127708
v 0.00252006575 -0.00449999981 0.000296181068
v 0.00259800628 -0.00449999981 0.00033178553
v 0.0026759468 -0.00449999981 0.000366985798
v 0.00275388733 -0.00449999981 0.000401826575
v 0.00283182785 -0.00449999981 0.000436352566
v 0.00290976837 -0.00449999981 0.000470610335
v 0.0029877089 -0.00449999981 0.000504644588
v 0.00306564942 -0.00449999981 0.000538501889
v 0.00314358994 -0.00449999981 0.000572223216
v 0.00322153047 -0.00449999981 0.000605857
v 0.00329947099 -0.00449999981 0.000639447942
v 0.00337741151 -0.00449999981 0.000673040748
v 0.00345535204 -0.00449999981 0.000706680119
v 0.00353329256 -0.00449999981 0.00074041076
v 0.00361123309 -0.00449999981 0.000774277374
v 0.00368917361 -0.00449999981 0.000808330253
v 0.00376711413 -0.00449999981 0.000843312591
v 0.00384505466 -0.00449999981 0.000880122185
v 0.00392299518 -0.00449999981 0.00091862306
v 0.00400092825 -0.00449999981 0.000958681107
v 0.00407886878 -0.00449999981 0.0010001678
v 0.0041568093 -0.00449999981 0.00104294345
v 0.00423474982 -0.00449999981 0.0010868758
v 0.00431269035 -0.00449999981 0.00113183446
v 0.00439063087 -0.00449999981 0.00117768534
v 0.00446857139 -0.00449999981 0.00122429244
v 0.00454651192 -0.00449999981 0.00127152354
v 0.00462445244 -0.00449999981 0.0013192445
v 0.00470239297 -0.00449999981 0.0013673231
v 0.00478033349 -0.00449999981 0.00141562708
v 0.00485827401 -0.00449999981 0.00146402046
v 0.00493621454 -0.00449999981 0.001512371
v 0.00501415506 -0.00449999981 0.0015605446
v 0.00509209558 -0.00449999981 0.00160840712
v 0.00517003611 -0.00449999981 0.00165582635
v 0.00524797663 -0.00449999981 0.00170266628
v 0.00532591715 -0.00449999981 0.00174879655
v 0.00540385768 -0.00449999981 0.00179408491
v 0.0054817982 -0.00449999981 0.00183839351
v 0.00555973873 -0.00449999981 0.0018815957
v 0.00563767925 -0.00449999981 0.00192446634
v 0.00571561977 -0.00449999981 0.00196763873
v 0.0057935603 -0.00449999981 0.00201112963
v 0.00587150082 -0.00449999981 0.00205495581
v 0.00594944134 -0.00449999981 0.00209913962
v 0.00602738187 -0.00449999981 0.00214369409
v 0.00610531494 -0.00449999981 0.00218864344
v 0.00618325546 -0.00449999981 0.00223400258
v 0.00626119599 -0.00449999981 0.00227979012
v 0.00633913651 -0.00449999981 0.00232602656
v 0.00641707703 -0.00449999981 0.00237273052
v 0.00649501756 -0.00449999981 0.00241991691
v 0.00657295808 -0.00449999981 0.00246760994
v 0.00665089861 -0.00449999981 0.00251582079
v 0.00672883913 -0.00449999981 0.00256457552
v 0.00680677965 -0.00449999981 0.00261388719
v 0.00688472018 -0.00449999981 0.00266377628
v 0.0069626607 -0.00449999981 0.00271426141
v 0.00704060122 -0.00449999981 0.00276535936
v 0.00711854175 -0.00449999981 0.00281709246
v 0.00719648227 -0.00449999981 0.00286947377
v 0.00727442279 -0.00449999981 0.00292252749
v 0.00735236332 -0.00449999981 0.00297626667
v 0.00743030384 -0.00449999981 0.0030307211
v 0.00750824437 -0.00449999981 0.0030850973
v 0.00758618489 -0.00449999981 0.00313890167
v 0.00766412541 -0.00449999981 0.00319218822
v 0.00774206594 -0.00449999981 0.00324500911
v 0.00782000646 -0.00449999981 0.00329740904
v 0.00789794698 -0.00449999981 0.00334943645
v 0.00797588751 -0.00449999981 0.00340114348
v 0.00805382803 -0.00449999981 0.00345257856
v 0.00813176855 -0.00449999981 0.00350379013
v 0.00820970163 -0.00449999981 0.0035548266
v 0.00828764215 -0.00449999981 0.00360573269
v 0.00836558267 -0.00449999981 0.00365656801
v 0.0084435232 -0.00449999981 0.00370737724
v 0.00852146372 -0.00449999981 0.00375820883
v 0.00859940425 -0.00449999981 0.00380910747
v 0.00867734477 -0.00449999981 0.00386012904
v 0.00875528529 -0.00449999981 0.00391132198
v 0.00883322582 -0.00449999981 0.00396273099
v 0.00891116634 -0.00449999981 0.00401440822
v 0.00898910686 -0.00449999981 0.00406640582
v 0.00906704739 -0.00449999981 0.00411876477
v 0.00914498791 -0.00449999981 0.00417154096
v 0.00922292843 -0.00449999981 0.00422478281
v 0.00930086896 -0.00449999981 0.00427853502
v 0.00937880948 -0.00449999981 0.00433262251
v 0.00945675001 -0.00449999981 0.00438708626
v 0.00953469053 -0.00449999981 0.00444191135
v 0.00961263105 -0.00449999981 0.0044970829
v 0.00969057158 -0.00449999981 0.00455258228
v 0.0097685121 -0.00449999981 0.00460839458
v 0.00984645262 -0.00449999981 0.00466450863
v 0.00992439315 -0.00449999981 0.00472090952
v 0.0100023337 -0.00449999981 0.00477757864
v 0.0100802742 -0.00449999981 0.0048345048
v 0.0101582147 -0.00449999981 0.0048916731
v 0.0102361552 -0.00449999981 0.00494906493
v 0.0103140958 -0.00449999981 0.00500666536
v 0.0103920288 -0.00449999981 0.00506446697
v 0.0104699694 -0.00449999981 0.00512245111
v 0.0105479099 -0.00449999981 0.00518059544
v 0.0106258504 -0.00449999981 0.00523889624
v 0.0107037909 -0.00449999981 0.00529733114
v 0.0107817315 -0.00449999981 0.00535588898
v 0.010859672 -0.00449999981 0.00541455485
v 0.0109376125 -0.00449999981 0.00547331013
v 0.011015553 -0.00449999981 0.00553214364
v 0.0110934936 -0.00449999981 0.00559103675
v 0.0111714341 -0.00449999981 0.00564998575
v 0.0112493746 -0.00449999981 0.00570917316
v 0.0113273151 -0.00449999981 0.0057690423
v 0.0114052556 -0.00449999981 0.00582954846
v 0.0114831962 -0.00449999981 0.00589064695
v 0.0115611367 -0.00449999981 0.00595229678
v 0.0116390772 -0.00449999981 0.0060144458
v 0.0117170177 -0.00449999981 0.00607705675
v 0.0117949583 -0.00449999981 0.00614008494
v 0.0118728988 -0.00449999981 0.00620348193
v 0.0119508393 -0.00449999981 0.00626721047
v 0.0120287798 -0.00449999981 0.00633121841
v 0.0121067204 -0.00449999981 0.00639546476
v 0.0121846609 -0.00449999981 0.00645990856
v 0.0122626014 -0.00449999981 0.00652450137
v 0.0123405419 -0.00449999981 0.00658920221
v 0.0124184825 -0.00449999981 0.00665396266
v 0.0124964155 -0.00449999981 0.00671874173
v 0.012574356 -0.00449999981 0.00678349473
v 0.0126522966 -0.00449999981 0.00684818067
v 0.0127302371 -0.00449999981 0.0069127474
v 0.0128081776 -0.00449999981 0.00697715767
v 0.0128861181 -0.00449999981 0.00704136677
v 0.0129640587 -0.00449999981 0.00710532628
v 0.0130419992 -0.00449999981 0.00716898777
v 0.0131199397 -0.00449999981 0.00723279454
v 0.0131978802 -0.00449999981 0.00729743205
v 0.0132758208 -0.00449999981 0.0073628556
v 0.0133537613 -0.00449999981 0.00742901675
v 0.0134317018 -0.00449999981 0.00749587081
v 0.0135096423 -0.00449999981 0.00756337307
v 0.0135875829 -0.00449999981 0.00763147511
v 0.0136655234 -0.00449999981 0.00770013221
v 0.0137434639 -0.00449999981 0.00776929967
v 0.0138214044 -0.00449999981 0.00783892535
v 0.013899345 -0.00449999981 0.00790897198
v 0.0139772855 -0.00449999981 0.00797938742
v 0.014055226 -0.00449999981 0.00805012695
v 0.0141331665 -0.00449999981 0.00812114589
v 0.014211107 -0.00449999981 0.00819239952
v 0.0142890476 -0.00449999981 0.00826383568
v 0.0143669881 -0.00449999981 0.00833541714
v 0.0144449286 -0.00449999981 0.008407088
v 0.0145228691 -0.00449999981 0.00847881474
v 0.0146008022 -0.00449999981 0.00855054148
v 0.0146787427 -0.00449999981 0.00862222351
v 0.0147566833 -0.00449999981 0.00869381242
v 0.0148346238 -0.00449999981 0.00876527093
v 0.0149125643 -0.00449999981 0.00883655436
v 0.0149905048 -0.00449999981 0.00890793093
v 0.0150684454 -0.00449999981 0.00897996686
v 0.0151463859 -0.00449999981 0.00905263983
v 0.0152243264 -0.00449999981 0.00912592746
v 0.0153022669 -0.00449999981 0.00919980742
v 0.0153802074 -0.00449999981 0.00927425735
v 0.015458148 -0.00449999981 0.00934925489
v 0.0155360885 -0.00449999981 0.00942477398
v 0.015614029 -0.00449999981 0.00950079225
v 0.0156919695 -0.00449999981 0.00957729481
v 0.0157699101 -0.00449999981 0.00965424813
v 0.0158478506 -0.00449999981 0.00973163731
v 0.0159257911 -0.00449999981 0.00980943628
v 0.0160037316 -0.00449999981 0.00988762639
v 0.0160816722 -0.00449999981 0.00996618532
v 0.0161596127 -0.00449999981 0.010045087
v 0.0162375532 -0.00449999981 0.010124309
v 0.0163154937 -0.00449999981 0.010203829
v 0.0163934343 -0.00449999981 0.010283621
v 0.0164713748 -0.00449999981 0.0103636738
v 0.0165493153 -0.00449999981 0.0104439538
v 0.0166272558 -0.00449999981 0.0105244424
v 0.0167051964 -0.00449999981 0.0106051136
v 0.0167831294 -0.00449999981 0.0106859524
v 0.0168610699 -0.00449999981 0.0107671004
v 0.0169390105 -0.00449999981 0.0108487066
v 0.017016951 -0.00449999981 0.0109307636
v 0.0170948915 -0.00449999981 0.0110132638
v 0.017172832 -0.00449999981 0.0110961813
v 0.0172507726 -0.00449999981 0.0111795124
v 0.0173287131 -0.00449999981 0.011263242
v 0.0174066536 -0.00449999981 0.0113473553
v 0.0174845941 -0.00449999981 0.0114318412
v 0.0175625347 -0.00449999981 0.0115166847
v 0.0176404752 -0.00449999981 0.0116018709
v 0.0177184157 -0.00449999981 0.0116873961
v 0.0177963562 -0.00449999981 0.0117732342
v 0.0178742968 -0.00449999981 0.0118593816
v 0.0179522373 -0.00449999981 0.0119458195
v 0.0180301778 -0.00449999981 0.0120325405
v 0.0181081183 -0.00449999981 0.0121195298
v 0.0181860588 -0.00449999981 0.0122067686
v 0.0182639994 -0.00449999981 0.0122942496
v 0.0183419399 -0.00449999981 0.0123819616
v 0.0184198804 -0.00449999981 0.0124698821
v 0.0184978209 -0.00449999981 0.0125580113
v 0.0185757615 -0.00449999981 0.0126463231
v 0.018653702 -0.00449999981 0.0127348173
v 0.0187316425 -0.00449999981 0.0128255431
v 0.018809583 -0.00449999981 0.0129202325
v 0.0188875161 -0.00449999981 0.0130183678
v 0.0189654566 -0.00449999981 0.0131194275
v 0.0190433972 -0.00449999981 0.01322289
v 0.0191213377 -0.00449999981 0.0133282449
v 0.0191992782 -0.00449999981 0.013434967
v 0.0192772187 -0.00449999981 0.0135425385
v 0.0193551593 -0.00449999981 0.0136504415
v 0.0194330998 -0.00449999981 0.0137581583
v 0.0195110403 -0.00449999981 0.013865171
v 0.0195889808 -0.00449999981 0.0139709581
v 0.0196669213 -0.00449999981 0.0140750017
v 0.0197448619 -0.00449999981 0.0141767878
v 0.0198228024 -0.00449999981 0.0142757911
v 0.0199007429 -0.00449999981 0.0143714976
v 0.0199786834 -0.00449999981 0.0144633856
v 0.020056624 -0.00449999981 0.0145509411
v 0.0201345645 -0.00449999981 0.0146336388
v 0.020212505 -0.00449999981 0.0147109646
v 0.0202904455 -0.00449999981 0.0147824008
v 0.0203683861 -0.00449999981 0.0148474295
v 0.0204463266 -0.00449999981 0.0149055254
v 0.0205242671 -0.00449999981 0.0149561707
v 0.0205329619 -0.00449999981 0.0149612967
v 0.0205416493 -0.00449999981 0.0149662849
v 0.0205503292 -0.00449999981 0.0149711352
v 0.0205589943 -0.00449999981 0.0149758551
v 0.0205676593 -0.00449999981 0.0149804447
v 0.0205763169 -0.00449999981 0.0149849039
v 0.0205849744 -0.00449999981 0.0149892401
v 0.0205936171 -0.00449999981 0.0149934571
v 0.0206022598 -0.00449999981 0.0149975549
v 0.0206109025 -0.00449999981 0.0150015336
v 0.0206195451 -0.00449999981 0.0150054004
v 0.0206281804 -0.00449999981 0.0150091555
v 0.0206368156 -0.00449999981 0.0150128026
v 0.0206454583 -0.00449999981 0.0150163453
v 0.0206541009 -0.00449999981 0.0150197875
v 0.0206627436 -0.00449999981 0.0150231253
v 0.0206713863 -0.00449999981 0.0150263663
v 0.0206800438 -0.00449999981 0.0150295142
v 0.0206887014 -0.00449999981 0.0150325689
v 0.0206973664 -0.00449999981 0.015035538
v 0.0207060315 -0.00449999981 0.0150384177
v 0.0207147114 -0.00449999981 0.0150412116
v 0.0207233988 -0.00449999981 0.0150439274
v 0.0207321085 -0.00449999981 0.0150465611
v 0.0208013467 -0.00449999981 0.0150650498
v 0.0208706073 -0.00449999981 0.0150804091
v 0.0209398605 -0.00449999981 0.0150928814
v 0.021009136 -0.00449999981 0.015102705
v 0.0210784115 -0.00449999981 0.0151101146
v 0.0211476944 -0.00449999981 0.0151153486
v 0.0212169848 -0.00449999981 0.0151186492
v 0.0212862752 -0.00449999981 0.0151202548
v 0.0213555731 -0.00449999981 0.0151204038
v 0.0214248709 -0.00449999981 0.0151193347
v 0.0214941688 -0.00449999981 0.015117282
v 0.0215634741 -0.00449999981 0.0151144881
v 0.0216327794 -0.00449999981 0.0151111949
v 0.0217020772 -0.00449999981 0.0151076335
v 0.0217713751 -0.00449999981 0.0151040461
v 0.0218406729 -0.00449999981 0.0151006747
v 0.0219099633 -0.00449999981 0.0150977504
v 0.0219792537 -0.00449999981 0.0150955152
v 0.0220485367 -0.00449999981 0.0150942113
v 0.0221178122 -0.00449999981 0.0150940698
v 0.0221870802 -0.00449999981 0.0150953364
v 0.0222563408 -0.00449999981 0.0150982495
v 0.0223256014 -0.00449999981 0.0151030403
v 0.0223948322 -0.00449999981 0.015109947
v 0.0224727727 -0.00449999981 0.0151177216
v 0.0225507133 -0.00449999981 0.0151232723
v 0.0226286538 -0.00449999981 0.0151268188
v 0.0227065943 -0.00449999981 0.0151285809
v 0.0227845348 -0.00449999981 0.0151287857
v 0.0228624754 -0.00449999981 0.0151276533
v 0.0229404159 -0.00449999981 0.0151254032
v 0.0230183564 -0.00449999981 0.0151222553
v 0.0230962969 -0.00449999981 0.0151184332
v 0.02317423 -0.00449999981 0.0151141603
v 0.0232521705 -0.00449999981 0.0151096527
v 0.0233301111 -0.00449999981 0.0151051376
v 0.0234080516 -0.00449999981 0.0151008312
v 0.0234859921 -0.00449999981 0.0150969569
v 0.0235639326 -0.00449999981 0.0150937419
v 0.0236418732 -0.00449999981 0.0150913987
v 0.0237198137 -0.00449999981 0.0150901508
v 0.0237977542 -0.00449999981 0.0150902215
v 0.0238756947 -0.00449999981 0.0150918309
v 0.0239536352 -0.00449999981 0.0150952023
v 0.0240315758 -0.00449999981 0.0151005555
v 0.0241095163 -0.00449999981 0.0151081141
v 0.0241874568 -0.00449999981 0.0151180979
v 0.0242653973 -0.00449999981 0.0151307192
v 0.0242696889 -0.00449999981 0.015131386
v 0.0242739879 -0.00449999981 0.0151320826
v 0.0242783017 -0.00449999981 0.0151328091
v 0.0242826231 -0.00449999981 0.0151335653
v 0.0242869444 -0.00449999981 0.0151343439
v 0.0242912807 -0.00449999981 0.0151351523
v 0.0242956169 -0.00449999981 0.015135983
v 0.0242999606 -0.00449999981 0.0151368398
v 0.0243043043 -0.00449999981 0.0151377153
v 0.0243086554 -0.00449999981 0.0151386131
v 0.0243130066 -0.00449999981 0.0151395295
v 0.0243173577 -0.00449999981 0.0151404608
v 0.0243217088 -0.00449999981 0.0151414108
v 0.02432606 -0.00449999981 0.0151423719
v 0.0243304111 -0.00449999981 0.0151433479
v 0.0243347548 -0.00449999981 0.0151443388
v 0.0243390985 -0.00449999981 0.0151453409
v 0.0243434347 -0.00449999981 0.0151463505
v 0.024347771 -0.00449999981 0.0151473675
v 0.0243520923 -0.00449999981 0.0151483957
v 0.0243564136 -0.00449999981 0.0151494276
v 0.0243607275 -0.00449999981 0.0151504595
v 0.0243650265 -0.00449999981 0.0151514988
v 0.024369318 -0.00449999981 0.0151525382
v 0.024369318 -0.00449999981 0.0150841456
v 0.024369318 -0.00449999981 0.0148867834
v 0.024369318 -0.00449999981 0.0145721715
v 0.024369318 -0.00449999981 0.014152037
v 0.024369318 -0.00449999981 0.0136381071
v 0.024369318 -0.00449999981 0.0130421054
v 0.024369318 -0.00449999981 0.0123757552
v 0.024369318 -0.00449999981 0.0116507802
v 0.024369318 -0.00449999981 0.0108789112
v 0.024369318 -0.00449999981 0.0100718644
v 0.024369318 -0.00449999981 0.00924136676
v 0.024369318 -0.00449999981 0.00839914568
v 0.024369318 -0.00449999981 0.0075569246
v 0.024369318 -0.00449999981 0.00672643073
v 0.024369318 -0.00449999981 0.00591938384
v 0.024369318 -0.00449999981 0.00514751486
v 0.024369318 -0.00449999981 0.00442253985
v 0.024369318 -0.00449999981 0.00375618972
v 0.024369318 -0.00449999981 0.00316018797
v 0.024369318 -0.00449999981 0.00264625624
v 0.024369318 -0.00449999981 0.00222612359
v 0.024369318 -0.00449999981 0.00191151164
v 0.024369318 -0.00449999981 0.00171414763
v 0.024369318 -0.00449999981 0.00164574943
v 0.0243650265 -0.00449999981 0.00164471008
v 0.0243607275 -0.00449999981 0.00164367259
v 0.0243564136 -0.00449999981 0.00164263882
v 0.0243520923 -0.00449999981 0.00164160691
v 0.024347771 -0.00449999981 0.00164058059
v 0.0243434347 -0.00449999981 0.00163956359
v 0.0243390985 -0.00449999981 0.00163855404
v 0.0243347548 -0.00449999981 0.00163755193
v 0.0243304111 -0.00449999981 0.00163656101
v 0.02432606 -0.00449999981 0.00163558498
v 0.0243217088 -0.00449999981 0.00163462013
v 0.0243173577 -0.00449999981 0.00163367018
v 0.0243130066 -0.00449999981 0.001632737
v 0.0243086554 -0.00449999981 0.00163182057
v 0.0243043043 -0.00449999981 0.00163092464
v 0.0242999606 -0.00449999981 0.00163004547
v 0.0242956169 -0.00449999981 0.00162919052
v 0.0242912807 -0.00449999981 0.00162835978
v 0.0242869444 -0.00449999981 0.00162755325
v 0.0242826231 -0.00449999981 0.00162677094
v 0.0242783017 -0.00449999981 0.00162601657
v 0.0242739879 -0.00449999981 0.00162528828
v 0.0242696889 -0.00449999981 0.00162459165
v 0.0242653973 -0.00449999981 0.00162392296
v 0.0241874568 -0.00449999981 0.00161129422
v 0.0241095163 -0.00449999981 0.00160131231
v 0.0240315758 -0.00449999981 0.0015937537
v 0.0239536352 -0.00449999981 0.00158840045
v 0.0238756947 -0.00449999981 0.00158502907
v 0.0237977542 -0.00449999981 0.00158341974
v 0.0237198137 -0.00449999981 0.0015833471
v 0.0236418732 -0.00449999981 0.00158459693
v 0.0235639326 -0.00449999981 0.001586942
v 0.0234859921 -0.00449999981 0.00159016252
v 0.0234080516 -0.00449999981 0.00159403682
v 0.0233301111 -0.00449999981 0.00159834325
v 0.0232521705 -0.00449999981 0.00160286203
v 0.02317423 -0.00449999981 0.00160736963
v 0.0230962969 -0.00449999981 0.00161164254
v 0.0230183564 -0.00449999981 0.00161546469
v 0.0229404159 -0.00449999981 0.00161861256
v 0.0228624754 -0.00449999981 0.00162086077
v 0.0227845348 -0.00449999981 0.00162199512
v 0.0227065943 -0.00449999981 0.00162178837
v 0.0226286538 -0.00449999981 0.00162002258
v 0.0225507133 -0.00449999981 0.00161647424
v 0.0224727727 -0.00449999981 0.00161092542
v 0.0223948322 -0.00449999981 0.00160315074
v 0.0223255865 -0.00449999981 0.00159623846
v 0.0222563334 -0.00449999981 0.0015914496
v 0.0221870728 -0.00449999981 0.00158854201
v 0.0221178047 -0.00449999981 0.00158727728
v 0.0220485218 -0.00449999981 0.00158741698
v 0.0219792463 -0.00449999981 0.00158872269
v 0.0219099559 -0.00449999981 0.001590956
v 0.0218406655 -0.00449999981 0.00159388036
v 0.0217713602 -0.00449999981 0.00159725361
v 0.0217020623 -0.00449999981 0.00160084292
v 0.0216327645 -0.00449999981 0.0016044043
v 0.0215634592 -0.00449999981 0.00160769932
v 0.0214941613 -0.00449999981 0.00161049142
v 0.0214248635 -0.00449999981 0.00161254406
v 0.0213555582 -0.00449999981 0.00161361322
v 0.0212862603 -0.00449999981 0.00161346421
v 0.0212169699 -0.00449999981 0.00161186047
v 0.0211476795 -0.00449999981 0.001608558
v 0.021078404 -0.00449999981 0.00160332024
v 0.0210091211 -0.00449999981 0.00159591064
v 0.020939853 -0.00449999981 0.00158608891
v 0.0208705924 -0.00449999981 0.00157361664
v 0.0208013393 -0.00449999981 0.00155825727
v 0.0207321085 -0.00449999981 0.00153976679
v 0.0207234062 -0.00449999981 0.00153713301
v 0.0207147263 -0.00449999981 0.00153441913
v 0.0207060464 -0.00449999981 0.0015316233
v 0.0206973739 -0.00449999981 0.00152874552
v 0.0206887089 -0.00449999981 0.00152578019
v 0.0206800513 -0.00449999981 0.00152272731
v 0.0206714012 -0.00449999981 0.00151957944
v 0.020662751 -0.00449999981 0.00151633658
v 0.0206541084 -0.00449999981 0.00151299872
v 0.0206454657 -0.00449999981 0.00150955841
v 0.0206368305 -0.00449999981 0.00150601752
v 0.0206281878 -0.00449999981 0.0015023686
v 0.0206195526 -0.00449999981 0.00149861164
v 0.0206109099 -0.00449999981 0.00149474666
v 0.0206022747 -0.00449999981 0.00149076618
v 0.020593632 -0.00449999981 0.00148667023
v 0.0205849819 -0.00449999981 0.0014824532
v 0.0205763318 -0.00449999981 0.00147811696
v 0.0205676742 -0.00449999981 0.0014736522
v 0.0205590092 -0.00449999981 0.00146906264
v 0.0205503367 -0.00449999981 0.00146434456
v 0.0205416568 -0.00449999981 0.00145949051
v 0.0205329694 -0.00449999981 0.00145450421
v 0.0205242671 -0.00449999981 0.00144937634
v 0.0204463266 -0.00449999981 0.0013987273
v 0.0203683861 -0.00449999981 0.00134062953
v 0.0202904455 -0.00449999981 0.00127560645
v 0.020212505 -0.00449999981 0.00120417029
v 0.0201345645 -0.00449999981 0.00112684444
v 0.020056624 -0.00449999981 0.00104414485
v 0.0199786834 -0.00449999981 0.000956591219
v 0.0199007429 -0.00449999981 0.000864703208
v 0.0198228024 -0.00449999981 0.000768996775
v 0.0197448619 -0.00449999981 0.00066999346
v 0.0196669213 -0.00449999981 0.000568209216
v 0.0195889808 -0.00449999981 0.000464165583
v 0.0195110403 -0.00449999981 0.000358380377
v 0.0194330998 -0.00449999981 0.000251367688
v 0.0193551593 -0.00449999981 0.000143650919
v 0.0192772187 -0.00449999981 3.57478857e-05
v 0.0191992782 -0.00449999981 -7.18254596e-05
v 0.0191213377 -0.00449999981 -0.000178545713
v 0.0190433972 -0.00449999981 -0.000283898786
v 0.0189654566 -0.00449999981 -0.000387361273
v 0.0188875161 -0.00449999981 -0.000488417223
v 0.018809583 -0.00449999981 -0.00058654882
v 0.0187316425 -0.00449999981 -0.000681238249
v 0.018653702 -0.00449999981 -0.000771962106
v 0.0185757615 -0.00449999981 -0.000860452652
v 0.0184978209 -0.00449999981 -0.000948769972
v 0.0184198804 -0.00449999981 -0.00103689544
v 0.0183419399 -0.00449999981 -0.00112481974
v 0.0182639994 -0.00449999981 -0.00121252798
v 0.0181860588 -0.00449999981 -0.00130001083
v 0.0181081183 -0.00449999981 -0.00138725154
v 0.0180301778 -0.00449999981 -0.00147423893
v 0.0179522373 -0.00449999981 -0.00156096183
v 0.0178742968 -0.00449999981 -0.00164739974
v 0.0177963562 -0.00449999981 -0.00173354894
v 0.0177184157 -0.00449999981 -0.0018193908
v 0.0176404752 -0.00449999981 -0.00190491229
v 0.0175625347 -0.00449999981 -0.00199010409
v 0.0174845941 -0.00449999981 -0.00207494944
v 0.0174066536 -0.00449999981 -0.0021594353
v 0.0173287131 -0.00449999981 -0.00224355049
v 0.0172507726 -0.00449999981 -0.00232728012
v 0.017172832 -0.00449999981 -0.00241061486
v 0.0170948915 -0.00449999981 -0.0024935361
v 0.017016951 -0.00449999981 -0.00257603265
v 0.0169390105 -0.00449999981 -0.00265809335
v 0.0168610699 -0.00449999981 -0.00273970515
v 0.0167831294 -0.00449999981 -0.00282084942
v 0.0167051964 -0.00449999981 -0.00290168636
v 0.0166272558 -0.00449999981 -0.00298235938
v 0.0165493153 -0.00449999981 -0.00306284614
v 0.0164713748 -0.00449999981 -0.00314312428
v 0.0163934343 -0.00449999981 -0.00322317146
v 0.0163154937 -0.00449999981 -0.00330296531
v 0.0162375532 -0.00449999981 -0.0033824835
v 0.0161596127 -0.00449999981 -0.00346170366
v 0.0160816722 -0.00449999981 -0.00354060531
v 0.0160037316 -0.00449999981 -0.0036191605
v 0.0159257911 -0.00449999981 -0.00369734876
v 0.0158478506 -0.00449999981 -0.00377514958
v 0.0157699101 -0.00449999981 -0.00385253876
v 0.0156919695 -0.00449999981 -0.00392949395
v 0.015614029 -0.00449999981 -0.00400599465
v 0.0155360885 -0.00449999981 -0.00408201478
v 0.015458148 -0.00449999981 -0.00415753387
v 0.0153802074 -0.00449999981 -0.00423253141
v 0.0153022669 -0.00449999981 -0.00430697948
v 0.0152243264 -0.00449999981 -0.00438085943
v 0.0151463859 -0.00449999981 -0.00445414707
v 0.0150684454 -0.00449999981 -0.00452682003
v 0.0149905048 -0.00449999981 -0.00459885597
v 0.0149125643 -0.00449999981 -0.00467023626
v 0.0148346238 -0.00449999981 -0.00474151224
v 0.0147566833 -0.00449999981 -0.00481297076
v 0.0146787427 -0.00449999981 -0.00488456339
v 0.0146008022 -0.00449999981 -0.00495624542
v 0.0145228691 -0.00449999981 -0.00502797216
v 0.0144449286 -0.00449999981 -0.00509969518
v 0.0143669881 -0.00449999981 -0.00517136976
v 0.0142890476 -0.00449999981 -0.00524294935
v 0.014211107 -0.00449999981 -0.00531438738
v 0.0141331665 -0.00449999981 -0.00538563915
v 0.014055226 -0.00449999981 -0.00545665994
v 0.0139772855 -0.00449999981 -0.00552740134
v 0.013899345 -0.00449999981 -0.00559781678
v 0.0138214044 -0.00449999981 -0.00566786341
v 0.0137434639 -0.00449999981 -0.00573749281
v 0.0136655234 -0.00449999981 -0.00580665842
v 0.0135875829 -0.00449999981 -0.00587531552
v 0.0135096423 -0.00449999981 -0.00594341755
v 0.0134317018 -0.00449999981 -0.00601091981
v 0.0133537613 -0.00449999981 -0.00607777573
v 0.0132758208 -0.00449999981 -0.00614393875
v 0.0131978802 -0.00449999981 -0.0062093623
v 0.0131199397 -0.00449999981 -0.00627399981
v 0.0130419992 -0.00449999981 -0.00633780099
v 0.0129640587 -0.00449999981 -0.00640146993
v 0.0128861181 -0.00449999981 -0.00646542944
v 0.0128081776 -0.00449999981 -0.00652963668
v 0.0127302371 -0.00449999981 -0.00659404695
v 0.0126522966 -0.00449999981 -0.00665861554
v 0.012574356 -0.00449999981 -0.00672329776
v 0.0124964155 -0.00449999981 -0.00678805262
v 0.0124184825 -0.00449999981 -0.00685283169
v 0.0123405419 -0.00449999981 -0.006917594
v 0.0122626014 -0.00449999981 -0.00698229298
v 0.0121846609 -0.00449999981 -0.00704688393
v 0.0121067204 -0.00449999981 -0.00711132772
v 0.0120287798 -0.00449999981 -0.00717557594
v 0.0119508393 -0.00449999981 -0.00723958388
v 0.0118728988 -0.00449999981 -0.0073033087
v 0.0117949583 -0.00449999981 -0.00736670569
v 0.0117170177 -0.00449999981 -0.00742973387
v 0.0116390772 -0.00449999981 -0.00749234483
v 0.0115611367 -0.00449999981 -0.00755449571
v 0.0114831962 -0.00449999981 -0.00761614181
v 0.0114052556 -0.00449999981 -0.0076772403
v 0.0113273151 -0.00449999981 -0.00773774646
v 0.0112493746 -0.00449999981 -0.0077976156
v 0.0111714341 -0.00449999981 -0.00785680488
v 0.0110934936 -0.00449999981 -0.00791574828
v 0.011015553 -0.00449999981 -0.00797464512
v 0.0109376125 -0.00449999981 -0.00803347863
v 0.010859672 -0.00449999981 -0.00809223577
v 0.0107817315 -0.00449999981 -0.00815090165
v 0.0107037909 -0.00449999981 -0.00820945948
v 0.0106258504 -0.00449999981 -0.00826789439
v 0.0105479099 -0.00449999981 -0.00832619332
v 0.0104699694 -0.00449999981 -0.00838434137
v 0.0103920288 -0.00449999981 -0.00844232179
v 0.0103140958 -0.00449999981 -0.00850012153
v 0.0102361552 -0.00449999981 -0.0085577257
v 0.0101582147 -0.00449999981 -0.00861511752
v 0.0100802742 -0.00449999981 -0.00867228396
v 0.0100023337 -0.00449999981 -0.00872921012
v 0.00992439315 -0.00449999981 -0.0087858811
v 0.00984645262 -0.00449999981 -0.008842282
v 0.0097685121 -0.00449999981 -0.00889839604
v 0.00969057158 -0.00449999981 -0.00895421021
v 0.00961263105 -0.00449999981 -0.00900970958
v 0.00953469053 -0.00449999981 -0.00906488113
v 0.00945675001 -0.00449999981 -0.00911970437
v 0.00937880948 -0.00449999981 -0.00917416997
v 0.00930086896 -0.00449999981 -0.00922825746
v 0.00922292843 -0.00449999981 -0.00928201154
v 0.00914498791 -0.00449999981 -0.00933525153
v 0.00906704739 -0.00449999981 -0.00938802771
v 0.00898910686 -0.00449999981 -0.00944038853
v 0.00891116634 -0.00449999981 -0.00949238241
v 0.00883322582 -0.00449999981 -0.00954405963
v 0.00875528529 -0.00449999981 -0.0095954705
v 0.00867734477 -0.00449999981 -0.00964666158
v 0.00859940425 -0.00449999981 -0.00969768316
v 0.00852146372 -0.00449999981 -0.00974858366
v 0.0084435232 -0.00449999981 -0.00979941338
v 0.00836558267 -0.00449999981 -0.00985022262
v 0.00828764215 -0.00449999981 -0.00990105607
v 0.00820970163 -0.00449999981 -0.00995196775
v 0.00813176855 -0.00449999981 -0.0100030024
v 0.00805382803 -0.00449999981 -0.0100542121
v 0.00797588751 -0.00449999981 -0.0101056453
v 0.00789794698 -0.00449999981 -0.0101573523
v 0.00782000646 -0.00449999981 -0.0102093816
v 0.00774206594 -0.00449999981 -0.0102617797
v 0.00766412541 -0.00449999981 -0.0103145987
v 0.00758618489 -0.00449999981 -0.0103678871
v 0.00750824437 -0.00449999981 -0.0104216933
v 0.00743030384 -0.00449999981 -0.0104760695
v 0.00735236332 -0.00449999981 -0.0105305165
v 0.00727442279 -0.00449999981 -0.0105842575
v 0.00719648227 -0.00449999981 -0.0106373094
v 0.00711854175 -0.00449999981 -0.0106896926
v 0.00704060122 -0.00449999981 -0.010741422
v 0.0069626607 -0.00449999981 -0.0107925218
v 0.00688472018 -0.00449999981 -0.010843005
v 0.00680677965 -0.00449999981 -0.0108928941
v 0.00672883913 -0.00449999981 -0.0109422058
v 0.00665089861 -0.00449999981 -0.0109909587
v 0.00657295808 -0.00449999981 -0.0110391714
v 0.00649501756 -0.00449999981 -0.0110868625
v 0.00641707703 -0.00449999981 -0.0111340508
v 0.00633913651 -0.00449999981 -0.0111807548
v 0.00626119599 -0.00449999981 -0.0112269931
v 0.00618325546 -0.00449999981 -0.0112727806
v 0.00610531494 -0.00449999981 -0.0113181416
v 0.00602738187 -0.00449999981 -0.0113630909
v 0.00594944134 -0.00449999981 -0.0114076473
v 0.00587150082 -0.00449999981 -0.0114518292
v 0.0057935603 -0.00449999981 -0.0114956573
v 0.00571561977 -0.00449999981 -0.0115391482
v 0.00563767925 -0.00449999981 -0.0115823206
v 0.00555973873 -0.00449999981 -0.0116251949
v 0.0054817982 -0.00449999981 -0.0116683934
v 0.00540385768 -0.00449999981 -0.011712702
v 0.00532591715 -0.00449999981 -0.0117579885
v 0.00524797663 -0.00449999981 -0.0118041188
v 0.00517003611 -0.00449999981 -0.0118509606
v 0.00509209558 -0.00449999981 -0.0118983779
v 0.00501415506 -0.00449999981 -0.0119462423
v 0.00493621454 -0.00449999981 -0.011994414
v 0.00485827401 -0.00449999981 -0.0120427646
v 0.00478033349 -0.00449999981 -0.012091158
v 0.00470239297 -0.00449999981 -0.0121394619
v 0.00462445244 -0.00449999981 -0.0121875405
v 0.00454651192 -0.00449999981 -0.0122352634
v 0.00446857139 -0.00449999981 -0.0122824963
v 0.00439063087 -0.00449999981 -0.0123291034
v 0.00431269035 -0.00449999981 -0.0123749543
v 0.00423474982 -0.00449999981 -0.012419913
v 0.0041568093 -0.00449999981 -0.0124638472
v 0.00407886878 -0.00449999981 -0.0125066247
v 0.00400092825 -0.00449999981 -0.0125481086
v 0.00392299518 -0.00449999981 -0.0125881676
v 0.00384505466 -0.00449999981 -0.0126266684
v 0.00376711413 -0.00449999981 -0.012663478
v 0.00368917361 -0.00449999981 -0.0126984613
v 0.00361123309 -0.00449999981 -0.0127325123
v 0.00353329256 -0.00449999981 -0.0127663808
v 0.00345535204 -0.00449999981 -0.0128001124
v 0.00337741151 -0.00449999981 -0.0128337527
v 0.00329947099 -0.00449999981 -0.0128673455
v 0.00322153047 -0.00449999981 -0.0129009355
v 0.00314358994 -0.00449999981 -0.0129345702
v 0.00306564942 -0.00449999981 -0.0129682915
v 0.0029877089 -0.00449999981 -0.0130021479
v 0.00290976837 -0.00449999981 -0.0130361831
v 0.00283182785 -0.00449999981 -0.0130704409
v 0.00275388733 -0.00449999981 -0.0131049687
v 0.0026759468 -0.00449999981 -0.0131398095
v 0.00259800628 -0.00449999981 -0.0131750088
v 0.00252006575 -0.00449999981 -0.0132106133
v 0.00244212523 -0.00449999981 -0.0132466657
v 0.00236418471 -0.00449999981 -0.0132832136
v 0.00228624418 -0.00449999981 -0.0133202998
v 0.00220830366 -0.00449999981 -0.0133579709
v 0.00213036314 -0.00449999981 -0.0133962715
v 0.00205242261 -0.00449999981 -0.0134352464
v 0.00197448209 -0.00449999981 -0.0134749403
v 0.00189654157 -0.00449999981 -0.0135153988
v 0.00181860104 -0.00449999981 -0.0135566648
v 0.00174066797 -0.00449999981 -0.0135978023
v 0.00166272745 -0.00449999981 -0.0136376219
v 0.00158478692 -0.00449999981 -0.0136761898
v 0.0015068464 -0.00449999981 -0.013713575
v 0.00142890587 -0.00449999981 -0.0137498425
v 0.00135096535 -0.00449999981 -0.0137850605
v 0.00127302483 -0.00449999981 -0.0138192968
v 0.0011950843 -0.00449999981 -0.0138526186
v 0.00111714378 -0.00449999981 -0.013885092
v 0.00103920326 -0.00449999981 -0.0139167858
v 0.000961262733 -0.00449999981 -0.0139477653
v 0.000883322209 -0.00449999981 -0.0139780995
v 0.000805381685 -0.00449999981 -0.0140078543
v 0.000727441162 -0.00449999981 -0.0140370969
v 0.000649500638 -0.00449999981 -0.0140658943
v 0.000571560115 -0.00449999981 -0.0140943145
v 0.000493619591 -0.00449999981 -0.0141224246
v 0.000415679067 -0.00449999981 -0.0141502907
v 0.000337738544 -0.00449999981 -0.0141779818
v 0.00025979802 -0.00449999981 -0.0142055638
v 0.000181857497 -0.00449999981 -0.014233103
v 0.000103916973 -0.00449999981 -0.0142606692
v 2.59764493e-05 -0.00449999981 -0.0142883286
v -5.19640744e-05 -0.00449999981 -0.0143161509
v -0.000129904598 -0.00449999981 -0.0143437246
v -0.000207845122 -0.00449999981 -0.0143703921
v -0.000285785645 -0.00449999981 -0.0143962298
v -0.000363718718 -0.00449999981 -0.014421314
v -0.000441659242 -0.00449999981 -0.0144457249
v -0.000519599766 -0.00449999981 -0.014469537
v -0.000597540289 -0.00449999981 -0.0144928303
v -0.000675480813 -0.00449999981 -0.0145156812
v -0.000753421336 -0.00449999981 -0.014538168
v -0.00083136186 -0.00449999981 -0.0145603679
v -0.000909302384 -0.00449999981 -0.0145823583
v -0.000987242907 -0.00449999981 -0.0146042183
v -0.00106518343 -0.00449999981 -0.0146260224
v -0.00114312395 -0.00449999981 -0.0146478508
v -0.00122106448 -0.00449999981 -0.0146697797
v -0.001299005 -0.00449999981 -0.0146918884
v -0.00137694553 -0.00449999981 -0.0147142522
v -0.00145488605 -0.00449999981 -0.0147369495
v -0.00153282657 -0.00449999981 -0.0147600593
v -0.0016107671 -0.00449999981 -0.0147836562
v -0.00168870762 -0.00449999981 -0.0148078203
v -0.00176664814 -0.00449999981 -0.014832628
v -0.00184458867 -0.00449999981 -0.0148581564
v -0.00192252919 -0.00449999981 -0.0148844859
v -0.00200046971 -0.00449999981 -0.0149106514
v -0.00207841024 -0.00449999981 -0.014935392
v -0.00215635076 -0.00449999981 -0.0149587188
v -0.00223429129 -0.00449999981 -0.0149806468
v -0.00231223181 -0.00449999981 -0.0150011908
v -0.00239017233 -0.00449999981 -0.015020363
v -0.00246810541 -0.00449999981 -0.0150381774
v -0.00254604593 -0.00449999981 -0.0150546459
v -0.00262398645 -0.00449999981 -0.0150697846
v -0.00270192698 -0.00449999981 -0.0150836045
v -0.0027798675 -0.00449999981 -0.0150961205
v -0.00285780802 -0.00449999981 -0.0151073467
v -0.00293574855 -0.00449999981 -0.015117296
v -0.00301368907 -0.00449999981 -0.0151259815
v -0.00309162959 -0.00449999981 -0.0151334172
v -0.00316957012 -0.00449999981 -0.0151396161
v -0.00324751064 -0.00449999981 -0.0151445931
v -0.00332545117 -0.00449999981 -0.0151483594
v -0.00340339169 -0.00449999981 -0.0151509298
v -0.00348133221 -0.00449999981 -0.0151523184
v -0.00355927274 -0.00449999981 -0.0151525382
v -0.00363721326 -0.00449999981 -0.0151516022
v -0.00371515378 -0.00449999981 -0.0151495254
v -0.00379309431 -0.00449999981 -0.015146317
v -0.00387103483 -0.00449999981 -0.0151423328
v -0.00394897535 -0.00449999981 -0.01513795
v -0.00402691588 -0.00449999981 -0.0151332272
v -0.0041048564 -0.00449999981 -0.0151282204
v -0.00418279693 -0.00449999981 -0.0151229855
v -0.00426073745 -0.00449999981 -0.015117581
v -0.00433867797 -0.00449999981 -0.0151120629
v -0.0044166185 -0.00449999981 -0.015106488
v -0.00449455902 -0.00449999981 -0.0151009141
v -0.00457249954 -0.00449999981 -0.015095395
v -0.00465043262 -0.00449999981 -0.0150899906
v -0.00472837314 -0.00449999981 -0.0150847565
v -0.00480631366 -0.00449999981 -0.0150797497
v -0.00488425419 -0.00449999981 -0.015075027
v -0.00496219471 -0.00449999981 -0.0150706461
v -0.00504013896 -0.00449999981 -0.0150666619
v -0.00511807948 -0.00449999981 -0.0150631331
v -0.00519601628 -0.00449999981 -0.0150601147
v -0.00527395681 -0.00449999981 -0.0150576653
v -0.00535189733 -0.00449999981 -0.0150558408
v -0.00542983785 -0.00449999981 -0.0150546981
v -0.00550777838 -0.00449999981 -0.0150542939
v -0.0055857189 -0.00449999981 -0.0150546841
v -0.00566365942 -0.00449999981 -0.0150559274
v -0.00574159995 -0.00449999981 -0.0150574688
v -0.00581954047 -0.00449999981 -0.0150584234
v -0.00589748099 -0.00449999981 -0.0150587335
v -0.00597542152 -0.00449999981 -0.0150583414
v -0.00605336204 -0.00449999981 -0.0150571903
v -0.00613130257 -0.00449999981 -0.0150552224
v -0.00620923936 -0.00449999981 -0.01505238
v -0.00628717989 -0.00449999981 -0.0150486082
v -0.00636512041 -0.00449999981 -0.0150438463
v -0.00644306093 -0.00449999981 -0.0150380405
v -0.00652100146 -0.00449999981 -0.015031131
v -0.00659894198 -0.00449999981 -0.0150230611
v -0.00667688251 -0.00449999981 -0.015013773
v -0.00675482303 -0.00449999981 -0.0150032109
v -0.00683276355 -0.00449999981 -0.0149913169
v -0.00691070408 -0.00449999981 -0.0149780335
v -0.0069886446 -0.00449999981 -0.0149633028
v -0.00706658512 -0.00449999981 -0.0149470689
v -0.00714452565 -0.00449999981 -0.0149292741
v -0.00722246617 -0.00449999981 -0.0149098597
v -0.00730040297 -0.00449999981 -0.0148887699
v -0.00737834349 -0.00449999981 -0.0148659479
v -0.00745628402 -0.00449999981 -0.014841334
v -0.00753422454 -0.00449999981 -0.0148148695
v -0.00761216506 -0.00449999981 -0.0147872968
v -0.00769010559 -0.00449999981 -0.0147596374
v -0.00776804611 -0.00449999981 -0.0147318831
v -0.00784598663 -0.00449999981 -0.0147040207
v -0.00792392716 -0.00449999981 -0.0146760419
v -0.00800186768 -0.00449999981 -0.0146479355
v -0.00807980821 -0.00449999981 -0.0146196913
v -0.00815774873 -0.00449999981 -0.0145912981
v -0.00823568925 -0.00449999981 -0.0145627456
v -0.00831362978 -0.00449999981 -0.0145340255
v -0.00839156657 -0.00449999981 -0.0145051247
v -0.0084695071 -0.00449999981 -0.0144760348
v -0.00854744762 -0.00449999981 -0.0144467438
v -0.00862538815 -0.00449999981 -0.0144172423
v -0.00870332867 -0.00449999981 -0.01438752
v -0.00878126919 -0.00449999981 -0.0143575668
v -0.00885920972 -0.00449999981 -0.0143273715
v -0.00893715024 -0.00449999981 -0.0142969238
v -0.00901509076 -0.00449999981 -0.0142662125
v -0.00909303129 -0.00449999981 -0.0142352283
v -0.00917097181 -0.00449999981 -0.0142039619
v -0.00924891233 -0.00449999981 -0.0141724003
v -0.00932685286 -0.00449999981 -0.0141405351
v -0.00940478966 -0.00449999981 -0.0141083542
v -0.00948273018 -0.00449999981 -0.0140757645
v -0.0095606707 -0.00449999981 -0.0140424268
v -0.00963861123 -0.00449999981 -0.0140083591
v -0.00971655175 -0.00449999981 -0.0139735825
v -0.00979449227 -0.00449999981 -0.013938114
v -0.0098724328 -0.00449999981 -0.0139019741
v -0.00995037332 -0.00449999981 -0.0138651822
v -0.0100283138 -0.00449999981 -0.0138277579
v -0.0101062544 -0.00449999981 -0.0137897208
v -0.0101841949 -0.00449999981 -0.0137510896
v -0.0102621354 -0.00449999981 -0.0137118828
v -0.0103400759 -0.00449999981 -0.0136721218
v -0.0104180165 -0.00449999981 -0.0136318253
v -0.0104959533 -0.00449999981 -0.0135910111
v -0.0105738938 -0.00449999981 -0.0135497013
v -0.0106518343 -0.00449999981 -0.0135079138
v -0.0107297748 -0.00449999981 -0.0134656681
v -0.0108077154 -0.00449999981 -0.0134229828
v -0.0108856559 -0.00449999981 -0.0133798784
v -0.0109635964 -0.00449999981 -0.0133363735
v -0.0110415369 -0.00449999981 -0.0132924886
v -0.0111194775 -0.00449999981 -0.0132482415
v -0.011197418 -0.00449999981 -0.0132036526
v -0.0112753585 -0.00449999981 -0.0131587395
v -0.011353299 -0.00449999981 -0.0131140761
v -0.0114312395 -0.00449999981 -0.0130699147
v -0.0115091801 -0.00449999981 -0.0130261788
v -0.0115871169 -0.00449999981 -0.0129827959
v -0.0116650574 -0.00449999981 -0.0129396934
v -0.0117429979 -0.00449999981 -0.0128967976
v -0.0118209384 -0.00449999981 -0.0128540331
v -0.011898879 -0.00449999981 -0.0128113274
v -0.0119768195 -0.00449999981 -0.0127686085
v -0.01205476 -0.00449999981 -0.0127258021
v -0.0121327005 -0.00449999981 -0.0126828328
v -0.0122106411 -0.00449999981 -0.0126396297
v -0.0122885816 -0.00449999981 -0.0125961183
v -0.0123665221 -0.00449999981 -0.012552225
v -0.0124444626 -0.00449999981 -0.0125078764
v -0.0125224032 -0.00449999981 -0.0124629978
v -0.0126003399 -0.00449999981 -0.0124175176
v -0.0126782805 -0.00449999981 -0.0123713613
v -0.012756221 -0.00449999981 -0.0123244561
v -0.0128341615 -0.00449999981 -0.0122767277
v -0.012912102 -0.00449999981 -0.0122281015
v -0.0129900426 -0.00449999981 -0.0121785067
v -0.0130679831 -0.00449999981 -0.012127867
v -0.0131459236 -0.00449999981 -0.0120761134
v -0.0132238641 -0.00449999981 -0.0120237898
v -0.0133018047 -0.00449999981 -0.0119717568
v -0.0133797452 -0.00449999981 -0.0119200107
v -0.0134576857 -0.00449999981 -0.0118685495
v -0.0135356262 -0.00449999981 -0.0118173733
v -0.0136135668 -0.00449999981 -0.0117664766
v -0.0136915036 -0.00449999981 -0.0117158592
v -0.0137694441 -0.00449999981 -0.0116655175
v -0.0138473846 -0.00449999981 -0.0116154514
v -0.0139253251 -0.00449999981 -0.0115656573
v -0.0140032656 -0.00449999981 -0.0115161315
v -0.0140812062 -0.00449999981 -0.0114668738
v -0.0141591467 -0.00449999981 -0.0114178807
v -0.0142370872 -0.00449999981 -0.011369152
v -0.0143150277 -0.00449999981 -0.0113206841
v -0.0143929683 -0.00449999981 -0.0112724733
v -0.0144709088 -0.00449999981 -0.0112245213
v -0.0145488493 -0.00449999981 -0.0111768208
v -0.0146267898 -0.00449999981 -0.0111293737
v -0.0147047304 -0.00449999981 -0.0110821743
v -0.0147826672 -0.00449999981 -0.0110352244
v -0.0148606077 -0.00449999981 -0.0109885167
v -0.0149385482 -0.00449999981 -0.010942053
v -0.0150164887 -0.00449999981 -0.0108958334
v -0.0150944293 -0.00449999981 -0.0108497404
v -0.0151723698 -0.00449999981 -0.0108034294
v -0.0152503103 -0.00449999981 -0.0107569192
v -0.0153282508 -0.00449999981 -0.0107102282
v -0.0154061913 -0.00449999981 -0.010663379
v -0.0154841319 -0.00449999981 -0.0106163863
v -0.0155620724 -0.00449999981 -0.0105692744
v -0.0156400129 -0.00449999981 -0.0105220582
v -0.0157179534 -0.00449999981 -0.0104747601
v -0.0157958902 -0.00449999981 -0.0104274005
v -0.0158738308 -0.00449999981 -0.0103799943
v -0.0159517713 -0.00449999981 -0.0103325658
v -0.0160297118 -0.00449999981 -0.0102851316
v -0.0161076523 -0.00449999981 -0.0102377087
v -0.0161855929 -0.00449999981 -0.0101903211
v -0.0162635334 -0.00449999981 -0.0101429857
v -0.0163414739 -0.00449999981 -0.010095723
v -0.0164194144 -0.00449999981 -0.0100485515
v -0.016497355 -0.00449999981 -0.0100014918
v -0.0165752955 -0.00449999981 -0.00995456055
v -0.016653236 -0.00449999981 -0.00990778022
v -0.0167311765 -0.00449999981 -0.00986116938
v -0.016809117 -0.00449999981 -0.00981474668
v -0.0168870538 -0.00449999981 -0.00976853259
v -0.0169649944 -0.00449999981 -0.00972220488
v -0.0170429349 -0.00449999981 -0.00967521779
v -0.0171208754 -0.00449999981 -0.00962763093
v -0.0171988159 -0.00449999981 -0.00957951322
v -0.0172767565 -0.00449999981 -0.00953092612
v -0.017354697 -0.00449999981 -0.00948193483
v -0.0174326375 -0.00449999981 -0.00943260081
v -0.017510578 -0.00449999981 -0.00938299112
v -0.0175885186 -0.00449999981 -0.00933316723
v -0.0176664591 -0.00449999981 -0.00928319618
v -0.0177443996 -0.00449999981 -0.00923313946
v -0.0178223401 -0.00449999981 -0.0091830641
v -0.0179002807 -0.00449999981 -0.00913302973
v -0.0179782175 -0.00449999981 -0.00908310339
v -0.018056158 -0.00449999981 -0.00903334655
v -0.0181340985 -0.00449999981 -0.00898382813
v -0.018212039 -0.00449999981 -0.00893460587
v -0.0182899795 -0.00449999981 -0.00888574868
v -0.0183679201 -0.00449999981 -0.00883731991
v -0.0184458606 -0.00449999981 -0.00878938101
v -0.0185238011 -0.00449999981 -0.00874199905
v -0.0186017416 -0.00449999981 -0.00869523548
v -0.0186796822 -0.00449999981 -0.0086491555
v -0.0187576227 -0.00449999981 -0.0086038243
v -0.0188355632 -0.00449999981 -0.00855865888
v -0.0189135037 -0.00449999981 -0.00851305388
v -0.0189914405 -0.00449999981 -0.00846702605
v -0.0190693811 -0.00449999981 -0.00842060521
v -0.0191473216 -0.00449999981 -0.00837380812
v -0.0192252621 -0.00449999981 -0.00832666084
v -0.0193032026 -0.00449999981 -0.0082791876
v -0.0193811432 -0.00449999981 -0.00823140703
v -0.0194590837 -0.00449999981 -0.00818334706
v -0.0195370242 -0.00449999981 -0.00813503005
v -0.0196149647 -0.00449999981 -0.00808647461
v -0.0196929052 -0.00449999981 -0.0080377087
v -0.0197708458 -0.00449999981 -0.00798875466
v -0.0198487863 -0.00449999981 -0.00793963298
v -0.0199267268 -0.00449999981 -0.00789036788
v -0.0200046673 -0.00449999981 -0.00784098171
v -0.0200826041 -0.00449999981 -0.00779149868
v -0.0201605447 -0.00449999981 -0.007741943
v -0.0202384852 -0.00449999981 -0.00769233517
v -0.0203164257 -0.00449999981 -0.00764269754
v -0.0203943662 -0.00449999981 -0.00759305619
v -0.0204723068 -0.00449999981 -0.00754343159
v -0.0205502473 -0.00449999981 -0.00749384984
v -0.0206281878 -0.00449999981 -0.0074443277
v -0.0207061283 -0.00449999981 -0.0073947683
v -0.0207840689 -0.00449999981 -0.00734509341
v -0.0208620094 -0.00449999981 -0.00729536079
v -0.0209399499 -0.00449999981 -0.00724562816
v -0.0210178904 -0.00449999981 -0.00719595328
v -0.0210958309 -0.00449999981 -0.00714639574
v -0.0211737677 -0.00449999981 -0.00709700957
v -0.0212517083 -0.00449999981 -0.00704785436
v -0.0213296488 -0.00449999981 -0.00699898973
v -0.0214075893 -0.00449999981 -0.00695046969
v -0.0214855298 -0.00449999981 -0.00690235384
v -0.0215634704 -0.00449999981 -0.00685469992
v -0.0216414109 -0.00449999981 -0.00680756569
v -0.0217193514 -0.00449999981 -0.00676100887
v -0.0217972919 -0.00449999981 -0.00671508722
v -0.0218752325 -0.00449999981 -0.00666985847
v -0.021953173 -0.00449999981 -0.0066253785
v -0.0220311135 -0.00449999981 -0.00658170879
v -0.022109054 -0.00449999981 -0.00653890334
v -0.0221869946 -0.00449999981 -0.00649702176
v -0.0222649314 -0.00449999981 -0.0064561218
v -0.0223428719 -0.00449999981 -0.00641625933
v -0.0224208124 -0.00449999981 -0.00637749583
v -0.0224987529 -0.00449999981 -0.00633988716
v -0.0225766934 -0.00449999981 -0.0063035693
v -0.022654634 -0.00449999981 -0.00626894087
v -0.0227325745 -0.00449999981 -0.00623605587
v -0.022810515 -0.00449999981 -0.00620496832
v -0.0228884555 -0.00449999981 -0.00617573224
v -0.0229663961 -0.00449999981 -0.00614840537
v -0.0230443366 -0.00449999981 -0.00612303801
v -0.0231222771 -0.00449999981 -0.00609968789
v -0.0232002176 -0.00449999981 -0.00607840717
v -0.0232781544 -0.00449999981 -0.00605925359
v -0.023356095 -0.00449999981 -0.0060422793
v -0.0234340355 -0.00449999981 -0.00602753833
v -0.023511976 -0.00449999981 -0.00601508655
v -0.0235899165 -0.00449999981 -0.00600497983
v -0.0236678571 -0.00449999981 -0.00599727035
v -0.0237457976 -0.00449999981 -0.00599201396
v -0.0238237381 -0.00449999981 -0.00598926283
v -0.0239016786 -0.00449999981 -0.00598907471
v -0.0239796191 -0.00449999981 -0.00599150546
v -0.0240575597 -0.00449999981 -0.00599660538
v -0.0241355002 -0.00449999981 -0.00600443035
v -0.0242134407 -0.00449999981 -0.00601503626
v -0.0242913812 -0.00449999981 -0.0060284771
f 696 697 698
f 695 696 698
f 694 695 698
f 693 694 698
f 692 693 698
f 691 692 698
f 690 691 698
f 689 690 698
f 688 689 698
f 687 688 698
f 686 687 698
f 685 686 698
f 684 685 698
f 683 684 698
f 682 683 698
f 681 682 698
f 680 681 698
f 679 680 698
f 678 679 698
f 677 678 698
f 676 677 698
f 675 676 698
f 674 675 698
f 673 674 698
f 672 673 698
f 653 654 655
f 652 653 655
f 652 655 656
f 651 652 656
f 651 656 657
f 650 651 657
f 650 657 658
f 633 634 635
f 632 633 635
f 632 635 636
f 631 632 636
f 650 658 659
f 671 672 698
f 649 650 659
f 631 636 637
f 630 631 637
f 630 637 638
f 649 659 660
f 630 638 639
f 629 630 639
f 648 649 660
f 648 660 661
f 670 671 698
f 629 639 640
f 648 661 662
f 629 640 641
f 647 648 662
f 628 629 641
f 647 662 663
f 628 641 642
f 669 670 698
f 646 647 663
f 628 642 643
f 646 663 664
f 628 643 644
f 645 646 664
f 668 669 698
f 628 644 645
f 628 645 664
f 628 664 665
f 627 628 665
f 667 668 698
f 627 665 666
f 666 667 698
f 627 666 698
f 627 698 699
f 626 627 699
f 625 626 699
f 624 625 699
f 623 624 699
f 622 623 699
f 621 622 699
f 620 621 699
f 619 620 699
f 618 619 699
f 617 618 699
f 616 617 699
f 615 616 699
f 614 615 699
f 613 614 699
f 612 613 699
f 611 612 699
f 610 611 699
f 609 610 699
f 608 609 699
f 607 608 699
f 606 607 699
f 605 606 699
f 604 605 699
f 603 604 699
f 602 603 699
f 601 602 699
f 600 601 699
f 599 600 699
f 599 699 700
f 598 599 700
f 597 598 700
f 596 597 700
f 595 596 700
f 595 700 701
f 594 595 701
f 593 594 701
f 592 593 701
f 591 592 701
f 590 591 701
f 590 701 702
f 589 590 702
f 588 589 702
f 587 588 702
f 586 587 702
f 585 586 702
f 585 702 703
f 584 585 703
f 583 584 703
f 582 583 703
f 581 582 703
f 580 581 703
f 580 703 704
f 579 580 704
f 578 579 704
f 577 578 704
f 576 577 704
f 575 576 704
f 574 575 704
f 573 574 704
f 572 573 704
f 572 704 705
f 571 572 705
f 570 571 705
f 569 570 705
f 568 569 705
f 567 568 705
f 566 567 705
f 565 566 705
f 564 565 705
f 564 705 706
f 563 564 706
f 562 563 706
f 561 562 706
f 560 561 706
f 559 560 706
f 558 559 706
f 557 558 706
f 556 557 706
f 555 556 706
f 555 706 707
f 554 555 707
f 553 554 707
f 552 553 707
f 551 552 707
f 550 551 707
f 549 550 707
f 548 549 707
f 547 548 707
f 546 547 707
f 545 546 707
f 545 707 708
f 544 545 708
f 543 544 708
f 542 543 708
f 541 542 708
f 540 541 708
f 539 540 708
f 538 539 708
f 537 538 708
f 536 537 708
f 535 536 708
f 534 535 708
f 534 708 709
f 533 534 709
f 532 533 709
f 531 532 709
f 530 531 709
f 529 530 709
f 528 529 709
f 527 528 709
f 526 527 709
f 525 526 709
f 524 525 709
f 523 524 709
f 522 523 709
f 522 709 710
f 521 522 710
f 520 521 710
f 519 520 710
f 518 519 710
f 517 518 710
f 516 517 710
f 515 516 710
f 514 515 710
f 513 514 710
f 512 513 710
f 511 512 710
f 510 511 710
f 510 710 711
f 30 31 32
f 30 32 33
f 29 30 33
f 29 33 34
f 28 29 34
f 28 34 35
f 27 28 35
f 27 35 36
f 509 510 711
f 26 27 36
f 26 36 37
f 26 37 38
f 25 26 38
f 25 38 39
f 24 25 39
f 24 39 40
f 508 509 711
f 24 40 41
f 24 41 42
f 23 24 42
f 23 42 43
f 507 508 711
f 23 43 44
f 23 44 45
f 23 45 46
f 506 507 711
f 23 46 47
f 23 47 48
f 505 506 711
f 23 48 49
f 22 23 49
f 504 505 711
f 22 49 50
f 22 50 51
f 503 504 711
f 22 51 52
f 22 52 53
f 502 503 711
f 22 53 54
f 501 502 711
f 22 54 55
f 22 55 56
f 500 501 711
f 21 22 56
f 21 56 57
f 499 500 711
f 21 57 58
f 21 58 59
f 498 499 711
f 21 59 60
f 498 711 712
f 497 498 712
f 21 60 61
f 496 497 712
f 21 61 62
f 21 62 63
f 495 496 712
f 21 63 64
f 494 495 712
f 21 64 65
f 20 21 65
f 493 494 712
f 20 65 66
f 20 66 67
f 492 493 712
f 20 67 68
f 491 492 712
f 20 68 69
f 490 491 712
f 20 69 70
f 20 70 71
f 489 490 712
f 20 71 72
f 488 489 712
f 20 72 73
f 487 488 712
f 20 73 74
f 486 487 712
f 20 74 75
f 20 75 76
f 485 486 712
f 19 20 76
f 485 712 713
f 19 76 77
f 484 485 713
f 19 77 78
f 483 484 713
f 19 78 79
f 482 483 713
f 19 79 80
f 19 80 81
f 481 482 713
f 19 81 82
f 480 481 713
f 19 82 83
f 479 480 713
f 19 83 84
f 478 479 713
f 19 84 85
f 477 478 713
f 19 85 86
f 19 86 87
f 476 477 713
f 19 87 88
f 475 476 713
f 18 19 88
f 18 88 89
f 474 475 713
f 18 89 90
f 473 474 713
f 18 90 91
f 472 473 713
f 18 91 92
f 472 713 714
f 18 92 93
f 471 472 714
f 18 93 94
f 470 471 714
f 18 94 95
f 469 470 714
f 18 95 96
f 468 469 714
f 18 96 97
f 18 97 98
f 467 468 714
f 18 98 99
f 466 467 714
f 18 99 100
f 465 466 714
f 18 100 101
f 464 465 714
f 18 101 102
f 17 18 102
f 17 102 103
f 463 464 714
f 17 103 104
f 462 463 714
f 17 104 105
f 461 462 714
f 17 105 106
f 460 461 714
f 17 106 107
f 459 460 714
f 17 107 108
f 459 714 715
f 458 459 715
f 17 108 109
f 457 458 715
f 17 109 110
f 456 457 715
f 17 110 111
f 455 456 715
f 17 111 112
f 17 112 113
f 454 455 715
f 17 113 114
f 453 454 715
f 17 114 115
f 452 453 715
f 17 115 116
f 451 452 715
f 17 116 117
f 450 451 715
f 16 17 117
f 16 117 118
f 449 450 715
f 16 118 119
f 448 449 715
f 16 119 120
f 447 448 715
f 16 120 121
f 446 447 715
f 446 715 716
f 16 121 122
f 445 446 716
f 16 122 123
f 444 445 716
f 16 123 124
f 443 444 716
f 16 124 125
f 442 443 716
f 16 125 126
f 16 126 127
f 441 442 716
f 16 127 128
f 440 441 716
f 16 128 129
f 439 440 716
f 16 129 130
f 438 439 716
f 16 130 131
f 437 438 716
f 16 131 132
f 436 437 716
f 16 132 133
f 435 436 716
f 15 16 133
f 15 133 134
f 435 716 717
f 434 435 717
f 15 134 135
f 433 434 717
f 15 135 136
f 15 136 137
f 432 433 717
f 15 137 138
f 431 432 717
f 15 138 139
f 430 431 717
f 15 139 140
f 429 430 717
f 15 140 141
f 428 429 717
f 15 141 142
f 427 428 717
f 15 142 143
f 426 427 717
f 15 143 144
f 425 426 717
f 15 144 145
f 425 717 718
f 424 425 718
f 15 145 146
f 15 146 147
f 423 424 718
f 15 147 148
f 422 423 718
f 15 148 149
f 421 422 718
f 15 149 150
f 420 421 718
f 14 15 150
f 14 150 151
f 419 420 718
f 14 151 152
f 418 419 718
f 14 152 153
f 417 418 718
f 14 153 154
f 416 417 718
f 416 718 719
f 415 416 719
f 14 154 155
f 414 415 719
f 14 155 156
f 413 414 719
f 14 156 157
f 412 413 719
f 14 157 158
f 411 412 719
f 14 158 159
f 410 411 719
f 14 159 160
f 409 410 719
f 409 719 720
f 14 160 161
f 408 409 720
f 14 161 162
f 407 408 720
f 406 407 720
f 14 162 163
f 405 406 720
f 14 163 164
f 405 720 721
f 404 405 721
f 14 164 165
f 403 404 721
f 403 721 722
f 403 722 723
f 403 723 724
f 403 724 725
f 403 725 726
f 403 726 727
f 403 727 728
f 403 728 729
f 14 165 166
f 403 729 730
f 403 730 731
f 403 731 732
f 403 732 733
f 403 733 734
f 403 734 735
f 403 735 736
f 403 736 737
f 403 737 738
f 403 738 739
f 403 739 740
f 403 740 741
f 403 741 742
f 403 742 743
f 403 743 744
f 403 744 745
f 403 745 764
f 764 745 763
f 763 745 746
f 403 764 765
f 403 765 766
f 762 763 746
f 403 766 767
f 761 762 746
f 403 767 785
f 785 767 784
f 784 767 768
f 760 761 746
f 783 784 768
f 403 785 786
f 782 783 768
f 403 786 787
f 759 760 746
f 759 746 747
f 782 768 769
f 781 782 769
f 403 787 788
f 402 403 788
f 780 781 769
f 758 759 747
f 779 780 769
f 402 788 789
f 779 769 770
f 757 758 747
f 757 747 748
f 778 779 770
f 756 757 748
f 777 778 770
f 777 770 771
f 402 789 790
f 755 756 748
f 776 777 771
f 755 748 749
f 776 771 772
f 775 776 772
f 754 755 749
f 774 775 772
f 774 772 773
f 754 749 750
f 753 754 750
f 14 166 167
f 402 790 791
f 753 750 751
f 752 753 751
f 402 791 792
f 401 402 792
f 401 792 793
f 13 14 167
f 401 793 794
f 401 794 795
f 13 167 168
f 401 795 796
f 401 796 797
f 401 797 798
f 401 798 799
f 401 799 800
f 401 800 801
f 401 801 802
f 401 802 803
f 400 401 803
f 400 803 804
f 400 804 805
f 400 805 806
f 400 806 807
f 400 807 808
f 400 808 809
f 400 809 810
f 13 168 169
f 400 810 811
f 400 811 812
f 400 812 813
f 400 813 814
f 400 814 815
f 399 400 815
f 399 815 816
f 399 816 817
f 399 817 818
f 13 169 170
f 398 399 818
f 398 818 819
f 13 170 171
f 397 398 819
f 397 819 820
f 13 171 172
f 396 397 820
f 13 172 173
f 396 820 821
f 395 396 821
f 13 173 174
f 394 395 821
f 394 821 822
f 13 174 175
f 393 394 822
f 13 175 176
f 392 393 822
f 392 822 823
f 13 176 177
f 391 392 823
f 391 823 824
f 13 177 178
f 390 391 824
f 389 390 824
f 13 178 179
f 388 389 824
f 388 824 825
f 13 179 180
f 387 388 825
f 13 180 181
f 386 387 825
f 13 181 182
f 386 825 826
f 385 386 826
f 13 182 183
f 384 385 826
f 13 183 184
f 383 384 826
f 383 826 827
f 382 383 827
f 13 184 185
f 12 13 185
f 381 382 827
f 12 185 186
f 380 381 827
f 380 827 828
f 12 186 187
f 379 380 828
f 12 187 188
f 378 379 828
f 377 378 828
f 377 828 829
f 12 188 189
f 376 377 829
f 12 189 190
f 375 376 829
f 12 190 191
f 374 375 829
f 374 829 830
f 12 191 192
f 373 374 830
f 372 373 830
f 12 192 193
f 371 372 830
f 371 830 831
f 12 193 194
f 370 371 831
f 12 194 195
f 369 370 831
f 368 369 831
f 12 195 196
f 368 831 832
f 367 368 832
f 12 196 197
f 366 367 832
f 12 197 198
f 365 366 832
f 365 832 833
f 12 198 199
f 364 365 833
f 12 199 200
f 363 364 833
f 12 200 201
f 363 833 834
f 362 363 834
f 12 201 202
f 361 362 834
f 12 202 203
f 360 361 834
f 360 834 835
f 12 203 204
f 359 360 835
f 12 204 205
f 358 359 835
f 11 12 205
f 11 205 206
f 357 358 835
f 357 835 836
f 11 206 207
f 356 357 836
f 355 356 836
f 11 207 208
f 354 355 836
f 11 208 209
f 354 836 837
f 353 354 837
f 11 209 210
f 352 353 837
f 11 210 211
f 351 352 837
f 351 837 838
f 11 211 212
f 350 351 838
f 11 212 213
f 349 350 838
f 11 213 214
f 348 349 838
f 348 838 839
f 347 348 839
f 11 214 215
f 346 347 839
f 11 215 216
f 345 346 839
f 11 216 217
f 345 839 840
f 344 345 840
f 11 217 218
f 343 344 840
f 11 218 219
f 342 343 840
f 11 219 220
f 341 342 840
f 341 840 841
f 11 220 221
f 340 341 841
f 339 340 841
f 11 221 222
f 338 339 841
f 11 222 223
f 338 841 842
f 337 338 842
f 11 223 224
f 336 337 842
f 11 224 225
f 335 336 842
f 11 225 226
f 335 842 843
f 334 335 843
f 11 226 227
f 333 334 843
f 11 227 228
f 332 333 843
f 331 332 843
f 11 228 229
f 331 843 844
f 330 331 844
f 10 11 229
f 10 229 230
f 329 330 844
f 10 230 231
f 328 329 844
f 10 231 232
f 327 328 844
f 327 844 845
f 326 327 845
f 10 232 233
f 325 326 845
f 10 233 234
f 324 325 845
f 10 234 235
f 323 324 845
f 323 845 846
f 322 323 846
f 10 235 236
f 321 322 846
f 10 236 237
f 320 321 846
f 10 237 238
f 319 320 846
f 319 846 847
f 10 238 239
f 318 319 847
f 10 239 240
f 317 318 847
f 316 317 847
f 10 240 241
f 316 847 848
f 315 316 848
f 10 241 242
f 314 315 848
f 10 242 243
f 313 314 848
f 10 243 244
f 312 313 848
f 10 244 245
f 312 848 849
f 10 245 246
f 311 312 849
f 10 246 247
f 310 311 849
f 10 247 248
f 309 310 849
f 10 248 249
f 10 249 250
f 308 309 849
f 308 849 850
f 10 250 251
f 307 308 850
f 10 251 252
f 10 252 253
f 306 307 850
f 10 253 254
f 10 254 255
f 10 255 256
f 305 306 850
f 10 256 257
f 10 257 258
f 10 258 259
f 266 267 268
f 304 305 850
f 265 266 268
f 265 268 269
f 10 259 260
f 265 269 270
f 264 265 270
f 10 260 261
f 263 264 270
f 263 270 271
f 10 261 262
f 262 263 271
f 10 262 271
f 10 271 272
f 10 272 273
f 10 273 274
f 304 850 851
f 303 304 851
f 10 274 275
f 10 275 276
f 10 276 277
f 302 303 851
f 10 277 278
f 10 278 279
f 10 279 280
f 301 302 851
f 10 280 281
f 10 281 282
f 300 301 851
f 10 282 283
f 299 300 851
f 10 283 284
f 10 284 285
f 298 299 851
f 10 285 286
f 10 286 287
f 297 298 851
f 10 287 288
f 296 297 851
f 10 288 289
f 295 296 851
f 10 289 290
f 294 295 851
f 10 290 291
f 293 294 851
f 10 291 292
f 292 293 851
f 10 292 851
f 10 851 852
f 10 852 853
f 9 10 853
f 9 853 854
f 9 854 855
f 9 855 856
f 9 856 857
f 9 857 858
f 9 858 859
f 9 859 860
f 9 860 861
f 9 861 862
f 8 9 862
f 8 862 863
f 8 863 864
f 8 864 865
f 8 865 866
f 8 866 867
f 8 867 868
f 8 868 869
f 8 869 870
f 8 870 871
f 7 8 871
f 7 871 872
f 7 872 873
f 7 873 874
f 7 874 875
f 7 875 876
f 7 876 877
f 7 877 878
f 7 878 879
f 7 879 880
f 6 7 880
f 6 880 881
f 6 881 882
f 6 882 883
f 6 883 884
f 6 884 885
f 6 885 886
f 6 886 887
f 6 887 888
f 5 6 888
f 5 888 889
f 5 889 890
f 5 890 891
f 5 891 892
f 5 892 893
f 5 893 894
f 5 894 895
f 4 5 895
f 4 895 896
f 4 896 897
f 4 897 898
f 4 898 899
f 4 899 900
f 4 900 901
f 3 4 901
f 3 901 902
f 3 902 903
f 3 903 904
f 3 904 905
f 2 3 905
f 2 905 906
f 2 906 907
f 2 907 908
f 1 2 1392
f 1392 2 1391
f 1391 2 1390
f 1390 2 1389
f 1389 2 1388
f 1388 2 1387
f 1387 2 908
f 1386 1387 908
f 1385 1386 908
f 1384 1385 908
f 1383 1384 908
f 1382 1383 908
f 1382 908 909
f 1381 1382 909
f 1380 1381 909
f 1379 1380 909
f 1378 1379 909
f 1378 909 910
f 1377 1378 910
f 1376 1377 910
f 1375 1376 910
f 1375 910 911
f 1374 1375 911
f 1373 1374 911
f 1372 1373 911
f 1372 911 912
f 1371 1372 912
f 1370 1371 912
f 1370 912 913
f 1369 1370 913
f 1369 913 914
f 1368 1369 914
f 1367 1368 914
f 1367 914 915
f 1366 1367 915
f 1365 1366 915
f 1365 915 916
f 1364 1365 916
f 1364 916 917
f 1363 1364 917
f 1362 1363 917
f 1362 917 918
f 1361 1362 918
f 1361 918 919
f 1360 1361 919
f 1359 1360 919
f 1359 919 920
f 1358 1359 920
f 1358 920 921
f 1357 1358 921
f 1357 921 922
f 1356 1357 922
f 1355 1356 922
f 1355 922 923
f 1354 1355 923
f 1354 923 924
f 1353 1354 924
f 1353 924 925
f 1352 1353 925
f 1351 1352 925
f 1351 925 926
f 1350 1351 926
f 1350 926 927
f 1349 1350 927
f 1349 927 928
f 1348 1349 928
f 1347 1348 928
f 1347 928 929
f 1346 1347 929
f 1346 929 930
f 1345 1346 930
f 1345 930 931
f 1344 1345 931
f 1344 931 932
f 1343 1344 932
f 1342 1343 932
f 1342 932 933
f 1341 1342 933
f 1341 933 934
f 1340 1341 934
f 1340 934 935
f 1339 1340 935
f 1339 935 936
f 1338 1339 936
f 1337 1338 936
f 1337 936 937
f 1336 1337 937
f 1336 937 938
f 1335 1336 938
f 1335 938 939
f 1334 1335 939
f 1334 939 940
f 1333 1334 940
f 1333 940 941
f 1332 1333 941
f 1331 1332 941
f 1331 941 942
f 1330 1331 942
f 1330 942 943
f 1329 1330 943
f 1329 943 944
f 1328 1329 944
f 1328 944 945
f 1327 1328 945
f 1327 945 946
f 1326 1327 946
f 1325 1326 946
f 1325 946 947
f 1324 1325 947
f 1324 947 948
f 1323 1324 948
f 1323 948 949
f 1322 1323 949
f 1322 949 950
f 1321 1322 950
f 1320 1321 950
f 1320 950 951
f 1319 1320 951
f 1319 951 952
f 1318 1319 952
f 1318 952 953
f 1317 1318 953
f 1317 953 954
f 1316 1317 954
f 1315 1316 954
f 1315 954 955
f 1314 1315 955
f 1314 955 956
f 1313 1314 956
f 1313 956 957
f 1312 1313 957
f 1312 957 958
f 1311 1312 958
f 1311 958 959
f 1310 1311 959
f 1310 959 960
f 1309 1310 960
f 1309 960 961
f 1308 1309 961
f 1308 961 962
f 1307 1308 962
f 1307 962 963
f 1306 1307 963
f 1305 1306 963
f 1305 963 964
f 1304 1305 964
f 1304 964 965
f 1303 1304 965
f 1303 965 966
f 1302 1303 966
f 1302 966 967
f 1301 1302 967
f 1301 967 968
f 1300 1301 968
f 1300 968 969
f 1299 1300 969
f 1299 969 970
f 1298 1299 970
f 1298 970 971
f 1297 1298 971
f 1297 971 972
f 1296 1297 972
f 1296 972 973
f 1295 1296 973
f 1295 973 974
f 1294 1295 974
f 1294 974 975
f 1293 1294 975
f 1293 975 976
f 1292 1293 976
f 1291 1292 976
f 1291 976 977
f 1290 1291 977
f 1290 977 978
f 1289 1290 978
f 1289 978 979
f 1288 1289 979
f 1288 979 980
f 1287 1288 980
f 1287 980 981
f 1286 1287 981
f 1286 981 982
f 1285 1286 982
f 1285 982 983
f 1284 1285 983
f 1284 983 984
f 1283 1284 984
f 1283 984 985
f 1282 1283 985
f 1281 1282 985
f 1281 985 986
f 1280 1281 986
f 1280 986 987
f 1279 1280 987
f 1279 987 988
f 1278 1279 988
f 1278 988 989
f 1277 1278 989
f 1277 989 990
f 1276 1277 990
f 1276 990 991
f 1275 1276 991
f 1275 991 992
f 1274 1275 992
f 1274 992 993
f 1273 1274 993
f 1273 993 994
f 1272 1273 994
f 1271 1272 994
f 1271 994 995
f 1270 1271 995
f 1270 995 996
f 1269 1270 996
f 1269 996 997
f 1268 1269 997
f 1268 997 998
f 1267 1268 998
f 1267 998 999
f 1266 1267 999
f 1266 999 1000
f 1265 1266 1000
f 1265 1000 1001
f 1264 1265 1001
f 1264 1001 1002
f 1264 1002 1003
f 1263 1264 1003
f 1263 1003 1004
f 1262 1263 1004
f 1262 1004 1005
f 1261 1262 1005
f 1261 1005 1006
f 1260 1261 1006
f 1260 1006 1007
f 1259 1260 1007
f 1259 1007 1008
f 1258 1259 1008
f 1258 1008 1009
f 1257 1258 1009
f 1257 1009 1010
f 1256 1257 1010
f 1256 1010 1011
f 1256 1011 1012
f 1255 1256 1012
f 1255 1012 1013
f 1254 1255 1013
f 1254 1013 1014
f 1253 1254 1014
f 1253 1014 1015
f 1252 1253 1015
f 1252 1015 1016
f 1251 1252 1016
f 1251 1016 1017
f 1250 1251 1017
f 1250 1017 1018
f 1249 1250 1018
f 1249 1018 1019
f 1248 1249 1019
f 1248 1019 1020
f 1247 1248 1020
f 1247 1020 1021
f 1246 1247 1021
f 1246 1021 1022
f 1245 1246 1022
f 1245 1022 1023
f 1244 1245 1023
f 1244 1023 1024
f 1243 1244 1024
f 1243 1024 1025
f 1242 1243 1025
f 1242 1025 1026
f 1241 1242 1026
f 1241 1026 1027
f 1240 1241 1027
f 1240 1027 1028
f 1240 1028 1029
f 1239 1240 1029
f 1239 1029 1030
f 1238 1239 1030
f 1238 1030 1031
f 1237 1238 1031
f 1237 1031 1032
f 1236 1237 1032
f 1236 1032 1033
f 1235 1236 1033
f 1235 1033 1034
f 1234 1235 1034
f 1234 1034 1035
f 1234 1035 1036
f 1233 1234 1036
f 1233 1036 1037
f 1232 1233 1037
f 1232 1037 1038
f 1231 1232 1038
f 1231 1038 1039
f 1230 1231 1039
f 1230 1039 1040
f 1230 1040 1041
f 1229 1230 1041
f 1229 1041 1042
f 1228 1229 1042
f 1228 1042 1043
f 1227 1228 1043
f 1227 1043 1044
f 1226 1227 1044
f 1226 1044 1045
f 1226 1045 1046
f 1225 1226 1046
f 1225 1046 1047
f 1224 1225 1047
f 1224 1047 1048
f 1223 1224 1048
f 1223 1048 1049
f 1223 1049 1050
f 1222 1223 1050
f 1222 1050 1051
f 1221 1222 1051
f 1221 1051 1052
f 1220 1221 1052
f 1220 1052 1053
f 1219 1220 1053
f 1219 1053 1054
f 1218 1219 1054
f 1218 1054 1055
f 1217 1218 1055
f 1217 1055 1056
f 1216 1217 1056
f 1216 1056 1057
f 1215 1216 1057
f 1215 1057 1058
f 1214 1215 1058
f 1214 1058 1059
f 1213 1214 1059
f 1213 1059 1060
f 1212 1213 1060
f 1212 1060 1061
f 1211 1212 1061
f 1211 1061 1062
f 1211 1062 1063
f 1210 1211 1063
f 1210 1063 1064
f 1209 1210 1064
f 1209 1064 1065
f 1208 1209 1065
f 1208 1065 1066
f 1207 1208 1066
f 1207 1066 1067
f 1206 1207 1067
f 1206 1067 1068
f 1205 1206 1068
f 1205 1068 1069
f 1204 1205 1069
f 1204 1069 1070
f 1204 1070 1071
f 1203 1204 1071
f 1203 1071 1072
f 1202 1203 1072
f 1202 1072 1073
f 1201 1202 1073
f 1201 1073 1074
f 1200 1201 1074
f 1200 1074 1075
f 1199 1200 1075
f 1199 1075 1076
f 1198 1199 1076
f 1198 1076 1077
f 1197 1198 1077
f 1197 1077 1078
f 1197 1078 1079
f 1196 1197 1079
f 1196 1079 1080
f 1195 1196 1080
f 1195 1080 1081
f 1194 1195 1081
f 1194 1081 1082
f 1193 1194 1082
f 1193 1082 1083
f 1192 1193 1083
f 1192 1083 1084
f 1191 1192 1084
f 1191 1084 1085
f 1190 1191 1085
f 1190 1085 1086
f 1190 1086 1087
f 1189 1190 1087
f 1189 1087 1088
f 1188 1189 1088
f 1188 1088 1089
f 1187 1188 1089
f 1187 1089 1090
f 1186 1187 1090
f 1186 1090 1091
f 1186 1091 1092
f 1185 1186 1092
f 1185 1092 1093
f 1184 1185 1093
f 1184 1093 1094
f 1183 1184 1094
f 1183 1094 1095
f 1183 1095 1096
f 1182 1183 1096
f 1182 1096 1097
f 1181 1182 1097
f 1181 1097 1098
f 1180 1181 1098
f 1180 1098 1099
f 1179 1180 1099
f 1179 1099 1100
f 1178 1179 1100
f 1178 1100 1101
f 1178 1101 1102
f 1177 1178 1102
f 1177 1102 1103
f 1176 1177 1103
f 1176 1103 1104
f 1175 1176 1104
f 1175 1104 1105
f 1174 1175 1105
f 1174 1105 1106
f 1173 1174 1106
f 1172 1173 1106
f 1172 1106 1107
f 1171 1172 1107
f 1171 1107 1108
f 1170 1171 1108
f 1170 1108 1109
f 1169 1170 1109
f 1168 1169 1109
f 1168 1109 1110
f 1167 1168 1110
f 1167 1110 1111
f 1166 1167 1111
f 1165 1166 1111
f 1165 1111 1112
f 1164 1165 1112
f 1163 1164 1112
f 1162 1163 1112
f 1162 1112 1113
f 1161 1162 1113
f 1160 1161 1113
f 1159 1160 1151
f 1151 1160 1113
f 1159 1151 1152
f 1150 1151 1113
f 1150 1113 1114
f 1159 1152 1153
f 1149 1150 1114
f 1158 1159 1153
f 1148 1149 1114
f 1158 1153 1154
f 1157 1158 1154
f 1157 1154 1155
f 1147 1148 1114
f 1156 1157 1155
f 1146 1147 1114
f 1145 1146 1114
f 1144 1145 1114
f 1144 1114 1115
f 1143 1144 1115
f 1142 1143 1115
f 1141 1142 1115
f 1141 1115 1116
f 1140 1141 1116
f 1139 1140 1116
f 1138 1139 1116
f 1138 1116 1117
f 1137 1138 1117
f 1136 1137 1117
f 1136 1117 1118
f 1135 1136 1118
f 1135 1118 1119
f 1134 1135 1119
f 1133 1134 1119
f 1133 1119 1120
f 1132 1133 1120
f 1131 1132 1120
f 1131 1120 1121
f 1130 1131 1121
f 1130 1121 1122
f 1129 1130 1122
f 1129 1122 1123
f 1128 1129 1123
f 1128 1123 1124
f 1127 1128 1124
f 1127 1124 1125
f 1126 1127 1125
f 2088 2090 2089
f 2087 2090 2088
f 2086 2090 2087
f 2085 2090 2086
f 2084 2090 2085
f 2083 2090 2084
f 2082 2090 2083
f 2081 2090 2082
f 2080 2090 2081
f 2079 2090 2080
f 2078 2090 2079
f 2077 2090 2078
f 2076 2090 2077
f 2075 2090 2076
f 2074 2090 2075
f 2073 2090 2074
f 2072 2090 2073
f 2071 2090 2072
f 2070 2090 2071
f 2069 2090 2070
f 2068 2090 2069
f 2067 2090 2068
f 2066 2090 2067
f 2065 2090 2066
f 2064 2090 2065
f 2045 2047 2046
f 2044 2047 2045
f 2044 2048 2047
f 2043 2048 2044
f 2043 2049 2048
f 2042 2049 2043
f 2042 2050 2049
f 2025 2027 2026
f 2024 2027 2025
f 2024 2028 2027
f 2023 2028 2024
f 2042 2051 2050
f 2063 2090 2064
f 2041 2051 2042
f 2023 2029 2028
f 2022 2029 2023
f 2022 2030 2029
f 2041 2052 2051
f 2022 2031 2030
f 2021 2031 2022
f 2040 2052 2041
f 2040 2053 2052
f 2062 2090 2063
f 2021 2032 2031
f 2040 2054 2053
f 2021 2033 2032
f 2039 2054 2040
f 2020 2033 2021
f 2039 2055 2054
f 2020 2034 2033
f 2061 2090 2062
f 2038 2055 2039
f 2020 2035 2034
f 2038 2056 2055
f 2020 2036 2035
f 2037 2056 2038
f 2060 2090 2061
f 2020 2037 2036
f 2020 2056 2037
f 2020 2057 2056
f 2019 2057 2020
f 2059 2090 2060
f 2019 2058 2057
f 2058 2090 2059
f 2019 2090 2058
f 2019 2091 2090
f 2018 2091 2019
f 2017 2091 2018
f 2016 2091 2017
f 2015 2091 2016
f 2014 2091 2015
f 2013 2091 2014
f 2012 2091 2013
f 2011 2091 2012
f 2010 2091 2011
f 2009 2091 2010
f 2008 2091 2009
f 2007 2091 2008
f 2006 2091 2007
f 2005 2091 2006
f 2004 2091 2005
f 2003 2091 2004
f 2002 2091 2003
f 2001 2091 2002
f 2000 2091 2001
f 1999 2091 2000
f 1998 2091 1999
f 1997 2091 1998
f 1996 2091 1997
f 1995 2091 1996
f 1994 2091 1995
f 1993 2091 1994
f 1992 2091 1993
f 1991 2091 1992
f 1991 2092 2091
f 1990 2092 1991
f 1989 2092 1990
f 1988 2092 1989
f 1987 2092 1988
f 1987 2093 2092
f 1986 2093 1987
f 1985 2093 1986
f 1984 2093 1985
f 1983 2093 1984
f 1982 2093 1983
f 1982 2094 2093
f 1981 2094 1982
f 1980 2094 1981
f 1979 2094 1980
f 1978 2094 1979
f 1977 2094 1978
f 1977 2095 2094
f 1976 2095 1977
f 1975 2095 1976
f 1974 2095 1975
f 1973 2095 1974
f 1972 2095 1973
f 1972 2096 2095
f 1971 2096 1972
f 1970 2096 1971
f 1969 2096 1970
f 1968 2096 1969
f 1967 2096 1968
f 1966 2096 1967
f 1965 2096 1966
f 1964 2096 1965
f 1964 2097 2096
f 1963 2097 1964
f 1962 2097 1963
f 1961 2097 1962
f 1960 2097 1961
f 1959 2097 1960
f 1958 2097 1959
f 1957 2097 1958
f 1956 2097 1957
f 1956 2098 2097
f 1955 2098 1956
f 1954 2098 1955
f 1953 2098 1954
f 1952 2098 1953
f 1951 2098 1952
f 1950 2098 1951
f 1949 2098 1950
f 1948 2098 1949
f 1947 2098 1948
f 1947 2099 2098
f 1946 2099 1947
f 1945 2099 1946
f 1944 2099 1945
f 1943 2099 1944
f 1942 2099 1943
f 1941 2099 1942
f 1940 2099 1941
f 1939 2099 1940
f 1938 2099 1939
f 1937 2099 1938
f 1937 2100 2099
f 1936 2100 1937
f 1935 2100 1936
f 1934 2100 1935
f 1933 2100 1934
f 1932 2100 1933
f 1931 2100 1932
f 1930 2100 1931
f 1929 2100 1930
f 1928 2100 1929
f 1927 2100 1928
f 1926 2100 1927
f 1926 2101 2100
f 1925 2101 1926
f 1924 2101 1925
f 1923 2101 1924
f 1922 2101 1923
f 1921 2101 1922
f 1920 2101 1921
f 1919 2101 1920
f 1918 2101 1919
f 1917 2101 1918
f 1916 2101 1917
f 1915 2101 1916
f 1914 2101 1915
f 1914 2102 2101
f 1913 2102 1914
f 1912 2102 1913
f 1911 2102 1912
f 1910 2102 1911
f 1909 2102 1910
f 1908 2102 1909
f 1907 2102 1908
f 1906 2102 1907
f 1905 2102 1906
f 1904 2102 1905
f 1903 2102 1904
f 1902 2102 1903
f 1902 2103 2102
f 1422 1424 1423
f 1422 1425 1424
f 1421 1425 1422
f 1421 1426 1425
f 1420 1426 1421
f 1420 1427 1426
f 1419 1427 1420
f 1419 1428 1427
f 1901 2103 1902
f 1418 1428 1419
f 1418 1429 1428
f 1418 1430 1429
f 1417 1430 1418
f 1417 1431 1430
f 1416 1431 1417
f 1416 1432 1431
f 1900 2103 1901
f 1416 1433 1432
f 1416 1434 1433
f 1415 1434 1416
f 1415 1435 1434
f 1899 2103 1900
f 1415 1436 1435
f 1415 1437 1436
f 1415 1438 1437
f 1898 2103 1899
f 1415 1439 1438
f 1415 1440 1439
f 1897 2103 1898
f 1415 1441 1440
f 1414 1441 1415
f 1896 2103 1897
f 1414 1442 1441
f 1414 1443 1442
f 1895 2103 1896
f 1414 1444 1443
f 1414 1445 1444
f 1894 2103 1895
f 1414 1446 1445
f 1893 2103 1894
f 1414 1447 1446
f 1414 1448 1447
f 1892 2103 1893
f 1413 1448 1414
f 1413 1449 1448
f 1891 2103 1892
f 1413 1450 1449
f 1413 1451 1450
f 1890 2103 1891
f 1413 1452 1451
f 1890 2104 2103
f 1889 2104 1890
f 1413 1453 1452
f 1888 2104 1889
f 1413 1454 1453
f 1413 1455 1454
f 1887 2104 1888
f 1413 1456 1455
f 1886 2104 1887
f 1413 1457 1456
f 1412 1457 1413
f 1885 2104 1886
f 1412 1458 1457
f 1412 1459 1458
f 1884 2104 1885
f 1412 1460 1459
f 1883 2104 1884
f 1412 1461 1460
f 1882 2104 1883
f 1412 1462 1461
f 1412 1463 1462
f 1881 2104 1882
f 1412 1464 1463
f 1880 2104 1881
f 1412 1465 1464
f 1879 2104 1880
f 1412 1466 1465
f 1878 2104 1879
f 1412 1467 1466
f 1412 1468 1467
f 1877 2104 1878
f 1411 1468 1412
f 1877 2105 2104
f 1411 1469 1468
f 1876 2105 1877
f 1411 1470 1469
f 1875 2105 1876
f 1411 1471 1470
f 1874 2105 1875
f 1411 1472 1471
f 1411 1473 1472
f 1873 2105 1874
f 1411 1474 1473
f 1872 2105 1873
f 1411 1475 1474
f 1871 2105 1872
f 1411 1476 1475
f 1870 2105 1871
f 1411 1477 1476
f 1869 2105 1870
f 1411 1478 1477
f 1411 1479 1478
f 1868 2105 1869
f 1411 1480 1479
f 1867 2105 1868
f 1410 1480 1411
f 1410 1481 1480
f 1866 2105 1867
f 1410 1482 1481
f 1865 2105 1866
f 1410 1483 1482
f 1864 2105 1865
f 1410 1484 1483
f 1864 2106 2105
f 1410 1485 1484
f 1863 2106 1864
f 1410 1486 1485
f 1862 2106 1863
f 1410 1487 1486
f 1861 2106 1862
f 1410 1488 1487
f 1860 2106 1861
f 1410 1489 1488
f 1410 1490 1489
f 1859 2106 1860
f 1410 1491 1490
f 1858 2106 1859
f 1410 1492 1491
f 1857 2106 1858
f 1410 1493 1492
f 1856 2106 1857
f 1410 1494 1493
f 1409 1494 1410
f 1409 1495 1494
f 1855 2106 1856
f 1409 1496 1495
f 1854 2106 1855
f 1409 1497 1496
f 1853 2106 1854
f 1409 1498 1497
f 1852 2106 1853
f 1409 1499 1498
f 1851 2106 1852
f 1409 1500 1499
f 1851 2107 2106
f 1850 2107 1851
f 1409 1501 1500
f 1849 2107 1850
f 1409 1502 1501
f 1848 2107 1849
f 1409 1503 1502
f 1847 2107 1848
f 1409 1504 1503
f 1409 1505 1504
f 1846 2107 1847
f 1409 1506 1505
f 1845 2107 1846
f 1409 1507 1506
f 1844 2107 1845
f 1409 1508 1507
f 1843 2107 1844
f 1409 1509 1508
f 1842 2107 1843
f 1408 1509 1409
f 1408 1510 1509
f 1841 2107 1842
f 1408 1511 1510
f 1840 2107 1841
f 1408 1512 1511
f 1839 2107 1840
f 1408 1513 1512
f 1838 2107 1839
f 1838 2108 2107
f 1408 1514 1513
f 1837 2108 1838
f 1408 1515 1514
f 1836 2108 1837
f 1408 1516 1515
f 1835 2108 1836
f 1408 1517 1516
f 1834 2108 1835
f 1408 1518 1517
f 1408 1519 1518
f 1833 2108 1834
f 1408 1520 1519
f 1832 2108 1833
f 1408 1521 1520
f 1831 2108 1832
f 1408 1522 1521
f 1830 2108 1831
f 1408 1523 1522
f 1829 2108 1830
f 1408 1524 1523
f 1828 2108 1829
f 1408 1525 1524
f 1827 2108 1828
f 1407 1525 1408
f 1407 1526 1525
f 1827 2109 2108
f 1826 2109 1827
f 1407 1527 1526
f 1825 2109 1826
f 1407 1528 1527
f 1407 1529 1528
f 1824 2109 1825
f 1407 1530 1529
f 1823 2109 1824
f 1407 1531 1530
f 1822 2109 1823
f 1407 1532 1531
f 1821 2109 1822
f 1407 1533 1532
f 1820 2109 1821
f 1407 1534 1533
f 1819 2109 1820
f 1407 1535 1534
f 1818 2109 1819
f 1407 1536 1535
f 1817 2109 1818
f 1407 1537 1536
f 1817 2110 2109
f 1816 2110 1817
f 1407 1538 1537
f 1407 1539 1538
f 1815 2110 1816
f 1407 1540 1539
f 1814 2110 1815
f 1407 1541 1540
f 1813 2110 1814
f 1407 1542 1541
f 1812 2110 1813
f 1406 1542 1407
f 1406 1543 1542
f 1811 2110 1812
f 1406 1544 1543
f 1810 2110 1811
f 1406 1545 1544
f 1809 2110 1810
f 1406 1546 1545
f 1808 2110 1809
f 1808 2111 2110
f 1807 2111 1808
f 1406 1547 1546
f 1806 2111 1807
f 1406 1548 1547
f 1805 2111 1806
f 1406 1549 1548
f 1804 2111 1805
f 1406 1550 1549
f 1803 2111 1804
f 1406 1551 1550
f 1802 2111 1803
f 1406 1552 1551
f 1801 2111 1802
f 1801 2112 2111
f 1406 1553 1552
f 1800 2112 1801
f 1406 1554 1553
f 1799 2112 1800
f 1798 2112 1799
f 1406 1555 1554
f 1797 2112 1798
f 1406 1556 1555
f 1797 2113 2112
f 1796 2113 1797
f 1406 1557 1556
f 1795 2113 1796
f 1795 2114 2113
f 1795 2115 2114
f 1795 2116 2115
f 1795 2117 2116
f 1795 2118 2117
f 1795 2119 2118
f 1795 2120 2119
f 1795 2121 2120
f 1406 1558 1557
f 1795 2122 2121
f 1795 2123 2122
f 1795 2124 2123
f 1795 2125 2124
f 1795 2126 2125
f 1795 2127 2126
f 1795 2128 2127
f 1795 2129 2128
f 1795 2130 2129
f 1795 2131 2130
f 1795 2132 2131
f 1795 2133 2132
f 1795 2134 2133
f 1795 2135 2134
f 1795 2136 2135
f 1795 2137 2136
f 1795 2156 2137
f 2156 2155 2137
f 2155 2138 2137
f 1795 2157 2156
f 1795 2158 2157
f 2154 2138 2155
f 1795 2159 2158
f 2153 2138 2154
f 1795 2177 2159
f 2177 2176 2159
f 2176 2160 2159
f 2152 2138 2153
f 2175 2160 2176
f 1795 2178 2177
f 2174 2160 2175
f 1795 2179 2178
f 2151 2138 2152
f 2151 2139 2138
f 2174 2161 2160
f 2173 2161 2174
f 1795 2180 2179
f 1794 2180 1795
f 2172 2161 2173
f 2150 2139 2151
f 2171 2161 2172
f 1794 2181 2180
f 2171 2162 2161
f 2149 2139 2150
f 2149 2140 2139
f 2170 2162 2171
f 2148 2140 2149
f 2169 2162 2170
f 2169 2163 2162
f 1794 2182 2181
f 2147 2140 2148
f 2168 2163 2169
f 2147 2141 2140
f 2168 2164 2163
f 2167 2164 2168
f 2146 2141 2147
f 2166 2164 2167
f 2166 2165 2164
f 2146 2142 2141
f 2145 2142 2146
f 1406 1559 1558
f 1794 2183 2182
f 2145 2143 2142
f 2144 2143 2145
f 1794 2184 2183
f 1793 2184 1794
f 1793 2185 2184
f 1405 1559 1406
f 1793 2186 2185
f 1793 2187 2186
f 1405 1560 1559
f 1793 2188 2187
f 1793 2189 2188
f 1793 2190 2189
f 1793 2191 2190
f 1793 2192 2191
f 1793 2193 2192
f 1793 2194 2193
f 1793 2195 2194
f 1792 2195 1793
f 1792 2196 2195
f 1792 2197 2196
f 1792 2198 2197
f 1792 2199 2198
f 1792 2200 2199
f 1792 2201 2200
f 1792 2202 2201
f 1405 1561 1560
f 1792 2203 2202
f 1792 2204 2203
f 1792 2205 2204
f 1792 2206 2205
f 1792 2207 2206
f 1791 2207 1792
f 1791 2208 2207
f 1791 2209 2208
f 1791 2210 2209
f 1405 1562 1561
f 1790 2210 1791
f 1790 2211 2210
f 1405 1563 1562
f 1789 2211 1790
f 1789 2212 2211
f 1405 1564 1563
f 1788 2212 1789
f 1405 1565 1564
f 1788 2213 2212
f 1787 2213 1788
f 1405 1566 1565
f 1786 2213 1787
f 1786 2214 2213
f 1405 1567 1566
f 1785 2214 1786
f 1405 1568 1567
f 1784 2214 1785
f 1784 2215 2214
f 1405 1569 1568
f 1783 2215 1784
f 1783 2216 2215
f 1405 1570 1569
f 1782 2216 1783
f 1781 2216 1782
f 1405 1571 1570
f 1780 2216 1781
f 1780 2217 2216
f 1405 1572 1571
f 1779 2217 1780
f 1405 1573 1572
f 1778 2217 1779
f 1405 1574 1573
f 1778 2218 2217
f 1777 2218 1778
f 1405 1575 1574
f 1776 2218 1777
f 1405 1576 1575
f 1775 2218 1776
f 1775 2219 2218
f 1774 2219 1775
f 1405 1577 1576
f 1404 1577 1405
f 1773 2219 1774
f 1404 1578 1577
f 1772 2219 1773
f 1772 2220 2219
f 1404 1579 1578
f 1771 2220 1772
f 1404 1580 1579
f 1770 2220 1771
f 1769 2220 1770
f 1769 2221 2220
f 1404 1581 1580
f 1768 2221 1769
f 1404 1582 1581
f 1767 2221 1768
f 1404 1583 1582
f 1766 2221 1767
f 1766 2222 2221
f 1404 1584 1583
f 1765 2222 1766
f 1764 2222 1765
f 1404 1585 1584
f 1763 2222 1764
f 1763 2223 2222
f 1404 1586 1585
f 1762 2223 1763
f 1404 1587 1586
f 1761 2223 1762
f 1760 2223 1761
f 1404 1588 1587
f 1760 2224 2223
f 1759 2224 1760
f 1404 1589 1588
f 1758 2224 1759
f 1404 1590 1589
f 1757 2224 1758
f 1757 2225 2224
f 1404 1591 1590
f 1756 2225 1757
f 1404 1592 1591
f 1755 2225 1756
f 1404 1593 1592
f 1755 2226 2225
f 1754 2226 1755
f 1404 1594 1593
f 1753 2226 1754
f 1404 1595 1594
f 1752 2226 1753
f 1752 2227 2226
f 1404 1596 1595
f 1751 2227 1752
f 1404 1597 1596
f 1750 2227 1751
f 1403 1597 1404
f 1403 1598 1597
f 1749 2227 1750
f 1749 2228 2227
f 1403 1599 1598
f 1748 2228 1749
f 1747 2228 1748
f 1403 1600 1599
f 1746 2228 1747
f 1403 1601 1600
f 1746 2229 2228
f 1745 2229 1746
f 1403 1602 1601
f 1744 2229 1745
f 1403 1603 1602
f 1743 2229 1744
f 1743 2230 2229
f 1403 1604 1603
f 1742 2230 1743
f 1403 1605 1604
f 1741 2230 1742
f 1403 1606 1605
f 1740 2230 1741
f 1740 2231 2230
f 1739 2231 1740
f 1403 1607 1606
f 1738 2231 1739
f 1403 1608 1607
f 1737 2231 1738
f 1403 1609 1608
f 1737 2232 2231
f 1736 2232 1737
f 1403 1610 1609
f 1735 2232 1736
f 1403 1611 1610
f 1734 2232 1735
f 1403 1612 1611
f 1733 2232 1734
f 1733 2233 2232
f 1403 1613 1612
f 1732 2233 1733
f 1731 2233 1732
f 1403 1614 1613
f 1730 2233 1731
f 1403 1615 1614
f 1730 2234 2233
f 1729 2234 1730
f 1403 1616 1615
f 1728 2234 1729
f 1403 1617 1616
f 1727 2234 1728
f 1403 1618 1617
f 1727 2235 2234
f 1726 2235 1727
f 1403 1619 1618
f 1725 2235 1726
f 1403 1620 1619
f 1724 2235 1725
f 1723 2235 1724
f 1403 1621 1620
f 1723 2236 2235
f 1722 2236 1723
f 1402 1621 1403
f 1402 1622 1621
f 1721 2236 1722
f 1402 1623 1622
f 1720 2236 1721
f 1402 1624 1623
f 1719 2236 1720
f 1719 2237 2236
f 1718 2237 1719
f 1402 1625 1624
f 1717 2237 1718
f 1402 1626 1625
f 1716 2237 1717
f 1402 1627 1626
f 1715 2237 1716
f 1715 2238 2237
f 1714 2238 1715
f 1402 1628 1627
f 1713 2238 1714
f 1402 1629 1628
f 1712 2238 1713
f 1402 1630 1629
f 1711 2238 1712
f 1711 2239 2238
f 1402 1631 1630
f 1710 2239 1711
f 1402 1632 1631
f 1709 2239 1710
f 1708 2239 1709
f 1402 1633 1632
f 1708 2240 2239
f 1707 2240 1708
f 1402 1634 1633
f 1706 2240 1707
f 1402 1635 1634
f 1705 2240 1706
f 1402 1636 1635
f 1704 2240 1705
f 1402 1637 1636
f 1704 2241 2240
f 1402 1638 1637
f 1703 2241 1704
f 1402 1639 1638
f 1702 2241 1703
f 1402 1640 1639
f 1701 2241 1702
f 1402 1641 1640
f 1402 1642 1641
f 1700 2241 1701
f 1700 2242 2241
f 1402 1643 1642
f 1699 2242 1700
f 1402 1644 1643
f 1402 1645 1644
f 1698 2242 1699
f 1402 1646 1645
f 1402 1647 1646
f 1402 1648 1647
f 1697 2242 1698
f 1402 1649 1648
f 1402 1650 1649
f 1402 1651 1650
f 1658 1660 1659
f 1696 2242 1697
f 1657 1660 1658
f 1657 1661 1660
f 1402 1652 1651
f 1657 1662 1661
f 1656 1662 1657
f 1402 1653 1652
f 1655 1662 1656
f 1655 1663 1662
f 1402 1654 1653
f 1654 1663 1655
f 1402 1663 1654
f 1402 1664 1663
f 1402 1665 1664
f 1402 1666 1665
f 1696 2243 2242
f 1695 2243 1696
f 1402 1667 1666
f 1402 1668 1667
f 1402 1669 1668
f 1694 2243 1695
f 1402 1670 1669
f 1402 1671 1670
f 1402 1672 1671
f 1693 2243 1694
f 1402 1673 1672
f 1402 1674 1673
f 1692 2243 1693
f 1402 1675 1674
f 1691 2243 1692
f 1402 1676 1675
f 1402 1677 1676
f 1690 2243 1691
f 1402 1678 1677
f 1402 1679 1678
f 1689 2243 1690
f 1402 1680 1679
f 1688 2243 1689
f 1402 1681 1680
f 1687 2243 1688
f 1402 1682 1681
f 1686 2243 1687
f 1402 1683 1682
f 1685 2243 1686
f 1402 1684 1683
f 1684 2243 1685
f 1402 2243 1684
f 1402 2244 2243
f 1402 2245 2244
f 1401 2245 1402
f 1401 2246 2245
f 1401 2247 2246
f 1401 2248 2247
f 1401 2249 2248
f 1401 2250 2249
f 1401 2251 2250
f 1401 2252 2251
f 1401 2253 2252
f 1401 2254 2253
f 1400 2254 1401
f 1400 2255 2254
f 1400 2256 2255
f 1400 2257 2256
f 1400 2258 2257
f 1400 2259 2258
f 1400 2260 2259
f 1400 2261 2260
f 1400 2262 2261
f 1400 2263 2262
f 1399 2263 1400
f 1399 2264 2263
f 1399 2265 2264
f 1399 2266 2265
f 1399 2267 2266
f 1399 2268 2267
f 1399 2269 2268
f 1399 2270 2269
f 1399 2271 2270
f 1399 2272 2271
f 1398 2272 1399
f 1398 2273 2272
f 1398 2274 2273
f 1398 2275 2274
f 1398 2276 2275
f 1398 2277 2276
f 1398 2278 2277
f 1398 2279 2278
f 1398 2280 2279
f 1397 2280 1398
f 1397 2281 2280
f 1397 2282 2281
f 1397 2283 2282
f 1397 2284 2283
f 1397 2285 2284
f 1397 2286 2285
f 1397 2287 2286
f 1396 2287 1397
f 1396 2288 2287
f 1396 2289 2288
f 1396 2290 2289
f 1396 2291 2290
f 1396 2292 2291
f 1396 2293 2292
f 1395 2293 1396
f 1395 2294 2293
f 1395 2295 2294
f 1395 2296 2295
f 1395 2297 2296
f 1394 2297 1395
f 1394 2298 2297
f 1394 2299 2298
f 1394 2300 2299
f 1393 2784 1394
f 2784 2783 1394
f 2783 2782 1394
f 2782 2781 1394
f 2781 2780 1394
f 2780 2779 1394
f 2779 2300 1394
f 2778 2300 2779
f 2777 2300 2778
f 2776 2300 2777
f 2775 2300 2776
f 2774 2300 2775
f 2774 2301 2300
f 2773 2301 2774
f 2772 2301 2773
f 2771 2301 2772
f 2770 2301 2771
f 2770 2302 2301
f 2769 2302 2770
f 2768 2302 2769
f 2767 2302 2768
f 2767 2303 2302
f 2766 2303 2767
f 2765 2303 2766
f 2764 2303 2765
f 2764 2304 2303
f 2763 2304 2764
f 2762 2304 2763
f 2762 2305 2304
f 2761 2305 2762
f 2761 2306 2305
f 2760 2306 2761
f 2759 2306 2760
f 2759 2307 2306
f 2758 2307 2759
f 2757 2307 2758
f 2757 2308 2307
f 2756 2308 2757
f 2756 2309 2308
f 2755 2309 2756
f 2754 2309 2755
f 2754 2310 2309
f 2753 2310 2754
f 2753 2311 2310
f 2752 2311 2753
f 2751 2311 2752
f 2751 2312 2311
f 2750 2312 2751
f 2750 2313 2312
f 2749 2313 2750
f 2749 2314 2313
f 2748 2314 2749
f 2747 2314 2748
f 2747 2315 2314
f 2746 2315 2747
f 2746 2316 2315
f 2745 2316 2746
f 2745 2317 2316
f 2744 2317 2745
f 2743 2317 2744
f 2743 2318 2317
f 2742 2318 2743
f 2742 2319 2318
f 2741 2319 2742
f 2741 2320 2319
f 2740 2320 2741
f 2739 2320 2740
f 2739 2321 2320
f 2738 2321 2739
f 2738 2322 2321
f 2737 2322 2738
f 2737 2323 2322
f 2736 2323 2737
f 2736 2324 2323
f 2735 2324 2736
f 2734 2324 2735
f 2734 2325 2324
f 2733 2325 2734
f 2733 2326 2325
f 2732 2326 2733
f 2732 2327 2326
f 2731 2327 2732
f 2731 2328 2327
f 2730 2328 2731
f 2729 2328 2730
f 2729 2329 2328
f 2728 2329 2729
f 2728 2330 2329
f 2727 2330 2728
f 2727 2331 2330
f 2726 2331 2727
f 2726 2332 2331
f 2725 2332 2726
f 2725 2333 2332
f 2724 2333 2725
f 2723 2333 2724
f 2723 2334 2333
f 2722 2334 2723
f 2722 2335 2334
f 2721 2335 2722
f 2721 2336 2335
f 2720 2336 2721
f 2720 2337 2336
f 2719 2337 2720
f 2719 2338 2337
f 2718 2338 2719
f 2717 2338 2718
f 2717 2339 2338
f 2716 2339 2717
f 2716 2340 2339
f 2715 2340 2716
f 2715 2341 2340
f 2714 2341 2715
f 2714 2342 2341
f 2713 2342 2714
f 2712 2342 2713
f 2712 2343 2342
f 2711 2343 2712
f 2711 2344 2343
f 2710 2344 2711
f 2710 2345 2344
f 2709 2345 2710
f 2709 2346 2345
f 2708 2346 2709
f 2707 2346 2708
f 2707 2347 2346
f 2706 2347 2707
f 2706 2348 2347
f 2705 2348 2706
f 2705 2349 2348
f 2704 2349 2705
f 2704 2350 2349
f 2703 2350 2704
f 2703 2351 2350
f 2702 2351 2703
f 2702 2352 2351
f 2701 2352 2702
f 2701 2353 2352
f 2700 2353 2701
f 2700 2354 2353
f 2699 2354 2700
f 2699 2355 2354
f 2698 2355 2699
f 2697 2355 2698
f 2697 2356 2355
f 2696 2356 2697
f 2696 2357 2356
f 2695 2357 2696
f 2695 2358 2357
f 2694 2358 2695
f 2694 2359 2358
f 2693 2359 2694
f 2693 2360 2359
f 2692 2360 2693
f 2692 2361 2360
f 2691 2361 2692
f 2691 2362 2361
f 2690 2362 2691
f 2690 2363 2362
f 2689 2363 2690
f 2689 2364 2363
f 2688 2364 2689
f 2688 2365 2364
f 2687 2365 2688
f 2687 2366 2365
f 2686 2366 2687
f 2686 2367 2366
f 2685 2367 2686
f 2685 2368 2367
f 2684 2368 2685
f 2683 2368 2684
f 2683 2369 2368
f 2682 2369 2683
f 2682 2370 2369
f 2681 2370 2682
f 2681 2371 2370
f 2680 2371 2681
f 2680 2372 2371
f 2679 2372 2680
f 2679 2373 2372
f 2678 2373 2679
f 2678 2374 2373
f 2677 2374 2678
f 2677 2375 2374
f 2676 2375 2677
f 2676 2376 2375
f 2675 2376 2676
f 2675 2377 2376
f 2674 2377 2675
f 2673 2377 2674
f 2673 2378 2377
f 2672 2378 2673
f 2672 2379 2378
f 2671 2379 2672
f 2671 2380 2379
f 2670 2380 2671
f 2670 2381 2380
f 2669 2381 2670
f 2669 2382 2381
f 2668 2382 2669
f 2668 2383 2382
f 2667 2383 2668
f 2667 2384 2383
f 2666 2384 2667
f 2666 2385 2384
f 2665 2385 2666
f 2665 2386 2385
f 2664 2386 2665
f 2663 2386 2664
f 2663 2387 2386
f 2662 2387 2663
f 2662 2388 2387
f 2661 2388 2662
f 2661 2389 2388
f 2660 2389 2661
f 2660 2390 2389
f 2659 2390 2660
f 2659 2391 2390
f 2658 2391 2659
f 2658 2392 2391
f 2657 2392 2658
f 2657 2393 2392
f 2656 2393 2657
f 2656 2394 2393
f 2656 2395 2394
f 2655 2395 2656
f 2655 2396 2395
f 2654 2396 2655
f 2654 2397 2396
f 2653 2397 2654
f 2653 2398 2397
f 2652 2398 2653
f 2652 2399 2398
f 2651 2399 2652
f 2651 2400 2399
f 2650 2400 2651
f 2650 2401 2400
f 2649 2401 2650
f 2649 2402 2401
f 2648 2402 2649
f 2648 2403 2402
f 2648 2404 2403
f 2647 2404 2648
f 2647 2405 2404
f 2646 2405 2647
f 2646 2406 2405
f 2645 2406 2646
f 2645 2407 2406
f 2644 2407 2645
f 2644 2408 2407
f 2643 2408 2644
f 2643 2409 2408
f 2642 2409 2643
f 2642 2410 2409
f 2641 2410 2642
f 2641 2411 2410
f 2640 2411 2641
f 2640 2412 2411
f 2639 2412 2640
f 2639 2413 2412
f 2638 2413 2639
f 2638 2414 2413
f 2637 2414 2638
f 2637 2415 2414
f 2636 2415 2637
f 2636 2416 2415
f 2635 2416 2636
f 2635 2417 2416
f 2634 2417 2635
f 2634 2418 2417
f 2633 2418 2634
f 2633 2419 2418
f 2632 2419 2633
f 2632 2420 2419
f 2632 2421 2420
f 2631 2421 2632
f 2631 2422 2421
f 2630 2422 2631
f 2630 2423 2422
f 2629 2423 2630
f 2629 2424 2423
f 2628 2424 2629
f 2628 2425 2424
f 2627 2425 2628
f 2627 2426 2425
f 2626 2426 2627
f 2626 2427 2426
f 2626 2428 2427
f 2625 2428 2626
f 2625 2429 2428
f 2624 2429 2625
f 2624 2430 2429
f 2623 2430 2624
f 2623 2431 2430
f 2622 2431 2623
f 2622 2432 2431
f 2622 2433 2432
f 2621 2433 2622
f 2621 2434 2433
f 2620 2434 2621
f 2620 2435 2434
f 2619 2435 2620
f 2619 2436 2435
f 2618 2436 2619
f 2618 2437 2436
f 2618 2438 2437
f 2617 2438 2618
f 2617 2439 2438
f 2616 2439 2617
f 2616 2440 2439
f 2615 2440 2616
f 2615 2441 2440
f 2615 2442 2441
f 2614 2442 2615
f 2614 2443 2442
f 2613 2443 2614
f 2613 2444 2443
f 2612 2444 2613
f 2612 2445 2444
f 2611 2445 2612
f 2611 2446 2445
f 2610 2446 2611
f 2610 2447 2446
f 2609 2447 2610
f 2609 2448 2447
f 2608 2448 2609
f 2608 2449 2448
f 2607 2449 2608
f 2607 2450 2449
f 2606 2450 2607
f 2606 2451 2450
f 2605 2451 2606
f 2605 2452 2451
f 2604 2452 2605
f 2604 2453 2452
f 2603 2453 2604
f 2603 2454 2453
f 2603 2455 2454
f 2602 2455 2603
f 2602 2456 2455
f 2601 2456 2602
f 2601 2457 2456
f 2600 2457 2601
f 2600 2458 2457
f 2599 2458 2600
f 2599 2459 2458
f 2598 2459 2599
f 2598 2460 2459
f 2597 2460 2598
f 2597 2461 2460
f 2596 2461 2597
f 2596 2462 2461
f 2596 2463 2462
f 2595 2463 2596
f 2595 2464 2463
f 2594 2464 2595
f 2594 2465 2464
f 2593 2465 2594
f 2593 2466 2465
f 2592 2466 2593
f 2592 2467 2466
f 2591 2467 2592
f 2591 2468 2467
f 2590 2468 2591
f 2590 2469 2468
f 2589 2469 2590
f 2589 2470 2469
f 2589 2471 2470
f 2588 2471 2589
f 2588 2472 2471
f 2587 2472 2588
f 2587 2473 2472
f 2586 2473 2587
f 2586 2474 2473
f 2585 2474 2586
f 2585 2475 2474
f 2584 2475 2585
f 2584 2476 2475
f 2583 2476 2584
f 2583 2477 2476
f 2582 2477 2583
f 2582 2478 2477
f 2582 2479 2478
f 2581 2479 2582
f 2581 2480 2479
f 2580 2480 2581
f 2580 2481 2480
f 2579 2481 2580
f 2579 2482 2481
f 2578 2482 2579
f 2578 2483 2482
f 2578 2484 2483
f 2577 2484 2578
f 2577 2485 2484
f 2576 2485 2577
f 2576 2486 2485
f 2575 2486 2576
f 2575 2487 2486
f 2575 2488 2487
f 2574 2488 2575
f 2574 2489 2488
f 2573 2489 2574
f 2573 2490 2489
f 2572 2490 2573
f 2572 2491 2490
f 2571 2491 2572
f 2571 2492 2491
f 2570 2492 2571
f 2570 2493 2492
f 2570 2494 2493
f 2569 2494 2570
f 2569 2495 2494
f 2568 2495 2569
f 2568 2496 2495
f 2567 2496 2568
f 2567 2497 2496
f 2566 2497 2567
f 2566 2498 2497
f 2565 2498 2566
f 2564 2498 2565
f 2564 2499 2498
f 2563 2499 2564
f 2563 2500 2499
f 2562 2500 2563
f 2562 2501 2500
f 2561 2501 2562
f 2560 2501 2561
f 2560 2502 2501
f 2559 2502 2560
f 2559 2503 2502
f 2558 2503 2559
f 2557 2503 2558
f 2557 2504 2503
f 2556 2504 2557
f 2555 2504 2556
f 2554 2504 2555
f 2554 2505 2504
f 2553 2505 2554
f 2552 2505 2553
f 2551 2543 2552
f 2543 2505 2552
f 2551 2544 2543
f 2542 2505 2543
f 2542 2506 2505
f 2551 2545 2544
f 2541 2506 2542
f 2550 2545 2551
f 2540 2506 2541
f 2550 2546 2545
f 2549 2546 2550
f 2549 2547 2546
f 2539 2506 2540
f 2548 2547 2549
f 2538 2506 2539
f 2537 2506 2538
f 2536 2506 2537
f 2536 2507 2506
f 2535 2507 2536
f 2534 2507 2535
f 2533 2507 2534
f 2533 2508 2507
f 2532 2508 2533
f 2531 2508 2532
f 2530 2508 2531
f 2530 2509 2508
f 2529 2509 2530
f 2528 2509 2529
f 2528 2510 2509
f 2527 2510 2528
f 2527 2511 2510
f 2526 2511 2527
f 2525 2511 2526
f 2525 2512 2511
f 2524 2512 2525
f 2523 2512 2524
f 2523 2513 2512
f 2522 2513 2523
f 2522 2514 2513
f 2521 2514 2522
f 2521 2515 2514
f 2520 2515 2521
f 2520 2516 2515
f 2519 2516 2520
f 2519 2517 2516
f 2518 2517 2519
f 2 1 1393
f 3 2 1394
f 4 3 1395
f 5 4 1396
f 6 5 1397
f 7 6 1398
f 8 7 1399
f 9 8 1400
f 10 9 1401
f 11 10 1402
f 12 11 1403
f 13 12 1404
f 14 13 1405
f 15 14 1406
f 16 15 1407
f 17 16 1408
f 18 17 1409
f 19 18 1410
f 20 19 1411
f 21 20 1412
f 22 21 1413
f 23 22 1414
f 24 23 1415
f 25 24 1416
f 26 25 1417
f 27 26 1418
f 28 27 1419
f 29 28 1420
f 30 29 1421
f 31 30 1422
f 32 31 1423
f 33 32 1424
f 34 33 1425
f 35 34 1426
f 36 35 1427
f 37 36 1428
f 38 37 1429
f 39 38 1430
f 40 39 1431
f 41 40 1432
f 42 41 1433
f 43 42 1434
f 44 43 1435
f 45 44 1436
f 46 45 1437
f 47 46 1438
f 48 47 1439
f 49 48 1440
f 50 49 1441
f 51 50 1442
f 52 51 1443
f 53 52 1444
f 54 53 1445
f 55 54 1446
f 56 55 1447
f 57 56 1448
f 58 57 1449
f 59 58 1450
f 60 59 1451
f 61 60 1452
f 62 61 1453
f 63 62 1454
f 64 63 1455
f 65 64 1456
f 66 65 1457
f 67 66 1458
f 68 67 1459
f 69 68 1460
f 70 69 1461
f 71 70 1462
f 72 71 1463
f 73 72 1464
f 74 73 1465
f 75 74 1466
f 76 75 1467
f 77 76 1468
f 78 77 1469
f 79 78 1470
f 80 79 1471
f 81 80 1472
f 82 81 1473
f 83 82 1474
f 84 83 1475
f 85 84 1476
f 86 85 1477
f 87 86 1478
f 88 87 1479
f 89 88 1480
f 90 89 1481
f 91 90 1482
f 92 91 1483
f 93 92 1484
f 94 93 1485
f 95 94 1486
f 96 95 1487
f 97 96 1488
f 98 97 1489
f 99 98 1490
f 100 99 1491
f 101 100 1492
f 102 101 1493
f 103 102 1494
f 104 103 1495
f 105 104 1496
f 106 105 1497
f 107 106 1498
f 108 107 1499
f 109 108 1500
f 110 109 1501
f 111 110 1502
f 112 111 1503
f 113 112 1504
f 114 113 1505
f 115 114 1506
f 116 115 1507
f 117 116 1508
f 118 117 1509
f 119 118 1510
f 120 119 1511
f 121 120 1512
f 122 121 1513
f 123 122 1514
f 124 123 1515
f 125 124 1516
f 126 125 1517
f 127 126 1518
f 128 127 1519
f 129 128 1520
f 130 129 1521
f 131 130 1522
f 132 131 1523
f 133 132 1524
f 134 133 1525
f 135 134 1526
f 136 135 1527
f 137 136 1528
f 138 137 1529
f 139 138 1530
f 140 139 1531
f 141 140 1532
f 142 141 1533
f 143 142 1534
f 144 143 1535
f 145 144 1536
f 146 145 1537
f 147 146 1538
f 148 147 1539
f 149 148 1540
f 150 149 1541
f 151 150 1542
f 152 151 1543
f 153 152 1544
f 154 153 1545
f 155 154 1546
f 156 155 1547
f 157 156 1548
f 158 157 1549
f 159 158 1550
f 160 159 1551
f 161 160 1552
f 162 161 1553
f 163 162 1554
f 164 163 1555
f 165 164 1556
f 166 165 1557
f 167 166 1558
f 168 167 1559
f 169 168 1560
f 170 169 1561
f 171 170 1562
f 172 171 1563
f 173 172 1564
f 174 173 1565
f 175 174 1566
f 176 175 1567
f 177 176 1568
f 178 177 1569
f 179 178 1570
f 180 179 1571
f 181 180 1572
f 182 181 1573
f 183 182 1574
f 184 183 1575
f 185 184 1576
f 186 185 1577
f 187 186 1578
f 188 187 1579
f 189 188 1580
f 190 189 1581
f 191 190 1582
f 192 191 1583
f 193 192 1584
f 194 193 1585
f 195 194 1586
f 196 195 1587
f 197 196 1588
f 198 197 1589
f 199 198 1590
f 200 199 1591
f 201 200 1592
f 202 201 1593
f 203 202 1594
f 204 203 1595
f 205 204 1596
f 206 205 1597
f 207 206 1598
f 208 207 1599
f 209 208 1600
f 210 209 1601
f 211 210 1602
f 212 211 1603
f 213 212 1604
f 214 213 1605
f 215 214 1606
f 216 215 1607
f 217 216 1608
f 218 217 1609
f 219 218 1610
f 220 219 1611
f 221 220 1612
f 222 221 1613
f 223 222 1614
f 224 223 1615
f 225 224 1616
f 226 225 1617
f 227 226 1618
f 228 227 1619
f 229 228 1620
f 230 229 1621
f 231 230 1622
f 232 231 1623
f 233 232 1624
f 234 233 1625
f 235 234 1626
f 236 235 1627
f 237 236 1628
f 238 237 1629
f 239 238 1630
f 240 239 1631
f 241 240 1632
f 242 241 1633
f 243 242 1634
f 244 243 1635
f 245 244 1636
f 246 245 1637
f 247 246 1638
f 248 247 1639
f 249 248 1640
f 250 249 1641
f 251 250 1642
f 252 251 1643
f 253 252 1644
f 254 253 1645
f 255 254 1646
f 256 255 1647
f 257 256 1648
f 258 257 1649
f 259 258 1650
f 260 259 1651
f 261 260 1652
f 262 261 1653
f 263 262 1654
f 264 263 1655
f 265 264 1656
f 266 265 1657
f 267 266 1658
f 268 267 1659
f 269 268 1660
f 270 269 1661
f 271 270 1662
f 272 271 1663
f 273 272 1664
f 274 273 1665
f 275 274 1666
f 276 275 1667
f 277 276 1668
f 278 277 1669
f 279 278 1670
f 280 279 1671
f 281 280 1672
f 282 281 1673
f 283 282 1674
f 284 283 1675
f 285 284 1676
f 286 285 1677
f 287 286 1678
f 288 287 1679
f 289 288 1680
f 290 289 1681
f 291 290 1682
f 292 291 1683
f 293 292 1684
f 294 293 1685
f 295 294 1686
f 296 295 1687
f 297 296 1688
f 298 297 1689
f 299 298 1690
f 300 299 1691
f 301 300 1692
f 302 301 1693
f 303 302 1694
f 304 303 1695
f 305 304 1696
f 306 305 1697
f 307 306 1698
f 308 307 1699
f 309 308 1700
f 310 309 1701
f 311 310 1702
f 312 311 1703
f 313 312 1704
f 314 313 1705
f 315 314 1706
f 316 315 1707
f 317 316 1708
f 318 317 1709
f 319 318 1710
f 320 319 1711
f 321 320 1712
f 322 321 1713
f 323 322 1714
f 324 323 1715
f 325 324 1716
f 326 325 1717
f 327 326 1718
f 328 327 1719
f 329 328 1720
f 330 329 1721
f 331 330 1722
f 332 331 1723
f 333 332 1724
f 334 333 1725
f 335 334 1726
f 336 335 1727
f 337 336 1728
f 338 337 1729
f 339 338 1730
f 340 339 1731
f 341 340 1732
f 342 341 1733
f 343 342 1734
f 344 343 1735
f 345 344 1736
f 346 345 1737
f 347 346 1738
f 348 347 1739
f 349 348 1740
f 350 349 1741
f 351 350 1742
f 352 351 1743
f 353 352 1744
f 354 353 1745
f 355 354 1746
f 356 355 1747
f 357 356 1748
f 358 357 1749
f 359 358 1750
f 360 359 1751
f 361 360 1752
f 362 361 1753
f 363 362 1754
f 364 363 1755
f 365 364 1756
f 366 365 1757
f 367 366 1758
f 368 367 1759
f 369 368 1760
f 370 369 1761
f 371 370 1762
f 372 371 1763
f 373 372 1764
f 374 373 1765
f 375 374 1766
f 376 375 1767
f 377 376 1768
f 378 377 1769
f 379 378 1770
f 380 379 1771
f 381 380 1772
f 382 381 1773
f 383 382 1774
f 384 383 1775
f 385 384 1776
f 386 385 1777
f 387 386 1778
f 388 387 1779
f 389 388 1780
f 390 389 1781
f 391 390 1782
f 392 391 1783
f 393 392 1784
f 394 393 1785
f 395 394 1786
f 396 395 1787
f 397 396 1788
f 398 397 1789
f 399 398 1790
f 400 399 1791
f 401 400 1792
f 402 401 1793
f 403 402 1794
f 404 403 1795
f 405 404 1796
f 406 405 1797
f 407 406 1798
f 408 407 1799
f 409 408 1800
f 410 409 1801
f 411 410 1802
f 412 411 1803
f 413 412 1804
f 414 413 1805
f 415 414 1806
f 416 415 1807
f 417 416 1808
f 418 417 1809
f 419 418 1810
f 420 419 1811
f 421 420 1812
f 422 421 1813
f 423 422 1814
f 424 423 1815
f 425 424 1816
f 426 425 1817
f 427 426 1818
f 428 427 1819
f 429 428 1820
f 430 429 1821
f 431 430 1822
f 432 431 1823
f 433 432 1824
f 434 433 1825
f 435 434 1826
f 436 435 1827
f 437 436 1828
f 438 437 1829
f 439 438 1830
f 440 439 1831
f 441 440 1832
f 442 441 1833
f 443 442 1834
f 444 443 1835
f 445 444 1836
f 446 445 1837
f 447 446 1838
f 448 447 1839
f 449 448 1840
f 450 449 1841
f 451 450 1842
f 452 451 1843
f 453 452 1844
f 454 453 1845
f 455 454 1846
f 456 455 1847
f 457 456 1848
f 458 457 1849
f 459 458 1850
f 460 459 1851
f 461 460 1852
f 462 461 1853
f 463 462 1854
f 464 463 1855
f 465 464 1856
f 466 465 1857
f 467 466 1858
f 468 467 1859
f 469 468 1860
f 470 469 1861
f 471 470 1862
f 472 471 1863
f 473 472 1864
f 474 473 1865
f 475 474 1866
f 476 475 1867
f 477 476 1868
f 478 477 1869
f 479 478 1870
f 480 479 1871
f 481 480 1872
f 482 481 1873
f 483 482 1874
f 484 483 1875
f 485 484 1876
f 486 485 1877
f 487 486 1878
f 488 487 1879
f 489 488 1880
f 490 489 1881
f 491 490 1882
f 492 491 1883
f 493 492 1884
f 494 493 1885
f 495 494 1886
f 496 495 1887
f 497 496 1888
f 498 497 1889
f 499 498 1890
f 500 499 1891
f 501 500 1892
f 502 501 1893
f 503 502 1894
f 504 503 1895
f 505 504 1896
f 506 505 1897
f 507 506 1898
f 508 507 1899
f 509 508 1900
f 510 509 1901
f 511 510 1902
f 512 511 1903
f 513 512 1904
f 514 513 1905
f 515 514 1906
f 516 515 1907
f 517 516 1908
f 518 517 1909
f 519 518 1910
f 520 519 1911
f 521 520 1912
f 522 521 1913
f 523 522 1914
f 524 523 1915
f 525 524 1916
f 526 525 1917
f 527 526 1918
f 528 527 1919
f 529 528 1920
f 530 529 1921
f 531 530 1922
f 532 531 1923
f 533 532 1924
f 534 533 1925
f 535 534 1926
f 536 535 1927
f 537 536 1928
f 538 537 1929
f 539 538 1930
f 540 539 1931
f 541 540 1932
f 542 541 1933
f 543 542 1934
f 544 543 1935
f 545 544 1936
f 546 545 1937
f 547 546 1938
f 548 547 1939
f 549 548 1940
f 550 549 1941
f 551 550 1942
f 552 551 1943
f 553 552 1944
f 554 553 1945
f 555 554 1946
f 556 555 1947
f 557 556 1948
f 558 557 1949
f 559 558 1950
f 560 559 1951
f 561 560 1952
f 562 561 1953
f 563 562 1954
f 564 563 1955
f 565 564 1956
f 566 565 1957
f 567 566 1958
f 568 567 1959
f 569 568 1960
f 570 569 1961
f 571 570 1962
f 572 571 1963
f 573 572 1964
f 574 573 1965
f 575 574 1966
f 576 575 1967
f 577 576 1968
f 578 577 1969
f 579 578 1970
f 580 579 1971
f 581 580 1972
f 582 581 1973
f 583 582 1974
f 584 583 1975
f 585 584 1976
f 586 585 1977
f 587 586 1978
f 588 587 1979
f 589 588 1980
f 590 589 1981
f 591 590 1982
f 592 591 1983
f 593 592 1984
f 594 593 1985
f 595 594 1986
f 596 595 1987
f 597 596 1988
f 598 597 1989
f 599 598 1990
f 600 599 1991
f 601 600 1992
f 602 601 1993
f 603 602 1994
f 604 603 1995
f 605 604 1996
f 606 605 1997
f 607 606 1998
f 608 607 1999
f 609 608 2000
f 610 609 2001
f 611 610 2002
f 612 611 2003
f 613 612 2004
f 614 613 2005
f 615 614 2006
f 616 615 2007
f 617 616 2008
f 618 617 2009
f 619 618 2010
f 620 619 2011
f 621 620 2012
f 622 621 2013
f 623 622 2014
f 624 623 2015
f 625 624 2016
f 626 625 2017
f 627 626 2018
f 628 627 2019
f 629 628 2020
f 630 629 2021
f 631 630 2022
f 632 631 2023
f 633 632 2024
f 634 633 2025
f 635 634 2026
f 636 635 2027
f 637 636 2028
f 638 637 2029
f 639 638 2030
f 640 639 2031
f 641 640 2032
f 642 641 2033
f 643 642 2034
f 644 643 2035
f 645 644 2036
f 646 645 2037
f 647 646 2038
f 648 647 2039
f 649 648 2040
f 650 649 2041
f 651 650 2042
f 652 651 2043
f 653 652 2044
f 654 653 2045
f 655 654 2046
f 656 655 2047
f 657 656 2048
f 658 657 2049
f 659 658 2050
f 660 659 2051
f 661 660 2052
f 662 661 2053
f 663 662 2054
f 664 663 2055
f 665 664 2056
f 666 665 2057
f 667 666 2058
f 668 667 2059
f 669 668 2060
f 670 669 2061
f 671 670 2062
f 672 671 2063
f 673 672 2064
f 674 673 2065
f 675 674 2066
f 676 675 2067
f 677 676 2068
f 678 677 2069
f 679 678 2070
f 680 679 2071
f 681 680 2072
f 682 681 2073
f 683 682 2074
f 684 683 2075
f 685 684 2076
f 686 685 2077
f 687 686 2078
f 688 687 2079
f 689 688 2080
f 690 689 2081
f 691 690 2082
f 692 691 2083
f 693 692 2084
f 694 693 2085
f 695 694 2086
f 696 695 2087
f 697 696 2088
f 698 697 2089
f 699 698 2090
f 700 699 2091
f 701 700 2092
f 702 701 2093
f 703 702 2094
f 704 703 2095
f 705 704 2096
f 706 705 2097
f 707 706 2098
f 708 707 2099
f 709 708 2100
f 710 709 2101
f 711 710 2102
f 712 711 2103
f 713 712 2104
f 714 713 2105
f 715 714 2106
f 716 715 2107
f 717 716 2108
f 718 717 2109
f 719 718 2110
f 720 719 2111
f 721 720 2112
f 722 721 2113
f 723 722 2114
f 724 723 2115
f 725 724 2116
f 726 725 2117
f 727 726 2118
f 728 727 2119
f 729 728 2120
f 730 729 2121
f 731 730 2122
f 732 731 2123
f 733 732 2124
f 734 733 2125
f 735 734 2126
f 736 735 2127
f 737 736 2128
f 738 737 2129
f 739 738 2130
f 740 739 2131
f 741 740 2132
f 742 741 2133
f 743 742 2134
f 744 743 2135
f 745 744 2136
f 746 745 2137
f 747 746 2138
f 748 747 2139
f 749 748 2140
f 750 749 2141
f 751 750 2142
f 752 751 2143
f 753 752 2144
f 754 753 2145
f 755 754 2146
f 756 755 2147
f 757 756 2148
f 758 757 2149
f 759 758 2150
f 760 759 2151
f 761 760 2152
f 762 761 2153
f 763 762 2154
f 764 763 2155
f 765 764 2156
f 766 765 2157
f 767 766 2158
f 768 767 2159
f 769 768 2160
f 770 769 2161
f 771 770 2162
f 772 771 2163
f 773 772 2164
f 774 773 2165
f 775 774 2166
f 776 775 2167
f 777 776 2168
f 778 777 2169
f 779 778 2170
f 780 779 2171
f 781 780 2172
f 782 781 2173
f 783 782 2174
f 784 783 2175
f 785 784 2176
f 786 785 2177
f 787 786 2178
f 788 787 2179
f 789 788 2180
f 790 789 2181
f 791 790 2182
f 792 791 2183
f 793 792 2184
f 794 793 2185
f 795 794 2186
f 796 795 2187
f 797 796 2188
f 798 797 2189
f 799 798 2190
f 800 799 2191
f 801 800 2192
f 802 801 2193
f 803 802 2194
f 804 803 2195
f 805 804 2196
f 806 805 2197
f 807 806 2198
f 808 807 2199
f 809 808 2200
f 810 809 2201
f 811 810 2202
f 812 811 2203
f 813 812 2204
f 814 813 2205
f 815 814 2206
f 816 815 2207
f 817 816 2208
f 818 817 2209
f 819 818 2210
f 820 819 2211
f 821 820 2212
f 822 821 2213
f 823 822 2214
f 824 823 2215
f 825 824 2216
f 826 825 2217
f 827 826 2218
f 828 827 2219
f 829 828 2220
f 830 829 2221
f 831 830 2222
f 832 831 2223
f 833 832 2224
f 834 833 2225
f 835 834 2226
f 836 835 2227
f 837 836 2228
f 838 837 2229
f 839 838 2230
f 840 839 2231
f 841 840 2232
f 842 841 2233
f 843 842 2234
f 844 843 2235
f 845 844 2236
f 846 845 2237
f 847 846 2238
f 848 847 2239
f 849 848 2240
f 850 849 2241
f 851 850 2242
f 852 851 2243
f 853 852 2244
f 854 853 2245
f 855 854 2246
f 856 855 2247
f 857 856 2248
f 858 857 2249
f 859 858 2250
f 860 859 2251
f 861 860 2252
f 862 861 2253
f 863 862 2254
f 864 863 2255
f 865 864 2256
f 866 865 2257
f 867 866 2258
f 868 867 2259
f 869 868 2260
f 870 869 2261
f 871 870 2262
f 872 871 2263
f 873 872 2264
f 874 873 2265
f 875 874 2266
f 876 875 2267
f 877 876 2268
f 878 877 2269
f 879 878 2270
f 880 879 2271
f 881 880 2272
f 882 881 2273
f 883 882 2274
f 884 883 2275
f 885 884 2276
f 886 885 2277
f 887 886 2278
f 888 887 2279
f 889 888 2280
f 890 889 2281
f 891 890 2282
f 892 891 2283
f 893 892 2284
f 894 893 2285
f 895 894 2286
f 896 895 2287
f 897 896 2288
f 898 897 2289
f 899 898 2290
f 900 899 2291
f 901 900 2292
f 902 901 2293
f 903 902 2294
f 904 903 2295
f 905 904 2296
f 906 905 2297
f 907 906 2298
f 908 907 2299
f 909 908 2300
f 910 909 2301
f 911 910 2302
f 912 911 2303
f 913 912 2304
f 914 913 2305
f 915 914 2306
f 916 915 2307
f 917 916 2308
f 918 917 2309
f 919 918 2310
f 920 919 2311
f 921 920 2312
f 922 921 2313
f 923 922 2314
f 924 923 2315
f 925 924 2316
f 926 925 2317
f 927 926 2318
f 928 927 2319
f 929 928 2320
f 930 929 2321
f 931 930 2322
f 932 931 2323
f 933 932 2324
f 934 933 2325
f 935 934 2326
f 936 935 2327
f 937 936 2328
f 938 937 2329
f 939 938 2330
f 940 939 2331
f 941 940 2332
f 942 941 2333
f 943 942 2334
f 944 943 2335
f 945 944 2336
f 946 945 2337
f 947 946 2338
f 948 947 2339
f 949 948 2340
f 950 949 2341
f 951 950 2342
f 952 951 2343
f 953 952 2344
f 954 953 2345
f 955 954 2346
f 956 955 2347
f 957 956 2348
f 958 957 2349
f 959 958 2350
f 960 959 2351
f 961 960 2352
f 962 961 2353
f 963 962 2354
f 964 963 2355
f 965 964 2356
f 966 965 2357
f 967 966 2358
f 968 967 2359
f 969 968 2360
f 970 969 2361
f 971 970 2362
f 972 971 2363
f 973 972 2364
f 974 973 2365
f 975 974 2366
f 976 975 2367
f 977 976 2368
f 978 977 2369
f 979 978 2370
f 980 979 2371
f 981 980 2372
f 982 981 2373
f 983 982 2374
f 984 983 2375
f 985 984 2376
f 986 985 2377
f 987 986 2378
f 988 987 2379
f 989 988 2380
f 990 989 2381
f 991 990 2382
f 992 991 2383
f 993 992 2384
f 994 993 2385
f 995 994 2386
f 996 995 2387
f 997 996 2388
f 998 997 2389
f 999 998 2390
f 1000 999 2391
f 1001 1000 2392
f 1002 1001 2393
f 1003 1002 2394
f 1004 1003 2395
f 1005 1004 2396
f 1006 1005 2397
f 1007 1006 2398
f 1008 1007 2399
f 1009 1008 2400
f 1010 1009 2401
f 1011 1010 2402
f 1012 1011 2403
f 1013 1012 2404
f 1014 1013 2405
f 1015 1014 2406
f 1016 1015 2407
f 1017 1016 2408
f 1018 1017 2409
f 1019 1018 2410
f 1020 1019 2411
f 1021 1020 2412
f 1022 1021 2413
f 1023 1022 2414
f 1024 1023 2415
f 1025 1024 2416
f 1026 1025 2417
f 1027 1026 2418
f 1028 1027 2419
f 1029 1028 2420
f 1030 1029 2421
f 1031 1030 2422
f 1032 1031 2423
f 1033 1032 2424
f 1034 1033 2425
f 1035 1034 2426
f 1036 1035 2427
f 1037 1036 2428
f 1038 1037 2429
f 1039 1038 2430
f 1040 1039 2431
f 1041 1040 2432
f 1042 1041 2433
f 1043 1042 2434
f 1044 1043 2435
f 1045 1044 2436
f 1046 1045 2437
f 1047 1046 2438
f 1048 1047 2439
f 1049 1048 2440
f 1050 1049 2441
f 1051 1050 2442
f 1052 1051 2443
f 1053 1052 2444
f 1054 1053 2445
f 1055 1054 2446
f 1056 1055 2447
f 1057 1056 2448
f 1058 1057 2449
f 1059 1058 2450
f 1060 1059 2451
f 1061 1060 2452
f 1062 1061 2453
f 1063 1062 2454
f 1064 1063 2455
f 1065 1064 2456
f 1066 1065 2457
f 1067 1066 2458
f 1068 1067 2459
f 1069 1068 2460
f 1070 1069 2461
f 1071 1070 2462
f 1072 1071 2463
f 1073 1072 2464
f 1074 1073 2465
f 1075 1074 2466
f 1076 1075 2467
f 1077 1076 2468
f 1078 1077 2469
f 1079 1078 2470
f 1080 1079 2471
f 1081 1080 2472
f 1082 1081 2473
f 1083 1082 2474
f 1084 1083 2475
f 1085 1084 2476
f 1086 1085 2477
f 1087 1086 2478
f 1088 1087 2479
f 1089 1088 2480
f 1090 1089 2481
f 1091 1090 2482
f 1092 1091 2483
f 1093 1092 2484
f 1094 1093 2485
f 1095 1094 2486
f 1096 1095 2487
f 1097 1096 2488
f 1098 1097 2489
f 1099 1098 2490
f 1100 1099 2491
f 1101 1100 2492
f 1102 1101 2493
f 1103 1102 2494
f 1104 1103 2495
f 1105 1104 2496
f 1106 1105 2497
f 1107 1106 2498
f 1108 1107 2499
f 1109 1108 2500
f 1110 1109 2501
f 1111 1110 2502
f 1112 1111 2503
f 1113 1112 2504
f 1114 1113 2505
f 1115 1114 2506
f 1116 1115 2507
f 1117 1116 2508
f 1118 1117 2509
f 1119 1118 2510
f 1120 1119 2511
f 1121 1120 2512
f 1122 1121 2513
f 1123 1122 2514
f 1124 1123 2515
f 1125 1124 2516
f 1126 1125 2517
f 1127 1126 2518
f 1128 1127 2519
f 1129 1128 2520
f 1130 1129 2521
f 1131 1130 2522
f 1132 1131 2523
f 1133 1132 2524
f 1134 1133 2525
f 1135 1134 2526
f 1136 1135 2527
f 1137 1136 2528
f 1138 1137 2529
f 1139 1138 2530
f 1140 1139 2531
f 1141 1140 2532
f 1142 1141 2533
f 1143 1142 2534
f 1144 1143 2535
f 1145 1144 2536
f 1146 1145 2537
f 1147 1146 2538
f 1148 1147 2539
f 1149 1148 2540
f 1150 1149 2541
f 1151 1150 2542
f 1152 1151 2543
f 1153 1152 2544
f 1154 1153 2545
f 1155 1154 2546
f 1156 1155 2547
f 1157 1156 2548
f 1158 1157 2549
f 1159 1158 2550
f 1160 1159 2551
f 1161 1160 2552
f 1162 1161 2553
f 1163 1162 2554
f 1164 1163 2555
f 1165 1164 2556
f 1166 1165 2557
f 1167 1166 2558
f 1168 1167 2559
f 1169 1168 2560
f 1170 1169 2561
f 1171 1170 2562
f 1172 1171 2563
f 1173 1172 2564
f 1174 1173 2565
f 1175 1174 2566
f 1176 1175 2567
f 1177 1176 2568
f 1178 1177 2569
f 1179 1178 2570
f 1180 1179 2571
f 1181 1180 2572
f 1182 1181 2573
f 1183 1182 2574
f 1184 1183 2575
f 1185 1184 2576
f 1186 1185 2577
f 1187 1186 2578
f 1188 1187 2579
f 1189 1188 2580
f 1190 1189 2581
f 1191 1190 2582
f 1192 1191 2583
f 1193 1192 2584
f 1194 1193 2585
f 1195 1194 2586
f 1196 1195 2587
f 1197 1196 2588
f 1198 1197 2589
f 1199 1198 2590
f 1200 1199 2591
f 1201 1200 2592
f 1202 1201 2593
f 1203 1202 2594
f 1204 1203 2595
f 1205 1204 2596
f 1206 1205 2597
f 1207 1206 2598
f 1208 1207 2599
f 1209 1208 2600
f 1210 1209 2601
f 1211 1210 2602
f 1212 1211 2603
f 1213 1212 2604
f 1214 1213 2605
f 1215 1214 2606
f 1216 1215 2607
f 1217 1216 2608
f 1218 1217 2609
f 1219 1218 2610
f 1220 1219 2611
f 1221 1220 2612
f 1222 1221 2613
f 1223 1222 2614
f 1224 1223 2615
f 1225 1224 2616
f 1226 1225 2617
f 1227 1226 2618
f 1228 1227 2619
f 1229 1228 2620
f 1230 1229 2621
f 1231 1230 2622
f 1232 1231 2623
f 1233 1232 2624
f 1234 1233 2625
f 1235 1234 2626
f 1236 1235 2627
f 1237 1236 2628
f 1238 1237 2629
f 1239 1238 2630
f 1240 1239 2631
f 1241 1240 2632
f 1242 1241 2633
f 1243 1242 2634
f 1244 1243 2635
f 1245 1244 2636
f 1246 1245 2637
f 1247 1246 2638
f 1248 1247 2639
f 1249 1248 2640
f 1250 1249 2641
f 1251 1250 2642
f 1252 1251 2643
f 1253 1252 2644
f 1254 1253 2645
f 1255 1254 2646
f 1256 1255 2647
f 1257 1256 2648
f 1258 1257 2649
f 1259 1258 2650
f 1260 1259 2651
f 1261 1260 2652
f 1262 1261 2653
f 1263 1262 2654
f 1264 1263 2655
f 1265 1264 2656
f 1266 1265 2657
f 1267 1266 2658
f 1268 1267 2659
f 1269 1268 2660
f 1270 1269 2661
f 1271 1270 2662
f 1272 1271 2663
f 1273 1272 2664
f 1274 1273 2665
f 1275 1274 2666
f 1276 1275 2667
f 1277 1276 2668
f 1278 1277 2669
f 1279 1278 2670
f 1280 1279 2671
f 1281 1280 2672
f 1282 1281 2673
f 1283 1282 2674
f 1284 1283 2675
f 1285 1284 2676
f 1286 1285 2677
f 1287 1286 2678
f 1288 1287 2679
f 1289 1288 2680
f 1290 1289 2681
f 1291 1290 2682
f 1292 1291 2683
f 1293 1292 2684
f 1294 1293 2685
f 1295 1294 2686
f 1296 1295 2687
f 1297 1296 2688
f 1298 1297 2689
f 1299 1298 2690
f 1300 1299 2691
f 1301 1300 2692
f 1302 1301 2693
f 1303 1302 2694
f 1304 1303 2695
f 1305 1304 2696
f 1306 1305 2697
f 1307 1306 2698
f 1308 1307 2699
f 1309 1308 2700
f 1310 1309 2701
f 1311 1310 2702
f 1312 1311 2703
f 1313 1312 2704
f 1314 1313 2705
f 1315 1314 2706
f 1316 1315 2707
f 1317 1316 2708
f 1318 1317 2709
f 1319 1318 2710
f 1320 1319 2711
f 1321 1320 2712
f 1322 1321 2713
f 1323 1322 2714
f 1324 1323 2715
f 1325 1324 2716
f 1326 1325 2717
f 1327 1326 2718
f 1328 1327 2719
f 1329 1328 2720
f 1330 1329 2721
f 1331 1330 2722
f 1332 1331 2723
f 1333 1332 2724
f 1334 1333 2725
f 1335 1334 2726
f 1336 1335 2727
f 1337 1336 2728
f 1338 1337 2729
f 1339 1338 2730
f 1340 1339 2731
f 1341 1340 2732
f 1342 1341 2733
f 1343 1342 2734
f 1344 1343 2735
f 1345 1344 2736
f 1346 1345 2737
f 1347 1346 2738
f 1348 1347 2739
f 1349 1348 2740
f 1350 1349 2741
f 1351 1350 2742
f 1352 1351 2743
f 1353 1352 2744
f 1354 1353 2745
f 1355 1354 2746
f 1356 1355 2747
f 1357 1356 2748
f 1358 1357 2749
f 1359 1358 2750
f 1360 1359 2751
f 1361 1360 2752
f 1362 1361 2753
f 1363 1362 2754
f 1364 1363 2755
f 1365 1364 2756
f 1366 1365 2757
f 1367 1366 2758
f 1368 1367 2759
f 1369 1368 2760
f 1370 1369 2761
f 1371 1370 2762
f 1372 1371 2763
f 1373 1372 2764
f 1374 1373 2765
f 1375 1374 2766
f 1376 1375 2767
f 1377 1376 2768
f 1378 1377 2769
f 1379 1378 2770
f 1380 1379 2771
f 1381 1380 2772
f 1382 1381 2773
f 1383 1382 2774
f 1384 1383 2775
f 1385 1384 2776
f 1386 1385 2777
f 1387 1386 2778
f 1388 1387 2779
f 1389 1388 2780
f 1390 1389 2781
f 1391 1390 2782
f 1392 1391 2783
f 1 1392 2784
f 2 1393 1394
f 3 1394 1395
f 4 1395 1396
f 5 1396 1397
f 6 1397 1398
f 7 1398 1399
f 8 1399 1400
f 9 1400 1401
f 10 1401 1402
f 11 1402 1403
f 12 1403 1404
f 13 1404 1405
f 14 1405 1406
f 15 1406 1407
f 16 1407 1408
f 17 1408 1409
f 18 1409 1410
f 19 1410 1411
f 20 1411 1412
f 21 1412 1413
f 22 1413 1414
f 23 1414 1415
f 24 1415 1416
f 25 1416 1417
f 26 1417 1418
f 27 1418 1419
f 28 1419 1420
f 29 1420 1421
f 30 1421 1422
f 31 1422 1423
f 32 1423 1424
f 33 1424 1425
f 34 1425 1426
f 35 1426 1427
f 36 1427 1428
f 37 1428 1429
f 38 1429 1430
f 39 1430 1431
f 40 1431 1432
f 41 1432 1433
f 42 1433 1434
f 43 1434 1435
f 44 1435 1436
f 45 1436 1437
f 46 1437 1438
f 47 1438 1439
f 48 1439 1440
f 49 1440 1441
f 50 1441 1442
f 51 1442 1443
f 52 1443 1444
f 53 1444 1445
f 54 1445 1446
f 55 1446 1447
f 56 1447 1448
f 57 1448 1449
f 58 1449 1450
f 59 1450 1451
f 60 1451 1452
f 61 1452 1453
f 62 1453 1454
f 63 1454 1455
f 64 1455 1456
f 65 1456 1457
f 66 1457 1458
f 67 1458 1459
f 68 1459 1460
f 69 1460 1461
f 70 1461 1462
f 71 1462 1463
f 72 1463 1464
f 73 1464 1465
f 74 1465 1466
f 75 1466 1467
f 76 1467 1468
f 77 1468 1469
f 78 1469 1470
f 79 1470 1471
f 80 1471 1472
f 81 1472 1473
f 82 1473 1474
f 83 1474 1475
f 84 1475 1476
f 85 1476 1477
f 86 1477 1478
f 87 1478 1479
f 88 1479 1480
f 89 1480 1481
f 90 1481 1482
f 91 1482 1483
f 92 1483 1484
f 93 1484 1485
f 94 1485 1486
f 95 1486 1487
f 96 1487 1488
f 97 1488 1489
f 98 1489 1490
f 99 1490 1491
f 100 1491 1492
f 101 1492 1493
f 102 1493 1494
f 103 1494 1495
f 104 1495 1496
f 105 1496 1497
f 106 1497 1498
f 107 1498 1499
f 108 1499 1500
f 109 1500 1501
f 110 1501 1502
f 111 1502 1503
f 112 1503 1504
f 113 1504 1505
f 114 1505 1506
f 115 1506 1507
f 116 1507 1508
f 117 1508 1509
f 118 1509 1510
f 119 1510 1511
f 120 1511 1512
f 121 1512 1513
f 122 1513 1514
f 123 1514 1515
f 124 1515 1516
f 125 1516 1517
f 126 1517 1518
f 127 1518 1519
f 128 1519 1520
f 129 1520 1521
f 130 1521 1522
f 131 1522 1523
f 132 1523 1524
f 133 1524 1525
f 134 1525 1526
f 135 1526 1527
f 136 1527 1528
f 137 1528 1529
f 138 1529 1530
f 139 1530 1531
f 140 1531 1532
f 141 1532 1533
f 142 1533 1534
f 143 1534 1535
f 144 1535 1536
f 145 1536 1537
f 146 1537 1538
f 147 1538 1539
f 148 1539 1540
f 149 1540 1541
f 150 1541 1542
f 151 1542 1543
f 152 1543 1544
f 153 1544 1545
f 154 1545 1546
f 155 1546 1547
f 156 1547 1548
f 157 1548 1549
f 158 1549 1550
f 159 1550 1551
f 160 1551 1552
f 161 1552 1553
f 162 1553 1554
f 163 1554 1555
f 164 1555 1556
f 165 1556 1557
f 166 1557 1558
f 167 1558 1559
f 168 1559 1560
f 169 1560 1561
f 170 1561 1562
f 171 1562 1563
f 172 1563 1564
f 173 1564 1565
f 174 1565 1566
f 175 1566 1567
f 176 1567 1568
f 177 1568 1569
f 178 1569 1570
f 179 1570 1571
f 180 1571 1572
f 181 1572 1573
f 182 1573 1574
f 183 1574 1575
f 184 1575 1576
f 185 1576 1577
f 186 1577 1578
f 187 1578 1579
f 188 1579 1580
f 189 1580 1581
f 190 1581 1582
f 191 1582 1583
f 192 1583 1584
f 193 1584 1585
f 194 1585 1586
f 195 1586 1587
f 196 1587 1588
f 197 1588 1589
f 198 1589 1590
f 199 1590 1591
f 200 1591 1592
f 201 1592 1593
f 202 1593 1594
f 203 1594 1595
f 204 1595 1596
f 205 1596 1597
f 206 1597 1598
f 207 1598 1599
f 208 1599 1600
f 209 1600 1601
f 210 1601 1602
f 211 1602 1603
f 212 1603 1604
f 213 1604 1605
f 214 1605 1606
f 215 1606 1607
f 216 1607 1608
f 217 1608 1609
f 218 1609 1610
f 219 1610 1611
f 220 1611 1612
f 221 1612 1613
f 222 1613 1614
f 223 1614 1615
f 224 1615 1616
f 225 1616 1617
f 226 1617 1618
f 227 1618 1619
f 228 1619 1620
f 229 1620 1621
f 230 1621 1622
f 231 1622 1623
f 232 1623 1624
f 233 1624 1625
f 234 1625 1626
f 235 1626 1627
f 236 1627 1628
f 237 1628 1629
f 238 1629 1630
f 239 1630 1631
f 240 1631 1632
f 241 1632 1633
f 242 1633 1634
f 243 1634 1635
f 244 1635 1636
f 245 1636 1637
f 246 1637 1638
f 247 1638 1639
f 248 1639 1640
f 249 1640 1641
f 250 1641 1642
f 251 1642 1643
f 252 1643 1644
f 253 1644 1645
f 254 1645 1646
f 255 1646 1647
f 256 1647 1648
f 257 1648 1649
f 258 1649 1650
f 259 1650 1651
f 260 1651 1652
f 261 1652 1653
f 262 1653 1654
f 263 1654 1655
f 264 1655 1656
f 265 1656 1657
f 266 1657 1658
f 267 1658 1659
f 268 1659 1660
f 269 1660 1661
f 270 1661 1662
f 271 1662 1663
f 272 1663 1664
f 273 1664 1665
f 274 1665 1666
f 275 1666 1667
f 276 1667 1668
f 277 1668 1669
f 278 1669 1670
f 279 1670 1671
f 280 1671 1672
f 281 1672 1673
f 282 1673 1674
f 283 1674 1675
f 284 1675 1676
f 285 1676 1677
f 286 1677 1678
f 287 1678 1679
f 288 1679 1680
f 289 1680 1681
f 290 1681 1682
f 291 1682 1683
f 292 1683 1684
f 293 1684 1685
f 294 1685 1686
f 295 1686 1687
f 296 1687 1688
f 297 1688 1689
f 298 1689 1690
f 299 1690 1691
f 300 1691 1692
f 301 1692 1693
f 302 1693 1694
f 303 1694 1695
f 304 1695 1696
f 305 1696 1697
f 306 1697 1698
f 307 1698 1699
f 308 1699 1700
f 309 1700 1701
f 310 1701 1702
f 311 1702 1703
f 312 1703 1704
f 313 1704 1705
f 314 1705 1706
f 315 1706 1707
f 316 1707 1708
f 317 1708 1709
f 318 1709 1710
f 319 1710 1711
f 320 1711 1712
f 321 1712 1713
f 322 1713 1714
f 323 1714 1715
f 324 1715 1716
f 325 1716 1717
f 326 1717 1718
f 327 1718 1719
f 328 1719 1720
f 329 1720 1721
f 330 1721 1722
f 331 1722 1723
f 332 1723 1724
f 333 1724 1725
f 334 1725 1726
f 335 1726 1727
f 336 1727 1728
f 337 1728 1729
f 338 1729 1730
f 339 1730 1731
f 340 1731 1732
f 341 1732 1733
f 342 1733 1734
f 343 1734 1735
f 344 1735 1736
f 345 1736 1737
f 346 1737 1738
f 347 1738 1739
f 348 1739 1740
f 349 1740 1741
f 350 1741 1742
f 351 1742 1743
f 352 1743 1744
f 353 1744 1745
f 354 1745 1746
f 355 1746 1747
f 356 1747 1748
f 357 1748 1749
f 358 1749 1750
f 359 1750 1751
f 360 1751 1752
f 361 1752 1753
f 362 1753 1754
f 363 1754 1755
f 364 1755 1756
f 365 1756 1757
f 366 1757 1758
f 367 1758 1759
f 368 1759 1760
f 369 1760 1761
f 370 1761 1762
f 371 1762 1763
f 372 1763 1764
f 373 1764 1765
f 374 1765 1766
f 375 1766 1767
f 376 1767 1768
f 377 1768 1769
f 378 1769 1770
f 379 1770 1771
f 380 1771 1772
f 381 1772 1773
f 382 1773 1774
f 383 1774 1775
f 384 1775 1776
f 385 1776 1777
f 386 1777 1778
f 387 1778 1779
f 388 1779 1780
f 389 1780 1781
f 390 1781 1782
f 391 1782 1783
f 392 1783 1784
f 393 1784 1785
f 394 1785 1786
f 395 1786 1787
f 396 1787 1788
f 397 1788 1789
f 398 1789 1790
f 399 1790 1791
f 400 1791 1792
f 401 1792 1793
f 402 1793 1794
f 403 1794 1795
f 404 1795 1796
f 405 1796 1797
f 406 1797 1798
f 407 1798 1799
f 408 1799 1800
f 409 1800 1801
f 410 1801 1802
f 411 1802 1803
f 412 1803 1804
f 413 1804 1805
f 414 1805 1806
f 415 1806 1807
f 416 1807 1808
f 417 1808 1809
f 418 1809 1810
f 419 1810 1811
f 420 1811 1812
f 421 1812 1813
f 422 1813 1814
f 423 1814 1815
f 424 1815 1816
f 425 1816 1817
f 426 1817 1818
f 427 1818 1819
f 428 1819 1820
f 429 1820 1821
f 430 1821 1822
f 431 1822 1823
f 432 1823 1824
f 433 1824 1825
f 434 1825 1826
f 435 1826 1827
f 436 1827 1828
f 437 1828 1829
f 438 1829 1830
f 439 1830 1831
f 440 1831 1832
f 441 1832 1833
f 442 1833 1834
f 443 1834 1835
f 444 1835 1836
f 445 1836 1837
f 446 1837 1838
f 447 1838 1839
f 448 1839 1840
f 449 1840 1841
f 450 1841 1842
f 451 1842 1843
f 452 1843 1844
f 453 1844 1845
f 454 1845 1846
f 455 1846 1847
f 456 1847 1848
f 457 1848 1849
f 458 1849 1850
f 459 1850 1851
f 460 1851 1852
f 461 1852 1853
f 462 1853 1854
f 463 1854 1855
f 464 1855 1856
f 465 1856 1857
f 466 1857 1858
f 467 1858 1859
f 468 1859 1860
f 469 1860 1861
f 470 1861 1862
f 471 1862 1863
f 472 1863 1864
f 473 1864 1865
f 474 1865 1866
f 475 1866 1867
f 476 1867 1868
f 477 1868 1869
f 478 1869 1870
f 479 1870 1871
f 480 1871 1872
f 481 1872 1873
f 482 1873 1874
f 483 1874 1875
f 484 1875 1876
f 485 1876 1877
f 486 1877 1878
f 487 1878 1879
f 488 1879 1880
f 489 1880 1881
f 490 1881 1882
f 491 1882 1883
f 492 1883 1884
f 493 1884 1885
f 494 1885 1886
f 495 1886 1887
f 496 1887 1888
f 497 1888 1889
f 498 1889 1890
f 499 1890 1891
f 500 1891 1892
f 501 1892 1893
f 502 1893 1894
f 503 1894 1895
f 504 1895 1896
f 505 1896 1897
f 506 1897 1898
f 507 1898 1899
f 508 1899 1900
f 509 1900 1901
f 510 1901 1902
f 511 1902 1903
f 512 1903 1904
f 513 1904 1905
f 514 1905 1906
f 515 1906 1907
f 516 1907 1908
f 517 1908 1909
f 518 1909 1910
f 519 1910 1911
f 520 1911 1912
f 521 1912 1913
f 522 1913 1914
f 523 1914 1915
f 524 1915 1916
f 525 1916 1917
f 526 1917 1918
f 527 1918 1919
f 528 1919 1920
f 529 1920 1921
f 530 1921 1922
f 531 1922 1923
f 532 1923 1924
f 533 1924 1925
f 534 1925 1926
f 535 1926 1927
f 536 1927 1928
f 537 1928 1929
f 538 1929 1930
f 539 1930 1931
f 540 1931 1932
f 541 1932 1933
f 542 1933 1934
f 543 1934 1935
f 544 1935 1936
f 545 1936 1937
f 546 1937 1938
f 547 1938 1939
f 548 1939 1940
f 549 1940 1941
f 550 1941 1942
f 551 1942 1943
f 552 1943 1944
f 553 1944 1945
f 554 1945 1946
f 555 1946 1947
f 556 1947 1948
f 557 1948 1949
f 558 1949 1950
f 559 1950 1951
f 560 1951 1952
f 561 1952 1953
f 562 1953 1954
f 563 1954 1955
f 564 1955 1956
f 565 1956 1957
f 566 1957 1958
f 567 1958 1959
f 568 1959 1960
f 569 1960 1961
f 570 1961 1962
f 571 1962 1963
f 572 1963 1964
f 573 1964 1965
f 574 1965 1966
f 575 1966 1967
f 576 1967 1968
f 577 1968 1969
f 578 1969 1970
f 579 1970 1971
f 580 1971 1972
f 581 1972 1973
f 582 1973 1974
f 583 1974 1975
f 584 1975 1976
f 585 1976 1977
f 586 1977 1978
f 587 1978 1979
f 588 1979 1980
f 589 1980 1981
f 590 1981 1982
f 591 1982 1983
f 592 1983 1984
f 593 1984 1985
f 594 1985 1986
f 595 1986 1987
f 596 1987 1988
f 597 1988 1989
f 598 1989 1990
f 599 1990 1991
f 600 1991 1992
f 601 1992 1993
f 602 1993 1994
f 603 1994 1995
f 604 1995 1996
f 605 1996 1997
f 606 1997 1998
f 607 1998 1999
f 608 1999 2000
f 609 2000 2001
f 610 2001 2002
f 611 2002 2003
f 612 2003 2004
f 613 2004 2005
f 614 2005 2006
f 615 2006 2007
f 616 2007 2008
f 617 2008 2009
f 618 2009 2010
f 619 2010 2011
f 620 2011 2012
f 621 2012 2013
f 622 2013 2014
f 623 2014 2015
f 624 2015 2016
f 625 2016 2017
f 626 2017 2018
f 627 2018 2019
f 628 2019 2020
f 629 2020 2021
f 630 2021 2022
f 631 2022 2023
f 632 2023 2024
f 633 2024 2025
f 634 2025 2026
f 635 2026 2027
f 636 2027 2028
f 637 2028 2029
f 638 2029 2030
f 639 2030 2031
f 640 2031 2032
f 641 2032 2033
f 642 2033 2034
f 643 2034 2035
f 644 2035 2036
f 645 2036 2037
f 646 2037 2038
f 647 2038 2039
f 648 2039 2040
f 649 2040 2041
f 650 2041 2042
f 651 2042 2043
f 652 2043 2044
f 653 2044 2045
f 654 2045 2046
f 655 2046 2047
f 656 2047 2048
f 657 2048 2049
f 658 2049 2050
f 659 2050 2051
f 660 2051 2052
f 661 2052 2053
f 662 2053 2054
f 663 2054 2055
f 664 2055 2056
f 665 2056 2057
f 666 2057 2058
f 667 2058 2059
f 668 2059 2060
f 669 2060 2061
f 670 2061 2062
f 671 2062 2063
f 672 2063 2064
f 673 2064 2065
f 674 2065 2066
f 675 2066 2067
f 676 2067 2068
f 677 2068 2069
f 678 2069 2070
f 679 2070 2071
f 680 2071 2072
f 681 2072 2073
f 682 2073 2074
f 683 2074 2075
f 684 2075 2076
f 685 2076 2077
f 686 2077 2078
f 687 2078 2079
f 688 2079 2080
f 689 2080 2081
f 690 2081 2082
f 691 2082 2083
f 692 2083 2084
f 693 2084 2085
f 694 2085 2086
f 695 2086 2087
f 696 2087 2088
f 697 2088 2089
f 698 2089 2090
f 699 2090 2091
f 700 2091 2092
f 701 2092 2093
f 702 2093 2094
f 703 2094 2095
f 704 2095 2096
f 705 2096 2097
f 706 2097 2098
f 707 2098 2099
f 708 2099 2100
f 709 2100 2101
f 710 2101 2102
f 711 2102 2103
f 712 2103 2104
f 713 2104 2105
f 714 2105 2106
f 715 2106 2107
f 716 2107 2108
f 717 2108 2109
f 718 2109 2110
f 719 2110 2111
f 720 2111 2112
f 721 2112 2113
f 722 2113 2114
f 723 2114 2115
f 724 2115 2116
f 725 2116 2117
f 726 2117 2118
f 727 2118 2119
f 728 2119 2120
f 729 2120 2121
f 730 2121 2122
f 731 2122 2123
f 732 2123 2124
f 733 2124 2125
f 734 2125 2126
f 735 2126 2127
f 736 2127 2128
f 737 2128 2129
f 738 2129 2130
f 739 2130 2131
f 740 2131 2132
f 741 2132 2133
f 742 2133 2134
f 743 2134 2135
f 744 2135 2136
f 745 2136 2137
f 746 2137 2138
f 747 2138 2139
f 748 2139 2140
f 749 2140 2141
f 750 2141 2142
f 751 2142 2143
f 752 2143 2144
f 753 2144 2145
f 754 2145 2146
f 755 2146 2147
f 756 2147 2148
f 757 2148 2149
f 758 2149 2150
f 759 2150 2151
f 760 2151 2152
f 761 2152 2153
f 762 2153 2154
f 763 2154 2155
f 764 2155 2156
f 765 2156 2157
f 766 2157 2158
f 767 2158 2159
f 768 2159 2160
f 769 2160 2161
f 770 2161 2162
f 771 2162 2163
f 772 2163 2164
f 773 2164 2165
f 774 2165 2166
f 775 2166 2167
f 776 2167 2168
f 777 2168 2169
f 778 2169 2170
f 779 2170 2171
f 780 2171 2172
f 781 2172 2173
f 782 2173 2174
f 783 2174 2175
f 784 2175 2176
f 785 2176 2177
f 786 2177 2178
f 787 2178 2179
f 788 2179 2180
f 789 2180 2181
f 790 2181 2182
f 791 2182 2183
f 792 2183 2184
f 793 2184 2185
f 794 2185 2186
f 795 2186 2187
f 796 2187 2188
f 797 2188 2189
f 798 2189 2190
f 799 2190 2191
f 800 2191 2192
f 801 2192 2193
f 802 2193 2194
f 803 2194 2195
f 804 2195 2196
f 805 2196 2197
f 806 2197 2198
f 807 2198 2199
f 808 2199 2200
f 809 2200 2201
f 810 2201 2202
f 811 2202 2203
f 812 2203 2204
f 813 2204 2205
f 814 2205 2206
f 815 2206 2207
f 816 2207 2208
f 817 2208 2209
f 818 2209 2210
f 819 2210 2211
f 820 2211 2212
f 821 2212 2213
f 822 2213 2214
f 823 2214 2215
f 824 2215 2216
f 825 2216 2217
f 826 2217 2218
f 827 2218 2219
f 828 2219 2220
f 829 2220 2221
f 830 2221 2222
f 831 2222 2223
f 832 2223 2224
f 833 2224 2225
f 834 2225 2226
f 835 2226 2227
f 836 2227 2228
f 837 2228 2229
f 838 2229 2230
f 839 2230 2231
f 840 2231 2232
f 841 2232 2233
f 842 2233 2234
f 843 2234 2235
f 844 2235 2236
f 845 2236 2237
f 846 2237 2238
f 847 2238 2239
f 848 2239 2240
f 849 2240 2241
f 850 2241 2242
f 851 2242 2243
f 852 2243 2244
f 853 2244 2245
f 854 2245 2246
f 855 2246 2247
f 856 2247 2248
f 857 2248 2249
f 858 2249 2250
f 859 2250 2251
f 860 2251 2252
f 861 2252 2253
f 862 2253 2254
f 863 2254 2255
f 864 2255 2256
f 865 2256 2257
f 866 2257 2258
f 867 2258 2259
f 868 2259 2260
f 869 2260 2261
f 870 2261 2262
f 871 2262 2263
f 872 2263 2264
f 873 2264 2265
f 874 2265 2266
f 875 2266 2267
f 876 2267 2268
f 877 2268 2269
f 878 2269 2270
f 879 2270 2271
f 880 2271 2272
f 881 2272 2273
f 882 2273 2274
f 883 2274 2275
f 884 2275 2276
f 885 2276 2277
f 886 2277 2278
f 887 2278 2279
f 888 2279 2280
f 889 2280 2281
f 890 2281 2282
f 891 2282 2283
f 892 2283 2284
f 893 2284 2285
f 894 2285 2286
f 895 2286 2287
f 896 2287 2288
f 897 2288 2289
f 898 2289 2290
f 899 2290 2291
f 900 2291 2292
f 901 2292 2293
f 902 2293 2294
f 903 2294 2295
f 904 2295 2296
f 905 2296 2297
f 906 2297 2298
f 907 2298 2299
f 908 2299 2300
f 909 2300 2301
f 910 2301 2302
f 911 2302 2303
f 912 2303 2304
f 913 2304 2305
f 914 2305 2306
f 915 2306 2307
f 916 2307 2308
f 917 2308 2309
f 918 2309 2310
f 919 2310 2311
f 920 2311 2312
f 921 2312 2313
f 922 2313 2314
f 923 2314 2315
f 924 2315 2316
f 925 2316 2317
f 926 2317 2318
f 927 2318 2319
f 928 2319 2320
f 929 2320 2321
f 930 2321 2322
f 931 2322 2323
f 932 2323 2324
f 933 2324 2325
f 934 2325 2326
f 935 2326 2327
f 936 2327 2328
f 937 2328 2329
f 938 2329 2330
f 939 2330 2331
f 940 2331 2332
f 941 2332 2333
f 942 2333 2334
f 943 2334 2335
f 944 2335 2336
f 945 2336 2337
f 946 2337 2338
f 947 2338 2339
f 948 2339 2340
f 949 2340 2341
f 950 2341 2342
f 951 2342 2343
f 952 2343 2344
f 953 2344 2345
f 954 2345 2346
f 955 2346 2347
f 956 2347 2348
f 957 2348 2349
f 958 2349 2350
f 959 2350 2351
f 960 2351 2352
f 961 2352 2353
f 962 2353 2354
f 963 2354 2355
f 964 2355 2356
f 965 2356 2357
f 966 2357 2358
f 967 2358 2359
f 968 2359 2360
f 969 2360 2361
f 970 2361 2362
f 971 2362 2363
f 972 2363 2364
f 973 2364 2365
f 974 2365 2366
f 975 2366 2367
f 976 2367 2368
f 977 2368 2369
f 978 2369 2370
f 979 2370 2371
f 980 2371 2372
f 981 2372 2373
f 982 2373 2374
f 983 2374 2375
f 984 2375 2376
f 985 2376 2377
f 986 2377 2378
f 987 2378 2379
f 988 2379 2380
f 989 2380 2381
f 990 2381 2382
f 991 2382 2383
f 992 2383 2384
f 993 2384 2385
f 994 2385 2386
f 995 2386 2387
f 996 2387 2388
f 997 2388 2389
f 998 2389 2390
f 999 2390 2391
f 1000 2391 2392
f 1001 2392 2393
f 1002 2393 2394
f 1003 2394 2395
f 1004 2395 2396
f 1005 2396 2397
f 1006 2397 2398
f 1007 2398 2399
f 1008 2399 2400
f 1009 2400 2401
f 1010 2401 2402
f 1011 2402 2403
f 1012 2403 2404
f 1013 2404 2405
f 1014 2405 2406
f 1015 2406 2407
f 1016 2407 2408
f 1017 2408 2409
f 1018 2409 2410
f 1019 2410 2411
f 1020 2411 2412
f 1021 2412 2413
f 1022 2413 2414
f 1023 2414 2415
f 1024 2415 2416
f 1025 2416 2417
f 1026 2417 2418
f 1027 2418 2419
f 1028 2419 2420
f 1029 2420 2421
f 1030 2421 2422
f 1031 2422 2423
f 1032 2423 2424
f 1033 2424 2425
f 1034 2425 2426
f 1035 2426 2427
f 1036 2427 2428
f 1037 2428 2429
f 1038 2429 2430
f 1039 2430 2431
f 1040 2431 2432
f 1041 2432 2433
f 1042 2433 2434
f 1043 2434 2435
f 1044 2435 2436
f 1045 2436 2437
f 1046 2437 2438
f 1047 2438 2439
f 1048 2439 2440
f 1049 2440 2441
f 1050 2441 2442
f 1051 2442 2443
f 1052 2443 2444
f 1053 2444 2445
f 1054 2445 2446
f 1055 2446 2447
f 1056 2447 2448
f 1057 2448 2449
f 1058 2449 2450
f 1059 2450 2451
f 1060 2451 2452
f 1061 2452 2453
f 1062 2453 2454
f 1063 2454 2455
f 1064 2455 2456
f 1065 2456 2457
f 1066 2457 2458
f 1067 2458 2459
f 1068 2459 2460
f 1069 2460 2461
f 1070 2461 2462
f 1071 2462 2463
f 1072 2463 2464
f 1073 2464 2465
f 1074 2465 2466
f 1075 2466 2467
f 1076 2467 2468
f 1077 2468 2469
f 1078 2469 2470
f 1079 2470 2471
f 1080 2471 2472
f 1081 2472 2473
f 1082 2473 2474
f 1083 2474 2475
f 1084 2475 2476
f 1085 2476 2477
f 1086 2477 2478
f 1087 2478 2479
f 1088 2479 2480
f 1089 2480 2481
f 1090 2481 2482
f 1091 2482 2483
f 1092 2483 2484
f 1093 2484 2485
f 1094 2485 2486
f 1095 2486 2487
f 1096 2487 2488
f 1097 2488 2489
f 1098 2489 2490
f 1099 2490 2491
f 1100 2491 2492
f 1101 2492 2493
f 1102 2493 2494
f 1103 2494 2495
f 1104 2495 2496
f 1105 2496 2497
f 1106 2497 2498
f 1107 2498 2499
f 1108 2499 2500
f 1109 2500 2501
f 1110 2501 2502
f 1111 2502 2503
f 1112 2503 2504
f 1113 2504 2505
f 1114 2505 2506
f 1115 2506 2507
f 1116 2507 2508
f 1117 2508 2509
f 1118 2509 2510
f 1119 2510 2511
f 1120 2511 2512
f 1121 2512 2513
f 1122 2513 2514
f 1123 2514 2515
f 1124 2515 2516
f 1125 2516 2517
f 1126 2517 2518
f 1127 2518 2519
f 1128 2519 2520
f 1129 2520 2521
f 1130 2521 2522
f 1131 2522 2523
f 1132 2523 2524
f 1133 2524 2525
f 1134 2525 2526
f 1135 2526 2527
f 1136 2527 2528
f 1137 2528 2529
f 1138 2529 2530
f 1139 2530 2531
f 1140 2531 2532
f 1141 2532 2533
f 1142 2533 2534
f 1143 2534 2535
f 1144 2535 2536
f 1145 2536 2537
f 1146 2537 2538
f 1147 2538 2539
f 1148 2539 2540
f 1149 2540 2541
f 1150 2541 2542
f 1151 2542 2543
f 1152 2543 2544
f 1153 2544 2545
f 1154 2545 2546
f 1155 2546 2547
f 1156 2547 2548
f 1157 2548 2549
f 1158 2549 2550
f 1159 2550 2551
f 1160 2551 2552
f 1161 2552 2553
f 1162 2553 2554
f 1163 2554 2555
f 1164 2555 2556
f 1165 2556 2557
f 1166 2557 2558
f 1167 2558 2559
f 1168 2559 2560
f 1169 2560 2561
f 1170 2561 2562
f 1171 2562 2563
f 1172 2563 2564
f 1173 2564 2565
f 1174 2565 2566
f 1175 2566 2567
f 1176 2567 2568
f 1177 2568 2569
f 1178 2569 2570
f 1179 2570 2571
f 1180 2571 2572
f 1181 2572 2573
f 1182 2573 2574
f 1183 2574 2575
f 1184 2575 2576
f 1185 2576 2577
f 1186 2577 2578
f 1187 2578 2579
f 1188 2579 2580
f 1189 2580 2581
f 1190 2581 2582
f 1191 2582 2583
f 1192 2583 2584
f 1193 2584 2585
f 1194 2585 2586
f 1195 2586 2587
f 1196 2587 2588
f 1197 2588 2589
f 1198 2589 2590
f 1199 2590 2591
f 1200 2591 2592
f 1201 2592 2593
f 1202 2593 2594
f 1203 2594 2595
f 1204 2595 2596
f 1205 2596 2597
f 1206 2597 2598
f 1207 2598 2599
f 1208 2599 2600
f 1209 2600 2601
f 1210 2601 2602
f 1211 2602 2603
f 1212 2603 2604
f 1213 2604 2605
f 1214 2605 2606
f 1215 2606 2607
f 1216 2607 2608
f 1217 2608 2609
f 1218 2609 2610
f 1219 2610 2611
f 1220 2611 2612
f 1221 2612 2613
f 1222 2613 2614
f 1223 2614 2615
f 1224 2615 2616
f 1225 2616 2617
f 1226 2617 2618
f 1227 2618 2619
f 1228 2619 2620
f 1229 2620 2621
f 1230 2621 2622
f 1231 2622 2623
f 1232 2623 2624
f 1233 2624 2625
f 1234 2625 2626
f 1235 2626 2627
f 1236 2627 2628
f 1237 2628 2629
f 1238 2629 2630
f 1239 2630 2631
f 1240 2631 2632
f 1241 2632 2633
f 1242 2633 2634
f 1243 2634 2635
f 1244 2635 2636
f 1245 2636 2637
f 1246 2637 2638
f 1247 2638 2639
f 1248 2639 2640
f 1249 2640 2641
f 1250 2641 2642
f 1251 2642 2643
f 1252 2643 2644
f 1253 2644 2645
f 1254 2645 2646
f 1255 2646 2647
f 1256 2647 2648
f 1257 2648 2649
f 1258 2649 2650
f 1259 2650 2651
f 1260 2651 2652
f 1261 2652 2653
f 1262 2653 2654
f 1263 2654 2655
f 1264 2655 2656
f 1265 2656 2657
f 1266 2657 2658
f 1267 2658 2659
f 1268 2659 2660
f 1269 2660 2661
f 1270 2661 2662
f 1271 2662 2663
f 1272 2663 2664
f 1273 2664 2665
f 1274 2665 2666
f 1275 2666 2667
f 1276 2667 2668
f 1277 2668 2669
f 1278 2669 2670
f 1279 2670 2671
f 1280 2671 2672
f 1281 2672 2673
f 1282 2673 2674
f 1283 2674 2675
f 1284 2675 2676
f 1285 2676 2677
f 1286 2677 2678
f 1287 2678 2679
f 1288 2679 2680
f 1289 2680 2681
f 1290 2681 2682
f 1291 2682 2683
f 1292 2683 2684
f 1293 2684 2685
f 1294 2685 2686
f 1295 2686 2687
f 1296 2687 2688
f 1297 2688 2689
f 1298 2689 2690
f 1299 2690 2691
f 1300 2691 2692
f 1301 2692 2693
f 1302 2693 2694
f 1303 2694 2695
f 1304 2695 2696
f 1305 2696 2697
f 1306 2697 2698
f 1307 2698 2699
f 1308 2699 2700
f 1309 2700 2701
f 1310 2701 2702
f 1311 2702 2703
f 1312 2703 2704
f 1313 2704 2705
f 1314 2705 2706
f 1315 2706 2707
f 1316 2707 2708
f 1317 2708 2709
f 1318 2709 2710
f 1319 2710 2711
f 1320 2711 2712
f 1321 2712 2713
f 1322 2713 2714
f 1323 2714 2715
f 1324 2715 2716
f 1325 2716 2717
f 1326 2717 2718
f 1327 2718 2719
f 1328 2719 2720
f 1329 2720 2721
f 1330 2721 2722
f 1331 2722 2723
f 1332 2723 2724
f 1333 2724 2725
f 1334 2725 2726
f 1335 2726 2727
f 1336 2727 2728
f 1337 2728 2729
f 1338 2729 2730
f 1339 2730 2731
f 1340 2731 2732
f 1341 2732 2733
f 1342 2733 2734
f 1343 2734 2735
f 1344 2735 2736
f 1345 2736 2737
f 1346 2737 2738
f 1347 2738 2739
f 1348 2739 2740
f 1349 2740 2741
f 1350 2741 2742
f 1351 2742 2743
f 1352 2743 2744
f 1353 2744 2745
f 1354 2745 2746
f 1355 2746 2747
f 1356 2747 2748
f 1357 2748 2749
f 1358 2749 2750
f 1359 2750 2751
f 1360 2751 2752
f 1361 2752 2753
f 1362 2753 2754
f 1363 2754 2755
f 1364 2755 2756
f 1365 2756 2757
f 1366 2757 2758
f 1367 2758 2759
f 1368 2759 2760
f 1369 2760 2761
f 1370 2761 2762
f 1371 2762 2763
f 1372 2763 2764
f 1373 2764 2765
f 1374 2765 2766
f 1375 2766 2767
f 1376 2767 2768
f 1377 2768 2769
f 1378 2769 2770
f 1379 2770 2771
f 1380 2771 2772
f 1381 2772 2773
f 1382 2773 2774
f 1383 2774 2775
f 1384 2775 2776
f 1385 2776 2777
f 1386 2777 2778
f 1387 2778 2779
f 1388 2779 2780
f 1389 2780 2781
f 1390 2781 2782
f 1391 2782 2783
f 1392 2783 2784
f 1 2784 1393
