<?xml version="1.0" encoding="utf-8"?>
<COLLADA xmlns="http://www.collada.org/2005/11/COLLADASchema" version="1.4.1" xmlns:xsi="http://www.w3.org/2001/XMLSchema-instance">
  <asset>
    <contributor>
      <author>Blender User</author>
      <authoring_tool>Blender 4.3.2 commit date:2024-12-16, commit time:21:10, hash:32f5fdce0a0a</authoring_tool>
    </contributor>
    <created>2025-07-22T15:22:05</created>
    <modified>2025-07-22T15:22:05</modified>
    <unit name="meter" meter="1"/>
    <up_axis>Z_UP</up_axis>
  </asset>
  <library_effects>
    <effect id="head1-effect">
      <profile_COMMON>
        <newparam sid="head1_png-surface">
          <surface type="2D">
            <init_from>head1_png</init_from>
          </surface>
        </newparam>
        <newparam sid="head1_png-sampler">
          <sampler2D>
            <source>head1_png-surface</source>
          </sampler2D>
        </newparam>
        <technique sid="common">
          <lambert>
            <emission>
              <color sid="emission">0 0 0 1</color>
            </emission>
            <diffuse>
              <texture texture="head1_png-sampler" texcoord="head1_002-mesh-map-0"/>
            </diffuse>
            <reflectivity>
              <float sid="specular">0.8</float>
            </reflectivity>
            <index_of_refraction>
              <float sid="ior">1.5</float>
            </index_of_refraction>
          </lambert>
        </technique>
      </profile_COMMON>
    </effect>
  </library_effects>
  <library_images>
    <image id="head1_png" name="head1_png">
      <init_from>head1.png</init_from>
    </image>
  </library_images>
  <library_materials>
    <material id="head1-material" name="head1">
      <instance_effect url="#head1-effect"/>
    </material>
  </library_materials>
  <library_geometries>
    <geometry id="head1_002-mesh" name="head1.002">
      <mesh>
        <source id="head1_002-mesh-positions">
          <float_array id="head1_002-mesh-positions-array" count="4386">0.03500926 -0.01343876 0.06499993 0.03500926 -0.01343876 0.06499993 0.03500926 -0.01343876 0.06499993 0.03566443 -0.01158791 0.06499993 0.03566443 -0.01158791 0.06499993 0.03566443 -0.01158791 0.06499993 0.005866289 0.03703814 0.06499993 0.005866289 0.03703814 0.06499993 0.005866289 0.03703814 0.06499993 -0.0235995 0.02914297 0.06499993 -0.0235995 0.02914297 0.06499993 -0.0235995 0.02914297 0.06499993 -0.02509236 0.02786791 0.06499993 -0.02509236 0.02786791 0.06499993 -0.02509236 0.02786791 0.06499993 0.03749996 0 0.06499993 0.03749996 0 0.06499993 0.03749996 0 0.06499993 0.03744858 0.001962423 0.06499993 0.03744858 0.001962423 0.06499993 0.03744858 0.001962423 0.06499993 0.03744858 0.001962423 0.06499993 -0.03500926 0.01343876 0.06499993 -0.03500926 0.01343876 0.06499993 -0.03500926 0.01343876 0.06499993 -0.03566443 0.01158797 0.06499993 -0.03566443 0.01158797 0.06499993 -0.03566443 0.01158797 0.06499993 -0.007796645 -0.0366804 0.06499993 -0.007796645 -0.0366804 0.06499993 -0.007796645 -0.0366804 0.06499993 -0.005866289 -0.03703808 0.06499993 -0.005866289 -0.03703808 0.06499993 -0.005866289 -0.03703808 0.06499993 -0.00391978 -0.03729438 0.06499993 -0.00391978 -0.03729438 0.06499993 -0.00391978 -0.03729438 0.06499993 -0.001962423 -0.0374484 0.06499993 -0.001962423 -0.0374484 0.06499993 -0.001962423 -0.0374484 0.06499993 0.001962423 -0.0374484 0.06499993 0.001962423 -0.0374484 0.06499993 0.001962423 -0.0374484 0.06499993 -0.02204173 0.03033798 0.06499993 -0.02204173 0.03033798 0.06499993 -0.02204173 0.03033798 0.06499993 0.00391978 0.03729444 0.06499993 0.00391978 0.03729444 0.06499993 0.00391978 0.03729444 0.06499993 0.001962423 0.03744858 0.06499993 0.001962423 0.03744858 0.06499993 0.001962423 0.03744858 0.06499993 -0.0362221 0.009705662 0.06499993 -0.0362221 0.009705662 0.06499993 -0.0362221 0.009705662 0.06499993 -0.0366804 0.007796645 0.06499993 -0.0366804 0.007796645 0.06499993 -0.0366804 0.007796645 0.06499993 -0.03703808 0.005866289 0.06499993 -0.03703808 0.005866289 0.06499993 -0.03703808 0.005866289 0.06499993 0.0362221 -0.009705603 0.06499993 0.0362221 -0.009705603 0.06499993 0.0362221 -0.009705603 0.06499993 0.0366804 -0.007796466 0.06499993 0.0366804 -0.007796466 0.06499993 0.0366804 -0.007796466 0.06499993 0.03703808 -0.00586611 0.06499993 0.03703808 -0.00586611 0.06499993 0.03703808 -0.00586611 0.06499993 0.03033792 0.02204179 0.06499993 0.03033792 0.02204179 0.06499993 0.03033792 0.02204179 0.06499993 0.01158791 0.03566449 0.06499993 0.01158791 0.03566449 0.06499993 0.01158791 0.03566449 0.06499993 0.009705662 0.0362221 0.06499993 0.009705662 0.0362221 0.06499993 0.009705662 0.0362221 0.06499993 -0.01158791 0.03566449 0.06499993 -0.01158791 0.03566449 0.06499993 -0.01158791 0.03566449 0.06499993 -0.01343876 0.03500926 0.06499993 -0.01343876 0.03500926 0.06499993 -0.01343876 0.03500926 0.06499993 -0.001962423 0.03744858 0.06499993 -0.001962423 0.03744858 0.06499993 -0.001962423 0.03744858 0.06499993 -0.03729438 0.00391978 0.06499993 -0.03729438 0.00391978 0.06499993 -0.03729438 0.00391978 0.06499993 -0.03729438 0.00391978 0.06499993 -0.03744858 0.001962423 0.06499993 -0.03744858 0.001962423 0.06499993 -0.03744858 0.001962423 0.06499993 -0.03749996 0 0.06499993 -0.03749996 0 0.06499993 -0.03749996 0 0.06499993 -0.01343876 -0.0350092 0.06499993 -0.01343876 -0.0350092 0.06499993 -0.01343876 -0.0350092 0.06499993 -0.01158791 -0.03566443 0.06499993 -0.01158791 -0.03566443 0.06499993 -0.01158791 -0.03566443 0.06499993 -0.009705662 -0.0362221 0.06499993 -0.009705662 -0.0362221 0.06499993 -0.009705662 -0.0362221 0.06499993 0.03729438 -0.00391972 0.06499993 0.03729438 -0.00391972 0.06499993 0.03729438 -0.00391972 0.06499993 0.03729438 -0.00391972 0.06499993 0.03744858 -0.001962423 0.06499993 0.03744858 -0.001962423 0.06499993 0.03744858 -0.001962423 0.06499993 0.03729438 0.00391978 0.06499993 0.03729438 0.00391978 0.06499993 0.03729438 0.00391978 0.06499993 0.03703808 0.005866289 0.06499993 0.03703808 0.005866289 0.06499993 0.03703808 0.005866289 0.06499993 0.0366804 0.007796645 0.06499993 0.0366804 0.007796645 0.06499993 0.0366804 0.007796645 0.06499993 0.02914297 0.0235995 0.06499993 0.02914297 0.0235995 0.06499993 0.02914297 0.0235995 0.06499993 0.02786791 0.02509236 0.06499993 0.02786791 0.02509236 0.06499993 0.02786791 0.02509236 0.06499993 0.01343876 0.03500926 0.06499993 0.01343876 0.03500926 0.06499993 0.01343876 0.03500926 0.06499993 -0.00391978 0.03729444 0.06499993 -0.00391978 0.03729444 0.06499993 -0.00391978 0.03729444 0.06499993 -0.005866289 0.03703814 0.06499993 -0.005866289 0.03703814 0.06499993 -0.005866289 0.03703814 0.06499993 -0.007796645 0.0366804 0.06499993 -0.007796645 0.0366804 0.06499993 -0.007796645 0.0366804 0.06499993 -0.02651631 0.02651637 0.06499993 -0.02651631 0.02651637 0.06499993 -0.02651631 0.02651637 0.06499993 -0.02786791 0.02509236 0.06499993 -0.02786791 0.02509236 0.06499993 -0.02786791 0.02509236 0.06499993 -0.02914297 0.0235995 0.06499993 -0.02914297 0.0235995 0.06499993 -0.02914297 0.0235995 0.06499993 -0.03341269 -0.01702445 0.06499993 -0.03341269 -0.01702445 0.06499993 -0.03341269 -0.01702445 0.06499993 -0.03341269 -0.01702445 0.06499993 -0.03247576 -0.01874995 0.06499993 -0.03247576 -0.01874995 0.06499993 -0.03247576 -0.01874995 0.06499993 -0.03145009 -0.02042376 0.06499993 -0.03145009 -0.02042376 0.06499993 -0.03145009 -0.02042376 0.06499993 0.00391978 -0.03729438 0.06499993 0.00391978 -0.03729438 0.06499993 0.00391978 -0.03729438 0.06499993 0.005866289 -0.03703808 0.06499993 0.005866289 -0.03703808 0.06499993 0.005866289 -0.03703808 0.06499993 0.007796645 -0.0366804 0.06499993 0.007796645 -0.0366804 0.06499993 0.007796645 -0.0366804 0.06499993 0.009705662 -0.0362221 0.06499993 0.009705662 -0.0362221 0.06499993 0.009705662 -0.0362221 0.06499993 0.01158791 -0.03566443 0.06499993 0.01158791 -0.03566443 0.06499993 0.01158791 -0.03566443 0.06499993 0.01343876 -0.0350092 0.06499993 0.01343876 -0.0350092 0.06499993 0.01343876 -0.0350092 0.06499993 0.0362221 0.009705662 0.06499993 0.0362221 0.009705662 0.06499993 0.0362221 0.009705662 0.06499993 0.03566443 0.01158797 0.06499993 0.03566443 0.01158797 0.06499993 0.03566443 0.01158797 0.06499993 0.03500926 0.01343876 0.06499993 0.03500926 0.01343876 0.06499993 0.03500926 0.01343876 0.06499993 0.03425776 0.01525259 0.06499993 0.03425776 0.01525259 0.06499993 0.03425776 0.01525259 0.06499993 0.03341269 0.01702463 0.06499993 0.03341269 0.01702463 0.06499993 0.03341269 0.01702463 0.06499993 0.03247576 0.01874995 0.06499993 0.03247576 0.01874995 0.06499993 0.03247576 0.01874995 0.06499993 -0.01525259 0.03425782 0.06499993 -0.01525259 0.03425782 0.06499993 -0.01525259 0.03425782 0.06499993 -0.01702463 0.03341269 0.06499993 -0.01702463 0.03341269 0.06499993 -0.01702463 0.03341269 0.06499993 -0.01874995 0.03247582 0.06499993 -0.01874995 0.03247582 0.06499993 -0.01874995 0.03247582 0.06499993 -0.03033792 0.02204179 0.06499993 -0.03033792 0.02204179 0.06499993 -0.03033792 0.02204179 0.06499993 -0.03145009 0.02042376 0.06499993 -0.03145009 0.02042376 0.06499993 -0.03145009 0.02042376 0.06499993 -0.03247576 0.01874995 0.06499993 -0.03247576 0.01874995 0.06499993 -0.03247576 0.01874995 0.06499993 -0.03341269 0.01702463 0.06499993 -0.03341269 0.01702463 0.06499993 -0.03341269 0.01702463 0.06499993 -0.03425776 0.01525259 0.06499993 -0.03425776 0.01525259 0.06499993 -0.03425776 0.01525259 0.06499993 -0.03033792 -0.02204173 0.06499993 -0.03033792 -0.02204173 0.06499993 -0.03033792 -0.02204173 0.06499993 -0.02914297 -0.02359944 0.06499993 -0.02914297 -0.02359944 0.06499993 -0.02914297 -0.02359944 0.06499993 -0.02786791 -0.02509236 0.06499993 -0.02786791 -0.02509236 0.06499993 -0.02786791 -0.02509236 0.06499993 0.01525259 -0.03425776 0.06499993 0.01525259 -0.03425776 0.06499993 0.01525259 -0.03425776 0.06499993 0.01702463 -0.03341263 0.06499993 0.01702463 -0.03341263 0.06499993 0.01702463 -0.03341263 0.06499993 0.01702463 -0.03341263 0.06499993 0.01874995 -0.03247576 0.06499993 0.01874995 -0.03247576 0.06499993 0.01874995 -0.03247576 0.06499993 0.02042376 -0.03145003 0.06499993 0.02042376 -0.03145003 0.06499993 0.02042376 -0.03145003 0.06499993 0.02204173 -0.03033792 0.06499993 0.02204173 -0.03033792 0.06499993 0.02204173 -0.03033792 0.06499993 0.0235995 -0.02914291 0.06499993 0.0235995 -0.02914291 0.06499993 0.0235995 -0.02914291 0.06499993 0.02509236 -0.02786791 0.06499993 0.02509236 -0.02786791 0.06499993 0.02509236 -0.02786791 0.06499993 0.02651631 -0.02651631 0.06499993 0.02651631 -0.02651631 0.06499993 0.02651631 -0.02651631 0.06499993 0.02786791 -0.02509236 0.06499993 0.02786791 -0.02509236 0.06499993 0.02786791 -0.02509236 0.06499993 0.007796645 0.0366804 0.06499993 0.007796645 0.0366804 0.06499993 0.007796645 0.0366804 0.06499993 0.03145009 0.02042376 0.06499993 0.03145009 0.02042376 0.06499993 0.03145009 0.02042376 0.06499993 -0.009705662 0.0362221 0.06499993 -0.009705662 0.0362221 0.06499993 -0.009705662 0.0362221 0.06499993 0 0.03749996 0.06499993 0 0.03749996 0.06499993 0 0.03749996 0.06499993 -0.02042376 0.03145015 0.06499993 -0.02042376 0.03145015 0.06499993 -0.02042376 0.03145015 0.06499993 -0.03744858 -0.001962423 0.06499993 -0.03744858 -0.001962423 0.06499993 -0.03744858 -0.001962423 0.06499993 -0.03744858 -0.001962423 0.06499993 -0.03729438 -0.00391972 0.06499993 -0.03729438 -0.00391972 0.06499993 -0.03729438 -0.00391972 0.06499993 -0.03703808 -0.00586611 0.06499993 -0.03703808 -0.00586611 0.06499993 -0.03703808 -0.00586611 0.06499993 -0.03566443 -0.01158791 0.06499993 -0.03566443 -0.01158791 0.06499993 -0.03566443 -0.01158791 0.06499993 -0.03500926 -0.01343876 0.06499993 -0.03500926 -0.01343876 0.06499993 -0.03500926 -0.01343876 0.06499993 -0.03425776 -0.01525259 0.06499993 -0.03425776 -0.01525259 0.06499993 -0.03425776 -0.01525259 0.06499993 0.03145009 -0.02042376 0.06499993 0.03145009 -0.02042376 0.06499993 0.03145009 -0.02042376 0.06499993 0.03247576 -0.01874995 0.06499993 0.03247576 -0.01874995 0.06499993 0.03247576 -0.01874995 0.06499993 0.03247576 -0.01874995 0.06499993 0.02509236 0.02786791 0.06499993 0.02509236 0.02786791 0.06499993 0.02509236 0.02786791 0.06499993 0.0235995 0.02914297 0.06499993 0.0235995 0.02914297 0.06499993 0.0235995 0.02914297 0.06499993 0.02651631 0.02651637 0.06499993 0.02651631 0.02651637 0.06499993 0.02651631 0.02651637 0.06499993 0.02204173 0.03033798 0.06499993 0.02204173 0.03033798 0.06499993 0.02204173 0.03033798 0.06499993 0.02042376 0.03145015 0.06499993 0.02042376 0.03145015 0.06499993 0.02042376 0.03145015 0.06499993 0.01874995 0.03247582 0.06499993 0.01874995 0.03247582 0.06499993 0.01874995 0.03247582 0.06499993 0.01702463 0.03341269 0.06499993 0.01702463 0.03341269 0.06499993 0.01702463 0.03341269 0.06499993 0.01525259 0.03425782 0.06499993 0.01525259 0.03425782 0.06499993 0.01525259 0.03425782 0.06499993 -0.0366804 -0.007796466 0.06499993 -0.0366804 -0.007796466 0.06499993 -0.0366804 -0.007796466 0.06499993 -0.0362221 -0.009705603 0.06499993 -0.0362221 -0.009705603 0.06499993 -0.0362221 -0.009705603 0.06499993 -0.02651631 -0.02651631 0.06499993 -0.02651631 -0.02651631 0.06499993 -0.02651631 -0.02651631 0.06499993 -0.02509236 -0.02786791 0.06499993 -0.02509236 -0.02786791 0.06499993 -0.02509236 -0.02786791 0.06499993 -0.0235995 -0.02914291 0.06499993 -0.0235995 -0.02914291 0.06499993 -0.0235995 -0.02914291 0.06499993 0.02914297 -0.02359944 0.06499993 0.02914297 -0.02359944 0.06499993 0.02914297 -0.02359944 0.06499993 0.03033792 -0.02204173 0.06499993 0.03033792 -0.02204173 0.06499993 0.03033792 -0.02204173 0.06499993 0.03341269 -0.01702445 0.06499993 0.03341269 -0.01702445 0.06499993 0.03341269 -0.01702445 0.06499993 0.03425776 -0.01525259 0.06499993 0.03425776 -0.01525259 0.06499993 0.03425776 -0.01525259 0.06499993 -0.01874995 -0.03247576 0.06499993 -0.01874995 -0.03247576 0.06499993 -0.01874995 -0.03247576 0.06499993 -0.01874995 -0.03247576 0.06499993 -0.01702463 -0.03341263 0.06499993 -0.01702463 -0.03341263 0.06499993 -0.01702463 -0.03341263 0.06499993 -0.01525259 -0.03425776 0.06499993 -0.01525259 -0.03425776 0.06499993 -0.01525259 -0.03425776 0.06499993 -0.02204173 -0.03033792 0.06499993 -0.02204173 -0.03033792 0.06499993 -0.02204173 -0.03033792 0.06499993 -0.02042376 -0.03145003 0.06499993 -0.02042376 -0.03145003 0.06499993 -0.02042376 -0.03145003 0.06499993 0 -0.03749996 0.001299977 0 -0.03749996 0.001299977 0 -0.03749996 0.001299977 0 -0.0374999 0.06499993 0 -0.0374999 0.06499993 0 -0.0374999 0.06499993 -0.001962423 -0.03744858 0.001299977 -0.001962423 -0.03744858 0.001299977 -0.001962423 -0.03744858 0.001299977 -0.00391978 -0.03729438 0.001299977 -0.00391978 -0.03729438 0.001299977 -0.00391978 -0.03729438 0.001299977 -0.005866289 -0.03703808 0.001299977 -0.005866289 -0.03703808 0.001299977 -0.005866289 -0.03703808 0.001299977 -0.007796645 -0.0366804 0.001299977 -0.007796645 -0.0366804 0.001299977 -0.007796645 -0.0366804 0.001299977 -0.009705662 -0.0362221 0.001299977 -0.009705662 -0.0362221 0.001299977 -0.009705662 -0.0362221 0.001299977 -0.01158791 -0.03566443 0.001299977 -0.01158791 -0.03566443 0.001299977 -0.01158791 -0.03566443 0.001299977 -0.01343876 -0.03500926 0.001299977 -0.01343876 -0.03500926 0.001299977 -0.01343876 -0.03500926 0.001299977 -0.01525259 -0.03425776 0.001299977 -0.01525259 -0.03425776 0.001299977 -0.01525259 -0.03425776 0.001299977 -0.01702463 -0.03341269 0.001299977 -0.01702463 -0.03341269 0.001299977 -0.01702463 -0.03341269 0.001299977 -0.01702463 -0.03341269 0.001299977 -0.01874995 -0.03247576 0.001299977 -0.01874995 -0.03247576 0.001299977 -0.01874995 -0.03247576 0.001299977 -0.02042376 -0.03145009 0.001299977 -0.02042376 -0.03145009 0.001299977 -0.02042376 -0.03145009 0.001299977 -0.02204173 -0.03033792 0.001299977 -0.02204173 -0.03033792 0.001299977 -0.02204173 -0.03033792 0.001299977 -0.0235995 -0.02914297 0.001299977 -0.0235995 -0.02914297 0.001299977 -0.0235995 -0.02914297 0.001299977 -0.02509236 -0.02786791 0.001299977 -0.02509236 -0.02786791 0.001299977 -0.02509236 -0.02786791 0.001299977 -0.02651631 -0.02651631 0.001299977 -0.02651631 -0.02651631 0.001299977 -0.02651631 -0.02651631 0.001299977 -0.02786791 -0.02509236 0.001299977 -0.02786791 -0.02509236 0.001299977 -0.02786791 -0.02509236 0.001299977 -0.02914297 -0.0235995 0.001299977 -0.02914297 -0.0235995 0.001299977 -0.02914297 -0.0235995 0.001299977 -0.03033792 -0.02204173 0.001299977 -0.03033792 -0.02204173 0.001299977 -0.03033792 -0.02204173 0.001299977 -0.03145009 -0.02042376 0.001299977 -0.03145009 -0.02042376 0.001299977 -0.03145009 -0.02042376 0.001299977 -0.03247576 -0.01874995 0.001299977 -0.03247576 -0.01874995 0.001299977 -0.03247576 -0.01874995 0.001299977 -0.03247576 -0.01874995 0.001299977 -0.03341269 -0.01702463 0.001299977 -0.03341269 -0.01702463 0.001299977 -0.03341269 -0.01702463 0.001299977 -0.03425776 -0.01525259 0.001299977 -0.03425776 -0.01525259 0.001299977 -0.03425776 -0.01525259 0.001299977 -0.03500926 -0.01343876 0.001299977 -0.03500926 -0.01343876 0.001299977 -0.03500926 -0.01343876 0.001299977 -0.03566443 -0.01158791 0.001299977 -0.03566443 -0.01158791 0.001299977 -0.03566443 -0.01158791 0.001299977 -0.0362221 -0.009705662 0.001299977 -0.0362221 -0.009705662 0.001299977 -0.0362221 -0.009705662 0.001299977 -0.0366804 -0.007796645 0.001299977 -0.0366804 -0.007796645 0.001299977 -0.0366804 -0.007796645 0.001299977 -0.03703808 -0.005866289 0.001299977 -0.03703808 -0.005866289 0.001299977 -0.03703808 -0.005866289 0.001299977 -0.03729438 -0.00391978 0.001299977 -0.03729438 -0.00391978 0.001299977 -0.03729438 -0.00391978 0.001299977 -0.03729438 -0.00391978 0.001299977 -0.03744858 -0.001962423 0.001299977 -0.03744858 -0.001962423 0.001299977 -0.03744858 -0.001962423 0.001299977 -0.03749996 0 0.001299977 -0.03749996 0 0.001299977 -0.03749996 0 0.001299977 -0.03744858 0.001962423 0.001299977 -0.03744858 0.001962423 0.001299977 -0.03744858 0.001962423 0.001299977 -0.03744858 0.001962423 0.001299977 -0.03729438 0.00391978 0.001299977 -0.03729438 0.00391978 0.001299977 -0.03729438 0.00391978 0.001299977 -0.03703808 0.005866289 0.001299977 -0.03703808 0.005866289 0.001299977 -0.03703808 0.005866289 0.001299977 -0.0366804 0.007796645 0.001299977 -0.0366804 0.007796645 0.001299977 -0.0366804 0.007796645 0.001299977 -0.0362221 0.009705662 0.001299977 -0.0362221 0.009705662 0.001299977 -0.0362221 0.009705662 0.001299977 -0.03566443 0.01158791 0.001299977 -0.03566443 0.01158791 0.001299977 -0.03566443 0.01158791 0.001299977 -0.03500926 0.01343876 0.001299977 -0.03500926 0.01343876 0.001299977 -0.03500926 0.01343876 0.001299977 -0.03425776 0.01525259 0.001299977 -0.03425776 0.01525259 0.001299977 -0.03425776 0.01525259 0.001299977 -0.03341269 0.01702463 0.001299977 -0.03341269 0.01702463 0.001299977 -0.03341269 0.01702463 0.001299977 -0.03247576 0.01874995 0.001299977 -0.03247576 0.01874995 0.001299977 -0.03247576 0.01874995 0.001299977 -0.03145009 0.02042376 0.001299977 -0.03145009 0.02042376 0.001299977 -0.03145009 0.02042376 0.001299977 -0.03033792 0.02204173 0.001299977 -0.03033792 0.02204173 0.001299977 -0.03033792 0.02204173 0.001299977 -0.02914297 0.0235995 0.001299977 -0.02914297 0.0235995 0.001299977 -0.02914297 0.0235995 0.001299977 -0.02786791 0.02509236 0.001299977 -0.02786791 0.02509236 0.001299977 -0.02786791 0.02509236 0.001299977 -0.02651631 0.02651631 0.001299977 -0.02651631 0.02651631 0.001299977 -0.02651631 0.02651631 0.001299977 -0.02509236 0.02786791 0.001299977 -0.02509236 0.02786791 0.001299977 -0.02509236 0.02786791 0.001299977 -0.0235995 0.02914297 0.001299977 -0.0235995 0.02914297 0.001299977 -0.0235995 0.02914297 0.001299977 -0.02204173 0.03033792 0.001299977 -0.02204173 0.03033792 0.001299977 -0.02204173 0.03033792 0.001299977 -0.02042376 0.03145009 0.001299977 -0.02042376 0.03145009 0.001299977 -0.02042376 0.03145009 0.001299977 -0.01874995 0.03247576 0.001299977 -0.01874995 0.03247576 0.001299977 -0.01874995 0.03247576 0.001299977 -0.01702463 0.03341269 0.001299977 -0.01702463 0.03341269 0.001299977 -0.01702463 0.03341269 0.001299977 -0.01525259 0.03425776 0.001299977 -0.01525259 0.03425776 0.001299977 -0.01525259 0.03425776 0.001299977 -0.01343876 0.03500926 0.001299977 -0.01343876 0.03500926 0.001299977 -0.01343876 0.03500926 0.001299977 -0.01158791 0.03566443 0.001299977 -0.01158791 0.03566443 0.001299977 -0.01158791 0.03566443 0.001299977 -0.009705662 0.0362221 0.001299977 -0.009705662 0.0362221 0.001299977 -0.009705662 0.0362221 0.001299977 -0.007796645 0.0366804 0.001299977 -0.007796645 0.0366804 0.001299977 -0.007796645 0.0366804 0.001299977 -0.005866289 0.03703808 0.001299977 -0.005866289 0.03703808 0.001299977 -0.005866289 0.03703808 0.001299977 -0.00391978 0.03729438 0.001299977 -0.00391978 0.03729438 0.001299977 -0.00391978 0.03729438 0.001299977 -0.001962423 0.03744858 0.001299977 -0.001962423 0.03744858 0.001299977 -0.001962423 0.03744858 0.001299977 0 0.03749996 0.001299977 0 0.03749996 0.001299977 0 0.03749996 0.001299977 0.001962423 0.03744858 0.001299977 0.001962423 0.03744858 0.001299977 0.001962423 0.03744858 0.001299977 0.00391978 0.03729438 0.001299977 0.00391978 0.03729438 0.001299977 0.00391978 0.03729438 0.001299977 0.005866289 0.03703808 0.001299977 0.005866289 0.03703808 0.001299977 0.005866289 0.03703808 0.001299977 0.007796645 0.0366804 0.001299977 0.007796645 0.0366804 0.001299977 0.007796645 0.0366804 0.001299977 0.009705662 0.0362221 0.001299977 0.009705662 0.0362221 0.001299977 0.009705662 0.0362221 0.001299977 0.01158791 0.03566443 0.001299977 0.01158791 0.03566443 0.001299977 0.01158791 0.03566443 0.001299977 0.01343876 0.03500926 0.001299977 0.01343876 0.03500926 0.001299977 0.01343876 0.03500926 0.001299977 0.01525259 0.03425776 0.001299977 0.01525259 0.03425776 0.001299977 0.01525259 0.03425776 0.001299977 0.01702463 0.03341269 0.001299977 0.01702463 0.03341269 0.001299977 0.01702463 0.03341269 0.001299977 0.01874995 0.03247576 0.001299977 0.01874995 0.03247576 0.001299977 0.01874995 0.03247576 0.001299977 0.02042376 0.03145009 0.001299977 0.02042376 0.03145009 0.001299977 0.02042376 0.03145009 0.001299977 0.02204173 0.03033792 0.001299977 0.02204173 0.03033792 0.001299977 0.02204173 0.03033792 0.001299977 0.0235995 0.02914297 0.001299977 0.0235995 0.02914297 0.001299977 0.0235995 0.02914297 0.001299977 0.02509236 0.02786791 0.001299977 0.02509236 0.02786791 0.001299977 0.02509236 0.02786791 0.001299977 0.02651631 0.02651631 0.001299977 0.02651631 0.02651631 0.001299977 0.02651631 0.02651631 0.001299977 0.02786791 0.02509236 0.001299977 0.02786791 0.02509236 0.001299977 0.02786791 0.02509236 0.001299977 0.02914297 0.0235995 0.001299977 0.02914297 0.0235995 0.001299977 0.02914297 0.0235995 0.001299977 0.03033792 0.02204173 0.001299977 0.03033792 0.02204173 0.001299977 0.03033792 0.02204173 0.001299977 0.03145009 0.02042376 0.001299977 0.03145009 0.02042376 0.001299977 0.03145009 0.02042376 0.001299977 0.03247576 0.01874995 0.001299977 0.03247576 0.01874995 0.001299977 0.03247576 0.01874995 0.001299977 0.03341269 0.01702463 0.001299977 0.03341269 0.01702463 0.001299977 0.03341269 0.01702463 0.001299977 0.03425776 0.01525259 0.001299977 0.03425776 0.01525259 0.001299977 0.03425776 0.01525259 0.001299977 0.03500926 0.01343876 0.001299977 0.03500926 0.01343876 0.001299977 0.03500926 0.01343876 0.001299977 0.03566443 0.01158791 0.001299977 0.03566443 0.01158791 0.001299977 0.03566443 0.01158791 0.001299977 0.0362221 0.009705662 0.001299977 0.0362221 0.009705662 0.001299977 0.0362221 0.009705662 0.001299977 0.0366804 0.007796645 0.001299977 0.0366804 0.007796645 0.001299977 0.0366804 0.007796645 0.001299977 0.03703808 0.005866289 0.001299977 0.03703808 0.005866289 0.001299977 0.03703808 0.005866289 0.001299977 0.03729438 0.00391978 0.001299977 0.03729438 0.00391978 0.001299977 0.03729438 0.00391978 0.001299977 0.03729438 0.00391978 0.001299977 0.03744858 0.001962423 0.001299977 0.03744858 0.001962423 0.001299977 0.03744858 0.001962423 0.001299977 0.03749996 0 0.001299977 0.03749996 0 0.001299977 0.03749996 0 0.001299977 0.03744858 -0.001962423 0.001299977 0.03744858 -0.001962423 0.001299977 0.03744858 -0.001962423 0.001299977 0.03744858 -0.001962423 0.001299977 0.03729438 -0.00391978 0.001299977 0.03729438 -0.00391978 0.001299977 0.03729438 -0.00391978 0.001299977 0.03703808 -0.005866289 0.001299977 0.03703808 -0.005866289 0.001299977 0.03703808 -0.005866289 0.001299977 0.0366804 -0.007796645 0.001299977 0.0366804 -0.007796645 0.001299977 0.0366804 -0.007796645 0.001299977 0.0362221 -0.009705662 0.001299977 0.0362221 -0.009705662 0.001299977 0.0362221 -0.009705662 0.001299977 0.03566443 -0.01158791 0.001299977 0.03566443 -0.01158791 0.001299977 0.03566443 -0.01158791 0.001299977 0.03500926 -0.01343876 0.001299977 0.03500926 -0.01343876 0.001299977 0.03500926 -0.01343876 0.001299977 0.03425776 -0.01525259 0.001299977 0.03425776 -0.01525259 0.001299977 0.03425776 -0.01525259 0.001299977 0.03341269 -0.01702463 0.001299977 0.03341269 -0.01702463 0.001299977 0.03341269 -0.01702463 0.001299977 0.03341269 -0.01702463 0.001299977 0.03247576 -0.01874995 0.001299977 0.03247576 -0.01874995 0.001299977 0.03247576 -0.01874995 0.001299977 0.03145009 -0.02042376 0.001299977 0.03145009 -0.02042376 0.001299977 0.03145009 -0.02042376 0.001299977 0.03033792 -0.02204173 0.001299977 0.03033792 -0.02204173 0.001299977 0.03033792 -0.02204173 0.001299977 0.02914297 -0.0235995 0.001299977 0.02914297 -0.0235995 0.001299977 0.02914297 -0.0235995 0.001299977 0.02786791 -0.02509236 0.001299977 0.02786791 -0.02509236 0.001299977 0.02786791 -0.02509236 0.001299977 0.02651631 -0.02651631 0.001299977 0.02651631 -0.02651631 0.001299977 0.02651631 -0.02651631 0.001299977 0.02509236 -0.02786791 0.001299977 0.02509236 -0.02786791 0.001299977 0.02509236 -0.02786791 0.001299977 0.0235995 -0.02914297 0.001299977 0.0235995 -0.02914297 0.001299977 0.0235995 -0.02914297 0.001299977 0.02204173 -0.03033792 0.001299977 0.02204173 -0.03033792 0.001299977 0.02204173 -0.03033792 0.001299977 0.02042376 -0.03145009 0.001299977 0.02042376 -0.03145009 0.001299977 0.02042376 -0.03145009 0.001299977 0.01874995 -0.03247576 0.001299977 0.01874995 -0.03247576 0.001299977 0.01874995 -0.03247576 0.001299977 0.01874995 -0.03247576 0.001299977 0.01702463 -0.03341269 0.001299977 0.01702463 -0.03341269 0.001299977 0.01702463 -0.03341269 0.001299977 0.01525259 -0.03425776 0.001299977 0.01525259 -0.03425776 0.001299977 0.01525259 -0.03425776 0.001299977 0.01343876 -0.03500926 0.001299977 0.01343876 -0.03500926 0.001299977 0.01343876 -0.03500926 0.001299977 0.01158791 -0.03566443 0.001299977 0.01158791 -0.03566443 0.001299977 0.01158791 -0.03566443 0.001299977 0.009705662 -0.0362221 0.001299977 0.009705662 -0.0362221 0.001299977 0.009705662 -0.0362221 0.001299977 0.007796645 -0.0366804 0.001299977 0.007796645 -0.0366804 0.001299977 0.007796645 -0.0366804 0.001299977 0.005866289 -0.03703808 0.001299977 0.005866289 -0.03703808 0.001299977 0.005866289 -0.03703808 0.001299977 0.00391978 -0.03729438 0.001299977 0.00391978 -0.03729438 0.001299977 0.00391978 -0.03729438 0.001299977 0.001962423 -0.03744858 0.001299977 0.001962423 -0.03744858 0.001299977 0.001962423 -0.03744858 0.001299977 0.02527475 0.03478771 0.001299977 0.02527475 0.03478771 0.001299977 0.02527475 0.03478771 0.001299977 0.02341938 0.03606265 0.001299977 0.02341938 0.03606265 0.001299977 0.02341938 0.03606265 0.001299977 0.02149999 0.03723907 0.001299977 0.02149999 0.03723907 0.001299977 0.02149999 0.03723907 0.001299977 0.01952159 0.03831321 0.001299977 0.01952159 0.03831321 0.001299977 0.01952159 0.03831321 0.001299977 0.01748967 0.03928244 0.001299977 0.01748967 0.03928244 0.001299977 0.01748967 0.03928244 0.001299977 0.01540958 0.04014372 0.001299977 0.01540958 0.04014372 0.001299977 0.01540958 0.04014372 0.001299977 0.01328772 0.0408954 0.001299977 0.01328772 0.0408954 0.001299977 0.01328772 0.0408954 0.001299977 0.0111292 0.04153478 0.001299977 0.0111292 0.04153478 0.001299977 0.0111292 0.04153478 0.001299977 0.00894016 0.04206013 0.001299977 0.00894016 0.04206013 0.001299977 0.00894016 0.04206013 0.001299977 0.006726682 0.04247057 0.001299977 0.006726682 0.04247057 0.001299977 0.006726682 0.04247057 0.001299977 0.004494667 0.04276442 0.001299977 0.004494667 0.04276442 0.001299977 0.004494667 0.04276442 0.001299977 0.002250373 0.04294103 0.001299977 0.002250373 0.04294103 0.001299977 0.002250373 0.04294103 0.001299977 0 0.04299998 0.001299977 0 0.04299998 0.001299977 0 0.04299998 0.001299977 -0.002250373 0.04294103 0.001299977 -0.002250373 0.04294103 0.001299977 -0.002250373 0.04294103 0.001299977 -0.004494667 0.04276442 0.001299977 -0.004494667 0.04276442 0.001299977 -0.004494667 0.04276442 0.001299977 -0.006726682 0.04247057 0.001299977 -0.006726682 0.04247057 0.001299977 -0.006726682 0.04247057 0.001299977 -0.00894016 0.04206013 0.001299977 -0.00894016 0.04206013 0.001299977 -0.00894016 0.04206013 0.001299977 -0.0111292 0.04153478 0.001299977 -0.0111292 0.04153478 0.001299977 -0.0111292 0.04153478 0.001299977 -0.01328772 0.0408954 0.001299977 -0.01328772 0.0408954 0.001299977 -0.01328772 0.0408954 0.001299977 -0.01540958 0.04014372 0.001299977 -0.01540958 0.04014372 0.001299977 -0.01540958 0.04014372 0.001299977 -0.01748967 0.03928244 0.001299977 -0.01748967 0.03928244 0.001299977 -0.01748967 0.03928244 0.001299977 -0.01952159 0.03831321 0.001299977 -0.01952159 0.03831321 0.001299977 -0.01952159 0.03831321 0.001299977 -0.02149999 0.03723907 0.001299977 -0.02149999 0.03723907 0.001299977 -0.02149999 0.03723907 0.001299977 -0.02341938 0.03606265 0.001299977 -0.02341938 0.03606265 0.001299977 -0.02341938 0.03606265 0.001299977 -0.02527475 0.03478771 0.001299977 -0.02527475 0.03478771 0.001299977 -0.02527475 0.03478771 0.001299977 -0.02706056 0.03341722 0.001299977 -0.02706056 0.03341722 0.001299977 -0.02706056 0.03341722 0.001299977 -0.02877259 0.03195518 0.001299977 -0.02877259 0.03195518 0.001299977 -0.02877259 0.03195518 0.001299977 -0.03040558 0.03040558 0.001299977 -0.03040558 0.03040558 0.001299977 -0.03040558 0.03040558 0.001299977 -0.03195518 0.02877259 0.001299977 -0.03195518 0.02877259 0.001299977 -0.03195518 0.02877259 0.001299977 -0.03341722 0.02706056 0.001299977 -0.03341722 0.02706056 0.001299977 -0.03341722 0.02706056 0.001299977 -0.03478771 0.02527475 0.001299977 -0.03478771 0.02527475 0.001299977 -0.03478771 0.02527475 0.001299977 -0.03606265 0.02341938 0.001299977 -0.03606265 0.02341938 0.001299977 -0.03606265 0.02341938 0.001299977 -0.03723907 0.02149999 0.001299977 -0.03723907 0.02149999 0.001299977 -0.03723907 0.02149999 0.001299977 -0.03831321 0.01952159 0.001299977 -0.03831321 0.01952159 0.001299977 -0.03831321 0.01952159 0.001299977 -0.03928244 0.01748967 0.001299977 -0.03928244 0.01748967 0.001299977 -0.03928244 0.01748967 0.001299977 -0.04014372 0.01540958 0.001299977 -0.04014372 0.01540958 0.001299977 -0.04014372 0.01540958 0.001299977 -0.0408954 0.01328772 0.001299977 -0.0408954 0.01328772 0.001299977 -0.0408954 0.01328772 0.001299977 -0.04153478 0.0111292 0.001299977 -0.04153478 0.0111292 0.001299977 -0.04153478 0.0111292 0.001299977 -0.04206013 0.00894016 0.001299977 -0.04206013 0.00894016 0.001299977 -0.04206013 0.00894016 0.001299977 -0.04247057 0.006726682 0.001299977 -0.04247057 0.006726682 0.001299977 -0.04247057 0.006726682 0.001299977 -0.04276442 0.004494667 0.001299977 -0.04276442 0.004494667 0.001299977 -0.04276442 0.004494667 0.001299977 -0.04294103 0.002250373 0.001299977 -0.04294103 0.002250373 0.001299977 -0.04294103 0.002250373 0.001299977 -0.04294103 -0.002250373 0.001299977 -0.04294103 -0.002250373 0.001299977 -0.04294103 -0.002250373 0.001299977 -0.04294103 -0.002250373 0.001299977 -0.04276442 -0.004494667 0.001299977 -0.04276442 -0.004494667 0.001299977 -0.04276442 -0.004494667 0.001299977 -0.04247057 -0.006726682 0.001299977 -0.04247057 -0.006726682 0.001299977 -0.04247057 -0.006726682 0.001299977 -0.04206013 -0.00894016 0.001299977 -0.04206013 -0.00894016 0.001299977 -0.04206013 -0.00894016 0.001299977 -0.04153478 -0.0111292 0.001299977 -0.04153478 -0.0111292 0.001299977 -0.04153478 -0.0111292 0.001299977 -0.0408954 -0.01328772 0.001299977 -0.0408954 -0.01328772 0.001299977 -0.0408954 -0.01328772 0.001299977 -0.04014372 -0.01540958 0.001299977 -0.04014372 -0.01540958 0.001299977 -0.04014372 -0.01540958 0.001299977 -0.03928244 -0.01748967 0.001299977 -0.03928244 -0.01748967 0.001299977 -0.03928244 -0.01748967 0.001299977 -0.03831321 -0.01952159 0.001299977 -0.03831321 -0.01952159 0.001299977 -0.03831321 -0.01952159 0.001299977 -0.03723907 -0.02149999 0.001299977 -0.03723907 -0.02149999 0.001299977 -0.03723907 -0.02149999 0.001299977 -0.03606265 -0.02341938 0.001299977 -0.03606265 -0.02341938 0.001299977 -0.03606265 -0.02341938 0.001299977 -0.03478771 -0.02527475 0.001299977 -0.03478771 -0.02527475 0.001299977 -0.03478771 -0.02527475 0.001299977 -0.03341722 -0.02706056 0.001299977 -0.03341722 -0.02706056 0.001299977 -0.03341722 -0.02706056 0.001299977 -0.03195518 -0.02877259 0.001299977 -0.03195518 -0.02877259 0.001299977 -0.03195518 -0.02877259 0.001299977 -0.03040558 -0.03040558 0.001299977 -0.03040558 -0.03040558 0.001299977 -0.03040558 -0.03040558 0.001299977 -0.02877259 -0.03195518 0.001299977 -0.02877259 -0.03195518 0.001299977 -0.02877259 -0.03195518 0.001299977 -0.02706056 -0.03341722 0.001299977 -0.02706056 -0.03341722 0.001299977 -0.02706056 -0.03341722 0.001299977 -0.02527475 -0.03478771 0.001299977 -0.02527475 -0.03478771 0.001299977 -0.02527475 -0.03478771 0.001299977 -0.02341938 -0.03606265 0.001299977 -0.02341938 -0.03606265 0.001299977 -0.02341938 -0.03606265 0.001299977 -0.02149999 -0.03723907 0.001299977 -0.02149999 -0.03723907 0.001299977 -0.02149999 -0.03723907 0.001299977 -0.01952159 -0.03831321 0.001299977 -0.01952159 -0.03831321 0.001299977 -0.01952159 -0.03831321 0.001299977 -0.01748967 -0.03928244 0.001299977 -0.01748967 -0.03928244 0.001299977 -0.01748967 -0.03928244 0.001299977 -0.01540958 -0.04014372 0.001299977 -0.01540958 -0.04014372 0.001299977 -0.01540958 -0.04014372 0.001299977 -0.01328772 -0.0408954 0.001299977 -0.01328772 -0.0408954 0.001299977 -0.01328772 -0.0408954 0.001299977 -0.0111292 -0.04153478 0.001299977 -0.0111292 -0.04153478 0.001299977 -0.0111292 -0.04153478 0.001299977 -0.00894016 -0.04206013 0.001299977 -0.00894016 -0.04206013 0.001299977 -0.00894016 -0.04206013 0.001299977 -0.006726682 -0.04247057 0.001299977 -0.006726682 -0.04247057 0.001299977 -0.006726682 -0.04247057 0.001299977 -0.004494667 -0.04276442 0.001299977 -0.004494667 -0.04276442 0.001299977 -0.004494667 -0.04276442 0.001299977 -0.002250373 -0.04294103 0.001299977 -0.002250373 -0.04294103 0.001299977 -0.002250373 -0.04294103 0.001299977 0 -0.04299998 0.001299977 0 -0.04299998 0.001299977 0 -0.04299998 0.001299977 0.002250373 -0.04294103 0.001299977 0.002250373 -0.04294103 0.001299977 0.002250373 -0.04294103 0.001299977 0.004494667 -0.04276442 0.001299977 0.004494667 -0.04276442 0.001299977 0.004494667 -0.04276442 0.001299977 0.006726682 -0.04247057 0.001299977 0.006726682 -0.04247057 0.001299977 0.006726682 -0.04247057 0.001299977 0.00894016 -0.04206013 0.001299977 0.00894016 -0.04206013 0.001299977 0.00894016 -0.04206013 0.001299977 0.0111292 -0.04153478 0.001299977 0.0111292 -0.04153478 0.001299977 0.0111292 -0.04153478 0.001299977 0.01328772 -0.0408954 0.001299977 0.01328772 -0.0408954 0.001299977 0.01328772 -0.0408954 0.001299977 0.01540958 -0.04014372 0.001299977 0.01540958 -0.04014372 0.001299977 0.01540958 -0.04014372 0.001299977 0.01748967 -0.03928244 0.001299977 0.01748967 -0.03928244 0.001299977 0.01748967 -0.03928244 0.001299977 0.01952159 -0.03831321 0.001299977 0.01952159 -0.03831321 0.001299977 0.01952159 -0.03831321 0.001299977 0.02149999 -0.03723907 0.001299977 0.02149999 -0.03723907 0.001299977 0.02149999 -0.03723907 0.001299977 0.02341938 -0.03606265 0.001299977 0.02341938 -0.03606265 0.001299977 0.02341938 -0.03606265 0.001299977 0.02527475 -0.03478771 0.001299977 0.02527475 -0.03478771 0.001299977 0.02527475 -0.03478771 0.001299977 0.02706056 -0.03341722 0.001299977 0.02706056 -0.03341722 0.001299977 0.02706056 -0.03341722 0.001299977 0.02877259 -0.03195518 0.001299977 0.02877259 -0.03195518 0.001299977 0.02877259 -0.03195518 0.001299977 0.03040558 -0.03040558 0.001299977 0.03040558 -0.03040558 0.001299977 0.03040558 -0.03040558 0.001299977 0.03195518 -0.02877259 0.001299977 0.03195518 -0.02877259 0.001299977 0.03195518 -0.02877259 0.001299977 0.03341722 -0.02706056 0.001299977 0.03341722 -0.02706056 0.001299977 0.03341722 -0.02706056 0.001299977 0.03478771 -0.02527475 0.001299977 0.03478771 -0.02527475 0.001299977 0.03478771 -0.02527475 0.001299977 0.03606265 -0.02341938 0.001299977 0.03606265 -0.02341938 0.001299977 0.03606265 -0.02341938 0.001299977 0.03723907 -0.02149999 0.001299977 0.03723907 -0.02149999 0.001299977 0.03723907 -0.02149999 0.001299977 0.03831321 -0.01952159 0.001299977 0.03831321 -0.01952159 0.001299977 0.03831321 -0.01952159 0.001299977 0.03928244 -0.01748967 0.001299977 0.03928244 -0.01748967 0.001299977 0.03928244 -0.01748967 0.001299977 0.04014372 -0.01540958 0.001299977 0.04014372 -0.01540958 0.001299977 0.04014372 -0.01540958 0.001299977 0.0408954 -0.01328772 0.001299977 0.0408954 -0.01328772 0.001299977 0.0408954 -0.01328772 0.001299977 0.04153478 -0.0111292 0.001299977 0.04153478 -0.0111292 0.001299977 0.04153478 -0.0111292 0.001299977 0.04206013 -0.00894016 0.001299977 0.04206013 -0.00894016 0.001299977 0.04206013 -0.00894016 0.001299977 0.04247057 -0.006726682 0.001299977 0.04247057 -0.006726682 0.001299977 0.04247057 -0.006726682 0.001299977 0.04276442 -0.004494667 0.001299977 0.04276442 -0.004494667 0.001299977 0.04276442 -0.004494667 0.001299977 0.04276442 -0.004494667 0.001299977 0.04294103 -0.002250373 0.001299977 0.04294103 -0.002250373 0.001299977 0.04294103 -0.002250373 0.001299977 0.04299998 0 0.001299977 0.04299998 0 0.001299977 0.04299998 0 0.001299977 0.04294103 0.002250373 0.001299977 0.04294103 0.002250373 0.001299977 0.04294103 0.002250373 0.001299977 0.04276442 0.004494667 0.001299977 0.04276442 0.004494667 0.001299977 0.04276442 0.004494667 0.001299977 0.04247057 0.006726682 0.001299977 0.04247057 0.006726682 0.001299977 0.04247057 0.006726682 0.001299977 0.04206013 0.00894016 0.001299977 0.04206013 0.00894016 0.001299977 0.04206013 0.00894016 0.001299977 0.04153478 0.0111292 0.001299977 0.04153478 0.0111292 0.001299977 0.04153478 0.0111292 0.001299977 0.0408954 0.01328772 0.001299977 0.0408954 0.01328772 0.001299977 0.0408954 0.01328772 0.001299977 0.04014372 0.01540958 0.001299977 0.04014372 0.01540958 0.001299977 0.04014372 0.01540958 0.001299977 0.03928244 0.01748967 0.001299977 0.03928244 0.01748967 0.001299977 0.03928244 0.01748967 0.001299977 0.03831321 0.01952159 0.001299977 0.03831321 0.01952159 0.001299977 0.03831321 0.01952159 0.001299977 0.03723907 0.02149999 0.001299977 0.03723907 0.02149999 0.001299977 0.03723907 0.02149999 0.001299977 0.03606265 0.02341938 0.001299977 0.03606265 0.02341938 0.001299977 0.03606265 0.02341938 0.001299977 0.03478771 0.02527475 0.001299977 0.03478771 0.02527475 0.001299977 0.03478771 0.02527475 0.001299977 0.03341722 0.02706056 0.001299977 0.03341722 0.02706056 0.001299977 0.03341722 0.02706056 0.001299977 0.03195518 0.02877259 0.001299977 0.03195518 0.02877259 0.001299977 0.03195518 0.02877259 0.001299977 0.03040558 0.03040558 0.001299977 0.03040558 0.03040558 0.001299977 0.03040558 0.03040558 0.001299977 0.02877259 0.03195518 0.001299977 0.02877259 0.03195518 0.001299977 0.02877259 0.03195518 0.001299977 0.02706056 0.03341722 0.001299977 0.02706056 0.03341722 0.001299977 0.02706056 0.03341722 0.001299977 -0.04299998 0 0.001299977 -0.04299998 0 0.001299977 -0.04299998 0 0.001299977 -0.04299998 0 0 -0.04299998 0 0 -0.04299998 0 0 -0.04294103 -0.002250373 0 -0.04294103 -0.002250373 0 -0.04294103 -0.002250373 0 -0.04276442 -0.004494667 0 -0.04276442 -0.004494667 0 -0.04276442 -0.004494667 0 -0.04276442 -0.004494667 0 -0.04247057 -0.006726682 0 -0.04247057 -0.006726682 0 -0.04247057 -0.006726682 0 -0.04206013 -0.00894016 0 -0.04206013 -0.00894016 0 -0.04206013 -0.00894016 0 -0.04153478 -0.0111292 0 -0.04153478 -0.0111292 0 -0.04153478 -0.0111292 0 -0.0408954 -0.01328772 0 -0.0408954 -0.01328772 0 -0.0408954 -0.01328772 0 -0.04014372 -0.01540958 0 -0.04014372 -0.01540958 0 -0.04014372 -0.01540958 0 -0.03928244 -0.01748967 0 -0.03928244 -0.01748967 0 -0.03928244 -0.01748967 0 -0.03831321 -0.01952159 0 -0.03831321 -0.01952159 0 -0.03831321 -0.01952159 0 -0.03723907 -0.02149999 0 -0.03723907 -0.02149999 0 -0.03723907 -0.02149999 0 -0.03606265 -0.02341938 0 -0.03606265 -0.02341938 0 -0.03606265 -0.02341938 0 -0.03478771 -0.02527475 0 -0.03478771 -0.02527475 0 -0.03478771 -0.02527475 0 -0.03341722 -0.02706056 0 -0.03341722 -0.02706056 0 -0.03341722 -0.02706056 0 -0.03195518 -0.02877259 0 -0.03195518 -0.02877259 0 -0.03195518 -0.02877259 0 -0.03040558 -0.03040558 0 -0.03040558 -0.03040558 0 -0.03040558 -0.03040558 0 -0.02877259 -0.03195518 0 -0.02877259 -0.03195518 0 -0.02877259 -0.03195518 0 -0.02706056 -0.03341722 0 -0.02706056 -0.03341722 0 -0.02706056 -0.03341722 0 -0.02527475 -0.03478771 0 -0.02527475 -0.03478771 0 -0.02527475 -0.03478771 0 -0.02341938 -0.03606265 0 -0.02341938 -0.03606265 0 -0.02341938 -0.03606265 0 -0.02149999 -0.03723907 0 -0.02149999 -0.03723907 0 -0.02149999 -0.03723907 0 -0.01952159 -0.03831321 0 -0.01952159 -0.03831321 0 -0.01952159 -0.03831321 0 -0.01748967 -0.03928244 0 -0.01748967 -0.03928244 0 -0.01748967 -0.03928244 0 -0.01540958 -0.04014372 0 -0.01540958 -0.04014372 0 -0.01540958 -0.04014372 0 -0.01328772 -0.0408954 0 -0.01328772 -0.0408954 0 -0.01328772 -0.0408954 0 -0.0111292 -0.04153478 0 -0.0111292 -0.04153478 0 -0.0111292 -0.04153478 0 -0.00894016 -0.04206013 0 -0.00894016 -0.04206013 0 -0.00894016 -0.04206013 0 -0.006726682 -0.04247057 0 -0.006726682 -0.04247057 0 -0.006726682 -0.04247057 0 -0.004494667 -0.04276442 0 -0.004494667 -0.04276442 0 -0.004494667 -0.04276442 0 -0.002250373 -0.04294103 0 -0.002250373 -0.04294103 0 -0.002250373 -0.04294103 0 0 -0.04299998 0 0 -0.04299998 0 0 -0.04299998 0 0.002250373 -0.04294103 0 0.002250373 -0.04294103 0 0.002250373 -0.04294103 0 0.004494667 -0.04276442 0 0.004494667 -0.04276442 0 0.004494667 -0.04276442 0 0.006726682 -0.04247057 0 0.006726682 -0.04247057 0 0.006726682 -0.04247057 0 0.00894016 -0.04206013 0 0.00894016 -0.04206013 0 0.00894016 -0.04206013 0 0.0111292 -0.04153478 0 0.0111292 -0.04153478 0 0.0111292 -0.04153478 0 0.01328772 -0.0408954 0 0.01328772 -0.0408954 0 0.01328772 -0.0408954 0 0.01540958 -0.04014372 0 0.01540958 -0.04014372 0 0.01540958 -0.04014372 0 0.01748967 -0.03928244 0 0.01748967 -0.03928244 0 0.01748967 -0.03928244 0 0.01952159 -0.03831321 0 0.01952159 -0.03831321 0 0.01952159 -0.03831321 0 0.02149999 -0.03723907 0 0.02149999 -0.03723907 0 0.02149999 -0.03723907 0 0.02341938 -0.03606265 0 0.02341938 -0.03606265 0 0.02341938 -0.03606265 0 0.02527475 -0.03478771 0 0.02527475 -0.03478771 0 0.02527475 -0.03478771 0 0.02706056 -0.03341722 0 0.02706056 -0.03341722 0 0.02706056 -0.03341722 0 0.02877259 -0.03195518 0 0.02877259 -0.03195518 0 0.02877259 -0.03195518 0 0.03040558 -0.03040558 0 0.03040558 -0.03040558 0 0.03040558 -0.03040558 0 0.03195518 -0.02877259 0 0.03195518 -0.02877259 0 0.03195518 -0.02877259 0 0.03341722 -0.02706056 0 0.03341722 -0.02706056 0 0.03341722 -0.02706056 0 0.03478771 -0.02527475 0 0.03478771 -0.02527475 0 0.03478771 -0.02527475 0 0.03606265 -0.02341938 0 0.03606265 -0.02341938 0 0.03606265 -0.02341938 0 0.03723907 -0.02149999 0 0.03723907 -0.02149999 0 0.03723907 -0.02149999 0 0.03831321 -0.01952159 0 0.03831321 -0.01952159 0 0.03831321 -0.01952159 0 0.03928244 -0.01748967 0 0.03928244 -0.01748967 0 0.03928244 -0.01748967 0 0.04014372 -0.01540958 0 0.04014372 -0.01540958 0 0.04014372 -0.01540958 0 0.0408954 -0.01328772 0 0.0408954 -0.01328772 0 0.0408954 -0.01328772 0 0.04153478 -0.0111292 0 0.04153478 -0.0111292 0 0.04153478 -0.0111292 0 0.04206013 -0.00894016 0 0.04206013 -0.00894016 0 0.04206013 -0.00894016 0 0.04247057 -0.006726682 0 0.04247057 -0.006726682 0 0.04247057 -0.006726682 0 0.04276442 -0.004494667 0 0.04276442 -0.004494667 0 0.04276442 -0.004494667 0 0.04294103 -0.002250373 0 0.04294103 -0.002250373 0 0.04294103 -0.002250373 0 0.04294103 -0.002250373 0 0.04299998 0 0 0.04299998 0 0 0.04299998 0 0 0.04294103 0.002250373 0 0.04294103 0.002250373 0 0.04294103 0.002250373 0 0.04276442 0.004494667 0 0.04276442 0.004494667 0 0.04276442 0.004494667 0 0.04247057 0.006726682 0 0.04247057 0.006726682 0 0.04247057 0.006726682 0 0.04206013 0.00894016 0 0.04206013 0.00894016 0 0.04206013 0.00894016 0 0.04153478 0.0111292 0 0.04153478 0.0111292 0 0.04153478 0.0111292 0 0.0408954 0.01328772 0 0.0408954 0.01328772 0 0.0408954 0.01328772 0 0.04014372 0.01540958 0 0.04014372 0.01540958 0 0.04014372 0.01540958 0 0.03928244 0.01748967 0 0.03928244 0.01748967 0 0.03928244 0.01748967 0 0.03831321 0.01952159 0 0.03831321 0.01952159 0 0.03831321 0.01952159 0 0.03723907 0.02149999 0 0.03723907 0.02149999 0 0.03723907 0.02149999 0 0.03606265 0.02341938 0 0.03606265 0.02341938 0 0.03606265 0.02341938 0 0.03478771 0.02527475 0 0.03478771 0.02527475 0 0.03478771 0.02527475 0 0.03341722 0.02706056 0 0.03341722 0.02706056 0 0.03341722 0.02706056 0 0.03195518 0.02877259 0 0.03195518 0.02877259 0 0.03195518 0.02877259 0 0.03040558 0.03040558 0 0.03040558 0.03040558 0 0.03040558 0.03040558 0 0.02877259 0.03195518 0 0.02877259 0.03195518 0 0.02877259 0.03195518 0 0.02706056 0.03341722 0 0.02706056 0.03341722 0 0.02706056 0.03341722 0 0.02527475 0.03478771 0 0.02527475 0.03478771 0 0.02527475 0.03478771 0 0.02341938 0.03606265 0 0.02341938 0.03606265 0 0.02341938 0.03606265 0 0.02149999 0.03723907 0 0.02149999 0.03723907 0 0.02149999 0.03723907 0 0.01952159 0.03831321 0 0.01952159 0.03831321 0 0.01952159 0.03831321 0 0.01748967 0.03928244 0 0.01748967 0.03928244 0 0.01748967 0.03928244 0 0.01540958 0.04014372 0 0.01540958 0.04014372 0 0.01540958 0.04014372 0 0.01328772 0.0408954 0 0.01328772 0.0408954 0 0.01328772 0.0408954 0 0.0111292 0.04153478 0 0.0111292 0.04153478 0 0.0111292 0.04153478 0 0.00894016 0.04206013 0 0.00894016 0.04206013 0 0.00894016 0.04206013 0 0.006726682 0.04247057 0 0.006726682 0.04247057 0 0.006726682 0.04247057 0 0.004494667 0.04276442 0 0.004494667 0.04276442 0 0.004494667 0.04276442 0 0.002250373 0.04294103 0 0.002250373 0.04294103 0 0.002250373 0.04294103 0 0 0.04299998 0 0 0.04299998 0 0 0.04299998 0 -0.002250373 0.04294103 0 -0.002250373 0.04294103 0 -0.002250373 0.04294103 0 -0.004494667 0.04276442 0 -0.004494667 0.04276442 0 -0.004494667 0.04276442 0 -0.006726682 0.04247057 0 -0.006726682 0.04247057 0 -0.006726682 0.04247057 0 -0.00894016 0.04206013 0 -0.00894016 0.04206013 0 -0.00894016 0.04206013 0 -0.0111292 0.04153478 0 -0.0111292 0.04153478 0 -0.0111292 0.04153478 0 -0.01328772 0.0408954 0 -0.01328772 0.0408954 0 -0.01328772 0.0408954 0 -0.01540958 0.04014372 0 -0.01540958 0.04014372 0 -0.01540958 0.04014372 0 -0.01748967 0.03928244 0 -0.01748967 0.03928244 0 -0.01748967 0.03928244 0 -0.01952159 0.03831321 0 -0.01952159 0.03831321 0 -0.01952159 0.03831321 0 -0.02149999 0.03723907 0 -0.02149999 0.03723907 0 -0.02149999 0.03723907 0 -0.02341938 0.03606265 0 -0.02341938 0.03606265 0 -0.02341938 0.03606265 0 -0.02527475 0.03478771 0 -0.02527475 0.03478771 0 -0.02527475 0.03478771 0 -0.02706056 0.03341722 0 -0.02706056 0.03341722 0 -0.02706056 0.03341722 0 -0.02877259 0.03195518 0 -0.02877259 0.03195518 0 -0.02877259 0.03195518 0 -0.03040558 0.03040558 0 -0.03040558 0.03040558 0 -0.03040558 0.03040558 0 -0.03195518 0.02877259 0 -0.03195518 0.02877259 0 -0.03195518 0.02877259 0 -0.03341722 0.02706056 0 -0.03341722 0.02706056 0 -0.03341722 0.02706056 0 -0.03478771 0.02527475 0 -0.03478771 0.02527475 0 -0.03478771 0.02527475 0 -0.03606265 0.02341938 0 -0.03606265 0.02341938 0 -0.03606265 0.02341938 0 -0.03723907 0.02149999 0 -0.03723907 0.02149999 0 -0.03723907 0.02149999 0 -0.03831321 0.01952159 0 -0.03831321 0.01952159 0 -0.03831321 0.01952159 0 -0.03928244 0.01748967 0 -0.03928244 0.01748967 0 -0.03928244 0.01748967 0 -0.04014372 0.01540958 0 -0.04014372 0.01540958 0 -0.04014372 0.01540958 0 -0.0408954 0.01328772 0 -0.0408954 0.01328772 0 -0.0408954 0.01328772 0 -0.04153478 0.0111292 0 -0.04153478 0.0111292 0 -0.04153478 0.0111292 0 -0.04206013 0.00894016 0 -0.04206013 0.00894016 0 -0.04206013 0.00894016 0 -0.04247057 0.006726682 0 -0.04247057 0.006726682 0 -0.04247057 0.006726682 0 -0.04276442 0.004494667 0 -0.04276442 0.004494667 0 -0.04276442 0.004494667 0 -0.04294103 0.002250373 0 -0.04294103 0.002250373 0 -0.04294103 0.002250373 0 0 0 0 0 0 0.06499981</float_array>
          <technique_common>
            <accessor source="#head1_002-mesh-positions-array" count="1462" stride="3">
              <param name="X" type="float"/>
              <param name="Y" type="float"/>
              <param name="Z" type="float"/>
            </accessor>
          </technique_common>
        </source>
        <source id="head1_002-mesh-normals">
          <float_array id="head1_002-mesh-normals-array" count="2064">0 1.12581e-6 1 -3.16363e-6 1.20978e-6 1 0 1.29077e-6 1 -3.16357e-6 1.36822e-6 1 0 1.44159e-6 1 0 1.51132e-6 1 -3.16349e-6 1.5769e-6 1 0 1.63794e-6 1 0 1.69461e-6 1 -6.32724e-6 1.74664e-6 1 0 1.79391e-6 1 -6.32706e-6 1.83619e-6 1 0 1.87354e-6 1 0 1.90565e-6 1 0 1.9326e-6 1 0 1.95423e-6 1 0 1.9705e-6 1 0 1.98139e-6 1 0 1.98683e-6 1 0 1.98139e-6 1 0 1.9705e-6 1 0 1.9326e-6 1 0 1.90565e-6 1 0 1.87354e-6 1 6.32706e-6 1.83619e-6 1 6.32724e-6 1.74664e-6 1 6.32698e-6 1.5769e-6 1 3.16357e-6 1.36822e-6 1 3.16363e-6 1.20978e-6 1 3.16378e-6 1.03845e-6 1 0 9.48386e-7 1 3.16378e-6 8.55614e-7 1 3.16349e-6 7.607e-7 1 1.58172e-6 6.63292e-7 1 3.16367e-6 5.64507e-7 1 1.58175e-6 4.63947e-7 1 3.16366e-6 3.62167e-7 1 1.58181e-6 2.59467e-7 1 1.58172e-6 1.56037e-7 1 1.97741e-6 0 1 1.97735e-6 0 1 1.97715e-6 -1.56036e-7 1 1.58176e-6 -2.59459e-7 1 1.58183e-6 -3.62166e-7 1 3.1636e-6 -4.63961e-7 1 1.58183e-6 -5.64506e-7 1 1.58177e-6 -6.63311e-7 1 1.58174e-6 -7.607e-7 1 0 -8.55566e-7 1 3.16357e-6 -9.48437e-7 1 3.16378e-6 -1.03845e-6 1 0 -1.12579e-6 1 0 -1.20978e-6 1 3.16358e-6 -1.2908e-6 1 0 -1.36819e-6 1 3.16363e-6 -1.44161e-6 1 0 -1.51129e-6 1 0 -1.5769e-6 1 0 -1.63791e-6 1 0 -1.69464e-6 1 0 -1.74664e-6 1 0 -1.7939e-6 1 6.32706e-6 -1.83619e-6 1 0 -1.87354e-6 1 0 -1.90567e-6 1 0 -1.9326e-6 1 0 -1.95422e-6 1 0 -1.9705e-6 1 0 -1.98138e-6 1 0 -1.98682e-6 1 0 -1.9705e-6 1 0 -1.9326e-6 1 0 -1.90567e-6 1 -6.32706e-6 -1.83619e-6 1 -3.16363e-6 -1.44161e-6 1 -3.16358e-6 -1.2908e-6 1 -3.16378e-6 -1.03845e-6 1 -3.16357e-6 -9.48437e-7 1 -3.16349e-6 -7.607e-7 1 -1.58177e-6 -6.63311e-7 1 -1.58183e-6 -5.64506e-7 1 -3.1636e-6 -4.63961e-7 1 -1.58183e-6 -3.62167e-7 1 -1.58176e-6 -2.59459e-7 1 -2.37258e-6 -1.56036e-7 1 -1.97735e-6 0 1 -1.97741e-6 0 1 -1.97715e-6 1.56037e-7 1 -1.58181e-6 2.59467e-7 1 -2.37274e-6 3.62167e-7 1 0 4.63947e-7 1 -3.16367e-6 5.64507e-7 1 -1.58172e-6 6.63292e-7 1 -0.02620476 -0.9996566 9.30956e-7 -0.02617251 -0.9996575 1.97828e-6 -0.07844448 -0.9969186 1.86162e-6 -0.07850664 -0.9969137 0 -0.1305448 -0.9914425 0 -0.1822204 -0.9832578 0 -0.1822203 -0.9832577 0 -0.2334386 -0.9723716 0 -0.2334384 -0.9723716 0 -0.2840356 -0.9588137 0 -0.2840359 -0.9588137 0 -0.3337572 -0.9426592 0 -0.3337305 -0.9426686 9.30836e-7 -0.382714 -0.9238669 9.30859e-7 -0.3827402 -0.923856 0 -0.4304977 -0.9025917 0 -0.4304718 -0.9026041 8.1452e-7 -0.4771757 -0.878808 8.14525e-7 -0.4771984 -0.8787957 0 -0.522513 -0.8526314 0 -0.522491 -0.8526449 8.14564e-7 -0.5664235 -0.8241143 7.5633e-7 -0.5664441 -0.8241003 0 -0.6086967 -0.793403 0 -0.6086767 -0.7934184 7.56327e-7 -0.649441 -0.760412 7.56351e-7 -0.6494604 -0.7603954 0 -0.688409 -0.7253227 0 -0.688409 -0.7253227 0 -0.7253222 -0.6884096 0 -0.7253232 -0.6884086 0 -0.7604082 -0.6494455 0 -0.7603973 -0.6494584 5.81798e-7 -0.7934066 -0.6086921 5.52714e-7 -0.7934188 -0.6086763 0 -0.8241011 -0.5664427 0 -0.8240995 -0.5664453 0 -0.8526449 -0.5224908 0 -0.8526433 -0.5224935 0 -0.8788099 -0.4771721 0 -0.8787959 -0.477198 9.01781e-7 -0.902592 -0.4304971 8.14567e-7 -0.9026048 -0.4304701 0 -0.9238553 -0.3827421 0 -0.9238566 -0.3827389 0 -0.9426686 -0.3337306 0 -0.9426686 -0.3337305 0 -0.9588161 -0.2840282 0 -0.9588136 -0.2840363 2.61823e-7 -0.9723733 -0.2334314 2.18168e-7 -0.9723716 -0.2334385 4.3635e-7 -0.9832576 -0.182221 3.38177e-7 -0.9832583 -0.1822173 3.4545e-7 -0.9914417 -0.1305508 2.45448e-7 -0.9914427 -0.1305431 1.21811e-7 -0.9969134 -0.07851016 0 -0.9969136 -0.07850778 0 -0.9996575 -0.02617102 0 -0.9996574 -0.02617478 0 -0.9996574 0.026174 0 -0.9996575 0.02617102 0 -0.9969133 0.07851016 0 -0.9969138 0.07850408 0 -0.9914426 0.1305432 0 -0.9914422 0.1305469 0 -0.9832576 0.1822209 0 -0.9723716 0.2334386 0 -0.9723724 0.233435 0 -0.9588161 0.2840281 0 -0.9588136 0.2840363 -2.69095e-7 -0.942664 0.3337434 -3.19983e-7 -0.9426697 0.3337273 0 -0.9238566 0.382739 0 -0.9238553 0.3827421 0 -0.9026048 0.4304701 0 -0.9026035 0.4304732 0 -0.8787959 0.4771981 0 -0.8787943 0.4772009 0 -0.8526449 0.5224909 0 -0.852645 0.5224909 0 -0.824109 0.5664312 0 -0.8241021 0.5664415 -5.23605e-7 -0.7934065 0.6086922 -5.81804e-7 -0.7934178 0.6086775 0 -0.7603971 0.6494585 0 -0.7603963 0.6494595 0 -0.7253365 0.6883945 0 -0.7253231 0.6884087 -6.39974e-7 -0.688393 0.725338 -6.98167e-7 -0.688409 0.7253228 0 -0.6494594 0.7603963 0 -0.6494594 0.7603963 0 -0.6086958 0.7934039 0 -0.6086776 0.7934177 -6.98149e-7 -0.566444 0.8241003 -8.14496e-7 -0.566444 0.8241003 -7.56317e-7 -0.5224922 0.8526441 -7.5638e-7 -0.5224918 0.8526444 -8.14566e-7 -0.4771734 0.8788093 -8.14524e-7 -0.4771984 0.8787957 0 -0.4304988 0.9025913 0 -0.4304729 0.9026036 -8.72703e-7 -0.3827127 0.9238675 -8.14503e-7 -0.3827399 0.9238563 0 -0.3337576 0.9426589 0 -0.3337301 0.9426686 -9.30835e-7 -0.284008 0.958822 -9.30933e-7 -0.2840362 0.9588136 0 -0.2334384 0.9723716 0 -0.2334386 0.9723716 0 -0.1822497 0.9832524 0 -0.1822204 0.9832577 -9.30896e-7 -0.1305448 0.9914425 -9.30855e-7 -0.1305448 0.9914425 -9.30855e-7 -0.07847648 0.996916 -9.30807e-7 -0.07850664 0.9969137 0 -0.02617251 0.9996575 0 -0.02617251 0.9996575 0 0.02617251 0.9996575 0 0.02617251 0.9996575 0 0.07847648 0.996916 0 0.07850664 0.9969137 -9.30805e-7 0.1305448 0.9914425 -9.30855e-7 0.1305448 0.9914425 -9.30855e-7 0.1822498 0.9832524 -9.30891e-7 0.1822203 0.9832577 0 0.2334386 0.9723716 0 0.2334384 0.9723716 0 0.2840077 0.9588221 0 0.2840364 0.9588135 -9.30927e-7 0.3337571 0.9426592 -9.30826e-7 0.3337307 0.9426685 0 0.3827123 0.9238676 0 0.3827401 0.923856 -8.14492e-7 0.4304991 0.9025911 -8.72691e-7 0.4304725 0.9026038 0 0.4771734 0.8788093 0 0.4771984 0.8787957 -8.14512e-7 0.5224931 0.8526436 -7.56382e-7 0.5224909 0.852645 -8.14564e-7 0.566444 0.8241003 -8.14496e-7 0.566444 0.8241003 -7.56317e-7 0.6086966 0.7934031 -6.98136e-7 0.6086767 0.7934184 0 0.6494594 0.7603963 0 0.6494594 0.7603963 0 0.688393 0.725338 0 0.688409 0.7253228 -6.98153e-7 0.7253375 0.6883935 -6.3996e-7 0.7253222 0.6884096 0 0.7603963 0.6494596 0 0.7603972 0.6494584 0 0.7934065 0.6086922 0 0.7934178 0.6086775 -5.8179e-7 0.8241118 0.5664274 -5.23592e-7 0.8240994 0.5664453 0 0.8526449 0.5224909 0 0.852645 0.5224909 0 0.8787943 0.4772009 0 0.8787958 0.477198 0 0.9026035 0.4304732 0 0.9026048 0.4304701 0 0.9238553 0.3827422 0 0.9238566 0.382739 0 0.9426663 0.3337368 0 0.9426674 0.3337339 -3.19974e-7 0.9588161 0.2840281 -2.69088e-7 0.9588136 0.2840363 0 0.9723724 0.233435 0 0.9723716 0.2334386 0 0.9832576 0.1822209 0 0.9914422 0.1305469 0 0.9914426 0.1305432 0 0.9969137 0.07850646 0 0.9969136 0.07850778 0 0.9996574 0.026174 0 0.9996575 0.02617102 0 0.9996574 -0.02617478 0 0.9996575 -0.02617102 0 0.9969133 -0.07851016 0 0.9969136 -0.07850778 0 0.9914422 -0.1305471 1.21815e-7 0.9914422 -0.1305468 2.4544e-7 0.9832583 -0.1822174 3.38177e-7 0.9832577 -0.1822209 3.4545e-7 0.9723734 -0.2334314 4.43609e-7 0.9723716 -0.2334385 2.10902e-7 0.9588161 -0.2840282 2.61815e-7 0.9588136 -0.2840362 0 0.9426686 -0.3337306 0 0.9426686 -0.3337305 0 0.9238566 -0.3827389 0 0.9238553 -0.3827421 0 0.9025934 -0.430494 0 0.9026035 -0.4304732 8.14521e-7 0.8788099 -0.4771721 9.01732e-7 0.8787958 -0.477198 0 0.8526433 -0.5224935 0 0.8526449 -0.5224908 0 0.8240995 -0.5664453 0 0.8241011 -0.5664427 0 0.7934075 -0.608691 0 0.7934179 -0.6086775 5.52701e-7 0.7604101 -0.6494434 5.81785e-7 0.7603954 -0.6494605 0 0.7253232 -0.6884086 0 0.7253222 -0.6884096 0 0.688409 -0.7253227 0 0.688409 -0.7253227 0 0.6494429 -0.7604104 0 0.6494586 -0.760397 7.56337e-7 0.6086959 -0.7934038 7.56313e-7 0.6086776 -0.7934177 0 0.5664235 -0.8241143 0 0.5664441 -0.8241003 7.56317e-7 0.522513 -0.8526314 8.14551e-7 0.5224909 -0.8526449 0 0.4771749 -0.8788084 0 0.4771992 -0.8787952 8.14513e-7 0.4304966 -0.9025923 8.1451e-7 0.4304729 -0.9026035 0 0.3827143 -0.9238668 0 0.3827399 -0.9238561 9.30848e-7 0.3337574 -0.942659 9.30826e-7 0.3337302 -0.9426686 0 0.2840359 -0.9588137 0 0.2840357 -0.9588137 0 0.2334384 -0.9723716 0 0.2334386 -0.9723716 0 0.1822203 -0.9832577 0 0.1822204 -0.9832578 0 0.1305448 -0.9914425 0 0.07844442 -0.9969186 0 0.07850664 -0.9969137 1.86161e-6 0.02620476 -0.9996566 1.97828e-6 0.02617251 -0.9996575 9.30957e-7 0 1.91935e-7 1 -1.6533e-7 6.93832e-7 1 2.52788e-7 3.97182e-7 1 2.02068e-7 3.97156e-7 1 -3.3702e-7 7.35593e-7 1 1.28592e-7 2.04687e-7 1 0 2.10227e-7 1 1.28585e-7 2.10214e-7 1 0 2.15171e-7 1 0 2.15198e-7 1 0 2.19566e-7 1 1.28593e-7 2.19539e-7 1 -5.89813e-7 4.24964e-7 1 0 0 1 0 0 1 0 0 1 0 0 1 0 0 1 0 0 1 0 0 1 0 0 1 0 0 1 0 0 1 0 0 1 0 0 1 0 0 1 8.42602e-7 1.68886e-7 1 -1.19401e-7 2.23313e-7 1 -1.68502e-7 2.19551e-7 1 0 2.19552e-7 1 0 2.15185e-7 1 0 2.15185e-7 1 0 2.10221e-7 1 -2.02068e-7 2.1022e-7 1 4.21284e-7 5.00904e-7 1 -2.02068e-7 4.09367e-7 1 -2.52781e-7 3.97171e-7 1 -2.02073e-7 3.97165e-7 1 -2.52767e-7 3.83886e-7 1 3.12278e-7 5.26417e-7 1 0 1.84789e-7 1 -1.28598e-7 1.84777e-7 1 -1.68518e-7 1.77109e-7 1 4.22493e-7 3.80742e-7 1 0 0 1 0 0 1 0 0 1 0 0 1 0 0 1 0 0 1 2.52771e-7 6.09128e-7 1 -2.57186e-7 0 1 -2.52779e-7 0 1 1.83696e-7 5.49637e-7 1 1.68512e-7 6.30257e-7 1 0 5.56595e-7 1 0 0 1 0 0 1 -4.63456e-7 -8.58993e-6 1 0 -7.50109e-6 1 0 0 1 0 0 1 0 0 1 0 6.07323e-7 1 0 6.98246e-7 1 0 0 1 0 0 1 0 0 1 0 0 1 -3.12284e-7 5.83851e-7 1 1.68517e-7 2.016e-7 1 1.46961e-7 2.01564e-7 1 1.68504e-7 2.09383e-7 1 1.2859e-7 2.09407e-7 1 1.68525e-7 2.16644e-7 1 1.28589e-7 2.16631e-7 1 -5.0553e-7 5.79181e-7 1 0 0 1 0 0 1 0 0 1 0 0 1 0 0 1 0 0 1 0 0 1 0 0 1 0 0 1 0 0 1 0 0 1 0 0 1 0 0 1 0 0 1 0 0 1 0 0 1 1.68512e-7 0 1 0 0 1 6.74055e-7 3.23153e-7 1 -1.46959e-7 2.23291e-7 1 0 2.16639e-7 1 -2.02073e-7 2.16635e-7 1 -1.68511e-7 2.09392e-7 1 -1.28585e-7 2.09399e-7 1 -1.68506e-7 2.01587e-7 1 -1.46969e-7 2.01575e-7 1 -1.68518e-7 1.9321e-7 1 4.95971e-7 4.15354e-7 1 0 0 1 0 0 1 0 0 1 0 0 1 0 0 1 0 0 1 0 0 1 -1.68519e-7 0 1 1.46957e-7 5.49637e-7 1 0 0 1 0 0 1 0 -8.60172e-6 1 4.04153e-7 -7.4908e-6 1 0 0 1 0 0 1 0 0 1 -1.47451e-7 6.38232e-7 1 0 5.49642e-7 1 0 6.98246e-7 1 0 0 1 0 0 1 0 0 1 0 0 1 0 0 1 0 0 1 0 0 1 0 0 1 0 0 1 0 0 1 0 0 1 -2.75545e-7 5.35197e-7 1 0 1.848e-7 1 1.28591e-7 1.84767e-7 1 -0.9996571 -0.02618789 0 -0.9996571 -0.02618539 0 -0.9969182 -0.07844883 0 -0.996918 -0.07845133 0 -0.9914448 -0.1305268 0 -0.9914452 -0.1305244 0 -0.9832436 -0.1822965 0 -0.9832441 -0.1822941 0 -0.9723839 -0.2333872 0 -0.9723833 -0.2333896 0 -0.9588201 -0.2840144 0 -0.9588189 -0.2840187 0 -0.9426122 -0.3338897 0 -0.942613 -0.3338875 0 -0.9239169 -0.3825931 0 -0.9025759 -0.4305308 0 -0.8788262 -0.4771421 0 -0.8788241 -0.477146 0 -0.8526087 -0.5225499 0 -0.8526098 -0.5225481 0 -0.8241586 -0.5663591 0 -0.824161 -0.5663557 0 -0.793323 -0.608801 0 -0.7933219 -0.6088025 0 -0.7604318 -0.6494178 0 -0.725386 -0.6883425 0 -0.7253847 -0.6883438 0 -0.688344 -0.7253845 0 -0.6883428 -0.7253857 0 -0.6494178 -0.7604318 0 -0.649417 -0.7604326 0 -0.6088016 -0.7933226 0 -0.5663582 -0.8241593 0 -0.566357 -0.82416 0 -0.5225498 -0.8526088 0 -0.5225487 -0.8526095 0 -0.4771436 -0.8788254 0 -0.430531 -0.9025759 0 -0.3825936 -0.9239168 0 -0.3338887 -0.9426126 0 -0.3338883 -0.9426127 0 -0.2840153 -0.9588198 0 -0.2840156 -0.9588197 0 -0.2333888 -0.9723835 0 -0.2333889 -0.9723835 0 -0.1822947 -0.983244 0 -0.1822946 -0.983244 0 -0.1305265 -0.9914449 0 -0.1305264 -0.9914449 0 -0.07844972 -0.9969182 0 -0.07844972 -0.9969181 0 -0.02618622 -0.9996571 0 0.02618622 -0.9996571 0 0.07844972 -0.9969181 0 0.07844972 -0.9969182 0 0.1305264 -0.9914449 0 0.1305265 -0.9914449 0 0.1822946 -0.983244 0 0.1822947 -0.983244 0 0.2333889 -0.9723835 0 0.2333888 -0.9723835 0 0.2840156 -0.9588197 0 0.2840153 -0.9588198 0 0.3338883 -0.9426127 0 0.3338887 -0.9426126 0 0.3825936 -0.9239168 0 0.430531 -0.9025759 0 0.4771436 -0.8788254 0 0.5225487 -0.8526095 0 0.5225498 -0.8526088 0 0.566357 -0.82416 0 0.5663582 -0.8241593 0 0.6088016 -0.7933226 0 0.649417 -0.7604326 0 0.6494178 -0.7604318 0 0.6883428 -0.7253857 0 0.688344 -0.7253845 0 0.7253847 -0.6883438 0 0.725386 -0.6883425 0 0.7604318 -0.6494178 0 0.7933219 -0.6088025 0 0.793323 -0.608801 0 0.824161 -0.5663557 0 0.8241586 -0.5663591 0 0.8526098 -0.5225481 0 0.8526087 -0.5225499 0 0.8788241 -0.477146 0 0.8788262 -0.4771421 0 0.9025759 -0.4305308 0 0.9239169 -0.3825931 0 0.942613 -0.3338875 0 0.9426122 -0.3338897 0 0.9588189 -0.2840187 0 0.9588201 -0.2840144 0 0.9723833 -0.2333896 0 0.9723839 -0.2333872 0 0.9832441 -0.1822941 0 0.9832436 -0.1822965 0 0.9914452 -0.1305244 0 0.9914448 -0.1305268 0 0.996918 -0.07845133 0 0.9969182 -0.07844883 0 0.9996571 -0.02618539 0 0.9996571 -0.02618789 0 0.9996571 0.02618789 0 0.9996572 0.02618509 0 0.9969183 0.07844781 0 0.996918 0.07845032 0 0.9914448 0.1305276 0 0.9914451 0.1305251 0 0.9832437 0.1822967 0 0.983244 0.1822943 0 0.972384 0.2333867 0 0.9723833 0.2333893 0 0.9588203 0.2840135 0 0.9588196 0.2840161 0 0.9426125 0.333889 0 0.9239175 0.382592 0 0.9239166 0.3825941 0 0.9025757 0.4305313 0 0.878826 0.4771422 0 0.8788251 0.4771442 0 0.8526077 0.5225515 0 0.8526099 0.5225479 0 0.824159 0.5663586 0 0.8241602 0.5663569 0 0.7933236 0.6088002 0 0.7933224 0.6088018 0 0.7604314 0.6494184 0 0.7604326 0.649417 0 0.7253844 0.6883441 0 0.7253857 0.6883428 0 0.6883439 0.7253845 0 0.6883426 0.7253857 0 0.6494179 0.7604318 0 0.6494175 0.7604321 0 0.6088022 0.7933221 0 0.608801 0.793323 0 0.5663577 0.8241595 0 0.566358 0.8241593 0 0.5225496 0.8526089 0 0.5225492 0.8526093 0 0.477143 0.8788257 0 0.4771441 0.8788252 0 0.4305305 0.902576 0 0.4305315 0.9025757 0 0.3825933 0.9239169 0 0.3825938 0.9239168 0 0.3338884 0.9426127 0 0.3338888 0.9426125 0 0.2840151 0.9588198 0 0.2840156 0.9588198 0 0.2333888 0.9723836 0 0.2333889 0.9723836 0 0.1822947 0.983244 0 0.1822946 0.983244 0 0.1305265 0.9914449 0 0.1305264 0.9914448 0 0.07844972 0.9969181 0 0.02618622 0.9996572 0 -0.02618622 0.9996572 0 -0.07844972 0.9969181 0 -0.1305264 0.9914448 0 -0.1305265 0.9914449 0 -0.1822946 0.983244 0 -0.1822947 0.983244 0 -0.2333889 0.9723836 0 -0.2333888 0.9723836 0 -0.2840156 0.9588198 0 -0.2840151 0.9588198 0 -0.3338888 0.9426125 0 -0.3338884 0.9426127 0 -0.3825938 0.9239168 0 -0.3825933 0.9239169 0 -0.4305315 0.9025757 0 -0.4305305 0.902576 0 -0.4771441 0.8788252 0 -0.477143 0.8788257 0 -0.5225492 0.8526093 0 -0.5225496 0.8526089 0 -0.566358 0.8241595 0 -0.5663579 0.8241595 0 -0.608801 0.793323 0 -0.6088022 0.7933221 0 -0.6494163 0.7604332 0 -0.6494191 0.7604308 0 -0.6883426 0.7253857 0 -0.6883439 0.7253845 0 -0.7253857 0.6883428 0 -0.7253844 0.6883441 0 -0.7604326 0.649417 0 -0.7604314 0.6494184 0 -0.7933224 0.6088018 0 -0.7933236 0.6088002 0 -0.8241602 0.5663569 0 -0.824159 0.5663586 0 -0.8526099 0.5225479 0 -0.8526077 0.5225515 0 -0.8788251 0.4771442 0 -0.878826 0.4771422 0 -0.9025757 0.4305313 0 -0.9239166 0.3825941 0 -0.9239175 0.382592 0 -0.9426125 0.333889 0 -0.9588196 0.2840161 0 -0.9588204 0.2840135 0 -0.9723834 0.2333893 0 -0.972384 0.2333868 0 -0.983244 0.1822943 0 -0.9832437 0.1822967 0 -0.9914451 0.1305251 0 -0.9914448 0.1305276 0 -0.996918 0.07845032 0 -0.9969183 0.07844781 0 -0.9996571 0.02618753 0 -0.9996572 0.02618539 0 0 0 -1 -3.16378e-6 1.03845e-6 1 -3.1634e-6 9.48386e-7 1 -3.16378e-6 8.55614e-7 1 -1.58174e-6 7.607e-7 1</float_array>
          <technique_common>
            <accessor source="#head1_002-mesh-normals-array" count="688" stride="3">
              <param name="X" type="float"/>
              <param name="Y" type="float"/>
              <param name="Z" type="float"/>
            </accessor>
          </technique_common>
        </source>
        <source id="head1_002-mesh-map-0">
          <float_array id="head1_002-mesh-map-0-array" count="5760">0.808965 0.3385354 0.8016548 0.3458456 0.6657273 0.2026076 0.8158826 0.3308528 0.808965 0.3385354 0.6657273 0.2026076 0.8223887 0.3228184 0.8158826 0.3308528 0.6657273 0.2026076 0.8284653 0.3144547 0.8223887 0.3228184 0.6657273 0.2026076 0.8340959 0.3057844 0.8284653 0.3144547 0.6657273 0.2026076 0.839265 0.2968312 0.8340959 0.3057844 0.6657273 0.2026076 0.8439584 0.2876198 0.839265 0.2968312 0.6657273 0.2026076 0.8481634 0.2781754 0.8439584 0.2876198 0.6657273 0.2026076 0.8518682 0.2685239 0.8481634 0.2781754 0.6657273 0.2026076 0.8550629 0.2586917 0.8518682 0.2685239 0.6657273 0.2026076 0.8577386 0.2487056 0.8550629 0.2586917 0.6657273 0.2026076 0.8598881 0.2385933 0.8577386 0.2487056 0.6657273 0.2026076 0.8615053 0.2283824 0.8598881 0.2385933 0.6657273 0.2026076 0.862586 0.218101 0.8615053 0.2283824 0.6657273 0.2026076 0.8631271 0.2077769 0.862586 0.218101 0.6657273 0.2026076 0.8631271 0.1974387 0.8631271 0.2077769 0.6657273 0.2026076 0.862586 0.1871147 0.8631271 0.1974387 0.6657273 0.2026076 0.8615053 0.1768332 0.862586 0.1871147 0.6657273 0.2026076 0.8598881 0.1666222 0.8615053 0.1768332 0.6657273 0.2026076 0.8577387 0.1565098 0.8598881 0.1666222 0.6657273 0.2026076 0.855063 0.146524 0.8577387 0.1565098 0.6657273 0.2026076 0.8518683 0.1366919 0.855063 0.146524 0.6657273 0.2026076 0.8481634 0.1270402 0.8518683 0.1366919 0.6657273 0.2026076 0.8439585 0.1175959 0.8481634 0.1270402 0.6657273 0.2026076 0.8392651 0.1083844 0.8439585 0.1175959 0.6657273 0.2026076 0.834096 0.09943139 0.8392651 0.1083844 0.6657273 0.2026076 0.8284654 0.09076106 0.834096 0.09943139 0.6657273 0.2026076 0.8223888 0.08239728 0.8284654 0.09076106 0.6657273 0.2026076 0.8158828 0.07436299 0.8223888 0.08239728 0.6657273 0.2026076 0.8089652 0.06668025 0.8158828 0.07436299 0.6657273 0.2026076 0.8016549 0.05937004 0.8089652 0.06668025 0.6657273 0.2026076 0.7939722 0.05245244 0.8016549 0.05937004 0.6657273 0.2026076 0.7859379 0.0459463 0.7939722 0.05245244 0.6657273 0.2026076 0.7775741 0.03986978 0.7859379 0.0459463 0.6657273 0.2026076 0.7689038 0.03423917 0.7775741 0.03986978 0.6657273 0.2026076 0.7599506 0.02906996 0.7689038 0.03423917 0.6657273 0.2026076 0.7507393 0.02437663 0.7599506 0.02906996 0.6657273 0.2026076 0.7412949 0.0201717 0.7507393 0.02437663 0.6657273 0.2026076 0.7316433 0.01646679 0.7412949 0.0201717 0.6657273 0.2026076 0.7218111 0.01327204 0.7316433 0.01646679 0.6657273 0.2026076 0.7118252 0.01059639 0.7218111 0.01327204 0.6657273 0.2026076 0.701713 0.008446991 0.7118252 0.01059639 0.6657273 0.2026076 0.691502 0.006829679 0.701713 0.008446991 0.6657273 0.2026076 0.6812205 0.005749106 0.691502 0.006829679 0.6657273 0.2026076 0.6708965 0.005208015 0.6812205 0.005749106 0.6657273 0.2026076 0.6605583 0.005208015 0.6708965 0.005208015 0.6657273 0.2026076 0.6502342 0.005748987 0.6605583 0.005208015 0.6657273 0.2026076 0.6399527 0.006829679 0.6502342 0.005748987 0.6657273 0.2026076 0.6297418 0.008446931 0.6399527 0.006829679 0.6657273 0.2026076 0.6196295 0.01059639 0.6297418 0.008446931 0.6657273 0.2026076 0.6096436 0.01327198 0.6196295 0.01059639 0.6657273 0.2026076 0.5998114 0.01646661 0.6096436 0.01327198 0.6657273 0.2026076 0.5901598 0.02017164 0.5998114 0.01646661 0.6657273 0.2026076 0.5807154 0.02437651 0.5901598 0.02017164 0.6657273 0.2026076 0.5715041 0.02906996 0.5807154 0.02437651 0.6657273 0.2026076 0.5625509 0.03423905 0.5715041 0.02906996 0.6657273 0.2026076 0.5538806 0.03986954 0.5625509 0.03423905 0.6657273 0.2026076 0.5455168 0.0459463 0.5538806 0.03986954 0.6657273 0.2026076 0.5374825 0.0524522 0.5455168 0.0459463 0.6657273 0.2026076 0.5297998 0.05936992 0.5374825 0.0524522 0.6657273 0.2026076 0.5224896 0.06668007 0.5297998 0.05936992 0.6657273 0.2026076 0.5155719 0.07436287 0.5224896 0.06668007 0.6657273 0.2026076 0.5090659 0.08239716 0.5155719 0.07436287 0.6657273 0.2026076 0.5029892 0.09076094 0.5090659 0.08239716 0.6657273 0.2026076 0.4973586 0.09943127 0.5029892 0.09076094 0.6657273 0.2026076 0.4921895 0.1083843 0.4973586 0.09943127 0.6657273 0.2026076 0.4874961 0.1175956 0.4921895 0.1083843 0.6657273 0.2026076 0.4832912 0.12704 0.4874961 0.1175956 0.6657273 0.2026076 0.4795863 0.1366915 0.4832912 0.12704 0.6657273 0.2026076 0.4763916 0.1465238 0.4795863 0.1366915 0.6657273 0.2026076 0.4737159 0.1565098 0.4763916 0.1465238 0.6657273 0.2026076 0.4715664 0.1666221 0.4737159 0.1565098 0.6657273 0.2026076 0.4699492 0.176833 0.4715664 0.1666221 0.6657273 0.2026076 0.4688686 0.1871144 0.4699492 0.176833 0.6657273 0.2026076 0.4683275 0.1974384 0.4688686 0.1871144 0.6657273 0.2026076 0.4683275 0.2077766 0.4683275 0.1974384 0.6657273 0.2026076 0.4688686 0.2181006 0.4683275 0.2077766 0.6657273 0.2026076 0.4699492 0.2283822 0.4688686 0.2181006 0.6657273 0.2026076 0.4715664 0.2385932 0.4699492 0.2283822 0.6657273 0.2026076 0.4737159 0.2487055 0.4715664 0.2385932 0.6657273 0.2026076 0.4763916 0.2586914 0.4737159 0.2487055 0.6657273 0.2026076 0.4795863 0.2685237 0.4763916 0.2586914 0.6657273 0.2026076 0.4832911 0.2781752 0.4795863 0.2685237 0.6657273 0.2026076 0.487496 0.2876196 0.4832911 0.2781752 0.6657273 0.2026076 0.4921895 0.296831 0.487496 0.2876196 0.6657273 0.2026076 0.4973586 0.3057841 0.4921895 0.296831 0.6657273 0.2026076 0.5029891 0.3144545 0.4973586 0.3057841 0.6657273 0.2026076 0.5090658 0.3228183 0.5029891 0.3144545 0.6657273 0.2026076 0.5155718 0.3308525 0.5090658 0.3228183 0.6657273 0.2026076 0.5224894 0.3385353 0.5155718 0.3308525 0.6657273 0.2026076 0.5297996 0.3458455 0.5224894 0.3385353 0.6657273 0.2026076 0.5374824 0.3527632 0.5297996 0.3458455 0.6657273 0.2026076 0.5455166 0.3592692 0.5374824 0.3527632 0.6657273 0.2026076 0.5538804 0.3653458 0.5455166 0.3592692 0.6657273 0.2026076 0.5625507 0.3709765 0.5538804 0.3653458 0.6657273 0.2026076 0.5715039 0.3761455 0.5625507 0.3709765 0.6657273 0.2026076 0.5807152 0.3808389 0.5715039 0.3761455 0.6657273 0.2026076 0.5901597 0.3850439 0.5807152 0.3808389 0.6657273 0.2026076 0.5998112 0.3887488 0.5901597 0.3850439 0.6657273 0.2026076 0.6096434 0.3919435 0.5998112 0.3887488 0.6657273 0.2026076 0.6196293 0.3946192 0.6096434 0.3919435 0.6657273 0.2026076 0.6297416 0.3967686 0.6196293 0.3946192 0.6657273 0.2026076 0.6399525 0.3983858 0.6297416 0.3967686 0.6657273 0.2026076 0.6502341 0.3994665 0.6399525 0.3983858 0.6657273 0.2026076 0.6605581 0.4000076 0.6502341 0.3994665 0.6657273 0.2026076 0.6708963 0.4000076 0.6605581 0.4000076 0.6657273 0.2026076 0.6812203 0.3994665 0.6708963 0.4000076 0.6657273 0.2026076 0.6915019 0.3983859 0.6812203 0.3994665 0.6657273 0.2026076 0.7017127 0.3967686 0.6915019 0.3983859 0.6657273 0.2026076 0.711825 0.3946192 0.7017127 0.3967686 0.6657273 0.2026076 0.7218109 0.3919435 0.711825 0.3946192 0.6657273 0.2026076 0.7316431 0.3887488 0.7218109 0.3919435 0.6657273 0.2026076 0.7412947 0.3850439 0.7316431 0.3887488 0.6657273 0.2026076 0.7507391 0.380839 0.7412947 0.3850439 0.6657273 0.2026076 0.7599505 0.3761456 0.7507391 0.380839 0.6657273 0.2026076 0.7689036 0.3709765 0.7599505 0.3761456 0.6657273 0.2026076 0.9947919 0.6968992 0.7367678 0.6968992 0.7367678 0.6885355 0.9947919 0.6968992 0.7367678 0.6885355 0.9947919 0.6885355 0.9947919 0.6885355 0.7367678 0.6885355 0.7367678 0.6798651 0.9947919 0.6885355 0.7367678 0.6798651 0.9947919 0.6798652 0.9947919 0.6798652 0.7367678 0.6798651 0.7367678 0.670912 0.9947919 0.6798652 0.7367678 0.670912 0.9947919 0.670912 0.9947919 0.670912 0.7367678 0.670912 0.7367678 0.6617006 0.9947919 0.670912 0.7367678 0.6617006 0.9947919 0.6617006 0.9947919 0.6617006 0.7367678 0.6617006 0.7367678 0.6522562 0.9947919 0.6617006 0.7367678 0.6522562 0.9947919 0.6522562 0.9947919 0.6522562 0.7367678 0.6522562 0.7367678 0.6426047 0.9947919 0.6522562 0.7367678 0.6426047 0.9947919 0.6426047 0.9947919 0.6426047 0.7367678 0.6426047 0.7367678 0.6327725 0.9947919 0.6426047 0.7367678 0.6327725 0.9947919 0.6327725 0.9947919 0.6327725 0.7367678 0.6327725 0.7367678 0.6227865 0.9947919 0.6327725 0.7367678 0.6227865 0.9947919 0.6227866 0.9947919 0.6227866 0.7367678 0.6227865 0.7367678 0.6126742 0.9947919 0.6227866 0.7367678 0.6126742 0.9947919 0.6126743 0.9947919 0.6126743 0.7367678 0.6126742 0.7367678 0.6024634 0.9947919 0.6126743 0.7367678 0.6024634 0.9947919 0.6024634 0.9947919 0.6024634 0.7367678 0.6024634 0.7367678 0.5921818 0.9947919 0.6024634 0.7367678 0.5921818 0.9947919 0.5921818 0.9947919 0.5921818 0.7367678 0.5921818 0.7367678 0.5818578 0.9947919 0.5921818 0.7367678 0.5818578 0.9947919 0.5818578 0.9947919 0.5818578 0.7367678 0.5818578 0.7367678 0.5715196 0.9947919 0.5818578 0.7367678 0.5715196 0.9947919 0.5715196 0.9947919 0.5715196 0.7367678 0.5715196 0.7367678 0.5611956 0.9947919 0.5715196 0.7367678 0.5611956 0.9947919 0.5611956 0.9947919 0.5611956 0.7367678 0.5611956 0.7367678 0.550914 0.9947919 0.5611956 0.7367678 0.550914 0.9947919 0.5509141 0.9947919 0.5509141 0.7367678 0.550914 0.7367678 0.5407031 0.9947919 0.5509141 0.7367678 0.5407031 0.9947919 0.5407031 0.9947919 0.5407031 0.7367678 0.5407031 0.7367678 0.5305908 0.9947919 0.5407031 0.7367678 0.5305908 0.9947919 0.5305908 0.9947919 0.5305908 0.7367678 0.5305908 0.7367678 0.5206049 0.9947919 0.5305908 0.7367678 0.5206049 0.9947919 0.5206049 0.9947919 0.5206049 0.7367678 0.5206049 0.7367678 0.5107727 0.9947919 0.5206049 0.7367678 0.5107727 0.9947919 0.5107727 0.9947919 0.5107727 0.7367678 0.5107727 0.7367678 0.5011212 0.9947919 0.5107727 0.7367678 0.5011212 0.9947919 0.5011212 0.9947919 0.5011212 0.7367678 0.5011212 0.7367678 0.4916768 0.9947919 0.5011212 0.7367678 0.4916768 0.9947919 0.4916768 0.9947919 0.4916768 0.7367678 0.4916768 0.7367678 0.4824653 0.9947919 0.4916768 0.7367678 0.4824653 0.9947919 0.4824654 0.9947919 0.4824654 0.7367678 0.4824653 0.7367678 0.4735122 0.9947919 0.4824654 0.7367678 0.4735122 0.9947919 0.4735122 0.9947919 0.4735122 0.7367678 0.4735122 0.7367678 0.4648419 0.9947919 0.4735122 0.7367678 0.4648419 0.9947919 0.4648419 0.9947919 0.4648419 0.7367678 0.4648419 0.7367678 0.4564781 0.9947919 0.4648419 0.7367678 0.4564781 0.9947919 0.4564781 0.9947919 0.4564781 0.7367678 0.4564781 0.7367678 0.4484438 0.9947919 0.4564781 0.7367678 0.4484438 0.9947919 0.4484439 0.9947919 0.4484439 0.7367678 0.4484438 0.7367678 0.4407611 0.9947919 0.4484439 0.7367678 0.4407611 0.9947919 0.4407611 0.9947919 0.4407611 0.7367678 0.4407611 0.7367678 0.4334508 0.9947919 0.4407611 0.7367678 0.4334508 0.9947919 0.4334509 0.7263517 0.9864808 0.4683275 0.9864808 0.4683275 0.978798 0.7263517 0.9864808 0.4683275 0.978798 0.7263517 0.978798 0.7263517 0.978798 0.4683275 0.978798 0.4683275 0.9707638 0.7263517 0.978798 0.4683275 0.9707638 0.7263517 0.9707638 0.7263517 0.9707638 0.4683275 0.9707638 0.4683275 0.9624 0.7263517 0.9707638 0.4683275 0.9624 0.7263517 0.9624 0.7263517 0.9624 0.4683275 0.9624 0.4683275 0.9537296 0.7263517 0.9624 0.4683275 0.9537296 0.7263517 0.9537297 0.7263517 0.9537297 0.4683275 0.9537296 0.4683275 0.9447765 0.7263517 0.9537297 0.4683275 0.9447765 0.7263517 0.9447765 0.7263517 0.9447765 0.4683275 0.9447765 0.4683275 0.9355651 0.7263517 0.9447765 0.4683275 0.9355651 0.7263517 0.9355651 0.7263517 0.9355651 0.4683275 0.9355651 0.4683275 0.9261207 0.7263517 0.9355651 0.4683275 0.9261207 0.7263517 0.9261208 0.7263517 0.9261208 0.4683275 0.9261207 0.4683276 0.9164692 0.7263517 0.9261208 0.4683276 0.9164692 0.7263517 0.9164692 0.7263517 0.9164692 0.4683276 0.9164692 0.4683276 0.906637 0.7263517 0.9164692 0.4683276 0.906637 0.7263517 0.906637 0.7263517 0.906637 0.4683276 0.906637 0.4683276 0.896651 0.7263517 0.906637 0.4683276 0.896651 0.7263517 0.8966511 0.7263517 0.8966511 0.4683276 0.896651 0.4683276 0.8865388 0.7263517 0.8966511 0.4683276 0.8865388 0.7263517 0.8865388 0.7263517 0.8865388 0.4683276 0.8865388 0.4683276 0.8763279 0.7263517 0.8865388 0.4683276 0.8763279 0.7263517 0.8763279 0.7263517 0.8763279 0.4683276 0.8763279 0.4683276 0.8660463 0.7263517 0.8763279 0.4683276 0.8660463 0.7263517 0.8660463 0.7263517 0.8660463 0.4683276 0.8660463 0.4683276 0.8557223 0.7263517 0.8660463 0.4683276 0.8557223 0.7263517 0.8557223 0.7263517 0.8557223 0.4683276 0.8557223 0.4683276 0.8453841 0.7263517 0.8557223 0.4683276 0.8453841 0.7263517 0.8453841 0.7263517 0.8453841 0.4683276 0.8453841 0.4683276 0.8350601 0.7263517 0.8453841 0.4683276 0.8350601 0.7263517 0.8350601 0.7263517 0.8350601 0.4683276 0.8350601 0.4683276 0.8247785 0.7263517 0.8350601 0.4683276 0.8247785 0.7263517 0.8247786 0.7263517 0.8247786 0.4683276 0.8247785 0.4683276 0.8145676 0.7263517 0.8247786 0.4683276 0.8145676 0.7263517 0.8145676 0.7263517 0.8145676 0.4683276 0.8145676 0.4683276 0.8044553 0.7263517 0.8145676 0.4683276 0.8044553 0.7263517 0.8044553 0.7263517 0.8044553 0.4683276 0.8044553 0.4683276 0.7944694 0.7263517 0.8044553 0.4683276 0.7944694 0.7263517 0.7944694 0.7263517 0.7944694 0.4683276 0.7944694 0.4683276 0.7846372 0.7263517 0.7944694 0.4683276 0.7846372 0.7263517 0.7846372 0.7263517 0.7846372 0.4683276 0.7846372 0.4683276 0.7749857 0.7263517 0.7846372 0.4683276 0.7749857 0.7263517 0.7749857 0.7263517 0.7749857 0.4683276 0.7749857 0.4683276 0.7655413 0.7263517 0.7749857 0.4683276 0.7655413 0.7263517 0.7655413 0.7263517 0.7655413 0.4683276 0.7655413 0.4683276 0.7563298 0.7263517 0.7655413 0.4683276 0.7563298 0.7263517 0.7563299 0.7263517 0.7563299 0.4683276 0.7563298 0.4683276 0.7473767 0.7263517 0.7563299 0.4683276 0.7473767 0.7263517 0.7473767 0.7263517 0.7473767 0.4683276 0.7473767 0.4683276 0.7387064 0.7263517 0.7473767 0.4683276 0.7387064 0.7263517 0.7387064 0.7263517 0.7387064 0.4683276 0.7387064 0.4683276 0.7303426 0.7263517 0.7387064 0.4683276 0.7303426 0.7263517 0.7303426 0.7263517 0.7303426 0.4683276 0.7303426 0.4683276 0.7223083 0.7263517 0.7303426 0.4683276 0.7223083 0.7263517 0.7223083 0.7263517 0.7223083 0.4683276 0.7223083 0.4683276 0.7146256 0.7263517 0.7223083 0.4683276 0.7146256 0.7263517 0.7146256 0.7263517 0.7146256 0.4683276 0.7146256 0.4683276 0.7073154 0.7263517 0.7146256 0.4683276 0.7073154 0.7263517 0.7073154 0.7263517 0.6968993 0.4683276 0.6968992 0.4683276 0.689589 0.7263517 0.6968993 0.4683276 0.689589 0.7263517 0.6895891 0.7263517 0.6895891 0.4683276 0.689589 0.4683276 0.6819063 0.7263517 0.6895891 0.4683276 0.6819063 0.7263517 0.6819063 0.7263517 0.6819063 0.4683276 0.6819063 0.4683276 0.673872 0.7263517 0.6819063 0.4683276 0.673872 0.7263517 0.673872 0.7263517 0.673872 0.4683276 0.673872 0.4683276 0.6655082 0.7263517 0.673872 0.4683276 0.6655082 0.7263517 0.6655082 0.7263517 0.6655082 0.4683276 0.6655082 0.4683276 0.6568379 0.7263517 0.6655082 0.4683276 0.6568379 0.7263517 0.6568379 0.7263517 0.6568379 0.4683276 0.6568379 0.4683276 0.6478847 0.7263517 0.6568379 0.4683276 0.6478847 0.7263517 0.6478848 0.7263517 0.6478848 0.4683276 0.6478847 0.4683276 0.6386734 0.7263517 0.6478848 0.4683276 0.6386734 0.7263517 0.6386734 0.7263517 0.6386734 0.4683276 0.6386734 0.4683276 0.629229 0.7263517 0.6386734 0.4683276 0.629229 0.7263517 0.629229 0.7263517 0.629229 0.4683276 0.629229 0.4683276 0.6195774 0.7263517 0.629229 0.4683276 0.6195774 0.7263517 0.6195774 0.7263517 0.6195774 0.4683276 0.6195774 0.4683276 0.6097452 0.7263517 0.6195774 0.4683276 0.6097452 0.7263517 0.6097453 0.7263517 0.6097453 0.4683276 0.6097452 0.4683276 0.5997593 0.7263517 0.6097453 0.4683276 0.5997593 0.7263517 0.5997593 0.7263517 0.5997593 0.4683276 0.5997593 0.4683276 0.589647 0.7263517 0.5997593 0.4683276 0.589647 0.7263517 0.589647 0.7263517 0.589647 0.4683276 0.589647 0.4683276 0.5794361 0.7263517 0.589647 0.4683276 0.5794361 0.7263517 0.5794361 0.7263517 0.5794361 0.4683276 0.5794361 0.4683276 0.5691546 0.7263517 0.5794361 0.4683276 0.5691546 0.7263517 0.5691546 0.7263517 0.5691546 0.4683276 0.5691546 0.4683276 0.5588305 0.7263517 0.5691546 0.4683276 0.5588305 0.7263517 0.5588306 0.7263517 0.5588306 0.4683276 0.5588305 0.4683276 0.5484923 0.7263517 0.5588306 0.4683276 0.5484923 0.7263517 0.5484924 0.7263517 0.5484924 0.4683276 0.5484923 0.4683276 0.5381683 0.7263517 0.5484924 0.4683276 0.5381683 0.7263517 0.5381683 0.7263517 0.5381683 0.4683276 0.5381683 0.4683276 0.5278868 0.7263517 0.5381683 0.4683276 0.5278868 0.7263517 0.5278868 0.7263517 0.5278868 0.4683276 0.5278868 0.4683276 0.5176758 0.7263517 0.5278868 0.4683276 0.5176758 0.7263517 0.5176759 0.7263517 0.5176759 0.4683276 0.5176758 0.4683276 0.5075636 0.7263517 0.5176759 0.4683276 0.5075636 0.7263517 0.5075636 0.7263517 0.5075636 0.4683276 0.5075636 0.4683276 0.4975777 0.7263517 0.5075636 0.4683276 0.4975777 0.7263517 0.4975777 0.7263517 0.4975777 0.4683276 0.4975777 0.4683276 0.4877454 0.7263517 0.4975777 0.4683276 0.4877454 0.7263517 0.4877455 0.7263517 0.4877455 0.4683276 0.4877454 0.4683276 0.4780939 0.7263517 0.4877455 0.4683276 0.4780939 0.7263517 0.4780939 0.7263517 0.4780939 0.4683276 0.4780939 0.4683276 0.4686495 0.7263517 0.4780939 0.4683276 0.4686495 0.7263517 0.4686495 0.7263517 0.4686495 0.4683276 0.4686495 0.4683276 0.4594381 0.7263517 0.4686495 0.4683276 0.4594381 0.7263517 0.4594382 0.7263517 0.4594382 0.4683276 0.4594381 0.4683276 0.450485 0.7263517 0.4594382 0.4683276 0.450485 0.7263517 0.450485 0.7263517 0.450485 0.4683276 0.450485 0.4683276 0.4418147 0.7263517 0.450485 0.4683276 0.4418147 0.7263517 0.4418147 0.7263517 0.4418147 0.4683276 0.4418147 0.4683276 0.4334509 0.7263517 0.4418147 0.4683276 0.4334509 0.7263517 0.4334509 0.7263517 0.4334509 0.4683276 0.4334509 0.4683276 0.4254166 0.7263517 0.4334509 0.4683276 0.4254166 0.7263517 0.4254166 0.7263517 0.4254166 0.4683276 0.4254166 0.4683276 0.4177338 0.7263517 0.4254166 0.4683276 0.4177338 0.7263517 0.4177338 0.7263517 0.4177338 0.4683276 0.4177338 0.4683276 0.4104236 0.7263517 0.4177338 0.4683276 0.4104236 0.7263517 0.4104236 0.9947919 0.9791706 0.7367678 0.9791706 0.7367678 0.9714878 0.9947919 0.9791706 0.7367678 0.9714878 0.9947919 0.9714878 0.9947919 0.9714878 0.7367678 0.9714878 0.7367678 0.9634535 0.9947919 0.9714878 0.7367678 0.9634535 0.9947919 0.9634535 0.9947919 0.9634535 0.7367678 0.9634535 0.7367678 0.9550898 0.9947919 0.9634535 0.7367678 0.9550898 0.9947919 0.9550898 0.9947919 0.9550898 0.7367678 0.9550898 0.7367678 0.9464194 0.9947919 0.9550898 0.7367678 0.9464194 0.9947919 0.9464194 0.9947919 0.9464194 0.7367678 0.9464194 0.7367678 0.9374663 0.9947919 0.9464194 0.7367678 0.9374663 0.9947919 0.9374663 0.9947919 0.9374663 0.7367678 0.9374663 0.7367678 0.9282549 0.9947919 0.9374663 0.7367678 0.9282549 0.9947919 0.9282549 0.9947919 0.9282549 0.7367678 0.9282549 0.7367678 0.9188105 0.9947919 0.9282549 0.7367678 0.9188105 0.9947919 0.9188105 0.9947919 0.9188105 0.7367678 0.9188105 0.7367678 0.909159 0.9947919 0.9188105 0.7367678 0.909159 0.9947919 0.909159 0.9947919 0.909159 0.7367678 0.909159 0.7367678 0.8993268 0.9947919 0.909159 0.7367678 0.8993268 0.9947919 0.8993268 0.9947919 0.8993268 0.7367678 0.8993268 0.7367678 0.8893408 0.9947919 0.8993268 0.7367678 0.8893408 0.9947919 0.8893408 0.9947919 0.8893408 0.7367678 0.8893408 0.7367678 0.8792285 0.9947919 0.8893408 0.7367678 0.8792285 0.9947919 0.8792285 0.9947919 0.8792285 0.7367678 0.8792285 0.7367678 0.8690176 0.9947919 0.8792285 0.7367678 0.8690176 0.9947919 0.8690177 0.9947919 0.8690177 0.7367678 0.8690176 0.7367678 0.8587361 0.9947919 0.8690177 0.7367678 0.8587361 0.9947919 0.8587361 0.9947919 0.8587361 0.7367678 0.8587361 0.7367678 0.848412 0.9947919 0.8587361 0.7367678 0.848412 0.9947919 0.8484121 0.9947919 0.8484121 0.7367678 0.848412 0.7367678 0.8380739 0.9947919 0.8484121 0.7367678 0.8380739 0.9947919 0.8380739 0.9947919 0.8380739 0.7367678 0.8380739 0.7367678 0.8277499 0.9947919 0.8380739 0.7367678 0.8277499 0.9947919 0.8277499 0.9947919 0.8277499 0.7367678 0.8277499 0.7367678 0.8174683 0.9947919 0.8277499 0.7367678 0.8174683 0.9947919 0.8174683 0.9947919 0.8174683 0.7367678 0.8174683 0.7367678 0.8072574 0.9947919 0.8174683 0.7367678 0.8072574 0.9947919 0.8072574 0.9947919 0.8072574 0.7367678 0.8072574 0.7367678 0.7971451 0.9947919 0.8072574 0.7367678 0.7971451 0.9947919 0.7971451 0.9947919 0.7971451 0.7367678 0.7971451 0.7367678 0.7871592 0.9947919 0.7971451 0.7367678 0.7871592 0.9947919 0.7871592 0.9947919 0.7871592 0.7367678 0.7871592 0.7367678 0.777327 0.9947919 0.7871592 0.7367678 0.777327 0.9947919 0.777327 0.9947919 0.777327 0.7367678 0.777327 0.7367678 0.7676755 0.9947919 0.777327 0.7367678 0.7676755 0.9947919 0.7676755 0.9947919 0.7676755 0.7367678 0.7676755 0.7367678 0.7582311 0.9947919 0.7676755 0.7367678 0.7582311 0.9947919 0.7582311 0.9947919 0.7582311 0.7367678 0.7582311 0.7367678 0.7490196 0.9947919 0.7582311 0.7367678 0.7490196 0.9947919 0.7490197 0.9947919 0.7490197 0.7367678 0.7490196 0.7367678 0.7400665 0.9947919 0.7490197 0.7367678 0.7400665 0.9947919 0.7400665 0.9947919 0.7400665 0.7367678 0.7400665 0.7367678 0.7313961 0.9947919 0.7400665 0.7367678 0.7313961 0.9947919 0.7313962 0.9947919 0.7313962 0.7367678 0.7313961 0.7367678 0.7230324 0.9947919 0.7313962 0.7367678 0.7230324 0.9947919 0.7230324 0.9947919 0.7230324 0.7367678 0.7230324 0.7367678 0.7149981 0.9947919 0.7230324 0.7367678 0.7149981 0.9947919 0.7149981 0.9947919 0.7149981 0.7367678 0.7149981 0.7367678 0.7073153 0.9947919 0.7149981 0.7367678 0.7073153 0.9947919 0.7073154 0.8735431 0.2632322 0.8735431 0.005208015 0.8812259 0.005208015 0.8735431 0.2632322 0.8812259 0.005208015 0.8812259 0.2632322 0.8812259 0.2632322 0.8812259 0.005208015 0.8892602 0.005208015 0.8812259 0.2632322 0.8892602 0.005208015 0.8892602 0.2632322 0.1033148 0.3817151 0.08450549 0.4037378 0.09563201 0.3747975 0.09563201 0.3747975 0.08450549 0.4037378 0.07569593 0.3958056 0.09563201 0.3747975 0.07569593 0.3958056 0.0883218 0.3674872 0.0883218 0.3674872 0.07569593 0.3958056 0.06731361 0.3874233 0.0883218 0.3674872 0.06731361 0.3874233 0.0814042 0.3598045 0.0814042 0.3598045 0.06731361 0.3874233 0.0593813 0.3786137 0.0814042 0.3598045 0.0593813 0.3786137 0.07489818 0.3517702 0.07489818 0.3517702 0.0593813 0.3786137 0.05192101 0.369401 0.07489818 0.3517702 0.05192101 0.369401 0.06882154 0.3434064 0.06882154 0.3434064 0.05192101 0.369401 0.0449531 0.3598106 0.06882154 0.3434064 0.0449531 0.3598106 0.06319099 0.3347361 0.06319099 0.3347361 0.0449531 0.3598106 0.03849691 0.3498685 0.06319099 0.3347361 0.03849691 0.3498685 0.0580219 0.3257829 0.0580219 0.3257829 0.03849691 0.3498685 0.03256952 0.3396023 0.0580219 0.3257829 0.03256952 0.3396023 0.05332845 0.3165715 0.05332845 0.3165715 0.03256952 0.3396023 0.02718788 0.3290399 0.05332845 0.3165715 0.02718788 0.3290399 0.04912358 0.3071271 0.04912358 0.3071271 0.02718788 0.3290399 0.02236622 0.3182103 0.04912358 0.3071271 0.02236622 0.3182103 0.04541862 0.2974756 0.04541862 0.2974756 0.02236622 0.3182103 0.01811802 0.3071432 0.04541862 0.2974756 0.01811802 0.3071432 0.04222393 0.2876433 0.04222393 0.2876433 0.01811802 0.3071432 0.01445478 0.2958689 0.04222393 0.2876433 0.01445478 0.2958689 0.03954815 0.2776574 0.03954815 0.2776574 0.01445478 0.2958689 0.01138663 0.2844185 0.03954815 0.2776574 0.01138663 0.2844185 0.03739887 0.2675451 0.03739887 0.2675451 0.01138663 0.2844185 0.00892198 0.272823 0.03739887 0.2675451 0.00892198 0.272823 0.03578168 0.2573342 0.03578168 0.2573342 0.00892198 0.272823 0.007067561 0.2611145 0.03578168 0.2573342 0.007067561 0.2611145 0.03470093 0.2470526 0.03470093 0.2470526 0.007067561 0.2611145 0.00582838 0.2493249 0.03470093 0.2470526 0.00582838 0.2493249 0.03415977 0.2367286 0.03415977 0.2367286 0.00582838 0.2493249 0.005208015 0.2374867 0.03415977 0.2367286 0.005208015 0.2374867 0.03415977 0.2263904 0.03415977 0.2263904 0.005208015 0.2374867 0.005208015 0.2256323 0.03415977 0.2263904 0.005208015 0.2256323 0.03470093 0.2160664 0.03470093 0.2160664 0.005208015 0.2256323 0.00582844 0.2137941 0.03470093 0.2160664 0.00582844 0.2137941 0.03578168 0.2057849 0.03578168 0.2057849 0.00582844 0.2137941 0.007067561 0.2020044 0.03578168 0.2057849 0.007067561 0.2020044 0.03739893 0.1955739 0.03739893 0.1955739 0.007067561 0.2020044 0.00892204 0.1902959 0.03739893 0.1955739 0.00892204 0.1902959 0.03954821 0.1854615 0.03954821 0.1854615 0.00892204 0.1902959 0.01138675 0.1787005 0.03954821 0.1854615 0.01138675 0.1787005 0.04222393 0.1754757 0.04222393 0.1754757 0.01138675 0.1787005 0.0144549 0.16725 0.04222393 0.1754757 0.0144549 0.16725 0.04541862 0.1656435 0.04541862 0.1656435 0.0144549 0.16725 0.01811814 0.1559758 0.04541862 0.1656435 0.01811814 0.1559758 0.0491237 0.155992 0.0491237 0.155992 0.01811814 0.1559758 0.0223664 0.1449086 0.0491237 0.155992 0.0223664 0.1449086 0.05332863 0.1465476 0.05332863 0.1465476 0.0223664 0.1449086 0.02718806 0.1340792 0.05332863 0.1465476 0.02718806 0.1340792 0.05802208 0.1373361 0.05802208 0.1373361 0.02718806 0.1340792 0.03256988 0.1235167 0.05802208 0.1373361 0.03256988 0.1235167 0.06319117 0.1283831 0.06319117 0.1283831 0.03256988 0.1235167 0.03849709 0.1132504 0.06319117 0.1283831 0.03849709 0.1132504 0.06882178 0.1197128 0.06882178 0.1197128 0.03849709 0.1132504 0.04495352 0.1033086 0.06882178 0.1197128 0.04495352 0.1033086 0.07489842 0.1113489 0.07489842 0.1113489 0.04495352 0.1033086 0.05192124 0.09371817 0.07489842 0.1113489 0.05192124 0.09371817 0.08140444 0.1033146 0.08140444 0.1033146 0.05192124 0.09371817 0.05938166 0.08450549 0.08140444 0.1033146 0.05938166 0.08450549 0.08832204 0.09563201 0.08832204 0.09563201 0.05938166 0.08450549 0.06731384 0.07569593 0.08832204 0.09563201 0.06731384 0.07569593 0.09563225 0.0883218 0.09563225 0.0883218 0.06731384 0.07569593 0.07569622 0.06731355 0.09563225 0.0883218 0.07569622 0.06731355 0.1033151 0.0814042 0.1033151 0.0814042 0.07569622 0.06731355 0.08450579 0.0593813 0.1033151 0.0814042 0.08450579 0.0593813 0.1113494 0.07489818 0.1113494 0.07489818 0.08450579 0.0593813 0.09371846 0.05192106 0.1113494 0.07489818 0.09371846 0.05192106 0.1197131 0.06882154 0.1197131 0.06882154 0.09371846 0.05192106 0.1033089 0.04495316 0.1197131 0.06882154 0.1033089 0.04495316 0.1283835 0.06319099 0.1283835 0.06319099 0.1033089 0.04495316 0.1132509 0.03849691 0.1283835 0.06319099 0.1132509 0.03849691 0.1373366 0.0580219 0.1373366 0.0580219 0.1132509 0.03849691 0.1235172 0.03256958 0.1373366 0.0580219 0.1235172 0.03256958 0.146548 0.05332845 0.146548 0.05332845 0.1235172 0.03256958 0.1340796 0.02718788 0.146548 0.05332845 0.1340796 0.02718788 0.1559924 0.04912358 0.1559924 0.04912358 0.1340796 0.02718788 0.1449092 0.02236622 0.1559924 0.04912358 0.1449092 0.02236622 0.1656439 0.04541862 0.1656439 0.04541862 0.1449092 0.02236622 0.1559762 0.01811802 0.1656439 0.04541862 0.1559762 0.01811802 0.1754761 0.04222393 0.1754761 0.04222393 0.1559762 0.01811802 0.1672505 0.01445478 0.1754761 0.04222393 0.1672505 0.01445478 0.1854621 0.03954821 0.1854621 0.03954821 0.1672505 0.01445478 0.1787011 0.01138663 0.1854621 0.03954821 0.1787011 0.01138663 0.1955744 0.03739887 0.1955744 0.03739887 0.1787011 0.01138663 0.1902965 0.00892198 0.1955744 0.03739887 0.1902965 0.00892198 0.2057852 0.03578168 0.2057852 0.03578168 0.1902965 0.00892198 0.202005 0.007067561 0.2057852 0.03578168 0.202005 0.007067561 0.2160668 0.03470093 0.2160668 0.03470093 0.202005 0.007067561 0.2137945 0.00582844 0.2160668 0.03470093 0.2137945 0.00582844 0.2263908 0.03415983 0.2263908 0.03415983 0.2137945 0.00582844 0.2256327 0.005208015 0.2263908 0.03415983 0.2256327 0.005208015 0.236729 0.03415989 0.236729 0.03415989 0.2256327 0.005208015 0.2374871 0.005208015 0.236729 0.03415989 0.2374871 0.005208015 0.247053 0.03470093 0.247053 0.03470093 0.2374871 0.005208015 0.2493254 0.00582844 0.247053 0.03470093 0.2493254 0.00582844 0.2573346 0.03578174 0.2573346 0.03578174 0.2493254 0.00582844 0.2611149 0.007067561 0.2573346 0.03578174 0.2611149 0.007067561 0.2675455 0.03739893 0.2675455 0.03739893 0.2611149 0.007067561 0.2728234 0.00892204 0.2675455 0.03739893 0.2728234 0.00892204 0.2776578 0.03954827 0.2776578 0.03954827 0.2728234 0.00892204 0.2844188 0.01138675 0.2776578 0.03954827 0.2844188 0.01138675 0.2876437 0.04222398 0.2876437 0.04222398 0.2844188 0.01138675 0.2958694 0.0144549 0.2876437 0.04222398 0.2958694 0.0144549 0.2974759 0.04541867 0.2974759 0.04541867 0.2958694 0.0144549 0.3071436 0.01811814 0.2974759 0.04541867 0.3071436 0.01811814 0.3071274 0.0491237 0.3071274 0.0491237 0.3071436 0.01811814 0.3182107 0.0223664 0.3071274 0.0491237 0.3182107 0.0223664 0.3165718 0.05332863 0.3165718 0.05332863 0.3182107 0.0223664 0.3290403 0.02718806 0.3165718 0.05332863 0.3290403 0.02718806 0.3257832 0.05802208 0.3257832 0.05802208 0.3290403 0.02718806 0.3396027 0.03256988 0.3257832 0.05802208 0.3396027 0.03256988 0.3347364 0.06319117 0.3347364 0.06319117 0.3396027 0.03256988 0.3498689 0.03849709 0.3347364 0.06319117 0.3498689 0.03849709 0.3434067 0.06882178 0.3434067 0.06882178 0.3498689 0.03849709 0.3598109 0.04495352 0.3434067 0.06882178 0.3598109 0.04495352 0.3517705 0.07489842 0.3517705 0.07489842 0.3598109 0.04495352 0.3694013 0.0519213 0.3517705 0.07489842 0.3694013 0.0519213 0.3598047 0.08140444 0.3598047 0.08140444 0.3694013 0.0519213 0.378614 0.05938166 0.3598047 0.08140444 0.378614 0.05938166 0.3674875 0.08832204 0.3674875 0.08832204 0.378614 0.05938166 0.3874235 0.06731384 0.3674875 0.08832204 0.3874235 0.06731384 0.3747977 0.09563225 0.3747977 0.09563225 0.3874235 0.06731384 0.3958059 0.07569622 0.3747977 0.09563225 0.3958059 0.07569622 0.3817152 0.1033149 0.3817152 0.1033149 0.3958059 0.07569622 0.4037381 0.08450579 0.3817152 0.1033149 0.4037381 0.08450579 0.3882213 0.1113492 0.3882213 0.1113492 0.4037381 0.08450579 0.4111983 0.09371846 0.3882213 0.1113492 0.4111983 0.09371846 0.3942979 0.119713 0.3942979 0.119713 0.4111983 0.09371846 0.4181662 0.1033089 0.3942979 0.119713 0.4181662 0.1033089 0.3999285 0.1283833 0.3999285 0.1283833 0.4181662 0.1033089 0.4246226 0.1132509 0.3999285 0.1283833 0.4246226 0.1132509 0.4050976 0.1373366 0.4050976 0.1373366 0.4246226 0.1132509 0.4305498 0.1235172 0.4050976 0.1373366 0.4305498 0.1235172 0.409791 0.1465479 0.409791 0.1465479 0.4305498 0.1235172 0.4359316 0.1340795 0.409791 0.1465479 0.4359316 0.1340795 0.4139959 0.1559922 0.4139959 0.1559922 0.4359316 0.1340795 0.4407532 0.144909 0.4139959 0.1559922 0.4407532 0.144909 0.4177008 0.1656439 0.4177008 0.1656439 0.4407532 0.144909 0.4450015 0.1559761 0.4177008 0.1656439 0.4450015 0.1559761 0.4208955 0.175476 0.4208955 0.175476 0.4450015 0.1559761 0.4486647 0.1672505 0.4208955 0.175476 0.4486647 0.1672505 0.4235712 0.1854619 0.4235712 0.1854619 0.4486647 0.1672505 0.4517329 0.1787009 0.4235712 0.1854619 0.4517329 0.1787009 0.4257206 0.1955742 0.4257206 0.1955742 0.4517329 0.1787009 0.4541975 0.1902964 0.4257206 0.1955742 0.4541975 0.1902964 0.4273378 0.2057852 0.4273378 0.2057852 0.4541975 0.1902964 0.456052 0.2020049 0.4273378 0.2057852 0.456052 0.2020049 0.4284185 0.2160668 0.4284185 0.2160668 0.456052 0.2020049 0.4572911 0.2137944 0.4284185 0.2160668 0.4572911 0.2137944 0.4289595 0.2263908 0.4289595 0.2263908 0.4572911 0.2137944 0.4579115 0.2256326 0.4289595 0.2263908 0.4579115 0.2256326 0.4289595 0.236729 0.4289595 0.236729 0.4579115 0.2256326 0.4579115 0.237487 0.4289595 0.236729 0.4579115 0.237487 0.4284184 0.247053 0.4284184 0.247053 0.4579115 0.237487 0.457291 0.2493252 0.4284184 0.247053 0.457291 0.2493252 0.4273378 0.2573346 0.4273378 0.2573346 0.457291 0.2493252 0.4560519 0.2611149 0.4273378 0.2573346 0.4560519 0.2611149 0.4257205 0.2675455 0.4257205 0.2675455 0.4560519 0.2611149 0.4541975 0.2728234 0.4257205 0.2675455 0.4541975 0.2728234 0.4235711 0.2776578 0.4235711 0.2776578 0.4541975 0.2728234 0.4517328 0.2844188 0.4235711 0.2776578 0.4517328 0.2844188 0.4208953 0.2876437 0.4208953 0.2876437 0.4517328 0.2844188 0.4486646 0.2958694 0.4208953 0.2876437 0.4486646 0.2958694 0.4177007 0.2974759 0.4177007 0.2974759 0.4486646 0.2958694 0.4450014 0.3071436 0.4177007 0.2974759 0.4450014 0.3071436 0.4139958 0.3071274 0.4139958 0.3071274 0.4450014 0.3071436 0.4407531 0.3182107 0.4139958 0.3071274 0.4407531 0.3182107 0.4097909 0.3165718 0.4097909 0.3165718 0.4407531 0.3182107 0.4359315 0.3290403 0.4097909 0.3165718 0.4359315 0.3290403 0.4050974 0.3257832 0.4050974 0.3257832 0.4359315 0.3290403 0.4305496 0.3396027 0.4050974 0.3257832 0.4305496 0.3396027 0.3999283 0.3347364 0.3999283 0.3347364 0.4305496 0.3396027 0.4246224 0.3498689 0.3999283 0.3347364 0.4246224 0.3498689 0.3942977 0.3434067 0.3942977 0.3434067 0.4246224 0.3498689 0.418166 0.359811 0.3942977 0.3434067 0.418166 0.359811 0.3882211 0.3517704 0.3882211 0.3517704 0.418166 0.359811 0.4111981 0.3694013 0.3882211 0.3517704 0.4111981 0.3694013 0.3817151 0.3598047 0.3817151 0.3598047 0.4111981 0.3694013 0.4037379 0.378614 0.3817151 0.3598047 0.4037379 0.378614 0.3747974 0.3674874 0.3747974 0.3674874 0.4037379 0.378614 0.3958057 0.3874235 0.3747974 0.3674874 0.3958057 0.3874235 0.3674873 0.3747977 0.3674873 0.3747977 0.3958057 0.3874235 0.3874233 0.3958059 0.3674873 0.3747977 0.3874233 0.3958059 0.3598045 0.3817153 0.3598045 0.3817153 0.3874233 0.3958059 0.3786137 0.4037382 0.3598045 0.3817153 0.3786137 0.4037382 0.3517702 0.3882213 0.3517702 0.3882213 0.3786137 0.4037382 0.369401 0.4111983 0.3517702 0.3882213 0.369401 0.4111983 0.3434064 0.3942979 0.3434064 0.3942979 0.369401 0.4111983 0.3598105 0.4181662 0.3434064 0.3942979 0.3598105 0.4181662 0.3347361 0.3999285 0.3347361 0.3999285 0.3598105 0.4181662 0.3498685 0.4246225 0.3347361 0.3999285 0.3498685 0.4246225 0.3257829 0.4050976 0.3257829 0.4050976 0.3498685 0.4246225 0.3396023 0.4305498 0.3257829 0.4050976 0.3396023 0.4305498 0.3165715 0.409791 0.3165715 0.409791 0.3396023 0.4305498 0.3290399 0.4359316 0.3165715 0.409791 0.3290399 0.4359316 0.3071271 0.4139959 0.3071271 0.4139959 0.3290399 0.4359316 0.3182103 0.4407532 0.3071271 0.4139959 0.3182103 0.4407532 0.2974756 0.4177008 0.2974756 0.4177008 0.3182103 0.4407532 0.3071432 0.4450015 0.2974756 0.4177008 0.3071432 0.4450015 0.2876434 0.4208955 0.2876434 0.4208955 0.3071432 0.4450015 0.2958689 0.4486647 0.2876434 0.4208955 0.2958689 0.4486647 0.2776575 0.4235712 0.2776575 0.4235712 0.2958689 0.4486647 0.2844184 0.4517329 0.2776575 0.4235712 0.2844184 0.4517329 0.2675452 0.4257206 0.2675452 0.4257206 0.2844184 0.4517329 0.272823 0.4541975 0.2675452 0.4257206 0.272823 0.4541975 0.2573342 0.4273378 0.2573342 0.4273378 0.272823 0.4541975 0.2611145 0.456052 0.2573342 0.4273378 0.2611145 0.456052 0.2470527 0.4284185 0.2470527 0.4284185 0.2611145 0.456052 0.249325 0.4572911 0.2470527 0.4284185 0.249325 0.4572911 0.2367287 0.4289595 0.2367287 0.4289595 0.249325 0.4572911 0.2374867 0.4579115 0.2367287 0.4289595 0.2374867 0.4579115 0.2263905 0.4289595 0.2263905 0.4289595 0.2374867 0.4579115 0.2256323 0.4579115 0.2263905 0.4289595 0.2256323 0.4579115 0.2160664 0.4284184 0.2160664 0.4284184 0.2256323 0.4579115 0.2137941 0.457291 0.2160664 0.4284184 0.2137941 0.457291 0.2057849 0.4273378 0.2057849 0.4273378 0.2137941 0.457291 0.2020046 0.456052 0.2057849 0.4273378 0.2020046 0.456052 0.195574 0.4257205 0.195574 0.4257205 0.2020046 0.456052 0.1902961 0.4541974 0.195574 0.4257205 0.1902961 0.4541974 0.1854616 0.4235711 0.1854616 0.4235711 0.1902961 0.4541974 0.1787006 0.4517328 0.1854616 0.4235711 0.1787006 0.4517328 0.1754758 0.4208953 0.1754758 0.4208953 0.1787006 0.4517328 0.1672502 0.4486646 0.1754758 0.4208953 0.1672502 0.4486646 0.1656436 0.4177007 0.1656436 0.4177007 0.1672502 0.4486646 0.1559759 0.4450014 0.1656436 0.4177007 0.1559759 0.4450014 0.155992 0.4139958 0.155992 0.4139958 0.1559759 0.4450014 0.1449088 0.4407531 0.155992 0.4139958 0.1449088 0.4407531 0.1465477 0.4097909 0.1465477 0.4097909 0.1449088 0.4407531 0.1340792 0.4359315 0.1465477 0.4097909 0.1340792 0.4359315 0.1373363 0.4050974 0.1373363 0.4050974 0.1340792 0.4359315 0.1235167 0.4305496 0.1373363 0.4050974 0.1235167 0.4305496 0.1283832 0.3999283 0.1283832 0.3999283 0.1235167 0.4305496 0.1132506 0.4246224 0.1283832 0.3999283 0.1132506 0.4246224 0.1197128 0.3942977 0.1197128 0.3942977 0.1132506 0.4246224 0.1033086 0.4181659 0.1197128 0.3942977 0.1033086 0.4181659 0.1113491 0.3882212 0.1113491 0.3882212 0.1033086 0.4181659 0.09371817 0.4111981 0.1113491 0.3882212 0.09371817 0.4111981 0.1033148 0.3817151 0.1033148 0.3817151 0.09371817 0.4111981 0.08450549 0.4037378 0.8735432 0.3736029 0.8788089 0.3736029 0.8788089 0.3828155 0.8735432 0.3736029 0.8788089 0.3828155 0.8735431 0.3828155 0.8735431 0.3828155 0.8788089 0.3828155 0.8788089 0.3916251 0.8735431 0.3828155 0.8788089 0.3916251 0.8735431 0.3916251 0.8735431 0.3916251 0.8788089 0.3916251 0.8788089 0.4000075 0.8735431 0.3916251 0.8788089 0.4000075 0.8735431 0.4000075 0.9153581 0.005208075 0.9206239 0.005208075 0.9206239 0.01401764 0.9153581 0.005208075 0.9206239 0.01401764 0.9153581 0.01401764 0.9153581 0.01401764 0.9206239 0.01401764 0.9206239 0.02323025 0.9153581 0.01401764 0.9206239 0.02323025 0.9153581 0.02323025 0.9153581 0.02323025 0.9206239 0.02323025 0.9206239 0.03282076 0.9153581 0.02323025 0.9206239 0.03282076 0.9153581 0.03282076 0.9153581 0.03282076 0.9206239 0.03282076 0.9206239 0.04276257 0.9153581 0.03282076 0.9206239 0.04276257 0.9153581 0.04276257 0.9153581 0.04276257 0.9206239 0.04276257 0.9206239 0.05302894 0.9153581 0.04276257 0.9206239 0.05302894 0.9153581 0.05302894 0.9153581 0.05302894 0.9206239 0.05302894 0.9206239 0.06359136 0.9153581 0.05302894 0.9206239 0.06359136 0.9153581 0.06359136 0.9153581 0.06359136 0.9206239 0.06359136 0.9206239 0.07442092 0.9153581 0.06359136 0.9206239 0.07442092 0.9153581 0.07442092 0.9153581 0.07442092 0.9206239 0.07442092 0.9206239 0.08548808 0.9153581 0.07442092 0.9206239 0.08548808 0.9153581 0.08548808 0.9153581 0.08548808 0.9206239 0.08548808 0.9206239 0.09676229 0.9153581 0.08548808 0.9206239 0.09676229 0.9153581 0.09676229 0.9153581 0.09676229 0.9206239 0.09676229 0.9206239 0.1082128 0.9153581 0.09676229 0.9206239 0.1082128 0.9153581 0.1082128 0.9153581 0.1082128 0.9206239 0.1082128 0.9206239 0.1198081 0.9153581 0.1082128 0.9206239 0.1198081 0.9153581 0.1198081 0.9153581 0.1198081 0.9206239 0.1198081 0.9206239 0.1315166 0.9153581 0.1198081 0.9206239 0.1315166 0.9153581 0.1315166 0.9153581 0.1315166 0.9206239 0.1315166 0.9206239 0.1433061 0.9153581 0.1315166 0.9206239 0.1433061 0.9153581 0.1433061 0.9153581 0.1433061 0.9206239 0.1433061 0.9206239 0.1551445 0.9153581 0.1433061 0.9206239 0.1551445 0.9153581 0.1551445 0.9153581 0.1551445 0.9206239 0.1551445 0.9206239 0.1669989 0.9153581 0.1551445 0.9206239 0.1669989 0.9153581 0.1669989 0.9153581 0.1669989 0.9206239 0.1669989 0.9206239 0.1788371 0.9153581 0.1669989 0.9206239 0.1788371 0.9153581 0.1788371 0.9153581 0.1788371 0.9206239 0.1788371 0.9206239 0.1906266 0.9153581 0.1788371 0.9206239 0.1906266 0.9153581 0.1906266 0.9153581 0.1906266 0.9206239 0.1906266 0.9206239 0.2023351 0.9153581 0.1906266 0.9206239 0.2023351 0.9153581 0.2023351 0.9153581 0.2023351 0.9206239 0.2023351 0.9206239 0.2139306 0.9153581 0.2023351 0.9206239 0.2139306 0.9153581 0.2139306 0.9153581 0.2139306 0.9206239 0.2139306 0.9206239 0.2253811 0.9153581 0.2139306 0.9206239 0.2253811 0.9153581 0.2253811 0.9153581 0.2253811 0.9206239 0.2253811 0.9206239 0.2366552 0.9153581 0.2253811 0.9206239 0.2366552 0.9153581 0.2366552 0.9153581 0.2366552 0.9206239 0.2366552 0.9206239 0.2477225 0.9153581 0.2366552 0.9206239 0.2477225 0.9153581 0.2477225 0.9153581 0.2477225 0.9206239 0.2477225 0.9206239 0.2585521 0.9153581 0.2477225 0.9206239 0.2585521 0.9153581 0.2585521 0.9153581 0.2585521 0.9206239 0.2585521 0.9206239 0.2691145 0.9153581 0.2585521 0.9206239 0.2691145 0.9153581 0.2691145 0.9153581 0.2691145 0.9206239 0.2691145 0.9206239 0.2793807 0.9153581 0.2691145 0.9206239 0.2793807 0.9153581 0.2793807 0.9153581 0.2793807 0.9206239 0.2793807 0.9206239 0.2893227 0.9153581 0.2793807 0.9206239 0.2893227 0.9153581 0.2893227 0.9153581 0.2893227 0.9206239 0.2893227 0.9206239 0.2989133 0.9153581 0.2893227 0.9206239 0.2989133 0.9153581 0.2989133 0.9153581 0.2989133 0.9206239 0.2989133 0.9206239 0.3081259 0.9153581 0.2989133 0.9206239 0.3081259 0.9153581 0.3081259 0.9153581 0.3081259 0.9206239 0.3081259 0.9206239 0.3169354 0.9153581 0.3081259 0.9206239 0.3169354 0.9153581 0.3169354 0.9310401 0.005208075 0.9363058 0.005208075 0.9363058 0.01401764 0.9310401 0.005208075 0.9363058 0.01401764 0.9310401 0.01401764 0.9310401 0.01401764 0.9363058 0.01401764 0.9363058 0.02323031 0.9310401 0.01401764 0.9363058 0.02323031 0.9310401 0.02323031 0.9310401 0.02323031 0.9363058 0.02323031 0.9363058 0.0328207 0.9310401 0.02323031 0.9363058 0.0328207 0.9310401 0.0328207 0.9310401 0.0328207 0.9363058 0.0328207 0.9363058 0.04276263 0.9310401 0.0328207 0.9363058 0.04276263 0.9310401 0.04276263 0.9310401 0.04276263 0.9363058 0.04276263 0.9363058 0.05302894 0.9310401 0.04276263 0.9363058 0.05302894 0.9310401 0.05302894 0.9310401 0.05302894 0.9363058 0.05302894 0.9363058 0.06359136 0.9310401 0.05302894 0.9363058 0.06359136 0.9310401 0.06359136 0.9310401 0.06359136 0.9363058 0.06359136 0.9363058 0.07442092 0.9310401 0.06359136 0.9363058 0.07442092 0.93104 0.07442092 0.93104 0.07442092 0.9363058 0.07442092 0.9363058 0.08548808 0.93104 0.07442092 0.9363058 0.08548808 0.93104 0.08548808 0.93104 0.08548808 0.9363058 0.08548808 0.9363058 0.09676229 0.93104 0.08548808 0.9363058 0.09676229 0.93104 0.09676229 0.93104 0.09676229 0.9363058 0.09676229 0.9363058 0.1082128 0.93104 0.09676229 0.9363058 0.1082128 0.93104 0.1082128 0.93104 0.1082128 0.9363058 0.1082128 0.9363058 0.1198081 0.93104 0.1082128 0.9363058 0.1198081 0.93104 0.1198081 0.93104 0.1198081 0.9363058 0.1198081 0.9363058 0.1315166 0.93104 0.1198081 0.9363058 0.1315166 0.93104 0.1315166 0.93104 0.1315166 0.9363058 0.1315166 0.9363058 0.1433061 0.93104 0.1315166 0.9363058 0.1433061 0.93104 0.1433061 0.93104 0.1433061 0.9363058 0.1433061 0.9363058 0.1551443 0.93104 0.1433061 0.9363058 0.1551443 0.93104 0.1551443 0.93104 0.1551443 0.9363058 0.1551443 0.9363058 0.1669989 0.93104 0.1551443 0.9363058 0.1669989 0.93104 0.1669989 0.93104 0.1669989 0.9363058 0.1669989 0.9363058 0.1788371 0.93104 0.1669989 0.9363058 0.1788371 0.93104 0.1788371 0.93104 0.1788371 0.9363058 0.1788371 0.9363058 0.1906266 0.93104 0.1788371 0.9363058 0.1906266 0.93104 0.1906266 0.93104 0.1906266 0.9363058 0.1906266 0.9363058 0.2023351 0.93104 0.1906266 0.9363058 0.2023351 0.93104 0.2023351 0.93104 0.2023351 0.9363058 0.2023351 0.9363058 0.2139306 0.93104 0.2023351 0.9363058 0.2139306 0.93104 0.2139306 0.93104 0.2139306 0.9363058 0.2139306 0.9363058 0.2253811 0.93104 0.2139306 0.9363058 0.2253811 0.93104 0.2253811 0.93104 0.2253811 0.9363058 0.2253811 0.9363058 0.2366552 0.93104 0.2253811 0.9363058 0.2366552 0.93104 0.2366552 0.93104 0.2366552 0.9363058 0.2366552 0.9363058 0.2477225 0.93104 0.2366552 0.9363058 0.2477225 0.93104 0.2477225 0.93104 0.2477225 0.9363058 0.2477225 0.9363058 0.2585521 0.93104 0.2477225 0.9363058 0.2585521 0.93104 0.2585521 0.93104 0.2585521 0.9363058 0.2585521 0.9363058 0.2691145 0.93104 0.2585521 0.9363058 0.2691145 0.93104 0.2691144 0.93104 0.2691144 0.9363058 0.2691145 0.9363058 0.2793807 0.93104 0.2691144 0.9363058 0.2793807 0.93104 0.2793807 0.93104 0.2793807 0.9363058 0.2793807 0.9363058 0.2893227 0.93104 0.2793807 0.9363058 0.2893227 0.93104 0.2893227 0.93104 0.2893227 0.9363058 0.2893227 0.9363058 0.2989131 0.93104 0.2893227 0.9363058 0.2989131 0.93104 0.2989131 0.93104 0.2989131 0.9363058 0.2989131 0.9363058 0.3081259 0.93104 0.2989131 0.9363058 0.3081259 0.93104 0.3081259 0.93104 0.3081259 0.9363058 0.3081259 0.9363058 0.3169354 0.93104 0.3081259 0.9363058 0.3169354 0.93104 0.3169354 0.8996762 0.005208015 0.904942 0.005208015 0.904942 0.01359027 0.8996762 0.005208015 0.904942 0.01359027 0.8996762 0.01359027 0.8996762 0.01359027 0.904942 0.01359027 0.904942 0.02239996 0.8996762 0.01359027 0.904942 0.02239996 0.8996762 0.02239996 0.8996762 0.02239996 0.904942 0.02239996 0.904942 0.03161263 0.8996762 0.02239996 0.904942 0.03161263 0.8996762 0.03161263 0.8996762 0.03161263 0.904942 0.03161263 0.904942 0.04120308 0.8996762 0.03161263 0.904942 0.04120308 0.8996762 0.04120308 0.8996762 0.04120308 0.904942 0.04120308 0.904942 0.05114495 0.8996762 0.04120308 0.904942 0.05114495 0.8996762 0.05114495 0.8996762 0.05114495 0.904942 0.05114495 0.904942 0.06141132 0.8996762 0.05114495 0.904942 0.06141132 0.8996762 0.06141132 0.8996762 0.06141132 0.904942 0.06141132 0.904942 0.07197374 0.8996762 0.06141132 0.904942 0.07197374 0.8996762 0.07197374 0.8996762 0.07197374 0.904942 0.07197374 0.904942 0.0828033 0.8996762 0.07197374 0.904942 0.0828033 0.8996762 0.0828033 0.8996762 0.0828033 0.904942 0.0828033 0.904942 0.0938704 0.8996762 0.0828033 0.904942 0.0938704 0.8996762 0.0938704 0.8996762 0.0938704 0.904942 0.0938704 0.904942 0.1051446 0.8996762 0.0938704 0.904942 0.1051446 0.8996762 0.1051446 0.8996762 0.1051446 0.904942 0.1051446 0.904942 0.1165952 0.8996762 0.1051446 0.904942 0.1165952 0.8996762 0.1165952 0.8996762 0.1165952 0.904942 0.1165952 0.904942 0.1281906 0.8996762 0.1165952 0.904942 0.1281906 0.8996762 0.1281906 0.8996762 0.1281906 0.904942 0.1281906 0.904942 0.1398991 0.8996762 0.1281906 0.904942 0.1398991 0.8996762 0.1398991 0.8996762 0.1398991 0.904942 0.1398991 0.904942 0.1516885 0.8996762 0.1398991 0.904942 0.1516885 0.8996762 0.1516885 0.8996762 0.1516885 0.904942 0.1516885 0.904942 0.1635267 0.8996762 0.1516885 0.904942 0.1635267 0.8996762 0.1635267 0.8996762 0.1635267 0.904942 0.1635267 0.904942 0.1753813 0.8996762 0.1635267 0.904942 0.1753813 0.8996762 0.1753813 0.8996762 0.1753813 0.904942 0.1753813 0.904942 0.1872195 0.8996762 0.1753813 0.904942 0.1872195 0.8996762 0.1872195 0.8996762 0.1872195 0.904942 0.1872195 0.904942 0.199009 0.8996762 0.1872195 0.904942 0.199009 0.8996762 0.199009 0.8996762 0.199009 0.904942 0.199009 0.904942 0.2107174 0.8996762 0.199009 0.904942 0.2107174 0.8996762 0.2107174 0.8996762 0.2107174 0.904942 0.2107174 0.904942 0.2223129 0.8996762 0.2107174 0.904942 0.2223129 0.8996762 0.2223129 0.8996762 0.2223129 0.904942 0.2223129 0.904942 0.2337633 0.8996762 0.2223129 0.904942 0.2337633 0.8996762 0.2337633 0.8996762 0.2337633 0.904942 0.2337633 0.904942 0.2450376 0.8996762 0.2337633 0.904942 0.2450376 0.8996762 0.2450376 0.8996762 0.2450376 0.904942 0.2450376 0.904942 0.2561048 0.8996762 0.2450376 0.904942 0.2561048 0.8996762 0.2561048 0.8996762 0.2561048 0.904942 0.2561048 0.904942 0.2669344 0.8996762 0.2561048 0.904942 0.2669344 0.8996762 0.2669344 0.8996762 0.2669344 0.904942 0.2669344 0.904942 0.2774968 0.8996762 0.2669344 0.904942 0.2774968 0.8996762 0.2774968 0.8996762 0.2774968 0.904942 0.2774968 0.904942 0.2877631 0.8996762 0.2774968 0.904942 0.2877631 0.8996762 0.2877631 0.8996762 0.2877631 0.904942 0.2877631 0.904942 0.2977051 0.8996762 0.2877631 0.904942 0.2977051 0.8996762 0.2977051 0.8996762 0.2977051 0.904942 0.2977051 0.904942 0.3072956 0.8996762 0.2977051 0.904942 0.3072956 0.8996762 0.3072956 0.8996762 0.3072956 0.904942 0.3072956 0.904942 0.3165082 0.8996762 0.3072956 0.904942 0.3165082 0.8996762 0.3165082 0.8996762 0.3165082 0.904942 0.3165082 0.904942 0.3253178 0.8996762 0.3165082 0.904942 0.3253178 0.8996762 0.3253178 0.8996762 0.3253178 0.904942 0.3253178 0.904942 0.3337001 0.8996762 0.3253178 0.904942 0.3337001 0.8996762 0.3337001 0.946722 0.005208075 0.9519878 0.005208075 0.9519878 0.01359027 0.946722 0.005208075 0.9519878 0.01359027 0.946722 0.01359027 0.946722 0.01359027 0.9519878 0.01359027 0.9519878 0.02240002 0.946722 0.01359027 0.9519878 0.02240002 0.946722 0.02240002 0.946722 0.02240002 0.9519878 0.02240002 0.9519878 0.03161263 0.946722 0.02240002 0.9519878 0.03161263 0.946722 0.03161263 0.946722 0.03161263 0.9519878 0.03161263 0.9519878 0.04120308 0.946722 0.03161263 0.9519878 0.04120308 0.946722 0.04120308 0.946722 0.04120308 0.9519878 0.04120308 0.9519878 0.05114495 0.946722 0.04120308 0.9519878 0.05114495 0.946722 0.05114495 0.946722 0.05114495 0.9519878 0.05114495 0.9519878 0.06141132 0.946722 0.05114495 0.9519878 0.06141132 0.946722 0.06141132 0.946722 0.06141132 0.9519878 0.06141132 0.9519878 0.07197374 0.946722 0.06141132 0.9519878 0.07197374 0.946722 0.07197374 0.946722 0.07197374 0.9519878 0.07197374 0.9519878 0.0828033 0.946722 0.07197374 0.9519878 0.0828033 0.9467219 0.0828033 0.9467219 0.0828033 0.9519878 0.0828033 0.9519878 0.0938704 0.9467219 0.0828033 0.9519878 0.0938704 0.9467219 0.0938704 0.9467219 0.0938704 0.9519878 0.0938704 0.9519878 0.1051446 0.9467219 0.0938704 0.9519878 0.1051446 0.9467219 0.1051446 0.9467219 0.1051446 0.9519878 0.1051446 0.9519878 0.1165952 0.9467219 0.1051446 0.9519878 0.1165952 0.9467219 0.1165952 0.9467219 0.1165952 0.9519878 0.1165952 0.9519878 0.1281906 0.9467219 0.1165952 0.9519878 0.1281906 0.9467219 0.1281906 0.9467219 0.1281906 0.9519878 0.1281906 0.9519878 0.1398991 0.9467219 0.1281906 0.9519878 0.1398991 0.9467219 0.1398991 0.9467219 0.1398991 0.9519878 0.1398991 0.9519878 0.1516885 0.9467219 0.1398991 0.9519878 0.1516885 0.9467219 0.1516885 0.9467219 0.1516885 0.9519878 0.1516885 0.9519878 0.1635267 0.9467219 0.1516885 0.9519878 0.1635267 0.9467219 0.1635267 0.9467219 0.1635267 0.9519878 0.1635267 0.9519878 0.1753813 0.9467219 0.1635267 0.9519878 0.1753813 0.9467219 0.1753813 0.9467219 0.1753813 0.9519878 0.1753813 0.9519878 0.1872195 0.9467219 0.1753813 0.9519878 0.1872195 0.9467219 0.1872195 0.9467219 0.1872195 0.9519878 0.1872195 0.9519878 0.199009 0.9467219 0.1872195 0.9519878 0.199009 0.9467219 0.199009 0.9467219 0.199009 0.9519878 0.199009 0.9519878 0.2107174 0.9467219 0.199009 0.9519878 0.2107174 0.9467219 0.2107174 0.9467219 0.2107174 0.9519878 0.2107174 0.9519878 0.2223129 0.9467219 0.2107174 0.9519878 0.2223129 0.9467219 0.2223129 0.9467219 0.2223129 0.9519878 0.2223129 0.9519878 0.2337635 0.9467219 0.2223129 0.9519878 0.2337635 0.9467219 0.2337635 0.9467219 0.2337635 0.9519878 0.2337635 0.9519878 0.2450376 0.9467219 0.2337635 0.9519878 0.2450376 0.9467219 0.2450376 0.9467219 0.2450376 0.9519878 0.2450376 0.9519878 0.2561048 0.9467219 0.2450376 0.9519878 0.2561048 0.9467219 0.2561048 0.9467219 0.2561048 0.9519878 0.2561048 0.9519878 0.2669344 0.9467219 0.2561048 0.9519878 0.2669344 0.9467219 0.2669344 0.9467219 0.2669344 0.9519878 0.2669344 0.9519878 0.2774968 0.9467219 0.2669344 0.9519878 0.2774968 0.9467219 0.2774968 0.9467219 0.2774968 0.9519878 0.2774968 0.9519878 0.2877631 0.9467219 0.2774968 0.9519878 0.2877631 0.9467219 0.2877631 0.9467219 0.2877631 0.9519878 0.2877631 0.9519878 0.2977051 0.9467219 0.2877631 0.9519878 0.2977051 0.9467219 0.2977051 0.9467219 0.2977051 0.9519878 0.2977051 0.9519878 0.3072956 0.9467219 0.2977051 0.9519878 0.3072956 0.9467219 0.3072956 0.3396023 0.8936694 0.3290399 0.8990511 0.2315598 0.6946793 0.3498686 0.8877421 0.3396023 0.8936694 0.2315598 0.6946793 0.3598106 0.8812857 0.3498686 0.8877421 0.2315598 0.6946793 0.369401 0.8743179 0.3598106 0.8812857 0.2315598 0.6946793 0.3786137 0.8668577 0.369401 0.8743179 0.2315598 0.6946793 0.3874233 0.8589255 0.3786137 0.8668577 0.2315598 0.6946793 0.3958057 0.8505431 0.3874233 0.8589255 0.2315598 0.6946793 0.4037379 0.8417335 0.3958057 0.8505431 0.2315598 0.6946793 0.4111981 0.8325209 0.4037379 0.8417335 0.2315598 0.6946793 0.418166 0.8229305 0.4111981 0.8325209 0.2315598 0.6946793 0.4246224 0.8129885 0.418166 0.8229305 0.2315598 0.6946793 0.4305496 0.8027222 0.4246224 0.8129885 0.2315598 0.6946793 0.4359315 0.7921598 0.4305496 0.8027222 0.2315598 0.6946793 0.4407531 0.7813302 0.4359315 0.7921598 0.2315598 0.6946793 0.4450014 0.7702631 0.4407531 0.7813302 0.2315598 0.6946793 0.4486646 0.7589889 0.4450014 0.7702631 0.2315598 0.6946793 0.4517328 0.7475384 0.4486646 0.7589889 0.2315598 0.6946793 0.4541975 0.735943 0.4517328 0.7475384 0.2315598 0.6946793 0.456052 0.7242345 0.4541975 0.735943 0.2315598 0.6946793 0.4572911 0.712445 0.456052 0.7242345 0.2315598 0.6946793 0.4579115 0.7006068 0.4572911 0.712445 0.2315598 0.6946793 0.4579115 0.6887523 0.4579115 0.7006068 0.2315598 0.6946793 0.4572911 0.6769141 0.4579115 0.6887523 0.2315598 0.6946793 0.456052 0.6651245 0.4572911 0.6769141 0.2315598 0.6946793 0.4541975 0.653416 0.456052 0.6651245 0.2315598 0.6946793 0.4517329 0.6418206 0.4541975 0.653416 0.2315598 0.6946793 0.4486647 0.6303701 0.4517329 0.6418206 0.2315598 0.6946793 0.4450015 0.6190959 0.4486647 0.6303701 0.2315598 0.6946793 0.4407533 0.6080288 0.4450015 0.6190959 0.2315598 0.6946793 0.4359316 0.5971992 0.4407533 0.6080288 0.2315598 0.6946793 0.4305498 0.5866368 0.4359316 0.5971992 0.2315598 0.6946793 0.4246226 0.5763705 0.4305498 0.5866368 0.2315598 0.6946793 0.4181662 0.5664285 0.4246226 0.5763705 0.2315598 0.6946793 0.4111983 0.556838 0.4181662 0.5664285 0.2315598 0.6946793 0.4037381 0.5476254 0.4111983 0.556838 0.2315598 0.6946793 0.395806 0.5388158 0.4037381 0.5476254 0.2315598 0.6946793 0.3874236 0.5304334 0.395806 0.5388158 0.2315598 0.6946793 0.378614 0.5225012 0.3874236 0.5304334 0.2315598 0.6946793 0.3694013 0.515041 0.378614 0.5225012 0.2315598 0.6946793 0.3598109 0.5080731 0.3694013 0.515041 0.2315598 0.6946793 0.349869 0.5016167 0.3598109 0.5080731 0.2315598 0.6946793 0.3396027 0.4956895 0.349869 0.5016167 0.2315598 0.6946793 0.3290403 0.4903076 0.3396027 0.4956895 0.2315598 0.6946793 0.3182107 0.485486 0.3290403 0.4903076 0.2315598 0.6946793 0.3071436 0.4812377 0.3182107 0.485486 0.2315598 0.6946793 0.2958694 0.4775745 0.3071436 0.4812377 0.2315598 0.6946793 0.2844188 0.4745063 0.2958694 0.4775745 0.2315598 0.6946793 0.2728235 0.4720416 0.2844188 0.4745063 0.2315598 0.6946793 0.2611149 0.4701872 0.2728235 0.4720416 0.2315598 0.6946793 0.2493254 0.468948 0.2611149 0.4701872 0.2315598 0.6946793 0.2374871 0.4683277 0.2493254 0.468948 0.2315598 0.6946793 0.2256327 0.4683277 0.2374871 0.4683277 0.2315598 0.6946793 0.2137945 0.468948 0.2256327 0.4683277 0.2315598 0.6946793 0.202005 0.4701871 0.2137945 0.468948 0.2315598 0.6946793 0.1902965 0.4720416 0.202005 0.4701871 0.2315598 0.6946793 0.1787011 0.4745062 0.1902965 0.4720416 0.2315598 0.6946793 0.1672505 0.4775744 0.1787011 0.4745062 0.2315598 0.6946793 0.1559762 0.4812377 0.1672505 0.4775744 0.2315598 0.6946793 0.1449092 0.4854858 0.1559762 0.4812377 0.2315598 0.6946793 0.1340796 0.4903075 0.1449092 0.4854858 0.2315598 0.6946793 0.1235172 0.4956893 0.1340796 0.4903075 0.2315598 0.6946793 0.1132509 0.5016165 0.1235172 0.4956893 0.2315598 0.6946793 0.1033089 0.5080729 0.1132509 0.5016165 0.2315598 0.6946793 0.09371846 0.5150408 0.1033089 0.5080729 0.2315598 0.6946793 0.08450585 0.522501 0.09371846 0.5150408 0.2315598 0.6946793 0.07569622 0.5304331 0.08450585 0.522501 0.2315598 0.6946793 0.0673139 0.5388155 0.07569622 0.5304331 0.2315598 0.6946793 0.05938166 0.5476251 0.0673139 0.5388155 0.2315598 0.6946793 0.05192124 0.5568377 0.05938166 0.5476251 0.2315598 0.6946793 0.04495352 0.5664282 0.05192124 0.5568377 0.2315598 0.6946793 0.03849709 0.5763701 0.04495352 0.5664282 0.2315598 0.6946793 0.03256988 0.5866364 0.03849709 0.5763701 0.2315598 0.6946793 0.02718806 0.5971988 0.03256988 0.5866364 0.2315598 0.6946793 0.02236646 0.6080284 0.02718806 0.5971988 0.2315598 0.6946793 0.01811814 0.6190955 0.02236646 0.6080284 0.2315598 0.6946793 0.0144549 0.6303697 0.01811814 0.6190955 0.2315598 0.6946793 0.01138675 0.6418203 0.0144549 0.6303697 0.2315598 0.6946793 0.00892204 0.6534156 0.01138675 0.6418203 0.2315598 0.6946793 0.007067561 0.6651242 0.00892204 0.6534156 0.2315598 0.6946793 0.00582844 0.6769137 0.007067561 0.6651242 0.2315598 0.6946793 0.005208015 0.6887519 0.00582844 0.6769137 0.2315598 0.6946793 0.005208015 0.7006064 0.005208015 0.6887519 0.2315598 0.6946793 0.00582844 0.7124446 0.005208015 0.7006064 0.2315598 0.6946793 0.007067561 0.7242341 0.00582844 0.7124446 0.2315598 0.6946793 0.00892198 0.7359426 0.007067561 0.7242341 0.2315598 0.6946793 0.01138663 0.747538 0.00892198 0.7359426 0.2315598 0.6946793 0.01445478 0.7589885 0.01138663 0.747538 0.2315598 0.6946793 0.01811802 0.7702628 0.01445478 0.7589885 0.2315598 0.6946793 0.02236628 0.7813299 0.01811802 0.7702628 0.2315598 0.6946793 0.02718794 0.7921594 0.02236628 0.7813299 0.2315598 0.6946793 0.03256952 0.8027219 0.02718794 0.7921594 0.2315598 0.6946793 0.03849691 0.8129881 0.03256952 0.8027219 0.2315598 0.6946793 0.0449531 0.8229301 0.03849691 0.8129881 0.2315598 0.6946793 0.05192101 0.8325206 0.0449531 0.8229301 0.2315598 0.6946793 0.0593813 0.8417332 0.05192101 0.8325206 0.2315598 0.6946793 0.06731361 0.8505429 0.0593813 0.8417332 0.2315598 0.6946793 0.07569599 0.8589252 0.06731361 0.8505429 0.2315598 0.6946793 0.08450555 0.8668574 0.07569599 0.8589252 0.2315598 0.6946793 0.09371817 0.8743177 0.08450555 0.8668574 0.2315598 0.6946793 0.1033086 0.8812856 0.09371817 0.8743177 0.2315598 0.6946793 0.1132506 0.8877419 0.1033086 0.8812856 0.2315598 0.6946793 0.1235169 0.8936692 0.1132506 0.8877419 0.2315598 0.6946793 0.1340792 0.899051 0.1235169 0.8936692 0.2315598 0.6946793 0.1449088 0.9038726 0.1340792 0.899051 0.2315598 0.6946793 0.1559759 0.9081209 0.1449088 0.9038726 0.2315598 0.6946793 0.1672502 0.9117842 0.1559759 0.9081209 0.2315598 0.6946793 0.1787007 0.9148523 0.1672502 0.9117842 0.2315598 0.6946793 0.1902961 0.917317 0.1787007 0.9148523 0.2315598 0.6946793 0.2020046 0.9191715 0.1902961 0.917317 0.2315598 0.6946793 0.2137941 0.9204106 0.2020046 0.9191715 0.2315598 0.6946793 0.2256323 0.921031 0.2137941 0.9204106 0.2315598 0.6946793 0.2374868 0.921031 0.2256323 0.921031 0.2315598 0.6946793 0.249325 0.9204106 0.2374868 0.921031 0.2315598 0.6946793 0.2611145 0.9191715 0.249325 0.9204106 0.2315598 0.6946793 0.272823 0.9173171 0.2611145 0.9191715 0.2315598 0.6946793 0.2844185 0.9148524 0.272823 0.9173171 0.2315598 0.6946793 0.295869 0.9117843 0.2844185 0.9148524 0.2315598 0.6946793 0.3290399 0.8990511 0.3182103 0.9038728 0.2315598 0.6946793 0.3182103 0.9038728 0.3071432 0.9081211 0.2315598 0.6946793 0.3071432 0.9081211 0.295869 0.9117843 0.2315598 0.6946793 0.8016548 0.3458456 0.793972 0.3527633 0.6657273 0.2026076 0.793972 0.3527633 0.7859377 0.3592693 0.6657273 0.2026076 0.7859377 0.3592693 0.777574 0.365346 0.6657273 0.2026076 0.777574 0.365346 0.7689036 0.3709765 0.6657273 0.2026076</float_array>
          <technique_common>
            <accessor source="#head1_002-mesh-map-0-array" count="2880" stride="2">
              <param name="S" type="float"/>
              <param name="T" type="float"/>
            </accessor>
          </technique_common>
        </source>
        <vertices id="head1_002-mesh-vertices">
          <input semantic="POSITION" source="#head1_002-mesh-positions"/>
        </vertices>
        <triangles material="head1-material" count="960">
          <input semantic="VERTEX" source="#head1_002-mesh-vertices" offset="0"/>
          <input semantic="NORMAL" source="#head1_002-mesh-normals" offset="1"/>
          <input semantic="TEXCOORD" source="#head1_002-mesh-map-0" offset="2" set="0"/>
          <p>340 0 0 291 0 1 1461 0 2 337 1 3 340 1 4 1461 1 5 254 2 6 337 2 7 1461 2 8 251 3 9 254 3 10 1461 3 11 248 4 12 251 4 13 1461 4 14 245 5 15 248 5 16 1461 5 17 242 6 18 245 6 19 1461 6 20 239 7 21 242 7 22 1461 7 23 236 8 24 239 8 25 1461 8 26 232 9 27 236 9 28 1461 9 29 229 10 30 232 10 31 1461 10 32 175 11 33 229 11 34 1461 11 35 172 12 36 175 12 37 1461 12 38 169 13 39 172 13 40 1461 13 41 166 14 42 169 14 43 1461 14 44 163 15 45 166 15 46 1461 15 47 160 16 48 163 16 49 1461 16 50 40 17 51 160 17 52 1461 17 53 368 18 54 40 18 55 1461 18 56 37 18 57 368 18 58 1461 18 59 34 19 60 37 19 61 1461 19 62 31 20 63 34 20 64 1461 20 65 28 15 66 31 15 67 1461 15 68 104 21 69 28 21 70 1461 21 71 101 22 72 104 22 73 1461 22 74 98 23 75 101 23 76 1461 23 77 356 24 78 98 24 79 1461 24 80 353 10 81 356 10 82 1461 10 83 349 25 84 353 25 85 1461 25 86 362 8 87 349 8 88 1461 8 89 359 7 90 362 7 91 1461 7 92 334 26 93 359 26 94 1461 26 95 331 5 96 334 5 97 1461 5 98 328 4 99 331 4 100 1461 4 101 226 27 102 328 27 103 1461 27 104 223 2 105 226 2 106 1461 2 107 220 28 108 223 28 109 1461 28 110 157 0 111 220 0 112 1461 0 113 154 29 114 157 29 115 1461 29 116 150 30 117 154 30 118 1461 30 119 288 31 120 150 31 121 1461 31 122 285 32 123 288 32 124 1461 32 125 282 33 126 285 33 127 1461 33 128 325 34 129 282 34 130 1461 34 131 322 35 132 325 35 133 1461 35 134 279 36 135 322 36 136 1461 36 137 276 37 138 279 37 139 1461 37 140 272 38 141 276 38 142 1461 38 143 95 39 144 272 39 145 1461 39 146 92 40 147 95 40 148 1461 40 149 88 41 150 92 41 151 1461 41 152 58 42 153 88 42 154 1461 42 155 55 43 156 58 43 157 1461 43 158 52 44 159 55 44 160 1461 44 161 25 45 162 52 45 163 1461 45 164 22 46 165 25 46 166 1461 46 167 217 47 168 22 47 169 1461 47 170 214 48 171 217 48 172 1461 48 173 211 49 174 214 49 175 1461 49 176 208 50 177 211 50 178 1461 50 179 205 51 180 208 51 181 1461 51 182 147 52 183 205 52 184 1461 52 185 144 53 186 147 53 187 1461 53 188 141 54 189 144 54 190 1461 54 191 12 55 192 141 55 193 1461 55 194 9 56 195 12 56 196 1461 56 197 43 57 198 9 57 199 1461 57 200 269 58 201 43 58 202 1461 58 203 202 59 204 269 59 205 1461 59 206 199 60 207 202 60 208 1461 60 209 196 61 210 199 61 211 1461 61 212 82 62 213 196 62 214 1461 62 215 79 63 216 82 63 217 1461 63 218 263 64 219 79 64 220 1461 64 221 138 65 222 263 65 223 1461 65 224 135 66 225 138 66 226 1461 66 227 132 67 228 135 67 229 1461 67 230 85 68 231 132 68 232 1461 68 233 266 69 234 85 69 235 1461 69 236 49 69 237 266 69 238 1461 69 239 46 68 240 49 68 241 1461 68 242 6 70 243 46 70 244 1461 70 245 257 66 246 6 66 247 1461 66 248 76 71 249 257 71 250 1461 71 251 73 72 252 76 72 253 1461 72 254 129 63 255 73 63 256 1461 63 257 319 73 258 129 73 259 1461 73 260 316 61 261 319 61 262 1461 61 263 313 60 264 316 60 265 1461 60 266 310 59 267 313 59 268 1461 59 269 307 58 270 310 58 271 1461 58 272 301 57 273 307 57 274 1461 57 275 298 56 276 301 56 277 1461 56 278 304 74 279 298 74 280 1461 74 281 126 54 282 304 54 283 1461 54 284 123 75 285 126 75 286 1461 75 287 70 52 288 123 52 289 1461 52 290 260 51 291 70 51 292 1461 51 293 193 76 294 260 76 295 1461 76 296 190 77 297 193 77 298 1461 77 299 187 48 300 190 48 301 1461 48 302 184 78 303 187 78 304 1461 78 305 181 79 306 184 79 307 1461 79 308 178 80 309 181 80 310 1461 80 311 120 81 312 178 81 313 1461 81 314 117 82 315 120 82 316 1461 82 317 114 83 318 117 83 319 1461 83 320 18 84 321 114 84 322 1461 84 323 15 85 324 18 85 325 1461 85 326 111 86 327 15 86 328 1461 86 329 107 87 330 111 87 331 1461 87 332 67 88 333 107 88 334 1461 88 335 64 89 336 67 89 337 1461 89 338 61 90 339 64 90 340 1461 90 341 3 91 342 61 91 343 1461 91 344 0 92 345 3 92 346 1461 92 347 367 93 348 370 93 349 38 93 350 367 94 351 38 94 352 372 94 353 373 95 354 39 95 355 35 95 356 373 96 357 35 96 358 375 96 359 376 97 360 36 97 361 32 97 362 376 97 363 32 97 364 378 97 365 379 98 366 33 98 367 29 98 368 379 99 369 29 99 370 381 99 371 382 100 372 30 100 373 105 100 374 382 101 375 105 101 376 384 101 377 385 102 378 106 102 379 102 102 380 385 103 381 102 103 382 387 103 383 388 104 384 103 104 385 99 104 386 388 105 387 99 105 388 390 105 389 391 106 390 100 106 391 357 106 392 391 107 393 357 107 394 393 107 395 394 108 396 358 108 397 354 108 398 394 109 399 354 109 400 396 109 401 398 110 402 355 110 403 351 110 404 397 111 405 350 111 406 400 111 407 401 112 408 352 112 409 363 112 410 401 113 411 363 113 412 403 113 413 404 114 414 364 114 415 360 114 416 404 115 417 360 115 418 406 115 419 407 116 420 361 116 421 335 116 422 407 117 423 335 117 424 409 117 425 410 118 426 336 118 427 332 118 428 410 119 429 332 119 430 412 119 431 413 120 432 333 120 433 329 120 434 413 121 435 329 121 436 415 121 437 416 122 438 330 122 439 227 122 440 416 123 441 227 123 442 418 123 443 419 124 444 228 124 445 224 124 446 419 125 447 224 125 448 421 125 449 422 126 450 225 126 451 221 126 452 422 127 453 221 127 454 424 127 455 425 128 456 222 128 457 158 128 458 425 129 459 158 129 460 427 129 461 428 130 462 159 130 463 155 130 464 428 131 465 155 131 466 430 131 467 432 132 468 156 132 469 152 132 470 431 133 471 151 133 472 434 133 473 435 134 474 153 134 475 289 134 476 435 135 477 289 135 478 437 135 479 438 136 480 290 136 481 286 136 482 438 137 483 286 137 484 440 137 485 441 138 486 287 138 487 283 138 488 441 139 489 283 139 490 443 139 491 444 140 492 284 140 493 326 140 494 444 141 495 326 141 496 446 141 497 447 142 498 327 142 499 323 142 500 447 143 501 323 143 502 449 143 503 450 144 504 324 144 505 280 144 506 450 145 507 280 145 508 452 145 509 453 146 510 281 146 511 277 146 512 453 147 513 277 147 514 455 147 515 457 148 516 278 148 517 274 148 518 456 149 519 273 149 520 459 149 521 460 150 522 275 150 523 96 150 524 460 151 525 96 151 526 462 151 527 463 152 528 97 152 529 94 152 530 463 153 531 94 153 532 467 153 533 465 154 534 93 154 535 90 154 536 466 155 537 91 155 538 470 155 539 469 156 540 89 156 541 60 156 542 469 157 543 60 157 544 473 157 545 472 158 546 59 158 547 57 158 548 472 158 549 57 158 550 476 158 551 475 159 552 56 159 553 54 159 554 475 160 555 54 160 556 479 160 557 478 161 558 53 161 559 27 161 560 478 162 561 27 162 562 482 162 563 481 163 564 26 163 565 24 163 566 481 164 567 24 164 568 485 164 569 484 165 570 23 165 571 219 165 572 484 166 573 219 166 574 488 166 575 487 167 576 218 167 577 216 167 578 487 168 579 216 168 580 491 168 581 490 169 582 215 169 583 213 169 584 490 170 585 213 170 586 494 170 587 493 171 588 212 171 589 210 171 590 493 172 591 210 172 592 497 172 593 496 173 594 209 173 595 207 173 596 496 174 597 207 174 598 500 174 599 499 175 600 206 175 601 149 175 602 499 176 603 149 176 604 503 176 605 502 177 606 148 177 607 146 177 608 502 178 609 146 178 610 506 178 611 505 179 612 145 179 613 143 179 614 505 180 615 143 180 616 509 180 617 508 181 618 142 181 619 14 181 620 508 182 621 14 182 622 512 182 623 511 183 624 13 183 625 11 183 626 511 184 627 11 184 628 515 184 629 514 185 630 10 185 631 45 185 632 514 186 633 45 186 634 518 186 635 517 187 636 44 187 637 271 187 638 517 188 639 271 188 640 521 188 641 520 189 642 270 189 643 204 189 644 520 190 645 204 190 646 524 190 647 523 191 648 203 191 649 201 191 650 523 192 651 201 192 652 527 192 653 526 193 654 200 193 655 198 193 656 526 194 657 198 194 658 530 194 659 529 195 660 197 195 661 84 195 662 529 196 663 84 196 664 533 196 665 532 197 666 83 197 667 81 197 668 532 198 669 81 198 670 536 198 671 535 199 672 80 199 673 265 199 674 535 200 675 265 200 676 539 200 677 538 201 678 264 201 679 140 201 680 538 202 681 140 202 682 542 202 683 541 203 684 139 203 685 137 203 686 541 204 687 137 204 688 545 204 689 544 205 690 136 205 691 134 205 692 544 206 693 134 206 694 548 206 695 547 207 696 133 207 697 87 207 698 547 208 699 87 208 700 551 208 701 550 209 702 86 209 703 268 209 704 550 210 705 268 210 706 554 210 707 553 211 708 267 211 709 50 211 710 553 212 711 50 212 712 556 212 713 557 213 714 51 213 715 47 213 716 557 214 717 47 214 718 559 214 719 560 215 720 48 215 721 7 215 722 560 216 723 7 216 724 562 216 725 563 217 726 8 217 727 258 217 728 563 218 729 258 218 730 565 218 731 566 219 732 259 219 733 77 219 734 566 220 735 77 220 736 568 220 737 569 221 738 78 221 739 74 221 740 569 222 741 74 222 742 571 222 743 572 223 744 75 223 745 130 223 746 572 224 747 130 224 748 574 224 749 575 225 750 131 225 751 320 225 752 575 226 753 320 226 754 577 226 755 578 227 756 321 227 757 317 227 758 578 228 759 317 228 760 580 228 761 581 229 762 318 229 763 314 229 764 581 230 765 314 230 766 583 230 767 584 231 768 315 231 769 311 231 770 584 232 771 311 232 772 586 232 773 587 233 774 312 233 775 308 233 776 587 234 777 308 234 778 589 234 779 590 235 780 309 235 781 302 235 782 590 236 783 302 236 784 592 236 785 593 237 786 303 237 787 299 237 788 593 238 789 299 238 790 595 238 791 596 239 792 300 239 793 305 239 794 596 240 795 305 240 796 598 240 797 599 241 798 306 241 799 127 241 800 599 242 801 127 242 802 601 242 803 602 243 804 128 243 805 124 243 806 602 244 807 124 244 808 604 244 809 605 245 810 125 245 811 71 245 812 605 246 813 71 246 814 607 246 815 608 247 816 72 247 817 261 247 818 608 248 819 261 248 820 610 248 821 611 249 822 262 249 823 194 249 824 611 250 825 194 250 826 613 250 827 614 251 828 195 251 829 191 251 830 614 252 831 191 252 832 616 252 833 617 253 834 192 253 835 188 253 836 617 254 837 188 254 838 619 254 839 620 255 840 189 255 841 185 255 842 620 256 843 185 256 844 622 256 845 623 257 846 186 257 847 182 257 848 623 258 849 182 258 850 625 258 851 626 259 852 183 259 853 179 259 854 626 260 855 179 260 856 628 260 857 629 261 858 180 261 859 121 261 860 629 262 861 121 262 862 631 262 863 632 263 864 122 263 865 118 263 866 632 263 867 118 263 868 634 263 869 635 264 870 119 264 871 115 264 872 635 265 873 115 265 874 637 265 875 639 266 876 116 266 877 20 266 878 638 267 879 19 267 880 641 267 881 642 268 882 21 268 883 17 268 884 642 269 885 17 269 886 645 269 887 644 270 888 16 270 889 113 270 890 644 271 891 113 271 892 649 271 893 647 272 894 112 272 895 109 272 896 648 273 897 110 273 898 652 273 899 651 274 900 108 274 901 69 274 902 651 275 903 69 275 904 655 275 905 654 276 906 68 276 907 66 276 908 654 277 909 66 277 910 658 277 911 657 278 912 65 278 913 63 278 914 657 279 915 63 279 916 661 279 917 660 280 918 62 280 919 5 280 920 660 281 921 5 281 922 664 281 923 663 282 924 4 282 925 2 282 926 663 283 927 2 283 928 667 283 929 666 284 930 1 284 931 348 284 932 666 285 933 348 285 934 670 285 935 669 286 936 347 286 937 345 286 938 669 287 939 345 287 940 674 287 941 672 288 942 344 288 943 296 288 944 673 289 945 297 289 946 677 289 947 676 290 948 295 290 949 293 290 950 676 291 951 293 291 952 680 291 953 679 292 954 292 292 955 342 292 956 679 293 957 342 293 958 683 293 959 682 294 960 341 294 961 339 294 962 682 295 963 339 295 964 686 295 965 685 296 966 338 296 967 256 296 968 685 297 969 256 297 970 689 297 971 688 298 972 255 298 973 253 298 974 688 299 975 253 299 976 692 299 977 691 300 978 252 300 979 250 300 980 691 301 981 250 301 982 695 301 983 694 302 984 249 302 985 247 302 986 694 303 987 247 303 988 698 303 989 697 304 990 246 304 991 244 304 992 697 305 993 244 305 994 701 305 995 700 306 996 243 306 997 241 306 998 700 307 999 241 307 1000 704 307 1001 703 308 1002 240 308 1003 238 308 1004 703 309 1005 238 309 1006 708 309 1007 706 310 1008 237 310 1009 234 310 1010 707 311 1011 235 311 1012 711 311 1013 710 312 1014 233 312 1015 231 312 1016 710 313 1017 231 313 1018 714 313 1019 713 314 1020 230 314 1021 177 314 1022 713 315 1023 177 315 1024 717 315 1025 716 316 1026 176 316 1027 174 316 1028 716 317 1029 174 317 1030 720 317 1031 719 318 1032 173 318 1033 171 318 1034 719 319 1035 171 319 1036 723 319 1037 722 320 1038 170 320 1039 168 320 1040 722 321 1041 168 321 1042 726 321 1043 725 322 1044 167 322 1045 165 322 1046 725 323 1047 165 323 1048 729 323 1049 728 324 1050 164 324 1051 162 324 1052 728 324 1053 162 324 1054 732 324 1055 731 325 1056 161 325 1057 42 325 1058 731 326 1059 42 326 1060 735 326 1061 734 327 1062 41 327 1063 369 327 1064 734 328 1065 369 328 1066 366 328 1067 588 329 1068 736 329 1069 585 329 1070 585 330 1071 736 330 1072 739 330 1073 585 331 1074 739 331 1075 582 331 1076 582 332 1077 739 332 1078 742 332 1079 582 333 1080 742 333 1081 579 333 1082 579 334 1083 742 334 1084 745 334 1085 579 335 1086 745 335 1087 576 335 1088 576 336 1089 745 336 1090 748 336 1091 576 337 1092 748 337 1093 573 337 1094 573 338 1095 748 338 1096 751 338 1097 573 339 1098 751 339 1099 570 339 1100 570 340 1101 751 340 1102 754 340 1103 570 341 1104 754 341 1105 567 341 1106 567 342 1107 754 342 1108 757 342 1109 567 343 1110 757 343 1111 564 343 1112 564 344 1113 757 344 1114 760 344 1115 564 343 1116 760 343 1117 561 343 1118 561 345 1119 760 345 1120 763 345 1121 561 343 1122 763 343 1123 558 343 1124 558 346 1125 763 346 1126 766 346 1127 558 343 1128 766 343 1129 555 343 1130 555 347 1131 766 347 1132 769 347 1133 555 348 1134 769 348 1135 552 348 1136 552 349 1137 769 349 1138 772 349 1139 552 343 1140 772 343 1141 549 343 1142 549 350 1143 772 350 1144 775 350 1145 549 343 1146 775 343 1147 546 343 1148 546 351 1149 775 351 1150 778 351 1151 546 343 1152 778 343 1153 543 343 1154 543 352 1155 778 352 1156 781 352 1157 543 343 1158 781 343 1159 540 343 1160 540 353 1161 781 353 1162 784 353 1163 540 343 1164 784 343 1165 537 343 1166 537 354 1167 784 354 1168 787 354 1169 537 355 1170 787 355 1171 534 355 1172 534 356 1173 787 356 1174 790 356 1175 534 357 1176 790 357 1177 531 357 1178 531 358 1179 790 358 1180 793 358 1181 531 359 1182 793 359 1183 528 359 1184 528 360 1185 793 360 1186 796 360 1187 528 361 1188 796 361 1189 525 361 1190 525 362 1191 796 362 1192 799 362 1193 525 363 1194 799 363 1195 522 363 1196 522 364 1197 799 364 1198 802 364 1199 522 365 1200 802 365 1201 519 365 1202 519 366 1203 802 366 1204 805 366 1205 519 367 1206 805 367 1207 516 367 1208 516 368 1209 805 368 1210 808 368 1211 516 369 1212 808 369 1213 513 369 1214 513 370 1215 808 370 1216 811 370 1217 513 371 1218 811 371 1219 510 371 1220 510 372 1221 811 372 1222 814 372 1223 510 343 1224 814 343 1225 507 343 1226 507 373 1227 814 373 1228 817 373 1229 507 343 1230 817 343 1231 504 343 1232 504 343 1233 817 343 1234 820 343 1235 504 374 1236 820 374 1237 501 374 1238 501 343 1239 820 343 1240 823 343 1241 501 343 1242 823 343 1243 498 343 1244 498 375 1245 823 375 1246 826 375 1247 498 343 1248 826 343 1249 495 343 1250 495 376 1251 826 376 1252 829 376 1253 495 343 1254 829 343 1255 492 343 1256 492 343 1257 829 343 1258 832 343 1259 492 343 1260 832 343 1261 489 343 1262 489 377 1263 832 377 1264 835 377 1265 489 343 1266 835 343 1267 486 343 1268 486 378 1269 835 378 1270 838 378 1271 486 343 1272 838 343 1273 483 343 1274 483 343 1275 838 343 1276 841 343 1277 483 379 1278 841 379 1279 480 379 1280 480 380 1281 841 380 1282 844 380 1283 480 381 1284 844 381 1285 477 381 1286 477 382 1287 844 382 1288 847 382 1289 477 383 1290 847 383 1291 474 383 1292 474 384 1293 847 384 1294 850 384 1295 474 343 1296 850 343 1297 471 343 1298 471 343 1299 850 343 1300 853 343 1301 471 385 1302 853 385 1303 468 385 1304 468 386 1305 853 386 1306 856 386 1307 468 343 1308 856 343 1309 464 343 1310 464 343 1311 856 343 1312 859 343 1313 464 387 1314 859 387 1315 461 387 1316 461 388 1317 859 388 1318 1095 388 1319 461 343 1320 1095 343 1321 458 343 1322 458 343 1323 1095 343 1324 862 343 1325 458 389 1326 862 389 1327 454 389 1328 454 343 1329 862 343 1330 866 343 1331 454 343 1332 866 343 1333 451 343 1334 451 343 1335 866 343 1336 869 343 1337 451 343 1338 869 343 1339 448 343 1340 448 390 1341 869 390 1342 872 390 1343 448 343 1344 872 343 1345 445 343 1346 445 343 1347 872 343 1348 875 343 1349 445 391 1350 875 391 1351 442 391 1352 442 392 1353 875 392 1354 878 392 1355 442 393 1356 878 393 1357 439 393 1358 439 343 1359 878 343 1360 881 343 1361 439 394 1362 881 394 1363 436 394 1364 436 343 1365 881 343 1366 884 343 1367 436 343 1368 884 343 1369 433 343 1370 433 395 1371 884 395 1372 887 395 1373 433 343 1374 887 343 1375 429 343 1376 429 343 1377 887 343 1378 890 343 1379 429 343 1380 890 343 1381 426 343 1382 426 343 1383 890 343 1384 893 343 1385 426 343 1386 893 343 1387 423 343 1388 423 396 1389 893 396 1390 896 396 1391 423 343 1392 896 343 1393 420 343 1394 420 397 1395 896 397 1396 899 397 1397 420 343 1398 899 343 1399 417 343 1400 417 343 1401 899 343 1402 902 343 1403 417 343 1404 902 343 1405 414 343 1406 414 343 1407 902 343 1408 905 343 1409 414 343 1410 905 343 1411 411 343 1412 411 343 1413 905 343 1414 908 343 1415 411 343 1416 908 343 1417 408 343 1418 408 398 1419 908 398 1420 911 398 1421 408 399 1422 911 399 1423 405 399 1424 405 400 1425 911 400 1426 914 400 1427 405 401 1428 914 401 1429 402 401 1430 402 402 1431 914 402 1432 917 402 1433 402 403 1434 917 403 1435 399 403 1436 399 404 1437 917 404 1438 920 404 1439 399 405 1440 920 405 1441 395 405 1442 395 343 1443 920 343 1444 923 343 1445 395 343 1446 923 343 1447 392 343 1448 392 406 1449 923 406 1450 926 406 1451 392 343 1452 926 343 1453 389 343 1454 389 407 1455 926 407 1456 929 407 1457 389 343 1458 929 343 1459 386 343 1460 386 408 1461 929 408 1462 932 408 1463 386 343 1464 932 343 1465 383 343 1466 383 342 1467 932 342 1468 935 342 1469 383 343 1470 935 343 1471 380 343 1472 380 344 1473 935 344 1474 938 344 1475 380 343 1476 938 343 1477 377 343 1478 377 409 1479 938 409 1480 941 409 1481 377 410 1482 941 410 1483 374 410 1484 374 411 1485 941 411 1486 944 411 1487 374 343 1488 944 343 1489 371 343 1490 371 412 1491 944 412 1492 947 412 1493 371 343 1494 947 343 1495 365 343 1496 365 413 1497 947 413 1498 950 413 1499 365 343 1500 950 343 1501 733 343 1502 733 414 1503 950 414 1504 953 414 1505 733 415 1506 953 415 1507 730 415 1508 730 416 1509 953 416 1510 956 416 1511 730 343 1512 956 343 1513 727 343 1514 727 417 1515 956 417 1516 959 417 1517 727 343 1518 959 343 1519 724 343 1520 724 418 1521 959 418 1522 962 418 1523 724 343 1524 962 343 1525 721 343 1526 721 354 1527 962 354 1528 965 354 1529 721 343 1530 965 343 1531 718 343 1532 718 419 1533 965 419 1534 968 419 1535 718 343 1536 968 343 1537 715 343 1538 715 420 1539 968 420 1540 971 420 1541 715 343 1542 971 343 1543 712 343 1544 712 421 1545 971 421 1546 974 421 1547 712 422 1548 974 422 1549 709 422 1550 709 423 1551 974 423 1552 977 423 1553 709 424 1554 977 424 1555 705 424 1556 705 425 1557 977 425 1558 980 425 1559 705 426 1560 980 426 1561 702 426 1562 702 427 1563 980 427 1564 983 427 1565 702 428 1566 983 428 1567 699 428 1568 699 429 1569 983 429 1570 986 429 1571 699 430 1572 986 430 1573 696 430 1574 696 431 1575 986 431 1576 989 431 1577 696 432 1578 989 432 1579 693 432 1580 693 433 1581 989 433 1582 992 433 1583 693 343 1584 992 343 1585 690 343 1586 690 343 1587 992 343 1588 995 343 1589 690 343 1590 995 343 1591 687 343 1592 687 343 1593 995 343 1594 998 343 1595 687 374 1596 998 374 1597 684 374 1598 684 434 1599 998 434 1600 1001 434 1601 684 435 1602 1001 435 1603 681 435 1604 681 436 1605 1001 436 1606 1004 436 1607 681 343 1608 1004 343 1609 678 343 1610 678 437 1611 1004 437 1612 1007 437 1613 678 438 1614 1007 438 1615 675 438 1616 675 439 1617 1007 439 1618 1010 439 1619 675 343 1620 1010 343 1621 671 343 1622 671 343 1623 1010 343 1624 1013 343 1625 671 343 1626 1013 343 1627 668 343 1628 668 378 1629 1013 378 1630 1016 378 1631 668 343 1632 1016 343 1633 665 343 1634 665 440 1635 1016 440 1636 1019 440 1637 665 379 1638 1019 379 1639 662 379 1640 662 380 1641 1019 380 1642 1022 380 1643 662 441 1644 1022 441 1645 659 441 1646 659 442 1647 1022 442 1648 1025 442 1649 659 343 1650 1025 343 1651 656 343 1652 656 443 1653 1025 443 1654 1028 443 1655 656 343 1656 1028 343 1657 653 343 1658 653 343 1659 1028 343 1660 1031 343 1661 653 343 1662 1031 343 1663 650 343 1664 650 343 1665 1031 343 1666 1034 343 1667 650 343 1668 1034 343 1669 646 343 1670 646 444 1671 1034 444 1672 1038 444 1673 646 343 1674 1038 343 1675 643 343 1676 643 343 1677 1038 343 1678 1041 343 1679 643 445 1680 1041 445 1681 640 445 1682 640 446 1683 1041 446 1684 1044 446 1685 640 343 1686 1044 343 1687 636 343 1688 636 343 1689 1044 343 1690 1047 343 1691 636 447 1692 1047 447 1693 633 447 1694 633 448 1695 1047 448 1696 1050 448 1697 633 449 1698 1050 449 1699 630 449 1700 630 343 1701 1050 343 1702 1053 343 1703 630 450 1704 1053 450 1705 627 450 1706 627 451 1707 1053 451 1708 1056 451 1709 627 391 1710 1056 391 1711 624 391 1712 624 392 1713 1056 392 1714 1059 392 1715 624 452 1716 1059 452 1717 621 452 1718 621 453 1719 1059 453 1720 1062 453 1721 621 454 1722 1062 454 1723 618 454 1724 618 343 1725 1062 343 1726 1065 343 1727 618 455 1728 1065 455 1729 615 455 1730 615 395 1731 1065 395 1732 1068 395 1733 615 456 1734 1068 456 1735 612 456 1736 612 343 1737 1068 343 1738 1071 343 1739 612 457 1740 1071 457 1741 609 457 1742 609 343 1743 1071 343 1744 1074 343 1745 609 343 1746 1074 343 1747 606 343 1748 606 458 1749 1074 458 1750 1077 458 1751 606 459 1752 1077 459 1753 603 459 1754 603 343 1755 1077 343 1756 1080 343 1757 603 460 1758 1080 460 1759 600 460 1760 600 343 1761 1080 343 1762 1083 343 1763 600 343 1764 1083 343 1765 597 343 1766 597 461 1767 1083 461 1768 1086 461 1769 597 462 1770 1086 462 1771 594 462 1772 594 463 1773 1086 463 1774 1089 463 1775 594 343 1776 1089 343 1777 591 343 1778 591 464 1779 1089 464 1780 1092 464 1781 591 465 1782 1092 465 1783 588 465 1784 588 466 1785 1092 466 1786 736 466 1787 1096 467 1788 1099 467 1789 1103 467 1790 1096 468 1791 1103 468 1792 865 468 1793 864 469 1794 1102 469 1795 1107 469 1796 863 470 1797 1106 470 1798 868 470 1799 867 471 1800 1105 471 1801 1110 471 1802 867 472 1803 1110 472 1804 871 472 1805 870 473 1806 1109 473 1807 1113 473 1808 870 474 1809 1113 474 1810 874 474 1811 873 475 1812 1112 475 1813 1116 475 1814 873 476 1815 1116 476 1816 877 476 1817 876 477 1818 1115 477 1819 1119 477 1820 876 478 1821 1119 478 1822 880 478 1823 879 479 1824 1118 479 1825 1122 479 1826 879 480 1827 1122 480 1828 883 480 1829 882 481 1830 1121 481 1831 1125 481 1832 882 481 1833 1125 481 1834 886 481 1835 885 482 1836 1124 482 1837 1128 482 1838 885 482 1839 1128 482 1840 889 482 1841 888 483 1842 1127 483 1843 1131 483 1844 888 484 1845 1131 484 1846 892 484 1847 891 485 1848 1130 485 1849 1134 485 1850 891 486 1851 1134 486 1852 895 486 1853 894 487 1854 1133 487 1855 1137 487 1856 894 488 1857 1137 488 1858 898 488 1859 897 489 1860 1136 489 1861 1140 489 1862 897 490 1863 1140 490 1864 901 490 1865 900 491 1866 1139 491 1867 1143 491 1868 900 491 1869 1143 491 1870 904 491 1871 903 492 1872 1142 492 1873 1146 492 1874 903 493 1875 1146 493 1876 907 493 1877 906 494 1878 1145 494 1879 1149 494 1880 906 495 1881 1149 495 1882 910 495 1883 909 496 1884 1148 496 1885 1152 496 1886 909 497 1887 1152 497 1888 913 497 1889 912 498 1890 1151 498 1891 1155 498 1892 912 498 1893 1155 498 1894 916 498 1895 915 499 1896 1154 499 1897 1158 499 1898 915 500 1899 1158 500 1900 919 500 1901 918 501 1902 1157 501 1903 1161 501 1904 918 502 1905 1161 502 1906 922 502 1907 921 503 1908 1160 503 1909 1164 503 1910 921 503 1911 1164 503 1912 925 503 1913 924 504 1914 1163 504 1915 1167 504 1916 924 504 1917 1167 504 1918 928 504 1919 927 505 1920 1166 505 1921 1170 505 1922 927 505 1923 1170 505 1924 931 505 1925 930 506 1926 1169 506 1927 1173 506 1928 930 507 1929 1173 507 1930 934 507 1931 933 508 1932 1172 508 1933 1176 508 1934 933 509 1935 1176 509 1936 937 509 1937 936 510 1938 1175 510 1939 1179 510 1940 936 511 1941 1179 511 1942 940 511 1943 939 512 1944 1178 512 1945 1182 512 1946 939 513 1947 1182 513 1948 943 513 1949 942 514 1950 1181 514 1951 1185 514 1952 942 515 1953 1185 515 1954 946 515 1955 945 516 1956 1184 516 1957 1188 516 1958 945 517 1959 1188 517 1960 949 517 1961 948 518 1962 1187 518 1963 1191 518 1964 948 518 1965 1191 518 1966 952 518 1967 951 519 1968 1190 519 1969 1193 519 1970 951 519 1971 1193 519 1972 954 519 1973 955 520 1974 1194 520 1975 1196 520 1976 955 521 1977 1196 521 1978 957 521 1979 958 522 1980 1197 522 1981 1199 522 1982 958 523 1983 1199 523 1984 960 523 1985 961 524 1986 1200 524 1987 1202 524 1988 961 525 1989 1202 525 1990 963 525 1991 964 526 1992 1203 526 1993 1205 526 1994 964 527 1995 1205 527 1996 966 527 1997 967 528 1998 1206 528 1999 1208 528 2000 967 529 2001 1208 529 2002 969 529 2003 970 530 2004 1209 530 2005 1211 530 2006 970 531 2007 1211 531 2008 972 531 2009 973 532 2010 1212 532 2011 1214 532 2012 973 532 2013 1214 532 2014 975 532 2015 976 533 2016 1215 533 2017 1217 533 2018 976 533 2019 1217 533 2020 978 533 2021 979 534 2022 1218 534 2023 1220 534 2024 979 534 2025 1220 534 2026 981 534 2027 982 535 2028 1221 535 2029 1223 535 2030 982 536 2031 1223 536 2032 984 536 2033 985 537 2034 1224 537 2035 1226 537 2036 985 538 2037 1226 538 2038 987 538 2039 988 539 2040 1227 539 2041 1229 539 2042 988 539 2043 1229 539 2044 990 539 2045 991 540 2046 1230 540 2047 1232 540 2048 991 541 2049 1232 541 2050 993 541 2051 994 542 2052 1233 542 2053 1235 542 2054 994 543 2055 1235 543 2056 996 543 2057 997 544 2058 1236 544 2059 1238 544 2060 997 545 2061 1238 545 2062 999 545 2063 1000 546 2064 1239 546 2065 1241 546 2066 1000 546 2067 1241 546 2068 1002 546 2069 1003 547 2070 1242 547 2071 1244 547 2072 1003 548 2073 1244 548 2074 1005 548 2075 1006 549 2076 1245 549 2077 1247 549 2078 1006 550 2079 1247 550 2080 1008 550 2081 1009 551 2082 1248 551 2083 1250 551 2084 1009 552 2085 1250 552 2086 1011 552 2087 1012 553 2088 1251 553 2089 1253 553 2090 1012 554 2091 1253 554 2092 1014 554 2093 1015 555 2094 1254 555 2095 1256 555 2096 1015 555 2097 1256 555 2098 1017 555 2099 1018 556 2100 1257 556 2101 1259 556 2102 1018 556 2103 1259 556 2104 1020 556 2105 1021 557 2106 1260 557 2107 1262 557 2108 1021 558 2109 1262 558 2110 1023 558 2111 1024 559 2112 1263 559 2113 1265 559 2114 1024 560 2115 1265 560 2116 1026 560 2117 1027 561 2118 1266 561 2119 1268 561 2120 1027 562 2121 1268 562 2122 1029 562 2123 1030 563 2124 1269 563 2125 1271 563 2126 1030 564 2127 1271 564 2128 1032 564 2129 1033 565 2130 1272 565 2131 1274 565 2132 1033 566 2133 1274 566 2134 1035 566 2135 1036 567 2136 1275 567 2137 1277 567 2138 1037 568 2139 1278 568 2140 1039 568 2141 1040 569 2142 1279 569 2143 1281 569 2144 1040 570 2145 1281 570 2146 1042 570 2147 1043 571 2148 1282 571 2149 1285 571 2150 1043 572 2151 1285 572 2152 1046 572 2153 1045 573 2154 1284 573 2155 1288 573 2156 1045 574 2157 1288 574 2158 1049 574 2159 1048 575 2160 1287 575 2161 1291 575 2162 1048 576 2163 1291 576 2164 1052 576 2165 1051 577 2166 1290 577 2167 1294 577 2168 1051 578 2169 1294 578 2170 1055 578 2171 1054 579 2172 1293 579 2173 1297 579 2174 1054 580 2175 1297 580 2176 1058 580 2177 1057 581 2178 1296 581 2179 1300 581 2180 1057 582 2181 1300 582 2182 1061 582 2183 1060 583 2184 1299 583 2185 1303 583 2186 1060 583 2187 1303 583 2188 1064 583 2189 1063 584 2190 1302 584 2191 1306 584 2192 1063 585 2193 1306 585 2194 1067 585 2195 1066 586 2196 1305 586 2197 1309 586 2198 1066 586 2199 1309 586 2200 1070 586 2201 1069 587 2202 1308 587 2203 1312 587 2204 1069 588 2205 1312 588 2206 1073 588 2207 1072 589 2208 1311 589 2209 1315 589 2210 1072 590 2211 1315 590 2212 1076 590 2213 1075 591 2214 1314 591 2215 1318 591 2216 1075 592 2217 1318 592 2218 1079 592 2219 1078 593 2220 1317 593 2221 1321 593 2222 1078 594 2223 1321 594 2224 1082 594 2225 1081 595 2226 1320 595 2227 1324 595 2228 1081 596 2229 1324 596 2230 1085 596 2231 1084 597 2232 1323 597 2233 1327 597 2234 1084 598 2235 1327 598 2236 1088 598 2237 1087 599 2238 1326 599 2239 1330 599 2240 1087 600 2241 1330 600 2242 1091 600 2243 1090 601 2244 1329 601 2245 1333 601 2246 1090 602 2247 1333 602 2248 1094 602 2249 1093 603 2250 1332 603 2251 1336 603 2252 1093 604 2253 1336 604 2254 738 604 2255 737 605 2256 1335 605 2257 1339 605 2258 737 606 2259 1339 606 2260 741 606 2261 740 607 2262 1338 607 2263 1342 607 2264 740 608 2265 1342 608 2266 744 608 2267 743 609 2268 1341 609 2269 1345 609 2270 743 610 2271 1345 610 2272 747 610 2273 746 611 2274 1344 611 2275 1348 611 2276 746 612 2277 1348 612 2278 750 612 2279 749 613 2280 1347 613 2281 1351 613 2282 749 614 2283 1351 614 2284 753 614 2285 752 615 2286 1350 615 2287 1354 615 2288 752 616 2289 1354 616 2290 756 616 2291 755 617 2292 1353 617 2293 1357 617 2294 755 618 2295 1357 618 2296 759 618 2297 758 619 2298 1356 619 2299 1360 619 2300 758 620 2301 1360 620 2302 762 620 2303 761 621 2304 1359 621 2305 1363 621 2306 761 622 2307 1363 622 2308 765 622 2309 764 623 2310 1362 623 2311 1366 623 2312 764 624 2313 1366 624 2314 768 624 2315 767 625 2316 1365 625 2317 1369 625 2318 767 625 2319 1369 625 2320 771 625 2321 770 626 2322 1368 626 2323 1371 626 2324 770 626 2325 1371 626 2326 773 626 2327 774 627 2328 1372 627 2329 1374 627 2330 774 627 2331 1374 627 2332 776 627 2333 777 628 2334 1375 628 2335 1377 628 2336 777 628 2337 1377 628 2338 779 628 2339 780 629 2340 1378 629 2341 1380 629 2342 780 630 2343 1380 630 2344 782 630 2345 783 631 2346 1381 631 2347 1383 631 2348 783 632 2349 1383 632 2350 785 632 2351 786 633 2352 1384 633 2353 1386 633 2354 786 634 2355 1386 634 2356 788 634 2357 789 635 2358 1387 635 2359 1389 635 2360 789 636 2361 1389 636 2362 791 636 2363 792 637 2364 1390 637 2365 1392 637 2366 792 638 2367 1392 638 2368 794 638 2369 795 639 2370 1393 639 2371 1395 639 2372 795 640 2373 1395 640 2374 797 640 2375 798 641 2376 1396 641 2377 1398 641 2378 798 642 2379 1398 642 2380 800 642 2381 801 643 2382 1399 643 2383 1401 643 2384 801 644 2385 1401 644 2386 803 644 2387 804 645 2388 1402 645 2389 1404 645 2390 804 646 2391 1404 646 2392 806 646 2393 807 647 2394 1405 647 2395 1407 647 2396 807 648 2397 1407 648 2398 809 648 2399 810 649 2400 1408 649 2401 1410 649 2402 810 650 2403 1410 650 2404 812 650 2405 813 651 2406 1411 651 2407 1413 651 2408 813 652 2409 1413 652 2410 815 652 2411 816 653 2412 1414 653 2413 1416 653 2414 816 654 2415 1416 654 2416 818 654 2417 819 655 2418 1417 655 2419 1419 655 2420 819 656 2421 1419 656 2422 821 656 2423 822 657 2424 1420 657 2425 1422 657 2426 822 658 2427 1422 658 2428 824 658 2429 825 659 2430 1423 659 2431 1425 659 2432 825 660 2433 1425 660 2434 827 660 2435 828 661 2436 1426 661 2437 1428 661 2438 828 662 2439 1428 662 2440 830 662 2441 831 663 2442 1429 663 2443 1431 663 2444 831 664 2445 1431 664 2446 833 664 2447 834 665 2448 1432 665 2449 1434 665 2450 834 666 2451 1434 666 2452 836 666 2453 837 667 2454 1435 667 2455 1437 667 2456 837 667 2457 1437 667 2458 839 667 2459 840 668 2460 1438 668 2461 1440 668 2462 840 669 2463 1440 669 2464 842 669 2465 843 670 2466 1441 670 2467 1443 670 2468 843 670 2469 1443 670 2470 845 670 2471 846 671 2472 1444 671 2473 1446 671 2474 846 672 2475 1446 672 2476 848 672 2477 849 673 2478 1447 673 2479 1449 673 2480 849 674 2481 1449 674 2482 851 674 2483 852 675 2484 1450 675 2485 1452 675 2486 852 676 2487 1452 676 2488 854 676 2489 855 677 2490 1453 677 2491 1455 677 2492 855 678 2493 1455 678 2494 857 678 2495 858 679 2496 1456 679 2497 1458 679 2498 858 680 2499 1458 680 2500 860 680 2501 861 681 2502 1459 681 2503 1100 681 2504 861 682 2505 1100 682 2506 1097 682 2507 1114 683 2508 1111 683 2509 1460 683 2510 1117 683 2511 1114 683 2512 1460 683 2513 1120 683 2514 1117 683 2515 1460 683 2516 1123 683 2517 1120 683 2518 1460 683 2519 1126 683 2520 1123 683 2521 1460 683 2522 1129 683 2523 1126 683 2524 1460 683 2525 1132 683 2526 1129 683 2527 1460 683 2528 1135 683 2529 1132 683 2530 1460 683 2531 1138 683 2532 1135 683 2533 1460 683 2534 1141 683 2535 1138 683 2536 1460 683 2537 1144 683 2538 1141 683 2539 1460 683 2540 1147 683 2541 1144 683 2542 1460 683 2543 1150 683 2544 1147 683 2545 1460 683 2546 1153 683 2547 1150 683 2548 1460 683 2549 1156 683 2550 1153 683 2551 1460 683 2552 1159 683 2553 1156 683 2554 1460 683 2555 1162 683 2556 1159 683 2557 1460 683 2558 1165 683 2559 1162 683 2560 1460 683 2561 1168 683 2562 1165 683 2563 1460 683 2564 1171 683 2565 1168 683 2566 1460 683 2567 1174 683 2568 1171 683 2569 1460 683 2570 1177 683 2571 1174 683 2572 1460 683 2573 1180 683 2574 1177 683 2575 1460 683 2576 1183 683 2577 1180 683 2578 1460 683 2579 1186 683 2580 1183 683 2581 1460 683 2582 1189 683 2583 1186 683 2584 1460 683 2585 1192 683 2586 1189 683 2587 1460 683 2588 1195 683 2589 1192 683 2590 1460 683 2591 1198 683 2592 1195 683 2593 1460 683 2594 1201 683 2595 1198 683 2596 1460 683 2597 1204 683 2598 1201 683 2599 1460 683 2600 1207 683 2601 1204 683 2602 1460 683 2603 1210 683 2604 1207 683 2605 1460 683 2606 1213 683 2607 1210 683 2608 1460 683 2609 1216 683 2610 1213 683 2611 1460 683 2612 1219 683 2613 1216 683 2614 1460 683 2615 1222 683 2616 1219 683 2617 1460 683 2618 1225 683 2619 1222 683 2620 1460 683 2621 1228 683 2622 1225 683 2623 1460 683 2624 1231 683 2625 1228 683 2626 1460 683 2627 1234 683 2628 1231 683 2629 1460 683 2630 1237 683 2631 1234 683 2632 1460 683 2633 1240 683 2634 1237 683 2635 1460 683 2636 1243 683 2637 1240 683 2638 1460 683 2639 1246 683 2640 1243 683 2641 1460 683 2642 1249 683 2643 1246 683 2644 1460 683 2645 1252 683 2646 1249 683 2647 1460 683 2648 1255 683 2649 1252 683 2650 1460 683 2651 1258 683 2652 1255 683 2653 1460 683 2654 1261 683 2655 1258 683 2656 1460 683 2657 1264 683 2658 1261 683 2659 1460 683 2660 1267 683 2661 1264 683 2662 1460 683 2663 1270 683 2664 1267 683 2665 1460 683 2666 1273 683 2667 1270 683 2668 1460 683 2669 1276 683 2670 1273 683 2671 1460 683 2672 1280 683 2673 1276 683 2674 1460 683 2675 1283 683 2676 1280 683 2677 1460 683 2678 1286 683 2679 1283 683 2680 1460 683 2681 1289 683 2682 1286 683 2683 1460 683 2684 1292 683 2685 1289 683 2686 1460 683 2687 1295 683 2688 1292 683 2689 1460 683 2690 1298 683 2691 1295 683 2692 1460 683 2693 1301 683 2694 1298 683 2695 1460 683 2696 1304 683 2697 1301 683 2698 1460 683 2699 1307 683 2700 1304 683 2701 1460 683 2702 1310 683 2703 1307 683 2704 1460 683 2705 1313 683 2706 1310 683 2707 1460 683 2708 1316 683 2709 1313 683 2710 1460 683 2711 1319 683 2712 1316 683 2713 1460 683 2714 1322 683 2715 1319 683 2716 1460 683 2717 1325 683 2718 1322 683 2719 1460 683 2720 1328 683 2721 1325 683 2722 1460 683 2723 1331 683 2724 1328 683 2725 1460 683 2726 1334 683 2727 1331 683 2728 1460 683 2729 1337 683 2730 1334 683 2731 1460 683 2732 1340 683 2733 1337 683 2734 1460 683 2735 1343 683 2736 1340 683 2737 1460 683 2738 1346 683 2739 1343 683 2740 1460 683 2741 1349 683 2742 1346 683 2743 1460 683 2744 1352 683 2745 1349 683 2746 1460 683 2747 1355 683 2748 1352 683 2749 1460 683 2750 1358 683 2751 1355 683 2752 1460 683 2753 1361 683 2754 1358 683 2755 1460 683 2756 1364 683 2757 1361 683 2758 1460 683 2759 1367 683 2760 1364 683 2761 1460 683 2762 1370 683 2763 1367 683 2764 1460 683 2765 1373 683 2766 1370 683 2767 1460 683 2768 1376 683 2769 1373 683 2770 1460 683 2771 1379 683 2772 1376 683 2773 1460 683 2774 1382 683 2775 1379 683 2776 1460 683 2777 1385 683 2778 1382 683 2779 1460 683 2780 1388 683 2781 1385 683 2782 1460 683 2783 1391 683 2784 1388 683 2785 1460 683 2786 1394 683 2787 1391 683 2788 1460 683 2789 1397 683 2790 1394 683 2791 1460 683 2792 1400 683 2793 1397 683 2794 1460 683 2795 1403 683 2796 1400 683 2797 1460 683 2798 1406 683 2799 1403 683 2800 1460 683 2801 1409 683 2802 1406 683 2803 1460 683 2804 1412 683 2805 1409 683 2806 1460 683 2807 1415 683 2808 1412 683 2809 1460 683 2810 1418 683 2811 1415 683 2812 1460 683 2813 1421 683 2814 1418 683 2815 1460 683 2816 1424 683 2817 1421 683 2818 1460 683 2819 1427 683 2820 1424 683 2821 1460 683 2822 1430 683 2823 1427 683 2824 1460 683 2825 1433 683 2826 1430 683 2827 1460 683 2828 1436 683 2829 1433 683 2830 1460 683 2831 1439 683 2832 1436 683 2833 1460 683 2834 1442 683 2835 1439 683 2836 1460 683 2837 1445 683 2838 1442 683 2839 1460 683 2840 1448 683 2841 1445 683 2842 1460 683 2843 1451 683 2844 1448 683 2845 1460 683 2846 1454 683 2847 1451 683 2848 1460 683 2849 1457 683 2850 1454 683 2851 1460 683 2852 1098 683 2853 1457 683 2854 1460 683 2855 1101 683 2856 1098 683 2857 1460 683 2858 1111 683 2859 1108 683 2860 1460 683 2861 1108 683 2862 1104 683 2863 1460 683 2864 1104 683 2865 1101 683 2866 1460 683 2867 291 684 2868 294 684 2869 1461 684 2870 294 685 2871 343 685 2872 1461 685 2873 343 686 2874 346 686 2875 1461 686 2876 346 687 2877 0 687 2878 1461 687 2879</p>
        </triangles>
      </mesh>
    </geometry>
  </library_geometries>
  <library_visual_scenes>
    <visual_scene id="Scene" name="Scene">
      <node id="head1" name="head1" type="NODE">
        <matrix sid="transform">1 0 0 0 0 1 0 0 0 0 1 0 0 0 0 1</matrix>
        <instance_geometry url="#head1_002-mesh" name="head1">
          <bind_material>
            <technique_common>
              <instance_material symbol="head1-material" target="#head1-material">
                <bind_vertex_input semantic="head1_002-mesh-map-0" input_semantic="TEXCOORD" input_set="0"/>
              </instance_material>
            </technique_common>
          </bind_material>
        </instance_geometry>
      </node>
    </visual_scene>
  </library_visual_scenes>
  <scene>
    <instance_visual_scene url="#Scene"/>
  </scene>
</COLLADA>