# https://github.com/mikedh/trimesh
mtllib R_index_prox.mtl

o R_index_prox-mesh
usemtl material_0
v 0.00500000 0.00046729 -0.00204730
v 0.00500000 0.00107145 -0.00258678
v 0.00500000 0.00130922 -0.00164175
v 0.00500000 0.00197989 -0.00197989
v 0.00500000 0.00189203 -0.00091116
v 0.00500000 0.00258678 -0.00107145
v 0.00500000 0.00209993 0.00000000
v 0.00500000 0.00279993 0.00000000
v 0.00500000 0.00189203 0.00091116
v 0.00500000 0.00258678 0.00107145
v 0.00500000 0.00130922 0.00164175
v 0.00500000 0.00197989 0.00197989
v 0.00500000 0.00046729 0.00204730
v 0.00500000 0.00107145 0.00258678
v 0.00500000 -0.00046729 0.00204730
v 0.00500000 0.00000000 0.00279993
v 0.00500000 -0.00107145 0.00258678
v 0.00500000 -0.00130922 0.00164175
v 0.00500000 -0.00197989 0.00197989
v 0.00500000 -0.00189203 0.00091116
v 0.00500000 -0.00258678 0.00107145
v 0.00500000 -0.00209993 0.00000000
v 0.00500000 -0.00279993 0.00000000
v 0.00500000 -0.00189203 -0.00091116
v 0.00500000 -0.00258678 -0.00107145
v 0.00500000 -0.00130922 -0.00164175
v 0.00500000 -0.00197989 -0.00197989
v 0.00500000 -0.00046729 -0.00204730
v 0.00500000 -0.00107145 -0.00258678
v 0.00500000 0.00000000 -0.00279993
v 0.00479996 0.00299996 0.00000000
v 0.00500000 0.00258678 -0.00107145
v 0.00479996 0.00277156 -0.00114804
v 0.00479996 0.00277156 -0.00114804
v 0.00500000 0.00258678 -0.00107145
v 0.00500000 0.00197989 -0.00197989
v 0.00479996 0.00212121 -0.00212121
v 0.00479996 0.00212121 -0.00212121
v 0.00500000 0.00197989 -0.00197989
v 0.00500000 0.00107145 -0.00258678
v 0.00479996 0.00114804 -0.00277156
v 0.00479996 0.00114804 -0.00277156
v 0.00500000 0.00107145 -0.00258678
v 0.00500000 0.00000000 -0.00279993
v 0.00479996 0.00000000 -0.00299996
v 0.00479996 0.00000000 -0.00299996
v 0.00500000 0.00000000 -0.00279993
v 0.00500000 -0.00107145 -0.00258678
v 0.00479996 -0.00114804 -0.00277156
v 0.00479996 -0.00114804 -0.00277156
v 0.00500000 -0.00107145 -0.00258678
v 0.00500000 -0.00197989 -0.00197989
v 0.00479996 -0.00212121 -0.00212121
v 0.00479996 -0.00212121 -0.00212121
v 0.00500000 -0.00197989 -0.00197989
v 0.00500000 -0.00258678 -0.00107145
v 0.00479996 -0.00277156 -0.00114804
v 0.00479996 -0.00277156 -0.00114804
v 0.00500000 -0.00258678 -0.00107145
v 0.00500000 -0.00279993 0.00000000
v 0.00479996 -0.00299996 0.00000000
v 0.00479996 -0.00299996 0.00000000
v 0.00500000 -0.00279993 0.00000000
v 0.00500000 -0.00258678 0.00107145
v 0.00479996 -0.00277156 0.00114804
v 0.00479996 -0.00277156 0.00114804
v 0.00500000 -0.00258678 0.00107145
v 0.00500000 -0.00197989 0.00197989
v 0.00479996 -0.00212121 0.00212121
v 0.00479996 -0.00212121 0.00212121
v 0.00500000 -0.00197989 0.00197989
v 0.00500000 -0.00107145 0.00258678
v 0.00479996 -0.00114804 0.00277156
v 0.00479996 -0.00114804 0.00277156
v 0.00500000 -0.00107145 0.00258678
v 0.00500000 0.00000000 0.00279993
v 0.00479996 0.00000000 0.00299996
v 0.00479996 0.00000000 0.00299996
v 0.00500000 0.00000000 0.00279993
v 0.00500000 0.00107145 0.00258678
v 0.00479996 0.00114804 0.00277156
v 0.00479996 0.00114804 0.00277156
v 0.00500000 0.00107145 0.00258678
v 0.00500000 0.00197989 0.00197989
v 0.00479996 0.00212121 0.00212121
v 0.00479996 0.00212121 0.00212121
v 0.00500000 0.00197989 0.00197989
v 0.00500000 0.00258678 0.00107145
v 0.00479996 0.00277156 0.00114804
v 0.00479996 0.00277156 0.00114804
v 0.00500000 0.00258678 0.00107145
v 0.00500000 0.00279993 0.00000000
v 0.00479996 0.00299996 0.00000000
v 0.00500000 0.00279993 0.00000000
v 0.00500000 -0.00189203 0.00091116
v 0.00500000 -0.00209993 0.00000000
v 0.00489992 -0.00198537 0.00024107
v 0.00489992 -0.00198537 0.00024107
v 0.00489992 -0.00180191 0.00086777
v 0.00500000 -0.00189203 0.00091116
v 0.00500000 -0.00189203 0.00091116
v 0.00489992 -0.00180191 0.00086777
v 0.00489992 -0.00164586 0.00113612
v 0.00500000 -0.00189203 0.00091116
v 0.00489992 -0.00164586 0.00113612
v 0.00500000 -0.00130922 0.00164175
v 0.00489992 -0.00164586 0.00113612
v 0.00489992 -0.00124693 0.00156355
v 0.00500000 -0.00130922 0.00164175
v 0.00500000 -0.00130922 0.00164175
v 0.00489992 -0.00124693 0.00156355
v 0.00489992 -0.00092945 0.00177079
v 0.00500000 -0.00130922 0.00164175
v 0.00489992 -0.00092945 0.00177079
v 0.00500000 -0.00046729 0.00204730
v 0.00489992 0.00092945 0.00177079
v 0.00500000 0.00130922 0.00164175
v 0.00500000 0.00046729 0.00204730
v 0.00489992 -0.00092945 0.00177079
v 0.00489992 -0.00044504 0.00194979
v 0.00500000 -0.00046729 0.00204730
v 0.00500000 -0.00046729 0.00204730
v 0.00489992 -0.00044504 0.00194979
v 0.00489992 0.00000000 0.00199997
v 0.00500000 -0.00046729 0.00204730
v 0.00489992 0.00000000 0.00199997
v 0.00500000 0.00046729 0.00204730
v 0.00500000 0.00046729 0.00204730
v 0.00489992 0.00000000 0.00199997
v 0.00489992 0.00044504 0.00194979
v 0.00500000 0.00046729 0.00204730
v 0.00489992 0.00044504 0.00194979
v 0.00489992 0.00092945 0.00177079
v 0.00489992 0.00092945 0.00177079
v 0.00489992 0.00124693 0.00156355
v 0.00500000 0.00130922 0.00164175
v 0.00500000 0.00130922 0.00164175
v 0.00489992 0.00124693 0.00156355
v 0.00489992 0.00164586 0.00113612
v 0.00500000 0.00130922 0.00164175
v 0.00489992 0.00164586 0.00113612
v 0.00500000 0.00189203 0.00091116
v 0.00500000 0.00189203 0.00091116
v 0.00489992 0.00164586 0.00113612
v 0.00489992 0.00180191 0.00086777
v 0.00500000 0.00189203 0.00091116
v 0.00489992 0.00180191 0.00086777
v 0.00500000 0.00209993 0.00000000
v 0.00489992 0.00180191 0.00086777
v 0.00489992 0.00198537 0.00024107
v 0.00500000 0.00209993 0.00000000
v 0.00500000 0.00209993 0.00000000
v 0.00489992 0.00198537 0.00024107
v 0.00489992 0.00199997 0.00000000
v 0.00500000 0.00209993 0.00000000
v 0.00489992 0.00199997 0.00000000
v 0.00500000 0.00189203 -0.00091116
v 0.00489992 0.00199997 0.00000000
v 0.00489992 0.00186992 -0.00070921
v 0.00500000 0.00189203 -0.00091116
v 0.00500000 0.00189203 -0.00091116
v 0.00489992 0.00186992 -0.00070921
v 0.00489992 0.00180191 -0.00086777
v 0.00500000 0.00189203 -0.00091116
v 0.00489992 0.00180191 -0.00086777
v 0.00500000 0.00130922 -0.00164175
v 0.00489992 0.00180191 -0.00086777
v 0.00489992 0.00132620 -0.00149691
v 0.00500000 0.00130922 -0.00164175
v 0.00500000 0.00130922 -0.00164175
v 0.00489992 0.00132620 -0.00149691
v 0.00489992 0.00124693 -0.00156355
v 0.00500000 0.00130922 -0.00164175
v 0.00489992 0.00124693 -0.00156355
v 0.00500000 0.00046729 -0.00204730
v 0.00489992 0.00124693 -0.00156355
v 0.00489992 0.00047863 -0.00194180
v 0.00500000 0.00046729 -0.00204730
v 0.00500000 0.00046729 -0.00204730
v 0.00489992 0.00047863 -0.00194180
v 0.00489992 0.00044504 -0.00194979
v 0.00500000 0.00046729 -0.00204730
v 0.00489992 0.00044504 -0.00194979
v 0.00500000 -0.00046729 -0.00204730
v 0.00489992 -0.00044504 -0.00194979
v 0.00500000 -0.00046729 -0.00204730
v 0.00489992 -0.00044504 -0.00194979
v 0.00489992 -0.00047863 -0.00194180
v 0.00500000 -0.00046729 -0.00204730
v 0.00489992 -0.00047863 -0.00194180
v 0.00500000 -0.00130922 -0.00164175
v 0.00489992 -0.00047863 -0.00194180
v 0.00489992 -0.00124693 -0.00156355
v 0.00500000 -0.00130922 -0.00164175
v 0.00500000 -0.00130922 -0.00164175
v 0.00489992 -0.00124693 -0.00156355
v 0.00489992 -0.00132620 -0.00149691
v 0.00500000 -0.00130922 -0.00164175
v 0.00489992 -0.00132620 -0.00149691
v 0.00500000 -0.00189203 -0.00091116
v 0.00489992 -0.00132620 -0.00149691
v 0.00489992 -0.00180191 -0.00086777
v 0.00500000 -0.00189203 -0.00091116
v 0.00500000 -0.00189203 -0.00091116
v 0.00489992 -0.00180191 -0.00086777
v 0.00489992 -0.00186992 -0.00070921
v 0.00500000 -0.00189203 -0.00091116
v 0.00489992 -0.00186992 -0.00070921
v 0.00500000 -0.00209993 0.00000000
v 0.00500000 -0.00209993 0.00000000
v 0.00489992 -0.00186992 -0.00070921
v 0.00489992 -0.00199997 0.00000000
v 0.00500000 -0.00209993 0.00000000
v 0.00489992 -0.00199997 0.00000000
v 0.00489992 -0.00198537 0.00024107
v -0.00489992 -0.00198537 0.00024107
v -0.00500000 -0.00208467 0.00025313
v -0.00489992 -0.00186992 0.00070921
v -0.00500000 -0.00196350 0.00074467
v -0.00489992 -0.00186992 0.00070921
v -0.00500000 -0.00196350 0.00074467
v -0.00489992 -0.00164586 0.00113612
v -0.00500000 -0.00172818 0.00119293
v -0.00489992 -0.00164586 0.00113612
v -0.00500000 -0.00172818 0.00119293
v -0.00489992 -0.00132620 0.00149691
v -0.00500000 -0.00139254 0.00157183
v -0.00489992 -0.00132620 0.00149691
v -0.00500000 -0.00139254 0.00157183
v -0.00489992 -0.00092945 0.00177079
v -0.00500000 -0.00097592 0.00185937
v -0.00489992 -0.00092945 0.00177079
v -0.00500000 -0.00097592 0.00185937
v -0.00489992 -0.00047863 0.00194180
v -0.00500000 -0.00050256 0.00203890
v -0.00489992 -0.00047863 0.00194180
v -0.00500000 -0.00050256 0.00203890
v -0.00489992 0.00000000 0.00199997
v -0.00500000 0.00000000 0.00209993
v -0.00489992 0.00000000 0.00199997
v -0.00500000 0.00000000 0.00209993
v -0.00489992 0.00047863 0.00194180
v -0.00500000 0.00050256 0.00203890
v -0.00489992 0.00047863 0.00194180
v -0.00500000 0.00050256 0.00203890
v -0.00489992 0.00092945 0.00177079
v -0.00500000 0.00097592 0.00185937
v -0.00489992 0.00092945 0.00177079
v -0.00500000 0.00097592 0.00185937
v -0.00489992 0.00132620 0.00149691
v -0.00500000 0.00139254 0.00157183
v -0.00489992 0.00132620 0.00149691
v -0.00500000 0.00139254 0.00157183
v -0.00489992 0.00164586 0.00113612
v -0.00500000 0.00172818 0.00119293
v -0.00489992 0.00164586 0.00113612
v -0.00500000 0.00172818 0.00119293
v -0.00489992 0.00186992 0.00070921
v -0.00500000 0.00196350 0.00074467
v -0.00489992 0.00186992 0.00070921
v -0.00500000 0.00196350 0.00074467
v -0.00489992 0.00198537 0.00024107
v -0.00489992 0.00198537 0.00024107
v -0.00500000 0.00196350 0.00074467
v -0.00500000 0.00209993 0.00000000
v -0.00489992 0.00198537 0.00024107
v -0.00500000 0.00209993 0.00000000
v -0.00489992 0.00199997 0.00000000
v -0.00489992 0.00199997 0.00000000
v -0.00500000 0.00209993 0.00000000
v -0.00489992 0.00186992 -0.00070921
v -0.00500000 0.00196350 -0.00074467
v -0.00489992 0.00186992 -0.00070921
v -0.00500000 0.00196350 -0.00074467
v -0.00489992 0.00164586 -0.00113612
v -0.00500000 0.00172818 -0.00119293
v -0.00489992 0.00164586 -0.00113612
v -0.00500000 0.00172818 -0.00119293
v -0.00489992 0.00132620 -0.00149691
v -0.00500000 0.00139254 -0.00157183
v -0.00489992 0.00132620 -0.00149691
v -0.00500000 0.00139254 -0.00157183
v -0.00489992 0.00092945 -0.00177079
v -0.00500000 0.00097592 -0.00185937
v -0.00489992 0.00092945 -0.00177079
v -0.00500000 0.00097592 -0.00185937
v -0.00489992 0.00047863 -0.00194180
v -0.00500000 0.00050256 -0.00203890
v -0.00489992 0.00047863 -0.00194180
v -0.00500000 0.00050256 -0.00203890
v -0.00489992 0.00000000 -0.00199997
v -0.00500000 0.00000000 -0.00209993
v -0.00489992 0.00000000 -0.00199997
v -0.00500000 0.00000000 -0.00209993
v -0.00489992 -0.00047863 -0.00194180
v -0.00500000 -0.00050256 -0.00203890
v -0.00489992 -0.00047863 -0.00194180
v -0.00500000 -0.00050256 -0.00203890
v -0.00489992 -0.00092945 -0.00177079
v -0.00500000 -0.00097592 -0.00185937
v -0.00489992 -0.00092945 -0.00177079
v -0.00500000 -0.00097592 -0.00185937
v -0.00489992 -0.00132620 -0.00149691
v -0.00500000 -0.00139254 -0.00157183
v -0.00489992 -0.00132620 -0.00149691
v -0.00500000 -0.00139254 -0.00157183
v -0.00489992 -0.00164586 -0.00113612
v -0.00500000 -0.00172818 -0.00119293
v -0.00489992 -0.00164586 -0.00113612
v -0.00500000 -0.00172818 -0.00119293
v -0.00489992 -0.00186992 -0.00070921
v -0.00500000 -0.00196350 -0.00074467
v -0.00489992 -0.00186992 -0.00070921
v -0.00500000 -0.00196350 -0.00074467
v -0.00489992 -0.00198537 -0.00024107
v -0.00500000 -0.00208467 -0.00025313
v -0.00489992 -0.00198537 -0.00024107
v -0.00500000 -0.00208467 -0.00025313
v -0.00489992 -0.00198537 0.00024107
v -0.00489992 -0.00198537 0.00024107
v -0.00500000 -0.00208467 -0.00025313
v -0.00500000 -0.00209993 0.00000000
v -0.00489992 -0.00198537 0.00024107
v -0.00500000 -0.00209993 0.00000000
v -0.00500000 -0.00208467 0.00025313
v -0.00050000 0.00613391 0.00050000
v 0.00000000 0.00599998 0.00050000
v 0.00050000 0.00613391 0.00050000
v 0.00050000 0.00786602 0.00050000
v 0.00000000 0.00799996 0.00050000
v -0.00050000 0.00786602 0.00050000
v 0.00086602 0.00649995 0.00050000
v 0.00099999 0.00699997 0.00050000
v 0.00086602 0.00749993 0.00050000
v -0.00086602 0.00749993 0.00050000
v -0.00099999 0.00699997 0.00050000
v -0.00086602 0.00649995 0.00050000
v 0.00449991 0.00000000 0.00299996
v 0.00479996 0.00114804 0.00277156
v 0.00449991 0.00114804 0.00277156
v 0.00449991 0.00114804 0.00277156
v 0.00479996 0.00114804 0.00277156
v 0.00479996 0.00212121 0.00212121
v 0.00449991 0.00212121 0.00212121
v 0.00449991 0.00212121 0.00212121
v 0.00479996 0.00212121 0.00212121
v 0.00479996 0.00277156 0.00114804
v 0.00449991 0.00277156 0.00114804
v 0.00449991 0.00277156 0.00114804
v 0.00479996 0.00277156 0.00114804
v 0.00479996 0.00299996 0.00000000
v 0.00449991 0.00299996 0.00000000
v 0.00449991 0.00299996 0.00000000
v 0.00479996 0.00299996 0.00000000
v 0.00479996 0.00277156 -0.00114804
v 0.00449991 0.00277156 -0.00114804
v 0.00449991 0.00277156 -0.00114804
v 0.00479996 0.00277156 -0.00114804
v 0.00479996 0.00212121 -0.00212121
v 0.00449991 0.00212121 -0.00212121
v 0.00449991 0.00212121 -0.00212121
v 0.00479996 0.00212121 -0.00212121
v 0.00479996 0.00114804 -0.00277156
v 0.00449991 0.00114804 -0.00277156
v 0.00449991 0.00114804 -0.00277156
v 0.00479996 0.00114804 -0.00277156
v 0.00479996 0.00000000 -0.00299996
v 0.00449991 0.00000000 -0.00299996
v 0.00449991 0.00000000 -0.00299996
v 0.00479996 0.00000000 -0.00299996
v 0.00479996 -0.00114804 -0.00277156
v 0.00449991 -0.00114804 -0.00277156
v 0.00449991 -0.00114804 -0.00277156
v 0.00479996 -0.00114804 -0.00277156
v 0.00479996 -0.00212121 -0.00212121
v 0.00449991 -0.00212121 -0.00212121
v 0.00449991 -0.00212121 -0.00212121
v 0.00479996 -0.00212121 -0.00212121
v 0.00479996 -0.00277156 -0.00114804
v 0.00449991 -0.00277156 -0.00114804
v 0.00449991 -0.00277156 -0.00114804
v 0.00479996 -0.00277156 -0.00114804
v 0.00479996 -0.00299996 0.00000000
v 0.00449991 -0.00299996 0.00000000
v 0.00449991 -0.00299996 0.00000000
v 0.00479996 -0.00299996 0.00000000
v 0.00479996 -0.00277156 0.00114804
v 0.00449991 -0.00277156 0.00114804
v 0.00449991 -0.00277156 0.00114804
v 0.00479996 -0.00277156 0.00114804
v 0.00479996 -0.00212121 0.00212121
v 0.00449991 -0.00212121 0.00212121
v 0.00449991 -0.00212121 0.00212121
v 0.00479996 -0.00212121 0.00212121
v 0.00479996 -0.00114804 0.00277156
v 0.00449991 -0.00114804 0.00277156
v 0.00449991 -0.00114804 0.00277156
v 0.00479996 -0.00114804 0.00277156
v 0.00479996 0.00000000 0.00299996
v 0.00449991 0.00000000 0.00299996
v 0.00479996 0.00000000 0.00299996
v 0.00349992 0.00547719 -0.00199997
v 0.00449991 0.00547719 -0.00099999
v 0.00349992 0.00510526 -0.00204682
v 0.00449991 0.00485736 -0.00107795
v 0.00349992 0.00510526 -0.00204682
v 0.00449991 0.00485736 -0.00107795
v 0.00349992 0.00475663 -0.00218439
v 0.00449991 0.00427622 -0.00130725
v 0.00349992 0.00475663 -0.00218439
v 0.00449991 0.00427622 -0.00130725
v 0.00349992 0.00445288 -0.00240403
v 0.00449991 0.00377005 -0.00167346
v 0.00349992 0.00445288 -0.00240403
v 0.00449991 0.00377005 -0.00167346
v 0.00349992 0.00421315 -0.00269228
v 0.00449991 0.00337058 -0.00215375
v -0.00500000 -0.00197989 0.00197989
v -0.00500000 -0.00107145 0.00258678
v -0.00500000 -0.00097592 0.00185937
v -0.00500000 0.00197989 -0.00197989
v -0.00500000 0.00107145 -0.00258678
v -0.00500000 0.00097592 -0.00185937
v -0.00500000 0.00107145 0.00258678
v -0.00500000 0.00197989 0.00197989
v -0.00500000 0.00139254 0.00157183
v -0.00500000 0.00139254 -0.00157183
v -0.00500000 0.00172818 -0.00119293
v -0.00500000 0.00258678 -0.00107145
v -0.00500000 0.00196350 -0.00074467
v -0.00500000 0.00279993 0.00000000
v -0.00500000 0.00209993 0.00000000
v -0.00500000 0.00258678 0.00107145
v -0.00500000 0.00196350 0.00074467
v -0.00500000 0.00172818 0.00119293
v -0.00500000 0.00097592 0.00185937
v -0.00500000 0.00050256 0.00203890
v -0.00500000 0.00000000 0.00279993
v -0.00500000 0.00000000 0.00209993
v -0.00500000 -0.00050256 0.00203890
v -0.00500000 -0.00107145 -0.00258678
v -0.00500000 -0.00197989 -0.00197989
v -0.00500000 -0.00139254 -0.00157183
v -0.00500000 -0.00097592 -0.00185937
v -0.00500000 -0.00050256 -0.00203890
v -0.00500000 0.00000000 -0.00279993
v -0.00500000 0.00000000 -0.00209993
v -0.00500000 0.00050256 -0.00203890
v -0.00500000 -0.00139254 0.00157183
v -0.00500000 -0.00172818 0.00119293
v -0.00500000 -0.00258678 0.00107145
v -0.00500000 -0.00196350 0.00074467
v -0.00500000 -0.00279993 0.00000000
v -0.00500000 -0.00208467 0.00025313
v -0.00500000 -0.00209993 0.00000000
v -0.00500000 -0.00208467 -0.00025313
v -0.00500000 -0.00258678 -0.00107145
v -0.00500000 -0.00196350 -0.00074467
v -0.00500000 -0.00172818 -0.00119293
v 0.00349992 -0.00099229 0.00490052
v 0.00449991 -0.00079383 0.00392038
v 0.00349992 0.00351709 0.00570649
v 0.00349992 0.00351709 0.00570649
v 0.00449991 -0.00079383 0.00392038
v 0.00449991 0.00406212 0.00477839
v 0.00349992 0.00351709 0.00570649
v 0.00449991 0.00406212 0.00477839
v 0.00352919 0.00380975 0.00572187
v 0.00609994 0.02079999 0.00249994
v 0.00609994 0.02079999 0.00050000
v 0.00609994 0.01819998 0.00249994
v 0.00609994 0.01819998 0.00050000
v 0.00527406 0.02883094 -0.00422400
v 0.00546706 0.02830177 -0.00395697
v 0.00558090 0.02837127 -0.00369412
v 0.00558090 0.02837127 -0.00369412
v 0.00546706 0.02830177 -0.00395697
v 0.00554830 0.02790993 -0.00382543
v 0.00558090 0.02837127 -0.00369412
v 0.00554830 0.02790993 -0.00382543
v 0.00564605 0.02794218 -0.00358462
v 0.00564605 0.02794218 -0.00358462
v 0.00554830 0.02790993 -0.00382543
v 0.00558031 0.02750366 -0.00377113
v 0.00564605 0.02794218 -0.00358462
v 0.00558031 0.02750366 -0.00377113
v 0.00566935 0.02750194 -0.00354224
v 0.00519407 0.02899473 -0.00431979
v 0.00527406 0.02883094 -0.00422400
v 0.00533616 0.02918058 -0.00402832
v 0.00533616 0.02918058 -0.00402832
v 0.00527406 0.02883094 -0.00422400
v 0.00558090 0.02837127 -0.00369412
v 0.00533616 0.02918058 -0.00402832
v 0.00558090 0.02837127 -0.00369412
v 0.00534993 0.02933776 -0.00368732
v 0.00534993 0.02933776 -0.00368732
v 0.00558090 0.02837127 -0.00369412
v 0.00560707 0.02845937 -0.00341743
v 0.00560707 0.02845937 -0.00341743
v 0.00558090 0.02837127 -0.00369412
v 0.00564605 0.02794218 -0.00358462
v 0.00560707 0.02845937 -0.00341743
v 0.00564605 0.02794218 -0.00358462
v 0.00567603 0.02798730 -0.00332880
v 0.00567603 0.02798730 -0.00332880
v 0.00564605 0.02794218 -0.00358462
v 0.00566935 0.02750194 -0.00354224
v 0.00569999 0.02749997 -0.00329697
v 0.00489992 0.00092945 0.00177079
v 0.00489992 0.00044504 0.00194979
v 0.00199997 0.00092945 0.00177079
v 0.00199997 0.00092945 0.00177079
v 0.00489992 0.00044504 0.00194979
v 0.00199997 0.00000000 0.00199997
v 0.00489992 0.00092945 0.00177079
v 0.00199997 0.00092945 0.00177079
v 0.00489992 0.00124693 0.00156355
v 0.00489992 0.00124693 0.00156355
v 0.00199997 0.00092945 0.00177079
v 0.00199997 0.00164586 0.00113612
v 0.00489992 0.00124693 0.00156355
v 0.00199997 0.00164586 0.00113612
v 0.00489992 0.00164586 0.00113612
v 0.00489992 0.00164586 0.00113612
v 0.00199997 0.00164586 0.00113612
v 0.00489992 0.00180191 0.00086777
v 0.00489992 0.00180191 0.00086777
v 0.00199997 0.00164586 0.00113612
v 0.00199997 0.00198537 0.00024107
v 0.00489992 0.00180191 0.00086777
v 0.00199997 0.00198537 0.00024107
v 0.00489992 0.00198537 0.00024107
v 0.00489992 0.00198537 0.00024107
v 0.00199997 0.00198537 0.00024107
v 0.00489992 0.00199997 0.00000000
v 0.00199997 0.00199997 0.00000000
v 0.00489992 0.00199997 0.00000000
v 0.00199997 0.00199997 0.00000000
v 0.00489992 0.00186992 -0.00070921
v 0.00199997 0.00186992 -0.00070921
v 0.00489992 0.00186992 -0.00070921
v 0.00199997 0.00186992 -0.00070921
v 0.00489992 0.00180191 -0.00086777
v 0.00489992 0.00180191 -0.00086777
v 0.00199997 0.00186992 -0.00070921
v 0.00199997 0.00132620 -0.00149691
v 0.00489992 0.00180191 -0.00086777
v 0.00199997 0.00132620 -0.00149691
v 0.00489992 0.00132620 -0.00149691
v 0.00489992 0.00132620 -0.00149691
v 0.00199997 0.00132620 -0.00149691
v 0.00489992 0.00124693 -0.00156355
v 0.00489992 0.00124693 -0.00156355
v 0.00199997 0.00132620 -0.00149691
v 0.00199997 0.00047863 -0.00194180
v 0.00489992 0.00124693 -0.00156355
v 0.00199997 0.00047863 -0.00194180
v 0.00489992 0.00047863 -0.00194180
v 0.00489992 0.00047863 -0.00194180
v 0.00199997 0.00047863 -0.00194180
v 0.00489992 0.00044504 -0.00194979
v 0.00489992 0.00044504 -0.00194979
v 0.00199997 0.00047863 -0.00194180
v 0.00199997 -0.00047863 -0.00194180
v 0.00489992 -0.00044504 -0.00194979
v 0.00199997 -0.00132620 -0.00149691
v 0.00489992 -0.00124693 -0.00156355
v 0.00199997 -0.00047863 -0.00194180
v 0.00199997 -0.00047863 -0.00194180
v 0.00489992 -0.00124693 -0.00156355
v 0.00489992 -0.00047863 -0.00194180
v 0.00199997 -0.00047863 -0.00194180
v 0.00489992 -0.00047863 -0.00194180
v 0.00489992 -0.00044504 -0.00194979
v 0.00199997 -0.00186992 -0.00070921
v 0.00489992 -0.00180191 -0.00086777
v 0.00199997 -0.00132620 -0.00149691
v 0.00199997 -0.00132620 -0.00149691
v 0.00489992 -0.00180191 -0.00086777
v 0.00489992 -0.00132620 -0.00149691
v 0.00199997 -0.00132620 -0.00149691
v 0.00489992 -0.00132620 -0.00149691
v 0.00489992 -0.00124693 -0.00156355
v 0.00199997 -0.00164586 0.00113612
v 0.00489992 -0.00180191 0.00086777
v 0.00199997 -0.00198537 0.00024107
v 0.00199997 -0.00198537 0.00024107
v 0.00489992 -0.00180191 0.00086777
v 0.00489992 -0.00198537 0.00024107
v 0.00199997 -0.00198537 0.00024107
v 0.00489992 -0.00198537 0.00024107
v 0.00199997 -0.00199997 0.00000000
v 0.00489992 -0.00199997 0.00000000
v 0.00199997 -0.00199997 0.00000000
v 0.00489992 -0.00199997 0.00000000
v 0.00199997 -0.00186992 -0.00070921
v 0.00489992 -0.00186992 -0.00070921
v 0.00199997 -0.00186992 -0.00070921
v 0.00489992 -0.00186992 -0.00070921
v 0.00489992 -0.00180191 -0.00086777
v 0.00199997 -0.00092945 0.00177079
v 0.00489992 -0.00124693 0.00156355
v 0.00199997 -0.00164586 0.00113612
v 0.00199997 -0.00164586 0.00113612
v 0.00489992 -0.00124693 0.00156355
v 0.00489992 -0.00164586 0.00113612
v 0.00199997 -0.00164586 0.00113612
v 0.00489992 -0.00164586 0.00113612
v 0.00489992 -0.00180191 0.00086777
v 0.00489992 0.00044504 0.00194979
v 0.00489992 0.00000000 0.00199997
v 0.00199997 0.00000000 0.00199997
v 0.00199997 0.00000000 0.00199997
v 0.00489992 0.00000000 0.00199997
v 0.00489992 -0.00044504 0.00194979
v 0.00199997 0.00000000 0.00199997
v 0.00489992 -0.00044504 0.00194979
v 0.00199997 -0.00092945 0.00177079
v 0.00199997 -0.00092945 0.00177079
v 0.00489992 -0.00044504 0.00194979
v 0.00489992 -0.00092945 0.00177079
v 0.00199997 -0.00092945 0.00177079
v 0.00489992 -0.00092945 0.00177079
v 0.00489992 -0.00124693 0.00156355
v -0.00199997 0.00092945 0.00177079
v -0.00199997 0.00000000 0.00199997
v -0.00489992 0.00047863 0.00194180
v -0.00489992 0.00047863 0.00194180
v -0.00489992 0.00092945 0.00177079
v -0.00199997 0.00092945 0.00177079
v -0.00199997 0.00092945 0.00177079
v -0.00489992 0.00092945 0.00177079
v -0.00489992 0.00132620 0.00149691
v -0.00199997 0.00092945 0.00177079
v -0.00489992 0.00132620 0.00149691
v -0.00199997 0.00164586 0.00113612
v -0.00489992 0.00132620 0.00149691
v -0.00489992 0.00164586 0.00113612
v -0.00199997 0.00164586 0.00113612
v -0.00199997 0.00164586 0.00113612
v -0.00489992 0.00164586 0.00113612
v -0.00489992 0.00186992 0.00070921
v -0.00199997 0.00164586 0.00113612
v -0.00489992 0.00186992 0.00070921
v -0.00199997 0.00198537 0.00024107
v -0.00199997 0.00198537 0.00024107
v -0.00489992 0.00186992 0.00070921
v -0.00489992 0.00198537 0.00024107
v -0.00199997 0.00198537 0.00024107
v -0.00489992 0.00198537 0.00024107
v -0.00199997 0.00199997 0.00000000
v -0.00489992 0.00199997 0.00000000
v -0.00199997 0.00199997 0.00000000
v -0.00489992 0.00199997 0.00000000
v -0.00199997 0.00186992 -0.00070921
v -0.00489992 0.00186992 -0.00070921
v -0.00199997 0.00186992 -0.00070921
v -0.00489992 0.00186992 -0.00070921
v -0.00489992 0.00164586 -0.00113612
v -0.00199997 0.00186992 -0.00070921
v -0.00489992 0.00164586 -0.00113612
v -0.00199997 0.00132620 -0.00149691
v -0.00489992 0.00164586 -0.00113612
v -0.00489992 0.00132620 -0.00149691
v -0.00199997 0.00132620 -0.00149691
v -0.00199997 0.00132620 -0.00149691
v -0.00489992 0.00132620 -0.00149691
v -0.00489992 0.00092945 -0.00177079
v -0.00199997 0.00132620 -0.00149691
v -0.00489992 0.00092945 -0.00177079
v -0.00199997 0.00047863 -0.00194180
v -0.00489992 0.00092945 -0.00177079
v -0.00489992 0.00047863 -0.00194180
v -0.00199997 0.00047863 -0.00194180
v -0.00199997 0.00047863 -0.00194180
v -0.00489992 0.00047863 -0.00194180
v -0.00489992 0.00000000 -0.00199997
v -0.00199997 0.00047863 -0.00194180
v -0.00489992 0.00000000 -0.00199997
v -0.00199997 -0.00047863 -0.00194180
v -0.00489992 0.00000000 -0.00199997
v -0.00489992 -0.00047863 -0.00194180
v -0.00199997 -0.00047863 -0.00194180
v -0.00199997 -0.00047863 -0.00194180
v -0.00489992 -0.00047863 -0.00194180
v -0.00489992 -0.00092945 -0.00177079
v -0.00199997 -0.00047863 -0.00194180
v -0.00489992 -0.00092945 -0.00177079
v -0.00199997 -0.00132620 -0.00149691
v -0.00489992 -0.00092945 -0.00177079
v -0.00489992 -0.00132620 -0.00149691
v -0.00199997 -0.00132620 -0.00149691
v -0.00199997 -0.00132620 -0.00149691
v -0.00489992 -0.00132620 -0.00149691
v -0.00489992 -0.00164586 -0.00113612
v -0.00199997 -0.00132620 -0.00149691
v -0.00489992 -0.00164586 -0.00113612
v -0.00199997 -0.00186992 -0.00070921
v -0.00489992 -0.00164586 -0.00113612
v -0.00489992 -0.00186992 -0.00070921
v -0.00199997 -0.00186992 -0.00070921
v -0.00199997 -0.00186992 -0.00070921
v -0.00489992 -0.00186992 -0.00070921
v -0.00489992 -0.00198537 -0.00024107
v -0.00199997 -0.00186992 -0.00070921
v -0.00489992 -0.00198537 -0.00024107
v -0.00199997 -0.00199997 0.00000000
v -0.00199997 -0.00199997 0.00000000
v -0.00489992 -0.00198537 -0.00024107
v -0.00489992 -0.00198537 0.00024107
v -0.00199997 -0.00199997 0.00000000
v -0.00489992 -0.00198537 0.00024107
v -0.00199997 -0.00198537 0.00024107
v -0.00199997 -0.00198537 0.00024107
v -0.00489992 -0.00198537 0.00024107
v -0.00489992 -0.00186992 0.00070921
v -0.00199997 -0.00198537 0.00024107
v -0.00489992 -0.00186992 0.00070921
v -0.00199997 -0.00164586 0.00113612
v -0.00489992 -0.00186992 0.00070921
v -0.00489992 -0.00164586 0.00113612
v -0.00199997 -0.00164586 0.00113612
v -0.00199997 -0.00164586 0.00113612
v -0.00489992 -0.00164586 0.00113612
v -0.00489992 -0.00132620 0.00149691
v -0.00199997 -0.00164586 0.00113612
v -0.00489992 -0.00132620 0.00149691
v -0.00199997 -0.00092945 0.00177079
v -0.00489992 -0.00132620 0.00149691
v -0.00489992 -0.00092945 0.00177079
v -0.00199997 -0.00092945 0.00177079
v -0.00199997 -0.00092945 0.00177079
v -0.00489992 -0.00092945 0.00177079
v -0.00489992 -0.00047863 0.00194180
v -0.00199997 -0.00092945 0.00177079
v -0.00489992 -0.00047863 0.00194180
v -0.00199997 0.00000000 0.00199997
v -0.00199997 0.00000000 0.00199997
v -0.00489992 -0.00047863 0.00194180
v -0.00489992 0.00000000 0.00199997
v -0.00199997 0.00000000 0.00199997
v -0.00489992 0.00000000 0.00199997
v -0.00489992 0.00047863 0.00194180
v 0.00099999 0.00699997 0.00050000
v 0.00099999 0.00699997 0.00329989
v 0.00086602 0.00749993 0.00050000
v 0.00086602 0.00749993 0.00329989
v 0.00086602 0.00749993 0.00050000
v 0.00086602 0.00749993 0.00329989
v 0.00050000 0.00786602 0.00050000
v 0.00050000 0.00786602 0.00329989
v 0.00050000 0.00786602 0.00050000
v 0.00050000 0.00786602 0.00329989
v 0.00000000 0.00799996 0.00050000
v 0.00000000 0.00799996 0.00329989
v 0.00000000 0.00799996 0.00050000
v 0.00000000 0.00799996 0.00329989
v -0.00050000 0.00786602 0.00050000
v -0.00050000 0.00786602 0.00329989
v -0.00050000 0.00786602 0.00050000
v -0.00050000 0.00786602 0.00329989
v -0.00086602 0.00749993 0.00050000
v -0.00086602 0.00749993 0.00329989
v -0.00086602 0.00749993 0.00050000
v -0.00086602 0.00749993 0.00329989
v -0.00099999 0.00699997 0.00050000
v -0.00099999 0.00699997 0.00329989
v -0.00099999 0.00699997 0.00050000
v -0.00099999 0.00699997 0.00329989
v -0.00086602 0.00649995 0.00050000
v -0.00086602 0.00649995 0.00329989
v -0.00086602 0.00649995 0.00050000
v -0.00086602 0.00649995 0.00329989
v -0.00050000 0.00613391 0.00050000
v -0.00050000 0.00613391 0.00329989
v -0.00050000 0.00613391 0.00050000
v -0.00050000 0.00613391 0.00329989
v 0.00000000 0.00599998 0.00050000
v 0.00000000 0.00599998 0.00329989
v 0.00000000 0.00599998 0.00050000
v 0.00000000 0.00599998 0.00329989
v 0.00050000 0.00613391 0.00050000
v 0.00050000 0.00613391 0.00329989
v 0.00050000 0.00613391 0.00050000
v 0.00050000 0.00613391 0.00329989
v 0.00086602 0.00649995 0.00050000
v 0.00086602 0.00649995 0.00329989
v 0.00086602 0.00649995 0.00050000
v 0.00086602 0.00649995 0.00329989
v 0.00099999 0.00699997 0.00050000
v 0.00099999 0.00699997 0.00329989
v 0.00278276 0.00552916 0.00595236
v 0.00297660 0.00547802 0.00599098
v 0.00296497 0.00555557 0.00595599
v 0.00296497 0.00555557 0.00595599
v 0.00297660 0.00547802 0.00599098
v 0.00362641 0.00564343 0.00601315
v 0.00360232 0.00571793 0.00597817
v 0.00229996 0.00549990 0.00594831
v 0.00229996 0.00542140 0.00598329
v 0.00278276 0.00552916 0.00595236
v 0.00279164 0.00545120 0.00598735
v 0.00279164 0.00545120 0.00598735
v 0.00689989 0.03161710 0.00123125
v 0.00689989 0.03139996 0.00000000
v 0.00679994 0.03151488 0.00032294
v 0.00679994 0.03151488 0.00032294
v 0.00679994 0.03171104 0.00119704
v 0.00689989 0.03161710 0.00123125
v 0.00689989 0.03161710 0.00123125
v 0.00679994 0.03171104 0.00119704
v 0.00679994 0.03186684 0.00156003
v 0.00689989 0.03161710 0.00123125
v 0.00679994 0.03186684 0.00156003
v 0.00689989 0.03224217 0.00231403
v 0.00679994 0.03186684 0.00156003
v 0.00679994 0.03231883 0.00224966
v 0.00689989 0.03224217 0.00231403
v 0.00689989 0.03224217 0.00231403
v 0.00679994 0.03231883 0.00224966
v 0.00679994 0.03264200 0.00258642
v 0.00689989 0.03224217 0.00231403
v 0.00679994 0.03264200 0.00258642
v 0.00689989 0.03319990 0.00311768
v 0.00679994 0.03264200 0.00258642
v 0.00679994 0.03324997 0.00303108
v 0.00689989 0.03319990 0.00311768
v 0.00689989 0.03319990 0.00311768
v 0.00679994 0.03324997 0.00303108
v 0.00679994 0.03373563 0.00326365
v 0.00689989 0.03319990 0.00311768
v 0.00679994 0.03373563 0.00326365
v 0.00689989 0.03437483 0.00354528
v 0.00679994 0.03626430 0.00326365
v 0.00689989 0.03679990 0.00311768
v 0.00689989 0.03562510 0.00354528
v 0.00679994 0.03373563 0.00326365
v 0.00679994 0.03439211 0.00344682
v 0.00689989 0.03437483 0.00354528
v 0.00689989 0.03437483 0.00354528
v 0.00679994 0.03439211 0.00344682
v 0.00679994 0.03499990 0.00349992
v 0.00689989 0.03437483 0.00354528
v 0.00679994 0.03499990 0.00349992
v 0.00689989 0.03562510 0.00354528
v 0.00689989 0.03562510 0.00354528
v 0.00679994 0.03499990 0.00349992
v 0.00679994 0.03560775 0.00344682
v 0.00689989 0.03562510 0.00354528
v 0.00679994 0.03560775 0.00344682
v 0.00679994 0.03626430 0.00326365
v 0.00679994 0.03813302 0.00156003
v 0.00689989 0.03838282 0.00123125
v 0.00689989 0.03775775 0.00231403
v 0.00679994 0.03626430 0.00326365
v 0.00679994 0.03674989 0.00303108
v 0.00689989 0.03679990 0.00311768
v 0.00689989 0.03679990 0.00311768
v 0.00679994 0.03674989 0.00303108
v 0.00679994 0.03735786 0.00258642
v 0.00689989 0.03679990 0.00311768
v 0.00679994 0.03735786 0.00258642
v 0.00689989 0.03775775 0.00231403
v 0.00689989 0.03775775 0.00231403
v 0.00679994 0.03735786 0.00258642
v 0.00679994 0.03768110 0.00224966
v 0.00689989 0.03775775 0.00231403
v 0.00679994 0.03768110 0.00224966
v 0.00679994 0.03813302 0.00156003
v 0.00679994 0.03813302 0.00156003
v 0.00679994 0.03828889 0.00119704
v 0.00689989 0.03838282 0.00123125
v 0.00689989 0.03838282 0.00123125
v 0.00679994 0.03828889 0.00119704
v 0.00679994 0.03848505 0.00032294
v 0.00689989 0.03838282 0.00123125
v 0.00679994 0.03848505 0.00032294
v 0.00689989 0.03859990 0.00000000
v 0.00689989 0.03859990 0.00000000
v 0.00679994 0.03848505 0.00032294
v 0.00679994 0.03849995 0.00000000
v 0.00689989 0.03859990 0.00000000
v 0.00679994 0.03849995 0.00000000
v 0.00689989 0.03838282 -0.00123125
v 0.00679994 0.03849995 0.00000000
v 0.00679994 0.03836631 -0.00095782
v 0.00689989 0.03838282 -0.00123125
v 0.00689989 0.03838282 -0.00123125
v 0.00679994 0.03836631 -0.00095782
v 0.00679994 0.03828889 -0.00119704
v 0.00689989 0.03838282 -0.00123125
v 0.00679994 0.03828889 -0.00119704
v 0.00689989 0.03775775 -0.00231403
v 0.00679994 0.03828889 -0.00119704
v 0.00679994 0.03779304 -0.00210911
v 0.00689989 0.03775775 -0.00231403
v 0.00689989 0.03775775 -0.00231403
v 0.00679994 0.03779304 -0.00210911
v 0.00679994 0.03768110 -0.00224966
v 0.00689989 0.03775775 -0.00231403
v 0.00679994 0.03768110 -0.00224966
v 0.00689989 0.03679990 -0.00311768
v 0.00679994 0.03768110 -0.00224966
v 0.00679994 0.03684240 -0.00297570
v 0.00689989 0.03679990 -0.00311768
v 0.00689989 0.03679990 -0.00311768
v 0.00679994 0.03684240 -0.00297570
v 0.00679994 0.03674989 -0.00303108
v 0.00689989 0.03679990 -0.00311768
v 0.00679994 0.03674989 -0.00303108
v 0.00689989 0.03562510 -0.00354528
v 0.00679994 0.03674989 -0.00303108
v 0.00679994 0.03564310 -0.00344038
v 0.00689989 0.03562510 -0.00354528
v 0.00689989 0.03562510 -0.00354528
v 0.00679994 0.03564310 -0.00344038
v 0.00679994 0.03560775 -0.00344682
v 0.00689989 0.03562510 -0.00354528
v 0.00679994 0.03560775 -0.00344682
v 0.00689989 0.03437483 -0.00354528
v 0.00679994 0.03439211 -0.00344682
v 0.00689989 0.03437483 -0.00354528
v 0.00679994 0.03439211 -0.00344682
v 0.00679994 0.03435683 -0.00344038
v 0.00689989 0.03437483 -0.00354528
v 0.00679994 0.03435683 -0.00344038
v 0.00689989 0.03319990 -0.00311768
v 0.00679994 0.03435683 -0.00344038
v 0.00679994 0.03324997 -0.00303108
v 0.00689989 0.03319990 -0.00311768
v 0.00689989 0.03319990 -0.00311768
v 0.00679994 0.03324997 -0.00303108
v 0.00679994 0.03315740 -0.00297570
v 0.00689989 0.03319990 -0.00311768
v 0.00679994 0.03315740 -0.00297570
v 0.00689989 0.03224217 -0.00231403
v 0.00679994 0.03315740 -0.00297570
v 0.00679994 0.03231883 -0.00224966
v 0.00689989 0.03224217 -0.00231403
v 0.00689989 0.03224217 -0.00231403
v 0.00679994 0.03231883 -0.00224966
v 0.00679994 0.03220689 -0.00210911
v 0.00689989 0.03224217 -0.00231403
v 0.00679994 0.03220689 -0.00210911
v 0.00689989 0.03161710 -0.00123125
v 0.00679994 0.03220689 -0.00210911
v 0.00679994 0.03171104 -0.00119704
v 0.00689989 0.03161710 -0.00123125
v 0.00689989 0.03161710 -0.00123125
v 0.00679994 0.03171104 -0.00119704
v 0.00679994 0.03163355 -0.00095782
v 0.00689989 0.03161710 -0.00123125
v 0.00679994 0.03163355 -0.00095782
v 0.00689989 0.03139996 0.00000000
v 0.00689989 0.03139996 0.00000000
v 0.00679994 0.03163355 -0.00095782
v 0.00679994 0.03149998 0.00000000
v 0.00689989 0.03139996 0.00000000
v 0.00679994 0.03149998 0.00000000
v 0.00679994 0.03151488 0.00032294
v 0.00520801 0.02974832 0.00613326
v 0.00530046 0.02979326 0.00628942
v 0.00504839 0.03048092 0.00605154
v 0.00504839 0.03048092 0.00605154
v 0.00530046 0.02979326 0.00628942
v 0.00520003 0.03019160 0.00624472
v 0.00504839 0.03048092 0.00605154
v 0.00520003 0.03019160 0.00624472
v 0.00504148 0.03053265 0.00604564
v 0.00449991 0.00443113 0.00527769
v 0.00449991 0.00440025 0.00560105
v 0.00444817 0.00438672 0.00565130
v 0.00352919 0.00380975 0.00572187
v 0.00449991 0.00406212 0.00477839
v 0.00353277 0.00384456 0.00572610
v 0.00353277 0.00384456 0.00572610
v 0.00449991 0.00406212 0.00477839
v 0.00449991 0.00420958 0.00483614
v 0.00353277 0.00384456 0.00572610
v 0.00449991 0.00420958 0.00483614
v 0.00360620 0.00401390 0.00574022
v 0.00360620 0.00401390 0.00574022
v 0.00449991 0.00420958 0.00483614
v 0.00449991 0.00435728 0.00500739
v 0.00360620 0.00401390 0.00574022
v 0.00449991 0.00435728 0.00500739
v 0.00379705 0.00420052 0.00575095
v 0.00379705 0.00420052 0.00575095
v 0.00449991 0.00435728 0.00500739
v 0.00449991 0.00443113 0.00527769
v 0.00379705 0.00420052 0.00575095
v 0.00449991 0.00443113 0.00527769
v 0.00408095 0.00432426 0.00572801
v 0.00408095 0.00432426 0.00572801
v 0.00449991 0.00443113 0.00527769
v 0.00444817 0.00438672 0.00565130
v 0.00449991 0.00473148 0.00436497
v 0.00566137 0.00450593 0.00520652
v 0.00559640 0.00449628 0.00524259
v 0.00645608 0.00473118 0.00436497
v 0.00634211 0.00463706 0.00471717
v 0.00606275 0.00457591 0.00494540
v 0.00515890 0.00444174 0.00544608
v 0.00469786 0.00440174 0.00559539
v 0.00449991 0.00440025 0.00560105
v 0.00444817 0.00438672 0.00565130
v 0.00449991 0.00473148 0.00436497
v 0.00449991 0.00440025 0.00560105
v 0.00449991 0.00443113 0.00527769
v 0.00449991 -0.00212121 -0.00212121
v 0.00449991 -0.00245214 -0.00316012
v 0.00449991 -0.00114804 -0.00277156
v 0.00449991 -0.00137174 -0.00375742
v 0.00449991 0.00000000 -0.00299996
v 0.00449991 -0.00016058 -0.00399667
v 0.00449991 0.00114804 -0.00277156
v 0.00449991 -0.00114804 0.00277156
v 0.00449991 0.00000000 0.00299996
v 0.00449991 -0.00079383 0.00392038
v 0.00449991 0.00406212 0.00477839
v 0.00449991 -0.00122958 0.00380629
v 0.00449991 -0.00233179 0.00324994
v 0.00449991 -0.00212121 0.00212121
v 0.00449991 -0.00321180 0.00238413
v 0.00449991 -0.00277156 0.00114804
v 0.00449991 -0.00378579 0.00129110
v 0.00449991 -0.00299996 0.00000000
v 0.00449991 -0.00399923 0.00007514
v 0.00449991 -0.00277156 -0.00114804
v 0.00449991 -0.00383162 -0.00114798
v 0.00449991 -0.00329906 -0.00226182
v 0.00449991 0.00114804 0.00277156
v 0.00449991 0.00212121 0.00212121
v 0.00449991 0.00420958 0.00483614
v 0.00449991 0.00435728 0.00500739
v 0.00449991 0.00514144 0.00346482
v 0.00449991 0.00277156 0.00114804
v 0.00449991 0.00106585 -0.00385529
v 0.00449991 0.00219071 -0.00334662
v 0.00449991 0.00212121 -0.00212121
v 0.00449991 0.00310701 -0.00251919
v 0.00449991 0.00277156 -0.00114804
v 0.00449991 0.00619990 -0.00050000
v 0.00449991 0.00619990 0.00000000
v 0.00449991 0.00299996 0.00000000
v 0.00449991 0.00609094 0.00115734
v 0.00449991 0.00569785 0.00244415
v 0.00449991 0.00337058 -0.00215375
v 0.00449991 0.00377005 -0.00167346
v 0.00449991 0.00650412 -0.00140512
v 0.00449991 0.00629270 -0.00101912
v 0.00449991 0.00631964 -0.00120062
v 0.00449991 0.00622994 -0.00112784
v 0.00449991 0.00427622 -0.00130725
v 0.00449991 0.00485736 -0.00107795
v 0.00449991 0.00547719 -0.00099999
v 0.00449991 0.00589126 -0.00099999
v 0.00449991 0.00608712 -0.00104803
v 0.00645608 0.00473118 0.00436497
v 0.00449991 0.00473148 0.00436497
v 0.00663489 0.00490546 0.00387746
v 0.00663489 0.00490546 0.00387746
v 0.00449991 0.00473148 0.00436497
v 0.00449991 0.00514144 0.00346482
v 0.00663489 0.00490546 0.00387746
v 0.00449991 0.00514144 0.00346482
v 0.00684833 0.00513959 0.00346452
v 0.00519991 0.03593969 0.00541908
v 0.00500000 0.03590548 0.00522202
v 0.00500000 0.03117555 0.00592595
v 0.00519991 0.03593969 0.00541908
v 0.00500000 0.03117555 0.00592595
v 0.00520003 0.03019160 0.00624472
v 0.00520003 0.03019160 0.00624472
v 0.00500000 0.03117555 0.00592595
v 0.00500000 0.03116589 0.00592721
v 0.00504148 0.03053265 0.00604564
v 0.00679994 0.03626430 0.00326365
v 0.00679994 0.03560775 0.00344682
v 0.00500000 0.03626430 0.00326365
v 0.00500000 0.03626430 0.00326365
v 0.00679994 0.03560775 0.00344682
v 0.00500000 0.03499990 0.00349992
v 0.00679994 0.03626430 0.00326365
v 0.00500000 0.03626430 0.00326365
v 0.00679994 0.03674989 0.00303108
v 0.00679994 0.03674989 0.00303108
v 0.00500000 0.03626430 0.00326365
v 0.00500000 0.03735786 0.00258642
v 0.00679994 0.03674989 0.00303108
v 0.00500000 0.03735786 0.00258642
v 0.00679994 0.03735786 0.00258642
v 0.00679994 0.03735786 0.00258642
v 0.00500000 0.03735786 0.00258642
v 0.00679994 0.03768110 0.00224966
v 0.00679994 0.03768110 0.00224966
v 0.00500000 0.03735786 0.00258642
v 0.00500000 0.03813302 0.00156003
v 0.00679994 0.03768110 0.00224966
v 0.00500000 0.03813302 0.00156003
v 0.00679994 0.03813302 0.00156003
v 0.00679994 0.03813302 0.00156003
v 0.00500000 0.03813302 0.00156003
v 0.00679994 0.03828889 0.00119704
v 0.00679994 0.03828889 0.00119704
v 0.00500000 0.03813302 0.00156003
v 0.00500000 0.03848505 0.00032294
v 0.00679994 0.03828889 0.00119704
v 0.00500000 0.03848505 0.00032294
v 0.00679994 0.03848505 0.00032294
v 0.00679994 0.03848505 0.00032294
v 0.00500000 0.03848505 0.00032294
v 0.00679994 0.03849995 0.00000000
v 0.00500000 0.03849995 0.00000000
v 0.00679994 0.03849995 0.00000000
v 0.00500000 0.03849995 0.00000000
v 0.00679994 0.03836631 -0.00095782
v 0.00500000 0.03836631 -0.00095782
v 0.00679994 0.03836631 -0.00095782
v 0.00500000 0.03836631 -0.00095782
v 0.00679994 0.03828889 -0.00119704
v 0.00679994 0.03828889 -0.00119704
v 0.00500000 0.03836631 -0.00095782
v 0.00500000 0.03779304 -0.00210911
v 0.00679994 0.03828889 -0.00119704
v 0.00500000 0.03779304 -0.00210911
v 0.00679994 0.03779304 -0.00210911
v 0.00679994 0.03779304 -0.00210911
v 0.00500000 0.03779304 -0.00210911
v 0.00679994 0.03768110 -0.00224966
v 0.00679994 0.03768110 -0.00224966
v 0.00500000 0.03779304 -0.00210911
v 0.00500000 0.03684240 -0.00297570
v 0.00679994 0.03768110 -0.00224966
v 0.00500000 0.03684240 -0.00297570
v 0.00679994 0.03684240 -0.00297570
v 0.00679994 0.03684240 -0.00297570
v 0.00500000 0.03684240 -0.00297570
v 0.00679994 0.03674989 -0.00303108
v 0.00679994 0.03674989 -0.00303108
v 0.00500000 0.03684240 -0.00297570
v 0.00500000 0.03564310 -0.00344038
v 0.00679994 0.03674989 -0.00303108
v 0.00500000 0.03564310 -0.00344038
v 0.00679994 0.03564310 -0.00344038
v 0.00679994 0.03564310 -0.00344038
v 0.00500000 0.03564310 -0.00344038
v 0.00679994 0.03560775 -0.00344682
v 0.00679994 0.03560775 -0.00344682
v 0.00500000 0.03564310 -0.00344038
v 0.00500000 0.03435683 -0.00344038
v 0.00679994 0.03439211 -0.00344682
v 0.00500000 0.03315740 -0.00297570
v 0.00679994 0.03324997 -0.00303108
v 0.00500000 0.03435683 -0.00344038
v 0.00500000 0.03435683 -0.00344038
v 0.00679994 0.03324997 -0.00303108
v 0.00679994 0.03435683 -0.00344038
v 0.00500000 0.03435683 -0.00344038
v 0.00679994 0.03435683 -0.00344038
v 0.00679994 0.03439211 -0.00344682
v 0.00500000 0.03220689 -0.00210911
v 0.00679994 0.03231883 -0.00224966
v 0.00500000 0.03315740 -0.00297570
v 0.00500000 0.03315740 -0.00297570
v 0.00679994 0.03231883 -0.00224966
v 0.00679994 0.03315740 -0.00297570
v 0.00500000 0.03315740 -0.00297570
v 0.00679994 0.03315740 -0.00297570
v 0.00679994 0.03324997 -0.00303108
v 0.00500000 0.03163355 -0.00095782
v 0.00679994 0.03171104 -0.00119704
v 0.00500000 0.03220689 -0.00210911
v 0.00500000 0.03220689 -0.00210911
v 0.00679994 0.03171104 -0.00119704
v 0.00679994 0.03220689 -0.00210911
v 0.00500000 0.03220689 -0.00210911
v 0.00679994 0.03220689 -0.00210911
v 0.00679994 0.03231883 -0.00224966
v 0.00500000 0.03186684 0.00156003
v 0.00679994 0.03171104 0.00119704
v 0.00500000 0.03151488 0.00032294
v 0.00500000 0.03151488 0.00032294
v 0.00679994 0.03171104 0.00119704
v 0.00679994 0.03151488 0.00032294
v 0.00500000 0.03151488 0.00032294
v 0.00679994 0.03151488 0.00032294
v 0.00500000 0.03149998 0.00000000
v 0.00679994 0.03149998 0.00000000
v 0.00500000 0.03149998 0.00000000
v 0.00679994 0.03149998 0.00000000
v 0.00500000 0.03163355 -0.00095782
v 0.00679994 0.03163355 -0.00095782
v 0.00500000 0.03163355 -0.00095782
v 0.00679994 0.03163355 -0.00095782
v 0.00679994 0.03171104 -0.00119704
v 0.00500000 0.03264200 0.00258642
v 0.00679994 0.03231883 0.00224966
v 0.00500000 0.03186684 0.00156003
v 0.00500000 0.03186684 0.00156003
v 0.00679994 0.03231883 0.00224966
v 0.00679994 0.03186684 0.00156003
v 0.00500000 0.03186684 0.00156003
v 0.00679994 0.03186684 0.00156003
v 0.00679994 0.03171104 0.00119704
v 0.00500000 0.03373563 0.00326365
v 0.00679994 0.03324997 0.00303108
v 0.00500000 0.03264200 0.00258642
v 0.00500000 0.03264200 0.00258642
v 0.00679994 0.03324997 0.00303108
v 0.00679994 0.03264200 0.00258642
v 0.00500000 0.03264200 0.00258642
v 0.00679994 0.03264200 0.00258642
v 0.00679994 0.03231883 0.00224966
v 0.00679994 0.03560775 0.00344682
v 0.00679994 0.03499990 0.00349992
v 0.00500000 0.03499990 0.00349992
v 0.00500000 0.03499990 0.00349992
v 0.00679994 0.03499990 0.00349992
v 0.00679994 0.03439211 0.00344682
v 0.00500000 0.03499990 0.00349992
v 0.00679994 0.03439211 0.00344682
v 0.00500000 0.03373563 0.00326365
v 0.00500000 0.03373563 0.00326365
v 0.00679994 0.03439211 0.00344682
v 0.00679994 0.03373563 0.00326365
v 0.00500000 0.03373563 0.00326365
v 0.00679994 0.03373563 0.00326365
v 0.00679994 0.03324997 0.00303108
v -0.00479996 -0.00299996 0.00000000
v -0.00500000 -0.00258678 -0.00107145
v -0.00479996 -0.00277156 -0.00114804
v -0.00479996 -0.00277156 -0.00114804
v -0.00500000 -0.00258678 -0.00107145
v -0.00500000 -0.00197989 -0.00197989
v -0.00479996 -0.00212121 -0.00212121
v -0.00479996 -0.00212121 -0.00212121
v -0.00500000 -0.00197989 -0.00197989
v -0.00500000 -0.00107145 -0.00258678
v -0.00479996 -0.00114804 -0.00277156
v -0.00479996 -0.00114804 -0.00277156
v -0.00500000 -0.00107145 -0.00258678
v -0.00500000 0.00000000 -0.00279993
v -0.00479996 0.00000000 -0.00299996
v -0.00479996 0.00000000 -0.00299996
v -0.00500000 0.00000000 -0.00279993
v -0.00500000 0.00107145 -0.00258678
v -0.00479996 0.00114804 -0.00277156
v -0.00479996 0.00114804 -0.00277156
v -0.00500000 0.00107145 -0.00258678
v -0.00500000 0.00197989 -0.00197989
v -0.00479996 0.00212121 -0.00212121
v -0.00479996 0.00212121 -0.00212121
v -0.00500000 0.00197989 -0.00197989
v -0.00500000 0.00258678 -0.00107145
v -0.00479996 0.00277156 -0.00114804
v -0.00479996 0.00277156 -0.00114804
v -0.00500000 0.00258678 -0.00107145
v -0.00500000 0.00279993 0.00000000
v -0.00479996 0.00299996 0.00000000
v -0.00479996 0.00299996 0.00000000
v -0.00500000 0.00279993 0.00000000
v -0.00500000 0.00258678 0.00107145
v -0.00479996 0.00277156 0.00114804
v -0.00479996 0.00277156 0.00114804
v -0.00500000 0.00258678 0.00107145
v -0.00500000 0.00197989 0.00197989
v -0.00479996 0.00212121 0.00212121
v -0.00479996 0.00212121 0.00212121
v -0.00500000 0.00197989 0.00197989
v -0.00500000 0.00107145 0.00258678
v -0.00479996 0.00114804 0.00277156
v -0.00479996 0.00114804 0.00277156
v -0.00500000 0.00107145 0.00258678
v -0.00500000 0.00000000 0.00279993
v -0.00479996 0.00000000 0.00299996
v -0.00479996 0.00000000 0.00299996
v -0.00500000 0.00000000 0.00279993
v -0.00500000 -0.00107145 0.00258678
v -0.00479996 -0.00114804 0.00277156
v -0.00479996 -0.00114804 0.00277156
v -0.00500000 -0.00107145 0.00258678
v -0.00500000 -0.00197989 0.00197989
v -0.00479996 -0.00212121 0.00212121
v -0.00479996 -0.00212121 0.00212121
v -0.00500000 -0.00197989 0.00197989
v -0.00500000 -0.00258678 0.00107145
v -0.00479996 -0.00277156 0.00114804
v -0.00479996 -0.00277156 0.00114804
v -0.00500000 -0.00258678 0.00107145
v -0.00500000 -0.00279993 0.00000000
v -0.00479996 -0.00299996 0.00000000
v -0.00500000 -0.00279993 0.00000000
v -0.00370032 0.00421274 0.00581199
v -0.00355011 0.00403273 0.00578517
v -0.00369996 0.00433874 0.00583053
v -0.00199997 0.00399995 0.00578022
v -0.00349009 0.00380969 0.00575155
v -0.00348925 0.00379407 0.00574917
v -0.00199997 0.00399995 0.00578022
v -0.00348925 0.00379407 0.00574917
v -0.00199997 0.00233614 0.00551605
v -0.00297648 0.00547790 0.00599098
v -0.00362641 0.00564343 0.00601315
v -0.00199997 0.00399995 0.00578022
v -0.00369918 0.00442743 0.00584352
v -0.00369996 0.00433874 0.00583053
v 0.00297660 0.00547802 0.00599098
v 0.00279164 0.00545120 0.00598735
v 0.00199997 0.00399995 0.00578022
v 0.00229996 0.00542140 0.00598329
v -0.00229996 0.00542140 0.00598329
v 0.00349462 0.00354755 0.00571144
v 0.00346059 0.00383508 0.00575489
v 0.00199997 0.00399995 0.00578022
v 0.00349462 0.00354755 0.00571144
v 0.00199997 0.00399995 0.00578022
v 0.00349992 0.00351709 0.00570649
v 0.00352508 0.00403982 0.00578624
v 0.00370026 0.00423455 0.00581521
v 0.00369996 0.00433874 0.00583053
v 0.00369996 0.00433874 0.00583053
v 0.00363773 0.00553101 0.00599819
v 0.00199997 0.00399995 0.00578022
v 0.00363773 0.00553101 0.00599819
v 0.00362641 0.00564343 0.00601315
v 0.00362641 0.00564343 0.00601315
v 0.00199997 0.00233614 0.00551605
v 0.00349992 0.00351709 0.00570649
v 0.00199997 0.00233614 0.00551605
v 0.00199997 -0.00099229 0.00490052
v 0.00349992 0.00351709 0.00570649
v 0.00199997 -0.00099229 0.00490052
v 0.00349992 -0.00099229 0.00490052
v -0.00348925 0.00379407 0.00574917
v -0.00349992 0.00363105 0.00572413
v -0.00199997 0.00233614 0.00551605
v -0.00199997 0.00233614 0.00551605
v -0.00349992 0.00363105 0.00572413
v -0.00349992 -0.00099229 0.00490052
v -0.00199997 0.00233614 0.00551605
v -0.00349992 -0.00099229 0.00490052
v -0.00199997 -0.00099229 0.00490052
v 0.00609994 0.01819998 0.00249994
v 0.00609994 0.01819998 0.00050000
v 0.00599730 0.01756751 0.00249994
v 0.00599730 0.01756751 0.00050000
v 0.00599730 0.01756751 0.00249994
v 0.00599730 0.01756751 0.00050000
v 0.00569999 0.01699990 0.00249994
v 0.00569999 0.01699990 0.00050000
v 0.00609994 0.02079999 0.00050000
v 0.00599730 0.02143239 0.00050000
v 0.00569999 0.02199995 0.00050000
v 0.00609994 0.01819998 0.00050000
v 0.00569999 0.01699990 0.00050000
v 0.00599730 0.01756751 0.00050000
v 0.00609994 0.02079999 0.00050000
v 0.00609994 0.02079999 0.00249994
v 0.00599730 0.02143239 0.00050000
v 0.00599730 0.02143239 0.00249994
v 0.00599730 0.02143239 0.00050000
v 0.00599730 0.02143239 0.00249994
v 0.00569999 0.02199995 0.00050000
v 0.00569999 0.02199995 0.00249994
v 0.00569999 0.02199995 0.00249994
v 0.00599730 0.02143239 0.00249994
v 0.00609994 0.02079999 0.00249994
v 0.00569999 0.01699990 0.00249994
v 0.00609994 0.01819998 0.00249994
v 0.00599730 0.01756751 0.00249994
v 0.00604868 0.02365875 0.00623792
v 0.00582361 0.02385193 0.00638020
v 0.00569999 0.02391648 0.00627697
v 0.00569999 0.02391648 0.00329989
v 0.00589991 0.02379995 0.00349992
v 0.00569999 0.02391648 0.00627697
v 0.00569999 0.02391648 0.00627697
v 0.00589991 0.02379995 0.00349992
v 0.00600225 0.02371186 0.00349992
v 0.00569999 0.02391648 0.00627697
v 0.00600225 0.02371186 0.00349992
v 0.00604868 0.02365875 0.00623792
v 0.00604868 0.02365875 0.00623792
v 0.00600225 0.02371186 0.00349992
v 0.00623327 0.02335888 0.00349992
v 0.00604868 0.02365875 0.00623792
v 0.00623327 0.02335888 0.00349992
v 0.00621736 0.02339076 0.00610524
v 0.00629991 0.02300000 0.00349992
v 0.00629991 0.02300000 0.00602049
v 0.00623327 0.02335888 0.00349992
v 0.00623327 0.02335888 0.00349992
v 0.00629991 0.02300000 0.00602049
v 0.00629205 0.02311611 0.00603241
v 0.00623327 0.02335888 0.00349992
v 0.00629205 0.02311611 0.00603241
v 0.00621736 0.02339076 0.00610524
v 0.00569999 0.02749997 0.00622737
v 0.00569636 0.02768945 0.00621939
v 0.00569999 0.02749997 -0.00329697
v 0.00569999 0.02749997 -0.00329697
v 0.00569636 0.02768945 0.00621939
v 0.00567573 0.02799129 0.00620973
v 0.00569999 0.02749997 -0.00329697
v 0.00567573 0.02799129 0.00620973
v 0.00567603 0.02798730 -0.00332880
v 0.00567603 0.02798730 -0.00332880
v 0.00567573 0.02799129 0.00620973
v 0.00561136 0.02843689 0.00619978
v 0.00560707 0.02845937 -0.00341743
v 0.00560707 0.02845937 -0.00341743
v 0.00561136 0.02843689 0.00619978
v 0.00534993 0.02933776 0.00616890
v 0.00534993 0.02933776 -0.00368732
v 0.00349992 0.00421315 -0.00269228
v 0.00449991 0.00337058 -0.00215375
v 0.00449991 0.00310701 -0.00251919
v 0.00349992 0.00388378 -0.00314891
v 0.00349992 0.00388378 -0.00314891
v 0.00449991 0.00310701 -0.00251919
v 0.00449991 0.00219071 -0.00334662
v 0.00349992 0.00273842 -0.00418329
v 0.00349992 0.00273842 -0.00418329
v 0.00449991 0.00219071 -0.00334662
v 0.00449991 0.00106585 -0.00385529
v 0.00349992 0.00133228 -0.00481921
v 0.00349992 0.00133228 -0.00481921
v 0.00449991 0.00106585 -0.00385529
v 0.00449991 -0.00016058 -0.00399667
v 0.00349992 -0.00020072 -0.00499594
v 0.00349992 -0.00020072 -0.00499594
v 0.00449991 -0.00016058 -0.00399667
v 0.00449991 -0.00137174 -0.00375742
v 0.00349992 -0.00171459 -0.00469679
v 0.00349992 -0.00171459 -0.00469679
v 0.00449991 -0.00137174 -0.00375742
v 0.00449991 -0.00245214 -0.00316012
v 0.00349992 -0.00306529 -0.00395012
v 0.00349992 -0.00306529 -0.00395012
v 0.00449991 -0.00245214 -0.00316012
v 0.00449991 -0.00329906 -0.00226182
v 0.00349992 -0.00412387 -0.00282723
v 0.00349992 -0.00412387 -0.00282723
v 0.00449991 -0.00329906 -0.00226182
v 0.00449991 -0.00383162 -0.00114798
v 0.00349992 -0.00478953 -0.00143492
v 0.00349992 -0.00478953 -0.00143492
v 0.00449991 -0.00383162 -0.00114798
v 0.00449991 -0.00399923 0.00007514
v 0.00349992 -0.00499910 0.00009392
v 0.00349992 -0.00499910 0.00009392
v 0.00449991 -0.00399923 0.00007514
v 0.00449991 -0.00378579 0.00129110
v 0.00349992 -0.00473225 0.00161386
v 0.00349992 -0.00473225 0.00161386
v 0.00449991 -0.00378579 0.00129110
v 0.00449991 -0.00321180 0.00238413
v 0.00349992 -0.00401473 0.00298011
v 0.00349992 -0.00401473 0.00298011
v 0.00449991 -0.00321180 0.00238413
v 0.00449991 -0.00233179 0.00324994
v 0.00349992 -0.00291467 0.00406253
v 0.00349992 -0.00291467 0.00406253
v 0.00449991 -0.00233179 0.00324994
v 0.00449991 -0.00122958 0.00380629
v 0.00349992 -0.00153697 0.00475788
v 0.00349992 -0.00153697 0.00475788
v 0.00449991 -0.00122958 0.00380629
v 0.00449991 -0.00079383 0.00392038
v 0.00349992 -0.00099229 0.00490052
v 0.00199997 -0.00132620 -0.00149691
v 0.00199997 -0.00412387 -0.00282723
v 0.00199997 -0.00186992 -0.00070921
v 0.00199997 -0.00478953 -0.00143492
v 0.00199997 -0.00199997 0.00000000
v 0.00199997 -0.00499910 0.00009392
v 0.00199997 -0.00198537 0.00024107
v 0.00199997 -0.00473225 0.00161386
v 0.00199997 -0.00164586 0.00113612
v 0.00199997 -0.00401473 0.00298011
v 0.00199997 -0.00092945 0.00177079
v 0.00199997 0.00047863 -0.00194180
v 0.00199997 -0.00020072 -0.00499594
v 0.00199997 -0.00047863 -0.00194180
v 0.00199997 -0.00171459 -0.00469679
v 0.00199997 -0.00306529 -0.00395012
v 0.00199997 -0.00291467 0.00406253
v 0.00199997 -0.00153697 0.00475788
v 0.00199997 0.00000000 0.00199997
v 0.00199997 -0.00099229 0.00490052
v 0.00199997 0.00092945 0.00177079
v 0.00199997 0.00233614 0.00551605
v 0.00199997 0.00164586 0.00113612
v 0.00199997 0.00399995 0.00578022
v 0.00199997 0.00198537 0.00024107
v 0.00199997 0.00199997 0.00000000
v 0.00199997 0.00399995 -0.00299996
v 0.00199997 0.00186992 -0.00070921
v 0.00199997 0.00388378 -0.00314891
v 0.00199997 0.00132620 -0.00149691
v 0.00199997 0.00273842 -0.00418329
v 0.00199997 0.00133228 -0.00481921
v 0.00199997 0.00399995 0.00578022
v -0.00199997 0.00399995 0.00578022
v 0.00199997 0.00399995 -0.00299996
v -0.00199997 0.00399995 -0.00299996
v -0.00199997 -0.00047863 -0.00194180
v -0.00199997 -0.00020072 -0.00499594
v -0.00199997 0.00047863 -0.00194180
v -0.00199997 0.00133228 -0.00481921
v -0.00199997 0.00132620 -0.00149691
v -0.00199997 0.00000000 0.00199997
v -0.00199997 0.00092945 0.00177079
v -0.00199997 0.00233614 0.00551605
v -0.00199997 0.00399995 0.00578022
v -0.00199997 -0.00186992 -0.00070921
v -0.00199997 -0.00412387 -0.00282723
v -0.00199997 -0.00132620 -0.00149691
v -0.00199997 -0.00306529 -0.00395012
v -0.00199997 -0.00171459 -0.00469679
v -0.00199997 0.00164586 0.00113612
v -0.00199997 0.00198537 0.00024107
v -0.00199997 0.00399995 -0.00299996
v -0.00199997 -0.00099229 0.00490052
v -0.00199997 -0.00153697 0.00475788
v -0.00199997 -0.00092945 0.00177079
v -0.00199997 -0.00291467 0.00406253
v -0.00199997 -0.00164586 0.00113612
v -0.00199997 -0.00401473 0.00298011
v -0.00199997 -0.00198537 0.00024107
v -0.00199997 -0.00473225 0.00161386
v -0.00199997 -0.00199997 0.00000000
v -0.00199997 -0.00499910 0.00009392
v -0.00199997 -0.00478953 -0.00143492
v -0.00199997 0.00273842 -0.00418329
v -0.00199997 0.00388378 -0.00314891
v -0.00199997 0.00186992 -0.00070921
v -0.00199997 0.00199997 0.00000000
v 0.00349992 0.00547719 -0.00199997
v 0.00349992 0.00694877 -0.00199997
v 0.00369227 0.00658572 -0.00180763
v 0.00449991 0.00589126 -0.00099999
v 0.00449991 0.00547719 -0.00099999
v 0.00430709 0.00599521 -0.00119281
v 0.00396818 0.00625736 -0.00153172
v 0.00589991 0.02379995 0.00349992
v 0.00569999 0.02391648 0.00329989
v 0.00589991 0.01150000 0.00349992
v 0.00569999 0.01150000 0.00329989
v 0.00630045 0.02041780 0.00582933
v 0.00629991 0.02300000 0.00602049
v 0.00629991 0.02300000 0.00349992
v 0.00629878 0.01151657 0.00497919
v 0.00629991 0.00949997 0.00349992
v 0.00629985 0.00960106 0.00496399
v 0.00629991 0.00949997 0.00496501
v 0.00629926 0.01221317 0.00500798
v 0.00629973 0.01308292 0.00506753
v 0.00629991 0.01611924 0.00537103
v 0.00050000 0.00613391 0.00329989
v 0.00060000 0.00596076 0.00349992
v 0.00086602 0.00649995 0.00329989
v 0.00103915 0.00639999 0.00349992
v 0.00086602 0.00649995 0.00329989
v 0.00103915 0.00639999 0.00349992
v 0.00099999 0.00699997 0.00329989
v 0.00119990 0.00699997 0.00349992
v 0.00099999 0.00699997 0.00329989
v 0.00119990 0.00699997 0.00349992
v 0.00086602 0.00749993 0.00329989
v 0.00103915 0.00759989 0.00349992
v 0.00086602 0.00749993 0.00329989
v 0.00103915 0.00759989 0.00349992
v 0.00050000 0.00786602 0.00329989
v 0.00060000 0.00803918 0.00349992
v 0.00050000 0.00786602 0.00329989
v 0.00060000 0.00803918 0.00349992
v 0.00000000 0.00799996 0.00329989
v 0.00000000 0.00819999 0.00349992
v 0.00000000 0.00799996 0.00329989
v 0.00000000 0.00819999 0.00349992
v -0.00050000 0.00786602 0.00329989
v -0.00060000 0.00803918 0.00349992
v -0.00050000 0.00786602 0.00329989
v -0.00060000 0.00803918 0.00349992
v -0.00086602 0.00749993 0.00329989
v -0.00103915 0.00759989 0.00349992
v -0.00086602 0.00749993 0.00329989
v -0.00103915 0.00759989 0.00349992
v -0.00099999 0.00699997 0.00329989
v -0.00119990 0.00699997 0.00349992
v -0.00099999 0.00699997 0.00329989
v -0.00119990 0.00699997 0.00349992
v -0.00086602 0.00649995 0.00329989
v -0.00103915 0.00639999 0.00349992
v -0.00086602 0.00649995 0.00329989
v -0.00103915 0.00639999 0.00349992
v -0.00050000 0.00613391 0.00329989
v -0.00060000 0.00596076 0.00349992
v -0.00050000 0.00613391 0.00329989
v -0.00060000 0.00596076 0.00349992
v 0.00000000 0.00599998 0.00329989
v 0.00000000 0.00579995 0.00349992
v 0.00000000 0.00599998 0.00329989
v 0.00000000 0.00579995 0.00349992
v 0.00050000 0.00613391 0.00329989
v 0.00060000 0.00596076 0.00349992
v 0.00296497 0.00555557 0.00595599
v 0.00360232 0.00571793 0.00597817
v 0.00335544 0.00564176 0.00349992
v 0.00436532 0.00607550 0.00594181
v 0.00459999 0.00622737 0.00349992
v 0.00420004 0.00598025 0.00596249
v 0.00420004 0.00598025 0.00596249
v 0.00459999 0.00622737 0.00349992
v 0.00335544 0.00564176 0.00349992
v 0.00420004 0.00598025 0.00596249
v 0.00335544 0.00564176 0.00349992
v 0.00370151 0.00575352 0.00598162
v 0.00370151 0.00575352 0.00598162
v 0.00335544 0.00564176 0.00349992
v 0.00360232 0.00571793 0.00597817
v 0.00296497 0.00555557 0.00595599
v 0.00335544 0.00564176 0.00349992
v 0.00278276 0.00552916 0.00595236
v 0.00278276 0.00552916 0.00595236
v 0.00335544 0.00564176 0.00349992
v 0.00229996 0.00549990 0.00349992
v 0.00278276 0.00552916 0.00595236
v 0.00229996 0.00549990 0.00349992
v 0.00229996 0.00549990 0.00594831
v 0.00629991 0.00949997 0.00496501
v 0.00629991 0.00949997 0.00349992
v 0.00626761 0.00898719 0.00500512
v 0.00626761 0.00898719 0.00500512
v 0.00629991 0.00949997 0.00349992
v 0.00615817 0.00844449 0.00349992
v 0.00626326 0.00895315 0.00501013
v 0.00626326 0.00895315 0.00501013
v 0.00615817 0.00844449 0.00349992
v 0.00612980 0.00834554 0.00514108
v 0.00612980 0.00834554 0.00514108
v 0.00615817 0.00844449 0.00349992
v 0.00607961 0.00819087 0.00518572
v 0.00607961 0.00819087 0.00518572
v 0.00615817 0.00844449 0.00349992
v 0.00557256 0.00719994 0.00349992
v 0.00607961 0.00819087 0.00518572
v 0.00557256 0.00719994 0.00349992
v 0.00589252 0.00774115 0.00533515
v 0.00436532 0.00607550 0.00594181
v 0.00460029 0.00622809 0.00590050
v 0.00459999 0.00622737 0.00349992
v 0.00459999 0.00622737 0.00349992
v 0.00460029 0.00622809 0.00590050
v 0.00470298 0.00630230 0.00587773
v 0.00459999 0.00622737 0.00349992
v 0.00470298 0.00630230 0.00587773
v 0.00505698 0.00660306 0.00577277
v 0.00505698 0.00660306 0.00577277
v 0.00515193 0.00669545 0.00573814
v 0.00459999 0.00622737 0.00349992
v 0.00459999 0.00622737 0.00349992
v 0.00515193 0.00669545 0.00573814
v 0.00556326 0.00718683 0.00554603
v 0.00459999 0.00622737 0.00349992
v 0.00556326 0.00718683 0.00554603
v 0.00557256 0.00719994 0.00349992
v 0.00557256 0.00719994 0.00349992
v 0.00556326 0.00718683 0.00554603
v 0.00557256 0.00719994 0.00554079
v 0.00557256 0.00719994 0.00349992
v 0.00557256 0.00719994 0.00554079
v 0.00589252 0.00774115 0.00533515
v 0.00229996 0.00549990 0.00594831
v -0.00229996 0.00549990 0.00594831
v 0.00229996 0.00542140 0.00598329
v -0.00229996 0.00542140 0.00598329
v -0.00609994 0.02079999 0.00050000
v -0.00609994 0.02079999 0.00249994
v -0.00609994 0.01819998 0.00050000
v -0.00609994 0.01819998 0.00249994
v 0.00490427 0.03223991 -0.00439078
v 0.00484520 0.03189271 -0.00447792
v 0.00496203 0.03188067 -0.00421649
v 0.00442892 0.03190970 -0.00484639
v 0.00465900 0.03190279 -0.00469548
v 0.00478333 0.03220933 -0.00458264
v 0.00500000 0.03253459 -0.00401729
v 0.00500000 0.03273242 -0.00408006
v 0.00498819 0.03268039 -0.00422233
v 0.00496203 0.03188067 -0.00421649
v 0.00499988 0.03186810 -0.00394422
v 0.00500000 0.03202748 -0.00394267
v 0.00500000 0.03253459 -0.00401729
v 0.00498819 0.03268039 -0.00422233
v 0.00500000 0.03202748 -0.00394267
v 0.00442892 0.03190970 -0.00484639
v 0.00478333 0.03220933 -0.00458264
v 0.00463367 0.03219527 -0.00473475
v 0.00463367 0.03219527 -0.00473475
v 0.00478333 0.03220933 -0.00458264
v 0.00488800 0.03257441 -0.00451165
v 0.00463367 0.03219527 -0.00473475
v 0.00488800 0.03257441 -0.00451165
v 0.00484788 0.03264111 -0.00461417
v 0.00484788 0.03264111 -0.00461417
v 0.00488800 0.03257441 -0.00451165
v 0.00496155 0.03306257 -0.00454724
v 0.00496155 0.03306257 -0.00454724
v 0.00488800 0.03257441 -0.00451165
v 0.00498569 0.03304696 -0.00441563
v 0.00496155 0.03306257 -0.00454724
v 0.00498569 0.03304696 -0.00441563
v 0.00500000 0.03349989 -0.00450909
v 0.00500000 0.03298550 -0.00418961
v 0.00500000 0.03349989 -0.00450909
v 0.00498569 0.03304696 -0.00441563
v 0.00500000 0.03202748 -0.00394267
v 0.00498819 0.03268039 -0.00422233
v 0.00496203 0.03188067 -0.00421649
v 0.00496203 0.03188067 -0.00421649
v 0.00498819 0.03268039 -0.00422233
v 0.00495082 0.03262597 -0.00437075
v 0.00496203 0.03188067 -0.00421649
v 0.00495082 0.03262597 -0.00437075
v 0.00490427 0.03223991 -0.00439078
v 0.00500000 0.03273242 -0.00408006
v 0.00500000 0.03298550 -0.00418961
v 0.00498819 0.03268039 -0.00422233
v 0.00498569 0.03304696 -0.00441563
v 0.00498819 0.03268039 -0.00422233
v 0.00498569 0.03304696 -0.00441563
v 0.00495082 0.03262597 -0.00437075
v 0.00495082 0.03262597 -0.00437075
v 0.00498569 0.03304696 -0.00441563
v 0.00488800 0.03257441 -0.00451165
v 0.00495082 0.03262597 -0.00437075
v 0.00488800 0.03257441 -0.00451165
v 0.00490427 0.03223991 -0.00439078
v 0.00490427 0.03223991 -0.00439078
v 0.00488800 0.03257441 -0.00451165
v 0.00478333 0.03220933 -0.00458264
v 0.00490427 0.03223991 -0.00439078
v 0.00478333 0.03220933 -0.00458264
v 0.00484520 0.03189271 -0.00447792
v 0.00484520 0.03189271 -0.00447792
v 0.00478333 0.03220933 -0.00458264
v 0.00465900 0.03190279 -0.00469548
v 0.00515544 0.02993845 -0.00389886
v 0.00500000 0.03116589 0.00592721
v 0.00504339 0.03051823 -0.00396806
v 0.00504339 0.03051823 -0.00396806
v 0.00500000 0.03116589 0.00592721
v 0.00500000 0.03117555 0.00592595
v 0.00504339 0.03051823 -0.00396806
v 0.00500000 0.03117555 0.00592595
v 0.00500000 0.03117555 -0.00396788
v 0.00534993 0.02933776 -0.00368732
v 0.00534993 0.02933776 0.00616890
v 0.00520801 0.02974832 0.00613326
v 0.00534993 0.02933776 -0.00368732
v 0.00520801 0.02974832 0.00613326
v 0.00529236 0.02949059 -0.00376040
v 0.00529236 0.02949059 -0.00376040
v 0.00520801 0.02974832 0.00613326
v 0.00504839 0.03048092 0.00605154
v 0.00529236 0.02949059 -0.00376040
v 0.00504839 0.03048092 0.00605154
v 0.00515544 0.02993845 -0.00389886
v 0.00515544 0.02993845 -0.00389886
v 0.00504839 0.03048092 0.00605154
v 0.00504148 0.03053265 0.00604564
v 0.00515544 0.02993845 -0.00389886
v 0.00504148 0.03053265 0.00604564
v 0.00500000 0.03116589 0.00592721
v 0.00519991 0.03688359 -0.00516737
v 0.00500000 0.03681504 -0.00497937
v 0.00500000 0.03757238 -0.00463378
v 0.00519991 0.03766942 -0.00480866
v 0.00519991 0.03766942 -0.00480866
v 0.00500000 0.03757238 -0.00463378
v 0.00500000 0.03878349 -0.00371146
v 0.00519991 0.03892624 -0.00385147
v 0.00519991 0.03892624 -0.00385147
v 0.00500000 0.03878349 -0.00371146
v 0.00500000 0.03968238 -0.00248283
v 0.00519991 0.03985905 -0.00257647
v 0.00519991 0.03985905 -0.00257647
v 0.00500000 0.03968238 -0.00248283
v 0.00500000 0.04019498 -0.00104928
v 0.00519991 0.04039102 -0.00108892
v 0.00519991 0.04039102 -0.00108892
v 0.00500000 0.04019498 -0.00104928
v 0.00500000 0.04027903 0.00047068
v 0.00519991 0.04047816 0.00048844
v 0.00519991 0.04047816 0.00048844
v 0.00500000 0.04027903 0.00047068
v 0.00500000 0.03992748 0.00195187
v 0.00519991 0.04011332 0.00202549
v 0.00519991 0.04011332 0.00202549
v 0.00500000 0.03992748 0.00195187
v 0.00500000 0.03916931 0.00327200
v 0.00519991 0.03932660 0.00339544
v 0.00519991 0.03932660 0.00339544
v 0.00500000 0.03916931 0.00327200
v 0.00500000 0.03806722 0.00432217
v 0.00519991 0.03818297 0.00448531
v 0.00519991 0.03818297 0.00448531
v 0.00500000 0.03806722 0.00432217
v 0.00500000 0.03671199 0.00501585
v 0.00519991 0.03677660 0.00520504
v 0.00519991 0.03677660 0.00520504
v 0.00500000 0.03671199 0.00501585
v 0.00500000 0.03590548 0.00522202
v 0.00519991 0.03593969 0.00541908
v 0.00689989 0.03859990 0.00000000
v 0.00689989 0.03929996 0.00000000
v 0.00689989 0.03838282 0.00123125
v 0.00689989 0.03916835 0.00105548
v 0.00689989 0.03775775 0.00231403
v 0.00689989 0.03859972 0.00235182
v 0.00689989 0.03679990 0.00311768
v 0.00689989 0.03764104 0.00339329
v 0.00689989 0.03562510 0.00354528
v 0.00689989 0.03639620 0.00406694
v 0.00689989 0.03437483 0.00354528
v 0.00689989 0.03139996 0.00000000
v 0.00689989 0.03071469 -0.00035509
v 0.00689989 0.03161710 -0.00123125
v 0.00689989 0.03106212 -0.00172728
v 0.00689989 0.03224217 -0.00231403
v 0.00689989 0.03183639 -0.00291222
v 0.00689989 0.03319990 -0.00311768
v 0.00689989 0.03295338 -0.00378168
v 0.00689989 0.03437483 -0.00354528
v 0.00689989 0.03429222 -0.00424135
v 0.00689989 0.03562510 -0.00354528
v 0.00689989 0.03570771 -0.00424135
v 0.00689989 0.03679990 -0.00311768
v 0.00689989 0.03704655 -0.00378168
v 0.00689989 0.03775775 -0.00231403
v 0.00689989 0.03816360 -0.00291222
v 0.00689989 0.03838282 -0.00123125
v 0.00689989 0.03893774 -0.00172728
v 0.00689989 0.03928530 -0.00035509
v 0.00689989 0.03499990 0.00430000
v 0.00689989 0.03360372 0.00406694
v 0.00689989 0.03319990 0.00311768
v 0.00689989 0.03235888 0.00339329
v 0.00689989 0.03224217 0.00231403
v 0.00689989 0.03140014 0.00235182
v 0.00689989 0.03161710 0.00123125
v 0.00689989 0.03083157 0.00105548
v 0.00689989 0.03069990 0.00000000
v 0.00769997 0.03278172 0.00379980
v 0.00759989 0.03283208 0.00371355
v 0.00756085 0.03351217 0.00403434
v 0.00769997 0.03278172 0.00379980
v 0.00756085 0.03351217 0.00403434
v 0.00767255 0.03334271 0.00408679
v 0.00767255 0.03334271 0.00408679
v 0.00756085 0.03351217 0.00403434
v 0.00755161 0.03360384 0.00406694
v 0.00767255 0.03334271 0.00408679
v 0.00755161 0.03360384 0.00406694
v 0.00760776 0.03396129 0.00429416
v 0.00760776 0.03396129 0.00429416
v 0.00755161 0.03360384 0.00406694
v 0.00747913 0.03423631 0.00423157
v 0.00760776 0.03396129 0.00429416
v 0.00747913 0.03423631 0.00423157
v 0.00757682 0.03422540 0.00435364
v 0.00757682 0.03422540 0.00435364
v 0.00747913 0.03423631 0.00423157
v 0.00752908 0.03464949 0.00441605
v 0.00752908 0.03464949 0.00441605
v 0.00747913 0.03423631 0.00423157
v 0.00740403 0.03498083 0.00429988
v 0.00752908 0.03464949 0.00441605
v 0.00740403 0.03498083 0.00429988
v 0.00749695 0.03498733 0.00443673
v 0.00737327 0.03573465 0.00423670
v 0.00746137 0.03575980 0.00438190
v 0.00740403 0.03498083 0.00429988
v 0.00740403 0.03498083 0.00429988
v 0.00746137 0.03575980 0.00438190
v 0.00747222 0.03535044 0.00442970
v 0.00740403 0.03498083 0.00429988
v 0.00747222 0.03535044 0.00442970
v 0.00749695 0.03498733 0.00443673
v 0.00520003 0.03019160 0.00624472
v 0.00530046 0.02979326 0.00628942
v 0.00550699 0.03177267 0.00605154
v 0.00520003 0.03019160 0.00624472
v 0.00550699 0.03177267 0.00605154
v 0.00519991 0.03593969 0.00541908
v 0.00519991 0.03593969 0.00541908
v 0.00550699 0.03177267 0.00605154
v 0.00565004 0.03387427 0.00575501
v 0.00519991 0.03593969 0.00541908
v 0.00565004 0.03387427 0.00575501
v 0.00569999 0.03593975 0.00541914
v 0.00520801 0.02974832 0.00613326
v 0.00534993 0.02933776 0.00616890
v 0.00530046 0.02979326 0.00628942
v 0.00530046 0.02979326 0.00628942
v 0.00534993 0.02933776 0.00616890
v 0.00545275 0.02938818 0.00632477
v 0.00545275 0.02938818 0.00632477
v 0.00534993 0.02933776 0.00616890
v 0.00574368 0.02846521 0.00635189
v 0.00574368 0.02846521 0.00635189
v 0.00534993 0.02933776 0.00616890
v 0.00561136 0.02843689 0.00619978
v 0.00574368 0.02846521 0.00635189
v 0.00561136 0.02843689 0.00619978
v 0.00581652 0.02800917 0.00636005
v 0.00581652 0.02800917 0.00636005
v 0.00561136 0.02843689 0.00619978
v 0.00567573 0.02799129 0.00620973
v 0.00581652 0.02800917 0.00636005
v 0.00567573 0.02799129 0.00620973
v 0.00584084 0.02770054 0.00636876
v 0.00584084 0.02770054 0.00636876
v 0.00567573 0.02799129 0.00620973
v 0.00569636 0.02768945 0.00621939
v 0.00584084 0.02770054 0.00636876
v 0.00569636 0.02768945 0.00621939
v 0.00584590 0.02750670 0.00637627
v 0.00584590 0.02750670 0.00637627
v 0.00569636 0.02768945 0.00621939
v 0.00569999 0.02749997 0.00622737
v 0.00584590 0.02750670 0.00637627
v 0.00569999 0.02749997 0.00622737
v 0.00586611 0.02392137 0.00641775
v 0.00586611 0.02392137 0.00641775
v 0.00569999 0.02749997 0.00622737
v 0.00569999 0.02391648 0.00627697
v 0.00586611 0.02392137 0.00641775
v 0.00569999 0.02391648 0.00627697
v 0.00582361 0.02385193 0.00638020
v 0.00629205 0.02311611 0.00603241
v 0.00629991 0.02300000 0.00602049
v 0.00639576 0.02299851 0.00604808
v 0.00618470 0.02363461 0.00622845
v 0.00586611 0.02392137 0.00641775
v 0.00582361 0.02385193 0.00638020
v 0.00629205 0.02311611 0.00603241
v 0.00639576 0.02299851 0.00604808
v 0.00621736 0.02339076 0.00610524
v 0.00582361 0.02385193 0.00638020
v 0.00604868 0.02365875 0.00623792
v 0.00618470 0.02363461 0.00622845
v 0.00618470 0.02363461 0.00622845
v 0.00604868 0.02365875 0.00623792
v 0.00621736 0.02339076 0.00610524
v 0.00618470 0.02363461 0.00622845
v 0.00621736 0.02339076 0.00610524
v 0.00634754 0.02331417 0.00610119
v 0.00634754 0.02331417 0.00610119
v 0.00621736 0.02339076 0.00610524
v 0.00639576 0.02299851 0.00604808
v 0.00629991 0.02300000 0.00602049
v 0.00630045 0.02041780 0.00582933
v 0.00639576 0.02299851 0.00604808
v 0.00639743 0.02027529 0.00584686
v 0.00639743 0.02027529 0.00584686
v 0.00630045 0.02041780 0.00582933
v 0.00639910 0.01656299 0.00544608
v 0.00639910 0.01656299 0.00544608
v 0.00630045 0.02041780 0.00582933
v 0.00629991 0.01611924 0.00537103
v 0.00639910 0.01656299 0.00544608
v 0.00629991 0.01611924 0.00537103
v 0.00639933 0.01604586 0.00538731
v 0.00639933 0.01604586 0.00538731
v 0.00629991 0.01611924 0.00537103
v 0.00639981 0.01338452 0.00511664
v 0.00639981 0.01338452 0.00511664
v 0.00629991 0.01611924 0.00537103
v 0.00629973 0.01308292 0.00506753
v 0.00639981 0.01338452 0.00511664
v 0.00629973 0.01308292 0.00506753
v 0.00639987 0.01221185 0.00502860
v 0.00639987 0.01221185 0.00502860
v 0.00629973 0.01308292 0.00506753
v 0.00629926 0.01221317 0.00500798
v 0.00639987 0.01221185 0.00502860
v 0.00629926 0.01221317 0.00500798
v 0.00639981 0.01141220 0.00499457
v 0.00639981 0.01141220 0.00499457
v 0.00629926 0.01221317 0.00500798
v 0.00629878 0.01151657 0.00497919
v 0.00639981 0.01141220 0.00499457
v 0.00629878 0.01151657 0.00497919
v 0.00639921 0.00950020 0.00498945
v 0.00639921 0.00950020 0.00498945
v 0.00629878 0.01151657 0.00497919
v 0.00629985 0.00960106 0.00496399
v 0.00639921 0.00950020 0.00498945
v 0.00629985 0.00960106 0.00496399
v 0.00629991 0.00949997 0.00496501
v 0.00639921 0.00950020 0.00498945
v 0.00629991 0.00949997 0.00496501
v 0.00626761 0.00898719 0.00500512
v 0.00639921 0.00950020 0.00498945
v 0.00626761 0.00898719 0.00500512
v 0.00636059 0.00894785 0.00503480
v 0.00636059 0.00894785 0.00503480
v 0.00626761 0.00898719 0.00500512
v 0.00626326 0.00895315 0.00501013
v 0.00636059 0.00894785 0.00503480
v 0.00626326 0.00895315 0.00501013
v 0.00624168 0.00838792 0.00515133
v 0.00624168 0.00838792 0.00515133
v 0.00626326 0.00895315 0.00501013
v 0.00612980 0.00834554 0.00514108
v 0.00624168 0.00838792 0.00515133
v 0.00612980 0.00834554 0.00514108
v 0.00617170 0.00816709 0.00521302
v 0.00617170 0.00816709 0.00521302
v 0.00612980 0.00834554 0.00514108
v 0.00607961 0.00819087 0.00518572
v 0.00617170 0.00816709 0.00521302
v 0.00607961 0.00819087 0.00518572
v 0.00603723 0.00782937 0.00532115
v 0.00603723 0.00782937 0.00532115
v 0.00607961 0.00819087 0.00518572
v 0.00589252 0.00774115 0.00533515
v 0.00603723 0.00782937 0.00532115
v 0.00589252 0.00774115 0.00533515
v 0.00574398 0.00729269 0.00551802
v 0.00574398 0.00729269 0.00551802
v 0.00589252 0.00774115 0.00533515
v 0.00557256 0.00719994 0.00554079
v 0.00574398 0.00729269 0.00551802
v 0.00557256 0.00719994 0.00554079
v 0.00572038 0.00725693 0.00553185
v 0.00572038 0.00725693 0.00553185
v 0.00557256 0.00719994 0.00554079
v 0.00556326 0.00718683 0.00554603
v 0.00572038 0.00725693 0.00553185
v 0.00556326 0.00718683 0.00554603
v 0.00530547 0.00673193 0.00573617
v 0.00530547 0.00673193 0.00573617
v 0.00556326 0.00718683 0.00554603
v 0.00515193 0.00669545 0.00573814
v 0.00512135 0.00654739 0.00580597
v 0.00505698 0.00660306 0.00577277
v 0.00481910 0.00628978 0.00589657
v 0.00360232 0.00571793 0.00597817
v 0.00362641 0.00564343 0.00601315
v 0.00370151 0.00575352 0.00598162
v 0.00370151 0.00575352 0.00598162
v 0.00362641 0.00564343 0.00601315
v 0.00376326 0.00569332 0.00601733
v 0.00370151 0.00575352 0.00598162
v 0.00376326 0.00569332 0.00601733
v 0.00420004 0.00598025 0.00596249
v 0.00420004 0.00598025 0.00596249
v 0.00376326 0.00569332 0.00601733
v 0.00427651 0.00593275 0.00599366
v 0.00420004 0.00598025 0.00596249
v 0.00427651 0.00593275 0.00599366
v 0.00436532 0.00607550 0.00594181
v 0.00441009 0.00600982 0.00597709
v 0.00436532 0.00607550 0.00594181
v 0.00441009 0.00600982 0.00597709
v 0.00460029 0.00622809 0.00590050
v 0.00460029 0.00622809 0.00590050
v 0.00441009 0.00600982 0.00597709
v 0.00481910 0.00628978 0.00589657
v 0.00460029 0.00622809 0.00590050
v 0.00481910 0.00628978 0.00589657
v 0.00470298 0.00630230 0.00587773
v 0.00470298 0.00630230 0.00587773
v 0.00481910 0.00628978 0.00589657
v 0.00505698 0.00660306 0.00577277
v 0.00444817 0.00438672 0.00565130
v 0.00446737 0.00446945 0.00577432
v 0.00437886 0.00446314 0.00578988
v 0.00444817 0.00438672 0.00565130
v 0.00437886 0.00446314 0.00578988
v 0.00408095 0.00432426 0.00572801
v 0.00437886 0.00446314 0.00578988
v 0.00399381 0.00438476 0.00582635
v 0.00408095 0.00432426 0.00572801
v 0.00408095 0.00432426 0.00572801
v 0.00399381 0.00438476 0.00582635
v 0.00370026 0.00423455 0.00581521
v 0.00408095 0.00432426 0.00572801
v 0.00370026 0.00423455 0.00581521
v 0.00379705 0.00420052 0.00575095
v 0.00379705 0.00420052 0.00575095
v 0.00370026 0.00423455 0.00581521
v 0.00352508 0.00403982 0.00578624
v 0.00379705 0.00420052 0.00575095
v 0.00352508 0.00403982 0.00578624
v 0.00360620 0.00401390 0.00574022
v 0.00360620 0.00401390 0.00574022
v 0.00352508 0.00403982 0.00578624
v 0.00353277 0.00384456 0.00572610
v 0.00353277 0.00384456 0.00572610
v 0.00352508 0.00403982 0.00578624
v 0.00346059 0.00383508 0.00575489
v 0.00353277 0.00384456 0.00572610
v 0.00346059 0.00383508 0.00575489
v 0.00352919 0.00380975 0.00572187
v 0.00352919 0.00380975 0.00572187
v 0.00346059 0.00383508 0.00575489
v 0.00349462 0.00354755 0.00571144
v 0.00352919 0.00380975 0.00572187
v 0.00349462 0.00354755 0.00571144
v 0.00349992 0.00351709 0.00570649
v 0.00446737 0.00446945 0.00577432
v 0.00444817 0.00438672 0.00565130
v 0.00469786 0.00440174 0.00559539
v 0.00446737 0.00446945 0.00577432
v 0.00469786 0.00440174 0.00559539
v 0.00511020 0.00451696 0.00559658
v 0.00511020 0.00451696 0.00559658
v 0.00469786 0.00440174 0.00559539
v 0.00515890 0.00444174 0.00544608
v 0.00511020 0.00451696 0.00559658
v 0.00515890 0.00444174 0.00544608
v 0.00519639 0.00452572 0.00556386
v 0.00519639 0.00452572 0.00556386
v 0.00515890 0.00444174 0.00544608
v 0.00559640 0.00449628 0.00524259
v 0.00564498 0.00458121 0.00535506
v 0.00564498 0.00458121 0.00535506
v 0.00559640 0.00449628 0.00524259
v 0.00566137 0.00450593 0.00520652
v 0.00571162 0.00459111 0.00531811
v 0.00628978 0.00469655 0.00491953
v 0.00587964 0.00461775 0.00521737
v 0.00566137 0.00450593 0.00520652
v 0.00566137 0.00450593 0.00520652
v 0.00587964 0.00461775 0.00521737
v 0.00573420 0.00459445 0.00530523
v 0.00566137 0.00450593 0.00520652
v 0.00573420 0.00459445 0.00530523
v 0.00571162 0.00459111 0.00531811
v 0.00566137 0.00450593 0.00520652
v 0.00606275 0.00457591 0.00494540
v 0.00628978 0.00469655 0.00491953
v 0.00628978 0.00469655 0.00491953
v 0.00606275 0.00457591 0.00494540
v 0.00634211 0.00463706 0.00471717
v 0.00628978 0.00469655 0.00491953
v 0.00634211 0.00463706 0.00471717
v 0.00648999 0.00474358 0.00474203
v 0.00648999 0.00474358 0.00474203
v 0.00634211 0.00463706 0.00471717
v 0.00691766 0.00509947 0.00429064
v 0.00691766 0.00509947 0.00429064
v 0.00634211 0.00463706 0.00471717
v 0.00645608 0.00473118 0.00436497
v 0.00691766 0.00509947 0.00429064
v 0.00645608 0.00473118 0.00436497
v 0.00704974 0.00522476 0.00411218
v 0.00704974 0.00522476 0.00411218
v 0.00645608 0.00473118 0.00436497
v 0.00663489 0.00490546 0.00387746
v 0.00704974 0.00522476 0.00411218
v 0.00663489 0.00490546 0.00387746
v 0.00724256 0.00542575 0.00379980
v 0.00684833 0.00513959 0.00346452
v 0.00724256 0.00542575 0.00379980
v 0.00684833 0.00513959 0.00346452
v 0.00742263 0.00564176 0.00341988
v 0.00696814 0.00527662 0.00324798
v 0.00742263 0.00564176 0.00341988
v 0.00696814 0.00527662 0.00324798
v 0.00748396 0.00572485 0.00325763
v 0.00748396 0.00572485 0.00325763
v 0.00696814 0.00527662 0.00324798
v 0.00709528 0.00544941 0.00294936
v 0.00748396 0.00572485 0.00325763
v 0.00709528 0.00544941 0.00294936
v 0.00762433 0.00595629 0.00274462
v 0.00709528 0.00544941 0.00294936
v 0.00720155 0.00563186 0.00258720
v 0.00762433 0.00595629 0.00274462
v 0.00762433 0.00595629 0.00274462
v 0.00720155 0.00563186 0.00258720
v 0.00723004 0.00569475 0.00244713
v 0.00762433 0.00595629 0.00274462
v 0.00723004 0.00569475 0.00244713
v 0.00769567 0.00616753 0.00215936
v 0.00769567 0.00616753 0.00215936
v 0.00723004 0.00569475 0.00244713
v 0.00728029 0.00590908 0.00187677
v 0.00769567 0.00616753 0.00215936
v 0.00728029 0.00590908 0.00187677
v 0.00769997 0.00622237 0.00197613
v 0.00684833 0.00513959 0.00346452
v 0.00449991 0.00514144 0.00346482
v 0.00696814 0.00527662 0.00324798
v 0.00696814 0.00527662 0.00324798
v 0.00449991 0.00514144 0.00346482
v 0.00449991 0.00569785 0.00244415
v 0.00696814 0.00527662 0.00324798
v 0.00449991 0.00569785 0.00244415
v 0.00709528 0.00544941 0.00294936
v 0.00709528 0.00544941 0.00294936
v 0.00449991 0.00569785 0.00244415
v 0.00720155 0.00563186 0.00258720
v 0.00449991 0.00609094 0.00115734
v 0.00728029 0.00590908 0.00187677
v 0.00449991 0.00569785 0.00244415
v 0.00449991 0.00569785 0.00244415
v 0.00728029 0.00590908 0.00187677
v 0.00723004 0.00569475 0.00244713
v 0.00449991 0.00569785 0.00244415
v 0.00723004 0.00569475 0.00244713
v 0.00720155 0.00563186 0.00258720
v 0.00449991 0.00619990 0.00000000
v 0.00728029 0.00619990 0.00000000
v 0.00449991 0.00609094 0.00115734
v 0.00728029 0.00609094 0.00115734
v 0.00449991 0.00609094 0.00115734
v 0.00728029 0.00609094 0.00115734
v 0.00728029 0.00590908 0.00187677
v 0.00500000 0.03264200 0.00258642
v 0.00500000 0.03186684 0.00156003
v 0.00500000 0.03450000 -0.00575107
v 0.00500000 0.03450000 -0.00569999
v 0.00500000 0.03508538 -0.00558251
v 0.00500000 0.04019498 -0.00104928
v 0.00500000 0.03511220 -0.00557589
v 0.00500000 0.03681504 -0.00497937
v 0.00499988 0.03186810 -0.00394422
v 0.00500000 0.03117555 -0.00396788
v 0.00500000 0.03220689 -0.00210911
v 0.00500000 0.03757238 -0.00463378
v 0.00500000 0.03968238 -0.00248283
v 0.00500000 0.03878349 -0.00371146
v 0.00500000 0.03735786 0.00258642
v 0.00500000 0.03626430 0.00326365
v 0.00500000 0.03671199 0.00501585
v 0.00500000 0.03590548 0.00522202
v 0.00500000 0.03499990 0.00349992
v 0.00500000 0.03373563 0.00326365
v 0.00500000 0.03435683 -0.00344038
v 0.00500000 0.03349989 -0.00450909
v 0.00500000 0.03315740 -0.00297570
v 0.00500000 0.03298550 -0.00418961
v 0.00500000 0.03349989 -0.00549990
v 0.00500000 0.03369992 -0.00549990
v 0.00500000 0.03408843 -0.00564372
v 0.00500000 0.03564310 -0.00344038
v 0.00500000 0.03684240 -0.00297570
v 0.00500000 0.03273242 -0.00408006
v 0.00500000 0.03253459 -0.00401729
v 0.00500000 0.03202748 -0.00394267
v 0.00500000 0.03779304 -0.00210911
v 0.00500000 0.03836631 -0.00095782
v 0.00500000 0.04027903 0.00047068
v 0.00500000 0.03151488 0.00032294
v 0.00500000 0.03149998 0.00000000
v 0.00500000 0.03163355 -0.00095782
v 0.00500000 0.03806722 0.00432217
v 0.00500000 0.03916931 0.00327200
v 0.00500000 0.03813302 0.00156003
v 0.00500000 0.03992748 0.00195187
v 0.00500000 0.03848505 0.00032294
v 0.00500000 0.03849995 0.00000000
v 0.00249994 0.03099989 -0.00539547
v 0.00249994 0.03099989 -0.00549990
v -0.00249994 0.03099989 -0.00539547
v -0.00249994 0.03099989 -0.00549990
v 0.00470769 0.03330349 -0.00549990
v 0.00500000 0.03369992 -0.00549990
v 0.00491101 0.03399103 -0.00569999
v 0.00491101 0.03399103 -0.00569999
v 0.00500000 0.03369992 -0.00549990
v 0.00500000 0.03408843 -0.00564372
v 0.00491101 0.03399103 -0.00569999
v 0.00500000 0.03408843 -0.00564372
v 0.00500000 0.03450000 -0.00569999
v 0.00349992 0.03299999 -0.00569999
v 0.00349992 0.03279989 -0.00549990
v 0.00402212 0.03309381 -0.00569999
v 0.00409168 0.03290629 -0.00549990
v 0.00402212 0.03309381 -0.00569999
v 0.00409168 0.03290629 -0.00549990
v 0.00455558 0.03343433 -0.00569999
v 0.00455558 0.03343433 -0.00569999
v 0.00409168 0.03290629 -0.00549990
v 0.00470769 0.03330349 -0.00549990
v 0.00455558 0.03343433 -0.00569999
v 0.00470769 0.03330349 -0.00549990
v 0.00456554 0.03344434 -0.00569999
v 0.00456554 0.03344434 -0.00569999
v 0.00470769 0.03330349 -0.00549990
v 0.00491101 0.03399103 -0.00569999
v -0.00449991 0.00000000 -0.00299996
v -0.00479996 0.00114804 -0.00277156
v -0.00449991 0.00114804 -0.00277156
v -0.00449991 0.00114804 -0.00277156
v -0.00479996 0.00114804 -0.00277156
v -0.00479996 0.00212121 -0.00212121
v -0.00449991 0.00212121 -0.00212121
v -0.00449991 0.00212121 -0.00212121
v -0.00479996 0.00212121 -0.00212121
v -0.00479996 0.00277156 -0.00114804
v -0.00449991 0.00277156 -0.00114804
v -0.00449991 0.00277156 -0.00114804
v -0.00479996 0.00277156 -0.00114804
v -0.00479996 0.00299996 0.00000000
v -0.00449991 0.00299996 0.00000000
v -0.00449991 0.00299996 0.00000000
v -0.00479996 0.00299996 0.00000000
v -0.00479996 0.00277156 0.00114804
v -0.00449991 0.00277156 0.00114804
v -0.00449991 0.00277156 0.00114804
v -0.00479996 0.00277156 0.00114804
v -0.00479996 0.00212121 0.00212121
v -0.00449991 0.00212121 0.00212121
v -0.00449991 0.00212121 0.00212121
v -0.00479996 0.00212121 0.00212121
v -0.00479996 0.00114804 0.00277156
v -0.00449991 0.00114804 0.00277156
v -0.00449991 0.00114804 0.00277156
v -0.00479996 0.00114804 0.00277156
v -0.00479996 0.00000000 0.00299996
v -0.00449991 0.00000000 0.00299996
v -0.00449991 0.00000000 0.00299996
v -0.00479996 0.00000000 0.00299996
v -0.00479996 -0.00114804 0.00277156
v -0.00449991 -0.00114804 0.00277156
v -0.00449991 -0.00114804 0.00277156
v -0.00479996 -0.00114804 0.00277156
v -0.00479996 -0.00212121 0.00212121
v -0.00449991 -0.00212121 0.00212121
v -0.00449991 -0.00212121 0.00212121
v -0.00479996 -0.00212121 0.00212121
v -0.00479996 -0.00277156 0.00114804
v -0.00449991 -0.00277156 0.00114804
v -0.00449991 -0.00277156 0.00114804
v -0.00479996 -0.00277156 0.00114804
v -0.00479996 -0.00299996 0.00000000
v -0.00449991 -0.00299996 0.00000000
v -0.00449991 -0.00299996 0.00000000
v -0.00479996 -0.00299996 0.00000000
v -0.00479996 -0.00277156 -0.00114804
v -0.00449991 -0.00277156 -0.00114804
v -0.00449991 -0.00277156 -0.00114804
v -0.00479996 -0.00277156 -0.00114804
v -0.00479996 -0.00212121 -0.00212121
v -0.00449991 -0.00212121 -0.00212121
v -0.00449991 -0.00212121 -0.00212121
v -0.00479996 -0.00212121 -0.00212121
v -0.00479996 -0.00114804 -0.00277156
v -0.00449991 -0.00114804 -0.00277156
v -0.00449991 -0.00114804 -0.00277156
v -0.00479996 -0.00114804 -0.00277156
v -0.00479996 0.00000000 -0.00299996
v -0.00449991 0.00000000 -0.00299996
v -0.00479996 0.00000000 -0.00299996
v -0.00349992 0.00421315 -0.00269228
v -0.00449991 0.00337058 -0.00215375
v -0.00349992 0.00445288 -0.00240403
v -0.00449991 0.00377005 -0.00167346
v -0.00349992 0.00445288 -0.00240403
v -0.00449991 0.00377005 -0.00167346
v -0.00349992 0.00475663 -0.00218439
v -0.00449991 0.00427622 -0.00130725
v -0.00349992 0.00475663 -0.00218439
v -0.00449991 0.00427622 -0.00130725
v -0.00349992 0.00510526 -0.00204682
v -0.00449991 0.00485736 -0.00107795
v -0.00349992 0.00510526 -0.00204682
v -0.00449991 0.00485736 -0.00107795
v -0.00349992 0.00547719 -0.00199997
v -0.00449991 0.00547719 -0.00099999
v -0.00353384 0.00381094 0.00571746
v -0.00449991 0.00406212 0.00477839
v -0.00349992 0.00363105 0.00572413
v -0.00349992 0.00363105 0.00572413
v -0.00449991 0.00406212 0.00477839
v -0.00449991 -0.00079383 0.00392038
v -0.00349992 0.00363105 0.00572413
v -0.00449991 -0.00079383 0.00392038
v -0.00349992 -0.00099229 0.00490052
v -0.00349992 -0.00153697 0.00475788
v -0.00349992 -0.00099229 0.00490052
v -0.00449991 -0.00079383 0.00392038
v -0.00349992 -0.00478953 -0.00143492
v -0.00449991 -0.00329906 -0.00226182
v -0.00349992 -0.00412387 -0.00282723
v -0.00349992 -0.00412387 -0.00282723
v -0.00449991 -0.00329906 -0.00226182
v -0.00449991 -0.00245214 -0.00316012
v -0.00349992 -0.00306529 -0.00395012
v -0.00349992 -0.00306529 -0.00395012
v -0.00449991 -0.00245214 -0.00316012
v -0.00449991 -0.00137174 -0.00375742
v -0.00349992 -0.00171459 -0.00469679
v -0.00349992 -0.00171459 -0.00469679
v -0.00449991 -0.00137174 -0.00375742
v -0.00449991 -0.00016058 -0.00399667
v -0.00349992 -0.00020072 -0.00499594
v -0.00349992 -0.00020072 -0.00499594
v -0.00449991 -0.00016058 -0.00399667
v -0.00449991 0.00106585 -0.00385529
v -0.00349992 0.00133228 -0.00481921
v -0.00349992 0.00133228 -0.00481921
v -0.00449991 0.00106585 -0.00385529
v -0.00449991 0.00219071 -0.00334662
v -0.00349992 0.00273842 -0.00418329
v -0.00349992 0.00273842 -0.00418329
v -0.00449991 0.00219071 -0.00334662
v -0.00449991 0.00310701 -0.00251919
v -0.00349992 0.00388378 -0.00314891
v -0.00349992 0.00388378 -0.00314891
v -0.00449991 0.00310701 -0.00251919
v -0.00449991 0.00337058 -0.00215375
v -0.00349992 0.00421315 -0.00269228
v -0.00449991 -0.00122958 0.00380629
v -0.00349992 -0.00153697 0.00475788
v -0.00449991 -0.00122958 0.00380629
v -0.00449991 -0.00233179 0.00324994
v -0.00349992 -0.00291467 0.00406253
v -0.00349992 -0.00291467 0.00406253
v -0.00449991 -0.00233179 0.00324994
v -0.00449991 -0.00321180 0.00238413
v -0.00349992 -0.00401473 0.00298011
v -0.00349992 -0.00401473 0.00298011
v -0.00449991 -0.00321180 0.00238413
v -0.00449991 -0.00378579 0.00129110
v -0.00349992 -0.00473225 0.00161386
v -0.00349992 -0.00473225 0.00161386
v -0.00449991 -0.00378579 0.00129110
v -0.00449991 -0.00399923 0.00007514
v -0.00349992 -0.00499910 0.00009392
v -0.00349992 -0.00499910 0.00009392
v -0.00449991 -0.00399923 0.00007514
v -0.00449991 -0.00399995 0.00000000
v -0.00349992 -0.00499910 0.00009392
v -0.00449991 -0.00399995 0.00000000
v -0.00349992 -0.00478953 -0.00143492
v -0.00349992 -0.00478953 -0.00143492
v -0.00449991 -0.00399995 0.00000000
v -0.00449991 -0.00383162 -0.00114798
v -0.00449991 -0.00383162 -0.00114798
v -0.00449991 0.00547719 -0.00099999
v -0.00449991 0.00589126 -0.00099999
v -0.00349992 0.00547719 -0.00199997
v -0.00411385 0.00613010 -0.00138605
v -0.00379330 0.00644851 -0.00170660
v -0.00366408 0.00662899 -0.00183582
v -0.00356698 0.00680053 -0.00193292
v -0.00349992 0.00694877 -0.00199997
v 0.00569999 0.01150000 0.00329989
v 0.00569999 0.02391648 0.00329989
v 0.00569999 0.01699990 0.00249994
v 0.00569999 0.02199995 0.00249994
v 0.00569999 0.01434952 -0.00467980
v 0.00569999 0.01398515 -0.00470269
v 0.00569999 0.01383429 -0.00401688
v 0.00569999 0.02391648 0.00627697
v 0.00569999 0.02749997 0.00622737
v 0.00569999 0.02749997 -0.00329697
v 0.00569999 0.02548032 -0.00334543
v 0.00569999 0.02199995 0.00050000
v 0.00569999 0.01705855 -0.00445396
v 0.00569999 0.02408272 -0.00345379
v 0.00569999 0.02247804 -0.00370163
v 0.00569999 0.01980370 -0.00412345
v 0.00569999 0.01699990 0.00050000
v 0.00569999 0.01336675 -0.00315648
v 0.00569999 0.01264709 -0.00249255
v 0.00569999 0.01175189 -0.00209570
v 0.00569999 0.01150000 -0.00204188
v 0.00269997 0.00849998 0.00329989
v 0.00269997 0.00829995 0.00349992
v 0.00349158 0.00860631 0.00329989
v 0.00354439 0.00841337 0.00349992
v 0.00349158 0.00860631 0.00329989
v 0.00354439 0.00841337 0.00349992
v 0.00442499 0.00904554 0.00329989
v 0.00453991 0.00888187 0.00349992
v 0.00442499 0.00904554 0.00329989
v 0.00453991 0.00888187 0.00349992
v 0.00515437 0.00977498 0.00329989
v 0.00531799 0.00965995 0.00349992
v 0.00515437 0.00977498 0.00329989
v 0.00531799 0.00965995 0.00349992
v 0.00559366 0.01070833 0.00329989
v 0.00578654 0.01065558 0.00349992
v 0.00559366 0.01070833 0.00329989
v 0.00578654 0.01065558 0.00349992
v 0.00569999 0.01150000 0.00329989
v 0.00589991 0.01150000 0.00349992
v -0.00269997 0.00829995 0.00349992
v 0.00269997 0.00829995 0.00349992
v -0.00269997 0.00849998 0.00329989
v 0.00269997 0.00849998 0.00329989
v -0.00569999 0.01150000 0.00329989
v -0.00589991 0.01150000 0.00349992
v -0.00559366 0.01070833 0.00329989
v -0.00578654 0.01065558 0.00349992
v -0.00559366 0.01070833 0.00329989
v -0.00578654 0.01065558 0.00349992
v -0.00515437 0.00977498 0.00329989
v -0.00531799 0.00965995 0.00349992
v -0.00515437 0.00977498 0.00329989
v -0.00531799 0.00965995 0.00349992
v -0.00442499 0.00904554 0.00329989
v -0.00453991 0.00888187 0.00349992
v -0.00442499 0.00904554 0.00329989
v -0.00453991 0.00888187 0.00349992
v -0.00349158 0.00860631 0.00329989
v -0.00354439 0.00841337 0.00349992
v -0.00349158 0.00860631 0.00329989
v -0.00354439 0.00841337 0.00349992
v -0.00269997 0.00849998 0.00329989
v -0.00269997 0.00829995 0.00349992
v 0.00199997 0.00388378 -0.00314891
v 0.00199997 0.00399995 -0.00299996
v 0.00349992 0.00421315 -0.00269228
v 0.00349992 0.00421315 -0.00269228
v 0.00199997 0.00399995 -0.00299996
v -0.00199997 0.00399995 -0.00299996
v -0.00349992 0.00421315 -0.00269228
v -0.00349992 0.00421315 -0.00269228
v -0.00199997 0.00399995 -0.00299996
v -0.00349992 0.00388378 -0.00314891
v 0.00349992 0.00421315 -0.00269228
v 0.00349992 0.00388378 -0.00314891
v 0.00199997 0.00388378 -0.00314891
v 0.00199997 0.00388378 -0.00314891
v 0.00349992 0.00388378 -0.00314891
v 0.00349992 0.00273842 -0.00418329
v 0.00199997 0.00273842 -0.00418329
v 0.00199997 0.00273842 -0.00418329
v 0.00349992 0.00273842 -0.00418329
v 0.00349992 0.00133228 -0.00481921
v 0.00199997 0.00133228 -0.00481921
v 0.00199997 0.00133228 -0.00481921
v 0.00349992 0.00133228 -0.00481921
v 0.00349992 -0.00020072 -0.00499594
v 0.00199997 -0.00020072 -0.00499594
v 0.00199997 -0.00020072 -0.00499594
v 0.00349992 -0.00020072 -0.00499594
v 0.00349992 -0.00171459 -0.00469679
v 0.00199997 -0.00171459 -0.00469679
v 0.00199997 -0.00171459 -0.00469679
v 0.00349992 -0.00171459 -0.00469679
v 0.00349992 -0.00306529 -0.00395012
v 0.00199997 -0.00306529 -0.00395012
v 0.00199997 -0.00306529 -0.00395012
v 0.00349992 -0.00306529 -0.00395012
v 0.00349992 -0.00412387 -0.00282723
v 0.00199997 -0.00412387 -0.00282723
v 0.00199997 -0.00412387 -0.00282723
v 0.00349992 -0.00412387 -0.00282723
v 0.00349992 -0.00478953 -0.00143492
v 0.00199997 -0.00478953 -0.00143492
v 0.00199997 -0.00478953 -0.00143492
v 0.00349992 -0.00478953 -0.00143492
v 0.00349992 -0.00499910 0.00009392
v 0.00199997 -0.00499910 0.00009392
v 0.00199997 -0.00499910 0.00009392
v 0.00349992 -0.00499910 0.00009392
v 0.00349992 -0.00473225 0.00161386
v 0.00199997 -0.00473225 0.00161386
v 0.00199997 -0.00473225 0.00161386
v 0.00349992 -0.00473225 0.00161386
v 0.00349992 -0.00401473 0.00298011
v 0.00199997 -0.00401473 0.00298011
v 0.00199997 -0.00401473 0.00298011
v 0.00349992 -0.00401473 0.00298011
v 0.00349992 -0.00291467 0.00406253
v 0.00199997 -0.00291467 0.00406253
v 0.00199997 -0.00291467 0.00406253
v 0.00349992 -0.00291467 0.00406253
v 0.00349992 -0.00153697 0.00475788
v 0.00199997 -0.00153697 0.00475788
v 0.00199997 -0.00153697 0.00475788
v 0.00349992 -0.00153697 0.00475788
v 0.00349992 -0.00099229 0.00490052
v 0.00199997 -0.00099229 0.00490052
v -0.00199997 0.00399995 -0.00299996
v -0.00199997 0.00388378 -0.00314891
v -0.00349992 0.00388378 -0.00314891
v -0.00349992 0.00388378 -0.00314891
v -0.00199997 0.00388378 -0.00314891
v -0.00199997 0.00273842 -0.00418329
v -0.00349992 0.00273842 -0.00418329
v -0.00349992 0.00273842 -0.00418329
v -0.00199997 0.00273842 -0.00418329
v -0.00199997 0.00133228 -0.00481921
v -0.00349992 0.00133228 -0.00481921
v -0.00349992 0.00133228 -0.00481921
v -0.00199997 0.00133228 -0.00481921
v -0.00199997 -0.00020072 -0.00499594
v -0.00349992 -0.00020072 -0.00499594
v -0.00349992 -0.00020072 -0.00499594
v -0.00199997 -0.00020072 -0.00499594
v -0.00199997 -0.00171459 -0.00469679
v -0.00349992 -0.00171459 -0.00469679
v -0.00349992 -0.00171459 -0.00469679
v -0.00199997 -0.00171459 -0.00469679
v -0.00199997 -0.00306529 -0.00395012
v -0.00349992 -0.00306529 -0.00395012
v -0.00349992 -0.00306529 -0.00395012
v -0.00199997 -0.00306529 -0.00395012
v -0.00199997 -0.00412387 -0.00282723
v -0.00349992 -0.00412387 -0.00282723
v -0.00349992 -0.00412387 -0.00282723
v -0.00199997 -0.00412387 -0.00282723
v -0.00199997 -0.00478953 -0.00143492
v -0.00349992 -0.00478953 -0.00143492
v -0.00349992 -0.00478953 -0.00143492
v -0.00199997 -0.00478953 -0.00143492
v -0.00199997 -0.00499910 0.00009392
v -0.00349992 -0.00499910 0.00009392
v -0.00349992 -0.00499910 0.00009392
v -0.00199997 -0.00499910 0.00009392
v -0.00199997 -0.00473225 0.00161386
v -0.00349992 -0.00473225 0.00161386
v -0.00349992 -0.00473225 0.00161386
v -0.00199997 -0.00473225 0.00161386
v -0.00199997 -0.00401473 0.00298011
v -0.00349992 -0.00401473 0.00298011
v -0.00349992 -0.00401473 0.00298011
v -0.00199997 -0.00401473 0.00298011
v -0.00199997 -0.00291467 0.00406253
v -0.00349992 -0.00291467 0.00406253
v -0.00349992 -0.00291467 0.00406253
v -0.00199997 -0.00291467 0.00406253
v -0.00199997 -0.00153697 0.00475788
v -0.00349992 -0.00153697 0.00475788
v -0.00349992 -0.00153697 0.00475788
v -0.00199997 -0.00153697 0.00475788
v -0.00199997 -0.00099229 0.00490052
v -0.00349992 -0.00099229 0.00490052
v 0.00409526 0.00630635 -0.00142932
v 0.00396818 0.00625736 -0.00153172
v 0.00369227 0.00658572 -0.00180763
v 0.00396818 0.00625736 -0.00153172
v 0.00409526 0.00630635 -0.00142932
v 0.00430709 0.00599521 -0.00119281
v 0.00430709 0.00599521 -0.00119281
v 0.00409526 0.00630635 -0.00142932
v 0.00449991 0.00608712 -0.00104803
v 0.00430709 0.00599521 -0.00119281
v 0.00449991 0.00608712 -0.00104803
v 0.00449991 0.00589126 -0.00099999
v 0.00390774 0.00704354 -0.00184864
v 0.00414818 0.00676012 -0.00166905
v 0.00391680 0.00684398 -0.00174928
v 0.00391680 0.00684398 -0.00174928
v 0.00414818 0.00676012 -0.00166905
v 0.00449991 0.00650412 -0.00140512
v 0.00391680 0.00684398 -0.00174928
v 0.00449991 0.00650412 -0.00140512
v 0.00428247 0.00650644 -0.00144100
v 0.00428247 0.00650644 -0.00144100
v 0.00449991 0.00650412 -0.00140512
v 0.00449991 0.00631964 -0.00120062
v 0.00354654 0.00731265 -0.00199997
v 0.00370705 0.00769997 -0.00199997
v 0.00370765 0.00766504 -0.00199956
v 0.00390774 0.00704354 -0.00184864
v 0.00391680 0.00684398 -0.00174928
v 0.00378412 0.00728649 -0.00194180
v 0.00378412 0.00728649 -0.00194180
v 0.00391680 0.00684398 -0.00174928
v 0.00368673 0.00725782 -0.00194418
v 0.00378412 0.00728649 -0.00194180
v 0.00368673 0.00725782 -0.00194418
v 0.00375724 0.00736535 -0.00196213
v 0.00449991 0.00622994 -0.00112784
v 0.00449991 0.00608712 -0.00104803
v 0.00418061 0.00641489 -0.00141954
v 0.00418061 0.00641489 -0.00141954
v 0.00449991 0.00608712 -0.00104803
v 0.00409526 0.00630635 -0.00142932
v 0.00418061 0.00641489 -0.00141954
v 0.00409526 0.00630635 -0.00142932
v 0.00381863 0.00677794 -0.00175530
v 0.00381863 0.00677794 -0.00175530
v 0.00409526 0.00630635 -0.00142932
v 0.00369227 0.00658572 -0.00180763
v 0.00381863 0.00677794 -0.00175530
v 0.00369227 0.00658572 -0.00180763
v 0.00349992 0.00694877 -0.00199997
v 0.00370765 0.00766504 -0.00199956
v 0.00375724 0.00736535 -0.00196213
v 0.00354654 0.00731265 -0.00199997
v 0.00354654 0.00731265 -0.00199997
v 0.00375724 0.00736535 -0.00196213
v 0.00368673 0.00725782 -0.00194418
v 0.00354654 0.00731265 -0.00199997
v 0.00368673 0.00725782 -0.00194418
v 0.00359070 0.00722372 -0.00196743
v 0.00359070 0.00722372 -0.00196743
v 0.00368673 0.00725782 -0.00194418
v 0.00391680 0.00684398 -0.00174928
v 0.00449991 0.00631964 -0.00120062
v 0.00449991 0.00622994 -0.00112784
v 0.00428247 0.00650644 -0.00144100
v 0.00428247 0.00650644 -0.00144100
v 0.00449991 0.00622994 -0.00112784
v 0.00418061 0.00641489 -0.00141954
v 0.00428247 0.00650644 -0.00144100
v 0.00418061 0.00641489 -0.00141954
v 0.00391680 0.00684398 -0.00174928
v 0.00391680 0.00684398 -0.00174928
v 0.00418061 0.00641489 -0.00141954
v 0.00381863 0.00677794 -0.00175530
v 0.00391680 0.00684398 -0.00174928
v 0.00381863 0.00677794 -0.00175530
v 0.00359070 0.00722372 -0.00196743
v 0.00359070 0.00722372 -0.00196743
v 0.00381863 0.00677794 -0.00175530
v 0.00349992 0.00694877 -0.00199997
v 0.00359070 0.00722372 -0.00196743
v 0.00349992 0.00694877 -0.00199997
v 0.00354654 0.00731265 -0.00199997
v 0.00449991 0.00619990 0.00000000
v 0.00449991 0.00619990 -0.00050000
v 0.00728029 0.00619990 0.00000000
v 0.00728029 0.00619990 -0.00050000
v 0.00335544 0.00564176 0.00349992
v 0.00459999 0.00622737 0.00349992
v 0.00557256 0.00719994 0.00349992
v 0.00103915 0.00639999 0.00349992
v 0.00229996 0.00549990 0.00349992
v 0.00119990 0.00699997 0.00349992
v 0.00060000 0.00596076 0.00349992
v 0.00000000 0.00579995 0.00349992
v -0.00229996 0.00549990 0.00349992
v 0.00354439 0.00841337 0.00349992
v 0.00103915 0.00759989 0.00349992
v 0.00269997 0.00829995 0.00349992
v 0.00060000 0.00803918 0.00349992
v -0.00060000 0.00596076 0.00349992
v -0.00103915 0.00639999 0.00349992
v -0.00335544 0.00564176 0.00349992
v -0.00119990 0.00699997 0.00349992
v 0.00000000 0.00819999 0.00349992
v -0.00269997 0.00829995 0.00349992
v -0.00060000 0.00803918 0.00349992
v 0.00629991 0.02300000 0.00349992
v 0.00589991 0.01150000 0.00349992
v 0.00629991 0.00949997 0.00349992
v 0.00578654 0.01065558 0.00349992
v 0.00615817 0.00844449 0.00349992
v 0.00531799 0.00965995 0.00349992
v 0.00453991 0.00888187 0.00349992
v -0.00354439 0.00841337 0.00349992
v -0.00557256 0.00719994 0.00349992
v -0.00453991 0.00888187 0.00349992
v -0.00615817 0.00844449 0.00349992
v -0.00531799 0.00965995 0.00349992
v -0.00629991 0.00949997 0.00349992
v 0.00623327 0.02335888 0.00349992
v 0.00600225 0.02371186 0.00349992
v 0.00589991 0.02379995 0.00349992
v -0.00600225 0.02371186 0.00349992
v -0.00623327 0.02335888 0.00349992
v -0.00629991 0.02300000 0.00349992
v -0.00103915 0.00759989 0.00349992
v -0.00459999 0.00622737 0.00349992
v -0.00578654 0.01065558 0.00349992
v -0.00589991 0.01150000 0.00349992
v -0.00589991 0.02379995 0.00349992
v 0.00229996 0.00549990 0.00349992
v -0.00229996 0.00549990 0.00349992
v 0.00229996 0.00549990 0.00594831
v -0.00229996 0.00549990 0.00594831
v -0.00229996 0.00542140 0.00598329
v -0.00229996 0.00549990 0.00594831
v -0.00297648 0.00547790 0.00599098
v -0.00296426 0.00555539 0.00595599
v -0.00297648 0.00547790 0.00599098
v -0.00296426 0.00555539 0.00595599
v -0.00362641 0.00564343 0.00601315
v -0.00360227 0.00571793 0.00597811
v -0.00609994 0.02079999 0.00249994
v -0.00609994 0.02079999 0.00050000
v -0.00599730 0.02143239 0.00249994
v -0.00599730 0.02143239 0.00050000
v -0.00599730 0.02143239 0.00249994
v -0.00599730 0.02143239 0.00050000
v -0.00569999 0.02199995 0.00249994
v -0.00569999 0.02199995 0.00050000
v -0.00569999 0.02199995 0.00050000
v -0.00599730 0.02143239 0.00050000
v -0.00609994 0.02079999 0.00050000
v -0.00569999 0.01699990 0.00050000
v -0.00609994 0.01819998 0.00050000
v -0.00599730 0.01756751 0.00050000
v -0.00609994 0.01819998 0.00050000
v -0.00609994 0.01819998 0.00249994
v -0.00599730 0.01756751 0.00050000
v -0.00599730 0.01756751 0.00249994
v -0.00599730 0.01756751 0.00050000
v -0.00599730 0.01756751 0.00249994
v -0.00569999 0.01699990 0.00050000
v -0.00569999 0.01699990 0.00249994
v -0.00569999 0.01699990 0.00249994
v -0.00599730 0.01756751 0.00249994
v -0.00609994 0.01819998 0.00249994
v -0.00569999 0.02199995 0.00249994
v -0.00609994 0.02079999 0.00249994
v -0.00599730 0.02143239 0.00249994
v -0.00589991 0.02379995 0.00349992
v -0.00569999 0.02391648 0.00329989
v -0.00569999 0.02391648 0.00627697
v -0.00569999 0.02391648 0.00627697
v -0.00582349 0.02385199 0.00638020
v -0.00589991 0.02379995 0.00349992
v -0.00589991 0.02379995 0.00349992
v -0.00582349 0.02385199 0.00638020
v -0.00590289 0.02379637 0.00633383
v -0.00589991 0.02379995 0.00349992
v -0.00590289 0.02379637 0.00633383
v -0.00600225 0.02371186 0.00349992
v -0.00590289 0.02379637 0.00633383
v -0.00599998 0.02371120 0.00627172
v -0.00600225 0.02371186 0.00349992
v -0.00600225 0.02371186 0.00349992
v -0.00599998 0.02371120 0.00627172
v -0.00612754 0.02355623 0.00617945
v -0.00600225 0.02371186 0.00349992
v -0.00612754 0.02355623 0.00617945
v -0.00623327 0.02335888 0.00349992
v -0.00612754 0.02355623 0.00617945
v -0.00626099 0.02327072 0.00606585
v -0.00623327 0.02335888 0.00349992
v -0.00623327 0.02335888 0.00349992
v -0.00626099 0.02327072 0.00606585
v -0.00629991 0.02300000 0.00602037
v -0.00623327 0.02335888 0.00349992
v -0.00629991 0.02300000 0.00602037
v -0.00629991 0.02300000 0.00349992
v -0.00589991 0.01150000 0.00349992
v -0.00569999 0.01150000 0.00329989
v -0.00589991 0.02379995 0.00349992
v -0.00569999 0.02391648 0.00329989
v 0.00569832 0.01399028 -0.00475866
v 0.00569999 0.01398515 -0.00470269
v 0.00569999 0.01434952 -0.00467980
v 0.00560904 0.01736122 -0.00484151
v 0.00560904 0.01402646 -0.00511760
v 0.00569999 0.01434952 -0.00467980
v 0.00569999 0.01434952 -0.00467980
v 0.00560904 0.01402646 -0.00511760
v 0.00562596 0.01402181 -0.00507855
v 0.00569999 0.01434952 -0.00467980
v 0.00562596 0.01402181 -0.00507855
v 0.00569832 0.01399028 -0.00475866
v 0.00569999 0.02548032 -0.00334543
v 0.00569999 0.02749997 -0.00329697
v 0.00566935 0.02750194 -0.00354224
v 0.00569999 0.01705855 -0.00445396
v 0.00560904 0.01736122 -0.00484151
v 0.00569999 0.01705855 -0.00445396
v 0.00569999 0.01980370 -0.00412345
v 0.00560904 0.01736122 -0.00484151
v 0.00569999 0.01980370 -0.00412345
v 0.00560904 0.02077537 -0.00440311
v 0.00560904 0.02077537 -0.00440311
v 0.00569999 0.02247804 -0.00370163
v 0.00560904 0.02247470 -0.00412530
v 0.00569999 0.02408272 -0.00345379
v 0.00560683 0.02413946 -0.00387168
v 0.00560683 0.02413946 -0.00387168
v 0.00569999 0.02408272 -0.00345379
v 0.00569999 0.02548032 -0.00334543
v 0.00559688 0.02581143 -0.00377339
v 0.00559688 0.02581143 -0.00377339
v 0.00569999 0.02548032 -0.00334543
v 0.00566935 0.02750194 -0.00354224
v 0.00559688 0.02581143 -0.00377339
v 0.00426775 0.03173220 -0.00549990
v 0.00426757 0.03173208 -0.00493038
v 0.00437701 0.03184866 -0.00487411
v 0.00426775 0.03173220 -0.00549990
v 0.00437701 0.03184866 -0.00487411
v 0.00484544 0.03263461 -0.00549990
v 0.00484544 0.03263461 -0.00549990
v 0.00437701 0.03184866 -0.00487411
v 0.00442892 0.03190970 -0.00484639
v 0.00484544 0.03263461 -0.00549990
v 0.00442892 0.03190970 -0.00484639
v 0.00463367 0.03219527 -0.00473475
v 0.00336528 0.03115451 -0.00549990
v 0.00356871 0.03123992 -0.00522572
v 0.00426775 0.03173220 -0.00549990
v 0.00426775 0.03173220 -0.00549990
v 0.00356871 0.03123992 -0.00522572
v 0.00397628 0.03148233 -0.00506765
v 0.00426775 0.03173220 -0.00549990
v 0.00397628 0.03148233 -0.00506765
v 0.00426757 0.03173208 -0.00493038
v 0.00249994 0.03099989 -0.00539547
v 0.00267130 0.03100579 -0.00539380
v 0.00249994 0.03099989 -0.00549990
v 0.00249994 0.03099989 -0.00549990
v 0.00267130 0.03100579 -0.00539380
v 0.00286788 0.03102713 -0.00538093
v 0.00249994 0.03099989 -0.00549990
v 0.00286788 0.03102713 -0.00538093
v 0.00336528 0.03115451 -0.00549990
v 0.00336528 0.03115451 -0.00549990
v 0.00286788 0.03102713 -0.00538093
v 0.00310868 0.03107517 -0.00534678
v 0.00336528 0.03115451 -0.00549990
v 0.00310868 0.03107517 -0.00534678
v 0.00356871 0.03123992 -0.00522572
v 0.00500000 0.03349989 -0.00450909
v 0.00500000 0.03349989 -0.00549990
v 0.00496155 0.03306257 -0.00454724
v 0.00496155 0.03306257 -0.00454724
v 0.00500000 0.03349989 -0.00549990
v 0.00484544 0.03263461 -0.00549990
v 0.00496155 0.03306257 -0.00454724
v 0.00484544 0.03263461 -0.00549990
v 0.00484788 0.03264111 -0.00461417
v 0.00484788 0.03264111 -0.00461417
v 0.00484544 0.03263461 -0.00549990
v 0.00463367 0.03219527 -0.00473475
v 0.00442892 0.03190970 -0.00484639
v 0.00452143 0.03120177 -0.00482070
v 0.00465900 0.03190279 -0.00469548
v 0.00465900 0.03190279 -0.00469548
v 0.00452143 0.03120177 -0.00482070
v 0.00471717 0.03119701 -0.00466424
v 0.00465900 0.03190279 -0.00469548
v 0.00471717 0.03119701 -0.00466424
v 0.00484520 0.03189271 -0.00447792
v 0.00484520 0.03189271 -0.00447792
v 0.00471717 0.03119701 -0.00466424
v 0.00487214 0.03119063 -0.00445676
v 0.00484520 0.03189271 -0.00447792
v 0.00487214 0.03119063 -0.00445676
v 0.00496203 0.03188067 -0.00421649
v 0.00496203 0.03188067 -0.00421649
v 0.00487214 0.03119063 -0.00445676
v 0.00496852 0.03118324 -0.00421643
v 0.00496203 0.03188067 -0.00421649
v 0.00496852 0.03118324 -0.00421643
v 0.00499988 0.03186810 -0.00394422
v 0.00499988 0.03186810 -0.00394422
v 0.00496852 0.03118324 -0.00421643
v 0.00500000 0.03117555 -0.00396788
v 0.00533616 0.02918058 -0.00402832
v 0.00514847 0.02966344 -0.00424212
v 0.00519407 0.02899473 -0.00431979
v 0.00519407 0.02899473 -0.00431979
v 0.00514847 0.02966344 -0.00424212
v 0.00503284 0.02932995 -0.00448888
v 0.00464243 0.03048366 -0.00476587
v 0.00483763 0.02982801 -0.00464898
v 0.00477958 0.03065878 -0.00462669
v 0.00477958 0.03065878 -0.00462669
v 0.00483763 0.02982801 -0.00464898
v 0.00500572 0.03017061 -0.00436181
v 0.00477958 0.03065878 -0.00462669
v 0.00500572 0.03017061 -0.00436181
v 0.00491345 0.03067630 -0.00442779
v 0.00491345 0.03067630 -0.00442779
v 0.00500572 0.03017061 -0.00436181
v 0.00507194 0.03020179 -0.00415331
v 0.00487214 0.03119063 -0.00445676
v 0.00499618 0.03068947 -0.00420231
v 0.00496852 0.03118324 -0.00421643
v 0.00496852 0.03118324 -0.00421643
v 0.00499618 0.03068947 -0.00420231
v 0.00504339 0.03051823 -0.00396806
v 0.00496852 0.03118324 -0.00421643
v 0.00504339 0.03051823 -0.00396806
v 0.00500000 0.03117555 -0.00396788
v 0.00483763 0.02982801 -0.00464898
v 0.00503284 0.02932995 -0.00448888
v 0.00500572 0.03017061 -0.00436181
v 0.00500572 0.03017061 -0.00436181
v 0.00503284 0.02932995 -0.00448888
v 0.00514847 0.02966344 -0.00424212
v 0.00500572 0.03017061 -0.00436181
v 0.00514847 0.02966344 -0.00424212
v 0.00507194 0.03020179 -0.00415331
v 0.00507194 0.03020179 -0.00415331
v 0.00514847 0.02966344 -0.00424212
v 0.00515544 0.02993845 -0.00389886
v 0.00515544 0.02993845 -0.00389886
v 0.00514847 0.02966344 -0.00424212
v 0.00529236 0.02949059 -0.00376040
v 0.00529236 0.02949059 -0.00376040
v 0.00514847 0.02966344 -0.00424212
v 0.00533616 0.02918058 -0.00402832
v 0.00529236 0.02949059 -0.00376040
v 0.00533616 0.02918058 -0.00402832
v 0.00534993 0.02933776 -0.00368732
v 0.00515544 0.02993845 -0.00389886
v 0.00504339 0.03051823 -0.00396806
v 0.00507194 0.03020179 -0.00415331
v 0.00507194 0.03020179 -0.00415331
v 0.00504339 0.03051823 -0.00396806
v 0.00499618 0.03068947 -0.00420231
v 0.00507194 0.03020179 -0.00415331
v 0.00499618 0.03068947 -0.00420231
v 0.00491345 0.03067630 -0.00442779
v 0.00491345 0.03067630 -0.00442779
v 0.00499618 0.03068947 -0.00420231
v 0.00487214 0.03119063 -0.00445676
v 0.00491345 0.03067630 -0.00442779
v 0.00487214 0.03119063 -0.00445676
v 0.00477958 0.03065878 -0.00462669
v 0.00477958 0.03065878 -0.00462669
v 0.00487214 0.03119063 -0.00445676
v 0.00471717 0.03119701 -0.00466424
v 0.00477958 0.03065878 -0.00462669
v 0.00471717 0.03119701 -0.00466424
v 0.00464243 0.03048366 -0.00476587
v 0.00464243 0.03048366 -0.00476587
v 0.00471717 0.03119701 -0.00466424
v 0.00452143 0.03120177 -0.00482070
v -0.00070000 0.01498895 -0.00821179
v 0.00070000 0.01498895 -0.00821179
v -0.00070000 0.01747030 -0.00799763
v -0.00070000 0.01747030 -0.00799763
v 0.00070000 0.01498895 -0.00821179
v 0.00070004 0.01791220 -0.00795114
v -0.00070000 0.01747030 -0.00799763
v 0.00070004 0.01791220 -0.00795114
v -0.00070000 0.01858150 -0.00787586
v -0.00070000 0.01858150 -0.00787586
v 0.00070004 0.01791220 -0.00795114
v -0.00070000 0.02050399 -0.00762707
v 0.00070004 0.01791220 -0.00795114
v 0.00070007 0.02015048 -0.00767648
v -0.00070000 0.02050399 -0.00762707
v -0.00070000 0.02050399 -0.00762707
v 0.00070007 0.02015048 -0.00767648
v 0.00070008 0.02082371 -0.00758106
v -0.00070000 0.02050399 -0.00762707
v 0.00070008 0.02082371 -0.00758106
v -0.00070024 0.02339750 -0.00716102
v 0.00068905 0.02313083 -0.00720864
v -0.00070024 0.02339750 -0.00716102
v 0.00068905 0.02313083 -0.00720864
v -0.00073844 0.02443265 -0.00696719
v 0.00073063 0.02434116 -0.00698495
v -0.00073844 0.02443265 -0.00696719
v 0.00073063 0.02434116 -0.00698495
v -0.00090753 0.02564787 -0.00672114
v -0.00250369 0.03070670 -0.00547850
v -0.00236952 0.03043711 -0.00555378
v 0.00221258 0.03005695 -0.00565821
v -0.00249994 0.03099989 -0.00539547
v -0.00266349 0.03099268 -0.00539756
v -0.00267130 0.03100579 -0.00539380
v -0.00236952 0.03043711 -0.00555378
v -0.00221252 0.03005677 -0.00565833
v 0.00221258 0.03005695 -0.00565821
v 0.00221258 0.03005695 -0.00565821
v -0.00221252 0.03005677 -0.00565833
v -0.00205112 0.02959758 -0.00578165
v -0.00197387 0.02937752 -0.00583971
v 0.00086932 0.02544277 -0.00676411
v -0.00090753 0.02564787 -0.00672114
v 0.00086932 0.02544277 -0.00676411
v 0.00099136 0.02606904 -0.00663126
v -0.00121951 0.02699995 -0.00642389
v 0.00110096 0.02654206 -0.00652736
v 0.00110096 0.02654206 -0.00652736
v 0.00121951 0.02699995 -0.00642389
v -0.00121951 0.02699995 -0.00642389
v -0.00121951 0.02699995 -0.00642389
v 0.00121951 0.02699995 -0.00642389
v 0.00133800 0.02742028 -0.00632626
v -0.00138849 0.02759104 -0.00628596
v -0.00138849 0.02759104 -0.00628596
v 0.00133800 0.02742028 -0.00632626
v 0.00169802 0.02856791 -0.00604749
v -0.00197387 0.02937752 -0.00583971
v -0.00197387 0.02937752 -0.00583971
v 0.00169802 0.02856791 -0.00604749
v 0.00197393 0.02937781 -0.00583959
v 0.00197393 0.02937781 -0.00583959
v 0.00252491 0.03074580 -0.00546753
v 0.00249994 0.03099989 -0.00539547
v 0.00266367 0.03099298 -0.00539744
v 0.00267130 0.03100579 -0.00539380
v -0.00560904 0.01402646 -0.00511760
v -0.00560904 0.01455235 -0.00508386
v -0.00569504 0.01399374 -0.00480086
v -0.00569504 0.01399374 -0.00480086
v -0.00560904 0.01455235 -0.00508386
v -0.00569999 0.01684612 -0.00447530
v -0.00569504 0.01399374 -0.00480086
v -0.00569999 0.01684612 -0.00447530
v -0.00569832 0.01399028 -0.00475866
v -0.00569832 0.01399028 -0.00475866
v -0.00569999 0.01684612 -0.00447530
v -0.00569999 0.01398515 -0.00470269
v -0.00560904 0.01455235 -0.00508386
v -0.00560904 0.01701408 -0.00487715
v -0.00569999 0.01684612 -0.00447530
v -0.00560904 0.01821607 -0.00474656
v -0.00569999 0.01969403 -0.00413871
v -0.00569999 0.01969403 -0.00413871
v -0.00560904 0.01821607 -0.00474656
v -0.00560904 0.01955974 -0.00457740
v -0.00560904 0.02077537 -0.00440311
v -0.00569999 0.01969403 -0.00413871
v -0.00560904 0.02077537 -0.00440311
v -0.00560921 0.02246099 -0.00412726
v -0.00560921 0.02246099 -0.00412726
v -0.00569999 0.02252697 -0.00369316
v -0.00560790 0.02390855 -0.00389683
v -0.00569999 0.02252697 -0.00369316
v -0.00560790 0.02390855 -0.00389683
v -0.00569999 0.02404493 -0.00345802
v -0.00569999 0.02404493 -0.00345802
v -0.00560790 0.02390855 -0.00389683
v -0.00569999 0.02566385 -0.00333697
v -0.00560790 0.02390855 -0.00389683
v -0.00560063 0.02532863 -0.00378847
v -0.00569999 0.02566385 -0.00333697
v -0.00569999 0.02566385 -0.00333697
v -0.00560063 0.02532863 -0.00378847
v -0.00559699 0.02581143 -0.00377309
v -0.00569999 0.02566385 -0.00333697
v -0.00559699 0.02581143 -0.00377309
v -0.00569999 0.02749997 -0.00329697
v -0.00569999 0.02749997 -0.00329697
v -0.00559699 0.02581143 -0.00377309
v -0.00558341 0.02723747 -0.00376797
v -0.00569999 0.02749997 -0.00329697
v -0.00558341 0.02723747 -0.00376797
v -0.00566953 0.02750188 -0.00354153
v -0.00566953 0.02750188 -0.00354153
v -0.00558341 0.02723747 -0.00376797
v -0.00558031 0.02750366 -0.00377113
v -0.00523865 0.02890634 -0.00426739
v -0.00519407 0.02899473 -0.00431979
v -0.00533634 0.02918112 -0.00402743
v -0.00566953 0.02750188 -0.00354153
v -0.00564659 0.02794051 -0.00358331
v -0.00569999 0.02749997 -0.00329697
v -0.00567537 0.02799588 -0.00333154
v -0.00558180 0.02836745 -0.00369173
v -0.00533634 0.02918112 -0.00402743
v -0.00556886 0.02863729 -0.00346315
v -0.00556886 0.02863729 -0.00346315
v -0.00533634 0.02918112 -0.00402743
v -0.00534993 0.02933776 -0.00368732
v -0.00555587 0.02785772 -0.00381309
v -0.00547957 0.02825534 -0.00393772
v -0.00558180 0.02836745 -0.00369173
v -0.00558180 0.02836745 -0.00369173
v -0.00547957 0.02825534 -0.00393772
v -0.00547534 0.02827167 -0.00394434
v -0.00558180 0.02836745 -0.00369173
v -0.00547534 0.02827167 -0.00394434
v -0.00533634 0.02918112 -0.00402743
v -0.00533634 0.02918112 -0.00402743
v -0.00547534 0.02827167 -0.00394434
v -0.00538236 0.02857100 -0.00408083
v -0.00533634 0.02918112 -0.00402743
v -0.00538236 0.02857100 -0.00408083
v -0.00523865 0.02890634 -0.00426739
v -0.00556886 0.02863729 -0.00346315
v -0.00567537 0.02799588 -0.00333154
v -0.00558180 0.02836745 -0.00369173
v -0.00558180 0.02836745 -0.00369173
v -0.00567537 0.02799588 -0.00333154
v -0.00564659 0.02794051 -0.00358331
v -0.00558180 0.02836745 -0.00369173
v -0.00564659 0.02794051 -0.00358331
v -0.00555587 0.02785772 -0.00381309
v -0.00555587 0.02785772 -0.00381309
v -0.00564659 0.02794051 -0.00358331
v -0.00566953 0.02750188 -0.00354153
v -0.00555587 0.02785772 -0.00381309
v -0.00566953 0.02750188 -0.00354153
v -0.00558031 0.02750366 -0.00377113
v -0.00499564 0.03069090 -0.00420380
v -0.00501251 0.03082036 -0.00397468
v -0.00508034 0.03028219 -0.00395125
v -0.00519931 0.02977788 -0.00386006
v -0.00500393 0.03017318 -0.00436467
v -0.00508034 0.03028219 -0.00395125
v -0.00508034 0.03028219 -0.00395125
v -0.00500393 0.03017318 -0.00436467
v -0.00491196 0.03067767 -0.00443041
v -0.00508034 0.03028219 -0.00395125
v -0.00491196 0.03067767 -0.00443041
v -0.00499564 0.03069090 -0.00420380
v -0.00499564 0.03069090 -0.00420380
v -0.00491196 0.03067767 -0.00443041
v -0.00493807 0.03118622 -0.00431406
v -0.00499564 0.03069090 -0.00420380
v -0.00493807 0.03118622 -0.00431406
v -0.00501251 0.03082036 -0.00397468
v -0.00501251 0.03082036 -0.00397468
v -0.00493807 0.03118622 -0.00431406
v -0.00499970 0.03117626 -0.00399232
v -0.00501251 0.03082036 -0.00397468
v -0.00499970 0.03117626 -0.00399232
v -0.00499988 0.03117555 -0.00396788
v -0.00477386 0.03119504 -0.00460076
v -0.00477654 0.03066003 -0.00463015
v -0.00452143 0.03120177 -0.00482070
v -0.00452143 0.03120177 -0.00482070
v -0.00477654 0.03066003 -0.00463015
v -0.00457799 0.03079426 -0.00479800
v -0.00457799 0.03079426 -0.00479800
v -0.00477654 0.03066003 -0.00463015
v -0.00473040 0.03015846 -0.00471681
v -0.00473040 0.03015846 -0.00471681
v -0.00477654 0.03066003 -0.00463015
v -0.00489247 0.03013521 -0.00455344
v -0.00473040 0.03015846 -0.00471681
v -0.00489247 0.03013521 -0.00455344
v -0.00474912 0.03009796 -0.00470573
v -0.00514686 0.02966523 -0.00424516
v -0.00497901 0.02946627 -0.00453728
v -0.00489247 0.03013521 -0.00455344
v -0.00489247 0.03013521 -0.00455344
v -0.00497901 0.02946627 -0.00453728
v -0.00476062 0.03006124 -0.00469875
v -0.00476062 0.03006124 -0.00469875
v -0.00519407 0.02899473 -0.00431979
v -0.00497901 0.02946627 -0.00453728
v -0.00533634 0.02918112 -0.00402743
v -0.00533634 0.02918112 -0.00402743
v -0.00497901 0.02946627 -0.00453728
v -0.00514686 0.02966523 -0.00424516
v -0.00533634 0.02918112 -0.00402743
v -0.00514686 0.02966523 -0.00424516
v -0.00534993 0.02933776 -0.00368732
v -0.00477386 0.03119504 -0.00460076
v -0.00493807 0.03118622 -0.00431406
v -0.00477654 0.03066003 -0.00463015
v -0.00477654 0.03066003 -0.00463015
v -0.00493807 0.03118622 -0.00431406
v -0.00491196 0.03067767 -0.00443041
v -0.00477654 0.03066003 -0.00463015
v -0.00491196 0.03067767 -0.00443041
v -0.00489247 0.03013521 -0.00455344
v -0.00489247 0.03013521 -0.00455344
v -0.00491196 0.03067767 -0.00443041
v -0.00500393 0.03017318 -0.00436467
v -0.00489247 0.03013521 -0.00455344
v -0.00500393 0.03017318 -0.00436467
v -0.00514686 0.02966523 -0.00424516
v -0.00514686 0.02966523 -0.00424516
v -0.00500393 0.03017318 -0.00436467
v -0.00519931 0.02977788 -0.00386006
v -0.00514686 0.02966523 -0.00424516
v -0.00519931 0.02977788 -0.00386006
v -0.00534993 0.02933776 -0.00368732
v 0.00349992 0.03279989 -0.00549990
v 0.00349992 0.03299999 -0.00569999
v -0.00349992 0.03279989 -0.00549990
v -0.00349992 0.03299999 -0.00569999
v 0.00519991 0.03892624 -0.00385147
v 0.00569999 0.03892630 -0.00385147
v 0.00569999 0.03818655 -0.00448286
v 0.00569999 0.03719025 -0.00504506
v 0.00569999 0.03688365 -0.00516737
v 0.00519991 0.03688359 -0.00516737
v 0.00519991 0.03593969 0.00541908
v 0.00569999 0.03593975 0.00541914
v 0.00569999 0.03626316 0.00535309
v 0.00519991 0.03593969 0.00541908
v 0.00569999 0.03626316 0.00535309
v 0.00519991 0.03677660 0.00520504
v 0.00569999 0.03719025 -0.00504506
v 0.00519991 0.03688359 -0.00516737
v 0.00569999 0.03818655 -0.00448286
v 0.00569999 0.03818655 -0.00448286
v 0.00519991 0.03688359 -0.00516737
v 0.00519991 0.03766942 -0.00480866
v 0.00569999 0.03818655 -0.00448286
v 0.00519991 0.03766942 -0.00480866
v 0.00519991 0.03892624 -0.00385147
v 0.00519991 0.03985905 -0.00257647
v 0.00569999 0.03972828 -0.00280946
v 0.00519991 0.03892624 -0.00385147
v 0.00519991 0.03892624 -0.00385147
v 0.00569999 0.03972828 -0.00280946
v 0.00569999 0.03904485 -0.00372684
v 0.00519991 0.03892624 -0.00385147
v 0.00569999 0.03904485 -0.00372684
v 0.00569999 0.03892630 -0.00385147
v 0.00569999 0.04046082 -0.00065531
v 0.00569999 0.04039102 -0.00108892
v 0.00519991 0.04039102 -0.00108892
v 0.00519991 0.04039102 -0.00108892
v 0.00569999 0.04039102 -0.00108892
v 0.00569999 0.04020708 -0.00177067
v 0.00519991 0.04039102 -0.00108892
v 0.00569999 0.04020708 -0.00177067
v 0.00519991 0.03985905 -0.00257647
v 0.00519991 0.03985905 -0.00257647
v 0.00569999 0.04020708 -0.00177067
v 0.00569999 0.03985911 -0.00257647
v 0.00519991 0.03985905 -0.00257647
v 0.00569999 0.03985911 -0.00257647
v 0.00569999 0.03972828 -0.00280946
v 0.00569999 0.04046082 -0.00065531
v 0.00519991 0.04039102 -0.00108892
v 0.00569999 0.04049998 0.00000000
v 0.00569999 0.04049998 0.00000000
v 0.00519991 0.04039102 -0.00108892
v 0.00519991 0.04047816 0.00048844
v 0.00569999 0.04049998 0.00000000
v 0.00519991 0.04047816 0.00048844
v 0.00569999 0.04047816 0.00048844
v 0.00569999 0.04047816 0.00048844
v 0.00519991 0.04047816 0.00048844
v 0.00569999 0.04025870 0.00161099
v 0.00569999 0.04025870 0.00161099
v 0.00519991 0.04047816 0.00048844
v 0.00519991 0.04011332 0.00202549
v 0.00569999 0.04025870 0.00161099
v 0.00519991 0.04011332 0.00202549
v 0.00569999 0.04011332 0.00202549
v 0.00519991 0.03818297 0.00448531
v 0.00569999 0.03915667 0.00360167
v 0.00519991 0.03932660 0.00339544
v 0.00519991 0.03932660 0.00339544
v 0.00569999 0.03915667 0.00360167
v 0.00569999 0.03932660 0.00339556
v 0.00519991 0.03932660 0.00339544
v 0.00569999 0.03932660 0.00339556
v 0.00519991 0.04011332 0.00202549
v 0.00519991 0.04011332 0.00202549
v 0.00569999 0.03932660 0.00339556
v 0.00569999 0.03981173 0.00266391
v 0.00519991 0.04011332 0.00202549
v 0.00569999 0.03981173 0.00266391
v 0.00569999 0.04011332 0.00202549
v 0.00569999 0.03626316 0.00535309
v 0.00569999 0.03734314 0.00497591
v 0.00519991 0.03677660 0.00520504
v 0.00519991 0.03677660 0.00520504
v 0.00569999 0.03734314 0.00497591
v 0.00569999 0.03818297 0.00448543
v 0.00519991 0.03677660 0.00520504
v 0.00569999 0.03818297 0.00448543
v 0.00519991 0.03818297 0.00448531
v 0.00519991 0.03818297 0.00448531
v 0.00569999 0.03818297 0.00448543
v 0.00569999 0.03832173 0.00438356
v 0.00519991 0.03818297 0.00448531
v 0.00569999 0.03832173 0.00438356
v 0.00569999 0.03915667 0.00360167
v 0.00737315 0.03844368 0.00257498
v 0.00746137 0.03836101 0.00291228
v 0.00737297 0.03797936 0.00309968
v 0.00736475 0.03892469 -0.00172198
v 0.00736427 0.03887605 -0.00182676
v 0.00746137 0.03921037 -0.00143176
v 0.00737315 0.03656035 -0.00400662
v 0.00737327 0.03647255 -0.00403994
v 0.00746137 0.03652310 -0.00417835
v 0.00737315 0.03656035 -0.00400662
v 0.00746137 0.03652310 -0.00417835
v 0.00737119 0.03704506 -0.00377870
v 0.00737119 0.03704506 -0.00377870
v 0.00746137 0.03652310 -0.00417835
v 0.00746137 0.03677099 -0.00407946
v 0.00737119 0.03704506 -0.00377870
v 0.00746137 0.03677099 -0.00407946
v 0.00737071 0.03713351 -0.00372845
v 0.00737071 0.03713351 -0.00372845
v 0.00746137 0.03677099 -0.00407946
v 0.00746137 0.03757649 -0.00362492
v 0.00737071 0.03713351 -0.00372845
v 0.00746137 0.03757649 -0.00362492
v 0.00736684 0.03767949 -0.00334942
v 0.00736684 0.03767949 -0.00334942
v 0.00746137 0.03757649 -0.00362492
v 0.00746137 0.03827065 -0.00301343
v 0.00736684 0.03767949 -0.00334942
v 0.00746137 0.03827065 -0.00301343
v 0.00736368 0.03813320 -0.00292176
v 0.00746137 0.03882318 -0.00227177
v 0.00746137 0.03882318 -0.00227177
v 0.00736427 0.03887605 -0.00182676
v 0.00736260 0.03853225 -0.00242049
v 0.00746137 0.03882318 -0.00227177
v 0.00736260 0.03853225 -0.00242049
v 0.00746137 0.03827065 -0.00301343
v 0.00746137 0.03827065 -0.00301343
v 0.00736260 0.03853225 -0.00242049
v 0.00736368 0.03815096 -0.00290227
v 0.00746137 0.03827065 -0.00301343
v 0.00736368 0.03815096 -0.00290227
v 0.00736368 0.03813320 -0.00292176
v 0.00736475 0.03892469 -0.00172198
v 0.00746137 0.03921037 -0.00143176
v 0.00736773 0.03910636 -0.00124389
v 0.00736773 0.03910636 -0.00124389
v 0.00746137 0.03921037 -0.00143176
v 0.00746137 0.03941547 -0.00052989
v 0.00736773 0.03910636 -0.00124389
v 0.00746137 0.03941547 -0.00052989
v 0.00737137 0.03925442 -0.00060149
v 0.00737286 0.03927129 0.00049057
v 0.00737297 0.03928387 0.00036720
v 0.00746137 0.03942966 0.00039495
v 0.00746137 0.03942966 0.00039495
v 0.00737297 0.03928387 0.00036720
v 0.00737327 0.03929996 0.00000000
v 0.00746137 0.03942966 0.00039495
v 0.00737327 0.03929996 0.00000000
v 0.00746137 0.03941547 -0.00052989
v 0.00746137 0.03941547 -0.00052989
v 0.00737327 0.03929996 0.00000000
v 0.00737238 0.03928393 -0.00035499
v 0.00746137 0.03941547 -0.00052989
v 0.00737238 0.03928393 -0.00035499
v 0.00737137 0.03925442 -0.00060149
v 0.00737286 0.03927129 0.00049057
v 0.00746137 0.03942966 0.00039495
v 0.00737226 0.03916674 0.00105518
v 0.00737226 0.03916674 0.00105518
v 0.00746137 0.03942966 0.00039495
v 0.00746137 0.03925216 0.00130260
v 0.00737226 0.03916674 0.00105518
v 0.00746137 0.03925216 0.00130260
v 0.00737220 0.03915989 0.00108182
v 0.00737220 0.03915989 0.00108182
v 0.00746137 0.03925216 0.00130260
v 0.00737208 0.03904825 0.00144356
v 0.00737208 0.03904825 0.00144356
v 0.00746137 0.03925216 0.00130260
v 0.00746137 0.03889065 0.00215405
v 0.00737208 0.03904825 0.00144356
v 0.00746137 0.03889065 0.00215405
v 0.00737286 0.03879147 0.00202680
v 0.00746137 0.03836101 0.00291228
v 0.00737315 0.03844368 0.00257498
v 0.00746137 0.03889065 0.00215405
v 0.00737303 0.03859961 0.00235170
v 0.00746137 0.03889065 0.00215405
v 0.00737303 0.03859961 0.00235170
v 0.00737286 0.03879147 0.00202680
v 0.00737297 0.03797936 0.00309968
v 0.00746137 0.03836101 0.00291228
v 0.00737238 0.03764021 0.00339216
v 0.00737238 0.03764021 0.00339216
v 0.00746137 0.03836101 0.00291228
v 0.00746137 0.03768593 0.00354457
v 0.00737238 0.03764021 0.00339216
v 0.00746137 0.03768593 0.00354457
v 0.00737238 0.03761398 0.00341231
v 0.00746137 0.03575980 0.00438190
v 0.00737327 0.03573465 0.00423670
v 0.00746137 0.03602141 0.00432849
v 0.00746137 0.03602141 0.00432849
v 0.00737327 0.03573465 0.00423670
v 0.00737297 0.03639388 0.00406736
v 0.00746137 0.03602141 0.00432849
v 0.00737297 0.03639388 0.00406736
v 0.00746137 0.03689455 0.00402349
v 0.00746137 0.03689455 0.00402349
v 0.00737297 0.03639388 0.00406736
v 0.00737226 0.03701490 0.00379681
v 0.00746137 0.03689455 0.00402349
v 0.00737226 0.03701490 0.00379681
v 0.00746137 0.03768593 0.00354457
v 0.00746137 0.03768593 0.00354457
v 0.00737226 0.03701490 0.00379681
v 0.00737220 0.03746497 0.00352114
v 0.00746137 0.03768593 0.00354457
v 0.00737220 0.03746497 0.00352114
v 0.00737238 0.03761398 0.00341231
v 0.00759989 0.03071469 -0.00035509
v 0.00759989 0.03106212 -0.00172728
v 0.00689989 0.03106212 -0.00172728
v 0.00737297 0.03797936 0.00309968
v 0.00737238 0.03764021 0.00339216
v 0.00689989 0.03764104 0.00339329
v 0.00735807 0.03509235 -0.00429899
v 0.00736535 0.03570771 -0.00424135
v 0.00689989 0.03570771 -0.00424135
v 0.00689989 0.03570771 -0.00424135
v 0.00736535 0.03570771 -0.00424135
v 0.00736666 0.03579282 -0.00422615
v 0.00689989 0.03570771 -0.00424135
v 0.00736666 0.03579282 -0.00422615
v 0.00689989 0.03704655 -0.00378168
v 0.00689989 0.03704655 -0.00378168
v 0.00736666 0.03579282 -0.00422615
v 0.00737327 0.03647255 -0.00403994
v 0.00689989 0.03704655 -0.00378168
v 0.00737327 0.03647255 -0.00403994
v 0.00737315 0.03656035 -0.00400662
v 0.00735807 0.03509235 -0.00429899
v 0.00689989 0.03570771 -0.00424135
v 0.00736368 0.03438854 -0.00425631
v 0.00736368 0.03438854 -0.00425631
v 0.00689989 0.03570771 -0.00424135
v 0.00689989 0.03429222 -0.00424135
v 0.00736368 0.03438854 -0.00425631
v 0.00689989 0.03429222 -0.00424135
v 0.00736618 0.03429216 -0.00424123
v 0.00689989 0.03295338 -0.00378168
v 0.00744581 0.03305155 -0.00383323
v 0.00689989 0.03429222 -0.00424135
v 0.00689989 0.03429222 -0.00424135
v 0.00744581 0.03305155 -0.00383323
v 0.00739276 0.03370308 -0.00409979
v 0.00689989 0.03429222 -0.00424135
v 0.00739276 0.03370308 -0.00409979
v 0.00736618 0.03429216 -0.00424123
v 0.00758076 0.03183645 -0.00291240
v 0.00757259 0.03192335 -0.00300401
v 0.00689989 0.03183639 -0.00291222
v 0.00689989 0.03183639 -0.00291222
v 0.00757259 0.03192335 -0.00300401
v 0.00751203 0.03245460 -0.00346571
v 0.00689989 0.03183639 -0.00291222
v 0.00751203 0.03245460 -0.00346571
v 0.00689989 0.03295338 -0.00378168
v 0.00689989 0.03295338 -0.00378168
v 0.00751203 0.03245460 -0.00346571
v 0.00745577 0.03295338 -0.00378168
v 0.00689989 0.03295338 -0.00378168
v 0.00745577 0.03295338 -0.00378168
v 0.00744581 0.03305155 -0.00383323
v 0.00689989 0.03106212 -0.00172728
v 0.00759989 0.03106212 -0.00172728
v 0.00689989 0.03183639 -0.00291222
v 0.00689989 0.03183639 -0.00291222
v 0.00759989 0.03106212 -0.00172728
v 0.00759989 0.03147393 -0.00246102
v 0.00689989 0.03183639 -0.00291222
v 0.00759989 0.03147393 -0.00246102
v 0.00758076 0.03183645 -0.00291240
v 0.00689989 0.03360372 0.00406694
v 0.00755161 0.03360384 0.00406694
v 0.00756085 0.03351217 0.00403434
v 0.00689989 0.03360372 0.00406694
v 0.00756085 0.03351217 0.00403434
v 0.00689989 0.03235888 0.00339329
v 0.00689989 0.03499990 0.00430000
v 0.00689989 0.03639620 0.00406694
v 0.00737297 0.03639388 0.00406736
v 0.00737297 0.03639388 0.00406736
v 0.00737327 0.03573465 0.00423670
v 0.00689989 0.03499990 0.00430000
v 0.00689989 0.03499990 0.00430000
v 0.00737327 0.03573465 0.00423670
v 0.00740403 0.03498083 0.00429988
v 0.00689989 0.03499990 0.00430000
v 0.00740403 0.03498083 0.00429988
v 0.00689989 0.03360372 0.00406694
v 0.00689989 0.03360372 0.00406694
v 0.00740403 0.03498083 0.00429988
v 0.00747913 0.03423631 0.00423157
v 0.00689989 0.03360372 0.00406694
v 0.00747913 0.03423631 0.00423157
v 0.00755161 0.03360384 0.00406694
v 0.00737238 0.03764021 0.00339216
v 0.00737238 0.03761398 0.00341231
v 0.00689989 0.03764104 0.00339329
v 0.00689989 0.03764104 0.00339329
v 0.00737238 0.03761398 0.00341231
v 0.00737220 0.03746497 0.00352114
v 0.00689989 0.03764104 0.00339329
v 0.00737220 0.03746497 0.00352114
v 0.00689989 0.03639620 0.00406694
v 0.00689989 0.03639620 0.00406694
v 0.00737220 0.03746497 0.00352114
v 0.00737226 0.03701490 0.00379681
v 0.00689989 0.03639620 0.00406694
v 0.00737226 0.03701490 0.00379681
v 0.00737297 0.03639388 0.00406736
v 0.00737297 0.03797936 0.00309968
v 0.00689989 0.03764104 0.00339329
v 0.00737315 0.03844368 0.00257498
v 0.00737315 0.03844368 0.00257498
v 0.00689989 0.03764104 0.00339329
v 0.00689989 0.03859972 0.00235182
v 0.00737315 0.03844368 0.00257498
v 0.00689989 0.03859972 0.00235182
v 0.00737303 0.03859961 0.00235170
v 0.00737226 0.03916674 0.00105518
v 0.00737220 0.03915989 0.00108182
v 0.00689989 0.03916835 0.00105548
v 0.00689989 0.03916835 0.00105548
v 0.00737220 0.03915989 0.00108182
v 0.00737208 0.03904825 0.00144356
v 0.00689989 0.03916835 0.00105548
v 0.00737208 0.03904825 0.00144356
v 0.00689989 0.03859972 0.00235182
v 0.00689989 0.03859972 0.00235182
v 0.00737208 0.03904825 0.00144356
v 0.00737286 0.03879147 0.00202680
v 0.00689989 0.03859972 0.00235182
v 0.00737286 0.03879147 0.00202680
v 0.00737303 0.03859961 0.00235170
v 0.00737226 0.03916674 0.00105518
v 0.00689989 0.03916835 0.00105548
v 0.00737286 0.03927129 0.00049057
v 0.00737286 0.03927129 0.00049057
v 0.00689989 0.03916835 0.00105548
v 0.00689989 0.03929996 0.00000000
v 0.00737286 0.03927129 0.00049057
v 0.00689989 0.03929996 0.00000000
v 0.00737297 0.03928387 0.00036720
v 0.00689989 0.03893774 -0.00172728
v 0.00736475 0.03892469 -0.00172198
v 0.00736773 0.03910636 -0.00124389
v 0.00689989 0.03893774 -0.00172728
v 0.00736773 0.03910636 -0.00124389
v 0.00689989 0.03928530 -0.00035509
v 0.00736773 0.03910636 -0.00124389
v 0.00737137 0.03925442 -0.00060149
v 0.00689989 0.03928530 -0.00035509
v 0.00689989 0.03928530 -0.00035509
v 0.00737137 0.03925442 -0.00060149
v 0.00737238 0.03928393 -0.00035499
v 0.00689989 0.03928530 -0.00035509
v 0.00737238 0.03928393 -0.00035499
v 0.00689989 0.03929996 0.00000000
v 0.00689989 0.03929996 0.00000000
v 0.00737238 0.03928393 -0.00035499
v 0.00737327 0.03929996 0.00000000
v 0.00689989 0.03929996 0.00000000
v 0.00737327 0.03929996 0.00000000
v 0.00737297 0.03928387 0.00036720
v 0.00736368 0.03813320 -0.00292176
v 0.00736368 0.03815096 -0.00290227
v 0.00689989 0.03816360 -0.00291222
v 0.00689989 0.03816360 -0.00291222
v 0.00736368 0.03815096 -0.00290227
v 0.00736260 0.03853225 -0.00242049
v 0.00689989 0.03816360 -0.00291222
v 0.00736260 0.03853225 -0.00242049
v 0.00689989 0.03893774 -0.00172728
v 0.00689989 0.03893774 -0.00172728
v 0.00736260 0.03853225 -0.00242049
v 0.00736427 0.03887605 -0.00182676
v 0.00689989 0.03893774 -0.00172728
v 0.00736427 0.03887605 -0.00182676
v 0.00736475 0.03892469 -0.00172198
v 0.00737315 0.03656035 -0.00400662
v 0.00737119 0.03704506 -0.00377870
v 0.00689989 0.03704655 -0.00378168
v 0.00689989 0.03704655 -0.00378168
v 0.00737119 0.03704506 -0.00377870
v 0.00737071 0.03713351 -0.00372845
v 0.00689989 0.03704655 -0.00378168
v 0.00737071 0.03713351 -0.00372845
v 0.00689989 0.03816360 -0.00291222
v 0.00689989 0.03816360 -0.00291222
v 0.00737071 0.03713351 -0.00372845
v 0.00736684 0.03767949 -0.00334942
v 0.00689989 0.03816360 -0.00291222
v 0.00736684 0.03767949 -0.00334942
v 0.00736368 0.03813320 -0.00292176
v 0.00689989 0.03071469 -0.00035509
v 0.00759989 0.03071469 -0.00035509
v 0.00689989 0.03071469 -0.00035509
v 0.00689989 0.03069990 0.00000000
v 0.00759989 0.03071469 -0.00035509
v 0.00689989 0.03069990 0.00000000
v 0.00759989 0.03083157 0.00105548
v 0.00759989 0.03083157 0.00105548
v 0.00689989 0.03069990 0.00000000
v 0.00689989 0.03083157 0.00105548
v 0.00759989 0.03083157 0.00105548
v 0.00689989 0.03083157 0.00105548
v 0.00759989 0.03140014 0.00235182
v 0.00689989 0.03140014 0.00235182
v 0.00759989 0.03140014 0.00235182
v 0.00689989 0.03140014 0.00235182
v 0.00759989 0.03235888 0.00339329
v 0.00689989 0.03235888 0.00339329
v 0.00759989 0.03235888 0.00339329
v 0.00689989 0.03235888 0.00339329
v 0.00759989 0.03283208 0.00371355
v 0.00759989 0.03283208 0.00371355
v 0.00689989 0.03235888 0.00339329
v 0.00756085 0.03351217 0.00403434
v 0.00759989 0.03071469 -0.00035509
v 0.00769997 0.03061503 -0.00036335
v 0.00759989 0.03106212 -0.00172728
v 0.00769997 0.03097057 -0.00176740
v 0.00759989 0.03106212 -0.00172728
v 0.00769997 0.03097057 -0.00176740
v 0.00759989 0.03147393 -0.00246102
v 0.00769997 0.03139185 -0.00251830
v 0.00759989 0.03283208 0.00371355
v 0.00769997 0.03278172 0.00379980
v 0.00759989 0.03235888 0.00339329
v 0.00769997 0.03229743 0.00347215
v 0.00759989 0.03235888 0.00339329
v 0.00769997 0.03229743 0.00347215
v 0.00759989 0.03140014 0.00235182
v 0.00769997 0.03131639 0.00240648
v 0.00759989 0.03140014 0.00235182
v 0.00769997 0.03131639 0.00240648
v 0.00759989 0.03083157 0.00105548
v 0.00769997 0.03073453 0.00108004
v 0.00759989 0.03083157 0.00105548
v 0.00769997 0.03073453 0.00108004
v 0.00759989 0.03071469 -0.00035509
v 0.00759989 0.03071469 -0.00035509
v 0.00769997 0.03073453 0.00108004
v 0.00769997 0.03059995 0.00000000
v 0.00759989 0.03071469 -0.00035509
v 0.00769997 0.03059995 0.00000000
v 0.00769997 0.03061503 -0.00036335
v 0.00663471 0.03590005 0.00519055
v 0.00642723 0.03591626 0.00528419
v 0.00639814 0.03394258 0.00560290
v 0.00709379 0.03584307 0.00486171
v 0.00694382 0.03586560 0.00499153
v 0.00676936 0.03391379 0.00541443
v 0.00690293 0.01411187 0.00453204
v 0.00689203 0.01216030 0.00438684
v 0.00735778 0.01222234 0.00348198
v 0.00545275 0.02938818 0.00632477
v 0.00574368 0.02846521 0.00635189
v 0.00574070 0.02999049 0.00623047
v 0.00639981 0.01141220 0.00499457
v 0.00639921 0.00950020 0.00498945
v 0.00692266 0.01020199 0.00431913
v 0.00376326 0.00569332 0.00601733
v 0.00362641 0.00564343 0.00601315
v 0.00363773 0.00553101 0.00599819
v 0.00399381 0.00438476 0.00582635
v 0.00437886 0.00446314 0.00578988
v 0.00438261 0.00504494 0.00586867
v 0.00441009 0.00600982 0.00597709
v 0.00427651 0.00593275 0.00599366
v 0.00438261 0.00504494 0.00586867
v 0.00437886 0.00446314 0.00578988
v 0.00446737 0.00446945 0.00577432
v 0.00438261 0.00504494 0.00586867
v 0.00438261 0.00504494 0.00586867
v 0.00446737 0.00446945 0.00577432
v 0.00511020 0.00451696 0.00559658
v 0.00438261 0.00504494 0.00586867
v 0.00511020 0.00451696 0.00559658
v 0.00441009 0.00600982 0.00597709
v 0.00427651 0.00593275 0.00599366
v 0.00376326 0.00569332 0.00601733
v 0.00438261 0.00504494 0.00586867
v 0.00438261 0.00504494 0.00586867
v 0.00376326 0.00569332 0.00601733
v 0.00363773 0.00553101 0.00599819
v 0.00438261 0.00504494 0.00586867
v 0.00363773 0.00553101 0.00599819
v 0.00399381 0.00438476 0.00582635
v 0.00399381 0.00438476 0.00582635
v 0.00363773 0.00553101 0.00599819
v 0.00369996 0.00433874 0.00583053
v 0.00399381 0.00438476 0.00582635
v 0.00369996 0.00433874 0.00583053
v 0.00370026 0.00423455 0.00581521
v 0.00574398 0.00729269 0.00551802
v 0.00572038 0.00725693 0.00553185
v 0.00582647 0.00611383 0.00540346
v 0.00582647 0.00611383 0.00540346
v 0.00572038 0.00725693 0.00553185
v 0.00530547 0.00673193 0.00573617
v 0.00582647 0.00611383 0.00540346
v 0.00530547 0.00673193 0.00573617
v 0.00507897 0.00606453 0.00578409
v 0.00507897 0.00606453 0.00578409
v 0.00530547 0.00673193 0.00573617
v 0.00512135 0.00654739 0.00580597
v 0.00507897 0.00606453 0.00578409
v 0.00512135 0.00654739 0.00580597
v 0.00481910 0.00628978 0.00589657
v 0.00698042 0.00823563 0.00428796
v 0.00636059 0.00894785 0.00503480
v 0.00639623 0.00815755 0.00500464
v 0.00639623 0.00815755 0.00500464
v 0.00636059 0.00894785 0.00503480
v 0.00624168 0.00838792 0.00515133
v 0.00639623 0.00815755 0.00500464
v 0.00624168 0.00838792 0.00515133
v 0.00617170 0.00816709 0.00521302
v 0.00617170 0.00816709 0.00521302
v 0.00603723 0.00782937 0.00532115
v 0.00649357 0.00618315 0.00486731
v 0.00649357 0.00618315 0.00486731
v 0.00603723 0.00782937 0.00532115
v 0.00574398 0.00729269 0.00551802
v 0.00689203 0.01216030 0.00438684
v 0.00639987 0.01221185 0.00502860
v 0.00639981 0.01141220 0.00499457
v 0.00639987 0.01221185 0.00502860
v 0.00689203 0.01216030 0.00438684
v 0.00639981 0.01338452 0.00511664
v 0.00690293 0.01411187 0.00453204
v 0.00639981 0.01338452 0.00511664
v 0.00690293 0.01411187 0.00453204
v 0.00639933 0.01604586 0.00538731
v 0.00652009 0.01999384 0.00570315
v 0.00639910 0.01656299 0.00544608
v 0.00693798 0.01606488 0.00470597
v 0.00618470 0.02363461 0.00622845
v 0.00634754 0.02331417 0.00610119
v 0.00673771 0.02395969 0.00579560
v 0.00673771 0.02395969 0.00579560
v 0.00634754 0.02331417 0.00610119
v 0.00639576 0.02299851 0.00604808
v 0.00673771 0.02395969 0.00579560
v 0.00639576 0.02299851 0.00604808
v 0.00652009 0.01999384 0.00570315
v 0.00652009 0.01999384 0.00570315
v 0.00639576 0.02299851 0.00604808
v 0.00639743 0.02027529 0.00584686
v 0.00652009 0.01999384 0.00570315
v 0.00639743 0.02027529 0.00584686
v 0.00639910 0.01656299 0.00544608
v 0.00586611 0.02392137 0.00641775
v 0.00620550 0.02398186 0.00622612
v 0.00584590 0.02750670 0.00637627
v 0.00584590 0.02750670 0.00637627
v 0.00620550 0.02398186 0.00622612
v 0.00650114 0.02796393 0.00604582
v 0.00602275 0.02798634 0.00629049
v 0.00581652 0.02800917 0.00636005
v 0.00584084 0.02770054 0.00636876
v 0.00545275 0.02938818 0.00632477
v 0.00574070 0.02999049 0.00623047
v 0.00530046 0.02979326 0.00628942
v 0.00530046 0.02979326 0.00628942
v 0.00574070 0.02999049 0.00623047
v 0.00590611 0.03197741 0.00599068
v 0.00530046 0.02979326 0.00628942
v 0.00590611 0.03197741 0.00599068
v 0.00550699 0.03177267 0.00605154
v 0.00550699 0.03177267 0.00605154
v 0.00590611 0.03197741 0.00599068
v 0.00601268 0.03395903 0.00571006
v 0.00550699 0.03177267 0.00605154
v 0.00601268 0.03395903 0.00571006
v 0.00565004 0.03387427 0.00575501
v 0.00565004 0.03387427 0.00575501
v 0.00601268 0.03395903 0.00571006
v 0.00623608 0.03592717 0.00534689
v 0.00565004 0.03387427 0.00575501
v 0.00623608 0.03592717 0.00534689
v 0.00569999 0.03593975 0.00541914
v 0.00752908 0.03464949 0.00441605
v 0.00749695 0.03498733 0.00443673
v 0.00736922 0.03382307 0.00482148
v 0.00736922 0.03382307 0.00482148
v 0.00749695 0.03498733 0.00443673
v 0.00747222 0.03535044 0.00442970
v 0.00736922 0.03382307 0.00482148
v 0.00747222 0.03535044 0.00442970
v 0.00746137 0.03575980 0.00438190
v 0.00767255 0.03334271 0.00408679
v 0.00760776 0.03396129 0.00429416
v 0.00755983 0.03376692 0.00445455
v 0.00755983 0.03376692 0.00445455
v 0.00760776 0.03396129 0.00429416
v 0.00757682 0.03422540 0.00435364
v 0.00769997 0.03084456 0.00389689
v 0.00769997 0.03278172 0.00379980
v 0.00767255 0.03334271 0.00408679
v 0.00767255 0.03334271 0.00408679
v 0.00766623 0.03174638 0.00424576
v 0.00769997 0.03084456 0.00389689
v 0.00766623 0.03174638 0.00424576
v 0.00766319 0.02977651 0.00431991
v 0.00769997 0.02881175 0.00388891
v 0.00765914 0.02780395 0.00430560
v 0.00769997 0.02881175 0.00388891
v 0.00765914 0.02780395 0.00430560
v 0.00765437 0.02583396 0.00421256
v 0.00764906 0.02386963 0.00405067
v 0.00769997 0.02452075 0.00356084
v 0.00765437 0.02583396 0.00421256
v 0.00769997 0.02664643 0.00377172
v 0.00769997 0.02881175 0.00388891
v 0.00763756 0.01996910 0.00356084
v 0.00769997 0.02216184 0.00323278
v 0.00769997 0.02383995 0.00347561
v 0.00769997 0.01658499 0.00221616
v 0.00769997 0.01953786 0.00277597
v 0.00763756 0.01996910 0.00356084
v 0.00769997 0.01996093 0.00285476
v 0.00769997 0.02216184 0.00323278
v 0.00762552 0.01035904 0.00254756
v 0.00769997 0.01049548 0.00170511
v 0.00769997 0.01172763 0.00165683
v 0.00763619 0.00646406 0.00269484
v 0.00769997 0.00641698 0.00197858
v 0.00769997 0.00774145 0.00193393
v 0.00769997 0.00622237 0.00197613
v 0.00769997 0.00641698 0.00197858
v 0.00769567 0.00616753 0.00215936
v 0.00769567 0.00616753 0.00215936
v 0.00769997 0.00641698 0.00197858
v 0.00763619 0.00646406 0.00269484
v 0.00769567 0.00616753 0.00215936
v 0.00763619 0.00646406 0.00269484
v 0.00762433 0.00595629 0.00274462
v 0.00762433 0.00595629 0.00274462
v 0.00763619 0.00646406 0.00269484
v 0.00748396 0.00572485 0.00325763
v 0.00748396 0.00572485 0.00325763
v 0.00763619 0.00646406 0.00269484
v 0.00741792 0.00636452 0.00346446
v 0.00748396 0.00572485 0.00325763
v 0.00741792 0.00636452 0.00346446
v 0.00742263 0.00564176 0.00341988
v 0.00742263 0.00564176 0.00341988
v 0.00741792 0.00636452 0.00346446
v 0.00724256 0.00542575 0.00379980
v 0.00724256 0.00542575 0.00379980
v 0.00741792 0.00636452 0.00346446
v 0.00703406 0.00626868 0.00420576
v 0.00724256 0.00542575 0.00379980
v 0.00703406 0.00626868 0.00420576
v 0.00704974 0.00522476 0.00411218
v 0.00704974 0.00522476 0.00411218
v 0.00703406 0.00626868 0.00420576
v 0.00691766 0.00509947 0.00429064
v 0.00691766 0.00509947 0.00429064
v 0.00703406 0.00626868 0.00420576
v 0.00649357 0.00618315 0.00486731
v 0.00691766 0.00509947 0.00429064
v 0.00649357 0.00618315 0.00486731
v 0.00648999 0.00474358 0.00474203
v 0.00574398 0.00729269 0.00551802
v 0.00582647 0.00611383 0.00540346
v 0.00649357 0.00618315 0.00486731
v 0.00649357 0.00618315 0.00486731
v 0.00582647 0.00611383 0.00540346
v 0.00628978 0.00469655 0.00491953
v 0.00649357 0.00618315 0.00486731
v 0.00628978 0.00469655 0.00491953
v 0.00648999 0.00474358 0.00474203
v 0.00564498 0.00458121 0.00535506
v 0.00571162 0.00459111 0.00531811
v 0.00582647 0.00611383 0.00540346
v 0.00564498 0.00458121 0.00535506
v 0.00582647 0.00611383 0.00540346
v 0.00519639 0.00452572 0.00556386
v 0.00519639 0.00452572 0.00556386
v 0.00519639 0.00452572 0.00556386
v 0.00507897 0.00606453 0.00578409
v 0.00511020 0.00451696 0.00559658
v 0.00511020 0.00451696 0.00559658
v 0.00507897 0.00606453 0.00578409
v 0.00481910 0.00628978 0.00589657
v 0.00481910 0.00628978 0.00589657
v 0.00441009 0.00600982 0.00597709
v 0.00571162 0.00459111 0.00531811
v 0.00573420 0.00459445 0.00530523
v 0.00582647 0.00611383 0.00540346
v 0.00582647 0.00611383 0.00540346
v 0.00573420 0.00459445 0.00530523
v 0.00587964 0.00461775 0.00521737
v 0.00582647 0.00611383 0.00540346
v 0.00587964 0.00461775 0.00521737
v 0.00628978 0.00469655 0.00491953
v 0.00639933 0.01604586 0.00538731
v 0.00690293 0.01411187 0.00453204
v 0.00693798 0.01606488 0.00470597
v 0.00690293 0.01411187 0.00453204
v 0.00736242 0.01415532 0.00363821
v 0.00736242 0.01415532 0.00363821
v 0.00736242 0.01415532 0.00363821
v 0.00735778 0.01222234 0.00348198
v 0.00762254 0.01228690 0.00254261
v 0.00762254 0.01228690 0.00254261
v 0.00735778 0.01222234 0.00348198
v 0.00762355 0.01132565 0.00252283
v 0.00762254 0.01228690 0.00254261
v 0.00762355 0.01132565 0.00252283
v 0.00769997 0.01292479 0.00170702
v 0.00639981 0.01141220 0.00499457
v 0.00692266 0.01020199 0.00431913
v 0.00689203 0.01216030 0.00438684
v 0.00689203 0.01216030 0.00438684
v 0.00692266 0.01020199 0.00431913
v 0.00737071 0.01027905 0.00344986
v 0.00735778 0.01222234 0.00348198
v 0.00737071 0.01027905 0.00344986
v 0.00762552 0.01035904 0.00254756
v 0.00735778 0.01222234 0.00348198
v 0.00762552 0.01035904 0.00254756
v 0.00762355 0.01132565 0.00252283
v 0.00769997 0.01049548 0.00170511
v 0.00762552 0.01035904 0.00254756
v 0.00763106 0.00841385 0.00265127
v 0.00763106 0.00841385 0.00265127
v 0.00762552 0.01035904 0.00254756
v 0.00737071 0.01027905 0.00344986
v 0.00739515 0.00832307 0.00348484
v 0.00739515 0.00832307 0.00348484
v 0.00737071 0.01027905 0.00344986
v 0.00692266 0.01020199 0.00431913
v 0.00698042 0.00823563 0.00428796
v 0.00698042 0.00823563 0.00428796
v 0.00692266 0.01020199 0.00431913
v 0.00639921 0.00950020 0.00498945
v 0.00698042 0.00823563 0.00428796
v 0.00639921 0.00950020 0.00498945
v 0.00636059 0.00894785 0.00503480
v 0.00617170 0.00816709 0.00521302
v 0.00649357 0.00618315 0.00486731
v 0.00639623 0.00815755 0.00500464
v 0.00639623 0.00815755 0.00500464
v 0.00649357 0.00618315 0.00486731
v 0.00703406 0.00626868 0.00420576
v 0.00639623 0.00815755 0.00500464
v 0.00703406 0.00626868 0.00420576
v 0.00698042 0.00823563 0.00428796
v 0.00698042 0.00823563 0.00428796
v 0.00703406 0.00626868 0.00420576
v 0.00741792 0.00636452 0.00346446
v 0.00739515 0.00832307 0.00348484
v 0.00739515 0.00832307 0.00348484
v 0.00763106 0.00841385 0.00265127
v 0.00763106 0.00841385 0.00265127
v 0.00769997 0.00774145 0.00193393
v 0.00711411 0.03583955 0.00484186
v 0.00709379 0.03584307 0.00486171
v 0.00710070 0.03387320 0.00514907
v 0.00710070 0.03387320 0.00514907
v 0.00709379 0.03584307 0.00486171
v 0.00676936 0.03391379 0.00541443
v 0.00710070 0.03387320 0.00514907
v 0.00676936 0.03391379 0.00541443
v 0.00706285 0.03189826 0.00539255
v 0.00671059 0.03193569 0.00567544
v 0.00706285 0.03189826 0.00539255
v 0.00671059 0.03193569 0.00567544
v 0.00700420 0.02991712 0.00557548
v 0.00661933 0.02995187 0.00588530
v 0.00700420 0.02991712 0.00557548
v 0.00661933 0.02995187 0.00588530
v 0.00692797 0.02793228 0.00570148
v 0.00650114 0.02796393 0.00604582
v 0.00692797 0.02793228 0.00570148
v 0.00650114 0.02796393 0.00604582
v 0.00673771 0.02395969 0.00579560
v 0.00620550 0.02398186 0.00622612
v 0.00673771 0.02395969 0.00579560
v 0.00620550 0.02398186 0.00622612
v 0.00618470 0.02363461 0.00622845
v 0.00618470 0.02363461 0.00622845
v 0.00620550 0.02398186 0.00622612
v 0.00586611 0.02392137 0.00641775
v 0.00584084 0.02770054 0.00636876
v 0.00584590 0.02750670 0.00637627
v 0.00602275 0.02798634 0.00629049
v 0.00602275 0.02798634 0.00629049
v 0.00584590 0.02750670 0.00637627
v 0.00650114 0.02796393 0.00604582
v 0.00602275 0.02798634 0.00629049
v 0.00650114 0.02796393 0.00604582
v 0.00618827 0.02997642 0.00610536
v 0.00661933 0.02995187 0.00588530
v 0.00618827 0.02997642 0.00610536
v 0.00661933 0.02995187 0.00588530
v 0.00631589 0.03196221 0.00587642
v 0.00671059 0.03193569 0.00567544
v 0.00631589 0.03196221 0.00587642
v 0.00671059 0.03193569 0.00567544
v 0.00639814 0.03394258 0.00560290
v 0.00676936 0.03391379 0.00541443
v 0.00639814 0.03394258 0.00560290
v 0.00676936 0.03391379 0.00541443
v 0.00663471 0.03590005 0.00519055
v 0.00663471 0.03590005 0.00519055
v 0.00676936 0.03391379 0.00541443
v 0.00694382 0.03586560 0.00499153
v 0.00642723 0.03591626 0.00528419
v 0.00623608 0.03592717 0.00534689
v 0.00639814 0.03394258 0.00560290
v 0.00639814 0.03394258 0.00560290
v 0.00623608 0.03592717 0.00534689
v 0.00601268 0.03395903 0.00571006
v 0.00639814 0.03394258 0.00560290
v 0.00601268 0.03395903 0.00571006
v 0.00631589 0.03196221 0.00587642
v 0.00590611 0.03197741 0.00599068
v 0.00631589 0.03196221 0.00587642
v 0.00590611 0.03197741 0.00599068
v 0.00618827 0.02997642 0.00610536
v 0.00574070 0.02999049 0.00623047
v 0.00618827 0.02997642 0.00610536
v 0.00574070 0.02999049 0.00623047
v 0.00602275 0.02798634 0.00629049
v 0.00602275 0.02798634 0.00629049
v 0.00574070 0.02999049 0.00623047
v 0.00574368 0.02846521 0.00635189
v 0.00602275 0.02798634 0.00629049
v 0.00574368 0.02846521 0.00635189
v 0.00581652 0.02800917 0.00636005
v 0.00757682 0.03422540 0.00435364
v 0.00752908 0.03464949 0.00441605
v 0.00755983 0.03376692 0.00445455
v 0.00755983 0.03376692 0.00445455
v 0.00752908 0.03464949 0.00441605
v 0.00736922 0.03382307 0.00482148
v 0.00755983 0.03376692 0.00445455
v 0.00736922 0.03382307 0.00482148
v 0.00755107 0.03180021 0.00465190
v 0.00734830 0.03185194 0.00504327
v 0.00755107 0.03180021 0.00465190
v 0.00734830 0.03185194 0.00504327
v 0.00753730 0.02982634 0.00476468
v 0.00731587 0.02987432 0.00519311
v 0.00753730 0.02982634 0.00476468
v 0.00731587 0.02987432 0.00519311
v 0.00751954 0.02784943 0.00480008
v 0.00727391 0.02789324 0.00527632
v 0.00751954 0.02784943 0.00480008
v 0.00727391 0.02789324 0.00527632
v 0.00749844 0.02587360 0.00476551
v 0.00767255 0.03334271 0.00408679
v 0.00755983 0.03376692 0.00445455
v 0.00766623 0.03174638 0.00424576
v 0.00755107 0.03180021 0.00465190
v 0.00766623 0.03174638 0.00424576
v 0.00755107 0.03180021 0.00465190
v 0.00766319 0.02977651 0.00431991
v 0.00753730 0.02982634 0.00476468
v 0.00766319 0.02977651 0.00431991
v 0.00753730 0.02982634 0.00476468
v 0.00765914 0.02780395 0.00430560
v 0.00751954 0.02784943 0.00480008
v 0.00765914 0.02780395 0.00430560
v 0.00751954 0.02784943 0.00480008
v 0.00765437 0.02583396 0.00421256
v 0.00749844 0.02587360 0.00476551
v 0.00765437 0.02583396 0.00421256
v 0.00749844 0.02587360 0.00476551
v 0.00764906 0.02386963 0.00405067
v 0.00722420 0.02591174 0.00529820
v 0.00716883 0.02393221 0.00526416
v 0.00747496 0.02390152 0.00466877
v 0.00747496 0.02390152 0.00466877
v 0.00716883 0.02393221 0.00526416
v 0.00704873 0.01998633 0.00505078
v 0.00742412 0.01997780 0.00431973
v 0.00742412 0.01997780 0.00431973
v 0.00704873 0.01998633 0.00505078
v 0.00737721 0.01608926 0.00385088
v 0.00742412 0.01997780 0.00431973
v 0.00737721 0.01608926 0.00385088
v 0.00762701 0.01611459 0.00296324
v 0.00762361 0.01420032 0.00271052
v 0.00722420 0.02591174 0.00529820
v 0.00749844 0.02587360 0.00476551
v 0.00747496 0.02390152 0.00466877
v 0.00764906 0.02386963 0.00405067
v 0.00764906 0.02386963 0.00405067
v 0.00747496 0.02390152 0.00466877
v 0.00763756 0.01996910 0.00356084
v 0.00762701 0.01611459 0.00296324
v 0.00769997 0.01658499 0.00221616
v 0.00762701 0.01611459 0.00296324
v 0.00762361 0.01420032 0.00271052
v 0.00769997 0.01446455 0.00187743
v 0.00769997 0.01292479 0.00170702
v 0.00762254 0.01228690 0.00254261
v 0.00762361 0.01420032 0.00271052
v 0.00736242 0.01415532 0.00363821
v 0.00737721 0.01608926 0.00385088
v 0.00693798 0.01606488 0.00470597
v 0.00737721 0.01608926 0.00385088
v 0.00704873 0.01998633 0.00505078
v 0.00693798 0.01606488 0.00470597
v 0.00704873 0.01998633 0.00505078
v 0.00652009 0.01999384 0.00570315
v 0.00652009 0.01999384 0.00570315
v 0.00704873 0.01998633 0.00505078
v 0.00716883 0.02393221 0.00526416
v 0.00652009 0.01999384 0.00570315
v 0.00716883 0.02393221 0.00526416
v 0.00673771 0.02395969 0.00579560
v 0.00673771 0.02395969 0.00579560
v 0.00716883 0.02393221 0.00526416
v 0.00722420 0.02591174 0.00529820
v 0.00673771 0.02395969 0.00579560
v 0.00722420 0.02591174 0.00529820
v 0.00692797 0.02793228 0.00570148
v 0.00692797 0.02793228 0.00570148
v 0.00722420 0.02591174 0.00529820
v 0.00727391 0.02789324 0.00527632
v 0.00692797 0.02793228 0.00570148
v 0.00727391 0.02789324 0.00527632
v 0.00700420 0.02991712 0.00557548
v 0.00731587 0.02987432 0.00519311
v 0.00700420 0.02991712 0.00557548
v 0.00731587 0.02987432 0.00519311
v 0.00706285 0.03189826 0.00539255
v 0.00706285 0.03189826 0.00539255
v 0.00731587 0.02987432 0.00519311
v 0.00734830 0.03185194 0.00504327
v 0.00706285 0.03189826 0.00539255
v 0.00734830 0.03185194 0.00504327
v 0.00710070 0.03387320 0.00514907
v 0.00736922 0.03382307 0.00482148
v 0.00710070 0.03387320 0.00514907
v 0.00736922 0.03382307 0.00482148
v 0.00711411 0.03583955 0.00484186
v 0.00711411 0.03583955 0.00484186
v 0.00736922 0.03382307 0.00482148
v 0.00746137 0.03575980 0.00438190
v 0.00728029 0.00619990 0.00000000
v 0.00769997 0.00652874 0.00000000
v 0.00728029 0.00609094 0.00115734
v 0.00728029 0.00609094 0.00115734
v 0.00769997 0.00652874 0.00000000
v 0.00769997 0.00641388 0.00121874
v 0.00728029 0.00609094 0.00115734
v 0.00769997 0.00641388 0.00121874
v 0.00728029 0.00590908 0.00187677
v 0.00769997 0.00622237 0.00197613
v 0.00728029 0.00619990 -0.00050000
v 0.00769997 0.00652874 -0.00050000
v 0.00728029 0.00619990 0.00000000
v 0.00769997 0.00652874 0.00000000
v 0.00728029 0.00769997 -0.00199997
v 0.00769997 0.00769997 -0.00167120
v 0.00769997 0.00729459 -0.00159878
v 0.00728029 0.00718075 -0.00190723
v 0.00728029 0.00718075 -0.00190723
v 0.00769997 0.00729459 -0.00159878
v 0.00769997 0.00687170 -0.00132817
v 0.00728029 0.00663924 -0.00156063
v 0.00728029 0.00663924 -0.00156063
v 0.00769997 0.00687170 -0.00132817
v 0.00769997 0.00660110 -0.00090539
v 0.00728029 0.00629270 -0.00101912
v 0.00728029 0.00629270 -0.00101912
v 0.00769997 0.00660110 -0.00090539
v 0.00769997 0.00652874 -0.00050000
v 0.00728029 0.00619990 -0.00050000
v 0.00728029 0.01332092 -0.00309902
v 0.00769997 0.01357501 -0.00289065
v 0.00728029 0.01264709 -0.00249255
v 0.00769997 0.01282751 -0.00221783
v 0.00728029 0.01264709 -0.00249255
v 0.00769997 0.01282751 -0.00221783
v 0.00728029 0.01175189 -0.00209570
v 0.00769997 0.01183432 -0.00177747
v 0.00728029 0.01175189 -0.00209570
v 0.00769997 0.01183432 -0.00177747
v 0.00728029 0.01099991 -0.00199997
v 0.00769997 0.01099991 -0.00167120
v 0.00569832 0.01399028 -0.00475866
v 0.00700498 0.01399028 -0.00475866
v 0.00569999 0.01398515 -0.00470269
v 0.00569999 0.01398515 -0.00470269
v 0.00700498 0.01399028 -0.00475866
v 0.00707883 0.01396149 -0.00451982
v 0.00569999 0.01398515 -0.00470269
v 0.00707883 0.01396149 -0.00451982
v 0.00569999 0.01383429 -0.00401688
v 0.00728029 0.01099991 -0.00199997
v 0.00565803 0.01099991 -0.00199997
v 0.00728029 0.01175189 -0.00209570
v 0.00728029 0.01175189 -0.00209570
v 0.00565803 0.01099991 -0.00199997
v 0.00569987 0.01148122 -0.00203884
v 0.00707883 0.01396149 -0.00451982
v 0.00719732 0.01383441 -0.00401473
v 0.00569999 0.01383429 -0.00401688
v 0.00569999 0.01383429 -0.00401688
v 0.00719732 0.01383441 -0.00401473
v 0.00725949 0.01363033 -0.00355673
v 0.00569999 0.01383429 -0.00401688
v 0.00725949 0.01363033 -0.00355673
v 0.00569999 0.01336675 -0.00315648
v 0.00569999 0.01336675 -0.00315648
v 0.00725949 0.01363033 -0.00355673
v 0.00728029 0.01332092 -0.00309902
v 0.00569999 0.01336675 -0.00315648
v 0.00728029 0.01332092 -0.00309902
v 0.00569999 0.01264709 -0.00249255
v 0.00569999 0.01264709 -0.00249255
v 0.00728029 0.01332092 -0.00309902
v 0.00728029 0.01264709 -0.00249255
v 0.00569999 0.01264709 -0.00249255
v 0.00728029 0.01264709 -0.00249255
v 0.00569999 0.01175189 -0.00209570
v 0.00728029 0.01175189 -0.00209570
v 0.00569999 0.01175189 -0.00209570
v 0.00728029 0.01175189 -0.00209570
v 0.00569999 0.01150000 -0.00204188
v 0.00569999 0.01150000 -0.00204188
v 0.00728029 0.01175189 -0.00209570
v 0.00569987 0.01148122 -0.00203884
v 0.00349992 0.03299975 -0.00632125
v 0.00349992 0.03299999 -0.00569999
v 0.00360531 0.03300338 -0.00631994
v 0.00360531 0.03300338 -0.00631994
v 0.00349992 0.03299999 -0.00569999
v 0.00402212 0.03309381 -0.00569999
v 0.00360531 0.03300338 -0.00631994
v 0.00402212 0.03309381 -0.00569999
v 0.00388980 0.03305149 -0.00629234
v 0.00388980 0.03305149 -0.00629234
v 0.00402212 0.03309381 -0.00569999
v 0.00394267 0.03306674 -0.00628299
v 0.00394267 0.03306674 -0.00628299
v 0.00402212 0.03309381 -0.00569999
v 0.00427270 0.03321224 -0.00620055
v 0.00427270 0.03321224 -0.00620055
v 0.00402212 0.03309381 -0.00569999
v 0.00455558 0.03343433 -0.00569999
v 0.00427270 0.03321224 -0.00620055
v 0.00455558 0.03343433 -0.00569999
v 0.00456053 0.03343862 -0.00609016
v 0.00456053 0.03343862 -0.00609016
v 0.00455558 0.03343433 -0.00569999
v 0.00479227 0.03373658 -0.00597435
v 0.00479227 0.03373658 -0.00597435
v 0.00455558 0.03343433 -0.00569999
v 0.00456554 0.03344434 -0.00569999
v 0.00479227 0.03373658 -0.00597435
v 0.00456554 0.03344434 -0.00569999
v 0.00493228 0.03405511 -0.00587338
v 0.00493228 0.03405511 -0.00587338
v 0.00456554 0.03344434 -0.00569999
v 0.00491101 0.03399103 -0.00569999
v 0.00493228 0.03405511 -0.00587338
v 0.00491101 0.03399103 -0.00569999
v 0.00499821 0.03444093 -0.00576681
v 0.00499821 0.03444093 -0.00576681
v 0.00491101 0.03399103 -0.00569999
v 0.00500000 0.03450000 -0.00569999
v 0.00499821 0.03444093 -0.00576681
v 0.00500000 0.03450000 -0.00569999
v 0.00500000 0.03450000 -0.00575107
v 0.00500000 0.03511220 -0.00557589
v 0.00500000 0.03681504 -0.00497937
v 0.00520396 0.03518748 -0.00576288
v 0.00520396 0.03518748 -0.00576288
v 0.00500000 0.03681504 -0.00497937
v 0.00519991 0.03688359 -0.00516737
v 0.00500000 0.03349989 -0.00549990
v 0.00500000 0.03369992 -0.00549990
v 0.00470769 0.03330349 -0.00549990
v 0.00349992 0.03279989 -0.00549990
v 0.00336528 0.03115451 -0.00549990
v 0.00409168 0.03290629 -0.00549990
v 0.00426775 0.03173220 -0.00549990
v 0.00484544 0.03263461 -0.00549990
v -0.00500000 0.03369992 -0.00549990
v -0.00500000 0.03349989 -0.00549990
v -0.00470769 0.03330349 -0.00549990
v -0.00484544 0.03263461 -0.00549990
v -0.00409168 0.03290629 -0.00549990
v -0.00426775 0.03173220 -0.00549990
v -0.00349992 0.03279989 -0.00549990
v -0.00336528 0.03115451 -0.00549990
v -0.00249994 0.03099989 -0.00549990
v 0.00249994 0.03099989 -0.00549990
v -0.00500000 0.03626430 0.00326365
v -0.00500000 0.03499990 0.00349992
v -0.00679994 0.03564310 0.00344038
v -0.00679994 0.03564310 0.00344038
v -0.00679994 0.03626430 0.00326365
v -0.00500000 0.03626430 0.00326365
v -0.00500000 0.03626430 0.00326365
v -0.00679994 0.03626430 0.00326365
v -0.00679994 0.03684240 0.00297570
v -0.00500000 0.03626430 0.00326365
v -0.00679994 0.03684240 0.00297570
v -0.00500000 0.03735786 0.00258642
v -0.00679994 0.03684240 0.00297570
v -0.00679994 0.03735786 0.00258642
v -0.00500000 0.03735786 0.00258642
v -0.00500000 0.03735786 0.00258642
v -0.00679994 0.03735786 0.00258642
v -0.00679994 0.03779304 0.00210911
v -0.00500000 0.03735786 0.00258642
v -0.00679994 0.03779304 0.00210911
v -0.00500000 0.03813302 0.00156003
v -0.00679994 0.03779304 0.00210911
v -0.00679994 0.03813302 0.00156003
v -0.00500000 0.03813302 0.00156003
v -0.00500000 0.03813302 0.00156003
v -0.00679994 0.03813302 0.00156003
v -0.00679994 0.03836631 0.00095782
v -0.00500000 0.03813302 0.00156003
v -0.00679994 0.03836631 0.00095782
v -0.00500000 0.03848505 0.00032294
v -0.00500000 0.03848505 0.00032294
v -0.00679994 0.03836631 0.00095782
v -0.00679994 0.03848505 0.00032294
v -0.00500000 0.03848505 0.00032294
v -0.00679994 0.03848505 0.00032294
v -0.00500000 0.03849995 0.00000000
v -0.00679994 0.03849995 0.00000000
v -0.00500000 0.03849995 0.00000000
v -0.00679994 0.03849995 0.00000000
v -0.00500000 0.03836631 -0.00095782
v -0.00679994 0.03836631 -0.00095782
v -0.00500000 0.03836631 -0.00095782
v -0.00679994 0.03836631 -0.00095782
v -0.00679994 0.03813302 -0.00156003
v -0.00500000 0.03836631 -0.00095782
v -0.00679994 0.03813302 -0.00156003
v -0.00500000 0.03779304 -0.00210911
v -0.00679994 0.03813302 -0.00156003
v -0.00679994 0.03779304 -0.00210911
v -0.00500000 0.03779304 -0.00210911
v -0.00500000 0.03779304 -0.00210911
v -0.00679994 0.03779304 -0.00210911
v -0.00679994 0.03735786 -0.00258642
v -0.00500000 0.03779304 -0.00210911
v -0.00679994 0.03735786 -0.00258642
v -0.00500000 0.03684240 -0.00297570
v -0.00679994 0.03735786 -0.00258642
v -0.00679994 0.03684240 -0.00297570
v -0.00500000 0.03684240 -0.00297570
v -0.00500000 0.03684240 -0.00297570
v -0.00679994 0.03684240 -0.00297570
v -0.00679994 0.03626430 -0.00326365
v -0.00500000 0.03684240 -0.00297570
v -0.00679994 0.03626430 -0.00326365
v -0.00500000 0.03564310 -0.00344038
v -0.00679994 0.03626430 -0.00326365
v -0.00679994 0.03564310 -0.00344038
v -0.00500000 0.03564310 -0.00344038
v -0.00500000 0.03564310 -0.00344038
v -0.00679994 0.03564310 -0.00344038
v -0.00679994 0.03499990 -0.00349992
v -0.00500000 0.03564310 -0.00344038
v -0.00679994 0.03499990 -0.00349992
v -0.00500000 0.03435683 -0.00344038
v -0.00679994 0.03499990 -0.00349992
v -0.00679994 0.03435683 -0.00344038
v -0.00500000 0.03435683 -0.00344038
v -0.00500000 0.03435683 -0.00344038
v -0.00679994 0.03435683 -0.00344038
v -0.00679994 0.03373563 -0.00326365
v -0.00500000 0.03435683 -0.00344038
v -0.00679994 0.03373563 -0.00326365
v -0.00500000 0.03315740 -0.00297570
v -0.00679994 0.03373563 -0.00326365
v -0.00679994 0.03315740 -0.00297570
v -0.00500000 0.03315740 -0.00297570
v -0.00500000 0.03315740 -0.00297570
v -0.00679994 0.03315740 -0.00297570
v -0.00679994 0.03264200 -0.00258642
v -0.00500000 0.03315740 -0.00297570
v -0.00679994 0.03264200 -0.00258642
v -0.00500000 0.03220689 -0.00210911
v -0.00679994 0.03264200 -0.00258642
v -0.00679994 0.03220689 -0.00210911
v -0.00500000 0.03220689 -0.00210911
v -0.00500000 0.03220689 -0.00210911
v -0.00679994 0.03220689 -0.00210911
v -0.00679994 0.03186684 -0.00156003
v -0.00500000 0.03220689 -0.00210911
v -0.00679994 0.03186684 -0.00156003
v -0.00500000 0.03163355 -0.00095782
v -0.00679994 0.03186684 -0.00156003
v -0.00679994 0.03163355 -0.00095782
v -0.00500000 0.03163355 -0.00095782
v -0.00500000 0.03163355 -0.00095782
v -0.00679994 0.03163355 -0.00095782
v -0.00679994 0.03151488 -0.00032294
v -0.00500000 0.03163355 -0.00095782
v -0.00679994 0.03151488 -0.00032294
v -0.00500000 0.03149998 0.00000000
v -0.00500000 0.03149998 0.00000000
v -0.00679994 0.03151488 -0.00032294
v -0.00679994 0.03151488 0.00032294
v -0.00500000 0.03149998 0.00000000
v -0.00679994 0.03151488 0.00032294
v -0.00500000 0.03151488 0.00032294
v -0.00500000 0.03151488 0.00032294
v -0.00679994 0.03151488 0.00032294
v -0.00679994 0.03163355 0.00095782
v -0.00500000 0.03151488 0.00032294
v -0.00679994 0.03163355 0.00095782
v -0.00500000 0.03186684 0.00156003
v -0.00679994 0.03163355 0.00095782
v -0.00679994 0.03186684 0.00156003
v -0.00500000 0.03186684 0.00156003
v -0.00500000 0.03186684 0.00156003
v -0.00679994 0.03186684 0.00156003
v -0.00679994 0.03220689 0.00210911
v -0.00500000 0.03186684 0.00156003
v -0.00679994 0.03220689 0.00210911
v -0.00500000 0.03264200 0.00258642
v -0.00679994 0.03220689 0.00210911
v -0.00679994 0.03264200 0.00258642
v -0.00500000 0.03264200 0.00258642
v -0.00500000 0.03264200 0.00258642
v -0.00679994 0.03264200 0.00258642
v -0.00679994 0.03315740 0.00297570
v -0.00500000 0.03264200 0.00258642
v -0.00679994 0.03315740 0.00297570
v -0.00500000 0.03373563 0.00326365
v -0.00679994 0.03315740 0.00297570
v -0.00679994 0.03373563 0.00326365
v -0.00500000 0.03373563 0.00326365
v -0.00500000 0.03373563 0.00326365
v -0.00679994 0.03373563 0.00326365
v -0.00679994 0.03435683 0.00344038
v -0.00500000 0.03373563 0.00326365
v -0.00679994 0.03435683 0.00344038
v -0.00500000 0.03499990 0.00349992
v -0.00500000 0.03499990 0.00349992
v -0.00679994 0.03435683 0.00344038
v -0.00679994 0.03499990 0.00349992
v -0.00500000 0.03499990 0.00349992
v -0.00679994 0.03499990 0.00349992
v -0.00679994 0.03564310 0.00344038
v -0.00336677 0.03115499 -0.00528687
v -0.00318772 0.03109639 -0.00533074
v -0.00336528 0.03115451 -0.00549990
v -0.00336528 0.03115451 -0.00549990
v -0.00318772 0.03109639 -0.00533074
v -0.00275993 0.03101348 -0.00539035
v -0.00336528 0.03115451 -0.00549990
v -0.00275993 0.03101348 -0.00539035
v -0.00249994 0.03099989 -0.00549990
v -0.00249994 0.03099989 -0.00549990
v -0.00275993 0.03101348 -0.00539035
v -0.00267130 0.03100579 -0.00539380
v -0.00249994 0.03099989 -0.00549990
v -0.00267130 0.03100579 -0.00539380
v -0.00249994 0.03099989 -0.00539547
v -0.00336677 0.03115499 -0.00528687
v -0.00336528 0.03115451 -0.00549990
v -0.00365895 0.03128480 -0.00519460
v -0.00365895 0.03128480 -0.00519460
v -0.00336528 0.03115451 -0.00549990
v -0.00426775 0.03173220 -0.00549990
v -0.00365895 0.03128480 -0.00519460
v -0.00426775 0.03173220 -0.00549990
v -0.00409359 0.03157377 -0.00501448
v -0.00470298 0.03231817 -0.00462794
v -0.00447261 0.03196424 -0.00482190
v -0.00484544 0.03263461 -0.00549990
v -0.00484544 0.03263461 -0.00549990
v -0.00447261 0.03196424 -0.00482190
v -0.00442904 0.03190970 -0.00484663
v -0.00484544 0.03263461 -0.00549990
v -0.00442904 0.03190970 -0.00484663
v -0.00426775 0.03173220 -0.00549990
v -0.00426775 0.03173220 -0.00549990
v -0.00442904 0.03190970 -0.00484663
v -0.00426745 0.03173196 -0.00493050
v -0.00426775 0.03173220 -0.00549990
v -0.00426745 0.03173196 -0.00493050
v -0.00409359 0.03157377 -0.00501448
v -0.00499988 0.03349989 -0.00358558
v -0.00495642 0.03303545 -0.00404203
v -0.00500000 0.03349989 -0.00549990
v -0.00500000 0.03349989 -0.00549990
v -0.00495642 0.03303545 -0.00404203
v -0.00493670 0.03294134 -0.00413340
v -0.00493670 0.03294134 -0.00413340
v -0.00489116 0.03277069 -0.00429577
v -0.00500000 0.03349989 -0.00549990
v -0.00500000 0.03349989 -0.00549990
v -0.00489116 0.03277069 -0.00429577
v -0.00486475 0.03268879 -0.00436842
v -0.00500000 0.03349989 -0.00549990
v -0.00486475 0.03268879 -0.00436842
v -0.00484544 0.03263461 -0.00549990
v -0.00484544 0.03263461 -0.00549990
v -0.00486475 0.03268879 -0.00436842
v -0.00484639 0.03263711 -0.00440949
v -0.00484544 0.03263461 -0.00549990
v -0.00484639 0.03263711 -0.00440949
v -0.00470298 0.03231817 -0.00462794
v -0.00495642 0.03303545 -0.00404203
v -0.00499988 0.03349989 -0.00358558
v -0.00499988 0.03278297 -0.00381559
v -0.00486475 0.03268879 -0.00436842
v -0.00489116 0.03277069 -0.00429577
v -0.00493008 0.03276264 -0.00419915
v -0.00493008 0.03276264 -0.00419915
v -0.00489116 0.03277069 -0.00429577
v -0.00493670 0.03294134 -0.00413340
v -0.00493008 0.03276264 -0.00419915
v -0.00493670 0.03294134 -0.00413340
v -0.00495642 0.03303545 -0.00404203
v -0.00499970 0.03117626 -0.00399232
v -0.00493807 0.03118622 -0.00431406
v -0.00495189 0.03240233 -0.00420755
v -0.00499988 0.03117555 -0.00396788
v -0.00499970 0.03117626 -0.00399232
v -0.00499988 0.03227597 -0.00391781
v -0.00499988 0.03227597 -0.00391781
v -0.00499970 0.03117626 -0.00399232
v -0.00495189 0.03240233 -0.00420755
v -0.00499988 0.03227597 -0.00391781
v -0.00495189 0.03240233 -0.00420755
v -0.00499988 0.03236943 -0.00390845
v -0.00499988 0.03236943 -0.00390845
v -0.00495189 0.03240233 -0.00420755
v -0.00499988 0.03278297 -0.00381559
v -0.00484639 0.03263711 -0.00440949
v -0.00486475 0.03268879 -0.00436842
v -0.00495189 0.03240233 -0.00420755
v -0.00495189 0.03240233 -0.00420755
v -0.00486475 0.03268879 -0.00436842
v -0.00493008 0.03276264 -0.00419915
v -0.00495189 0.03240233 -0.00420755
v -0.00493008 0.03276264 -0.00419915
v -0.00499988 0.03278297 -0.00381559
v -0.00499988 0.03278297 -0.00381559
v -0.00493008 0.03276264 -0.00419915
v -0.00495642 0.03303545 -0.00404203
v -0.00480539 0.03243434 -0.00449765
v -0.00484997 0.03179436 -0.00447476
v -0.00470298 0.03231817 -0.00462794
v -0.00470298 0.03231817 -0.00462794
v -0.00484997 0.03179436 -0.00447476
v -0.00466639 0.03180325 -0.00469232
v -0.00470298 0.03231817 -0.00462794
v -0.00466639 0.03180325 -0.00469232
v -0.00447261 0.03196424 -0.00482190
v -0.00447261 0.03196424 -0.00482190
v -0.00466639 0.03180325 -0.00469232
v -0.00442904 0.03190970 -0.00484663
v -0.00470298 0.03231817 -0.00462794
v -0.00484639 0.03263711 -0.00440949
v -0.00480539 0.03243434 -0.00449765
v -0.00480539 0.03243434 -0.00449765
v -0.00484639 0.03263711 -0.00440949
v -0.00495189 0.03240233 -0.00420755
v -0.00480539 0.03243434 -0.00449765
v -0.00495189 0.03240233 -0.00420755
v -0.00484997 0.03179436 -0.00447476
v -0.00484997 0.03179436 -0.00447476
v -0.00495189 0.03240233 -0.00420755
v -0.00493807 0.03118622 -0.00431406
v -0.00484997 0.03179436 -0.00447476
v -0.00493807 0.03118622 -0.00431406
v -0.00466639 0.03180325 -0.00469232
v -0.00466639 0.03180325 -0.00469232
v -0.00493807 0.03118622 -0.00431406
v -0.00477386 0.03119504 -0.00460076
v -0.00466639 0.03180325 -0.00469232
v -0.00477386 0.03119504 -0.00460076
v -0.00442904 0.03190970 -0.00484663
v -0.00442904 0.03190970 -0.00484663
v -0.00477386 0.03119504 -0.00460076
v -0.00452143 0.03120177 -0.00482070
v -0.00499988 0.03117555 -0.00396788
v -0.00500000 0.03117555 0.00592595
v -0.00501251 0.03082036 -0.00397468
v -0.00501251 0.03082036 -0.00397468
v -0.00500000 0.03117555 0.00592595
v -0.00500000 0.03116726 0.00592703
v -0.00501251 0.03082036 -0.00397468
v -0.00500000 0.03116726 0.00592703
v -0.00508034 0.03028219 -0.00395125
v -0.00508034 0.03028219 -0.00395125
v -0.00500000 0.03116726 0.00592703
v -0.00504148 0.03053265 0.00604564
v -0.00508034 0.03028219 -0.00395125
v -0.00504148 0.03053265 0.00604564
v -0.00519931 0.02977788 -0.00386006
v -0.00519931 0.02977788 -0.00386006
v -0.00504148 0.03053265 0.00604564
v -0.00520801 0.02974832 0.00613326
v -0.00519931 0.02977788 -0.00386006
v -0.00520801 0.02974832 0.00613326
v -0.00534993 0.02933776 -0.00368732
v -0.00534993 0.02933776 -0.00368732
v -0.00520801 0.02974832 0.00613326
v -0.00534993 0.02933776 0.00616890
v -0.00679994 0.03151488 0.00032294
v -0.00689989 0.03141534 0.00033217
v -0.00679994 0.03163355 0.00095782
v -0.00689989 0.03153741 0.00098519
v -0.00679994 0.03163355 0.00095782
v -0.00689989 0.03153741 0.00098519
v -0.00679994 0.03186684 0.00156003
v -0.00689989 0.03177738 0.00160456
v -0.00679994 0.03186684 0.00156003
v -0.00689989 0.03177738 0.00160456
v -0.00679994 0.03220689 0.00210911
v -0.00689989 0.03212714 0.00216943
v -0.00679994 0.03220689 0.00210911
v -0.00689989 0.03212714 0.00216943
v -0.00679994 0.03264200 0.00258642
v -0.00689989 0.03257465 0.00266033
v -0.00679994 0.03264200 0.00258642
v -0.00689989 0.03257465 0.00266033
v -0.00679994 0.03315740 0.00297570
v -0.00689989 0.03310477 0.00306076
v -0.00679994 0.03315740 0.00297570
v -0.00689989 0.03310477 0.00306076
v -0.00679994 0.03373563 0.00326365
v -0.00689989 0.03369951 0.00335681
v -0.00679994 0.03373563 0.00326365
v -0.00689989 0.03369951 0.00335681
v -0.00679994 0.03435683 0.00344038
v -0.00689989 0.03433847 0.00353867
v -0.00679994 0.03435683 0.00344038
v -0.00689989 0.03433847 0.00353867
v -0.00679994 0.03499990 0.00349992
v -0.00689989 0.03499990 0.00359988
v -0.00679994 0.03499990 0.00349992
v -0.00689989 0.03499990 0.00359988
v -0.00679994 0.03564310 0.00344038
v -0.00689989 0.03566139 0.00353867
v -0.00679994 0.03564310 0.00344038
v -0.00689989 0.03566139 0.00353867
v -0.00679994 0.03626430 0.00326365
v -0.00689989 0.03630042 0.00335681
v -0.00679994 0.03626430 0.00326365
v -0.00689989 0.03630042 0.00335681
v -0.00679994 0.03684240 0.00297570
v -0.00689989 0.03689509 0.00306076
v -0.00679994 0.03684240 0.00297570
v -0.00689989 0.03689509 0.00306076
v -0.00679994 0.03735786 0.00258642
v -0.00689989 0.03742522 0.00266033
v -0.00679994 0.03735786 0.00258642
v -0.00689989 0.03742522 0.00266033
v -0.00679994 0.03779304 0.00210911
v -0.00689989 0.03787285 0.00216943
v -0.00679994 0.03779304 0.00210911
v -0.00689989 0.03787285 0.00216943
v -0.00679994 0.03813302 0.00156003
v -0.00689989 0.03822255 0.00160456
v -0.00679994 0.03813302 0.00156003
v -0.00689989 0.03822255 0.00160456
v -0.00679994 0.03836631 0.00095782
v -0.00689989 0.03846246 0.00098519
v -0.00679994 0.03836631 0.00095782
v -0.00689989 0.03846246 0.00098519
v -0.00679994 0.03848505 0.00032294
v -0.00679994 0.03848505 0.00032294
v -0.00689989 0.03846246 0.00098519
v -0.00689989 0.03859990 0.00000000
v -0.00679994 0.03848505 0.00032294
v -0.00689989 0.03859990 0.00000000
v -0.00679994 0.03849995 0.00000000
v -0.00679994 0.03849995 0.00000000
v -0.00689989 0.03859990 0.00000000
v -0.00679994 0.03836631 -0.00095782
v -0.00689989 0.03846246 -0.00098519
v -0.00679994 0.03836631 -0.00095782
v -0.00689989 0.03846246 -0.00098519
v -0.00679994 0.03813302 -0.00156003
v -0.00689989 0.03822255 -0.00160456
v -0.00679994 0.03813302 -0.00156003
v -0.00689989 0.03822255 -0.00160456
v -0.00679994 0.03779304 -0.00210911
v -0.00689989 0.03787285 -0.00216943
v -0.00679994 0.03779304 -0.00210911
v -0.00689989 0.03787285 -0.00216943
v -0.00679994 0.03735786 -0.00258642
v -0.00689989 0.03742522 -0.00266033
v -0.00679994 0.03735786 -0.00258642
v -0.00689989 0.03742522 -0.00266033
v -0.00679994 0.03684240 -0.00297570
v -0.00689989 0.03689509 -0.00306076
v -0.00679994 0.03684240 -0.00297570
v -0.00689989 0.03689509 -0.00306076
v -0.00679994 0.03626430 -0.00326365
v -0.00689989 0.03630042 -0.00335681
v -0.00679994 0.03626430 -0.00326365
v -0.00689989 0.03630042 -0.00335681
v -0.00679994 0.03564310 -0.00344038
v -0.00689989 0.03566139 -0.00353867
v -0.00679994 0.03564310 -0.00344038
v -0.00689989 0.03566139 -0.00353867
v -0.00679994 0.03499990 -0.00349992
v -0.00689989 0.03499990 -0.00359988
v -0.00679994 0.03499990 -0.00349992
v -0.00689989 0.03499990 -0.00359988
v -0.00679994 0.03435683 -0.00344038
v -0.00689989 0.03433847 -0.00353867
v -0.00679994 0.03435683 -0.00344038
v -0.00689989 0.03433847 -0.00353867
v -0.00679994 0.03373563 -0.00326365
v -0.00689989 0.03369951 -0.00335681
v -0.00679994 0.03373563 -0.00326365
v -0.00689989 0.03369951 -0.00335681
v -0.00679994 0.03315740 -0.00297570
v -0.00689989 0.03310477 -0.00306076
v -0.00679994 0.03315740 -0.00297570
v -0.00689989 0.03310477 -0.00306076
v -0.00679994 0.03264200 -0.00258642
v -0.00689989 0.03257465 -0.00266033
v -0.00679994 0.03264200 -0.00258642
v -0.00689989 0.03257465 -0.00266033
v -0.00679994 0.03220689 -0.00210911
v -0.00689989 0.03212714 -0.00216943
v -0.00679994 0.03220689 -0.00210911
v -0.00689989 0.03212714 -0.00216943
v -0.00679994 0.03186684 -0.00156003
v -0.00689989 0.03177738 -0.00160456
v -0.00679994 0.03186684 -0.00156003
v -0.00689989 0.03177738 -0.00160456
v -0.00679994 0.03163355 -0.00095782
v -0.00689989 0.03153741 -0.00098519
v -0.00679994 0.03163355 -0.00095782
v -0.00689989 0.03153741 -0.00098519
v -0.00679994 0.03151488 -0.00032294
v -0.00689989 0.03141534 -0.00033217
v -0.00679994 0.03151488 -0.00032294
v -0.00689989 0.03141534 -0.00033217
v -0.00679994 0.03151488 0.00032294
v -0.00679994 0.03151488 0.00032294
v -0.00689989 0.03141534 -0.00033217
v -0.00689989 0.03139996 0.00000000
v -0.00679994 0.03151488 0.00032294
v -0.00689989 0.03139996 0.00000000
v -0.00689989 0.03141534 0.00033217
v -0.00449991 0.00473148 0.00436497
v -0.00645620 0.00473106 0.00436497
v -0.00449991 0.00514144 0.00346482
v -0.00449991 0.00514144 0.00346482
v -0.00645620 0.00473106 0.00436497
v -0.00663686 0.00491208 0.00386971
v -0.00449991 0.00514144 0.00346482
v -0.00663686 0.00491208 0.00386971
v -0.00684833 0.00513947 0.00346452
v -0.00449991 0.00441098 0.00555700
v -0.00449991 0.00440025 0.00560105
v -0.00449991 0.00473148 0.00436497
v -0.00449991 0.00420618 0.00483388
v -0.00449991 0.00434464 0.00498432
v -0.00449991 0.00438142 0.00506026
v -0.00449991 0.00442725 0.00523955
v -0.00449991 0.00619990 0.00000000
v -0.00449991 0.00299996 0.00000000
v -0.00449991 0.00609094 0.00115734
v -0.00449991 0.00277156 0.00114804
v -0.00449991 0.00212121 0.00212121
v -0.00449991 0.00514144 0.00346482
v -0.00449991 0.00569785 0.00244415
v -0.00449991 0.00406212 0.00477839
v -0.00449991 0.00114804 0.00277156
v -0.00449991 -0.00079383 0.00392038
v -0.00449991 0.00000000 0.00299996
v -0.00449991 -0.00122958 0.00380629
v -0.00449991 -0.00114804 0.00277156
v -0.00449991 -0.00233179 0.00324994
v -0.00449991 -0.00212121 0.00212121
v -0.00449991 0.00629270 -0.00101912
v -0.00449991 0.00650412 -0.00140512
v -0.00449991 0.00638175 -0.00125849
v -0.00449991 0.00277156 -0.00114804
v -0.00449991 0.00427622 -0.00130725
v -0.00449991 -0.00299996 0.00000000
v -0.00449991 -0.00399923 0.00007514
v -0.00449991 -0.00277156 0.00114804
v -0.00449991 -0.00378579 0.00129110
v -0.00449991 -0.00321180 0.00238413
v -0.00449991 0.00625795 -0.00114882
v -0.00449991 0.00604325 -0.00102681
v -0.00449991 0.00619990 -0.00050000
v -0.00449991 0.00589126 -0.00099999
v -0.00449991 0.00547719 -0.00099999
v -0.00449991 0.00485736 -0.00107795
v -0.00449991 -0.00212121 -0.00212121
v -0.00449991 -0.00329906 -0.00226182
v -0.00449991 -0.00277156 -0.00114804
v -0.00449991 -0.00383162 -0.00114798
v -0.00449991 -0.00399995 0.00000000
v -0.00449991 0.00114804 -0.00277156
v -0.00449991 0.00106585 -0.00385529
v -0.00449991 0.00000000 -0.00299996
v -0.00449991 -0.00016058 -0.00399667
v -0.00449991 -0.00114804 -0.00277156
v -0.00449991 -0.00137174 -0.00375742
v -0.00449991 -0.00245214 -0.00316012
v -0.00449991 0.00377005 -0.00167346
v -0.00449991 0.00337058 -0.00215375
v -0.00449991 0.00212121 -0.00212121
v -0.00449991 0.00310701 -0.00251919
v -0.00449991 0.00219071 -0.00334662
v -0.00356698 0.00680053 -0.00193292
v -0.00373197 0.00670350 -0.00178617
v -0.00349992 0.00694877 -0.00199997
v -0.00349992 0.00694877 -0.00199997
v -0.00373197 0.00670350 -0.00178617
v -0.00359070 0.00722372 -0.00196743
v -0.00349992 0.00694877 -0.00199997
v -0.00359070 0.00722372 -0.00196743
v -0.00355464 0.00734210 -0.00199997
v -0.00355464 0.00734210 -0.00199997
v -0.00359070 0.00722372 -0.00196743
v -0.00355613 0.00734752 -0.00199997
v -0.00375128 0.00738567 -0.00196666
v -0.00368673 0.00725782 -0.00194418
v -0.00388694 0.00707662 -0.00186431
v -0.00388694 0.00707662 -0.00186431
v -0.00368673 0.00725782 -0.00194418
v -0.00391680 0.00684398 -0.00174928
v -0.00388694 0.00707662 -0.00186431
v -0.00391680 0.00684398 -0.00174928
v -0.00401735 0.00689673 -0.00176674
v -0.00401735 0.00689673 -0.00176674
v -0.00391680 0.00684398 -0.00174928
v -0.00412416 0.00678289 -0.00168699
v -0.00412416 0.00678289 -0.00168699
v -0.00391680 0.00684398 -0.00174928
v -0.00429791 0.00663561 -0.00155687
v -0.00429791 0.00663561 -0.00155687
v -0.00391680 0.00684398 -0.00174928
v -0.00428247 0.00650644 -0.00144100
v -0.00429791 0.00663561 -0.00155687
v -0.00428247 0.00650644 -0.00144100
v -0.00447130 0.00652057 -0.00142676
v -0.00418061 0.00641489 -0.00141954
v -0.00449991 0.00625795 -0.00114882
v -0.00449991 0.00638175 -0.00125849
v -0.00449991 0.00589126 -0.00099999
v -0.00449991 0.00604325 -0.00102681
v -0.00411385 0.00613010 -0.00138605
v -0.00411385 0.00613010 -0.00138605
v -0.00449991 0.00604325 -0.00102681
v -0.00409526 0.00630635 -0.00142932
v -0.00411385 0.00613010 -0.00138605
v -0.00409526 0.00630635 -0.00142932
v -0.00379330 0.00644851 -0.00170660
v -0.00379330 0.00644851 -0.00170660
v -0.00409526 0.00630635 -0.00142932
v -0.00373197 0.00670350 -0.00178617
v -0.00379330 0.00644851 -0.00170660
v -0.00373197 0.00670350 -0.00178617
v -0.00366408 0.00662899 -0.00183582
v -0.00366408 0.00662899 -0.00183582
v -0.00373197 0.00670350 -0.00178617
v -0.00356698 0.00680053 -0.00193292
v -0.00449991 0.00650412 -0.00140512
v -0.00447130 0.00652057 -0.00142676
v -0.00449991 0.00638175 -0.00125849
v -0.00449991 0.00638175 -0.00125849
v -0.00447130 0.00652057 -0.00142676
v -0.00428247 0.00650644 -0.00144100
v -0.00449991 0.00638175 -0.00125849
v -0.00428247 0.00650644 -0.00144100
v -0.00418061 0.00641489 -0.00141954
v -0.00418061 0.00641489 -0.00141954
v -0.00428247 0.00650644 -0.00144100
v -0.00391680 0.00684398 -0.00174928
v -0.00418061 0.00641489 -0.00141954
v -0.00391680 0.00684398 -0.00174928
v -0.00381863 0.00677794 -0.00175530
v -0.00381863 0.00677794 -0.00175530
v -0.00391680 0.00684398 -0.00174928
v -0.00368673 0.00725782 -0.00194418
v -0.00449991 0.00604325 -0.00102681
v -0.00449991 0.00625795 -0.00114882
v -0.00409526 0.00630635 -0.00142932
v -0.00409526 0.00630635 -0.00142932
v -0.00449991 0.00625795 -0.00114882
v -0.00418061 0.00641489 -0.00141954
v -0.00409526 0.00630635 -0.00142932
v -0.00418061 0.00641489 -0.00141954
v -0.00373197 0.00670350 -0.00178617
v -0.00373197 0.00670350 -0.00178617
v -0.00418061 0.00641489 -0.00141954
v -0.00381863 0.00677794 -0.00175530
v -0.00373197 0.00670350 -0.00178617
v -0.00381863 0.00677794 -0.00175530
v -0.00359070 0.00722372 -0.00196743
v -0.00359070 0.00722372 -0.00196743
v -0.00381863 0.00677794 -0.00175530
v -0.00368673 0.00725782 -0.00194418
v -0.00359070 0.00722372 -0.00196743
v -0.00368673 0.00725782 -0.00194418
v -0.00355613 0.00734752 -0.00199997
v -0.00355613 0.00734752 -0.00199997
v -0.00368673 0.00725782 -0.00194418
v -0.00375128 0.00738567 -0.00196666
v -0.00355613 0.00734752 -0.00199997
v -0.00375128 0.00738567 -0.00196666
v -0.00370705 0.00769997 -0.00199997
v -0.00449991 0.00619990 0.00000000
v -0.00728029 0.00619990 0.00000000
v -0.00449991 0.00619990 -0.00050000
v -0.00728029 0.00619990 -0.00050000
v 0.00569999 0.01150000 0.00329989
v 0.00569999 0.01150000 -0.00204188
v 0.00559366 0.01070833 0.00329989
v 0.00559366 0.01070833 0.00329989
v 0.00569999 0.01150000 -0.00204188
v 0.00569987 0.01148122 -0.00203884
v 0.00269997 0.00849998 -0.00199997
v 0.00269997 0.00849998 0.00329989
v 0.00349158 0.00860631 -0.00199997
v 0.00349158 0.00860631 0.00329989
v 0.00349158 0.00860631 -0.00199997
v 0.00349158 0.00860631 0.00329989
v 0.00442499 0.00904554 -0.00199997
v 0.00442499 0.00904554 0.00329989
v 0.00442499 0.00904554 -0.00199997
v 0.00442499 0.00904554 0.00329989
v 0.00515437 0.00977498 -0.00199997
v 0.00515437 0.00977498 0.00329989
v 0.00515437 0.00977498 -0.00199997
v 0.00515437 0.00977498 0.00329989
v 0.00559366 0.01070833 -0.00199997
v 0.00559366 0.01070833 0.00329989
v 0.00559366 0.01070833 -0.00199997
v 0.00559366 0.01070833 0.00329989
v 0.00565803 0.01099991 -0.00199997
v 0.00565803 0.01099991 -0.00199997
v 0.00559366 0.01070833 0.00329989
v 0.00569987 0.01148122 -0.00203884
v 0.00269997 0.00849998 -0.00199997
v -0.00269997 0.00849998 -0.00199997
v 0.00269997 0.00849998 0.00329989
v -0.00269997 0.00849998 0.00329989
v -0.00559366 0.01070833 0.00329989
v -0.00565803 0.01099991 -0.00199997
v -0.00569999 0.01150000 0.00329989
v -0.00569999 0.01150000 0.00329989
v -0.00565803 0.01099991 -0.00199997
v -0.00566137 0.01102072 -0.00199997
v -0.00569999 0.01150000 0.00329989
v -0.00566137 0.01102072 -0.00199997
v -0.00569999 0.01150000 -0.00204188
v -0.00269997 0.00849998 0.00329989
v -0.00269997 0.00849998 -0.00199997
v -0.00349158 0.00860631 0.00329989
v -0.00349158 0.00860631 -0.00199997
v -0.00349158 0.00860631 0.00329989
v -0.00349158 0.00860631 -0.00199997
v -0.00442499 0.00904554 0.00329989
v -0.00442499 0.00904554 -0.00199997
v -0.00442499 0.00904554 0.00329989
v -0.00442499 0.00904554 -0.00199997
v -0.00515437 0.00977498 0.00329989
v -0.00515437 0.00977498 -0.00199997
v -0.00515437 0.00977498 0.00329989
v -0.00515437 0.00977498 -0.00199997
v -0.00559366 0.01070833 0.00329989
v -0.00559366 0.01070833 -0.00199997
v -0.00559366 0.01070833 0.00329989
v -0.00559366 0.01070833 -0.00199997
v -0.00565803 0.01099991 -0.00199997
v -0.00349992 0.00547719 -0.00199997
v 0.00349992 0.00547719 -0.00199997
v -0.00349992 0.00510526 -0.00204682
v 0.00349992 0.00510526 -0.00204682
v -0.00349992 0.00510526 -0.00204682
v 0.00349992 0.00510526 -0.00204682
v -0.00349992 0.00475663 -0.00218439
v 0.00349992 0.00475663 -0.00218439
v -0.00349992 0.00475663 -0.00218439
v 0.00349992 0.00475663 -0.00218439
v -0.00349992 0.00445288 -0.00240403
v 0.00349992 0.00445288 -0.00240403
v -0.00349992 0.00445288 -0.00240403
v 0.00349992 0.00445288 -0.00240403
v -0.00349992 0.00421315 -0.00269228
v 0.00349992 0.00421315 -0.00269228
v 0.00728029 0.00619990 -0.00050000
v 0.00449991 0.00619990 -0.00050000
v 0.00449991 0.00629270 -0.00101912
v 0.00390774 0.00704354 -0.00184864
v 0.00378412 0.00728649 -0.00194180
v 0.00728029 0.00769997 -0.00199997
v 0.00378412 0.00728649 -0.00194180
v 0.00375724 0.00736535 -0.00196213
v 0.00728029 0.00769997 -0.00199997
v 0.00728029 0.00769997 -0.00199997
v 0.00375724 0.00736535 -0.00196213
v 0.00370765 0.00766504 -0.00199956
v 0.00728029 0.00769997 -0.00199997
v 0.00370765 0.00766504 -0.00199956
v 0.00370705 0.00769997 -0.00199997
v 0.00449991 0.00650412 -0.00140512
v 0.00414818 0.00676012 -0.00166905
v 0.00728029 0.00663924 -0.00156063
v 0.00728029 0.00663924 -0.00156063
v 0.00414818 0.00676012 -0.00166905
v 0.00390774 0.00704354 -0.00184864
v 0.00728029 0.00663924 -0.00156063
v 0.00390774 0.00704354 -0.00184864
v 0.00728029 0.00718075 -0.00190723
v 0.00728029 0.00718075 -0.00190723
v 0.00390774 0.00704354 -0.00184864
v 0.00728029 0.00769997 -0.00199997
v 0.00449991 0.00650412 -0.00140512
v 0.00728029 0.00663924 -0.00156063
v 0.00449991 0.00629270 -0.00101912
v 0.00449991 0.00629270 -0.00101912
v 0.00728029 0.00663924 -0.00156063
v 0.00728029 0.00629270 -0.00101912
v 0.00728029 0.00629270 -0.00101912
v 0.00728029 0.01099991 -0.00199997
v 0.00769997 0.01099991 -0.00167120
v 0.00728029 0.00769997 -0.00199997
v 0.00769997 0.00769997 -0.00167120
v -0.00500000 0.03590548 0.00522202
v -0.00519991 0.03593969 0.00541908
v -0.00500000 0.03117555 0.00592595
v -0.00500000 0.03117555 0.00592595
v -0.00519991 0.03593969 0.00541908
v -0.00519991 0.03019160 0.00624472
v -0.00500000 0.03117555 0.00592595
v -0.00519991 0.03019160 0.00624472
v -0.00500000 0.03116726 0.00592703
v -0.00504148 0.03053265 0.00604564
v -0.00504148 0.03053265 0.00604564
v -0.00519991 0.03019160 0.00624472
v -0.00520801 0.02974832 0.00613326
v -0.00520801 0.02974832 0.00613326
v -0.00519991 0.03019160 0.00624472
v -0.00530058 0.02979069 0.00628942
v -0.00564677 0.02822613 0.00620490
v -0.00569999 0.02749997 0.00622737
v -0.00569999 0.02749997 -0.00329697
v -0.00569999 0.02749997 -0.00329697
v -0.00567537 0.02799588 -0.00333154
v -0.00564677 0.02822613 0.00620490
v -0.00564677 0.02822613 0.00620490
v -0.00567537 0.02799588 -0.00333154
v -0.00556886 0.02863729 -0.00346315
v -0.00564677 0.02822613 0.00620490
v -0.00556886 0.02863729 -0.00346315
v -0.00548017 0.02896541 0.00618678
v -0.00548017 0.02896541 0.00618678
v -0.00556886 0.02863729 -0.00346315
v -0.00534993 0.02933776 -0.00368732
v -0.00548017 0.02896541 0.00618678
v -0.00534993 0.02933776 -0.00368732
v -0.00534993 0.02933776 0.00616890
v -0.00629991 0.02300000 0.00349992
v -0.00629991 0.02300000 0.00602037
v -0.00630111 0.02067124 0.00585228
v -0.00630027 0.01679390 0.00544727
v -0.00629973 0.01343947 0.00509739
v -0.00629991 0.00949997 0.00349992
v -0.00629878 0.01178693 0.00498825
v -0.00629991 0.00949997 0.00496489
v -0.00567526 0.00735343 0.00548047
v -0.00557262 0.00720006 0.00554067
v -0.00557256 0.00719994 0.00349992
v -0.00457758 0.00621063 0.00590318
v -0.00412255 0.00593865 0.00596792
v -0.00459999 0.00622737 0.00349992
v -0.00459999 0.00622737 0.00349992
v -0.00412255 0.00593865 0.00596792
v -0.00335544 0.00564176 0.00349992
v -0.00504732 0.00658619 0.00577778
v -0.00488585 0.00644493 0.00582784
v -0.00459999 0.00622737 0.00349992
v -0.00459999 0.00622737 0.00349992
v -0.00488585 0.00644493 0.00582784
v -0.00460035 0.00622648 0.00589842
v -0.00459999 0.00622737 0.00349992
v -0.00460035 0.00622648 0.00589842
v -0.00457758 0.00621063 0.00590318
v -0.00557256 0.00719994 0.00349992
v -0.00557262 0.00720006 0.00554067
v -0.00459999 0.00622737 0.00349992
v -0.00459999 0.00622737 0.00349992
v -0.00557262 0.00720006 0.00554067
v -0.00547373 0.00706392 0.00559443
v -0.00459999 0.00622737 0.00349992
v -0.00547373 0.00706392 0.00559443
v -0.00504732 0.00658619 0.00577778
v -0.00629991 0.00949997 0.00349992
v -0.00629991 0.00949997 0.00496489
v -0.00615817 0.00844449 0.00349992
v -0.00615817 0.00844449 0.00349992
v -0.00629991 0.00949997 0.00496489
v -0.00626367 0.00896072 0.00500888
v -0.00615817 0.00844449 0.00349992
v -0.00626367 0.00896072 0.00500888
v -0.00621754 0.00869054 0.00505716
v -0.00621754 0.00869054 0.00505716
v -0.00616401 0.00846463 0.00510913
v -0.00615817 0.00844449 0.00349992
v -0.00615817 0.00844449 0.00349992
v -0.00616401 0.00846463 0.00510913
v -0.00615847 0.00844407 0.00511438
v -0.00615817 0.00844449 0.00349992
v -0.00615847 0.00844407 0.00511438
v -0.00557256 0.00719994 0.00349992
v -0.00557256 0.00719994 0.00349992
v -0.00615847 0.00844407 0.00511438
v -0.00595385 0.00787187 0.00528812
v -0.00557256 0.00719994 0.00349992
v -0.00595385 0.00787187 0.00528812
v -0.00567526 0.00735343 0.00548047
v -0.00229996 0.00549990 0.00594831
v -0.00229996 0.00549990 0.00349992
v -0.00296426 0.00555539 0.00595599
v -0.00296426 0.00555539 0.00595599
v -0.00229996 0.00549990 0.00349992
v -0.00335544 0.00564176 0.00349992
v -0.00296426 0.00555539 0.00595599
v -0.00335544 0.00564176 0.00349992
v -0.00360227 0.00571793 0.00597811
v -0.00360227 0.00571793 0.00597811
v -0.00335544 0.00564176 0.00349992
v -0.00412255 0.00593865 0.00596792
v -0.00449991 0.00438142 0.00506026
v -0.00449991 0.00434464 0.00498432
v -0.00359595 0.00399727 0.00573569
v -0.00359595 0.00399727 0.00573569
v -0.00449991 0.00434464 0.00498432
v -0.00449991 0.00420618 0.00483388
v -0.00359595 0.00399727 0.00573569
v -0.00449991 0.00420618 0.00483388
v -0.00353551 0.00383747 0.00572091
v -0.00353551 0.00383747 0.00572091
v -0.00449991 0.00420618 0.00483388
v -0.00449991 0.00406212 0.00477839
v -0.00353551 0.00383747 0.00572091
v -0.00449991 0.00406212 0.00477839
v -0.00353384 0.00381094 0.00571746
v -0.00359595 0.00399727 0.00573569
v -0.00376809 0.00418031 0.00575048
v -0.00449991 0.00438142 0.00506026
v -0.00449991 0.00438142 0.00506026
v -0.00376809 0.00418031 0.00575048
v -0.00402576 0.00430769 0.00573981
v -0.00449991 0.00438142 0.00506026
v -0.00402576 0.00430769 0.00573981
v -0.00449991 0.00442725 0.00523955
v -0.00443345 0.00438291 0.00566560
v -0.00449991 0.00440025 0.00560105
v -0.00402576 0.00430769 0.00573981
v -0.00402576 0.00430769 0.00573981
v -0.00449991 0.00440025 0.00560105
v -0.00449991 0.00441098 0.00555700
v -0.00402576 0.00430769 0.00573981
v -0.00449991 0.00441098 0.00555700
v -0.00449991 0.00442725 0.00523955
v -0.00539231 0.00446534 0.00535804
v -0.00449991 0.00473148 0.00436497
v -0.00530380 0.00445455 0.00539804
v -0.00449991 0.00440025 0.00560105
v -0.00443345 0.00438291 0.00566560
v -0.00633425 0.00463122 0.00473887
v -0.00645620 0.00473106 0.00436497
v -0.00620562 0.00460184 0.00484836
v -0.00581610 0.00452721 0.00512725
v -0.00569999 0.02404493 -0.00345802
v -0.00569999 0.02566385 -0.00333697
v -0.00569999 0.02199995 0.00050000
v -0.00569999 0.01699990 0.00050000
v -0.00569999 0.01336675 -0.00315648
v -0.00569999 0.02391648 0.00329989
v -0.00569999 0.01150000 0.00329989
v -0.00569999 0.01699990 0.00249994
v -0.00569999 0.02749997 0.00622737
v -0.00569999 0.02391648 0.00627697
v -0.00569999 0.02749997 -0.00329697
v -0.00569999 0.01264709 -0.00249255
v -0.00569999 0.01175189 -0.00209570
v -0.00569999 0.01150000 -0.00204188
v -0.00569999 0.02199995 0.00249994
v -0.00569999 0.01383429 -0.00401688
v -0.00569999 0.01398515 -0.00470269
v -0.00569999 0.01684612 -0.00447530
v -0.00569999 0.01969403 -0.00413871
v -0.00569999 0.02252697 -0.00369316
v 0.00418055 0.02963900 -0.00515938
v 0.00383973 0.02742385 -0.00560665
v 0.00441700 0.02734422 -0.00519794
v 0.00099136 0.02606904 -0.00663126
v 0.00086932 0.02544277 -0.00676411
v 0.00149208 0.02524691 -0.00676274
v 0.00559688 0.02581143 -0.00377339
v 0.00558031 0.02750366 -0.00377113
v 0.00535518 0.02709025 -0.00415659
v 0.00483763 0.02982801 -0.00464898
v 0.00467265 0.02956634 -0.00481290
v 0.00503284 0.02932995 -0.00448888
v 0.00464243 0.03048366 -0.00476587
v 0.00439721 0.03082472 -0.00491256
v 0.00418055 0.02963900 -0.00515938
v 0.00439721 0.03082472 -0.00491256
v 0.00464243 0.03048366 -0.00476587
v 0.00452143 0.03120177 -0.00482070
v 0.00527406 0.02883094 -0.00422400
v 0.00492835 0.02723205 -0.00470930
v 0.00546706 0.02830177 -0.00395697
v 0.00546706 0.02830177 -0.00395697
v 0.00492835 0.02723205 -0.00470930
v 0.00535518 0.02709025 -0.00415659
v 0.00546706 0.02830177 -0.00395697
v 0.00554830 0.02790993 -0.00382543
v 0.00554830 0.02790993 -0.00382543
v 0.00535518 0.02709025 -0.00415659
v 0.00558031 0.02750366 -0.00377113
v 0.00560904 0.01736122 -0.00484151
v 0.00560904 0.02077537 -0.00440311
v 0.00524622 0.02259355 -0.00477839
v 0.00524622 0.02259355 -0.00477839
v 0.00560904 0.02077537 -0.00440311
v 0.00560904 0.02247470 -0.00412530
v 0.00524622 0.02259355 -0.00477839
v 0.00560904 0.02247470 -0.00412530
v 0.00560683 0.02413946 -0.00387168
v 0.00137418 0.01857668 -0.00783372
v 0.00242150 0.01485168 -0.00793862
v 0.00210190 0.01856011 -0.00769168
v 0.00210190 0.01856011 -0.00769168
v 0.00242150 0.01485168 -0.00793862
v 0.00305533 0.01473486 -0.00768584
v 0.00210190 0.01856011 -0.00769168
v 0.00305533 0.01473486 -0.00768584
v 0.00282919 0.01853078 -0.00744080
v 0.00282919 0.01853078 -0.00744080
v 0.00305533 0.01473486 -0.00768584
v 0.00369442 0.01458621 -0.00733066
v 0.00282919 0.01853078 -0.00744080
v 0.00369442 0.01458621 -0.00733066
v 0.00353169 0.01848852 -0.00707900
v 0.00353169 0.01848852 -0.00707900
v 0.00369442 0.01458621 -0.00733066
v 0.00429606 0.01442104 -0.00687545
v 0.00353169 0.01848852 -0.00707900
v 0.00429606 0.01442104 -0.00687545
v 0.00418377 0.01843369 -0.00660968
v 0.00418377 0.01843369 -0.00660968
v 0.00429606 0.01442104 -0.00687545
v 0.00481731 0.01426374 -0.00634950
v 0.00418377 0.01843369 -0.00660968
v 0.00481731 0.01426374 -0.00634950
v 0.00476211 0.01836776 -0.00604600
v 0.00476211 0.01836776 -0.00604600
v 0.00481731 0.01426374 -0.00634950
v 0.00525707 0.01412796 -0.00576031
v 0.00476211 0.01836776 -0.00604600
v 0.00525707 0.01412796 -0.00576031
v 0.00524622 0.01829302 -0.00540584
v 0.00070000 0.01498895 -0.00821179
v 0.00091619 0.01498675 -0.00820750
v 0.00137418 0.01857668 -0.00783372
v 0.00137418 0.01857668 -0.00783372
v 0.00091619 0.01498675 -0.00820750
v 0.00168175 0.01494395 -0.00812477
v 0.00137418 0.01857668 -0.00783372
v 0.00168175 0.01494395 -0.00812477
v 0.00242150 0.01485168 -0.00793862
v 0.00070008 0.02082371 -0.00758106
v 0.00070007 0.02015048 -0.00767648
v 0.00137418 0.01857668 -0.00783372
v 0.00137418 0.01857668 -0.00783372
v 0.00070007 0.02015048 -0.00767648
v 0.00070004 0.01791220 -0.00795114
v 0.00137418 0.01857668 -0.00783372
v 0.00070004 0.01791220 -0.00795114
v 0.00070000 0.01498895 -0.00821179
v 0.00073063 0.02434116 -0.00698495
v 0.00068905 0.02313083 -0.00720864
v 0.00138849 0.02412921 -0.00698268
v 0.00137418 0.02301561 -0.00718606
v 0.00138849 0.02412921 -0.00698268
v 0.00137418 0.02301561 -0.00718606
v 0.00210190 0.02299100 -0.00704527
v 0.00193256 0.02746242 -0.00627893
v 0.00133800 0.02742028 -0.00632626
v 0.00121951 0.02699995 -0.00642389
v 0.00193256 0.02746242 -0.00627893
v 0.00121951 0.02699995 -0.00642389
v 0.00149208 0.02524691 -0.00676274
v 0.00149208 0.02524691 -0.00676274
v 0.00121951 0.02699995 -0.00642389
v 0.00110096 0.02654206 -0.00652736
v 0.00110096 0.02654206 -0.00652736
v 0.00099136 0.02606904 -0.00663126
v 0.00255614 0.02964955 -0.00573635
v 0.00221258 0.03005695 -0.00565821
v 0.00197393 0.02937781 -0.00583959
v 0.00255614 0.02964955 -0.00573635
v 0.00197393 0.02937781 -0.00583959
v 0.00193256 0.02746242 -0.00627893
v 0.00193256 0.02746242 -0.00627893
v 0.00197393 0.02937781 -0.00583959
v 0.00169802 0.02856791 -0.00604749
v 0.00193256 0.02746242 -0.00627893
v 0.00169802 0.02856791 -0.00604749
v 0.00133800 0.02742028 -0.00632626
v 0.00286788 0.03102713 -0.00538093
v 0.00267130 0.03100579 -0.00539380
v 0.00266367 0.03099298 -0.00539744
v 0.00356871 0.03123992 -0.00522572
v 0.00310868 0.03107517 -0.00534678
v 0.00294071 0.03076183 -0.00543648
v 0.00294071 0.03076183 -0.00543648
v 0.00310868 0.03107517 -0.00534678
v 0.00286788 0.03102713 -0.00538093
v 0.00270164 0.03072178 -0.00546855
v 0.00270164 0.03072178 -0.00546855
v 0.00286788 0.03102713 -0.00538093
v 0.00266367 0.03099298 -0.00539744
v 0.00342953 0.03081965 -0.00532806
v 0.00397628 0.03148233 -0.00506765
v 0.00356871 0.03123992 -0.00522572
v 0.00442892 0.03190970 -0.00484639
v 0.00437701 0.03184866 -0.00487411
v 0.00452143 0.03120177 -0.00482070
v 0.00452143 0.03120177 -0.00482070
v 0.00437701 0.03184866 -0.00487411
v 0.00426757 0.03173208 -0.00493038
v 0.00452143 0.03120177 -0.00482070
v 0.00426757 0.03173208 -0.00493038
v 0.00439721 0.03082472 -0.00491256
v 0.00439721 0.03082472 -0.00491256
v 0.00426757 0.03173208 -0.00493038
v 0.00397628 0.03148233 -0.00506765
v 0.00359702 0.02515983 -0.00602639
v 0.00418377 0.02280282 -0.00597227
v 0.00423354 0.02507591 -0.00557345
v 0.00423354 0.02507591 -0.00557345
v 0.00418377 0.02280282 -0.00597227
v 0.00476211 0.02270483 -0.00541323
v 0.00479782 0.02496612 -0.00503087
v 0.00479782 0.02496612 -0.00503087
v 0.00476211 0.02270483 -0.00541323
v 0.00524622 0.02259355 -0.00477839
v 0.00526989 0.02483361 -0.00441581
v 0.00526989 0.02483361 -0.00441581
v 0.00524622 0.02259355 -0.00477839
v 0.00560683 0.02413946 -0.00387168
v 0.00526989 0.02483361 -0.00441581
v 0.00560683 0.02413946 -0.00387168
v 0.00559688 0.02581143 -0.00377339
v 0.00527406 0.02883094 -0.00422400
v 0.00519407 0.02899473 -0.00431979
v 0.00492835 0.02723205 -0.00470930
v 0.00492835 0.02723205 -0.00470930
v 0.00519407 0.02899473 -0.00431979
v 0.00503284 0.02932995 -0.00448888
v 0.00492835 0.02723205 -0.00470930
v 0.00503284 0.02932995 -0.00448888
v 0.00441700 0.02734422 -0.00519794
v 0.00441700 0.02734422 -0.00519794
v 0.00503284 0.02932995 -0.00448888
v 0.00467265 0.02956634 -0.00481290
v 0.00467265 0.02956634 -0.00481290
v 0.00418055 0.02963900 -0.00515938
v 0.00467265 0.02956634 -0.00481290
v 0.00483763 0.02982801 -0.00464898
v 0.00418055 0.02963900 -0.00515938
v 0.00483763 0.02982801 -0.00464898
v 0.00464243 0.03048366 -0.00476587
v 0.00559688 0.02581143 -0.00377339
v 0.00535518 0.02709025 -0.00415659
v 0.00526989 0.02483361 -0.00441581
v 0.00526989 0.02483361 -0.00441581
v 0.00535518 0.02709025 -0.00415659
v 0.00492835 0.02723205 -0.00470930
v 0.00479782 0.02496612 -0.00503087
v 0.00479782 0.02496612 -0.00503087
v 0.00492835 0.02723205 -0.00470930
v 0.00441700 0.02734422 -0.00519794
v 0.00423354 0.02507591 -0.00557345
v 0.00423354 0.02507591 -0.00557345
v 0.00441700 0.02734422 -0.00519794
v 0.00383973 0.02742385 -0.00560665
v 0.00423354 0.02507591 -0.00557345
v 0.00383973 0.02742385 -0.00560665
v 0.00359702 0.02515983 -0.00602639
v 0.00086932 0.02544277 -0.00676411
v 0.00073063 0.02434116 -0.00698495
v 0.00149208 0.02524691 -0.00676274
v 0.00138849 0.02412921 -0.00698268
v 0.00149208 0.02524691 -0.00676274
v 0.00211400 0.02411204 -0.00684094
v 0.00211400 0.02411204 -0.00684094
v 0.00210190 0.02299100 -0.00704527
v 0.00282919 0.02294737 -0.00679636
v 0.00397628 0.03148233 -0.00506765
v 0.00342953 0.03081965 -0.00532806
v 0.00439721 0.03082472 -0.00491256
v 0.00439721 0.03082472 -0.00491256
v 0.00342953 0.03081965 -0.00532806
v 0.00365067 0.02967578 -0.00542939
v 0.00439721 0.03082472 -0.00491256
v 0.00365067 0.02967578 -0.00542939
v 0.00418055 0.02963900 -0.00515938
v 0.00418055 0.02963900 -0.00515938
v 0.00365067 0.02967578 -0.00542939
v 0.00321799 0.02746903 -0.00592399
v 0.00383973 0.02742385 -0.00560665
v 0.00291151 0.02521592 -0.00637680
v 0.00359702 0.02515983 -0.00602639
v 0.00359702 0.02515983 -0.00602639
v 0.00291151 0.02521592 -0.00637680
v 0.00353956 0.02401053 -0.00623447
v 0.00359702 0.02515983 -0.00602639
v 0.00353956 0.02401053 -0.00623447
v 0.00418377 0.02280282 -0.00597227
v 0.00266367 0.03099298 -0.00539744
v 0.00252491 0.03074580 -0.00546753
v 0.00270164 0.03072178 -0.00546855
v 0.00270164 0.03072178 -0.00546855
v 0.00252491 0.03074580 -0.00546753
v 0.00221258 0.03005695 -0.00565821
v 0.00270164 0.03072178 -0.00546855
v 0.00221258 0.03005695 -0.00565821
v 0.00294071 0.03076183 -0.00543648
v 0.00294071 0.03076183 -0.00543648
v 0.00294071 0.03076183 -0.00543648
v 0.00255614 0.02964955 -0.00573635
v 0.00310296 0.02967834 -0.00562102
v 0.00310296 0.02967834 -0.00562102
v 0.00255614 0.02964955 -0.00573635
v 0.00193256 0.02746242 -0.00627893
v 0.00257498 0.02748101 -0.00614744
v 0.00257498 0.02748101 -0.00614744
v 0.00193256 0.02746242 -0.00627893
v 0.00220185 0.02524447 -0.00662172
v 0.00220185 0.02524447 -0.00662172
v 0.00211400 0.02411204 -0.00684094
v 0.00283915 0.02407276 -0.00659221
v 0.00283915 0.02407276 -0.00659221
v 0.00283915 0.02407276 -0.00659221
v 0.00282919 0.02294737 -0.00679636
v 0.00353169 0.02288442 -0.00643766
v 0.00342953 0.03081965 -0.00532806
v 0.00342953 0.03081965 -0.00532806
v 0.00342953 0.03081965 -0.00532806
v 0.00310296 0.02967834 -0.00562102
v 0.00365067 0.02967578 -0.00542939
v 0.00257498 0.02748101 -0.00614744
v 0.00321799 0.02746903 -0.00592399
v 0.00321799 0.02746903 -0.00592399
v 0.00257498 0.02748101 -0.00614744
v 0.00220185 0.02524447 -0.00662172
v 0.00291151 0.02521592 -0.00637680
v 0.00291151 0.02521592 -0.00637680
v 0.00220185 0.02524447 -0.00662172
v 0.00283915 0.02407276 -0.00659221
v 0.00283915 0.02407276 -0.00659221
v 0.00353956 0.02401053 -0.00623447
v 0.00353956 0.02401053 -0.00623447
v 0.00353169 0.02288442 -0.00643766
v 0.00418377 0.02280282 -0.00597227
v 0.00068905 0.02313083 -0.00720864
v 0.00070008 0.02082371 -0.00758106
v 0.00137418 0.02301561 -0.00718606
v 0.00137418 0.02301561 -0.00718606
v 0.00070008 0.02082371 -0.00758106
v 0.00137418 0.01857668 -0.00783372
v 0.00137418 0.02301561 -0.00718606
v 0.00137418 0.01857668 -0.00783372
v 0.00210190 0.02299100 -0.00704527
v 0.00210190 0.01856011 -0.00769168
v 0.00210190 0.02299100 -0.00704527
v 0.00210190 0.01856011 -0.00769168
v 0.00282919 0.02294737 -0.00679636
v 0.00282919 0.01853078 -0.00744080
v 0.00282919 0.02294737 -0.00679636
v 0.00282919 0.01853078 -0.00744080
v 0.00353169 0.02288442 -0.00643766
v 0.00353169 0.01848852 -0.00707900
v 0.00353169 0.02288442 -0.00643766
v 0.00353169 0.01848852 -0.00707900
v 0.00418377 0.02280282 -0.00597227
v 0.00418377 0.01843369 -0.00660968
v 0.00418377 0.02280282 -0.00597227
v 0.00418377 0.01843369 -0.00660968
v 0.00476211 0.02270483 -0.00541323
v 0.00476211 0.01836776 -0.00604600
v 0.00476211 0.01836776 -0.00604600
v 0.00524622 0.01829302 -0.00540584
v 0.00524622 0.02259355 -0.00477839
v 0.00524622 0.01829302 -0.00540584
v 0.00560904 0.01736122 -0.00484151
v 0.00560904 0.01736122 -0.00484151
v 0.00524622 0.01829302 -0.00540584
v 0.00525707 0.01412796 -0.00576031
v 0.00560904 0.01736122 -0.00484151
v 0.00525707 0.01412796 -0.00576031
v 0.00560904 0.01402646 -0.00511760
v -0.00283974 0.02407276 -0.00659192
v -0.00282973 0.02294737 -0.00679618
v -0.00210249 0.02299100 -0.00704509
v -0.00457799 0.03079426 -0.00479800
v -0.00439739 0.03082472 -0.00491244
v -0.00452143 0.03120177 -0.00482070
v -0.00497901 0.02946627 -0.00453728
v -0.00492853 0.02723199 -0.00470912
v -0.00441724 0.02734416 -0.00519764
v -0.00070000 0.01747030 -0.00799763
v -0.00070000 0.01858150 -0.00787586
v -0.00137490 0.01857668 -0.00783360
v -0.00070000 0.02050399 -0.00762707
v -0.00070024 0.02339750 -0.00716102
v -0.00137490 0.02301561 -0.00718588
v -0.00336677 0.03115499 -0.00528687
v -0.00365895 0.03128480 -0.00519460
v -0.00342995 0.03081965 -0.00532794
v -0.00439739 0.03082472 -0.00491244
v -0.00392115 0.03084188 -0.00515449
v -0.00452143 0.03120177 -0.00482070
v -0.00452143 0.03120177 -0.00482070
v -0.00392115 0.03084188 -0.00515449
v -0.00426745 0.03173196 -0.00493050
v -0.00452143 0.03120177 -0.00482070
v -0.00426745 0.03173196 -0.00493050
v -0.00442904 0.03190970 -0.00484663
v -0.00342995 0.03081965 -0.00532794
v -0.00365895 0.03128480 -0.00519460
v -0.00392115 0.03084188 -0.00515449
v -0.00392115 0.03084188 -0.00515449
v -0.00365895 0.03128480 -0.00519460
v -0.00409359 0.03157377 -0.00501448
v -0.00392115 0.03084188 -0.00515449
v -0.00409359 0.03157377 -0.00501448
v -0.00426745 0.03173196 -0.00493050
v -0.00228870 0.02962487 -0.00576741
v -0.00205112 0.02959758 -0.00578165
v -0.00221252 0.03005677 -0.00565833
v -0.00270206 0.03072190 -0.00546843
v -0.00236952 0.03043711 -0.00555378
v -0.00270206 0.03072190 -0.00546843
v -0.00236952 0.03043711 -0.00555378
v -0.00250369 0.03070670 -0.00547850
v -0.00250369 0.03070670 -0.00547850
v -0.00275993 0.03101348 -0.00539035
v -0.00275993 0.03101348 -0.00539035
v -0.00250369 0.03070670 -0.00547850
v -0.00266349 0.03099268 -0.00539756
v -0.00275993 0.03101348 -0.00539035
v -0.00266349 0.03099268 -0.00539756
v -0.00267130 0.03100579 -0.00539380
v -0.00193316 0.02746242 -0.00627893
v -0.00138849 0.02759104 -0.00628596
v -0.00228870 0.02962487 -0.00576741
v -0.00228870 0.02962487 -0.00576741
v -0.00138849 0.02759104 -0.00628596
v -0.00197387 0.02937752 -0.00583971
v -0.00197387 0.02937752 -0.00583971
v -0.00149280 0.02524691 -0.00676268
v -0.00090753 0.02564787 -0.00672114
v -0.00121951 0.02699995 -0.00642389
v -0.00073844 0.02443265 -0.00696719
v -0.00090753 0.02564787 -0.00672114
v -0.00138920 0.02412921 -0.00698256
v -0.00138920 0.02412921 -0.00698256
v -0.00090753 0.02564787 -0.00672114
v -0.00149280 0.02524691 -0.00676268
v -0.00138920 0.02412921 -0.00698256
v -0.00149280 0.02524691 -0.00676268
v -0.00220245 0.02524447 -0.00662148
v -0.00070000 0.01747030 -0.00799763
v -0.00137490 0.01857668 -0.00783360
v -0.00070000 0.01498895 -0.00821179
v -0.00070000 0.01498895 -0.00821179
v -0.00137490 0.01857668 -0.00783360
v -0.00144023 0.01496332 -0.00816250
v -0.00144023 0.01496332 -0.00816250
v -0.00137490 0.01857668 -0.00783360
v -0.00210249 0.01856005 -0.00769156
v -0.00144023 0.01496332 -0.00816250
v -0.00210249 0.01856005 -0.00769156
v -0.00216657 0.01488906 -0.00801515
v -0.00216657 0.01488906 -0.00801515
v -0.00210249 0.01856005 -0.00769156
v -0.00282973 0.01853066 -0.00744057
v -0.00216657 0.01488906 -0.00801515
v -0.00282973 0.01853066 -0.00744057
v -0.00285661 0.01477563 -0.00777632
v -0.00285661 0.01477563 -0.00777632
v -0.00282973 0.01853066 -0.00744057
v -0.00353205 0.01848840 -0.00707883
v -0.00285661 0.01477563 -0.00777632
v -0.00353205 0.01848840 -0.00707883
v -0.00352800 0.01462799 -0.00743478
v -0.00352800 0.01462799 -0.00743478
v -0.00353205 0.01848840 -0.00707883
v -0.00418407 0.01843369 -0.00660950
v -0.00414670 0.01446390 -0.00700104
v -0.00414670 0.01446390 -0.00700104
v -0.00418407 0.01843369 -0.00660950
v -0.00476223 0.01836776 -0.00604582
v -0.00414670 0.01446390 -0.00700104
v -0.00476223 0.01836776 -0.00604582
v -0.00470269 0.01429897 -0.00647795
v -0.00470269 0.01429897 -0.00647795
v -0.00476223 0.01836776 -0.00604582
v -0.00524634 0.01829302 -0.00540572
v -0.00470269 0.01429897 -0.00647795
v -0.00524634 0.01829302 -0.00540572
v -0.00517792 0.01415216 -0.00587988
v -0.00524634 0.01829302 -0.00540572
v -0.00560904 0.01701408 -0.00487715
v -0.00517792 0.01415216 -0.00587988
v -0.00560904 0.01455235 -0.00508386
v -0.00517792 0.01415216 -0.00587988
v -0.00560904 0.01455235 -0.00508386
v -0.00553131 0.01404750 -0.00527894
v -0.00553131 0.01404750 -0.00527894
v -0.00560904 0.01455235 -0.00508386
v -0.00560904 0.01402646 -0.00511760
v -0.00560904 0.02077537 -0.00440311
v -0.00560904 0.01955974 -0.00457740
v -0.00524634 0.01829302 -0.00540572
v -0.00524634 0.01829302 -0.00540572
v -0.00560904 0.01955974 -0.00457740
v -0.00560904 0.01821607 -0.00474656
v -0.00524634 0.01829302 -0.00540572
v -0.00560904 0.01821607 -0.00474656
v -0.00560904 0.01701408 -0.00487715
v -0.00558341 0.02723747 -0.00376797
v -0.00559699 0.02581143 -0.00377309
v -0.00527000 0.02483361 -0.00441563
v -0.00527000 0.02483361 -0.00441563
v -0.00559699 0.02581143 -0.00377309
v -0.00560063 0.02532863 -0.00378847
v -0.00527000 0.02483361 -0.00441563
v -0.00560063 0.02532863 -0.00378847
v -0.00560790 0.02390855 -0.00389683
v -0.00547534 0.02827167 -0.00394434
v -0.00547957 0.02825534 -0.00393772
v -0.00535518 0.02709019 -0.00415647
v -0.00535518 0.02709019 -0.00415647
v -0.00547957 0.02825534 -0.00393772
v -0.00555587 0.02785772 -0.00381309
v -0.00535518 0.02709019 -0.00415647
v -0.00555587 0.02785772 -0.00381309
v -0.00558031 0.02750366 -0.00377113
v -0.00497901 0.02946627 -0.00453728
v -0.00519407 0.02899473 -0.00431979
v -0.00492853 0.02723199 -0.00470912
v -0.00492853 0.02723199 -0.00470912
v -0.00519407 0.02899473 -0.00431979
v -0.00523865 0.02890634 -0.00426739
v -0.00492853 0.02723199 -0.00470912
v -0.00523865 0.02890634 -0.00426739
v -0.00535518 0.02709019 -0.00415647
v -0.00535518 0.02709019 -0.00415647
v -0.00523865 0.02890634 -0.00426739
v -0.00538236 0.02857100 -0.00408083
v -0.00535518 0.02709019 -0.00415647
v -0.00538236 0.02857100 -0.00408083
v -0.00547534 0.02827167 -0.00394434
v -0.00418079 0.02963894 -0.00515920
v -0.00473040 0.03015846 -0.00471681
v -0.00467282 0.02956628 -0.00481272
v -0.00467282 0.02956628 -0.00481272
v -0.00473040 0.03015846 -0.00471681
v -0.00474912 0.03009796 -0.00470573
v -0.00476062 0.03006124 -0.00469875
v -0.00255674 0.02964961 -0.00573617
v -0.00294119 0.03076189 -0.00543642
v -0.00342995 0.03081965 -0.00532794
v -0.00342995 0.03081965 -0.00532794
v -0.00294119 0.03076189 -0.00543642
v -0.00318772 0.03109639 -0.00533074
v -0.00342995 0.03081965 -0.00532794
v -0.00318772 0.03109639 -0.00533074
v -0.00336677 0.03115499 -0.00528687
v -0.00321847 0.02746903 -0.00592375
v -0.00220245 0.02524447 -0.00662148
v -0.00257546 0.02748101 -0.00614726
v -0.00257546 0.02748101 -0.00614726
v -0.00193316 0.02746242 -0.00627893
v -0.00193316 0.02746242 -0.00627893
v -0.00193316 0.02746242 -0.00627893
v -0.00121951 0.02699995 -0.00642389
v -0.00138849 0.02759104 -0.00628596
v -0.00282973 0.02294737 -0.00679618
v -0.00283974 0.02407276 -0.00659192
v -0.00354004 0.02401053 -0.00623417
v -0.00354004 0.02401053 -0.00623417
v -0.00283974 0.02407276 -0.00659192
v -0.00359744 0.02515983 -0.00602609
v -0.00354004 0.02401053 -0.00623417
v -0.00359744 0.02515983 -0.00602609
v -0.00423378 0.02507585 -0.00557321
v -0.00310337 0.02967834 -0.00562084
v -0.00310337 0.02967834 -0.00562084
v -0.00342995 0.03081965 -0.00532794
v -0.00392115 0.03084188 -0.00515449
v -0.00310337 0.02967834 -0.00562084
v -0.00392115 0.03084188 -0.00515449
v -0.00365096 0.02967578 -0.00542921
v -0.00365096 0.02967578 -0.00542921
v -0.00392115 0.03084188 -0.00515449
v -0.00439739 0.03082472 -0.00491244
v -0.00365096 0.02967578 -0.00542921
v -0.00439739 0.03082472 -0.00491244
v -0.00418079 0.02963894 -0.00515920
v -0.00418079 0.02963894 -0.00515920
v -0.00439739 0.03082472 -0.00491244
v -0.00457799 0.03079426 -0.00479800
v -0.00418079 0.02963894 -0.00515920
v -0.00457799 0.03079426 -0.00479800
v -0.00473040 0.03015846 -0.00471681
v -0.00275993 0.03101348 -0.00539035
v -0.00318772 0.03109639 -0.00533074
v -0.00270206 0.03072190 -0.00546843
v -0.00294119 0.03076189 -0.00543642
v -0.00270206 0.03072190 -0.00546843
v -0.00294119 0.03076189 -0.00543642
v -0.00228870 0.02962487 -0.00576741
v -0.00255674 0.02964961 -0.00573617
v -0.00228870 0.02962487 -0.00576741
v -0.00255674 0.02964961 -0.00573617
v -0.00193316 0.02746242 -0.00627893
v -0.00193316 0.02746242 -0.00627893
v -0.00255674 0.02964961 -0.00573617
v -0.00310337 0.02967834 -0.00562084
v -0.00257546 0.02748101 -0.00614726
v -0.00257546 0.02748101 -0.00614726
v -0.00310337 0.02967834 -0.00562084
v -0.00365096 0.02967578 -0.00542921
v -0.00321847 0.02746903 -0.00592375
v -0.00321847 0.02746903 -0.00592375
v -0.00365096 0.02967578 -0.00542921
v -0.00418079 0.02963894 -0.00515920
v -0.00560790 0.02390855 -0.00389683
v -0.00560921 0.02246099 -0.00412726
v -0.00527000 0.02483361 -0.00441563
v -0.00527000 0.02483361 -0.00441563
v -0.00560921 0.02246099 -0.00412726
v -0.00524634 0.02259349 -0.00477821
v -0.00527000 0.02483361 -0.00441563
v -0.00524634 0.02259349 -0.00477821
v -0.00479800 0.02496606 -0.00503063
v -0.00476223 0.02270483 -0.00541312
v -0.00479800 0.02496606 -0.00503063
v -0.00476223 0.02270483 -0.00541312
v -0.00423378 0.02507585 -0.00557321
v -0.00418407 0.02280282 -0.00597197
v -0.00423378 0.02507585 -0.00557321
v -0.00418407 0.02280282 -0.00597197
v -0.00354004 0.02401053 -0.00623417
v -0.00354004 0.02401053 -0.00623417
v -0.00418407 0.02280282 -0.00597197
v -0.00353205 0.02288436 -0.00643736
v -0.00353205 0.02288436 -0.00643736
v -0.00558031 0.02750366 -0.00377113
v -0.00558341 0.02723747 -0.00376797
v -0.00535518 0.02709019 -0.00415647
v -0.00558341 0.02723747 -0.00376797
v -0.00527000 0.02483361 -0.00441563
v -0.00535518 0.02709019 -0.00415647
v -0.00527000 0.02483361 -0.00441563
v -0.00492853 0.02723199 -0.00470912
v -0.00479800 0.02496606 -0.00503063
v -0.00492853 0.02723199 -0.00470912
v -0.00479800 0.02496606 -0.00503063
v -0.00441724 0.02734416 -0.00519764
v -0.00423378 0.02507585 -0.00557321
v -0.00441724 0.02734416 -0.00519764
v -0.00423378 0.02507585 -0.00557321
v -0.00384003 0.02742379 -0.00560647
v -0.00384003 0.02742379 -0.00560647
v -0.00423378 0.02507585 -0.00557321
v -0.00359744 0.02515983 -0.00602609
v -0.00384003 0.02742379 -0.00560647
v -0.00359744 0.02515983 -0.00602609
v -0.00291193 0.02521586 -0.00637662
v -0.00291193 0.02521586 -0.00637662
v -0.00291193 0.02521586 -0.00637662
v -0.00283974 0.02407276 -0.00659192
v -0.00211459 0.02411204 -0.00684083
v -0.00211459 0.02411204 -0.00684083
v -0.00211459 0.02411204 -0.00684083
v -0.00210249 0.02299100 -0.00704509
v -0.00137490 0.02301561 -0.00718588
v -0.00070024 0.02339750 -0.00716102
v -0.00073844 0.02443265 -0.00696719
v -0.00137490 0.02301561 -0.00718588
v -0.00137490 0.02301561 -0.00718588
v -0.00073844 0.02443265 -0.00696719
v -0.00138920 0.02412921 -0.00698256
v -0.00211459 0.02411204 -0.00684083
v -0.00220245 0.02524447 -0.00662148
v -0.00291193 0.02521586 -0.00637662
v -0.00291193 0.02521586 -0.00637662
v -0.00384003 0.02742379 -0.00560647
v -0.00441724 0.02734416 -0.00519764
v -0.00441724 0.02734416 -0.00519764
v -0.00467282 0.02956628 -0.00481272
v -0.00497901 0.02946627 -0.00453728
v -0.00476062 0.03006124 -0.00469875
v -0.00560921 0.02246099 -0.00412726
v -0.00560904 0.02077537 -0.00440311
v -0.00524634 0.02259349 -0.00477821
v -0.00524634 0.02259349 -0.00477821
v -0.00524634 0.01829302 -0.00540572
v -0.00476223 0.01836776 -0.00604582
v -0.00476223 0.02270483 -0.00541312
v -0.00476223 0.01836776 -0.00604582
v -0.00418407 0.02280282 -0.00597197
v -0.00418407 0.01843369 -0.00660950
v -0.00418407 0.02280282 -0.00597197
v -0.00418407 0.01843369 -0.00660950
v -0.00353205 0.02288436 -0.00643736
v -0.00353205 0.01848840 -0.00707883
v -0.00353205 0.02288436 -0.00643736
v -0.00353205 0.01848840 -0.00707883
v -0.00282973 0.02294737 -0.00679618
v -0.00282973 0.01853066 -0.00744057
v -0.00282973 0.02294737 -0.00679618
v -0.00282973 0.01853066 -0.00744057
v -0.00210249 0.02299100 -0.00704509
v -0.00210249 0.01856005 -0.00769156
v -0.00210249 0.02299100 -0.00704509
v -0.00210249 0.01856005 -0.00769156
v -0.00137490 0.02301561 -0.00718588
v -0.00137490 0.01857668 -0.00783360
v -0.00137490 0.02301561 -0.00718588
v -0.00137490 0.01857668 -0.00783360
v -0.00070000 0.02050399 -0.00762707
v -0.00070000 0.02050399 -0.00762707
v -0.00137490 0.01857668 -0.00783360
v -0.00070000 0.01858150 -0.00787586
v 0.00349992 0.03299975 -0.00632125
v -0.00349992 0.03299975 -0.00632125
v 0.00349992 0.03299999 -0.00569999
v -0.00349992 0.03299999 -0.00569999
v 0.00569999 0.04039102 -0.00108892
v 0.00569999 0.04046082 -0.00065531
v 0.00612014 0.04041641 -0.00064999
v 0.00604838 0.03687316 -0.00513858
v 0.00569999 0.03688365 -0.00516737
v 0.00569999 0.03719025 -0.00504506
v 0.00694382 0.03586560 0.00499153
v 0.00709379 0.03584307 0.00486171
v 0.00709391 0.03613322 0.00480235
v 0.00711411 0.03583955 0.00484186
v 0.00746137 0.03575980 0.00438190
v 0.00712091 0.03612715 0.00477642
v 0.00712091 0.03612715 0.00477642
v 0.00746137 0.03575980 0.00438190
v 0.00746137 0.03602141 0.00432849
v 0.00694382 0.03586560 0.00499153
v 0.00709391 0.03613322 0.00480235
v 0.00663471 0.03590005 0.00519055
v 0.00623608 0.03592717 0.00534689
v 0.00642723 0.03591626 0.00528419
v 0.00663471 0.03620994 0.00512737
v 0.00569999 0.03626316 0.00535309
v 0.00569999 0.03593975 0.00541914
v 0.00623608 0.03592717 0.00534689
v 0.00715363 0.03666901 -0.00457877
v 0.00712198 0.03668034 -0.00460964
v 0.00712091 0.03695434 -0.00450158
v 0.00712091 0.03695434 -0.00450158
v 0.00712198 0.03668034 -0.00460964
v 0.00709379 0.03668981 -0.00463587
v 0.00709391 0.03696501 -0.00452614
v 0.00709391 0.03696501 -0.00452614
v 0.00709379 0.03668981 -0.00463587
v 0.00663459 0.03680413 -0.00494951
v 0.00663471 0.03709799 -0.00483239
v 0.00663471 0.03709799 -0.00483239
v 0.00663459 0.03680413 -0.00494951
v 0.00649148 0.03682768 -0.00501388
v 0.00663471 0.03709799 -0.00483239
v 0.00649148 0.03682768 -0.00501388
v 0.00612014 0.03717249 -0.00500423
v 0.00612014 0.03717249 -0.00500423
v 0.00649148 0.03682768 -0.00501388
v 0.00612014 0.03686833 -0.00512540
v 0.00612014 0.03717249 -0.00500423
v 0.00612014 0.03686833 -0.00512540
v 0.00604838 0.03687316 -0.00513858
v 0.00746137 0.03652310 -0.00417835
v 0.00715363 0.03666901 -0.00457877
v 0.00746137 0.03677099 -0.00407946
v 0.00746137 0.03677099 -0.00407946
v 0.00715363 0.03666901 -0.00457877
v 0.00712091 0.03695434 -0.00450158
v 0.00746137 0.03677099 -0.00407946
v 0.00712091 0.03695434 -0.00450158
v 0.00746137 0.03757649 -0.00362492
v 0.00746137 0.03827065 -0.00301343
v 0.00746137 0.03757649 -0.00362492
v 0.00712091 0.03784316 -0.00400001
v 0.00746137 0.03921037 -0.00143176
v 0.00746137 0.03882318 -0.00227177
v 0.00712091 0.03921890 -0.00250685
v 0.00746137 0.03941547 -0.00052989
v 0.00746137 0.03921037 -0.00143176
v 0.00712091 0.03964614 -0.00157994
v 0.00746137 0.03925216 0.00130260
v 0.00746137 0.03942966 0.00039495
v 0.00712091 0.03988808 0.00043582
v 0.00746137 0.03889065 0.00215405
v 0.00746137 0.03925216 0.00130260
v 0.00712091 0.03969222 0.00143748
v 0.00746137 0.03836101 0.00291228
v 0.00746137 0.03889065 0.00215405
v 0.00712091 0.03929328 0.00237691
v 0.00709379 0.03584307 0.00486171
v 0.00711411 0.03583955 0.00484186
v 0.00709391 0.03613322 0.00480235
v 0.00712091 0.03612715 0.00477642
v 0.00709391 0.03613322 0.00480235
v 0.00712091 0.03612715 0.00477642
v 0.00712091 0.03709065 0.00443989
v 0.00712091 0.03709065 0.00443989
v 0.00712091 0.03612715 0.00477642
v 0.00746137 0.03602141 0.00432849
v 0.00746137 0.03689455 0.00402349
v 0.00642723 0.03591626 0.00528419
v 0.00663471 0.03590005 0.00519055
v 0.00663471 0.03620994 0.00512737
v 0.00663471 0.03620994 0.00512737
v 0.00663471 0.03590005 0.00519055
v 0.00709391 0.03613322 0.00480235
v 0.00663471 0.03620994 0.00512737
v 0.00709391 0.03613322 0.00480235
v 0.00709391 0.03710210 0.00446403
v 0.00709391 0.03710210 0.00446403
v 0.00709391 0.03710210 0.00446403
v 0.00712091 0.03709065 0.00443989
v 0.00712091 0.03796380 0.00391132
v 0.00712091 0.03796380 0.00391132
v 0.00712091 0.03709065 0.00443989
v 0.00746137 0.03689455 0.00402349
v 0.00746137 0.03768593 0.00354457
v 0.00709391 0.03785872 -0.00402170
v 0.00663471 0.03805220 -0.00429386
v 0.00663471 0.03887426 -0.00356960
v 0.00569999 0.03626316 0.00535309
v 0.00623608 0.03592717 0.00534689
v 0.00612014 0.03625291 0.00530964
v 0.00612014 0.03625291 0.00530964
v 0.00623608 0.03592717 0.00534689
v 0.00663471 0.03620994 0.00512737
v 0.00612014 0.03625291 0.00530964
v 0.00663471 0.03620994 0.00512737
v 0.00663471 0.03724431 0.00476617
v 0.00663471 0.03724431 0.00476617
v 0.00663471 0.03724431 0.00476617
v 0.00709391 0.03710210 0.00446403
v 0.00709391 0.03798002 0.00393271
v 0.00709391 0.03798002 0.00393271
v 0.00709391 0.03798002 0.00393271
v 0.00712091 0.03796380 0.00391132
v 0.00712091 0.03870880 0.00321364
v 0.00712091 0.03870880 0.00321364
v 0.00712091 0.03796380 0.00391132
v 0.00746137 0.03768593 0.00354457
v 0.00746137 0.03836101 0.00291228
v 0.00612014 0.03968983 -0.00278664
v 0.00663471 0.03887426 -0.00356960
v 0.00612014 0.03901207 -0.00369650
v 0.00612014 0.03901207 -0.00369650
v 0.00663471 0.03887426 -0.00356960
v 0.00663471 0.03805220 -0.00429386
v 0.00612014 0.03816068 -0.00444657
v 0.00712091 0.03964614 -0.00157994
v 0.00712091 0.03964614 -0.00157994
v 0.00712091 0.03921890 -0.00250685
v 0.00709391 0.03967148 -0.00158852
v 0.00712091 0.03964614 -0.00157994
v 0.00709391 0.03967148 -0.00158852
v 0.00709391 0.03989905 -0.00058790
v 0.00709391 0.03989905 -0.00058790
v 0.00709391 0.03967148 -0.00158852
v 0.00663471 0.04023057 -0.00062768
v 0.00709391 0.03989905 -0.00058790
v 0.00663471 0.04023057 -0.00062768
v 0.00663471 0.04024726 0.00046785
v 0.00663471 0.04024726 0.00046785
v 0.00663471 0.04023057 -0.00062768
v 0.00612014 0.04043376 0.00048448
v 0.00663471 0.04024726 0.00046785
v 0.00612014 0.04043376 0.00048448
v 0.00612014 0.04021596 0.00159788
v 0.00712091 0.03969222 0.00143748
v 0.00712091 0.03969222 0.00143748
v 0.00712091 0.03988808 0.00043582
v 0.00709391 0.03971773 0.00144529
v 0.00712091 0.03969222 0.00143748
v 0.00709391 0.03971773 0.00144529
v 0.00709391 0.03931677 0.00238997
v 0.00709391 0.03931677 0.00238997
v 0.00709391 0.03971773 0.00144529
v 0.00663471 0.03960883 0.00255162
v 0.00709391 0.03931677 0.00238997
v 0.00663471 0.03960883 0.00255162
v 0.00663471 0.03898131 0.00344986
v 0.00663471 0.03898131 0.00344986
v 0.00663471 0.03960883 0.00255162
v 0.00612014 0.03912287 0.00357240
v 0.00663471 0.03898131 0.00344986
v 0.00612014 0.03912287 0.00357240
v 0.00612014 0.03829479 0.00434798
v 0.00604838 0.03687316 -0.00513858
v 0.00569999 0.03719025 -0.00504506
v 0.00612014 0.03717249 -0.00500423
v 0.00612014 0.03717249 -0.00500423
v 0.00569999 0.03719025 -0.00504506
v 0.00612014 0.03816068 -0.00444657
v 0.00612014 0.03717249 -0.00500423
v 0.00612014 0.03816068 -0.00444657
v 0.00663471 0.03709799 -0.00483239
v 0.00663471 0.03805220 -0.00429386
v 0.00663471 0.03709799 -0.00483239
v 0.00663471 0.03805220 -0.00429386
v 0.00709391 0.03696501 -0.00452614
v 0.00709391 0.03785872 -0.00402170
v 0.00709391 0.03696501 -0.00452614
v 0.00709391 0.03785872 -0.00402170
v 0.00712091 0.03695434 -0.00450158
v 0.00569999 0.03818655 -0.00448286
v 0.00612014 0.03816068 -0.00444657
v 0.00569999 0.03818655 -0.00448286
v 0.00569999 0.03892630 -0.00385147
v 0.00612014 0.03816068 -0.00444657
v 0.00569999 0.03892630 -0.00385147
v 0.00612014 0.03901207 -0.00369650
v 0.00612014 0.03901207 -0.00369650
v 0.00569999 0.03892630 -0.00385147
v 0.00569999 0.03904485 -0.00372684
v 0.00612014 0.03901207 -0.00369650
v 0.00569999 0.03904485 -0.00372684
v 0.00612014 0.03968983 -0.00278664
v 0.00569999 0.03972828 -0.00280946
v 0.00612014 0.03968983 -0.00278664
v 0.00569999 0.03972828 -0.00280946
v 0.00569999 0.03985911 -0.00257647
v 0.00712091 0.03784316 -0.00400001
v 0.00712091 0.03784316 -0.00400001
v 0.00712091 0.03784316 -0.00400001
v 0.00709391 0.03785872 -0.00402170
v 0.00709391 0.03862869 -0.00334340
v 0.00709391 0.03862869 -0.00334340
v 0.00709391 0.03862869 -0.00334340
v 0.00663471 0.03887426 -0.00356960
v 0.00663471 0.03952884 -0.00269109
v 0.00663471 0.03952884 -0.00269109
v 0.00663471 0.03952884 -0.00269109
v 0.00612014 0.03968983 -0.00278664
v 0.00612014 0.04016482 -0.00175631
v 0.00612014 0.04016482 -0.00175631
v 0.00612014 0.03968983 -0.00278664
v 0.00569999 0.03985911 -0.00257647
v 0.00612014 0.04016482 -0.00175631
v 0.00569999 0.03985911 -0.00257647
v 0.00569999 0.04020708 -0.00177067
v 0.00712091 0.03860908 -0.00332534
v 0.00712091 0.03860908 -0.00332534
v 0.00712091 0.03860908 -0.00332534
v 0.00709391 0.03862869 -0.00334340
v 0.00709391 0.03924185 -0.00252044
v 0.00709391 0.03924185 -0.00252044
v 0.00709391 0.03924185 -0.00252044
v 0.00663471 0.03952884 -0.00269109
v 0.00663471 0.03998762 -0.00169605
v 0.00663471 0.03998762 -0.00169605
v 0.00663471 0.03998762 -0.00169605
v 0.00612014 0.04016482 -0.00175631
v 0.00612014 0.04041641 -0.00064999
v 0.00612014 0.04041641 -0.00064999
v 0.00612014 0.04016482 -0.00175631
v 0.00569999 0.04020708 -0.00177067
v 0.00612014 0.04041641 -0.00064999
v 0.00569999 0.04020708 -0.00177067
v 0.00569999 0.04039102 -0.00108892
v 0.00569999 0.04046082 -0.00065531
v 0.00612014 0.04043376 0.00048448
v 0.00612014 0.04041641 -0.00064999
v 0.00612014 0.04041641 -0.00064999
v 0.00663471 0.04023057 -0.00062768
v 0.00663471 0.03998762 -0.00169605
v 0.00709391 0.03967148 -0.00158852
v 0.00709391 0.03924185 -0.00252044
v 0.00712091 0.03921890 -0.00250685
v 0.00712091 0.03860908 -0.00332534
v 0.00712091 0.03921890 -0.00250685
v 0.00746137 0.03882318 -0.00227177
v 0.00746137 0.03827065 -0.00301343
v 0.00569999 0.04046082 -0.00065531
v 0.00569999 0.04049998 0.00000000
v 0.00612014 0.04043376 0.00048448
v 0.00612014 0.04043376 0.00048448
v 0.00569999 0.04049998 0.00000000
v 0.00569999 0.04047816 0.00048844
v 0.00612014 0.04043376 0.00048448
v 0.00569999 0.04047816 0.00048844
v 0.00612014 0.04021596 0.00159788
v 0.00569999 0.04025870 0.00161099
v 0.00612014 0.04021596 0.00159788
v 0.00569999 0.04025870 0.00161099
v 0.00569999 0.04011332 0.00202549
v 0.00712091 0.03987246 -0.00058472
v 0.00712091 0.03987246 -0.00058472
v 0.00712091 0.03987246 -0.00058472
v 0.00709391 0.03989905 -0.00058790
v 0.00709391 0.03991460 0.00043820
v 0.00709391 0.03991460 0.00043820
v 0.00709391 0.03991460 0.00043820
v 0.00663471 0.04024726 0.00046785
v 0.00663471 0.04003697 0.00154305
v 0.00663471 0.04003697 0.00154305
v 0.00663471 0.04003697 0.00154305
v 0.00612014 0.04021596 0.00159788
v 0.00612014 0.03977262 0.00264239
v 0.00612014 0.03977262 0.00264239
v 0.00612014 0.04021596 0.00159788
v 0.00569999 0.04011332 0.00202549
v 0.00612014 0.03977262 0.00264239
v 0.00569999 0.04011332 0.00202549
v 0.00569999 0.03981173 0.00266391
v 0.00569999 0.03981173 0.00266391
v 0.00612014 0.03912287 0.00357240
v 0.00612014 0.03977262 0.00264239
v 0.00612014 0.03977262 0.00264239
v 0.00663471 0.03960883 0.00255162
v 0.00663471 0.04003697 0.00154305
v 0.00709391 0.03971773 0.00144529
v 0.00709391 0.03991460 0.00043820
v 0.00712091 0.03988808 0.00043582
v 0.00712091 0.03987246 -0.00058472
v 0.00712091 0.03988808 0.00043582
v 0.00746137 0.03942966 0.00039495
v 0.00746137 0.03941547 -0.00052989
v 0.00569999 0.03981173 0.00266391
v 0.00569999 0.03932660 0.00339556
v 0.00612014 0.03912287 0.00357240
v 0.00612014 0.03912287 0.00357240
v 0.00569999 0.03932660 0.00339556
v 0.00569999 0.03915667 0.00360167
v 0.00612014 0.03912287 0.00357240
v 0.00569999 0.03915667 0.00360167
v 0.00612014 0.03829479 0.00434798
v 0.00569999 0.03832173 0.00438356
v 0.00612014 0.03829479 0.00434798
v 0.00569999 0.03832173 0.00438356
v 0.00569999 0.03818297 0.00448543
v 0.00712091 0.03929328 0.00237691
v 0.00712091 0.03929328 0.00237691
v 0.00712091 0.03929328 0.00237691
v 0.00709391 0.03931677 0.00238997
v 0.00709391 0.03872907 0.00323123
v 0.00709391 0.03872907 0.00323123
v 0.00709391 0.03872907 0.00323123
v 0.00663471 0.03898131 0.00344986
v 0.00663471 0.03818172 0.00419873
v 0.00663471 0.03818172 0.00419873
v 0.00663471 0.03818172 0.00419873
v 0.00612014 0.03829479 0.00434798
v 0.00612014 0.03732413 0.00493550
v 0.00612014 0.03732413 0.00493550
v 0.00612014 0.03829479 0.00434798
v 0.00569999 0.03818297 0.00448543
v 0.00612014 0.03732413 0.00493550
v 0.00569999 0.03818297 0.00448543
v 0.00569999 0.03734314 0.00497591
v 0.00712091 0.03870880 0.00321364
v 0.00712091 0.03870880 0.00321364
v 0.00709391 0.03872907 0.00323123
v 0.00709391 0.03798002 0.00393271
v 0.00663471 0.03818172 0.00419873
v 0.00663471 0.03724431 0.00476617
v 0.00612014 0.03732413 0.00493550
v 0.00612014 0.03625291 0.00530964
v 0.00612014 0.03732413 0.00493550
v 0.00569999 0.03734314 0.00497591
v 0.00569999 0.03626316 0.00535309
v 0.00746137 0.03652310 -0.00417835
v 0.00737327 0.03647255 -0.00403994
v 0.00736666 0.03579282 -0.00422615
v 0.00746137 0.03652310 -0.00417835
v 0.00736666 0.03579282 -0.00422615
v 0.00745517 0.03586375 -0.00436288
v 0.00745517 0.03586375 -0.00436288
v 0.00736666 0.03579282 -0.00422615
v 0.00736535 0.03570771 -0.00424135
v 0.00745517 0.03586375 -0.00436288
v 0.00736535 0.03570771 -0.00424135
v 0.00744659 0.03515374 -0.00444460
v 0.00736535 0.03570771 -0.00424135
v 0.00735807 0.03509235 -0.00429899
v 0.00744659 0.03515374 -0.00444460
v 0.00744659 0.03515374 -0.00444460
v 0.00735807 0.03509235 -0.00429899
v 0.00736368 0.03438854 -0.00425631
v 0.00744659 0.03515374 -0.00444460
v 0.00736368 0.03438854 -0.00425631
v 0.00745046 0.03447085 -0.00441396
v 0.00745046 0.03447085 -0.00441396
v 0.00736368 0.03438854 -0.00425631
v 0.00736618 0.03429216 -0.00424123
v 0.00745046 0.03447085 -0.00441396
v 0.00736618 0.03429216 -0.00424123
v 0.00747597 0.03379786 -0.00427592
v 0.00736618 0.03429216 -0.00424123
v 0.00739276 0.03370308 -0.00409979
v 0.00747597 0.03379786 -0.00427592
v 0.00747597 0.03379786 -0.00427592
v 0.00739276 0.03370308 -0.00409979
v 0.00744581 0.03305155 -0.00383323
v 0.00747597 0.03379786 -0.00427592
v 0.00744581 0.03305155 -0.00383323
v 0.00752407 0.03315007 -0.00403333
v 0.00752407 0.03315007 -0.00403333
v 0.00744581 0.03305155 -0.00383323
v 0.00745577 0.03295338 -0.00378168
v 0.00752407 0.03315007 -0.00403333
v 0.00745577 0.03295338 -0.00378168
v 0.00758678 0.03256976 -0.00370133
v 0.00758678 0.03256976 -0.00370133
v 0.00745577 0.03295338 -0.00378168
v 0.00751203 0.03245460 -0.00346571
v 0.00758678 0.03256976 -0.00370133
v 0.00751203 0.03245460 -0.00346571
v 0.00757259 0.03192335 -0.00300401
v 0.00759989 0.03147393 -0.00246102
v 0.00769997 0.03139185 -0.00251830
v 0.00758076 0.03183645 -0.00291240
v 0.00758076 0.03183645 -0.00291240
v 0.00769997 0.03139185 -0.00251830
v 0.00769490 0.03156149 -0.00275320
v 0.00758076 0.03183645 -0.00291240
v 0.00769490 0.03156149 -0.00275320
v 0.00757259 0.03192335 -0.00300401
v 0.00757259 0.03192335 -0.00300401
v 0.00769490 0.03156149 -0.00275320
v 0.00765342 0.03201431 -0.00325435
v 0.00757259 0.03192335 -0.00300401
v 0.00765342 0.03201431 -0.00325435
v 0.00758678 0.03256976 -0.00370133
v 0.00769997 0.03229743 0.00347215
v 0.00769997 0.03278172 0.00379980
v 0.00769997 0.03084456 0.00389689
v 0.00769997 0.01953786 0.00277597
v 0.00769997 0.01658499 0.00221616
v 0.00769997 0.03059995 0.00000000
v 0.00769997 0.00641698 0.00197858
v 0.00769997 0.00622237 0.00197613
v 0.00769997 0.00641388 0.00121874
v 0.00769997 0.00774145 0.00193393
v 0.00769997 0.01049548 0.00170511
v 0.00769997 0.00652874 0.00000000
v 0.00769997 0.01172763 0.00165683
v 0.00769997 0.03131639 0.00240648
v 0.00769997 0.02881175 0.00388891
v 0.00769997 0.03073453 0.00108004
v 0.00769997 0.02664643 0.00377172
v 0.00769997 0.02452075 0.00356084
v 0.00769997 0.02465152 -0.00163847
v 0.00769997 0.02596086 -0.00166935
v 0.00769997 0.03061503 -0.00036335
v 0.00769997 0.01357501 -0.00289065
v 0.00769997 0.01282751 -0.00221783
v 0.00769997 0.01446455 0.00187743
v 0.00769997 0.01183432 -0.00177747
v 0.00769997 0.01292479 0.00170702
v 0.00769997 0.01099991 -0.00167120
v 0.00769997 0.00769997 -0.00167120
v 0.00769997 0.00729459 -0.00159878
v 0.00769997 0.02415215 -0.00165129
v 0.00769997 0.02795904 -0.00181693
v 0.00769997 0.02934175 -0.00194329
v 0.00769997 0.03097057 -0.00176740
v 0.00769997 0.03016579 -0.00212407
v 0.00769997 0.03139185 -0.00251830
v 0.00769997 0.02383995 0.00347561
v 0.00769997 0.02216184 0.00323278
v 0.00769997 0.01996093 0.00285476
v 0.00769997 0.00687170 -0.00132817
v 0.00769997 0.00660110 -0.00090539
v 0.00769997 0.00652874 -0.00050000
v 0.00769997 0.01706999 -0.00261015
v 0.00769997 0.01984137 -0.00226712
v 0.00769997 0.01439487 -0.00283992
v 0.00769997 0.02231115 -0.00186986
v 0.00769997 0.02280420 -0.00178337
v 0.00769997 0.02351433 -0.00169378
v 0.00769997 0.01357501 -0.00289065
v 0.00728029 0.01332092 -0.00309902
v 0.00767994 0.01390391 -0.00340104
v 0.00767994 0.01390391 -0.00340104
v 0.00728029 0.01332092 -0.00309902
v 0.00725949 0.01363033 -0.00355673
v 0.00767994 0.01390391 -0.00340104
v 0.00725949 0.01363033 -0.00355673
v 0.00719732 0.01383441 -0.00401473
v 0.00700498 0.01399028 -0.00475866
v 0.00740707 0.01432561 -0.00485212
v 0.00707883 0.01396149 -0.00451982
v 0.00707883 0.01396149 -0.00451982
v 0.00740707 0.01432561 -0.00485212
v 0.00749183 0.01428836 -0.00454467
v 0.00707883 0.01396149 -0.00451982
v 0.00749183 0.01428836 -0.00454467
v 0.00719732 0.01383441 -0.00401473
v 0.00719732 0.01383441 -0.00401473
v 0.00749183 0.01428836 -0.00454467
v 0.00761223 0.01414453 -0.00396293
v 0.00719732 0.01383441 -0.00401473
v 0.00761223 0.01414453 -0.00396293
v 0.00767994 0.01390391 -0.00340104
v 0.00740707 0.01432561 -0.00485212
v 0.00700498 0.01399028 -0.00475866
v 0.00688410 0.01402866 -0.00513595
v 0.00656837 0.01415270 -0.00588244
v 0.00699550 0.01446700 -0.00590217
v 0.00688410 0.01402866 -0.00513595
v 0.00688410 0.01402866 -0.00513595
v 0.00699550 0.01446700 -0.00590217
v 0.00712812 0.01441687 -0.00561541
v 0.00688410 0.01402866 -0.00513595
v 0.00712812 0.01441687 -0.00561541
v 0.00740707 0.01432561 -0.00485212
v 0.00576705 0.01496982 -0.00764120
v 0.00631386 0.01474523 -0.00700694
v 0.00614446 0.01433897 -0.00661558
v 0.00614446 0.01433897 -0.00661558
v 0.00631386 0.01474523 -0.00700694
v 0.00642365 0.01469951 -0.00685817
v 0.00614446 0.01433897 -0.00661558
v 0.00642365 0.01469951 -0.00685817
v 0.00656837 0.01415270 -0.00588244
v 0.00656837 0.01415270 -0.00588244
v 0.00642365 0.01469951 -0.00685817
v 0.00676721 0.01455789 -0.00632793
v 0.00656837 0.01415270 -0.00588244
v 0.00676721 0.01455789 -0.00632793
v 0.00699550 0.01446700 -0.00590217
v 0.00614446 0.01433897 -0.00661558
v 0.00563228 0.01456969 -0.00728846
v 0.00576705 0.01496982 -0.00764120
v 0.00576705 0.01496982 -0.00764120
v 0.00563228 0.01456969 -0.00728846
v 0.00541312 0.01466679 -0.00752860
v 0.00576705 0.01496982 -0.00764120
v 0.00541312 0.01466679 -0.00752860
v 0.00520486 0.01518988 -0.00815499
v 0.00520486 0.01518988 -0.00815499
v 0.00541312 0.01466679 -0.00752860
v 0.00504339 0.01482576 -0.00788414
v 0.00520486 0.01518988 -0.00815499
v 0.00504339 0.01482576 -0.00788414
v 0.00488299 0.01530867 -0.00840175
v 0.00504339 0.01482576 -0.00788414
v 0.00473589 0.01495170 -0.00813991
v 0.00488299 0.01530867 -0.00840175
v 0.00488299 0.01530867 -0.00840175
v 0.00473589 0.01495170 -0.00813991
v 0.00463217 0.01499277 -0.00821894
v 0.00488299 0.01530867 -0.00840175
v 0.00463217 0.01499277 -0.00821894
v 0.00451785 0.01543605 -0.00864744
v 0.00439376 0.01508390 -0.00838828
v 0.00451785 0.01543605 -0.00864744
v 0.00439376 0.01508390 -0.00838828
v 0.00373918 0.01567596 -0.00906891
v 0.00373918 0.01567596 -0.00906891
v 0.00439376 0.01508390 -0.00838828
v 0.00368744 0.01532644 -0.00880069
v 0.00373918 0.01567596 -0.00906891
v 0.00368744 0.01532644 -0.00880069
v 0.00291508 0.01587802 -0.00938833
v 0.00368744 0.01532644 -0.00880069
v 0.00294966 0.01553243 -0.00911587
v 0.00291508 0.01587802 -0.00938833
v 0.00291508 0.01587802 -0.00938833
v 0.00294966 0.01553243 -0.00911587
v 0.00279164 0.01556986 -0.00917017
v 0.00291508 0.01587802 -0.00938833
v 0.00279164 0.01556986 -0.00917017
v 0.00214964 0.01601231 -0.00958609
v 0.00214964 0.01601231 -0.00958609
v 0.00279164 0.01556986 -0.00917017
v 0.00219804 0.01568853 -0.00933695
v 0.00214964 0.01601231 -0.00958609
v 0.00219804 0.01568853 -0.00933695
v 0.00191981 0.01604211 -0.00962847
v 0.00176948 0.01575154 -0.00942218
v 0.00070000 0.01581937 -0.00951183
v 0.00070000 0.01611495 -0.00973004
v 0.00145149 0.01578539 -0.00946724
v 0.00145149 0.01578539 -0.00946724
v 0.00070000 0.01611495 -0.00973004
v 0.00135231 0.01609385 -0.00970107
v 0.00145149 0.01578539 -0.00946724
v 0.00135231 0.01609385 -0.00970107
v 0.00176948 0.01575154 -0.00942218
v 0.00176948 0.01575154 -0.00942218
v 0.00135231 0.01609385 -0.00970107
v 0.00183868 0.01605141 -0.00964159
v 0.00176948 0.01575154 -0.00942218
v 0.00183868 0.01605141 -0.00964159
v 0.00191981 0.01604211 -0.00962847
v 0.00362009 0.03285437 -0.00651574
v 0.00360531 0.03300338 -0.00631994
v 0.00388980 0.03305149 -0.00629234
v 0.00401640 0.03291487 -0.00648165
v 0.00401640 0.03291487 -0.00648165
v 0.00388980 0.03305149 -0.00629234
v 0.00394267 0.03306674 -0.00628299
v 0.00401640 0.03291487 -0.00648165
v 0.00394267 0.03306674 -0.00628299
v 0.00440842 0.03307384 -0.00639743
v 0.00479227 0.03373658 -0.00597435
v 0.00474352 0.03331863 -0.00628960
v 0.00456053 0.03343862 -0.00609016
v 0.00456053 0.03343862 -0.00609016
v 0.00474352 0.03331863 -0.00628960
v 0.00440842 0.03307384 -0.00639743
v 0.00427270 0.03321224 -0.00620055
v 0.00427270 0.03321224 -0.00620055
v 0.00500000 0.03450000 -0.00575107
v 0.00523794 0.03454780 -0.00594801
v 0.00499821 0.03444093 -0.00576681
v 0.00499821 0.03444093 -0.00576681
v 0.00523794 0.03454780 -0.00594801
v 0.00523788 0.03442245 -0.00597739
v 0.00499821 0.03444093 -0.00576681
v 0.00523788 0.03442245 -0.00597739
v 0.00493228 0.03405511 -0.00587338
v 0.00493228 0.03405511 -0.00587338
v 0.00523788 0.03442245 -0.00597739
v 0.00516522 0.03400915 -0.00607616
v 0.00493228 0.03405511 -0.00587338
v 0.00516522 0.03400915 -0.00607616
v 0.00479227 0.03373658 -0.00597435
v 0.00479227 0.03373658 -0.00597435
v 0.00516522 0.03400915 -0.00607616
v 0.00499636 0.03363198 -0.00618047
v 0.00479227 0.03373658 -0.00597435
v 0.00499636 0.03363198 -0.00618047
v 0.00474352 0.03331863 -0.00628960
v 0.00500000 0.03511220 -0.00557589
v 0.00520396 0.03518748 -0.00576288
v 0.00500000 0.03508538 -0.00558251
v 0.00500000 0.03508538 -0.00558251
v 0.00520396 0.03518748 -0.00576288
v 0.00520921 0.03513520 -0.00578153
v 0.00500000 0.03508538 -0.00558251
v 0.00520921 0.03513520 -0.00578153
v 0.00500000 0.03450000 -0.00575107
v 0.00500000 0.03450000 -0.00575107
v 0.00520921 0.03513520 -0.00578153
v 0.00523794 0.03454780 -0.00594801
v 0.00560665 0.03618896 -0.00541699
v 0.00519991 0.03688359 -0.00516737
v 0.00566232 0.03645741 -0.00532126
v 0.00569999 0.03688365 -0.00516737
v 0.00560665 0.03618896 -0.00541699
v 0.00551307 0.03587901 -0.00552589
v 0.00519991 0.03688359 -0.00516737
v 0.00535470 0.03549206 -0.00566006
v 0.00519991 0.03688359 -0.00516737
v 0.00535470 0.03549206 -0.00566006
v 0.00520396 0.03518748 -0.00576288
v -0.00500000 0.03450000 -0.00569999
v -0.00500029 0.03408932 -0.00564444
v -0.00491101 0.03399103 -0.00569999
v -0.00491101 0.03399103 -0.00569999
v -0.00500029 0.03408932 -0.00564444
v -0.00500000 0.03369992 -0.00549990
v -0.00491101 0.03399103 -0.00569999
v -0.00500000 0.03369992 -0.00549990
v -0.00456554 0.03344434 -0.00569999
v -0.00456554 0.03344434 -0.00569999
v -0.00500000 0.03369992 -0.00549990
v -0.00470769 0.03330349 -0.00549990
v -0.00456554 0.03344434 -0.00569999
v -0.00470769 0.03330349 -0.00549990
v -0.00402212 0.03309381 -0.00569999
v -0.00409168 0.03290629 -0.00549990
v -0.00402212 0.03309381 -0.00569999
v -0.00409168 0.03290629 -0.00549990
v -0.00349992 0.03299999 -0.00569999
v -0.00349992 0.03279989 -0.00549990
v -0.00500000 0.03220689 -0.00210911
v -0.00499988 0.03117555 -0.00396788
v -0.00499988 0.03227597 -0.00391781
v -0.00500000 0.03349989 -0.00549990
v -0.00500000 0.03435683 -0.00344038
v -0.00499988 0.03349989 -0.00358558
v -0.00500000 0.03315740 -0.00297570
v -0.00499988 0.03278297 -0.00381559
v -0.00499988 0.03236943 -0.00390845
v -0.00500000 0.03450000 -0.00569999
v -0.00500000 0.03564310 -0.00344038
v -0.00500029 0.03408932 -0.00564444
v -0.00500000 0.03369992 -0.00549990
v -0.00500000 0.03163355 -0.00095782
v -0.00500000 0.03149998 0.00000000
v -0.00500000 0.03151488 0.00032294
v -0.00500000 0.03186684 0.00156003
v -0.00500000 0.03264200 0.00258642
v -0.00500000 0.03373563 0.00326365
v -0.00500000 0.03590548 0.00522202
v -0.00500000 0.03499990 0.00349992
v -0.00500000 0.03671199 0.00501585
v -0.00500000 0.03626430 0.00326365
v -0.00500000 0.03806722 0.00432217
v -0.00500000 0.03735786 0.00258642
v -0.00500000 0.03916931 0.00327200
v -0.00500000 0.03813302 0.00156003
v -0.00500000 0.03779304 -0.00210911
v -0.00500000 0.03684240 -0.00297570
v -0.00500000 0.03757238 -0.00463378
v -0.00500000 0.03681504 -0.00497937
v -0.00500107 0.03511250 -0.00557709
v -0.00500000 0.03450000 -0.00575107
v -0.00500000 0.03878349 -0.00371146
v -0.00500000 0.03968238 -0.00248283
v -0.00500000 0.03836631 -0.00095782
v -0.00500000 0.04019498 -0.00104928
v -0.00500000 0.03849995 0.00000000
v -0.00500000 0.04029995 0.00000000
v -0.00500000 0.03848505 0.00032294
v -0.00500000 0.04027903 0.00047068
v -0.00500000 0.03992748 0.00195187
v -0.00519991 0.03593969 0.00541908
v -0.00500000 0.03590548 0.00522202
v -0.00500000 0.03671199 0.00501585
v -0.00519991 0.04039102 -0.00108892
v -0.00500000 0.03968238 -0.00248283
v -0.00519991 0.03985905 -0.00257647
v -0.00519991 0.03985905 -0.00257647
v -0.00500000 0.03968238 -0.00248283
v -0.00500000 0.03878349 -0.00371146
v -0.00519991 0.03892624 -0.00385147
v -0.00519991 0.03892624 -0.00385147
v -0.00500000 0.03878349 -0.00371146
v -0.00500000 0.03757238 -0.00463378
v -0.00519991 0.03766942 -0.00480866
v -0.00519991 0.03766942 -0.00480866
v -0.00500000 0.03757238 -0.00463378
v -0.00500000 0.03681504 -0.00497937
v -0.00519991 0.03688359 -0.00516737
v -0.00519991 0.03677660 0.00520504
v -0.00519991 0.03677660 0.00520504
v -0.00500000 0.03671199 0.00501585
v -0.00500000 0.03806722 0.00432217
v -0.00519991 0.03818297 0.00448531
v -0.00519991 0.03818297 0.00448531
v -0.00500000 0.03806722 0.00432217
v -0.00500000 0.03916931 0.00327200
v -0.00519991 0.03932660 0.00339544
v -0.00519991 0.03932660 0.00339544
v -0.00500000 0.03916931 0.00327200
v -0.00500000 0.03992748 0.00195187
v -0.00519991 0.04011332 0.00202549
v -0.00519991 0.04011332 0.00202549
v -0.00500000 0.03992748 0.00195187
v -0.00500000 0.04027903 0.00047068
v -0.00519991 0.04047816 0.00048844
v -0.00519991 0.04047816 0.00048844
v -0.00500000 0.04027903 0.00047068
v -0.00500000 0.04029995 0.00000000
v -0.00519991 0.04047816 0.00048844
v -0.00500000 0.04029995 0.00000000
v -0.00519991 0.04039102 -0.00108892
v -0.00519991 0.04039102 -0.00108892
v -0.00500000 0.04029995 0.00000000
v -0.00500000 0.04019498 -0.00104928
v -0.00500000 0.04019498 -0.00104928
v -0.00689989 0.03295338 0.00378168
v -0.00689989 0.03429222 0.00424135
v -0.00689989 0.03433847 0.00353867
v -0.00689989 0.03369951 0.00335681
v -0.00689989 0.03310477 0.00306076
v -0.00689989 0.03183639 0.00291222
v -0.00689989 0.03859972 -0.00235182
v -0.00689989 0.03764104 -0.00339329
v -0.00689989 0.03742522 -0.00266033
v -0.00689989 0.03893774 0.00172728
v -0.00689989 0.03928530 0.00035509
v -0.00689989 0.03859990 0.00000000
v -0.00689989 0.03929996 0.00000000
v -0.00689989 0.03846246 -0.00098519
v -0.00689989 0.03916835 -0.00105548
v -0.00689989 0.03822255 -0.00160456
v -0.00689989 0.03787285 -0.00216943
v -0.00689989 0.03704655 0.00378168
v -0.00689989 0.03630042 0.00335681
v -0.00689989 0.03570771 0.00424135
v -0.00689989 0.03566139 0.00353867
v -0.00689989 0.03499990 0.00359988
v -0.00689989 0.03360372 -0.00406694
v -0.00689989 0.03235888 -0.00339329
v -0.00689989 0.03310477 -0.00306076
v -0.00689989 0.03816360 0.00291222
v -0.00689989 0.03742522 0.00266033
v -0.00689989 0.03689509 0.00306076
v -0.00689989 0.03257465 0.00266033
v -0.00689989 0.03212714 0.00216943
v -0.00689989 0.03106212 0.00172728
v -0.00689989 0.03846246 0.00098519
v -0.00689989 0.03822255 0.00160456
v -0.00689989 0.03787285 0.00216943
v -0.00689989 0.03140014 -0.00235182
v -0.00689989 0.03212714 -0.00216943
v -0.00689989 0.03257465 -0.00266033
v -0.00689989 0.03369951 -0.00335681
v -0.00689989 0.03433847 -0.00353867
v -0.00689989 0.03499990 -0.00430000
v -0.00689989 0.03499990 -0.00359988
v -0.00689989 0.03639620 -0.00406694
v -0.00689989 0.03566139 -0.00353867
v -0.00689989 0.03630042 -0.00335681
v -0.00689989 0.03689509 -0.00306076
v -0.00689989 0.03069990 0.00000000
v -0.00689989 0.03141534 -0.00033217
v -0.00689989 0.03083157 -0.00105548
v -0.00689989 0.03153741 -0.00098519
v -0.00689989 0.03177738 -0.00160456
v -0.00689989 0.03177738 0.00160456
v -0.00689989 0.03153741 0.00098519
v -0.00689989 0.03071469 0.00035509
v -0.00689989 0.03141534 0.00033217
v -0.00689989 0.03139996 0.00000000
v -0.00728029 0.00619990 0.00000000
v -0.00449991 0.00619990 0.00000000
v -0.00728029 0.00609094 0.00115734
v -0.00449991 0.00609094 0.00115734
v -0.00728029 0.00609094 0.00115734
v -0.00449991 0.00609094 0.00115734
v -0.00728029 0.00590908 0.00187677
v -0.00728029 0.00590908 0.00187677
v -0.00449991 0.00609094 0.00115734
v -0.00449991 0.00569785 0.00244415
v -0.00728029 0.00590908 0.00187677
v -0.00449991 0.00569785 0.00244415
v -0.00723535 0.00570798 0.00241637
v -0.00449991 0.00514144 0.00346482
v -0.00684833 0.00513947 0.00346452
v -0.00449991 0.00569785 0.00244415
v -0.00449991 0.00569785 0.00244415
v -0.00684833 0.00513947 0.00346452
v -0.00689328 0.00518662 0.00339001
v -0.00689328 0.00518662 0.00339001
v -0.00711095 0.00547308 0.00290531
v -0.00449991 0.00569785 0.00244415
v -0.00449991 0.00569785 0.00244415
v -0.00711095 0.00547308 0.00290531
v -0.00720072 0.00563002 0.00259095
v -0.00449991 0.00569785 0.00244415
v -0.00720072 0.00563002 0.00259095
v -0.00723535 0.00570798 0.00241637
v -0.00449991 0.00629270 -0.00101912
v -0.00449991 0.00619990 -0.00050000
v -0.00728029 0.00629270 -0.00101912
v -0.00728029 0.00619990 -0.00050000
v -0.00449991 0.00629270 -0.00101912
v -0.00728029 0.00629270 -0.00101912
v -0.00449991 0.00650412 -0.00140512
v -0.00449991 0.00650412 -0.00140512
v -0.00728029 0.00629270 -0.00101912
v -0.00728029 0.00663924 -0.00156063
v -0.00449991 0.00650412 -0.00140512
v -0.00728029 0.00663924 -0.00156063
v -0.00447130 0.00652057 -0.00142676
v -0.00388694 0.00707662 -0.00186431
v -0.00401735 0.00689673 -0.00176674
v -0.00728029 0.00718075 -0.00190723
v -0.00728029 0.00718075 -0.00190723
v -0.00401735 0.00689673 -0.00176674
v -0.00412416 0.00678289 -0.00168699
v -0.00728029 0.00718075 -0.00190723
v -0.00412416 0.00678289 -0.00168699
v -0.00728029 0.00663924 -0.00156063
v -0.00728029 0.00663924 -0.00156063
v -0.00412416 0.00678289 -0.00168699
v -0.00429791 0.00663561 -0.00155687
v -0.00728029 0.00663924 -0.00156063
v -0.00429791 0.00663561 -0.00155687
v -0.00447130 0.00652057 -0.00142676
v -0.00388694 0.00707662 -0.00186431
v -0.00728029 0.00718075 -0.00190723
v -0.00375128 0.00738567 -0.00196666
v -0.00375128 0.00738567 -0.00196666
v -0.00728029 0.00718075 -0.00190723
v -0.00728029 0.00769997 -0.00199997
v -0.00375128 0.00738567 -0.00196666
v -0.00728029 0.00769997 -0.00199997
v -0.00370705 0.00769997 -0.00199997
v -0.00515437 0.00977498 -0.00199997
v -0.00442499 0.00904554 -0.00199997
v -0.00728029 0.00769997 -0.00199997
v 0.00728029 0.00769997 -0.00199997
v 0.00370705 0.00769997 -0.00199997
v 0.00349158 0.00860631 -0.00199997
v 0.00354654 0.00731265 -0.00199997
v -0.00269997 0.00849998 -0.00199997
v 0.00269997 0.00849998 -0.00199997
v 0.00442499 0.00904554 -0.00199997
v 0.00515437 0.00977498 -0.00199997
v 0.00728029 0.01099991 -0.00199997
v 0.00559366 0.01070833 -0.00199997
v 0.00565803 0.01099991 -0.00199997
v -0.00370705 0.00769997 -0.00199997
v -0.00349158 0.00860631 -0.00199997
v -0.00559366 0.01070833 -0.00199997
v -0.00728029 0.01099991 -0.00199997
v -0.00565803 0.01099991 -0.00199997
v 0.00349992 0.00547719 -0.00199997
v -0.00349992 0.00547719 -0.00199997
v 0.00349992 0.00694877 -0.00199997
v -0.00349992 0.00694877 -0.00199997
v -0.00355464 0.00734210 -0.00199997
v -0.00355613 0.00734752 -0.00199997
v -0.00530058 0.02979069 0.00628942
v -0.00519991 0.03019160 0.00624472
v -0.00549388 0.03163093 0.00606984
v -0.00549388 0.03163093 0.00606984
v -0.00519991 0.03019160 0.00624472
v -0.00519991 0.03593969 0.00541908
v -0.00549388 0.03163093 0.00606984
v -0.00519991 0.03593969 0.00541908
v -0.00564855 0.03385686 0.00575769
v -0.00564855 0.03385686 0.00575769
v -0.00519991 0.03593969 0.00541908
v -0.00569999 0.03593975 0.00541914
v -0.00534993 0.02933776 0.00616890
v -0.00520801 0.02974832 0.00613326
v -0.00545275 0.02938818 0.00632477
v -0.00545275 0.02938818 0.00632477
v -0.00520801 0.02974832 0.00613326
v -0.00530058 0.02979069 0.00628942
v -0.00584590 0.02750670 0.00637627
v -0.00569999 0.02749997 0.00622737
v -0.00580448 0.02810633 0.00635868
v -0.00564677 0.02822613 0.00620490
v -0.00580448 0.02810633 0.00635868
v -0.00564677 0.02822613 0.00620490
v -0.00568533 0.02871203 0.00634885
v -0.00568533 0.02871203 0.00634885
v -0.00564677 0.02822613 0.00620490
v -0.00548017 0.02896541 0.00618678
v -0.00568533 0.02871203 0.00634885
v -0.00548017 0.02896541 0.00618678
v -0.00545275 0.02938818 0.00632477
v -0.00534993 0.02933776 0.00616890
v -0.00582349 0.02385199 0.00638020
v -0.00569999 0.02391648 0.00627697
v -0.00586611 0.02392143 0.00641787
v -0.00586611 0.02392143 0.00641787
v -0.00569999 0.02391648 0.00627697
v -0.00569999 0.02749997 0.00622737
v -0.00586611 0.02392143 0.00641787
v -0.00569999 0.02749997 0.00622737
v -0.00584590 0.02750670 0.00637627
v -0.00590289 0.02379637 0.00633383
v -0.00582349 0.02385199 0.00638020
v -0.00586611 0.02392143 0.00641787
v -0.00590289 0.02379637 0.00633383
v -0.00586611 0.02392143 0.00641787
v -0.00599998 0.02371120 0.00627172
v -0.00586611 0.02392143 0.00641787
v -0.00612938 0.02370256 0.00626564
v -0.00599998 0.02371120 0.00627172
v -0.00599998 0.02371120 0.00627172
v -0.00612938 0.02370256 0.00626564
v -0.00624901 0.02353549 0.00618076
v -0.00599998 0.02371120 0.00627172
v -0.00624901 0.02353549 0.00618076
v -0.00612754 0.02355623 0.00617945
v -0.00624901 0.02353549 0.00618076
v -0.00625241 0.02352958 0.00617820
v -0.00612754 0.02355623 0.00617945
v -0.00612754 0.02355623 0.00617945
v -0.00625241 0.02352958 0.00617820
v -0.00628209 0.02347481 0.00615531
v -0.00612754 0.02355623 0.00617945
v -0.00628209 0.02347481 0.00615531
v -0.00626099 0.02327072 0.00606585
v -0.00628209 0.02347481 0.00615531
v -0.00637466 0.02320778 0.00607520
v -0.00626099 0.02327072 0.00606585
v -0.00626099 0.02327072 0.00606585
v -0.00637466 0.02320778 0.00607520
v -0.00639576 0.02299851 0.00604808
v -0.00626099 0.02327072 0.00606585
v -0.00639576 0.02299851 0.00604808
v -0.00629991 0.02300000 0.00602037
v -0.00639939 0.01746100 0.00554758
v -0.00639939 0.01603180 0.00538564
v -0.00630027 0.01679390 0.00544727
v -0.00630027 0.01679390 0.00544727
v -0.00639939 0.01603180 0.00538564
v -0.00639939 0.01601910 0.00538427
v -0.00630027 0.01679390 0.00544727
v -0.00639939 0.01601910 0.00538427
v -0.00629973 0.01343947 0.00509739
v -0.00629973 0.01343947 0.00509739
v -0.00639939 0.01601910 0.00538427
v -0.00639969 0.01307356 0.00509059
v -0.00629973 0.01343947 0.00509739
v -0.00639969 0.01307356 0.00509059
v -0.00629878 0.01178693 0.00498825
v -0.00629878 0.01178693 0.00498825
v -0.00639969 0.01307356 0.00509059
v -0.00639874 0.01151502 0.00500286
v -0.00629878 0.01178693 0.00498825
v -0.00639874 0.01151502 0.00500286
v -0.00629991 0.00949997 0.00496489
v -0.00629991 0.00949997 0.00496489
v -0.00639874 0.01151502 0.00500286
v -0.00639933 0.00959968 0.00498837
v -0.00629991 0.00949997 0.00496489
v -0.00639933 0.00959968 0.00498837
v -0.00639933 0.00950027 0.00498945
v -0.00639939 0.01746100 0.00554758
v -0.00630027 0.01679390 0.00544727
v -0.00639832 0.01998502 0.00581491
v -0.00639832 0.01998502 0.00581491
v -0.00630027 0.01679390 0.00544727
v -0.00630111 0.02067124 0.00585228
v -0.00639832 0.01998502 0.00581491
v -0.00630111 0.02067124 0.00585228
v -0.00639784 0.02041488 0.00585544
v -0.00639784 0.02041488 0.00585544
v -0.00630111 0.02067124 0.00585228
v -0.00629991 0.02300000 0.00602037
v -0.00639784 0.02041488 0.00585544
v -0.00629991 0.02300000 0.00602037
v -0.00639576 0.02299851 0.00604808
v -0.00451607 0.00607324 0.00595748
v -0.00401026 0.00579756 0.00601190
v -0.00412255 0.00593865 0.00596792
v -0.00412255 0.00593865 0.00596792
v -0.00401026 0.00579756 0.00601190
v -0.00362641 0.00564343 0.00601315
v -0.00412255 0.00593865 0.00596792
v -0.00362641 0.00564343 0.00601315
v -0.00360227 0.00571793 0.00597811
v -0.00412255 0.00593865 0.00596792
v -0.00457758 0.00621063 0.00590318
v -0.00451607 0.00607324 0.00595748
v -0.00451607 0.00607324 0.00595748
v -0.00457758 0.00621063 0.00590318
v -0.00460035 0.00622648 0.00589842
v -0.00451607 0.00607324 0.00595748
v -0.00460035 0.00622648 0.00589842
v -0.00494420 0.00638688 0.00586039
v -0.00460035 0.00622648 0.00589842
v -0.00488585 0.00644493 0.00582784
v -0.00494420 0.00638688 0.00586039
v -0.00494420 0.00638688 0.00586039
v -0.00488585 0.00644493 0.00582784
v -0.00504732 0.00658619 0.00577778
v -0.00494420 0.00638688 0.00586039
v -0.00504732 0.00658619 0.00577778
v -0.00538999 0.00682396 0.00569987
v -0.00538999 0.00682396 0.00569987
v -0.00504732 0.00658619 0.00577778
v -0.00547373 0.00706392 0.00559443
v -0.00538999 0.00682396 0.00569987
v -0.00547373 0.00706392 0.00559443
v -0.00563377 0.00713164 0.00558054
v -0.00557262 0.00720006 0.00554067
v -0.00563377 0.00713164 0.00558054
v -0.00557262 0.00720006 0.00554067
v -0.00573468 0.00727773 0.00552374
v -0.00573468 0.00727773 0.00552374
v -0.00557262 0.00720006 0.00554067
v -0.00567526 0.00735343 0.00548047
v -0.00573468 0.00727773 0.00552374
v -0.00567526 0.00735343 0.00548047
v -0.00604165 0.00783473 0.00531828
v -0.00595385 0.00787187 0.00528812
v -0.00604165 0.00783473 0.00531828
v -0.00595385 0.00787187 0.00528812
v -0.00624949 0.00840694 0.00514513
v -0.00629991 0.00949997 0.00496489
v -0.00639933 0.00950027 0.00498945
v -0.00626367 0.00896072 0.00500888
v -0.00626367 0.00896072 0.00500888
v -0.00639933 0.00950027 0.00498945
v -0.00636166 0.00894827 0.00503439
v -0.00626367 0.00896072 0.00500888
v -0.00636166 0.00894827 0.00503439
v -0.00621754 0.00869054 0.00505716
v -0.00631481 0.00867563 0.00508279
v -0.00621754 0.00869054 0.00505716
v -0.00631481 0.00867563 0.00508279
v -0.00616401 0.00846463 0.00510913
v -0.00624949 0.00840694 0.00514513
v -0.00616401 0.00846463 0.00510913
v -0.00624949 0.00840694 0.00514513
v -0.00615847 0.00844407 0.00511438
v -0.00615847 0.00844407 0.00511438
v -0.00349992 0.00363105 0.00572413
v -0.00348925 0.00379407 0.00574917
v -0.00353384 0.00381094 0.00571746
v -0.00353384 0.00381094 0.00571746
v -0.00348925 0.00379407 0.00574917
v -0.00349009 0.00380969 0.00575155
v -0.00353384 0.00381094 0.00571746
v -0.00349009 0.00380969 0.00575155
v -0.00353551 0.00383747 0.00572091
v -0.00353551 0.00383747 0.00572091
v -0.00349009 0.00380969 0.00575155
v -0.00359595 0.00399727 0.00573569
v -0.00349009 0.00380969 0.00575155
v -0.00355011 0.00403273 0.00578517
v -0.00359595 0.00399727 0.00573569
v -0.00359595 0.00399727 0.00573569
v -0.00355011 0.00403273 0.00578517
v -0.00370032 0.00421274 0.00581199
v -0.00359595 0.00399727 0.00573569
v -0.00370032 0.00421274 0.00581199
v -0.00376809 0.00418031 0.00575048
v -0.00376809 0.00418031 0.00575048
v -0.00370032 0.00421274 0.00581199
v -0.00395155 0.00435090 0.00582439
v -0.00376809 0.00418031 0.00575048
v -0.00395155 0.00435090 0.00582439
v -0.00402576 0.00430769 0.00573981
v -0.00402576 0.00430769 0.00573981
v -0.00395155 0.00435090 0.00582439
v -0.00443345 0.00438291 0.00566560
v -0.00443345 0.00438291 0.00566560
v -0.00395155 0.00435090 0.00582439
v -0.00431055 0.00443613 0.00579727
v -0.00443345 0.00438291 0.00566560
v -0.00431055 0.00443613 0.00579727
v -0.00445050 0.00444788 0.00577450
v -0.00620443 0.00465745 0.00498491
v -0.00644857 0.00471264 0.00477803
v -0.00633425 0.00463122 0.00473887
v -0.00633425 0.00463122 0.00473887
v -0.00620562 0.00460184 0.00484836
v -0.00620443 0.00465745 0.00498491
v -0.00620443 0.00465745 0.00498491
v -0.00620562 0.00460184 0.00484836
v -0.00581610 0.00452721 0.00512725
v -0.00620443 0.00465745 0.00498491
v -0.00581610 0.00452721 0.00512725
v -0.00587922 0.00459605 0.00521332
v -0.00587922 0.00459605 0.00521332
v -0.00581610 0.00452721 0.00512725
v -0.00539231 0.00446534 0.00535804
v -0.00587922 0.00459605 0.00521332
v -0.00539231 0.00446534 0.00535804
v -0.00565958 0.00456142 0.00534236
v -0.00565958 0.00456142 0.00534236
v -0.00539231 0.00446534 0.00535804
v -0.00530380 0.00445455 0.00539804
v -0.00565958 0.00456142 0.00534236
v -0.00530380 0.00445455 0.00539804
v -0.00508595 0.00449330 0.00560182
v -0.00508595 0.00449330 0.00560182
v -0.00530380 0.00445455 0.00539804
v -0.00443345 0.00438291 0.00566560
v -0.00508595 0.00449330 0.00560182
v -0.00443345 0.00438291 0.00566560
v -0.00445050 0.00444788 0.00577450
v -0.00769997 0.00622237 0.00197613
v -0.00728029 0.00590908 0.00187677
v -0.00769681 0.00617474 0.00213563
v -0.00769681 0.00617474 0.00213563
v -0.00728029 0.00590908 0.00187677
v -0.00723535 0.00570798 0.00241637
v -0.00769681 0.00617474 0.00213563
v -0.00723535 0.00570798 0.00241637
v -0.00763369 0.00597000 0.00270611
v -0.00763369 0.00597000 0.00270611
v -0.00723535 0.00570798 0.00241637
v -0.00761139 0.00592387 0.00281709
v -0.00761139 0.00592387 0.00281709
v -0.00723535 0.00570798 0.00241637
v -0.00720072 0.00563002 0.00259095
v -0.00761139 0.00592387 0.00281709
v -0.00720072 0.00563002 0.00259095
v -0.00746137 0.00568336 0.00332850
v -0.00746137 0.00568336 0.00332850
v -0.00720072 0.00563002 0.00259095
v -0.00711095 0.00547308 0.00290531
v -0.00746137 0.00568336 0.00332850
v -0.00711095 0.00547308 0.00290531
v -0.00722265 0.00539422 0.00384241
v -0.00633425 0.00463122 0.00473887
v -0.00644857 0.00471264 0.00477803
v -0.00645620 0.00473106 0.00436497
v -0.00645620 0.00473106 0.00436497
v -0.00644857 0.00471264 0.00477803
v -0.00686449 0.00504672 0.00435698
v -0.00645620 0.00473106 0.00436497
v -0.00686449 0.00504672 0.00435698
v -0.00663686 0.00491208 0.00386971
v -0.00663686 0.00491208 0.00386971
v -0.00686449 0.00504672 0.00435698
v -0.00705296 0.00522053 0.00411189
v -0.00663686 0.00491208 0.00386971
v -0.00705296 0.00522053 0.00411189
v -0.00684833 0.00513947 0.00346452
v -0.00722265 0.00539422 0.00384241
v -0.00684833 0.00513947 0.00346452
v -0.00722265 0.00539422 0.00384241
v -0.00689328 0.00518662 0.00339001
v -0.00689328 0.00518662 0.00339001
v -0.00722265 0.00539422 0.00384241
v -0.00711095 0.00547308 0.00290531
v -0.00762373 0.03295350 0.00378173
v -0.00762385 0.03291308 0.00375956
v -0.00769997 0.03289592 0.00379062
v -0.00750148 0.03574633 0.00430423
v -0.00743300 0.03573465 0.00423670
v -0.00743300 0.03570771 0.00424135
v -0.00750148 0.03574633 0.00430423
v -0.00743300 0.03570771 0.00424135
v -0.00750399 0.03552728 0.00433636
v -0.00750399 0.03552728 0.00433636
v -0.00743300 0.03570771 0.00424135
v -0.00743538 0.03551763 0.00426865
v -0.00750399 0.03552728 0.00433636
v -0.00743538 0.03551763 0.00426865
v -0.00753158 0.03495889 0.00436532
v -0.00753158 0.03495889 0.00436532
v -0.00743538 0.03551763 0.00426865
v -0.00746191 0.03495472 0.00429970
v -0.00753158 0.03495889 0.00436532
v -0.00746191 0.03495472 0.00429970
v -0.00757551 0.03445577 0.00432682
v -0.00762373 0.03295350 0.00378173
v -0.00769997 0.03289592 0.00379062
v -0.00757170 0.03378421 0.00412452
v -0.00746191 0.03495472 0.00429970
v -0.00750417 0.03445672 0.00426549
v -0.00757551 0.03445577 0.00432682
v -0.00757551 0.03445577 0.00432682
v -0.00750417 0.03445672 0.00426549
v -0.00752044 0.03429222 0.00424135
v -0.00757551 0.03445577 0.00432682
v -0.00752044 0.03429222 0.00424135
v -0.00762707 0.03395885 0.00422806
v -0.00762707 0.03395885 0.00422806
v -0.00752044 0.03429222 0.00424135
v -0.00755376 0.03396499 0.00417352
v -0.00762707 0.03395885 0.00422806
v -0.00755376 0.03396499 0.00417352
v -0.00764573 0.03377610 0.00417590
v -0.00764573 0.03377610 0.00417590
v -0.00755376 0.03396499 0.00417352
v -0.00757170 0.03378421 0.00412452
v -0.00764573 0.03377610 0.00417590
v -0.00757170 0.03378421 0.00412452
v -0.00766474 0.03357416 0.00410777
v -0.00766474 0.03357416 0.00410777
v -0.00757170 0.03378421 0.00412452
v -0.00769997 0.03289592 0.00379062
v -0.00569999 0.01264709 -0.00249255
v -0.00569999 0.01175189 -0.00209570
v -0.00728029 0.01175189 -0.00209570
v -0.00728029 0.01175189 -0.00209570
v -0.00569999 0.01175189 -0.00209570
v -0.00569999 0.01150000 -0.00204188
v -0.00728029 0.01175189 -0.00209570
v -0.00569999 0.01150000 -0.00204188
v -0.00728029 0.01099991 -0.00199997
v -0.00728029 0.01099991 -0.00199997
v -0.00569999 0.01150000 -0.00204188
v -0.00566137 0.01102072 -0.00199997
v -0.00566137 0.01102072 -0.00199997
v -0.00728029 0.01264709 -0.00249255
v -0.00569999 0.01264709 -0.00249255
v -0.00728029 0.01264709 -0.00249255
v -0.00728029 0.01332092 -0.00309902
v -0.00569999 0.01264709 -0.00249255
v -0.00728029 0.01332092 -0.00309902
v -0.00569999 0.01336675 -0.00315648
v -0.00728029 0.01332092 -0.00309902
v -0.00727755 0.01344943 -0.00326759
v -0.00569999 0.01336675 -0.00315648
v -0.00569999 0.01336675 -0.00315648
v -0.00727755 0.01344943 -0.00326759
v -0.00724077 0.01372039 -0.00373334
v -0.00569999 0.01336675 -0.00315648
v -0.00724077 0.01372039 -0.00373334
v -0.00569999 0.01383429 -0.00401688
v -0.00569999 0.01383429 -0.00401688
v -0.00724077 0.01372039 -0.00373334
v -0.00715208 0.01390057 -0.00423294
v -0.00569999 0.01383429 -0.00401688
v -0.00715208 0.01390057 -0.00423294
v -0.00569999 0.01398515 -0.00470269
v -0.00569999 0.01398515 -0.00470269
v -0.00715208 0.01390057 -0.00423294
v -0.00700498 0.01399028 -0.00475866
v -0.00569999 0.01398515 -0.00470269
v -0.00700498 0.01399028 -0.00475866
v -0.00569832 0.01399028 -0.00475866
v -0.00608063 0.01437073 -0.00671673
v -0.00470269 0.01429897 -0.00647795
v -0.00636005 0.01424545 -0.00627607
v -0.00636005 0.01424545 -0.00627607
v -0.00470269 0.01429897 -0.00647795
v -0.00517792 0.01415216 -0.00587988
v -0.00636005 0.01424545 -0.00627607
v -0.00517792 0.01415216 -0.00587988
v -0.00661588 0.01413440 -0.00578940
v -0.00661588 0.01413440 -0.00578940
v -0.00517792 0.01415216 -0.00587988
v -0.00553131 0.01404750 -0.00527894
v -0.00661588 0.01413440 -0.00578940
v -0.00553131 0.01404750 -0.00527894
v -0.00673056 0.01408737 -0.00553399
v -0.00673056 0.01408737 -0.00553399
v -0.00553131 0.01404750 -0.00527894
v -0.00560904 0.01402646 -0.00511760
v -0.00700498 0.01399028 -0.00475866
v -0.00700498 0.01399028 -0.00475866
v -0.00560904 0.01402646 -0.00511760
v -0.00569504 0.01399374 -0.00480086
v -0.00700498 0.01399028 -0.00475866
v -0.00569504 0.01399374 -0.00480086
v -0.00569832 0.01399028 -0.00475866
v -0.00285661 0.01477563 -0.00777632
v -0.00352800 0.01462799 -0.00743478
v -0.00484550 0.01490753 -0.00805259
v -0.00484550 0.01490753 -0.00805259
v -0.00352800 0.01462799 -0.00743478
v -0.00414670 0.01446390 -0.00700104
v -0.00484550 0.01490753 -0.00805259
v -0.00414670 0.01446390 -0.00700104
v -0.00543898 0.01465719 -0.00750458
v -0.00543898 0.01465719 -0.00750458
v -0.00414670 0.01446390 -0.00700104
v -0.00470269 0.01429897 -0.00647795
v -0.00543898 0.01465719 -0.00750458
v -0.00470269 0.01429897 -0.00647795
v -0.00589341 0.01445508 -0.00697362
v -0.00589341 0.01445508 -0.00697362
v -0.00470269 0.01429897 -0.00647795
v -0.00608063 0.01437073 -0.00671673
v 0.00279164 0.01556986 -0.00917017
v 0.00168175 0.01494395 -0.00812477
v 0.00219804 0.01568853 -0.00933695
v 0.00176948 0.01575154 -0.00942218
v 0.00294966 0.01553243 -0.00911587
v 0.00168175 0.01494395 -0.00812477
v 0.00294966 0.01553243 -0.00911587
v 0.00368744 0.01532644 -0.00880069
v 0.00168175 0.01494395 -0.00812477
v 0.00368744 0.01532644 -0.00880069
v 0.00439376 0.01508390 -0.00838828
v 0.00145149 0.01578539 -0.00946724
v 0.00145149 0.01578539 -0.00946724
v 0.00168175 0.01494395 -0.00812477
v 0.00091619 0.01498675 -0.00820750
v 0.00145149 0.01578539 -0.00946724
v 0.00091619 0.01498675 -0.00820750
v 0.00070000 0.01581937 -0.00951183
v 0.00070000 0.01581937 -0.00951183
v 0.00091619 0.01498675 -0.00820750
v 0.00070000 0.01498895 -0.00821179
v -0.00070000 0.01581937 -0.00951183
v -0.00070000 0.01498895 -0.00821179
v -0.00070000 0.01581937 -0.00951183
v -0.00070000 0.01498895 -0.00821179
v -0.00144970 0.01578581 -0.00946862
v -0.00144970 0.01578581 -0.00946862
v -0.00070000 0.01498895 -0.00821179
v -0.00144023 0.01496332 -0.00816250
v -0.00144970 0.01578581 -0.00946862
v -0.00144023 0.01496332 -0.00816250
v -0.00176299 0.01575219 -0.00942480
v -0.00463367 0.01499187 -0.00821763
v -0.00144023 0.01496332 -0.00816250
v -0.00484550 0.01490753 -0.00805259
v -0.00484550 0.01490753 -0.00805259
v -0.00144023 0.01496332 -0.00816250
v -0.00216657 0.01488906 -0.00801515
v -0.00484550 0.01490753 -0.00805259
v -0.00216657 0.01488906 -0.00801515
v -0.00285661 0.01477563 -0.00777632
v -0.00463367 0.01499187 -0.00821763
v -0.00424689 0.01513755 -0.00848460
v -0.00144023 0.01496332 -0.00816250
v -0.00144023 0.01496332 -0.00816250
v -0.00424689 0.01513755 -0.00848460
v -0.00375187 0.01530522 -0.00876892
v -0.00144023 0.01496332 -0.00816250
v -0.00375187 0.01530522 -0.00876892
v -0.00359327 0.01535463 -0.00884825
v -0.00359327 0.01535463 -0.00884825
v -0.00281256 0.01556408 -0.00916541
v -0.00144023 0.01496332 -0.00816250
v -0.00281256 0.01556408 -0.00916541
v -0.00210720 0.01570248 -0.00935888
v 0.00439376 0.01508390 -0.00838828
v 0.00463217 0.01499277 -0.00821894
v 0.00168175 0.01494395 -0.00812477
v 0.00168175 0.01494395 -0.00812477
v 0.00463217 0.01499277 -0.00821894
v 0.00473589 0.01495170 -0.00813991
v 0.00168175 0.01494395 -0.00812477
v 0.00473589 0.01495170 -0.00813991
v 0.00242150 0.01485168 -0.00793862
v 0.00242150 0.01485168 -0.00793862
v 0.00473589 0.01495170 -0.00813991
v 0.00305533 0.01473486 -0.00768584
v 0.00614446 0.01433897 -0.00661558
v 0.00481731 0.01426374 -0.00634950
v 0.00563228 0.01456969 -0.00728846
v 0.00563228 0.01456969 -0.00728846
v 0.00481731 0.01426374 -0.00634950
v 0.00429606 0.01442104 -0.00687545
v 0.00563228 0.01456969 -0.00728846
v 0.00429606 0.01442104 -0.00687545
v 0.00541312 0.01466679 -0.00752860
v 0.00541312 0.01466679 -0.00752860
v 0.00429606 0.01442104 -0.00687545
v 0.00504339 0.01482576 -0.00788414
v 0.00504339 0.01482576 -0.00788414
v 0.00429606 0.01442104 -0.00687545
v 0.00473589 0.01495170 -0.00813991
v 0.00473589 0.01495170 -0.00813991
v 0.00429606 0.01442104 -0.00687545
v 0.00369442 0.01458621 -0.00733066
v 0.00473589 0.01495170 -0.00813991
v 0.00369442 0.01458621 -0.00733066
v 0.00305533 0.01473486 -0.00768584
v 0.00700498 0.01399028 -0.00475866
v 0.00569832 0.01399028 -0.00475866
v 0.00688410 0.01402866 -0.00513595
v 0.00688410 0.01402866 -0.00513595
v 0.00569832 0.01399028 -0.00475866
v 0.00562596 0.01402181 -0.00507855
v 0.00688410 0.01402866 -0.00513595
v 0.00562596 0.01402181 -0.00507855
v 0.00656837 0.01415270 -0.00588244
v 0.00656837 0.01415270 -0.00588244
v 0.00562596 0.01402181 -0.00507855
v 0.00560904 0.01402646 -0.00511760
v 0.00656837 0.01415270 -0.00588244
v 0.00560904 0.01402646 -0.00511760
v 0.00614446 0.01433897 -0.00661558
v 0.00614446 0.01433897 -0.00661558
v 0.00560904 0.01402646 -0.00511760
v 0.00525707 0.01412796 -0.00576031
v 0.00614446 0.01433897 -0.00661558
v 0.00525707 0.01412796 -0.00576031
v 0.00481731 0.01426374 -0.00634950
v 0.00349992 0.03299975 -0.00632125
v 0.00349992 0.03285020 -0.00651699
v -0.00349992 0.03299975 -0.00632125
v -0.00349992 0.03285020 -0.00651699
v 0.00360531 0.03300338 -0.00631994
v 0.00362009 0.03285437 -0.00651574
v 0.00349992 0.03299975 -0.00632125
v 0.00349992 0.03285020 -0.00651699
v 0.00613719 0.02220106 -0.00636244
v 0.00564629 0.02229046 -0.00689948
v 0.00568491 0.02512687 -0.00641245
v 0.00715363 0.03666901 -0.00457877
v 0.00746137 0.03652310 -0.00417835
v 0.00736111 0.03587114 -0.00452089
v 0.00656688 0.02350062 -0.00553656
v 0.00656640 0.02210420 -0.00578082
v 0.00613719 0.02220106 -0.00636244
v 0.00656640 0.02210420 -0.00578082
v 0.00656688 0.02350062 -0.00553656
v 0.00692827 0.02200168 -0.00516534
v 0.00612014 0.03686833 -0.00512540
v 0.00649148 0.03682768 -0.00501388
v 0.00636667 0.03614127 -0.00528264
v 0.00709379 0.03668981 -0.00463587
v 0.00712198 0.03668034 -0.00460964
v 0.00708610 0.03598445 -0.00484031
v 0.00459129 0.02968251 -0.00676709
v 0.00510025 0.02960771 -0.00648242
v 0.00488645 0.02817523 -0.00676721
v 0.00488645 0.02817523 -0.00676721
v 0.00510025 0.02960771 -0.00648242
v 0.00540703 0.02808576 -0.00640011
v 0.00732553 0.02964025 -0.00383133
v 0.00730848 0.02891826 -0.00386208
v 0.00707090 0.02905249 -0.00437236
v 0.00747597 0.03379786 -0.00427592
v 0.00748199 0.03347009 -0.00420362
v 0.00718528 0.03364747 -0.00475287
v 0.00748199 0.03347009 -0.00420362
v 0.00747597 0.03379786 -0.00427592
v 0.00752407 0.03315007 -0.00403333
v 0.00767994 0.01390391 -0.00340104
v 0.00761223 0.01414453 -0.00396293
v 0.00759143 0.01624554 -0.00392461
v 0.00135231 0.01609385 -0.00970107
v 0.00070000 0.01611495 -0.00973004
v 0.00070000 0.01784992 -0.00956684
v 0.00440842 0.03307384 -0.00639743
v 0.00474352 0.03331863 -0.00628960
v 0.00501990 0.03259956 -0.00629413
v 0.00501990 0.03259956 -0.00629413
v 0.00474352 0.03331863 -0.00628960
v 0.00499636 0.03363198 -0.00618047
v 0.00501990 0.03259956 -0.00629413
v 0.00499636 0.03363198 -0.00618047
v 0.00567466 0.03402495 -0.00592119
v 0.00109357 0.02685821 -0.00809616
v 0.00202805 0.02550858 -0.00827706
v 0.00084759 0.02562803 -0.00835973
v 0.00084759 0.02562803 -0.00835973
v 0.00202805 0.02550858 -0.00827706
v 0.00192201 0.02406114 -0.00855750
v 0.00072544 0.02457076 -0.00857013
v 0.00072544 0.02457076 -0.00857013
v 0.00192201 0.02406114 -0.00855750
v 0.00191933 0.02260917 -0.00881302
v 0.00191933 0.02260917 -0.00881302
v 0.00070005 0.02330309 -0.00880295
v 0.00135231 0.01609385 -0.00970107
v 0.00070000 0.01784992 -0.00956684
v 0.00183868 0.01605141 -0.00964159
v 0.00183868 0.01605141 -0.00964159
v 0.00070000 0.01784992 -0.00956684
v 0.00191933 0.01676148 -0.00956607
v 0.00183868 0.01605141 -0.00964159
v 0.00191933 0.01676148 -0.00956607
v 0.00191981 0.01604211 -0.00962847
v 0.00191981 0.01604211 -0.00962847
v 0.00191933 0.01676148 -0.00956607
v 0.00214964 0.01601231 -0.00958609
v 0.00214964 0.01601231 -0.00958609
v 0.00191933 0.01676148 -0.00956607
v 0.00257981 0.01674783 -0.00941658
v 0.00214964 0.01601231 -0.00958609
v 0.00257981 0.01674783 -0.00941658
v 0.00291508 0.01587802 -0.00938833
v 0.00451094 0.01666837 -0.00854897
v 0.00373918 0.01567596 -0.00906891
v 0.00388658 0.01670134 -0.00890845
v 0.00388658 0.01670134 -0.00890845
v 0.00373918 0.01567596 -0.00906891
v 0.00291508 0.01587802 -0.00938833
v 0.00388658 0.01670134 -0.00890845
v 0.00291508 0.01587802 -0.00938833
v 0.00323909 0.01672780 -0.00919783
v 0.00323909 0.01672780 -0.00919783
v 0.00291508 0.01587802 -0.00938833
v 0.00257981 0.01674783 -0.00941658
v 0.00613719 0.01653522 -0.00709200
v 0.00576705 0.01496982 -0.00764120
v 0.00564629 0.01658481 -0.00763428
v 0.00564629 0.01658481 -0.00763428
v 0.00576705 0.01496982 -0.00764120
v 0.00520486 0.01518988 -0.00815499
v 0.00564629 0.01658481 -0.00763428
v 0.00520486 0.01518988 -0.00815499
v 0.00510103 0.01662939 -0.00812244
v 0.00510103 0.01662939 -0.00812244
v 0.00520486 0.01518988 -0.00815499
v 0.00488299 0.01530867 -0.00840175
v 0.00510103 0.01662939 -0.00812244
v 0.00488299 0.01530867 -0.00840175
v 0.00451094 0.01666837 -0.00854897
v 0.00451094 0.01666837 -0.00854897
v 0.00488299 0.01530867 -0.00840175
v 0.00451785 0.01543605 -0.00864744
v 0.00451094 0.01666837 -0.00854897
v 0.00451785 0.01543605 -0.00864744
v 0.00373918 0.01567596 -0.00906891
v 0.00749183 0.01428836 -0.00454467
v 0.00740707 0.01432561 -0.00485212
v 0.00744039 0.01630568 -0.00458241
v 0.00744039 0.01630568 -0.00458241
v 0.00740707 0.01432561 -0.00485212
v 0.00712812 0.01441687 -0.00561541
v 0.00744039 0.01630568 -0.00458241
v 0.00712812 0.01441687 -0.00561541
v 0.00721985 0.01636570 -0.00523895
v 0.00721985 0.01636570 -0.00523895
v 0.00712812 0.01441687 -0.00561541
v 0.00699550 0.01446700 -0.00590217
v 0.00692827 0.01642471 -0.00588345
v 0.00692827 0.01642471 -0.00588345
v 0.00699550 0.01446700 -0.00590217
v 0.00676721 0.01455789 -0.00632793
v 0.00692827 0.01642471 -0.00588345
v 0.00676721 0.01455789 -0.00632793
v 0.00656640 0.01648145 -0.00650489
v 0.00656640 0.01648145 -0.00650489
v 0.00676721 0.01455789 -0.00632793
v 0.00642365 0.01469951 -0.00685817
v 0.00656640 0.01648145 -0.00650489
v 0.00642365 0.01469951 -0.00685817
v 0.00613719 0.01653522 -0.00709200
v 0.00613719 0.01653522 -0.00709200
v 0.00642365 0.01469951 -0.00685817
v 0.00631386 0.01474523 -0.00700694
v 0.00613719 0.01653522 -0.00709200
v 0.00631386 0.01474523 -0.00700694
v 0.00576705 0.01496982 -0.00764120
v 0.00759143 0.02167850 -0.00322497
v 0.00769997 0.02231115 -0.00186986
v 0.00769997 0.01984137 -0.00226712
v 0.00759143 0.02302807 -0.00299019
v 0.00769997 0.02280420 -0.00178337
v 0.00769997 0.02231115 -0.00186986
v 0.00759339 0.02439379 -0.00283158
v 0.00769997 0.02415215 -0.00165129
v 0.00769997 0.02351433 -0.00169378
v 0.00769997 0.02415215 -0.00165129
v 0.00759339 0.02439379 -0.00283158
v 0.00769997 0.02465152 -0.00163847
v 0.00759792 0.02578741 -0.00277704
v 0.00769997 0.02596086 -0.00166935
v 0.00759792 0.02578741 -0.00277704
v 0.00760412 0.02720624 -0.00278652
v 0.00769997 0.02596086 -0.00166935
v 0.00761139 0.02864450 -0.00282162
v 0.00769997 0.02795904 -0.00181693
v 0.00761527 0.02936923 -0.00283849
v 0.00769997 0.02934175 -0.00194329
v 0.00762039 0.03011447 -0.00291359
v 0.00769997 0.03016579 -0.00212407
v 0.00769997 0.02934175 -0.00194329
v 0.00741148 0.03190714 -0.00400829
v 0.00758678 0.03256976 -0.00370133
v 0.00763470 0.03167718 -0.00324947
v 0.00763470 0.03167718 -0.00324947
v 0.00758678 0.03256976 -0.00370133
v 0.00765342 0.03201431 -0.00325435
v 0.00763470 0.03167718 -0.00324947
v 0.00765342 0.03201431 -0.00325435
v 0.00769490 0.03156149 -0.00275320
v 0.00746137 0.03652310 -0.00417835
v 0.00745517 0.03586375 -0.00436288
v 0.00736111 0.03587114 -0.00452089
v 0.00736111 0.03587114 -0.00452089
v 0.00745517 0.03586375 -0.00436288
v 0.00744659 0.03515374 -0.00444460
v 0.00736111 0.03587114 -0.00452089
v 0.00744659 0.03515374 -0.00444460
v 0.00732040 0.03514569 -0.00465280
v 0.00732040 0.03514569 -0.00465280
v 0.00744659 0.03515374 -0.00444460
v 0.00745046 0.03447085 -0.00441396
v 0.00732040 0.03514569 -0.00465280
v 0.00745046 0.03447085 -0.00441396
v 0.00725967 0.03440237 -0.00472486
v 0.00569999 0.03688365 -0.00516737
v 0.00604838 0.03687316 -0.00513858
v 0.00566232 0.03645741 -0.00532126
v 0.00597215 0.03617823 -0.00538683
v 0.00566232 0.03645741 -0.00532126
v 0.00597215 0.03617823 -0.00538683
v 0.00560665 0.03618896 -0.00541699
v 0.00520921 0.03513520 -0.00578153
v 0.00576419 0.03548032 -0.00562626
v 0.00523794 0.03454780 -0.00594801
v 0.00523794 0.03454780 -0.00594801
v 0.00576419 0.03548032 -0.00562626
v 0.00545514 0.03477966 -0.00585741
v 0.00523794 0.03454780 -0.00594801
v 0.00545514 0.03477966 -0.00585741
v 0.00523788 0.03442245 -0.00597739
v 0.00560665 0.03618896 -0.00541699
v 0.00597215 0.03617823 -0.00538683
v 0.00551307 0.03587901 -0.00552589
v 0.00551307 0.03587901 -0.00552589
v 0.00597215 0.03617823 -0.00538683
v 0.00576419 0.03548032 -0.00562626
v 0.00551307 0.03587901 -0.00552589
v 0.00576419 0.03548032 -0.00562626
v 0.00535470 0.03549206 -0.00566006
v 0.00520921 0.03513520 -0.00578153
v 0.00520921 0.03513520 -0.00578153
v 0.00732553 0.02964025 -0.00383133
v 0.00761527 0.02936923 -0.00283849
v 0.00730848 0.02891826 -0.00386208
v 0.00761139 0.02864450 -0.00282162
v 0.00730848 0.02891826 -0.00386208
v 0.00761139 0.02864450 -0.00282162
v 0.00747096 0.02734398 -0.00335276
v 0.00747096 0.02734398 -0.00335276
v 0.00761139 0.02864450 -0.00282162
v 0.00760412 0.02720624 -0.00278652
v 0.00745595 0.02592313 -0.00338274
v 0.00759792 0.02578741 -0.00277704
v 0.00745595 0.02592313 -0.00338274
v 0.00759792 0.02578741 -0.00277704
v 0.00744522 0.02452379 -0.00346649
v 0.00759339 0.02439379 -0.00283158
v 0.00744522 0.02452379 -0.00346649
v 0.00759339 0.02439379 -0.00283158
v 0.00759143 0.02302807 -0.00299019
v 0.00759143 0.02302807 -0.00299019
v 0.00769997 0.02280420 -0.00178337
v 0.00694275 0.02478080 -0.00472242
v 0.00701904 0.02761662 -0.00447279
v 0.00727636 0.02748161 -0.00391793
v 0.00701904 0.02761662 -0.00447279
v 0.00694275 0.02478080 -0.00472242
v 0.00669980 0.02774691 -0.00500768
v 0.00658768 0.02490371 -0.00532228
v 0.00616658 0.02501970 -0.00588900
v 0.00632113 0.02786988 -0.00551307
v 0.00632113 0.02786988 -0.00551307
v 0.00616658 0.02501970 -0.00588900
v 0.00588799 0.02798354 -0.00597984
v 0.00769997 0.03139185 -0.00251830
v 0.00769997 0.03016579 -0.00212407
v 0.00769490 0.03156149 -0.00275320
v 0.00769490 0.03156149 -0.00275320
v 0.00769997 0.03016579 -0.00212407
v 0.00762039 0.03011447 -0.00291359
v 0.00769490 0.03156149 -0.00275320
v 0.00762039 0.03011447 -0.00291359
v 0.00763470 0.03167718 -0.00324947
v 0.00763470 0.03167718 -0.00324947
v 0.00762039 0.03011447 -0.00291359
v 0.00734812 0.03037774 -0.00384408
v 0.00741148 0.03190714 -0.00400829
v 0.00741148 0.03190714 -0.00400829
v 0.00734812 0.03037774 -0.00384408
v 0.00713450 0.03050678 -0.00430048
v 0.00741148 0.03190714 -0.00400829
v 0.00713450 0.03050678 -0.00430048
v 0.00701886 0.03212857 -0.00473928
v 0.00406349 0.02974283 -0.00699621
v 0.00422102 0.03045684 -0.00682229
v 0.00459129 0.02968251 -0.00676709
v 0.00459129 0.02968251 -0.00676709
v 0.00422102 0.03045684 -0.00682229
v 0.00443119 0.03117084 -0.00664705
v 0.00459129 0.02968251 -0.00676709
v 0.00443119 0.03117084 -0.00664705
v 0.00510025 0.02960771 -0.00648242
v 0.00713450 0.03050678 -0.00430048
v 0.00686932 0.03063136 -0.00474042
v 0.00701886 0.03212857 -0.00473928
v 0.00701886 0.03212857 -0.00473928
v 0.00686932 0.03063136 -0.00474042
v 0.00655484 0.03074896 -0.00515616
v 0.00701886 0.03212857 -0.00473928
v 0.00655484 0.03074896 -0.00515616
v 0.00646615 0.03232616 -0.00539136
v 0.00646615 0.03232616 -0.00539136
v 0.00655484 0.03074896 -0.00515616
v 0.00619507 0.03085762 -0.00554001
v 0.00646615 0.03232616 -0.00539136
v 0.00619507 0.03085762 -0.00554001
v 0.00578409 0.03248614 -0.00591946
v 0.00769997 0.02934175 -0.00194329
v 0.00761527 0.02936923 -0.00283849
v 0.00762039 0.03011447 -0.00291359
v 0.00762039 0.03011447 -0.00291359
v 0.00761527 0.02936923 -0.00283849
v 0.00732553 0.02964025 -0.00383133
v 0.00762039 0.03011447 -0.00291359
v 0.00732553 0.02964025 -0.00383133
v 0.00734812 0.03037774 -0.00384408
v 0.00734812 0.03037774 -0.00384408
v 0.00732553 0.02964025 -0.00383133
v 0.00707090 0.02905249 -0.00437236
v 0.00734812 0.03037774 -0.00384408
v 0.00707090 0.02905249 -0.00437236
v 0.00713450 0.03050678 -0.00430048
v 0.00713450 0.03050678 -0.00430048
v 0.00707090 0.02905249 -0.00437236
v 0.00677586 0.02918189 -0.00486434
v 0.00686932 0.03063136 -0.00474042
v 0.00686932 0.03063136 -0.00474042
v 0.00677586 0.02918189 -0.00486434
v 0.00642604 0.02930420 -0.00532913
v 0.00655484 0.03074896 -0.00515616
v 0.00655484 0.03074896 -0.00515616
v 0.00642604 0.02930420 -0.00532913
v 0.00602579 0.02941709 -0.00575835
v 0.00619507 0.03085762 -0.00554001
v 0.00619507 0.03085762 -0.00554001
v 0.00602579 0.02941709 -0.00575835
v 0.00579560 0.03095537 -0.00588572
v 0.00619507 0.03085762 -0.00554001
v 0.00579560 0.03095537 -0.00588572
v 0.00578409 0.03248614 -0.00591946
v 0.00578409 0.03248614 -0.00591946
v 0.00676751 0.03380578 -0.00524276
v 0.00646615 0.03232616 -0.00539136
v 0.00646615 0.03232616 -0.00539136
v 0.00676751 0.03380578 -0.00524276
v 0.00718528 0.03364747 -0.00475287
v 0.00646615 0.03232616 -0.00539136
v 0.00718528 0.03364747 -0.00475287
v 0.00701886 0.03212857 -0.00473928
v 0.00701886 0.03212857 -0.00473928
v 0.00718528 0.03364747 -0.00475287
v 0.00748199 0.03347009 -0.00420362
v 0.00701886 0.03212857 -0.00473928
v 0.00748199 0.03347009 -0.00420362
v 0.00741148 0.03190714 -0.00400829
v 0.00741148 0.03190714 -0.00400829
v 0.00748199 0.03347009 -0.00420362
v 0.00752407 0.03315007 -0.00403333
v 0.00741148 0.03190714 -0.00400829
v 0.00752407 0.03315007 -0.00403333
v 0.00758678 0.03256976 -0.00370133
v 0.00663459 0.03680413 -0.00494951
v 0.00709379 0.03668981 -0.00463587
v 0.00674677 0.03607618 -0.00509906
v 0.00674677 0.03607618 -0.00509906
v 0.00709379 0.03668981 -0.00463587
v 0.00708610 0.03598445 -0.00484031
v 0.00674677 0.03607618 -0.00509906
v 0.00708610 0.03598445 -0.00484031
v 0.00663203 0.03536909 -0.00530273
v 0.00701225 0.03526920 -0.00501192
v 0.00663203 0.03536909 -0.00530273
v 0.00701225 0.03526920 -0.00501192
v 0.00646150 0.03465425 -0.00548106
v 0.00646150 0.03465425 -0.00548106
v 0.00701225 0.03526920 -0.00501192
v 0.00676751 0.03380578 -0.00524276
v 0.00646150 0.03465425 -0.00548106
v 0.00676751 0.03380578 -0.00524276
v 0.00625211 0.03393399 -0.00563967
v 0.00625211 0.03393399 -0.00563967
v 0.00676751 0.03380578 -0.00524276
v 0.00578409 0.03248614 -0.00591946
v 0.00443119 0.03117084 -0.00664705
v 0.00381953 0.03195506 -0.00671005
v 0.00501990 0.03259956 -0.00629413
v 0.00501990 0.03259956 -0.00629413
v 0.00381953 0.03195506 -0.00671005
v 0.00422704 0.03266406 -0.00650668
v 0.00501990 0.03259956 -0.00629413
v 0.00422704 0.03266406 -0.00650668
v 0.00440842 0.03307384 -0.00639743
v 0.00604838 0.03687316 -0.00513858
v 0.00612014 0.03686833 -0.00512540
v 0.00597215 0.03617823 -0.00538683
v 0.00597215 0.03617823 -0.00538683
v 0.00612014 0.03686833 -0.00512540
v 0.00636667 0.03614127 -0.00528264
v 0.00597215 0.03617823 -0.00538683
v 0.00636667 0.03614127 -0.00528264
v 0.00576419 0.03548032 -0.00562626
v 0.00620621 0.03544002 -0.00550914
v 0.00576419 0.03548032 -0.00562626
v 0.00620621 0.03544002 -0.00550914
v 0.00545514 0.03477966 -0.00585741
v 0.00596762 0.03473424 -0.00572121
v 0.00545514 0.03477966 -0.00585741
v 0.00596762 0.03473424 -0.00572121
v 0.00523788 0.03442245 -0.00597739
v 0.00567466 0.03402495 -0.00592119
v 0.00523788 0.03442245 -0.00597739
v 0.00567466 0.03402495 -0.00592119
v 0.00516522 0.03400915 -0.00607616
v 0.00516522 0.03400915 -0.00607616
v 0.00567466 0.03402495 -0.00592119
v 0.00499636 0.03363198 -0.00618047
v 0.00406349 0.02974283 -0.00699621
v 0.00459129 0.02968251 -0.00676709
v 0.00433546 0.02825051 -0.00707662
v 0.00433546 0.02825051 -0.00707662
v 0.00470287 0.02674132 -0.00703561
v 0.00470287 0.02674132 -0.00703561
v 0.00488645 0.02817523 -0.00676721
v 0.00540703 0.02808576 -0.00640011
v 0.00470287 0.02674132 -0.00703561
v 0.00540703 0.02808576 -0.00640011
v 0.00515002 0.02522331 -0.00688362
v 0.00515002 0.02522331 -0.00688362
v 0.00540703 0.02808576 -0.00640011
v 0.00568491 0.02512687 -0.00641245
v 0.00515002 0.02522331 -0.00688362
v 0.00568491 0.02512687 -0.00641245
v 0.00510234 0.02379673 -0.00713283
v 0.00510234 0.02379673 -0.00713283
v 0.00568491 0.02512687 -0.00641245
v 0.00564629 0.02229046 -0.00689948
v 0.00510234 0.02379673 -0.00713283
v 0.00564629 0.02229046 -0.00689948
v 0.00510103 0.02237105 -0.00738311
v 0.00451094 0.02244132 -0.00780553
v 0.00388658 0.02250069 -0.00816160
v 0.00451243 0.02387481 -0.00755376
v 0.00388831 0.02394074 -0.00790846
v 0.00451243 0.02387481 -0.00755376
v 0.00388831 0.02394074 -0.00790846
v 0.00457102 0.02530759 -0.00729531
v 0.00395834 0.02537864 -0.00764227
v 0.00457102 0.02530759 -0.00729531
v 0.00395834 0.02537864 -0.00764227
v 0.00411594 0.02681547 -0.00736666
v 0.00411594 0.02681547 -0.00736666
v 0.00395834 0.02537864 -0.00764227
v 0.00350744 0.02687513 -0.00763321
v 0.00411594 0.02681547 -0.00736666
v 0.00350744 0.02687513 -0.00763321
v 0.00376421 0.02831119 -0.00732583
v 0.00376421 0.02831119 -0.00732583
v 0.00350744 0.02687513 -0.00763321
v 0.00318259 0.02835696 -0.00751412
v 0.00376421 0.02831119 -0.00732583
v 0.00318259 0.02835696 -0.00751412
v 0.00298762 0.02981948 -0.00728768
v 0.00510103 0.02237105 -0.00738311
v 0.00451094 0.02244132 -0.00780553
v 0.00510234 0.02379673 -0.00713283
v 0.00451243 0.02387481 -0.00755376
v 0.00510234 0.02379673 -0.00713283
v 0.00451243 0.02387481 -0.00755376
v 0.00515002 0.02522331 -0.00688362
v 0.00457102 0.02530759 -0.00729531
v 0.00515002 0.02522331 -0.00688362
v 0.00457102 0.02530759 -0.00729531
v 0.00470287 0.02674132 -0.00703561
v 0.00470287 0.02674132 -0.00703561
v 0.00411594 0.02681547 -0.00736666
v 0.00411594 0.02681547 -0.00736666
v 0.00376421 0.02831119 -0.00732583
v 0.00433546 0.02825051 -0.00707662
v 0.00406349 0.02974283 -0.00699621
v 0.00406349 0.02974283 -0.00699621
v 0.00376421 0.02831119 -0.00732583
v 0.00298762 0.02981948 -0.00728768
v 0.00406349 0.02974283 -0.00699621
v 0.00298762 0.02981948 -0.00728768
v 0.00422102 0.03045684 -0.00682229
v 0.00319177 0.03053271 -0.00710040
v 0.00422102 0.03045684 -0.00682229
v 0.00319177 0.03053271 -0.00710040
v 0.00443119 0.03117084 -0.00664705
v 0.00346416 0.03124457 -0.00690776
v 0.00443119 0.03117084 -0.00664705
v 0.00346416 0.03124457 -0.00690776
v 0.00381953 0.03195506 -0.00671005
v 0.00323909 0.02254837 -0.00844830
v 0.00257981 0.02258443 -0.00866496
v 0.00324118 0.02399373 -0.00819409
v 0.00258219 0.02403378 -0.00840998
v 0.00324118 0.02399373 -0.00819409
v 0.00258219 0.02403378 -0.00840998
v 0.00332308 0.02543580 -0.00792164
v 0.00267613 0.02547895 -0.00813275
v 0.00332308 0.02543580 -0.00792164
v 0.00267613 0.02547895 -0.00813275
v 0.00288785 0.02692025 -0.00783467
v 0.00288785 0.02692025 -0.00783467
v 0.00267613 0.02547895 -0.00813275
v 0.00226712 0.02695113 -0.00797236
v 0.00259990 0.02838832 -0.00764275
v 0.00259990 0.02838832 -0.00764275
v 0.00226712 0.02695113 -0.00797236
v 0.00146300 0.02821218 -0.00778258
v 0.00259990 0.02838832 -0.00764275
v 0.00146300 0.02821218 -0.00778258
v 0.00212634 0.03022897 -0.00726914
v 0.00257981 0.02258443 -0.00866496
v 0.00191933 0.02260917 -0.00881302
v 0.00258219 0.02403378 -0.00840998
v 0.00192201 0.02406114 -0.00855750
v 0.00202805 0.02550858 -0.00827706
v 0.00226712 0.02695113 -0.00797236
v 0.00109357 0.02685821 -0.00809616
v 0.00388658 0.02250069 -0.00816160
v 0.00323909 0.02254837 -0.00844830
v 0.00388831 0.02394074 -0.00790846
v 0.00324118 0.02399373 -0.00819409
v 0.00388831 0.02394074 -0.00790846
v 0.00324118 0.02399373 -0.00819409
v 0.00395834 0.02537864 -0.00764227
v 0.00332308 0.02543580 -0.00792164
v 0.00332308 0.02543580 -0.00792164
v 0.00350744 0.02687513 -0.00763321
v 0.00288785 0.02692025 -0.00783467
v 0.00318259 0.02835696 -0.00751412
v 0.00318259 0.02835696 -0.00751412
v 0.00259990 0.02838832 -0.00764275
v 0.00298762 0.02981948 -0.00728768
v 0.00298762 0.02981948 -0.00728768
v 0.00259990 0.02838832 -0.00764275
v 0.00212634 0.03022897 -0.00726914
v 0.00298762 0.02981948 -0.00728768
v 0.00212634 0.03022897 -0.00726914
v 0.00319177 0.03053271 -0.00710040
v 0.00244713 0.03102946 -0.00704974
v 0.00346416 0.03124457 -0.00690776
v 0.00285816 0.03175359 -0.00684351
v 0.00381953 0.03195506 -0.00671005
v 0.00362009 0.03285437 -0.00651574
v 0.00422704 0.03266406 -0.00650668
v 0.00422704 0.03266406 -0.00650668
v 0.00362009 0.03285437 -0.00651574
v 0.00401640 0.03291487 -0.00648165
v 0.00422704 0.03266406 -0.00650668
v 0.00401640 0.03291487 -0.00648165
v 0.00440842 0.03307384 -0.00639743
v 0.00727636 0.02748161 -0.00391793
v 0.00724864 0.02605855 -0.00398731
v 0.00694275 0.02478080 -0.00472242
v 0.00694275 0.02478080 -0.00472242
v 0.00724864 0.02605855 -0.00398731
v 0.00722885 0.02465355 -0.00410026
v 0.00694275 0.02478080 -0.00472242
v 0.00722885 0.02465355 -0.00410026
v 0.00722009 0.02326869 -0.00428718
v 0.00722009 0.02326869 -0.00428718
v 0.00722885 0.02465355 -0.00410026
v 0.00744051 0.02314847 -0.00363934
v 0.00722009 0.02326869 -0.00428718
v 0.00744051 0.02314847 -0.00363934
v 0.00744039 0.02178704 -0.00387651
v 0.00744039 0.02178704 -0.00387651
v 0.00744051 0.02314847 -0.00363934
v 0.00759143 0.02167850 -0.00322497
v 0.00744039 0.02178704 -0.00387651
v 0.00759143 0.02167850 -0.00322497
v 0.00759143 0.01896852 -0.00362504
v 0.00759143 0.01896852 -0.00362504
v 0.00769997 0.01706999 -0.00261015
v 0.00632113 0.02786988 -0.00551307
v 0.00669980 0.02774691 -0.00500768
v 0.00658768 0.02490371 -0.00532228
v 0.00658768 0.02490371 -0.00532228
v 0.00658768 0.02490371 -0.00532228
v 0.00694275 0.02478080 -0.00472242
v 0.00692856 0.02338671 -0.00492328
v 0.00692856 0.02338671 -0.00492328
v 0.00692856 0.02338671 -0.00492328
v 0.00722009 0.02326869 -0.00428718
v 0.00721985 0.02189528 -0.00452685
v 0.00721985 0.02189528 -0.00452685
v 0.00744039 0.01905292 -0.00428009
v 0.00744039 0.01905292 -0.00428009
v 0.00744039 0.01905292 -0.00428009
v 0.00759143 0.01896852 -0.00362504
v 0.00759143 0.01624554 -0.00392461
v 0.00759143 0.01624554 -0.00392461
v 0.00759143 0.01624554 -0.00392461
v 0.00769997 0.01706999 -0.00261015
v 0.00767994 0.01390391 -0.00340104
v 0.00767994 0.01390391 -0.00340104
v 0.00769997 0.01706999 -0.00261015
v 0.00769997 0.01439487 -0.00283992
v 0.00769997 0.01357501 -0.00289065
v 0.00070000 0.02050393 -0.00924289
v 0.00070005 0.02330309 -0.00880295
v 0.00191933 0.01969224 -0.00924349
v 0.00191933 0.01969224 -0.00924349
v 0.00070005 0.02330309 -0.00880295
v 0.00191933 0.02260917 -0.00881302
v 0.00191933 0.01969224 -0.00924349
v 0.00191933 0.02260917 -0.00881302
v 0.00257981 0.01967304 -0.00909465
v 0.00257981 0.02258443 -0.00866496
v 0.00257981 0.01967304 -0.00909465
v 0.00257981 0.02258443 -0.00866496
v 0.00323909 0.01964503 -0.00887680
v 0.00323909 0.02254837 -0.00844830
v 0.00323909 0.01964503 -0.00887680
v 0.00323909 0.02254837 -0.00844830
v 0.00388658 0.01960790 -0.00858855
v 0.00388658 0.02250069 -0.00816160
v 0.00388658 0.01960790 -0.00858855
v 0.00388658 0.02250069 -0.00816160
v 0.00451094 0.01956170 -0.00823051
v 0.00451094 0.02244132 -0.00780553
v 0.00451094 0.01956170 -0.00823051
v 0.00451094 0.02244132 -0.00780553
v 0.00510103 0.01950705 -0.00780571
v 0.00510103 0.02237105 -0.00738311
v 0.00510103 0.01950705 -0.00780571
v 0.00510103 0.02237105 -0.00738311
v 0.00564629 0.01944446 -0.00731963
v 0.00564629 0.02229046 -0.00689948
v 0.00564629 0.01944446 -0.00731963
v 0.00613719 0.01937478 -0.00677955
v 0.00613719 0.01937478 -0.00677955
v 0.00613719 0.02220106 -0.00636244
v 0.00656640 0.01929950 -0.00619477
v 0.00656640 0.02210420 -0.00578082
v 0.00656640 0.01929950 -0.00619477
v 0.00656640 0.02210420 -0.00578082
v 0.00692827 0.01921981 -0.00557589
v 0.00692827 0.02200168 -0.00516534
v 0.00692827 0.01921981 -0.00557589
v 0.00692827 0.02200168 -0.00516534
v 0.00721985 0.01913714 -0.00493395
v 0.00759143 0.02167850 -0.00322497
v 0.00759143 0.02302807 -0.00299019
v 0.00744051 0.02314847 -0.00363934
v 0.00744522 0.02452379 -0.00346649
v 0.00744522 0.02452379 -0.00346649
v 0.00722885 0.02465355 -0.00410026
v 0.00745595 0.02592313 -0.00338274
v 0.00724864 0.02605855 -0.00398731
v 0.00745595 0.02592313 -0.00338274
v 0.00724864 0.02605855 -0.00398731
v 0.00747096 0.02734398 -0.00335276
v 0.00747096 0.02734398 -0.00335276
v 0.00724864 0.02605855 -0.00398731
v 0.00727636 0.02748161 -0.00391793
v 0.00747096 0.02734398 -0.00335276
v 0.00727636 0.02748161 -0.00391793
v 0.00730848 0.02891826 -0.00386208
v 0.00727636 0.02748161 -0.00391793
v 0.00701904 0.02761662 -0.00447279
v 0.00707090 0.02905249 -0.00437236
v 0.00701904 0.02761662 -0.00447279
v 0.00669980 0.02774691 -0.00500768
v 0.00707090 0.02905249 -0.00437236
v 0.00669980 0.02774691 -0.00500768
v 0.00677586 0.02918189 -0.00486434
v 0.00677586 0.02918189 -0.00486434
v 0.00669980 0.02774691 -0.00500768
v 0.00632113 0.02786988 -0.00551307
v 0.00642604 0.02930420 -0.00532913
v 0.00642604 0.02930420 -0.00532913
v 0.00632113 0.02786988 -0.00551307
v 0.00588799 0.02798354 -0.00597984
v 0.00602579 0.02941709 -0.00575835
v 0.00602579 0.02941709 -0.00575835
v 0.00588799 0.02798354 -0.00597984
v 0.00558132 0.02951884 -0.00614488
v 0.00558132 0.02951884 -0.00614488
v 0.00579560 0.03095537 -0.00588572
v 0.00558132 0.02951884 -0.00614488
v 0.00536317 0.03104078 -0.00618768
v 0.00579560 0.03095537 -0.00588572
v 0.00536317 0.03104078 -0.00618768
v 0.00578409 0.03248614 -0.00591946
v 0.00070000 0.01784992 -0.00956684
v 0.00070000 0.02050393 -0.00924289
v 0.00191933 0.01676148 -0.00956607
v 0.00191933 0.01676148 -0.00956607
v 0.00070000 0.02050393 -0.00924289
v 0.00191933 0.01969224 -0.00924349
v 0.00191933 0.01676148 -0.00956607
v 0.00191933 0.01969224 -0.00924349
v 0.00257981 0.01674783 -0.00941658
v 0.00257981 0.01967304 -0.00909465
v 0.00257981 0.01674783 -0.00941658
v 0.00257981 0.01967304 -0.00909465
v 0.00323909 0.01672780 -0.00919783
v 0.00323909 0.01964503 -0.00887680
v 0.00323909 0.01672780 -0.00919783
v 0.00323909 0.01964503 -0.00887680
v 0.00388658 0.01670134 -0.00890845
v 0.00388658 0.01960790 -0.00858855
v 0.00388658 0.01670134 -0.00890845
v 0.00388658 0.01960790 -0.00858855
v 0.00451094 0.01666837 -0.00854897
v 0.00451094 0.01956170 -0.00823051
v 0.00451094 0.01666837 -0.00854897
v 0.00451094 0.01956170 -0.00823051
v 0.00510103 0.01662939 -0.00812244
v 0.00510103 0.01950705 -0.00780571
v 0.00510103 0.01662939 -0.00812244
v 0.00510103 0.01950705 -0.00780571
v 0.00564629 0.01658481 -0.00763428
v 0.00564629 0.01944446 -0.00731963
v 0.00564629 0.01658481 -0.00763428
v 0.00564629 0.01944446 -0.00731963
v 0.00613719 0.01653522 -0.00709200
v 0.00613719 0.01937478 -0.00677955
v 0.00613719 0.01653522 -0.00709200
v 0.00613719 0.01937478 -0.00677955
v 0.00656640 0.01648145 -0.00650489
v 0.00656640 0.01929950 -0.00619477
v 0.00656640 0.01648145 -0.00650489
v 0.00656640 0.01929950 -0.00619477
v 0.00692827 0.01642471 -0.00588345
v 0.00692827 0.01921981 -0.00557589
v 0.00692827 0.01921981 -0.00557589
v 0.00721985 0.01913714 -0.00493395
v 0.00721985 0.01636570 -0.00523895
v 0.00721985 0.01913714 -0.00493395
v 0.00744039 0.01630568 -0.00458241
v 0.00712198 0.03668034 -0.00460964
v 0.00715363 0.03666901 -0.00457877
v 0.00708610 0.03598445 -0.00484031
v 0.00708610 0.03598445 -0.00484031
v 0.00715363 0.03666901 -0.00457877
v 0.00736111 0.03587114 -0.00452089
v 0.00708610 0.03598445 -0.00484031
v 0.00736111 0.03587114 -0.00452089
v 0.00701225 0.03526920 -0.00501192
v 0.00732040 0.03514569 -0.00465280
v 0.00701225 0.03526920 -0.00501192
v 0.00732040 0.03514569 -0.00465280
v 0.00676751 0.03380578 -0.00524276
v 0.00676751 0.03380578 -0.00524276
v 0.00732040 0.03514569 -0.00465280
v 0.00725967 0.03440237 -0.00472486
v 0.00676751 0.03380578 -0.00524276
v 0.00725967 0.03440237 -0.00472486
v 0.00718528 0.03364747 -0.00475287
v 0.00718528 0.03364747 -0.00475287
v 0.00725967 0.03440237 -0.00472486
v 0.00745046 0.03447085 -0.00441396
v 0.00718528 0.03364747 -0.00475287
v 0.00745046 0.03447085 -0.00441396
v 0.00747597 0.03379786 -0.00427592
v 0.00761223 0.01414453 -0.00396293
v 0.00749183 0.01428836 -0.00454467
v 0.00759143 0.01624554 -0.00392461
v 0.00749183 0.01428836 -0.00454467
v 0.00744039 0.01630568 -0.00458241
v 0.00744039 0.01905292 -0.00428009
v 0.00721985 0.01913714 -0.00493395
v 0.00721985 0.02189528 -0.00452685
v 0.00692827 0.02200168 -0.00516534
v 0.00692856 0.02338671 -0.00492328
v 0.00656688 0.02350062 -0.00553656
v 0.00658768 0.02490371 -0.00532228
v 0.00656688 0.02350062 -0.00553656
v 0.00613719 0.02220106 -0.00636244
v 0.00658768 0.02490371 -0.00532228
v 0.00616658 0.02501970 -0.00588900
v 0.00616658 0.02501970 -0.00588900
v 0.00568491 0.02512687 -0.00641245
v 0.00588799 0.02798354 -0.00597984
v 0.00568491 0.02512687 -0.00641245
v 0.00540703 0.02808576 -0.00640011
v 0.00540703 0.02808576 -0.00640011
v 0.00558132 0.02951884 -0.00614488
v 0.00510025 0.02960771 -0.00648242
v 0.00536317 0.03104078 -0.00618768
v 0.00510025 0.02960771 -0.00648242
v 0.00443119 0.03117084 -0.00664705
v 0.00536317 0.03104078 -0.00618768
v 0.00443119 0.03117084 -0.00664705
v 0.00578409 0.03248614 -0.00591946
v 0.00578409 0.03248614 -0.00591946
v 0.00443119 0.03117084 -0.00664705
v 0.00501990 0.03259956 -0.00629413
v 0.00578409 0.03248614 -0.00591946
v 0.00501990 0.03259956 -0.00629413
v 0.00625211 0.03393399 -0.00563967
v 0.00567466 0.03402495 -0.00592119
v 0.00625211 0.03393399 -0.00563967
v 0.00567466 0.03402495 -0.00592119
v 0.00646150 0.03465425 -0.00548106
v 0.00596762 0.03473424 -0.00572121
v 0.00646150 0.03465425 -0.00548106
v 0.00596762 0.03473424 -0.00572121
v 0.00663203 0.03536909 -0.00530273
v 0.00620621 0.03544002 -0.00550914
v 0.00663203 0.03536909 -0.00530273
v 0.00620621 0.03544002 -0.00550914
v 0.00674677 0.03607618 -0.00509906
v 0.00636667 0.03614127 -0.00528264
v 0.00674677 0.03607618 -0.00509906
v 0.00636667 0.03614127 -0.00528264
v 0.00663459 0.03680413 -0.00494951
v 0.00663459 0.03680413 -0.00494951
v 0.00636667 0.03614127 -0.00528264
v 0.00649148 0.03682768 -0.00501388
v 0.00070000 0.01581937 -0.00951183
v -0.00070000 0.01581937 -0.00951183
v 0.00070000 0.01611495 -0.00973004
v -0.00070000 0.01611495 -0.00973004
v -0.00349992 0.03299975 -0.00632125
v -0.00349992 0.03285020 -0.00651699
v -0.00360542 0.03300344 -0.00631994
v -0.00362009 0.03285437 -0.00651574
v -0.00500000 0.03450000 -0.00575107
v -0.00500000 0.03450000 -0.00569999
v -0.00495052 0.03411793 -0.00585556
v -0.00495052 0.03411793 -0.00585556
v -0.00500000 0.03450000 -0.00569999
v -0.00491101 0.03399103 -0.00569999
v -0.00495052 0.03411793 -0.00585556
v -0.00491101 0.03399103 -0.00569999
v -0.00490940 0.03398668 -0.00589353
v -0.00490940 0.03398668 -0.00589353
v -0.00491101 0.03399103 -0.00569999
v -0.00473303 0.03364574 -0.00600636
v -0.00473303 0.03364574 -0.00600636
v -0.00491101 0.03399103 -0.00569999
v -0.00456554 0.03344434 -0.00569999
v -0.00473303 0.03364574 -0.00600636
v -0.00456554 0.03344434 -0.00569999
v -0.00465113 0.03353828 -0.00604796
v -0.00402212 0.03309381 -0.00569999
v -0.00437164 0.03327924 -0.00616467
v -0.00456554 0.03344434 -0.00569999
v -0.00456554 0.03344434 -0.00569999
v -0.00437164 0.03327924 -0.00616467
v -0.00460607 0.03348684 -0.00606918
v -0.00456554 0.03344434 -0.00569999
v -0.00460607 0.03348684 -0.00606918
v -0.00465113 0.03353828 -0.00604796
v -0.00349992 0.03299975 -0.00632125
v -0.00360542 0.03300344 -0.00631994
v -0.00349992 0.03299999 -0.00569999
v -0.00349992 0.03299999 -0.00569999
v -0.00360542 0.03300344 -0.00631994
v -0.00392282 0.03306078 -0.00628662
v -0.00349992 0.03299999 -0.00569999
v -0.00392282 0.03306078 -0.00628662
v -0.00402212 0.03309381 -0.00569999
v -0.00402212 0.03309381 -0.00569999
v -0.00392282 0.03306078 -0.00628662
v -0.00425100 0.03320157 -0.00620520
v -0.00402212 0.03309381 -0.00569999
v -0.00425100 0.03320157 -0.00620520
v -0.00437164 0.03327924 -0.00616467
v -0.00500000 0.03681504 -0.00497937
v -0.00500107 0.03511250 -0.00557709
v -0.00519991 0.03688359 -0.00516737
v -0.00519991 0.03688359 -0.00516737
v -0.00500107 0.03511250 -0.00557709
v -0.00520337 0.03518283 -0.00576377
v -0.00750148 0.03649610 -0.00410432
v -0.00743300 0.03647255 -0.00403994
v -0.00750160 0.03670859 -0.00402051
v -0.00750160 0.03670859 -0.00402051
v -0.00743300 0.03647255 -0.00403994
v -0.00743073 0.03702920 -0.00378859
v -0.00750160 0.03670859 -0.00402051
v -0.00743073 0.03702920 -0.00378859
v -0.00750148 0.03729158 -0.00371927
v -0.00750148 0.03729158 -0.00371927
v -0.00743073 0.03702920 -0.00378859
v -0.00750148 0.03751128 -0.00357455
v -0.00743073 0.03702920 -0.00378859
v -0.00742656 0.03758370 -0.00342905
v -0.00750148 0.03751128 -0.00357455
v -0.00750148 0.03751128 -0.00357455
v -0.00742656 0.03758370 -0.00342905
v -0.00742608 0.03763645 -0.00338817
v -0.00750148 0.03751128 -0.00357455
v -0.00742608 0.03763645 -0.00338817
v -0.00750148 0.03802049 -0.00315601
v -0.00750148 0.03802049 -0.00315601
v -0.00742608 0.03763645 -0.00338817
v -0.00742275 0.03805208 -0.00301445
v -0.00750148 0.03802049 -0.00315601
v -0.00742275 0.03805208 -0.00301445
v -0.00750148 0.03821659 -0.00295597
v -0.00750148 0.03821659 -0.00295597
v -0.00742275 0.03805208 -0.00301445
v -0.00742203 0.03815799 -0.00290215
v -0.00750148 0.03821659 -0.00295597
v -0.00742203 0.03815799 -0.00290215
v -0.00750148 0.03845846 -0.00266892
v -0.00750148 0.03845846 -0.00266892
v -0.00742203 0.03815799 -0.00290215
v -0.00742078 0.03849118 -0.00248921
v -0.00750148 0.03845846 -0.00266892
v -0.00742078 0.03849118 -0.00248921
v -0.00750148 0.03855341 -0.00254095
v -0.00750148 0.03855341 -0.00254095
v -0.00742078 0.03849118 -0.00248921
v -0.00742096 0.03858941 -0.00234550
v -0.00750148 0.03855341 -0.00254095
v -0.00742096 0.03858941 -0.00234550
v -0.00750148 0.03889524 -0.00197750
v -0.00750148 0.03889524 -0.00197750
v -0.00742096 0.03858941 -0.00234550
v -0.00742215 0.03881770 -0.00195503
v -0.00750148 0.03889524 -0.00197750
v -0.00742215 0.03881770 -0.00195503
v -0.00750148 0.03914719 -0.00137269
v -0.00750148 0.03914719 -0.00137269
v -0.00742215 0.03881770 -0.00195503
v -0.00742561 0.03906261 -0.00138605
v -0.00750148 0.03914719 -0.00137269
v -0.00742561 0.03906261 -0.00138605
v -0.00750148 0.03919422 -0.00122142
v -0.00742739 0.03914028 -0.00114018
v -0.00750148 0.03919422 -0.00122142
v -0.00742739 0.03914028 -0.00114018
v -0.00742805 0.03916352 -0.00105423
v -0.00750148 0.03919422 -0.00122142
v -0.00742805 0.03916352 -0.00105423
v -0.00750148 0.03933030 -0.00057666
v -0.00742805 0.03916352 -0.00105423
v -0.00742996 0.03923237 -0.00074239
v -0.00750148 0.03933030 -0.00057666
v -0.00750148 0.03933030 -0.00057666
v -0.00742996 0.03923237 -0.00074239
v -0.00743282 0.03929853 -0.00010736
v -0.00750148 0.03933030 -0.00057666
v -0.00743282 0.03929853 -0.00010736
v -0.00750148 0.03936666 -0.00012812
v -0.00750148 0.03936666 -0.00012812
v -0.00743282 0.03929853 -0.00010736
v -0.00750148 0.03936785 0.00007740
v -0.00750148 0.03936785 0.00007740
v -0.00743282 0.03929853 -0.00010736
v -0.00743288 0.03929996 0.00000000
v -0.00750148 0.03936785 0.00007740
v -0.00743288 0.03929996 0.00000000
v -0.00750148 0.03936213 0.00023572
v -0.00750148 0.03936213 0.00023572
v -0.00743288 0.03929996 0.00000000
v -0.00743288 0.03928518 0.00035508
v -0.00750148 0.03936213 0.00023572
v -0.00743288 0.03928518 0.00035508
v -0.00750148 0.03927701 0.00088930
v -0.00743288 0.03928518 0.00035508
v -0.00743270 0.03924506 0.00068265
v -0.00750148 0.03927701 0.00088930
v -0.00750148 0.03927701 0.00088930
v -0.00743270 0.03924506 0.00068265
v -0.00743181 0.03908658 0.00133419
v -0.00750148 0.03927701 0.00088930
v -0.00743181 0.03908658 0.00133419
v -0.00750148 0.03909593 0.00151891
v -0.00750148 0.03909593 0.00151891
v -0.00743181 0.03908658 0.00133419
v -0.00750148 0.03903818 0.00166637
v -0.00743181 0.03908658 0.00133419
v -0.00743163 0.03893661 0.00172669
v -0.00750148 0.03903818 0.00166637
v -0.00750148 0.03903818 0.00166637
v -0.00743163 0.03893661 0.00172669
v -0.00743181 0.03886038 0.00189143
v -0.00750148 0.03903818 0.00166637
v -0.00743181 0.03886038 0.00189143
v -0.00750148 0.03874146 0.00225496
v -0.00750148 0.03874146 0.00225496
v -0.00743181 0.03886038 0.00189143
v -0.00743270 0.03852313 0.00246465
v -0.00750148 0.03874146 0.00225496
v -0.00743270 0.03852313 0.00246465
v -0.00750148 0.03836220 0.00278908
v -0.00750148 0.03836220 0.00278908
v -0.00743270 0.03852313 0.00246465
v -0.00743300 0.03816354 0.00291222
v -0.00750148 0.03836220 0.00278908
v -0.00743300 0.03816354 0.00291222
v -0.00750148 0.03825891 0.00290912
v -0.00743163 0.03711456 0.00374252
v -0.00750148 0.03778403 0.00336647
v -0.00743240 0.03763550 0.00339693
v -0.00743240 0.03763550 0.00339693
v -0.00750148 0.03778403 0.00336647
v -0.00750148 0.03825891 0.00290912
v -0.00743240 0.03763550 0.00339693
v -0.00750148 0.03825891 0.00290912
v -0.00743288 0.03811872 0.00296015
v -0.00743288 0.03811872 0.00296015
v -0.00750148 0.03825891 0.00290912
v -0.00743300 0.03816354 0.00291222
v -0.00743300 0.03573465 0.00423670
v -0.00750148 0.03574633 0.00430423
v -0.00743288 0.03594535 0.00419462
v -0.00743288 0.03594535 0.00419462
v -0.00750148 0.03574633 0.00430423
v -0.00750160 0.03588277 0.00427842
v -0.00743288 0.03594535 0.00419462
v -0.00750160 0.03588277 0.00427842
v -0.00743210 0.03657424 0.00400042
v -0.00743210 0.03657424 0.00400042
v -0.00750160 0.03588277 0.00427842
v -0.00750148 0.03651285 0.00409830
v -0.00743210 0.03657424 0.00400042
v -0.00750148 0.03651285 0.00409830
v -0.00743163 0.03704589 0.00378048
v -0.00743163 0.03704589 0.00378048
v -0.00750148 0.03651285 0.00409830
v -0.00750148 0.03711205 0.00382394
v -0.00743163 0.03704589 0.00378048
v -0.00750148 0.03711205 0.00382394
v -0.00743163 0.03711456 0.00374252
v -0.00743163 0.03711456 0.00374252
v -0.00750148 0.03711205 0.00382394
v -0.00750148 0.03724920 0.00374490
v -0.00743163 0.03711456 0.00374252
v -0.00750148 0.03724920 0.00374490
v -0.00750148 0.03778403 0.00336647
v -0.00569999 0.03892630 -0.00385147
v -0.00519991 0.03892624 -0.00385147
v -0.00519991 0.03766942 -0.00480866
v -0.00569999 0.03626316 0.00535309
v -0.00569999 0.03593975 0.00541914
v -0.00519991 0.03593969 0.00541908
v -0.00569999 0.03626316 0.00535309
v -0.00519991 0.03593969 0.00541908
v -0.00569999 0.03734314 0.00497591
v -0.00519991 0.03688359 -0.00516737
v -0.00569999 0.03688365 -0.00516737
v -0.00569999 0.03719025 -0.00504506
v -0.00519991 0.03688359 -0.00516737
v -0.00569999 0.03719025 -0.00504506
v -0.00519991 0.03766942 -0.00480866
v -0.00519991 0.03766942 -0.00480866
v -0.00569999 0.03719025 -0.00504506
v -0.00569999 0.03818655 -0.00448286
v -0.00519991 0.03766942 -0.00480866
v -0.00569999 0.03818655 -0.00448286
v -0.00569999 0.03892630 -0.00385147
v -0.00569999 0.03892630 -0.00385147
v -0.00569999 0.03904485 -0.00372684
v -0.00519991 0.03892624 -0.00385147
v -0.00519991 0.03892624 -0.00385147
v -0.00569999 0.03904485 -0.00372684
v -0.00569999 0.03972828 -0.00280946
v -0.00519991 0.03892624 -0.00385147
v -0.00569999 0.03972828 -0.00280946
v -0.00519991 0.03985905 -0.00257647
v -0.00519991 0.03985905 -0.00257647
v -0.00569999 0.03972828 -0.00280946
v -0.00569999 0.03985911 -0.00257647
v -0.00519991 0.03985905 -0.00257647
v -0.00569999 0.03985911 -0.00257647
v -0.00519991 0.04039102 -0.00108892
v -0.00519991 0.04039102 -0.00108892
v -0.00569999 0.03985911 -0.00257647
v -0.00569999 0.04020708 -0.00177067
v -0.00569999 0.04020708 -0.00177067
v -0.00569999 0.04039102 -0.00108892
v -0.00519991 0.04039102 -0.00108892
v -0.00519991 0.04039102 -0.00108892
v -0.00569999 0.04039102 -0.00108892
v -0.00569999 0.04046082 -0.00065531
v -0.00519991 0.04039102 -0.00108892
v -0.00569999 0.04046082 -0.00065531
v -0.00519991 0.04047816 0.00048844
v -0.00569999 0.04046082 -0.00065531
v -0.00569999 0.04049998 0.00000000
v -0.00519991 0.04047816 0.00048844
v -0.00519991 0.04047816 0.00048844
v -0.00569999 0.04049998 0.00000000
v -0.00569999 0.04047816 0.00048844
v -0.00519991 0.04047816 0.00048844
v -0.00569999 0.04047816 0.00048844
v -0.00519991 0.04011332 0.00202549
v -0.00519991 0.04011332 0.00202549
v -0.00569999 0.04047816 0.00048844
v -0.00569999 0.04025870 0.00161099
v -0.00569999 0.04025870 0.00161099
v -0.00569999 0.04011332 0.00202549
v -0.00519991 0.04011332 0.00202549
v -0.00519991 0.04011332 0.00202549
v -0.00569999 0.04011332 0.00202549
v -0.00569999 0.03981173 0.00266391
v -0.00519991 0.04011332 0.00202549
v -0.00569999 0.03981173 0.00266391
v -0.00519991 0.03932660 0.00339544
v -0.00569999 0.03832173 0.00438356
v -0.00519991 0.03818297 0.00448531
v -0.00569999 0.03915667 0.00360167
v -0.00569999 0.03915667 0.00360167
v -0.00519991 0.03818297 0.00448531
v -0.00519991 0.03932660 0.00339544
v -0.00569999 0.03915667 0.00360167
v -0.00519991 0.03932660 0.00339544
v -0.00569999 0.03932660 0.00339556
v -0.00569999 0.03932660 0.00339556
v -0.00519991 0.03932660 0.00339544
v -0.00569999 0.03981173 0.00266391
v -0.00569999 0.03832173 0.00438356
v -0.00569999 0.03818297 0.00448543
v -0.00519991 0.03818297 0.00448531
v -0.00519991 0.03818297 0.00448531
v -0.00569999 0.03818297 0.00448543
v -0.00569999 0.03734314 0.00497591
v -0.00519991 0.03818297 0.00448531
v -0.00569999 0.03734314 0.00497591
v -0.00519991 0.03677660 0.00520504
v -0.00519991 0.03677660 0.00520504
v -0.00569999 0.03734314 0.00497591
v -0.00519991 0.03593969 0.00541908
v -0.00689989 0.03929996 0.00000000
v -0.00689989 0.03928530 0.00035509
v -0.00743288 0.03928518 0.00035508
v -0.00742275 0.03805208 -0.00301445
v -0.00742608 0.03763645 -0.00338817
v -0.00689989 0.03764104 -0.00339329
v -0.00689989 0.03764104 -0.00339329
v -0.00742608 0.03763645 -0.00338817
v -0.00742656 0.03758370 -0.00342905
v -0.00689989 0.03764104 -0.00339329
v -0.00742656 0.03758370 -0.00342905
v -0.00689989 0.03639620 -0.00406694
v -0.00689989 0.03639620 -0.00406694
v -0.00742656 0.03758370 -0.00342905
v -0.00743073 0.03702920 -0.00378859
v -0.00689989 0.03639620 -0.00406694
v -0.00743073 0.03702920 -0.00378859
v -0.00743300 0.03647255 -0.00403994
v -0.00689989 0.03859972 -0.00235182
v -0.00742096 0.03858941 -0.00234550
v -0.00742078 0.03849118 -0.00248921
v -0.00689989 0.03859972 -0.00235182
v -0.00742078 0.03849118 -0.00248921
v -0.00689989 0.03764104 -0.00339329
v -0.00689989 0.03764104 -0.00339329
v -0.00742078 0.03849118 -0.00248921
v -0.00742203 0.03815799 -0.00290215
v -0.00689989 0.03764104 -0.00339329
v -0.00742203 0.03815799 -0.00290215
v -0.00742275 0.03805208 -0.00301445
v -0.00742805 0.03916352 -0.00105423
v -0.00742739 0.03914028 -0.00114018
v -0.00689989 0.03916835 -0.00105548
v -0.00689989 0.03916835 -0.00105548
v -0.00742739 0.03914028 -0.00114018
v -0.00742561 0.03906261 -0.00138605
v -0.00689989 0.03916835 -0.00105548
v -0.00742561 0.03906261 -0.00138605
v -0.00689989 0.03859972 -0.00235182
v -0.00689989 0.03859972 -0.00235182
v -0.00742561 0.03906261 -0.00138605
v -0.00742215 0.03881770 -0.00195503
v -0.00689989 0.03859972 -0.00235182
v -0.00742215 0.03881770 -0.00195503
v -0.00742096 0.03858941 -0.00234550
v -0.00743288 0.03929996 0.00000000
v -0.00689989 0.03929996 0.00000000
v -0.00743288 0.03929996 0.00000000
v -0.00743282 0.03929853 -0.00010736
v -0.00689989 0.03929996 0.00000000
v -0.00743282 0.03929853 -0.00010736
v -0.00689989 0.03916835 -0.00105548
v -0.00689989 0.03916835 -0.00105548
v -0.00743282 0.03929853 -0.00010736
v -0.00742996 0.03923237 -0.00074239
v -0.00689989 0.03916835 -0.00105548
v -0.00742996 0.03923237 -0.00074239
v -0.00742805 0.03916352 -0.00105423
v -0.00743181 0.03886038 0.00189143
v -0.00743163 0.03893661 0.00172669
v -0.00689989 0.03893774 0.00172728
v -0.00689989 0.03893774 0.00172728
v -0.00743163 0.03893661 0.00172669
v -0.00743181 0.03908658 0.00133419
v -0.00689989 0.03893774 0.00172728
v -0.00743181 0.03908658 0.00133419
v -0.00689989 0.03928530 0.00035509
v -0.00689989 0.03928530 0.00035509
v -0.00743181 0.03908658 0.00133419
v -0.00743270 0.03924506 0.00068265
v -0.00689989 0.03928530 0.00035509
v -0.00743270 0.03924506 0.00068265
v -0.00743288 0.03928518 0.00035508
v -0.00743181 0.03886038 0.00189143
v -0.00689989 0.03893774 0.00172728
v -0.00743270 0.03852313 0.00246465
v -0.00743270 0.03852313 0.00246465
v -0.00689989 0.03893774 0.00172728
v -0.00689989 0.03816360 0.00291222
v -0.00743270 0.03852313 0.00246465
v -0.00689989 0.03816360 0.00291222
v -0.00743300 0.03816354 0.00291222
v -0.00743163 0.03704589 0.00378048
v -0.00743163 0.03711456 0.00374252
v -0.00689989 0.03704655 0.00378168
v -0.00689989 0.03704655 0.00378168
v -0.00743163 0.03711456 0.00374252
v -0.00743240 0.03763550 0.00339693
v -0.00689989 0.03704655 0.00378168
v -0.00743240 0.03763550 0.00339693
v -0.00689989 0.03816360 0.00291222
v -0.00689989 0.03816360 0.00291222
v -0.00743240 0.03763550 0.00339693
v -0.00743288 0.03811872 0.00296015
v -0.00689989 0.03816360 0.00291222
v -0.00743288 0.03811872 0.00296015
v -0.00743300 0.03816354 0.00291222
v -0.00743300 0.03570771 0.00424135
v -0.00743300 0.03573465 0.00423670
v -0.00689989 0.03570771 0.00424135
v -0.00689989 0.03570771 0.00424135
v -0.00743300 0.03573465 0.00423670
v -0.00743288 0.03594535 0.00419462
v -0.00689989 0.03570771 0.00424135
v -0.00743288 0.03594535 0.00419462
v -0.00689989 0.03704655 0.00378168
v -0.00689989 0.03704655 0.00378168
v -0.00743288 0.03594535 0.00419462
v -0.00743210 0.03657424 0.00400042
v -0.00689989 0.03704655 0.00378168
v -0.00743210 0.03657424 0.00400042
v -0.00743163 0.03704589 0.00378048
v -0.00750417 0.03445672 0.00426549
v -0.00746191 0.03495472 0.00429970
v -0.00689989 0.03429222 0.00424135
v -0.00689989 0.03429222 0.00424135
v -0.00746191 0.03495472 0.00429970
v -0.00689989 0.03570771 0.00424135
v -0.00689989 0.03570771 0.00424135
v -0.00746191 0.03495472 0.00429970
v -0.00743538 0.03551763 0.00426865
v -0.00689989 0.03570771 0.00424135
v -0.00743538 0.03551763 0.00426865
v -0.00743300 0.03570771 0.00424135
v -0.00757170 0.03378421 0.00412452
v -0.00755376 0.03396499 0.00417352
v -0.00689989 0.03429222 0.00424135
v -0.00689989 0.03429222 0.00424135
v -0.00755376 0.03396499 0.00417352
v -0.00752044 0.03429222 0.00424135
v -0.00689989 0.03429222 0.00424135
v -0.00752044 0.03429222 0.00424135
v -0.00750417 0.03445672 0.00426549
v -0.00757170 0.03378421 0.00412452
v -0.00689989 0.03429222 0.00424135
v -0.00762373 0.03295350 0.00378173
v -0.00762373 0.03295350 0.00378173
v -0.00689989 0.03429222 0.00424135
v -0.00689989 0.03295338 0.00378168
v -0.00762373 0.03295350 0.00378173
v -0.00689989 0.03295338 0.00378168
v -0.00762385 0.03291308 0.00375956
v -0.00762385 0.03291308 0.00375956
v -0.00689989 0.03295338 0.00378168
v -0.00689989 0.03183639 0.00291222
v -0.00762385 0.03291308 0.00375956
v -0.00689989 0.03183639 0.00291222
v -0.00762385 0.03183639 0.00291222
v -0.00756216 0.03235888 -0.00339329
v -0.00757927 0.03219193 -0.00325644
v -0.00689989 0.03235888 -0.00339329
v -0.00689989 0.03235888 -0.00339329
v -0.00757927 0.03219193 -0.00325644
v -0.00759053 0.03207713 -0.00315380
v -0.00689989 0.03235888 -0.00339329
v -0.00759053 0.03207713 -0.00315380
v -0.00689989 0.03140014 -0.00235182
v -0.00762159 0.03164547 -0.00269032
v -0.00745219 0.03360360 -0.00406694
v -0.00746346 0.03343093 -0.00400347
v -0.00689989 0.03360372 -0.00406694
v -0.00689989 0.03360372 -0.00406694
v -0.00746346 0.03343093 -0.00400347
v -0.00747383 0.03328961 -0.00394511
v -0.00689989 0.03360372 -0.00406694
v -0.00747383 0.03328961 -0.00394511
v -0.00689989 0.03235888 -0.00339329
v -0.00689989 0.03235888 -0.00339329
v -0.00747383 0.03328961 -0.00394511
v -0.00752515 0.03271681 -0.00364375
v -0.00689989 0.03235888 -0.00339329
v -0.00752515 0.03271681 -0.00364375
v -0.00756216 0.03235888 -0.00339329
v -0.00741744 0.03499990 -0.00430000
v -0.00741714 0.03485035 -0.00429732
v -0.00689989 0.03499990 -0.00430000
v -0.00689989 0.03499990 -0.00430000
v -0.00741714 0.03485035 -0.00429732
v -0.00741762 0.03468763 -0.00428855
v -0.00689989 0.03499990 -0.00430000
v -0.00741762 0.03468763 -0.00428855
v -0.00689989 0.03360372 -0.00406694
v -0.00689989 0.03360372 -0.00406694
v -0.00741762 0.03468763 -0.00428855
v -0.00743073 0.03405028 -0.00419372
v -0.00689989 0.03360372 -0.00406694
v -0.00743073 0.03405028 -0.00419372
v -0.00745219 0.03360360 -0.00406694
v -0.00743300 0.03647255 -0.00403994
v -0.00743288 0.03639620 -0.00406694
v -0.00689989 0.03639620 -0.00406694
v -0.00689989 0.03639620 -0.00406694
v -0.00743288 0.03639620 -0.00406694
v -0.00743115 0.03614068 -0.00414586
v -0.00689989 0.03639620 -0.00406694
v -0.00743115 0.03614068 -0.00414586
v -0.00689989 0.03499990 -0.00430000
v -0.00689989 0.03499990 -0.00430000
v -0.00743115 0.03614068 -0.00414586
v -0.00742245 0.03550297 -0.00427043
v -0.00689989 0.03499990 -0.00430000
v -0.00742245 0.03550297 -0.00427043
v -0.00741744 0.03499990 -0.00430000
v -0.00762385 0.03183639 0.00291222
v -0.00689989 0.03183639 0.00291222
v -0.00762385 0.03106212 0.00172728
v -0.00689989 0.03106212 0.00172728
v -0.00762385 0.03106212 0.00172728
v -0.00689989 0.03106212 0.00172728
v -0.00762385 0.03071469 0.00035509
v -0.00689989 0.03071469 0.00035509
v -0.00762385 0.03071469 0.00035509
v -0.00689989 0.03071469 0.00035509
v -0.00689989 0.03069990 0.00000000
v -0.00762385 0.03071469 0.00035509
v -0.00689989 0.03069990 0.00000000
v -0.00762385 0.03083157 -0.00105548
v -0.00762385 0.03083157 -0.00105548
v -0.00689989 0.03069990 0.00000000
v -0.00689989 0.03083157 -0.00105548
v -0.00762385 0.03083157 -0.00105548
v -0.00689989 0.03083157 -0.00105548
v -0.00762385 0.03140014 -0.00235182
v -0.00689989 0.03140014 -0.00235182
v -0.00762385 0.03140014 -0.00235182
v -0.00689989 0.03140014 -0.00235182
v -0.00762385 0.03152632 -0.00253457
v -0.00762385 0.03152632 -0.00253457
v -0.00689989 0.03140014 -0.00235182
v -0.00762159 0.03164547 -0.00269032
v -0.00728029 0.00590908 0.00187677
v -0.00769997 0.00622237 0.00197613
v -0.00728029 0.00609094 0.00115734
v -0.00769997 0.00641388 0.00121874
v -0.00728029 0.00609094 0.00115734
v -0.00769997 0.00641388 0.00121874
v -0.00728029 0.00619990 0.00000000
v -0.00728029 0.00619990 0.00000000
v -0.00769997 0.00641388 0.00121874
v -0.00769997 0.00652874 0.00000000
v -0.00728029 0.00619990 0.00000000
v -0.00769997 0.00652874 0.00000000
v -0.00728029 0.00619990 -0.00050000
v -0.00769997 0.00652874 -0.00050000
v -0.00769997 0.00769997 -0.00167120
v -0.00728029 0.00769997 -0.00199997
v -0.00728029 0.00718075 -0.00190723
v -0.00769997 0.00729459 -0.00159878
v -0.00769997 0.00729459 -0.00159878
v -0.00728029 0.00718075 -0.00190723
v -0.00728029 0.00663924 -0.00156063
v -0.00769997 0.00687170 -0.00132817
v -0.00769997 0.00687170 -0.00132817
v -0.00728029 0.00663924 -0.00156063
v -0.00728029 0.00629270 -0.00101912
v -0.00769997 0.00660110 -0.00090539
v -0.00769997 0.00660110 -0.00090539
v -0.00728029 0.00629270 -0.00101912
v -0.00728029 0.00619990 -0.00050000
v -0.00769997 0.00652874 -0.00050000
v -0.00728029 0.01099991 -0.00199997
v -0.00728029 0.00769997 -0.00199997
v -0.00769997 0.01099991 -0.00167120
v -0.00769997 0.00769997 -0.00167120
v -0.00728029 0.01099991 -0.00199997
v -0.00769997 0.01099991 -0.00167120
v -0.00728029 0.01175189 -0.00209570
v -0.00769997 0.01183432 -0.00177747
v -0.00728029 0.01175189 -0.00209570
v -0.00769997 0.01183432 -0.00177747
v -0.00728029 0.01264709 -0.00249255
v -0.00769997 0.01282751 -0.00221783
v -0.00728029 0.01264709 -0.00249255
v -0.00769997 0.01282751 -0.00221783
v -0.00728029 0.01332092 -0.00309902
v -0.00769997 0.01357501 -0.00289065
v -0.00762385 0.03152632 -0.00253457
v -0.00769997 0.03149759 -0.00255537
v -0.00762385 0.03140014 -0.00235182
v -0.00762385 0.03140014 -0.00235182
v -0.00769997 0.03149759 -0.00255537
v -0.00769997 0.03137046 -0.00237119
v -0.00762385 0.03140014 -0.00235182
v -0.00769997 0.03137046 -0.00237119
v -0.00762385 0.03083157 -0.00105548
v -0.00769997 0.03079712 -0.00106424
v -0.00762385 0.03083157 -0.00105548
v -0.00769997 0.03079712 -0.00106424
v -0.00762385 0.03071469 0.00035509
v -0.00769997 0.03067928 0.00035802
v -0.00762385 0.03071469 0.00035509
v -0.00769997 0.03067928 0.00035802
v -0.00762385 0.03106212 0.00172728
v -0.00769997 0.03102964 0.00174147
v -0.00762385 0.03106212 0.00172728
v -0.00769997 0.03102964 0.00174147
v -0.00762385 0.03183639 0.00291222
v -0.00769997 0.03181022 0.00293624
v -0.00762385 0.03183639 0.00291222
v -0.00769997 0.03181022 0.00293624
v -0.00762385 0.03291308 0.00375956
v -0.00769997 0.03289592 0.00379062
v -0.00762707 0.03395885 0.00422806
v -0.00764573 0.03377610 0.00417590
v -0.00755983 0.03376555 0.00445467
v -0.00401026 0.00579756 0.00601190
v -0.00451607 0.00607324 0.00595748
v -0.00438368 0.00502354 0.00586581
v -0.00563377 0.00713164 0.00558054
v -0.00573468 0.00727773 0.00552374
v -0.00582766 0.00609320 0.00540119
v -0.00639969 0.01307356 0.00509059
v -0.00689209 0.01214396 0.00438595
v -0.00692308 0.01018422 0.00431883
v -0.00568533 0.02871203 0.00634885
v -0.00574034 0.02998638 0.00623095
v -0.00618797 0.02997237 0.00610584
v -0.00568533 0.02871203 0.00634885
v -0.00545275 0.02938818 0.00632477
v -0.00574034 0.02998638 0.00623095
v -0.00574034 0.02998638 0.00623095
v -0.00545275 0.02938818 0.00632477
v -0.00530058 0.02979069 0.00628942
v -0.00574034 0.02998638 0.00623095
v -0.00530058 0.02979069 0.00628942
v -0.00549388 0.03163093 0.00606984
v -0.00580448 0.02810633 0.00635868
v -0.00602233 0.02798086 0.00629085
v -0.00584590 0.02750670 0.00637627
v -0.00584590 0.02750670 0.00637627
v -0.00602233 0.02798086 0.00629085
v -0.00650078 0.02795839 0.00604630
v -0.00584590 0.02750670 0.00637627
v -0.00650078 0.02795839 0.00604630
v -0.00586611 0.02392143 0.00641787
v -0.00639576 0.02299851 0.00604808
v -0.00637466 0.02320778 0.00607520
v -0.00673723 0.02395141 0.00579560
v -0.00639939 0.01746100 0.00554758
v -0.00639832 0.01998502 0.00581491
v -0.00651950 0.01998281 0.00570267
v -0.00651950 0.01998281 0.00570267
v -0.00639832 0.01998502 0.00581491
v -0.00639784 0.02041488 0.00585544
v -0.00637466 0.02320778 0.00607520
v -0.00628209 0.02347481 0.00615531
v -0.00673723 0.02395141 0.00579560
v -0.00673723 0.02395141 0.00579560
v -0.00628209 0.02347481 0.00615531
v -0.00625241 0.02352958 0.00617820
v -0.00673723 0.02395141 0.00579560
v -0.00625241 0.02352958 0.00617820
v -0.00624901 0.02353549 0.00618076
v -0.00639939 0.01601910 0.00538427
v -0.00639939 0.01603180 0.00538564
v -0.00693762 0.01605129 0.00470465
v -0.00639939 0.01746100 0.00554758
v -0.00693762 0.01605129 0.00470465
v -0.00639939 0.01746100 0.00554758
v -0.00704843 0.01997536 0.00504988
v -0.00704843 0.01997536 0.00504988
v -0.00639939 0.01746100 0.00554758
v -0.00651950 0.01998281 0.00570267
v -0.00704843 0.01997536 0.00504988
v -0.00651950 0.01998281 0.00570267
v -0.00673723 0.02395141 0.00579560
v -0.00673723 0.02395141 0.00579560
v -0.00651950 0.01998281 0.00570267
v -0.00639784 0.02041488 0.00585544
v -0.00673723 0.02395141 0.00579560
v -0.00639784 0.02041488 0.00585544
v -0.00639576 0.02299851 0.00604808
v -0.00639939 0.01601910 0.00538427
v -0.00693762 0.01605129 0.00470465
v -0.00639969 0.01307356 0.00509059
v -0.00639969 0.01307356 0.00509059
v -0.00693762 0.01605129 0.00470465
v -0.00690275 0.01409703 0.00453079
v -0.00639969 0.01307356 0.00509059
v -0.00690275 0.01409703 0.00453079
v -0.00689209 0.01214396 0.00438595
v -0.00639933 0.00950027 0.00498945
v -0.00692308 0.01018422 0.00431883
v -0.00636166 0.00894827 0.00503439
v -0.00636166 0.00894827 0.00503439
v -0.00692308 0.01018422 0.00431883
v -0.00698102 0.00821650 0.00428748
v -0.00639933 0.00950027 0.00498945
v -0.00639933 0.00959968 0.00498837
v -0.00692308 0.01018422 0.00431883
v -0.00639933 0.00959968 0.00498837
v -0.00639874 0.01151502 0.00500286
v -0.00692308 0.01018422 0.00431883
v -0.00639874 0.01151502 0.00500286
v -0.00639969 0.01307356 0.00509059
v -0.00639731 0.00813836 0.00500363
v -0.00624949 0.00840694 0.00514513
v -0.00631481 0.00867563 0.00508279
v -0.00624949 0.00840694 0.00514513
v -0.00639731 0.00813836 0.00500363
v -0.00604165 0.00783473 0.00531828
v -0.00649434 0.00616264 0.00486553
v -0.00604165 0.00783473 0.00531828
v -0.00649434 0.00616264 0.00486553
v -0.00573468 0.00727773 0.00552374
v -0.00438368 0.00502354 0.00586581
v -0.00451607 0.00607324 0.00595748
v -0.00508064 0.00604397 0.00578165
v -0.00508064 0.00604397 0.00578165
v -0.00451607 0.00607324 0.00595748
v -0.00494420 0.00638688 0.00586039
v -0.00508064 0.00604397 0.00578165
v -0.00494420 0.00638688 0.00586039
v -0.00582766 0.00609320 0.00540119
v -0.00582766 0.00609320 0.00540119
v -0.00494420 0.00638688 0.00586039
v -0.00538999 0.00682396 0.00569987
v -0.00582766 0.00609320 0.00540119
v -0.00538999 0.00682396 0.00569987
v -0.00563377 0.00713164 0.00558054
v -0.00438368 0.00502354 0.00586581
v -0.00445050 0.00444788 0.00577450
v -0.00431055 0.00443613 0.00579727
v -0.00401026 0.00579756 0.00601190
v -0.00438368 0.00502354 0.00586581
v -0.00362641 0.00564343 0.00601315
v -0.00362641 0.00564343 0.00601315
v -0.00438368 0.00502354 0.00586581
v -0.00431055 0.00443613 0.00579727
v -0.00362641 0.00564343 0.00601315
v -0.00431055 0.00443613 0.00579727
v -0.00395155 0.00435090 0.00582439
v -0.00370032 0.00421274 0.00581199
v -0.00369996 0.00433874 0.00583053
v -0.00395155 0.00435090 0.00582439
v -0.00395155 0.00435090 0.00582439
v -0.00369996 0.00433874 0.00583053
v -0.00369918 0.00442743 0.00584352
v -0.00362641 0.00564343 0.00601315
v -0.00445050 0.00444788 0.00577450
v -0.00438368 0.00502354 0.00586581
v -0.00508595 0.00449330 0.00560182
v -0.00508595 0.00449330 0.00560182
v -0.00438368 0.00502354 0.00586581
v -0.00508064 0.00604397 0.00578165
v -0.00508595 0.00449330 0.00560182
v -0.00508064 0.00604397 0.00578165
v -0.00565958 0.00456142 0.00534236
v -0.00565958 0.00456142 0.00534236
v -0.00508064 0.00604397 0.00578165
v -0.00582766 0.00609320 0.00540119
v -0.00565958 0.00456142 0.00534236
v -0.00582766 0.00609320 0.00540119
v -0.00587922 0.00459605 0.00521332
v -0.00573468 0.00727773 0.00552374
v -0.00649434 0.00616264 0.00486553
v -0.00582766 0.00609320 0.00540119
v -0.00582766 0.00609320 0.00540119
v -0.00649434 0.00616264 0.00486553
v -0.00620443 0.00465745 0.00498491
v -0.00582766 0.00609320 0.00540119
v -0.00620443 0.00465745 0.00498491
v -0.00587922 0.00459605 0.00521332
v -0.00705296 0.00522053 0.00411189
v -0.00686449 0.00504672 0.00435698
v -0.00649434 0.00616264 0.00486553
v -0.00649434 0.00616264 0.00486553
v -0.00686449 0.00504672 0.00435698
v -0.00644857 0.00471264 0.00477803
v -0.00649434 0.00616264 0.00486553
v -0.00644857 0.00471264 0.00477803
v -0.00620443 0.00465745 0.00498491
v -0.00746137 0.00568336 0.00332850
v -0.00722265 0.00539422 0.00384241
v -0.00703454 0.00624818 0.00420439
v -0.00763369 0.00597000 0.00270611
v -0.00761139 0.00592387 0.00281709
v -0.00741810 0.00634420 0.00346345
v -0.00769997 0.00655222 0.00197887
v -0.00769997 0.00622237 0.00197613
v -0.00769681 0.00617474 0.00213563
v -0.00769681 0.00617474 0.00213563
v -0.00763625 0.00644374 0.00269443
v -0.00769997 0.00655222 0.00197887
v -0.00769997 0.00655222 0.00197887
v -0.00763625 0.00644374 0.00269443
v -0.00763112 0.00839490 0.00265217
v -0.00769997 0.00789541 0.00192356
v -0.00769997 0.00789541 0.00192356
v -0.00763112 0.00839490 0.00265217
v -0.00762552 0.01034164 0.00254828
v -0.00769997 0.01055312 0.00169992
v -0.00769997 0.01055312 0.00169992
v -0.00762552 0.01034164 0.00254828
v -0.00762355 0.01130890 0.00252294
v -0.00769997 0.01182925 0.00165576
v -0.00762254 0.01227086 0.00254184
v -0.00769997 0.01303845 0.00171685
v -0.00769997 0.01303845 0.00171685
v -0.00762254 0.01227086 0.00254184
v -0.00762355 0.01418572 0.00270897
v -0.00769997 0.01454979 0.00188828
v -0.00762701 0.01610124 0.00296128
v -0.00769997 0.01664572 0.00222737
v -0.00769997 0.01664572 0.00222737
v -0.00762701 0.01610124 0.00296128
v -0.00763756 0.01995831 0.00355917
v -0.00769997 0.01987779 0.00283945
v -0.00769997 0.01987779 0.00283945
v -0.00764906 0.02386140 0.00404978
v -0.00769997 0.02243840 0.00327587
v -0.00769997 0.02243840 0.00327587
v -0.00764906 0.02386140 0.00404978
v -0.00765437 0.02582705 0.00421208
v -0.00769997 0.02243840 0.00327587
v -0.00765437 0.02582705 0.00421208
v -0.00769997 0.02478754 0.00359201
v -0.00769997 0.02478754 0.00359201
v -0.00765914 0.02779853 0.00430542
v -0.00765914 0.02779853 0.00430542
v -0.00769997 0.02697151 0.00379616
v -0.00769997 0.02697151 0.00379616
v -0.00765914 0.02779853 0.00430542
v -0.00766319 0.02977240 0.00431991
v -0.00769997 0.02697151 0.00379616
v -0.00766319 0.02977240 0.00431991
v -0.00769997 0.02902960 0.00389534
v -0.00762707 0.03395885 0.00422806
v -0.00755983 0.03376555 0.00445467
v -0.00757551 0.03445577 0.00432682
v -0.00757551 0.03445577 0.00432682
v -0.00755983 0.03376555 0.00445467
v -0.00736922 0.03382170 0.00482166
v -0.00757551 0.03445577 0.00432682
v -0.00736922 0.03382170 0.00482166
v -0.00753158 0.03495889 0.00436532
v -0.00769681 0.00617474 0.00213563
v -0.00763369 0.00597000 0.00270611
v -0.00763625 0.00644374 0.00269443
v -0.00763625 0.00644374 0.00269443
v -0.00763369 0.00597000 0.00270611
v -0.00741810 0.00634420 0.00346345
v -0.00763625 0.00644374 0.00269443
v -0.00741810 0.00634420 0.00346345
v -0.00763112 0.00839490 0.00265217
v -0.00739545 0.00830400 0.00348514
v -0.00763112 0.00839490 0.00265217
v -0.00739545 0.00830400 0.00348514
v -0.00762552 0.01034164 0.00254828
v -0.00737089 0.01026141 0.00345004
v -0.00762552 0.01034164 0.00254828
v -0.00737089 0.01026141 0.00345004
v -0.00762355 0.01130890 0.00252294
v -0.00762355 0.01130890 0.00252294
v -0.00737089 0.01026141 0.00345004
v -0.00735778 0.01220619 0.00348109
v -0.00631481 0.00867563 0.00508279
v -0.00636166 0.00894827 0.00503439
v -0.00639731 0.00813836 0.00500363
v -0.00639731 0.00813836 0.00500363
v -0.00636166 0.00894827 0.00503439
v -0.00698102 0.00821650 0.00428748
v -0.00639731 0.00813836 0.00500363
v -0.00698102 0.00821650 0.00428748
v -0.00649434 0.00616264 0.00486553
v -0.00649434 0.00616264 0.00486553
v -0.00698102 0.00821650 0.00428748
v -0.00703454 0.00624818 0.00420439
v -0.00649434 0.00616264 0.00486553
v -0.00703454 0.00624818 0.00420439
v -0.00705296 0.00522053 0.00411189
v -0.00705296 0.00522053 0.00411189
v -0.00703454 0.00624818 0.00420439
v -0.00722265 0.00539422 0.00384241
v -0.00700396 0.02991294 0.00557589
v -0.00650078 0.02795839 0.00604630
v -0.00661922 0.02994763 0.00588572
v -0.00661922 0.02994763 0.00588572
v -0.00650078 0.02795839 0.00604630
v -0.00602233 0.02798086 0.00629085
v -0.00618797 0.02997237 0.00610584
v -0.00618797 0.02997237 0.00610584
v -0.00602233 0.02798086 0.00629085
v -0.00580448 0.02810633 0.00635868
v -0.00618797 0.02997237 0.00610584
v -0.00580448 0.02810633 0.00635868
v -0.00568533 0.02871203 0.00634885
v -0.00584048 0.03593879 0.00541425
v -0.00605047 0.03593438 0.00538862
v -0.00601268 0.03395766 0.00571024
v -0.00601268 0.03395766 0.00571024
v -0.00605047 0.03593438 0.00538862
v -0.00642759 0.03591620 0.00528401
v -0.00639802 0.03394120 0.00560308
v -0.00639802 0.03394120 0.00560308
v -0.00642759 0.03591620 0.00528401
v -0.00685966 0.03587639 0.00505400
v -0.00639802 0.03394120 0.00560308
v -0.00685966 0.03587639 0.00505400
v -0.00676936 0.03391242 0.00541461
v -0.00734830 0.03184926 0.00504357
v -0.00700396 0.02991294 0.00557589
v -0.00706285 0.03189545 0.00539285
v -0.00706285 0.03189545 0.00539285
v -0.00700396 0.02991294 0.00557589
v -0.00661922 0.02994763 0.00588572
v -0.00671053 0.03193295 0.00567585
v -0.00671053 0.03193295 0.00567585
v -0.00661922 0.02994763 0.00588572
v -0.00618797 0.02997237 0.00610584
v -0.00631571 0.03195953 0.00587672
v -0.00631571 0.03195953 0.00587672
v -0.00618797 0.02997237 0.00610584
v -0.00574034 0.02998638 0.00623095
v -0.00590593 0.03197467 0.00599098
v -0.00590593 0.03197467 0.00599098
v -0.00574034 0.02998638 0.00623095
v -0.00549388 0.03163093 0.00606984
v -0.00590593 0.03197467 0.00599098
v -0.00549388 0.03163093 0.00606984
v -0.00564855 0.03385686 0.00575769
v -0.00685966 0.03587639 0.00505400
v -0.00701177 0.03585588 0.00493604
v -0.00676936 0.03391242 0.00541461
v -0.00676936 0.03391242 0.00541461
v -0.00701177 0.03585588 0.00493604
v -0.00711411 0.03583955 0.00484186
v -0.00676936 0.03391242 0.00541461
v -0.00711411 0.03583955 0.00484186
v -0.00710070 0.03387176 0.00514924
v -0.00710070 0.03387176 0.00514924
v -0.00711411 0.03583955 0.00484186
v -0.00750148 0.03574633 0.00430423
v -0.00710070 0.03387176 0.00514924
v -0.00750148 0.03574633 0.00430423
v -0.00736922 0.03382170 0.00482166
v -0.00736922 0.03382170 0.00482166
v -0.00750148 0.03574633 0.00430423
v -0.00750399 0.03552728 0.00433636
v -0.00736922 0.03382170 0.00482166
v -0.00750399 0.03552728 0.00433636
v -0.00753158 0.03495889 0.00436532
v -0.00569999 0.03593975 0.00541914
v -0.00584048 0.03593879 0.00541425
v -0.00564855 0.03385686 0.00575769
v -0.00564855 0.03385686 0.00575769
v -0.00584048 0.03593879 0.00541425
v -0.00601268 0.03395766 0.00571024
v -0.00564855 0.03385686 0.00575769
v -0.00601268 0.03395766 0.00571024
v -0.00590593 0.03197467 0.00599098
v -0.00590593 0.03197467 0.00599098
v -0.00601268 0.03395766 0.00571024
v -0.00639802 0.03394120 0.00560308
v -0.00631571 0.03195953 0.00587672
v -0.00631571 0.03195953 0.00587672
v -0.00639802 0.03394120 0.00560308
v -0.00676936 0.03391242 0.00541461
v -0.00671053 0.03193295 0.00567585
v -0.00671053 0.03193295 0.00567585
v -0.00676936 0.03391242 0.00541461
v -0.00710070 0.03387176 0.00514924
v -0.00706285 0.03189545 0.00539285
v -0.00706285 0.03189545 0.00539285
v -0.00710070 0.03387176 0.00514924
v -0.00736922 0.03382170 0.00482166
v -0.00734830 0.03184926 0.00504357
v -0.00734830 0.03184926 0.00504357
v -0.00736922 0.03382170 0.00482166
v -0.00755983 0.03376555 0.00445467
v -0.00762254 0.01227086 0.00254184
v -0.00762254 0.01227086 0.00254184
v -0.00735778 0.01220619 0.00348109
v -0.00762355 0.01418572 0.00270897
v -0.00736231 0.01414054 0.00363684
v -0.00762355 0.01418572 0.00270897
v -0.00736231 0.01414054 0.00363684
v -0.00762701 0.01610124 0.00296128
v -0.00737709 0.01607573 0.00384921
v -0.00763756 0.01995831 0.00355917
v -0.00742394 0.01996695 0.00431842
v -0.00747490 0.02389323 0.00466818
v -0.00747490 0.02389323 0.00466818
v -0.00742394 0.01996695 0.00431842
v -0.00716859 0.02392405 0.00526398
v -0.00747490 0.02389323 0.00466818
v -0.00716859 0.02392405 0.00526398
v -0.00749832 0.02586668 0.00476527
v -0.00722402 0.02590489 0.00529820
v -0.00749832 0.02586668 0.00476527
v -0.00722402 0.02590489 0.00529820
v -0.00751942 0.02784395 0.00480008
v -0.00769997 0.03289592 0.00379062
v -0.00769997 0.03097778 0.00389403
v -0.00766474 0.03357416 0.00410777
v -0.00766474 0.03357416 0.00410777
v -0.00769997 0.03097778 0.00389403
v -0.00766623 0.03174370 0.00424588
v -0.00766474 0.03357416 0.00410777
v -0.00766623 0.03174370 0.00424588
v -0.00755107 0.03179740 0.00465214
v -0.00755107 0.03179740 0.00465214
v -0.00766623 0.03174370 0.00424588
v -0.00753730 0.02982223 0.00476479
v -0.00755107 0.03179740 0.00465214
v -0.00753730 0.02982223 0.00476479
v -0.00731587 0.02987021 0.00519341
v -0.00731587 0.02987021 0.00519341
v -0.00753730 0.02982223 0.00476479
v -0.00727379 0.02788770 0.00527650
v -0.00731587 0.02987021 0.00519341
v -0.00727379 0.02788770 0.00527650
v -0.00692779 0.02792674 0.00570166
v -0.00692779 0.02792674 0.00570166
v -0.00727379 0.02788770 0.00527650
v -0.00673723 0.02395141 0.00579560
v -0.00692779 0.02792674 0.00570166
v -0.00620490 0.02397364 0.00622642
v -0.00620490 0.02397364 0.00622642
v -0.00673723 0.02395141 0.00579560
v -0.00624901 0.02353549 0.00618076
v -0.00620490 0.02397364 0.00622642
v -0.00624901 0.02353549 0.00618076
v -0.00612938 0.02370256 0.00626564
v -0.00769997 0.01987779 0.00283945
v -0.00763756 0.01995831 0.00355917
v -0.00764906 0.02386140 0.00404978
v -0.00764906 0.02386140 0.00404978
v -0.00764906 0.02386140 0.00404978
v -0.00747490 0.02389323 0.00466818
v -0.00765437 0.02582705 0.00421208
v -0.00765437 0.02582705 0.00421208
v -0.00747490 0.02389323 0.00466818
v -0.00749832 0.02586668 0.00476527
v -0.00765914 0.02779853 0.00430542
v -0.00751942 0.02784395 0.00480008
v -0.00765914 0.02779853 0.00430542
v -0.00751942 0.02784395 0.00480008
v -0.00766319 0.02977240 0.00431991
v -0.00764573 0.03377610 0.00417590
v -0.00766474 0.03357416 0.00410777
v -0.00755983 0.03376555 0.00445467
v -0.00755983 0.03376555 0.00445467
v -0.00766474 0.03357416 0.00410777
v -0.00755107 0.03179740 0.00465214
v -0.00755107 0.03179740 0.00465214
v -0.00734830 0.03184926 0.00504357
v -0.00734830 0.03184926 0.00504357
v -0.00731587 0.02987021 0.00519341
v -0.00700396 0.02991294 0.00557589
v -0.00700396 0.02991294 0.00557589
v -0.00692779 0.02792674 0.00570166
v -0.00650078 0.02795839 0.00604630
v -0.00650078 0.02795839 0.00604630
v -0.00620490 0.02397364 0.00622642
v -0.00586611 0.02392143 0.00641787
v -0.00586611 0.02392143 0.00641787
v -0.00620490 0.02397364 0.00622642
v -0.00612938 0.02370256 0.00626564
v -0.00761139 0.00592387 0.00281709
v -0.00746137 0.00568336 0.00332850
v -0.00741810 0.00634420 0.00346345
v -0.00741810 0.00634420 0.00346345
v -0.00746137 0.00568336 0.00332850
v -0.00703454 0.00624818 0.00420439
v -0.00741810 0.00634420 0.00346345
v -0.00703454 0.00624818 0.00420439
v -0.00739545 0.00830400 0.00348514
v -0.00739545 0.00830400 0.00348514
v -0.00703454 0.00624818 0.00420439
v -0.00698102 0.00821650 0.00428748
v -0.00739545 0.00830400 0.00348514
v -0.00698102 0.00821650 0.00428748
v -0.00737089 0.01026141 0.00345004
v -0.00692308 0.01018422 0.00431883
v -0.00737089 0.01026141 0.00345004
v -0.00692308 0.01018422 0.00431883
v -0.00735778 0.01220619 0.00348109
v -0.00689209 0.01214396 0.00438595
v -0.00735778 0.01220619 0.00348109
v -0.00689209 0.01214396 0.00438595
v -0.00736231 0.01414054 0.00363684
v -0.00690275 0.01409703 0.00453079
v -0.00736231 0.01414054 0.00363684
v -0.00690275 0.01409703 0.00453079
v -0.00737709 0.01607573 0.00384921
v -0.00693762 0.01605129 0.00470465
v -0.00737709 0.01607573 0.00384921
v -0.00693762 0.01605129 0.00470465
v -0.00742394 0.01996695 0.00431842
v -0.00742394 0.01996695 0.00431842
v -0.00693762 0.01605129 0.00470465
v -0.00704843 0.01997536 0.00504988
v -0.00704843 0.01997536 0.00504988
v -0.00716859 0.02392405 0.00526398
v -0.00704843 0.01997536 0.00504988
v -0.00673723 0.02395141 0.00579560
v -0.00716859 0.02392405 0.00526398
v -0.00673723 0.02395141 0.00579560
v -0.00722402 0.02590489 0.00529820
v -0.00722402 0.02590489 0.00529820
v -0.00673723 0.02395141 0.00579560
v -0.00727379 0.02788770 0.00527650
v -0.00727379 0.02788770 0.00527650
v -0.00751942 0.02784395 0.00480008
v -0.00753730 0.02982223 0.00476479
v -0.00766319 0.02977240 0.00431991
v -0.00766623 0.03174370 0.00424588
v -0.00769997 0.02902960 0.00389534
v -0.00769997 0.02902960 0.00389534
v -0.00766623 0.03174370 0.00424588
v -0.00769997 0.03097778 0.00389403
v -0.00740707 0.01432561 -0.00485212
v -0.00700498 0.01399028 -0.00475866
v -0.00753200 0.01425695 -0.00437641
v -0.00753200 0.01425695 -0.00437641
v -0.00700498 0.01399028 -0.00475866
v -0.00715208 0.01390057 -0.00423294
v -0.00753200 0.01425695 -0.00437641
v -0.00715208 0.01390057 -0.00423294
v -0.00763261 0.01409757 -0.00382990
v -0.00763261 0.01409757 -0.00382990
v -0.00715208 0.01390057 -0.00423294
v -0.00724077 0.01372039 -0.00373334
v -0.00728029 0.01332092 -0.00309902
v -0.00769997 0.01357501 -0.00289065
v -0.00727755 0.01344943 -0.00326759
v -0.00727755 0.01344943 -0.00326759
v -0.00769997 0.01357501 -0.00289065
v -0.00768435 0.01387172 -0.00334179
v -0.00727755 0.01344943 -0.00326759
v -0.00768435 0.01387172 -0.00334179
v -0.00724077 0.01372039 -0.00373334
v -0.00724077 0.01372039 -0.00373334
v -0.00768435 0.01387172 -0.00334179
v -0.00765055 0.01404321 -0.00369394
v -0.00765055 0.01404321 -0.00369394
v -0.00101989 0.01610988 -0.00972301
v -0.00070000 0.01611495 -0.00973004
v -0.00070000 0.01581937 -0.00951183
v -0.00101989 0.01610988 -0.00972301
v -0.00070000 0.01581937 -0.00951183
v -0.00178486 0.01605731 -0.00964981
v -0.00070000 0.01581937 -0.00951183
v -0.00144970 0.01578581 -0.00946862
v -0.00178486 0.01605731 -0.00964981
v -0.00178486 0.01605731 -0.00964981
v -0.00144970 0.01578581 -0.00946862
v -0.00176299 0.01575219 -0.00942480
v -0.00178486 0.01605731 -0.00964981
v -0.00176299 0.01575219 -0.00942480
v -0.00187993 0.01604682 -0.00963503
v -0.00187993 0.01604682 -0.00963503
v -0.00176299 0.01575219 -0.00942480
v -0.00210720 0.01570248 -0.00935888
v -0.00187993 0.01604682 -0.00963503
v -0.00210720 0.01570248 -0.00935888
v -0.00263965 0.01593250 -0.00946987
v -0.00263965 0.01593250 -0.00946987
v -0.00210720 0.01570248 -0.00935888
v -0.00281256 0.01556408 -0.00916541
v -0.00700498 0.01399028 -0.00475866
v -0.00740707 0.01432561 -0.00485212
v -0.00673056 0.01408737 -0.00553399
v -0.00714779 0.01440966 -0.00556958
v -0.00673056 0.01408737 -0.00553399
v -0.00714779 0.01440966 -0.00556958
v -0.00661588 0.01413440 -0.00578940
v -0.00701255 0.01446038 -0.00586706
v -0.00661588 0.01413440 -0.00578940
v -0.00701255 0.01446038 -0.00586706
v -0.00636005 0.01424545 -0.00627607
v -0.00636005 0.01424545 -0.00627607
v -0.00701255 0.01446038 -0.00586706
v -0.00662625 0.01461565 -0.00655884
v -0.00636005 0.01424545 -0.00627607
v -0.00662625 0.01461565 -0.00655884
v -0.00608063 0.01437073 -0.00671673
v -0.00608063 0.01437073 -0.00671673
v -0.00662625 0.01461565 -0.00655884
v -0.00642270 0.01469993 -0.00685948
v -0.00608063 0.01437073 -0.00671673
v -0.00642270 0.01469993 -0.00685948
v -0.00589341 0.01445508 -0.00697362
v -0.00589341 0.01445508 -0.00697362
v -0.00642270 0.01469993 -0.00685948
v -0.00616074 0.01480871 -0.00720114
v -0.00589341 0.01445508 -0.00697362
v -0.00616074 0.01480871 -0.00720114
v -0.00543898 0.01465719 -0.00750458
v -0.00580698 0.01495373 -0.00759989
v -0.00543898 0.01465719 -0.00750458
v -0.00580698 0.01495373 -0.00759989
v -0.00484550 0.01490753 -0.00805259
v -0.00484550 0.01490753 -0.00805259
v -0.00580698 0.01495373 -0.00759989
v -0.00520366 0.01519042 -0.00815582
v -0.00484550 0.01490753 -0.00805259
v -0.00520366 0.01519042 -0.00815582
v -0.00463367 0.01499187 -0.00821763
v -0.00463367 0.01499187 -0.00821763
v -0.00520366 0.01519042 -0.00815582
v -0.00488478 0.01530814 -0.00840050
v -0.00463367 0.01499187 -0.00821763
v -0.00488478 0.01530814 -0.00840050
v -0.00424689 0.01513755 -0.00848460
v -0.00424689 0.01513755 -0.00848460
v -0.00488478 0.01530814 -0.00840050
v -0.00454199 0.01542770 -0.00863224
v -0.00424689 0.01513755 -0.00848460
v -0.00454199 0.01542770 -0.00863224
v -0.00375187 0.01530522 -0.00876892
v -0.00375187 0.01530522 -0.00876892
v -0.00454199 0.01542770 -0.00863224
v -0.00408709 0.01557421 -0.00889641
v -0.00375187 0.01530522 -0.00876892
v -0.00408709 0.01557421 -0.00889641
v -0.00359327 0.01535463 -0.00884825
v -0.00359327 0.01535463 -0.00884825
v -0.00408709 0.01557421 -0.00889641
v -0.00337583 0.01577210 -0.00922436
v -0.00359327 0.01535463 -0.00884825
v -0.00337583 0.01577210 -0.00922436
v -0.00281256 0.01556408 -0.00916541
v -0.00281256 0.01556408 -0.00916541
v -0.00337583 0.01577210 -0.00922436
v -0.00292599 0.01587569 -0.00938487
v -0.00281256 0.01556408 -0.00916541
v -0.00292599 0.01587569 -0.00938487
v -0.00263965 0.01593250 -0.00946987
v 0.00070000 0.01611495 -0.00973004
v -0.00070000 0.01611495 -0.00973004
v 0.00070000 0.01784992 -0.00956684
v 0.00070000 0.01784992 -0.00956684
v -0.00070000 0.01611495 -0.00973004
v -0.00070003 0.01906436 -0.00942975
v 0.00070000 0.01784992 -0.00956684
v -0.00070003 0.01906436 -0.00942975
v 0.00070000 0.02050393 -0.00924289
v 0.00070000 0.02050393 -0.00924289
v -0.00070003 0.01906436 -0.00942975
v -0.00068551 0.02175068 -0.00905949
v 0.00070000 0.02050393 -0.00924289
v -0.00068551 0.02175068 -0.00905949
v 0.00070005 0.02330309 -0.00880295
v 0.00070005 0.02330309 -0.00880295
v -0.00068551 0.02175068 -0.00905949
v -0.00068039 0.02351051 -0.00876629
v 0.00070005 0.02330309 -0.00880295
v -0.00068039 0.02351051 -0.00876629
v 0.00072544 0.02457076 -0.00857013
v -0.00069805 0.02408045 -0.00866270
v 0.00072544 0.02457076 -0.00857013
v -0.00069805 0.02408045 -0.00866270
v -0.00073845 0.02473878 -0.00853765
v 0.00072544 0.02457076 -0.00857013
v -0.00073845 0.02473878 -0.00853765
v 0.00084759 0.02562803 -0.00835973
v -0.00160289 0.02866196 -0.00767285
v 0.00146300 0.02821218 -0.00778258
v -0.00113761 0.02703857 -0.00805581
v 0.00109357 0.02685821 -0.00809616
v -0.00113761 0.02703857 -0.00805581
v 0.00109357 0.02685821 -0.00809616
v -0.00088469 0.02585399 -0.00831282
v 0.00084759 0.02562803 -0.00835973
v -0.00088469 0.02585399 -0.00831282
v -0.00083206 0.02552962 -0.00837994
v 0.00244713 0.03102946 -0.00704974
v -0.00349992 0.03285020 -0.00651699
v 0.00285816 0.03175359 -0.00684351
v 0.00285816 0.03175359 -0.00684351
v -0.00349992 0.03285020 -0.00651699
v 0.00349992 0.03285020 -0.00651699
v 0.00362009 0.03285437 -0.00651574
v -0.00213856 0.03029942 -0.00725013
v 0.00244713 0.03102946 -0.00704974
v -0.00160289 0.02866196 -0.00767285
v -0.00160289 0.02866196 -0.00767285
v 0.00244713 0.03102946 -0.00704974
v 0.00212634 0.03022897 -0.00726914
v 0.00212634 0.03022897 -0.00726914
v 0.00146300 0.02821218 -0.00778258
v -0.00213856 0.03029942 -0.00725013
v -0.00247943 0.03109186 -0.00703228
v 0.00244713 0.03102946 -0.00704974
v -0.00247943 0.03109186 -0.00703228
v -0.00300634 0.03198271 -0.00677675
v 0.00244713 0.03102946 -0.00704974
v -0.00300634 0.03198271 -0.00677675
v -0.00362009 0.03285437 -0.00651574
v -0.00485283 0.03343397 -0.00624633
v -0.00460607 0.03348684 -0.00606918
v -0.00437164 0.03327924 -0.00616467
v -0.00523794 0.03454780 -0.00594801
v -0.00500000 0.03450000 -0.00575107
v -0.00523925 0.03446429 -0.00596762
v -0.00523925 0.03446429 -0.00596762
v -0.00500000 0.03450000 -0.00575107
v -0.00495052 0.03411793 -0.00585556
v -0.00523925 0.03446429 -0.00596762
v -0.00495052 0.03411793 -0.00585556
v -0.00518632 0.03406864 -0.00606048
v -0.00518632 0.03406864 -0.00606048
v -0.00495052 0.03411793 -0.00585556
v -0.00490940 0.03398668 -0.00589353
v -0.00518632 0.03406864 -0.00606048
v -0.00490940 0.03398668 -0.00589353
v -0.00513375 0.03390496 -0.00610209
v -0.00513375 0.03390496 -0.00610209
v -0.00490940 0.03398668 -0.00589353
v -0.00473303 0.03364574 -0.00600636
v -0.00513375 0.03390496 -0.00610209
v -0.00473303 0.03364574 -0.00600636
v -0.00494784 0.03355598 -0.00620443
v -0.00494784 0.03355598 -0.00620443
v -0.00473303 0.03364574 -0.00600636
v -0.00485283 0.03343397 -0.00624633
v -0.00485283 0.03343397 -0.00624633
v -0.00473303 0.03364574 -0.00600636
v -0.00465113 0.03353828 -0.00604796
v -0.00485283 0.03343397 -0.00624633
v -0.00465113 0.03353828 -0.00604796
v -0.00460607 0.03348684 -0.00606918
v -0.00411683 0.03294330 -0.00646496
v -0.00447792 0.03311276 -0.00637811
v -0.00437164 0.03327924 -0.00616467
v -0.00437164 0.03327924 -0.00616467
v -0.00447792 0.03311276 -0.00637811
v -0.00455737 0.03316551 -0.00635397
v -0.00437164 0.03327924 -0.00616467
v -0.00455737 0.03316551 -0.00635397
v -0.00485283 0.03343397 -0.00624633
v -0.00437164 0.03327924 -0.00616467
v -0.00425100 0.03320157 -0.00620520
v -0.00411683 0.03294330 -0.00646496
v -0.00411683 0.03294330 -0.00646496
v -0.00425100 0.03320157 -0.00620520
v -0.00392282 0.03306078 -0.00628662
v -0.00411683 0.03294330 -0.00646496
v -0.00392282 0.03306078 -0.00628662
v -0.00400162 0.03290939 -0.00648427
v -0.00400162 0.03290939 -0.00648427
v -0.00392282 0.03306078 -0.00628662
v -0.00360542 0.03300344 -0.00631994
v -0.00400162 0.03290939 -0.00648427
v -0.00360542 0.03300344 -0.00631994
v -0.00362009 0.03285437 -0.00651574
v -0.00500107 0.03511250 -0.00557709
v -0.00500000 0.03450000 -0.00575107
v -0.00520337 0.03518283 -0.00576377
v -0.00520337 0.03518283 -0.00576377
v -0.00500000 0.03450000 -0.00575107
v -0.00523794 0.03454780 -0.00594801
v -0.00520337 0.03518283 -0.00576377
v -0.00535500 0.03549224 -0.00566006
v -0.00519991 0.03688359 -0.00516737
v -0.00519991 0.03688359 -0.00516737
v -0.00535500 0.03549224 -0.00566006
v -0.00551122 0.03587448 -0.00552750
v -0.00560760 0.03618890 -0.00541699
v -0.00519991 0.03688359 -0.00516737
v -0.00560760 0.03618890 -0.00541699
v -0.00566608 0.03646868 -0.00531733
v -0.00569999 0.03688365 -0.00516737
v -0.00584048 0.03915292 0.00359839
v -0.00584048 0.03831875 0.00437963
v -0.00569999 0.03832173 0.00438356
v -0.00584048 0.04047334 0.00048800
v -0.00584048 0.04025393 0.00160950
v -0.00569999 0.04025870 0.00161099
v -0.00584048 0.03904122 -0.00372338
v -0.00584048 0.03972405 -0.00280690
v -0.00569999 0.03972828 -0.00280946
v -0.00604373 0.03687340 -0.00513941
v -0.00649148 0.03682768 -0.00501388
v -0.00636321 0.03714519 -0.00494123
v -0.00750148 0.03802049 -0.00315601
v -0.00719070 0.03855448 -0.00327498
v -0.00719070 0.03780025 -0.00393951
v -0.00701177 0.03585588 0.00493604
v -0.00685966 0.03587639 0.00505400
v -0.00685966 0.03617811 0.00499231
v -0.00605047 0.03593438 0.00538862
v -0.00584048 0.03593879 0.00541425
v -0.00584048 0.03626209 0.00534827
v -0.00605047 0.03593438 0.00538862
v -0.00584048 0.03626209 0.00534827
v -0.00642759 0.03591620 0.00528401
v -0.00701177 0.03585588 0.00493604
v -0.00685966 0.03617811 0.00499231
v -0.00711411 0.03583955 0.00484186
v -0.00750160 0.03588277 0.00427842
v -0.00719070 0.03611010 0.00470418
v -0.00750148 0.03651285 0.00409830
v -0.00750148 0.03651285 0.00409830
v -0.00719070 0.03611010 0.00470418
v -0.00719070 0.03705906 0.00437278
v -0.00750148 0.03836220 0.00278908
v -0.00750148 0.03825891 0.00290912
v -0.00719070 0.03865265 0.00316507
v -0.00719070 0.03865265 0.00316507
v -0.00750148 0.03825891 0.00290912
v -0.00750148 0.03778403 0.00336647
v -0.00719070 0.03865265 0.00316507
v -0.00750148 0.03778403 0.00336647
v -0.00719070 0.03791904 0.00385225
v -0.00719070 0.03791904 0.00385225
v -0.00750148 0.03778403 0.00336647
v -0.00750148 0.03724920 0.00374490
v -0.00719070 0.03791904 0.00385225
v -0.00750148 0.03724920 0.00374490
v -0.00719070 0.03705906 0.00437278
v -0.00719070 0.03705906 0.00437278
v -0.00750148 0.03724920 0.00374490
v -0.00750148 0.03711205 0.00382394
v -0.00719070 0.03705906 0.00437278
v -0.00750148 0.03711205 0.00382394
v -0.00750148 0.03651285 0.00409830
v -0.00750148 0.03836220 0.00278908
v -0.00719070 0.03865265 0.00316507
v -0.00750148 0.03874146 0.00225496
v -0.00750148 0.03874146 0.00225496
v -0.00719070 0.03865265 0.00316507
v -0.00719070 0.03922837 0.00234103
v -0.00750148 0.03874146 0.00225496
v -0.00719070 0.03922837 0.00234103
v -0.00750148 0.03903818 0.00166637
v -0.00750148 0.03903818 0.00166637
v -0.00719070 0.03922837 0.00234103
v -0.00719070 0.03962123 0.00141567
v -0.00750148 0.03903818 0.00166637
v -0.00719070 0.03962123 0.00141567
v -0.00750148 0.03909593 0.00151891
v -0.00719070 0.03981411 0.00042923
v -0.00719070 0.03979873 -0.00057587
v -0.00750148 0.03936666 -0.00012812
v -0.00750148 0.03936666 -0.00012812
v -0.00750148 0.03936785 0.00007740
v -0.00719070 0.03981411 0.00042923
v -0.00719070 0.03981411 0.00042923
v -0.00750148 0.03936785 0.00007740
v -0.00750148 0.03936213 0.00023572
v -0.00719070 0.03981411 0.00042923
v -0.00750148 0.03936213 0.00023572
v -0.00719070 0.03962123 0.00141567
v -0.00719070 0.03962123 0.00141567
v -0.00750148 0.03936213 0.00023572
v -0.00750148 0.03927701 0.00088930
v -0.00719070 0.03962123 0.00141567
v -0.00750148 0.03927701 0.00088930
v -0.00750148 0.03909593 0.00151891
v -0.00719070 0.03957593 -0.00155598
v -0.00750148 0.03919422 -0.00122142
v -0.00719070 0.03979873 -0.00057587
v -0.00719070 0.03979873 -0.00057587
v -0.00750148 0.03919422 -0.00122142
v -0.00750148 0.03933030 -0.00057666
v -0.00719070 0.03979873 -0.00057587
v -0.00750148 0.03933030 -0.00057666
v -0.00750148 0.03936666 -0.00012812
v -0.00719070 0.03915500 -0.00246888
v -0.00750148 0.03889524 -0.00197750
v -0.00719070 0.03957593 -0.00155598
v -0.00719070 0.03957593 -0.00155598
v -0.00750148 0.03889524 -0.00197750
v -0.00750148 0.03914719 -0.00137269
v -0.00719070 0.03957593 -0.00155598
v -0.00750148 0.03914719 -0.00137269
v -0.00750148 0.03919422 -0.00122142
v -0.00750148 0.03802049 -0.00315601
v -0.00750148 0.03821659 -0.00295597
v -0.00719070 0.03855448 -0.00327498
v -0.00719070 0.03855448 -0.00327498
v -0.00750148 0.03821659 -0.00295597
v -0.00750148 0.03845846 -0.00266892
v -0.00719070 0.03855448 -0.00327498
v -0.00750148 0.03845846 -0.00266892
v -0.00719070 0.03915500 -0.00246888
v -0.00719070 0.03915500 -0.00246888
v -0.00750148 0.03845846 -0.00266892
v -0.00750148 0.03855341 -0.00254095
v -0.00719070 0.03915500 -0.00246888
v -0.00750148 0.03855341 -0.00254095
v -0.00750148 0.03889524 -0.00197750
v -0.00750160 0.03670859 -0.00402051
v -0.00750148 0.03729158 -0.00371927
v -0.00719070 0.03780025 -0.00393951
v -0.00719070 0.03780025 -0.00393951
v -0.00750148 0.03729158 -0.00371927
v -0.00750148 0.03751128 -0.00357455
v -0.00719070 0.03780025 -0.00393951
v -0.00750148 0.03751128 -0.00357455
v -0.00750148 0.03802049 -0.00315601
v -0.00719070 0.03780025 -0.00393951
v -0.00719070 0.03692471 -0.00443357
v -0.00750160 0.03670859 -0.00402051
v -0.00750160 0.03670859 -0.00402051
v -0.00719070 0.03692471 -0.00443357
v -0.00715244 0.03666949 -0.00457996
v -0.00750160 0.03670859 -0.00402051
v -0.00715244 0.03666949 -0.00457996
v -0.00750148 0.03649610 -0.00410432
v -0.00569999 0.03688365 -0.00516737
v -0.00584048 0.03688192 -0.00516266
v -0.00569999 0.03719025 -0.00504506
v -0.00584048 0.03718835 -0.00504053
v -0.00569999 0.03719025 -0.00504506
v -0.00584048 0.03718835 -0.00504053
v -0.00569999 0.03818655 -0.00448286
v -0.00569999 0.03818655 -0.00448286
v -0.00584048 0.03718835 -0.00504053
v -0.00584048 0.03818362 -0.00447881
v -0.00569999 0.03818655 -0.00448286
v -0.00584048 0.03818362 -0.00447881
v -0.00569999 0.03892630 -0.00385147
v -0.00569999 0.03892630 -0.00385147
v -0.00584048 0.03818362 -0.00447881
v -0.00584048 0.03904122 -0.00372338
v -0.00569999 0.03892630 -0.00385147
v -0.00584048 0.03904122 -0.00372338
v -0.00569999 0.03904485 -0.00372684
v -0.00569999 0.03904485 -0.00372684
v -0.00584048 0.03904122 -0.00372338
v -0.00569999 0.03972828 -0.00280946
v -0.00584048 0.04045581 -0.00065472
v -0.00569999 0.04039102 -0.00108892
v -0.00584048 0.04020243 -0.00176912
v -0.00584048 0.04020243 -0.00176912
v -0.00569999 0.04039102 -0.00108892
v -0.00569999 0.04020708 -0.00177067
v -0.00584048 0.04020243 -0.00176912
v -0.00569999 0.04020708 -0.00177067
v -0.00584048 0.03972405 -0.00280690
v -0.00584048 0.03972405 -0.00280690
v -0.00569999 0.04020708 -0.00177067
v -0.00569999 0.03985911 -0.00257647
v -0.00584048 0.03972405 -0.00280690
v -0.00569999 0.03985911 -0.00257647
v -0.00569999 0.03972828 -0.00280946
v -0.00569999 0.04047816 0.00048844
v -0.00584048 0.04047334 0.00048800
v -0.00569999 0.04047816 0.00048844
v -0.00569999 0.04049998 0.00000000
v -0.00584048 0.04047334 0.00048800
v -0.00569999 0.04049998 0.00000000
v -0.00584048 0.04045581 -0.00065472
v -0.00584048 0.04045581 -0.00065472
v -0.00569999 0.04049998 0.00000000
v -0.00569999 0.04046082 -0.00065531
v -0.00584048 0.04045581 -0.00065472
v -0.00569999 0.04046082 -0.00065531
v -0.00569999 0.04039102 -0.00108892
v -0.00569999 0.03832173 0.00438356
v -0.00569999 0.03915667 0.00360167
v -0.00584048 0.03915292 0.00359839
v -0.00584048 0.03915292 0.00359839
v -0.00569999 0.03915667 0.00360167
v -0.00569999 0.03932660 0.00339556
v -0.00584048 0.03915292 0.00359839
v -0.00569999 0.03932660 0.00339556
v -0.00584048 0.03980737 0.00266153
v -0.00584048 0.03980737 0.00266153
v -0.00569999 0.03932660 0.00339556
v -0.00569999 0.03981173 0.00266391
v -0.00584048 0.03980737 0.00266153
v -0.00569999 0.03981173 0.00266391
v -0.00584048 0.04025393 0.00160950
v -0.00584048 0.04025393 0.00160950
v -0.00569999 0.03981173 0.00266391
v -0.00569999 0.04011332 0.00202549
v -0.00584048 0.04025393 0.00160950
v -0.00569999 0.04011332 0.00202549
v -0.00569999 0.04025870 0.00161099
v -0.00584048 0.03593879 0.00541425
v -0.00569999 0.03593975 0.00541914
v -0.00584048 0.03626209 0.00534827
v -0.00569999 0.03626316 0.00535309
v -0.00584048 0.03626209 0.00534827
v -0.00569999 0.03626316 0.00535309
v -0.00584048 0.03734099 0.00497150
v -0.00584048 0.03734099 0.00497150
v -0.00569999 0.03626316 0.00535309
v -0.00569999 0.03734314 0.00497591
v -0.00584048 0.03734099 0.00497150
v -0.00569999 0.03734314 0.00497591
v -0.00584048 0.03831875 0.00437963
v -0.00584048 0.03831875 0.00437963
v -0.00569999 0.03734314 0.00497591
v -0.00569999 0.03818297 0.00448543
v -0.00584048 0.03831875 0.00437963
v -0.00569999 0.03818297 0.00448543
v -0.00569999 0.03832173 0.00438356
v -0.00584048 0.03688192 -0.00516266
v -0.00604373 0.03687340 -0.00513941
v -0.00584048 0.03718835 -0.00504053
v -0.00584048 0.03718835 -0.00504053
v -0.00604373 0.03687340 -0.00513941
v -0.00636321 0.03714519 -0.00494123
v -0.00584048 0.03718835 -0.00504053
v -0.00636321 0.03714519 -0.00494123
v -0.00584048 0.03818362 -0.00447881
v -0.00636321 0.03812086 -0.00439060
v -0.00584048 0.03818362 -0.00447881
v -0.00636321 0.03812086 -0.00439060
v -0.00584048 0.03904122 -0.00372338
v -0.00636321 0.03896158 -0.00365007
v -0.00584048 0.03904122 -0.00372338
v -0.00636321 0.03896158 -0.00365007
v -0.00584048 0.03972405 -0.00280690
v -0.00636321 0.03963088 -0.00275171
v -0.00584048 0.03972405 -0.00280690
v -0.00636321 0.03963088 -0.00275171
v -0.00584048 0.04020243 -0.00176912
v -0.00636321 0.04009991 -0.00173420
v -0.00584048 0.04020243 -0.00176912
v -0.00636321 0.04009991 -0.00173420
v -0.00584048 0.04045581 -0.00065472
v -0.00636321 0.04034841 -0.00064182
v -0.00584048 0.04045581 -0.00065472
v -0.00636321 0.04034841 -0.00064182
v -0.00584048 0.04047334 0.00048800
v -0.00636321 0.04036539 0.00047839
v -0.00584048 0.04047334 0.00048800
v -0.00636321 0.04036539 0.00047839
v -0.00584048 0.04025393 0.00160950
v -0.00636321 0.04015046 0.00157785
v -0.00584048 0.04025393 0.00160950
v -0.00636321 0.04015046 0.00157785
v -0.00584048 0.03980737 0.00266153
v -0.00636321 0.03971266 0.00260907
v -0.00584048 0.03980737 0.00266153
v -0.00636321 0.03971266 0.00260907
v -0.00584048 0.03915292 0.00359839
v -0.00636321 0.03907108 0.00352752
v -0.00584048 0.03915292 0.00359839
v -0.00636321 0.03907108 0.00352752
v -0.00584048 0.03831875 0.00437963
v -0.00636321 0.03825330 0.00429338
v -0.00584048 0.03831875 0.00437963
v -0.00636321 0.03825330 0.00429338
v -0.00584048 0.03734099 0.00497150
v -0.00636321 0.03729492 0.00487351
v -0.00584048 0.03734099 0.00497150
v -0.00636321 0.03729492 0.00487351
v -0.00584048 0.03626209 0.00534827
v -0.00636321 0.03623718 0.00524288
v -0.00584048 0.03626209 0.00534827
v -0.00636321 0.03623718 0.00524288
v -0.00642759 0.03591620 0.00528401
v -0.00649148 0.03682768 -0.00501388
v -0.00678575 0.03677386 -0.00486630
v -0.00636321 0.03714519 -0.00494123
v -0.00636321 0.03714519 -0.00494123
v -0.00678575 0.03677386 -0.00486630
v -0.00685966 0.03704267 -0.00470519
v -0.00636321 0.03714519 -0.00494123
v -0.00685966 0.03704267 -0.00470519
v -0.00636321 0.03812086 -0.00439060
v -0.00685966 0.03797179 -0.00418091
v -0.00636321 0.03812086 -0.00439060
v -0.00685966 0.03797179 -0.00418091
v -0.00636321 0.03896158 -0.00365007
v -0.00685966 0.03877234 -0.00347567
v -0.00636321 0.03896158 -0.00365007
v -0.00685966 0.03877234 -0.00347567
v -0.00636321 0.03963088 -0.00275171
v -0.00685966 0.03940963 -0.00262022
v -0.00636321 0.03963088 -0.00275171
v -0.00685966 0.03940963 -0.00262022
v -0.00636321 0.04009991 -0.00173420
v -0.00685966 0.03985631 -0.00165141
v -0.00636321 0.04009991 -0.00173420
v -0.00685966 0.03985631 -0.00165141
v -0.00636321 0.04034841 -0.00064182
v -0.00685966 0.04009276 -0.00061116
v -0.00636321 0.04034841 -0.00064182
v -0.00685966 0.04009276 -0.00061116
v -0.00636321 0.04036539 0.00047839
v -0.00685966 0.04010903 0.00045553
v -0.00636321 0.04036539 0.00047839
v -0.00685966 0.04010903 0.00045553
v -0.00636321 0.04015046 0.00157785
v -0.00685966 0.03990435 0.00150245
v -0.00636321 0.04015046 0.00157785
v -0.00685966 0.03990435 0.00150245
v -0.00636321 0.03971266 0.00260907
v -0.00685966 0.03948754 0.00248450
v -0.00636321 0.03971266 0.00260907
v -0.00685966 0.03948754 0.00248450
v -0.00636321 0.03907108 0.00352752
v -0.00685966 0.03887659 0.00335896
v -0.00636321 0.03907108 0.00352752
v -0.00685966 0.03887659 0.00335896
v -0.00636321 0.03825330 0.00429338
v -0.00685966 0.03809785 0.00408822
v -0.00636321 0.03825330 0.00429338
v -0.00685966 0.03809785 0.00408822
v -0.00636321 0.03729492 0.00487351
v -0.00685966 0.03718525 0.00464070
v -0.00636321 0.03729492 0.00487351
v -0.00685966 0.03718525 0.00464070
v -0.00636321 0.03623718 0.00524288
v -0.00685966 0.03617811 0.00499231
v -0.00636321 0.03623718 0.00524288
v -0.00685966 0.03617811 0.00499231
v -0.00642759 0.03591620 0.00528401
v -0.00642759 0.03591620 0.00528401
v -0.00685966 0.03617811 0.00499231
v -0.00685966 0.03587639 0.00505400
v -0.00678575 0.03677386 -0.00486630
v -0.00715244 0.03666949 -0.00457996
v -0.00685966 0.03704267 -0.00470519
v -0.00685966 0.03704267 -0.00470519
v -0.00715244 0.03666949 -0.00457996
v -0.00719070 0.03692471 -0.00443357
v -0.00685966 0.03704267 -0.00470519
v -0.00719070 0.03692471 -0.00443357
v -0.00685966 0.03797179 -0.00418091
v -0.00719070 0.03780025 -0.00393951
v -0.00685966 0.03797179 -0.00418091
v -0.00719070 0.03780025 -0.00393951
v -0.00685966 0.03877234 -0.00347567
v -0.00719070 0.03855448 -0.00327498
v -0.00685966 0.03877234 -0.00347567
v -0.00719070 0.03855448 -0.00327498
v -0.00685966 0.03940963 -0.00262022
v -0.00719070 0.03915500 -0.00246888
v -0.00685966 0.03940963 -0.00262022
v -0.00719070 0.03915500 -0.00246888
v -0.00685966 0.03985631 -0.00165141
v -0.00719070 0.03957593 -0.00155598
v -0.00685966 0.03985631 -0.00165141
v -0.00719070 0.03957593 -0.00155598
v -0.00685966 0.04009276 -0.00061116
v -0.00719070 0.03979873 -0.00057587
v -0.00685966 0.04009276 -0.00061116
v -0.00719070 0.03979873 -0.00057587
v -0.00685966 0.04010903 0.00045553
v -0.00719070 0.03981411 0.00042923
v -0.00685966 0.04010903 0.00045553
v -0.00719070 0.03981411 0.00042923
v -0.00685966 0.03990435 0.00150245
v -0.00719070 0.03962123 0.00141567
v -0.00685966 0.03990435 0.00150245
v -0.00719070 0.03962123 0.00141567
v -0.00685966 0.03948754 0.00248450
v -0.00719070 0.03922837 0.00234103
v -0.00685966 0.03948754 0.00248450
v -0.00719070 0.03922837 0.00234103
v -0.00685966 0.03887659 0.00335896
v -0.00719070 0.03865265 0.00316507
v -0.00685966 0.03887659 0.00335896
v -0.00719070 0.03865265 0.00316507
v -0.00685966 0.03809785 0.00408822
v -0.00719070 0.03791904 0.00385225
v -0.00685966 0.03809785 0.00408822
v -0.00719070 0.03791904 0.00385225
v -0.00685966 0.03718525 0.00464070
v -0.00719070 0.03705906 0.00437278
v -0.00685966 0.03718525 0.00464070
v -0.00719070 0.03705906 0.00437278
v -0.00685966 0.03617811 0.00499231
v -0.00719070 0.03611010 0.00470418
v -0.00685966 0.03617811 0.00499231
v -0.00719070 0.03611010 0.00470418
v -0.00711411 0.03583955 0.00484186
v -0.00711411 0.03583955 0.00484186
v -0.00719070 0.03611010 0.00470418
v -0.00750160 0.03588277 0.00427842
v -0.00711411 0.03583955 0.00484186
v -0.00750160 0.03588277 0.00427842
v -0.00750148 0.03574633 0.00430423
v -0.00769997 0.03149759 -0.00255537
v -0.00762385 0.03152632 -0.00253457
v -0.00762159 0.03164547 -0.00269032
v -0.00769997 0.03149759 -0.00255537
v -0.00762159 0.03164547 -0.00269032
v -0.00768703 0.03180336 -0.00293845
v -0.00768703 0.03180336 -0.00293845
v -0.00762159 0.03164547 -0.00269032
v -0.00759053 0.03207713 -0.00315380
v -0.00768703 0.03180336 -0.00293845
v -0.00759053 0.03207713 -0.00315380
v -0.00764435 0.03225785 -0.00337660
v -0.00759053 0.03207713 -0.00315380
v -0.00757927 0.03219193 -0.00325644
v -0.00764435 0.03225785 -0.00337660
v -0.00764435 0.03225785 -0.00337660
v -0.00757927 0.03219193 -0.00325644
v -0.00756216 0.03235888 -0.00339329
v -0.00764435 0.03225785 -0.00337660
v -0.00756216 0.03235888 -0.00339329
v -0.00758451 0.03282910 -0.00377792
v -0.00756216 0.03235888 -0.00339329
v -0.00752515 0.03271681 -0.00364375
v -0.00758451 0.03282910 -0.00377792
v -0.00758451 0.03282910 -0.00377792
v -0.00752515 0.03271681 -0.00364375
v -0.00747383 0.03328961 -0.00394511
v -0.00758451 0.03282910 -0.00377792
v -0.00747383 0.03328961 -0.00394511
v -0.00753117 0.03345841 -0.00408143
v -0.00753117 0.03345841 -0.00408143
v -0.00747383 0.03328961 -0.00394511
v -0.00746346 0.03343093 -0.00400347
v -0.00753117 0.03345841 -0.00408143
v -0.00746346 0.03343093 -0.00400347
v -0.00752753 0.03351151 -0.00410146
v -0.00752753 0.03351151 -0.00410146
v -0.00746346 0.03343093 -0.00400347
v -0.00745219 0.03360360 -0.00406694
v -0.00752753 0.03351151 -0.00410146
v -0.00745219 0.03360360 -0.00406694
v -0.00749707 0.03412985 -0.00427902
v -0.00745219 0.03360360 -0.00406694
v -0.00743073 0.03405028 -0.00419372
v -0.00749707 0.03412985 -0.00427902
v -0.00749707 0.03412985 -0.00427902
v -0.00743073 0.03405028 -0.00419372
v -0.00741762 0.03468763 -0.00428855
v -0.00749707 0.03412985 -0.00427902
v -0.00741762 0.03468763 -0.00428855
v -0.00748575 0.03482741 -0.00436497
v -0.00748575 0.03482741 -0.00436497
v -0.00741762 0.03468763 -0.00428855
v -0.00741714 0.03485035 -0.00429732
v -0.00748575 0.03482741 -0.00436497
v -0.00741714 0.03485035 -0.00429732
v -0.00748593 0.03501951 -0.00436860
v -0.00741714 0.03485035 -0.00429732
v -0.00741744 0.03499990 -0.00430000
v -0.00748593 0.03501951 -0.00436860
v -0.00748593 0.03501951 -0.00436860
v -0.00741744 0.03499990 -0.00430000
v -0.00742245 0.03550297 -0.00427043
v -0.00748593 0.03501951 -0.00436860
v -0.00742245 0.03550297 -0.00427043
v -0.00749117 0.03554105 -0.00433517
v -0.00749117 0.03554105 -0.00433517
v -0.00742245 0.03550297 -0.00427043
v -0.00749314 0.03567212 -0.00431675
v -0.00749314 0.03567212 -0.00431675
v -0.00742245 0.03550297 -0.00427043
v -0.00750089 0.03631043 -0.00416732
v -0.00750089 0.03631043 -0.00416732
v -0.00742245 0.03550297 -0.00427043
v -0.00743115 0.03614068 -0.00414586
v -0.00750089 0.03631043 -0.00416732
v -0.00743115 0.03614068 -0.00414586
v -0.00750148 0.03649610 -0.00410432
v -0.00750148 0.03649610 -0.00410432
v -0.00743115 0.03614068 -0.00414586
v -0.00743288 0.03639620 -0.00406694
v -0.00750148 0.03649610 -0.00410432
v -0.00743288 0.03639620 -0.00406694
v -0.00743300 0.03647255 -0.00403994
v -0.00769997 0.03137046 -0.00237119
v -0.00769997 0.03149759 -0.00255537
v -0.00769997 0.03023886 -0.00214440
v -0.00769997 0.03102964 0.00174147
v -0.00769997 0.02902960 0.00389534
v -0.00769997 0.03181022 0.00293624
v -0.00769997 0.03097778 0.00389403
v -0.00769997 0.03289592 0.00379062
v -0.00769997 0.01412516 -0.00285763
v -0.00769997 0.01357501 -0.00289065
v -0.00769997 0.01282751 -0.00221783
v -0.00769997 0.03079712 -0.00106424
v -0.00769997 0.01303845 0.00171685
v -0.00769997 0.01454979 0.00188828
v -0.00769997 0.03067928 0.00035802
v -0.00769997 0.01664572 0.00222737
v -0.00769997 0.01987779 0.00283945
v -0.00769997 0.02940905 -0.00195414
v -0.00769997 0.02832078 -0.00184745
v -0.00769997 0.02343946 -0.00170088
v -0.00769997 0.02228409 -0.00187457
v -0.00769997 0.00641388 0.00121874
v -0.00769997 0.00622237 0.00197613
v -0.00769997 0.00655222 0.00197887
v -0.00769997 0.02243840 0.00327587
v -0.00769997 0.02478754 0.00359201
v -0.00769997 0.02697151 0.00379616
v -0.00769997 0.02586793 -0.00166470
v -0.00769997 0.02456027 -0.00163949
v -0.00769997 0.02415215 -0.00165111
v -0.00769997 0.01961743 -0.00229877
v -0.00769997 0.01680248 -0.00263756
v -0.00769997 0.01182925 0.00165576
v -0.00769997 0.00652874 0.00000000
v -0.00769997 0.01055312 0.00169992
v -0.00769997 0.00789541 0.00192356
v -0.00769997 0.01183432 -0.00177747
v -0.00769997 0.01099991 -0.00167120
v -0.00769997 0.00769997 -0.00167120
v -0.00769997 0.00652874 -0.00050000
v -0.00769997 0.00729459 -0.00159878
v -0.00769997 0.00687170 -0.00132817
v -0.00769997 0.00660110 -0.00090539
v -0.00322747 0.02399468 -0.00819933
v -0.00322539 0.02254927 -0.00845355
v -0.00387442 0.02250164 -0.00816774
v -0.00713247 0.03050792 -0.00430435
v -0.00734681 0.03037858 -0.00384724
v -0.00741041 0.03190785 -0.00401086
v -0.00734681 0.03037858 -0.00384724
v -0.00713247 0.03050792 -0.00430435
v -0.00732416 0.02964121 -0.00383472
v -0.00747007 0.02734476 -0.00335562
v -0.00760382 0.02720659 -0.00278842
v -0.00761109 0.02864485 -0.00282329
v -0.00759751 0.02578783 -0.00277895
v -0.00724709 0.02605938 -0.00399143
v -0.00722718 0.02465432 -0.00410450
v -0.00744432 0.02452445 -0.00346976
v -0.00566608 0.03646868 -0.00531733
v -0.00560760 0.03618890 -0.00541699
v -0.00596744 0.03617846 -0.00538760
v -0.00523925 0.03446429 -0.00596762
v -0.00518632 0.03406864 -0.00606048
v -0.00566846 0.03402566 -0.00592339
v -0.00263965 0.01593250 -0.00946987
v -0.00256485 0.01674813 -0.00942069
v -0.00190336 0.01676172 -0.00956887
v -0.00768703 0.03180336 -0.00293845
v -0.00763452 0.03167760 -0.00325072
v -0.00769997 0.03149759 -0.00255537
v -0.00769997 0.03149759 -0.00255537
v -0.00763452 0.03167760 -0.00325072
v -0.00762010 0.03011482 -0.00291508
v -0.00769997 0.03023886 -0.00214440
v -0.00769997 0.03023886 -0.00214440
v -0.00762010 0.03011482 -0.00291508
v -0.00761497 0.02936965 -0.00284004
v -0.00769997 0.03023886 -0.00214440
v -0.00761497 0.02936965 -0.00284004
v -0.00769997 0.02940905 -0.00195414
v -0.00769997 0.02940905 -0.00195414
v -0.00761497 0.02936965 -0.00284004
v -0.00761109 0.02864485 -0.00282329
v -0.00769997 0.02940905 -0.00195414
v -0.00761109 0.02864485 -0.00282329
v -0.00769997 0.02832078 -0.00184745
v -0.00760382 0.02720659 -0.00278842
v -0.00769997 0.02586793 -0.00166470
v -0.00759751 0.02578783 -0.00277895
v -0.00769997 0.02586793 -0.00166470
v -0.00759751 0.02578783 -0.00277895
v -0.00769997 0.02456027 -0.00163949
v -0.00769997 0.01680248 -0.00263756
v -0.00768435 0.01387172 -0.00334179
v -0.00769997 0.01412516 -0.00285763
v -0.00769997 0.01357501 -0.00289065
v -0.00740707 0.01432561 -0.00485212
v -0.00753200 0.01425695 -0.00437641
v -0.00759101 0.01624572 -0.00392675
v -0.00759101 0.01624572 -0.00392675
v -0.00753200 0.01425695 -0.00437641
v -0.00763261 0.01409757 -0.00382990
v -0.00759101 0.01624572 -0.00392675
v -0.00763261 0.01409757 -0.00382990
v -0.00769997 0.01680248 -0.00263756
v -0.00769997 0.01680248 -0.00263756
v -0.00763261 0.01409757 -0.00382990
v -0.00765055 0.01404321 -0.00369394
v -0.00765055 0.01404321 -0.00369394
v -0.00768435 0.01387172 -0.00334179
v -0.00759101 0.01624572 -0.00392675
v -0.00743949 0.01630598 -0.00458568
v -0.00740707 0.01432561 -0.00485212
v -0.00740707 0.01432561 -0.00485212
v -0.00743949 0.01630598 -0.00458568
v -0.00721812 0.01636612 -0.00524330
v -0.00740707 0.01432561 -0.00485212
v -0.00721812 0.01636612 -0.00524330
v -0.00714779 0.01440966 -0.00556958
v -0.00714779 0.01440966 -0.00556958
v -0.00721812 0.01636612 -0.00524330
v -0.00692540 0.01642519 -0.00588888
v -0.00701255 0.01446038 -0.00586706
v -0.00701255 0.01446038 -0.00586706
v -0.00692540 0.01642519 -0.00588888
v -0.00656223 0.01648211 -0.00651109
v -0.00701255 0.01446038 -0.00586706
v -0.00656223 0.01648211 -0.00651109
v -0.00662625 0.01461565 -0.00655884
v -0.00662625 0.01461565 -0.00655884
v -0.00656223 0.01648211 -0.00651109
v -0.00642270 0.01469993 -0.00685948
v -0.00642270 0.01469993 -0.00685948
v -0.00656223 0.01648211 -0.00651109
v -0.00613165 0.01653575 -0.00709879
v -0.00642270 0.01469993 -0.00685948
v -0.00613165 0.01653575 -0.00709879
v -0.00616074 0.01480871 -0.00720114
v -0.00616074 0.01480871 -0.00720114
v -0.00613165 0.01653575 -0.00709879
v -0.00563908 0.01658540 -0.00764138
v -0.00616074 0.01480871 -0.00720114
v -0.00563908 0.01658540 -0.00764138
v -0.00580698 0.01495373 -0.00759989
v -0.00580698 0.01495373 -0.00759989
v -0.00563908 0.01658540 -0.00764138
v -0.00509226 0.01663011 -0.00812960
v -0.00580698 0.01495373 -0.00759989
v -0.00509226 0.01663011 -0.00812960
v -0.00520366 0.01519042 -0.00815582
v -0.00520366 0.01519042 -0.00815582
v -0.00509226 0.01663011 -0.00812960
v -0.00488478 0.01530814 -0.00840050
v -0.00488478 0.01530814 -0.00840050
v -0.00509226 0.01663011 -0.00812960
v -0.00450039 0.01666909 -0.00855577
v -0.00488478 0.01530814 -0.00840050
v -0.00450039 0.01666909 -0.00855577
v -0.00454199 0.01542770 -0.00863224
v -0.00454199 0.01542770 -0.00863224
v -0.00450039 0.01666909 -0.00855577
v -0.00387442 0.01670181 -0.00891459
v -0.00454199 0.01542770 -0.00863224
v -0.00387442 0.01670181 -0.00891459
v -0.00408709 0.01557421 -0.00889641
v -0.00408709 0.01557421 -0.00889641
v -0.00387442 0.01670181 -0.00891459
v -0.00322539 0.01672828 -0.00920314
v -0.00408709 0.01557421 -0.00889641
v -0.00322539 0.01672828 -0.00920314
v -0.00337583 0.01577210 -0.00922436
v -0.00256485 0.01674813 -0.00942069
v -0.00263965 0.01593250 -0.00946987
v -0.00322539 0.01672828 -0.00920314
v -0.00322539 0.01672828 -0.00920314
v -0.00263965 0.01593250 -0.00946987
v -0.00292599 0.01587569 -0.00938487
v -0.00322539 0.01672828 -0.00920314
v -0.00292599 0.01587569 -0.00938487
v -0.00337583 0.01577210 -0.00922436
v -0.00190336 0.01676172 -0.00956887
v -0.00070000 0.01611495 -0.00973004
v -0.00101989 0.01610988 -0.00972301
v -0.00101989 0.01610988 -0.00972301
v -0.00178486 0.01605731 -0.00964981
v -0.00190336 0.01676172 -0.00956887
v -0.00190336 0.01676172 -0.00956887
v -0.00178486 0.01605731 -0.00964981
v -0.00187993 0.01604682 -0.00963503
v -0.00187993 0.01604682 -0.00963503
v -0.00068551 0.02175068 -0.00905949
v -0.00190336 0.02260959 -0.00881577
v -0.00068039 0.02351051 -0.00876629
v -0.00068039 0.02351051 -0.00876629
v -0.00190336 0.02260959 -0.00881577
v -0.00190604 0.02406162 -0.00856024
v -0.00068039 0.02351051 -0.00876629
v -0.00190604 0.02406162 -0.00856024
v -0.00069805 0.02408045 -0.00866270
v -0.00073845 0.02473878 -0.00853765
v -0.00201237 0.02550905 -0.00827974
v -0.00073845 0.02473878 -0.00853765
v -0.00201237 0.02550905 -0.00827974
v -0.00083206 0.02552962 -0.00837994
v -0.00088469 0.02585399 -0.00831282
v -0.00225204 0.02695173 -0.00797492
v -0.00113761 0.02703857 -0.00805581
v -0.00113761 0.02703857 -0.00805581
v -0.00225204 0.02695173 -0.00797492
v -0.00258571 0.02838885 -0.00764513
v -0.00113761 0.02703857 -0.00805581
v -0.00258571 0.02838885 -0.00764513
v -0.00160289 0.02866196 -0.00767285
v -0.00421739 0.03266447 -0.00650835
v -0.00411683 0.03294330 -0.00646496
v -0.00400162 0.03290939 -0.00648427
v -0.00513375 0.03390496 -0.00610209
v -0.00494784 0.03355598 -0.00620443
v -0.00501174 0.03260058 -0.00629717
v -0.00494784 0.03355598 -0.00620443
v -0.00485283 0.03343397 -0.00624633
v -0.00501174 0.03260058 -0.00629717
v -0.00501174 0.03260058 -0.00629717
v -0.00485283 0.03343397 -0.00624633
v -0.00455737 0.03316551 -0.00635397
v -0.00501174 0.03260058 -0.00629717
v -0.00455737 0.03316551 -0.00635397
v -0.00421739 0.03266447 -0.00650835
v -0.00421739 0.03266447 -0.00650835
v -0.00455737 0.03316551 -0.00635397
v -0.00447792 0.03311276 -0.00637811
v -0.00421739 0.03266447 -0.00650835
v -0.00447792 0.03311276 -0.00637811
v -0.00411683 0.03294330 -0.00646496
v -0.00523925 0.03446429 -0.00596762
v -0.00566846 0.03402566 -0.00592339
v -0.00544882 0.03477996 -0.00585842
v -0.00535500 0.03549224 -0.00566006
v -0.00520337 0.03518283 -0.00576377
v -0.00544882 0.03477996 -0.00585842
v -0.00544882 0.03477996 -0.00585842
v -0.00520337 0.03518283 -0.00576377
v -0.00523794 0.03454780 -0.00594801
v -0.00544882 0.03477996 -0.00585842
v -0.00523794 0.03454780 -0.00594801
v -0.00523925 0.03446429 -0.00596762
v -0.00750148 0.03649610 -0.00410432
v -0.00735986 0.03587186 -0.00452256
v -0.00750089 0.03631043 -0.00416732
v -0.00750089 0.03631043 -0.00416732
v -0.00735986 0.03587186 -0.00452256
v -0.00749314 0.03567212 -0.00431675
v -0.00758451 0.03282910 -0.00377792
v -0.00753117 0.03345841 -0.00408143
v -0.00748122 0.03347069 -0.00420546
v -0.00748122 0.03347069 -0.00420546
v -0.00753117 0.03345841 -0.00408143
v -0.00752753 0.03351151 -0.00410146
v -0.00748122 0.03347069 -0.00420546
v -0.00752753 0.03351151 -0.00410146
v -0.00749707 0.03412985 -0.00427902
v -0.00764435 0.03225785 -0.00337660
v -0.00758451 0.03282910 -0.00377792
v -0.00741041 0.03190785 -0.00401086
v -0.00741041 0.03190785 -0.00401086
v -0.00758451 0.03282910 -0.00377792
v -0.00748122 0.03347069 -0.00420546
v -0.00741041 0.03190785 -0.00401086
v -0.00748122 0.03347069 -0.00420546
v -0.00718337 0.03364843 -0.00475550
v -0.00718337 0.03364843 -0.00475550
v -0.00748122 0.03347069 -0.00420546
v -0.00749707 0.03412985 -0.00427902
v -0.00718337 0.03364843 -0.00475550
v -0.00749707 0.03412985 -0.00427902
v -0.00725812 0.03440314 -0.00472713
v -0.00725812 0.03440314 -0.00472713
v -0.00749707 0.03412985 -0.00427902
v -0.00748575 0.03482741 -0.00436497
v -0.00725812 0.03440314 -0.00472713
v -0.00748575 0.03482741 -0.00436497
v -0.00731903 0.03514647 -0.00465477
v -0.00731903 0.03514647 -0.00465477
v -0.00748575 0.03482741 -0.00436497
v -0.00748593 0.03501951 -0.00436860
v -0.00731903 0.03514647 -0.00465477
v -0.00748593 0.03501951 -0.00436860
v -0.00735986 0.03587186 -0.00452256
v -0.00735986 0.03587186 -0.00452256
v -0.00748593 0.03501951 -0.00436860
v -0.00749117 0.03554105 -0.00433517
v -0.00735986 0.03587186 -0.00452256
v -0.00749117 0.03554105 -0.00433517
v -0.00749314 0.03567212 -0.00431675
v -0.00768703 0.03180336 -0.00293845
v -0.00764435 0.03225785 -0.00337660
v -0.00763452 0.03167760 -0.00325072
v -0.00763452 0.03167760 -0.00325072
v -0.00764435 0.03225785 -0.00337660
v -0.00741041 0.03190785 -0.00401086
v -0.00763452 0.03167760 -0.00325072
v -0.00741041 0.03190785 -0.00401086
v -0.00762010 0.03011482 -0.00291508
v -0.00734681 0.03037858 -0.00384724
v -0.00762010 0.03011482 -0.00291508
v -0.00734681 0.03037858 -0.00384724
v -0.00761497 0.02936965 -0.00284004
v -0.00761497 0.02936965 -0.00284004
v -0.00734681 0.03037858 -0.00384724
v -0.00732416 0.02964121 -0.00383472
v -0.00761497 0.02936965 -0.00284004
v -0.00732416 0.02964121 -0.00383472
v -0.00761109 0.02864485 -0.00282329
v -0.00727475 0.02748250 -0.00392175
v -0.00730711 0.02891916 -0.00386554
v -0.00706863 0.02905356 -0.00437659
v -0.00722718 0.02465432 -0.00410450
v -0.00724709 0.02605938 -0.00399143
v -0.00694001 0.02478194 -0.00472760
v -0.00694001 0.02478194 -0.00472760
v -0.00724709 0.02605938 -0.00399143
v -0.00701660 0.02761781 -0.00447744
v -0.00694001 0.02478194 -0.00472760
v -0.00701660 0.02761781 -0.00447744
v -0.00658369 0.02490490 -0.00532824
v -0.00601989 0.02941858 -0.00576407
v -0.00588167 0.02798497 -0.00598597
v -0.00631630 0.02787137 -0.00551891
v -0.00631630 0.02787137 -0.00551891
v -0.00588167 0.02798497 -0.00598597
v -0.00567782 0.02512824 -0.00641930
v -0.00616115 0.02502107 -0.00589556
v -0.00701642 0.03212964 -0.00474280
v -0.00655073 0.03075033 -0.00516099
v -0.00686628 0.03063261 -0.00474489
v -0.00686628 0.03063261 -0.00474489
v -0.00655073 0.03075033 -0.00516099
v -0.00677252 0.02918314 -0.00486928
v -0.00686628 0.03063261 -0.00474489
v -0.00677252 0.02918314 -0.00486928
v -0.00706863 0.02905356 -0.00437659
v -0.00706863 0.02905356 -0.00437659
v -0.00677252 0.02918314 -0.00486928
v -0.00701660 0.02761781 -0.00447744
v -0.00701660 0.02761781 -0.00447744
v -0.00724709 0.02605938 -0.00399143
v -0.00727475 0.02748250 -0.00392175
v -0.00724709 0.02605938 -0.00399143
v -0.00745511 0.02592372 -0.00338578
v -0.00745511 0.02592372 -0.00338578
v -0.00745511 0.02592372 -0.00338578
v -0.00744432 0.02452445 -0.00346976
v -0.00759309 0.02439427 -0.00283372
v -0.00487709 0.02817660 -0.00677311
v -0.00469291 0.02674269 -0.00704193
v -0.00514126 0.02522474 -0.00689042
v -0.00201237 0.02550905 -0.00827974
v -0.00287378 0.02692115 -0.00783849
v -0.00225204 0.02695173 -0.00797492
v -0.00316942 0.02835786 -0.00751758
v -0.00258571 0.02838885 -0.00764513
v -0.00258571 0.02838885 -0.00764513
v -0.00316942 0.02835786 -0.00751758
v -0.00297451 0.02982014 -0.00728989
v -0.00258571 0.02838885 -0.00764513
v -0.00297451 0.02982014 -0.00728989
v -0.00160289 0.02866196 -0.00767285
v -0.00160289 0.02866196 -0.00767285
v -0.00297451 0.02982014 -0.00728989
v -0.00213856 0.03029942 -0.00725013
v -0.00380886 0.03195554 -0.00671190
v -0.00345242 0.03124511 -0.00690973
v -0.00442123 0.03117179 -0.00665087
v -0.00442123 0.03117179 -0.00665087
v -0.00345242 0.03124511 -0.00690973
v -0.00421041 0.03045791 -0.00682622
v -0.00442123 0.03117179 -0.00665087
v -0.00421041 0.03045791 -0.00682622
v -0.00458133 0.02968382 -0.00677192
v -0.00700980 0.03526991 -0.00501418
v -0.00708401 0.03598523 -0.00484240
v -0.00674361 0.03607690 -0.00510103
v -0.00620156 0.03544068 -0.00551081
v -0.00645745 0.03465515 -0.00548363
v -0.00662851 0.03536993 -0.00530499
v -0.00662851 0.03536993 -0.00530499
v -0.00645745 0.03465515 -0.00548363
v -0.00676423 0.03380686 -0.00524586
v -0.00662851 0.03536993 -0.00530499
v -0.00676423 0.03380686 -0.00524586
v -0.00700980 0.03526991 -0.00501418
v -0.00669622 0.02774816 -0.00501299
v -0.00669622 0.02774816 -0.00501299
v -0.00669622 0.02774816 -0.00501299
v -0.00677252 0.02918314 -0.00486928
v -0.00642151 0.02930557 -0.00533456
v -0.00642151 0.02930557 -0.00533456
v -0.00642151 0.02930557 -0.00533456
v -0.00655073 0.03075033 -0.00516099
v -0.00618982 0.03085899 -0.00554514
v -0.00618982 0.03085899 -0.00554514
v -0.00655073 0.03075033 -0.00516099
v -0.00701642 0.03212964 -0.00474280
v -0.00618982 0.03085899 -0.00554514
v -0.00701642 0.03212964 -0.00474280
v -0.00646180 0.03232735 -0.00539547
v -0.00646180 0.03232735 -0.00539547
v -0.00701642 0.03212964 -0.00474280
v -0.00676423 0.03380686 -0.00524586
v -0.00646180 0.03232735 -0.00539547
v -0.00676423 0.03380686 -0.00524586
v -0.00624728 0.03393501 -0.00564253
v -0.00624728 0.03393501 -0.00564253
v -0.00676423 0.03380686 -0.00524586
v -0.00645745 0.03465515 -0.00548363
v -0.00624728 0.03393501 -0.00564253
v -0.00645745 0.03465515 -0.00548363
v -0.00596231 0.03473496 -0.00572318
v -0.00596231 0.03473496 -0.00572318
v -0.00645745 0.03465515 -0.00548363
v -0.00620156 0.03544068 -0.00551081
v -0.00596231 0.03473496 -0.00572318
v -0.00620156 0.03544068 -0.00551081
v -0.00575882 0.03548061 -0.00562715
v -0.00514126 0.02522474 -0.00689042
v -0.00539923 0.02808725 -0.00640619
v -0.00487709 0.02817660 -0.00677311
v -0.00487709 0.02817660 -0.00677311
v -0.00539923 0.02808725 -0.00640619
v -0.00557411 0.02952033 -0.00615048
v -0.00509167 0.02960914 -0.00648785
v -0.00509167 0.02960914 -0.00648785
v -0.00557411 0.02952033 -0.00615048
v -0.00578910 0.03095680 -0.00589073
v -0.00535548 0.03104209 -0.00619250
v -0.00535548 0.03104209 -0.00619250
v -0.00578910 0.03095680 -0.00589073
v -0.00577766 0.03248733 -0.00592339
v -0.00535548 0.03104209 -0.00619250
v -0.00577766 0.03248733 -0.00592339
v -0.00501174 0.03260058 -0.00629717
v -0.00501174 0.03260058 -0.00629717
v -0.00577766 0.03248733 -0.00592339
v -0.00566846 0.03402566 -0.00592339
v -0.00501174 0.03260058 -0.00629717
v -0.00566846 0.03402566 -0.00592339
v -0.00513375 0.03390496 -0.00610209
v -0.00513375 0.03390496 -0.00610209
v -0.00566846 0.03402566 -0.00592339
v -0.00518632 0.03406864 -0.00606048
v -0.00662851 0.03536993 -0.00530499
v -0.00662851 0.03536993 -0.00530499
v -0.00674361 0.03607690 -0.00510103
v -0.00636262 0.03614187 -0.00528413
v -0.00620156 0.03544068 -0.00551081
v -0.00620156 0.03544068 -0.00551081
v -0.00636262 0.03614187 -0.00528413
v -0.00596744 0.03617846 -0.00538760
v -0.00575882 0.03548061 -0.00562715
v -0.00575882 0.03548061 -0.00562715
v -0.00596744 0.03617846 -0.00538760
v -0.00560760 0.03618890 -0.00541699
v -0.00575882 0.03548061 -0.00562715
v -0.00560760 0.03618890 -0.00541699
v -0.00551122 0.03587448 -0.00552750
v -0.00569999 0.03688365 -0.00516737
v -0.00566608 0.03646868 -0.00531733
v -0.00584048 0.03688192 -0.00516266
v -0.00584048 0.03688192 -0.00516266
v -0.00584048 0.03688192 -0.00516266
v -0.00596744 0.03617846 -0.00538760
v -0.00604373 0.03687340 -0.00513941
v -0.00604373 0.03687340 -0.00513941
v -0.00596744 0.03617846 -0.00538760
v -0.00636262 0.03614187 -0.00528413
v -0.00604373 0.03687340 -0.00513941
v -0.00636262 0.03614187 -0.00528413
v -0.00649148 0.03682768 -0.00501388
v -0.00649148 0.03682768 -0.00501388
v -0.00636262 0.03614187 -0.00528413
v -0.00674361 0.03607690 -0.00510103
v -0.00649148 0.03682768 -0.00501388
v -0.00674361 0.03607690 -0.00510103
v -0.00678575 0.03677386 -0.00486630
v -0.00678575 0.03677386 -0.00486630
v -0.00674361 0.03607690 -0.00510103
v -0.00708401 0.03598523 -0.00484240
v -0.00678575 0.03677386 -0.00486630
v -0.00708401 0.03598523 -0.00484240
v -0.00715244 0.03666949 -0.00457996
v -0.00469291 0.02674269 -0.00704193
v -0.00456065 0.02530884 -0.00730187
v -0.00514126 0.02522474 -0.00689042
v -0.00514126 0.02522474 -0.00689042
v -0.00456065 0.02530884 -0.00730187
v -0.00509345 0.02379804 -0.00713980
v -0.00514126 0.02522474 -0.00689042
v -0.00509345 0.02379804 -0.00713980
v -0.00563908 0.02229166 -0.00690657
v -0.00317937 0.03053331 -0.00710255
v -0.00421041 0.03045791 -0.00682622
v -0.00317937 0.03053331 -0.00710255
v -0.00405240 0.02974390 -0.00700033
v -0.00421041 0.03045791 -0.00682622
v -0.00405240 0.02974390 -0.00700033
v -0.00458133 0.02968382 -0.00677192
v -0.00458133 0.02968382 -0.00677192
v -0.00405240 0.02974390 -0.00700033
v -0.00375217 0.02831226 -0.00733036
v -0.00432473 0.02825176 -0.00708199
v -0.00349462 0.02687627 -0.00763816
v -0.00410461 0.02681678 -0.00737238
v -0.00410461 0.02681678 -0.00737238
v -0.00349462 0.02687627 -0.00763816
v -0.00330967 0.02543681 -0.00792676
v -0.00394642 0.02537977 -0.00764817
v -0.00394642 0.02537977 -0.00764817
v -0.00330967 0.02543681 -0.00792676
v -0.00387621 0.02394187 -0.00791460
v -0.00394642 0.02537977 -0.00764817
v -0.00387621 0.02394187 -0.00791460
v -0.00450188 0.02387613 -0.00756037
v -0.00450188 0.02387613 -0.00756037
v -0.00387621 0.02394187 -0.00791460
v -0.00450039 0.02244246 -0.00781220
v -0.00450188 0.02387613 -0.00756037
v -0.00450039 0.02244246 -0.00781220
v -0.00509226 0.02237218 -0.00739014
v -0.00380886 0.03195554 -0.00671190
v -0.00501174 0.03260058 -0.00629717
v -0.00380886 0.03195554 -0.00671190
v -0.00442123 0.03117179 -0.00665087
v -0.00442123 0.03117179 -0.00665087
v -0.00535548 0.03104209 -0.00619250
v -0.00442123 0.03117179 -0.00665087
v -0.00458133 0.02968382 -0.00677192
v -0.00535548 0.03104209 -0.00619250
v -0.00458133 0.02968382 -0.00677192
v -0.00509167 0.02960914 -0.00648785
v -0.00509167 0.02960914 -0.00648785
v -0.00458133 0.02968382 -0.00677192
v -0.00432473 0.02825176 -0.00708199
v -0.00509167 0.02960914 -0.00648785
v -0.00432473 0.02825176 -0.00708199
v -0.00487709 0.02817660 -0.00677311
v -0.00410461 0.02681678 -0.00737238
v -0.00469291 0.02674269 -0.00704193
v -0.00469291 0.02674269 -0.00704193
v -0.00410461 0.02681678 -0.00737238
v -0.00394642 0.02537977 -0.00764817
v -0.00456065 0.02530884 -0.00730187
v -0.00456065 0.02530884 -0.00730187
v -0.00450188 0.02387613 -0.00756037
v -0.00509345 0.02379804 -0.00713980
v -0.00509345 0.02379804 -0.00713980
v -0.00509226 0.02237218 -0.00739014
v -0.00563908 0.02229166 -0.00690657
v -0.00256485 0.02258515 -0.00866902
v -0.00322539 0.02254927 -0.00845355
v -0.00256717 0.02403450 -0.00841403
v -0.00322747 0.02399468 -0.00819933
v -0.00266141 0.02547985 -0.00813675
v -0.00190336 0.02260959 -0.00881577
v -0.00256485 0.02258515 -0.00866902
v -0.00190604 0.02406162 -0.00856024
v -0.00256717 0.02403450 -0.00841403
v -0.00266141 0.02547985 -0.00813675
v -0.00400162 0.03290939 -0.00648427
v -0.00362009 0.03285437 -0.00651574
v -0.00421739 0.03266447 -0.00650835
v -0.00421739 0.03266447 -0.00650835
v -0.00362009 0.03285437 -0.00651574
v -0.00300634 0.03198271 -0.00677675
v -0.00380886 0.03195554 -0.00671190
v -0.00247943 0.03109186 -0.00703228
v -0.00345242 0.03124511 -0.00690973
v -0.00213856 0.03029942 -0.00725013
v -0.00317937 0.03053331 -0.00710255
v -0.00297451 0.02982014 -0.00728989
v -0.00297451 0.02982014 -0.00728989
v -0.00405240 0.02974390 -0.00700033
v -0.00297451 0.02982014 -0.00728989
v -0.00316942 0.02835786 -0.00751758
v -0.00405240 0.02974390 -0.00700033
v -0.00316942 0.02835786 -0.00751758
v -0.00375217 0.02831226 -0.00733036
v -0.00287378 0.02692115 -0.00783849
v -0.00375217 0.02831226 -0.00733036
v -0.00287378 0.02692115 -0.00783849
v -0.00349462 0.02687627 -0.00763816
v -0.00349462 0.02687627 -0.00763816
v -0.00266141 0.02547985 -0.00813675
v -0.00330967 0.02543681 -0.00792676
v -0.00330967 0.02543681 -0.00792676
v -0.00322747 0.02399468 -0.00819933
v -0.00387621 0.02394187 -0.00791460
v -0.00387442 0.02250164 -0.00816774
v -0.00068551 0.02175068 -0.00905949
v -0.00070003 0.01906436 -0.00942975
v -0.00190336 0.02260959 -0.00881577
v -0.00190336 0.02260959 -0.00881577
v -0.00070003 0.01906436 -0.00942975
v -0.00190336 0.01969254 -0.00924629
v -0.00190336 0.02260959 -0.00881577
v -0.00190336 0.01969254 -0.00924629
v -0.00256485 0.02258515 -0.00866902
v -0.00256485 0.01967358 -0.00909877
v -0.00256485 0.02258515 -0.00866902
v -0.00256485 0.01967358 -0.00909877
v -0.00322539 0.02254927 -0.00845355
v -0.00322539 0.01964569 -0.00888204
v -0.00322539 0.02254927 -0.00845355
v -0.00322539 0.01964569 -0.00888204
v -0.00387442 0.02250164 -0.00816774
v -0.00387442 0.01960861 -0.00859469
v -0.00387442 0.02250164 -0.00816774
v -0.00387442 0.01960861 -0.00859469
v -0.00450039 0.02244246 -0.00781220
v -0.00450039 0.01956266 -0.00823730
v -0.00450039 0.02244246 -0.00781220
v -0.00450039 0.01956266 -0.00823730
v -0.00509226 0.02237218 -0.00739014
v -0.00509226 0.01950800 -0.00781286
v -0.00509226 0.02237218 -0.00739014
v -0.00509226 0.01950800 -0.00781286
v -0.00563908 0.02229166 -0.00690657
v -0.00563908 0.01944530 -0.00732672
v -0.00563908 0.02229166 -0.00690657
v -0.00563908 0.01944530 -0.00732672
v -0.00613165 0.02220219 -0.00636911
v -0.00613165 0.01937574 -0.00678635
v -0.00613165 0.02220219 -0.00636911
v -0.00613165 0.01937574 -0.00678635
v -0.00656223 0.02210515 -0.00578695
v -0.00656223 0.01930034 -0.00620097
v -0.00656223 0.02210515 -0.00578695
v -0.00656223 0.01930034 -0.00620097
v -0.00692540 0.02200251 -0.00517064
v -0.00692540 0.01922053 -0.00558120
v -0.00692540 0.02200251 -0.00517064
v -0.00692540 0.01922053 -0.00558120
v -0.00721812 0.02189612 -0.00453115
v -0.00721812 0.01913768 -0.00493836
v -0.00721812 0.02189612 -0.00453115
v -0.00721812 0.01913768 -0.00493836
v -0.00743949 0.02178764 -0.00387984
v -0.00743949 0.01905328 -0.00428343
v -0.00743949 0.02178764 -0.00387984
v -0.00743949 0.01905328 -0.00428343
v -0.00759101 0.02167892 -0.00322717
v -0.00759101 0.01896882 -0.00362712
v -0.00759101 0.02167892 -0.00322717
v -0.00759101 0.01896882 -0.00362712
v -0.00769997 0.02228409 -0.00187457
v -0.00769997 0.01961743 -0.00229877
v -0.00601989 0.02941858 -0.00576407
v -0.00642151 0.02930557 -0.00533456
v -0.00601989 0.02941858 -0.00576407
v -0.00631630 0.02787137 -0.00551891
v -0.00631630 0.02787137 -0.00551891
v -0.00669622 0.02774816 -0.00501299
v -0.00631630 0.02787137 -0.00551891
v -0.00616115 0.02502107 -0.00589556
v -0.00658369 0.02490490 -0.00532824
v -0.00658369 0.02490490 -0.00532824
v -0.00616115 0.02502107 -0.00589556
v -0.00656283 0.02350175 -0.00554270
v -0.00658369 0.02490490 -0.00532824
v -0.00656283 0.02350175 -0.00554270
v -0.00694001 0.02478194 -0.00472760
v -0.00692582 0.02338773 -0.00492865
v -0.00694001 0.02478194 -0.00472760
v -0.00692582 0.02338773 -0.00492865
v -0.00722718 0.02465432 -0.00410450
v -0.00721830 0.02326959 -0.00429159
v -0.00722718 0.02465432 -0.00410450
v -0.00721830 0.02326959 -0.00429159
v -0.00744432 0.02452445 -0.00346976
v -0.00743961 0.02314913 -0.00364256
v -0.00744432 0.02452445 -0.00346976
v -0.00743961 0.02314913 -0.00364256
v -0.00759309 0.02439427 -0.00283372
v -0.00759101 0.02302849 -0.00299227
v -0.00759309 0.02439427 -0.00283372
v -0.00759101 0.02302849 -0.00299227
v -0.00769997 0.02415215 -0.00165111
v -0.00769997 0.02343946 -0.00170088
v -0.00070003 0.01906436 -0.00942975
v -0.00070000 0.01611495 -0.00973004
v -0.00190336 0.01969254 -0.00924629
v -0.00190336 0.01969254 -0.00924629
v -0.00070000 0.01611495 -0.00973004
v -0.00190336 0.01676172 -0.00956887
v -0.00190336 0.01969254 -0.00924629
v -0.00190336 0.01676172 -0.00956887
v -0.00256485 0.01967358 -0.00909877
v -0.00256485 0.01674813 -0.00942069
v -0.00256485 0.01967358 -0.00909877
v -0.00256485 0.01674813 -0.00942069
v -0.00322539 0.01964569 -0.00888204
v -0.00322539 0.01672828 -0.00920314
v -0.00322539 0.01964569 -0.00888204
v -0.00322539 0.01672828 -0.00920314
v -0.00387442 0.01960861 -0.00859469
v -0.00387442 0.01670181 -0.00891459
v -0.00387442 0.01960861 -0.00859469
v -0.00387442 0.01670181 -0.00891459
v -0.00450039 0.01956266 -0.00823730
v -0.00450039 0.01666909 -0.00855577
v -0.00450039 0.01956266 -0.00823730
v -0.00450039 0.01666909 -0.00855577
v -0.00509226 0.01950800 -0.00781286
v -0.00509226 0.01663011 -0.00812960
v -0.00509226 0.01950800 -0.00781286
v -0.00509226 0.01663011 -0.00812960
v -0.00563908 0.01944530 -0.00732672
v -0.00563908 0.01658540 -0.00764138
v -0.00563908 0.01944530 -0.00732672
v -0.00563908 0.01658540 -0.00764138
v -0.00613165 0.01937574 -0.00678635
v -0.00613165 0.01653575 -0.00709879
v -0.00613165 0.01937574 -0.00678635
v -0.00613165 0.01653575 -0.00709879
v -0.00656223 0.01930034 -0.00620097
v -0.00656223 0.01648211 -0.00651109
v -0.00656223 0.01930034 -0.00620097
v -0.00656223 0.01648211 -0.00651109
v -0.00692540 0.01922053 -0.00558120
v -0.00692540 0.01642519 -0.00588888
v -0.00692540 0.01922053 -0.00558120
v -0.00692540 0.01642519 -0.00588888
v -0.00721812 0.01913768 -0.00493836
v -0.00721812 0.01636612 -0.00524330
v -0.00721812 0.01913768 -0.00493836
v -0.00743949 0.01905328 -0.00428343
v -0.00743949 0.01905328 -0.00428343
v -0.00743949 0.01630598 -0.00458568
v -0.00759101 0.01896882 -0.00362712
v -0.00759101 0.01624572 -0.00392675
v -0.00759101 0.01624572 -0.00392675
v -0.00769997 0.01680248 -0.00263756
v -0.00750148 0.03649610 -0.00410432
v -0.00715244 0.03666949 -0.00457996
v -0.00735986 0.03587186 -0.00452256
v -0.00735986 0.03587186 -0.00452256
v -0.00715244 0.03666949 -0.00457996
v -0.00708401 0.03598523 -0.00484240
v -0.00735986 0.03587186 -0.00452256
v -0.00708401 0.03598523 -0.00484240
v -0.00731903 0.03514647 -0.00465477
v -0.00700980 0.03526991 -0.00501418
v -0.00731903 0.03514647 -0.00465477
v -0.00700980 0.03526991 -0.00501418
v -0.00725812 0.03440314 -0.00472713
v -0.00725812 0.03440314 -0.00472713
v -0.00700980 0.03526991 -0.00501418
v -0.00676423 0.03380686 -0.00524586
v -0.00725812 0.03440314 -0.00472713
v -0.00676423 0.03380686 -0.00524586
v -0.00718337 0.03364843 -0.00475550
v -0.00718337 0.03364843 -0.00475550
v -0.00676423 0.03380686 -0.00524586
v -0.00701642 0.03212964 -0.00474280
v -0.00718337 0.03364843 -0.00475550
v -0.00701642 0.03212964 -0.00474280
v -0.00741041 0.03190785 -0.00401086
v -0.00741041 0.03190785 -0.00401086
v -0.00701642 0.03212964 -0.00474280
v -0.00686628 0.03063261 -0.00474489
v -0.00741041 0.03190785 -0.00401086
v -0.00686628 0.03063261 -0.00474489
v -0.00713247 0.03050792 -0.00430435
v -0.00713247 0.03050792 -0.00430435
v -0.00686628 0.03063261 -0.00474489
v -0.00706863 0.02905356 -0.00437659
v -0.00713247 0.03050792 -0.00430435
v -0.00706863 0.02905356 -0.00437659
v -0.00732416 0.02964121 -0.00383472
v -0.00732416 0.02964121 -0.00383472
v -0.00730711 0.02891916 -0.00386554
v -0.00727475 0.02748250 -0.00392175
v -0.00761109 0.02864485 -0.00282329
v -0.00727475 0.02748250 -0.00392175
v -0.00747007 0.02734476 -0.00335562
v -0.00747007 0.02734476 -0.00335562
v -0.00745511 0.02592372 -0.00338578
v -0.00759751 0.02578783 -0.00277895
v -0.00759309 0.02439427 -0.00283372
v -0.00769997 0.02415215 -0.00165111
v -0.00551122 0.03587448 -0.00552750
v -0.00535500 0.03549224 -0.00566006
v -0.00575882 0.03548061 -0.00562715
v -0.00575882 0.03548061 -0.00562715
v -0.00544882 0.03477996 -0.00585842
v -0.00596231 0.03473496 -0.00572318
v -0.00566846 0.03402566 -0.00592339
v -0.00624728 0.03393501 -0.00564253
v -0.00577766 0.03248733 -0.00592339
v -0.00646180 0.03232735 -0.00539547
v -0.00577766 0.03248733 -0.00592339
v -0.00578910 0.03095680 -0.00589073
v -0.00646180 0.03232735 -0.00539547
v -0.00578910 0.03095680 -0.00589073
v -0.00618982 0.03085899 -0.00554514
v -0.00618982 0.03085899 -0.00554514
v -0.00578910 0.03095680 -0.00589073
v -0.00557411 0.02952033 -0.00615048
v -0.00601989 0.02941858 -0.00576407
v -0.00601989 0.02941858 -0.00576407
v -0.00557411 0.02952033 -0.00615048
v -0.00539923 0.02808725 -0.00640619
v -0.00588167 0.02798497 -0.00598597
v -0.00588167 0.02798497 -0.00598597
v -0.00539923 0.02808725 -0.00640619
v -0.00514126 0.02522474 -0.00689042
v -0.00588167 0.02798497 -0.00598597
v -0.00514126 0.02522474 -0.00689042
v -0.00567782 0.02512824 -0.00641930
v -0.00567782 0.02512824 -0.00641930
v -0.00514126 0.02522474 -0.00689042
v -0.00563908 0.02229166 -0.00690657
v -0.00567782 0.02512824 -0.00641930
v -0.00616115 0.02502107 -0.00589556
v -0.00616115 0.02502107 -0.00589556
v -0.00613165 0.02220219 -0.00636911
v -0.00656283 0.02350175 -0.00554270
v -0.00656283 0.02350175 -0.00554270
v -0.00613165 0.02220219 -0.00636911
v -0.00656223 0.02210515 -0.00578695
v -0.00656283 0.02350175 -0.00554270
v -0.00656223 0.02210515 -0.00578695
v -0.00692582 0.02338773 -0.00492865
v -0.00692540 0.02200251 -0.00517064
v -0.00692582 0.02338773 -0.00492865
v -0.00692540 0.02200251 -0.00517064
v -0.00721830 0.02326959 -0.00429159
v -0.00721812 0.02189612 -0.00453115
v -0.00721830 0.02326959 -0.00429159
v -0.00743961 0.02314913 -0.00364256
v -0.00743961 0.02314913 -0.00364256
v -0.00743949 0.02178764 -0.00387984
v -0.00759101 0.02302849 -0.00299227
v -0.00759101 0.02167892 -0.00322717
v -0.00759101 0.02302849 -0.00299227
v -0.00759101 0.02167892 -0.00322717
v -0.00769997 0.02343946 -0.00170088
v 0.00543451 0.01746112 0.00115407
v 0.00500000 0.01746112 0.00115407
v 0.00543451 0.01747936 0.00107956
v 0.00500000 0.01747936 0.00107956
v 0.00543451 0.01747936 0.00107956
v 0.00500000 0.01747936 0.00107956
v 0.00543451 0.01749271 0.00105548
v 0.00500000 0.01749271 0.00105548
v 0.00543451 0.01749271 0.00105548
v 0.00500000 0.01749271 0.00105548
v 0.00543451 0.01752573 0.00101626
v 0.00500000 0.01752573 0.00101626
v 0.00543451 0.01752573 0.00101626
v 0.00500000 0.01752573 0.00101626
v 0.00543451 0.01756936 0.00098589
v 0.00500000 0.01756936 0.00098589
v 0.00543451 0.01756936 0.00098589
v 0.00500000 0.01756936 0.00098589
v 0.00543451 0.01759284 0.00097562
v 0.00500000 0.01759284 0.00097562
v 0.00543451 0.01759284 0.00097562
v 0.00500000 0.01759284 0.00097562
v 0.00543451 0.01767051 0.00096392
v 0.00500000 0.01767051 0.00096392
v 0.00543451 0.02126634 0.00113660
v 0.00500000 0.02126634 0.00113660
v 0.00543451 0.02134251 0.00115573
v 0.00500000 0.02134251 0.00115573
v 0.00543451 0.02134251 0.00115573
v 0.00500000 0.02134251 0.00115573
v 0.00543451 0.02136492 0.00116819
v 0.00500000 0.02136492 0.00116819
v 0.00543451 0.02136492 0.00116819
v 0.00500000 0.02136492 0.00116819
v 0.00543451 0.02140539 0.00120258
v 0.00500000 0.02140539 0.00120258
v 0.00543451 0.02140539 0.00120258
v 0.00500000 0.02140539 0.00120258
v 0.00543451 0.02143454 0.00124484
v 0.00500000 0.02143454 0.00124484
v 0.00543451 0.02143454 0.00124484
v 0.00500000 0.02143454 0.00124484
v 0.00543451 0.02144545 0.00127012
v 0.00500000 0.02144545 0.00127012
v 0.00543451 0.02144545 0.00127012
v 0.00500000 0.02144545 0.00127012
v 0.00543451 0.02145648 0.00134599
v 0.00500000 0.02145648 0.00134599
v -0.00543451 0.01767051 0.00096392
v -0.00500000 0.01767051 0.00096392
v -0.00543451 0.01759284 0.00097562
v -0.00500000 0.01759284 0.00097562
v -0.00543451 0.01759284 0.00097562
v -0.00500000 0.01759284 0.00097562
v -0.00543451 0.01756936 0.00098589
v -0.00500000 0.01756936 0.00098589
v -0.00543451 0.01756936 0.00098589
v -0.00500000 0.01756936 0.00098589
v -0.00543451 0.01752573 0.00101626
v -0.00500000 0.01752573 0.00101626
v -0.00543451 0.01752573 0.00101626
v -0.00500000 0.01752573 0.00101626
v -0.00543451 0.01749271 0.00105548
v -0.00500000 0.01749271 0.00105548
v -0.00543451 0.01749271 0.00105548
v -0.00500000 0.01749271 0.00105548
v -0.00543451 0.01747936 0.00107956
v -0.00500000 0.01747936 0.00107956
v -0.00543451 0.01747936 0.00107956
v -0.00500000 0.01747936 0.00107956
v -0.00543451 0.01746112 0.00115407
v -0.00500000 0.01746112 0.00115407
v -0.00543451 0.02145648 0.00134599
v -0.00500000 0.02145648 0.00134599
v -0.00543451 0.02144545 0.00127012
v -0.00500000 0.02144545 0.00127012
v -0.00543451 0.02144545 0.00127012
v -0.00500000 0.02144545 0.00127012
v -0.00543451 0.02143454 0.00124484
v -0.00500000 0.02143454 0.00124484
v -0.00543451 0.02143454 0.00124484
v -0.00500000 0.02143454 0.00124484
v -0.00543451 0.02140539 0.00120258
v -0.00500000 0.02140539 0.00120258
v -0.00543451 0.02140539 0.00120258
v -0.00500000 0.02140539 0.00120258
v -0.00543451 0.02136492 0.00116819
v -0.00500000 0.02136492 0.00116819
v -0.00543451 0.02136492 0.00116819
v -0.00500000 0.02136492 0.00116819
v -0.00543451 0.02134251 0.00115573
v -0.00500000 0.02134251 0.00115573
v -0.00543451 0.02134251 0.00115573
v -0.00500000 0.02134251 0.00115573
v -0.00543451 0.02126634 0.00113660
v -0.00500000 0.02126634 0.00113660
v 0.00543451 0.02136492 0.00116819
v 0.00543451 0.02140539 0.00120258
v 0.00554633 0.02140408 0.00123006
v 0.00563258 0.02140045 0.00130630
v 0.00566864 0.02133661 0.00127828
v 0.00556672 0.02134096 0.00118816
v 0.00566864 0.02133661 0.00127828
v 0.00568128 0.02126014 0.00126576
v 0.00557381 0.02126473 0.00117081
v 0.00551593 0.02144443 0.00129008
v 0.00548106 0.02145600 0.00135744
v 0.00551665 0.02145445 0.00138867
v 0.00543451 0.02145648 0.00134599
v 0.00548106 0.02145600 0.00135744
v 0.00543451 0.02144545 0.00127012
v 0.00551593 0.02144443 0.00129008
v 0.00543451 0.02144545 0.00127012
v 0.00551593 0.02144443 0.00129008
v 0.00543451 0.02143454 0.00124484
v 0.00556672 0.02134096 0.00118816
v 0.00556672 0.02134096 0.00118816
v 0.00557381 0.02126473 0.00117081
v 0.00543451 0.02126634 0.00113660
v 0.00543451 0.02134251 0.00115573
v 0.00573224 0.02125370 0.00139976
v 0.00568128 0.02126014 0.00126576
v 0.00571704 0.02133053 0.00140536
v 0.00566864 0.02133661 0.00127828
v 0.00571704 0.02133053 0.00140536
v 0.00566864 0.02133661 0.00127828
v 0.00570571 0.02135342 0.00140780
v 0.00570571 0.02135342 0.00140780
v 0.00566864 0.02133661 0.00127828
v 0.00563258 0.02140045 0.00130630
v 0.00570571 0.02135342 0.00140780
v 0.00563258 0.02140045 0.00130630
v 0.00567347 0.02139526 0.00141382
v 0.00567347 0.02139526 0.00141382
v 0.00563258 0.02140045 0.00130630
v 0.00563306 0.02142614 0.00142026
v 0.00560850 0.02143806 0.00142378
v 0.00563306 0.02142614 0.00142026
v 0.00557864 0.02144175 0.00134563
v 0.00557864 0.02144175 0.00134563
v 0.00563306 0.02142614 0.00142026
v 0.00563258 0.02140045 0.00130630
v 0.00557864 0.02144175 0.00134563
v 0.00563258 0.02140045 0.00130630
v 0.00554633 0.02140408 0.00123006
v 0.00554633 0.02140408 0.00123006
v 0.00554633 0.02140408 0.00123006
v 0.00556672 0.02134096 0.00118816
v 0.00543451 0.02136492 0.00116819
v 0.00543451 0.02136492 0.00116819
v 0.00556672 0.02134096 0.00118816
v 0.00543451 0.02134251 0.00115573
v 0.00543451 0.02140539 0.00120258
v 0.00543451 0.02143454 0.00124484
v 0.00554633 0.02140408 0.00123006
v 0.00554633 0.02140408 0.00123006
v 0.00543451 0.02143454 0.00124484
v 0.00551593 0.02144443 0.00129008
v 0.00551593 0.02144443 0.00129008
v 0.00557864 0.02144175 0.00134563
v 0.00557864 0.02144175 0.00134563
v 0.00551665 0.02145445 0.00138867
v 0.00560850 0.02143806 0.00142378
v 0.00560850 0.02143806 0.00142378
v 0.00551665 0.02145445 0.00138867
v 0.00553262 0.02145266 0.00142634
v 0.00560850 0.02143806 0.00142378
v 0.00553262 0.02145266 0.00142634
v 0.00553381 0.02145224 0.00143373
v 0.00544190 0.01746112 0.00115424
v 0.00543451 0.01746112 0.00115407
v 0.00543451 0.01747936 0.00107956
v 0.00543451 0.01767051 0.00096392
v 0.00557381 0.01766884 0.00099819
v 0.00543451 0.01759284 0.00097562
v 0.00556672 0.01759123 0.00100809
v 0.00543451 0.01759284 0.00097562
v 0.00556672 0.01759123 0.00100809
v 0.00543451 0.01756936 0.00098589
v 0.00543451 0.01756936 0.00098589
v 0.00556672 0.01759123 0.00100809
v 0.00554633 0.01752442 0.00104368
v 0.00543451 0.01756936 0.00098589
v 0.00554633 0.01752442 0.00104368
v 0.00543451 0.01752573 0.00101626
v 0.00543451 0.01752573 0.00101626
v 0.00554633 0.01752442 0.00104368
v 0.00543451 0.01749271 0.00105548
v 0.00543451 0.01749271 0.00105548
v 0.00554633 0.01752442 0.00104368
v 0.00551593 0.01747846 0.00109965
v 0.00543451 0.01749271 0.00105548
v 0.00551593 0.01747846 0.00109965
v 0.00543451 0.01747936 0.00107956
v 0.00543451 0.01747936 0.00107956
v 0.00551593 0.01747846 0.00109965
v 0.00548124 0.01746058 0.00116551
v 0.00543451 0.01747936 0.00107956
v 0.00548124 0.01746058 0.00116551
v 0.00544190 0.01746112 0.00115424
v 0.00557381 0.01766884 0.00099819
v 0.00568128 0.01766431 0.00109303
v 0.00556672 0.01759123 0.00100809
v 0.00556672 0.01759123 0.00100809
v 0.00568128 0.01766431 0.00109303
v 0.00566864 0.01758700 0.00109810
v 0.00556672 0.01759123 0.00100809
v 0.00566864 0.01758700 0.00109810
v 0.00554633 0.01752442 0.00104368
v 0.00563258 0.01752078 0.00111997
v 0.00554633 0.01752442 0.00104368
v 0.00563258 0.01752078 0.00111997
v 0.00551593 0.01747846 0.00109965
v 0.00557864 0.01747578 0.00115508
v 0.00551593 0.01747846 0.00109965
v 0.00557864 0.01747578 0.00115508
v 0.00548124 0.01746058 0.00116551
v 0.00551665 0.01745909 0.00119704
v 0.00568128 0.01766431 0.00109303
v 0.00573224 0.01765787 0.00122702
v 0.00566864 0.01758700 0.00109810
v 0.00571704 0.01758080 0.00122523
v 0.00566864 0.01758700 0.00109810
v 0.00571704 0.01758080 0.00122523
v 0.00563258 0.01752078 0.00111997
v 0.00567347 0.01751554 0.00122744
v 0.00563258 0.01752078 0.00111997
v 0.00567347 0.01751554 0.00122744
v 0.00557864 0.01747578 0.00115508
v 0.00560850 0.01747196 0.00123334
v 0.00557864 0.01747578 0.00115508
v 0.00560850 0.01747196 0.00123334
v 0.00551665 0.01745909 0.00119704
v 0.00553381 0.01745688 0.00124180
v 0.00000000 0.00616449 0.00081164
v -0.00034711 0.00624365 0.00081544
v 0.00000000 0.00696361 0.00085002
v 0.00034711 0.00624365 0.00081544
v 0.00077994 0.00714141 0.00085857
v 0.00077994 0.00678575 0.00084148
v 0.00062547 0.00646544 0.00082609
v 0.00000000 0.00776273 0.00088841
v 0.00034711 0.00768358 0.00088461
v 0.00062547 0.00746179 0.00087396
v -0.00077994 0.00714141 0.00085857
v -0.00062547 0.00746179 0.00087396
v -0.00034711 0.00768358 0.00088461
v -0.00062547 0.00646544 0.00082609
v -0.00077994 0.00678575 0.00084148
v 0.00553381 0.01745688 0.00124180
v 0.00573176 0.01737958 0.00285208
v 0.00569999 0.01737958 0.00285208
v 0.00479996 0.01733160 0.00385088
v 0.00486869 0.01733762 0.00372517
v 0.00569999 0.01733160 0.00385088
v 0.00489992 0.01734596 0.00355130
v 0.00489992 0.01745635 0.00125390
v 0.00490183 0.01745730 0.00123382
v 0.00491768 0.01745909 0.00119704
v 0.00548124 0.01746058 0.00116551
v 0.00551665 0.01745909 0.00119704
v 0.00544190 0.01746112 0.00115424
v 0.00543451 0.01746112 0.00115407
v 0.00500000 0.01746112 0.00115407
v 0.00495338 0.01746058 0.00116551
v 0.00543451 0.01767051 0.00096392
v 0.00500000 0.01767051 0.00096392
v 0.00543451 0.02126634 0.00113660
v 0.00500000 0.02126634 0.00113660
v 0.00472677 0.01755625 0.00125867
v 0.00471538 0.01757919 0.00125986
v 0.00473702 0.01758444 0.00115102
v 0.00471538 0.01757919 0.00125986
v 0.00469994 0.01765602 0.00126350
v 0.00472277 0.01766163 0.00114882
v 0.00490183 0.01745730 0.00123382
v 0.00483811 0.01747423 0.00118768
v 0.00487608 0.01747697 0.00113082
v 0.00490183 0.01745730 0.00123382
v 0.00487608 0.01747697 0.00113082
v 0.00491768 0.01745909 0.00119704
v 0.00491768 0.01745909 0.00119704
v 0.00487608 0.01747697 0.00113082
v 0.00493294 0.01747876 0.00109297
v 0.00491768 0.01745909 0.00119704
v 0.00493294 0.01747876 0.00109297
v 0.00495338 0.01746058 0.00116551
v 0.00495338 0.01746058 0.00116551
v 0.00493294 0.01747876 0.00109297
v 0.00500000 0.01747936 0.00107956
v 0.00495338 0.01746058 0.00116551
v 0.00500000 0.01747936 0.00107956
v 0.00500000 0.01746112 0.00115407
v 0.00473702 0.01758444 0.00115102
v 0.00473702 0.01758444 0.00115102
v 0.00472277 0.01766163 0.00114882
v 0.00474012 0.01766330 0.00111365
v 0.00473702 0.01758444 0.00115102
v 0.00474012 0.01766330 0.00111365
v 0.00479871 0.01758891 0.00105882
v 0.00474012 0.01766330 0.00111365
v 0.00478786 0.01766628 0.00105166
v 0.00479871 0.01758891 0.00105882
v 0.00479871 0.01758891 0.00105882
v 0.00478786 0.01766628 0.00105166
v 0.00484997 0.01766860 0.00100404
v 0.00479871 0.01758891 0.00105882
v 0.00484997 0.01766860 0.00100404
v 0.00489098 0.01759183 0.00099726
v 0.00489098 0.01759183 0.00099726
v 0.00484997 0.01766860 0.00100404
v 0.00488514 0.01766937 0.00098673
v 0.00489098 0.01759183 0.00099726
v 0.00488514 0.01766937 0.00098673
v 0.00500000 0.01767051 0.00096392
v 0.00479996 0.01748311 0.00125521
v 0.00475919 0.01751410 0.00125670
v 0.00477749 0.01751857 0.00116473
v 0.00477749 0.01751857 0.00116473
v 0.00475919 0.01751410 0.00125670
v 0.00472677 0.01755625 0.00125867
v 0.00472677 0.01755625 0.00125867
v 0.00473702 0.01758444 0.00115102
v 0.00477749 0.01751857 0.00116473
v 0.00477749 0.01751857 0.00116473
v 0.00473702 0.01758444 0.00115102
v 0.00479871 0.01758891 0.00105882
v 0.00482965 0.01752233 0.00108665
v 0.00482965 0.01752233 0.00108665
v 0.00479871 0.01758891 0.00105882
v 0.00489098 0.01759183 0.00099726
v 0.00490785 0.01752477 0.00103450
v 0.00490183 0.01745730 0.00123382
v 0.00489992 0.01745635 0.00125390
v 0.00483811 0.01747423 0.00118768
v 0.00483811 0.01747423 0.00118768
v 0.00489992 0.01745635 0.00125390
v 0.00482470 0.01747101 0.00125462
v 0.00483811 0.01747423 0.00118768
v 0.00482470 0.01747101 0.00125462
v 0.00479996 0.01748311 0.00125521
v 0.00500000 0.01759284 0.00097562
v 0.00489098 0.01759183 0.00099726
v 0.00500000 0.01759284 0.00097562
v 0.00500000 0.01756936 0.00098589
v 0.00489098 0.01759183 0.00099726
v 0.00500000 0.01756936 0.00098589
v 0.00490785 0.01752477 0.00103450
v 0.00490785 0.01752477 0.00103450
v 0.00500000 0.01756936 0.00098589
v 0.00500000 0.01752573 0.00101626
v 0.00490785 0.01752477 0.00103450
v 0.00500000 0.01752573 0.00101626
v 0.00500000 0.01749271 0.00105548
v 0.00479996 0.01748311 0.00125521
v 0.00477749 0.01751857 0.00116473
v 0.00483811 0.01747423 0.00118768
v 0.00483811 0.01747423 0.00118768
v 0.00477749 0.01751857 0.00116473
v 0.00482965 0.01752233 0.00108665
v 0.00487608 0.01747697 0.00113082
v 0.00487608 0.01747697 0.00113082
v 0.00482965 0.01752233 0.00108665
v 0.00490785 0.01752477 0.00103450
v 0.00493294 0.01747876 0.00109297
v 0.00493294 0.01747876 0.00109297
v 0.00490785 0.01752477 0.00103450
v 0.00500000 0.01749271 0.00105548
v 0.00493294 0.01747876 0.00109297
v 0.00500000 0.01749271 0.00105548
v 0.00500000 0.01747936 0.00107956
v 0.00500000 0.02136492 0.00116819
v 0.00500000 0.02134251 0.00115573
v 0.00489098 0.02134144 0.00117731
v 0.00500000 0.02134251 0.00115573
v 0.00500000 0.02126634 0.00113660
v 0.00488514 0.02126520 0.00115937
v 0.00497979 0.02145642 0.00134778
v 0.00493294 0.02144479 0.00128341
v 0.00487608 0.02144294 0.00132138
v 0.00497979 0.02145642 0.00134778
v 0.00487608 0.02144294 0.00132138
v 0.00494301 0.02145570 0.00136363
v 0.00494301 0.02145570 0.00136363
v 0.00487608 0.02144294 0.00132138
v 0.00483811 0.02144020 0.00137812
v 0.00494301 0.02145570 0.00136363
v 0.00483811 0.02144020 0.00137812
v 0.00491148 0.02145391 0.00139934
v 0.00491148 0.02145391 0.00139934
v 0.00483811 0.02144020 0.00137812
v 0.00482470 0.02143698 0.00144517
v 0.00491148 0.02145391 0.00139934
v 0.00482470 0.02143698 0.00144517
v 0.00489992 0.02145171 0.00144589
v 0.00489098 0.02134144 0.00117731
v 0.00489098 0.02134144 0.00117731
v 0.00488514 0.02126520 0.00115937
v 0.00484997 0.02126443 0.00117671
v 0.00489098 0.02134144 0.00117731
v 0.00484997 0.02126443 0.00117671
v 0.00479871 0.02133852 0.00123894
v 0.00484997 0.02126443 0.00117671
v 0.00478786 0.02126210 0.00122434
v 0.00479871 0.02133852 0.00123894
v 0.00479871 0.02133852 0.00123894
v 0.00478786 0.02126210 0.00122434
v 0.00474012 0.02125912 0.00128645
v 0.00479871 0.02133852 0.00123894
v 0.00474012 0.02125912 0.00128645
v 0.00473702 0.02133405 0.00133121
v 0.00473702 0.02133405 0.00133121
v 0.00474012 0.02125912 0.00128645
v 0.00472277 0.02125746 0.00132155
v 0.00473702 0.02133405 0.00133121
v 0.00472277 0.02125746 0.00132155
v 0.00469994 0.02125191 0.00143629
v 0.00500000 0.02143454 0.00124484
v 0.00500000 0.02140539 0.00120258
v 0.00490785 0.02140456 0.00122088
v 0.00490785 0.02140456 0.00122088
v 0.00500000 0.02140539 0.00120258
v 0.00500000 0.02136492 0.00116819
v 0.00500000 0.02136492 0.00116819
v 0.00489098 0.02134144 0.00117731
v 0.00490785 0.02140456 0.00122088
v 0.00490785 0.02140456 0.00122088
v 0.00489098 0.02134144 0.00117731
v 0.00479871 0.02133852 0.00123894
v 0.00482965 0.02140206 0.00127304
v 0.00482965 0.02140206 0.00127304
v 0.00479871 0.02133852 0.00123894
v 0.00473702 0.02133405 0.00133121
v 0.00477749 0.02139830 0.00135106
v 0.00497979 0.02145642 0.00134778
v 0.00500000 0.02145648 0.00134599
v 0.00493294 0.02144479 0.00128341
v 0.00493294 0.02144479 0.00128341
v 0.00500000 0.02145648 0.00134599
v 0.00500000 0.02144545 0.00127012
v 0.00493294 0.02144479 0.00128341
v 0.00500000 0.02144545 0.00127012
v 0.00500000 0.02143454 0.00124484
v 0.00471538 0.02132880 0.00143993
v 0.00473702 0.02133405 0.00133121
v 0.00471538 0.02132880 0.00143993
v 0.00472677 0.02135187 0.00144112
v 0.00473702 0.02133405 0.00133121
v 0.00472677 0.02135187 0.00144112
v 0.00477749 0.02139830 0.00135106
v 0.00477749 0.02139830 0.00135106
v 0.00472677 0.02135187 0.00144112
v 0.00475919 0.02139389 0.00144309
v 0.00477749 0.02139830 0.00135106
v 0.00475919 0.02139389 0.00144309
v 0.00479996 0.02142488 0.00144458
v 0.00500000 0.02143454 0.00124484
v 0.00490785 0.02140456 0.00122088
v 0.00493294 0.02144479 0.00128341
v 0.00493294 0.02144479 0.00128341
v 0.00490785 0.02140456 0.00122088
v 0.00482965 0.02140206 0.00127304
v 0.00487608 0.02144294 0.00132138
v 0.00487608 0.02144294 0.00132138
v 0.00482965 0.02140206 0.00127304
v 0.00477749 0.02139830 0.00135106
v 0.00483811 0.02144020 0.00137812
v 0.00483811 0.02144020 0.00137812
v 0.00477749 0.02139830 0.00135106
v 0.00479996 0.02142488 0.00144458
v 0.00483811 0.02144020 0.00137812
v 0.00479996 0.02142488 0.00144458
v 0.00482470 0.02143698 0.00144517
v 0.00486869 0.02133297 0.00391710
v 0.00479996 0.02132689 0.00404292
v 0.00569999 0.02132689 0.00404292
v 0.00569999 0.02137494 0.00304401
v 0.00489992 0.02145171 0.00144589
v 0.00489992 0.02134138 0.00374323
v 0.00494301 0.02145570 0.00136363
v 0.00491148 0.02145391 0.00139934
v 0.00497979 0.02145642 0.00134778
v 0.00500000 0.02145648 0.00134599
v 0.00543451 0.02145648 0.00134599
v 0.00551665 0.02145445 0.00138867
v 0.00548106 0.02145600 0.00135744
v 0.00553262 0.02145266 0.00142634
v 0.00553381 0.02145224 0.00143373
v 0.00573176 0.02137494 0.00304401
v -0.00553381 0.02145224 0.00143373
v -0.00573176 0.02137494 0.00304401
v -0.00569999 0.02137494 0.00304401
v -0.00479996 0.02132689 0.00404292
v -0.00486869 0.02133297 0.00391710
v -0.00569999 0.02132689 0.00404292
v -0.00489992 0.02134138 0.00374323
v -0.00489992 0.02145171 0.00144589
v -0.00490183 0.02145272 0.00142574
v -0.00491768 0.02145445 0.00138897
v -0.00548124 0.02145600 0.00135744
v -0.00551665 0.02145445 0.00138897
v -0.00544190 0.02145648 0.00134623
v -0.00543451 0.02145648 0.00134599
v -0.00500000 0.02145648 0.00134599
v -0.00495338 0.02145600 0.00135744
v -0.00472677 0.02135187 0.00144112
v -0.00471538 0.02132880 0.00143993
v -0.00473702 0.02133405 0.00133121
v -0.00471538 0.02132880 0.00143993
v -0.00469994 0.02125191 0.00143629
v -0.00472277 0.02125746 0.00132155
v -0.00490183 0.02145272 0.00142574
v -0.00483811 0.02144020 0.00137812
v -0.00487608 0.02144294 0.00132138
v -0.00490183 0.02145272 0.00142574
v -0.00487608 0.02144294 0.00132138
v -0.00491768 0.02145445 0.00138897
v -0.00491768 0.02145445 0.00138897
v -0.00487608 0.02144294 0.00132138
v -0.00493294 0.02144479 0.00128341
v -0.00491768 0.02145445 0.00138897
v -0.00493294 0.02144479 0.00128341
v -0.00495338 0.02145600 0.00135744
v -0.00495338 0.02145600 0.00135744
v -0.00493294 0.02144479 0.00128341
v -0.00500000 0.02144545 0.00127012
v -0.00495338 0.02145600 0.00135744
v -0.00500000 0.02144545 0.00127012
v -0.00500000 0.02145648 0.00134599
v -0.00473702 0.02133405 0.00133121
v -0.00473702 0.02133405 0.00133121
v -0.00472277 0.02125746 0.00132155
v -0.00474012 0.02125912 0.00128645
v -0.00473702 0.02133405 0.00133121
v -0.00474012 0.02125912 0.00128645
v -0.00479871 0.02133852 0.00123894
v -0.00474012 0.02125912 0.00128645
v -0.00478786 0.02126210 0.00122434
v -0.00479871 0.02133852 0.00123894
v -0.00479871 0.02133852 0.00123894
v -0.00478786 0.02126210 0.00122434
v -0.00484997 0.02126443 0.00117671
v -0.00479871 0.02133852 0.00123894
v -0.00484997 0.02126443 0.00117671
v -0.00489098 0.02134144 0.00117731
v -0.00489098 0.02134144 0.00117731
v -0.00484997 0.02126443 0.00117671
v -0.00488514 0.02126520 0.00115937
v -0.00489098 0.02134144 0.00117731
v -0.00488514 0.02126520 0.00115937
v -0.00500000 0.02126634 0.00113660
v -0.00479996 0.02142488 0.00144458
v -0.00475919 0.02139389 0.00144309
v -0.00477749 0.02139830 0.00135106
v -0.00477749 0.02139830 0.00135106
v -0.00475919 0.02139389 0.00144309
v -0.00472677 0.02135187 0.00144112
v -0.00472677 0.02135187 0.00144112
v -0.00473702 0.02133405 0.00133121
v -0.00477749 0.02139830 0.00135106
v -0.00477749 0.02139830 0.00135106
v -0.00473702 0.02133405 0.00133121
v -0.00479871 0.02133852 0.00123894
v -0.00482965 0.02140206 0.00127304
v -0.00482965 0.02140206 0.00127304
v -0.00479871 0.02133852 0.00123894
v -0.00489098 0.02134144 0.00117731
v -0.00490785 0.02140456 0.00122088
v -0.00490183 0.02145272 0.00142574
v -0.00489992 0.02145171 0.00144589
v -0.00483811 0.02144020 0.00137812
v -0.00483811 0.02144020 0.00137812
v -0.00489992 0.02145171 0.00144589
v -0.00482470 0.02143698 0.00144517
v -0.00483811 0.02144020 0.00137812
v -0.00482470 0.02143698 0.00144517
v -0.00479996 0.02142488 0.00144458
v -0.00500000 0.02134251 0.00115573
v -0.00489098 0.02134144 0.00117731
v -0.00500000 0.02134251 0.00115573
v -0.00500000 0.02136492 0.00116819
v -0.00489098 0.02134144 0.00117731
v -0.00500000 0.02136492 0.00116819
v -0.00490785 0.02140456 0.00122088
v -0.00490785 0.02140456 0.00122088
v -0.00500000 0.02136492 0.00116819
v -0.00500000 0.02140539 0.00120258
v -0.00490785 0.02140456 0.00122088
v -0.00500000 0.02140539 0.00120258
v -0.00500000 0.02143454 0.00124484
v -0.00479996 0.02142488 0.00144458
v -0.00477749 0.02139830 0.00135106
v -0.00483811 0.02144020 0.00137812
v -0.00483811 0.02144020 0.00137812
v -0.00477749 0.02139830 0.00135106
v -0.00482965 0.02140206 0.00127304
v -0.00487608 0.02144294 0.00132138
v -0.00487608 0.02144294 0.00132138
v -0.00482965 0.02140206 0.00127304
v -0.00490785 0.02140456 0.00122088
v -0.00493294 0.02144479 0.00128341
v -0.00493294 0.02144479 0.00128341
v -0.00490785 0.02140456 0.00122088
v -0.00500000 0.02143454 0.00124484
v -0.00493294 0.02144479 0.00128341
v -0.00500000 0.02143454 0.00124484
v -0.00500000 0.02144545 0.00127012
v -0.00486869 0.01733762 0.00372517
v -0.00479996 0.01733160 0.00385088
v -0.00569999 0.01733160 0.00385088
v -0.00569999 0.01737958 0.00285208
v -0.00489992 0.01745635 0.00125390
v -0.00489992 0.01734596 0.00355130
v -0.00494301 0.01746022 0.00117171
v -0.00491148 0.01745849 0.00120741
v -0.00497979 0.01746106 0.00115585
v -0.00500000 0.01746112 0.00115407
v -0.00543451 0.01746112 0.00115407
v -0.00551665 0.01745909 0.00119674
v -0.00548106 0.01746058 0.00116551
v -0.00553262 0.01745730 0.00123441
v -0.00553381 0.01745688 0.00124180
v -0.00573176 0.01737958 0.00285208
v -0.00500000 0.01756936 0.00098589
v -0.00500000 0.01759284 0.00097562
v -0.00489098 0.01759183 0.00099726
v -0.00500000 0.01759284 0.00097562
v -0.00500000 0.01767051 0.00096392
v -0.00488514 0.01766937 0.00098673
v -0.00497979 0.01746106 0.00115585
v -0.00493294 0.01747876 0.00109297
v -0.00487608 0.01747697 0.00113082
v -0.00497979 0.01746106 0.00115585
v -0.00487608 0.01747697 0.00113082
v -0.00494301 0.01746022 0.00117171
v -0.00494301 0.01746022 0.00117171
v -0.00487608 0.01747697 0.00113082
v -0.00483811 0.01747423 0.00118768
v -0.00494301 0.01746022 0.00117171
v -0.00483811 0.01747423 0.00118768
v -0.00491148 0.01745849 0.00120741
v -0.00491148 0.01745849 0.00120741
v -0.00483811 0.01747423 0.00118768
v -0.00482470 0.01747101 0.00125462
v -0.00491148 0.01745849 0.00120741
v -0.00482470 0.01747101 0.00125462
v -0.00489992 0.01745635 0.00125390
v -0.00489098 0.01759183 0.00099726
v -0.00489098 0.01759183 0.00099726
v -0.00488514 0.01766937 0.00098673
v -0.00484997 0.01766860 0.00100404
v -0.00489098 0.01759183 0.00099726
v -0.00484997 0.01766860 0.00100404
v -0.00479871 0.01758891 0.00105882
v -0.00484997 0.01766860 0.00100404
v -0.00478786 0.01766628 0.00105166
v -0.00479871 0.01758891 0.00105882
v -0.00479871 0.01758891 0.00105882
v -0.00478786 0.01766628 0.00105166
v -0.00474012 0.01766330 0.00111365
v -0.00479871 0.01758891 0.00105882
v -0.00474012 0.01766330 0.00111365
v -0.00473702 0.01758444 0.00115102
v -0.00473702 0.01758444 0.00115102
v -0.00474012 0.01766330 0.00111365
v -0.00472277 0.01766163 0.00114882
v -0.00473702 0.01758444 0.00115102
v -0.00472277 0.01766163 0.00114882
v -0.00469994 0.01765602 0.00126350
v -0.00500000 0.01749271 0.00105548
v -0.00500000 0.01752573 0.00101626
v -0.00490785 0.01752477 0.00103450
v -0.00490785 0.01752477 0.00103450
v -0.00500000 0.01752573 0.00101626
v -0.00500000 0.01756936 0.00098589
v -0.00500000 0.01756936 0.00098589
v -0.00489098 0.01759183 0.00099726
v -0.00490785 0.01752477 0.00103450
v -0.00490785 0.01752477 0.00103450
v -0.00489098 0.01759183 0.00099726
v -0.00479871 0.01758891 0.00105882
v -0.00482965 0.01752233 0.00108665
v -0.00482965 0.01752233 0.00108665
v -0.00479871 0.01758891 0.00105882
v -0.00473702 0.01758444 0.00115102
v -0.00477749 0.01751857 0.00116473
v -0.00497979 0.01746106 0.00115585
v -0.00500000 0.01746112 0.00115407
v -0.00493294 0.01747876 0.00109297
v -0.00493294 0.01747876 0.00109297
v -0.00500000 0.01746112 0.00115407
v -0.00500000 0.01747936 0.00107956
v -0.00493294 0.01747876 0.00109297
v -0.00500000 0.01747936 0.00107956
v -0.00500000 0.01749271 0.00105548
v -0.00471538 0.01757919 0.00125986
v -0.00473702 0.01758444 0.00115102
v -0.00471538 0.01757919 0.00125986
v -0.00472677 0.01755625 0.00125867
v -0.00473702 0.01758444 0.00115102
v -0.00472677 0.01755625 0.00125867
v -0.00477749 0.01751857 0.00116473
v -0.00477749 0.01751857 0.00116473
v -0.00472677 0.01755625 0.00125867
v -0.00475919 0.01751410 0.00125670
v -0.00477749 0.01751857 0.00116473
v -0.00475919 0.01751410 0.00125670
v -0.00479996 0.01748311 0.00125521
v -0.00500000 0.01749271 0.00105548
v -0.00490785 0.01752477 0.00103450
v -0.00493294 0.01747876 0.00109297
v -0.00493294 0.01747876 0.00109297
v -0.00490785 0.01752477 0.00103450
v -0.00482965 0.01752233 0.00108665
v -0.00487608 0.01747697 0.00113082
v -0.00487608 0.01747697 0.00113082
v -0.00482965 0.01752233 0.00108665
v -0.00477749 0.01751857 0.00116473
v -0.00483811 0.01747423 0.00118768
v -0.00483811 0.01747423 0.00118768
v -0.00477749 0.01751857 0.00116473
v -0.00479996 0.01748311 0.00125521
v -0.00483811 0.01747423 0.00118768
v -0.00479996 0.01748311 0.00125521
v -0.00482470 0.01747101 0.00125462
v -0.00543451 0.02126634 0.00113660
v -0.00500000 0.02126634 0.00113660
v -0.00543451 0.01767051 0.00096392
v -0.00500000 0.01767051 0.00096392
v -0.00543451 0.01756936 0.00098589
v -0.00543451 0.01752573 0.00101626
v -0.00554633 0.01752442 0.00104368
v -0.00563258 0.01752078 0.00111997
v -0.00566864 0.01758700 0.00109810
v -0.00556672 0.01759123 0.00100809
v -0.00566864 0.01758700 0.00109810
v -0.00568128 0.01766431 0.00109303
v -0.00557381 0.01766884 0.00099819
v -0.00551593 0.01747846 0.00109965
v -0.00548106 0.01746058 0.00116551
v -0.00551665 0.01745909 0.00119674
v -0.00543451 0.01746112 0.00115407
v -0.00548106 0.01746058 0.00116551
v -0.00543451 0.01747936 0.00107956
v -0.00551593 0.01747846 0.00109965
v -0.00543451 0.01747936 0.00107956
v -0.00551593 0.01747846 0.00109965
v -0.00543451 0.01749271 0.00105548
v -0.00566864 0.01758700 0.00109810
v -0.00557381 0.01766884 0.00099819
v -0.00556672 0.01759123 0.00100809
v -0.00556672 0.01759123 0.00100809
v -0.00557381 0.01766884 0.00099819
v -0.00543451 0.01767051 0.00096392
v -0.00543451 0.01759284 0.00097562
v -0.00573224 0.01765787 0.00122702
v -0.00568128 0.01766431 0.00109303
v -0.00571704 0.01758080 0.00122523
v -0.00566864 0.01758700 0.00109810
v -0.00571704 0.01758080 0.00122523
v -0.00566864 0.01758700 0.00109810
v -0.00570571 0.01755774 0.00122541
v -0.00570571 0.01755774 0.00122541
v -0.00566864 0.01758700 0.00109810
v -0.00563258 0.01752078 0.00111997
v -0.00570571 0.01755774 0.00122541
v -0.00563258 0.01752078 0.00111997
v -0.00567347 0.01751554 0.00122744
v -0.00567347 0.01751554 0.00122744
v -0.00563258 0.01752078 0.00111997
v -0.00563306 0.01748418 0.00123083
v -0.00560850 0.01747196 0.00123334
v -0.00563306 0.01748418 0.00123083
v -0.00557864 0.01747578 0.00115508
v -0.00557864 0.01747578 0.00115508
v -0.00563306 0.01748418 0.00123083
v -0.00563258 0.01752078 0.00111997
v -0.00557864 0.01747578 0.00115508
v -0.00563258 0.01752078 0.00111997
v -0.00554633 0.01752442 0.00104368
v -0.00554633 0.01752442 0.00104368
v -0.00554633 0.01752442 0.00104368
v -0.00556672 0.01759123 0.00100809
v -0.00543451 0.01756936 0.00098589
v -0.00543451 0.01756936 0.00098589
v -0.00556672 0.01759123 0.00100809
v -0.00543451 0.01759284 0.00097562
v -0.00543451 0.01752573 0.00101626
v -0.00543451 0.01749271 0.00105548
v -0.00554633 0.01752442 0.00104368
v -0.00554633 0.01752442 0.00104368
v -0.00543451 0.01749271 0.00105548
v -0.00551593 0.01747846 0.00109965
v -0.00551593 0.01747846 0.00109965
v -0.00557864 0.01747578 0.00115508
v -0.00557864 0.01747578 0.00115508
v -0.00551665 0.01745909 0.00119674
v -0.00560850 0.01747196 0.00123334
v -0.00560850 0.01747196 0.00123334
v -0.00551665 0.01745909 0.00119674
v -0.00553262 0.01745730 0.00123441
v -0.00560850 0.01747196 0.00123334
v -0.00553262 0.01745730 0.00123441
v -0.00553381 0.01745688 0.00124180
v -0.00570571 0.02135342 0.00140780
v -0.00567347 0.02139526 0.00141382
v -0.00563258 0.02140045 0.00130630
v -0.00554633 0.02140408 0.00123006
v -0.00556672 0.02134096 0.00118816
v -0.00566864 0.02133661 0.00127828
v -0.00556672 0.02134096 0.00118816
v -0.00557381 0.02126473 0.00117081
v -0.00568128 0.02126014 0.00126576
v -0.00557864 0.02144175 0.00134563
v -0.00551665 0.02145445 0.00138897
v -0.00548124 0.02145600 0.00135744
v -0.00553381 0.02145224 0.00143373
v -0.00551665 0.02145445 0.00138897
v -0.00560850 0.02143806 0.00142378
v -0.00557864 0.02144175 0.00134563
v -0.00560850 0.02143806 0.00142378
v -0.00557864 0.02144175 0.00134563
v -0.00563306 0.02142614 0.00142026
v -0.00566864 0.02133661 0.00127828
v -0.00566864 0.02133661 0.00127828
v -0.00568128 0.02126014 0.00126576
v -0.00573224 0.02125370 0.00139976
v -0.00571704 0.02133053 0.00140536
v -0.00543451 0.02126634 0.00113660
v -0.00557381 0.02126473 0.00117081
v -0.00543451 0.02134251 0.00115573
v -0.00556672 0.02134096 0.00118816
v -0.00543451 0.02134251 0.00115573
v -0.00556672 0.02134096 0.00118816
v -0.00543451 0.02136492 0.00116819
v -0.00543451 0.02136492 0.00116819
v -0.00556672 0.02134096 0.00118816
v -0.00554633 0.02140408 0.00123006
v -0.00543451 0.02136492 0.00116819
v -0.00554633 0.02140408 0.00123006
v -0.00543451 0.02140539 0.00120258
v -0.00543451 0.02140539 0.00120258
v -0.00554633 0.02140408 0.00123006
v -0.00543451 0.02143454 0.00124484
v -0.00543451 0.02144545 0.00127012
v -0.00543451 0.02143454 0.00124484
v -0.00551593 0.02144443 0.00129008
v -0.00551593 0.02144443 0.00129008
v -0.00543451 0.02143454 0.00124484
v -0.00554633 0.02140408 0.00123006
v -0.00551593 0.02144443 0.00129008
v -0.00554633 0.02140408 0.00123006
v -0.00563258 0.02140045 0.00130630
v -0.00563258 0.02140045 0.00130630
v -0.00563258 0.02140045 0.00130630
v -0.00566864 0.02133661 0.00127828
v -0.00570571 0.02135342 0.00140780
v -0.00570571 0.02135342 0.00140780
v -0.00566864 0.02133661 0.00127828
v -0.00571704 0.02133053 0.00140536
v -0.00567347 0.02139526 0.00141382
v -0.00563306 0.02142614 0.00142026
v -0.00563258 0.02140045 0.00130630
v -0.00563258 0.02140045 0.00130630
v -0.00563306 0.02142614 0.00142026
v -0.00557864 0.02144175 0.00134563
v -0.00557864 0.02144175 0.00134563
v -0.00551593 0.02144443 0.00129008
v -0.00551593 0.02144443 0.00129008
v -0.00548124 0.02145600 0.00135744
v -0.00543451 0.02144545 0.00127012
v -0.00543451 0.02144545 0.00127012
v -0.00548124 0.02145600 0.00135744
v -0.00544190 0.02145648 0.00134623
v -0.00543451 0.02144545 0.00127012
v -0.00544190 0.02145648 0.00134623
v -0.00543451 0.02145648 0.00134599
v 0.00573224 0.02125370 0.00139976
v 0.00573224 0.01765787 0.00122702
v 0.00568128 0.01766431 0.00109303
v 0.00568128 0.02126014 0.00126576
v 0.00568128 0.02126014 0.00126576
v 0.00568128 0.01766431 0.00109303
v 0.00557381 0.01766884 0.00099819
v 0.00557381 0.02126473 0.00117081
v 0.00557381 0.02126473 0.00117081
v 0.00557381 0.01766884 0.00099819
v 0.00543451 0.01767051 0.00096392
v 0.00543451 0.02126634 0.00113660
v 0.00589991 0.02121359 0.00277883
v 0.00589991 0.02120107 0.00276768
v 0.00570571 0.02135342 0.00140780
v 0.00570571 0.02135342 0.00140780
v 0.00589991 0.02120107 0.00276768
v 0.00571704 0.02133053 0.00140536
v 0.00571704 0.02133053 0.00140536
v 0.00589991 0.02120107 0.00276768
v 0.00589991 0.02118813 0.00276357
v 0.00571704 0.02133053 0.00140536
v 0.00589991 0.02118813 0.00276357
v 0.00573224 0.02125370 0.00139976
v 0.00583249 0.02134811 0.00304270
v 0.00589991 0.02128517 0.00303966
v 0.00567347 0.02139526 0.00141382
v 0.00567347 0.02139526 0.00141382
v 0.00589991 0.02128517 0.00303966
v 0.00589991 0.02127748 0.00298804
v 0.00567347 0.02139526 0.00141382
v 0.00589991 0.02127748 0.00298804
v 0.00570571 0.02135342 0.00140780
v 0.00570571 0.02135342 0.00140780
v 0.00589991 0.02127748 0.00298804
v 0.00589991 0.02123719 0.00282192
v 0.00570571 0.02135342 0.00140780
v 0.00589991 0.02123719 0.00282192
v 0.00589991 0.02121359 0.00277883
v 0.00573176 0.02137494 0.00304401
v 0.00560850 0.02143806 0.00142378
v 0.00573176 0.02137494 0.00304401
v 0.00583249 0.02134811 0.00304270
v 0.00560850 0.02143806 0.00142378
v 0.00583249 0.02134811 0.00304270
v 0.00563306 0.02142614 0.00142026
v 0.00563306 0.02142614 0.00142026
v 0.00583249 0.02134811 0.00304270
v 0.00567347 0.02139526 0.00141382
v 0.00571704 0.01758080 0.00122523
v 0.00587416 0.01743805 0.00285494
v 0.00567347 0.01751554 0.00122744
v 0.00567347 0.01751554 0.00122744
v 0.00587416 0.01743805 0.00285494
v 0.00580883 0.01739478 0.00285286
v 0.00560850 0.01747196 0.00123334
v 0.00560850 0.01747196 0.00123334
v 0.00580883 0.01739478 0.00285286
v 0.00573176 0.01737958 0.00285208
v 0.00553381 0.01745688 0.00124180
v 0.00573224 0.01765787 0.00122702
v 0.00589991 0.01759237 0.00259084
v 0.00571704 0.01758080 0.00122523
v 0.00571704 0.01758080 0.00122523
v 0.00589991 0.01759237 0.00259084
v 0.00589991 0.01758247 0.00259232
v 0.00571704 0.01758080 0.00122523
v 0.00589991 0.01758247 0.00259232
v 0.00589991 0.01757240 0.00259787
v 0.00589991 0.01746928 0.00285643
v 0.00587416 0.01743805 0.00285494
v 0.00589991 0.01750981 0.00271201
v 0.00589991 0.01750981 0.00271201
v 0.00587416 0.01743805 0.00285494
v 0.00571704 0.01758080 0.00122523
v 0.00589991 0.01750981 0.00271201
v 0.00571704 0.01758080 0.00122523
v 0.00589991 0.01755177 0.00262052
v 0.00589991 0.01755177 0.00262052
v 0.00571704 0.01758080 0.00122523
v 0.00589991 0.01757240 0.00259787
v 0.00000000 0.00595510 0.00100178
v 0.00034711 0.00624365 0.00081544
v 0.00043388 0.00605410 0.00100648
v 0.00043388 0.00605410 0.00100648
v 0.00034711 0.00624365 0.00081544
v 0.00062547 0.00646544 0.00082609
v 0.00078183 0.00633120 0.00101984
v 0.00078183 0.00633120 0.00101984
v 0.00062547 0.00646544 0.00082609
v 0.00077994 0.00678575 0.00084148
v 0.00097493 0.00673169 0.00103903
v 0.00097493 0.00673169 0.00103903
v 0.00077994 0.00678575 0.00084148
v 0.00077994 0.00714141 0.00085857
v 0.00097493 0.00717628 0.00106043
v 0.00097493 0.00717628 0.00106043
v 0.00077994 0.00714141 0.00085857
v 0.00062547 0.00746179 0.00087396
v 0.00078183 0.00757682 0.00107962
v 0.00078183 0.00757682 0.00107962
v 0.00062547 0.00746179 0.00087396
v 0.00034711 0.00768358 0.00088461
v 0.00043388 0.00785398 0.00109297
v 0.00043388 0.00785398 0.00109297
v 0.00034711 0.00768358 0.00088461
v 0.00000000 0.00776273 0.00088841
v 0.00000000 0.00795287 0.00109768
v 0.00000000 0.00795287 0.00109768
v 0.00000000 0.00776273 0.00088841
v -0.00034711 0.00768358 0.00088461
v -0.00043388 0.00785398 0.00109297
v -0.00043388 0.00785398 0.00109297
v -0.00034711 0.00768358 0.00088461
v -0.00062547 0.00746179 0.00087396
v -0.00078183 0.00757682 0.00107962
v -0.00078183 0.00757682 0.00107962
v -0.00062547 0.00746179 0.00087396
v -0.00077994 0.00714141 0.00085857
v -0.00097493 0.00717628 0.00106043
v -0.00097493 0.00717628 0.00106043
v -0.00077994 0.00714141 0.00085857
v -0.00077994 0.00678575 0.00084148
v -0.00097493 0.00673169 0.00103903
v -0.00097493 0.00673169 0.00103903
v -0.00077994 0.00678575 0.00084148
v -0.00062547 0.00646544 0.00082609
v -0.00078183 0.00633120 0.00101984
v -0.00078183 0.00633120 0.00101984
v -0.00062547 0.00646544 0.00082609
v -0.00034711 0.00624365 0.00081544
v -0.00043388 0.00605410 0.00100648
v -0.00043388 0.00605410 0.00100648
v -0.00034711 0.00624365 0.00081544
v 0.00000000 0.00616449 0.00081164
v 0.00000000 0.00595510 0.00100178
v 0.00000000 0.00616449 0.00081164
v 0.00489992 0.01745635 0.00125390
v 0.00489992 0.01734596 0.00355130
v 0.00482470 0.01747101 0.00125462
v 0.00482470 0.01747101 0.00125462
v 0.00489992 0.01734596 0.00355130
v 0.00483072 0.01735830 0.00355190
v 0.00482470 0.01747101 0.00125462
v 0.00483072 0.01735830 0.00355190
v 0.00479996 0.01748311 0.00125521
v 0.00479996 0.01748311 0.00125521
v 0.00483072 0.01735830 0.00355190
v 0.00479996 0.01737266 0.00355256
v 0.00479996 0.01748311 0.00125521
v 0.00479996 0.01737266 0.00355256
v 0.00475919 0.01751410 0.00125670
v 0.00475848 0.01740443 0.00355405
v 0.00475919 0.01751410 0.00125670
v 0.00475848 0.01740443 0.00355405
v 0.00472677 0.01755625 0.00125867
v 0.00472677 0.01744586 0.00355601
v 0.00472677 0.01755625 0.00125867
v 0.00472677 0.01744586 0.00355601
v 0.00471538 0.01757919 0.00125986
v 0.00471538 0.01757919 0.00125986
v 0.00472677 0.01744586 0.00355601
v 0.00471234 0.01747655 0.00355750
v 0.00471538 0.01757919 0.00125986
v 0.00471234 0.01747655 0.00355750
v 0.00469994 0.01765602 0.00126350
v 0.00469994 0.01765602 0.00126350
v 0.00471234 0.01747655 0.00355750
v 0.00469994 0.01754570 0.00356084
v 0.00500000 0.02126634 0.00113660
v 0.00500000 0.01767051 0.00096392
v 0.00488514 0.02126520 0.00115937
v 0.00488514 0.01766937 0.00098673
v 0.00488514 0.02126520 0.00115937
v 0.00488514 0.01766937 0.00098673
v 0.00484997 0.02126443 0.00117671
v 0.00484997 0.01766860 0.00100404
v 0.00484997 0.02126443 0.00117671
v 0.00484997 0.01766860 0.00100404
v 0.00478786 0.02126210 0.00122434
v 0.00478786 0.01766628 0.00105166
v 0.00478786 0.02126210 0.00122434
v 0.00478786 0.01766628 0.00105166
v 0.00474012 0.02125912 0.00128645
v 0.00474012 0.01766330 0.00111365
v 0.00474012 0.02125912 0.00128645
v 0.00474012 0.01766330 0.00111365
v 0.00472277 0.02125746 0.00132155
v 0.00472277 0.01766163 0.00114882
v 0.00472277 0.02125746 0.00132155
v 0.00472277 0.01766163 0.00114882
v 0.00469994 0.02125191 0.00143629
v 0.00469994 0.01765602 0.00126350
v 0.00469994 0.02125191 0.00143629
v 0.00469994 0.02114152 0.00373358
v 0.00471538 0.02132880 0.00143993
v 0.00471538 0.02132880 0.00143993
v 0.00469994 0.02114152 0.00373358
v 0.00471234 0.02121073 0.00373691
v 0.00471538 0.02132880 0.00143993
v 0.00471234 0.02121073 0.00373691
v 0.00472677 0.02135187 0.00144112
v 0.00472677 0.02135187 0.00144112
v 0.00471234 0.02121073 0.00373691
v 0.00472677 0.02124148 0.00373840
v 0.00472677 0.02135187 0.00144112
v 0.00472677 0.02124148 0.00373840
v 0.00475919 0.02139389 0.00144309
v 0.00475848 0.02128285 0.00374037
v 0.00475919 0.02139389 0.00144309
v 0.00475848 0.02128285 0.00374037
v 0.00479996 0.02142488 0.00144458
v 0.00479996 0.02131462 0.00374192
v 0.00479996 0.02142488 0.00144458
v 0.00479996 0.02131462 0.00374192
v 0.00482470 0.02143698 0.00144517
v 0.00482470 0.02143698 0.00144517
v 0.00479996 0.02131462 0.00374192
v 0.00483072 0.02132904 0.00374264
v 0.00482470 0.02143698 0.00144517
v 0.00483072 0.02132904 0.00374264
v 0.00489992 0.02145171 0.00144589
v 0.00489992 0.02145171 0.00144589
v 0.00483072 0.02132904 0.00374264
v 0.00489992 0.02134138 0.00374323
v -0.00489992 0.02145171 0.00144589
v -0.00489992 0.02134138 0.00374323
v -0.00482470 0.02143698 0.00144517
v -0.00482470 0.02143698 0.00144517
v -0.00489992 0.02134138 0.00374323
v -0.00483072 0.02132904 0.00374264
v -0.00482470 0.02143698 0.00144517
v -0.00483072 0.02132904 0.00374264
v -0.00479996 0.02142488 0.00144458
v -0.00479996 0.02142488 0.00144458
v -0.00483072 0.02132904 0.00374264
v -0.00479996 0.02131462 0.00374192
v -0.00479996 0.02142488 0.00144458
v -0.00479996 0.02131462 0.00374192
v -0.00475919 0.02139389 0.00144309
v -0.00475848 0.02128285 0.00374037
v -0.00475919 0.02139389 0.00144309
v -0.00475848 0.02128285 0.00374037
v -0.00472677 0.02135187 0.00144112
v -0.00472677 0.02124148 0.00373840
v -0.00472677 0.02135187 0.00144112
v -0.00472677 0.02124148 0.00373840
v -0.00471538 0.02132880 0.00143993
v -0.00471538 0.02132880 0.00143993
v -0.00472677 0.02124148 0.00373840
v -0.00471234 0.02121073 0.00373691
v -0.00471538 0.02132880 0.00143993
v -0.00471234 0.02121073 0.00373691
v -0.00469994 0.02125191 0.00143629
v -0.00469994 0.02125191 0.00143629
v -0.00471234 0.02121073 0.00373691
v -0.00469994 0.02114152 0.00373358
v -0.00500000 0.01767051 0.00096392
v -0.00500000 0.02126634 0.00113660
v -0.00488514 0.01766937 0.00098673
v -0.00488514 0.02126520 0.00115937
v -0.00488514 0.01766937 0.00098673
v -0.00488514 0.02126520 0.00115937
v -0.00484997 0.01766860 0.00100404
v -0.00484997 0.02126443 0.00117671
v -0.00484997 0.01766860 0.00100404
v -0.00484997 0.02126443 0.00117671
v -0.00478786 0.01766628 0.00105166
v -0.00478786 0.02126210 0.00122434
v -0.00478786 0.01766628 0.00105166
v -0.00478786 0.02126210 0.00122434
v -0.00474012 0.01766330 0.00111365
v -0.00474012 0.02125912 0.00128645
v -0.00474012 0.01766330 0.00111365
v -0.00474012 0.02125912 0.00128645
v -0.00472277 0.01766163 0.00114882
v -0.00472277 0.02125746 0.00132155
v -0.00472277 0.01766163 0.00114882
v -0.00472277 0.02125746 0.00132155
v -0.00469994 0.01765602 0.00126350
v -0.00469994 0.02125191 0.00143629
v -0.00469994 0.01765602 0.00126350
v -0.00469994 0.01754570 0.00356084
v -0.00471538 0.01757919 0.00125986
v -0.00471538 0.01757919 0.00125986
v -0.00469994 0.01754570 0.00356084
v -0.00471234 0.01747655 0.00355750
v -0.00471538 0.01757919 0.00125986
v -0.00471234 0.01747655 0.00355750
v -0.00472677 0.01755625 0.00125867
v -0.00472677 0.01755625 0.00125867
v -0.00471234 0.01747655 0.00355750
v -0.00472677 0.01744586 0.00355601
v -0.00472677 0.01755625 0.00125867
v -0.00472677 0.01744586 0.00355601
v -0.00475919 0.01751410 0.00125670
v -0.00475848 0.01740443 0.00355405
v -0.00475919 0.01751410 0.00125670
v -0.00475848 0.01740443 0.00355405
v -0.00479996 0.01748311 0.00125521
v -0.00479996 0.01737266 0.00355256
v -0.00479996 0.01748311 0.00125521
v -0.00479996 0.01737266 0.00355256
v -0.00482470 0.01747101 0.00125462
v -0.00482470 0.01747101 0.00125462
v -0.00479996 0.01737266 0.00355256
v -0.00483072 0.01735830 0.00355190
v -0.00482470 0.01747101 0.00125462
v -0.00483072 0.01735830 0.00355190
v -0.00489992 0.01745635 0.00125390
v -0.00489992 0.01745635 0.00125390
v -0.00483072 0.01735830 0.00355190
v -0.00489992 0.01734596 0.00355130
v -0.00573224 0.01765787 0.00122702
v -0.00573224 0.02125370 0.00139976
v -0.00568128 0.02126014 0.00126576
v -0.00568128 0.01766431 0.00109303
v -0.00568128 0.01766431 0.00109303
v -0.00568128 0.02126014 0.00126576
v -0.00557381 0.02126473 0.00117081
v -0.00557381 0.01766884 0.00099819
v -0.00557381 0.01766884 0.00099819
v -0.00557381 0.02126473 0.00117081
v -0.00543451 0.02126634 0.00113660
v -0.00543451 0.01767051 0.00096392
v -0.00589991 0.01756554 0.00260365
v -0.00589991 0.01757907 0.00259370
v -0.00570571 0.01755774 0.00122541
v -0.00570571 0.01755774 0.00122541
v -0.00589991 0.01757907 0.00259370
v -0.00571704 0.01758080 0.00122523
v -0.00571704 0.01758080 0.00122523
v -0.00589991 0.01757907 0.00259370
v -0.00589991 0.01759237 0.00259084
v -0.00571704 0.01758080 0.00122523
v -0.00589991 0.01759237 0.00259084
v -0.00573224 0.01765787 0.00122702
v -0.00583249 0.01740634 0.00285333
v -0.00589991 0.01746928 0.00285643
v -0.00567347 0.01751554 0.00122744
v -0.00567347 0.01751554 0.00122744
v -0.00589991 0.01746928 0.00285643
v -0.00589991 0.01748192 0.00280565
v -0.00567347 0.01751554 0.00122744
v -0.00589991 0.01748192 0.00280565
v -0.00570571 0.01755774 0.00122541
v -0.00570571 0.01755774 0.00122541
v -0.00589991 0.01748192 0.00280565
v -0.00589991 0.01753795 0.00264418
v -0.00570571 0.01755774 0.00122541
v -0.00589991 0.01753795 0.00264418
v -0.00589991 0.01756554 0.00260365
v -0.00553381 0.01745688 0.00124180
v -0.00573176 0.01737958 0.00285208
v -0.00560850 0.01747196 0.00123334
v -0.00560850 0.01747196 0.00123334
v -0.00573176 0.01737958 0.00285208
v -0.00583249 0.01740634 0.00285333
v -0.00560850 0.01747196 0.00123334
v -0.00583249 0.01740634 0.00285333
v -0.00563306 0.01748418 0.00123083
v -0.00563306 0.01748418 0.00123083
v -0.00583249 0.01740634 0.00285333
v -0.00567347 0.01751554 0.00122744
v -0.00573224 0.02125370 0.00139976
v -0.00589991 0.02118813 0.00276357
v -0.00571704 0.02133053 0.00140536
v -0.00571704 0.02133053 0.00140536
v -0.00589991 0.02118813 0.00276357
v -0.00589991 0.02120107 0.00276768
v -0.00571704 0.02133053 0.00140536
v -0.00589991 0.02120107 0.00276768
v -0.00570571 0.02135342 0.00140780
v -0.00570571 0.02135342 0.00140780
v -0.00589991 0.02120107 0.00276768
v -0.00589991 0.02121359 0.00277883
v -0.00589991 0.02121359 0.00277883
v -0.00589991 0.02123719 0.00282192
v -0.00570571 0.02135342 0.00140780
v -0.00570571 0.02135342 0.00140780
v -0.00589991 0.02123719 0.00282192
v -0.00589991 0.02127921 0.00299877
v -0.00570571 0.02135342 0.00140780
v -0.00589991 0.02127921 0.00299877
v -0.00567347 0.02139526 0.00141382
v -0.00567347 0.02139526 0.00141382
v -0.00589991 0.02127921 0.00299877
v -0.00589991 0.02128517 0.00303966
v -0.00567347 0.02139526 0.00141382
v -0.00589991 0.02128517 0.00303966
v -0.00563306 0.02142614 0.00142026
v -0.00563306 0.02142614 0.00142026
v -0.00589991 0.02128517 0.00303966
v -0.00583249 0.02134811 0.00304270
v -0.00563306 0.02142614 0.00142026
v -0.00583249 0.02134811 0.00304270
v -0.00560850 0.02143806 0.00142378
v -0.00560850 0.02143806 0.00142378
v -0.00583249 0.02134811 0.00304270
v -0.00573176 0.02137494 0.00304401
v -0.00560850 0.02143806 0.00142378
v -0.00573176 0.02137494 0.00304401
v -0.00553381 0.02145224 0.00143373
v 0.00573224 0.01765787 0.00122702
v 0.00573224 0.02125370 0.00139976
v 0.00589991 0.01759237 0.00259084
v 0.00589991 0.02118813 0.00276357
v -0.00043388 0.00595325 0.00310403
v -0.00043388 0.00605410 0.00100648
v -0.00028173 0.00589490 0.00310129
v -0.00028173 0.00589490 0.00310129
v -0.00043388 0.00605410 0.00100648
v 0.00000000 0.00595510 0.00100178
v -0.00043388 0.00595325 0.00310403
v -0.00054064 0.00601298 0.00310689
v -0.00043388 0.00605410 0.00100648
v -0.00043388 0.00605410 0.00100648
v -0.00054064 0.00601298 0.00310689
v -0.00075575 0.00619918 0.00311595
v -0.00043388 0.00605410 0.00100648
v -0.00075575 0.00619918 0.00311595
v -0.00078183 0.00633120 0.00101984
v -0.00097493 0.00663096 0.00313669
v -0.00097493 0.00673169 0.00103903
v -0.00090963 0.00643825 0.00312740
v -0.00090963 0.00643825 0.00312740
v -0.00097493 0.00673169 0.00103903
v -0.00078183 0.00633120 0.00101984
v -0.00090963 0.00643825 0.00312740
v -0.00078183 0.00633120 0.00101984
v -0.00078183 0.00623047 0.00311744
v -0.00078183 0.00623047 0.00311744
v -0.00078183 0.00633120 0.00101984
v -0.00075575 0.00619918 0.00311595
v -0.00097493 0.00663096 0.00313669
v -0.00098982 0.00671112 0.00314051
v -0.00097493 0.00673169 0.00103903
v -0.00097493 0.00673169 0.00103903
v -0.00098982 0.00671112 0.00314051
v -0.00098982 0.00699538 0.00315410
v -0.00097493 0.00717628 0.00106043
v -0.00078183 0.00747597 0.00317728
v -0.00078183 0.00757682 0.00107962
v -0.00090963 0.00726819 0.00316721
v -0.00090963 0.00726819 0.00316721
v -0.00078183 0.00757682 0.00107962
v -0.00097493 0.00717628 0.00106043
v -0.00090963 0.00726819 0.00316721
v -0.00097493 0.00717628 0.00106043
v -0.00097493 0.00707555 0.00315797
v -0.00097493 0.00707555 0.00315797
v -0.00097493 0.00717628 0.00106043
v -0.00098982 0.00699538 0.00315410
v -0.00078183 0.00747597 0.00317728
v -0.00075575 0.00750732 0.00317878
v -0.00078183 0.00757682 0.00107962
v -0.00078183 0.00757682 0.00107962
v -0.00075575 0.00750732 0.00317878
v -0.00054064 0.00769353 0.00318772
v -0.00078183 0.00757682 0.00107962
v -0.00054064 0.00769353 0.00318772
v -0.00043388 0.00785398 0.00109297
v -0.00054064 0.00769353 0.00318772
v -0.00043388 0.00775319 0.00319058
v -0.00043388 0.00785398 0.00109297
v -0.00043388 0.00785398 0.00109297
v -0.00043388 0.00775319 0.00319058
v -0.00028173 0.00781160 0.00319338
v -0.00043388 0.00785398 0.00109297
v -0.00028173 0.00781160 0.00319338
v 0.00000000 0.00795287 0.00109768
v 0.00043388 0.00775319 0.00319058
v 0.00043388 0.00785398 0.00109297
v 0.00028173 0.00781160 0.00319338
v 0.00028173 0.00781160 0.00319338
v 0.00043388 0.00785398 0.00109297
v 0.00000000 0.00795287 0.00109768
v 0.00028173 0.00781160 0.00319338
v 0.00000000 0.00795287 0.00109768
v 0.00000000 0.00785214 0.00319534
v 0.00000000 0.00785214 0.00319534
v 0.00000000 0.00795287 0.00109768
v -0.00028173 0.00781160 0.00319338
v 0.00043388 0.00775319 0.00319058
v 0.00054064 0.00769353 0.00318772
v 0.00043388 0.00785398 0.00109297
v 0.00043388 0.00785398 0.00109297
v 0.00054064 0.00769353 0.00318772
v 0.00075575 0.00750732 0.00317878
v 0.00043388 0.00785398 0.00109297
v 0.00075575 0.00750732 0.00317878
v 0.00078183 0.00757682 0.00107962
v 0.00097493 0.00707555 0.00315797
v 0.00097493 0.00717628 0.00106043
v 0.00090963 0.00726819 0.00316721
v 0.00090963 0.00726819 0.00316721
v 0.00097493 0.00717628 0.00106043
v 0.00078183 0.00757682 0.00107962
v 0.00090963 0.00726819 0.00316721
v 0.00078183 0.00757682 0.00107962
v 0.00078183 0.00747597 0.00317728
v 0.00078183 0.00747597 0.00317728
v 0.00078183 0.00757682 0.00107962
v 0.00075575 0.00750732 0.00317878
v 0.00097493 0.00707555 0.00315797
v 0.00098982 0.00699538 0.00315410
v 0.00097493 0.00717628 0.00106043
v 0.00097493 0.00717628 0.00106043
v 0.00098982 0.00699538 0.00315410
v 0.00098982 0.00671112 0.00314051
v 0.00097493 0.00673169 0.00103903
v 0.00078183 0.00623047 0.00311744
v 0.00078183 0.00633120 0.00101984
v 0.00090963 0.00643825 0.00312740
v 0.00090963 0.00643825 0.00312740
v 0.00078183 0.00633120 0.00101984
v 0.00097493 0.00673169 0.00103903
v 0.00090963 0.00643825 0.00312740
v 0.00097493 0.00673169 0.00103903
v 0.00097493 0.00663096 0.00313669
v 0.00097493 0.00663096 0.00313669
v 0.00097493 0.00673169 0.00103903
v 0.00098982 0.00671112 0.00314051
v 0.00078183 0.00623047 0.00311744
v 0.00075575 0.00619918 0.00311595
v 0.00078183 0.00633120 0.00101984
v 0.00078183 0.00633120 0.00101984
v 0.00075575 0.00619918 0.00311595
v 0.00054064 0.00601298 0.00310689
v 0.00078183 0.00633120 0.00101984
v 0.00054064 0.00601298 0.00310689
v 0.00043388 0.00605410 0.00100648
v 0.00054064 0.00601298 0.00310689
v 0.00043388 0.00595325 0.00310403
v 0.00043388 0.00605410 0.00100648
v 0.00043388 0.00605410 0.00100648
v 0.00043388 0.00595325 0.00310403
v 0.00028173 0.00589490 0.00310129
v 0.00043388 0.00605410 0.00100648
v 0.00028173 0.00589490 0.00310129
v 0.00000000 0.00595510 0.00100178
v 0.00000000 0.00595510 0.00100178
v 0.00028173 0.00589490 0.00310129
v 0.00000000 0.00585437 0.00309932
v 0.00000000 0.00595510 0.00100178
v 0.00000000 0.00585437 0.00309932
v -0.00028173 0.00589490 0.00310129
v 0.00469994 0.01765602 0.00126350
v 0.00469994 0.01754570 0.00356084
v 0.00469994 0.02125191 0.00143629
v 0.00469994 0.02114152 0.00373358
v -0.00469994 0.02125191 0.00143629
v -0.00469994 0.02114152 0.00373358
v -0.00469994 0.01765602 0.00126350
v -0.00469994 0.01754570 0.00356084
v -0.00573224 0.02125370 0.00139976
v -0.00573224 0.01765787 0.00122702
v -0.00589991 0.02118813 0.00276357
v -0.00589991 0.01759237 0.00259084
v 0.00589991 0.02128517 0.00303966
v 0.00589991 0.01746928 0.00285643
v 0.00589991 0.02127748 0.00298804
v 0.00589991 0.01750981 0.00271201
v 0.00589991 0.01757240 0.00259787
v 0.00589991 0.01758247 0.00259232
v 0.00589991 0.01755177 0.00262052
v 0.00589991 0.01759237 0.00259084
v 0.00589991 0.02118813 0.00276357
v 0.00589991 0.02120107 0.00276768
v 0.00589991 0.02121359 0.00277883
v 0.00589991 0.02123719 0.00282192
v 0.00000000 0.00571477 0.00328052
v -0.00033808 0.00569361 0.00329185
v -0.00031858 0.00576055 0.00328267
v -0.00031858 0.00576055 0.00328267
v -0.00033808 0.00569361 0.00329185
v -0.00064877 0.00583535 0.00329864
v -0.00061134 0.00589400 0.00328904
v -0.00061134 0.00589400 0.00328904
v -0.00064877 0.00583535 0.00329864
v -0.00090690 0.00605869 0.00330937
v -0.00085458 0.00610459 0.00329924
v -0.00085458 0.00610459 0.00329924
v -0.00090690 0.00605869 0.00330937
v -0.00109148 0.00634569 0.00332320
v -0.00102848 0.00637507 0.00331223
v -0.00102848 0.00637507 0.00331223
v -0.00109148 0.00634569 0.00332320
v -0.00118768 0.00667304 0.00333887
v -0.00111926 0.00668353 0.00332701
v -0.00111926 0.00668353 0.00332701
v -0.00118768 0.00667304 0.00333887
v -0.00118768 0.00701421 0.00335532
v -0.00111926 0.00700498 0.00334251
v -0.00111926 0.00700498 0.00334251
v -0.00118768 0.00701421 0.00335532
v -0.00109148 0.00734162 0.00337100
v -0.00102848 0.00731343 0.00335729
v -0.00102848 0.00731343 0.00335729
v -0.00109148 0.00734162 0.00337100
v -0.00090690 0.00762856 0.00338477
v -0.00085458 0.00758392 0.00337029
v -0.00085458 0.00758392 0.00337029
v -0.00090690 0.00762856 0.00338477
v -0.00064877 0.00785202 0.00339556
v -0.00061134 0.00779438 0.00338036
v -0.00061134 0.00779438 0.00338036
v -0.00064877 0.00785202 0.00339556
v -0.00033808 0.00799376 0.00340235
v -0.00031858 0.00792801 0.00338685
v -0.00031858 0.00792801 0.00338685
v -0.00033808 0.00799376 0.00340235
v 0.00000000 0.00804227 0.00340462
v 0.00000000 0.00797373 0.00338894
v 0.00000000 0.00797373 0.00338894
v 0.00000000 0.00804227 0.00340462
v 0.00033808 0.00799376 0.00340235
v 0.00031858 0.00792801 0.00338685
v 0.00031858 0.00792801 0.00338685
v 0.00033808 0.00799376 0.00340235
v 0.00064877 0.00785202 0.00339556
v 0.00061134 0.00779438 0.00338036
v 0.00061134 0.00779438 0.00338036
v 0.00064877 0.00785202 0.00339556
v 0.00090690 0.00762856 0.00338477
v 0.00085458 0.00758392 0.00337029
v 0.00085458 0.00758392 0.00337029
v 0.00090690 0.00762856 0.00338477
v 0.00109148 0.00734162 0.00337100
v 0.00102848 0.00731343 0.00335729
v 0.00102848 0.00731343 0.00335729
v 0.00109148 0.00734162 0.00337100
v 0.00118768 0.00701421 0.00335532
v 0.00111926 0.00700498 0.00334251
v 0.00111926 0.00700498 0.00334251
v 0.00118768 0.00701421 0.00335532
v 0.00118768 0.00667304 0.00333887
v 0.00111926 0.00668353 0.00332701
v 0.00111926 0.00668353 0.00332701
v 0.00118768 0.00667304 0.00333887
v 0.00109148 0.00634569 0.00332320
v 0.00102848 0.00637507 0.00331223
v 0.00102848 0.00637507 0.00331223
v 0.00109148 0.00634569 0.00332320
v 0.00090690 0.00605869 0.00330937
v 0.00085458 0.00610459 0.00329924
v 0.00085458 0.00610459 0.00329924
v 0.00090690 0.00605869 0.00330937
v 0.00064877 0.00583535 0.00329864
v 0.00061134 0.00589400 0.00328904
v 0.00061134 0.00589400 0.00328904
v 0.00064877 0.00583535 0.00329864
v 0.00033808 0.00569361 0.00329185
v 0.00031858 0.00576055 0.00328267
v 0.00031858 0.00576055 0.00328267
v 0.00033808 0.00569361 0.00329185
v 0.00000000 0.00564498 0.00328946
v 0.00000000 0.00571477 0.00328052
v 0.00000000 0.00564498 0.00328946
v 0.00078183 0.00747597 0.00317728
v 0.00075575 0.00750732 0.00317878
v 0.00076509 0.00751215 0.00324827
v 0.00076509 0.00751215 0.00324827
v 0.00075575 0.00750732 0.00317878
v 0.00054064 0.00769353 0.00318772
v 0.00054732 0.00770062 0.00325733
v 0.00054732 0.00770062 0.00325733
v 0.00054064 0.00769353 0.00318772
v 0.00043388 0.00775319 0.00319058
v 0.00054732 0.00770062 0.00325733
v 0.00043388 0.00775319 0.00319058
v 0.00028522 0.00782019 0.00326306
v 0.00078183 0.00747597 0.00317728
v 0.00076509 0.00751215 0.00324827
v 0.00090963 0.00726819 0.00316721
v 0.00090963 0.00726819 0.00316721
v 0.00076509 0.00751215 0.00324827
v 0.00092088 0.00727004 0.00323665
v 0.00090963 0.00726819 0.00316721
v 0.00092088 0.00727004 0.00323665
v 0.00097493 0.00707555 0.00315797
v 0.00097493 0.00707555 0.00315797
v 0.00092088 0.00727004 0.00323665
v 0.00100195 0.00699383 0.00322342
v 0.00097493 0.00707555 0.00315797
v 0.00100195 0.00699383 0.00322342
v 0.00098982 0.00699538 0.00315410
v 0.00098982 0.00699538 0.00315410
v 0.00100195 0.00699383 0.00322342
v 0.00100195 0.00670600 0.00320953
v 0.00098982 0.00671112 0.00314051
v 0.00054732 0.00599927 0.00317562
v 0.00075575 0.00619918 0.00311595
v 0.00076509 0.00618768 0.00318468
v 0.00076509 0.00618768 0.00318468
v 0.00075575 0.00619918 0.00311595
v 0.00078183 0.00623047 0.00311744
v 0.00076509 0.00618768 0.00318468
v 0.00078183 0.00623047 0.00311744
v 0.00092088 0.00642985 0.00319630
v 0.00092088 0.00642985 0.00319630
v 0.00078183 0.00623047 0.00311744
v 0.00090963 0.00643825 0.00312740
v 0.00092088 0.00642985 0.00319630
v 0.00090963 0.00643825 0.00312740
v 0.00100195 0.00670600 0.00320953
v 0.00100195 0.00670600 0.00320953
v 0.00100195 0.00670600 0.00320953
v 0.00097493 0.00663096 0.00313669
v 0.00098982 0.00671112 0.00314051
v 0.00028173 0.00589490 0.00310129
v 0.00043388 0.00595325 0.00310403
v 0.00054732 0.00599927 0.00317562
v 0.00054732 0.00599927 0.00317562
v 0.00043388 0.00595325 0.00310403
v 0.00054064 0.00601298 0.00310689
v 0.00054732 0.00599927 0.00317562
v 0.00054064 0.00601298 0.00310689
v 0.00075575 0.00619918 0.00311595
v -0.00028522 0.00587970 0.00316989
v 0.00000000 0.00585437 0.00309932
v 0.00000000 0.00583869 0.00316793
v 0.00000000 0.00583869 0.00316793
v 0.00000000 0.00585437 0.00309932
v 0.00028173 0.00589490 0.00310129
v 0.00028522 0.00587970 0.00316989
v 0.00028522 0.00587970 0.00316989
v 0.00028173 0.00589490 0.00310129
v 0.00054732 0.00599927 0.00317562
v -0.00078183 0.00623047 0.00311744
v -0.00075575 0.00619918 0.00311595
v -0.00076509 0.00618768 0.00318468
v -0.00076509 0.00618768 0.00318468
v -0.00075575 0.00619918 0.00311595
v -0.00054064 0.00601298 0.00310689
v -0.00076509 0.00618768 0.00318468
v -0.00054064 0.00601298 0.00310689
v -0.00054732 0.00599927 0.00317562
v -0.00054732 0.00599927 0.00317562
v -0.00054064 0.00601298 0.00310689
v -0.00043388 0.00595325 0.00310403
v -0.00054732 0.00599927 0.00317562
v -0.00043388 0.00595325 0.00310403
v -0.00028522 0.00587970 0.00316989
v -0.00028522 0.00587970 0.00316989
v -0.00043388 0.00595325 0.00310403
v -0.00028173 0.00589490 0.00310129
v -0.00028173 0.00589490 0.00310129
v -0.00078183 0.00623047 0.00311744
v -0.00076509 0.00618768 0.00318468
v -0.00090963 0.00643825 0.00312740
v -0.00090963 0.00643825 0.00312740
v -0.00076509 0.00618768 0.00318468
v -0.00092088 0.00642985 0.00319630
v -0.00090963 0.00643825 0.00312740
v -0.00092088 0.00642985 0.00319630
v -0.00097493 0.00663096 0.00313669
v -0.00097493 0.00663096 0.00313669
v -0.00092088 0.00642985 0.00319630
v -0.00100195 0.00670600 0.00320953
v -0.00097493 0.00663096 0.00313669
v -0.00100195 0.00670600 0.00320953
v -0.00098982 0.00671112 0.00314051
v -0.00098982 0.00671112 0.00314051
v -0.00100195 0.00670600 0.00320953
v -0.00100195 0.00699383 0.00322342
v -0.00098982 0.00699538 0.00315410
v -0.00054732 0.00770062 0.00325733
v -0.00075575 0.00750732 0.00317878
v -0.00076509 0.00751215 0.00324827
v -0.00076509 0.00751215 0.00324827
v -0.00075575 0.00750732 0.00317878
v -0.00078183 0.00747597 0.00317728
v -0.00076509 0.00751215 0.00324827
v -0.00078183 0.00747597 0.00317728
v -0.00092088 0.00727004 0.00323665
v -0.00092088 0.00727004 0.00323665
v -0.00078183 0.00747597 0.00317728
v -0.00090963 0.00726819 0.00316721
v -0.00092088 0.00727004 0.00323665
v -0.00090963 0.00726819 0.00316721
v -0.00100195 0.00699383 0.00322342
v -0.00100195 0.00699383 0.00322342
v -0.00090963 0.00726819 0.00316721
v -0.00097493 0.00707555 0.00315797
v -0.00100195 0.00699383 0.00322342
v -0.00097493 0.00707555 0.00315797
v -0.00098982 0.00699538 0.00315410
v -0.00028173 0.00781160 0.00319338
v -0.00043388 0.00775319 0.00319058
v -0.00054732 0.00770062 0.00325733
v -0.00054732 0.00770062 0.00325733
v -0.00043388 0.00775319 0.00319058
v -0.00054064 0.00769353 0.00318772
v -0.00054064 0.00769353 0.00318772
v 0.00043388 0.00775319 0.00319058
v 0.00028173 0.00781160 0.00319338
v 0.00028522 0.00782019 0.00326306
v 0.00028522 0.00782019 0.00326306
v 0.00028173 0.00781160 0.00319338
v 0.00000000 0.00785214 0.00319534
v 0.00000000 0.00786114 0.00326502
v 0.00000000 0.00786114 0.00326502
v 0.00000000 0.00785214 0.00319534
v -0.00028173 0.00781160 0.00319338
v -0.00028522 0.00782019 0.00326306
v -0.00028522 0.00782019 0.00326306
v -0.00028173 0.00781160 0.00319338
v -0.00054732 0.00770062 0.00325733
v 0.00031858 0.00792801 0.00338685
v 0.00000000 0.00790381 0.00333935
v 0.00000000 0.00797373 0.00338894
v 0.00000000 0.00797373 0.00338894
v 0.00000000 0.00790381 0.00333935
v -0.00029824 0.00786102 0.00333726
v -0.00031858 0.00792801 0.00338685
v -0.00031858 0.00792801 0.00338685
v -0.00029824 0.00786102 0.00333726
v -0.00057231 0.00773591 0.00333136
v -0.00031858 0.00792801 0.00338685
v -0.00057231 0.00773591 0.00333136
v -0.00061134 0.00779438 0.00338036
v -0.00061134 0.00779438 0.00338036
v -0.00057231 0.00773591 0.00333136
v -0.00080002 0.00753886 0.00332189
v -0.00085458 0.00758392 0.00337029
v -0.00085458 0.00758392 0.00337029
v -0.00080002 0.00753886 0.00332189
v -0.00096292 0.00728571 0.00330967
v -0.00102848 0.00731343 0.00335729
v -0.00102848 0.00731343 0.00335729
v -0.00096292 0.00728571 0.00330967
v -0.00104779 0.00699699 0.00329578
v -0.00111926 0.00700498 0.00334251
v -0.00111926 0.00700498 0.00334251
v -0.00104779 0.00699699 0.00329578
v -0.00104779 0.00669593 0.00328130
v -0.00111926 0.00668353 0.00332701
v -0.00111926 0.00668353 0.00332701
v -0.00104779 0.00669593 0.00328130
v -0.00096292 0.00640720 0.00326747
v -0.00102848 0.00637507 0.00331223
v -0.00102848 0.00637507 0.00331223
v -0.00096292 0.00640720 0.00326747
v -0.00080002 0.00615406 0.00325537
v -0.00085458 0.00610459 0.00329924
v -0.00085458 0.00610459 0.00329924
v -0.00080002 0.00615406 0.00325537
v -0.00057231 0.00595689 0.00324589
v -0.00061134 0.00589400 0.00328904
v -0.00061134 0.00589400 0.00328904
v -0.00057231 0.00595689 0.00324589
v -0.00029824 0.00583190 0.00323987
v -0.00031858 0.00576055 0.00328267
v -0.00031858 0.00576055 0.00328267
v -0.00029824 0.00583190 0.00323987
v 0.00000000 0.00578910 0.00323772
v 0.00000000 0.00571477 0.00328052
v 0.00000000 0.00571477 0.00328052
v 0.00000000 0.00578910 0.00323772
v 0.00029824 0.00583190 0.00323987
v 0.00031858 0.00576055 0.00328267
v 0.00031858 0.00576055 0.00328267
v 0.00029824 0.00583190 0.00323987
v 0.00057231 0.00595689 0.00324589
v 0.00061134 0.00589400 0.00328904
v 0.00061134 0.00589400 0.00328904
v 0.00057231 0.00595689 0.00324589
v 0.00080002 0.00615406 0.00325537
v 0.00085458 0.00610459 0.00329924
v 0.00085458 0.00610459 0.00329924
v 0.00080002 0.00615406 0.00325537
v 0.00096292 0.00640720 0.00326747
v 0.00102848 0.00637507 0.00331223
v 0.00102848 0.00637507 0.00331223
v 0.00096292 0.00640720 0.00326747
v 0.00104779 0.00669593 0.00328130
v 0.00111926 0.00668353 0.00332701
v 0.00111926 0.00668353 0.00332701
v 0.00104779 0.00669593 0.00328130
v 0.00104779 0.00699699 0.00329578
v 0.00111926 0.00700498 0.00334251
v 0.00111926 0.00700498 0.00334251
v 0.00104779 0.00699699 0.00329578
v 0.00096292 0.00728571 0.00330967
v 0.00102848 0.00731343 0.00335729
v 0.00102848 0.00731343 0.00335729
v 0.00096292 0.00728571 0.00330967
v 0.00080002 0.00753886 0.00332189
v 0.00085458 0.00758392 0.00337029
v 0.00085458 0.00758392 0.00337029
v 0.00080002 0.00753886 0.00332189
v 0.00057231 0.00773591 0.00333136
v 0.00061134 0.00779438 0.00338036
v 0.00061134 0.00779438 0.00338036
v 0.00057231 0.00773591 0.00333136
v 0.00029824 0.00786102 0.00333726
v 0.00061134 0.00779438 0.00338036
v 0.00029824 0.00786102 0.00333726
v 0.00031858 0.00792801 0.00338685
v 0.00029824 0.00786102 0.00333726
v 0.00029824 0.00786102 0.00333726
v 0.00000000 0.00786114 0.00326502
v 0.00000000 0.00790381 0.00333935
v 0.00000000 0.00790381 0.00333935
v 0.00000000 0.00786114 0.00326502
v -0.00028522 0.00782019 0.00326306
v -0.00029824 0.00786102 0.00333726
v -0.00029824 0.00786102 0.00333726
v -0.00028522 0.00782019 0.00326306
v -0.00054732 0.00770062 0.00325733
v -0.00057231 0.00773591 0.00333136
v -0.00057231 0.00773591 0.00333136
v -0.00054732 0.00770062 0.00325733
v -0.00076509 0.00751215 0.00324827
v -0.00080002 0.00753886 0.00332189
v -0.00080002 0.00753886 0.00332189
v -0.00076509 0.00751215 0.00324827
v -0.00092088 0.00727004 0.00323665
v -0.00096292 0.00728571 0.00330967
v -0.00096292 0.00728571 0.00330967
v -0.00092088 0.00727004 0.00323665
v -0.00100195 0.00699383 0.00322342
v -0.00104779 0.00699699 0.00329578
v -0.00104779 0.00699699 0.00329578
v -0.00100195 0.00699383 0.00322342
v -0.00100195 0.00670600 0.00320953
v -0.00104779 0.00669593 0.00328130
v -0.00104779 0.00669593 0.00328130
v -0.00100195 0.00670600 0.00320953
v -0.00092088 0.00642985 0.00319630
v -0.00096292 0.00640720 0.00326747
v -0.00096292 0.00640720 0.00326747
v -0.00092088 0.00642985 0.00319630
v -0.00076509 0.00618768 0.00318468
v -0.00080002 0.00615406 0.00325537
v -0.00080002 0.00615406 0.00325537
v -0.00076509 0.00618768 0.00318468
v -0.00054732 0.00599927 0.00317562
v -0.00057231 0.00595689 0.00324589
v -0.00057231 0.00595689 0.00324589
v -0.00054732 0.00599927 0.00317562
v -0.00028522 0.00587970 0.00316989
v -0.00029824 0.00583190 0.00323987
v -0.00029824 0.00583190 0.00323987
v -0.00028522 0.00587970 0.00316989
v 0.00000000 0.00583869 0.00316793
v 0.00000000 0.00578910 0.00323772
v 0.00000000 0.00578910 0.00323772
v 0.00000000 0.00583869 0.00316793
v 0.00028522 0.00587970 0.00316989
v 0.00029824 0.00583190 0.00323987
v 0.00029824 0.00583190 0.00323987
v 0.00028522 0.00587970 0.00316989
v 0.00054732 0.00599927 0.00317562
v 0.00057231 0.00595689 0.00324589
v 0.00057231 0.00595689 0.00324589
v 0.00054732 0.00599927 0.00317562
v 0.00076509 0.00618768 0.00318468
v 0.00057231 0.00595689 0.00324589
v 0.00076509 0.00618768 0.00318468
v 0.00080002 0.00615406 0.00325537
v 0.00080002 0.00615406 0.00325537
v 0.00076509 0.00618768 0.00318468
v 0.00092088 0.00642985 0.00319630
v 0.00096292 0.00640720 0.00326747
v 0.00096292 0.00640720 0.00326747
v 0.00092088 0.00642985 0.00319630
v 0.00100195 0.00670600 0.00320953
v 0.00104779 0.00669593 0.00328130
v 0.00104779 0.00669593 0.00328130
v 0.00100195 0.00670600 0.00320953
v 0.00100195 0.00699383 0.00322342
v 0.00104779 0.00699699 0.00329578
v 0.00104779 0.00699699 0.00329578
v 0.00100195 0.00699383 0.00322342
v 0.00092088 0.00727004 0.00323665
v 0.00096292 0.00728571 0.00330967
v 0.00096292 0.00728571 0.00330967
v 0.00092088 0.00727004 0.00323665
v 0.00076509 0.00751215 0.00324827
v 0.00080002 0.00753886 0.00332189
v 0.00080002 0.00753886 0.00332189
v 0.00076509 0.00751215 0.00324827
v 0.00054732 0.00770062 0.00325733
v 0.00057231 0.00773591 0.00333136
v 0.00057231 0.00773591 0.00333136
v 0.00054732 0.00770062 0.00325733
v 0.00028522 0.00782019 0.00326306
v 0.00029824 0.00786102 0.00333726
v 0.00028522 0.00782019 0.00326306
v 0.00454998 0.02112913 0.00399315
v 0.00450176 0.02112799 0.00401550
v 0.00450593 0.02119666 0.00403047
v 0.00450176 0.02112799 0.00401550
v 0.00439995 0.02112722 0.00403333
v 0.00450593 0.02119666 0.00403047
v 0.00450593 0.02119666 0.00403047
v 0.00439995 0.02112722 0.00403333
v 0.00448543 0.02119445 0.00403649
v 0.00450593 0.02119666 0.00403047
v 0.00448543 0.02119445 0.00403649
v 0.00454497 0.02123713 0.00403857
v 0.00469273 0.02120554 0.00384557
v 0.00468117 0.02113658 0.00383794
v 0.00465971 0.02113431 0.00388348
v 0.00469994 0.02114152 0.00373358
v 0.00468117 0.02113658 0.00383794
v 0.00471234 0.02121073 0.00373691
v 0.00469273 0.02120554 0.00384557
v 0.00471234 0.02121073 0.00373691
v 0.00469273 0.02120554 0.00384557
v 0.00472677 0.02124148 0.00373840
v 0.00472677 0.02124148 0.00373840
v 0.00469273 0.02120554 0.00384557
v 0.00473613 0.02127689 0.00386506
v 0.00472677 0.02124148 0.00373840
v 0.00473613 0.02127689 0.00386506
v 0.00475848 0.02128285 0.00374037
v 0.00475848 0.02128285 0.00374037
v 0.00473613 0.02127689 0.00386506
v 0.00479996 0.02131462 0.00374192
v 0.00479996 0.02131462 0.00374192
v 0.00473613 0.02127689 0.00386506
v 0.00480372 0.02132183 0.00389236
v 0.00479996 0.02131462 0.00374192
v 0.00480372 0.02132183 0.00389236
v 0.00483072 0.02132904 0.00374264
v 0.00483072 0.02132904 0.00374264
v 0.00480372 0.02132183 0.00389236
v 0.00486869 0.02133297 0.00391710
v 0.00489992 0.02134138 0.00374323
v 0.00467527 0.02130234 0.00404173
v 0.00465232 0.02127063 0.00399488
v 0.00454497 0.02123713 0.00403857
v 0.00454497 0.02123713 0.00403857
v 0.00465232 0.02127063 0.00399488
v 0.00461978 0.02120012 0.00395864
v 0.00454497 0.02123713 0.00403857
v 0.00461978 0.02120012 0.00395864
v 0.00450593 0.02119666 0.00403047
v 0.00450593 0.02119666 0.00403047
v 0.00461978 0.02120012 0.00395864
v 0.00461101 0.02113139 0.00394648
v 0.00450593 0.02119666 0.00403047
v 0.00461101 0.02113139 0.00394648
v 0.00454998 0.02112913 0.00399315
v 0.00479996 0.02132689 0.00404292
v 0.00486869 0.02133297 0.00391710
v 0.00470740 0.02131223 0.00404221
v 0.00480372 0.02132183 0.00389236
v 0.00470740 0.02131223 0.00404221
v 0.00480372 0.02132183 0.00389236
v 0.00467527 0.02130234 0.00404173
v 0.00467527 0.02130234 0.00404173
v 0.00480372 0.02132183 0.00389236
v 0.00473613 0.02127689 0.00386506
v 0.00467527 0.02130234 0.00404173
v 0.00473613 0.02127689 0.00386506
v 0.00465232 0.02127063 0.00399488
v 0.00465232 0.02127063 0.00399488
v 0.00473613 0.02127689 0.00386506
v 0.00469273 0.02120554 0.00384557
v 0.00461978 0.02120012 0.00395864
v 0.00461978 0.02120012 0.00395864
v 0.00469273 0.02120554 0.00384557
v 0.00465971 0.02113431 0.00388348
v 0.00461978 0.02120012 0.00395864
v 0.00465971 0.02113431 0.00388348
v 0.00461101 0.02113139 0.00394648
v 0.00439995 0.01753133 0.00386053
v 0.00439995 0.02112722 0.00403333
v 0.00450176 0.01753216 0.00384277
v 0.00450176 0.02112799 0.00401550
v 0.00450176 0.01753216 0.00384277
v 0.00450176 0.02112799 0.00401550
v 0.00454998 0.01753330 0.00382042
v 0.00454998 0.02112913 0.00399315
v 0.00454998 0.01753330 0.00382042
v 0.00461101 0.01753544 0.00377375
v 0.00461101 0.01753544 0.00377375
v 0.00461101 0.02113139 0.00394648
v 0.00465971 0.01753848 0.00371069
v 0.00465971 0.02113431 0.00388348
v 0.00465971 0.01753848 0.00371069
v 0.00465971 0.02113431 0.00388348
v 0.00468117 0.01754075 0.00366515
v 0.00468117 0.02113658 0.00383794
v 0.00468117 0.01754075 0.00366515
v 0.00468117 0.02113658 0.00383794
v 0.00469994 0.01754570 0.00356084
v 0.00469994 0.02114152 0.00373358
v 0.00472951 0.01733899 0.00385123
v 0.00470692 0.01734435 0.00385153
v 0.00480372 0.01735115 0.00370163
v 0.00465971 0.01753848 0.00371069
v 0.00468117 0.01754075 0.00366515
v 0.00469273 0.01747137 0.00366610
v 0.00469273 0.01747137 0.00366610
v 0.00468117 0.01754075 0.00366515
v 0.00469994 0.01754570 0.00356084
v 0.00465971 0.01753848 0.00371069
v 0.00469273 0.01747137 0.00366610
v 0.00461101 0.01753544 0.00377375
v 0.00461101 0.01753544 0.00377375
v 0.00469273 0.01747137 0.00366610
v 0.00461978 0.01746588 0.00377917
v 0.00461101 0.01753544 0.00377375
v 0.00461978 0.01746588 0.00377917
v 0.00454998 0.01753330 0.00382042
v 0.00454998 0.01753330 0.00382042
v 0.00461978 0.01746588 0.00377917
v 0.00450593 0.01746249 0.00385106
v 0.00454998 0.01753330 0.00382042
v 0.00450593 0.01746249 0.00385106
v 0.00450176 0.01753216 0.00384277
v 0.00439995 0.01753133 0.00386053
v 0.00450176 0.01753216 0.00384277
v 0.00448298 0.01746433 0.00385725
v 0.00448298 0.01746433 0.00385725
v 0.00450176 0.01753216 0.00384277
v 0.00450593 0.01746249 0.00385106
v 0.00448298 0.01746433 0.00385725
v 0.00450593 0.01746249 0.00385106
v 0.00458407 0.01739686 0.00385404
v 0.00458407 0.01739686 0.00385404
v 0.00450593 0.01746249 0.00385106
v 0.00461978 0.01746588 0.00377917
v 0.00458407 0.01739686 0.00385404
v 0.00461978 0.01746588 0.00377917
v 0.00459504 0.01739066 0.00385374
v 0.00480372 0.01735115 0.00370163
v 0.00470692 0.01734435 0.00385153
v 0.00473613 0.01739841 0.00367874
v 0.00473613 0.01739841 0.00367874
v 0.00470692 0.01734435 0.00385153
v 0.00470024 0.01734626 0.00385165
v 0.00473613 0.01739841 0.00367874
v 0.00470024 0.01734626 0.00385165
v 0.00465232 0.01739221 0.00380850
v 0.00486869 0.01733762 0.00372517
v 0.00479996 0.01733160 0.00385088
v 0.00472951 0.01733899 0.00385123
v 0.00472951 0.01733899 0.00385123
v 0.00480372 0.01735115 0.00370163
v 0.00486869 0.01733762 0.00372517
v 0.00486869 0.01733762 0.00372517
v 0.00480372 0.01735115 0.00370163
v 0.00483072 0.01735830 0.00355190
v 0.00489992 0.01734596 0.00355130
v 0.00471234 0.01747655 0.00355750
v 0.00472677 0.01744586 0.00355601
v 0.00473613 0.01739841 0.00367874
v 0.00473613 0.01739841 0.00367874
v 0.00472677 0.01744586 0.00355601
v 0.00475848 0.01740443 0.00355405
v 0.00473613 0.01739841 0.00367874
v 0.00475848 0.01740443 0.00355405
v 0.00480372 0.01735115 0.00370163
v 0.00480372 0.01735115 0.00370163
v 0.00475848 0.01740443 0.00355405
v 0.00479996 0.01737266 0.00355256
v 0.00480372 0.01735115 0.00370163
v 0.00479996 0.01737266 0.00355256
v 0.00483072 0.01735830 0.00355190
v 0.00471234 0.01747655 0.00355750
v 0.00469273 0.01747137 0.00366610
v 0.00471234 0.01747655 0.00355750
v 0.00473613 0.01739841 0.00367874
v 0.00469273 0.01747137 0.00366610
v 0.00473613 0.01739841 0.00367874
v 0.00461978 0.01746588 0.00377917
v 0.00465232 0.01739221 0.00380850
v 0.00461978 0.01746588 0.00377917
v 0.00465232 0.01739221 0.00380850
v 0.00459504 0.01739066 0.00385374
v 0.00459504 0.01739066 0.00385374
v 0.00465232 0.01739221 0.00380850
v 0.00470024 0.01734626 0.00385165
v -0.00479996 0.01737266 0.00355256
v -0.00475848 0.01740443 0.00355405
v -0.00473613 0.01739841 0.00367874
v -0.00472677 0.01744586 0.00355601
v -0.00471234 0.01747655 0.00355750
v -0.00469273 0.01747137 0.00366610
v -0.00454998 0.01753330 0.00382042
v -0.00450176 0.01753216 0.00384277
v -0.00450593 0.01746249 0.00385106
v -0.00467527 0.01735615 0.00385207
v -0.00470740 0.01734626 0.00385165
v -0.00480372 0.01735115 0.00370163
v -0.00489992 0.01734596 0.00355130
v -0.00483072 0.01735830 0.00355190
v -0.00480372 0.01735115 0.00370163
v -0.00486869 0.01733762 0.00372517
v -0.00486869 0.01733762 0.00372517
v -0.00480372 0.01735115 0.00370163
v -0.00470740 0.01734626 0.00385165
v -0.00479996 0.01733160 0.00385088
v -0.00454998 0.01753330 0.00382042
v -0.00450593 0.01746249 0.00385106
v -0.00461101 0.01753544 0.00377375
v -0.00461101 0.01753544 0.00377375
v -0.00450593 0.01746249 0.00385106
v -0.00461978 0.01746588 0.00377917
v -0.00461101 0.01753544 0.00377375
v -0.00461978 0.01746588 0.00377917
v -0.00465971 0.01753848 0.00371069
v -0.00465971 0.01753848 0.00371069
v -0.00461978 0.01746588 0.00377917
v -0.00469273 0.01747137 0.00366610
v -0.00465971 0.01753848 0.00371069
v -0.00469273 0.01747137 0.00366610
v -0.00468117 0.01754075 0.00366515
v -0.00468117 0.01754075 0.00366515
v -0.00469273 0.01747137 0.00366610
v -0.00471234 0.01747655 0.00355750
v -0.00469994 0.01754570 0.00356084
v -0.00483072 0.01735830 0.00355190
v -0.00479996 0.01737266 0.00355256
v -0.00480372 0.01735115 0.00370163
v -0.00480372 0.01735115 0.00370163
v -0.00479996 0.01737266 0.00355256
v -0.00473613 0.01739841 0.00367874
v -0.00480372 0.01735115 0.00370163
v -0.00473613 0.01739841 0.00367874
v -0.00467527 0.01735615 0.00385207
v -0.00467527 0.01735615 0.00385207
v -0.00473613 0.01739841 0.00367874
v -0.00465232 0.01739221 0.00380850
v -0.00467527 0.01735615 0.00385207
v -0.00465232 0.01739221 0.00380850
v -0.00454497 0.01742142 0.00385529
v -0.00475848 0.01740443 0.00355405
v -0.00472677 0.01744586 0.00355601
v -0.00473613 0.01739841 0.00367874
v -0.00473613 0.01739841 0.00367874
v -0.00472677 0.01744586 0.00355601
v -0.00469273 0.01747137 0.00366610
v -0.00473613 0.01739841 0.00367874
v -0.00469273 0.01747137 0.00366610
v -0.00465232 0.01739221 0.00380850
v -0.00461978 0.01746588 0.00377917
v -0.00465232 0.01739221 0.00380850
v -0.00461978 0.01746588 0.00377917
v -0.00454497 0.01742142 0.00385529
v -0.00454497 0.01742142 0.00385529
v -0.00461978 0.01746588 0.00377917
v -0.00450593 0.01746249 0.00385106
v -0.00454497 0.01742142 0.00385529
v -0.00450593 0.01746249 0.00385106
v -0.00448543 0.01746404 0.00385725
v -0.00448543 0.01746404 0.00385725
v -0.00450593 0.01746249 0.00385106
v -0.00450176 0.01753216 0.00384277
v -0.00448543 0.01746404 0.00385725
v -0.00450176 0.01753216 0.00384277
v -0.00439995 0.01753133 0.00386053
v -0.00439995 0.02112722 0.00403333
v -0.00439995 0.01753133 0.00386053
v -0.00450176 0.02112799 0.00401550
v -0.00450176 0.01753216 0.00384277
v -0.00450176 0.02112799 0.00401550
v -0.00450176 0.01753216 0.00384277
v -0.00454998 0.02112913 0.00399315
v -0.00454998 0.01753330 0.00382042
v -0.00454998 0.02112913 0.00399315
v -0.00454998 0.01753330 0.00382042
v -0.00461101 0.02113139 0.00394648
v -0.00461101 0.01753544 0.00377375
v -0.00461101 0.02113139 0.00394648
v -0.00461101 0.01753544 0.00377375
v -0.00465971 0.02113431 0.00388348
v -0.00465971 0.01753848 0.00371069
v -0.00465971 0.02113431 0.00388348
v -0.00465971 0.01753848 0.00371069
v -0.00468117 0.02113658 0.00383794
v -0.00468117 0.01754075 0.00366515
v -0.00468117 0.02113658 0.00383794
v -0.00468117 0.01754075 0.00366515
v -0.00469994 0.02114152 0.00373358
v -0.00469994 0.01754570 0.00356084
v -0.00472951 0.02131950 0.00404251
v -0.00470692 0.02131420 0.00404221
v -0.00480372 0.02132183 0.00389236
v -0.00465971 0.02113431 0.00388348
v -0.00468117 0.02113658 0.00383794
v -0.00469273 0.02120554 0.00384557
v -0.00469273 0.02120554 0.00384557
v -0.00468117 0.02113658 0.00383794
v -0.00469994 0.02114152 0.00373358
v -0.00465971 0.02113431 0.00388348
v -0.00469273 0.02120554 0.00384557
v -0.00461101 0.02113139 0.00394648
v -0.00461101 0.02113139 0.00394648
v -0.00469273 0.02120554 0.00384557
v -0.00461978 0.02120012 0.00395864
v -0.00461101 0.02113139 0.00394648
v -0.00461978 0.02120012 0.00395864
v -0.00454998 0.02112913 0.00399315
v -0.00454998 0.02112913 0.00399315
v -0.00461978 0.02120012 0.00395864
v -0.00450593 0.02119666 0.00403047
v -0.00454998 0.02112913 0.00399315
v -0.00450593 0.02119666 0.00403047
v -0.00450176 0.02112799 0.00401550
v -0.00439995 0.02112722 0.00403333
v -0.00450176 0.02112799 0.00401550
v -0.00448298 0.02119410 0.00403649
v -0.00448298 0.02119410 0.00403649
v -0.00450176 0.02112799 0.00401550
v -0.00450593 0.02119666 0.00403047
v -0.00448298 0.02119410 0.00403649
v -0.00450593 0.02119666 0.00403047
v -0.00458407 0.02126157 0.00403976
v -0.00458407 0.02126157 0.00403976
v -0.00450593 0.02119666 0.00403047
v -0.00461978 0.02120012 0.00395864
v -0.00458407 0.02126157 0.00403976
v -0.00461978 0.02120012 0.00395864
v -0.00459504 0.02126783 0.00404006
v -0.00480372 0.02132183 0.00389236
v -0.00470692 0.02131420 0.00404221
v -0.00473613 0.02127689 0.00386506
v -0.00473613 0.02127689 0.00386506
v -0.00470692 0.02131420 0.00404221
v -0.00470024 0.02131223 0.00404221
v -0.00473613 0.02127689 0.00386506
v -0.00470024 0.02131223 0.00404221
v -0.00465232 0.02127063 0.00399488
v -0.00486869 0.02133297 0.00391710
v -0.00479996 0.02132689 0.00404292
v -0.00472951 0.02131950 0.00404251
v -0.00472951 0.02131950 0.00404251
v -0.00480372 0.02132183 0.00389236
v -0.00486869 0.02133297 0.00391710
v -0.00486869 0.02133297 0.00391710
v -0.00480372 0.02132183 0.00389236
v -0.00483072 0.02132904 0.00374264
v -0.00489992 0.02134138 0.00374323
v -0.00471234 0.02121073 0.00373691
v -0.00472677 0.02124148 0.00373840
v -0.00473613 0.02127689 0.00386506
v -0.00473613 0.02127689 0.00386506
v -0.00472677 0.02124148 0.00373840
v -0.00475848 0.02128285 0.00374037
v -0.00473613 0.02127689 0.00386506
v -0.00475848 0.02128285 0.00374037
v -0.00480372 0.02132183 0.00389236
v -0.00480372 0.02132183 0.00389236
v -0.00475848 0.02128285 0.00374037
v -0.00479996 0.02131462 0.00374192
v -0.00480372 0.02132183 0.00389236
v -0.00479996 0.02131462 0.00374192
v -0.00483072 0.02132904 0.00374264
v -0.00471234 0.02121073 0.00373691
v -0.00469273 0.02120554 0.00384557
v -0.00471234 0.02121073 0.00373691
v -0.00473613 0.02127689 0.00386506
v -0.00469273 0.02120554 0.00384557
v -0.00473613 0.02127689 0.00386506
v -0.00461978 0.02120012 0.00395864
v -0.00465232 0.02127063 0.00399488
v -0.00461978 0.02120012 0.00395864
v -0.00465232 0.02127063 0.00399488
v -0.00459504 0.02126783 0.00404006
v -0.00459504 0.02126783 0.00404006
v -0.00465232 0.02127063 0.00399488
v -0.00470024 0.02131223 0.00404221
v -0.00589991 0.01748192 0.00280565
v -0.00589991 0.01746928 0.00285643
v -0.00589991 0.02127921 0.00299877
v -0.00589991 0.02128517 0.00303966
v -0.00589991 0.02121359 0.00277883
v -0.00589991 0.02120107 0.00276768
v -0.00589991 0.02123719 0.00282192
v -0.00589991 0.02118813 0.00276357
v -0.00589991 0.01759237 0.00259084
v -0.00589991 0.01757907 0.00259370
v -0.00589991 0.01756554 0.00260365
v -0.00589991 0.01753795 0.00264418
v 0.00573176 0.02137494 0.00304401
v 0.00569999 0.02137494 0.00304401
v 0.00573176 0.01737958 0.00285208
v 0.00569999 0.01737958 0.00285208
v 0.00587416 0.01743805 0.00285494
v 0.00589991 0.01746928 0.00285643
v 0.00589991 0.02128517 0.00303966
v 0.00580883 0.01739478 0.00285286
v 0.00583249 0.02134811 0.00304270
v -0.00149989 0.01783096 0.00387490
v -0.00140947 0.01731848 0.00385028
v -0.00439995 0.01753133 0.00386053
v -0.00114906 0.01686793 0.00382870
v -0.00075000 0.01653349 0.00381261
v -0.00026047 0.01635551 0.00380403
v -0.00479996 0.02132689 0.00404292
v -0.00569999 0.02132689 0.00404292
v -0.00569999 0.02182632 0.00406688
v -0.00584203 0.01648348 0.00381017
v -0.00573677 0.01664394 0.00381786
v -0.00229996 0.00534540 0.00327516
v 0.00573677 0.02201455 0.00407594
v 0.00569999 0.02182632 0.00406688
v 0.00157607 0.02320748 0.00413322
v -0.00599998 0.01637434 0.00380492
v 0.00149989 0.02282524 0.00411487
v 0.00569999 0.02132689 0.00404292
v 0.00479996 0.02132689 0.00404292
v 0.00470740 0.02131223 0.00404221
v 0.00467527 0.02130234 0.00404173
v 0.00454497 0.02123713 0.00403857
v 0.00114906 0.01686793 0.00382870
v 0.00140947 0.01731848 0.00385028
v 0.00439995 0.01753133 0.00386053
v 0.00149989 0.01783096 0.00387490
v 0.00439995 0.02112722 0.00403333
v 0.00448543 0.02119445 0.00403649
v -0.00472951 0.02131950 0.00404251
v -0.00149989 0.02282524 0.00411487
v -0.00470692 0.02131420 0.00404221
v -0.00470024 0.02131223 0.00404221
v -0.00157607 0.02320748 0.00413322
v -0.00573677 0.02201455 0.00407594
v -0.00179285 0.02353155 0.00414878
v -0.00211728 0.02374804 0.00415921
v -0.00249994 0.02382409 0.00416279
v -0.00584203 0.02217507 0.00408363
v -0.00529998 0.02382409 0.00416279
v -0.00599998 0.02228415 0.00408882
v -0.00615788 0.02239310 0.00409406
v 0.00179285 0.02353155 0.00414878
v 0.00211728 0.02374804 0.00415921
v 0.00584203 0.02217507 0.00408363
v 0.00249994 0.02382409 0.00416279
v 0.00599998 0.02228415 0.00408882
v 0.00529998 0.02382409 0.00416279
v 0.00615788 0.02239310 0.00409406
v 0.00626308 0.02255362 0.00410175
v 0.00109148 0.00634569 0.00332320
v 0.00118768 0.00667304 0.00333887
v 0.00573677 0.01664394 0.00381786
v 0.00118768 0.00701421 0.00335532
v 0.00109148 0.00734162 0.00337100
v -0.00439995 0.02112722 0.00403333
v -0.00448298 0.02119410 0.00403649
v -0.00629991 0.02282524 0.00411487
v -0.00622386 0.02320748 0.00413322
v -0.00600707 0.02353155 0.00414878
v 0.00600707 0.02353155 0.00414878
v 0.00622386 0.02320748 0.00413322
v 0.00568265 0.02374804 0.00415921
v 0.00629991 0.02282524 0.00411487
v 0.00629991 0.02274185 0.00411081
v -0.00458407 0.02126157 0.00403976
v -0.00459504 0.02126783 0.00404006
v -0.00568265 0.02374804 0.00415921
v -0.00629991 0.02274185 0.00411081
v -0.00626308 0.02255362 0.00410175
v 0.00033808 0.00799376 0.00340235
v 0.00448298 0.01746433 0.00385725
v -0.00318998 0.00544554 0.00327992
v -0.00403553 0.00574100 0.00329411
v -0.00479388 0.00621706 0.00331700
v -0.00626308 0.01610487 0.00379199
v -0.00615788 0.01626539 0.00379968
v -0.00629991 0.01591670 0.00378293
v -0.00629991 0.00934076 0.00346702
v -0.00619960 0.00845176 0.00342435
v -0.00590384 0.00760728 0.00338382
v 0.00033808 0.00569361 0.00329185
v 0.00229996 0.00534540 0.00327516
v 0.00000000 0.00564498 0.00328946
v -0.00033808 0.00569361 0.00329185
v 0.00470692 0.01734435 0.00385153
v 0.00472951 0.01733899 0.00385123
v 0.00569999 0.01683217 0.00382692
v 0.00479996 0.01733160 0.00385088
v 0.00569999 0.01733160 0.00385088
v 0.00459504 0.01739066 0.00385374
v 0.00470024 0.01734626 0.00385165
v -0.00542724 0.00684971 0.00334734
v -0.00569999 0.01683217 0.00382692
v -0.00454497 0.01742142 0.00385529
v 0.00615788 0.01626539 0.00379968
v 0.00626308 0.01610487 0.00379199
v 0.00629991 0.01591670 0.00378293
v -0.00033808 0.00799376 0.00340235
v -0.00064877 0.00785202 0.00339556
v -0.00090690 0.00762856 0.00338477
v -0.00448543 0.01746404 0.00385725
v 0.00000000 0.00804227 0.00340462
v 0.00026047 0.01635551 0.00380403
v 0.00075000 0.01653349 0.00381261
v -0.00569999 0.01733160 0.00385088
v -0.00479996 0.01733160 0.00385088
v -0.00109148 0.00634569 0.00332320
v -0.00090690 0.00605869 0.00330937
v -0.00064877 0.00583535 0.00329864
v 0.00584203 0.01648348 0.00381017
v 0.00599998 0.01637434 0.00380492
v 0.00619960 0.00845176 0.00342435
v 0.00590384 0.00760728 0.00338382
v 0.00542724 0.00684971 0.00334734
v 0.00479388 0.00621706 0.00331700
v 0.00090690 0.00762856 0.00338477
v 0.00064877 0.00785202 0.00339556
v 0.00458407 0.01739686 0.00385404
v -0.00470740 0.01734626 0.00385165
v -0.00467527 0.01735615 0.00385207
v 0.00629991 0.00934076 0.00346702
v 0.00064877 0.00583535 0.00329864
v 0.00090690 0.00605869 0.00330937
v 0.00318998 0.00544554 0.00327992
v 0.00403553 0.00574100 0.00329411
v -0.00109148 0.00734162 0.00337100
v -0.00118768 0.00701421 0.00335532
v -0.00118768 0.00667304 0.00333887
v -0.00583249 0.02134811 0.00304270
v -0.00589991 0.02128517 0.00303966
v -0.00589991 0.01746928 0.00285643
v -0.00583249 0.01740634 0.00285333
v -0.00573176 0.01737958 0.00285208
v -0.00573176 0.02137494 0.00304401
v -0.00569999 0.01737958 0.00285208
v -0.00569999 0.02137494 0.00304401
v -0.00629991 0.02282524 0.00411487
v -0.00629991 0.02276766 0.00531346
v -0.00622386 0.02314984 0.00533181
v -0.00622386 0.02320748 0.00413322
v -0.00622386 0.02320748 0.00413322
v -0.00622386 0.02314984 0.00533181
v -0.00600707 0.02347391 0.00534737
v -0.00600707 0.02353155 0.00414878
v -0.00600707 0.02353155 0.00414878
v -0.00600707 0.02347391 0.00534737
v -0.00568265 0.02369046 0.00535774
v -0.00568265 0.02374804 0.00415921
v -0.00568265 0.02374804 0.00415921
v -0.00568265 0.02369046 0.00535774
v -0.00529998 0.02376645 0.00536150
v -0.00529998 0.02382409 0.00416279
v -0.00529998 0.02382409 0.00416279
v -0.00529998 0.02376645 0.00536150
v -0.00249994 0.02382409 0.00416279
v -0.00249994 0.02376645 0.00536150
v -0.00149989 0.02276766 0.00531346
v -0.00149989 0.02282524 0.00411487
v -0.00157607 0.02320748 0.00413322
v -0.00157607 0.02314984 0.00533181
v -0.00157607 0.02314984 0.00533181
v -0.00157607 0.02320748 0.00413322
v -0.00179285 0.02353155 0.00414878
v -0.00179285 0.02347391 0.00534737
v -0.00179285 0.02347391 0.00534737
v -0.00179285 0.02353155 0.00414878
v -0.00211728 0.02374804 0.00415921
v -0.00211728 0.02369046 0.00535774
v -0.00211728 0.02369046 0.00535774
v -0.00211728 0.02374804 0.00415921
v -0.00249994 0.02382409 0.00416279
v -0.00249994 0.02376645 0.00536150
v -0.00149989 0.01777338 0.00507355
v -0.00149989 0.01783096 0.00387490
v -0.00149989 0.02276766 0.00531346
v -0.00149989 0.02282524 0.00411487
v 0.00149989 0.01777338 0.00507355
v 0.00149989 0.01783096 0.00387490
v 0.00140947 0.01726090 0.00504893
v 0.00140947 0.01731848 0.00385028
v 0.00140947 0.01726090 0.00504893
v 0.00140947 0.01731848 0.00385028
v 0.00114906 0.01681029 0.00502729
v 0.00114906 0.01686793 0.00382870
v 0.00114906 0.01681029 0.00502729
v 0.00114906 0.01686793 0.00382870
v 0.00075000 0.01647585 0.00501126
v 0.00075000 0.01653349 0.00381261
v 0.00075000 0.01647585 0.00501126
v 0.00075000 0.01653349 0.00381261
v 0.00026047 0.01629787 0.00500268
v 0.00026047 0.01635551 0.00380403
v 0.00026047 0.01629787 0.00500268
v 0.00026047 0.01635551 0.00380403
v -0.00026047 0.01629787 0.00500268
v -0.00026047 0.01635551 0.00380403
v -0.00026047 0.01629787 0.00500268
v -0.00026047 0.01635551 0.00380403
v -0.00075000 0.01647585 0.00501126
v -0.00075000 0.01653349 0.00381261
v -0.00075000 0.01647585 0.00501126
v -0.00075000 0.01653349 0.00381261
v -0.00114906 0.01681029 0.00502729
v -0.00114906 0.01686793 0.00382870
v -0.00114906 0.01681029 0.00502729
v -0.00114906 0.01686793 0.00382870
v -0.00140947 0.01726090 0.00504893
v -0.00140947 0.01731848 0.00385028
v -0.00140947 0.01726090 0.00504893
v -0.00140947 0.01731848 0.00385028
v -0.00149989 0.01777338 0.00507355
v -0.00149989 0.01783096 0.00387490
v 0.00149989 0.01783096 0.00387490
v 0.00149989 0.01777338 0.00507355
v 0.00149989 0.02282524 0.00411487
v 0.00149989 0.02276766 0.00531346
v 0.00249994 0.02376645 0.00536150
v 0.00249994 0.02382409 0.00416279
v 0.00211728 0.02374804 0.00415921
v 0.00211728 0.02369046 0.00535774
v 0.00211728 0.02369046 0.00535774
v 0.00211728 0.02374804 0.00415921
v 0.00179285 0.02353155 0.00414878
v 0.00179285 0.02347391 0.00534737
v 0.00179285 0.02347391 0.00534737
v 0.00179285 0.02353155 0.00414878
v 0.00157607 0.02320748 0.00413322
v 0.00157607 0.02314984 0.00533181
v 0.00157607 0.02314984 0.00533181
v 0.00157607 0.02320748 0.00413322
v 0.00149989 0.02282524 0.00411487
v 0.00149989 0.02276766 0.00531346
v 0.00529998 0.02376645 0.00536150
v 0.00529998 0.02382409 0.00416279
v 0.00249994 0.02376645 0.00536150
v 0.00249994 0.02382409 0.00416279
v 0.00529998 0.02382409 0.00416279
v 0.00529998 0.02376645 0.00536150
v 0.00568265 0.02369046 0.00535774
v 0.00568265 0.02374804 0.00415921
v 0.00568265 0.02374804 0.00415921
v 0.00568265 0.02369046 0.00535774
v 0.00600707 0.02347391 0.00534737
v 0.00600707 0.02353155 0.00414878
v 0.00600707 0.02353155 0.00414878
v 0.00600707 0.02347391 0.00534737
v 0.00622386 0.02314984 0.00533181
v 0.00622386 0.02320748 0.00413322
v 0.00622386 0.02320748 0.00413322
v 0.00622386 0.02314984 0.00533181
v 0.00629991 0.02276766 0.00531346
v 0.00629991 0.02282524 0.00411487
v 0.00629991 0.02282524 0.00411487
v 0.00629991 0.02276766 0.00531346
v 0.00629991 0.02274185 0.00411081
v 0.00629991 0.02268427 0.00530946
v 0.00629991 0.02274185 0.00411081
v 0.00629991 0.02268427 0.00530946
v 0.00626308 0.02249604 0.00530046
v 0.00626308 0.02255362 0.00410175
v 0.00626308 0.02255362 0.00410175
v 0.00626308 0.02249604 0.00530046
v 0.00615788 0.02233552 0.00529265
v 0.00615788 0.02239310 0.00409406
v 0.00615788 0.02239310 0.00409406
v 0.00615788 0.02233552 0.00529265
v 0.00599998 0.02222657 0.00528747
v 0.00599998 0.02228415 0.00408882
v 0.00584203 0.02217507 0.00408363
v 0.00584203 0.02211749 0.00528222
v 0.00584203 0.02217507 0.00408363
v 0.00584203 0.02211749 0.00528222
v 0.00573677 0.02201455 0.00407594
v 0.00573677 0.02195698 0.00527453
v 0.00573677 0.02201455 0.00407594
v 0.00573677 0.02195698 0.00527453
v 0.00569999 0.02182632 0.00406688
v 0.00569999 0.02176874 0.00526547
v 0.00569999 0.02176874 0.00526547
v 0.00569999 0.01677459 0.00502551
v 0.00569999 0.01733160 0.00385088
v 0.00569999 0.01683217 0.00382692
v 0.00569999 0.02182632 0.00406688
v 0.00569999 0.02132689 0.00404292
v 0.00569999 0.02137494 0.00304401
v 0.00569999 0.01737958 0.00285208
v 0.00569999 0.01683217 0.00382692
v 0.00569999 0.01677459 0.00502551
v 0.00573677 0.01664394 0.00381786
v 0.00573677 0.01658636 0.00501656
v 0.00573677 0.01664394 0.00381786
v 0.00573677 0.01658636 0.00501656
v 0.00584203 0.01648348 0.00381017
v 0.00584203 0.01642584 0.00500876
v 0.00584203 0.01648348 0.00381017
v 0.00584203 0.01642584 0.00500876
v 0.00599998 0.01637434 0.00380492
v 0.00599998 0.01631683 0.00500357
v 0.00615788 0.01620781 0.00499833
v 0.00615788 0.01626539 0.00379968
v 0.00615788 0.01626539 0.00379968
v 0.00615788 0.01620781 0.00499833
v 0.00626308 0.01604729 0.00499064
v 0.00626308 0.01610487 0.00379199
v 0.00626308 0.01610487 0.00379199
v 0.00626308 0.01604729 0.00499064
v 0.00629991 0.01585906 0.00498158
v 0.00629991 0.01591670 0.00378293
v 0.00629991 0.00928319 0.00466561
v 0.00629991 0.00934076 0.00346702
v 0.00629991 0.01585906 0.00498158
v 0.00629991 0.01591670 0.00378293
v 0.00629991 0.00934076 0.00346702
v 0.00629991 0.00928319 0.00466561
v 0.00619960 0.00839412 0.00462294
v 0.00619960 0.00845176 0.00342435
v 0.00619960 0.00845176 0.00342435
v 0.00619960 0.00839412 0.00462294
v 0.00590384 0.00754970 0.00458241
v 0.00590384 0.00760728 0.00338382
v 0.00590384 0.00760728 0.00338382
v 0.00590384 0.00754970 0.00458241
v 0.00542724 0.00679213 0.00454605
v 0.00542724 0.00684971 0.00334734
v 0.00542724 0.00684971 0.00334734
v 0.00542724 0.00679213 0.00454605
v 0.00479388 0.00615948 0.00451559
v 0.00479388 0.00621706 0.00331700
v 0.00479388 0.00621706 0.00331700
v 0.00479388 0.00615948 0.00451559
v 0.00403553 0.00568342 0.00449270
v 0.00403553 0.00574100 0.00329411
v 0.00403553 0.00574100 0.00329411
v 0.00403553 0.00568342 0.00449270
v 0.00318998 0.00538790 0.00447851
v 0.00318998 0.00544554 0.00327992
v 0.00318998 0.00544554 0.00327992
v 0.00318998 0.00538790 0.00447851
v 0.00229996 0.00528783 0.00447369
v 0.00229996 0.00534540 0.00327516
v -0.00229996 0.00528783 0.00447369
v -0.00229996 0.00534540 0.00327516
v 0.00229996 0.00528783 0.00447369
v 0.00229996 0.00534540 0.00327516
v -0.00229996 0.00534540 0.00327516
v -0.00229996 0.00528783 0.00447369
v -0.00318998 0.00538790 0.00447851
v -0.00318998 0.00544554 0.00327992
v -0.00318998 0.00544554 0.00327992
v -0.00318998 0.00538790 0.00447851
v -0.00403553 0.00568342 0.00449270
v -0.00403553 0.00574100 0.00329411
v -0.00403553 0.00574100 0.00329411
v -0.00403553 0.00568342 0.00449270
v -0.00479388 0.00615948 0.00451559
v -0.00479388 0.00621706 0.00331700
v -0.00479388 0.00621706 0.00331700
v -0.00479388 0.00615948 0.00451559
v -0.00542724 0.00679213 0.00454605
v -0.00542724 0.00684971 0.00334734
v -0.00542724 0.00684971 0.00334734
v -0.00542724 0.00679213 0.00454605
v -0.00590384 0.00754970 0.00458241
v -0.00590384 0.00760728 0.00338382
v -0.00590384 0.00760728 0.00338382
v -0.00590384 0.00754970 0.00458241
v -0.00619960 0.00839412 0.00462294
v -0.00619960 0.00845176 0.00342435
v -0.00619960 0.00845176 0.00342435
v -0.00619960 0.00839412 0.00462294
v -0.00629991 0.00928319 0.00466561
v -0.00629991 0.00934076 0.00346702
v -0.00629991 0.00934076 0.00346702
v -0.00629991 0.00928319 0.00466561
v -0.00629991 0.01591670 0.00378293
v -0.00629991 0.01585906 0.00498158
v -0.00629991 0.01591670 0.00378293
v -0.00629991 0.01585906 0.00498158
v -0.00626308 0.01604729 0.00499064
v -0.00626308 0.01610487 0.00379199
v -0.00626308 0.01610487 0.00379199
v -0.00626308 0.01604729 0.00499064
v -0.00615788 0.01620781 0.00499833
v -0.00615788 0.01626539 0.00379968
v -0.00615788 0.01626539 0.00379968
v -0.00615788 0.01620781 0.00499833
v -0.00599998 0.01631683 0.00500357
v -0.00599998 0.01637434 0.00380492
v -0.00584203 0.01648348 0.00381017
v -0.00584203 0.01642584 0.00500876
v -0.00584203 0.01648348 0.00381017
v -0.00584203 0.01642584 0.00500876
v -0.00573677 0.01664394 0.00381786
v -0.00573677 0.01658636 0.00501656
v -0.00573677 0.01664394 0.00381786
v -0.00573677 0.01658636 0.00501656
v -0.00569999 0.01683217 0.00382692
v -0.00569999 0.01677459 0.00502551
v -0.00569999 0.01677459 0.00502551
v -0.00569999 0.02176874 0.00526547
v -0.00569999 0.02132689 0.00404292
v -0.00569999 0.02182632 0.00406688
v -0.00569999 0.01683217 0.00382692
v -0.00569999 0.01733160 0.00385088
v -0.00569999 0.01737958 0.00285208
v -0.00569999 0.02137494 0.00304401
v -0.00569999 0.02182632 0.00406688
v -0.00569999 0.02176874 0.00526547
v -0.00573677 0.02201455 0.00407594
v -0.00573677 0.02195698 0.00527453
v -0.00573677 0.02201455 0.00407594
v -0.00573677 0.02195698 0.00527453
v -0.00584203 0.02217507 0.00408363
v -0.00584203 0.02211749 0.00528222
v -0.00584203 0.02217507 0.00408363
v -0.00584203 0.02211749 0.00528222
v -0.00599998 0.02228415 0.00408882
v -0.00599998 0.02222657 0.00528747
v -0.00615788 0.02233552 0.00529265
v -0.00615788 0.02239310 0.00409406
v -0.00615788 0.02239310 0.00409406
v -0.00615788 0.02233552 0.00529265
v -0.00626308 0.02249604 0.00530046
v -0.00626308 0.02255362 0.00410175
v -0.00626308 0.02255362 0.00410175
v -0.00626308 0.02249604 0.00530046
v -0.00629991 0.02268427 0.00530946
v -0.00629991 0.02274185 0.00411081
v -0.00629991 0.02276766 0.00531346
v -0.00629991 0.02282524 0.00411487
v -0.00629991 0.02268427 0.00530946
v -0.00629991 0.02274185 0.00411081
v -0.00573677 0.02195698 0.00527453
v -0.00211728 0.02369046 0.00535774
v -0.00584203 0.02211749 0.00528222
v -0.00249994 0.02376645 0.00536150
v -0.00599998 0.02222657 0.00528747
v -0.00529998 0.02376645 0.00536150
v -0.00615788 0.02233552 0.00529265
v -0.00626308 0.02249604 0.00530046
v 0.00318998 0.00538790 0.00447851
v 0.00403553 0.00568342 0.00449270
v -0.00584203 0.01642584 0.00500876
v 0.00479388 0.00615948 0.00451559
v 0.00542724 0.00679213 0.00454605
v -0.00600707 0.02347391 0.00534737
v -0.00622386 0.02314984 0.00533181
v -0.00568265 0.02369046 0.00535774
v -0.00629991 0.02276766 0.00531346
v -0.00629991 0.02268427 0.00530946
v 0.00569999 0.01677459 0.00502551
v 0.00140947 0.01726090 0.00504893
v 0.00573677 0.01658636 0.00501656
v 0.00114906 0.01681029 0.00502729
v 0.00211728 0.02369046 0.00535774
v 0.00573677 0.02195698 0.00527453
v 0.00249994 0.02376645 0.00536150
v 0.00584203 0.02211749 0.00528222
v 0.00529998 0.02376645 0.00536150
v 0.00599998 0.02222657 0.00528747
v 0.00615788 0.02233552 0.00529265
v 0.00590384 0.00754970 0.00458241
v 0.00619960 0.00839412 0.00462294
v -0.00573677 0.01658636 0.00501656
v 0.00075000 0.01647585 0.00501126
v 0.00026047 0.01629787 0.00500268
v 0.00584203 0.01642584 0.00500876
v 0.00599998 0.01631683 0.00500357
v 0.00629991 0.02276766 0.00531346
v 0.00622386 0.02314984 0.00533181
v 0.00600707 0.02347391 0.00534737
v -0.00615788 0.01620781 0.00499833
v -0.00626308 0.01604729 0.00499064
v -0.00599998 0.01631683 0.00500357
v -0.00629991 0.01585906 0.00498158
v 0.00229996 0.00528783 0.00447369
v -0.00229996 0.00528783 0.00447369
v -0.00629991 0.00928319 0.00466561
v 0.00629991 0.00928319 0.00466561
v -0.00026047 0.01629787 0.00500268
v -0.00075000 0.01647585 0.00501126
v 0.00179285 0.02347391 0.00534737
v 0.00157607 0.02314984 0.00533181
v 0.00569999 0.02176874 0.00526547
v 0.00149989 0.02276766 0.00531346
v 0.00149989 0.01777338 0.00507355
v 0.00568265 0.02369046 0.00535774
v 0.00629991 0.02268427 0.00530946
v 0.00626308 0.02249604 0.00530046
v -0.00619960 0.00839412 0.00462294
v -0.00590384 0.00754970 0.00458241
v -0.00542724 0.00679213 0.00454605
v -0.00569999 0.02176874 0.00526547
v -0.00157607 0.02314984 0.00533181
v -0.00179285 0.02347391 0.00534737
v -0.00479388 0.00615948 0.00451559
v -0.00403553 0.00568342 0.00449270
v -0.00318998 0.00538790 0.00447851
v 0.00626308 0.01604729 0.00499064
v 0.00615788 0.01620781 0.00499833
v 0.00629991 0.01585906 0.00498158
v -0.00114906 0.01681029 0.00502729
v -0.00140947 0.01726090 0.00504893
v -0.00569999 0.01677459 0.00502551
v -0.00149989 0.01777338 0.00507355
v -0.00149989 0.02276766 0.00531346
v 0.00629991 0.02270436 0.00663066
v 0.00629991 0.02276766 0.00531346
v 0.00627857 0.02290797 0.00665957
v 0.00627857 0.02290797 0.00665957
v 0.00629991 0.02276766 0.00531346
v 0.00623816 0.02311331 0.00533003
v 0.00627857 0.02290797 0.00665957
v 0.00623816 0.02311331 0.00533003
v 0.00621772 0.02309697 0.00670707
v 0.00621772 0.02309697 0.00670707
v 0.00623816 0.02311331 0.00533003
v 0.00612259 0.02326637 0.00676739
v 0.00612259 0.02326637 0.00676739
v 0.00623816 0.02311331 0.00533003
v 0.00600707 0.02347391 0.00534737
v 0.00612259 0.02326637 0.00676739
v 0.00600707 0.02347391 0.00534737
v 0.00599849 0.02341103 0.00683481
v 0.00599849 0.02341103 0.00683481
v 0.00600707 0.02347391 0.00534737
v 0.00584954 0.02352750 0.00690395
v 0.00584954 0.02352750 0.00690395
v 0.00600707 0.02347391 0.00534737
v 0.00564605 0.02370470 0.00535852
v 0.00584954 0.02352750 0.00690395
v 0.00564605 0.02370470 0.00535852
v 0.00568026 0.02361375 0.00697106
v 0.00568026 0.02361375 0.00697106
v 0.00564605 0.02370470 0.00535852
v 0.00549543 0.02366673 0.00703329
v 0.00549543 0.02366673 0.00703329
v 0.00564605 0.02370470 0.00535852
v 0.00529998 0.02376645 0.00536150
v 0.00549543 0.02366673 0.00703329
v 0.00529998 0.02376645 0.00536150
v 0.00529998 0.02368354 0.00708741
v -0.00529998 0.02368354 0.00708741
v -0.00529998 0.02376645 0.00536150
v -0.00549495 0.02366679 0.00703335
v -0.00549495 0.02366679 0.00703335
v -0.00529998 0.02376645 0.00536150
v -0.00564605 0.02370470 0.00535852
v -0.00549495 0.02366679 0.00703335
v -0.00564605 0.02370470 0.00535852
v -0.00567967 0.02361387 0.00697124
v -0.00567967 0.02361387 0.00697124
v -0.00564605 0.02370470 0.00535852
v -0.00584912 0.02352774 0.00690413
v -0.00584912 0.02352774 0.00690413
v -0.00564605 0.02370470 0.00535852
v -0.00600707 0.02347391 0.00534737
v -0.00584912 0.02352774 0.00690413
v -0.00600707 0.02347391 0.00534737
v -0.00599819 0.02341127 0.00683492
v -0.00623816 0.02311331 0.00533003
v -0.00629991 0.02276766 0.00531346
v -0.00629991 0.02270436 0.00663066
v -0.00629991 0.02270436 0.00663066
v -0.00627845 0.02290874 0.00665957
v -0.00623816 0.02311331 0.00533003
v -0.00623816 0.02311331 0.00533003
v -0.00627845 0.02290874 0.00665957
v -0.00621754 0.02309852 0.00670719
v -0.00623816 0.02311331 0.00533003
v -0.00621754 0.02309852 0.00670719
v -0.00600707 0.02347391 0.00534737
v -0.00600707 0.02347391 0.00534737
v -0.00621754 0.02309852 0.00670719
v -0.00612241 0.02326720 0.00676751
v -0.00600707 0.02347391 0.00534737
v -0.00612241 0.02326720 0.00676751
v -0.00599819 0.02341127 0.00683492
v 0.00621390 0.02268892 0.00679433
v 0.00626928 0.02269458 0.00673407
v 0.00622964 0.02286589 0.00679332
v 0.00529998 0.02368354 0.00708741
v 0.00532156 0.02366626 0.00715685
v 0.00551683 0.02364635 0.00709844
v 0.00529998 0.02368354 0.00708741
v 0.00551683 0.02364635 0.00709844
v 0.00549543 0.02366673 0.00703329
v 0.00549543 0.02366673 0.00703329
v 0.00551683 0.02364635 0.00709844
v 0.00569951 0.02359038 0.00703228
v 0.00549543 0.02366673 0.00703329
v 0.00569951 0.02359038 0.00703228
v 0.00568026 0.02361375 0.00697106
v 0.00568026 0.02361375 0.00697106
v 0.00569951 0.02359038 0.00703228
v 0.00586474 0.02350240 0.00696129
v 0.00568026 0.02361375 0.00697106
v 0.00586474 0.02350240 0.00696129
v 0.00584954 0.02352750 0.00690395
v 0.00584954 0.02352750 0.00690395
v 0.00586474 0.02350240 0.00696129
v 0.00600827 0.02338618 0.00688863
v 0.00584954 0.02352750 0.00690395
v 0.00600827 0.02338618 0.00688863
v 0.00599849 0.02341103 0.00683481
v 0.00599849 0.02341103 0.00683481
v 0.00600827 0.02338618 0.00688863
v 0.00612712 0.02324348 0.00681806
v 0.00599849 0.02341103 0.00683481
v 0.00612712 0.02324348 0.00681806
v 0.00612259 0.02326637 0.00676739
v 0.00612259 0.02326637 0.00676739
v 0.00612712 0.02324348 0.00681806
v 0.00621724 0.02307832 0.00675547
v 0.00612259 0.02326637 0.00676739
v 0.00621724 0.02307832 0.00675547
v 0.00621772 0.02309697 0.00670707
v 0.00621772 0.02309697 0.00670707
v 0.00621724 0.02307832 0.00675547
v 0.00627452 0.02289569 0.00670666
v 0.00621772 0.02309697 0.00670707
v 0.00627452 0.02289569 0.00670666
v 0.00627857 0.02290797 0.00665957
v 0.00621390 0.02268892 0.00679433
v 0.00622964 0.02286589 0.00679332
v 0.00619256 0.02286356 0.00682515
v 0.00619256 0.02286356 0.00682515
v 0.00622964 0.02286589 0.00679332
v 0.00617665 0.02302807 0.00684309
v 0.00619256 0.02286356 0.00682515
v 0.00617665 0.02302807 0.00684309
v 0.00612891 0.02303117 0.00688183
v 0.00612891 0.02303117 0.00688183
v 0.00617665 0.02302807 0.00684309
v 0.00609344 0.02317458 0.00690746
v 0.00612891 0.02303117 0.00688183
v 0.00609344 0.02317458 0.00690746
v 0.00602937 0.02317672 0.00695461
v 0.00602937 0.02317672 0.00695461
v 0.00609344 0.02317458 0.00690746
v 0.00598401 0.02330070 0.00698030
v 0.00602937 0.02317672 0.00695461
v 0.00598401 0.02330070 0.00698030
v 0.00588465 0.02330803 0.00704402
v 0.00598401 0.02330070 0.00698030
v 0.00585210 0.02340322 0.00705564
v 0.00588465 0.02330803 0.00704402
v 0.00588465 0.02330803 0.00704402
v 0.00585210 0.02340322 0.00705564
v 0.00570077 0.02348059 0.00712955
v 0.00588465 0.02330803 0.00704402
v 0.00570077 0.02348059 0.00712955
v 0.00570560 0.02340686 0.00713587
v 0.00570560 0.02340686 0.00713587
v 0.00570077 0.02348059 0.00712955
v 0.00553352 0.02352952 0.00719869
v 0.00570560 0.02340686 0.00713587
v 0.00553352 0.02352952 0.00719869
v 0.00552136 0.02346110 0.00721317
v 0.00552136 0.02346110 0.00721317
v 0.00553352 0.02352952 0.00719869
v 0.00535476 0.02354913 0.00725871
v 0.00535893 0.02347517 0.00726867
v 0.00532156 0.02366626 0.00715685
v 0.00534165 0.02361869 0.00721937
v 0.00553113 0.02359777 0.00715905
v 0.00532156 0.02366626 0.00715685
v 0.00553113 0.02359777 0.00715905
v 0.00551683 0.02364635 0.00709844
v 0.00551683 0.02364635 0.00709844
v 0.00553113 0.02359777 0.00715905
v 0.00570750 0.02354335 0.00708973
v 0.00551683 0.02364635 0.00709844
v 0.00570750 0.02354335 0.00708973
v 0.00569951 0.02359038 0.00703228
v 0.00569951 0.02359038 0.00703228
v 0.00570750 0.02354335 0.00708973
v 0.00586617 0.02345877 0.00701571
v 0.00569951 0.02359038 0.00703228
v 0.00586617 0.02345877 0.00701571
v 0.00586474 0.02350240 0.00696129
v 0.00586474 0.02350240 0.00696129
v 0.00586617 0.02345877 0.00701571
v 0.00600374 0.02334761 0.00694042
v 0.00586474 0.02350240 0.00696129
v 0.00600374 0.02334761 0.00694042
v 0.00600827 0.02338618 0.00688863
v 0.00600827 0.02338618 0.00688863
v 0.00600374 0.02334761 0.00694042
v 0.00611728 0.02321147 0.00686747
v 0.00600827 0.02338618 0.00688863
v 0.00611728 0.02321147 0.00686747
v 0.00612712 0.02324348 0.00681806
v 0.00612712 0.02324348 0.00681806
v 0.00611728 0.02321147 0.00686747
v 0.00620335 0.02305436 0.00680309
v 0.00612712 0.02324348 0.00681806
v 0.00620335 0.02305436 0.00680309
v 0.00621724 0.02307832 0.00675547
v 0.00621724 0.02307832 0.00675547
v 0.00620335 0.02305436 0.00680309
v 0.00625783 0.02288115 0.00675309
v 0.00621724 0.02307832 0.00675547
v 0.00625783 0.02288115 0.00675309
v 0.00627452 0.02289569 0.00670666
v 0.00629991 0.02270436 0.00663066
v 0.00627857 0.02290797 0.00665957
v 0.00629884 0.02270263 0.00664902
v 0.00629884 0.02270263 0.00664902
v 0.00627857 0.02290797 0.00665957
v 0.00627452 0.02289569 0.00670666
v 0.00629884 0.02270263 0.00664902
v 0.00627452 0.02289569 0.00670666
v 0.00626928 0.02269458 0.00673407
v 0.00626928 0.02269458 0.00673407
v 0.00627452 0.02289569 0.00670666
v 0.00625783 0.02288115 0.00675309
v 0.00626928 0.02269458 0.00673407
v 0.00625783 0.02288115 0.00675309
v 0.00622964 0.02286589 0.00679332
v 0.00622964 0.02286589 0.00679332
v 0.00625783 0.02288115 0.00675309
v 0.00620335 0.02305436 0.00680309
v 0.00617665 0.02302807 0.00684309
v 0.00617665 0.02302807 0.00684309
v 0.00620335 0.02305436 0.00680309
v 0.00611728 0.02321147 0.00686747
v 0.00609344 0.02317458 0.00690746
v 0.00609344 0.02317458 0.00690746
v 0.00611728 0.02321147 0.00686747
v 0.00600374 0.02334761 0.00694042
v 0.00609344 0.02317458 0.00690746
v 0.00600374 0.02334761 0.00694042
v 0.00598401 0.02330070 0.00698030
v 0.00598401 0.02330070 0.00698030
v 0.00600374 0.02334761 0.00694042
v 0.00586617 0.02345877 0.00701571
v 0.00598401 0.02330070 0.00698030
v 0.00586617 0.02345877 0.00701571
v 0.00585210 0.02340322 0.00705564
v 0.00585210 0.02340322 0.00705564
v 0.00586617 0.02345877 0.00701571
v 0.00570750 0.02354335 0.00708973
v 0.00585210 0.02340322 0.00705564
v 0.00570750 0.02354335 0.00708973
v 0.00570077 0.02348059 0.00712955
v 0.00570077 0.02348059 0.00712955
v 0.00570750 0.02354335 0.00708973
v 0.00553113 0.02359777 0.00715905
v 0.00570077 0.02348059 0.00712955
v 0.00553113 0.02359777 0.00715905
v 0.00553352 0.02352952 0.00719869
v 0.00553352 0.02352952 0.00719869
v 0.00553113 0.02359777 0.00715905
v 0.00534165 0.02361869 0.00721937
v 0.00553352 0.02352952 0.00719869
v 0.00534165 0.02361869 0.00721937
v 0.00535476 0.02354913 0.00725871
v -0.00627422 0.02289652 0.00670755
v -0.00627845 0.02290874 0.00665957
v -0.00629991 0.02270436 0.00663066
v -0.00538266 0.02347493 0.00726128
v -0.00535882 0.02347517 0.00726855
v -0.00535476 0.02354913 0.00725871
v -0.00538266 0.02347493 0.00726128
v -0.00535476 0.02354913 0.00725871
v -0.00556129 0.02345246 0.00719720
v -0.00617623 0.02302974 0.00684363
v -0.00613481 0.02301800 0.00687683
v -0.00604510 0.02315706 0.00694376
v -0.00619751 0.02283895 0.00681955
v -0.00613481 0.02301800 0.00687683
v -0.00622934 0.02286678 0.00679374
v -0.00622934 0.02286678 0.00679374
v -0.00613481 0.02301800 0.00687683
v -0.00617623 0.02302974 0.00684363
v -0.00622934 0.02286678 0.00679374
v -0.00617623 0.02302974 0.00684363
v -0.00625753 0.02288216 0.00675380
v -0.00625753 0.02288216 0.00675380
v -0.00627649 0.02269577 0.00672108
v -0.00622934 0.02286678 0.00679374
v -0.00622934 0.02286678 0.00679374
v -0.00627649 0.02269577 0.00672108
v -0.00621367 0.02268898 0.00679403
v -0.00622934 0.02286678 0.00679374
v -0.00621367 0.02268898 0.00679403
v -0.00619751 0.02283895 0.00681955
v -0.00629991 0.02270436 0.00663066
v -0.00627649 0.02269577 0.00672108
v -0.00627422 0.02289652 0.00670755
v -0.00627422 0.02289652 0.00670755
v -0.00627649 0.02269577 0.00672108
v -0.00625753 0.02288216 0.00675380
v -0.00627422 0.02289652 0.00670755
v -0.00625753 0.02288216 0.00675380
v -0.00620294 0.02305614 0.00680387
v -0.00620294 0.02305614 0.00680387
v -0.00625753 0.02288216 0.00675380
v -0.00617623 0.02302974 0.00684363
v -0.00620294 0.02305614 0.00680387
v -0.00617623 0.02302974 0.00684363
v -0.00609291 0.02317517 0.00690794
v -0.00609291 0.02317517 0.00690794
v -0.00617623 0.02302974 0.00684363
v -0.00604510 0.02315706 0.00694376
v -0.00609291 0.02317517 0.00690794
v -0.00604510 0.02315706 0.00694376
v -0.00591546 0.02328437 0.00702608
v -0.00627845 0.02290874 0.00665957
v -0.00627422 0.02289652 0.00670755
v -0.00621694 0.02307999 0.00675654
v -0.00621694 0.02307999 0.00675654
v -0.00627422 0.02289652 0.00670755
v -0.00620294 0.02305614 0.00680387
v -0.00621694 0.02307999 0.00675654
v -0.00620294 0.02305614 0.00680387
v -0.00611687 0.02321225 0.00686836
v -0.00611687 0.02321225 0.00686836
v -0.00620294 0.02305614 0.00680387
v -0.00609291 0.02317517 0.00690794
v -0.00611687 0.02321225 0.00686836
v -0.00609291 0.02317517 0.00690794
v -0.00598353 0.02330040 0.00698084
v -0.00598353 0.02330040 0.00698084
v -0.00609291 0.02317517 0.00690794
v -0.00591546 0.02328437 0.00702608
v -0.00598353 0.02330040 0.00698084
v -0.00591546 0.02328437 0.00702608
v -0.00573391 0.02339422 0.00712180
v -0.00600332 0.02334719 0.00694120
v -0.00585151 0.02340286 0.00705624
v -0.00586569 0.02345836 0.00701672
v -0.00586569 0.02345836 0.00701672
v -0.00585151 0.02340286 0.00705624
v -0.00570011 0.02347993 0.00713009
v -0.00586569 0.02345836 0.00701672
v -0.00570011 0.02347993 0.00713009
v -0.00570703 0.02354276 0.00709075
v -0.00570703 0.02354276 0.00709075
v -0.00570011 0.02347993 0.00713009
v -0.00553310 0.02352887 0.00719917
v -0.00570703 0.02354276 0.00709075
v -0.00553310 0.02352887 0.00719917
v -0.00553083 0.02359700 0.00716001
v -0.00612688 0.02324414 0.00681925
v -0.00600332 0.02334719 0.00694120
v -0.00600803 0.02338582 0.00688982
v -0.00600803 0.02338582 0.00688982
v -0.00600332 0.02334719 0.00694120
v -0.00586569 0.02345836 0.00701672
v -0.00600803 0.02338582 0.00688982
v -0.00586569 0.02345836 0.00701672
v -0.00586444 0.02350205 0.00696260
v -0.00586444 0.02350205 0.00696260
v -0.00586569 0.02345836 0.00701672
v -0.00570703 0.02354276 0.00709075
v -0.00586444 0.02350205 0.00696260
v -0.00570703 0.02354276 0.00709075
v -0.00569922 0.02358978 0.00703365
v -0.00569922 0.02358978 0.00703365
v -0.00570703 0.02354276 0.00709075
v -0.00553083 0.02359700 0.00716001
v -0.00569922 0.02358978 0.00703365
v -0.00553083 0.02359700 0.00716001
v -0.00551677 0.02364563 0.00709993
v -0.00621754 0.02309852 0.00670719
v -0.00612688 0.02324414 0.00681925
v -0.00612241 0.02326720 0.00676751
v -0.00612241 0.02326720 0.00676751
v -0.00612688 0.02324414 0.00681925
v -0.00600803 0.02338582 0.00688982
v -0.00612241 0.02326720 0.00676751
v -0.00600803 0.02338582 0.00688982
v -0.00599819 0.02341127 0.00683492
v -0.00599819 0.02341127 0.00683492
v -0.00600803 0.02338582 0.00688982
v -0.00586444 0.02350205 0.00696260
v -0.00599819 0.02341127 0.00683492
v -0.00586444 0.02350205 0.00696260
v -0.00584912 0.02352774 0.00690413
v -0.00584912 0.02352774 0.00690413
v -0.00586444 0.02350205 0.00696260
v -0.00569922 0.02358978 0.00703365
v -0.00584912 0.02352774 0.00690413
v -0.00569922 0.02358978 0.00703365
v -0.00567967 0.02361387 0.00697124
v -0.00567967 0.02361387 0.00697124
v -0.00569922 0.02358978 0.00703365
v -0.00551677 0.02364563 0.00709993
v -0.00567967 0.02361387 0.00697124
v -0.00551677 0.02364563 0.00709993
v -0.00549495 0.02366679 0.00703335
v -0.00529998 0.02368354 0.00708741
v -0.00549495 0.02366679 0.00703335
v -0.00532156 0.02366626 0.00715685
v -0.00532156 0.02366626 0.00715685
v -0.00549495 0.02366679 0.00703335
v -0.00551677 0.02364563 0.00709993
v -0.00532156 0.02366626 0.00715685
v -0.00551677 0.02364563 0.00709993
v -0.00534165 0.02361869 0.00721937
v -0.00534165 0.02361869 0.00721937
v -0.00551677 0.02364563 0.00709993
v -0.00553083 0.02359700 0.00716001
v -0.00534165 0.02361869 0.00721937
v -0.00553083 0.02359700 0.00716001
v -0.00535476 0.02354913 0.00725871
v -0.00535476 0.02354913 0.00725871
v -0.00553083 0.02359700 0.00716001
v -0.00553310 0.02352887 0.00719917
v -0.00535476 0.02354913 0.00725871
v -0.00553310 0.02352887 0.00719917
v -0.00556129 0.02345246 0.00719720
v -0.00556129 0.02345246 0.00719720
v -0.00553310 0.02352887 0.00719917
v -0.00570011 0.02347993 0.00713009
v -0.00556129 0.02345246 0.00719720
v -0.00570011 0.02347993 0.00713009
v -0.00573391 0.02339422 0.00712180
v -0.00573391 0.02339422 0.00712180
v -0.00570011 0.02347993 0.00713009
v -0.00585151 0.02340286 0.00705624
v -0.00573391 0.02339422 0.00712180
v -0.00585151 0.02340286 0.00705624
v -0.00598353 0.02330040 0.00698084
v -0.00598353 0.02330040 0.00698084
v -0.00585151 0.02340286 0.00705624
v -0.00600332 0.02334719 0.00694120
v -0.00598353 0.02330040 0.00698084
v -0.00600332 0.02334719 0.00694120
v -0.00611687 0.02321225 0.00686836
v -0.00611687 0.02321225 0.00686836
v -0.00600332 0.02334719 0.00694120
v -0.00612688 0.02324414 0.00681925
v -0.00611687 0.02321225 0.00686836
v -0.00612688 0.02324414 0.00681925
v -0.00621694 0.02307999 0.00675654
v -0.00621694 0.02307999 0.00675654
v -0.00612688 0.02324414 0.00681925
v -0.00621754 0.02309852 0.00670719
v -0.00621694 0.02307999 0.00675654
v -0.00621754 0.02309852 0.00670719
v -0.00627845 0.02290874 0.00665957
v 0.00249994 0.02347749 0.00741661
v 0.00249994 0.02357500 0.00739110
v 0.00233048 0.02352476 0.00740600
v 0.00149989 0.02267628 0.00721473
v 0.00151229 0.02267587 0.00728393
v 0.00153440 0.02286785 0.00729311
v 0.00149989 0.02267628 0.00721473
v 0.00153440 0.02286785 0.00729311
v 0.00152391 0.02289414 0.00721800
v 0.00152391 0.02289414 0.00721800
v 0.00153440 0.02286785 0.00729311
v 0.00159079 0.02305269 0.00729507
v 0.00152391 0.02289414 0.00721800
v 0.00159079 0.02305269 0.00729507
v 0.00159538 0.02310281 0.00722122
v 0.00159538 0.02310281 0.00722122
v 0.00159079 0.02305269 0.00729507
v 0.00168216 0.02322268 0.00729656
v 0.00159538 0.02310281 0.00722122
v 0.00168216 0.02322268 0.00729656
v 0.00171101 0.02329111 0.00722390
v 0.00171101 0.02329111 0.00722390
v 0.00168216 0.02322268 0.00729656
v 0.00180447 0.02337127 0.00729775
v 0.00171101 0.02329111 0.00722390
v 0.00180447 0.02337127 0.00729775
v 0.00179285 0.02338367 0.00722510
v 0.00179285 0.02338367 0.00722510
v 0.00180447 0.02337127 0.00729775
v 0.00195342 0.02349328 0.00729853
v 0.00179285 0.02338367 0.00722510
v 0.00195342 0.02349328 0.00729853
v 0.00186473 0.02344900 0.00722587
v 0.00186473 0.02344900 0.00722587
v 0.00195342 0.02349328 0.00729853
v 0.00212300 0.02358406 0.00729913
v 0.00186473 0.02344900 0.00722587
v 0.00212300 0.02358406 0.00729913
v 0.00203222 0.02356064 0.00722665
v 0.00230735 0.02363997 0.00729942
v 0.00230378 0.02365744 0.00722659
v 0.00221515 0.02363538 0.00722677
v 0.00230735 0.02363997 0.00729942
v 0.00221515 0.02363538 0.00722677
v 0.00212300 0.02358406 0.00729913
v 0.00212300 0.02358406 0.00729913
v 0.00221515 0.02363538 0.00722677
v 0.00215387 0.02361500 0.00722677
v 0.00212300 0.02358406 0.00729913
v 0.00215387 0.02361500 0.00722677
v 0.00203222 0.02356064 0.00722665
v 0.00230378 0.02365744 0.00722659
v 0.00230735 0.02363997 0.00729942
v 0.00242782 0.02367424 0.00722629
v 0.00242782 0.02367424 0.00722629
v 0.00230735 0.02363997 0.00729942
v 0.00249994 0.02364778 0.00732100
v 0.00242782 0.02367424 0.00722629
v 0.00249994 0.02364778 0.00732100
v 0.00249994 0.02367693 0.00722629
v 0.00249994 0.02347749 0.00741661
v 0.00233048 0.02352476 0.00740600
v 0.00231022 0.02345192 0.00741673
v 0.00231022 0.02345192 0.00741673
v 0.00233048 0.02352476 0.00740600
v 0.00216824 0.02347540 0.00740600
v 0.00231022 0.02345192 0.00741673
v 0.00216824 0.02347540 0.00740600
v 0.00212872 0.02337801 0.00741673
v 0.00216824 0.02347540 0.00740600
v 0.00201911 0.02339535 0.00740605
v 0.00212872 0.02337801 0.00741673
v 0.00212872 0.02337801 0.00741673
v 0.00201911 0.02339535 0.00740605
v 0.00188810 0.02328783 0.00740600
v 0.00212872 0.02337801 0.00741673
v 0.00188810 0.02328783 0.00740600
v 0.00196880 0.02326250 0.00741673
v 0.00196880 0.02326250 0.00741673
v 0.00188810 0.02328783 0.00740600
v 0.00178063 0.02315682 0.00740576
v 0.00196880 0.02326250 0.00741673
v 0.00178063 0.02315682 0.00740576
v 0.00184000 0.02311462 0.00741655
v 0.00184000 0.02311462 0.00741655
v 0.00178063 0.02315682 0.00740576
v 0.00170040 0.02300697 0.00740528
v 0.00184000 0.02311462 0.00741655
v 0.00170040 0.02300697 0.00740528
v 0.00174594 0.02293193 0.00741601
v 0.00174594 0.02293193 0.00741601
v 0.00170040 0.02300697 0.00740528
v 0.00165093 0.02284425 0.00740451
v 0.00174594 0.02293193 0.00741601
v 0.00165093 0.02284425 0.00740451
v 0.00170314 0.02274376 0.00741517
v 0.00170314 0.02274376 0.00741517
v 0.00165093 0.02284425 0.00740451
v 0.00163072 0.02267503 0.00740236
v 0.00170314 0.02274376 0.00741517
v 0.00163072 0.02267503 0.00740236
v 0.00169998 0.02267497 0.00741476
v 0.00249994 0.02361118 0.00736505
v 0.00249994 0.02364778 0.00732100
v 0.00231671 0.02359300 0.00736499
v 0.00231671 0.02359300 0.00736499
v 0.00249994 0.02364778 0.00732100
v 0.00230735 0.02363997 0.00729942
v 0.00231671 0.02359300 0.00736499
v 0.00230735 0.02363997 0.00729942
v 0.00214154 0.02353990 0.00736499
v 0.00214154 0.02353990 0.00736499
v 0.00230735 0.02363997 0.00729942
v 0.00212300 0.02358406 0.00729913
v 0.00214154 0.02353990 0.00736499
v 0.00212300 0.02358406 0.00729913
v 0.00198019 0.02345353 0.00736469
v 0.00198019 0.02345353 0.00736469
v 0.00212300 0.02358406 0.00729913
v 0.00195342 0.02349328 0.00729853
v 0.00198019 0.02345353 0.00736469
v 0.00195342 0.02349328 0.00729853
v 0.00183839 0.02333748 0.00736439
v 0.00183839 0.02333748 0.00736439
v 0.00195342 0.02349328 0.00729853
v 0.00180447 0.02337127 0.00729775
v 0.00183839 0.02333748 0.00736439
v 0.00180447 0.02337127 0.00729775
v 0.00172198 0.02319604 0.00736380
v 0.00168216 0.02322268 0.00729656
v 0.00172198 0.02319604 0.00736380
v 0.00168216 0.02322268 0.00729656
v 0.00163502 0.02303421 0.00736290
v 0.00163502 0.02303421 0.00736290
v 0.00168216 0.02322268 0.00729656
v 0.00159079 0.02305269 0.00729507
v 0.00163502 0.02303421 0.00736290
v 0.00159079 0.02305269 0.00729507
v 0.00158119 0.02285832 0.00736165
v 0.00158119 0.02285832 0.00736165
v 0.00159079 0.02305269 0.00729507
v 0.00153440 0.02286785 0.00729311
v 0.00158119 0.02285832 0.00736165
v 0.00153440 0.02286785 0.00729311
v 0.00155854 0.02267539 0.00735611
v 0.00155854 0.02267539 0.00735611
v 0.00153440 0.02286785 0.00729311
v 0.00151229 0.02267587 0.00728393
v 0.00249994 0.02357500 0.00739110
v 0.00249994 0.02361118 0.00736505
v 0.00233048 0.02352476 0.00740600
v 0.00233048 0.02352476 0.00740600
v 0.00249994 0.02361118 0.00736505
v 0.00231671 0.02359300 0.00736499
v 0.00233048 0.02352476 0.00740600
v 0.00231671 0.02359300 0.00736499
v 0.00216824 0.02347540 0.00740600
v 0.00214154 0.02353990 0.00736499
v 0.00216824 0.02347540 0.00740600
v 0.00214154 0.02353990 0.00736499
v 0.00201911 0.02339535 0.00740605
v 0.00198019 0.02345353 0.00736469
v 0.00201911 0.02339535 0.00740605
v 0.00198019 0.02345353 0.00736469
v 0.00188810 0.02328783 0.00740600
v 0.00188810 0.02328783 0.00740600
v 0.00198019 0.02345353 0.00736469
v 0.00183839 0.02333748 0.00736439
v 0.00188810 0.02328783 0.00740600
v 0.00183839 0.02333748 0.00736439
v 0.00178063 0.02315682 0.00740576
v 0.00172198 0.02319604 0.00736380
v 0.00178063 0.02315682 0.00740576
v 0.00172198 0.02319604 0.00736380
v 0.00170040 0.02300697 0.00740528
v 0.00170040 0.02300697 0.00740528
v 0.00172198 0.02319604 0.00736380
v 0.00163502 0.02303421 0.00736290
v 0.00170040 0.02300697 0.00740528
v 0.00163502 0.02303421 0.00736290
v 0.00165093 0.02284425 0.00740451
v 0.00165093 0.02284425 0.00740451
v 0.00163502 0.02303421 0.00736290
v 0.00158119 0.02285832 0.00736165
v 0.00165093 0.02284425 0.00740451
v 0.00158119 0.02285832 0.00736165
v 0.00163072 0.02267503 0.00740236
v 0.00163072 0.02267503 0.00740236
v 0.00158119 0.02285832 0.00736165
v 0.00155854 0.02267539 0.00735611
v 0.00581956 0.00755799 0.00536591
v 0.00602311 0.00803155 0.00524378
v 0.00569534 0.00787175 0.00547189
v 0.00381380 0.00663972 0.00599986
v 0.00344866 0.00661242 0.00601131
v 0.00359690 0.00562501 0.00583893
v 0.00343370 0.00888211 0.00635159
v 0.00290382 0.00963849 0.00647658
v 0.00318527 0.00806069 0.00624573
v 0.00272578 0.01122516 0.00668269
v 0.00279784 0.01039630 0.00657821
v 0.00326610 0.01000607 0.00650835
v 0.00326610 0.01000607 0.00650835
v 0.00279784 0.01039630 0.00657821
v 0.00284773 0.01000344 0.00652629
v 0.00290382 0.00963849 0.00647658
v 0.00326610 0.01000607 0.00650835
v 0.00315630 0.01113176 0.00665265
v 0.00272578 0.01122516 0.00668269
v 0.00313300 0.01225888 0.00678456
v 0.00269997 0.01204311 0.00677902
v 0.00269997 0.01204311 0.00677902
v 0.00313300 0.01225888 0.00678456
v 0.00317591 0.01338756 0.00690383
v 0.00269997 0.01204311 0.00677902
v 0.00317591 0.01338756 0.00690383
v 0.00272560 0.01299297 0.00688213
v 0.00272560 0.01299297 0.00688213
v 0.00317591 0.01338756 0.00690383
v 0.00326383 0.01451736 0.00701046
v 0.00272560 0.01299297 0.00688213
v 0.00326383 0.01451736 0.00701046
v 0.00279766 0.01402533 0.00698399
v 0.00279766 0.01402533 0.00698399
v 0.00326383 0.01451736 0.00701046
v 0.00338930 0.01564836 0.00710452
v 0.00279766 0.01402533 0.00698399
v 0.00338930 0.01564836 0.00710452
v 0.00292718 0.01521158 0.00708759
v 0.00292718 0.01521158 0.00708759
v 0.00338930 0.01564836 0.00710452
v 0.00309479 0.01639425 0.00717670
v 0.00309479 0.01639425 0.00717670
v 0.00338930 0.01564836 0.00710452
v 0.00354439 0.01678031 0.00718576
v 0.00354439 0.01678031 0.00718576
v 0.00311506 0.01652503 0.00718576
v 0.00311506 0.01652503 0.00718576
v 0.00354439 0.01678031 0.00718576
v 0.00315541 0.01677924 0.00720274
v 0.00315541 0.01677924 0.00720274
v 0.00354439 0.01678031 0.00718576
v 0.00391114 0.01904672 0.00730997
v 0.00315541 0.01677924 0.00720274
v 0.00391114 0.01904672 0.00730997
v 0.00339556 0.01818555 0.00728494
v 0.00430167 0.02131539 0.00738281
v 0.00380462 0.02038782 0.00737375
v 0.00391114 0.01904672 0.00730997
v 0.00374991 0.02009671 0.00736487
v 0.00391114 0.01904672 0.00730997
v 0.00374991 0.02009671 0.00736487
v 0.00339556 0.01818555 0.00728494
v 0.00437886 0.02347749 0.00741661
v 0.00410390 0.02197492 0.00740778
v 0.00430167 0.02131539 0.00738281
v 0.00430167 0.02131539 0.00738281
v 0.00410390 0.02197492 0.00740778
v 0.00397962 0.02131515 0.00739670
v 0.00430167 0.02131539 0.00738281
v 0.00397962 0.02131515 0.00739670
v 0.00380462 0.02038782 0.00737375
v 0.00500101 0.02131789 0.00725418
v 0.00535893 0.02347517 0.00726867
v 0.00487441 0.02347457 0.00737965
v 0.00602937 0.02317672 0.00695461
v 0.00588465 0.02330803 0.00704402
v 0.00569594 0.02132350 0.00697774
v 0.00569594 0.02132350 0.00697774
v 0.00588465 0.02330803 0.00704402
v 0.00570560 0.02340686 0.00713587
v 0.00621998 0.02105975 0.00661331
v 0.00621390 0.02268892 0.00679433
v 0.00602746 0.02132737 0.00678319
v 0.00602746 0.02132737 0.00678319
v 0.00621390 0.02268892 0.00679433
v 0.00619256 0.02286356 0.00682515
v 0.00602746 0.02132737 0.00678319
v 0.00619256 0.02286356 0.00682515
v 0.00569594 0.02132350 0.00697774
v 0.00569594 0.02132350 0.00697774
v 0.00619256 0.02286356 0.00682515
v 0.00612891 0.02303117 0.00688183
v 0.00612891 0.02303117 0.00688183
v 0.00602937 0.02317672 0.00695461
v 0.00623745 0.00926244 0.00511545
v 0.00623852 0.00953257 0.00512636
v 0.00592571 0.01015025 0.00543481
v 0.00592571 0.01015025 0.00543481
v 0.00623852 0.00953257 0.00512636
v 0.00624329 0.01095467 0.00520396
v 0.00592571 0.01015025 0.00543481
v 0.00624329 0.01095467 0.00520396
v 0.00588185 0.01126700 0.00555086
v 0.00588185 0.01126700 0.00555086
v 0.00624329 0.01095467 0.00520396
v 0.00624353 0.01167565 0.00526309
v 0.00588185 0.01126700 0.00555086
v 0.00624353 0.01167565 0.00526309
v 0.00587249 0.01238232 0.00567567
v 0.00587249 0.01238232 0.00567567
v 0.00624353 0.01167565 0.00526309
v 0.00624239 0.01220315 0.00531769
v 0.00587249 0.01238232 0.00567567
v 0.00624239 0.01220315 0.00531769
v 0.00624090 0.01361745 0.00550079
v 0.00604534 0.00809622 0.00522947
v 0.00618243 0.00863951 0.00513917
v 0.00592571 0.01015025 0.00543481
v 0.00618243 0.00863951 0.00513917
v 0.00622451 0.00896478 0.00511491
v 0.00421119 0.00664860 0.00594723
v 0.00442833 0.00602865 0.00581437
v 0.00461358 0.00666428 0.00585467
v 0.00461358 0.00666428 0.00585467
v 0.00442833 0.00602865 0.00581437
v 0.00481564 0.00631046 0.00574690
v 0.00461358 0.00666428 0.00585467
v 0.00481564 0.00631046 0.00574690
v 0.00501478 0.00668705 0.00572020
v 0.00501478 0.00668705 0.00572020
v 0.00481564 0.00631046 0.00574690
v 0.00513315 0.00660229 0.00566155
v 0.00501478 0.00668705 0.00572020
v 0.00513315 0.00660229 0.00566155
v 0.00530726 0.00679290 0.00560200
v 0.00359690 0.00562501 0.00583893
v 0.00367844 0.00565434 0.00584322
v 0.00381380 0.00663972 0.00599986
v 0.00381380 0.00663972 0.00599986
v 0.00367844 0.00565434 0.00584322
v 0.00388706 0.00573903 0.00584805
v 0.00381380 0.00663972 0.00599986
v 0.00388706 0.00573903 0.00584805
v 0.00421119 0.00664860 0.00594723
v 0.00421119 0.00664860 0.00594723
v 0.00388706 0.00573903 0.00584805
v 0.00426400 0.00592899 0.00583178
v 0.00421119 0.00664860 0.00594723
v 0.00426400 0.00592899 0.00583178
v 0.00442833 0.00602865 0.00581437
v 0.00551665 0.01458626 0.00623053
v 0.00587249 0.01238232 0.00567567
v 0.00592488 0.01461279 0.00593096
v 0.00592488 0.01461279 0.00593096
v 0.00587249 0.01238232 0.00567567
v 0.00624090 0.01361745 0.00550079
v 0.00592488 0.01461279 0.00593096
v 0.00624090 0.01361745 0.00550079
v 0.00623959 0.01463818 0.00565034
v 0.00551772 0.01011019 0.00573272
v 0.00592571 0.01015025 0.00543481
v 0.00546372 0.01122945 0.00585663
v 0.00588185 0.01126700 0.00555086
v 0.00546372 0.01122945 0.00585663
v 0.00588185 0.01126700 0.00555086
v 0.00545227 0.01234805 0.00598341
v 0.00587249 0.01238232 0.00567567
v 0.00545227 0.01234805 0.00598341
v 0.00587249 0.01238232 0.00567567
v 0.00547337 0.01346689 0.00610930
v 0.00547337 0.01346689 0.00610930
v 0.00587249 0.01238232 0.00567567
v 0.00551665 0.01458626 0.00623053
v 0.00508529 0.01007646 0.00598449
v 0.00551772 0.01011019 0.00573272
v 0.00502050 0.01119774 0.00611502
v 0.00546372 0.01122945 0.00585663
v 0.00502050 0.01119774 0.00611502
v 0.00546372 0.01122945 0.00585663
v 0.00500679 0.01231914 0.00624335
v 0.00545227 0.01234805 0.00598341
v 0.00500679 0.01231914 0.00624335
v 0.00545227 0.01234805 0.00598341
v 0.00503212 0.01344108 0.00636709
v 0.00547337 0.01346689 0.00610930
v 0.00508398 0.01456391 0.00648367
v 0.00551665 0.01458626 0.00623053
v 0.00604534 0.00809622 0.00522947
v 0.00592571 0.01015025 0.00543481
v 0.00602311 0.00803155 0.00524378
v 0.00602311 0.00803155 0.00524378
v 0.00592571 0.01015025 0.00543481
v 0.00551772 0.01011019 0.00573272
v 0.00602311 0.00803155 0.00524378
v 0.00551772 0.01011019 0.00573272
v 0.00569534 0.00787175 0.00547189
v 0.00569534 0.00787175 0.00547189
v 0.00551772 0.01011019 0.00573272
v 0.00508529 0.01007646 0.00598449
v 0.00529808 0.00783545 0.00570238
v 0.00529808 0.00783545 0.00570238
v 0.00508529 0.01007646 0.00598449
v 0.00475198 0.00892699 0.00604343
v 0.00529808 0.00783545 0.00570238
v 0.00475198 0.00892699 0.00604343
v 0.00488555 0.00780612 0.00588846
v 0.00488555 0.00780612 0.00588846
v 0.00475198 0.00892699 0.00604343
v 0.00431150 0.00890541 0.00619161
v 0.00446510 0.00778395 0.00602967
v 0.00446510 0.00778395 0.00602967
v 0.00431150 0.00890541 0.00619161
v 0.00386989 0.00889057 0.00629354
v 0.00404340 0.00776857 0.00612688
v 0.00404340 0.00776857 0.00612688
v 0.00386989 0.00889057 0.00629354
v 0.00343370 0.00888211 0.00635159
v 0.00362700 0.00775987 0.00618213
v 0.00362700 0.00775987 0.00618213
v 0.00343370 0.00888211 0.00635159
v 0.00318527 0.00806069 0.00624573
v 0.00362700 0.00775987 0.00618213
v 0.00318527 0.00806069 0.00624573
v 0.00344866 0.00661242 0.00601131
v 0.00381380 0.00663972 0.00599986
v 0.00362700 0.00775987 0.00618213
v 0.00381380 0.00663972 0.00599986
v 0.00421119 0.00664860 0.00594723
v 0.00404340 0.00776857 0.00612688
v 0.00404340 0.00776857 0.00612688
v 0.00421119 0.00664860 0.00594723
v 0.00461358 0.00666428 0.00585467
v 0.00446510 0.00778395 0.00602967
v 0.00446510 0.00778395 0.00602967
v 0.00488555 0.00780612 0.00588846
v 0.00488555 0.00780612 0.00588846
v 0.00501478 0.00668705 0.00572020
v 0.00530726 0.00679290 0.00560200
v 0.00530726 0.00679290 0.00560200
v 0.00529808 0.00783545 0.00570238
v 0.00530726 0.00679290 0.00560200
v 0.00551331 0.00705582 0.00551861
v 0.00551331 0.00705582 0.00551861
v 0.00569534 0.00787175 0.00547189
v 0.00551331 0.00705582 0.00551861
v 0.00574416 0.00741762 0.00540692
v 0.00569534 0.00787175 0.00547189
v 0.00574416 0.00741762 0.00540692
v 0.00581956 0.00755799 0.00536591
v 0.00552136 0.02346110 0.00721317
v 0.00535893 0.02347517 0.00726867
v 0.00535184 0.02132034 0.00713491
v 0.00535184 0.02132034 0.00713491
v 0.00535893 0.02347517 0.00726867
v 0.00500101 0.02131789 0.00725418
v 0.00535184 0.02132034 0.00713491
v 0.00500101 0.02131789 0.00725418
v 0.00508189 0.01905852 0.00703376
v 0.00417846 0.01002848 0.00634193
v 0.00463623 0.01004916 0.00618768
v 0.00409132 0.01115274 0.00648183
v 0.00456035 0.01117211 0.00632352
v 0.00409132 0.01115274 0.00648183
v 0.00456035 0.01117211 0.00632352
v 0.00407278 0.01227802 0.00661254
v 0.00454426 0.01229584 0.00645322
v 0.00407278 0.01227802 0.00661254
v 0.00454426 0.01229584 0.00645322
v 0.00410688 0.01340448 0.00673330
v 0.00457394 0.01342034 0.00657529
v 0.00417668 0.01453214 0.00684309
v 0.00463468 0.01454585 0.00668806
v 0.00427633 0.01566094 0.00694168
v 0.00472140 0.01567250 0.00679088
v 0.00439954 0.01679062 0.00702864
v 0.00487441 0.02347457 0.00737965
v 0.00464916 0.02131623 0.00733620
v 0.00500101 0.02131789 0.00725418
v 0.00500101 0.02131789 0.00725418
v 0.00464916 0.02131623 0.00733620
v 0.00469077 0.01905286 0.00716662
v 0.00469077 0.01905286 0.00716662
v 0.00508189 0.01905852 0.00703376
v 0.00469077 0.01905286 0.00716662
v 0.00482857 0.01680022 0.00688314
v 0.00326610 0.01000607 0.00650835
v 0.00371945 0.01001411 0.00644803
v 0.00315630 0.01113176 0.00665265
v 0.00362086 0.01113939 0.00659072
v 0.00313300 0.01225888 0.00678456
v 0.00360000 0.01226592 0.00672215
v 0.00313300 0.01225888 0.00678456
v 0.00360000 0.01226592 0.00672215
v 0.00317591 0.01338756 0.00690383
v 0.00363851 0.01339370 0.00684202
v 0.00317591 0.01338756 0.00690383
v 0.00363851 0.01339370 0.00684202
v 0.00326383 0.01451736 0.00701046
v 0.00371748 0.01452279 0.00694978
v 0.00338930 0.01564836 0.00710452
v 0.00383008 0.01565295 0.00704551
v 0.00338930 0.01564836 0.00710452
v 0.00383008 0.01565295 0.00704551
v 0.00354439 0.01678031 0.00718576
v 0.00396937 0.01678413 0.00712889
v 0.00354439 0.01678031 0.00718576
v 0.00396937 0.01678413 0.00712889
v 0.00391114 0.01904672 0.00730997
v 0.00429851 0.01904892 0.00725800
v 0.00391114 0.01904672 0.00730997
v 0.00429851 0.01904892 0.00725800
v 0.00430167 0.02131539 0.00738281
v 0.00371945 0.01001411 0.00644803
v 0.00417846 0.01002848 0.00634193
v 0.00362086 0.01113939 0.00659072
v 0.00409132 0.01115274 0.00648183
v 0.00362086 0.01113939 0.00659072
v 0.00409132 0.01115274 0.00648183
v 0.00360000 0.01226592 0.00672215
v 0.00407278 0.01227802 0.00661254
v 0.00363851 0.01339370 0.00684202
v 0.00410688 0.01340448 0.00673330
v 0.00371748 0.01452279 0.00694978
v 0.00417668 0.01453214 0.00684309
v 0.00371748 0.01452279 0.00694978
v 0.00417668 0.01453214 0.00684309
v 0.00383008 0.01565295 0.00704551
v 0.00427633 0.01566094 0.00694168
v 0.00396937 0.01678413 0.00712889
v 0.00439954 0.01679062 0.00702864
v 0.00396937 0.01678413 0.00712889
v 0.00439954 0.01679062 0.00702864
v 0.00429851 0.01904892 0.00725800
v 0.00622630 0.01908642 0.00634509
v 0.00622284 0.02013534 0.00649345
v 0.00618392 0.01908630 0.00638521
v 0.00618392 0.01908630 0.00638521
v 0.00622284 0.02013534 0.00649345
v 0.00621998 0.02105975 0.00661331
v 0.00618392 0.01908630 0.00638521
v 0.00621998 0.02105975 0.00661331
v 0.00583524 0.01907533 0.00664192
v 0.00583524 0.01907533 0.00664192
v 0.00621998 0.02105975 0.00661331
v 0.00602746 0.02132737 0.00678319
v 0.00583524 0.01907533 0.00664192
v 0.00602746 0.02132737 0.00678319
v 0.00546569 0.01906603 0.00685871
v 0.00546569 0.01906603 0.00685871
v 0.00602746 0.02132737 0.00678319
v 0.00569594 0.02132350 0.00697774
v 0.00623626 0.01632153 0.00591469
v 0.00622630 0.01908642 0.00634509
v 0.00603712 0.01684683 0.00617278
v 0.00603712 0.01684683 0.00617278
v 0.00622630 0.01908642 0.00634509
v 0.00618392 0.01908630 0.00638521
v 0.00603712 0.01684683 0.00617278
v 0.00618392 0.01908630 0.00638521
v 0.00565475 0.01682829 0.00645393
v 0.00583524 0.01907533 0.00664192
v 0.00565475 0.01682829 0.00645393
v 0.00583524 0.01907533 0.00664192
v 0.00524938 0.01681280 0.00669140
v 0.00524938 0.01681280 0.00669140
v 0.00583524 0.01907533 0.00664192
v 0.00546569 0.01906603 0.00685871
v 0.00623626 0.01632153 0.00591469
v 0.00592488 0.01461279 0.00593096
v 0.00592488 0.01461279 0.00593096
v 0.00603712 0.01684683 0.00617278
v 0.00551665 0.01458626 0.00623053
v 0.00565475 0.01682829 0.00645393
v 0.00551665 0.01458626 0.00623053
v 0.00565475 0.01682829 0.00645393
v 0.00508398 0.01456391 0.00648367
v 0.00508398 0.01456391 0.00648367
v 0.00565475 0.01682829 0.00645393
v 0.00524938 0.01681280 0.00669140
v 0.00508398 0.01456391 0.00648367
v 0.00524938 0.01681280 0.00669140
v 0.00482857 0.01680022 0.00688314
v 0.00546569 0.01906603 0.00685871
v 0.00508189 0.01905852 0.00703376
v 0.00508189 0.01905852 0.00703376
v 0.00546569 0.01906603 0.00685871
v 0.00569594 0.02132350 0.00697774
v 0.00535184 0.02132034 0.00713491
v 0.00535184 0.02132034 0.00713491
v 0.00569594 0.02132350 0.00697774
v 0.00570560 0.02340686 0.00713587
v 0.00535184 0.02132034 0.00713491
v 0.00570560 0.02340686 0.00713587
v 0.00552136 0.02346110 0.00721317
v 0.00290382 0.00963849 0.00647658
v 0.00343370 0.00888211 0.00635159
v 0.00326610 0.01000607 0.00650835
v 0.00326610 0.01000607 0.00650835
v 0.00343370 0.00888211 0.00635159
v 0.00386989 0.00889057 0.00629354
v 0.00371945 0.01001411 0.00644803
v 0.00386989 0.00889057 0.00629354
v 0.00431150 0.00890541 0.00619161
v 0.00463623 0.01004916 0.00618768
v 0.00475198 0.00892699 0.00604343
v 0.00508529 0.01007646 0.00598449
v 0.00463623 0.01004916 0.00618768
v 0.00508529 0.01007646 0.00598449
v 0.00456035 0.01117211 0.00632352
v 0.00456035 0.01117211 0.00632352
v 0.00508529 0.01007646 0.00598449
v 0.00502050 0.01119774 0.00611502
v 0.00456035 0.01117211 0.00632352
v 0.00502050 0.01119774 0.00611502
v 0.00454426 0.01229584 0.00645322
v 0.00500679 0.01231914 0.00624335
v 0.00454426 0.01229584 0.00645322
v 0.00500679 0.01231914 0.00624335
v 0.00457394 0.01342034 0.00657529
v 0.00503212 0.01344108 0.00636709
v 0.00463468 0.01454585 0.00668806
v 0.00508398 0.01456391 0.00648367
v 0.00472140 0.01567250 0.00679088
v 0.00482857 0.01680022 0.00688314
v 0.00482857 0.01680022 0.00688314
v 0.00439954 0.01679062 0.00702864
v 0.00469077 0.01905286 0.00716662
v 0.00429851 0.01904892 0.00725800
v 0.00464916 0.02131623 0.00733620
v 0.00430167 0.02131539 0.00738281
v 0.00464916 0.02131623 0.00733620
v 0.00487441 0.02347457 0.00737965
v 0.00487441 0.02347457 0.00737965
v -0.00354743 0.01678049 0.00718427
v -0.00391388 0.01904678 0.00730860
v -0.00430125 0.01904898 0.00725633
v -0.00410903 0.01340466 0.00673199
v -0.00407517 0.01227819 0.00661123
v -0.00360334 0.01226609 0.00672018
v -0.00588298 0.01126706 0.00555086
v -0.00592571 0.01015037 0.00543404
v -0.00551802 0.01011037 0.00573134
v -0.00270098 0.01180619 0.00675183
v -0.00270212 0.01225692 0.00680298
v -0.00313646 0.01225906 0.00678289
v -0.00271267 0.01265949 0.00684696
v -0.00277126 0.01370090 0.00695312
v -0.00317913 0.01338768 0.00690216
v -0.00621963 0.02118831 0.00662911
v -0.00618392 0.01908630 0.00638461
v -0.00583535 0.01907539 0.00664061
v -0.00623733 0.00926244 0.00511533
v -0.00623500 0.00914138 0.00511265
v -0.00592571 0.01015037 0.00543404
v -0.00620699 0.00880682 0.00512451
v -0.00623733 0.00926244 0.00511533
v -0.00592571 0.01015037 0.00543404
v -0.00624257 0.01070100 0.00518698
v -0.00624257 0.01070100 0.00518698
v -0.00592571 0.01015037 0.00543404
v -0.00588298 0.01126706 0.00555086
v -0.00624257 0.01070100 0.00518698
v -0.00588298 0.01126706 0.00555086
v -0.00624305 0.01199388 0.00529468
v -0.00624138 0.01333999 0.00546205
v -0.00624216 0.01262408 0.00536740
v -0.00587249 0.01238244 0.00567484
v -0.00619751 0.02283895 0.00681955
v -0.00621367 0.02268898 0.00679403
v -0.00602758 0.02132743 0.00678199
v -0.00569654 0.02132350 0.00697690
v -0.00604510 0.02315706 0.00694376
v -0.00602758 0.02132743 0.00678199
v -0.00602758 0.02132743 0.00678199
v -0.00604510 0.02315706 0.00694376
v -0.00613481 0.02301800 0.00687683
v -0.00602758 0.02132743 0.00678199
v -0.00613481 0.02301800 0.00687683
v -0.00619751 0.02283895 0.00681955
v -0.00535882 0.02347517 0.00726855
v -0.00538266 0.02347493 0.00726128
v -0.00535280 0.02132034 0.00713450
v -0.00538266 0.02347493 0.00726128
v -0.00556129 0.02345246 0.00719720
v -0.00535280 0.02132034 0.00713450
v -0.00535280 0.02132034 0.00713450
v -0.00556129 0.02345246 0.00719720
v -0.00573391 0.02339422 0.00712180
v -0.00535280 0.02132034 0.00713450
v -0.00573391 0.02339422 0.00712180
v -0.00569654 0.02132350 0.00697690
v -0.00569654 0.02132350 0.00697690
v -0.00573391 0.02339422 0.00712180
v -0.00591546 0.02328437 0.00702608
v -0.00569654 0.02132350 0.00697690
v -0.00591546 0.02328437 0.00702608
v -0.00604510 0.02315706 0.00694376
v -0.00465143 0.02131628 0.00733471
v -0.00487453 0.02347439 0.00737965
v -0.00535882 0.02347517 0.00726855
v -0.00437886 0.02347749 0.00741661
v -0.00487453 0.02347439 0.00737965
v -0.00401735 0.02150911 0.00740045
v -0.00401735 0.02150911 0.00740045
v -0.00487453 0.02347439 0.00737965
v -0.00465143 0.02131628 0.00733471
v -0.00401735 0.02150911 0.00740045
v -0.00465143 0.02131628 0.00733471
v -0.00380671 0.02038770 0.00737375
v -0.00354743 0.01678049 0.00718427
v -0.00327122 0.01749032 0.00724679
v -0.00391388 0.01904678 0.00730860
v -0.00391388 0.01904678 0.00730860
v -0.00327122 0.01749032 0.00724679
v -0.00359970 0.01928985 0.00733560
v -0.00391388 0.01904678 0.00730860
v -0.00359970 0.01928985 0.00733560
v -0.00430125 0.01904898 0.00725633
v -0.00287771 0.01481258 0.00705427
v -0.00304270 0.01606959 0.00715363
v -0.00354743 0.01678049 0.00718427
v -0.00354743 0.01678049 0.00718427
v -0.00304270 0.01606959 0.00715363
v -0.00315225 0.01677924 0.00720274
v -0.00354743 0.01678049 0.00718427
v -0.00315225 0.01677924 0.00720274
v -0.00327122 0.01749032 0.00724679
v -0.00270098 0.01180619 0.00675183
v -0.00313646 0.01225906 0.00678289
v -0.00273222 0.01106381 0.00666291
v -0.00394452 0.00576568 0.00584727
v -0.00421405 0.00664890 0.00594556
v -0.00431663 0.00596172 0.00582695
v -0.00431663 0.00596172 0.00582695
v -0.00421405 0.00664890 0.00594556
v -0.00461554 0.00666439 0.00585359
v -0.00431663 0.00596172 0.00582695
v -0.00461554 0.00666439 0.00585359
v -0.00464767 0.00618154 0.00578111
v -0.00523067 0.00670755 0.00562942
v -0.00512117 0.00659174 0.00566548
v -0.00501597 0.00668705 0.00571972
v -0.00501597 0.00668705 0.00571972
v -0.00512117 0.00659174 0.00566548
v -0.00493348 0.00641322 0.00571871
v -0.00501597 0.00668705 0.00571972
v -0.00493348 0.00641322 0.00571871
v -0.00461554 0.00666439 0.00585359
v -0.00461554 0.00666439 0.00585359
v -0.00493348 0.00641322 0.00571871
v -0.00466436 0.00619400 0.00577807
v -0.00461554 0.00666439 0.00585359
v -0.00466436 0.00619400 0.00577807
v -0.00464767 0.00618154 0.00578111
v -0.00569558 0.00787175 0.00547063
v -0.00569457 0.00733262 0.00543266
v -0.00549447 0.00703061 0.00552690
v -0.00604570 0.00810182 0.00522947
v -0.00588524 0.00769472 0.00532854
v -0.00569558 0.00787175 0.00547063
v -0.00569558 0.00787175 0.00547063
v -0.00588524 0.00769472 0.00532854
v -0.00581443 0.00754928 0.00536889
v -0.00569558 0.00787175 0.00547063
v -0.00581443 0.00754928 0.00536889
v -0.00569457 0.00733262 0.00543266
v -0.00549447 0.00703061 0.00552690
v -0.00529879 0.00783551 0.00570136
v -0.00569558 0.00787175 0.00547063
v -0.00551802 0.01011037 0.00573134
v -0.00569558 0.00787175 0.00547063
v -0.00551802 0.01011037 0.00573134
v -0.00604570 0.00810182 0.00522947
v -0.00592571 0.01015037 0.00543404
v -0.00604570 0.00810182 0.00522947
v -0.00592571 0.01015037 0.00543404
v -0.00614142 0.00844359 0.00516659
v -0.00614142 0.00844359 0.00516659
v -0.00592571 0.01015037 0.00543404
v -0.00620699 0.00880682 0.00512451
v -0.00624216 0.01262408 0.00536740
v -0.00624305 0.01199388 0.00529468
v -0.00587249 0.01238244 0.00567484
v -0.00587249 0.01238244 0.00567484
v -0.00624305 0.01199388 0.00529468
v -0.00588298 0.01126706 0.00555086
v -0.00587249 0.01238244 0.00567484
v -0.00588298 0.01126706 0.00555086
v -0.00546539 0.01122963 0.00585574
v -0.00546539 0.01122963 0.00585574
v -0.00546539 0.01122963 0.00585574
v -0.00551802 0.01011037 0.00573134
v -0.00508606 0.01007664 0.00598329
v -0.00508606 0.01007664 0.00598329
v -0.00508606 0.01007664 0.00598329
v -0.00529879 0.00783551 0.00570136
v -0.00488681 0.00780612 0.00588799
v -0.00488681 0.00780612 0.00588799
v -0.00529879 0.00783551 0.00570136
v -0.00549447 0.00703061 0.00552690
v -0.00488681 0.00780612 0.00588799
v -0.00549447 0.00703061 0.00552690
v -0.00523067 0.00670755 0.00562942
v -0.00407517 0.01227819 0.00661123
v -0.00410903 0.01340466 0.00673199
v -0.00454575 0.01229590 0.00645274
v -0.00592488 0.01461291 0.00593018
v -0.00545245 0.01234829 0.00598192
v -0.00551683 0.01458638 0.00622916
v -0.00551683 0.01458638 0.00622916
v -0.00545245 0.01234829 0.00598192
v -0.00500768 0.01231926 0.00624216
v -0.00551683 0.01458638 0.00622916
v -0.00500768 0.01231926 0.00624216
v -0.00508475 0.01456403 0.00648248
v -0.00508475 0.01456403 0.00648248
v -0.00500768 0.01231926 0.00624216
v -0.00454575 0.01229590 0.00645274
v -0.00463605 0.01454591 0.00668746
v -0.00463605 0.01454591 0.00668746
v -0.00545245 0.01234829 0.00598192
v -0.00502306 0.01119792 0.00611412
v -0.00500768 0.01231926 0.00624216
v -0.00500768 0.01231926 0.00624216
v -0.00502306 0.01119792 0.00611412
v -0.00456381 0.01117223 0.00632322
v -0.00454575 0.01229590 0.00645274
v -0.00454575 0.01229590 0.00645274
v -0.00456381 0.01117223 0.00632322
v -0.00409585 0.01115292 0.00648063
v -0.00407517 0.01227819 0.00661123
v -0.00409585 0.01115292 0.00648063
v -0.00362670 0.01113963 0.00658876
v -0.00360334 0.01226609 0.00672018
v -0.00362670 0.01113963 0.00658876
v -0.00316250 0.01113200 0.00665110
v -0.00502306 0.01119792 0.00611412
v -0.00463754 0.01004922 0.00618708
v -0.00456381 0.01117223 0.00632322
v -0.00456381 0.01117223 0.00632322
v -0.00463754 0.01004922 0.00618708
v -0.00418073 0.01002866 0.00634068
v -0.00409585 0.01115292 0.00648063
v -0.00409585 0.01115292 0.00648063
v -0.00418073 0.01002866 0.00634068
v -0.00372261 0.01001447 0.00644600
v -0.00362670 0.01113963 0.00658876
v -0.00372261 0.01001447 0.00644600
v -0.00326937 0.01000624 0.00650680
v -0.00404638 0.00776887 0.00612497
v -0.00372261 0.01001447 0.00644600
v -0.00446719 0.00778401 0.00602847
v -0.00418073 0.01002866 0.00634068
v -0.00446719 0.00778401 0.00602847
v -0.00488681 0.00780612 0.00588799
v -0.00463754 0.01004922 0.00618708
v -0.00508606 0.01007664 0.00598329
v -0.00502306 0.01119792 0.00611412
v -0.00546539 0.01122963 0.00585574
v -0.00545245 0.01234829 0.00598192
v -0.00587249 0.01238244 0.00567484
v -0.00587249 0.01238244 0.00567484
v -0.00592488 0.01461291 0.00593018
v -0.00624138 0.01333999 0.00546205
v -0.00624138 0.01333999 0.00546205
v -0.00592488 0.01461291 0.00593018
v -0.00623804 0.01553583 0.00578952
v -0.00523067 0.00670755 0.00562942
v -0.00501597 0.00668705 0.00571972
v -0.00488681 0.00780612 0.00588799
v -0.00488681 0.00780612 0.00588799
v -0.00446719 0.00778401 0.00602847
v -0.00446719 0.00778401 0.00602847
v -0.00461554 0.00666439 0.00585359
v -0.00421405 0.00664890 0.00594556
v -0.00404638 0.00776887 0.00612497
v -0.00404638 0.00776887 0.00612497
v -0.00421405 0.00664890 0.00594556
v -0.00362998 0.00776017 0.00618064
v -0.00404638 0.00776887 0.00612497
v -0.00362998 0.00776017 0.00618064
v -0.00372261 0.01001447 0.00644600
v -0.00372261 0.01001447 0.00644600
v -0.00362998 0.00776017 0.00618064
v -0.00343674 0.00888234 0.00635004
v -0.00343674 0.00888234 0.00635004
v -0.00326937 0.01000624 0.00650680
v -0.00535882 0.02347517 0.00726855
v -0.00500256 0.02131789 0.00725317
v -0.00465143 0.02131628 0.00733471
v -0.00465143 0.02131628 0.00733471
v -0.00500256 0.02131789 0.00725317
v -0.00430125 0.01904898 0.00725633
v -0.00465143 0.02131628 0.00733471
v -0.00430125 0.01904898 0.00725633
v -0.00380671 0.02038770 0.00737375
v -0.00380671 0.02038770 0.00737375
v -0.00430125 0.01904898 0.00725633
v -0.00359970 0.01928985 0.00733560
v -0.00535882 0.02347517 0.00726855
v -0.00535280 0.02132034 0.00713450
v -0.00500256 0.02131789 0.00725317
v -0.00500256 0.02131789 0.00725317
v -0.00535280 0.02132034 0.00713450
v -0.00469273 0.01905292 0.00716555
v -0.00469273 0.01905292 0.00716555
v -0.00430125 0.01904898 0.00725633
v -0.00469273 0.01905292 0.00716555
v -0.00397223 0.01678425 0.00712693
v -0.00397223 0.01678425 0.00712693
v -0.00354743 0.01678049 0.00718427
v -0.00397223 0.01678425 0.00712693
v -0.00326711 0.01451748 0.00700891
v -0.00326711 0.01451748 0.00700891
v -0.00287771 0.01481258 0.00705427
v -0.00271267 0.01265949 0.00684696
v -0.00317913 0.01338768 0.00690216
v -0.00313646 0.01225906 0.00678289
v -0.00317913 0.01338768 0.00690216
v -0.00364160 0.01339387 0.00683999
v -0.00364160 0.01339387 0.00683999
v -0.00317913 0.01338768 0.00690216
v -0.00372064 0.01452291 0.00694788
v -0.00364160 0.01339387 0.00683999
v -0.00372064 0.01452291 0.00694788
v -0.00417894 0.01453226 0.00684184
v -0.00417894 0.01453226 0.00684184
v -0.00372064 0.01452291 0.00694788
v -0.00440162 0.01679068 0.00702757
v -0.00417894 0.01453226 0.00684184
v -0.00440162 0.01679068 0.00702757
v -0.00482982 0.01680028 0.00688261
v -0.00482982 0.01680028 0.00688261
v -0.00440162 0.01679068 0.00702757
v -0.00508308 0.01905858 0.00703335
v -0.00482982 0.01680028 0.00688261
v -0.00508308 0.01905858 0.00703335
v -0.00525022 0.01681286 0.00669032
v -0.00546634 0.01906609 0.00685769
v -0.00525022 0.01681286 0.00669032
v -0.00546634 0.01906609 0.00685769
v -0.00565493 0.01682841 0.00645256
v -0.00565493 0.01682841 0.00645256
v -0.00546634 0.01906609 0.00685769
v -0.00583535 0.01907539 0.00664061
v -0.00565493 0.01682841 0.00645256
v -0.00583535 0.01907539 0.00664061
v -0.00603712 0.01684689 0.00617200
v -0.00618392 0.01908630 0.00638461
v -0.00603712 0.01684689 0.00617200
v -0.00618392 0.01908630 0.00638461
v -0.00622582 0.01919239 0.00636077
v -0.00622582 0.01919239 0.00636077
v -0.00618392 0.01908630 0.00638461
v -0.00621963 0.02118831 0.00662911
v -0.00277126 0.01370090 0.00695312
v -0.00287771 0.01481258 0.00705427
v -0.00317913 0.01338768 0.00690216
v -0.00287771 0.01481258 0.00705427
v -0.00326711 0.01451748 0.00700891
v -0.00326711 0.01451748 0.00700891
v -0.00372064 0.01452291 0.00694788
v -0.00397223 0.01678425 0.00712693
v -0.00440162 0.01679068 0.00702757
v -0.00469273 0.01905292 0.00716555
v -0.00508308 0.01905858 0.00703335
v -0.00508308 0.01905858 0.00703335
v -0.00535280 0.02132034 0.00713450
v -0.00546634 0.01906609 0.00685769
v -0.00546634 0.01906609 0.00685769
v -0.00535280 0.02132034 0.00713450
v -0.00569654 0.02132350 0.00697690
v -0.00546634 0.01906609 0.00685769
v -0.00569654 0.02132350 0.00697690
v -0.00583535 0.01907539 0.00664061
v -0.00602758 0.02132743 0.00678199
v -0.00583535 0.01907539 0.00664061
v -0.00602758 0.02132743 0.00678199
v -0.00621963 0.02118831 0.00662911
v -0.00621963 0.02118831 0.00662911
v -0.00602758 0.02132743 0.00678199
v -0.00621367 0.02268898 0.00679403
v -0.00622582 0.01919239 0.00636077
v -0.00623804 0.01553583 0.00578952
v -0.00603712 0.01684689 0.00617200
v -0.00592488 0.01461291 0.00593018
v -0.00603712 0.01684689 0.00617200
v -0.00592488 0.01461291 0.00593018
v -0.00565493 0.01682841 0.00645256
v -0.00551683 0.01458638 0.00622916
v -0.00565493 0.01682841 0.00645256
v -0.00551683 0.01458638 0.00622916
v -0.00525022 0.01681286 0.00669032
v -0.00508475 0.01456403 0.00648248
v -0.00316250 0.01113200 0.00665110
v -0.00273222 0.01106381 0.00666291
v -0.00316250 0.01113200 0.00665110
v -0.00326937 0.01000624 0.00650680
v -0.00281304 0.01026350 0.00656086
v -0.00281304 0.01026350 0.00656086
v -0.00326937 0.01000624 0.00650680
v -0.00343674 0.00888234 0.00635004
v -0.00281304 0.01026350 0.00656086
v -0.00343674 0.00888234 0.00635004
v -0.00297093 0.00922018 0.00641787
v -0.00297093 0.00922018 0.00641787
v -0.00343674 0.00888234 0.00635004
v -0.00362998 0.00776017 0.00618064
v -0.00329673 0.00747126 0.00615299
v -0.00329673 0.00747126 0.00615299
v -0.00362998 0.00776017 0.00618064
v -0.00421405 0.00664890 0.00594556
v -0.00329673 0.00747126 0.00615299
v -0.00421405 0.00664890 0.00594556
v -0.00349086 0.00637120 0.00597012
v -0.00349086 0.00637120 0.00597012
v -0.00421405 0.00664890 0.00594556
v -0.00394452 0.00576568 0.00584727
v -0.00349086 0.00637120 0.00597012
v -0.00394452 0.00576568 0.00584727
v -0.00359690 0.00562501 0.00583887
v -0.00169998 0.02267497 0.00741476
v -0.00163072 0.02267503 0.00740236
v -0.00165099 0.02284508 0.00740451
v -0.00249994 0.02367693 0.00722629
v -0.00249994 0.02364706 0.00732201
v -0.00230831 0.02364027 0.00729942
v -0.00249994 0.02367693 0.00722629
v -0.00230831 0.02364027 0.00729942
v -0.00229293 0.02365523 0.00722659
v -0.00229293 0.02365523 0.00722659
v -0.00230831 0.02364027 0.00729942
v -0.00212389 0.02358448 0.00729913
v -0.00229293 0.02365523 0.00722659
v -0.00212389 0.02358448 0.00729913
v -0.00207114 0.02358019 0.00722677
v -0.00207114 0.02358019 0.00722677
v -0.00212389 0.02358448 0.00729913
v -0.00195384 0.02349364 0.00729853
v -0.00207114 0.02358019 0.00722677
v -0.00195384 0.02349364 0.00729853
v -0.00189340 0.02347171 0.00722599
v -0.00189340 0.02347171 0.00722599
v -0.00195384 0.02349364 0.00729853
v -0.00179285 0.02338367 0.00722510
v -0.00179285 0.02338367 0.00722510
v -0.00195384 0.02349364 0.00729853
v -0.00180489 0.02337187 0.00729775
v -0.00179285 0.02338367 0.00722510
v -0.00180489 0.02337187 0.00729775
v -0.00173134 0.02331638 0.00722432
v -0.00156170 0.02302259 0.00722009
v -0.00160831 0.02312916 0.00722164
v -0.00159114 0.02305340 0.00729501
v -0.00159114 0.02305340 0.00729501
v -0.00160831 0.02312916 0.00722164
v -0.00173134 0.02331638 0.00722432
v -0.00159114 0.02305340 0.00729501
v -0.00173134 0.02331638 0.00722432
v -0.00168246 0.02322310 0.00729656
v -0.00168246 0.02322310 0.00729656
v -0.00173134 0.02331638 0.00722432
v -0.00180489 0.02337187 0.00729775
v -0.00156170 0.02302259 0.00722009
v -0.00159114 0.02305340 0.00729501
v -0.00153470 0.02293783 0.00721866
v -0.00153470 0.02293783 0.00721866
v -0.00159114 0.02305340 0.00729501
v -0.00153470 0.02286893 0.00729311
v -0.00153470 0.02293783 0.00721866
v -0.00153470 0.02286893 0.00729311
v -0.00150144 0.02273082 0.00721556
v -0.00150144 0.02273082 0.00721556
v -0.00153470 0.02286893 0.00729311
v -0.00151229 0.02267587 0.00728393
v -0.00150144 0.02273082 0.00721556
v -0.00151229 0.02267587 0.00728393
v -0.00149989 0.02267628 0.00721473
v -0.00169998 0.02267497 0.00741476
v -0.00165099 0.02284508 0.00740451
v -0.00172466 0.02286422 0.00741577
v -0.00172466 0.02286422 0.00741577
v -0.00165099 0.02284508 0.00740451
v -0.00170058 0.02300775 0.00740528
v -0.00172466 0.02286422 0.00741577
v -0.00170058 0.02300775 0.00740528
v -0.00179785 0.02304595 0.00741643
v -0.00170058 0.02300775 0.00740528
v -0.00178075 0.02315717 0.00740570
v -0.00179785 0.02304595 0.00741643
v -0.00179785 0.02304595 0.00741643
v -0.00178075 0.02315717 0.00740570
v -0.00188839 0.02328830 0.00740600
v -0.00179785 0.02304595 0.00741643
v -0.00188839 0.02328830 0.00740600
v -0.00191313 0.02320677 0.00741673
v -0.00191313 0.02320677 0.00741673
v -0.00188839 0.02328830 0.00740600
v -0.00201940 0.02339571 0.00740600
v -0.00191313 0.02320677 0.00741673
v -0.00201940 0.02339571 0.00740600
v -0.00205862 0.02333468 0.00741684
v -0.00205862 0.02333468 0.00741684
v -0.00201940 0.02339571 0.00740600
v -0.00216901 0.02347588 0.00740600
v -0.00224090 0.02342993 0.00741673
v -0.00224090 0.02342993 0.00741673
v -0.00216901 0.02347588 0.00740600
v -0.00233132 0.02352505 0.00740600
v -0.00224090 0.02342993 0.00741673
v -0.00233132 0.02352505 0.00740600
v -0.00242931 0.02347379 0.00741673
v -0.00242931 0.02347379 0.00741673
v -0.00233132 0.02352505 0.00740600
v -0.00249994 0.02357453 0.00739139
v -0.00242931 0.02347379 0.00741673
v -0.00249994 0.02357453 0.00739139
v -0.00249994 0.02347749 0.00741661
v -0.00155854 0.02267539 0.00735611
v -0.00151229 0.02267587 0.00728393
v -0.00158131 0.02285927 0.00736165
v -0.00158131 0.02285927 0.00736165
v -0.00151229 0.02267587 0.00728393
v -0.00153470 0.02286893 0.00729311
v -0.00158131 0.02285927 0.00736165
v -0.00153470 0.02286893 0.00729311
v -0.00163525 0.02303493 0.00736278
v -0.00163525 0.02303493 0.00736278
v -0.00153470 0.02286893 0.00729311
v -0.00159114 0.02305340 0.00729501
v -0.00163525 0.02303493 0.00736278
v -0.00159114 0.02305340 0.00729501
v -0.00172228 0.02319633 0.00736368
v -0.00172228 0.02319633 0.00736368
v -0.00159114 0.02305340 0.00729501
v -0.00168246 0.02322310 0.00729656
v -0.00172228 0.02319633 0.00736368
v -0.00168246 0.02322310 0.00729656
v -0.00183880 0.02333796 0.00736427
v -0.00183880 0.02333796 0.00736427
v -0.00168246 0.02322310 0.00729656
v -0.00180489 0.02337187 0.00729775
v -0.00183880 0.02333796 0.00736427
v -0.00180489 0.02337187 0.00729775
v -0.00198042 0.02345389 0.00736469
v -0.00195384 0.02349364 0.00729853
v -0.00198042 0.02345389 0.00736469
v -0.00195384 0.02349364 0.00729853
v -0.00214225 0.02354019 0.00736487
v -0.00214225 0.02354019 0.00736487
v -0.00195384 0.02349364 0.00729853
v -0.00212389 0.02358448 0.00729913
v -0.00214225 0.02354019 0.00736487
v -0.00212389 0.02358448 0.00729913
v -0.00231767 0.02359336 0.00736499
v -0.00231767 0.02359336 0.00736499
v -0.00212389 0.02358448 0.00729913
v -0.00230831 0.02364027 0.00729942
v -0.00231767 0.02359336 0.00736499
v -0.00230831 0.02364027 0.00729942
v -0.00249994 0.02361124 0.00736499
v -0.00249994 0.02361124 0.00736499
v -0.00230831 0.02364027 0.00729942
v -0.00249994 0.02364706 0.00732201
v -0.00163072 0.02267503 0.00740236
v -0.00155854 0.02267539 0.00735611
v -0.00165099 0.02284508 0.00740451
v -0.00165099 0.02284508 0.00740451
v -0.00155854 0.02267539 0.00735611
v -0.00158131 0.02285927 0.00736165
v -0.00165099 0.02284508 0.00740451
v -0.00158131 0.02285927 0.00736165
v -0.00170058 0.02300775 0.00740528
v -0.00163525 0.02303493 0.00736278
v -0.00170058 0.02300775 0.00740528
v -0.00163525 0.02303493 0.00736278
v -0.00178075 0.02315717 0.00740570
v -0.00178075 0.02315717 0.00740570
v -0.00163525 0.02303493 0.00736278
v -0.00172228 0.02319633 0.00736368
v -0.00178075 0.02315717 0.00740570
v -0.00172228 0.02319633 0.00736368
v -0.00188839 0.02328830 0.00740600
v -0.00188839 0.02328830 0.00740600
v -0.00172228 0.02319633 0.00736368
v -0.00183880 0.02333796 0.00736427
v -0.00188839 0.02328830 0.00740600
v -0.00183880 0.02333796 0.00736427
v -0.00201940 0.02339571 0.00740600
v -0.00201940 0.02339571 0.00740600
v -0.00183880 0.02333796 0.00736427
v -0.00198042 0.02345389 0.00736469
v -0.00201940 0.02339571 0.00740600
v -0.00198042 0.02345389 0.00736469
v -0.00216901 0.02347588 0.00740600
v -0.00214225 0.02354019 0.00736487
v -0.00216901 0.02347588 0.00740600
v -0.00214225 0.02354019 0.00736487
v -0.00233132 0.02352505 0.00740600
v -0.00231767 0.02359336 0.00736499
v -0.00233132 0.02352505 0.00740600
v -0.00231767 0.02359336 0.00736499
v -0.00249994 0.02357453 0.00739139
v -0.00249994 0.02357453 0.00739139
v -0.00231767 0.02359336 0.00736499
v -0.00249994 0.02361124 0.00736499
v -0.00277126 0.01370090 0.00695312
v -0.00271267 0.01265949 0.00684696
v -0.00088595 0.01621633 0.00716418
v -0.00249994 0.02347749 0.00741661
v -0.00437886 0.02347749 0.00741661
v -0.00401735 0.02150911 0.00740045
v -0.00179785 0.02304595 0.00741643
v -0.00191313 0.02320677 0.00741673
v -0.00401735 0.02150911 0.00740045
v -0.00191313 0.02320677 0.00741673
v -0.00205862 0.02333468 0.00741684
v -0.00224090 0.02342993 0.00741673
v -0.00242931 0.02347379 0.00741673
v -0.00169998 0.02016991 0.00736713
v -0.00169998 0.02267497 0.00741476
v -0.00401735 0.02150911 0.00740045
v -0.00169998 0.02267497 0.00741476
v -0.00172466 0.02286422 0.00741577
v -0.00179785 0.02304595 0.00741643
v -0.00304270 0.01606959 0.00715363
v -0.00111818 0.01638627 0.00717610
v -0.00120121 0.01646357 0.00718153
v -0.00132096 0.01659661 0.00719059
v -0.00148410 0.01683789 0.00720644
v -0.00315225 0.01677924 0.00720274
v -0.00148410 0.01683789 0.00720644
v -0.00160307 0.01710152 0.00722325
v -0.00315225 0.01677924 0.00720274
v -0.00164354 0.01723271 0.00723130
v -0.00327122 0.01749032 0.00724679
v -0.00167537 0.01737922 0.00724018
v -0.00169998 0.01766675 0.00725693
v -0.00327122 0.01749032 0.00724679
v -0.00169998 0.01766675 0.00725693
v -0.00359970 0.01928985 0.00733560
v -0.00359970 0.01928985 0.00733560
v -0.00169998 0.01766675 0.00725693
v -0.00169998 0.02016991 0.00736713
v -0.00359970 0.01928985 0.00733560
v -0.00169998 0.02016991 0.00736713
v -0.00380671 0.02038770 0.00737375
v -0.00380671 0.02038770 0.00737375
v 0.00095351 0.01625949 0.00716734
v 0.00292718 0.01521158 0.00708759
v 0.00118768 0.01645028 0.00718063
v 0.00118768 0.01645028 0.00718063
v 0.00292718 0.01521158 0.00708759
v 0.00309479 0.01639425 0.00717670
v 0.00309479 0.01639425 0.00717670
v 0.00138098 0.01667541 0.00719583
v 0.00071240 0.01612341 0.00715756
v 0.00269997 0.01204311 0.00677902
v 0.00084665 0.01619273 0.00716251
v 0.00084665 0.01619273 0.00716251
v 0.00269997 0.01204311 0.00677902
v 0.00272560 0.01299297 0.00688213
v 0.00084665 0.01619273 0.00716251
v 0.00272560 0.01299297 0.00688213
v 0.00095351 0.01625949 0.00716734
v 0.00095351 0.01625949 0.00716734
v 0.00272560 0.01299297 0.00688213
v 0.00279766 0.01402533 0.00698399
v 0.00095351 0.01625949 0.00716734
v 0.00279766 0.01402533 0.00698399
v 0.00292718 0.01521158 0.00708759
v 0.00043997 0.01602482 0.00715047
v 0.00269997 0.01204311 0.00677902
v 0.00043997 0.01602482 0.00715047
v 0.00015580 0.01597404 0.00714660
v -0.00271267 0.01265949 0.00684696
v -0.00006941 0.01596826 0.00714624
v -0.00034584 0.01600170 0.00714868
v -0.00044177 0.01602476 0.00715047
v -0.00062747 0.01608717 0.00715500
v -0.00271267 0.01265949 0.00684696
v -0.00062747 0.01608717 0.00715500
v -0.00088595 0.01621633 0.00716418
v -0.00088595 0.01621633 0.00716418
v -0.00088595 0.01621633 0.00716418
v -0.00304270 0.01606959 0.00715363
v -0.00287771 0.01481258 0.00705427
v -0.00088595 0.01621633 0.00716418
v -0.00287771 0.01481258 0.00705427
v -0.00277126 0.01370090 0.00695312
v 0.00169998 0.02016991 0.00736713
v 0.00169998 0.01766675 0.00725693
v 0.00339556 0.01818555 0.00728494
v 0.00339556 0.01818555 0.00728494
v 0.00169998 0.01766675 0.00725693
v 0.00315541 0.01677924 0.00720274
v 0.00168866 0.01746791 0.00724542
v 0.00162911 0.01718199 0.00722814
v 0.00315541 0.01677924 0.00720274
v 0.00162911 0.01718199 0.00722814
v 0.00311506 0.01652503 0.00718576
v 0.00311506 0.01652503 0.00718576
v 0.00152254 0.01691156 0.00721121
v 0.00152254 0.01691156 0.00721121
v 0.00309479 0.01639425 0.00717670
v 0.00146961 0.01681280 0.00720483
v 0.00146961 0.01681280 0.00720483
v 0.00374991 0.02009671 0.00736487
v 0.00169998 0.02016991 0.00736713
v 0.00374991 0.02009671 0.00736487
v 0.00380462 0.02038782 0.00737375
v 0.00169998 0.02016991 0.00736713
v 0.00380462 0.02038782 0.00737375
v 0.00169998 0.02267497 0.00741476
v 0.00169998 0.02267497 0.00741476
v 0.00380462 0.02038782 0.00737375
v 0.00397962 0.02131515 0.00739670
v 0.00397962 0.02131515 0.00739670
v 0.00410390 0.02197492 0.00740778
v 0.00437886 0.02347749 0.00741661
v 0.00249994 0.02347749 0.00741661
v 0.00410390 0.02197492 0.00740778
v 0.00231022 0.02345192 0.00741673
v 0.00231022 0.02345192 0.00741673
v 0.00212872 0.02337801 0.00741673
v 0.00410390 0.02197492 0.00740778
v 0.00196880 0.02326250 0.00741673
v 0.00184000 0.02311462 0.00741655
v 0.00174594 0.02293193 0.00741601
v 0.00174594 0.02293193 0.00741601
v 0.00170314 0.02274376 0.00741517
v 0.00169998 0.02267497 0.00741476
v -0.00273222 0.01106381 0.00666291
v 0.00272578 0.01122516 0.00668269
v -0.00270098 0.01180619 0.00675183
v 0.00269997 0.01204311 0.00677902
v -0.00270098 0.01180619 0.00675183
v 0.00269997 0.01204311 0.00677902
v -0.00270212 0.01225692 0.00680298
v -0.00271267 0.01265949 0.00684696
v -0.00281304 0.01026350 0.00656086
v 0.00284773 0.01000344 0.00652629
v -0.00273222 0.01106381 0.00666291
v 0.00279784 0.01039630 0.00657821
v 0.00272578 0.01122516 0.00668269
v 0.00263363 0.00541246 0.00580043
v 0.00296247 0.00545555 0.00580823
v 0.00344866 0.00661242 0.00601131
v 0.00328624 0.00552732 0.00582123
v 0.00359690 0.00562501 0.00583893
v -0.00349086 0.00637120 0.00597012
v -0.00359690 0.00562501 0.00583887
v -0.00328052 0.00552583 0.00582105
v -0.00295865 0.00545484 0.00580812
v -0.00263166 0.00541228 0.00580043
v -0.00229996 0.00539804 0.00579786
v 0.00229996 0.00539804 0.00579786
v -0.00349086 0.00637120 0.00597012
v 0.00229996 0.00539804 0.00579786
v 0.00263363 0.00541246 0.00580043
v -0.00349086 0.00637120 0.00597012
v 0.00263363 0.00541246 0.00580043
v -0.00329673 0.00747126 0.00615299
v -0.00329673 0.00747126 0.00615299
v -0.00329673 0.00747126 0.00615299
v 0.00344866 0.00661242 0.00601131
v -0.00297093 0.00922018 0.00641787
v -0.00297093 0.00922018 0.00641787
v 0.00344866 0.00661242 0.00601131
v 0.00318527 0.00806069 0.00624573
v -0.00297093 0.00922018 0.00641787
v 0.00318527 0.00806069 0.00624573
v -0.00281304 0.01026350 0.00656086
v 0.00290382 0.00963849 0.00647658
v 0.00290382 0.00963849 0.00647658
v 0.00151229 0.02017408 0.00723642
v 0.00149989 0.02017623 0.00716722
v 0.00149989 0.01767814 0.00705719
v 0.00151229 0.02267587 0.00728393
v 0.00149989 0.02267628 0.00721473
v 0.00149989 0.02017623 0.00716722
v 0.00151229 0.02017408 0.00723642
v 0.00151229 0.02267587 0.00728393
v 0.00151229 0.02017408 0.00723642
v 0.00155854 0.02017176 0.00730860
v 0.00155854 0.02267539 0.00735611
v 0.00155854 0.02267539 0.00735611
v 0.00155854 0.02017176 0.00730860
v 0.00163072 0.02017033 0.00735480
v 0.00163072 0.02267503 0.00740236
v 0.00163072 0.01766753 0.00724453
v 0.00169998 0.01766675 0.00725693
v 0.00169998 0.02016991 0.00736713
v 0.00151229 0.01767414 0.00712633
v 0.00151229 0.02017408 0.00723642
v 0.00151229 0.01767414 0.00712633
v 0.00155854 0.01767015 0.00719839
v 0.00155854 0.02017176 0.00730860
v 0.00155854 0.02017176 0.00730860
v 0.00155854 0.01767015 0.00719839
v 0.00163072 0.01766753 0.00724453
v 0.00163072 0.02017033 0.00735480
v 0.00163072 0.02017033 0.00735480
v 0.00163072 0.02017033 0.00735480
v 0.00169998 0.02016991 0.00736713
v 0.00163072 0.02267503 0.00740236
v 0.00169998 0.02267497 0.00741476
v 0.00215387 0.02361500 0.00722677
v 0.00221515 0.02363538 0.00722677
v 0.00215387 0.02370470 0.00535852
v 0.00215387 0.02370470 0.00535852
v 0.00221515 0.02363538 0.00722677
v 0.00230378 0.02365744 0.00722659
v 0.00215387 0.02370470 0.00535852
v 0.00230378 0.02365744 0.00722659
v 0.00249994 0.02376645 0.00536150
v 0.00249994 0.02376645 0.00536150
v 0.00230378 0.02365744 0.00722659
v 0.00242782 0.02367424 0.00722629
v 0.00249994 0.02376645 0.00536150
v 0.00242782 0.02367424 0.00722629
v 0.00249994 0.02367693 0.00722629
v 0.00171101 0.02329111 0.00722390
v 0.00179285 0.02338367 0.00722510
v 0.00179285 0.02347391 0.00534737
v 0.00179285 0.02347391 0.00534737
v 0.00179285 0.02338367 0.00722510
v 0.00186473 0.02344900 0.00722587
v 0.00179285 0.02347391 0.00534737
v 0.00186473 0.02344900 0.00722587
v 0.00215387 0.02370470 0.00535852
v 0.00215387 0.02370470 0.00535852
v 0.00186473 0.02344900 0.00722587
v 0.00203222 0.02356064 0.00722665
v 0.00215387 0.02370470 0.00535852
v 0.00203222 0.02356064 0.00722665
v 0.00215387 0.02361500 0.00722677
v 0.00171101 0.02329111 0.00722390
v 0.00179285 0.02347391 0.00534737
v 0.00159538 0.02310281 0.00722122
v 0.00159538 0.02310281 0.00722122
v 0.00179285 0.02347391 0.00534737
v 0.00156170 0.02311331 0.00533003
v 0.00159538 0.02310281 0.00722122
v 0.00156170 0.02311331 0.00533003
v 0.00152391 0.02289414 0.00721800
v 0.00152391 0.02289414 0.00721800
v 0.00156170 0.02311331 0.00533003
v 0.00149989 0.02276766 0.00531346
v 0.00152391 0.02289414 0.00721800
v 0.00149989 0.02276766 0.00531346
v 0.00149989 0.02267628 0.00721473
v 0.00249994 0.02347749 0.00741661
v 0.00437886 0.02347749 0.00741661
v 0.00437886 0.02349066 0.00741625
v 0.00249994 0.02347749 0.00741661
v 0.00437886 0.02349066 0.00741625
v 0.00249994 0.02357500 0.00739110
v 0.00437874 0.02367693 0.00722629
v 0.00249994 0.02367693 0.00722629
v 0.00437874 0.02364838 0.00732005
v 0.00249994 0.02364778 0.00732100
v 0.00437874 0.02364838 0.00732005
v 0.00249994 0.02364778 0.00732100
v 0.00437886 0.02361524 0.00736135
v 0.00437886 0.02361524 0.00736135
v 0.00249994 0.02364778 0.00732100
v 0.00249994 0.02361118 0.00736505
v 0.00437886 0.02361524 0.00736135
v 0.00249994 0.02361118 0.00736505
v 0.00437886 0.02358108 0.00738746
v 0.00437886 0.02358108 0.00738746
v 0.00249994 0.02361118 0.00736505
v 0.00249994 0.02357500 0.00739110
v 0.00437886 0.02358108 0.00738746
v 0.00249994 0.02357500 0.00739110
v 0.00437886 0.02354902 0.00740331
v 0.00437886 0.02354902 0.00740331
v 0.00249994 0.02357500 0.00739110
v 0.00437886 0.02349066 0.00741625
v 0.00437886 0.02347749 0.00741661
v 0.00487441 0.02347457 0.00737965
v 0.00437886 0.02349066 0.00741625
v 0.00437886 0.02349066 0.00741625
v 0.00487441 0.02347457 0.00737965
v 0.00487214 0.02354735 0.00736773
v 0.00437886 0.02349066 0.00741625
v 0.00487214 0.02354735 0.00736773
v 0.00437886 0.02354902 0.00740331
v 0.00437886 0.02354902 0.00740331
v 0.00487214 0.02354735 0.00736773
v 0.00437886 0.02358108 0.00738746
v 0.00437886 0.02358108 0.00738746
v 0.00487214 0.02354735 0.00736773
v 0.00486547 0.02361530 0.00732660
v 0.00437886 0.02358108 0.00738746
v 0.00486547 0.02361530 0.00732660
v 0.00437886 0.02361524 0.00736135
v 0.00437886 0.02361524 0.00736135
v 0.00486547 0.02361530 0.00732660
v 0.00485539 0.02366155 0.00726247
v 0.00437886 0.02361524 0.00736135
v 0.00485539 0.02366155 0.00726247
v 0.00437874 0.02364838 0.00732005
v 0.00437874 0.02364838 0.00732005
v 0.00485539 0.02366155 0.00726247
v 0.00484455 0.02367860 0.00719148
v 0.00437874 0.02364838 0.00732005
v 0.00484455 0.02367860 0.00719148
v 0.00437874 0.02367693 0.00722629
v 0.00487441 0.02347457 0.00737965
v 0.00535893 0.02347517 0.00726867
v 0.00487214 0.02354735 0.00736773
v 0.00487214 0.02354735 0.00736773
v 0.00535893 0.02347517 0.00726867
v 0.00535476 0.02354913 0.00725871
v 0.00487214 0.02354735 0.00736773
v 0.00535476 0.02354913 0.00725871
v 0.00486547 0.02361530 0.00732660
v 0.00486547 0.02361530 0.00732660
v 0.00535476 0.02354913 0.00725871
v 0.00534165 0.02361869 0.00721937
v 0.00486547 0.02361530 0.00732660
v 0.00534165 0.02361869 0.00721937
v 0.00485539 0.02366155 0.00726247
v 0.00485539 0.02366155 0.00726247
v 0.00534165 0.02361869 0.00721937
v 0.00532156 0.02366626 0.00715685
v 0.00485539 0.02366155 0.00726247
v 0.00532156 0.02366626 0.00715685
v 0.00484455 0.02367860 0.00719148
v 0.00529998 0.02368354 0.00708741
v 0.00629991 0.02270436 0.00663066
v 0.00629884 0.02270263 0.00664902
v 0.00629991 0.02089512 0.00643468
v 0.00629991 0.02089512 0.00643468
v 0.00629884 0.02270263 0.00664902
v 0.00629896 0.02015376 0.00635403
v 0.00629926 0.01351350 0.00535852
v 0.00629926 0.01168823 0.00513977
v 0.00629991 0.01243162 0.00520199
v 0.00629991 0.01243162 0.00520199
v 0.00629926 0.01168823 0.00513977
v 0.00629991 0.01169019 0.00511998
v 0.00629991 0.01243162 0.00520199
v 0.00629991 0.01383215 0.00538760
v 0.00629926 0.01351350 0.00535852
v 0.00629926 0.01351350 0.00535852
v 0.00629991 0.01383215 0.00538760
v 0.00629991 0.01614123 0.00573844
v 0.00629914 0.01664602 0.00583375
v 0.00629914 0.01664602 0.00583375
v 0.00629991 0.01614123 0.00573844
v 0.00629991 0.01903760 0.00618607
v 0.00629914 0.01664602 0.00583375
v 0.00629991 0.01903760 0.00618607
v 0.00629896 0.02015376 0.00635403
v 0.00629896 0.02015376 0.00635403
v 0.00629991 0.01903760 0.00618607
v 0.00629991 0.02015537 0.00634104
v 0.00629991 0.02089512 0.00643468
v 0.00629991 0.01123791 0.00508022
v 0.00629991 0.01123791 0.00508022
v 0.00629926 0.01168823 0.00513977
v 0.00629914 0.00966203 0.00500345
v 0.00629914 0.00966203 0.00500345
v 0.00629991 0.00978386 0.00499332
v 0.00627828 0.00926483 0.00505912
v 0.00627863 0.00965869 0.00507617
v 0.00623745 0.00926244 0.00511545
v 0.00623745 0.00926244 0.00511545
v 0.00627863 0.00965869 0.00507617
v 0.00623852 0.00953257 0.00512636
v 0.00623852 0.00953257 0.00512636
v 0.00627863 0.00965869 0.00507617
v 0.00624329 0.01095467 0.00520396
v 0.00624329 0.01095467 0.00520396
v 0.00627863 0.00965869 0.00507617
v 0.00627971 0.01168102 0.00521034
v 0.00624329 0.01095467 0.00520396
v 0.00627971 0.01168102 0.00521034
v 0.00624353 0.01167565 0.00526309
v 0.00624353 0.01167565 0.00526309
v 0.00627971 0.01168102 0.00521034
v 0.00624239 0.01220315 0.00531769
v 0.00624239 0.01220315 0.00531769
v 0.00627971 0.01168102 0.00521034
v 0.00627953 0.01350373 0.00542909
v 0.00624239 0.01220315 0.00531769
v 0.00627953 0.01350373 0.00542909
v 0.00624090 0.01361745 0.00550079
v 0.00624090 0.01361745 0.00550079
v 0.00627953 0.01350373 0.00542909
v 0.00623959 0.01463818 0.00565034
v 0.00623959 0.01463818 0.00565034
v 0.00627953 0.01350373 0.00542909
v 0.00627768 0.01663452 0.00590700
v 0.00623959 0.01463818 0.00565034
v 0.00627768 0.01663452 0.00590700
v 0.00623626 0.01632153 0.00591469
v 0.00623626 0.01632153 0.00591469
v 0.00627768 0.01663452 0.00590700
v 0.00622630 0.01908642 0.00634509
v 0.00622630 0.01908642 0.00634509
v 0.00627768 0.01663452 0.00590700
v 0.00627351 0.02014327 0.00643343
v 0.00622630 0.01908642 0.00634509
v 0.00627351 0.02014327 0.00643343
v 0.00622284 0.02013534 0.00649345
v 0.00622284 0.02013534 0.00649345
v 0.00627351 0.02014327 0.00643343
v 0.00621998 0.02105975 0.00661331
v 0.00621998 0.02105975 0.00661331
v 0.00627351 0.02014327 0.00643343
v 0.00626928 0.02269458 0.00673407
v 0.00621998 0.02105975 0.00661331
v 0.00626928 0.02269458 0.00673407
v 0.00621390 0.02268892 0.00679433
v 0.00627828 0.00926483 0.00505912
v 0.00629914 0.00926793 0.00498599
v 0.00629914 0.00966203 0.00500345
v 0.00629914 0.00966203 0.00500345
v 0.00629914 0.00926793 0.00498599
v 0.00629991 0.00926858 0.00497031
v 0.00629991 0.00978386 0.00499332
v 0.00627863 0.00965869 0.00507617
v 0.00627863 0.00965869 0.00507617
v 0.00629914 0.00966203 0.00500345
v 0.00629926 0.01168823 0.00513977
v 0.00627863 0.00965869 0.00507617
v 0.00629926 0.01168823 0.00513977
v 0.00627971 0.01168102 0.00521034
v 0.00627971 0.01168102 0.00521034
v 0.00629926 0.01168823 0.00513977
v 0.00629926 0.01351350 0.00535852
v 0.00627953 0.01350373 0.00542909
v 0.00627953 0.01350373 0.00542909
v 0.00629926 0.01351350 0.00535852
v 0.00629914 0.01664602 0.00583375
v 0.00627953 0.01350373 0.00542909
v 0.00629914 0.01664602 0.00583375
v 0.00627768 0.01663452 0.00590700
v 0.00629896 0.02015376 0.00635403
v 0.00627768 0.01663452 0.00590700
v 0.00629896 0.02015376 0.00635403
v 0.00627351 0.02014327 0.00643343
v 0.00627351 0.02014327 0.00643343
v 0.00629896 0.02015376 0.00635403
v 0.00629884 0.02270263 0.00664902
v 0.00627351 0.02014327 0.00643343
v 0.00629884 0.02270263 0.00664902
v 0.00626928 0.02269458 0.00673407
v 0.00619990 0.02228266 0.00498986
v 0.00629991 0.02228266 0.00498986
v 0.00629991 0.01628953 0.00470191
v 0.00594997 0.01635640 0.00470513
v 0.00576693 0.01653927 0.00471395
v 0.00619990 0.01628953 0.00470191
v 0.00569999 0.01678889 0.00472593
v 0.00576693 0.02203285 0.00497782
v 0.00594997 0.02221572 0.00498658
v 0.00569999 0.02178323 0.00496578
v 0.00605261 0.00787568 0.00510585
v 0.00610948 0.00804269 0.00507283
v 0.00610852 0.00805277 0.00511354
v 0.00628150 0.00888443 0.00497180
v 0.00629991 0.00926858 0.00497031
v 0.00629914 0.00926793 0.00498599
v 0.00629914 0.00926793 0.00498599
v 0.00627202 0.00895900 0.00504672
v 0.00628150 0.00888443 0.00497180
v 0.00628150 0.00888443 0.00497180
v 0.00627202 0.00895900 0.00504672
v 0.00623637 0.00865650 0.00506651
v 0.00628150 0.00888443 0.00497180
v 0.00623637 0.00865650 0.00506651
v 0.00621933 0.00846672 0.00500739
v 0.00621933 0.00846672 0.00500739
v 0.00623637 0.00865650 0.00506651
v 0.00617748 0.00835752 0.00510490
v 0.00621933 0.00846672 0.00500739
v 0.00617748 0.00835752 0.00510490
v 0.00609678 0.00806546 0.00515783
v 0.00605261 0.00787568 0.00510585
v 0.00610852 0.00805277 0.00511354
v 0.00597817 0.00768644 0.00514716
v 0.00597817 0.00768644 0.00514716
v 0.00610852 0.00805277 0.00511354
v 0.00588542 0.00749290 0.00524378
v 0.00597817 0.00768644 0.00514716
v 0.00588542 0.00749290 0.00524378
v 0.00588453 0.00748062 0.00519675
v 0.00588453 0.00748062 0.00519675
v 0.00588542 0.00749290 0.00524378
v 0.00578320 0.00728649 0.00524765
v 0.00578320 0.00728649 0.00524765
v 0.00588542 0.00749290 0.00524378
v 0.00558150 0.00697047 0.00539005
v 0.00578320 0.00728649 0.00524765
v 0.00558150 0.00697047 0.00539005
v 0.00566876 0.00709361 0.00530070
v 0.00512862 0.00641215 0.00549042
v 0.00519902 0.00648528 0.00547129
v 0.00520295 0.00649810 0.00552750
v 0.00520295 0.00649810 0.00552750
v 0.00519902 0.00648528 0.00547129
v 0.00534207 0.00664634 0.00542772
v 0.00520295 0.00649810 0.00552750
v 0.00534207 0.00664634 0.00542772
v 0.00558150 0.00697047 0.00539005
v 0.00558150 0.00697047 0.00539005
v 0.00534207 0.00664634 0.00542772
v 0.00557846 0.00695658 0.00533980
v 0.00558150 0.00697047 0.00539005
v 0.00557846 0.00695658 0.00533980
v 0.00566876 0.00709361 0.00530070
v 0.00512862 0.00641215 0.00549042
v 0.00520295 0.00649810 0.00552750
v 0.00505686 0.00634116 0.00550866
v 0.00505686 0.00634116 0.00550866
v 0.00520295 0.00649810 0.00552750
v 0.00474942 0.00608230 0.00563669
v 0.00505686 0.00634116 0.00550866
v 0.00474942 0.00608230 0.00563669
v 0.00474644 0.00607145 0.00557244
v 0.00474644 0.00607145 0.00557244
v 0.00474942 0.00608230 0.00563669
v 0.00449693 0.00589973 0.00567478
v 0.00474644 0.00607145 0.00557244
v 0.00449693 0.00589973 0.00567478
v 0.00441641 0.00583941 0.00561702
v 0.00441641 0.00583941 0.00561702
v 0.00449693 0.00589973 0.00567478
v 0.00423121 0.00573790 0.00569880
v 0.00441641 0.00583941 0.00561702
v 0.00423121 0.00573790 0.00569880
v 0.00407314 0.00564677 0.00563937
v 0.00407314 0.00564677 0.00563937
v 0.00423121 0.00573790 0.00569880
v 0.00395185 0.00559729 0.00570720
v 0.00407314 0.00564677 0.00563937
v 0.00395185 0.00559729 0.00570720
v 0.00373012 0.00549662 0.00563651
v 0.00373012 0.00549662 0.00563651
v 0.00395185 0.00559729 0.00570720
v 0.00365311 0.00548905 0.00572866
v 0.00373012 0.00549662 0.00563651
v 0.00365311 0.00548905 0.00572866
v 0.00366527 0.00547260 0.00563306
v 0.00364327 0.00550973 0.00576526
v 0.00365311 0.00548905 0.00572866
v 0.00393772 0.00562811 0.00577372
v 0.00393772 0.00562811 0.00577372
v 0.00365311 0.00548905 0.00572866
v 0.00395185 0.00559729 0.00570720
v 0.00393772 0.00562811 0.00577372
v 0.00395185 0.00559729 0.00570720
v 0.00421840 0.00576812 0.00576437
v 0.00423121 0.00573790 0.00569880
v 0.00421840 0.00576812 0.00576437
v 0.00423121 0.00573790 0.00569880
v 0.00448513 0.00592941 0.00573874
v 0.00448513 0.00592941 0.00573874
v 0.00423121 0.00573790 0.00569880
v 0.00449693 0.00589973 0.00567478
v 0.00448513 0.00592941 0.00573874
v 0.00449693 0.00589973 0.00567478
v 0.00473827 0.00611126 0.00569874
v 0.00474942 0.00608230 0.00563669
v 0.00473827 0.00611126 0.00569874
v 0.00474942 0.00608230 0.00563669
v 0.00519252 0.00652468 0.00558507
v 0.00520295 0.00649810 0.00552750
v 0.00519252 0.00652468 0.00558507
v 0.00520295 0.00649810 0.00552750
v 0.00557095 0.00699353 0.00544292
v 0.00558150 0.00697047 0.00539005
v 0.00557095 0.00699353 0.00544292
v 0.00558150 0.00697047 0.00539005
v 0.00587439 0.00751138 0.00529200
v 0.00587439 0.00751138 0.00529200
v 0.00558150 0.00697047 0.00539005
v 0.00588542 0.00749290 0.00524378
v 0.00587439 0.00751138 0.00529200
v 0.00588542 0.00749290 0.00524378
v 0.00609678 0.00806546 0.00515783
v 0.00610852 0.00805277 0.00511354
v 0.00609678 0.00806546 0.00515783
v 0.00610852 0.00805277 0.00511354
v 0.00621933 0.00846672 0.00500739
v 0.00621933 0.00846672 0.00500739
v 0.00610852 0.00805277 0.00511354
v 0.00610948 0.00804269 0.00507283
v 0.00554699 0.00702327 0.00548738
v 0.00530726 0.00679290 0.00560200
v 0.00516778 0.00656140 0.00563168
v 0.00516778 0.00656140 0.00563168
v 0.00530726 0.00679290 0.00560200
v 0.00513315 0.00660229 0.00566155
v 0.00516778 0.00656140 0.00563168
v 0.00513315 0.00660229 0.00566155
v 0.00481564 0.00631046 0.00574690
v 0.00359690 0.00562501 0.00583893
v 0.00359833 0.00562131 0.00583821
v 0.00367844 0.00565434 0.00584322
v 0.00367844 0.00565434 0.00584322
v 0.00359833 0.00562131 0.00583821
v 0.00362957 0.00554156 0.00579965
v 0.00367844 0.00565434 0.00584322
v 0.00362957 0.00554156 0.00579965
v 0.00388706 0.00573903 0.00584805
v 0.00388706 0.00573903 0.00584805
v 0.00362957 0.00554156 0.00579965
v 0.00391436 0.00567919 0.00582343
v 0.00388706 0.00573903 0.00584805
v 0.00391436 0.00567919 0.00582343
v 0.00426400 0.00592899 0.00583178
v 0.00426400 0.00592899 0.00583178
v 0.00391436 0.00567919 0.00582343
v 0.00419420 0.00581700 0.00581378
v 0.00426400 0.00592899 0.00583178
v 0.00419420 0.00581700 0.00581378
v 0.00442833 0.00602865 0.00581437
v 0.00442833 0.00602865 0.00581437
v 0.00419420 0.00581700 0.00581378
v 0.00446039 0.00597554 0.00578773
v 0.00442833 0.00602865 0.00581437
v 0.00446039 0.00597554 0.00578773
v 0.00481564 0.00631046 0.00574690
v 0.00481564 0.00631046 0.00574690
v 0.00446039 0.00597554 0.00578773
v 0.00471342 0.00615436 0.00574714
v 0.00481564 0.00631046 0.00574690
v 0.00471342 0.00615436 0.00574714
v 0.00516778 0.00656140 0.00563168
v 0.00627828 0.00926483 0.00505912
v 0.00623745 0.00926244 0.00511545
v 0.00625163 0.00896168 0.00508368
v 0.00625163 0.00896168 0.00508368
v 0.00623745 0.00926244 0.00511545
v 0.00622451 0.00896478 0.00511491
v 0.00625163 0.00896168 0.00508368
v 0.00622451 0.00896478 0.00511491
v 0.00621557 0.00866341 0.00510430
v 0.00621557 0.00866341 0.00510430
v 0.00622451 0.00896478 0.00511491
v 0.00618243 0.00863951 0.00513917
v 0.00621557 0.00866341 0.00510430
v 0.00618243 0.00863951 0.00513917
v 0.00615621 0.00836849 0.00514352
v 0.00615621 0.00836849 0.00514352
v 0.00618243 0.00863951 0.00513917
v 0.00604534 0.00809622 0.00522947
v 0.00615621 0.00836849 0.00514352
v 0.00604534 0.00809622 0.00522947
v 0.00607497 0.00808036 0.00519753
v 0.00607497 0.00808036 0.00519753
v 0.00604534 0.00809622 0.00522947
v 0.00602311 0.00803155 0.00524378
v 0.00607497 0.00808036 0.00519753
v 0.00602311 0.00803155 0.00524378
v 0.00585151 0.00753385 0.00533408
v 0.00602311 0.00803155 0.00524378
v 0.00581956 0.00755799 0.00536591
v 0.00585151 0.00753385 0.00533408
v 0.00585151 0.00753385 0.00533408
v 0.00581956 0.00755799 0.00536591
v 0.00574416 0.00741762 0.00540692
v 0.00585151 0.00753385 0.00533408
v 0.00574416 0.00741762 0.00540692
v 0.00554699 0.00702327 0.00548738
v 0.00554699 0.00702327 0.00548738
v 0.00574416 0.00741762 0.00540692
v 0.00551331 0.00705582 0.00551861
v 0.00554699 0.00702327 0.00548738
v 0.00551331 0.00705582 0.00551861
v 0.00530726 0.00679290 0.00560200
v 0.00362957 0.00554156 0.00579965
v 0.00364327 0.00550973 0.00576526
v 0.00391436 0.00567919 0.00582343
v 0.00391436 0.00567919 0.00582343
v 0.00364327 0.00550973 0.00576526
v 0.00393772 0.00562811 0.00577372
v 0.00391436 0.00567919 0.00582343
v 0.00393772 0.00562811 0.00577372
v 0.00419420 0.00581700 0.00581378
v 0.00419420 0.00581700 0.00581378
v 0.00393772 0.00562811 0.00577372
v 0.00421840 0.00576812 0.00576437
v 0.00419420 0.00581700 0.00581378
v 0.00421840 0.00576812 0.00576437
v 0.00446039 0.00597554 0.00578773
v 0.00446039 0.00597554 0.00578773
v 0.00421840 0.00576812 0.00576437
v 0.00448513 0.00592941 0.00573874
v 0.00446039 0.00597554 0.00578773
v 0.00448513 0.00592941 0.00573874
v 0.00471342 0.00615436 0.00574714
v 0.00471342 0.00615436 0.00574714
v 0.00448513 0.00592941 0.00573874
v 0.00473827 0.00611126 0.00569874
v 0.00471342 0.00615436 0.00574714
v 0.00473827 0.00611126 0.00569874
v 0.00516778 0.00656140 0.00563168
v 0.00516778 0.00656140 0.00563168
v 0.00473827 0.00611126 0.00569874
v 0.00519252 0.00652468 0.00558507
v 0.00516778 0.00656140 0.00563168
v 0.00519252 0.00652468 0.00558507
v 0.00554699 0.00702327 0.00548738
v 0.00554699 0.00702327 0.00548738
v 0.00519252 0.00652468 0.00558507
v 0.00557095 0.00699353 0.00544292
v 0.00554699 0.00702327 0.00548738
v 0.00557095 0.00699353 0.00544292
v 0.00585151 0.00753385 0.00533408
v 0.00585151 0.00753385 0.00533408
v 0.00557095 0.00699353 0.00544292
v 0.00587439 0.00751138 0.00529200
v 0.00585151 0.00753385 0.00533408
v 0.00587439 0.00751138 0.00529200
v 0.00607497 0.00808036 0.00519753
v 0.00607497 0.00808036 0.00519753
v 0.00587439 0.00751138 0.00529200
v 0.00609678 0.00806546 0.00515783
v 0.00607497 0.00808036 0.00519753
v 0.00609678 0.00806546 0.00515783
v 0.00615621 0.00836849 0.00514352
v 0.00615621 0.00836849 0.00514352
v 0.00609678 0.00806546 0.00515783
v 0.00617748 0.00835752 0.00510490
v 0.00615621 0.00836849 0.00514352
v 0.00617748 0.00835752 0.00510490
v 0.00621557 0.00866341 0.00510430
v 0.00623637 0.00865650 0.00506651
v 0.00621557 0.00866341 0.00510430
v 0.00623637 0.00865650 0.00506651
v 0.00625163 0.00896168 0.00508368
v 0.00627202 0.00895900 0.00504672
v 0.00625163 0.00896168 0.00508368
v 0.00627202 0.00895900 0.00504672
v 0.00627828 0.00926483 0.00505912
v 0.00627828 0.00926483 0.00505912
v 0.00627202 0.00895900 0.00504672
v 0.00629914 0.00926793 0.00498599
v 0.00359690 0.00562501 0.00583893
v 0.00328624 0.00552732 0.00582123
v 0.00359833 0.00562131 0.00583821
v 0.00359833 0.00562131 0.00583821
v 0.00328624 0.00552732 0.00582123
v 0.00330406 0.00546449 0.00579768
v 0.00359833 0.00562131 0.00583821
v 0.00330406 0.00546449 0.00579768
v 0.00362957 0.00554156 0.00579965
v 0.00362957 0.00554156 0.00579965
v 0.00330406 0.00546449 0.00579768
v 0.00332081 0.00541067 0.00574946
v 0.00362957 0.00554156 0.00579965
v 0.00332081 0.00541067 0.00574946
v 0.00364327 0.00550973 0.00576526
v 0.00364327 0.00550973 0.00576526
v 0.00332081 0.00541067 0.00574946
v 0.00333273 0.00537765 0.00568402
v 0.00364327 0.00550973 0.00576526
v 0.00333273 0.00537765 0.00568402
v 0.00365311 0.00548905 0.00572866
v 0.00365311 0.00548905 0.00572866
v 0.00333273 0.00537765 0.00568402
v 0.00333816 0.00536996 0.00561523
v 0.00365311 0.00548905 0.00572866
v 0.00333816 0.00536996 0.00561523
v 0.00366527 0.00547260 0.00563306
v 0.00263363 0.00541246 0.00580043
v 0.00229996 0.00539804 0.00579786
v 0.00263965 0.00534779 0.00577646
v 0.00263965 0.00534779 0.00577646
v 0.00229996 0.00539804 0.00579786
v 0.00229996 0.00531131 0.00575906
v 0.00263965 0.00534779 0.00577646
v 0.00229996 0.00531131 0.00575906
v 0.00264537 0.00529206 0.00572819
v 0.00264537 0.00529206 0.00572819
v 0.00229996 0.00531131 0.00575906
v 0.00229996 0.00527728 0.00572544
v 0.00264537 0.00529206 0.00572819
v 0.00229996 0.00527728 0.00572544
v 0.00264943 0.00525778 0.00566274
v 0.00264943 0.00525778 0.00566274
v 0.00229996 0.00527728 0.00572544
v 0.00229996 0.00525224 0.00568473
v 0.00264943 0.00525778 0.00566274
v 0.00229996 0.00525224 0.00568473
v 0.00265127 0.00524920 0.00559413
v 0.00265127 0.00524920 0.00559413
v 0.00229996 0.00525224 0.00568473
v 0.00229996 0.00523412 0.00559145
v 0.00296247 0.00545555 0.00580823
v 0.00263363 0.00541246 0.00580043
v 0.00297451 0.00539154 0.00578445
v 0.00297451 0.00539154 0.00578445
v 0.00263363 0.00541246 0.00580043
v 0.00263965 0.00534779 0.00577646
v 0.00297451 0.00539154 0.00578445
v 0.00263965 0.00534779 0.00577646
v 0.00298578 0.00533664 0.00573617
v 0.00264537 0.00529206 0.00572819
v 0.00298578 0.00533664 0.00573617
v 0.00264537 0.00529206 0.00572819
v 0.00299376 0.00530285 0.00567073
v 0.00264943 0.00525778 0.00566274
v 0.00299376 0.00530285 0.00567073
v 0.00264943 0.00525778 0.00566274
v 0.00299740 0.00529456 0.00560200
v 0.00265127 0.00524920 0.00559413
v 0.00328624 0.00552732 0.00582123
v 0.00296247 0.00545555 0.00580823
v 0.00330406 0.00546449 0.00579768
v 0.00297451 0.00539154 0.00578445
v 0.00330406 0.00546449 0.00579768
v 0.00297451 0.00539154 0.00578445
v 0.00332081 0.00541067 0.00574946
v 0.00298578 0.00533664 0.00573617
v 0.00332081 0.00541067 0.00574946
v 0.00298578 0.00533664 0.00573617
v 0.00333273 0.00537765 0.00568402
v 0.00299376 0.00530285 0.00567073
v 0.00333273 0.00537765 0.00568402
v 0.00299376 0.00530285 0.00567073
v 0.00333816 0.00536996 0.00561523
v 0.00299740 0.00529456 0.00560200
v -0.00229996 0.00539804 0.00579786
v -0.00229996 0.00531131 0.00575906
v 0.00229996 0.00531131 0.00575906
v -0.00229996 0.00531131 0.00575906
v 0.00229996 0.00527728 0.00572544
v -0.00229996 0.00527728 0.00572544
v 0.00229996 0.00527728 0.00572544
v -0.00229996 0.00527728 0.00572544
v 0.00229996 0.00525224 0.00568473
v -0.00229996 0.00525224 0.00568473
v 0.00229996 0.00525224 0.00568473
v -0.00229996 0.00525224 0.00568473
v -0.00229996 0.00523412 0.00559145
v 0.00229996 0.00523412 0.00559145
v -0.00366515 0.00547260 0.00563306
v -0.00333208 0.00536829 0.00561494
v -0.00332671 0.00537616 0.00568372
v -0.00366515 0.00547260 0.00563306
v -0.00332671 0.00537616 0.00568372
v -0.00365311 0.00548905 0.00572866
v -0.00365311 0.00548905 0.00572866
v -0.00332671 0.00537616 0.00568372
v -0.00331479 0.00540900 0.00574917
v -0.00365311 0.00548905 0.00572866
v -0.00331479 0.00540900 0.00574917
v -0.00364327 0.00551015 0.00576556
v -0.00364327 0.00551015 0.00576556
v -0.00331479 0.00540900 0.00574917
v -0.00362974 0.00554156 0.00579947
v -0.00362974 0.00554156 0.00579947
v -0.00331479 0.00540900 0.00574917
v -0.00329822 0.00546300 0.00579739
v -0.00362974 0.00554156 0.00579947
v -0.00329822 0.00546300 0.00579739
v -0.00359833 0.00562131 0.00583810
v -0.00359833 0.00562131 0.00583810
v -0.00329822 0.00546300 0.00579739
v -0.00328052 0.00552583 0.00582105
v -0.00359833 0.00562131 0.00583810
v -0.00328052 0.00552583 0.00582105
v -0.00359690 0.00562501 0.00583887
v -0.00295865 0.00545484 0.00580812
v -0.00328052 0.00552583 0.00582105
v -0.00297058 0.00539094 0.00578439
v -0.00329822 0.00546300 0.00579739
v -0.00297058 0.00539094 0.00578439
v -0.00329822 0.00546300 0.00579739
v -0.00298172 0.00533593 0.00573599
v -0.00331479 0.00540900 0.00574917
v -0.00298172 0.00533593 0.00573599
v -0.00331479 0.00540900 0.00574917
v -0.00298971 0.00530213 0.00567061
v -0.00332671 0.00537616 0.00568372
v -0.00298971 0.00530213 0.00567061
v -0.00332671 0.00537616 0.00568372
v -0.00299335 0.00529385 0.00560194
v -0.00333208 0.00536829 0.00561494
v -0.00263166 0.00541228 0.00580043
v -0.00295865 0.00545484 0.00580812
v -0.00263768 0.00534761 0.00577640
v -0.00297058 0.00539094 0.00578439
v -0.00263768 0.00534761 0.00577640
v -0.00297058 0.00539094 0.00578439
v -0.00264329 0.00529188 0.00572807
v -0.00298172 0.00533593 0.00573599
v -0.00264329 0.00529188 0.00572807
v -0.00298172 0.00533593 0.00573599
v -0.00264734 0.00525767 0.00566274
v -0.00298971 0.00530213 0.00567061
v -0.00264734 0.00525767 0.00566274
v -0.00298971 0.00530213 0.00567061
v -0.00264919 0.00524908 0.00559402
v -0.00264919 0.00524908 0.00559402
v -0.00298971 0.00530213 0.00567061
v -0.00299335 0.00529385 0.00560194
v -0.00229996 0.00539804 0.00579786
v -0.00263166 0.00541228 0.00580043
v -0.00229996 0.00531131 0.00575906
v -0.00229996 0.00531131 0.00575906
v -0.00263166 0.00541228 0.00580043
v -0.00263768 0.00534761 0.00577640
v -0.00229996 0.00531131 0.00575906
v -0.00263768 0.00534761 0.00577640
v -0.00229996 0.00527728 0.00572544
v -0.00229996 0.00527728 0.00572544
v -0.00263768 0.00534761 0.00577640
v -0.00264329 0.00529188 0.00572807
v -0.00229996 0.00527728 0.00572544
v -0.00264329 0.00529188 0.00572807
v -0.00229996 0.00525224 0.00568473
v -0.00229996 0.00525224 0.00568473
v -0.00264329 0.00529188 0.00572807
v -0.00264734 0.00525767 0.00566274
v -0.00229996 0.00525224 0.00568473
v -0.00264734 0.00525767 0.00566274
v -0.00229996 0.00523412 0.00559145
v -0.00229996 0.00523412 0.00559145
v -0.00264734 0.00525767 0.00566274
v -0.00264919 0.00524908 0.00559402
v -0.00359833 0.00562131 0.00583810
v -0.00359690 0.00562501 0.00583887
v -0.00394452 0.00576568 0.00584727
v -0.00607300 0.00807667 0.00519943
v -0.00604570 0.00810182 0.00522947
v -0.00614142 0.00844359 0.00516659
v -0.00617623 0.00835270 0.00510609
v -0.00620699 0.00880682 0.00512451
v -0.00623536 0.00865149 0.00506771
v -0.00623536 0.00865149 0.00506771
v -0.00620699 0.00880682 0.00512451
v -0.00627166 0.00895613 0.00504720
v -0.00627166 0.00895613 0.00504720
v -0.00620699 0.00880682 0.00512451
v -0.00628346 0.00926530 0.00504792
v -0.00628346 0.00926530 0.00504792
v -0.00620699 0.00880682 0.00512451
v -0.00623500 0.00914138 0.00511265
v -0.00628346 0.00926530 0.00504792
v -0.00623500 0.00914138 0.00511265
v -0.00623733 0.00926244 0.00511533
v -0.00604570 0.00810182 0.00522947
v -0.00607300 0.00807667 0.00519943
v -0.00588524 0.00769472 0.00532854
v -0.00588524 0.00769472 0.00532854
v -0.00607300 0.00807667 0.00519943
v -0.00584608 0.00752527 0.00533766
v -0.00588524 0.00769472 0.00532854
v -0.00584608 0.00752527 0.00533766
v -0.00581443 0.00754928 0.00536889
v -0.00581443 0.00754928 0.00536889
v -0.00584608 0.00752527 0.00533766
v -0.00569457 0.00733262 0.00543266
v -0.00569457 0.00733262 0.00543266
v -0.00584608 0.00752527 0.00533766
v -0.00554031 0.00701582 0.00549102
v -0.00569457 0.00733262 0.00543266
v -0.00554031 0.00701582 0.00549102
v -0.00549447 0.00703061 0.00552690
v -0.00549447 0.00703061 0.00552690
v -0.00554031 0.00701582 0.00549102
v -0.00523067 0.00670755 0.00562942
v -0.00523067 0.00670755 0.00562942
v -0.00554031 0.00701582 0.00549102
v -0.00515544 0.00655091 0.00563639
v -0.00523067 0.00670755 0.00562942
v -0.00515544 0.00655091 0.00563639
v -0.00512117 0.00659174 0.00566548
v -0.00512117 0.00659174 0.00566548
v -0.00515544 0.00655091 0.00563639
v -0.00493348 0.00641322 0.00571871
v -0.00493348 0.00641322 0.00571871
v -0.00515544 0.00655091 0.00563639
v -0.00469786 0.00614446 0.00575095
v -0.00493348 0.00641322 0.00571871
v -0.00469786 0.00614446 0.00575095
v -0.00466436 0.00619400 0.00577807
v -0.00444186 0.00596577 0.00579089
v -0.00431663 0.00596172 0.00582695
v -0.00469786 0.00614446 0.00575095
v -0.00469786 0.00614446 0.00575095
v -0.00431663 0.00596172 0.00582695
v -0.00464767 0.00618154 0.00578111
v -0.00469786 0.00614446 0.00575095
v -0.00464767 0.00618154 0.00578111
v -0.00466436 0.00619400 0.00577807
v -0.00444186 0.00596577 0.00579089
v -0.00417066 0.00580656 0.00581592
v -0.00431663 0.00596172 0.00582695
v -0.00431663 0.00596172 0.00582695
v -0.00417066 0.00580656 0.00581592
v -0.00388694 0.00566971 0.00582403
v -0.00431663 0.00596172 0.00582695
v -0.00388694 0.00566971 0.00582403
v -0.00394452 0.00576568 0.00584727
v -0.00394452 0.00576568 0.00584727
v -0.00388694 0.00566971 0.00582403
v -0.00362974 0.00554156 0.00579947
v -0.00394452 0.00576568 0.00584727
v -0.00362974 0.00554156 0.00579947
v -0.00359833 0.00562131 0.00583810
v -0.00392550 0.00558543 0.00570571
v -0.00402665 0.00562412 0.00563997
v -0.00365311 0.00548905 0.00572866
v -0.00365311 0.00548905 0.00572866
v -0.00402665 0.00562412 0.00563997
v -0.00366515 0.00547260 0.00563306
v -0.00473481 0.00607055 0.00563842
v -0.00439817 0.00582802 0.00561738
v -0.00447923 0.00588799 0.00567573
v -0.00447923 0.00588799 0.00567573
v -0.00439817 0.00582802 0.00561738
v -0.00402665 0.00562412 0.00563997
v -0.00447923 0.00588799 0.00567573
v -0.00402665 0.00562412 0.00563997
v -0.00420851 0.00572544 0.00569892
v -0.00420851 0.00572544 0.00569892
v -0.00402665 0.00562412 0.00563997
v -0.00392550 0.00558543 0.00570571
v -0.00518751 0.00647324 0.00547200
v -0.00512862 0.00641221 0.00548786
v -0.00519162 0.00648606 0.00553006
v -0.00519162 0.00648606 0.00553006
v -0.00512862 0.00641221 0.00548786
v -0.00503725 0.00632250 0.00551075
v -0.00519162 0.00648606 0.00553006
v -0.00503725 0.00632250 0.00551075
v -0.00473481 0.00607055 0.00563842
v -0.00473481 0.00607055 0.00563842
v -0.00503725 0.00632250 0.00551075
v -0.00475353 0.00607705 0.00556898
v -0.00473481 0.00607055 0.00563842
v -0.00475353 0.00607705 0.00556898
v -0.00439817 0.00582802 0.00561738
v -0.00518751 0.00647324 0.00547200
v -0.00519162 0.00648606 0.00553006
v -0.00532055 0.00662112 0.00543266
v -0.00532055 0.00662112 0.00543266
v -0.00519162 0.00648606 0.00553006
v -0.00557578 0.00696170 0.00539184
v -0.00532055 0.00662112 0.00543266
v -0.00557578 0.00696170 0.00539184
v -0.00557303 0.00694871 0.00534207
v -0.00588018 0.00747174 0.00520128
v -0.00581127 0.00733775 0.00523621
v -0.00588089 0.00748324 0.00524557
v -0.00588089 0.00748324 0.00524557
v -0.00581127 0.00733775 0.00523621
v -0.00566882 0.00709361 0.00530165
v -0.00588089 0.00748324 0.00524557
v -0.00566882 0.00709361 0.00530165
v -0.00557578 0.00696170 0.00539184
v -0.00557578 0.00696170 0.00539184
v -0.00566882 0.00709361 0.00530165
v -0.00560021 0.00698852 0.00533086
v -0.00557578 0.00696170 0.00539184
v -0.00560021 0.00698852 0.00533086
v -0.00557303 0.00694871 0.00534207
v -0.00588018 0.00747174 0.00520128
v -0.00588089 0.00748324 0.00524557
v -0.00600332 0.00774735 0.00513506
v -0.00600332 0.00774735 0.00513506
v -0.00588089 0.00748324 0.00524557
v -0.00610721 0.00804835 0.00511366
v -0.00600332 0.00774735 0.00513506
v -0.00610721 0.00804835 0.00511366
v -0.00605261 0.00787556 0.00510764
v -0.00605261 0.00787556 0.00510764
v -0.00610721 0.00804835 0.00511366
v -0.00613701 0.00813287 0.00505847
v -0.00613701 0.00813287 0.00505847
v -0.00610721 0.00804835 0.00511366
v -0.00618845 0.00834304 0.00506240
v -0.00613701 0.00813287 0.00505847
v -0.00618845 0.00834304 0.00506240
v -0.00623006 0.00852150 0.00500208
v -0.00623006 0.00852150 0.00500208
v -0.00618845 0.00834304 0.00506240
v -0.00624770 0.00864535 0.00502533
v -0.00623006 0.00852150 0.00500208
v -0.00624770 0.00864535 0.00502533
v -0.00628328 0.00890344 0.00497132
v -0.00624770 0.00864535 0.00502533
v -0.00628406 0.00895387 0.00500590
v -0.00628328 0.00890344 0.00497132
v -0.00628328 0.00890344 0.00497132
v -0.00628406 0.00895387 0.00500590
v -0.00629598 0.00926697 0.00500739
v -0.00628328 0.00890344 0.00497132
v -0.00629598 0.00926697 0.00500739
v -0.00629991 0.00926858 0.00497031
v -0.00628346 0.00926530 0.00504792
v -0.00629598 0.00926697 0.00500739
v -0.00627166 0.00895613 0.00504720
v -0.00627166 0.00895613 0.00504720
v -0.00629598 0.00926697 0.00500739
v -0.00628406 0.00895387 0.00500590
v -0.00627166 0.00895613 0.00504720
v -0.00628406 0.00895387 0.00500590
v -0.00623536 0.00865149 0.00506771
v -0.00624770 0.00864535 0.00502533
v -0.00623536 0.00865149 0.00506771
v -0.00624770 0.00864535 0.00502533
v -0.00617623 0.00835270 0.00510609
v -0.00618845 0.00834304 0.00506240
v -0.00617623 0.00835270 0.00510609
v -0.00618845 0.00834304 0.00506240
v -0.00609529 0.00806135 0.00515902
v -0.00610721 0.00804835 0.00511366
v -0.00609529 0.00806135 0.00515902
v -0.00610721 0.00804835 0.00511366
v -0.00586963 0.00750220 0.00529486
v -0.00588089 0.00748324 0.00524557
v -0.00586963 0.00750220 0.00529486
v -0.00588089 0.00748324 0.00524557
v -0.00556505 0.00698525 0.00544578
v -0.00556505 0.00698525 0.00544578
v -0.00588089 0.00748324 0.00524557
v -0.00557578 0.00696170 0.00539184
v -0.00556505 0.00698525 0.00544578
v -0.00557578 0.00696170 0.00539184
v -0.00518101 0.00651318 0.00558889
v -0.00519162 0.00648606 0.00553006
v -0.00518101 0.00651318 0.00558889
v -0.00519162 0.00648606 0.00553006
v -0.00472337 0.00610000 0.00570178
v -0.00472337 0.00610000 0.00570178
v -0.00519162 0.00648606 0.00553006
v -0.00473481 0.00607055 0.00563842
v -0.00472337 0.00610000 0.00570178
v -0.00473481 0.00607055 0.00563842
v -0.00446707 0.00591826 0.00574112
v -0.00447923 0.00588799 0.00567573
v -0.00446707 0.00591826 0.00574112
v -0.00447923 0.00588799 0.00567573
v -0.00419533 0.00575638 0.00576597
v -0.00420851 0.00572544 0.00569892
v -0.00419533 0.00575638 0.00576597
v -0.00420851 0.00572544 0.00569892
v -0.00391090 0.00561690 0.00577384
v -0.00391090 0.00561690 0.00577384
v -0.00420851 0.00572544 0.00569892
v -0.00392550 0.00558543 0.00570571
v -0.00391090 0.00561690 0.00577384
v -0.00392550 0.00558543 0.00570571
v -0.00364327 0.00551015 0.00576556
v -0.00364327 0.00551015 0.00576556
v -0.00392550 0.00558543 0.00570571
v -0.00365311 0.00548905 0.00572866
v -0.00364327 0.00551015 0.00576556
v -0.00362974 0.00554156 0.00579947
v -0.00391090 0.00561690 0.00577384
v -0.00391090 0.00561690 0.00577384
v -0.00362974 0.00554156 0.00579947
v -0.00388694 0.00566971 0.00582403
v -0.00391090 0.00561690 0.00577384
v -0.00388694 0.00566971 0.00582403
v -0.00419533 0.00575638 0.00576597
v -0.00419533 0.00575638 0.00576597
v -0.00388694 0.00566971 0.00582403
v -0.00417066 0.00580656 0.00581592
v -0.00419533 0.00575638 0.00576597
v -0.00417066 0.00580656 0.00581592
v -0.00446707 0.00591826 0.00574112
v -0.00446707 0.00591826 0.00574112
v -0.00417066 0.00580656 0.00581592
v -0.00444186 0.00596577 0.00579089
v -0.00446707 0.00591826 0.00574112
v -0.00444186 0.00596577 0.00579089
v -0.00472337 0.00610000 0.00570178
v -0.00472337 0.00610000 0.00570178
v -0.00444186 0.00596577 0.00579089
v -0.00469786 0.00614446 0.00575095
v -0.00472337 0.00610000 0.00570178
v -0.00469786 0.00614446 0.00575095
v -0.00518101 0.00651318 0.00558889
v -0.00518101 0.00651318 0.00558889
v -0.00469786 0.00614446 0.00575095
v -0.00515544 0.00655091 0.00563639
v -0.00518101 0.00651318 0.00558889
v -0.00515544 0.00655091 0.00563639
v -0.00556505 0.00698525 0.00544578
v -0.00556505 0.00698525 0.00544578
v -0.00515544 0.00655091 0.00563639
v -0.00554031 0.00701582 0.00549102
v -0.00556505 0.00698525 0.00544578
v -0.00554031 0.00701582 0.00549102
v -0.00586963 0.00750220 0.00529486
v -0.00586963 0.00750220 0.00529486
v -0.00554031 0.00701582 0.00549102
v -0.00584608 0.00752527 0.00533766
v -0.00586963 0.00750220 0.00529486
v -0.00584608 0.00752527 0.00533766
v -0.00609529 0.00806135 0.00515902
v -0.00609529 0.00806135 0.00515902
v -0.00584608 0.00752527 0.00533766
v -0.00607300 0.00807667 0.00519943
v -0.00609529 0.00806135 0.00515902
v -0.00607300 0.00807667 0.00519943
v -0.00617623 0.00835270 0.00510609
v -0.00617623 0.00835270 0.00510609
v -0.00607300 0.00807667 0.00519943
v -0.00614142 0.00844359 0.00516659
v -0.00617623 0.00835270 0.00510609
v -0.00614142 0.00844359 0.00516659
v -0.00620699 0.00880682 0.00512451
v -0.00629598 0.00926697 0.00500739
v -0.00628346 0.00926530 0.00504792
v -0.00628436 0.01095193 0.00513971
v -0.00624138 0.01333999 0.00546205
v -0.00623804 0.01553583 0.00578952
v -0.00628340 0.01598101 0.00579160
v -0.00628340 0.01598101 0.00579160
v -0.00623804 0.01553583 0.00578952
v -0.00622582 0.01919239 0.00636077
v -0.00628340 0.01598101 0.00579160
v -0.00622582 0.01919239 0.00636077
v -0.00628072 0.01932984 0.00630742
v -0.00628072 0.01932984 0.00630742
v -0.00622582 0.01919239 0.00636077
v -0.00621963 0.02118831 0.00662911
v -0.00628072 0.01932984 0.00630742
v -0.00621963 0.02118831 0.00662911
v -0.00627875 0.02100986 0.00653368
v -0.00627875 0.02100986 0.00653368
v -0.00621963 0.02118831 0.00662911
v -0.00621367 0.02268898 0.00679403
v -0.00627875 0.02100986 0.00653368
v -0.00628453 0.01263225 0.00530243
v -0.00624216 0.01262408 0.00536740
v -0.00624138 0.01333999 0.00546205
v -0.00624216 0.01262408 0.00536740
v -0.00628453 0.01263225 0.00530243
v -0.00624305 0.01199388 0.00529468
v -0.00624305 0.01199388 0.00529468
v -0.00628453 0.01263225 0.00530243
v -0.00628436 0.01095193 0.00513971
v -0.00624305 0.01199388 0.00529468
v -0.00628436 0.01095193 0.00513971
v -0.00624257 0.01070100 0.00518698
v -0.00624257 0.01070100 0.00518698
v -0.00628436 0.01095193 0.00513971
v -0.00628346 0.00926530 0.00504792
v -0.00624257 0.01070100 0.00518698
v -0.00629991 0.00926858 0.00497031
v -0.00629598 0.00926697 0.00500739
v -0.00629991 0.01086574 0.00505304
v -0.00629991 0.01086574 0.00505304
v -0.00629598 0.00926697 0.00500739
v -0.00628436 0.01095193 0.00513971
v -0.00629991 0.01086574 0.00505304
v -0.00628436 0.01095193 0.00513971
v -0.00629991 0.01199162 0.00515103
v -0.00629991 0.01199162 0.00515103
v -0.00628436 0.01095193 0.00513971
v -0.00628453 0.01263225 0.00530243
v -0.00629991 0.01199162 0.00515103
v -0.00628453 0.01263225 0.00530243
v -0.00629991 0.01264154 0.00522792
v -0.00624138 0.01333999 0.00546205
v -0.00628340 0.01598101 0.00579160
v -0.00628453 0.01263225 0.00530243
v -0.00628453 0.01263225 0.00530243
v -0.00628340 0.01598101 0.00579160
v -0.00629991 0.01354670 0.00534779
v -0.00628453 0.01263225 0.00530243
v -0.00629991 0.01354670 0.00534779
v -0.00629991 0.01264154 0.00522792
v -0.00627649 0.02269577 0.00672108
v -0.00629991 0.02270436 0.00663066
v -0.00629991 0.02241611 0.00660276
v -0.00627649 0.02269577 0.00672108
v -0.00629991 0.02241611 0.00660276
v -0.00627875 0.02100986 0.00653368
v -0.00627875 0.02100986 0.00653368
v -0.00629991 0.02241611 0.00660276
v -0.00629991 0.02067583 0.00640768
v -0.00627875 0.02100986 0.00653368
v -0.00629991 0.02067583 0.00640768
v -0.00628072 0.01932984 0.00630742
v -0.00628072 0.01932984 0.00630742
v -0.00629991 0.02067583 0.00640768
v -0.00629991 0.01857638 0.00611836
v -0.00628072 0.01932984 0.00630742
v -0.00629991 0.01857638 0.00611836
v -0.00628340 0.01598101 0.00579160
v -0.00628340 0.01598101 0.00579160
v -0.00629991 0.01857638 0.00611836
v -0.00629991 0.01592189 0.00570357
v -0.00628340 0.01598101 0.00579160
v -0.00629991 0.01592189 0.00570357
v -0.00629991 0.01628953 0.00470191
v -0.00629991 0.02228266 0.00498986
v -0.00619990 0.02228266 0.00498986
v -0.00569999 0.01678889 0.00472593
v -0.00576693 0.01653927 0.00471395
v -0.00594997 0.01635640 0.00470513
v -0.00594997 0.02221572 0.00498658
v -0.00576693 0.02203285 0.00497782
v -0.00569999 0.02178323 0.00496578
v -0.00619990 0.01628953 0.00470191
v -0.00486553 0.02361524 0.00732672
v -0.00437897 0.02364993 0.00731748
v -0.00485545 0.02366155 0.00726247
v -0.00485545 0.02366155 0.00726247
v -0.00437897 0.02364993 0.00731748
v -0.00437897 0.02367693 0.00722629
v -0.00485545 0.02366155 0.00726247
v -0.00437897 0.02367693 0.00722629
v -0.00484467 0.02367860 0.00719148
v -0.00437886 0.02354902 0.00740331
v -0.00437886 0.02357453 0.00739139
v -0.00487214 0.02354723 0.00736785
v -0.00487214 0.02354723 0.00736785
v -0.00437886 0.02357453 0.00739139
v -0.00437886 0.02358365 0.00738597
v -0.00487214 0.02354723 0.00736785
v -0.00437886 0.02358365 0.00738597
v -0.00486553 0.02361524 0.00732672
v -0.00486553 0.02361524 0.00732672
v -0.00437886 0.02358365 0.00738597
v -0.00437886 0.02361524 0.00736135
v -0.00486553 0.02361524 0.00732672
v -0.00437886 0.02361524 0.00736135
v -0.00437897 0.02364993 0.00731748
v -0.00437886 0.02354902 0.00740331
v -0.00487214 0.02354723 0.00736785
v -0.00437886 0.02349215 0.00741613
v -0.00437886 0.02349215 0.00741613
v -0.00487214 0.02354723 0.00736785
v -0.00487453 0.02347439 0.00737965
v -0.00437886 0.02349215 0.00741613
v -0.00487453 0.02347439 0.00737965
v -0.00437886 0.02347749 0.00741661
v -0.00535882 0.02347517 0.00726855
v -0.00487453 0.02347439 0.00737965
v -0.00535476 0.02354913 0.00725871
v -0.00535476 0.02354913 0.00725871
v -0.00487453 0.02347439 0.00737965
v -0.00487214 0.02354723 0.00736785
v -0.00535476 0.02354913 0.00725871
v -0.00487214 0.02354723 0.00736785
v -0.00534165 0.02361869 0.00721937
v -0.00534165 0.02361869 0.00721937
v -0.00487214 0.02354723 0.00736785
v -0.00486553 0.02361524 0.00732672
v -0.00534165 0.02361869 0.00721937
v -0.00486553 0.02361524 0.00732672
v -0.00532156 0.02366626 0.00715685
v -0.00485545 0.02366155 0.00726247
v -0.00532156 0.02366626 0.00715685
v -0.00485545 0.02366155 0.00726247
v -0.00529998 0.02368354 0.00708741
v -0.00484467 0.02367860 0.00719148
v -0.00437886 0.02347749 0.00741661
v -0.00249994 0.02347749 0.00741661
v -0.00437886 0.02349215 0.00741613
v -0.00437886 0.02349215 0.00741613
v -0.00249994 0.02347749 0.00741661
v -0.00249994 0.02357453 0.00739139
v -0.00437886 0.02349215 0.00741613
v -0.00249994 0.02357453 0.00739139
v -0.00437886 0.02354902 0.00740331
v -0.00437897 0.02364993 0.00731748
v -0.00437886 0.02361524 0.00736135
v -0.00249994 0.02361124 0.00736499
v -0.00249994 0.02361124 0.00736499
v -0.00437886 0.02361524 0.00736135
v -0.00437886 0.02358365 0.00738597
v -0.00249994 0.02361124 0.00736499
v -0.00437886 0.02358365 0.00738597
v -0.00249994 0.02357453 0.00739139
v -0.00249994 0.02357453 0.00739139
v -0.00437886 0.02358365 0.00738597
v -0.00437886 0.02357453 0.00739139
v -0.00249994 0.02357453 0.00739139
v -0.00437886 0.02357453 0.00739139
v -0.00437886 0.02354902 0.00740331
v -0.00249994 0.02361124 0.00736499
v -0.00249994 0.02364706 0.00732201
v -0.00437897 0.02364993 0.00731748
v -0.00437897 0.02364993 0.00731748
v -0.00249994 0.02364706 0.00732201
v -0.00249994 0.02367693 0.00722629
v -0.00437897 0.02364993 0.00731748
v -0.00249994 0.02367693 0.00722629
v -0.00437897 0.02367693 0.00722629
v -0.00151229 0.02017408 0.00723642
v -0.00149989 0.02017623 0.00716722
v -0.00149989 0.02267628 0.00721473
v -0.00151229 0.01767414 0.00712633
v -0.00149989 0.01767814 0.00705719
v -0.00149989 0.02017623 0.00716722
v -0.00151229 0.02017408 0.00723642
v -0.00151229 0.01767414 0.00712633
v -0.00151229 0.02017408 0.00723642
v -0.00155854 0.02017176 0.00730860
v -0.00155854 0.01767015 0.00719839
v -0.00155854 0.01767015 0.00719839
v -0.00155854 0.02017176 0.00730860
v -0.00163072 0.02017033 0.00735480
v -0.00163072 0.01766753 0.00724453
v -0.00163072 0.02267503 0.00740236
v -0.00169998 0.02267497 0.00741476
v -0.00169998 0.02016991 0.00736713
v -0.00151229 0.02267587 0.00728393
v -0.00151229 0.02017408 0.00723642
v -0.00151229 0.02267587 0.00728393
v -0.00155854 0.02267539 0.00735611
v -0.00155854 0.02017176 0.00730860
v -0.00155854 0.02017176 0.00730860
v -0.00155854 0.02267539 0.00735611
v -0.00163072 0.02267503 0.00740236
v -0.00163072 0.02017033 0.00735480
v -0.00163072 0.02017033 0.00735480
v -0.00163072 0.02017033 0.00735480
v -0.00169998 0.02016991 0.00736713
v -0.00163072 0.01766753 0.00724453
v -0.00169998 0.01766675 0.00725693
v -0.00160831 0.02312916 0.00722164
v -0.00156170 0.02302259 0.00722009
v -0.00156170 0.02311331 0.00533003
v -0.00156170 0.02311331 0.00533003
v -0.00156170 0.02302259 0.00722009
v -0.00153470 0.02293783 0.00721866
v -0.00156170 0.02311331 0.00533003
v -0.00153470 0.02293783 0.00721866
v -0.00149989 0.02276766 0.00531346
v -0.00149989 0.02276766 0.00531346
v -0.00153470 0.02293783 0.00721866
v -0.00150144 0.02273082 0.00721556
v -0.00149989 0.02276766 0.00531346
v -0.00150144 0.02273082 0.00721556
v -0.00149989 0.02267628 0.00721473
v -0.00160831 0.02312916 0.00722164
v -0.00156170 0.02311331 0.00533003
v -0.00173134 0.02331638 0.00722432
v -0.00173134 0.02331638 0.00722432
v -0.00156170 0.02311331 0.00533003
v -0.00179285 0.02347391 0.00534737
v -0.00173134 0.02331638 0.00722432
v -0.00179285 0.02347391 0.00534737
v -0.00179285 0.02338367 0.00722510
v -0.00215387 0.02370470 0.00535852
v -0.00249994 0.02376645 0.00536150
v -0.00249994 0.02367693 0.00722629
v -0.00249994 0.02367693 0.00722629
v -0.00229293 0.02365523 0.00722659
v -0.00215387 0.02370470 0.00535852
v -0.00215387 0.02370470 0.00535852
v -0.00229293 0.02365523 0.00722659
v -0.00207114 0.02358019 0.00722677
v -0.00215387 0.02370470 0.00535852
v -0.00207114 0.02358019 0.00722677
v -0.00179285 0.02347391 0.00534737
v -0.00179285 0.02347391 0.00534737
v -0.00207114 0.02358019 0.00722677
v -0.00189340 0.02347171 0.00722599
v -0.00179285 0.02347391 0.00534737
v -0.00189340 0.02347171 0.00722599
v -0.00179285 0.02338367 0.00722510
v 0.00169998 0.01766675 0.00725693
v 0.00161844 0.01723241 0.00722903
v 0.00168866 0.01746791 0.00724542
v 0.00168866 0.01746791 0.00724542
v 0.00161844 0.01723241 0.00722903
v 0.00162911 0.01718199 0.00722814
v 0.00162911 0.01718199 0.00722814
v 0.00161844 0.01723241 0.00722903
v 0.00152254 0.01691156 0.00721121
v 0.00152254 0.01691156 0.00721121
v 0.00161844 0.01723241 0.00722903
v 0.00144893 0.01682496 0.00720340
v 0.00152254 0.01691156 0.00721121
v 0.00144893 0.01682496 0.00720340
v 0.00146961 0.01681280 0.00720483
v 0.00146961 0.01681280 0.00720483
v 0.00144893 0.01682496 0.00720340
v 0.00138098 0.01667541 0.00719583
v 0.00138098 0.01667541 0.00719583
v 0.00144893 0.01682496 0.00720340
v 0.00118589 0.01648080 0.00718045
v 0.00138098 0.01667541 0.00719583
v 0.00118589 0.01648080 0.00718045
v 0.00118768 0.01645028 0.00718063
v 0.00118768 0.01645028 0.00718063
v 0.00118589 0.01648080 0.00718045
v 0.00095351 0.01625949 0.00716734
v 0.00095351 0.01625949 0.00716734
v 0.00118589 0.01648080 0.00718045
v 0.00083456 0.01621389 0.00716180
v 0.00095351 0.01625949 0.00716734
v 0.00083456 0.01621389 0.00716180
v 0.00084665 0.01619273 0.00716251
v 0.00084665 0.01619273 0.00716251
v 0.00083456 0.01621389 0.00716180
v 0.00071240 0.01612341 0.00715756
v 0.00071240 0.01612341 0.00715756
v 0.00083456 0.01621389 0.00716180
v 0.00042539 0.01604622 0.00714970
v 0.00071240 0.01612341 0.00715756
v 0.00042539 0.01604622 0.00714970
v 0.00043997 0.01602482 0.00715047
v 0.00043997 0.01602482 0.00715047
v 0.00042539 0.01604622 0.00714970
v 0.00015580 0.01597404 0.00714660
v 0.00015580 0.01597404 0.00714660
v 0.00042539 0.01604622 0.00714970
v 0.00000114 0.01598984 0.00714552
v 0.00015580 0.01597404 0.00714660
v 0.00000114 0.01598984 0.00714552
v -0.00006941 0.01596826 0.00714624
v -0.00006941 0.01596826 0.00714624
v 0.00000114 0.01598984 0.00714552
v -0.00034584 0.01600170 0.00714868
v -0.00034584 0.01600170 0.00714868
v 0.00000114 0.01598984 0.00714552
v -0.00043543 0.01604843 0.00714988
v -0.00034584 0.01600170 0.00714868
v -0.00043543 0.01604843 0.00714988
v -0.00044177 0.01602476 0.00715047
v -0.00044177 0.01602476 0.00715047
v -0.00043543 0.01604843 0.00714988
v -0.00062747 0.01608717 0.00715500
v -0.00062747 0.01608717 0.00715500
v -0.00043543 0.01604843 0.00714988
v -0.00084516 0.01621937 0.00716221
v -0.00062747 0.01608717 0.00715500
v -0.00084516 0.01621937 0.00716221
v -0.00088595 0.01621633 0.00716418
v -0.00088595 0.01621633 0.00716418
v -0.00084516 0.01621937 0.00716221
v -0.00111818 0.01638627 0.00717610
v -0.00111818 0.01638627 0.00717610
v -0.00084516 0.01621937 0.00716221
v -0.00118500 0.01647990 0.00718033
v -0.00111818 0.01638627 0.00717610
v -0.00118500 0.01647990 0.00718033
v -0.00120121 0.01646357 0.00718153
v -0.00132096 0.01659661 0.00719059
v -0.00132096 0.01659661 0.00719059
v -0.00118500 0.01647990 0.00718033
v -0.00145304 0.01682943 0.00720370
v -0.00132096 0.01659661 0.00719059
v -0.00145304 0.01682943 0.00720370
v -0.00148410 0.01683789 0.00720644
v -0.00148410 0.01683789 0.00720644
v -0.00145304 0.01682943 0.00720370
v -0.00160307 0.01710152 0.00722325
v -0.00160307 0.01710152 0.00722325
v -0.00145304 0.01682943 0.00720370
v -0.00162154 0.01723861 0.00722945
v -0.00160307 0.01710152 0.00722325
v -0.00162154 0.01723861 0.00722945
v -0.00164354 0.01723271 0.00723130
v -0.00163072 0.01766753 0.00724453
v -0.00169998 0.01766675 0.00725693
v -0.00162154 0.01723861 0.00722945
v -0.00162154 0.01723861 0.00722945
v -0.00169998 0.01766675 0.00725693
v -0.00167537 0.01737922 0.00724018
v -0.00162154 0.01723861 0.00722945
v -0.00167537 0.01737922 0.00724018
v -0.00164354 0.01723271 0.00723130
v -0.00155854 0.01767015 0.00719839
v -0.00163072 0.01766753 0.00724453
v -0.00156623 0.01725447 0.00720942
v -0.00151229 0.01767414 0.00712633
v -0.00155854 0.01767015 0.00719839
v -0.00149673 0.01727646 0.00715065
v -0.00149989 0.01767814 0.00705719
v -0.00151229 0.01767414 0.00712633
v -0.00145894 0.01729053 0.00708431
v -0.00145018 0.01729583 0.00703412
v -0.00145018 0.01729583 0.00703412
v -0.00145894 0.01729053 0.00708431
v -0.00130725 0.01692295 0.00706065
v -0.00129950 0.01693063 0.00701040
v -0.00129950 0.01693063 0.00701040
v -0.00130725 0.01692295 0.00706065
v -0.00106603 0.01660913 0.00703907
v -0.00105983 0.01661872 0.00698882
v 0.00050746 0.01627129 0.00696325
v 0.00038048 0.01623153 0.00696021
v 0.00038261 0.01621979 0.00701058
v 0.00038261 0.01621979 0.00701058
v 0.00038048 0.01623153 0.00696021
v 0.00000102 0.01618123 0.00695628
v 0.00000102 0.01616925 0.00700665
v 0.00000102 0.01616925 0.00700665
v 0.00000102 0.01618123 0.00695628
v -0.00038946 0.01623356 0.00696033
v -0.00039163 0.01622182 0.00701070
v -0.00039163 0.01622182 0.00701070
v -0.00038946 0.01623356 0.00696033
v -0.00050766 0.01627069 0.00696319
v -0.00039163 0.01622182 0.00701070
v -0.00050766 0.01627069 0.00696319
v -0.00076020 0.01637524 0.00702220
v -0.00076020 0.01637524 0.00702220
v -0.00050766 0.01627069 0.00696319
v -0.00075591 0.01638621 0.00697184
v -0.00076020 0.01637524 0.00702220
v -0.00075591 0.01638621 0.00697184
v -0.00106603 0.01660913 0.00703907
v -0.00106603 0.01660913 0.00703907
v -0.00075591 0.01638621 0.00697184
v -0.00095602 0.01652479 0.00698203
v -0.00106603 0.01660913 0.00703907
v -0.00095602 0.01652479 0.00698203
v -0.00105983 0.01661872 0.00698882
v -0.00163072 0.01766753 0.00724453
v -0.00162154 0.01723861 0.00722945
v -0.00156623 0.01725447 0.00720942
v -0.00156623 0.01725447 0.00720942
v -0.00162154 0.01723861 0.00722945
v -0.00145304 0.01682943 0.00720370
v -0.00140339 0.01685935 0.00718450
v -0.00140339 0.01685935 0.00718450
v -0.00145304 0.01682943 0.00720370
v -0.00118500 0.01647990 0.00718033
v -0.00114441 0.01652199 0.00716191
v -0.00114441 0.01652199 0.00716191
v -0.00118500 0.01647990 0.00718033
v -0.00084516 0.01621937 0.00716221
v -0.00081615 0.01627039 0.00714433
v -0.00081615 0.01627039 0.00714433
v -0.00084516 0.01621937 0.00716221
v -0.00043543 0.01604843 0.00714988
v -0.00042046 0.01610547 0.00713247
v -0.00042046 0.01610547 0.00713247
v -0.00043543 0.01604843 0.00714988
v 0.00000114 0.01598984 0.00714552
v 0.00000110 0.01604890 0.00712818
v 0.00000110 0.01604890 0.00712818
v 0.00000114 0.01598984 0.00714552
v 0.00042539 0.01604622 0.00714970
v 0.00041077 0.01610332 0.00713223
v 0.00041077 0.01610332 0.00713223
v 0.00042539 0.01604622 0.00714970
v 0.00083456 0.01621389 0.00716180
v 0.00080592 0.01626515 0.00714397
v 0.00080592 0.01626515 0.00714397
v 0.00083456 0.01621389 0.00716180
v 0.00118589 0.01648080 0.00718045
v 0.00114530 0.01652276 0.00716197
v 0.00114530 0.01652276 0.00716197
v 0.00118589 0.01648080 0.00718045
v 0.00144893 0.01682496 0.00720340
v 0.00139946 0.01685500 0.00718421
v 0.00139946 0.01685500 0.00718421
v 0.00144893 0.01682496 0.00720340
v 0.00161844 0.01723241 0.00722903
v 0.00156337 0.01724851 0.00720900
v 0.00156337 0.01724851 0.00720900
v 0.00161844 0.01723241 0.00722903
v 0.00169998 0.01766675 0.00725693
v 0.00156337 0.01724851 0.00720900
v 0.00169998 0.01766675 0.00725693
v 0.00163072 0.01766753 0.00724453
v -0.00155854 0.01767015 0.00719839
v -0.00156623 0.01725447 0.00720942
v -0.00149673 0.01727646 0.00715065
v -0.00149673 0.01727646 0.00715065
v -0.00156623 0.01725447 0.00720942
v -0.00140339 0.01685935 0.00718450
v -0.00134098 0.01689910 0.00712651
v -0.00134098 0.01689910 0.00712651
v -0.00140339 0.01685935 0.00718450
v -0.00114441 0.01652199 0.00716191
v -0.00109345 0.01657712 0.00710475
v -0.00109345 0.01657712 0.00710475
v -0.00114441 0.01652199 0.00716191
v -0.00081615 0.01627039 0.00714433
v -0.00109345 0.01657712 0.00710475
v -0.00081615 0.01627039 0.00714433
v -0.00077972 0.01633697 0.00708765
v -0.00077972 0.01633697 0.00708765
v -0.00081615 0.01627039 0.00714433
v -0.00042046 0.01610547 0.00713247
v -0.00040168 0.01617962 0.00707614
v -0.00040168 0.01617962 0.00707614
v -0.00042046 0.01610547 0.00713247
v 0.00000110 0.01604890 0.00712818
v 0.00000105 0.01612561 0.00707209
v 0.00000105 0.01612561 0.00707209
v 0.00000110 0.01604890 0.00712818
v 0.00041077 0.01610332 0.00713223
v 0.00039242 0.01617759 0.00707596
v 0.00039242 0.01617759 0.00707596
v 0.00041077 0.01610332 0.00713223
v 0.00080592 0.01626515 0.00714397
v 0.00076994 0.01633197 0.00708729
v 0.00076994 0.01633197 0.00708729
v 0.00080592 0.01626515 0.00714397
v 0.00114530 0.01652276 0.00716197
v 0.00076994 0.01633197 0.00708729
v 0.00114530 0.01652276 0.00716197
v 0.00109422 0.01657783 0.00710475
v 0.00109422 0.01657783 0.00710475
v 0.00114530 0.01652276 0.00716197
v 0.00139946 0.01685500 0.00718421
v 0.00133711 0.01689505 0.00712621
v 0.00133711 0.01689505 0.00712621
v 0.00139946 0.01685500 0.00718421
v 0.00156337 0.01724851 0.00720900
v 0.00149387 0.01727074 0.00715029
v 0.00149387 0.01727074 0.00715029
v 0.00156337 0.01724851 0.00720900
v 0.00163072 0.01766753 0.00724453
v 0.00149387 0.01727074 0.00715029
v 0.00163072 0.01766753 0.00724453
v 0.00155854 0.01767015 0.00719839
v -0.00151229 0.01767414 0.00712633
v -0.00149673 0.01727646 0.00715065
v -0.00145894 0.01729053 0.00708431
v -0.00145894 0.01729053 0.00708431
v -0.00149673 0.01727646 0.00715065
v -0.00134098 0.01689910 0.00712651
v -0.00130725 0.01692295 0.00706065
v -0.00130725 0.01692295 0.00706065
v -0.00134098 0.01689910 0.00712651
v -0.00109345 0.01657712 0.00710475
v -0.00106603 0.01660913 0.00703907
v -0.00106603 0.01660913 0.00703907
v -0.00109345 0.01657712 0.00710475
v -0.00077972 0.01633697 0.00708765
v -0.00076020 0.01637524 0.00702220
v -0.00076020 0.01637524 0.00702220
v -0.00077972 0.01633697 0.00708765
v -0.00040168 0.01617962 0.00707614
v -0.00039163 0.01622182 0.00701070
v -0.00039163 0.01622182 0.00701070
v -0.00040168 0.01617962 0.00707614
v 0.00000105 0.01612561 0.00707209
v 0.00000102 0.01616925 0.00700665
v 0.00000102 0.01616925 0.00700665
v 0.00000105 0.01612561 0.00707209
v 0.00039242 0.01617759 0.00707596
v 0.00038261 0.01621979 0.00701058
v 0.00038261 0.01621979 0.00701058
v 0.00039242 0.01617759 0.00707596
v 0.00076994 0.01633197 0.00708729
v 0.00075067 0.01637023 0.00702184
v 0.00075067 0.01637023 0.00702184
v 0.00076994 0.01633197 0.00708729
v 0.00109422 0.01657783 0.00710475
v 0.00106674 0.01660984 0.00703907
v 0.00106674 0.01660984 0.00703907
v 0.00109422 0.01657783 0.00710475
v 0.00133711 0.01689505 0.00712621
v 0.00130349 0.01691883 0.00706029
v 0.00130349 0.01691883 0.00706029
v 0.00133711 0.01689505 0.00712621
v 0.00149387 0.01727074 0.00715029
v 0.00145620 0.01728487 0.00708401
v 0.00145620 0.01728487 0.00708401
v 0.00149387 0.01727074 0.00715029
v 0.00155854 0.01767015 0.00719839
v 0.00145620 0.01728487 0.00708401
v 0.00155854 0.01767015 0.00719839
v 0.00151229 0.01767414 0.00712633
v 0.00050746 0.01627129 0.00696325
v 0.00038261 0.01621979 0.00701058
v 0.00074643 0.01638126 0.00697148
v 0.00074643 0.01638126 0.00697148
v 0.00038261 0.01621979 0.00701058
v 0.00075067 0.01637023 0.00702184
v 0.00074643 0.01638126 0.00697148
v 0.00075067 0.01637023 0.00702184
v 0.00095595 0.01652491 0.00698203
v 0.00095595 0.01652491 0.00698203
v 0.00075067 0.01637023 0.00702184
v 0.00106674 0.01660984 0.00703907
v 0.00095595 0.01652491 0.00698203
v 0.00106674 0.01660984 0.00703907
v 0.00106061 0.01661950 0.00698882
v 0.00106061 0.01661950 0.00698882
v 0.00106674 0.01660984 0.00703907
v 0.00130349 0.01691883 0.00706029
v 0.00129580 0.01692664 0.00701010
v 0.00129580 0.01692664 0.00701010
v 0.00130349 0.01691883 0.00706029
v 0.00145620 0.01728487 0.00708401
v 0.00144744 0.01729035 0.00703376
v 0.00144744 0.01729035 0.00703376
v 0.00145620 0.01728487 0.00708401
v 0.00151229 0.01767414 0.00712633
v 0.00149989 0.01767814 0.00705719
v 0.00149989 0.02267628 0.00721473
v 0.00149989 0.02017623 0.00716722
v 0.00149989 0.01767814 0.00705719
v 0.00249994 0.02367693 0.00722629
v 0.00437874 0.02367693 0.00722629
v 0.00484455 0.02367860 0.00719148
v 0.00529998 0.02368354 0.00708741
v 0.00619990 0.02228266 0.00498986
v 0.00619990 0.02226823 0.00528943
v 0.00629991 0.02228266 0.00498986
v 0.00629991 0.02226823 0.00528943
v 0.00569999 0.02178323 0.00496578
v 0.00569999 0.02176874 0.00526547
v 0.00576693 0.02201855 0.00527751
v 0.00576693 0.02203285 0.00497782
v 0.00576693 0.02203285 0.00497782
v 0.00576693 0.02201855 0.00527751
v 0.00594997 0.02220129 0.00528628
v 0.00594997 0.02221572 0.00498658
v 0.00594997 0.02221572 0.00498658
v 0.00594997 0.02220129 0.00528628
v 0.00619990 0.02226823 0.00528943
v 0.00619990 0.02228266 0.00498986
v 0.00569999 0.01678889 0.00472593
v 0.00569999 0.01677459 0.00502551
v 0.00569999 0.02178323 0.00496578
v 0.00569999 0.02176874 0.00526547
v 0.00619990 0.01628953 0.00470191
v 0.00619990 0.01627510 0.00500154
v 0.00594997 0.01634204 0.00500482
v 0.00594997 0.01635640 0.00470513
v 0.00594997 0.01635640 0.00470513
v 0.00594997 0.01634204 0.00500482
v 0.00576693 0.01652485 0.00501359
v 0.00576693 0.01653927 0.00471395
v 0.00576693 0.01653927 0.00471395
v 0.00576693 0.01652485 0.00501359
v 0.00569999 0.01677459 0.00502551
v 0.00569999 0.01678889 0.00472593
v 0.00629991 0.01628953 0.00470191
v 0.00629991 0.01627510 0.00500154
v 0.00619990 0.01628953 0.00470191
v 0.00619990 0.01627510 0.00500154
v 0.00629991 0.00978386 0.00499332
v 0.00629991 0.00926858 0.00497031
v 0.00629991 0.02270436 0.00663066
v 0.00629991 0.02226823 0.00528943
v 0.00629991 0.02089512 0.00643468
v 0.00629991 0.02228266 0.00498986
v 0.00629991 0.01383215 0.00538760
v 0.00629991 0.01243162 0.00520199
v 0.00629991 0.01627510 0.00500154
v 0.00629991 0.01169019 0.00511998
v 0.00629991 0.01123791 0.00508022
v 0.00629991 0.02015537 0.00634104
v 0.00629991 0.01903760 0.00618607
v 0.00629991 0.01628953 0.00470191
v 0.00629991 0.01614123 0.00573844
v 0.00229996 0.00523412 0.00559145
v 0.00229996 0.00528783 0.00447369
v 0.00265127 0.00524920 0.00559413
v 0.00265127 0.00524920 0.00559413
v 0.00229996 0.00528783 0.00447369
v 0.00284803 0.00532550 0.00447559
v 0.00373012 0.00549662 0.00563651
v 0.00366527 0.00547260 0.00563306
v 0.00368446 0.00553477 0.00448561
v 0.00368446 0.00553477 0.00448561
v 0.00366527 0.00547260 0.00563306
v 0.00333816 0.00536996 0.00561523
v 0.00368446 0.00553477 0.00448561
v 0.00333816 0.00536996 0.00561523
v 0.00284803 0.00532550 0.00447559
v 0.00284803 0.00532550 0.00447559
v 0.00333816 0.00536996 0.00561523
v 0.00299740 0.00529456 0.00560200
v 0.00284803 0.00532550 0.00447559
v 0.00299740 0.00529456 0.00560200
v 0.00265127 0.00524920 0.00559413
v 0.00373012 0.00549662 0.00563651
v 0.00368446 0.00553477 0.00448561
v 0.00407314 0.00564677 0.00563937
v 0.00407314 0.00564677 0.00563937
v 0.00368446 0.00553477 0.00448561
v 0.00445652 0.00591815 0.00450396
v 0.00407314 0.00564677 0.00563937
v 0.00445652 0.00591815 0.00450396
v 0.00441641 0.00583941 0.00561702
v 0.00441641 0.00583941 0.00561702
v 0.00445652 0.00591815 0.00450396
v 0.00474644 0.00607145 0.00557244
v 0.00474644 0.00607145 0.00557244
v 0.00445652 0.00591815 0.00450396
v 0.00512832 0.00645804 0.00452995
v 0.00474644 0.00607145 0.00557244
v 0.00512832 0.00645804 0.00452995
v 0.00505686 0.00634116 0.00550866
v 0.00534207 0.00664634 0.00542772
v 0.00519902 0.00648528 0.00547129
v 0.00512832 0.00645804 0.00452995
v 0.00512832 0.00645804 0.00452995
v 0.00519902 0.00648528 0.00547129
v 0.00512862 0.00641215 0.00549042
v 0.00512832 0.00645804 0.00452995
v 0.00512862 0.00641215 0.00549042
v 0.00505686 0.00634116 0.00550866
v 0.00588453 0.00748062 0.00519675
v 0.00566876 0.00712907 0.00456220
v 0.00597817 0.00768644 0.00514716
v 0.00597817 0.00768644 0.00514716
v 0.00566876 0.00712907 0.00456220
v 0.00605273 0.00790036 0.00459927
v 0.00597817 0.00768644 0.00514716
v 0.00605273 0.00790036 0.00459927
v 0.00605261 0.00787568 0.00510585
v 0.00588453 0.00748062 0.00519675
v 0.00578320 0.00728649 0.00524765
v 0.00566876 0.00712907 0.00456220
v 0.00566876 0.00712907 0.00456220
v 0.00578320 0.00728649 0.00524765
v 0.00566876 0.00709361 0.00530070
v 0.00566876 0.00712907 0.00456220
v 0.00566876 0.00709361 0.00530070
v 0.00512832 0.00645804 0.00452995
v 0.00512832 0.00645804 0.00452995
v 0.00566876 0.00709361 0.00530070
v 0.00557846 0.00695658 0.00533980
v 0.00512832 0.00645804 0.00452995
v 0.00557846 0.00695658 0.00533980
v 0.00534207 0.00664634 0.00542772
v 0.00626218 0.00873578 0.00463939
v 0.00629991 0.00928319 0.00466561
v 0.00629991 0.00926858 0.00497031
v 0.00629991 0.00926858 0.00497031
v 0.00628150 0.00888443 0.00497180
v 0.00626218 0.00873578 0.00463939
v 0.00626218 0.00873578 0.00463939
v 0.00628150 0.00888443 0.00497180
v 0.00621933 0.00846672 0.00500739
v 0.00626218 0.00873578 0.00463939
v 0.00621933 0.00846672 0.00500739
v 0.00605273 0.00790036 0.00459927
v 0.00605273 0.00790036 0.00459927
v 0.00621933 0.00846672 0.00500739
v 0.00610948 0.00804269 0.00507283
v 0.00605273 0.00790036 0.00459927
v 0.00610948 0.00804269 0.00507283
v 0.00605261 0.00787568 0.00510585
v 0.00229996 0.00523412 0.00559145
v -0.00229996 0.00523412 0.00559145
v -0.00629991 0.00926858 0.00497031
v -0.00629991 0.00928319 0.00466561
v -0.00628328 0.00890344 0.00497132
v -0.00628328 0.00890344 0.00497132
v -0.00629991 0.00928319 0.00466561
v -0.00626218 0.00873578 0.00463939
v -0.00628328 0.00890344 0.00497132
v -0.00626218 0.00873578 0.00463939
v -0.00623006 0.00852150 0.00500208
v -0.00623006 0.00852150 0.00500208
v -0.00626218 0.00873578 0.00463939
v -0.00613701 0.00813287 0.00505847
v -0.00605273 0.00790036 0.00459927
v -0.00613701 0.00813287 0.00505847
v -0.00605273 0.00790036 0.00459927
v -0.00605261 0.00787556 0.00510764
v -0.00566882 0.00709361 0.00530165
v -0.00581127 0.00733775 0.00523621
v -0.00566876 0.00712907 0.00456220
v -0.00566876 0.00712907 0.00456220
v -0.00581127 0.00733775 0.00523621
v -0.00588018 0.00747174 0.00520128
v -0.00566876 0.00712907 0.00456220
v -0.00588018 0.00747174 0.00520128
v -0.00605273 0.00790036 0.00459927
v -0.00605273 0.00790036 0.00459927
v -0.00588018 0.00747174 0.00520128
v -0.00600332 0.00774735 0.00513506
v -0.00605273 0.00790036 0.00459927
v -0.00600332 0.00774735 0.00513506
v -0.00605261 0.00787556 0.00510764
v -0.00503725 0.00632250 0.00551075
v -0.00512862 0.00641221 0.00548786
v -0.00512832 0.00645804 0.00452995
v -0.00512832 0.00645804 0.00452995
v -0.00512862 0.00641221 0.00548786
v -0.00518751 0.00647324 0.00547200
v -0.00518751 0.00647324 0.00547200
v -0.00532055 0.00662112 0.00543266
v -0.00512832 0.00645804 0.00452995
v -0.00512832 0.00645804 0.00452995
v -0.00532055 0.00662112 0.00543266
v -0.00557303 0.00694871 0.00534207
v -0.00512832 0.00645804 0.00452995
v -0.00557303 0.00694871 0.00534207
v -0.00566876 0.00712907 0.00456220
v -0.00566876 0.00712907 0.00456220
v -0.00557303 0.00694871 0.00534207
v -0.00560021 0.00698852 0.00533086
v -0.00566876 0.00712907 0.00456220
v -0.00560021 0.00698852 0.00533086
v -0.00566882 0.00709361 0.00530165
v -0.00503725 0.00632250 0.00551075
v -0.00512832 0.00645804 0.00452995
v -0.00475353 0.00607705 0.00556898
v -0.00475353 0.00607705 0.00556898
v -0.00512832 0.00645804 0.00452995
v -0.00445652 0.00591815 0.00450396
v -0.00475353 0.00607705 0.00556898
v -0.00445652 0.00591815 0.00450396
v -0.00439817 0.00582802 0.00561738
v -0.00439817 0.00582802 0.00561738
v -0.00445652 0.00591815 0.00450396
v -0.00402665 0.00562412 0.00563997
v -0.00402665 0.00562412 0.00563997
v -0.00445652 0.00591815 0.00450396
v -0.00368446 0.00553477 0.00448561
v -0.00402665 0.00562412 0.00563997
v -0.00368446 0.00553477 0.00448561
v -0.00366515 0.00547260 0.00563306
v -0.00284803 0.00532550 0.00447559
v -0.00229996 0.00528783 0.00447369
v -0.00229996 0.00523412 0.00559145
v -0.00229996 0.00523412 0.00559145
v -0.00264919 0.00524908 0.00559402
v -0.00284803 0.00532550 0.00447559
v -0.00284803 0.00532550 0.00447559
v -0.00264919 0.00524908 0.00559402
v -0.00299335 0.00529385 0.00560194
v -0.00284803 0.00532550 0.00447559
v -0.00299335 0.00529385 0.00560194
v -0.00368446 0.00553477 0.00448561
v -0.00368446 0.00553477 0.00448561
v -0.00299335 0.00529385 0.00560194
v -0.00333208 0.00536829 0.00561494
v -0.00368446 0.00553477 0.00448561
v -0.00333208 0.00536829 0.00561494
v -0.00366515 0.00547260 0.00563306
v -0.00629991 0.01857638 0.00611836
v -0.00629991 0.02067583 0.00640768
v -0.00629991 0.02226823 0.00528943
v -0.00629991 0.02228266 0.00498986
v -0.00629991 0.01628953 0.00470191
v -0.00629991 0.01627510 0.00500154
v -0.00629991 0.02241611 0.00660276
v -0.00629991 0.02270436 0.00663066
v -0.00629991 0.00926858 0.00497031
v -0.00629991 0.01086574 0.00505304
v -0.00629991 0.01199162 0.00515103
v -0.00629991 0.01264154 0.00522792
v -0.00629991 0.01354670 0.00534779
v -0.00629991 0.01592189 0.00570357
v -0.00619990 0.01628953 0.00470191
v -0.00619990 0.01627510 0.00500154
v -0.00629991 0.01628953 0.00470191
v -0.00629991 0.01627510 0.00500154
v -0.00569999 0.01678889 0.00472593
v -0.00569999 0.01677459 0.00502551
v -0.00576693 0.01652485 0.00501359
v -0.00576693 0.01653927 0.00471395
v -0.00576693 0.01653927 0.00471395
v -0.00576693 0.01652485 0.00501359
v -0.00594997 0.01634204 0.00500482
v -0.00594997 0.01635640 0.00470513
v -0.00594997 0.01635640 0.00470513
v -0.00594997 0.01634204 0.00500482
v -0.00619990 0.01627510 0.00500154
v -0.00619990 0.01628953 0.00470191
v -0.00569999 0.02178323 0.00496578
v -0.00569999 0.02176874 0.00526547
v -0.00569999 0.01678889 0.00472593
v -0.00569999 0.01677459 0.00502551
v -0.00619990 0.02228266 0.00498986
v -0.00619990 0.02226823 0.00528943
v -0.00594997 0.02220129 0.00528628
v -0.00594997 0.02221572 0.00498658
v -0.00594997 0.02221572 0.00498658
v -0.00594997 0.02220129 0.00528628
v -0.00576693 0.02201855 0.00527751
v -0.00576693 0.02203285 0.00497782
v -0.00576693 0.02203285 0.00497782
v -0.00576693 0.02201855 0.00527751
v -0.00569999 0.02176874 0.00526547
v -0.00569999 0.02178323 0.00496578
v -0.00629991 0.02228266 0.00498986
v -0.00629991 0.02226823 0.00528943
v -0.00619990 0.02228266 0.00498986
v -0.00619990 0.02226823 0.00528943
v -0.00249994 0.02367693 0.00722629
v -0.00437897 0.02367693 0.00722629
v -0.00484467 0.02367860 0.00719148
v -0.00529998 0.02368354 0.00708741
v -0.00149989 0.02267628 0.00721473
v -0.00149989 0.02017623 0.00716722
v -0.00149989 0.01767814 0.00705719
v -0.00147337 0.01749265 0.00506002
v -0.00149989 0.01777338 0.00507355
v -0.00149989 0.01767814 0.00705719
v 0.00144744 0.01729035 0.00703376
v 0.00149989 0.01767814 0.00705719
v 0.00149989 0.01777338 0.00507355
v 0.00149989 0.01777338 0.00507355
v 0.00147337 0.01749265 0.00506002
v 0.00144744 0.01729035 0.00703376
v 0.00144744 0.01729035 0.00703376
v 0.00147337 0.01749265 0.00506002
v 0.00129110 0.01701068 0.00503695
v 0.00144744 0.01729035 0.00703376
v 0.00129110 0.01701068 0.00503695
v 0.00129580 0.01692664 0.00701010
v 0.00129580 0.01692664 0.00701010
v 0.00129110 0.01701068 0.00503695
v 0.00106061 0.01661950 0.00698882
v 0.00106061 0.01661950 0.00698882
v 0.00129110 0.01701068 0.00503695
v 0.00095614 0.01661890 0.00501812
v 0.00106061 0.01661950 0.00698882
v 0.00095614 0.01661890 0.00501812
v 0.00095595 0.01652491 0.00698203
v 0.00050811 0.01636368 0.00500584
v 0.00050746 0.01627129 0.00696325
v 0.00095614 0.01661890 0.00501812
v 0.00095614 0.01661890 0.00501812
v 0.00050746 0.01627129 0.00696325
v 0.00074643 0.01638126 0.00697148
v 0.00095614 0.01661890 0.00501812
v 0.00074643 0.01638126 0.00697148
v 0.00095595 0.01652491 0.00698203
v -0.00050811 0.01636368 0.00500584
v -0.00038946 0.01623356 0.00696033
v 0.00000000 0.01627510 0.00500154
v 0.00000000 0.01627510 0.00500154
v -0.00038946 0.01623356 0.00696033
v 0.00000102 0.01618123 0.00695628
v 0.00000000 0.01627510 0.00500154
v 0.00000102 0.01618123 0.00695628
v 0.00050811 0.01636368 0.00500584
v 0.00050811 0.01636368 0.00500584
v 0.00000102 0.01618123 0.00695628
v 0.00038048 0.01623153 0.00696021
v 0.00050811 0.01636368 0.00500584
v 0.00038048 0.01623153 0.00696021
v 0.00050746 0.01627129 0.00696325
v -0.00095614 0.01661890 0.00501812
v -0.00075591 0.01638621 0.00697184
v -0.00050811 0.01636368 0.00500584
v -0.00050811 0.01636368 0.00500584
v -0.00075591 0.01638621 0.00697184
v -0.00050766 0.01627069 0.00696319
v -0.00050811 0.01636368 0.00500584
v -0.00050766 0.01627069 0.00696319
v -0.00038946 0.01623356 0.00696033
v -0.00129950 0.01693063 0.00701040
v -0.00105983 0.01661872 0.00698882
v -0.00095614 0.01661890 0.00501812
v -0.00095614 0.01661890 0.00501812
v -0.00105983 0.01661872 0.00698882
v -0.00095602 0.01652479 0.00698203
v -0.00095614 0.01661890 0.00501812
v -0.00095602 0.01652479 0.00698203
v -0.00075591 0.01638621 0.00697184
v -0.00149989 0.01767814 0.00705719
v -0.00145018 0.01729583 0.00703412
v -0.00147337 0.01749265 0.00506002
v -0.00147337 0.01749265 0.00506002
v -0.00145018 0.01729583 0.00703412
v -0.00129950 0.01693063 0.00701040
v -0.00147337 0.01749265 0.00506002
v -0.00129950 0.01693063 0.00701040
v -0.00129110 0.01701068 0.00503695
v -0.00129110 0.01701068 0.00503695
v -0.00129950 0.01693063 0.00701040
v -0.00095614 0.01661890 0.00501812
v 0.00629991 0.02276766 0.00531346
v 0.00629991 0.02226823 0.00528943
v 0.00619990 0.02226823 0.00528943
v 0.00619990 0.01627510 0.00500154
v 0.00629991 0.01627510 0.00500154
v 0.00629991 0.00928319 0.00466561
v -0.00629991 0.00928319 0.00466561
v -0.00629991 0.01627510 0.00500154
v -0.00619990 0.01627510 0.00500154
v 0.00368446 0.00553477 0.00448561
v 0.00284803 0.00532550 0.00447559
v -0.00576693 0.01652485 0.00501359
v 0.00623816 0.02311331 0.00533003
v 0.00600707 0.02347391 0.00534737
v 0.00564605 0.02370470 0.00535852
v 0.00594997 0.02220129 0.00528628
v -0.00594997 0.01634204 0.00500482
v 0.00229996 0.00528783 0.00447369
v -0.00229996 0.00528783 0.00447369
v -0.00284803 0.00532550 0.00447559
v -0.00594997 0.02220129 0.00528628
v -0.00619990 0.02226823 0.00528943
v -0.00600707 0.02347391 0.00534737
v -0.00626218 0.00873578 0.00463939
v -0.00512832 0.00645804 0.00452995
v -0.00605273 0.00790036 0.00459927
v -0.00566876 0.00712907 0.00456220
v 0.00566876 0.00712907 0.00456220
v 0.00605273 0.00790036 0.00459927
v 0.00626218 0.00873578 0.00463939
v -0.00629991 0.02226823 0.00528943
v -0.00629991 0.02276766 0.00531346
v -0.00623816 0.02311331 0.00533003
v -0.00445652 0.00591815 0.00450396
v -0.00368446 0.00553477 0.00448561
v -0.00156170 0.02311331 0.00533003
v -0.00149989 0.02276766 0.00531346
v -0.00569999 0.02176874 0.00526547
v -0.00095614 0.01661890 0.00501812
v -0.00050811 0.01636368 0.00500584
v 0.00000000 0.01627510 0.00500154
v 0.00512832 0.00645804 0.00452995
v 0.00445652 0.00591815 0.00450396
v 0.00594997 0.01634204 0.00500482
v 0.00576693 0.01652485 0.00501359
v 0.00050811 0.01636368 0.00500584
v 0.00095614 0.01661890 0.00501812
v 0.00156170 0.02311331 0.00533003
v 0.00179285 0.02347391 0.00534737
v 0.00569999 0.02176874 0.00526547
v 0.00215387 0.02370470 0.00535852
v 0.00576693 0.02201855 0.00527751
v 0.00249994 0.02376645 0.00536150
v 0.00529998 0.02376645 0.00536150
v 0.00129110 0.01701068 0.00503695
v 0.00147337 0.01749265 0.00506002
v 0.00569999 0.01677459 0.00502551
v 0.00149989 0.01777338 0.00507355
v 0.00149989 0.02276766 0.00531346
v -0.00569999 0.01677459 0.00502551
v -0.00149989 0.01777338 0.00507355
v -0.00147337 0.01749265 0.00506002
v -0.00129110 0.01701068 0.00503695
v -0.00179285 0.02347391 0.00534737
v -0.00215387 0.02370470 0.00535852
v -0.00249994 0.02376645 0.00536150
v -0.00576693 0.02201855 0.00527751
v -0.00529998 0.02376645 0.00536150
v -0.00564605 0.02370470 0.00535852
f 1 2 3
f 3 2 4
f 3 4 5
f 5 4 6
f 5 6 7
f 7 6 8
f 7 8 9
f 9 8 10
f 9 10 11
f 11 10 12
f 11 12 13
f 13 12 14
f 13 14 15
f 14 16 15
f 15 16 17
f 15 17 18
f 18 17 19
f 18 19 20
f 20 19 21
f 20 21 22
f 22 21 23
f 22 23 24
f 24 23 25
f 24 25 26
f 26 25 27
f 26 27 28
f 28 27 29
f 28 29 1
f 1 29 30
f 1 30 2
f 31 32 33
f 34 35 36
f 34 36 37
f 38 39 40
f 38 40 41
f 42 43 44
f 42 44 45
f 46 47 48
f 46 48 49
f 50 51 52
f 50 52 53
f 54 55 56
f 54 56 57
f 58 59 60
f 58 60 61
f 62 63 64
f 62 64 65
f 66 67 68
f 66 68 69
f 70 71 72
f 70 72 73
f 74 75 76
f 74 76 77
f 78 79 80
f 78 80 81
f 82 83 84
f 82 84 85
f 86 87 88
f 86 88 89
f 90 91 92
f 90 92 93
f 31 94 32
f 95 96 97
f 98 99 100
f 101 102 103
f 104 105 106
f 107 108 109
f 110 111 112
f 113 114 115
f 116 117 118
f 119 120 121
f 122 123 124
f 125 126 127
f 128 129 130
f 131 132 133
f 134 135 136
f 137 138 139
f 140 141 142
f 143 144 145
f 146 147 148
f 149 150 151
f 152 153 154
f 155 156 157
f 158 159 160
f 161 162 163
f 164 165 166
f 167 168 169
f 170 171 172
f 173 174 175
f 176 177 178
f 179 180 181
f 182 183 184
f 183 185 184
f 186 187 188
f 189 190 191
f 192 193 194
f 195 196 197
f 198 199 200
f 201 202 203
f 204 205 206
f 207 208 209
f 210 211 212
f 213 214 215
f 216 217 218
f 218 217 219
f 220 221 222
f 222 221 223
f 224 225 226
f 226 225 227
f 228 229 230
f 230 229 231
f 232 233 234
f 234 233 235
f 236 237 238
f 238 237 239
f 240 241 242
f 242 241 243
f 244 245 246
f 246 245 247
f 248 249 250
f 250 249 251
f 252 253 254
f 254 253 255
f 256 257 258
f 258 257 259
f 260 261 262
f 263 264 265
f 266 267 268
f 269 270 271
f 271 270 272
f 273 274 275
f 275 274 276
f 277 278 279
f 279 278 280
f 281 282 283
f 283 282 284
f 285 286 287
f 287 286 288
f 289 290 291
f 291 290 292
f 293 294 295
f 295 294 296
f 297 298 299
f 299 298 300
f 301 302 303
f 303 302 304
f 305 306 307
f 307 306 308
f 309 310 311
f 311 310 312
f 313 314 315
f 315 314 316
f 317 318 319
f 320 321 322
f 323 324 325
f 326 327 328
f 329 330 331
f 332 333 328
f 328 333 334
f 331 335 336
f 334 329 328
f 328 329 331
f 328 331 326
f 326 331 336
f 326 336 337
f 338 339 340
f 341 342 343
f 341 343 344
f 345 346 347
f 345 347 348
f 349 350 351
f 349 351 352
f 353 354 355
f 353 355 356
f 357 358 359
f 357 359 360
f 361 362 363
f 361 363 364
f 365 366 367
f 365 367 368
f 369 370 371
f 369 371 372
f 373 374 375
f 373 375 376
f 377 378 379
f 377 379 380
f 381 382 383
f 381 383 384
f 385 386 387
f 385 387 388
f 389 390 391
f 389 391 392
f 393 394 395
f 393 395 396
f 397 398 399
f 397 399 400
f 338 401 339
f 402 403 404
f 404 403 405
f 406 407 408
f 408 407 409
f 410 411 412
f 412 411 413
f 414 415 416
f 416 415 417
f 418 419 420
f 421 422 423
f 424 425 426
f 423 427 421
f 421 427 428
f 421 428 429
f 429 428 430
f 429 430 431
f 431 430 432
f 431 432 433
f 433 432 434
f 433 434 425
f 425 434 435
f 425 435 426
f 426 436 424
f 424 436 437
f 424 437 438
f 438 437 439
f 438 439 419
f 419 439 440
f 419 440 420
f 441 442 443
f 443 444 441
f 441 444 445
f 441 445 446
f 446 445 447
f 446 447 422
f 422 447 448
f 422 448 423
f 420 449 418
f 418 449 450
f 418 450 451
f 451 450 452
f 451 452 453
f 453 452 454
f 454 455 453
f 453 455 456
f 453 456 457
f 457 456 458
f 457 458 442
f 442 458 459
f 442 459 443
f 460 461 462
f 463 464 465
f 466 467 468
f 469 470 471
f 471 470 472
f 473 474 475
f 476 477 478
f 479 480 481
f 482 483 484
f 485 486 487
f 488 489 490
f 491 492 493
f 494 495 496
f 497 498 499
f 500 501 502
f 503 504 505
f 506 507 508
f 506 508 509
f 510 511 512
f 513 514 515
f 516 517 518
f 519 520 521
f 522 523 524
f 525 526 527
f 528 529 530
f 531 532 533
f 534 535 536
f 536 535 537
f 538 539 540
f 540 539 541
f 542 543 544
f 545 546 547
f 548 549 550
f 551 552 553
f 554 555 556
f 557 558 559
f 560 561 562
f 563 564 565
f 563 565 566
f 567 568 569
f 570 571 572
f 573 574 575
f 576 577 578
f 579 580 581
f 582 583 584
f 585 586 587
f 588 589 590
f 591 592 593
f 593 592 594
f 595 596 597
f 597 596 598
f 599 600 601
f 602 603 604
f 605 606 607
f 608 609 610
f 611 612 613
f 614 615 616
f 617 618 619
f 620 621 622
f 623 624 625
f 626 627 628
f 629 630 631
f 632 633 634
f 635 636 637
f 638 639 640
f 641 642 643
f 644 645 646
f 647 648 649
f 650 651 652
f 652 651 653
f 654 655 656
f 655 657 656
f 658 659 660
f 661 662 663
f 664 665 666
f 667 668 669
f 670 671 672
f 673 674 675
f 676 677 678
f 679 680 681
f 682 683 684
f 685 686 687
f 688 689 690
f 691 692 693
f 694 695 696
f 697 698 699
f 700 701 702
f 703 704 705
f 706 707 708
f 709 710 711
f 712 713 714
f 715 716 717
f 718 719 720
f 721 722 723
f 724 725 726
f 727 728 729
f 730 731 732
f 733 734 735
f 736 737 738
f 739 740 741
f 742 743 744
f 745 746 747
f 747 746 748
f 749 750 751
f 751 750 752
f 753 754 755
f 755 754 756
f 757 758 759
f 759 758 760
f 761 762 763
f 763 762 764
f 765 766 767
f 767 766 768
f 769 770 771
f 771 770 772
f 773 774 775
f 775 774 776
f 777 778 779
f 779 778 780
f 781 782 783
f 783 782 784
f 785 786 787
f 787 786 788
f 789 790 791
f 791 790 792
f 793 794 795
f 796 797 798
f 796 798 799
f 800 801 802
f 802 801 803
f 793 804 794
f 805 806 807
f 808 809 810
f 811 812 813
f 814 815 816
f 817 818 819
f 820 821 822
f 823 824 825
f 826 827 828
f 829 830 831
f 832 833 834
f 835 836 837
f 838 839 840
f 841 842 843
f 844 845 846
f 847 848 849
f 850 851 852
f 853 854 855
f 856 857 858
f 859 860 861
f 862 863 864
f 865 866 867
f 868 869 870
f 871 872 873
f 874 875 876
f 877 878 879
f 880 881 882
f 883 884 885
f 886 887 888
f 889 890 891
f 892 893 894
f 895 896 897
f 898 899 900
f 901 902 903
f 904 905 906
f 907 908 909
f 910 911 912
f 913 914 915
f 916 917 918
f 919 920 921
f 920 922 921
f 923 924 925
f 926 927 928
f 929 930 931
f 932 933 934
f 935 936 937
f 938 939 940
f 941 942 943
f 944 945 946
f 947 948 949
f 950 951 952
f 953 954 955
f 956 957 958
f 959 960 961
f 962 963 964
f 965 966 967
f 968 969 970
f 971 972 973
f 974 975 976
f 977 978 979
f 980 981 982
f 983 984 985
f 986 987 988
f 989 990 991
f 992 993 994
f 995 996 997
f 998 999 1000
f 1001 1002 998
f 998 1002 1003
f 998 1003 999
f 1000 1004 998
f 998 1004 1005
f 998 1005 1006
f 1006 1005 1007
f 1008 1009 1010
f 1011 1012 1013
f 1013 1012 1014
f 1013 1014 1015
f 1015 1014 1016
f 1015 1016 1017
f 1018 1019 1020
f 1020 1019 1021
f 1020 1022 1018
f 1018 1022 1023
f 1018 1023 1024
f 1024 1023 1025
f 1024 1025 1026
f 1026 1025 1027
f 1026 1027 1028
f 1028 1027 1029
f 1028 1029 1030
f 1030 1029 1031
f 1030 1031 1011
f 1011 1031 1032
f 1011 1032 1012
f 1019 1033 1021
f 1021 1033 1034
f 1021 1034 1035
f 1010 1036 1008
f 1008 1036 1035
f 1008 1035 1037
f 1037 1035 1034
f 1037 1034 1038
f 1016 1039 1017
f 1017 1039 1040
f 1017 1040 1041
f 1041 1040 1042
f 1041 1042 1043
f 1044 1045 1046
f 1046 1045 1047
f 1046 1047 1038
f 1038 1047 1048
f 1038 1048 1037
f 1042 1049 1043
f 1043 1049 1050
f 1043 1050 1046
f 1051 1052 1053
f 1053 1052 1054
f 1050 1055 1046
f 1046 1055 1056
f 1046 1056 1044
f 1056 1057 1044
f 1044 1057 1058
f 1044 1058 1052
f 1052 1058 1059
f 1052 1059 1054
f 1060 1061 1062
f 1063 1064 1065
f 1066 1067 1068
f 1069 1070 1071
f 1072 1073 1074
f 1075 1076 1077
f 1075 1077 1078
f 1079 1080 1081
f 1082 1083 1084
f 1085 1086 1087
f 1088 1089 1090
f 1091 1092 1093
f 1094 1095 1096
f 1097 1098 1099
f 1100 1101 1102
f 1103 1104 1105
f 1106 1107 1108
f 1109 1110 1111
f 1112 1113 1114
f 1114 1113 1115
f 1116 1117 1118
f 1118 1117 1119
f 1120 1121 1122
f 1123 1124 1125
f 1126 1127 1128
f 1129 1130 1131
f 1132 1133 1134
f 1135 1136 1137
f 1138 1139 1140
f 1141 1142 1143
f 1144 1145 1146
f 1147 1148 1149
f 1150 1151 1152
f 1150 1152 1153
f 1154 1155 1156
f 1157 1158 1159
f 1160 1161 1162
f 1163 1164 1165
f 1166 1167 1168
f 1169 1170 1171
f 1172 1173 1174
f 1175 1176 1177
f 1178 1179 1180
f 1181 1182 1183
f 1184 1185 1186
f 1187 1188 1189
f 1189 1188 1190
f 1191 1192 1193
f 1193 1192 1194
f 1195 1196 1197
f 1198 1199 1200
f 1201 1202 1203
f 1204 1205 1206
f 1207 1208 1209
f 1210 1211 1212
f 1213 1214 1215
f 1216 1217 1218
f 1219 1220 1221
f 1222 1223 1224
f 1225 1226 1227
f 1228 1229 1230
f 1231 1232 1233
f 1234 1235 1236
f 1234 1236 1237
f 1238 1239 1240
f 1238 1240 1241
f 1242 1243 1244
f 1242 1244 1245
f 1246 1247 1248
f 1246 1248 1249
f 1250 1251 1252
f 1250 1252 1253
f 1254 1255 1256
f 1254 1256 1257
f 1258 1259 1260
f 1258 1260 1261
f 1262 1263 1264
f 1262 1264 1265
f 1266 1267 1268
f 1266 1268 1269
f 1270 1271 1272
f 1270 1272 1273
f 1274 1275 1276
f 1274 1276 1277
f 1278 1279 1280
f 1278 1280 1281
f 1282 1283 1284
f 1282 1284 1285
f 1286 1287 1288
f 1286 1288 1289
f 1290 1291 1292
f 1290 1292 1293
f 1231 1294 1232
f 1295 1296 1297
f 1297 1296 1298
f 1296 1299 1298
f 1298 1299 1300
f 1301 1302 1303
f 1304 1305 1306
f 1306 1305 1307
f 1306 1307 1308
f 1309 1310 1311
f 1311 1310 1312
f 1311 1312 1306
f 1306 1312 1313
f 1306 1313 1304
f 1314 1315 1316
f 1317 1318 1319
f 1315 1320 1316
f 1316 1320 1321
f 1316 1321 1322
f 1323 1324 1311
f 1325 1326 1327
f 1311 1328 1309
f 1318 1329 1319
f 1330 1331 1332
f 1333 1334 1335
f 1336 1337 1338
f 1339 1340 1341
f 1342 1343 1344
f 1345 1346 1347
f 1347 1346 1348
f 1349 1350 1351
f 1351 1350 1352
f 1353 1354 1355
f 1353 1355 1356
f 1356 1355 1357
f 1356 1357 1358
f 1359 1360 1361
f 1361 1360 1362
f 1363 1364 1365
f 1365 1364 1366
f 1367 1368 1369
f 1367 1369 1370
f 1370 1369 1371
f 1370 1371 1372
f 1373 1374 1375
f 1376 1377 1378
f 1379 1380 1381
f 1382 1383 1384
f 1385 1386 1387
f 1388 1389 1390
f 1391 1392 1393
f 1394 1395 1396
f 1397 1398 1399
f 1400 1401 1402
f 1403 1404 1405
f 1406 1407 1408
f 1409 1410 1411
f 1409 1411 1412
f 1413 1414 1415
f 1413 1415 1416
f 1417 1418 1419
f 1417 1419 1420
f 1421 1422 1423
f 1421 1423 1424
f 1425 1426 1427
f 1425 1427 1428
f 1429 1430 1431
f 1429 1431 1432
f 1433 1434 1435
f 1433 1435 1436
f 1437 1438 1439
f 1437 1439 1440
f 1441 1442 1443
f 1441 1443 1444
f 1445 1446 1447
f 1445 1447 1448
f 1449 1450 1451
f 1449 1451 1452
f 1453 1454 1455
f 1453 1455 1456
f 1457 1458 1459
f 1457 1459 1460
f 1461 1462 1463
f 1461 1463 1464
f 1465 1466 1467
f 1465 1467 1468
f 1469 1470 1471
f 1469 1471 1472
f 1473 1474 1475
f 1475 1474 1476
f 1475 1476 1477
f 1477 1476 1478
f 1477 1478 1479
f 1479 1478 1480
f 1479 1480 1481
f 1481 1480 1482
f 1481 1482 1483
f 1484 1485 1486
f 1486 1485 1487
f 1486 1487 1473
f 1473 1487 1488
f 1473 1488 1474
f 1482 1489 1483
f 1483 1489 1490
f 1483 1490 1491
f 1491 1490 1492
f 1491 1492 1493
f 1493 1492 1494
f 1493 1494 1495
f 1495 1494 1496
f 1495 1496 1497
f 1497 1496 1498
f 1498 1496 1499
f 1498 1499 1500
f 1500 1499 1501
f 1500 1501 1502
f 1502 1501 1503
f 1502 1503 1484
f 1484 1503 1504
f 1484 1504 1485
f 1505 1506 1507
f 1507 1506 1508
f 1509 1510 1511
f 1511 1510 1512
f 1511 1512 1513
f 1514 1515 1516
f 1516 1515 1517
f 1518 1519 1520
f 1520 1519 1521
f 1520 1521 1509
f 1509 1521 1522
f 1509 1522 1510
f 1515 1523 1517
f 1517 1523 1524
f 1517 1524 1525
f 1516 1526 1514
f 1514 1526 1527
f 1514 1527 1528
f 1528 1527 1529
f 1528 1529 1530
f 1530 1529 1531
f 1530 1531 1532
f 1532 1531 1533
f 1532 1533 1534
f 1534 1533 1535
f 1534 1535 1518
f 1518 1535 1536
f 1518 1536 1519
f 1512 1537 1513
f 1513 1537 1538
f 1513 1538 1539
f 1539 1538 1525
f 1539 1525 1540
f 1540 1525 1524
f 1541 1542 1543
f 1544 1545 1546
f 1546 1545 1541
f 1546 1541 1547
f 1547 1541 1543
f 1548 1549 1550
f 1550 1549 1551
f 1552 1553 1554
f 1555 1556 1557
f 1557 1556 1558
f 1555 1559 1556
f 1556 1559 1560
f 1556 1560 1554
f 1554 1560 1561
f 1554 1561 1552
f 1562 1563 1564
f 1564 1563 1565
f 1566 1567 1568
f 1568 1567 1569
f 1570 1571 1572
f 1572 1571 1573
f 1574 1575 1576
f 1576 1575 1577
f 1578 1579 1580
f 1580 1579 1581
f 1582 1583 1584
f 1584 1583 1585
f 1586 1587 1588
f 1588 1587 1589
f 1590 1591 1592
f 1592 1591 1593
f 1594 1595 1596
f 1596 1595 1597
f 1598 1599 1600
f 1600 1599 1601
f 1602 1603 1604
f 1604 1603 1605
f 1606 1607 1608
f 1608 1607 1609
f 1610 1611 1612
f 1613 1614 1615
f 1616 1617 1618
f 1619 1620 1621
f 1622 1623 1624
f 1625 1626 1627
f 1628 1629 1630
f 1631 1632 1633
f 1634 1635 1636
f 1637 1638 1639
f 1637 1639 1640
f 1641 1642 1643
f 1644 1645 1646
f 1647 1648 1649
f 1650 1651 1652
f 1653 1654 1655
f 1656 1657 1658
f 1659 1660 1661
f 1662 1663 1664
f 1665 1666 1667
f 1668 1669 1670
f 1671 1672 1673
f 1674 1675 1676
f 1677 1678 1679
f 1679 1678 1680
f 1681 1682 1683
f 1683 1682 1684
f 1685 1686 1687
f 1688 1689 1690
f 1691 1692 1693
f 1694 1695 1696
f 1697 1698 1699
f 1700 1701 1702
f 1703 1704 1705
f 1706 1707 1708
f 1709 1710 1711
f 1712 1713 1714
f 1715 1716 1717
f 1718 1719 1720
f 1721 1722 1723
f 1724 1725 1726
f 1727 1728 1729
f 1730 1731 1732
f 1732 1731 1733
f 1734 1735 1736
f 1737 1738 1739
f 1740 1741 1742
f 1743 1744 1745
f 1746 1747 1748
f 1749 1750 1751
f 1752 1753 1754
f 1755 1756 1757
f 1758 1759 1760
f 1761 1762 1763
f 1764 1765 1766
f 1767 1768 1769
f 1770 1771 1772
f 1773 1774 1775
f 1776 1777 1778
f 1779 1780 1781
f 1779 1781 1782
f 1783 1784 1785
f 1783 1785 1786
f 1787 1788 1789
f 1787 1789 1790
f 1791 1792 1793
f 1791 1793 1794
f 1795 1796 1797
f 1795 1797 1798
f 1799 1800 1801
f 1799 1801 1802
f 1803 1804 1805
f 1803 1805 1806
f 1807 1808 1809
f 1807 1809 1810
f 1811 1812 1813
f 1811 1813 1814
f 1815 1816 1817
f 1815 1817 1818
f 1819 1820 1821
f 1821 1820 1822
f 1821 1822 1823
f 1823 1822 1824
f 1823 1824 1825
f 1825 1824 1826
f 1825 1826 1827
f 1827 1826 1828
f 1827 1828 1829
f 1830 1831 1832
f 1832 1831 1833
f 1832 1833 1834
f 1834 1833 1835
f 1834 1835 1836
f 1836 1835 1837
f 1836 1837 1838
f 1838 1837 1839
f 1838 1839 1840
f 1840 1839 1841
f 1840 1841 1842
f 1842 1841 1843
f 1842 1843 1844
f 1844 1843 1845
f 1844 1845 1846
f 1846 1845 1847
f 1846 1847 1819
f 1819 1847 1848
f 1819 1848 1820
f 1828 1849 1829
f 1829 1849 1850
f 1829 1850 1851
f 1851 1850 1852
f 1851 1852 1853
f 1853 1852 1854
f 1853 1854 1855
f 1855 1854 1856
f 1855 1856 1830
f 1830 1856 1857
f 1830 1857 1831
f 1858 1859 1860
f 1861 1862 1863
f 1864 1865 1866
f 1867 1868 1869
f 1870 1871 1872
f 1873 1874 1875
f 1876 1877 1878
f 1879 1880 1881
f 1882 1883 1884
f 1885 1886 1887
f 1888 1889 1890
f 1891 1892 1893
f 1894 1895 1896
f 1897 1898 1899
f 1900 1901 1902
f 1903 1904 1905
f 1906 1907 1908
f 1909 1910 1911
f 1912 1913 1914
f 1915 1916 1917
f 1918 1919 1920
f 1921 1922 1923
f 1924 1925 1926
f 1927 1928 1929
f 1930 1931 1932
f 1933 1934 1935
f 1936 1937 1938
f 1939 1940 1941
f 1942 1943 1944
f 1945 1946 1947
f 1948 1949 1950
f 1951 1952 1953
f 1954 1955 1956
f 1957 1958 1959
f 1960 1961 1962
f 1963 1964 1965
f 1966 1967 1968
f 1968 1967 1969
f 1970 1971 1972
f 1973 1974 1975
f 1976 1977 1978
f 1979 1980 1981
f 1982 1983 1984
f 1985 1986 1987
f 1988 1989 1990
f 1991 1992 1993
f 1994 1995 1996
f 1997 1998 1999
f 2000 2001 2002
f 2003 2004 2005
f 2006 2007 2008
f 2009 2010 2011
f 2012 2013 2014
f 2015 2016 2017
f 2018 2019 2020
f 2021 2022 2023
f 2024 2025 2026
f 2027 2028 2029
f 2030 2031 2032
f 2033 2034 2035
f 2036 2037 2038
f 2039 2040 2041
f 2042 2043 2044
f 2045 2046 2047
f 2048 2049 2050
f 2048 2050 2051
f 2051 2050 2052
f 2051 2052 2053
f 2054 2055 2056
f 2057 2058 2059
f 2060 2061 2062
f 2063 2064 2065
f 2066 2067 2068
f 2068 2067 2069
f 2070 2071 2072
f 2073 2074 2075
f 2076 2077 2078
f 2079 2080 2081
f 2082 2083 2084
f 2085 2086 2087
f 2088 2089 2090
f 2091 2092 2093
f 2094 2095 2096
f 2097 2098 2099
f 2100 2101 2102
f 2103 2104 2105
f 2106 2107 2108
f 2109 2110 2111
f 2112 2113 2114
f 2115 2116 2117
f 2118 2119 2120
f 2121 2122 2123
f 2124 2125 2126
f 2127 2128 2129
f 2130 2131 2132
f 2130 2132 2133
f 2134 2135 2136
f 2134 2136 2137
f 2138 2139 2140
f 2141 2142 2143
f 2144 2145 2146
f 2147 2148 2149
f 2150 2151 2152
f 2153 2154 2155
f 2156 2157 2158
f 2159 2160 2161
f 2162 2163 2164
f 2165 2166 2167
f 2168 2169 2170
f 2170 2169 2171
f 2172 2173 2174
f 2174 2173 2175
f 2176 2177 2178
f 2179 2180 2181
f 2182 2183 2184
f 2185 2186 2187
f 2188 2189 2190
f 2191 2192 2193
f 2194 2195 2196
f 2197 2198 2199
f 2200 2201 2202
f 2203 2204 2205
f 2206 2207 2208
f 2209 2210 2211
f 2212 2213 2214
f 2215 2216 2217
f 2218 2219 2220
f 2221 2222 2223
f 2223 2222 2224
f 2225 2226 2227
f 2228 2229 1757
f 2230 2231 2232
f 2232 2231 2233
f 2232 2233 2234
f 2234 2233 2235
f 2236 2237 2238
f 2235 2233 2239
f 2239 2233 2240
f 2239 2240 2241
f 2242 2243 2244
f 2244 2243 2245
f 2245 2243 2246
f 2245 2246 1757
f 1757 2246 2247
f 1757 2247 2228
f 2248 2249 2250
f 2250 2249 2251
f 2252 2249 2253
f 2253 2249 2248
f 2253 2248 2254
f 2254 2248 2255
f 2254 2255 2231
f 2231 2255 2256
f 2231 2256 2233
f 2251 2257 2250
f 2250 2257 2258
f 2250 2258 2238
f 2238 2258 2259
f 2238 2259 2236
f 2256 2260 2233
f 2233 2260 2261
f 2233 2261 2262
f 2229 2263 1757
f 1757 2263 2264
f 1757 2264 2237
f 2237 2264 2265
f 2237 2265 2238
f 2244 2266 2242
f 2242 2266 2267
f 2242 2267 2268
f 2268 2267 2269
f 2268 2269 2270
f 2270 2269 2262
f 2270 2262 2271
f 2271 2262 2261
f 2272 2273 2274
f 2274 2273 2275
f 2276 2277 2278
f 2279 2280 2281
f 2282 2283 2284
f 2285 2286 2287
f 2287 2286 2288
f 2289 2290 2291
f 2292 2293 2294
f 2295 2296 2297
f 2298 2299 2300
f 2301 2302 2303
f 2304 2305 2306
f 2304 2306 2307
f 2308 2309 2310
f 2308 2310 2311
f 2312 2313 2314
f 2312 2314 2315
f 2316 2317 2318
f 2316 2318 2319
f 2320 2321 2322
f 2320 2322 2323
f 2324 2325 2326
f 2324 2326 2327
f 2328 2329 2330
f 2328 2330 2331
f 2332 2333 2334
f 2332 2334 2335
f 2336 2337 2338
f 2336 2338 2339
f 2340 2341 2342
f 2340 2342 2343
f 2344 2345 2346
f 2344 2346 2347
f 2348 2349 2350
f 2348 2350 2351
f 2352 2353 2354
f 2352 2354 2355
f 2356 2357 2358
f 2356 2358 2359
f 2360 2361 2362
f 2360 2362 2363
f 2301 2364 2302
f 2365 2366 2367
f 2367 2366 2368
f 2369 2370 2371
f 2371 2370 2372
f 2373 2374 2375
f 2375 2374 2376
f 2377 2378 2379
f 2379 2378 2380
f 2381 2382 2383
f 2384 2385 2386
f 2387 2388 2389
f 2390 2391 2392
f 2393 2394 2395
f 2396 2397 2398
f 2396 2398 2399
f 2400 2401 2402
f 2400 2402 2403
f 2404 2405 2406
f 2404 2406 2407
f 2408 2409 2410
f 2408 2410 2411
f 2412 2413 2414
f 2412 2414 2415
f 2416 2417 2418
f 2416 2418 2419
f 2420 2421 2422
f 2420 2422 2423
f 2392 2424 2390
f 2425 2426 2427
f 2425 2427 2428
f 2429 2430 2431
f 2429 2431 2432
f 2433 2434 2435
f 2433 2435 2436
f 2437 2438 2439
f 2437 2439 2440
f 2441 2442 2443
f 2444 2445 2446
f 2447 2448 2449
f 2393 2450 2394
f 2451 2452 2453
f 2453 2452 2454
f 2453 2454 2455
f 2455 2456 2453
f 2453 2456 2457
f 2453 2457 2458
f 2459 2460 2461
f 2461 2460 2462
f 2463 2464 2465
f 2466 2467 2460
f 2460 2467 2468
f 2468 2469 2460
f 2460 2469 2470
f 2460 2470 2462
f 2463 2465 2471
f 2469 2472 2470
f 2470 2472 2473
f 2470 2473 2474
f 2474 2471 2470
f 2470 2471 2465
f 2470 2465 2475
f 2475 2465 2476
f 2475 2476 2461
f 2461 2476 2477
f 2461 2477 2459
f 2459 2477 2478
f 2459 2478 2479
f 2480 2481 2482
f 2482 2481 2483
f 2484 2485 2486
f 2486 2485 2487
f 2488 2489 2490
f 2490 2489 2491
f 2492 2493 2494
f 2494 2493 2495
f 2496 2497 2498
f 2498 2497 2499
f 2500 2501 2502
f 2502 2501 2503
f 2504 2505 2506
f 2506 2505 2507
f 2508 2509 2510
f 2510 2509 2511
f 2512 2513 2514
f 2514 2513 2515
f 2516 2517 2518
f 2518 2517 2519
f 2520 2521 2522
f 2522 2521 2523
f 2524 2525 2526
f 2527 2528 2529
f 2527 2529 2530
f 2531 2532 2533
f 2534 2535 2536
f 2537 2538 2539
f 2537 2539 2540
f 2541 2542 2543
f 2541 2543 2544
f 2545 2546 2547
f 2545 2547 2548
f 2549 2550 2551
f 2549 2551 2552
f 2553 2554 2555
f 2553 2555 2556
f 2557 2558 2559
f 2557 2559 2560
f 2561 2562 2563
f 2561 2563 2564
f 2565 2566 2567
f 2565 2567 2568
f 2569 2570 2571
f 2569 2571 2572
f 2573 2574 2575
f 2573 2575 2576
f 2577 2578 2579
f 2577 2579 2580
f 2581 2582 2583
f 2581 2583 2584
f 2585 2586 2587
f 2585 2587 2588
f 2589 2590 2591
f 2592 2593 2594
f 2592 2594 2595
f 2596 2597 2598
f 2596 2598 2599
f 2600 2601 2602
f 2600 2602 2603
f 2604 2605 2606
f 2604 2606 2607
f 2608 2609 2610
f 2608 2610 2611
f 2612 2613 2614
f 2612 2614 2615
f 2616 2617 2618
f 2616 2618 2619
f 2620 2621 2622
f 2620 2622 2623
f 2624 2625 2626
f 2624 2626 2627
f 2628 2629 2630
f 2628 2630 2631
f 2632 2633 2634
f 2632 2634 2635
f 2636 2637 2638
f 2636 2638 2639
f 2640 2641 2642
f 2640 2642 2643
f 2644 2645 2646
f 2647 2648 2649
f 2650 2651 2652
f 2653 2654 2655
f 2656 2657 2658
f 2659 2660 2661
f 2662 2663 2664
f 2665 2666 2667
f 2668 2669 2670
f 2671 2672 2673
f 2674 2675 2676
f 2677 2678 2679
f 2680 2681 2682
f 2683 2684 2685
f 2686 2687 2688
f 2689 2690 2691
f 2692 2693 2694
f 2695 2696 2697
f 2698 2699 2700
f 2701 2702 2703
f 2704 2705 2706
f 2707 2708 2709
f 2710 2711 2712
f 2713 2714 2715
f 2716 2717 2718
f 2719 2720 2721
f 2722 2723 2724
f 2725 2726 2727
f 2728 2729 2730
f 2730 2729 2731
f 2732 2733 2734
f 2735 2736 2737
f 2737 2736 2732
f 2735 2738 2736
f 2736 2738 2739
f 2736 2739 2740
f 2732 2734 2737
f 2737 2734 2741
f 2737 2741 2742
f 2742 2741 2743
f 2742 2743 2744
f 2739 2745 2740
f 2740 2745 2746
f 2740 2746 2747
f 2747 2746 2748
f 2744 2743 2749
f 2749 2743 2750
f 2749 2750 2751
f 2752 2753 2754
f 2754 2753 2755
f 2754 2755 2756
f 2756 2755 2757
f 2756 2757 2734
f 2734 2757 2758
f 2734 2758 2741
f 2750 2759 2760
f 2760 2759 2761
f 2760 2761 2762
f 2762 2761 2763
f 2762 2763 2764
f 2765 2766 2752
f 2752 2766 2767
f 2752 2767 2753
f 2768 2769 2770
f 2751 2750 2771
f 2771 2750 2760
f 2771 2760 2748
f 2748 2760 2772
f 2748 2772 2747
f 2763 2773 2764
f 2764 2773 2774
f 2764 2774 2770
f 2770 2774 2775
f 2770 2775 2768
f 2776 2777 2778
f 2778 2777 2779
f 2780 2781 2782
f 2782 2781 2783
f 2784 2785 2786
f 2786 2785 2787
f 2788 2789 2790
f 2790 2789 2791
f 2792 2793 2794
f 2794 2793 2795
f 2796 2797 2798
f 2796 2798 2799
f 2799 2798 2800
f 2799 2800 2801
f 2802 2803 2804
f 2804 2803 2805
f 2806 2807 2808
f 2808 2807 2809
f 2810 2811 2812
f 2810 2812 2813
f 2813 2812 2814
f 2813 2814 2815
f 2816 2817 2818
f 2819 2820 2821
f 2822 2823 2824
f 2825 2826 2827
f 2828 2829 2830
f 2831 2832 2833
f 2834 2835 2836
f 2837 2838 2839
f 2840 2841 2842
f 2843 2844 2845
f 2846 2847 2848
f 2848 2847 2849
f 2850 2851 2852
f 2853 2854 2855
f 2856 2857 2858
f 2859 2860 2861
f 2862 2863 2864
f 2855 2865 2853
f 2866 2867 2868
f 2869 2870 2871
f 2872 2868 2873
f 2872 2873 2874
f 2874 2873 2875
f 2874 2875 2876
f 2877 2878 2879
f 2877 2879 2880
f 2881 2882 2883
f 2884 487 486
f 2885 2886 2887
f 2888 2889 2890
f 2891 2892 2893
f 2894 2895 2896
f 2897 2898 2899
f 2900 2901 2902
f 2903 2904 2905
f 2906 2907 2908
f 2909 2910 2911
f 2912 2913 2914
f 2915 2916 2917
f 2918 2919 2920
f 2921 2922 2923
f 2924 2925 2926
f 2927 2928 2929
f 2930 2931 2932
f 2933 2934 2935
f 2936 2937 2938
f 2939 2940 2941
f 2942 2943 2944
f 2945 2946 2947
f 2948 2949 2950
f 2951 2952 2953
f 2954 2955 2956
f 2957 2958 2959
f 2960 2961 2962
f 2963 2964 2965
f 2966 2967 2968
f 2969 2970 2971
f 2972 2973 2974
f 2975 2976 2977
f 2978 2979 2980
f 2981 2982 2983
f 2984 2985 2986
f 2987 2988 2989
f 2990 2991 2992
f 2993 2994 2995
f 2996 2997 2998
f 2999 3000 3001
f 3002 3003 3004
f 3005 3006 3007
f 3008 3009 3010
f 3011 3012 3013
f 3014 3015 3016
f 3017 3018 3019
f 3020 3021 3022
f 3023 3024 3025
f 3026 3027 3028
f 3029 3030 3031
f 3032 3033 3034
f 3035 3036 3037
f 3038 3039 3040
f 3041 3042 3043
f 3044 3045 3046
f 3047 3048 3049
f 3049 3048 3050
f 3051 3052 3053
f 3053 3052 3054
f 3055 3056 3057
f 3058 3059 3060
f 3058 3061 3062
f 3062 3061 3063
f 3064 3065 3066
f 3067 3068 3069
f 3067 3069 3070
f 3056 3071 3057
f 3072 3073 3074
f 3072 3074 3075
f 3075 3074 3076
f 3077 3078 3079
f 3080 3081 3082
f 3080 3082 3083
f 3084 3085 3086
f 3084 3086 3087
f 3088 3089 3090
f 3070 3091 3067
f 3058 3060 3061
f 3061 3060 3092
f 3061 3092 3093
f 3093 3092 3094
f 3093 3094 3095
f 3096 3097 3098
f 3099 3100 3101
f 3102 3103 3104
f 3105 3106 3107
f 3108 3109 3110
f 3110 3109 3111
f 3110 3111 3112
f 3113 3114 3115
f 3115 3116 3113
f 3117 3118 3119
f 3113 3120 3121
f 3121 3120 3122
f 3123 3124 3125
f 3126 3127 3128
f 3129 3130 3131
f 3132 3133 3134
f 3135 3136 3137
f 3138 3139 3140
f 3141 3142 3143
f 3144 3145 3146
f 3147 3148 3149
f 3150 3151 3152
f 3152 3151 3153
f 3154 3155 3156
f 3157 3158 3159
f 3160 3161 3162
f 3163 3164 3165
f 3166 3167 3168
f 3169 3170 3171
f 3172 3173 3174
f 3175 3176 3177
f 3178 3179 3180
f 3181 3182 3183
f 3184 3185 3186
f 3187 3188 3189
f 3190 3191 3192
f 3193 3194 3195
f 3196 3197 3198
f 3199 3200 3201
f 3202 3203 3204
f 3205 3206 3207
f 3208 3209 3210
f 3211 3212 3213
f 3214 3215 3216
f 3217 3218 3219
f 3220 3221 3222
f 3223 3224 3225
f 3226 3227 3228
f 3229 3230 3231
f 3232 3233 3234
f 3227 3235 3228
f 3236 3237 3238
f 3239 3240 3241
f 3242 3243 3244
f 3245 3246 3247
f 3248 3249 3250
f 3251 3252 3253
f 3254 3255 3256
f 3257 3258 3259
f 3260 3261 3262
f 3263 3264 3265
f 3266 3267 3268
f 3268 3267 3269
f 3270 3271 3272
f 3273 3274 3275
f 3276 3277 3278
f 3279 3280 3281
f 3282 3283 3284
f 3285 3286 3287
f 3288 3289 3290
f 3291 3292 3293
f 3294 3295 3296
f 3297 3298 3299
f 3300 3301 3302
f 3303 3304 3305
f 3306 3307 3308
f 3309 3310 3311
f 3312 3313 3314
f 3315 3316 3317
f 3318 3319 3320
f 3321 3322 3323
f 3324 3325 3326
f 3327 3328 3329
f 3330 3331 3332
f 3333 3334 3335
f 3336 3337 3338
f 3339 3340 3341
f 3342 3343 3344
f 3345 3346 3347
f 3348 3349 3350
f 3351 3352 3353
f 3354 3355 3356
f 3357 3358 3359
f 3360 3361 3362
f 3363 3364 3365
f 3366 3367 3368
f 3369 3370 3371
f 3372 3373 3374
f 3375 3376 3377
f 3378 3379 3380
f 3381 3382 3383
f 3384 3385 3386
f 3387 3388 3389
f 3390 3391 3392
f 3368 3367 3393
f 3394 3395 3396
f 3397 3398 3399
f 3400 3401 3402
f 3403 3404 3405
f 3406 3407 3408
f 3409 3410 3411
f 3412 3413 3414
f 3415 3416 3417
f 3418 3419 3420
f 3421 3422 3423
f 3424 3425 3426
f 3427 3428 3429
f 3430 3431 3432
f 3433 3434 3435
f 3436 3437 3438
f 3439 3440 3441
f 3442 3443 3444
f 3445 3446 3447
f 3448 3449 3450
f 3450 3449 3451
f 3452 3453 3454
f 3455 3456 3457
f 3458 3459 3460
f 3461 3462 3463
f 3464 3465 3466
f 3467 3468 3469
f 3470 3471 3472
f 3473 3474 3475
f 3476 3477 3478
f 3479 3480 3481
f 3482 3483 3484
f 3485 3486 3487
f 3488 3489 3490
f 3491 3492 3493
f 3494 3495 3496
f 3497 3498 3499
f 3500 3501 3502
f 3503 3504 3505
f 3506 3507 3508
f 3509 3510 3511
f 3512 3513 3514
f 3515 3516 3517
f 3518 3519 3520
f 3521 3522 3523
f 3524 3525 3526
f 3527 3528 3529
f 3530 3531 3532
f 3533 3534 3535
f 3536 3537 3538
f 3539 3540 3541
f 3542 3543 3544
f 3545 3546 3547
f 3548 3549 3550
f 3551 3552 3553
f 3554 3555 3556
f 3557 3558 3559
f 3560 3561 3562
f 3563 3564 3565
f 3566 3567 3568
f 3569 3570 3571
f 3572 3573 3574
f 3575 3576 3577
f 3578 3579 3580
f 3581 3582 3583
f 3584 3585 3586
f 3587 3588 3589
f 3590 3591 3592
f 3593 3594 3595
f 3596 3597 3598
f 3599 3600 3601
f 3602 3603 3604
f 3605 3606 3607
f 3608 3609 3610
f 3611 3612 3613
f 3614 3615 3616
f 3617 3618 3619
f 3620 3621 3622
f 3623 3624 3625
f 3626 3627 3628
f 3629 3630 3631
f 3632 3633 3634
f 3635 3636 3637
f 3638 3639 3640
f 3641 3642 3643
f 3644 3645 3646
f 3647 3648 3649
f 3650 3651 3652
f 3653 3654 3655
f 3656 3657 3658
f 3659 3660 3661
f 3662 3663 3664
f 3665 3666 3667
f 3668 3669 3670
f 3487 3671 3485
f 3672 3673 3674
f 3675 3676 3677
f 3678 3679 3680
f 3681 3682 3683
f 3683 3682 3684
f 3685 3686 3687
f 3687 3686 3688
f 3689 3690 3691
f 3692 3693 3694
f 3695 3696 3697
f 3697 3696 3698
f 3699 3700 3701
f 3701 3700 3702
f 3703 3704 3705
f 3705 3704 3706
f 3707 3708 3709
f 3709 3708 3710
f 3711 3712 3713
f 3713 3712 3714
f 3715 3716 3717
f 3718 3719 3720
f 3721 3722 3723
f 3724 3725 3726
f 3727 3728 3729
f 3730 3731 3732
f 3733 3734 3735
f 3736 3737 3738
f 3739 3740 3741
f 3742 3743 3744
f 3745 3746 3747
f 3748 3749 3750
f 3751 3752 3753
f 3754 3755 3756
f 3757 3758 3759
f 3760 3761 3762
f 3763 3764 3765
f 3766 3767 3768
f 3769 3770 3771
f 3772 3773 3774
f 3775 3776 3777
f 3778 3779 3780
f 3781 3782 3783
f 3784 3785 3786
f 3787 3788 3789
f 3790 3791 3792
f 3793 3794 3795
f 3796 3797 3798
f 3799 3800 3801
f 3802 3803 3804
f 3805 3806 3807
f 3807 3806 3808
f 3809 3810 3811
f 3812 3813 3814
f 3815 3816 3817
f 3818 3819 3820
f 3821 3822 3823
f 3824 3825 3826
f 3827 3828 3829
f 3830 3831 3832
f 3833 3834 3835
f 3836 3837 3838
f 3839 3840 3841
f 3842 3843 3844
f 3845 3846 3847
f 3848 3849 3850
f 3851 3852 3853
f 3854 3855 3856
f 3857 3858 3859
f 3860 3861 3862
f 3863 3864 3865
f 3866 3867 3868
f 3869 3870 3871
f 3872 3873 3874
f 3875 3876 3877
f 3878 3879 3880
f 3875 3881 3882
f 3875 3882 3883
f 3883 3882 3884
f 3885 3886 3887
f 3888 3889 3890
f 3890 3889 3891
f 3890 3891 3892
f 3893 3894 3888
f 3888 3894 3895
f 3888 3895 3889
f 3896 3897 3898
f 3898 3897 3899
f 3898 3899 3900
f 3901 3902 3903
f 3904 3905 3906
f 3907 3908 3909
f 3910 3911 3912
f 3913 3914 3915
f 3916 3917 3918
f 3919 3920 3921
f 3922 3923 3924
f 3925 3926 3927
f 3928 3929 3930
f 3931 3932 3933
f 3934 3935 3936
f 3937 3938 3939
f 3940 3941 3942
f 3943 3944 3945
f 3946 3947 3948
f 3949 3950 3951
f 3952 3953 3954
f 3955 3956 3957
f 3958 3778 3780
f 3959 3960 3961
f 3962 3963 3964
f 3753 3965 3966
f 3967 3968 3969
f 3970 3971 3972
f 3973 3974 3975
f 3813 3976 3814
f 3814 3976 3977
f 3978 3979 3980
f 3981 3730 3732
f 3982 3983 3984
f 3985 3986 3987
f 3988 3989 3990
f 3991 3992 3993
f 3994 3995 3996
f 3994 3996 3997
f 3986 3998 3999
f 4000 4001 4002
f 3989 3901 3903
f 3989 3903 3990
f 4003 4004 4005
f 4006 4007 4008
f 4006 4008 4009
f 4010 4011 4012
f 4010 4012 4013
f 4014 4015 4016
f 4017 4018 4019
f 4020 4021 4022
f 4023 4024 4025
f 4026 4027 4028
f 4029 4030 4031
f 4029 4031 4032
f 4033 3921 3920
f 4033 3920 4034
f 4035 3904 3906
f 4005 4036 4003
f 4037 4038 4039
f 4040 4041 4042
f 4043 4044 4045
f 4045 4044 4046
f 4047 4048 4049
f 4049 4048 4050
f 4051 4052 4053
f 4053 4052 4054
f 4055 4056 4057
f 4057 4056 4058
f 4059 4060 4061
f 4062 4063 4064
f 4065 4066 4067
f 4068 4069 4070
f 4071 4072 4073
f 4073 4072 4074
f 4075 4076 4077
f 4077 4076 4078
f 4079 4080 4081
f 4081 4080 4082
f 4083 4084 4085
f 4086 4087 4088
f 4089 4090 4091
f 4092 4093 4094
f 4095 4096 4097
f 4097 4096 4098
f 4099 4100 4101
f 4101 4100 4102
f 4103 4104 4105
f 4106 4107 4108
f 4109 4110 4111
f 4112 4113 4114
f 4115 4116 4117
f 4118 4119 4120
f 4120 4119 4121
f 4122 4123 4124
f 4124 4123 4125
f 4126 4127 4128
f 4128 4127 4129
f 4130 4131 4132
f 4133 4134 4135
f 4135 4134 4136
f 4137 4138 4139
f 4139 4138 4140
f 4141 4142 4143
f 4143 4142 4144
f 4145 4146 4147
f 4147 4146 4148
f 4149 4150 4151
f 4152 4153 4154
f 4155 4156 4157
f 4155 4157 4158
f 4159 4160 4161
f 4162 4163 4164
f 4164 4163 4165
f 4131 4166 4132
f 4167 4152 4154
f 4148 4168 4169
f 4170 4171 4162
f 4170 4162 4172
f 4172 4162 4164
f 3898 4173 3896
f 4174 4175 4176
f 4174 4176 4177
f 4178 4177 4179
f 4179 4177 4176
f 3984 4180 3982
f 4181 4165 4163
f 3980 4182 3978
f 4183 4184 4185
f 4186 4187 4188
f 4189 4190 4191
f 4192 4193 4194
f 4195 4196 4197
f 4198 4199 4200
f 4201 4202 4203
f 4204 4205 4206
f 4206 4205 4207
f 4208 4209 4210
f 4211 4212 4213
f 4214 4215 4216
f 4216 4215 4217
f 4218 4219 4220
f 4221 4222 4223
f 4224 4225 4226
f 4227 4228 4229
f 4230 4231 4232
f 4232 4231 4233
f 4234 4235 4236
f 4236 4235 4237
f 4238 4239 4240
f 4238 4240 4241
f 4242 4243 4244
f 4242 4244 4245
f 4246 4247 4248
f 4246 4248 4249
f 4250 4251 4252
f 4250 4252 4253
f 4254 4255 4256
f 4256 4255 4257
f 4258 4259 4260
f 4260 4259 4261
f 4262 4263 4264
f 4264 4263 4265
f 4266 4267 4268
f 4269 4270 4271
f 4272 4273 4274
f 4275 4276 4277
f 4278 4279 4280
f 4281 4282 4283
f 4284 4285 4286
f 4287 4288 4289
f 4290 4291 4292
f 4293 4294 4295
f 4296 4297 4298
f 4299 4300 4301
f 4301 4300 4302
f 4303 4304 4305
f 4306 4307 4308
f 4309 4310 4311
f 4312 4313 4314
f 4315 4316 4317
f 4318 4319 4320
f 4321 4322 4323
f 4324 4325 4326
f 4327 4328 4329
f 4330 4331 4332
f 4333 4334 4335
f 4336 4337 4338
f 4339 4340 4341
f 4342 4343 4344
f 4345 4346 4347
f 4348 4349 4350
f 4351 4352 4353
f 4354 4355 4356
f 4357 4358 4359
f 4360 4361 4362
f 4362 4361 4363
f 4362 4363 4359
f 4359 4363 4364
f 4359 4364 4357
f 4365 4366 4367
f 4367 4366 4368
f 4367 4368 4369
f 4369 4368 4370
f 4369 4370 4371
f 4370 4372 4371
f 4371 4372 4373
f 4371 4373 4360
f 4360 4373 4374
f 4360 4374 4361
f 4375 4376 4377
f 4378 4379 4380
f 4381 4382 4383
f 4384 4385 4386
f 4387 4388 4389
f 4390 4391 4392
f 4393 4394 4395
f 4396 4397 4398
f 4399 4400 4401
f 4402 4403 4404
f 4405 4406 4407
f 4408 4409 4410
f 4410 4409 4411
f 4412 4413 4414
f 4413 4415 4414
f 4416 4417 4418
f 4419 4420 4421
f 4422 4423 4424
f 4425 4426 4427
f 4428 4429 4430
f 4431 4432 4433
f 4434 4435 4436
f 4437 4438 4439
f 4440 4441 4442
f 4443 4444 4445
f 4446 4447 4448
f 4449 4450 4451
f 4452 4453 4454
f 4455 4456 4457
f 4458 4459 4460
f 4461 4462 4463
f 4464 4465 4466
f 4467 4468 4469
f 4470 4471 4472
f 4473 4474 4475
f 4476 4477 4478
f 4479 4480 4481
f 4482 4483 4484
f 4485 4486 4487
f 4488 4489 4490
f 4491 4492 4493
f 4494 4495 4496
f 4497 4498 4499
f 4500 4501 4502
f 4503 4504 4505
f 4506 4507 4508
f 4509 4510 4511
f 4512 4513 4514
f 4515 4516 4517
f 4518 4519 4520
f 4521 4522 4523
f 4524 4525 4526
f 4527 4528 4529
f 4530 4531 4532
f 4533 4534 4535
f 4536 4537 4538
f 4539 4540 4541
f 4542 4543 4544
f 4545 4546 4547
f 4548 4549 4550
f 4551 4552 4553
f 4554 4555 4556
f 4557 4558 4559
f 4560 4561 4562
f 4563 4564 4565
f 4566 4567 4568
f 4569 4570 4571
f 4572 4573 4574
f 4575 4576 4577
f 4578 4579 4580
f 4581 4582 4583
f 4584 4585 4586
f 4587 4588 4589
f 4590 4591 4592
f 4593 4594 4595
f 4596 4597 4598
f 4599 4600 4601
f 4602 4603 4604
f 4605 4606 4607
f 4608 4609 4610
f 4611 4612 4613
f 4614 4615 4616
f 4617 4618 4619
f 4620 4621 4622
f 4623 4624 4625
f 4626 4627 4628
f 4629 4630 4631
f 4632 4633 4634
f 4635 4636 4637
f 4638 4639 4640
f 4641 4642 4643
f 4644 4645 4646
f 4647 4648 4649
f 4650 4651 4652
f 4653 4654 4655
f 4656 4657 4658
f 4659 4660 4661
f 4662 4663 4664
f 4665 4666 4667
f 4668 4669 4670
f 4671 4672 4673
f 4674 4675 4676
f 4677 4678 4679
f 4680 4681 4682
f 4683 4684 4685
f 4686 4687 4688
f 4689 4690 4691
f 4691 4690 4692
f 4693 4694 4695
f 4695 4694 4696
f 4697 4698 4699
f 4699 4698 4700
f 4701 4702 4703
f 4703 4702 4704
f 4705 4706 4707
f 4707 4706 4708
f 4709 4710 4711
f 4711 4710 4712
f 4713 4714 4715
f 4715 4714 4716
f 4717 4718 4719
f 4719 4718 4720
f 4721 4722 4723
f 4723 4722 4724
f 4725 4726 4727
f 4727 4726 4728
f 4729 4730 4731
f 4731 4730 4732
f 4733 4734 4735
f 4735 4734 4736
f 4737 4738 4739
f 4739 4738 4740
f 4741 4742 4743
f 4743 4742 4744
f 4745 4746 4747
f 4747 4746 4748
f 4749 4750 4751
f 4752 4753 4754
f 4755 4756 4757
f 4758 4759 4760
f 4760 4759 4761
f 4762 4763 4764
f 4764 4763 4765
f 4766 4767 4768
f 4768 4767 4769
f 4770 4771 4772
f 4772 4771 4773
f 4774 4775 4776
f 4776 4775 4777
f 4778 4779 4780
f 4780 4779 4781
f 4782 4783 4784
f 4784 4783 4785
f 4786 4787 4788
f 4788 4787 4789
f 4790 4791 4792
f 4792 4791 4793
f 4794 4795 4796
f 4796 4795 4797
f 4798 4799 4800
f 4800 4799 4801
f 4802 4803 4804
f 4804 4803 4805
f 4806 4807 4808
f 4808 4807 4809
f 4810 4811 4812
f 4812 4811 4813
f 4814 4815 4816
f 4816 4815 4817
f 4818 4819 4820
f 4820 4819 4821
f 4822 4823 4824
f 4825 4826 4827
f 4828 4829 4830
f 4831 4832 4833
f 4834 4835 4836
f 4837 4838 4839
f 4840 4841 4842
f 4843 4844 4842
f 4844 4845 4842
f 4842 4845 4846
f 4842 4846 4840
f 4847 4848 4849
f 4849 4848 4850
f 4851 4852 4850
f 4850 4852 4853
f 4850 4853 4849
f 4842 4852 4843
f 4843 4852 4851
f 4843 4851 4854
f 4854 4851 4855
f 4854 4855 4856
f 4856 4855 4857
f 4856 4857 4858
f 4858 4857 4859
f 4858 4859 4860
f 4860 4859 4861
f 4862 4863 4864
f 4865 4848 4866
f 4867 4868 4869
f 4869 4868 4870
f 4869 4870 4861
f 4861 4870 4871
f 4861 4871 4860
f 4864 4872 4862
f 4862 4872 4873
f 4862 4873 4874
f 4874 4873 4875
f 4874 4875 4847
f 4847 4875 4876
f 4847 4876 4848
f 4848 4876 4877
f 4848 4877 4866
f 4878 4879 4880
f 4880 4879 4881
f 4880 4881 4867
f 4867 4881 4882
f 4867 4882 4868
f 4883 4884 4885
f 4885 4884 4886
f 4885 4886 4887
f 4887 4886 4888
f 4887 4888 4878
f 4878 4888 4889
f 4878 4889 4879
f 4866 4890 4865
f 4865 4890 4891
f 4865 4891 4892
f 4892 4891 4893
f 4892 4893 4883
f 4883 4893 4894
f 4883 4894 4884
f 4895 4896 4897
f 4898 4899 4900
f 4901 4902 4903
f 4904 4905 4906
f 4907 4908 4909
f 4910 4911 4912
f 4913 4914 4915
f 4916 4917 4918
f 4919 4920 4921
f 4922 4923 4924
f 4925 4926 4927
f 4928 4929 4930
f 4931 4932 4933
f 4934 4935 4936
f 4937 4938 4939
f 4940 4941 4942
f 4943 4944 4945
f 4946 4947 4948
f 4949 4950 4951
f 4952 4953 4954
f 4955 4956 4957
f 4958 4959 4960
f 4961 4962 4963
f 4964 4965 4966
f 4967 4968 4969
f 4970 4971 4972
f 4973 4974 4975
f 4976 4977 4978
f 4979 4980 4981
f 4982 4983 4984
f 4985 4986 4987
f 4988 4989 4990
f 4991 4992 4993
f 4994 4995 4996
f 4996 4995 4997
f 4998 4999 5000
f 5001 5002 5003
f 5004 5005 5006
f 5006 5005 5007
f 5008 5009 5010
f 5010 5009 5011
f 5012 5013 5014
f 5014 5013 5015
f 5016 5017 5018
f 5018 5017 5019
f 5020 5021 5022
f 5023 5024 5025
f 5026 5027 5028
f 5028 5027 5029
f 5030 5031 5032
f 5033 5034 5035
f 5036 5037 5038
f 5039 5040 5041
f 5041 5040 5042
f 5043 5044 5045
f 5045 5044 5046
f 5047 5048 5049
f 5049 5048 5050
f 5051 5052 5053
f 5053 5052 5054
f 5055 5056 5057
f 5058 5059 5060
f 5060 5059 5061
f 5062 5063 5064
f 5064 5063 5065
f 5066 5067 5068
f 5068 5067 5069
f 5070 5071 5072
f 5072 5071 5073
f 5074 5075 5076
f 5077 5078 5079
f 5080 5081 5082
f 5083 5084 5085
f 5086 5087 5088
f 5089 5090 5091
f 5092 5093 5094
f 5095 5096 5097
f 5098 5099 5100
f 5101 5102 5103
f 5104 5105 5106
f 5076 5107 5074
f 5108 5109 5110
f 5110 5109 5111
f 5112 5113 5114
f 5115 5116 5117
f 5118 5119 5120
f 5120 5119 5121
f 5122 5123 5124
f 5125 5126 5127
f 5128 5129 5130
f 5131 5132 5133
f 5134 5135 5136
f 5137 5138 5139
f 5140 5141 5142
f 5143 5144 5145
f 5146 5147 5148
f 5148 5149 5146
f 5146 5149 5150
f 5146 5150 5151
f 5151 5150 5152
f 5151 5152 5153
f 5154 5155 5156
f 5157 5158 5159
f 5160 5161 5162
f 5163 5164 5165
f 5166 5167 5168
f 5169 5170 5171
f 5172 5173 5174
f 5175 5176 5177
f 5178 5179 5180
f 5181 5182 5183
f 5184 5185 5186
f 5187 5188 5189
f 5190 5191 5192
f 5193 5194 5195
f 5196 5197 5198
f 5199 5200 5201
f 5202 5203 5204
f 5205 5206 5207
f 5208 5209 5210
f 5211 5212 5213
f 5214 5215 5216
f 5217 5218 5219
f 5220 5221 5222
f 5223 5224 5225
f 5226 5227 5228
f 5229 5230 5231
f 5232 5233 5234
f 5235 5236 5237
f 5238 5239 5240
f 5241 5242 5243
f 5244 5245 5246
f 5247 5248 5249
f 5250 5251 5252
f 5252 5251 5253
f 5252 5253 5254
f 5255 5256 5257
f 5257 5256 5251
f 5257 5251 5258
f 5258 5251 5250
f 5259 5260 5261
f 5261 5262 5263
f 5264 5265 5266
f 5267 5268 5269
f 5269 5268 5264
f 5263 5262 5270
f 5270 5262 5266
f 5270 5266 5271
f 5271 5266 5265
f 5271 5265 5272
f 5260 5269 5261
f 5261 5269 5264
f 5261 5264 5273
f 5273 5264 5266
f 5263 5274 5261
f 5261 5274 5275
f 5261 5275 5276
f 5276 5277 5261
f 5261 5277 5278
f 5261 5278 5259
f 5279 5280 5281
f 5282 5283 5284
f 5285 5286 5287
f 5288 5289 5290
f 5291 5292 5293
f 5294 5295 5296
f 5297 5298 5299
f 5300 5301 5302
f 5303 5287 5304
f 5305 5306 5307
f 5308 5309 5310
f 5311 5312 5313
f 5314 5315 5316
f 5317 5318 5319
f 5320 5321 5322
f 5323 5324 5325
f 5326 5327 5328
f 5329 5330 5331
f 5332 5333 5334
f 5335 5336 5337
f 5338 5339 5340
f 5341 5342 5343
f 5344 5345 5346
f 5347 5348 5349
f 5350 5351 5352
f 5353 5354 5355
f 5356 5357 5358
f 5359 5360 5361
f 5362 5363 5364
f 5365 5366 5367
f 5368 5369 5370
f 5370 5369 5371
f 5372 5373 5374
f 5375 5376 5377
f 5378 5379 5380
f 5381 5382 5383
f 5380 5384 5385
f 5386 5387 5388
f 5389 5390 5391
f 5392 5393 5394
f 5395 5396 5397
f 5398 5399 5400
f 5401 5402 5403
f 5404 5405 5406
f 5404 5406 5407
f 5408 5409 5410
f 5411 5412 5413
f 5414 5415 5416
f 5417 5418 5419
f 5420 5421 5422
f 5423 5424 5425
f 5426 5427 5428
f 5429 5430 5431
f 5429 5431 5432
f 5433 5434 5435
f 5433 5435 5436
f 5437 5438 5439
f 5440 5441 5442
f 5443 5444 5445
f 5446 5447 5448
f 5449 5450 5451
f 5452 5453 5454
f 5281 5455 5279
f 5456 5457 5458
f 5459 5460 5461
f 5462 5463 5464
f 5465 5466 5467
f 5465 5467 5468
f 5469 5470 5471
f 5469 5471 5472
f 5473 5474 5475
f 5476 5477 5478
f 5479 5480 5481
f 5481 5480 5482
f 5483 5372 5484
f 5484 5372 5374
f 5485 5486 5487
f 5488 5489 5490
f 5491 5492 5493
f 5494 5495 5496
f 5497 5498 5499
f 5497 5499 5500
f 5500 5499 5501
f 5500 5501 5502
f 5503 5504 5505
f 5506 5507 5508
f 5509 5510 5511
f 5512 5513 5514
f 5515 5516 5517
f 5518 5387 5386
f 5519 5520 5521
f 5522 5523 5524
f 5522 5524 5525
f 5526 5527 5483
f 5526 5483 5528
f 5528 5483 5484
f 5529 5530 5531
f 5532 5485 5487
f 5533 5534 5535
f 5401 5403 5536
f 5537 5519 5521
f 5538 5539 5540
f 5540 5539 5541
f 5540 5541 5542
f 5543 5544 5545
f 5543 5545 5546
f 5547 5548 5549
f 5504 5550 5505
f 5551 5533 5535
f 5552 5553 5554
f 5555 5556 5557
f 5558 5559 5560
f 5561 5562 5563
f 5563 5562 5564
f 5565 5566 5567
f 5567 5566 5568
f 5569 5570 5571
f 5571 5570 5572
f 5573 5574 5575
f 5575 5574 5576
f 5577 5578 5579
f 5579 5578 5580
f 5434 5581 5435
f 5435 5581 5582
f 5583 5584 5585
f 5586 5587 5588
f 5589 5590 5591
f 5592 5593 5594
f 5595 5596 5597
f 5598 5599 5600
f 5601 5602 5603
f 5604 5605 5606
f 5607 5608 5609
f 5610 5611 5612
f 5613 5614 5615
f 5616 5617 5618
f 5619 5620 5621
f 5622 5623 5624
f 5625 5626 5627
f 5628 5629 5630
f 5628 5630 5631
f 5630 5632 5631
f 5633 5634 5635
f 5631 5636 5637
f 5638 5639 5640
f 5641 5642 5643
f 5644 5645 5646
f 5647 5648 5649
f 5628 5650 5629
f 5651 5652 5653
f 5654 5655 5656
f 5657 5658 5659
f 5660 5661 5662
f 5663 5664 5665
f 5666 5667 5668
f 5669 5670 5671
f 5672 5673 5674
f 5675 5676 5677
f 5678 5679 5680
f 5681 5682 5683
f 5684 5685 5686
f 5687 5688 5689
f 5687 5689 5690
f 5691 5692 5693
f 5694 5695 5696
f 5697 5698 5699
f 5700 5701 5702
f 5703 5704 5705
f 5705 5704 5706
f 5707 5708 5709
f 5710 5711 5712
f 5713 5714 5715
f 5716 5717 5718
f 5719 5720 5721
f 5722 5723 5724
f 5725 5726 5727
f 5728 5729 5730
f 5731 5732 5733
f 5734 5735 5736
f 5737 5738 5739
f 5740 5741 5742
f 5743 5744 5745
f 5746 5747 5748
f 5749 5750 5751
f 5752 5753 5754
f 5755 5756 5757
f 5758 5759 5760
f 5758 5760 5761
f 5762 5763 5764
f 5765 5766 5767
f 5768 5769 5770
f 5771 5772 5773
f 5774 5662 5661
f 5774 5661 5775
f 5776 5651 5653
f 5777 5778 5779
f 5780 5781 5782
f 5783 5784 5785
f 5786 5787 5788
f 5762 5764 5789
f 5790 5791 5792
f 5793 5794 5795
f 5796 5797 5798
f 5799 5800 5801
f 5802 5803 5804
f 5805 5806 5807
f 5808 5809 5810
f 5810 5809 5811
f 5812 5813 5814
f 5814 5813 5815
f 5816 5817 5818
f 5819 5820 5821
f 5819 5821 5822
f 5823 5824 5825
f 5823 5825 5826
f 5827 5828 5829
f 5830 5831 5832
f 5833 5834 5835
f 5836 5837 5838
f 5838 5837 5839
f 5840 5841 5842
f 5842 5841 5843
f 5844 5845 5846
f 5847 5848 5849
f 5782 5850 5780
f 5851 5852 5734
f 5853 5854 5855
f 5856 5857 5858
f 5858 5857 5859
f 5860 5861 5862
f 5862 5861 5863
f 5864 5865 5866
f 5867 5868 5869
f 5870 5871 5872
f 5873 5785 5784
f 5874 5875 5876
f 5877 5592 5594
f 5878 5879 5880
f 5881 5882 5883
f 5884 5885 5886
f 5880 5660 5878
f 5878 5660 5662
f 5887 5888 5889
f 5890 5772 5771
f 5872 5827 5870
f 5870 5827 5829
f 5891 5755 5892
f 5892 5755 5757
f 5893 5894 5895
f 5895 5894 5896
f 5897 5898 5899
f 5900 5713 5715
f 5837 5901 5839
f 5839 5901 5902
f 5903 5904 5905
f 5905 5904 5906
f 5907 5908 5909
f 5909 5908 5910
f 5911 5912 5913
f 5913 5912 5914
f 5915 5916 5917
f 5917 5916 5918
f 5919 5920 5921
f 5921 5920 5922
f 5923 5924 5925
f 5926 5927 5928
f 5929 5930 5931
f 5931 5930 5932
f 5933 5934 5935
f 5936 5937 5938
f 5939 5940 5941
f 5942 5943 5944
f 5945 5946 5947
f 5948 5949 5950
f 5951 5952 5953
f 5954 5955 5956
f 5957 5958 5959
f 5960 5961 5962
f 5960 5962 5963
f 5964 5965 5966
f 5964 5966 5967
f 5968 5969 5970
f 5971 5972 5973
f 5974 5975 5976
f 5977 5978 5979
f 5980 5981 5982
f 5983 5984 5985
f 5986 5987 5988
f 5989 5990 5991
f 5992 5993 5994
f 5995 5996 5997
f 5998 5999 6000
f 6001 6002 6003
f 6004 6005 6006
f 6007 6008 6009
f 6009 6008 6010
f 6011 6012 6013
f 6014 6015 6016
f 6014 6016 6017
f 6018 6019 6020
f 6021 6022 6023
f 6024 6025 6026
f 6027 6011 6013
f 6028 6029 6030
f 6031 6032 6033
f 6031 6033 6034
f 6035 6036 6037
f 6038 6039 6040
f 6041 6042 6043
f 6044 6045 6046
f 6047 6024 6026
f 6048 6049 6050
f 6051 6028 6030
f 6052 6053 6054
f 6055 6056 6057
f 6055 6057 6058
f 6059 6060 6061
f 6062 6063 6064
f 6062 6064 6065
f 5992 5994 6066
f 6067 6068 6069
f 6070 6071 6072
f 6073 6074 6075
f 6076 6077 6078
f 6079 6080 6081
f 6082 6083 6084
f 5998 6000 6085
f 6086 6087 6088
f 6089 6090 6091
f 6092 6093 6094
f 6095 6096 6097
f 6098 6099 6100
f 6101 6102 6103
f 6104 6105 6106
f 6107 6108 6109
f 6110 6111 6112
f 6112 6111 6113
f 6114 6115 6116
f 6116 6115 6117
f 6118 6119 6120
f 6108 6121 6109
f 6122 6123 6124
f 6125 6126 6127
f 6128 6129 6130
f 6131 6132 6133
f 6133 6132 6134
f 6135 6136 6137
f 5988 5987 6138
f 6139 6120 6119
f 6140 6141 6142
f 6143 6035 6037
f 6144 6145 6146
f 6147 6060 6059
f 6148 6149 6150
f 6151 6152 6153
f 6154 6155 6156
f 5989 5991 6157
f 6158 6140 6142
f 6159 6160 6161
f 6162 6144 6146
f 6163 6164 6165
f 6166 6148 6150
f 6167 6168 6169
f 6170 6171 6172
f 6173 6174 6175
f 6176 6177 6178
f 6179 6081 6080
f 6169 6180 6167
f 6181 6075 6074
f 6165 6182 6163
f 6183 6069 6068
f 6161 6184 6159
f 6185 6186 6187
f 6185 6187 6188
f 6189 6190 6191
f 6192 6193 6194
f 6195 6196 6197
f 6197 6196 6198
f 6199 6200 6201
f 5995 5997 6202
f 6203 6070 6072
f 6204 6205 6206
f 6207 6076 6078
f 6208 6209 6210
f 6211 6082 6084
f 6212 6213 6214
f 6215 6216 6217
f 6218 6219 6220
f 6221 6222 6223
f 6224 6100 6099
f 6214 6225 6212
f 6226 6094 6093
f 6210 6227 6208
f 6228 6088 6087
f 6206 6229 6204
f 6230 6231 6232
f 6230 6232 6233
f 6234 6235 6236
f 6237 6238 6239
f 6240 6241 6242
f 6242 6241 6243
f 6244 6245 6246
f 6001 6003 6247
f 6248 6089 6091
f 6249 6250 6251
f 6252 6095 6097
f 6253 6254 6255
f 6256 6101 6103
f 6257 6258 6259
f 6260 6261 6262
f 6263 6264 6265
f 6004 6006 6266
f 6267 6249 6251
f 6054 6268 6052
f 6269 6253 6255
f 6050 6270 6048
f 6271 6257 6259
f 6046 6272 6044
f 6273 6274 6275
f 6273 6275 6276
f 6277 6278 6279
f 6280 6281 6282
f 6283 6284 6285
f 6286 6287 6288
f 6289 6290 6291
f 6292 6293 6294
f 6295 6296 6297
f 6298 6299 6300
f 6301 6302 6303
f 6304 6305 6306
f 6307 6308 6309
f 6310 6311 6312
f 6313 6314 6315
f 6316 6317 6318
f 6319 6320 6321
f 6322 6323 6324
f 6325 6326 6327
f 6328 6329 6330
f 6331 6332 6333
f 6334 6335 6336
f 6337 6338 6339
f 6340 6341 6342
f 6343 6344 6345
f 6346 6347 6348
f 6346 6348 6349
f 6349 6348 6350
f 6350 6348 6351
f 6350 6351 6352
f 6340 6342 6353
f 6353 6342 6354
f 6353 6354 6355
f 6355 6354 6356
f 6355 6356 6357
f 6358 6359 6360
f 6360 6345 6361
f 6361 6345 6344
f 6361 6344 6362
f 6362 6344 6363
f 6362 6363 6364
f 6364 6363 6365
f 6364 6365 6366
f 6366 6365 6352
f 6366 6352 6367
f 6367 6352 6368
f 6358 6360 6369
f 6359 6370 6360
f 6360 6370 6371
f 6360 6371 6372
f 6372 6371 6373
f 6372 6373 6374
f 6357 6375 6355
f 6355 6375 6376
f 6355 6376 6345
f 6345 6376 6377
f 6345 6377 6343
f 6378 6368 6379
f 6379 6368 6352
f 6379 6352 6380
f 6380 6352 6351
f 6381 6382 6383
f 6383 6382 6384
f 6383 6384 6361
f 6361 6384 6385
f 6361 6385 6360
f 6360 6385 6386
f 6360 6386 6369
f 6387 6388 6389
f 6390 6391 6392
f 6393 6394 6395
f 6396 6397 6398
f 6399 6400 6401
f 6402 6403 6404
f 6405 6406 6407
f 6408 6409 6410
f 6411 6412 6413
f 6414 6415 6416
f 6417 6418 6419
f 6420 6421 6422
f 6423 6424 6425
f 6426 6427 6428
f 6429 6430 6431
f 6432 6433 6434
f 6435 6436 6437
f 6438 6439 6440
f 6441 6442 6443
f 6444 6445 6446
f 6447 6448 6449
f 6450 6451 6452
f 6453 6454 6455
f 6456 6457 6458
f 6459 6460 6461
f 6461 6460 6462
f 6463 6464 6465
f 6466 6467 6468
f 6469 6470 6471
f 6472 6473 6474
f 6475 6476 6477
f 6478 6479 6480
f 6481 6482 6483
f 6484 6485 6486
f 6486 6485 6487
f 6488 6489 6490
f 6491 6492 6493
f 6494 6495 6496
f 6497 6498 6499
f 6500 6501 6502
f 6503 6504 6505
f 6503 6505 6506
f 6507 6508 6509
f 6510 6511 6512
f 6513 6514 6515
f 6516 6517 6518
f 6516 6518 6519
f 6520 6512 6511
f 6521 6522 6523
f 6524 6525 6526
f 6527 6528 6529
f 6530 6531 6532
f 6533 6534 6535
f 6536 6537 6538
f 6539 6540 6541
f 6542 6543 6544
f 6545 6546 6547
f 6548 6549 6550
f 6551 6552 6553
f 6554 6555 6556
f 6556 6555 6557
f 6558 6559 6560
f 6560 6559 6561
f 6562 6563 6564
f 6565 6566 6567
f 6568 6569 6570
f 6571 6572 6573
f 6574 6575 6576
f 6577 6578 6579
f 6579 6578 6580
f 6581 6582 6583
f 6583 6582 6584
f 6585 6586 6587
f 6588 6589 6590
f 6590 6589 6591
f 6590 6591 6592
f 6592 6591 6585
f 6592 6585 6593
f 6593 6585 6587
f 6594 6595 6596
f 6596 6595 6589
f 6596 6589 6597
f 6597 6589 6588
f 6585 6598 6586
f 6586 6598 6599
f 6586 6599 4669
f 4669 6599 6600
f 4669 6600 6601
f 6601 6602 4669
f 4669 6602 6603
f 4669 6603 6604
f 6604 6603 6605
f 6604 6605 6606
f 6606 6605 6607
f 6606 6607 6608
f 6608 6607 6609
f 6608 6609 6610
f 6610 6609 6611
f 6612 6613 6614
f 6614 6613 6615
f 6615 6613 6595
f 6615 6595 6616
f 6616 6595 6594
f 6616 6594 6617
f 6614 6618 6612
f 6612 6618 6619
f 6612 6619 6620
f 6620 6619 6621
f 6620 6621 6622
f 6622 6621 6623
f 6622 6623 6624
f 6624 6623 6625
f 6624 6625 6611
f 6611 6625 6626
f 6611 6626 6610
f 6627 6628 6629
f 6630 6631 6632
f 6633 6634 6635
f 6633 6635 6636
f 6637 6638 6639
f 6637 6639 6640
f 6641 6642 6643
f 6641 6643 6644
f 6627 6629 6645
f 6646 6647 6648
f 6646 6648 6649
f 6650 6651 6652
f 6650 6652 6653
f 6654 6655 6656
f 6654 6656 6657
f 6658 6659 6660
f 6658 6660 6661
f 6662 6663 6664
f 6665 6666 6667
f 6668 6669 6670
f 6630 6671 6631
f 6672 6673 6674
f 6674 6675 6672
f 6672 6675 6676
f 6672 6676 6677
f 6678 6679 6680
f 6681 6682 6683
f 6683 6682 6684
f 6683 6684 6685
f 6685 6684 6686
f 6685 6686 6687
f 6687 6686 6678
f 6687 6678 6688
f 6688 6678 6680
f 6689 6690 6691
f 6691 6690 6692
f 6691 6692 6673
f 6673 6692 6693
f 6673 6693 6674
f 6694 6695 6696
f 6697 6698 6689
f 6689 6698 6699
f 6689 6699 6690
f 6676 6700 6677
f 6677 6700 6701
f 6677 6701 6702
f 6683 6703 6681
f 6681 6703 6704
f 6681 6704 6697
f 6697 6704 6705
f 6697 6705 6698
f 6706 6707 6695
f 6695 6707 6708
f 6695 6708 6696
f 6696 6709 6694
f 6694 6709 6710
f 6694 6710 6711
f 6711 6710 6712
f 6711 6712 6713
f 6712 6714 6713
f 6713 6714 6715
f 6713 6715 6679
f 6679 6715 6716
f 6679 6716 6680
f 6717 6718 6719
f 6719 6718 6720
f 6719 6720 6706
f 6706 6720 6721
f 6706 6721 6707
f 6701 6722 6702
f 6702 6722 6723
f 6702 6723 6724
f 6724 6723 6725
f 6724 6725 6717
f 6717 6725 6726
f 6717 6726 6718
f 6727 6728 6729
f 6729 6728 6730
f 6731 6732 6733
f 6734 6735 6736
f 6737 6738 6739
f 6740 6741 6742
f 6743 6744 6745
f 6746 6747 6748
f 6749 6750 6751
f 6752 6753 6754
f 6755 6756 6757
f 6757 6756 6758
f 6759 6760 6761
f 6762 6763 6764
f 6765 6766 6767
f 6768 6769 6770
f 6771 6772 6773
f 6774 6775 6776
f 6777 6778 6779
f 6780 6781 6782
f 6783 6784 6785
f 6786 6787 6788
f 6789 6790 6791
f 6792 6793 6794
f 6795 6796 6797
f 6798 6799 6796
f 6796 6799 6800
f 6796 6800 6797
f 6797 6801 6795
f 6795 6801 6802
f 6795 6802 6803
f 6803 6802 6804
f 6803 6804 6805
f 6794 6793 6806
f 6806 6793 6807
f 6806 6807 6799
f 6792 6794 6808
f 6808 6794 6809
f 6808 6809 6810
f 6811 6812 6813
f 6813 6812 6814
f 6813 6814 6798
f 6798 6814 6815
f 6798 6815 6799
f 6799 6815 6816
f 6799 6816 6806
f 6817 6818 6819
f 6820 6821 6822
f 6823 6824 6825
f 6826 6827 6828
f 6829 6830 6831
f 6832 6833 6834
f 6835 6836 6837
f 6837 6836 6838
f 6839 6840 6841
f 6842 6843 6844
f 6845 6846 6847
f 6847 6846 6848
f 6849 6850 6851
f 6852 6853 6854
f 6855 6856 6857
f 6858 6859 6860
f 6861 6862 6863
f 6864 6865 6866
f 6867 6868 6869
f 6870 6871 6872
f 6873 6874 6875
f 6876 6877 6878
f 6879 6880 6881
f 6882 6883 6884
f 6885 6886 6887
f 6888 6889 6890
f 6891 6892 6893
f 6894 6895 6896
f 6897 6898 6899
f 6900 6901 6902
f 6903 6904 6905
f 6906 6907 6908
f 6909 6910 6911
f 6912 6913 6914
f 6915 6916 6917
f 6918 6919 6920
f 6921 6922 6923
f 6924 6925 6926
f 6927 6928 6929
f 6930 6931 6932
f 6933 6934 6935
f 6936 6937 6938
f 6939 6940 6941
f 6942 6943 6944
f 6945 6946 6947
f 6948 6949 6950
f 6951 6952 6953
f 6954 6955 6956
f 6957 6958 6959
f 6960 6961 6962
f 6963 6964 6965
f 6965 6964 6966
f 6967 6968 6969
f 6970 6971 6972
f 6973 6974 6975
f 6975 6974 6976
f 6977 6978 6979
f 6980 6981 6982
f 6983 6984 6985
f 6986 6987 6988
f 6988 6987 6989
f 6990 6991 6992
f 6992 6991 6993
f 6994 6995 6996
f 6997 6979 6978
f 6998 6999 7000
f 7001 7002 7003
f 7004 7005 7006
f 7007 7008 7009
f 7010 7011 7012
f 7013 7014 7015
f 7016 7017 7018
f 7019 7020 7021
f 7022 7023 7024
f 7025 7026 7027
f 7028 7029 7030
f 7031 7032 7033
f 7034 7035 7036
f 7037 7038 7039
f 7040 7041 7042
f 7043 7044 7045
f 7046 7047 7048
f 7049 7050 7051
f 7052 7053 7054
f 7055 7056 7057
f 7058 7059 7060
f 7061 7062 7063
f 7064 7065 7066
f 7067 7068 7069
f 7070 7071 7072
f 7073 7074 7075
f 7076 7077 7078
f 7079 7080 7081
f 7082 7083 7084
f 7085 7086 7087
f 7088 7089 7090
f 7091 7092 7093
f 7094 7095 7096
f 7097 7098 7099
f 7100 7101 7102
f 7102 7101 7103
f 7104 7105 7106
f 7107 7108 7109
f 7110 7111 7112
f 7113 7114 7115
f 7116 7117 7118
f 7119 7120 7121
f 7122 7123 7124
f 7125 7126 7127
f 7128 7129 7130
f 7131 7132 7133
f 7134 7135 7136
f 7137 7138 7139
f 7140 7141 7142
f 7143 7144 7145
f 7146 7147 7148
f 7149 7150 7151
f 7152 7153 7154
f 7155 7156 7157
f 7158 7159 7160
f 7161 7162 7163
f 7164 7165 7166
f 7167 7168 7169
f 6809 7170 6810
f 7160 7171 7158
f 7172 7173 7174
f 7175 7176 7177
f 7178 7179 7180
f 7181 7182 7183
f 7184 7185 7186
f 7187 7188 7189
f 7190 7191 7192
f 7193 7194 7195
f 7196 7197 7198
f 7199 7200 7201
f 7202 7203 7204
f 7205 7206 7207
f 7208 7209 7210
f 7211 7212 7213
f 7214 7215 7216
f 7214 7216 7217
f 7218 7219 7220
f 7221 7222 7223
f 7224 7225 7226
f 7227 7228 7229
f 7230 7231 7232
f 7233 7234 7235
f 7236 7237 7238
f 7239 7240 7241
f 7242 7243 7244
f 7244 7243 7245
f 7242 7246 7243
f 7247 7248 7249
f 7250 7251 7252
f 7245 7243 7253
f 7254 7255 7256
f 7257 7258 7259
f 7260 7261 7262
f 7260 7262 7263
f 7263 7262 7264
f 7265 7266 7267
f 7268 7269 7270
f 7271 7272 7273
f 7274 7275 7276
f 7277 7278 7279
f 7280 7281 7282
f 7283 7284 7285
f 7286 7287 7288
f 7289 7290 7291
f 7292 7293 7294
f 7272 7295 7296
f 7272 7296 7273
f 7297 7298 7299
f 7300 7301 7302
f 7303 7304 7305
f 7306 7307 7308
f 7309 7310 7311
f 7312 7313 7314
f 7315 7316 7317
f 7318 7319 7320
f 7321 7322 7323
f 7324 7325 7326
f 7327 7328 7329
f 7330 7331 7332
f 7333 7334 7335
f 7336 7337 7338
f 7339 7340 7341
f 7342 7343 7344
f 7345 7346 7347
f 7348 7349 7350
f 7351 7352 7353
f 7353 7352 7354
f 7355 7356 7357
f 7357 7356 7358
f 7359 7360 7361
f 7362 7363 7364
f 7365 7366 7367
f 7368 7369 7370
f 7371 7372 7373
f 7374 7375 7376
f 7377 7378 7379
f 7380 7381 7382
f 7383 7384 7385
f 7386 7387 7388
f 7389 7390 7391
f 7392 7393 7394
f 7395 7396 7397
f 7398 7399 7400
f 7401 7402 7403
f 7404 7405 7406
f 7407 7408 7409
f 7410 7411 7412
f 7410 7412 7413
f 7414 7415 7416
f 7413 7417 7418
f 7419 7420 7421
f 7422 7423 7424
f 7425 7426 7427
f 7428 7429 7430
f 7431 7432 7433
f 7434 7435 7436
f 7437 7438 7439
f 7440 7441 7442
f 7443 7444 7445
f 7446 7447 7448
f 7449 7450 7451
f 7452 7453 7454
f 7455 7456 7457
f 7458 7459 7460
f 7461 7462 7463
f 7464 7465 7466
f 7467 7468 7469
f 7470 7471 7472
f 7473 7474 7475
f 7476 7477 7478
f 7479 7480 7481
f 7479 7481 7482
f 7483 7484 7485
f 7486 7487 7488
f 7489 7490 7491
f 7492 7493 7494
f 7495 7496 7497
f 7498 7499 7500
f 7501 7502 7503
f 7504 7505 7506
f 7507 7508 7509
f 7510 7511 7512
f 7512 7511 7513
f 7512 7513 7514
f 7515 7516 7517
f 7517 7516 7518
f 7517 7518 7519
f 7519 7518 7520
f 7519 7520 7521
f 7522 7523 7524
f 7525 7526 7527
f 7528 7529 7530
f 7531 7532 7533
f 7534 7535 7536
f 7537 7538 7539
f 7540 7541 7542
f 7543 7544 7545
f 7546 7547 7548
f 7549 7550 7551
f 7551 7550 7552
f 7553 7554 7555
f 7556 7557 7558
f 7559 7560 7561
f 7562 7563 7564
f 7565 7566 7567
f 7568 7569 7570
f 7571 7572 7573
f 7573 7572 7574
f 6563 7575 6564
f 7576 7577 7578
f 7578 7577 7579
f 7580 7581 7582
f 7583 7584 7585
f 7583 7585 7586
f 7586 7585 7587
f 7588 7589 7590
f 7590 7589 7591
f 7592 7593 7594
f 7595 7507 7509
f 7595 7509 7596
f 7597 7598 7599
f 7600 7601 7602
f 7603 7604 7605
f 7606 7607 7608
f 7609 7610 7611
f 7612 7613 7614
f 7615 7616 7617
f 7618 7619 7620
f 7618 7620 7621
f 7622 7623 7624
f 7625 7626 7627
f 7628 7629 7630
f 7631 7632 7633
f 7634 7635 7636
f 7637 7638 7639
f 7640 7641 7642
f 7643 7644 7645
f 7646 7647 7648
f 7649 7650 7651
f 7652 7653 7654
f 7655 7656 7657
f 7658 7659 7660
f 7661 7662 7663
f 7664 7665 7666
f 7667 7668 7669
f 7667 7669 7670
f 7671 7672 7673
f 7671 7673 7674
f 7675 7676 7677
f 7675 7677 7678
f 7679 7680 7681
f 7682 7683 7684
f 7685 7686 7687
f 7688 7689 7690
f 7691 7692 7693
f 7694 7695 7696
f 7697 7698 7699
f 7700 7701 7702
f 7703 7704 7705
f 7706 7707 7708
f 7709 7710 7711
f 7712 7713 7714
f 7714 7713 7715
f 7716 7717 7718
f 7719 7720 7721
f 7722 7723 7724
f 7725 7726 7727
f 7728 7729 7730
f 7731 7732 7733
f 7734 7735 7736
f 7737 7738 7739
f 7740 7741 7742
f 7743 7744 7745
f 7745 7744 7746
f 7747 7748 7749
f 7749 7748 7750
f 7751 7752 7753
f 7753 7752 7754
f 7755 7756 7757
f 7758 7759 7760
f 7761 7762 7763
f 7764 7377 7379
f 7764 7379 7765
f 7766 7767 7768
f 7769 7770 7771
f 7772 7773 7774
f 7775 7776 7777
f 7778 7779 7780
f 7781 7782 7783
f 7784 7785 7786
f 7786 7785 7787
f 7788 7789 7790
f 7790 7789 7791
f 7792 7793 7794
f 7795 7796 7797
f 7798 7799 7800
f 7801 7802 7803
f 7804 7805 7806
f 7807 7808 7809
f 7809 7808 7810
f 7811 7812 7813
f 7813 7812 7814
f 7815 7816 7817
f 7818 7792 7794
f 7765 7819 7764
f 7763 7820 7821
f 7822 7800 7823
f 7824 7825 7826
f 7827 7828 7829
f 7829 7828 7830
f 7831 7832 7833
f 7833 7832 7834
f 7835 7836 7837
f 7838 7839 7840
f 7840 7839 7841
f 7842 7843 7844
f 7844 7843 7845
f 7846 7847 7848
f 7849 7850 7851
f 7849 7851 7852
f 7853 7854 7855
f 7856 7857 7858
f 7859 7860 7861
f 7861 7860 7862
f 7861 7862 7850
f 7850 7862 7863
f 7850 7863 7851
f 7864 7408 7407
f 7854 7865 7855
f 7866 7867 7868
f 7868 7867 7869
f 7870 7871 7872
f 7872 7871 7873
f 7796 7874 7797
f 7875 7846 7848
f 7802 7876 7803
f 7877 7849 7852
f 7878 7879 7880
f 7881 7882 7883
f 7884 7885 7886
f 7886 7885 7887
f 7886 7887 7888
f 7888 7887 7889
f 7888 7889 7890
f 7890 7889 7891
f 7890 7891 7892
f 7893 7894 7895
f 7896 7897 7898
f 7899 7900 7901
f 7902 7903 7904
f 7905 7906 7907
f 7908 7909 7910
f 7911 7912 7913
f 7914 7915 7916
f 7917 7918 7919
f 7920 7501 7503
f 7920 7503 7921
f 7922 7923 7924
f 7925 7602 7601
f 7926 7927 7928
f 7929 7905 7907
f 7930 7931 7932
f 7933 7911 7913
f 7933 7913 7934
f 7935 7917 7919
f 7936 7937 7938
f 7939 7920 7921
f 7940 7941 7942
f 7943 7944 7945
f 7943 7945 7946
f 7947 7948 7949
f 7950 7951 7952
f 7953 7954 7955
f 7955 7954 7956
f 7957 7958 7959
f 7959 7958 7960
f 7961 7962 7963
f 7963 7962 7964
f 7965 7966 7967
f 7967 7966 7968
f 7969 7970 7971
f 7971 7970 7972
f 7973 7974 7975
f 7975 7974 7976
f 7977 7360 7978
f 7978 7360 7359
f 7979 7980 7981
f 7981 7980 7982
f 7983 7984 7985
f 7985 7984 7986
f 7987 7988 7989
f 7506 7990 7504
f 7991 7916 7915
f 7594 7992 7592
f 7993 7910 7909
f 7994 7995 7996
f 7996 7995 7997
f 7998 7999 8000
f 8001 8002 8003
f 8004 8005 8006
f 7384 8007 8008
f 7384 8008 7385
f 8009 8010 8011
f 8012 8013 8014
f 8015 8016 8017
f 8015 8017 8018
f 8019 8020 8021
f 8019 8021 8022
f 8023 8024 8025
f 7680 8026 7681
f 8027 8028 8029
f 8030 8031 8032
f 8033 8034 8035
f 8036 8037 8038
f 8039 8040 8041
f 8041 8040 8042
f 8043 8044 8045
f 8045 8044 8046
f 8047 8048 8049
f 8049 8048 8050
f 8051 8052 8053
f 8053 8052 8054
f 8055 8056 8057
f 8057 8056 8058
f 8059 8060 8061
f 8061 8060 8062
f 8063 8064 8065
f 8065 8064 8066
f 8067 8068 8069
f 8069 8068 8070
f 8071 8072 8073
f 8073 8072 8074
f 7482 8075 7479
f 7479 8075 8076
f 8077 8078 8079
f 8080 8081 8082
f 8083 8084 8085
f 8086 8087 8088
f 8088 8087 8089
f 8090 8091 8092
f 8093 8094 8095
f 8096 8097 8098
f 8099 8100 8101
f 8102 8103 8104
f 8105 8106 8107
f 7938 8108 8109
f 7938 8109 7936
f 8110 8079 8078
f 7934 8111 7933
f 8112 7989 7988
f 7932 8113 7930
f 8114 7370 7369
f 7928 8115 7926
f 8116 8117 8118
f 8119 7980 8120
f 8121 7359 7361
f 7607 8122 7608
f 8123 8124 8125
f 8024 8126 8025
f 8127 7382 7381
f 8028 8128 8029
f 8129 8130 8131
f 8132 8133 8134
f 8135 8136 8137
f 8138 8139 8140
f 8140 8139 8141
f 8142 8143 8144
f 8144 8143 8145
f 8146 8147 8148
f 8148 8147 8149
f 8150 8151 8152
f 8152 8151 8153
f 8154 8155 8156
f 8157 8158 8159
f 8160 8161 8162
f 8162 8161 8163
f 8164 8165 8166
f 8166 8165 8167
f 8168 8169 8170
f 8171 8172 8173
f 8174 8175 8176
f 8177 8178 8179
f 8180 8181 8182
f 8183 8184 8185
f 8186 8187 8188
f 8189 8190 8191
f 8192 8193 8194
f 8195 8196 8197
f 8198 8199 8200
f 8201 8202 8203
f 8204 8205 8206
f 8207 8208 8209
f 8210 8211 8212
f 8213 8214 8215
f 8216 8217 8218
f 8219 8220 8221
f 8222 8223 8224
f 8225 8226 8227
f 8228 8229 8230
f 8231 8232 8233
f 8234 8235 8236
f 8237 8238 8239
f 8240 8241 8242
f 8243 8244 8245
f 8246 8247 8248
f 8249 8250 8251
f 8252 8253 8254
f 8255 8256 8257
f 8258 8259 8260
f 8261 8262 8263
f 8264 8265 8266
f 8267 8268 8269
f 8270 8271 8272
f 8271 8273 8272
f 8274 8275 8276
f 8277 8278 8279
f 8280 8281 8282
f 8283 8284 8285
f 8286 8287 8288
f 8289 8290 8291
f 8292 8293 8294
f 8295 8296 8297
f 8298 8299 8300
f 8301 8302 8303
f 8304 8305 8306
f 8307 8308 8309
f 8310 8311 8312
f 8313 8314 8315
f 8316 8317 8318
f 8319 8320 8321
f 8322 8323 8324
f 8325 8326 8327
f 8328 8329 8330
f 8331 8332 8333
f 8334 8335 8336
f 8337 8338 8339
f 8340 8341 8342
f 8343 8344 8345
f 8346 8347 8348
f 8349 8350 8351
f 8352 8353 8354
f 8355 8356 8357
f 8358 8359 8360
f 8361 8362 8363
f 8364 8365 8366
f 8367 8368 8369
f 8370 8371 8372
f 8373 8374 8375
f 8376 8377 8378
f 8379 8380 8381
f 8382 8383 8384
f 8385 8386 8387
f 8388 8389 8390
f 8391 8392 8393
f 8394 8395 8396
f 8397 8398 8399
f 8400 8401 8402
f 8403 8404 8405
f 8406 8407 8408
f 8409 8410 8411
f 8412 8413 8414
f 8415 8416 8417
f 8418 8419 8420
f 8421 8422 8423
f 8424 8425 8426
f 8427 8428 8429
f 8430 8431 8432
f 8433 8434 8435
f 8436 8437 8438
f 8439 8440 8441
f 8442 8443 8444
f 8445 8446 8447
f 8448 8449 8450
f 8451 8452 8453
f 8454 8455 8456
f 8457 8458 8459
f 8460 8461 8462
f 8463 8464 8465
f 8466 8467 8468
f 8469 8470 8471
f 8472 8473 8474
f 8475 8476 8477
f 8478 8479 8480
f 8481 8482 8483
f 8484 8485 8486
f 8487 8488 8489
f 8490 8491 8492
f 8493 8494 8495
f 8496 8497 8498
f 8499 8500 8501
f 8502 8503 8504
f 8505 8506 8507
f 8508 8509 8510
f 8511 8512 8513
f 8471 8514 8469
f 8515 8516 8517
f 8518 8519 8520
f 8521 8522 8523
f 8524 8525 8526
f 8527 8528 8529
f 8530 8531 8532
f 8533 8534 8535
f 8536 8537 8538
f 8539 8540 8541
f 8542 8543 8544
f 8545 8546 8547
f 8548 8549 8550
f 8551 8552 8553
f 8554 8555 8556
f 8557 8558 8559
f 8560 8561 8562
f 8563 8564 8565
f 8566 8567 8568
f 8569 8570 8571
f 8572 8573 8574
f 8575 8576 8577
f 8578 8579 8580
f 8581 8582 8583
f 8584 8585 8586
f 8587 8588 8589
f 8590 8591 8592
f 8593 8594 8595
f 8596 8597 8598
f 8599 8600 8601
f 8602 8603 8604
f 8605 8606 8607
f 8608 8609 8610
f 8611 8612 8613
f 8614 8615 8616
f 8617 8618 8619
f 8620 8621 8622
f 8623 8624 8625
f 8625 8624 8626
f 8627 8628 8629
f 8630 8631 8632
f 8633 8634 8635
f 8636 8637 8638
f 8639 8640 8641
f 8642 8643 8644
f 8645 8646 8647
f 8648 8649 8650
f 8651 8652 8653
f 8654 8655 8656
f 8657 8658 8659
f 8660 8661 8662
f 8663 8664 8665
f 8666 8667 8668
f 8669 8670 8671
f 8672 8673 8674
f 8674 8673 8675
f 8676 8677 8678
f 8677 8679 8678
f 8680 8681 8682
f 8683 8684 8685
f 8686 8687 8688
f 8689 8690 8691
f 8691 8690 8692
f 8693 8694 8695
f 8696 8697 8698
f 8699 8700 8701
f 8701 8700 8702
f 8703 8704 8705
f 8706 8707 8708
f 8709 8710 8711
f 8711 8710 8712
f 8713 8714 8715
f 8713 8715 8716
f 8717 8718 8719
f 8717 8719 8720
f 8721 8722 8723
f 8721 8723 8724
f 8725 8726 8727
f 8725 8727 8728
f 8729 8730 8731
f 8731 8730 8732
f 8733 8734 8735
f 8735 8734 8736
f 8737 8738 8739
f 8739 8738 8740
f 8741 8742 8743
f 8743 8742 8744
f 8745 8746 8747
f 8748 8749 8750
f 8751 8752 8753
f 8753 8752 8754
f 8755 8756 8757
f 8757 8756 8758
f 8759 8760 8761
f 8761 8760 8762
f 8763 8764 8765
f 8765 8764 8766
f 8767 8768 8769
f 8769 8768 8770
f 8771 8772 8773
f 8774 8775 8776
f 8777 8778 8779
f 8780 8781 8782
f 8783 8784 8785
f 8786 8787 8788
f 8789 8790 8791
f 8792 8793 8794
f 8795 8796 8797
f 8798 8799 8800
f 8801 8802 8803
f 8804 8805 8806
f 8807 8808 8809
f 8810 8811 8812
f 8813 8814 8815
f 8816 8817 8818
f 8819 8820 8821
f 8822 8823 8824
f 8824 8823 8825
f 8826 8827 8828
f 8829 8830 8831
f 8832 8833 8834
f 8835 8836 8837
f 8838 8839 8840
f 8841 8842 8843
f 8844 8845 8846
f 8847 8848 8849
f 8850 8851 8852
f 8853 8854 8855
f 8856 8857 8858
f 8851 8859 8860
f 8861 8862 8863
f 8864 8865 8866
f 8867 8868 8869
f 8869 8868 8870
f 8871 8872 8873
f 8874 8875 8876
f 8877 8878 8879
f 8880 8881 8882
f 8883 8884 8885
f 8886 8887 8888
f 8889 8890 8891
f 8892 8893 8894
f 8895 8896 8897
f 8898 8899 8900
f 8901 8902 8903
f 8904 8905 8906
f 8904 8906 8907
f 8908 8909 8910
f 8911 8912 8913
f 8914 8915 8916
f 8917 8918 8919
f 8920 8921 8922
f 8923 8924 8925
f 8926 8927 8928
f 8929 8930 8931
f 8932 8933 8934
f 8935 8936 8937
f 8938 8939 8940
f 8941 8942 8943
f 8944 8945 8946
f 8947 8948 8949
f 8950 8951 8952
f 8953 8954 8955
f 8953 8955 8956
f 8957 8958 8959
f 8957 8959 8960
f 8961 8962 8963
f 8961 8963 8964
f 8964 8965 8966
f 8967 8968 8969
f 8967 8969 8970
f 8970 8969 8971
f 8970 8971 8972
f 8973 8974 8975
f 8973 8975 8976
f 8977 8978 8979
f 8980 8981 8982
f 8983 8984 8985
f 8986 8982 8987
f 8985 8988 8989
f 8990 8991 8992
f 8993 8994 8995
f 8996 8997 8998
f 8999 9000 9001
f 9002 9003 9004
f 9005 9006 9007
f 9008 9009 9010
f 9011 9012 9013
f 9013 9012 9014
f 9015 9016 9017
f 9017 9016 9018
f 9019 9020 9021
f 9022 9023 9024
f 9025 9026 9027
f 9028 9029 9030
f 9031 9032 9033
f 9034 9035 9036
f 9037 9038 9039
f 9040 9041 9042
f 9043 9044 9045
f 9046 9047 9048
f 9046 9048 9049
f 9050 9051 9052
f 9053 9054 9055
f 9056 9057 9058
f 9059 9060 9061
f 9059 9061 9062
f 9063 9064 9065
f 9066 9067 9068
f 9069 9070 9071
f 9072 9073 9074
f 9072 9074 9075
f 9076 9077 9078
f 9076 9078 9079
f 9080 9081 9082
f 9080 9082 9083
f 9084 9085 9086
f 9087 9088 9089
f 9090 9091 9092
f 9093 9094 9095
f 9096 9097 9098
f 9099 9100 9101
f 9102 9103 9104
f 9105 9106 9107
f 9108 9109 9110
f 9111 9112 9113
f 9114 9115 9116
f 9117 9118 9119
f 9120 9121 9122
f 9120 9122 9123
f 9124 9125 9126
f 9124 9126 9127
f 9128 9129 9130
f 9128 9130 9131
f 9132 9133 9134
f 9132 9134 9135
f 9136 9137 9138
f 8964 8963 8965
f 9139 9022 9024
f 9140 9141 9142
f 9142 9141 9143
f 9144 9145 9146
f 9146 9145 9147
f 9146 9147 9148
f 9148 9147 9149
f 9148 9149 9150
f 9151 9152 9153
f 9154 9155 9156
f 9156 9155 9157
f 9158 9159 9160
f 9161 9162 9163
f 9164 9165 9166
f 9167 9168 9169
f 9170 9171 9172
f 9173 9174 9175
f 9176 9177 9178
f 9179 9180 9181
f 9182 9183 9184
f 9185 8815 9186
f 9187 9188 9189
f 9190 9191 9192
f 9193 9194 9195
f 9196 9148 9150
f 9197 9198 9199
f 9200 9201 9202
f 9200 9202 9203
f 9203 9202 9204
f 9205 9206 9207
f 9208 9209 9210
f 9211 9212 9213
f 9138 9214 9136
f 9215 9173 9175
f 9216 9217 9218
f 9219 9179 9181
f 9043 9220 9044
f 9221 9185 9186
f 9222 9223 9224
f 9225 9226 9227
f 9228 9229 9230
f 9231 9232 9233
f 9234 9235 9236
f 9237 9238 9239
f 9240 9241 9242
f 9242 9241 9243
f 9244 9245 9246
f 9246 9245 9247
f 9248 9249 9250
f 9250 9249 9251
f 9252 9253 9254
f 9254 9253 9255
f 9256 9257 9258
f 9259 9260 9261
f 9152 9262 9153
f 9263 9264 9265
f 9266 9267 9268
f 9269 9270 9271
f 9159 9272 9160
f 9273 9178 9177
f 9206 9274 9207
f 9275 9172 9171
f 8992 9276 9277
f 9278 9279 9280
f 9281 9282 9283
f 9284 9285 9286
f 9287 9288 9289
f 9290 9291 9292
f 9293 9294 9295
f 9296 9297 9298
f 9299 9300 9301
f 9302 9303 9304
f 9292 9305 9290
f 9306 9307 9308
f 9309 9310 9311
f 9312 9313 9314
f 9315 9316 9317
f 9318 9319 9320
f 9321 9322 9323
f 9324 9325 9326
f 9327 9328 9329
f 9330 9331 9332
f 9332 9331 9333
f 9334 9335 9336
f 9336 9335 9337
f 9338 9339 9340
f 9341 9342 9343
f 9344 9345 9346
f 9347 9348 9349
f 9350 9351 9352
f 9353 9354 9355
f 9356 9357 9358
f 9358 9357 9359
f 9360 9361 9362
f 9363 9364 9365
f 9366 9367 9368
f 9369 9370 9371
f 9372 9373 9374
f 9375 9376 9377
f 9378 9379 9380
f 9381 9382 9383
f 9384 9385 9386
f 9387 9388 9389
f 9390 9391 9392
f 9393 9394 9395
f 9396 9397 9398
f 9399 9400 9401
f 9402 9403 9404
f 9405 9406 9407
f 9408 9409 9410
f 9411 9412 9413
f 9414 9415 9416
f 9417 9418 9419
f 9418 9420 9419
f 9421 9422 9423
f 9424 9425 9426
f 9427 9428 9429
f 9429 9428 9430
f 9431 9432 9433
f 9433 9432 9434
f 9435 9426 9436
f 9436 9426 9425
f 9437 9438 9439
f 9440 9441 9442
f 9440 9442 9443
f 9444 9445 9446
f 9447 9448 9449
f 9446 9450 9451
f 9452 9453 9437
f 9454 9455 9456
f 9457 9458 9441
f 9441 9458 9459
f 9460 9461 9462
f 9463 9464 9465
f 9466 9467 9468
f 9469 9470 9471
f 9472 9473 9474
f 9475 9476 9477
f 9478 9479 9480
f 9481 9482 9483
f 9484 9485 9486
f 9487 9488 9489
f 9490 9491 9492
f 9493 9494 9495
f 9496 9497 9498
f 9499 9500 9501
f 9502 9503 9504
f 9505 9506 9507
f 9508 9509 9510
f 9511 9512 9513
f 9514 9515 9516
f 9517 9518 9519
f 9520 9521 9522
f 9523 9524 9525
f 9526 9527 9528
f 9528 9529 9526
f 9530 9531 9532
f 9530 9532 9533
f 9534 9535 9536
f 9537 9538 9539
f 9540 9541 9542
f 9543 9544 9545
f 9546 9547 9548
f 9549 9550 9551
f 9552 9553 9554
f 9555 9556 9557
f 9558 9559 9560
f 9561 9562 9563
f 9564 9565 9566
f 9567 9568 9569
f 9570 9571 9572
f 9573 9574 9575
f 9576 9577 9578
f 9579 9580 9581
f 9582 9583 9584
f 9585 9586 9587
f 9588 9589 9590
f 9591 9592 9593
f 9594 9595 9596
f 9597 9598 9599
f 9600 9601 9602
f 9603 9604 9605
f 9606 9607 9608
f 9609 9610 9611
f 9612 9613 9614
f 9615 9616 9617
f 9618 9619 9620
f 9621 9622 9623
f 9624 9625 9626
f 9627 9628 9629
f 9630 9631 9632
f 9633 9634 9635
f 9636 9637 9638
f 9639 9640 9641
f 9642 9643 9644
f 9645 9646 9647
f 9648 9649 9650
f 9651 9652 9653
f 9654 9655 9656
f 9657 9658 9659
f 9660 9661 9662
f 9663 9664 9665
f 9666 9667 9668
f 9669 9670 9671
f 9672 9673 9674
f 9674 9673 9675
f 9676 9677 9678
f 9679 9680 9681
f 9682 9683 9684
f 9685 9686 9687
f 9688 9689 9690
f 9691 9692 9693
f 9694 9695 9696
f 9697 9698 9699
f 9700 9701 9702
f 9703 9704 9705
f 9706 9707 9708
f 9539 9709 9537
f 9710 9711 9712
f 9713 9714 9715
f 9716 9717 9718
f 9719 9720 9721
f 9722 9723 9724
f 9725 9726 9727
f 9728 9729 9730
f 9731 9732 9733
f 9734 9735 9736
f 9737 9738 9739
f 9740 9741 9742
f 9743 9744 9745
f 9745 9744 9746
f 9747 9748 9749
f 9750 9751 9752
f 9753 9754 9755
f 9756 9757 9758
f 9759 9760 9761
f 9762 9763 9764
f 9765 9766 9767
f 9768 9769 9770
f 9770 9769 9771
f 9772 9773 9774
f 9774 9773 9775
f 9776 9777 9778
f 9778 9777 9779
f 9780 9781 9782
f 9782 9781 9783
f 9784 9785 9786
f 9786 9785 9787
f 9788 9789 9790
f 9790 9789 9791
f 9792 9793 9794
f 9794 9793 9795
f 9796 9797 9798
f 9798 9797 9799
f 9800 9801 9802
f 9802 9801 9803
f 9804 9805 9806
f 9806 9805 9807
f 9808 9809 9810
f 9810 9809 9811
f 9812 9813 9814
f 9814 9813 9815
f 9816 9817 9818
f 9819 9820 9821
f 9822 9823 9824
f 9825 9826 9827
f 9827 9826 9828
f 9829 9830 9831
f 9831 9830 9832
f 9833 9834 9835
f 9835 9834 9836
f 9837 9838 9839
f 9839 9838 9840
f 9841 9842 9843
f 9843 9842 9844
f 9845 9846 9847
f 9847 9846 9848
f 9849 9850 9851
f 9851 9850 9852
f 9853 9854 9855
f 9855 9854 9856
f 9857 9858 9859
f 9859 9858 9860
f 9861 9862 9863
f 9863 9862 9864
f 9865 9866 9867
f 9867 9866 9868
f 9869 9870 9871
f 9871 9870 9872
f 9873 9874 9875
f 9876 9877 9878
f 9879 9880 9881
f 9882 9883 9884
f 9885 9886 9887
f 9887 9886 9888
f 9889 9890 9891
f 9891 9890 9892
f 9893 9894 9895
f 9895 9894 9896
f 9897 9898 9899
f 9899 9898 9900
f 9901 9902 9903
f 9903 9902 9904
f 9905 9906 9907
f 9907 9906 9908
f 9909 9910 9911
f 9911 9910 9912
f 9913 9914 9915
f 9915 9914 9916
f 9917 9918 9919
f 9919 9918 9920
f 9921 9922 9923
f 9923 9922 9924
f 9925 9926 9927
f 9927 9926 9928
f 9929 9930 9931
f 9931 9930 9932
f 9933 9934 9935
f 9936 9937 9938
f 9939 9940 9941
f 9942 9943 9944
f 9945 9946 9947
f 9948 9949 9950
f 9951 9952 9953
f 9954 9955 9956
f 9957 9958 9959
f 9960 9961 9962
f 9963 9964 9965
f 9966 9967 9968
f 9969 9970 9971
f 9972 9973 9974
f 9975 9976 9977
f 9978 9979 9980
f 9981 9982 9983
f 9984 9985 9986
f 9987 9988 9989
f 9990 9991 9992
f 9993 9994 9995
f 9996 9997 9998
f 9999 10000 10001
f 10002 10003 10004
f 10005 10006 10007
f 10008 10009 10010
f 10011 10012 10013
f 10014 10015 10016
f 10017 10018 10019
f 10020 10021 10022
f 10023 10024 10025
f 10026 10027 10028
f 10029 10030 10031
f 10031 10030 10032
f 10031 10032 10033
f 10034 10035 10036
f 10026 10028 10037
f 10038 10039 10040
f 10040 10039 10041
f 10040 10041 10042
f 10028 10043 10037
f 10037 10043 10044
f 10037 10044 10040
f 10038 10045 10046
f 10047 10048 10049
f 10042 10050 10040
f 10040 10050 10051
f 10040 10051 10029
f 10029 10051 10052
f 10029 10052 10030
f 10044 10053 10040
f 10040 10053 10054
f 10040 10054 10038
f 10038 10054 10055
f 10038 10055 10045
f 10046 10056 10038
f 10038 10056 10057
f 10038 10057 10034
f 10058 10059 10060
f 10060 10059 10047
f 10060 10047 10061
f 10061 10047 10049
f 10034 10036 10038
f 10038 10036 10062
f 10038 10062 10058
f 10058 10062 10063
f 10058 10063 10059
f 10059 10063 10064
f 10059 10064 10065
f 10066 10067 10064
f 10064 10067 10068
f 10064 10068 10065
f 10069 10070 10071
f 10072 10073 10074
f 10075 10076 10077
f 10078 10079 10080
f 10079 10078 10081
f 10082 10083 10084
f 10085 10086 10087
f 10088 10089 10090
f 10091 10092 10093
f 10094 10095 10096
f 10097 10098 10099
f 10097 10099 10100
f 10101 10102 10103
f 10104 10105 10106
f 10107 10108 10109
f 10110 10111 10112
f 10112 10111 10113
f 10112 10113 10114
f 10114 10113 10115
f 10116 10117 10118
f 10119 10120 10121
f 10121 10120 10122
f 10123 10124 10125
f 10126 10127 10128
f 10129 10130 10131
f 10132 10133 10134
f 10131 10135 10136
f 10137 10138 10139
f 10140 10141 10142
f 10143 10144 10145
f 10146 10147 10148
f 10146 10148 10149
f 10150 10151 10152
f 10153 10154 10155
f 10156 10157 10158
f 10159 10160 10161
f 10162 10163 10164
f 10165 10166 10167
f 10168 10169 10170
f 10171 10172 10173
f 10174 10175 10176
f 10177 10178 10179
f 10180 10181 10182
f 10183 10184 10185
f 10186 10187 10188
f 10189 10190 10191
f 10192 10193 10194
f 10195 10196 10197
f 10198 10199 10200
f 10201 10202 10203
f 10204 10205 10206
f 10207 10208 10209
f 10210 10211 10212
f 10213 10214 10215
f 10093 10216 10091
f 10217 10218 10219
f 10220 10221 10222
f 10223 10224 10225
f 10225 10224 10226
f 10226 10224 10227
f 10228 10229 10230
f 10230 10229 10231
f 10231 10229 10232
f 10231 10232 10233
f 10234 10235 10236
f 10237 10238 10239
f 10240 10241 10242
f 10243 10244 10245
f 10246 10247 10248
f 10249 10250 10251
f 10252 10253 10254
f 10255 10256 10257
f 10258 10259 10260
f 10261 10262 10263
f 10264 10265 10266
f 10267 10268 10269
f 10270 10271 10272
f 10273 10274 10275
f 10276 10277 10278
f 10279 10280 10281
f 10282 10283 10284
f 10285 10286 10287
f 10288 10289 10290
f 10291 10292 10293
f 10294 10295 10296
f 10297 10298 10299
f 10300 10301 10302
f 10303 10304 10305
f 10306 10307 10308
f 10309 10310 10311
f 10312 10313 10314
f 10315 10316 10317
f 10318 10319 10320
f 10321 10322 10323
f 10324 10325 10326
f 10327 10328 10329
f 10329 10328 10330
f 10331 10332 10333
f 10334 10335 10336
f 10337 10338 10339
f 10340 10341 10342
f 10343 10344 10345
f 10346 10347 10348
f 10349 10350 10351
f 10352 10353 10354
f 10355 10356 10357
f 10355 10357 10358
f 10359 10360 10361
f 10362 10363 10364
f 10365 10366 10367
f 10368 10369 10370
f 10342 10371 10340
f 10340 10371 10372
f 10373 10374 10375
f 10376 10082 10084
f 10377 10378 10379
f 10380 10381 10382
f 10383 10384 10385
f 10385 10384 10386
f 10385 10386 10387
f 10388 10389 10390
f 10391 10392 10393
f 10394 10395 10396
f 10397 10398 10399
f 10400 10401 10402
f 10403 10404 10405
f 10406 10407 10408
f 10409 10410 10411
f 10412 10413 10414
f 10415 10416 10417
f 10351 10350 10418
f 10419 10370 10369
f 10420 10421 10422
f 10423 10364 10363
f 10424 10425 10426
f 10427 10428 10429
f 10430 10431 10432
f 10433 10434 10435
f 10436 10437 10438
f 10439 10440 10441
f 10442 10443 10444
f 10445 10446 10447
f 10448 10449 10450
f 10451 10452 10453
f 10454 10455 10456
f 10454 10456 10457
f 10458 10459 10460
f 10458 10460 10461
f 10462 10463 10464
f 10465 10466 10467
f 10468 10469 10470
f 10471 10472 10473
f 10474 10475 10476
f 10406 10408 10477
f 10478 10479 10480
f 10478 10480 10481
f 10482 10483 10484
f 10482 10484 10485
f 10486 10487 10488
f 10489 10490 10491
f 10492 10493 10494
f 10495 10085 10087
f 10496 10497 10498
f 10499 10500 10501
f 10502 10503 10504
f 10505 10506 10507
f 10508 10509 10510
f 10511 10512 10513
f 10514 10515 10516
f 10517 10518 10519
f 10520 10521 10522
f 10523 10524 10525
f 10401 10526 10402
f 10527 10528 10529
f 10530 10531 10532
f 10533 10534 10535
f 10533 10535 10536
f 10536 10535 10537
f 10536 10537 10538
f 10539 10540 10541
f 10539 10541 10542
f 10543 10544 10545
f 10546 10547 10548
f 10549 10550 10551
f 10552 10553 10554
f 10254 10555 10252
f 10556 10557 10558
f 10467 10559 10465
f 10560 10561 10562
f 10563 10564 10565
f 10566 10567 10568
f 10569 10570 10571
f 10571 10570 10572
f 10571 10572 10573
f 10574 10575 10576
f 10574 10576 10577
f 10578 10546 10548
f 10521 10579 10522
f 10580 10552 10554
f 10581 10582 10583
f 10584 10585 10586
f 10586 10585 10587
f 10586 10587 10588
f 10589 10590 10591
f 10591 10590 10592
f 10591 10592 10383
f 10383 10592 10593
f 10383 10593 10384
f 10594 10595 10596
f 10597 10598 10599
f 10597 10599 10600
f 10600 10599 10601
f 10600 10601 10602
f 10602 10601 10603
f 10602 10603 10604
f 10604 10603 10605
f 10528 10606 10529
f 10607 10608 10609
f 10610 10611 10612
f 10612 10611 10613
f 10614 10615 10616
f 10617 10613 10618
f 10617 10618 10619
f 10620 10588 10587
f 10544 10621 10545
f 10622 10069 10071
f 10550 10623 10551
f 10624 10625 10626
f 10627 10628 10629
f 10630 10631 10632
f 10632 10631 10633
f 10634 10635 10636
f 10636 10635 10637
f 10638 10639 10640
f 10640 10639 10641
f 10642 10643 10644
f 10644 10643 10645
f 10646 10647 10648
f 10648 10647 10649
f 10650 10651 10652
f 10652 10651 10653
f 10654 10655 10656
f 10656 10655 10657
f 10658 10659 10660
f 10660 10659 10661
f 10662 10663 10664
f 10664 10663 10665
f 10666 10667 10668
f 10668 10667 10669
f 10670 10671 10672
f 10672 10671 10673
f 10674 10675 10676
f 10676 10675 10677
f 10678 10679 10680
f 10680 10679 10681
f 10426 10682 10424
f 10683 10684 10685
f 10422 10686 10420
f 10687 10688 10689
f 10687 10689 10690
f 10691 10692 10693
f 10694 10695 10696
f 10696 10695 10697
f 10698 10699 10700
f 10700 10699 10701
f 10702 10703 10704
f 10704 10703 10705
f 10706 10707 10708
f 10708 10707 10709
f 10710 10711 10712
f 10712 10711 10713
f 10714 10715 10716
f 10717 10718 10719
f 10720 10721 10722
f 10722 10721 10723
f 10724 10725 10726
f 10726 10725 10727
f 10728 10729 10730
f 10730 10729 10731
f 10732 10733 10734
f 10734 10733 10735
f 10736 10737 10738
f 10738 10737 10739
f 10740 10741 10742
f 10742 10741 10743
f 10744 10745 10746
f 10746 10745 10747
f 10748 10749 10750
f 10750 10749 10751
f 10752 10753 10754
f 10754 10753 10755
f 10756 10757 10758
f 10758 10757 10759
f 10760 10142 10761
f 10761 10142 10141
f 10762 10763 10764
f 10764 10763 10765
f 10679 10766 10681
f 10681 10766 10767
f 10768 10769 10770
f 10771 10772 10773
f 10774 10775 10776
f 10776 10775 10777
f 10778 10779 10780
f 10781 10782 10783
f 10784 10785 10786
f 10787 10788 10789
f 10790 10791 10792
f 10793 10794 10795
f 10796 10797 10798
f 10799 10800 10801
f 10802 10803 10804
f 10805 10342 10341
f 10338 10806 10339
f 10339 10806 10807
f 10808 10809 10810
f 10811 10373 10375
f 10078 10812 10081
f 10813 10377 10379
f 10117 10814 10118
f 10118 10814 10815
f 10816 10817 10818
f 10819 10264 10266
f 10450 10820 10448
f 10821 10263 10262
f 10444 10822 10442
f 10823 10470 10469
f 10438 10824 10436
f 10825 10826 10827
f 10828 10829 10830
f 10831 10832 10833
f 10831 10833 10834
f 10835 10836 10837
f 10835 10837 10838
f 10839 10840 10841
f 10842 10843 10844
f 10845 10846 10847
f 10848 10654 10849
f 10849 10654 10656
f 10850 10851 10852
f 10853 10854 10855
f 10856 10857 10858
f 10858 10857 10859
f 10860 10861 10862
f 10862 10861 10863
f 10864 10670 10865
f 10865 10670 10672
f 10866 10867 10868
f 10868 10867 10869
f 10870 10871 10872
f 10713 10678 10680
f 10873 10874 10875
f 10875 10874 10876
f 10877 10878 10879
f 10879 10878 10880
f 10881 10882 10883
f 10883 10882 10884
f 10885 10886 10887
f 10887 10886 10888
f 10889 10890 10891
f 10891 10890 10892
f 10893 10894 10895
f 10895 10894 10896
f 10897 10898 10899
f 10899 10898 10900
f 10901 10902 10903
f 10903 10902 10904
f 10905 10906 10907
f 10907 10906 10908
f 10909 10910 10911
f 10911 10910 10912
f 10913 10914 10915
f 10915 10914 10916
f 10917 10918 10919
f 10919 10918 10920
f 10921 10922 10923
f 10923 10922 10924
f 10925 10926 10927
f 10927 10926 10928
f 10929 10930 10931
f 10931 10930 10932
f 10933 10934 10935
f 10935 10934 10936
f 10937 10938 10939
f 10939 10938 10940
f 10941 10942 10943
f 10943 10942 10944
f 10945 10946 10947
f 10947 10946 10948
f 10949 10950 10951
f 10951 10950 10952
f 10953 10954 10955
f 10955 10954 10956
f 10957 10958 10959
f 10959 10958 10960
f 10961 10962 10963
f 10963 10962 10964
f 10965 10966 10967
f 10967 10966 10968
f 10969 10970 10971
f 10972 10973 10974
f 10975 10976 10977
f 10978 10979 10980
f 10981 10982 10983
f 10983 10982 10984
f 10985 10986 10987
f 10975 10977 10988
f 10989 10990 10991
f 10989 10991 10992
f 10993 10994 10995
f 10995 10994 10996
f 10997 10998 10999
f 11000 11001 11002
f 11003 11004 11005
f 11006 11007 11008
f 11009 11010 11011
f 11012 11013 11014
f 11015 11016 11017
f 11018 10972 10974
f 11019 11020 11021
f 11022 11023 11024
f 11025 11026 11027
f 11028 11029 11030
f 11017 11031 11015
f 11032 10978 10980
f 11033 11034 11035
f 11036 11037 11038
f 11039 11040 11041
f 11042 11043 11044
f 11045 11046 11047
f 11047 11046 11048
f 11049 11050 11051
f 11052 11053 11054
f 11055 11056 11057
f 11058 11059 11060
f 11061 11062 11063
f 11064 11065 11066
f 11067 11068 11069
f 11070 11071 11072
f 11073 11074 11075
f 11076 11077 11078
f 11079 11080 11081
f 11081 11080 11082
f 11083 11084 11085
f 11085 11084 11086
f 11087 11088 11089
f 11089 11088 11090
f 11091 11092 11093
f 11093 11092 11094
f 11095 11096 11097
f 11097 11096 11098
f 11099 11100 11101
f 11101 11100 11102
f 11103 11104 11105
f 11105 11104 11106
f 11107 11108 11109
f 11107 11109 11110
f 11111 11112 11109
f 11109 11112 11113
f 11109 11113 11110
f 11114 11115 11109
f 11109 11115 11116
f 11109 11116 11111
f 11117 11118 11109
f 11109 11118 11119
f 11109 11119 11114
f 11108 11120 11109
f 11109 11120 11121
f 11109 11121 11117
f 11122 11123 11124
f 11125 11126 11127
f 11127 11126 11128
f 11127 11128 11124
f 11128 11129 11124
f 11124 11129 11130
f 11124 11130 11131
f 11132 11133 11134
f 11134 11133 11122
f 11134 11122 11135
f 11135 11122 11124
f 11135 11124 11136
f 11136 11124 11131
f 11136 11131 11137
f 11138 11139 11140
f 11140 11139 11141
f 11142 11143 11144
f 11145 11146 11147
f 11148 11149 11150
f 11151 11152 11153
f 11154 11155 11156
f 11157 11158 11159
f 11160 11161 11162
f 11163 11164 11165
f 11145 11147 11166
f 11167 11168 11169
f 11170 11171 11172
f 11173 11174 11175
f 11176 11177 11178
f 11179 11180 11181
f 11182 11183 11184
f 11185 11186 11187
f 11188 11189 11190
f 11191 11192 11193
f 11194 11195 11196
f 11197 11198 11199
f 11197 11199 11200
f 11201 11202 11203
f 11201 11203 11204
f 11205 11206 11207
f 11208 11209 11210
f 11211 11212 11213
f 11187 11214 11185
f 11215 11216 11217
f 11218 11219 11220
f 11221 11222 11223
f 11224 11225 11226
f 11227 11228 11229
f 11230 11231 11232
f 11230 11232 11233
f 11234 11235 11236
f 11234 11236 11237
f 11238 11239 11240
f 11241 11242 11243
f 11244 11245 11246
f 11247 11248 11249
f 11250 11251 11252
f 11253 11254 11255
f 11256 11257 11258
f 11259 11260 11261
f 11262 11263 11264
f 11265 11266 11267
f 11247 11249 11268
f 11269 11270 11271
f 11272 11273 11274
f 11275 11276 11277
f 11278 11279 11280
f 11281 11282 11283
f 11284 11285 11286
f 11287 11288 11289
f 11290 11291 11292
f 11293 11294 11295
f 11296 11297 11298
f 11299 11300 11301
f 11299 11301 11302
f 11303 11304 11305
f 11303 11305 11306
f 11307 11308 11309
f 11310 11311 11312
f 11313 11314 11315
f 11289 11316 11287
f 11317 11318 11319
f 11320 11321 11322
f 11323 11324 11325
f 11326 11327 11328
f 11329 11330 11331
f 11332 11333 11334
f 11332 11334 11335
f 11336 11337 11338
f 11336 11338 11339
f 11340 11341 11342
f 11343 11344 11345
f 11346 11347 11348
f 11349 11350 11348
f 11348 11350 11351
f 11348 11351 11346
f 11352 11353 11354
f 11354 11353 11350
f 11354 11350 11355
f 11355 11350 11356
f 11357 11358 11359
f 11359 11358 11356
f 11359 11356 11360
f 11360 11356 11350
f 11360 11350 11361
f 11361 11350 11349
f 11362 11363 11364
f 11365 11366 11367
f 11367 11366 11368
f 11367 11368 11364
f 11368 11369 11364
f 11364 11369 11370
f 11364 11370 11371
f 11372 11373 11374
f 11374 11373 11362
f 11374 11362 11375
f 11375 11362 11364
f 11375 11364 11376
f 11376 11364 11371
f 11376 11371 11377
f 11378 11379 11380
f 11381 11382 11383
f 11384 11385 11386
f 11387 11388 11389
f 11390 11391 11392
f 11393 11394 11395
f 11396 11397 11398
f 11399 11400 11401
f 11381 11383 11402
f 11403 11404 11405
f 11406 11407 11408
f 11409 11410 11411
f 11412 11413 11414
f 11415 11416 11417
f 11418 11419 11420
f 11421 11422 11423
f 11424 11425 11426
f 11427 11428 11429
f 11430 11431 11432
f 11433 11434 11435
f 11433 11435 11436
f 11437 11438 11439
f 11437 11439 11440
f 11441 11442 11443
f 11444 11445 11446
f 11447 11448 11449
f 11423 11450 11421
f 11451 11452 11453
f 11454 11455 11456
f 11457 11458 11459
f 11460 11461 11462
f 11463 11464 11465
f 11466 11467 11468
f 11466 11468 11469
f 11470 11471 11472
f 11470 11472 11473
f 11474 11475 11476
f 11477 11478 11479
f 11480 11481 11482
f 11483 11484 11482
f 11482 11484 11485
f 11482 11485 11480
f 11486 11487 11488
f 11488 11487 11484
f 11488 11484 11489
f 11489 11484 11490
f 11491 11492 11493
f 11493 11492 11490
f 11493 11490 11494
f 11494 11490 11484
f 11494 11484 11495
f 11495 11484 11483
f 11496 11497 11498
f 11499 11500 11501
f 11502 11503 11504
f 11505 11506 11507
f 11508 11509 11510
f 11511 11512 11513
f 11514 11515 11516
f 11517 11518 11519
f 11499 11501 11520
f 11521 11522 11523
f 11524 11525 11526
f 11527 11528 11529
f 11530 11531 11532
f 11533 11534 11535
f 11536 11537 11538
f 11539 11540 11541
f 11542 11543 11544
f 11545 11546 11547
f 11548 11549 11550
f 11551 11552 11553
f 11551 11553 11554
f 11555 11556 11557
f 11555 11557 11558
f 11559 11560 11561
f 11562 11563 11564
f 11565 11566 11567
f 11541 11568 11539
f 11569 11570 11571
f 11572 11573 11574
f 11575 11576 11577
f 11578 11579 11580
f 11581 11582 11583
f 11584 11585 11586
f 11584 11586 11587
f 11588 11589 11590
f 11588 11590 11591
f 11592 11593 11594
f 11595 11596 11597
f 11598 11599 11600
f 11600 11599 11601
f 11602 11603 11604
f 11605 11606 11607
f 11608 11609 11610
f 11611 11612 11613
f 11614 11615 11616
f 11616 11615 11617
f 11618 11619 11620
f 11621 11622 11623
f 11624 11625 11626
f 11624 11626 11627
f 11628 11629 11630
f 11630 11629 11631
f 11632 11633 11634
f 11635 11636 11637
f 11638 11639 11640
f 11641 11642 11643
f 11644 11645 11646
f 11647 11648 11649
f 11650 11651 11652
f 11653 11605 11607
f 11654 11655 11656
f 11657 11658 11659
f 11660 11661 11662
f 11663 11664 11665
f 11652 11666 11650
f 11667 11611 11613
f 11668 11669 11670
f 11671 11672 11673
f 11674 11675 11676
f 11677 11678 11679
f 11680 11681 11682
f 11683 11684 11685
f 11686 11687 11688
f 11689 11690 11691
f 11691 11690 11692
f 11693 11694 11695
f 11683 11685 11696
f 11697 11698 11699
f 11697 11699 11700
f 11701 11702 11703
f 11703 11702 11704
f 11705 11706 11707
f 11708 11709 11710
f 11711 11712 11713
f 11714 11715 11716
f 11717 11718 11719
f 11720 11721 11722
f 11723 11724 11725
f 11726 11680 11682
f 11727 11728 11729
f 11730 11731 11732
f 11733 11734 11735
f 11736 11737 11738
f 11725 11739 11723
f 11740 11686 11688
f 11741 11742 11743
f 11744 11745 11746
f 11747 11748 11749
f 11750 11751 11752
f 11750 11752 11753
f 11754 11755 11756
f 11754 11756 11757
f 11758 11759 11760
f 11758 11760 11761
f 11762 11763 11764
f 11765 11766 11767
f 11768 11769 11770
f 11771 11772 11773
f 11774 11775 11776
f 11777 11778 11779
f 11780 11781 11782
f 11783 11784 11785
f 11786 11787 11788
f 11041 11789 11039
f 11790 11791 11792
f 11793 11794 11795
f 11796 11797 11798
f 11799 11800 11801
f 11802 11803 11804
f 11802 11804 11805
f 11806 11807 11808
f 11806 11808 11809
f 11810 11811 11812
f 11813 11814 11815
f 11816 11817 11818
f 11819 11820 11821
f 11822 11823 11824
f 11825 11826 11827
f 11828 11829 11830
f 11831 11832 11833
f 11834 11835 11836
f 11834 11836 11837
f 11838 11839 11840
f 11838 11840 11841
f 11842 11843 11844
f 11842 11844 11845
f 11846 11847 11848
f 11846 11848 11849
f 11850 11851 11852
f 11850 11852 11853
f 11854 11855 11856
f 11854 11856 11857
f 11858 11859 11860
f 11858 11860 11861
f 11862 11863 11864
f 11862 11864 11865
f 11866 11867 11868
f 11866 11868 11869
f 11870 11871 11872
f 11870 11872 11873
f 11874 11875 11876
f 11874 11876 11877
f 11878 11879 11880
f 11878 11880 11881
f 11882 11883 11884
f 11882 11884 11885
f 11831 11886 11832
f 11887 11888 11889
f 11890 11891 11892
f 11893 11894 11895
f 11896 11897 11898
f 11899 11900 11901
f 11901 11900 11902
f 11903 11904 11905
f 11905 11904 11906
f 11907 11908 11909
f 11910 11911 11912
f 11913 11914 11915
f 11916 11917 11918
f 11919 11920 11921
f 11921 11920 11922
f 11923 11924 11925
f 11925 11924 11926
f 11927 11928 11929
f 11929 11928 11930
f 11931 11932 11933
f 11933 11932 11934
f 11935 11936 11937
f 11937 11936 11938
f 11939 11940 11941
f 11941 11940 11942
f 11943 11944 11945
f 11946 11947 11948
f 11949 11950 11951
f 11952 11953 11954
f 11955 11956 11957
f 11957 11956 11958
f 11959 11960 11961
f 11961 11960 11962
f 11963 11964 11965
f 11966 11967 11968
f 11969 11970 11971
f 11972 11973 11974
f 11975 11976 11977
f 11978 11979 11980
f 11981 11982 11983
f 11984 11985 11986
f 11987 11988 11989
f 11989 11988 11990
f 11991 11992 11993
f 11993 11992 11994
f 11995 11996 11997
f 11998 11999 12000
f 12001 12002 12003
f 12004 12005 12006
f 12007 12008 12009
f 12009 12008 12010
f 12011 12012 12013
f 12013 12012 12014
f 12015 12016 12017
f 12017 12016 12018
f 12019 12020 12021
f 12021 12020 12022
f 12023 12024 12025
f 12025 12024 12026
f 12027 12028 12029
f 12029 12028 12030
f 12031 12032 12033
f 12034 12035 12036
f 12037 12038 12039
f 12040 12041 12042
f 12043 12044 12045
f 12045 12044 12046
f 12047 12048 12049
f 12049 12048 12050
f 12051 12052 12053
f 12054 12055 12056
f 12057 12058 12059
f 12060 12061 12062
f 12063 12064 12065
f 12063 12065 12066
f 12067 12068 12069
f 12067 12069 12070
f 12071 12072 12073
f 12071 12073 12074
f 12075 12076 12077
f 12078 12079 12080
f 12081 12082 12083
f 12084 12085 12086
f 12087 12088 12089
f 12090 12091 12092
f 12093 12094 12095
f 12096 12097 12098
f 12099 12100 12101
f 12102 12103 12104
f 12105 12106 12107
f 12108 12109 12110
f 12111 12112 12113
f 12114 12115 12116
f 12117 12118 12119
f 12120 12121 12122
f 12123 12124 12125
f 12126 12127 12128
f 12129 12130 12131
f 12132 12133 12134
f 12135 12136 12137
f 12138 12139 12140
f 12141 12142 12143
f 12144 12145 12146
f 12147 12148 12149
f 12150 12151 12152
f 12153 12154 12155
f 12155 12154 12156
f 12157 12158 12159
f 12160 12161 12162
f 12163 12164 12165
f 12166 12167 12168
f 12169 12170 12171
f 12172 12173 12174
f 12175 12176 12177
f 12178 12179 12180
f 12181 12182 12183
f 12184 12185 12186
f 12187 12188 12189
f 12187 12189 12190
f 12191 12192 12193
f 12194 12195 12196
f 12197 12198 12199
f 12200 12201 12202
f 12203 12204 12205
f 12206 12207 12208
f 12209 12210 12211
f 12212 12213 12214
f 12215 12216 12217
f 12218 12219 12220
f 12221 12222 12223
f 12224 12225 12226
f 12227 12228 12229
f 12230 12231 12232
f 12233 12234 12235
f 12236 12237 12238
f 12239 12240 12241
f 12242 12243 12244
f 12245 12246 12247
f 12248 12249 12250
f 12251 12252 12253
f 12254 12255 12256
f 12257 12258 12259
f 12257 12259 12260
f 12261 12262 12263
f 12264 12265 12266
f 12267 12268 12269
f 12270 12271 12272
f 12273 12274 12275
f 12276 12277 12278
f 12279 12280 12281
f 12282 12283 12284
f 12285 12286 12287
f 12288 12289 12290
f 12291 12292 12293
f 12294 12295 12296
f 12297 12298 12299
f 12299 12298 12300
f 12301 12302 12303
f 12303 12302 12304
f 12305 12306 12307
f 12307 12306 12308
f 12309 12310 12311
f 12311 12310 12312
f 12313 12314 12315
f 12315 12314 12316
f 12317 12318 12319
f 12319 12320 12317
f 12317 12320 12311
f 12317 12311 12316
f 12316 12311 12312
f 12316 12312 12315
f 12321 12322 12323
f 12324 12325 12326
f 12324 12326 12327
f 12328 12329 12330
f 12328 12330 12331
f 12332 12333 12334
f 12332 12334 12335
f 12336 12337 12338
f 12336 12338 12339
f 12340 12341 12342
f 12340 12342 12343
f 12344 12345 12346
f 12344 12346 12347
f 12348 12349 12350
f 12348 12350 12351
f 12352 12353 12354
f 12352 12354 12355
f 12356 12357 12358
f 12356 12358 12359
f 12360 12361 12362
f 12360 12362 12363
f 12364 12365 12366
f 12364 12366 12367
f 12368 12369 12370
f 12368 12370 12371
f 12372 12373 12374
f 12372 12374 12375
f 12376 12377 12378
f 12376 12378 12379
f 12380 12381 12382
f 12380 12382 12383
f 12384 12385 12386
f 12384 12386 12387
f 12388 12389 12390
f 12388 12390 12391
f 12392 12393 12394
f 12392 12394 12395
f 12396 12397 12398
f 12396 12398 12399
f 12400 12401 12402
f 12400 12402 12403
f 12404 12405 12406
f 12404 12406 12407
f 12321 12408 12322
f 12409 12410 12411
f 12412 12413 12414
f 12412 12414 12415
f 12416 12417 12418
f 12419 12420 12421
f 12422 12423 12424
f 12425 12426 12427
f 12428 12429 12430
f 12431 12432 12433
f 12434 12435 12436
f 12437 12438 12439
f 12437 12439 12440
f 12441 12442 12443
f 12444 12445 12446
f 12447 12448 12449
f 12450 12451 12452
f 12453 12454 12455
f 12456 12267 12269
f 12457 12458 12459
f 12460 12461 12462
f 12463 12464 12465
f 12466 12467 12468
f 12469 12470 12471
f 12472 12473 12474
f 12472 12474 12475
f 12476 12477 12478
f 12479 12480 12481
f 12482 12483 12484
f 12485 12486 12487
f 12488 12489 12490
f 12491 12492 12493
f 12494 12495 12496
f 12469 12497 12470
f 12498 12499 12500
f 12501 12502 12503
f 12504 12505 12506
f 12507 12508 12509
f 12510 12511 12512
f 12513 12514 12515
f 12513 12515 12516
f 12517 12518 12519
f 12520 12521 12522
f 12523 12524 12525
f 12526 12527 12528
f 12529 12530 12531
f 12532 12533 12534
f 12535 12536 12537
f 12538 12539 12540
f 12541 12542 12543
f 12517 12544 12518
f 12545 12546 12547
f 12548 12549 12550
f 12548 12550 12551
f 12552 12553 12554
f 12552 12554 12555
f 12556 12557 12558
f 12559 12560 12561
f 12562 12563 12564
f 12562 12564 12565
f 12566 12567 12568
f 12569 12570 12571
f 12572 12573 12574
f 12572 12574 12575
f 12576 12577 12578
f 12576 12578 12579
f 12580 12581 12582
f 12580 12582 12583
f 12584 12585 12586
f 12584 12586 12587
f 12588 12589 12590
f 12588 12590 12591
f 12592 12593 12594
f 12592 12594 12595
f 12596 12597 12598
f 12596 12598 12599
f 12600 12601 12602
f 12600 12602 12603
f 12604 12605 12606
f 12604 12606 12607
f 12608 12609 12610
f 12608 12610 12611
f 12612 12613 12614
f 12612 12614 12615
f 12616 12617 12618
f 12616 12618 12619
f 12620 12621 12622
f 12620 12622 12623
f 12624 12625 12626
f 12624 12626 12627
f 12628 12629 12630
f 12628 12630 12631
f 12632 12633 12634
f 12632 12634 12635
f 12636 12637 12638
f 12636 12638 12639
f 12640 12641 12642
f 12640 12642 12643
f 12644 12645 12646
f 12647 12648 12649
f 12559 12650 12560
f 12651 12652 12653
f 12654 12655 12656
f 12654 12656 12657
f 12658 12659 12660
f 12658 12660 12661
f 12662 12663 12664
f 12662 12664 12665
f 12666 12667 12668
f 12666 12668 12669
f 12670 12671 12672
f 12670 12672 12673
f 12674 12675 12676
f 12674 12676 12677
f 12678 12679 12680
f 12678 12680 12681
f 12682 12683 12684
f 12682 12684 12685
f 12686 12687 12688
f 12686 12688 12689
f 12690 12691 12692
f 12690 12692 12693
f 12694 12695 12696
f 12694 12696 12697
f 12698 12699 12700
f 12698 12700 12701
f 12702 12703 12704
f 12702 12704 12705
f 12706 12707 12708
f 12709 12710 12711
f 12712 12713 12714
f 12712 12714 12715
f 12716 12717 12718
f 12716 12718 12719
f 12720 12721 12722
f 12720 12722 12723
f 12724 12725 12726
f 12724 12726 12727
f 12728 12729 12730
f 12728 12730 12731
f 12732 12733 12734
f 12732 12734 12735
f 12736 12737 12738
f 12736 12738 12739
f 12651 12740 12652
f 12741 12742 12743
f 12744 12745 12746
f 12747 12748 12749
f 12750 12751 12752
f 12753 12754 12755
f 12756 12757 12758
f 12758 12757 12759
f 12760 12761 12762
f 12763 12764 12765
f 12766 12767 12768
f 12769 12770 12771
f 12772 12773 12774
f 12775 12776 12777
f 12778 12779 12780
f 12778 12780 12781
f 12782 12783 12784
f 12785 12786 12787
f 12788 12789 12790
f 12791 12792 12793
f 12794 12795 12796
f 12797 12798 12799
f 12799 12798 12800
f 12801 12802 12803
f 12804 12805 12806
f 12807 12808 12809
f 12810 12811 12812
f 12810 12812 12813
f 12814 12815 12816
f 12817 12818 12819
f 12820 12821 12822
f 12822 12821 12823
f 12824 12825 12826
f 12826 12825 12827
f 12828 12796 12829
f 12829 12796 12795
f 12830 12831 12832
f 12832 12831 12833
f 12834 12835 12836
f 12836 12835 12837
f 12838 12839 12840
f 12840 12839 12841
f 12842 12843 12844
f 12845 12846 12847
f 12848 12849 12850
f 12851 12852 12853
f 12854 12855 12856
f 12857 12858 12859
f 12860 12861 12862
f 12863 12864 12865
f 12866 12867 12868
f 12869 12870 12871
f 12872 12873 12874
f 12875 12876 12877
f 12878 12879 12880
f 12881 12882 12883
f 12884 12885 12886
f 12887 12888 12889
f 12890 12891 12892
f 12893 12894 12895
f 12896 12897 12898
f 12896 12898 12899
f 12900 12901 12902
f 12903 12904 12905
f 12906 12907 12908
f 12909 12910 12911
f 12912 12913 12914
f 12850 12915 12848
f 12916 12917 12918
f 12919 12920 12921
f 12921 12920 12922
f 12923 12924 12925
f 12926 12927 12928
f 12929 12930 12931
f 12932 12933 12934
f 12935 12936 12937
f 12938 12939 12940
f 12941 12942 12943
f 12941 12943 12944
f 12945 12946 12947
f 12945 12947 12948
f 12949 12950 12951
f 12952 12953 12954
f 12955 12956 12957
f 12958 12959 12960
f 12961 12962 12963
f 12964 12965 12966
f 12964 12966 12967
f 12968 12969 12970
f 12971 12972 12973
f 12974 12975 12976
f 12977 12978 12979
f 12980 12981 12982
f 12983 12984 12985
f 12986 12987 12988
f 12989 12990 12991
f 12991 12990 12992
f 12993 12994 12995
f 12996 12997 12998
f 12999 13000 13001
f 13002 13003 13004
f 13005 13006 13007
f 13008 13009 13010
f 13010 13009 13011
f 13012 13013 13014
f 13014 13013 13015
f 13016 13017 13018
f 13018 13017 13019
f 13020 13021 13022
f 13022 13021 13023
f 13024 13025 13026
f 13026 13025 13027
f 13028 13029 13030
f 13030 13029 13031
f 13032 13033 13034
f 13035 13036 13037
f 13038 13039 13040
f 13041 13042 13043
f 13044 13045 13046
f 13047 13048 13049
f 13050 13051 13052
f 13053 13054 13055
f 13056 13057 13058
f 13059 13060 13061
f 13062 13063 13064
f 13065 13066 13067
f 13068 13069 13070
f 13071 13072 13073
f 13074 13075 13076
f 13077 13078 13079
f 13080 13081 13082
f 13083 13084 13085
f 13086 13087 13088
f 13086 13088 13089
f 13090 13091 13092
f 13093 13094 13095
f 13096 13097 13098
f 13099 13100 13101
f 13102 13103 13104
f 13040 13105 13038
f 13106 13107 13108
f 13109 13110 13111
f 13111 13110 13112
f 13113 13114 13115
f 13116 13117 13118
f 13119 13120 13121
f 13121 13120 13122
f 13123 13124 13125
f 13125 13124 13126
f 13127 13128 13129
f 13129 13130 13127
f 13127 13130 13119
f 13127 13119 13126
f 13126 13119 13121
f 13126 13121 13125
f 13131 13132 13133
f 13133 13132 13134
f 13135 13136 13137
f 13133 13138 13131
f 13131 13138 13135
f 13131 13135 13139
f 13139 13135 13137
f 13140 13141 13142
f 13141 13143 13142
f 13142 13143 13144
f 13142 13144 13145
f 13146 13147 13148
f 13149 13150 13151
f 13152 13153 13154
f 13149 13151 13155
f 13154 13153 13156
f 13156 13153 13157
f 13156 13157 13158
f 13158 13159 13156
f 13156 13159 13160
f 13156 13160 13161
f 13162 13163 13164
f 13164 13163 13165
f 13164 13165 13166
f 13166 13165 13156
f 13166 13156 13167
f 13167 13156 13161
f 13168 13169 13170
f 13170 13169 13171
f 13168 13146 13169
f 13169 13146 13148
f 13169 13148 13172
f 13172 13148 13173
f 13172 13173 13174
f 13174 13173 13175
f 13175 13173 13176
f 13176 13173 13177
f 13176 13177 13178
f 13178 13177 13179
f 13178 13179 13180
f 13154 13181 13152
f 13152 13181 13182
f 13152 13182 13183
f 13183 13182 13184
f 13183 13184 13185
f 13185 13184 13186
f 13185 13186 13187
f 13187 13186 13188
f 13189 13190 13191
f 13191 13190 13192
f 13191 13192 13193
f 13140 13142 13169
f 13169 13142 13194
f 13169 13194 13195
f 13196 13197 13198
f 13199 13200 13201
f 13201 13200 13202
f 13201 13202 13186
f 13186 13202 13203
f 13186 13203 13188
f 13195 13204 13169
f 13169 13204 13205
f 13169 13205 13171
f 13198 13206 13196
f 13196 13206 13178
f 13196 13178 13207
f 13207 13178 13180
f 13207 13180 13208
f 13209 13164 13210
f 13211 13212 13213
f 13214 13215 13216
f 13216 13215 13155
f 13216 13155 13217
f 13217 13155 13151
f 13217 13151 13218
f 13218 13151 13219
f 13220 13221 13222
f 13222 13221 13151
f 13222 13151 13223
f 13224 13225 13226
f 13226 13225 13227
f 13226 13227 13228
f 13191 13229 13226
f 13226 13229 13230
f 13226 13230 13224
f 13211 13213 13151
f 13151 13213 13231
f 13151 13231 13219
f 13150 13232 13233
f 13234 13235 13236
f 13233 13237 13150
f 13150 13237 13238
f 13150 13238 13239
f 13233 13240 13237
f 13237 13240 13142
f 13237 13142 13241
f 13241 13142 13145
f 13241 13145 13209
f 13209 13145 13242
f 13209 13242 13164
f 13164 13242 13243
f 13164 13243 13162
f 13232 13244 13245
f 13246 13247 13151
f 13151 13247 13248
f 13151 13248 13223
f 13191 13249 13189
f 13189 13249 13250
f 13189 13250 13234
f 13251 13252 13189
f 13189 13252 13253
f 13189 13253 13254
f 13193 13255 13191
f 13191 13255 13256
f 13191 13256 13229
f 13229 13256 13209
f 13229 13209 13257
f 13257 13209 13210
f 13245 13258 13232
f 13232 13258 13259
f 13232 13259 13233
f 13234 13236 13189
f 13189 13236 13260
f 13189 13260 13251
f 13220 13261 13221
f 13221 13261 13262
f 13221 13262 13263
f 13263 13262 13189
f 13263 13189 13264
f 13264 13189 13254
f 13239 13265 13150
f 13150 13265 13266
f 13150 13266 13151
f 13151 13266 13267
f 13151 13267 13246
f 13268 13269 13270
f 13270 13271 13268
f 13268 13271 13272
f 13268 13272 13273
f 13273 13272 13274
f 13273 13274 13275
f 13276 13277 13278
f 13276 13278 13279
f 13280 13281 13282
f 13280 13282 13283
f 13284 13285 13286
f 13284 13286 13287
f 13288 13289 13290
f 13288 13290 13291
f 13292 13293 13294
f 13294 13293 13295
f 13296 13297 13298
f 13296 13298 13299
f 13300 13301 13302
f 13300 13302 13303
f 13304 13305 13306
f 13304 13306 13307
f 13308 13309 13310
f 13308 13310 13311
f 13312 13313 13314
f 13314 13313 13315
f 13316 13317 13318
f 13318 13317 13319
f 13320 13321 13322
f 13322 13321 13323
f 13324 13325 13326
f 13326 13325 13327
f 13328 13329 13330
f 13330 13329 13331
f 13332 13333 13334
f 13334 13333 13335
f 13336 13337 13338
f 13338 13337 13339
f 13340 13341 13342
f 13342 13341 13343
f 13344 13345 13346
f 13346 13345 13347
f 13348 13349 13350
f 13350 13349 13351
f 13352 13353 13354
f 13354 13353 13355
f 13356 13357 13358
f 13356 13358 13359
f 13360 13361 13362
f 13360 13362 13363
f 13364 13365 13366
f 13364 13366 13367
f 13368 13369 13370
f 13368 13370 13371
f 13372 13373 13374
f 13374 13373 13375
f 13376 13377 13378
f 13376 13378 13379
f 13380 13381 13382
f 13380 13382 13383
f 13384 13385 13386
f 13384 13386 13387
f 13388 13389 13390
f 13388 13390 13391
f 13392 13393 13394
f 13394 13393 13395
f 13396 13397 13398
f 13396 13398 13399
f 13400 13401 13402
f 13400 13402 13403
f 13404 13405 13406
f 13404 13406 13407
f 13407 13406 13408
f 13408 13406 13409
f 13410 13411 13412
f 13412 13411 13413
f 13414 13415 13416
f 13416 13415 13417
f 13418 13419 13420
f 13420 13419 13421
f 13422 13418 13423
f 13423 13418 13420
f 13423 13420 13424
f 13424 13420 13425
f 13426 13427 13428
f 13428 13427 13429
f 13430 13431 13432
f 13432 13431 13433
f 13434 13435 13436
f 13436 13435 13437
f 13436 13437 13438
f 13436 13438 13439
f 13440 13441 13442
f 13440 13442 13443
f 13444 13445 13446
f 13444 13446 13447
f 13448 13449 13450
f 13450 13449 13451
f 13452 13453 13454
f 13452 13454 13455
f 13456 13457 13458
f 13456 13458 13459
f 13460 13461 13462
f 13460 13462 13463
f 13464 13465 13466
f 13464 13466 13467
f 13468 13469 13470
f 13468 13470 13471
f 13472 13473 13474
f 13472 13474 13475
f 13476 13477 13478
f 13476 13478 13479
f 13480 13481 13482
f 13482 13481 13483
f 13484 13485 13486
f 13484 13486 13487
f 13488 13489 13490
f 13488 13490 13491
f 13492 13493 13494
f 13492 13494 13495
f 13496 13497 13498
f 13496 13498 13499
f 13500 13501 13502
f 13500 13502 13503
f 13504 13505 13506
f 13504 13506 13507
f 13508 13509 13510
f 13508 13510 13511
f 13512 13513 13514
f 13514 13513 13515
f 13516 13517 13518
f 13516 13518 13519
f 13520 13521 13522
f 13520 13522 13523
f 13524 13525 13526
f 13524 13526 13527
f 13527 13526 13528
f 13528 13526 13529
f 13530 13531 13532
f 13532 13531 13533
f 13534 13535 13536
f 13536 13535 13537
f 13538 13539 13540
f 13540 13539 13541
f 13542 13538 13543
f 13543 13538 13540
f 13543 13540 13544
f 13544 13540 13545
f 13546 13547 13548
f 13548 13547 13549
f 13550 13551 13552
f 13552 13551 13553
f 13554 13555 13556
f 13556 13555 13557
f 13556 13557 13558
f 13556 13558 13559
f 13560 13561 13562
f 13560 13562 13563
f 13564 13565 13566
f 13564 13566 13567
f 13568 13569 13570
f 13570 13569 13571
f 13572 13573 13574
f 13574 13573 13575
f 13574 13575 13576
f 13576 13575 13577
f 13576 13577 13578
f 13578 13577 13579
f 13580 13581 13582
f 13582 13581 13583
f 13582 13583 13584
f 13585 13586 13587
f 13587 13586 13588
f 13587 13588 13577
f 13577 13588 13589
f 13577 13589 13579
f 13590 13591 13592
f 13592 13591 13593
f 13594 13595 13596
f 13596 13595 13597
f 13596 13597 13598
f 13598 13597 13599
f 13598 13599 13600
f 13584 13601 13582
f 13582 13601 13602
f 13582 13602 13603
f 13593 13604 13592
f 13592 13604 13605
f 13592 13605 13606
f 13606 13605 13607
f 13608 13609 13610
f 13611 13612 13613
f 13613 13612 13614
f 13580 13582 13615
f 13615 13582 13613
f 13615 13613 13616
f 13616 13613 13614
f 13616 13614 13617
f 13602 13618 13603
f 13603 13618 13619
f 13603 13619 13620
f 13594 13621 13595
f 13595 13621 13622
f 13595 13622 13623
f 13623 13622 13624
f 13623 13624 13590
f 13590 13624 13625
f 13590 13625 13591
f 13610 13626 13608
f 13608 13626 13598
f 13608 13598 13627
f 13627 13598 13600
f 13627 13600 13628
f 13617 13629 13616
f 13616 13629 13630
f 13616 13630 13631
f 13632 13633 13572
f 13572 13633 13634
f 13572 13634 13573
f 13631 13635 13616
f 13616 13635 13636
f 13616 13636 13637
f 13638 13639 13640
f 13640 13639 13607
f 13640 13607 13618
f 13618 13607 13605
f 13618 13605 13619
f 13620 13641 13603
f 13603 13641 13642
f 13603 13642 13643
f 13643 13642 13644
f 13643 13644 13632
f 13632 13644 13645
f 13632 13645 13633
f 13646 13647 13648
f 13649 13650 13651
f 13652 13653 13654
f 13655 13656 13657
f 13658 13659 13660
f 13661 13662 13663
f 13664 13665 13666
f 13667 13668 13669
f 13670 13671 13672
f 13673 13674 13675
f 13676 13677 13678
f 13679 13680 13681
f 13682 13683 13684
f 13685 13686 13687
f 13688 13689 13690
f 13691 13692 13693
f 13694 13695 13696
f 13697 13698 13699
f 13700 13701 13702
f 13703 13704 13705
f 13706 13707 13708
f 13709 13710 13711
f 13712 13713 13714
f 13715 13716 13717
f 13718 13719 13720
f 13721 13722 13723
f 13724 13725 13726
f 13727 13728 13729
f 13730 13731 13732
f 13733 13734 13735
f 13736 13737 13738
f 13739 13740 13741
f 13742 13743 13744
f 13745 13746 13747
f 13748 13749 13750
f 13751 13752 13753
f 13754 13755 13756
f 13757 13758 13759
f 13760 13761 13762
f 13763 13764 13765
f 13766 13767 13768
f 13769 13770 13771
f 13772 13773 13774
f 13775 13776 13777
f 13778 13779 13780
f 13781 13782 13783
f 13784 13785 13786
f 13787 13788 13789
f 13790 13791 13792
f 13793 13794 13795
f 13796 13797 13798
f 13799 13800 13801
f 13799 13801 13802
f 13803 13804 13805
f 13806 13807 13808
f 13809 13810 13811
f 13812 13813 13814
f 13815 13816 13817
f 13818 13819 13820
f 13821 13822 13823
f 13824 13825 13826
f 13827 13828 13829
f 13830 13831 13832
f 13833 13834 13835
f 13836 13837 13838
f 13839 13840 13841
f 13842 13843 13844
f 13845 13846 13847
f 13848 13849 13850
f 13851 13852 13853
f 13854 13855 13856
f 13857 13858 13859
f 13860 13861 13862
f 13860 13862 13863
f 13864 13865 13866
f 13864 13866 13867
f 13868 13869 13870
f 13871 13872 13873
f 13874 13875 13876
f 13877 13878 13879
f 13880 13881 13882
f 13883 13884 13885
f 13886 13887 13888
f 13889 13890 13891
f 13892 13893 13894
f 13895 13896 13897
f 13898 13899 13900
f 13901 13902 13903
f 13904 13905 13906
f 13907 13908 13909
f 13910 13911 13912
f 13913 13914 13915
f 13916 13917 13918
f 13919 13920 13921
f 13922 13923 13924
f 13925 13926 13927
f 13928 13929 13930
f 13931 13932 13933
f 13934 13935 13936
f 13937 13938 13939
f 13940 13941 13942
f 13943 13944 13945
f 13946 13947 13948
f 13949 13950 13951
f 13952 13953 13954
f 13955 13956 13957
f 13958 13959 13960
f 13961 13962 13963
f 13964 13965 13966
f 13967 13968 13969
f 13970 13971 13972
f 13973 13974 13975
f 13976 13977 13978
f 13979 13980 13981
f 13982 13983 13984
f 13985 13986 13987
f 13988 13989 13990
f 13991 13992 13993
f 13994 13995 13996
f 13997 13998 13999
f 14000 14001 14002
f 14003 14004 14005
f 14006 14007 14008
f 14009 14010 14011
f 14012 14013 14014
f 14015 14016 14017
f 14018 14019 14020
f 14021 14022 14023
f 14024 14025 14026
f 14027 14028 14029
f 14030 14031 14032
f 14033 14034 14035
f 14036 14037 14038
f 14039 14040 14041
f 14042 14043 14044
f 14045 14046 14047
f 14048 14049 14050
f 14051 14052 14053
f 14054 14055 14056
f 14057 14058 14059
f 14060 14061 14062
f 14063 14064 14065
f 14066 14067 14068
f 14069 14070 14071
f 14072 14073 14074
f 14075 14076 14077
f 14078 14079 14080
f 14081 14082 14083
f 14084 14085 14086
f 14087 14088 14089
f 14090 14091 14092
f 14093 14094 14095
f 14096 14097 14098
f 14099 14100 14101
f 14102 14103 14104
f 14105 14106 14107
f 14108 14109 14110
f 14111 14112 14113
f 14114 14115 14116
f 14117 14118 14119
f 14120 14121 14122
f 14123 14124 14125
f 14126 14127 14128
f 14129 14130 14131
f 14132 14133 14134
f 14135 14136 14137
f 14138 14139 14140
f 14141 14142 14143
f 14144 14145 14146
f 14147 14148 14149
f 14150 14151 14152
f 14153 14154 14155
f 14156 14157 14158
f 14159 14160 14161
f 14162 14163 14164
f 14165 14166 14167
f 14168 14169 14170
f 14171 14172 14173
f 14174 14175 14176
f 14177 14178 14179
f 14180 14181 14182
f 14183 14184 14185
f 14186 14187 14188
f 14189 14190 14191
f 14192 14193 14194
f 14195 14196 14197
f 14198 14199 14200
f 14201 14202 14203
f 14204 14205 14206
f 14207 14208 14209
f 14210 14211 14212
f 14212 14211 14213
f 14214 14215 14216
f 14217 14218 14219
f 14220 14221 14222
f 14223 14224 14225
f 14226 14227 14228
f 14229 14230 14231
f 14232 14233 14234
f 14235 14236 14237
f 14238 14239 14240
f 14240 14239 14241
f 14242 14243 14244
f 14244 14243 14245
f 14246 14247 14248
f 14249 14250 14251
f 14252 14253 14254
f 14254 14253 14255
f 14256 14257 14258
f 14259 14260 14261
f 14262 14263 14264
f 14265 14266 14267
f 14268 14269 14270
f 14271 14272 14273
f 14274 14275 14276
f 14277 14278 14279
f 14280 14281 14282
f 14283 14284 14285
f 14286 14287 14288
f 14286 14288 14289
f 14290 14291 14292
f 14292 14291 14293
f 14292 14293 14294
f 14295 14296 14297
f 14298 14299 14300
f 14301 14302 14303
f 14304 14305 14306
f 14307 14308 14309
f 14310 14311 14312
f 14313 14314 14315
f 14316 14317 14318
f 14315 14319 14320
f 14321 14322 14323
f 14324 14325 14326
f 14327 14328 14329
f 14330 14331 14332
f 14332 14331 14333
f 14334 14335 14336
f 14337 14338 14339
f 14340 14341 14342
f 14343 14344 14345
f 14346 14347 14348
f 14349 14350 14351
f 14352 14353 14354
f 14355 14356 14357
f 14358 14359 14360
f 14361 14362 14363
f 14364 14365 14366
f 14363 14367 14368
f 14369 14370 14371
f 14372 14373 14374
f 14375 14376 14377
f 14378 14379 14380
f 14381 14382 14383
f 14384 14385 14386
f 14387 14388 14389
f 14390 14391 14392
f 14371 14393 14394
f 14371 14394 14369
f 14395 14396 14397
f 14398 14399 14400
f 14401 14402 14403
f 14404 14405 14406
f 14407 14408 14409
f 14410 14411 14412
f 14413 14414 14415
f 14416 14417 14418
f 14419 14420 14421
f 14422 14423 14424
f 14425 14426 14427
f 14428 14429 14430
f 14431 14432 14433
f 14434 14435 14436
f 14436 14435 14437
f 14438 14439 14440
f 14440 14439 14441
f 14442 14443 14444
f 14445 14446 14447
f 14448 14449 14450
f 14450 14449 14451
f 14452 14453 14454
f 14454 14453 14455
f 14456 14457 14458
f 14458 14457 14459
f 14458 14459 14460
f 14460 14459 14461
f 14462 14463 14464
f 14465 14466 14467
f 14468 14469 14470
f 14471 14472 14473
f 14471 14473 14474
f 14475 14476 14477
f 14478 14479 14480
f 14481 14482 14483
f 14481 14483 14484
f 14485 14486 14487
f 14485 14487 14488
f 14489 14490 14491
f 14489 14491 14492
f 14493 14494 14495
f 14496 14497 14498
f 14498 14499 14496
f 14500 14501 14502
f 14500 14502 14503
f 14504 14505 14506
f 14504 14506 14507
f 14508 14401 14403
f 14508 14403 14509
f 14510 14511 14512
f 14480 14513 14478
f 14514 14515 14516
f 14474 14517 14471
f 14518 14519 14520
f 14521 14522 14523
f 14524 14525 14526
f 14527 14528 14529
f 14530 14531 14532
f 14533 14534 14535
f 14535 14534 14536
f 14537 14538 14539
f 14539 14538 14540
f 14541 14542 14543
f 14543 14542 14544
f 14543 14544 14545
f 14545 14544 14546
f 14545 14546 14547
f 14547 14546 14548
f 14547 14548 14549
f 14550 14551 14552
f 14553 14554 14555
f 14531 14556 14532
f 14557 14558 14559
f 14560 14561 14562
f 14562 14561 14563
f 14562 14563 14564
f 14564 14563 14565
f 14566 14567 14568
f 14568 14567 14569
f 14570 14571 14572
f 14572 14571 14573
f 14572 14573 14574
f 14574 14573 14575
f 14576 14577 14578
f 14578 14577 14579
f 14580 14581 14582
f 14582 14581 14583
f 14584 14585 14586
f 14587 14588 14589
f 14589 14588 14590
f 14591 14592 14593
f 14593 14592 14594
f 14593 14594 14595
f 14595 14594 14596
f 14595 14596 14597
f 14597 14596 14598
f 14599 14600 14601
f 14601 14600 14602
f 14601 14602 14603
f 14603 14602 14604
f 14605 14606 14607
f 14608 14609 14610
f 14611 14612 14613
f 14614 14615 14616
f 14617 14618 14619
f 14620 14621 14622
f 14623 14624 14625
f 14626 14627 14628
f 14629 14630 14631
f 14632 14633 14634
f 14634 14633 14635
f 14636 14637 14638
f 14639 14640 14641
f 14433 14642 14431
f 14643 14626 14628
f 14644 14645 14646
f 14646 14645 14647
f 14648 14649 14650
f 14651 14652 14653
f 14654 14655 14656
f 14656 14655 14657
f 14656 14657 14658
f 14659 14660 14661
f 14659 14661 14662
f 14663 14664 14665
f 14666 14667 14668
f 14669 14670 14671
f 14672 14673 14674
f 14672 14674 14675
f 14587 14676 14677
f 14587 14677 14588
f 14533 14483 14482
f 14533 14482 14534
f 14678 14679 14680
f 14681 14682 14683
f 14684 14685 14686
f 14687 14688 14689
f 14689 14688 14690
f 14691 14692 14693
f 14693 14692 14694
f 14693 14694 14695
f 14695 14694 14696
f 14695 14696 14697
f 14697 14696 14698
f 14548 14699 14549
f 14700 14559 14558
f 14606 14701 14607
f 14702 14555 14554
f 14585 14703 14586
f 14704 14705 14706
f 14339 14707 14337
f 14708 14709 14710
f 14711 14712 14713
f 14714 14715 14716
f 14717 14718 14719
f 14720 14721 14722
f 14723 14724 14725
f 14726 14727 14728
f 14728 14727 14729
f 14730 14731 14732
f 14733 14734 14735
f 14736 14737 14738
f 14739 14740 14741
f 14742 14743 14744
f 14745 14746 14747
f 14748 14749 14750
f 14751 14752 14753
f 14754 14755 14756
f 14757 14758 14759
f 14760 14761 14762
f 14763 14764 14765
f 14766 14767 14768
f 14769 14770 14771
f 14772 14773 14774
f 14775 14776 14777
f 14778 14779 14780
f 14781 14782 14783
f 14784 14785 14786
f 14787 14788 14789
f 14790 14791 14792
f 14793 14794 14795
f 14796 14797 14798
f 14799 14800 14801
f 14802 14803 14804
f 14805 14806 14807
f 14808 14809 14810
f 14811 14812 14813
f 14814 14815 14816
f 14817 14818 14819
f 14820 14821 14822
f 14823 14824 14825
f 14826 14827 14828
f 14829 14830 14831
f 14832 14833 14834
f 14835 14836 14837
f 14838 14839 14840
f 14841 14842 14843
f 14843 14842 14844
f 14845 14846 14847
f 14847 14846 14848
f 14849 14850 14851
f 14852 14853 14854
f 14855 14856 14857
f 14858 14859 14860
f 14861 14862 14863
f 14864 14714 14716
f 14865 14866 14867
f 14868 14844 14842
f 14869 14870 14871
f 14872 14873 14874
f 14875 14876 14877
f 14878 14879 14880
f 14881 14882 14883
f 14884 14885 14886
f 14887 14888 14889
f 14890 14891 14892
f 14890 14892 14893
f 14894 14880 14879
f 14895 14896 14897
f 14898 14899 14900
f 14898 14900 14901
f 14902 14903 14904
f 14902 14904 14905
f 14712 14906 14907
f 14712 14907 14713
f 14908 14909 14910
f 14911 14912 14913
f 14914 14915 14916
f 14914 14916 14917
f 14918 14919 14920
f 14918 14920 14921
f 14909 14922 14923
f 14909 14923 14910
f 14924 14925 14926
f 14926 14925 14927
f 14928 14916 14929
f 14929 14916 14915
f 14871 14930 14869
f 14931 14912 14911
f 14867 14932 14865
f 14933 14896 14895
f 14863 14934 14861
f 14935 14882 14881
f 14936 14937 14938
f 14939 14940 14941
f 14942 14943 14944
f 14945 14820 14822
f 14945 14822 14946
f 14947 14948 14949
f 14947 14949 14950
f 14951 14952 14953
f 14954 14955 14956
f 14957 14958 14959
f 14956 14960 14961
f 14962 14963 14964
f 14965 14966 14967
f 14968 14969 14970
f 14971 14972 14973
f 14974 14975 14976
f 14977 14978 14979
f 14966 14980 14967
f 14981 14982 14983
f 14710 14984 14708
f 14985 14986 14987
f 14796 14988 14989
f 14718 14990 14719
f 14719 14990 14991
f 14992 14993 14994
f 14995 14996 14997
f 14998 14999 15000
f 15001 15002 15003
f 15004 15005 15006
f 15007 15008 15009
f 15010 15011 15012
f 15012 15011 15013
f 15014 15015 15016
f 15017 15018 15019
f 15020 15021 15022
f 15022 15021 15023
f 15024 15025 15026
f 15027 15028 15029
f 15030 15031 15032
f 14722 15033 15034
f 14996 15035 14997
f 15036 14987 14986
f 15002 15037 15003
f 15038 14983 14982
f 15008 15039 15009
f 15040 14979 14978
f 15041 15042 15043
f 15044 15045 15046
f 15047 15048 15049
f 15049 15048 15050
f 15051 15052 15053
f 15054 15055 15056
f 15057 15058 15059
f 15059 15058 15060
f 15061 15062 15063
f 15063 15062 15064
f 15065 15066 15067
f 15067 15066 15068
f 15012 14890 15010
f 15010 14890 14893
f 15006 14894 15004
f 15004 14894 14879
f 15000 14711 14998
f 14998 14711 14713
f 14994 14908 14992
f 14992 14908 14910
f 14719 15069 15070
f 14804 15071 15072
f 14804 15072 15073
f 15074 15075 15076
f 15077 15078 15079
f 15080 15081 15082
f 15080 15082 15083
f 15084 15085 15086
f 15087 15088 15089
f 15090 15091 15092
f 15093 15094 15095
f 15096 15097 15098
f 15099 15100 15101
f 15102 15103 15104
f 15105 15106 15107
f 15108 15109 15110
f 15111 15112 15113
f 15114 15115 15116
f 15117 15118 15119
f 15120 15121 15122
f 15123 15124 15125
f 15126 15127 15128
f 15129 15130 15131
f 15132 15133 15134
f 15135 15136 15137
f 15138 15139 15140
f 15141 15142 15143
f 15144 15145 15146
f 15147 15148 15149
f 15150 15151 15152
f 15153 15154 15155
f 15156 15157 15158
f 15159 15160 15161
f 15162 15163 15164
f 15165 15166 15167
f 15168 15169 15170
f 15171 15172 15173
f 15174 15175 15176
f 15177 15178 15179
f 15177 15179 15180
f 15181 15182 15183
f 15184 15185 15186
f 15187 15188 15189
f 15190 15191 15192
f 15193 15194 15195
f 15196 15197 15198
f 15199 15200 15201
f 15202 15203 15204
f 15205 15206 15207
f 15208 15209 15210
f 15211 15212 15213
f 15214 15215 15216
f 15217 15218 15219
f 15219 15218 15220
f 15221 15222 15223
f 15224 15225 15226
f 15227 15228 15229
f 15230 15231 15232
f 15233 15234 15235
f 15236 15237 15238
f 15239 15240 15241
f 15242 15243 15244
f 15245 15246 15247
f 15247 15246 15248
f 15249 15250 15251
f 15252 15253 15254
f 15255 15256 15257
f 15258 15259 15260
f 15261 15262 15263
f 15264 15265 15266
f 15267 15268 15269
f 15269 15268 15270
f 15271 15272 15273
f 15273 15272 15274
f 15275 15276 15277
f 15278 15279 15280
f 15281 15282 15283
f 15284 15285 15286
f 15287 15288 15289
f 15286 15290 15291
f 15291 15292 15286
f 15286 15292 15293
f 15286 15293 15284
f 15294 15295 15296
f 15286 15297 15298
f 15286 15298 15299
f 15300 15301 15302
f 15302 15303 15300
f 15300 15303 15304
f 15300 15304 15305
f 15306 15307 15308
f 15308 15307 15309
f 15308 15309 15310
f 15309 15311 15310
f 15310 15311 15312
f 15313 15314 15315
f 15316 15317 15318
f 15319 15320 15321
f 15322 15294 15296
f 15323 15324 15325
f 15326 15327 15328
f 15325 15329 15330
f 15331 15332 15333
f 15334 15335 15336
f 15337 15338 15339
f 15340 15341 15342
f 15343 15344 15345
f 15331 15346 15332
f 15347 15348 15349
f 15347 15349 15350
f 15350 15349 15351
f 15350 15351 15352
f 15352 15353 15350
f 15350 15353 15354
f 15355 15356 15357
f 15301 15300 15358
f 15359 15360 15361
f 15362 15363 15364
f 15365 15366 15367
f 15368 15369 15370
f 15369 15371 15370
f 15370 15371 15372
f 15373 15374 15375
f 15376 15372 15377
f 15375 15378 15329
f 15379 15377 15380
f 15329 15381 15330
f 15367 15382 15365
f 15383 15384 15385
f 15386 15387 15388
f 15389 15390 15391
f 15388 15392 15393
f 15394 15395 15396
f 15396 15395 15397
f 15398 15399 15400
f 15400 15399 15401
f 15400 15401 15402
f 15402 15403 15400
f 15396 15404 15405
f 15396 15405 15406
f 15407 15408 15409
f 15409 15408 15410
f 15411 15412 15413
f 15413 15412 15414
f 15415 15416 15417
f 15417 15416 15418
f 15417 15418 15419
f 15420 15421 15422
f 15422 15421 15423
f 15422 15423 15424
f 15425 15426 15427
f 15427 15428 15425
f 15425 15428 15429
f 15425 15429 15430
f 15430 15431 15425
f 15432 15433 15434
f 15435 15436 15437
f 15438 15420 15422
f 15439 15440 15441
f 15442 15443 15444
f 15445 15446 15447
f 15447 15446 15448
f 15415 15449 15416
f 15450 15451 15452
f 15453 15454 15455
f 15455 15456 15453
f 15457 15458 15459
f 15457 15459 15460
f 15461 15462 15463
f 15461 15463 15464
f 15465 15466 15467
f 15452 15468 15450
f 15469 15470 15471
f 15469 15471 15472
f 15473 15474 15475
f 15473 15475 15476
f 15477 15465 15467
f 15478 15479 15480
f 15480 15479 15481
f 15482 15483 15484
f 15485 15486 15487
f 15488 15489 15490
f 15491 15492 15493
f 15494 15495 15496
f 15497 15498 15499
f 15500 15501 15502
f 15503 15504 15505
f 15506 15507 15508
f 15509 15510 15511
f 15512 15513 15514
f 15515 15516 15517
f 15518 15519 15520
f 15521 15522 15523
f 15524 15525 15526
f 15527 15528 15529
f 15530 15531 15532
f 15533 15534 15535
f 15535 15534 15536
f 15537 15538 15539
f 15540 15541 15542
f 15543 15544 15545
f 15546 15547 15548
f 15549 15550 15551
f 15552 15553 15554
f 15555 15556 15557
f 15558 15559 15560
f 15561 15562 15563
f 15564 15565 15566
f 15567 15568 15569
f 15570 15571 15572
f 15573 15574 15575
f 15576 15577 15578
f 15579 15580 15581
f 15582 15583 15584
f 15585 15586 15587
f 15588 15589 15590
f 15591 15592 15593
f 15594 15595 15596
f 15597 15598 15599
f 15600 15601 15602
f 15603 15604 15605
f 15605 15604 15606
f 15607 15608 15609
f 15610 15611 15612
f 15613 15614 15615
f 15616 15617 15618
f 15619 15620 15621
f 15622 15623 15624
f 15622 15624 15625
f 15626 15627 15628
f 15629 15630 15631
f 15632 15633 15634
f 15632 15634 15635
f 15618 15617 15636
f 15637 15638 15639
f 15636 15640 15641
f 15642 15643 15644
f 15645 15646 15647
f 15648 15649 15650
f 15651 15652 15653
f 15654 15655 15656
f 15657 15658 15659
f 15660 15661 15662
f 15663 15664 15665
f 15666 15667 15668
f 15669 15670 15671
f 15672 15673 15674
f 15675 15676 15677
f 15678 15679 15680
f 15681 15682 15683
f 15684 15685 15686
f 15687 15688 15689
f 15690 15691 15692
f 15693 15694 15695
f 15696 15697 15698
f 15696 15698 15699
f 15693 15695 15700
f 15701 15702 15703
f 15704 15705 15706
f 15707 15708 15709
f 15707 15709 15710
f 15711 15712 15713
f 15714 15715 15716
f 15716 15715 15717
f 15718 15719 15720
f 15721 15722 15723
f 15724 15725 15726
f 15727 15728 15729
f 15730 15731 15732
f 15732 15731 15733
f 15734 15735 15736
f 15736 15735 15727
f 15736 15727 15733
f 15733 15727 15729
f 15733 15729 15732
f 15737 15738 15739
f 15740 15741 15742
f 15743 15744 15745
f 15746 15747 15748
f 15749 15750 15751
f 15752 15753 15754
f 15755 15756 15757
f 15758 15759 15760
f 15761 15762 15763
f 15764 15765 15766
f 15767 15768 15769
f 15770 15771 15772
f 15773 15774 15775
f 15776 15777 15778
f 15779 15780 15781
f 15782 15783 15784
f 15785 15786 15787
f 15788 15789 15790
f 15791 15792 15793
f 15794 15795 15796
f 15797 15798 15799
f 15800 15801 15802
f 15803 15804 15805
f 15806 15807 15808
f 15809 15810 15811
f 15812 15813 15814
f 15815 15816 15817
f 15818 15819 15820
f 15821 15822 15823
f 15824 15825 15826
f 15827 15828 15829
f 15830 15831 15832
f 15832 15831 15833
f 15834 15835 15836
f 15837 15838 15839
f 15840 15841 15842
f 15842 15841 15843
f 15844 15845 15846
f 15846 15845 15847
f 15848 15849 15850
f 15850 15849 15851
f 15852 15853 15854
f 15855 15856 15857
f 15858 15859 15860
f 15860 15859 15861
f 15862 15863 15864
f 15865 15866 15867
f 15868 15869 15870
f 15871 15872 15873
f 15874 15875 15876
f 15877 15878 15879
f 15880 15881 15882
f 15883 15884 15885
f 15886 15887 15888
f 15889 15890 15891
f 15892 15893 15894
f 15895 15896 15897
f 15898 15899 15900
f 15901 15902 15903
f 15904 15905 15906
f 15907 15908 15909
f 15910 15911 15912
f 15913 15914 15915
f 15916 15917 15918
f 15919 15920 15921
f 15922 15923 15924
f 15925 15926 15927
f 15928 15929 15930
f 15931 15932 15933
f 15934 15935 15936
f 15937 15938 15939
f 15940 15941 15942
f 15943 15944 15945
f 15946 15947 15948
f 15949 15950 15951
f 15952 15953 15954
f 15955 15956 15957
f 15958 15959 15960
f 15961 15962 15963
f 15964 15965 15966
f 15967 15968 15969
f 15970 15971 15972
f 15973 15974 15975
f 15976 15977 15978
f 15979 15980 15981
f 15982 15983 15984
f 15985 15986 15987
f 15988 15989 15990
f 15991 15992 15993
f 15994 15995 15996
f 15997 15998 15999
f 16000 16001 16002
f 16003 16004 16005
f 16006 16007 16008
f 16008 16007 16009
f 16010 16011 16012
f 16012 16011 16013
f 16014 16015 16016
f 16017 16018 16019
f 16020 16021 16022
f 16023 16024 16025
f 16026 16027 16028
f 16029 16030 16031
f 16032 16033 16034
f 16035 16036 16037
f 16038 16039 16040
f 16041 16042 16043
f 16044 16045 16046
f 16047 16048 16049
f 16050 16051 16052
f 16053 16054 16055
f 16056 16057 16058
f 16059 16060 16061
f 16062 16063 16064
f 16065 16066 16067
f 16068 16069 16070
f 16071 16072 16073
f 16074 16075 16076
f 16077 16078 16079
f 16079 16078 16080
f 16081 16082 16083
f 16083 16082 16084
f 16085 16086 16087
f 16087 16086 16088
f 16089 16090 16091
f 16091 16090 16092
f 16093 16094 16095
f 16095 16094 16096
f 16097 16098 16099
f 16099 16098 16100
f 16101 16102 16103
f 16103 16102 16104
f 16105 16106 16051
f 16051 16106 16052
f 16107 16108 16109
f 16109 16108 16110
f 16111 16112 16113
f 16112 16114 16113
f 16115 16116 16117
f 16115 16117 16118
f 16119 16120 16121
f 16122 16123 16124
f 16125 16126 16127
f 16128 16129 16130
f 16131 16132 16133
f 16134 16135 16136
f 16137 16138 16139
f 16140 16141 16142
f 16143 16144 16145
f 16146 16147 16148
f 16148 16147 16149
f 16150 16151 16152
f 16152 16151 16153
f 16154 16155 16156
f 16156 16155 16157
f 16158 16159 16160
f 16160 16159 16161
f 16162 16163 16164
f 16164 16163 16165
f 16166 16167 16168
f 16168 16167 16169
f 16170 16171 16172
f 16172 16171 16173
f 16174 16175 16176
f 16177 16178 16179
f 16180 16181 16182
f 16183 16184 16185
f 16186 16187 16188
f 16189 16190 16191
f 16192 16193 16194
f 16195 16196 16197
f 16198 16199 16200
f 16201 16202 16203
f 16204 16205 16206
f 16207 16208 16209
f 16210 16211 16212
f 16213 16214 16215
f 16216 16217 16218
f 16219 16220 16221
f 16222 16223 16224
f 16225 16226 16227
f 16228 16229 16230
f 16231 16232 16233
f 16234 16235 16236
f 16237 16238 16239
f 16240 16241 16242
f 16243 16244 16245
f 16246 16247 16248
f 16249 16250 16251
f 16252 16253 16254
f 16255 16256 16257
f 16258 16259 16260
f 16261 16262 16263
f 16264 16265 16266
f 16267 16268 16269
f 16270 16271 16272
f 16273 16274 16275
f 16276 16277 16278
f 16279 16280 16281
f 16282 16283 16284
f 16285 16286 16287
f 16288 16289 16290
f 16291 16292 16293
f 16294 16295 16296
f 16297 16298 16299
f 16300 16301 16302
f 16303 16304 16305
f 16306 16307 16308
f 16309 16310 16311
f 16312 16313 16314
f 16315 16316 16317
f 16318 16319 16320
f 16321 16322 16323
f 16324 16325 16326
f 16327 16328 16329
f 16330 16331 16332
f 16333 16334 16335
f 16336 16337 16338
f 16339 16340 16341
f 16342 16343 16344
f 16345 16346 16347
f 16348 16349 16350
f 16351 16352 16353
f 16354 16355 16356
f 16357 16358 16359
f 16360 16361 16362
f 16363 16364 16365
f 16366 16367 16368
f 16369 16370 16371
f 16372 16373 16374
f 16375 16376 16377
f 16378 16379 16380
f 16381 16382 16383
f 16383 16382 16384
f 16385 16386 16387
f 16387 16386 16388
f 16389 16390 16391
f 16391 16390 16392
f 16393 16394 16395
f 16395 16394 16396
f 16397 16398 16399
f 16400 16401 16402
f 16403 16404 16405
f 16405 16404 16406
f 16407 16408 16409
f 16410 16411 16412
f 16413 16414 16415
f 16415 16414 16416
f 16417 16418 16419
f 16419 16418 16420
f 16421 16422 16423
f 16424 16425 16426
f 16427 16428 16429
f 16430 16431 16432
f 16433 16434 16435
f 16436 16437 16438
f 16439 16440 16441
f 16442 16443 16444
f 16445 16446 16447
f 16448 16449 16450
f 16451 16452 16453
f 16454 16455 16456
f 16457 16458 16459
f 16460 16461 16462
f 16463 16464 16465
f 16466 16467 16468
f 16469 16470 16471
f 16472 16473 16474
f 16475 16476 16477
f 16478 16479 16480
f 16481 16482 16483
f 16484 16485 16486
f 16487 16488 16489
f 16490 16491 16492
f 16493 16494 16495
f 16496 16497 16498
f 16499 16500 16501
f 16502 16503 16504
f 16505 16506 16507
f 16508 16509 16510
f 16511 13924 13923
f 16512 16513 16514
f 16515 16516 16517
f 16518 16519 16520
f 16521 16522 16523
f 16524 16525 16526
f 16527 16222 16224
f 16528 16529 16530
f 16531 16532 16533
f 16534 16535 16536
f 16537 16538 16539
f 16540 16541 16542
f 16543 16544 16545
f 16546 16547 16548
f 16549 16550 16551
f 16552 16553 16554
f 16555 16556 16557
f 16558 16559 16560
f 16561 16562 16563
f 16564 16565 16566
f 16567 16568 16569
f 16570 16571 16572
f 16573 16574 16550
f 16575 16576 16577
f 16578 16579 16580
f 16581 16582 16577
f 16577 16582 16583
f 16577 16583 16575
f 16575 16583 16578
f 16575 16578 16584
f 16584 16578 16580
f 16585 16586 16587
f 16588 16589 16590
f 16591 16592 16593
f 16594 16595 16596
f 16597 16598 16599
f 16600 16601 16602
f 16603 16604 16605
f 16606 16607 16608
f 16609 16610 16611
f 16612 16613 16614
f 16615 16616 16617
f 16618 16619 16620
f 16621 16622 16623
f 16624 16625 16626
f 16627 16628 16629
f 16630 16631 16632
f 16632 16631 16633
f 16634 16635 16636
f 16636 16635 16637
f 16638 16639 16640
f 16641 16642 16643
f 16644 16645 16646
f 16647 16648 16649
f 16650 16651 16652
f 16653 16654 16655
f 16656 16657 16658
f 16659 16660 16661
f 16662 16663 16664
f 16665 16666 16667
f 16668 16669 16670
f 16671 16672 16673
f 16674 16675 16676
f 16676 16677 16674
f 16678 16679 16680
f 16678 16680 16681
f 16682 16683 16684
f 16682 16684 16685
f 16686 16687 16688
f 16673 16689 16671
f 16690 16691 16692
f 16690 16692 16693
f 16694 16695 16696
f 16694 16696 16697
f 16698 16686 16688
f 16699 16700 16701
f 16701 16700 16702
f 16703 16704 16705
f 16706 16707 16708
f 16709 16710 16711
f 16712 16713 16714
f 16715 16716 16717
f 16718 16719 16720
f 16721 16722 16723
f 16724 16725 16726
f 16727 16728 16729
f 16730 16731 16732
f 16733 16734 16735
f 16736 16737 16738
f 16739 16740 16741
f 16742 16743 16744
f 16745 16746 16747
f 16748 16749 16750
f 16751 16752 16753
f 16754 16755 16756
f 16757 16758 16759
f 16760 16761 16762
f 16763 16764 16765
f 16766 16767 16768
f 16769 16770 16771
f 16772 16773 16774
f 16775 16776 16777
f 16778 16779 16780
f 16781 16782 16783
f 16784 16785 16786
f 16787 16788 16789
f 16790 16791 16792
f 16793 16794 16795
f 16796 16797 16798
f 16799 16800 16801
f 16802 16803 16804
f 16805 16806 16807
f 16808 16809 16810
f 16811 16812 16813
f 16814 16815 16816
f 16817 16818 16819
f 16820 16821 16822
f 16822 16821 16823
f 16824 16825 16826
f 16827 16828 16829
f 16830 16831 16832
f 16833 16834 16835
f 16836 16837 16838
f 16839 16840 16841
f 16842 16843 16844
f 16845 16846 16847
f 16848 16849 16850
f 16851 16852 16853
f 16854 16855 16856
f 16854 16856 16857
f 16858 16859 16860
f 16858 16860 16861
f 16862 16863 16864
f 16862 16864 16865
f 16866 16867 16868
f 16869 16870 16871
f 16869 16871 16872
f 16873 16874 16875
f 16873 16875 16876
f 16877 16878 16879
f 16880 16881 16882
f 16883 16884 16885
f 16886 16887 16888
f 16889 16890 16891
f 16892 16893 16894
f 16895 16896 16897
f 16898 16899 16900
f 16898 16900 16901
f 16902 16903 16904
f 16902 16904 16905
f 16906 16907 16908
f 16906 16908 16909
f 16910 16911 16912
f 16910 16912 16913
f 16914 16915 16916
f 16914 16916 16917
f 16918 16919 16920
f 16918 16920 16921
f 16922 16923 16924
f 16922 16924 16925
f 16926 16927 16928
f 16926 16928 16929
f 16930 16931 16932
f 16930 16932 16933
f 16934 16935 16936
f 16934 16936 16937
f 16938 16939 16940
f 16941 16942 16943
f 16944 16945 16946
f 16947 16948 16949
f 16947 16949 16950
f 16951 16952 16953
f 16951 16953 16954
f 16955 16956 16957
f 16958 16959 16960
f 16961 16962 16963
f 16961 16963 16964
f 16965 16966 16967
f 16965 16967 16968
f 16969 16970 16971
f 16969 16971 16972
f 16973 16974 16975
f 16973 16975 16976
f 16977 16978 16979
f 16980 16981 16982
f 16983 16984 16985
f 16983 16985 16986
f 16987 16988 16989
f 16987 16989 16990
f 16991 16992 16993
f 16994 16995 16996
f 16997 16998 16999
f 17000 17001 17002
f 17000 17002 17003
f 17004 17005 17006
f 17004 17006 17007
f 17008 17009 17010
f 17008 17010 17011
f 17012 17013 17014
f 17012 17014 17015
f 17016 17017 17018
f 17016 17018 17019
f 17020 17021 17022
f 17020 17022 17023
f 17024 17025 17026
f 17024 17026 17027
f 17028 17029 17030
f 17028 17030 17031
f 17032 17033 17034
f 17032 17034 17035
f 17036 17037 17038
f 17036 17038 17039
f 17040 17041 17042
f 17043 17044 17045
f 17046 17047 17048
f 17049 17050 17051
f 17052 17053 17054
f 17055 17056 17057
f 17058 17059 17060
f 17061 17062 17063
f 17061 17063 17064
f 17065 17066 17067
f 17065 17067 17068
f 17069 17070 17071
f 17069 17071 17072
f 17073 13355 17074
f 17074 13355 13353
f 17074 13353 17075
f 13372 13374 17076
f 17076 17077 13372
f 13372 17077 17078
f 13372 17078 17079
f 17080 17081 17082
f 17082 17081 17083
f 17084 17085 17086
f 17084 17086 17087
f 17088 17089 17090
f 17088 17090 17091
f 17092 17093 17094
f 17092 17094 17095
f 17096 17097 17098
f 17098 17097 17099
f 17100 17101 17102
f 17100 17102 17103
f 17104 17105 17106
f 17104 17106 17107
f 17108 17109 17110
f 17108 17110 17111
f 17112 17113 17114
f 17114 17113 17115
f 17116 17117 13448
f 13393 17118 17119
f 17119 17118 17120
f 17119 17120 17121
f 17122 17123 17124
f 17124 17123 17125
f 17124 17125 13448
f 13448 17125 17126
f 13448 17126 17116
f 17120 17127 17121
f 17121 17127 17128
f 17121 17128 17129
f 17129 17128 17124
f 17124 17128 17130
f 17124 17130 17122
f 17131 17132 17133
f 17134 17135 17136
f 17137 17138 17139
f 17140 17141 17142
f 17143 17144 17145
f 17146 17147 17148
f 17149 17150 17151
f 17152 17153 17154
f 17155 17156 17157
f 17158 17159 17160
f 17161 17162 17163
f 17164 17165 17166
f 17167 17168 17169
f 17170 17171 17172
f 17173 17174 17175
f 17176 17177 17178
f 17179 17180 17181
f 17182 17183 17184
f 17185 17186 17187
f 17188 17189 17190
f 17191 17192 17193
f 17194 17195 17196
f 17197 17198 17199
f 17200 17201 17202
f 17203 17204 17205
f 17206 17207 17208
f 17209 17210 17211
f 17212 17213 17214
f 17215 17216 17217
f 17218 17219 17220
f 13482 17221 13480
f 13480 17221 17222
f 17223 17224 17225
f 17226 17227 17228
f 17229 17230 17231
f 17232 17233 17234
f 17234 17233 17235
f 17236 17237 17238
f 17239 17240 17241
f 17242 17243 17244
f 17245 17246 17247
f 17248 17249 17250
f 17251 17252 17253
f 17254 17255 17256
f 17257 17258 17259
f 17260 17261 17262
f 17263 17264 17265
f 17266 17267 17268
f 17269 17270 17271
f 17272 17273 17274
f 17275 17276 17277
f 17278 17279 17280
f 17281 17282 17283
f 17284 17285 17286
f 17287 17288 17289
f 17290 17291 17292
f 17293 17294 17295
f 17296 17297 17298
f 17299 17300 17301
f 17302 17303 17304
f 17305 17306 17307
f 17308 17309 17310
f 17311 17312 17313
f 17314 17315 17316
f 17313 17312 13568
f 13568 17312 17317
f 13568 17317 17318
f 17319 17320 13513
f 13513 17320 17321
f 13513 17321 17316
f 17316 17321 17322
f 17316 17322 17323
f 17313 17314 17311
f 17311 17314 17316
f 17311 17316 17324
f 17324 17316 17323
f 17325 17326 17327
f 17327 17326 17328
f 17329 17330 17331
f 17329 17331 17332
f 17333 17334 17335
f 17333 17335 17336
f 17337 17338 17339
f 17337 17339 17340
f 17341 17342 17343
f 17343 17342 17344
f 17345 17346 17347
f 17345 17347 17348
f 17349 17350 17351
f 17349 17351 17352
f 17353 17354 17355
f 17353 17355 17356
f 17357 17358 17359
f 17359 17358 17360
f 17361 13295 17362
f 17362 13295 13293
f 17362 13293 17363
f 17363 13293 17364
f 13314 17365 13312
f 13312 17365 17366
f 13312 17366 17367
f 17368 17369 17370
f 17371 17372 17373
f 17374 17375 17376
f 17377 17378 17379
f 17380 17381 17382
f 17383 17384 17385
f 17386 17387 17388
f 17389 17390 17391
f 17392 17393 17394
f 17395 17396 17397
f 17398 17399 17400
f 17401 17402 17403
f 17404 17405 17406
f 17407 17408 17409
f 17410 17411 17412
f 17413 17414 17415
f 17416 17417 17418
f 17419 17420 17421
f 17422 17423 17424
f 17425 17426 17427
f 17428 17429 17430
f 17431 17432 17433
f 17434 17435 17436
f 17437 17438 17439
f 17440 17441 17442
f 17443 17444 17445
f 17446 17447 17448
f 17449 17450 17451
f 17452 17453 17454
f 17455 17456 17457
f 17458 17446 17459
f 17459 17446 17448
f 17459 17448 17460
f 17460 17448 17461
f 17457 17456 17462
f 17456 17463 17462
f 17462 17463 17464
f 17462 17464 17465
f 17466 17467 17468
f 17469 17470 17471
f 17471 17470 17472
f 17473 17457 17474
f 17474 17457 17475
f 17467 17476 17468
f 17468 17476 17477
f 17468 17477 17478
f 17469 17452 17470
f 17470 17452 17454
f 17470 17454 17479
f 17479 17454 17462
f 17479 17462 17480
f 17480 17462 17465
f 17481 17482 17483
f 17457 17484 17485
f 17475 17457 17451
f 17451 17457 17485
f 17451 17485 17486
f 17473 17487 17457
f 17457 17487 17488
f 17457 17488 17455
f 17449 17451 17489
f 17489 17451 17486
f 17489 17486 17490
f 17490 17486 17491
f 17490 17491 17492
f 17493 17494 17495
f 17495 17494 17496
f 17495 17496 17497
f 17497 17496 17498
f 17497 17498 17461
f 17461 17498 17499
f 17461 17499 17460
f 17492 17500 17490
f 17490 17500 17501
f 17490 17501 17502
f 17502 17501 17503
f 17502 17503 17495
f 17495 17503 17504
f 17495 17504 17493
f 17483 17482 17505
f 17482 17506 17505
f 17505 17506 17507
f 17505 17507 17457
f 17457 17507 17508
f 17457 17508 17484
f 17509 17481 17510
f 17510 17481 17483
f 17510 17483 17511
f 17511 17483 17512
f 17511 17512 17513
f 17513 17512 17466
f 17513 17466 17514
f 17514 17466 17468

