<?xml version="1.0" encoding="utf-8"?>
<COLLADA xmlns="http://www.collada.org/2005/11/COLLADASchema" version="1.4.1" xmlns:xsi="http://www.w3.org/2001/XMLSchema-instance">
  <asset>
    <contributor>
      <author>Blender User</author>
      <authoring_tool>Blender 4.3.2 commit date:2024-12-16, commit time:21:10, hash:32f5fdce0a0a</authoring_tool>
    </contributor>
    <created>2025-07-17T17:36:10</created>
    <modified>2025-07-17T17:36:10</modified>
    <unit name="meter" meter="1"/>
    <up_axis>Z_UP</up_axis>
  </asset>
  <library_effects>
    <effect id="灰色_015-effect">
      <profile_COMMON>
        <technique sid="common">
          <lambert>
            <emission>
              <color sid="emission">0 0 0 1</color>
            </emission>
            <diffuse>
              <color sid="diffuse">0.09305826 0.1274378 0.1746475 1</color>
            </diffuse>
            <reflectivity>
              <float sid="specular">10</float>
            </reflectivity>
            <index_of_refraction>
              <float sid="ior">1.45</float>
            </index_of_refraction>
          </lambert>
        </technique>
      </profile_COMMON>
    </effect>
  </library_effects>
  <library_images/>
  <library_materials>
    <material id="灰色_015-material" name="灰色.015">
      <instance_effect url="#灰色_015-effect"/>
    </material>
  </library_materials>
  <library_geometries>
    <geometry id="R_little_prox-mesh" name="R_little_prox">
      <mesh>
        <source id="R_little_prox-mesh-positions">
          <float_array id="R_little_prox-mesh-positions-array" count="11355">0.005434513 0.01749998 8e-4 0.004999995 0.01749998 8e-4 0.005434513 0.01751464 7.24771e-4 0.004999995 0.01751464 7.24771e-4 0.005434513 0.01752674 7e-4 0.004999995 0.01752674 7e-4 0.005434513 0.01755785 6.59247e-4 0.004999995 0.01755785 6.59247e-4 0.005434513 0.01759994 6.26795e-4 0.004999995 0.01759994 6.26795e-4 0.005434513 0.01762294 6.15405e-4 0.004999995 0.01762294 6.15405e-4 0.005434513 0.01769989 6e-4 0.004999995 0.01769989 6e-4 0.005434513 0.02129989 6e-4 0.004999995 0.02129989 6e-4 0.005434513 0.0213769 6.15405e-4 0.004999995 0.0213769 6.15405e-4 0.005434513 0.02139997 6.26795e-4 0.004999995 0.02139997 6.26795e-4 0.005434513 0.02144205 6.59247e-4 0.004999995 0.02144205 6.59247e-4 0.005434513 0.0214731 7e-4 0.004999995 0.0214731 7e-4 0.005434513 0.0214852 7.24771e-4 0.004999995 0.0214852 7.24771e-4 0.005434513 0.02149999 8e-4 0.004999995 0.02149999 8e-4 -0.005434513 0.01769989 6e-4 -0.004999995 0.01769989 6e-4 -0.005434513 0.01762294 6.15405e-4 -0.004999995 0.01762294 6.15405e-4 -0.005434513 0.01759994 6.26795e-4 -0.004999995 0.01759994 6.26795e-4 -0.005434513 0.01755785 6.59247e-4 -0.004999995 0.01755785 6.59247e-4 -0.005434513 0.01752674 7e-4 -0.004999995 0.01752674 7e-4 -0.005434513 0.01751464 7.24771e-4 -0.004999995 0.01751464 7.24771e-4 -0.005434513 0.01749998 8e-4 -0.004999995 0.01749998 8e-4 -0.005434513 0.02149999 8e-4 -0.004999995 0.02149999 8e-4 -0.005434513 0.0214852 7.24771e-4 -0.004999995 0.0214852 7.24771e-4 -0.005434513 0.0214731 7e-4 -0.004999995 0.0214731 7e-4 -0.005434513 0.02144205 6.59247e-4 -0.004999995 0.02144205 6.59247e-4 -0.005434513 0.02139997 6.26795e-4 -0.004999995 0.02139997 6.26795e-4 -0.005434513 0.0213769 6.15405e-4 -0.004999995 0.0213769 6.15405e-4 -0.005434513 0.02129989 6e-4 -0.004999995 0.02129989 6e-4 0.005546331 0.02144205 6.86773e-4 0.005632579 0.02144205 7.63059e-4 0.00566864 0.0213769 7.38122e-4 0.005566716 0.0213769 6.47944e-4 0.005681276 0.02129989 7.2936e-4 0.005573809 0.02129989 6.34301e-4 0.005515933 0.0214852 7.44806e-4 0.005481064 0.02149999 8.11504e-4 0.005516648 0.02149999 8.42782e-4 0.005732238 0.02129989 8.63439e-4 0.005717039 0.0213769 8.65317e-4 0.005705714 0.02139997 8.66705e-4 0.005673468 0.02144205 8.7066e-4 0.005633056 0.0214731 8.75626e-4 0.005608499 0.0214852 8.78645e-4 0.005578637 0.0214852 8.0033e-4 0.005532622 0.02149999 8.80457e-4 0.005533814 0.02149999 8.87813e-4 0.005441904 0.01749998 8.00237e-4 0.005573809 0.01769989 6.34301e-4 0.005566716 0.01762294 6.47944e-4 0.005546331 0.01755785 6.86773e-4 0.005515933 0.01751464 7.44806e-4 0.005481243 0.01749998 8.11463e-4 0.005681276 0.01769989 7.2936e-4 0.00566864 0.01762294 7.38122e-4 0.005632579 0.01755785 7.63059e-4 0.005578637 0.01751464 8.0033e-4 0.005516648 0.01749998 8.42994e-4 0.005732238 0.01769989 8.63439e-4 0.005717039 0.01762294 8.65317e-4 0.005673468 0.01755785 8.7066e-4 0.005608499 0.01751464 8.78645e-4 0.005533814 0.01749998 8.87813e-4 0 0.006199896 9.99987e-4 -3.47107e-4 0.00627917 9.99987e-4 0 0.006999969 9.99987e-4 3.47107e-4 0.00627917 9.99987e-4 7.79942e-4 0.007177948 9.99987e-4 7.79942e-4 0.00682193 9.99987e-4 6.25465e-4 0.006501138 9.99987e-4 0 0.007799983 9.99987e-4 3.47107e-4 0.007720768 9.99987e-4 6.25465e-4 0.007498741 9.99987e-4 -7.79942e-4 0.007177948 9.99987e-4 -6.25465e-4 0.007498741 9.99987e-4 -3.47107e-4 0.007720768 9.99987e-4 -6.25465e-4 0.006501138 9.99987e-4 -7.79942e-4 0.00682193 9.99987e-4 0.005731761 0.01749998 0.002499938 0.005699992 0.01749998 0.002499938 0.004799962 0.01749998 0.003499925 0.004868686 0.01749998 0.00337404 0.005699992 0.01749998 0.003499925 0.004899919 0.01749998 0.003199934 0.004899919 0.01749998 9e-4 0.004901826 0.01749998 8.79855e-4 0.004917681 0.01749998 8.43054e-4 0.004953384 0.01749998 8.11504e-4 0.004726767 0.01759994 9e-4 0.004715383 0.01762294 9e-4 0.004737019 0.01762294 7.9109e-4 0.004699945 0.01769989 9e-4 0.004722774 0.01769989 7.85195e-4 0.004838109 0.01751464 8.32943e-4 0.004876077 0.01751464 7.76095e-4 0.00493294 0.01751464 7.3811e-4 0.004740118 0.01769989 7.5e-4 0.00479871 0.01762294 6.98761e-4 0.004787862 0.01769989 6.87868e-4 0.00484997 0.01769989 6.40192e-4 0.004890978 0.01762294 6.37068e-4 0.004885137 0.01769989 6.22836e-4 0.004799962 0.01752674 9e-4 0.004759192 0.01755785 9e-4 0.004777491 0.01755785 8.07868e-4 0.004829645 0.01755785 7.29762e-4 0.004907846 0.01755785 6.77573e-4 0.004824697 0.01751464 9e-4 0.004890978 0.0213769 6.37068e-4 0.004885137 0.02129989 6.22836e-4 0.004979789 0.02149999 8.01831e-4 0.00493294 0.0214852 7.3811e-4 0.004876077 0.0214852 7.76095e-4 0.004943013 0.02149999 8.17691e-4 0.004838109 0.0214852 8.32943e-4 0.004911482 0.02149999 8.53432e-4 0.004824697 0.0214852 9e-4 0.004899919 0.02149999 9e-4 0.00484997 0.02129989 6.40192e-4 0.00479871 0.0213769 6.98761e-4 0.004787862 0.02129989 6.87868e-4 0.004740118 0.02129989 7.5e-4 0.004737019 0.0213769 7.9109e-4 0.004722774 0.02129989 7.85195e-4 0.004699945 0.02129989 9e-4 0.004907846 0.02144205 6.77573e-4 0.004829645 0.02144205 7.29762e-4 0.004777491 0.02144205 8.07868e-4 0.004715383 0.0213769 9e-4 0.004726767 0.02139997 9e-4 0.004759192 0.02144205 9e-4 0.004799962 0.0214731 9e-4 0.004868686 0.02149999 0.00337404 0.004799962 0.02149999 0.003499925 0.005699992 0.02149999 0.003499925 0.005699992 0.02149999 0.002499938 0.004899919 0.02149999 0.003199934 0.005731761 0.02149999 0.002499938 -0.005533814 0.02149999 8.87813e-4 -0.005731761 0.02149999 0.002499938 -0.005699992 0.02149999 0.002499938 -0.004799962 0.02149999 0.003499925 -0.004868686 0.02149999 0.00337404 -0.005699992 0.02149999 0.003499925 -0.004899919 0.02149999 0.003199934 -0.004899919 0.02149999 9e-4 -0.004901826 0.02149999 8.79855e-4 -0.004917681 0.02149999 8.43054e-4 -0.005481243 0.02149999 8.11463e-4 -0.005516648 0.02149999 8.42994e-4 -0.005441904 0.02149999 8.00237e-4 -0.004953384 0.02149999 8.11504e-4 -0.004726767 0.02139997 9e-4 -0.004715383 0.0213769 9e-4 -0.004737019 0.0213769 7.9109e-4 -0.004699945 0.02129989 9e-4 -0.004722774 0.02129989 7.85195e-4 -0.004838109 0.0214852 8.32943e-4 -0.004876077 0.0214852 7.76095e-4 -0.00493294 0.0214852 7.3811e-4 -0.004740118 0.02129989 7.5e-4 -0.00479871 0.0213769 6.98761e-4 -0.004787862 0.02129989 6.87868e-4 -0.00484997 0.02129989 6.40192e-4 -0.004890978 0.0213769 6.37068e-4 -0.004885137 0.02129989 6.22836e-4 -0.004799962 0.0214731 9e-4 -0.004759192 0.02144205 9e-4 -0.004777491 0.02144205 8.07868e-4 -0.004829645 0.02144205 7.29762e-4 -0.004907846 0.02144205 6.77573e-4 -0.004824697 0.0214852 9e-4 -0.004868686 0.01749998 0.00337404 -0.004799962 0.01749998 0.003499925 -0.005699992 0.01749998 0.003499925 -0.005699992 0.01749998 0.002499938 -0.004899919 0.01749998 9e-4 -0.004899919 0.01749998 0.003199934 -0.004943013 0.01749998 8.17691e-4 -0.004911482 0.01749998 8.53432e-4 -0.004979789 0.01749998 8.01831e-4 -0.005516648 0.01749998 8.42782e-4 -0.005481064 0.01749998 8.11504e-4 -0.005532622 0.01749998 8.80457e-4 -0.005533814 0.01749998 8.87813e-4 -0.005731761 0.01749998 0.002499938 -0.004890978 0.01762294 6.37068e-4 -0.004885137 0.01769989 6.22836e-4 -0.00493294 0.01751464 7.3811e-4 -0.004876077 0.01751464 7.76095e-4 -0.004838109 0.01751464 8.32943e-4 -0.004824697 0.01751464 9e-4 -0.00484997 0.01769989 6.40192e-4 -0.00479871 0.01762294 6.98761e-4 -0.004787862 0.01769989 6.87868e-4 -0.004740118 0.01769989 7.5e-4 -0.004737019 0.01762294 7.9109e-4 -0.004722774 0.01769989 7.85195e-4 -0.004699945 0.01769989 9e-4 -0.004907846 0.01755785 6.77573e-4 -0.004829645 0.01755785 7.29762e-4 -0.004777491 0.01755785 8.07868e-4 -0.004715383 0.01762294 9e-4 -0.004726767 0.01759994 9e-4 -0.004759192 0.01755785 9e-4 -0.004799962 0.01752674 9e-4 -0.005546331 0.01755785 6.86773e-4 -0.005632579 0.01755785 7.63059e-4 -0.00566864 0.01762294 7.38122e-4 -0.005566716 0.01762294 6.47944e-4 -0.005681276 0.01769989 7.2936e-4 -0.005573809 0.01769989 6.34301e-4 -0.005515933 0.01751464 7.44806e-4 -0.005732238 0.01769989 8.63439e-4 -0.005717039 0.01762294 8.65317e-4 -0.005705714 0.01759994 8.66705e-4 -0.005673468 0.01755785 8.7066e-4 -0.005633056 0.01752674 8.75626e-4 -0.005608499 0.01751464 8.78645e-4 -0.005578637 0.01751464 8.0033e-4 -0.005705714 0.02139997 8.66705e-4 -0.005673468 0.02144205 8.7066e-4 -0.005632579 0.02144205 7.63059e-4 -0.005546331 0.02144205 6.86773e-4 -0.005566716 0.0213769 6.47944e-4 -0.00566864 0.0213769 7.38122e-4 -0.005573809 0.02129989 6.34301e-4 -0.005681276 0.02129989 7.2936e-4 -0.005578637 0.0214852 8.0033e-4 -0.005608499 0.0214852 8.78645e-4 -0.005633056 0.0214731 8.75626e-4 -0.005732238 0.02129989 8.63439e-4 -0.005717039 0.0213769 8.65317e-4 -0.005515933 0.0214852 7.44806e-4 0.005899906 0.02132606 0.002242863 0.005899906 0.02131307 0.002232313 0.005899906 0.02129989 0.002228856 0.005832493 0.0214731 0.002499938 0.005899906 0.02141004 0.002499938 0.005899906 0.02139997 0.002448678 0.005899906 0.02135175 0.002284765 0.005874156 0.01755857 0.002499938 0.00580883 0.01751518 0.002499938 0.005899906 0.01769989 0.002228856 0.005899906 0.01769018 0.002230823 0.005899906 0.01768028 0.002236664 0.005899906 0.0175898 0.002499938 0.005899906 0.01762342 0.002353787 0.005899906 0.01766097 0.002260327 0 0.005999982 0.001199901 4.33884e-4 0.006098926 0.001199901 7.81832e-4 0.006376445 0.001199901 9.74928e-4 0.006777465 0.001199901 9.74928e-4 0.007222414 0.001199901 7.81832e-4 0.007623434 0.001199901 4.33884e-4 0.007900953 0.001199901 0 0.007999956 0.001199901 -4.33884e-4 0.007900953 0.001199901 -7.81831e-4 0.007623434 0.001199901 -9.74928e-4 0.007222414 0.001199901 -9.74928e-4 0.006777465 0.001199901 -7.81831e-4 0.006376445 0.001199901 -4.33884e-4 0.006098926 0.001199901 0.004830718 0.01751232 0.003199934 0.004799962 0.01752674 0.003199934 0.004758477 0.01755857 0.003199934 0.004726767 0.01759994 0.003199934 0.004712343 0.01763075 0.003199934 0.004699945 0.01769989 0.003199934 0.004699945 0.02129989 0.003199934 0.004712343 0.02136915 0.003199934 0.004726767 0.02139997 0.003199934 0.004758477 0.0214414 0.003199934 0.004799962 0.0214731 0.003199934 0.004830718 0.02148759 0.003199934 -0.004830718 0.02148759 0.003199934 -0.004799962 0.0214731 0.003199934 -0.004758477 0.0214414 0.003199934 -0.004726767 0.02139997 0.003199934 -0.004712343 0.02136915 0.003199934 -0.004699945 0.02129989 0.003199934 -0.004699945 0.01769989 0.003199934 -0.004712343 0.01763075 0.003199934 -0.004726767 0.01759994 0.003199934 -0.004758477 0.01755857 0.003199934 -0.004799962 0.01752674 0.003199934 -0.004830718 0.01751232 0.003199934 -0.005899906 0.01767385 0.002242863 -0.005899906 0.0176869 0.002232313 -0.005899906 0.01769989 0.002228856 -0.005832493 0.01752674 0.002499938 -0.005899906 0.0175898 0.002499938 -0.005899906 0.01759994 0.002448678 -0.005899906 0.01764822 0.002284765 -0.005899906 0.02129989 0.002228856 -0.005899906 0.02131307 0.002232313 -0.005899906 0.02132606 0.002242863 -0.005899906 0.02135175 0.002284765 -0.005899906 0.02140218 0.002459347 -0.005899906 0.02141004 0.002499938 -0.005832493 0.0214731 0.002499938 -4.33884e-4 0.006098926 0.003299891 -2.81732e-4 0.006040394 0.003299891 -5.40641e-4 0.006158649 0.003299891 -7.55749e-4 0.006345093 0.003299891 -9.74928e-4 0.006777465 0.003299891 -9.09632e-4 0.006584525 0.003299891 -7.81831e-4 0.006376445 0.003299891 -9.89821e-4 0.006857573 0.003299891 -9.89821e-4 0.007142305 0.003299891 -7.81831e-4 0.007623434 0.003299891 -9.09632e-4 0.007415354 0.003299891 -9.74928e-4 0.007222414 0.003299891 -7.55749e-4 0.007654786 0.003299891 -5.40641e-4 0.007841229 0.003299891 -4.33884e-4 0.007900953 0.003299891 -2.81732e-4 0.007959485 0.003299891 4.33884e-4 0.007900953 0.003299891 2.81733e-4 0.007959485 0.003299891 0 0.007999956 0.003299891 5.40641e-4 0.007841229 0.003299891 7.5575e-4 0.007654786 0.003299891 9.74928e-4 0.007222414 0.003299891 9.09632e-4 0.007415354 0.003299891 7.81832e-4 0.007623434 0.003299891 9.89822e-4 0.007142305 0.003299891 9.89822e-4 0.006857573 0.003299891 7.81832e-4 0.006376445 0.003299891 9.09632e-4 0.006584525 0.003299891 9.74928e-4 0.006777465 0.003299891 7.5575e-4 0.006345093 0.003299891 5.40641e-4 0.006158649 0.003299891 4.33884e-4 0.006098926 0.003299891 2.81733e-4 0.006040394 0.003299891 0 0.005999982 0.003299891 0 0.00586915 0.003487527 -3.38079e-4 0.005848526 0.003499925 -3.18576e-4 0.005914986 0.003487527 -6.48769e-4 0.005990386 0.003499925 -6.11344e-4 0.006048679 0.003487527 -9.06899e-4 0.006214082 0.003499925 -8.54584e-4 0.006259441 0.003487527 -0.00109148 0.006501436 0.003499925 -0.001028478 0.006530225 0.003487527 -0.001187682 0.006829202 0.003499925 -0.001119256 0.006838977 0.003487527 -0.001187682 0.007170677 0.003499925 -0.001119256 0.007160902 0.003487527 -0.00109148 0.007498443 0.003499925 -0.001028478 0.007469654 0.003487527 -9.06899e-4 0.007785797 0.003499925 -8.54584e-4 0.007740437 0.003487527 -6.48769e-4 0.008009493 0.003499925 -6.11344e-4 0.007951259 0.003487527 -3.38079e-4 0.008151352 0.003499925 -3.18576e-4 0.008084952 0.003487527 0 0.008199989 0.003499925 0 0.008130729 0.003487527 3.38079e-4 0.008151352 0.003499925 3.18577e-4 0.008084952 0.003487527 6.48769e-4 0.008009493 0.003499925 6.11344e-4 0.007951259 0.003487527 9.069e-4 0.007785797 0.003499925 8.54584e-4 0.007740437 0.003487527 0.00109148 0.007498443 0.003499925 0.001028478 0.007469654 0.003487527 0.001187682 0.007170677 0.003499925 0.001119256 0.007160902 0.003487527 0.001187682 0.006829202 0.003499925 0.001119256 0.006838977 0.003487527 0.00109148 0.006501436 0.003499925 0.001028478 0.006530225 0.003487527 9.069e-4 0.006214082 0.003499925 8.54584e-4 0.006259441 0.003487527 6.48769e-4 0.005990386 0.003499925 6.11344e-4 0.006048679 0.003487527 3.38079e-4 0.005848526 0.003499925 3.18577e-4 0.005914986 0.003487527 0 0.005799949 0.003499925 7.65092e-4 0.007662892 0.003369212 5.47324e-4 0.0078516 0.003369212 2.85215e-4 0.007971346 0.003369212 9.20877e-4 0.00742048 0.003369212 0.001001954 0.007143974 0.003369212 0.001001954 0.006855905 0.003369212 5.47324e-4 0.006148338 0.003369212 7.65092e-4 0.006336987 0.003369212 9.20877e-4 0.006579399 0.003369212 -2.85215e-4 0.006028532 0.003369212 0 0.005987524 0.003369212 2.85215e-4 0.006028532 0.003369212 -7.65092e-4 0.006336987 0.003369212 -5.47324e-4 0.006148338 0.003369212 -9.20876e-4 0.006579399 0.003369212 -0.001001954 0.006855905 0.003369212 -0.001001954 0.007143974 0.003369212 -5.47324e-4 0.0078516 0.003369212 -7.65092e-4 0.007662892 0.003369212 -9.20876e-4 0.00742048 0.003369212 0 0.008012354 0.003369212 -2.85215e-4 0.007971346 0.003369212 0 0.008058547 0.003441393 -2.98236e-4 0.008015692 0.003441393 -5.72311e-4 0.007890522 0.003441393 -8.0002e-4 0.007693111 0.003441393 -9.62917e-4 0.007439672 0.003441393 -0.00104779 0.00715065 0.003441393 -0.00104779 0.006849288 0.003441393 -9.62917e-4 0.006560206 0.003441393 -8.0002e-4 0.006306767 0.003441393 -5.72311e-4 0.006109416 0.003441393 -2.98236e-4 0.005984187 0.003441393 0 0.005941331 0.003441393 2.98236e-4 0.005984187 0.003441393 5.72311e-4 0.006109416 0.003441393 8.0002e-4 0.006306767 0.003441393 9.62917e-4 0.006560206 0.003441393 0.00104779 0.006849288 0.003441393 0.00104779 0.00715065 0.003441393 9.62917e-4 0.007439672 0.003441393 8.0002e-4 0.007693111 0.003441393 5.72311e-4 0.007890522 0.003441393 2.98236e-4 0.008015692 0.003441393 0.00454998 0.02129989 0.003459692 0.00450176 0.02129989 0.003482103 0.004505932 0.02136915 0.003493726 0.004399955 0.02129989 0.003499925 0.004485428 0.02136737 0.003499925 0.004544973 0.02140998 0.003499925 0.004692733 0.02136915 0.003308713 0.004681169 0.02129989 0.003304362 0.004659712 0.02129989 0.0033499 0.004736125 0.0214414 0.003324747 0.004803717 0.02148759 0.0033499 0.004675269 0.02147531 0.003499925 0.004652321 0.0214414 0.003454685 0.004619777 0.02136915 0.003421843 0.004611015 0.02129989 0.003413081 0.004707396 0.0214852 0.003499925 0.004399955 0.01769989 0.003499925 0.00450176 0.01769989 0.003482103 0.00454998 0.01769989 0.003459692 0.004611015 0.01769989 0.003413081 0.004659712 0.01769989 0.0033499 0.004681169 0.01769989 0.003304362 0.004729509 0.01750743 0.003499925 0.004706919 0.01751273 0.003499925 0.004803717 0.01751232 0.0033499 0.004692733 0.01763075 0.003308713 0.004619777 0.01763075 0.003421843 0.004505932 0.01763075 0.003493726 0.004482984 0.01763296 0.003499925 0.004584074 0.01756536 0.003499925 0.004595041 0.01755923 0.003499925 0.004736125 0.01755857 0.003324747 0.004700243 0.01751464 0.003499925 0.004652321 0.01755857 0.003454685 -0.004736125 0.01755857 0.003324747 -0.004692733 0.01763075 0.003308713 -0.00454998 0.01769989 0.003459692 -0.00450176 0.01769989 0.003482103 -0.004505932 0.01763075 0.003493726 -0.004675269 0.0175246 0.003499925 -0.004707396 0.01751464 0.003499925 -0.004803717 0.01751232 0.0033499 -0.004611015 0.01769989 0.003413081 -0.004619777 0.01763075 0.003421843 -0.004659712 0.01769989 0.0033499 -0.004681169 0.01769989 0.003304362 -0.004652321 0.01755857 0.003454685 -0.004544973 0.01758986 0.003499925 -0.004485428 0.01763254 0.003499925 -0.004399955 0.01769989 0.003499925 -0.004399955 0.02129989 0.003499925 -0.00450176 0.02129989 0.003482103 -0.00454998 0.02129989 0.003459692 -0.004611015 0.02129989 0.003413081 -0.004659712 0.02129989 0.0033499 -0.004681169 0.02129989 0.003304362 -0.004729509 0.02149254 0.003499925 -0.004706919 0.02148711 0.003499925 -0.004803717 0.02148759 0.0033499 -0.004692733 0.02136915 0.003308713 -0.004619777 0.02136915 0.003421843 -0.004505932 0.02136915 0.003493726 -0.004482984 0.02136701 0.003499925 -0.004584074 0.02143454 0.003499925 -0.004595041 0.02144074 0.003499925 -0.004736125 0.0214414 0.003324747 -0.004700243 0.0214852 0.003499925 -0.004652321 0.0214414 0.003454685 -0.001499891 0.01799988 0.003499925 -0.001409471 0.01748687 0.003499925 -0.001149058 0.01703578 0.003499925 -7.5e-4 0.01670092 0.003499925 -2.60472e-4 0.01652276 0.003499925 -0.005699992 0.02199995 0.003499925 -0.00584203 0.01665091 0.003499925 -0.005736768 0.01681149 0.003499925 -0.002299964 0.005499899 0.003499925 0.005736768 0.02218842 0.003499925 0.005699992 0.02199995 0.003499925 0.001576066 0.02338266 0.003499925 -0.005999982 0.01654165 0.003499925 0.001499891 0.023 0.003499925 0.001149058 0.01703578 0.003499925 0.001409471 0.01748687 0.003499925 0.001499891 0.01799988 0.003499925 -0.001499891 0.023 0.003499925 -0.001576066 0.02338266 0.003499925 -0.005736768 0.02218842 0.003499925 -0.001792848 0.02370709 0.003499925 -0.002117276 0.02392387 0.003499925 -0.002499938 0.02399992 0.003499925 -0.00584203 0.02234899 0.003499925 -0.005299985 0.02399992 0.003499925 -0.005999982 0.02245825 0.003499925 -0.006157875 0.02256739 0.003499925 0.001792848 0.02370709 0.003499925 0.002117276 0.02392387 0.003499925 0.00584203 0.02234899 0.003499925 0.002499938 0.02399992 0.003499925 0.005999982 0.02245825 0.003499925 0.005299985 0.02399992 0.003499925 0.006157875 0.02256739 0.003499925 0.006263077 0.02272802 0.003499925 0.005736768 0.01681149 0.003499925 -0.006299912 0.023 0.003499925 -0.006223857 0.02338266 0.003499925 -0.006007075 0.02370709 0.003499925 0.006007075 0.02370709 0.003499925 0.006223857 0.02338266 0.003499925 0.005682647 0.02392387 0.003499925 0.006299912 0.023 0.003499925 0.006299912 0.02291649 0.003499925 -0.005682647 0.02392387 0.003499925 -0.006299912 0.02291649 0.003499925 -0.006263077 0.02272802 0.003499925 -0.00318998 0.005600214 0.003499925 -0.004035532 0.005896091 0.003499925 -0.004793882 0.00637263 0.003499925 -0.006263077 0.01627182 0.003499925 -0.006157875 0.01643252 0.003499925 -0.006299912 0.01608341 0.003499925 -0.006299912 0.009499967 0.003499925 -0.006199598 0.00860989 0.003499925 -0.00590384 0.007764399 0.003499925 0.002299964 0.005499899 0.003499925 0.005699992 0.0169999 0.003499925 -0.005427241 0.007005929 0.003499925 -0.005699992 0.0169999 0.003499925 0.006157875 0.01643252 0.003499925 0.006263077 0.01627182 0.003499925 0.006299912 0.01608341 0.003499925 2.60472e-4 0.01652276 0.003499925 7.5e-4 0.01670092 0.003499925 0.00584203 0.01665091 0.003499925 0.005999982 0.01654165 0.003499925 0.006199598 0.00860989 0.003499925 0.00590384 0.007764399 0.003499925 0.005427241 0.007005929 0.003499925 0.004793882 0.00637263 0.003499925 0.006299912 0.009499967 0.003499925 0.00318998 0.005600214 0.003499925 0.004035532 0.005896091 0.003499925 -0.006299912 0.023 0.004699945 -0.006223857 0.02338266 0.004699945 -0.006007075 0.02370709 0.004699945 -0.005682647 0.02392387 0.004699945 -0.005299985 0.02399992 0.004699945 -0.002499938 0.02399992 0.004699945 -0.001499891 0.023 0.004699945 -0.001576066 0.02338266 0.004699945 -0.001792848 0.02370709 0.004699945 -0.002117276 0.02392387 0.004699945 -0.001499891 0.01799988 0.004699945 0.001499891 0.01799988 0.004699945 0.001409471 0.01748687 0.004699945 0.001149058 0.01703578 0.004699945 7.5e-4 0.01670092 0.004699945 2.60472e-4 0.01652276 0.004699945 -2.60472e-4 0.01652276 0.004699945 -7.5e-4 0.01670092 0.004699945 -0.001149058 0.01703578 0.004699945 -0.001409471 0.01748687 0.004699945 0.001499891 0.023 0.004699945 0.002499938 0.02399992 0.004699945 0.002117276 0.02392387 0.004699945 0.001792848 0.02370709 0.004699945 0.001576066 0.02338266 0.004699945 0.005299985 0.02399992 0.004699945 0.005682647 0.02392387 0.004699945 0.006007075 0.02370709 0.004699945 0.006223857 0.02338266 0.004699945 0.006299912 0.023 0.004699945 0.006299912 0.02291649 0.004699945 0.006263077 0.02272802 0.004699945 0.006157875 0.02256739 0.004699945 0.005999982 0.02245825 0.004699945 0.00584203 0.02234899 0.004699945 0.005736768 0.02218842 0.004699945 0.005699992 0.02199995 0.004699945 0.005699992 0.0169999 0.004699945 0.005736768 0.01681149 0.004699945 0.00584203 0.01665091 0.004699945 0.005999982 0.01654165 0.004699945 0.006157875 0.01643252 0.004699945 0.006263077 0.01627182 0.004699945 0.006299912 0.01608341 0.004699945 0.006299912 0.009499967 0.004699945 0.006199598 0.00860989 0.004699945 0.00590384 0.007764399 0.004699945 0.005427241 0.007005929 0.004699945 0.004793882 0.00637263 0.004699945 0.004035532 0.005896091 0.004699945 0.00318998 0.005600214 0.004699945 0.002299964 0.005499899 0.004699945 -0.002299964 0.005499899 0.004699945 -0.00318998 0.005600214 0.004699945 -0.004035532 0.005896091 0.004699945 -0.004793882 0.00637263 0.004699945 -0.005427241 0.007005929 0.004699945 -0.00590384 0.007764399 0.004699945 -0.006199598 0.00860989 0.004699945 -0.006299912 0.009499967 0.004699945 -0.006299912 0.01608341 0.004699945 -0.006263077 0.01627182 0.004699945 -0.006157875 0.01643252 0.004699945 -0.005999982 0.01654165 0.004699945 -0.00584203 0.01665091 0.004699945 -0.005736768 0.01681149 0.004699945 -0.005699992 0.0169999 0.004699945 -0.005699992 0.02199995 0.004699945 -0.005736768 0.02218842 0.004699945 -0.00584203 0.02234899 0.004699945 -0.005999982 0.02245825 0.004699945 -0.006157875 0.02256739 0.004699945 -0.006263077 0.02272802 0.004699945 -0.006299912 0.02291649 0.004699945 0.006299912 0.023 0.006018698 0.006278574 0.02320474 0.006037831 0.006238162 0.023346 0.004699945 0.006217718 0.02339583 0.006076157 0.006122589 0.02356791 0.006128191 0.005998492 0.02371555 0.006188631 0.00584954 0.02383524 0.00625211 0.005646049 0.02393811 0.004699945 0.005680263 0.02392458 0.006315052 0.005495429 0.02398055 0.006374537 0.005299985 0.02399992 0.006427884 -0.005299985 0.02399992 0.006427884 -0.005494952 0.02398061 0.006374776 -0.005646049 0.02393811 0.004699945 -0.005679666 0.02392476 0.006315231 -0.005849123 0.02383548 0.006252229 -0.005998194 0.02371585 0.00618875 -0.006238162 0.023346 0.004699945 -0.006299912 0.023 0.006018698 -0.006278455 0.02320545 0.006037712 -0.006217539 0.02339738 0.006076157 -0.00612241 0.02356868 0.006128311 0.006213903 0.02299237 0.006182909 0.006269276 0.02299517 0.00612241 0.006229639 0.0231691 0.006173372 0.005321562 0.02398598 0.006498098 0.005516827 0.02396327 0.006440699 0.005699515 0.02390426 0.00637722 0.005864739 0.02381294 0.006310582 0.006008267 0.02369338 0.006243646 0.006127119 0.02354747 0.006179988 0.006217241 0.02337944 0.00612545 0.006274521 0.02319473 0.006085336 0.006192564 0.02316832 0.006205201 0.00617665 0.02333343 0.006215333 0.006128907 0.02333837 0.006253778 0.006093442 0.02348285 0.006272614 0.006029367 0.02348732 0.006319642 0.005984008 0.02361238 0.006339251 0.005884647 0.02362281 0.006402552 0.005852103 0.02371847 0.006409645 0.005700767 0.02379918 0.00647974 0.005705595 0.02372586 0.006489634 0.005533516 0.02385151 0.006546497 0.005521357 0.0237838 0.00656414 0.005354762 0.02387392 0.006605446 0.005358934 0.02380049 0.006618916 0.005341649 0.02394151 0.006562829 0.005531132 0.02391773 0.006503582 0.005707502 0.02386003 0.006436944 0.005866169 0.02377206 0.006367087 0.006003737 0.02365732 0.006297171 0.006117284 0.0235179 0.006230831 0.006203353 0.02335774 0.006174027 0.006257832 0.02318239 0.006132543 0.00629884 0.02299904 0.006037116 -0.006274223 0.02319562 0.00608623 -0.005382657 0.02379989 0.006611526 -0.005358815 0.02380049 0.006618857 -0.005354762 0.02387392 0.006605446 -0.005561292 0.02377438 0.006548643 -0.006176233 0.02333509 0.006215751 -0.006134808 0.02332502 0.006249547 -0.006045103 0.02346712 0.006309688 -0.006197512 0.02314347 0.00620085 -0.006229341 0.02316999 0.006173789 -0.006257534 0.02318346 0.006133139 -0.006276488 0.02299571 0.006109476 -0.006213665 0.02299243 0.006182551 -0.006202936 0.02335971 0.006174862 -0.006092905 0.02348357 0.006273031 -0.005915462 0.02359831 0.006385803 -0.006216943 0.02338117 0.006126463 -0.006116867 0.02351862 0.006231725 -0.005983531 0.0236122 0.006339848 -0.005733907 0.02371263 0.006476223 -0.00600332 0.02365696 0.006298065 -0.005851507 0.02371805 0.006410121 -0.005865693 0.02377158 0.0063681 -0.005700111 0.0237987 0.006480336 -0.005707025 0.02385944 0.006437957 -0.005533099 0.02385073 0.006546854 -0.005530834 0.0239169 0.006504595 -0.00612688 0.02354812 0.00618118 -0.006008028 0.02369308 0.006244838 -0.005864441 0.02381265 0.006311953 -0.005699217 0.02390372 0.00637871 -0.005516767 0.02396273 0.006442189 -0.005321562 0.02398598 0.006498098 -0.005341649 0.02394151 0.006562829 0.002499938 0.02380985 0.006766617 0.002499938 0.02390617 0.006736338 0.002330482 0.02385658 0.006753683 0.001499891 0.023 0.00660336 0.001512289 0.02300286 0.006672561 0.001534402 0.02319508 0.006672441 0.001523911 0.02321761 0.006596267 0.001590788 0.02337974 0.006665587 0.001595377 0.02342635 0.006589472 0.001682162 0.02354967 0.006658971 0.00171101 0.02361446 0.006583154 0.001804471 0.02369821 0.006652951 0.001792848 0.02370709 0.006579816 0.001953423 0.0238201 0.006647944 0.001864731 0.02377223 0.006577432 0.002122998 0.02391082 0.006644189 0.00203222 0.02388381 0.006572902 0.002307355 0.02396661 0.006641805 0.002303779 0.02398049 0.006568193 0.002215147 0.02395856 0.006569325 0.002153873 0.02393811 0.006570458 0.002427816 0.0239973 0.00656712 0.002499938 0.02397537 0.006662905 0.002499938 0.02399992 0.006566882 0.002310216 0.02378427 0.006767868 0.002168238 0.02380728 0.006756186 0.00212872 0.02371048 0.006771564 0.002019107 0.02372735 0.006760001 0.001888096 0.02361989 0.006765127 0.001968801 0.02359515 0.006777048 0.001780629 0.02348899 0.006771147 0.001840054 0.02344745 0.006783962 0.001700401 0.02333939 0.006777942 0.001745939 0.023265 0.006792247 0.001650929 0.02317678 0.006784915 0.001703143 0.02307695 0.006800293 0.001630723 0.02300775 0.006790876 0.001699984 0.02300822 0.006803274 0.002499938 0.02394104 0.006708741 0.002316713 0.02392286 0.006709516 0.002141535 0.02386975 0.006712019 0.001980185 0.0237835 0.006715953 0.001838386 0.02366757 0.006721138 0.001721978 0.02352619 0.006727397 0.001635015 0.02336454 0.006734192 0.001581192 0.02318876 0.006741464 0.001558542 0.02300584 0.006744742 0.005819559 0.007810354 0.005482137 0.006023108 0.008277475 0.005337417 0.005695343 0.008128821 0.005573034 0.003813803 0.006923556 0.006159484 0.003448665 0.006896853 0.00617218 0.003596901 0.005902171 0.006047368 0.003433704 0.009180188 0.006403148 0.002903819 0.009941756 0.006491661 0.003185272 0.008354723 0.006336927 0.00272578 0.01153641 0.006621479 0.002797842 0.01070356 0.006556928 0.003266096 0.01031047 0.006505787 0.002847731 0.01030868 0.006523787 0.003156304 0.0114417 0.006595969 0.003132998 0.01257389 0.006673574 0.002699971 0.01235812 0.006678402 0.003175914 0.01370698 0.006738603 0.002725601 0.01331192 0.006735861 0.003263831 0.01484066 0.006790876 0.002797663 0.01434791 0.006788015 0.003389298 0.01597476 0.006830573 0.002927184 0.01553767 0.006834626 0.003094792 0.01672339 0.006866872 0.00354439 0.01710939 0.006857395 0.003115057 0.01685434 0.006869614 0.00315541 0.01710909 0.006874382 0.003911137 0.01937907 0.006872773 0.003395557 0.01851779 0.006889045 0.004301667 0.02164864 0.006836593 0.003804624 0.02072179 0.006872057 0.003749907 0.02043062 0.006877124 0.004378855 0.02380985 0.006766617 0.004103899 0.02230858 0.006829798 0.003979623 0.02164912 0.006850481 0.005001008 0.021645 0.006707966 0.004874408 0.0238052 0.006729722 0.005695939 0.02163732 0.006431639 0.006219983 0.0213564 0.00608021 0.00602746 0.02163183 0.00623703 0.006237447 0.009500801 0.005150139 0.00623852 0.009771168 0.005148053 0.005925714 0.01040291 0.005426526 0.006243288 0.01119536 0.005157411 0.005881845 0.01152402 0.005488932 0.006243526 0.0119183 0.005181849 0.005872488 0.01264405 0.0055601 0.006242394 0.01244789 0.005211174 0.006240904 0.01386928 0.005326092 0.006045341 0.008341372 0.005320072 0.006182432 0.008879721 0.005203843 0.006224513 0.009203433 0.005164027 0.004211187 0.006929934 0.006106436 0.004428327 0.006304264 0.006003499 0.004613578 0.00694108 0.006013274 0.004815638 0.006582558 0.005922496 0.005014777 0.006957352 0.005877912 0.005133152 0.006869912 0.005823314 0.005307257 0.007057487 0.005754709 0.003678441 0.005931854 0.006050348 0.003887057 0.006016612 0.006050944 0.004263997 0.006205499 0.006025671 0.005516648 0.01487207 0.006008565 0.00592488 0.01488417 0.005707979 0.006239593 0.01489609 0.005426526 0.005517721 0.01037722 0.005726099 0.005463719 0.01150119 0.005796194 0.005452275 0.01262462 0.00586909 0.005473375 0.01374804 0.005941092 0.005085289 0.01035559 0.005979061 0.005020499 0.01148188 0.006055653 0.00500679 0.01260817 0.006130099 0.005032122 0.01373469 0.006199896 0.005083978 0.01486188 0.006262481 0.005298078 0.008103609 0.005804896 0.00475198 0.009210288 0.006093204 0.004885554 0.008083283 0.005992174 0.004311501 0.009195804 0.006242275 0.004465103 0.008067846 0.006134331 0.003869891 0.00918585 0.006344795 0.0040434 0.008057236 0.006232142 0.003627002 0.008051216 0.006287693 0.00551331 0.007316172 0.005658805 0.005744159 0.007672071 0.00552988 0.005351841 0.02164173 0.006588757 0.005081892 0.01937764 0.006596267 0.004178464 0.01032471 0.006338477 0.004636228 0.010338 0.006183445 0.004091322 0.01145452 0.006424248 0.004560351 0.01146632 0.006265223 0.004072785 0.01258474 0.00650084 0.004544258 0.01259481 0.00634098 0.004106879 0.0137158 0.006567358 0.004573941 0.0137239 0.00640887 0.004176676 0.01484733 0.00662297 0.004634678 0.01485359 0.006467401 0.004276335 0.01597946 0.006667256 0.004721403 0.01598381 0.006516039 0.004399538 0.01711219 0.006699979 0.004649162 0.02164733 0.006789982 0.004690766 0.01937836 0.006729245 0.004828572 0.01711463 0.006554186 0.003719449 0.01031559 0.006445229 0.003620862 0.01144629 0.006533682 0.003600001 0.01257789 0.006610929 0.003638505 0.0137102 0.006676495 0.003717482 0.01484304 0.00673002 0.003830075 0.01597648 0.006771326 0.003969371 0.01711034 0.006800413 0.004298508 0.01937884 0.006820738 0.006226301 0.01937252 0.005907118 0.006222844 0.02042734 0.006004869 0.006183922 0.01937425 0.005947113 0.005835235 0.01937562 0.006204009 0.005465686 0.01937675 0.006420969 0.006236255 0.01659011 0.00560981 0.006037116 0.01712715 0.005842328 0.005654752 0.0171222 0.006124079 0.005249381 0.01711809 0.00636208 -0.00354743 0.01710945 0.006855905 -0.003913879 0.01937907 0.006871402 -0.004301249 0.01937884 0.00681895 -0.004109025 0.01371586 0.006566107 -0.004075169 0.01258492 0.006499588 -0.003603339 0.01257801 0.006608963 -0.005882978 0.01152402 0.005488932 -0.005925714 0.01040297 0.00542587 -0.005518019 0.01037734 0.005724668 -0.002700984 0.01212012 0.006662607 -0.002702116 0.01257282 0.006692171 -0.003136456 0.01257401 0.006671965 -0.002712666 0.012977 0.006716728 -0.002771258 0.01402235 0.006772816 -0.003179132 0.01370704 0.006736934 -0.006219625 0.02148556 0.006089866 -0.006183922 0.01937425 0.005946457 -0.005835354 0.01937562 0.006202757 -0.006237328 0.009500801 0.005150139 -0.006235003 0.009379744 0.005153179 -0.006206989 0.009046196 0.005181193 -0.006242573 0.01094108 0.005152583 -0.00624305 0.01223766 0.005198121 -0.006241381 0.01359027 0.00530076 -0.006242156 0.0128706 0.005240499 -0.005872488 0.01264411 0.005559325 -0.006027579 0.02163183 0.006235957 -0.005696535 0.02163732 0.006430745 -0.005352795 0.02164173 0.00658828 -0.004651427 0.02164733 0.006788492 -0.004874527 0.02380502 0.006729841 -0.004378855 0.02380985 0.006766617 -0.004017353 0.02184301 0.006844878 -0.00380671 0.02072173 0.006872057 -0.003271222 0.01782155 0.006884217 -0.003599703 0.01962316 0.006886601 -0.002877712 0.01513767 0.00682044 -0.003042697 0.01639789 0.006859362 -0.003152251 0.01710915 0.006874382 -0.002732217 0.01137441 0.006609499 -0.003944516 0.006043136 0.006048977 -0.004214048 0.006930172 0.006104767 -0.004316627 0.006238043 0.006019294 -0.004615545 0.006941199 0.006012201 -0.004647672 0.006455481 0.005962908 -0.005230665 0.006973505 0.00578624 -0.005121171 0.00685966 0.005827665 -0.005015969 0.006957352 0.005877435 -0.004933476 0.006683886 0.005889475 -0.004664361 0.00646764 0.005959272 -0.005695581 0.008128762 0.005571663 -0.005694568 0.007588446 0.005559742 -0.005494475 0.007291316 0.005668282 -0.006045699 0.008346974 0.005319774 -0.005885243 0.007945179 0.005438268 -0.005814433 0.007801771 0.005485594 -0.005298793 0.008103609 0.005803883 -0.006141424 0.00868535 0.005240619 -0.005465388 0.01150125 0.00579524 -0.005086064 0.01035571 0.005977988 -0.004886806 0.008083283 0.005991697 -0.004545748 0.01259487 0.006340384 -0.00592488 0.01488417 0.005707263 -0.005452454 0.01262468 0.0058676 -0.005516827 0.01487213 0.006007075 -0.005007684 0.01260823 0.006129026 -0.005084753 0.01486194 0.006261289 -0.004636049 0.01485359 0.006466925 -0.005023062 0.011482 0.006054878 -0.004563808 0.01146638 0.006264925 -0.004095852 0.01145458 0.006423056 -0.003626704 0.01144647 0.006531715 -0.003162503 0.01144182 0.0065943 -0.004637539 0.01033806 0.006182909 -0.004180729 0.01032483 0.006337225 -0.003722608 0.01031577 0.006443202 -0.003269374 0.01031059 0.006504297 -0.00404638 0.008057415 0.006230235 -0.004467189 0.008067965 0.006133139 -0.006238043 0.01579934 0.00552237 -0.003629982 0.008051395 0.006286263 -0.003436744 0.009180366 0.006401658 -0.005002558 0.02164494 0.006706953 -0.004692733 0.01937836 0.006728172 -0.003972232 0.0171104 0.006798446 -0.003267109 0.01484072 0.006789267 -0.003641605 0.01371026 0.006674528 -0.003720641 0.0148431 0.006728053 -0.004178941 0.01484739 0.006621778 -0.004401624 0.01711219 0.006698787 -0.004829823 0.01711469 0.006553709 -0.005083084 0.01937764 0.00659579 -0.005250215 0.01711809 0.006360948 -0.005466341 0.01937675 0.006420016 -0.005654931 0.0171222 0.006122708 -0.006037116 0.01712721 0.005841672 -0.006225824 0.01947915 0.005917668 -0.002813041 0.01056998 0.006545901 -0.002970933 0.009521126 0.006453156 -0.003296732 0.007761478 0.006272435 -0.003490865 0.006653845 0.006142616 -0.003596901 0.00590229 0.006047308 -0.001699984 0.02300822 0.006803274 -0.001630723 0.02300775 0.006790876 -0.001650989 0.02317774 0.006784856 -0.002499938 0.02399992 0.006566882 -0.002499938 0.02397483 0.006663978 -0.002308309 0.02396684 0.006641685 -0.002292931 0.02397835 0.006568253 -0.002123892 0.02391105 0.00664407 -0.002071142 0.02390331 0.006572008 -0.00195384 0.0238204 0.006647944 -0.001893401 0.02379494 0.006576538 -0.001792848 0.02370709 0.006579816 -0.001804888 0.02369862 0.006652951 -0.001731336 0.02363967 0.00658226 -0.001561701 0.023346 0.006592035 -0.001608312 0.02345257 0.006588578 -0.001591145 0.02338051 0.006665468 -0.00168246 0.02355003 0.006658852 -0.0015347 0.0232613 0.006594896 -0.0015347 0.0231961 0.006672382 -0.001501441 0.02305448 0.006601572 -0.001512289 0.02300286 0.006672561 -0.001499891 0.023 0.00660336 -0.00172466 0.02319729 0.006795167 -0.00170058 0.02334016 0.006777763 -0.001797854 0.0233789 0.006787121 -0.001780748 0.02348947 0.006771147 -0.001888394 0.02362048 0.006765007 -0.00191313 0.02353954 0.00677973 -0.002019405 0.02372777 0.006760001 -0.002058625 0.02366721 0.00677365 -0.002169013 0.02380776 0.006756067 -0.002240896 0.0237624 0.006769061 -0.002331316 0.02385687 0.006753683 -0.002429306 0.02380627 0.006766796 -0.002499938 0.02390563 0.006736755 -0.002499938 0.02380985 0.006766617 -0.001558542 0.02300584 0.006744742 -0.001581311 0.02318978 0.006741285 -0.001635253 0.02336525 0.006734073 -0.001722276 0.02352654 0.006727278 -0.001838803 0.02366805 0.006721079 -0.001980423 0.02378386 0.006715834 -0.00214225 0.02387011 0.0067119 -0.002317667 0.02392309 0.006709516 -0.002499938 0.02394104 0.006708562 -8.85955e-4 0.01654499 0.006862998 -0.001699984 0.02050375 0.006875932 -0.001118183 0.01671522 0.006866693 -0.001201212 0.01679289 0.006868362 -0.001320958 0.01692605 0.006870985 -0.001484096 0.01716786 0.006875336 -0.001603066 0.01743203 0.006879389 -0.001643538 0.01756346 0.006881237 -0.001675367 0.01771014 0.006883025 -0.001699984 0.01799821 0.006885886 9.53511e-4 0.01658827 0.006863892 0.001187682 0.01677948 0.006868064 0.00138098 0.01700502 0.006872475 7.12401e-4 0.01645189 0.006860733 8.4665e-4 0.01652139 0.006862342 4.39966e-4 0.01635313 0.006858289 1.55797e-4 0.0163021 0.006856977 -6.94147e-5 0.01629626 0.006856799 -3.4584e-4 0.01632988 0.006857693 -4.41765e-4 0.01635301 0.006858289 -6.27471e-4 0.01641553 0.006859838 0.001699984 0.02050375 0.006875932 0.001699984 0.01799821 0.006885886 0.001688659 0.01779896 0.006883919 0.001629114 0.01751255 0.006880462 0.001522541 0.01724159 0.006876528 0.001469612 0.01714271 0.006874859 0.002633631 0.005688071 0.006019175 0.00296247 0.005731523 0.006024897 0.003286242 0.005803883 0.006034493 -0.00328052 0.005802333 0.006034255 -0.002958655 0.005730867 0.006024837 -0.002631664 0.005687952 0.006019175 -0.002299964 0.005673587 0.006017208 0.002299964 0.005673587 0.006017208 0.001512289 0.02050161 0.006745219 0.001499891 0.02050048 0.006676018 0.001499891 0.01799988 0.006685853 0.001558542 0.0205028 0.0068174 0.001630723 0.02050358 0.006863594 0.001630723 0.01799833 0.006873548 0.001512289 0.01799941 0.006755173 0.001558542 0.01799875 0.006827354 0.002153873 0.02393811 0.004699945 0.001561701 0.023346 0.004699945 0.004378855 0.02382308 0.006765604 0.004378736 0.02399992 0.006566882 0.004378736 0.0239759 0.006661891 0.004378855 0.02394485 0.006704807 0.004378855 0.02391201 0.006732583 0.004378855 0.02388072 0.006749868 0.004872143 0.02387738 0.006714463 0.004865467 0.02394324 0.006670117 0.004855394 0.02398627 0.006603837 0.004844546 0.02399992 0.006532073 0.006299912 0.02118343 0.005909681 0.006298959 0.0204389 0.005864799 0.006299257 0.01375865 0.005188941 0.006299257 0.01192498 0.00505805 0.006299912 0.01267045 0.005084574 0.006299912 0.01192593 0.005038142 0.006299912 0.01407825 0.00520277 0.006299912 0.01640152 0.005442321 0.006299138 0.01691043 0.00551337 0.006299912 0.01931607 0.005750477 0.006299912 0.0204401 0.005851686 0.006299912 0.01147234 0.00502032 0.006299138 0.009894549 0.005019247 0.006299912 0.01001572 0.005003154 0.006278276 0.009500443 0.005093932 0.006278634 0.009894728 0.005091965 0.006279706 0.01192116 0.00512892 0.006279528 0.01375234 0.005259931 0.00627768 0.01690232 0.005587041 0.006273508 0.02043235 0.00594455 0.006299138 0.009500086 0.005020618 0.006299912 0.009499967 0.005004942 0.006199896 0.02249991 0.004399955 0.006299912 0.02249991 0.004399955 0.006299912 0.01649999 0.004399955 0.005949974 0.01656699 0.004399955 0.005766928 0.01674991 0.004399955 0.006199896 0.01649999 0.004399955 0.005699992 0.0169999 0.004399955 0.005766928 0.02224993 0.004399955 0.005949974 0.02243298 0.004399955 0.005699992 0.02199995 0.004399955 0.006052613 0.008115172 0.005207121 0.006109476 0.008280396 0.005166172 0.006108522 0.008292436 0.005206346 0.006281495 0.009116351 0.00502485 0.006272017 0.009194374 0.005096137 0.006236374 0.008893251 0.00513041 0.006219327 0.008700847 0.005080461 0.006177484 0.00859642 0.0051831 0.00609678 0.008307218 0.005249977 0.005978167 0.007928192 0.005257487 0.005885422 0.007739484 0.005363285 0.005884528 0.007725 0.005316913 0.0057832 0.00753355 0.005377054 0.005581498 0.007224619 0.00553447 0.005668759 0.007343411 0.005439341 0.005128622 0.006671786 0.005661547 0.005199015 0.006743907 0.005638897 0.005202949 0.006759405 0.005694389 0.005342066 0.006902754 0.005587697 0.005578458 0.007208347 0.005484998 0.005056858 0.006601691 0.005683124 0.004749417 0.006349444 0.005823433 0.004746437 0.006335437 0.005759835 0.004496932 0.006168723 0.005870223 0.004416406 0.00610578 0.005815446 0.004231214 0.006008327 0.005901992 0.004073143 0.00591439 0.005846977 0.003951847 0.005868375 0.005917072 0.003730118 0.005764365 0.005851387 0.003653109 0.005761206 0.005943775 0.003665268 0.005740106 0.005849063 0.003643274 0.005783677 0.005979359 0.003937721 0.00590229 0.00598222 0.004218399 0.006041646 0.005966067 0.00448513 0.006201446 0.005932748 0.004738271 0.006381154 0.005883932 0.005192518 0.00678873 0.005750656 0.005570948 0.007250249 0.005586147 0.005874395 0.007760167 0.005410552 0.005546987 0.007282078 0.005629122 0.005167782 0.006827652 0.005795538 0.003598332 0.005898535 0.006046772 0.003629565 0.005816996 0.006012082 0.003914356 0.005955696 0.006029248 0.0041942 0.006092846 0.006012976 0.004460394 0.006249964 0.005979478 0.004713416 0.006426692 0.005930304 0.006251633 0.009198904 0.005132973 0.006215572 0.008901894 0.005167782 0.006156206 0.008609235 0.005221188 0.006074965 0.008324027 0.005288898 0.005851507 0.007784724 0.0054515 0.003598332 0.005898535 0.006046772 0.003304064 0.005740046 0.00601387 0.003320813 0.005683839 0.005968332 0.003332734 0.005647838 0.005904555 0.003338158 0.005636811 0.005836129 0.002639651 0.005622327 0.005998373 0.002299964 0.005585134 0.005982697 0.002645373 0.005564451 0.005952656 0.002299964 0.00554949 0.005950689 0.002649426 0.005527079 0.005889058 0.002299964 0.005522549 0.005911231 0.002651274 0.005515158 0.00582093 0.002299964 0.005499899 0.005818963 0.00297451 0.005666494 0.006004214 0.002985775 0.005609214 0.005958557 0.002993762 0.005572319 0.005894899 0.002997398 0.005560815 0.005826652 -0.002299964 0.005585134 0.005982697 -0.002299964 0.00554949 0.005950689 -0.002299964 0.005522549 0.005911231 -0.002299964 0.005499899 0.005818963 -0.003665149 0.005740106 0.005849063 -0.003332078 0.005635142 0.00583595 -0.003326714 0.005646169 0.005904257 -0.003653109 0.005761206 0.005943775 -0.003314793 0.005682229 0.005968034 -0.003643274 0.005783975 0.005979657 -0.003629744 0.005817115 0.006012082 -0.003298223 0.005738437 0.006013691 -0.003598332 0.005898535 0.006046772 -0.002970576 0.005665779 0.006004095 -0.002981722 0.005608618 0.005958497 -0.002989709 0.005571663 0.00589478 -0.002993345 0.0055601 0.005826592 -0.002637684 0.005622208 0.005998313 -0.002643287 0.005564332 0.005952656 -0.00264734 0.0055269 0.005889058 -0.002649188 0.005514979 0.00582087 -0.006072998 0.00832045 0.005290985 -0.006176233 0.008591651 0.005184531 -0.006235361 0.008888244 0.005131781 -0.00627166 0.009191572 0.005096793 -0.006283462 0.009500384 0.005082607 -0.005846083 0.00777626 0.005455434 -0.005540311 0.007274866 0.005633175 -0.005155444 0.00681746 0.005800664 -0.004697859 0.006416857 0.005934596 -0.004441857 0.006240308 0.005982995 -0.004170656 0.006082475 0.006015717 -0.003886938 0.005946159 0.006030321 -0.003925502 0.005856454 0.005916178 -0.004026651 0.005891859 0.005848646 -0.004734814 0.006337702 0.005825698 -0.004398167 0.006094396 0.00581634 -0.004479229 0.0061571 0.005871832 -0.004208505 0.005995929 0.005902767 -0.005187511 0.006731927 0.005640149 -0.005128622 0.006671786 0.005658984 -0.005191624 0.006747603 0.005697548 -0.005037248 0.006583273 0.005686104 -0.00475353 0.006340861 0.00575608 -0.005320549 0.00687772 0.005593717 -0.005575776 0.007216036 0.005536675 -0.005573034 0.007200539 0.005487561 -0.005880177 0.007716178 0.00532186 -0.005811274 0.007584095 0.005363166 -0.005880892 0.007729887 0.00536555 -0.005668818 0.007343411 0.005440354 -0.005600214 0.007239878 0.005474448 -0.00600332 0.007988452 0.005242526 -0.006107211 0.008288085 0.005206704 -0.006052613 0.008115172 0.005208969 -0.006137013 0.008369803 0.005147457 -0.006188452 0.008579909 0.005141377 -0.006230056 0.008755266 0.005072534 -0.006247699 0.008880138 0.005089819 -0.006283283 0.009135305 0.005023479 -0.006284058 0.009187281 0.005055606 -0.006295979 0.009500205 0.005042016 -0.006299912 0.009499967 0.005004942 -0.00609529 0.008303225 0.005251348 -0.005869626 0.007751107 0.00541383 -0.005565047 0.007242143 0.005589485 -0.005181014 0.006777465 0.005755126 -0.00472337 0.006370127 0.005887687 -0.00446707 0.006190538 0.005935609 -0.004195332 0.006030023 0.005968213 -0.003910899 0.005891144 0.005982697 -0.006284356 0.01118952 0.005093336 -0.006283402 0.01624411 0.005503118 -0.00628072 0.0196138 0.005857706 -0.006278753 0.0213027 0.006003141 -0.006284534 0.01287567 0.005175292 -0.006299912 0.01109927 0.005010843 -0.006299912 0.01222854 0.005054712 -0.006299912 0.01288145 0.005100429 -0.006299912 0.01379132 0.005176663 -0.006299912 0.02271068 0.006004691 -0.006299912 0.02096307 0.00589329 -0.006299912 0.01885211 0.005704998 -0.006299912 0.01618081 0.005418062 -0.006299912 0.01649999 0.004399955 -0.006299912 0.02249991 0.004399955 -0.006199896 0.02249991 0.004399955 -0.005699992 0.0169999 0.004399955 -0.005766928 0.01674991 0.004399955 -0.005949974 0.01656699 0.004399955 -0.005949974 0.02243298 0.004399955 -0.005766928 0.02224993 0.004399955 -0.005699992 0.02199995 0.004399955 -0.006199896 0.01649999 0.004399955 -0.004865527 0.02394318 0.006670117 -0.004378974 0.02397727 0.006659269 -0.004855453 0.02398627 0.006603837 -0.004378974 0.02399992 0.006566882 -0.004844665 0.02399992 0.006532073 -0.004378855 0.02388072 0.006749868 -0.004378855 0.02390563 0.006736755 -0.004872143 0.0238772 0.006714463 -0.004378855 0.02391445 0.006730914 -0.004378855 0.02394485 0.006704807 -0.004378855 0.02382457 0.006765425 -0.001512289 0.02050161 0.006745219 -0.001499891 0.02050048 0.006676018 -0.001512289 0.01799941 0.006755173 -0.001499891 0.01799988 0.006685853 -0.001558542 0.0205028 0.0068174 -0.001558542 0.01799875 0.006827354 -0.001630723 0.02050358 0.006863594 -0.001630723 0.01799833 0.006873548 -0.001561701 0.023346 0.004699945 -0.002153873 0.02393811 0.004699945 0.001618444 0.01756304 0.006878972 0.001448929 0.01715481 0.006872773 0.001185894 0.01680994 0.006866455 8.34557e-4 0.01654249 0.006860554 4.25393e-4 0.01637434 0.00685662 1.13798e-6 0.0163179 0.00685513 -4.35428e-4 0.01637661 0.00685662 -8.45156e-4 0.01654791 0.006860733 -0.001184999 0.0168091 0.006866395 -0.001453042 0.01715928 0.006872892 -0.001621544 0.01756924 0.006879091 -0.001566231 0.01758414 0.006858289 -0.001496732 0.01760321 0.006798446 -0.001458942 0.01761412 0.006731629 -0.001450181 0.01761698 0.006681263 -0.001307249 0.01724576 0.00672549 -0.0012995 0.01725113 0.006674945 -0.001066029 0.01693135 0.006718993 -0.00105983 0.0169385 0.006668329 5.07461e-4 0.01659017 0.006659448 3.80484e-4 0.01655042 0.006658375 3.82606e-4 0.01654112 0.006709218 1.01787e-6 0.01649999 0.006656885 1.02349e-6 0.01649034 0.006707847 -3.89459e-4 0.01655232 0.006658494 -3.91632e-4 0.01654309 0.006709337 -5.07657e-4 0.01658976 0.006659448 -7.60199e-4 0.01669687 0.00671339 -7.55911e-4 0.01670539 0.006662607 -9.56017e-4 0.01684439 0.006666064 -0.001403391 0.01718825 0.006852269 -0.001144409 0.01685017 0.006845951 -8.16151e-4 0.0165981 0.006840527 -4.2046e-4 0.01643276 0.006836473 1.09882e-6 0.01637601 0.006835043 4.1077e-4 0.01643061 0.006836414 8.05916e-4 0.0165928 0.006840348 0.001145303 0.01685094 0.006845951 0.001399457 0.01718384 0.006852269 0.00156337 0.01757812 0.00685817 -0.001340985 0.01722526 0.006792545 -0.001093447 0.0169025 0.006786108 -7.79724e-4 0.01666194 0.006780624 -4.01675e-4 0.01650404 0.00677675 1.0497e-6 0.01644998 0.0067752 3.92418e-4 0.01650208 0.00677669 7.69944e-4 0.01665681 0.006780505 0.001094222 0.01690328 0.006786227 0.00133711 0.01722109 0.006792426 0.001493871 0.01759755 0.006798326 7.50665e-4 0.01669198 0.006713271 0.001066744 0.01693207 0.006718993 0.001303493 0.01724177 0.00672543 0.001456201 0.01760852 0.00673151 7.46433e-4 0.0167005 0.006662428 9.55952e-4 0.01684445 0.006666064 0.001060605 0.01693934 0.006668329 0.001295804 0.01724714 0.006674945 0.001447439 0.0176115 0.006681144 0.006199896 0.02249991 0.004699945 0.006299912 0.02249991 0.004699945 0.005766928 0.02224993 0.004699945 0.005949974 0.02243298 0.004699945 0.006199896 0.01649999 0.004699945 0.005949974 0.01656699 0.004699945 0.005766928 0.01674991 0.004699945 0.006299912 0.01649999 0.004699945 0.002848029 0.005537629 0.004699945 0.003684461 0.005747199 0.004699945 0.00445652 0.006131052 0.004699945 0.005128324 0.006671488 0.004699945 0.005668759 0.007343411 0.004699945 0.006052732 0.00811553 0.004699945 0.006262183 0.008951902 0.004699945 -0.006262183 0.008951902 0.004699945 -0.006052732 0.00811553 0.004699945 -0.005668759 0.007343411 0.004699945 -0.005128324 0.006671488 0.004699945 -0.00445652 0.006131052 0.004699945 -0.003684461 0.005747199 0.004699945 -0.002848029 0.005537629 0.004699945 -0.006299912 0.02249991 0.004699945 -0.006299912 0.01649999 0.004699945 -0.006199896 0.01649999 0.004699945 -0.005766928 0.01674991 0.004699945 -0.005949974 0.01656699 0.004699945 -0.006199896 0.02249991 0.004699945 -0.005949974 0.02243298 0.004699945 -0.005766928 0.02224993 0.004699945 -0.001473367 0.01771891 0.004699945 0.001473367 0.01771891 0.004699945 0.001291096 0.01723641 0.004699945 9.56136e-4 0.01684421 0.004699945 5.08107e-4 0.01658856 0.004699945 -5.08107e-4 0.01658856 0.004699945 0 0.01649999 0.004699945 -9.56136e-4 0.01684421 0.004699945 -0.001291096 0.01723641 0.004699945 0.004999995 4.67294e-4 -0.0020473 0.004999995 0.001071453 -0.002586781 0.004999995 0.001309216 -0.00164175 0.004999995 0.001979887 -0.001979887 0.004999995 0.00189203 -9.11156e-4 0.004999995 0.002586781 -0.001071453 0.004999995 0.002099931 0 0.004999995 0.002799928 0 0.004999995 0.00189203 9.11156e-4 0.004999995 0.002586781 0.001071453 0.004999995 0.001309216 0.00164175 0.004999995 0.001979887 0.001979887 0.004999995 4.67294e-4 0.0020473 0.004999995 0.001071453 0.002586781 0.004999995 -4.67294e-4 0.0020473 0.004999995 0 0.002799928 0.004999995 -0.001071453 0.002586781 0.004999995 -0.001309216 0.00164175 0.004999995 -0.001979887 0.001979887 0.004999995 -0.00189203 9.11156e-4 0.004999995 -0.002586781 0.001071453 0.004999995 -0.002099931 0 0.004999995 -0.002799928 0 0.004999995 -0.00189203 -9.11156e-4 0.004999995 -0.002586781 -0.001071453 0.004999995 -0.001309216 -0.00164175 0.004999995 -0.001979887 -0.001979887 0.004999995 -4.67294e-4 -0.0020473 0.004999995 -0.001071453 -0.002586781 0.004999995 0 -0.002799928 0.004799962 0.002999961 0 0.004799962 0.002771556 -0.001148045 0.004799962 0.00212121 -0.00212121 0.004799962 0.001148045 -0.002771556 0.004799962 0 -0.002999961 0.004799962 -0.001148045 -0.002771556 0.004799962 -0.00212121 -0.00212121 0.004799962 -0.002771556 -0.001148045 0.004799962 -0.002999961 0 0.004799962 -0.002771556 0.001148045 0.004799962 -0.00212121 0.00212121 0.004799962 -0.001148045 0.002771556 0.004799962 0 0.002999961 0.004799962 0.001148045 0.002771556 0.004799962 0.00212121 0.00212121 0.004799962 0.002771556 0.001148045 0.004899919 -0.001985371 2.41073e-4 0.004899919 -0.001801908 8.67768e-4 0.004899919 -0.001645863 0.001136124 0.004899919 -0.001246929 0.001563549 0.004899919 -9.29446e-4 0.001770794 0.004899919 9.29446e-4 0.001770794 0.004899919 -4.45042e-4 0.001949787 0.004899919 0 0.001999974 0.004899919 4.45042e-4 0.001949787 0.004899919 0.001246929 0.001563549 0.004899919 0.001645863 0.001136124 0.004899919 0.001801908 8.67768e-4 0.004899919 0.001985371 2.41073e-4 0.004899919 0.001999974 0 0.004899919 0.001869916 -7.0921e-4 0.004899919 0.001801908 -8.67768e-4 0.004899919 0.001326203 -0.001496911 0.004899919 0.001246929 -0.001563549 0.004899919 4.78631e-4 -0.0019418 0.004899919 4.45042e-4 -0.001949787 0.004899919 -4.45042e-4 -0.001949787 0.004899919 -4.78631e-4 -0.0019418 0.004899919 -0.001246929 -0.001563549 0.004899919 -0.001326203 -0.001496911 0.004899919 -0.001801908 -8.67768e-4 0.004899919 -0.001869916 -7.0921e-4 0.004899919 -0.001999974 0 -0.004899919 -0.001985371 2.41073e-4 -0.004999995 -0.002084672 2.53127e-4 -0.004899919 -0.001869916 7.0921e-4 -0.004999995 -0.001963496 7.4467e-4 -0.004899919 -0.001645863 0.001136124 -0.004999995 -0.001728177 0.001192927 -0.004899919 -0.001326203 0.001496911 -0.004999995 -0.001392543 0.001571834 -0.004899919 -9.29446e-4 0.001770794 -0.004999995 -9.75919e-4 0.001859366 -0.004899919 -4.78631e-4 0.0019418 -0.004999995 -5.02563e-4 0.002038896 -0.004899919 0 0.001999974 -0.004999995 0 0.002099931 -0.004899919 4.78631e-4 0.0019418 -0.004999995 5.02563e-4 0.002038896 -0.004899919 9.29446e-4 0.001770794 -0.004999995 9.75919e-4 0.001859366 -0.004899919 0.001326203 0.001496911 -0.004999995 0.001392543 0.001571834 -0.004899919 0.001645863 0.001136124 -0.004999995 0.001728177 0.001192927 -0.004899919 0.001869916 7.0921e-4 -0.004999995 0.001963496 7.4467e-4 -0.004899919 0.001985371 2.41073e-4 -0.004999995 0.002099931 0 -0.004899919 0.001999974 0 -0.004899919 0.001869916 -7.0921e-4 -0.004999995 0.001963496 -7.4467e-4 -0.004899919 0.001645863 -0.001136124 -0.004999995 0.001728177 -0.001192927 -0.004899919 0.001326203 -0.001496911 -0.004999995 0.001392543 -0.001571834 -0.004899919 9.29446e-4 -0.001770794 -0.004999995 9.75919e-4 -0.001859366 -0.004899919 4.78631e-4 -0.0019418 -0.004999995 5.02563e-4 -0.002038896 -0.004899919 0 -0.001999974 -0.004999995 0 -0.002099931 -0.004899919 -4.78631e-4 -0.0019418 -0.004999995 -5.02563e-4 -0.002038896 -0.004899919 -9.29446e-4 -0.001770794 -0.004999995 -9.75919e-4 -0.001859366 -0.004899919 -0.001326203 -0.001496911 -0.004999995 -0.001392543 -0.001571834 -0.004899919 -0.001645863 -0.001136124 -0.004999995 -0.001728177 -0.001192927 -0.004899919 -0.001869916 -7.0921e-4 -0.004999995 -0.001963496 -7.4467e-4 -0.004899919 -0.001985371 -2.41073e-4 -0.004999995 -0.002084672 -2.53127e-4 -0.004999995 -0.002099931 0 -5e-4 0.006133913 5e-4 0 0.005999982 5e-4 5e-4 0.006133913 5e-4 5e-4 0.007866024 5e-4 0 0.007999956 5e-4 -5e-4 0.007866024 5e-4 8.66025e-4 0.006499946 5e-4 9.99987e-4 0.006999969 5e-4 8.66025e-4 0.007499933 5e-4 -8.66025e-4 0.007499933 5e-4 -9.99987e-4 0.006999969 5e-4 -8.66025e-4 0.006499946 5e-4 0.004499912 0 0.002999961 0.004499912 0.001148045 0.002771556 0.004499912 0.00212121 0.00212121 0.004499912 0.002771556 0.001148045 0.004499912 0.002999961 0 0.004499912 0.002771556 -0.001148045 0.004499912 0.00212121 -0.00212121 0.004499912 0.001148045 -0.002771556 0.004499912 0 -0.002999961 0.004499912 -0.001148045 -0.002771556 0.004499912 -0.00212121 -0.00212121 0.004499912 -0.002771556 -0.001148045 0.004499912 -0.002999961 0 0.004499912 -0.002771556 0.001148045 0.004499912 -0.00212121 0.00212121 0.004499912 -0.001148045 0.002771556 0.003499925 0.00547719 -0.001999974 0.004499912 0.00547719 -9.99987e-4 0.003499925 0.005105257 -0.002046823 0.004499912 0.004857361 -0.00107795 0.003499925 0.004756629 -0.002184391 0.004499912 0.004276216 -0.001307249 0.003499925 0.004452884 -0.002404034 0.004499912 0.003770053 -0.00167346 0.003499925 0.004213154 -0.002692282 0.004499912 0.003370583 -0.002153754 -0.004999995 -0.001979887 0.001979887 -0.004999995 -0.001071453 0.002586781 -0.004999995 0.001979887 -0.001979887 -0.004999995 0.001071453 -0.002586781 -0.004999995 0.001071453 0.002586781 -0.004999995 0.001979887 0.001979887 -0.004999995 0.002586781 -0.001071453 -0.004999995 0.002799928 0 -0.004999995 0.002586781 0.001071453 -0.004999995 0 0.002799928 -0.004999995 -0.001071453 -0.002586781 -0.004999995 -0.001979887 -0.001979887 -0.004999995 0 -0.002799928 -0.004999995 -0.002586781 0.001071453 -0.004999995 -0.002799928 0 -0.004999995 -0.002586781 -0.001071453 0.003499925 -9.92293e-4 0.004900515 0.004499912 -7.93835e-4 0.003920376 0.003499925 0.003517091 0.005706489 0.004499912 0.004062116 0.004778385 0.003529191 0.00380975 0.005721867 0.006099939 0.02079999 0.002499938 0.006099939 0.02079999 5e-4 0.006099939 0.01819998 0.002499938 0.006099939 0.01819998 5e-4 0.005274057 0.02883094 -0.004224002 0.005467057 0.02830177 -0.003956973 0.005580902 0.02837127 -0.003694117 0.005548298 0.02790993 -0.003825426 0.005646049 0.02794218 -0.003584623 0.005580306 0.02750366 -0.003771126 0.005669355 0.02750194 -0.003542244 0.005194067 0.02899473 -0.004319787 0.005336165 0.02918058 -0.00402832 0.005349934 0.02933776 -0.003687322 0.005607068 0.02845937 -0.003417432 0.005676031 0.0279873 -0.0033288 0.005699992 0.02749997 -0.003296971 0.001999974 9.29446e-4 0.001770794 0.001999974 0 0.001999974 0.001999974 0.001645863 0.001136124 0.001999974 0.001985371 2.41073e-4 0.001999974 0.001999974 0 0.001999974 0.001869916 -7.0921e-4 0.001999974 0.001326203 -0.001496911 0.001999974 4.78631e-4 -0.0019418 0.001999974 -4.78631e-4 -0.0019418 0.001999974 -0.001326203 -0.001496911 0.001999974 -0.001869916 -7.0921e-4 0.001999974 -0.001645863 0.001136124 0.001999974 -0.001985371 2.41073e-4 0.001999974 -0.001999974 0 0.001999974 -9.29446e-4 0.001770794 -0.001999974 9.29446e-4 0.001770794 -0.001999974 0 0.001999974 -0.001999974 0.001645863 0.001136124 -0.001999974 0.001985371 2.41073e-4 -0.001999974 0.001999974 0 -0.001999974 0.001869916 -7.0921e-4 -0.001999974 0.001326203 -0.001496911 -0.001999974 4.78631e-4 -0.0019418 -0.001999974 -4.78631e-4 -0.0019418 -0.001999974 -0.001326203 -0.001496911 -0.001999974 -0.001869916 -7.0921e-4 -0.001999974 -0.001999974 0 -0.001999974 -0.001985371 2.41073e-4 -0.001999974 -0.001645863 0.001136124 -0.001999974 -9.29446e-4 0.001770794 9.99987e-4 0.006999969 0.003299891 8.66025e-4 0.007499933 0.003299891 5e-4 0.007866024 0.003299891 0 0.007999956 0.003299891 -5e-4 0.007866024 0.003299891 -8.66025e-4 0.007499933 0.003299891 -9.99987e-4 0.006999969 0.003299891 -8.66025e-4 0.006499946 0.003299891 -5e-4 0.006133913 0.003299891 0 0.005999982 0.003299891 5e-4 0.006133913 0.003299891 8.66025e-4 0.006499946 0.003299891 0.002782762 0.005529165 0.005952358 0.002976596 0.005478024 0.005990982 0.002964973 0.00555557 0.005955994 0.003626406 0.005643427 0.006013154 0.003602325 0.005717933 0.005978167 0.002299964 0.005499899 0.005948305 0.002299964 0.0054214 0.005983293 0.002791643 0.005451202 0.005987346 0.006899893 0.0316171 0.001231253 0.006899893 0.03139996 0 0.006799936 0.03151488 3.22939e-4 0.006799936 0.03171104 0.00119704 0.006799936 0.03186684 0.001560032 0.006899893 0.03224217 0.002314031 0.006799936 0.03231883 0.002249658 0.006799936 0.032642 0.002586424 0.006899893 0.0331999 0.00311768 0.006799936 0.03324997 0.003031075 0.006799936 0.03373563 0.003263652 0.006899893 0.03437483 0.003545284 0.006799936 0.0362643 0.003263652 0.006899893 0.0367999 0.00311768 0.006899893 0.0356251 0.003545284 0.006799936 0.03439211 0.003446817 0.006799936 0.0349999 0.003499925 0.006799936 0.03560775 0.003446817 0.006799936 0.03813302 0.001560032 0.006899893 0.03838282 0.001231253 0.006899893 0.03775775 0.002314031 0.006799936 0.03674989 0.003031075 0.006799936 0.03735786 0.002586424 0.006799936 0.0376811 0.002249658 0.006799936 0.03828889 0.00119704 0.006799936 0.03848505 3.22939e-4 0.006899893 0.0385999 0 0.006799936 0.03849995 0 0.006899893 0.03838282 -0.001231253 0.006799936 0.03836631 -9.5782e-4 0.006799936 0.03828889 -0.00119704 0.006899893 0.03775775 -0.002314031 0.006799936 0.03779304 -0.00210911 0.006799936 0.0376811 -0.002249658 0.006899893 0.0367999 -0.00311768 0.006799936 0.0368424 -0.002975702 0.006799936 0.03674989 -0.003031075 0.006899893 0.0356251 -0.003545284 0.006799936 0.0356431 -0.00344038 0.006799936 0.03560775 -0.003446817 0.006899893 0.03437483 -0.003545284 0.006799936 0.03439211 -0.003446817 0.006799936 0.03435683 -0.00344038 0.006899893 0.0331999 -0.00311768 0.006799936 0.03324997 -0.003031075 0.006799936 0.0331574 -0.002975702 0.006899893 0.03224217 -0.002314031 0.006799936 0.03231883 -0.002249658 0.006799936 0.03220689 -0.00210911 0.006899893 0.0316171 -0.001231253 0.006799936 0.03171104 -0.00119704 0.006799936 0.03163355 -9.5782e-4 0.006799936 0.03149998 0 0.005208015 0.02974832 0.006133258 0.005300462 0.02979326 0.006289422 0.005048394 0.03048092 0.00605154 0.005200028 0.0301916 0.006244719 0.00504148 0.03053265 0.006045639 0.004499912 0.004431128 0.005277693 0.004499912 0.004400253 0.005601048 0.004448175 0.004386723 0.005651295 0.003532767 0.003844559 0.005726099 0.004499912 0.004209578 0.004836142 0.0036062 0.004013895 0.005740225 0.004499912 0.004357278 0.005007386 0.003797054 0.004200518 0.005750954 0.004080951 0.004324257 0.005728006 0.004499912 0.004731476 0.004364967 0.005661368 0.004505932 0.005206525 0.005596399 0.004496276 0.005242586 0.006456077 0.004731178 0.004364967 0.006342113 0.004637062 0.004717171 0.006062746 0.004575908 0.004945397 0.005158901 0.004441738 0.005446076 0.004697859 0.004401743 0.005595386 0.004499912 -0.002452135 -0.003160119 0.004499912 -0.001371741 -0.003757417 0.004499912 -1.60577e-4 -0.00399667 0.004499912 -0.001229584 0.003806293 0.004499912 -0.002331793 0.003249943 0.004499912 -0.003211796 0.002384126 0.004499912 -0.003785789 0.001291096 0.004499912 -0.003999233 7.51352e-5 0.004499912 -0.003831624 -0.001147985 0.004499912 -0.003299057 -0.002261817 0.004499912 0.005141437 0.003464818 0.004499912 0.00106585 -0.003855288 0.004499912 0.002190709 -0.003346621 0.004499912 0.003107011 -0.00251919 0.004499912 0.006199896 -5e-4 0.004499912 0.006199896 0 0.004499912 0.006090939 0.001157343 0.004499912 0.005697846 0.002444148 0.004499912 0.006504118 -0.001405119 0.004499912 0.0062927 -0.00101912 0.004499912 0.006319642 -0.001200616 0.004499912 0.006229937 -0.001127839 0.004499912 0.005891263 -9.99987e-4 0.004499912 0.006087124 -0.001048028 0.006634891 0.004905462 0.00387746 0.006848335 0.005139589 0.003464519 0.005199909 0.03593969 0.005419075 0.004999995 0.03590548 0.005222022 0.004999995 0.03117555 0.005925953 0.004999995 0.03116589 0.005927205 0.004999995 0.0362643 0.003263652 0.004999995 0.0349999 0.003499925 0.004999995 0.03735786 0.002586424 0.004999995 0.03813302 0.001560032 0.004999995 0.03848505 3.22939e-4 0.004999995 0.03849995 0 0.004999995 0.03836631 -9.5782e-4 0.004999995 0.03779304 -0.00210911 0.004999995 0.0368424 -0.002975702 0.004999995 0.0356431 -0.00344038 0.004999995 0.03435683 -0.00344038 0.004999995 0.0331574 -0.002975702 0.004999995 0.03220689 -0.00210911 0.004999995 0.03163355 -9.5782e-4 0.004999995 0.03186684 0.001560032 0.004999995 0.03151488 3.22939e-4 0.004999995 0.03149998 0 0.004999995 0.032642 0.002586424 0.004999995 0.03373563 0.003263652 -0.004799962 -0.002999961 0 -0.004799962 -0.002771556 -0.001148045 -0.004799962 -0.00212121 -0.00212121 -0.004799962 -0.001148045 -0.002771556 -0.004799962 0 -0.002999961 -0.004799962 0.001148045 -0.002771556 -0.004799962 0.00212121 -0.00212121 -0.004799962 0.002771556 -0.001148045 -0.004799962 0.002999961 0 -0.004799962 0.002771556 0.001148045 -0.004799962 0.00212121 0.00212121 -0.004799962 0.001148045 0.002771556 -0.004799962 0 0.002999961 -0.004799962 -0.001148045 0.002771556 -0.004799962 -0.00212121 0.00212121 -0.004799962 -0.002771556 0.001148045 -0.003700315 0.004212737 0.005811989 -0.003550112 0.004032731 0.005785167 -0.003699958 0.004338741 0.005830526 -0.001999974 0.003999948 0.00578022 -0.00349009 0.00380969 0.00575155 -0.003489255 0.003794074 0.005749166 -0.001999974 0.002336144 0.005516052 -0.002976477 0.005477905 0.005990982 -0.003626406 0.005643427 0.006013154 -0.003699183 0.004427433 0.00584352 0.001999974 0.003999948 0.00578022 -0.002299964 0.0054214 0.005983293 0.00349462 0.003547549 0.005711436 0.003460586 0.003835082 0.005754888 0.003525078 0.004039824 0.00578624 0.003700256 0.004234552 0.005815207 0.003699958 0.004338741 0.005830526 0.003637731 0.005531013 0.005998194 0.001999974 0.002336144 0.005516052 0.001999974 -9.92293e-4 0.004900515 -0.003499925 0.003631055 0.005724132 -0.003499925 -9.92293e-4 0.004900515 -0.001999974 -9.92293e-4 0.004900515 0.0059973 0.01756751 0.002499938 0.0059973 0.01756751 5e-4 0.005699992 0.0169999 0.002499938 0.005699992 0.0169999 5e-4 0.0059973 0.02143239 5e-4 0.005699992 0.02199995 5e-4 0.0059973 0.02143239 0.002499938 0.005699992 0.02199995 0.002499938 0.006048679 0.02365875 0.006237924 0.005823612 0.02385193 0.0063802 0.005699992 0.02391648 0.006276965 0.005699992 0.02391648 0.003299891 0.005899906 0.02379995 0.003499925 0.006002247 0.02371186 0.003499925 0.006233274 0.02335888 0.003499925 0.00621736 0.02339076 0.006105244 0.006299912 0.023 0.006020486 0.006292045 0.02311611 0.006032407 0.005699992 0.02749997 0.006227374 0.005696356 0.02768945 0.006219387 0.005675733 0.02799129 0.006209731 0.00561136 0.02843689 0.006199777 0.005349934 0.02933776 0.006168901 0.003499925 0.003883779 -0.003148913 0.003499925 0.002738416 -0.004183292 0.003499925 0.001332283 -0.004819214 0.003499925 -2.00722e-4 -0.004995942 0.003499925 -0.001714587 -0.004696786 0.003499925 -0.003065288 -0.003950119 0.003499925 -0.004123866 -0.002827227 0.003499925 -0.004789531 -0.001434922 0.003499925 -0.004999101 9.3919e-5 0.003499925 -0.004732251 0.001613855 0.003499925 -0.00401473 0.002980113 0.003499925 -0.002914667 0.004062533 0.003499925 -0.001536965 0.004757881 0.001999974 -0.004123866 -0.002827227 0.001999974 -0.004789531 -0.001434922 0.001999974 -0.004999101 9.3919e-5 0.001999974 -0.004732251 0.001613855 0.001999974 -0.00401473 0.002980113 0.001999974 -2.00722e-4 -0.004995942 0.001999974 -0.001714587 -0.004696786 0.001999974 -0.003065288 -0.003950119 0.001999974 -0.002914667 0.004062533 0.001999974 -0.001536965 0.004757881 0.001999974 0.003999948 -0.002999961 0.001999974 0.003883779 -0.003148913 0.001999974 0.002738416 -0.004183292 0.001999974 0.001332283 -0.004819214 -0.001999974 0.003999948 -0.002999961 -0.001999974 -2.00722e-4 -0.004995942 -0.001999974 0.001332283 -0.004819214 -0.001999974 -0.004123866 -0.002827227 -0.001999974 -0.003065288 -0.003950119 -0.001999974 -0.001714587 -0.004696786 -0.001999974 -0.001536965 0.004757881 -0.001999974 -0.002914667 0.004062533 -0.001999974 -0.00401473 0.002980113 -0.001999974 -0.004732251 0.001613855 -0.001999974 -0.004999101 9.3919e-5 -0.001999974 -0.004789531 -0.001434922 -0.001999974 0.002738416 -0.004183292 -0.001999974 0.003883779 -0.003148913 0.003499925 0.006948769 -0.001999974 0.003692269 0.006585717 -0.00180763 0.004307091 0.005995213 -0.001192808 0.003968179 0.006257355 -0.00153172 0.005899906 0.0115 0.003499925 0.005699992 0.0115 0.003299891 0.006300449 0.0204178 0.005829334 0.00629878 0.01151657 0.004979193 0.006299853 0.009601056 0.004963994 0.006299912 0.009499967 0.004965007 0.006299257 0.01221317 0.005007982 0.006299734 0.01308292 0.005067527 0.006299912 0.01611924 0.005371034 6e-4 0.005960762 0.003499925 0.001039147 0.006399989 0.003499925 0.001199901 0.006999969 0.003499925 0.001039147 0.00759989 0.003499925 6e-4 0.008039176 0.003499925 0 0.008199989 0.003499925 -6e-4 0.008039176 0.003499925 -0.001039147 0.00759989 0.003499925 -0.001199901 0.006999969 0.003499925 -0.001039147 0.006399989 0.003499925 -6e-4 0.005960762 0.003499925 0 0.005799949 0.003499925 0.003355443 0.005641758 0.003499925 0.004365324 0.006075501 0.005941808 0.004599988 0.006227374 0.003499925 0.004200041 0.005980253 0.005962491 0.003701508 0.005753517 0.005981624 0.006267607 0.008987188 0.005005121 0.006158173 0.008444488 0.003499925 0.006263256 0.008953154 0.005010128 0.006129801 0.008345544 0.005141079 0.006079614 0.00819087 0.005185723 0.005572557 0.007199943 0.003499925 0.005892515 0.007741153 0.005335152 0.004600286 0.006228089 0.005900502 0.004702985 0.006302297 0.005877733 0.005056977 0.006603062 0.005772769 0.005151927 0.006695449 0.005738139 0.005563259 0.00718683 0.005546033 0.005572557 0.007199943 0.005540788 -0.002299964 0.005499899 0.005948305 -0.006099939 0.02079999 5e-4 -0.006099939 0.02079999 0.002499938 -0.006099939 0.01819998 5e-4 -0.006099939 0.01819998 0.002499938 0.00490427 0.03223991 -0.004390776 0.004845201 0.03189271 -0.004477918 0.004962027 0.03188067 -0.004216492 0.004428923 0.0319097 -0.004846394 0.004658997 0.03190279 -0.004695475 0.004783332 0.03220933 -0.004582643 0.004999995 0.03253459 -0.004017293 0.004999995 0.03273242 -0.004080057 0.004988193 0.03268039 -0.004222333 0.004999876 0.0318681 -0.003944218 0.004999995 0.03202748 -0.003942668 0.004633665 0.03219527 -0.004734754 0.004887998 0.03257441 -0.004511654 0.004847884 0.03264111 -0.004614174 0.00496155 0.03306257 -0.004547238 0.00498569 0.03304696 -0.004415631 0.004999995 0.03349989 -0.004509091 0.004999995 0.0329855 -0.00418961 0.004950821 0.03262597 -0.004370748 0.005155444 0.02993845 -0.003898859 0.005043387 0.03051823 -0.00396806 0.004999995 0.03117555 -0.003967881 0.005292356 0.02949059 -0.003760397 0.005199909 0.03688359 -0.005167365 0.004999995 0.03681504 -0.004979372 0.004999995 0.03757238 -0.004633784 0.005199909 0.03766942 -0.004808664 0.004999995 0.03878349 -0.003711462 0.005199909 0.03892624 -0.003851473 0.004999995 0.03968238 -0.002482831 0.005199909 0.03985905 -0.00257647 0.004999995 0.04019498 -0.00104928 0.005199909 0.04039102 -0.001088917 0.004999995 0.04027903 4.70682e-4 0.005199909 0.04047816 4.88443e-4 0.004999995 0.03992748 0.001951873 0.005199909 0.04011332 0.002025485 0.004999995 0.03916931 0.003271996 0.005199909 0.0393266 0.003395438 0.004999995 0.03806722 0.004322171 0.005199909 0.03818297 0.004485309 0.004999995 0.03671199 0.00501585 0.005199909 0.0367766 0.005205035 0.006899893 0.03929996 0 0.006899893 0.03916835 0.001055479 0.006899893 0.03859972 0.00235182 0.006899893 0.03764104 0.003393292 0.006899893 0.0363962 0.004066944 0.006899893 0.03071469 -3.55091e-4 0.006899893 0.03106212 -0.001727283 0.006899893 0.03183639 -0.002912223 0.006899893 0.03295338 -0.003781676 0.006899893 0.03429222 -0.004241347 0.006899893 0.03570771 -0.004241347 0.006899893 0.03704655 -0.003781676 0.006899893 0.0381636 -0.002912223 0.006899893 0.03893774 -0.001727283 0.006899893 0.0392853 -3.55091e-4 0.006899893 0.0349999 0.004299998 0.006899893 0.03360372 0.004066944 0.006899893 0.03235888 0.003393292 0.006899893 0.03140014 0.00235182 0.006899893 0.03083157 0.001055479 0.006899893 0.0306999 0 0.007699966 0.03278172 0.003799796 0.00759989 0.03283208 0.003713548 0.007560849 0.03351217 0.00403434 0.007672548 0.03334271 0.004086792 0.00755161 0.03360384 0.004066944 0.007607758 0.03396129 0.004294157 0.007479131 0.03423631 0.004231572 0.007576823 0.0342254 0.004353642 0.007529079 0.03464949 0.004416048 0.007404029 0.03498083 0.004299879 0.007496953 0.03498733 0.004436731 0.007373273 0.03573465 0.004236698 0.007461369 0.0357598 0.004381895 0.007472217 0.03535044 0.004429697 0.005506992 0.03177267 0.00605154 0.005650043 0.03387427 0.005755007 0.005699992 0.03593975 0.005419135 0.005452752 0.02938818 0.006324768 0.005743682 0.02846521 0.006351888 0.005816519 0.02800917 0.006360054 0.005840837 0.02770054 0.006368756 0.005845904 0.0275067 0.006376266 0.00586611 0.02392137 0.006417751 0.006395757 0.02299851 0.006048083 0.006184697 0.02363461 0.006228446 0.006347537 0.02331417 0.006101191 0.006397426 0.02027529 0.005846858 0.006399095 0.01656299 0.005446076 0.006399333 0.01604586 0.005387306 0.00639981 0.01338452 0.005116641 0.006399869 0.01221185 0.005028605 0.00639981 0.0114122 0.004994571 0.006399214 0.009500205 0.004989445 0.00636059 0.008947849 0.005034804 0.006241679 0.008387923 0.005151331 0.006171703 0.008167088 0.005213022 0.006037235 0.007829368 0.005321145 0.00574398 0.007292687 0.005518019 0.005720376 0.007256925 0.005531847 0.005305469 0.006731927 0.005736172 0.00512135 0.006547391 0.005805969 0.004819095 0.00628978 0.005896568 0.003763258 0.005693316 0.006017327 0.004276514 0.005932748 0.005993664 0.004410088 0.006009817 0.005977094 0.004467368 0.004469454 0.005774319 0.004378855 0.004463136 0.005789875 0.003993809 0.004384756 0.005826354 0.005110204 0.004516959 0.005596578 0.005196392 0.004525721 0.005563855 0.005644977 0.004581212 0.00535506 0.005711615 0.004591107 0.005318105 0.00628978 0.004696547 0.004919528 0.00587964 0.00461775 0.005217373 0.005734205 0.004594445 0.00530523 0.006489992 0.004743576 0.004742026 0.006917655 0.005099475 0.00429064 0.007049739 0.005224764 0.004112184 0.00724256 0.005425751 0.003799796 0.007422626 0.005641758 0.003419876 0.00696814 0.00527662 0.003247976 0.007483959 0.005724847 0.003257632 0.007095277 0.005449414 0.002949357 0.007624328 0.005956292 0.002744615 0.007201552 0.005631864 0.002587199 0.007230043 0.005694746 0.002447128 0.007695674 0.006167531 0.002159357 0.00728029 0.005909085 0.001876771 0.007699966 0.006222367 0.001976132 0.00728029 0.006199896 0 0.00728029 0.006090939 0.001157343 0.004999995 0.0345 -0.005751073 0.004999995 0.0345 -0.005699992 0.004999995 0.03508538 -0.005582511 0.004999995 0.0351122 -0.005575895 0.004999995 0.03349989 -0.005499899 0.004999995 0.03369992 -0.005499899 0.004999995 0.03408843 -0.005643725 0.002499938 0.03099989 -0.005395472 0.002499938 0.03099989 -0.005499899 -0.002499938 0.03099989 -0.005395472 -0.002499938 0.03099989 -0.005499899 0.004707694 0.03330349 -0.005499899 0.004911005 0.03399103 -0.005699992 0.003499925 0.03299999 -0.005699992 0.003499925 0.03279989 -0.005499899 0.004022121 0.03309381 -0.005699992 0.00409168 0.03290629 -0.005499899 0.004555583 0.03343433 -0.005699992 0.004565536 0.03344434 -0.005699992 -0.004499912 0 -0.002999961 -0.004499912 0.001148045 -0.002771556 -0.004499912 0.00212121 -0.00212121 -0.004499912 0.002771556 -0.001148045 -0.004499912 0.002999961 0 -0.004499912 0.002771556 0.001148045 -0.004499912 0.00212121 0.00212121 -0.004499912 0.001148045 0.002771556 -0.004499912 0 0.002999961 -0.004499912 -0.001148045 0.002771556 -0.004499912 -0.00212121 0.00212121 -0.004499912 -0.002771556 0.001148045 -0.004499912 -0.002999961 0 -0.004499912 -0.002771556 -0.001148045 -0.004499912 -0.00212121 -0.00212121 -0.004499912 -0.001148045 -0.002771556 -0.003499925 0.004213154 -0.002692282 -0.004499912 0.003370583 -0.002153754 -0.003499925 0.004452884 -0.002404034 -0.004499912 0.003770053 -0.00167346 -0.003499925 0.004756629 -0.002184391 -0.004499912 0.004276216 -0.001307249 -0.003499925 0.005105257 -0.002046823 -0.004499912 0.004857361 -0.00107795 -0.003499925 0.00547719 -0.001999974 -0.004499912 0.00547719 -9.99987e-4 -0.00353384 0.003810942 0.005717456 -0.004499912 0.004062116 0.004778385 -0.004499912 -7.93834e-4 0.003920376 -0.003499925 -0.001536965 0.004757881 -0.003499925 -0.004789531 -0.001434922 -0.004499912 -0.003299057 -0.002261817 -0.003499925 -0.004123866 -0.002827227 -0.004499912 -0.002452135 -0.003160119 -0.003499925 -0.003065288 -0.003950119 -0.004499912 -0.001371741 -0.003757417 -0.003499925 -0.001714587 -0.004696786 -0.004499912 -1.60577e-4 -0.00399667 -0.003499925 -2.00722e-4 -0.004995942 -0.004499912 0.00106585 -0.003855288 -0.003499925 0.001332283 -0.004819214 -0.004499912 0.002190709 -0.003346621 -0.003499925 0.002738416 -0.004183292 -0.004499912 0.003107011 -0.00251919 -0.003499925 0.003883779 -0.003148913 -0.004499912 -0.001229584 0.003806293 -0.004499912 -0.002331793 0.003249943 -0.003499925 -0.002914667 0.004062533 -0.004499912 -0.003211796 0.002384126 -0.003499925 -0.00401473 0.002980113 -0.004499912 -0.003785789 0.001291096 -0.003499925 -0.004732251 0.001613855 -0.004499912 -0.003999233 7.51352e-5 -0.003499925 -0.004999101 9.3919e-5 -0.004499912 -0.003999948 0 -0.004499912 -0.003831624 -0.001147985 -0.004499912 0.005891263 -9.99987e-4 -0.004113852 0.006130099 -0.001386046 -0.003793299 0.006448507 -0.0017066 -0.003664076 0.00662899 -0.001835823 -0.00356698 0.006800532 -0.001932919 -0.003499925 0.006948769 -0.001999974 0.005699992 0.01434952 -0.004679799 0.005699992 0.01398515 -0.004702687 0.005699992 0.01383429 -0.004016876 0.005699992 0.02548032 -0.003345429 0.005699992 0.01705855 -0.004453957 0.005699992 0.02408272 -0.003453791 0.005699992 0.02247804 -0.003701627 0.005699992 0.0198037 -0.004123449 0.005699992 0.01336675 -0.003156483 0.005699992 0.01264709 -0.002492547 0.005699992 0.01175189 -0.002095699 0.005699992 0.0115 -0.002041876 0.002699971 0.008499979 0.003299891 0.002699971 0.008299946 0.003499925 0.00349158 0.008606314 0.003299891 0.00354439 0.008413374 0.003499925 0.004424989 0.009045541 0.003299891 0.004539906 0.008881866 0.003499925 0.005154371 0.009774982 0.003299891 0.005317986 0.009659945 0.003499925 0.005593657 0.01070833 0.003299891 0.005786538 0.01065558 0.003499925 -0.002699971 0.008299946 0.003499925 -0.002699971 0.008499979 0.003299891 -0.005699992 0.0115 0.003299891 -0.005899906 0.0115 0.003499925 -0.005593657 0.01070833 0.003299891 -0.005786538 0.01065558 0.003499925 -0.005154371 0.009774982 0.003299891 -0.005317986 0.009659945 0.003499925 -0.004424989 0.009045541 0.003299891 -0.004539906 0.008881866 0.003499925 -0.00349158 0.008606314 0.003299891 -0.00354439 0.008413374 0.003499925 0.004095256 0.00630635 -0.001429319 0.00390774 0.00704354 -0.001848638 0.004148185 0.00676012 -0.001669049 0.0039168 0.006843984 -0.001749277 0.004282474 0.006506443 -0.001441001 0.003546535 0.007312655 -0.001999974 0.003707051 0.007699966 -0.001999974 0.003707647 0.007665038 -0.001999557 0.00378412 0.007286489 -0.0019418 0.003686726 0.007257819 -0.001944184 0.003757238 0.007365345 -0.001962125 0.00418061 0.00641489 -0.001419544 0.003818631 0.006777942 -0.001755297 0.003590703 0.007223725 -0.00196743 0.00728029 0.006199896 -5e-4 -0.003355443 0.005641758 0.003499925 -0.005572557 0.007199943 0.003499925 -0.006158173 0.008444488 0.003499925 -0.006002247 0.02371186 0.003499925 -0.006233274 0.02335888 0.003499925 -0.004599988 0.006227374 0.003499925 -0.005899906 0.02379995 0.003499925 -0.002964258 0.005555391 0.005955994 -0.003602266 0.005717933 0.005978107 -0.0059973 0.02143239 0.002499938 -0.0059973 0.02143239 5e-4 -0.005699992 0.02199995 0.002499938 -0.005699992 0.02199995 5e-4 -0.005699992 0.0169999 5e-4 -0.0059973 0.01756751 5e-4 -0.0059973 0.01756751 0.002499938 -0.005699992 0.0169999 0.002499938 -0.005699992 0.02391648 0.003299891 -0.005699992 0.02391648 0.006276965 -0.005823493 0.02385199 0.0063802 -0.005902886 0.02379637 0.006333827 -0.005999982 0.0237112 0.006271719 -0.006127536 0.02355623 0.006179451 -0.006260991 0.02327072 0.006065845 -0.006299912 0.023 0.006020367 0.005698323 0.01399028 -0.004758656 0.005609035 0.01736122 -0.004841506 0.005609035 0.01402646 -0.005117595 0.005625963 0.01402181 -0.005078554 0.005609035 0.02077537 -0.004403114 0.005609035 0.0224747 -0.004125297 0.00560683 0.02413946 -0.003871679 0.005596876 0.02581143 -0.003773391 0.004267752 0.0317322 -0.005499899 0.004267573 0.03173208 -0.004930377 0.004377007 0.03184866 -0.00487411 0.00484544 0.03263461 -0.005499899 0.003365278 0.03115451 -0.005499899 0.003568708 0.03123992 -0.005225718 0.003976285 0.03148233 -0.005067646 0.002671301 0.03100579 -0.005393803 0.002867877 0.03102713 -0.005380928 0.00310868 0.03107517 -0.005346775 0.004521429 0.03120177 -0.004820704 0.004717171 0.03119701 -0.004664242 0.004872143 0.03119063 -0.004456758 0.004968523 0.03118324 -0.004216432 0.00514847 0.02966344 -0.004242122 0.005032837 0.02932995 -0.004488885 0.004642426 0.03048366 -0.004765868 0.004837632 0.02982801 -0.004648983 0.004779577 0.03065878 -0.004626691 0.005005717 0.03017061 -0.004361808 0.004913449 0.0306763 -0.00442779 0.005071938 0.03020179 -0.004153311 0.00499618 0.03068947 -0.004202306 -7.00002e-4 0.01498895 -0.008211791 7.00002e-4 0.01498895 -0.008211791 -7e-4 0.0174703 -0.007997632 7.00042e-4 0.0179122 -0.00795114 -7e-4 0.0185815 -0.007875859 -7e-4 0.02050399 -0.007627069 7.00071e-4 0.02015048 -0.007676482 7.00079e-4 0.02082371 -0.007581055 -7.00241e-4 0.0233975 -0.007161021 6.89054e-4 0.02313083 -0.007208645 -7.38435e-4 0.02443265 -0.006967186 7.30628e-4 0.02434116 -0.006984949 -9.07529e-4 0.02564787 -0.006721138 -0.002503693 0.0307067 -0.005478501 -0.002369523 0.03043711 -0.005553781 0.002212584 0.03005695 -0.005658209 -0.002663493 0.03099268 -0.005397558 -0.002671301 0.03100579 -0.005393803 -0.002212524 0.03005677 -0.005658328 -0.002051115 0.02959758 -0.00578165 -0.001973867 0.02937752 -0.005839705 8.69316e-4 0.02544277 -0.006764113 9.91359e-4 0.02606904 -0.006631255 -0.001219511 0.02699995 -0.00642389 0.001100957 0.02654206 -0.006527364 0.001219511 0.02699995 -0.00642389 0.001338005 0.02742028 -0.006326258 -0.00138849 0.02759104 -0.006285965 0.001698017 0.02856791 -0.006047487 0.001973927 0.02937781 -0.005839586 0.002524912 0.0307458 -0.005467534 0.002663671 0.03099298 -0.005397439 -0.005609035 0.01402646 -0.005117595 -0.005609035 0.01455235 -0.005083858 -0.005695044 0.01399374 -0.004800856 -0.005699992 0.01684612 -0.004475295 -0.005698323 0.01399028 -0.004758656 -0.005699992 0.01398515 -0.004702687 -0.005609035 0.01701408 -0.00487715 -0.005609035 0.01821607 -0.004746556 -0.005699992 0.01969403 -0.004138708 -0.005609035 0.01955974 -0.004577398 -0.005609035 0.02077537 -0.004403114 -0.005609214 0.02246099 -0.004127264 -0.005699992 0.02252697 -0.003693163 -0.005607903 0.02390855 -0.003896832 -0.005699992 0.02404493 -0.003458023 -0.005699992 0.02566385 -0.003336966 -0.005600631 0.02532863 -0.003788471 -0.005596995 0.02581143 -0.003773093 -0.005699992 0.02749997 -0.003296971 -0.005583405 0.02723747 -0.003767967 -0.005669534 0.02750188 -0.003541529 -0.005580306 0.02750366 -0.003771126 -0.005238652 0.02890634 -0.004267394 -0.005194067 0.02899473 -0.004319787 -0.005336344 0.02918112 -0.004027426 -0.005646586 0.02794051 -0.003583312 -0.005675375 0.02799588 -0.003331542 -0.005581796 0.02836745 -0.003691732 -0.005568861 0.02863729 -0.003463149 -0.005349934 0.02933776 -0.003687322 -0.005555868 0.02785772 -0.003813087 -0.005479574 0.02825534 -0.003937721 -0.005475342 0.02827167 -0.003944337 -0.005382359 0.028571 -0.004080832 -0.004995644 0.0306909 -0.004203796 -0.005012512 0.03082036 -0.003974676 -0.005080342 0.03028219 -0.003951251 -0.005199313 0.02977788 -0.003860056 -0.005003929 0.03017318 -0.004364669 -0.004911959 0.03067767 -0.004430413 -0.004938066 0.03118622 -0.004314064 -0.004999697 0.03117626 -0.003992319 -0.004999876 0.03117555 -0.003967881 -0.004773855 0.03119504 -0.004600763 -0.004776537 0.03066003 -0.004630148 -0.004521429 0.03120177 -0.004820704 -0.004577994 0.03079426 -0.004797995 -0.004730403 0.03015846 -0.004716813 -0.004892468 0.03013521 -0.004553437 -0.004749119 0.03009796 -0.004705727 -0.005146861 0.02966523 -0.004245162 -0.004979014 0.02946627 -0.004537284 -0.004760622 0.03006124 -0.004698753 -0.003499925 0.03279989 -0.005499899 -0.003499925 0.03299999 -0.005699992 0.005699992 0.0389263 -0.003851473 0.005699992 0.03818655 -0.004482865 0.005699992 0.03719025 -0.005045056 0.005699992 0.03688365 -0.005167365 0.005699992 0.03626316 0.005353093 0.005699992 0.03972828 -0.002809464 0.005699992 0.03904485 -0.00372684 0.005699992 0.04046082 -6.5531e-4 0.005699992 0.04039102 -0.001088917 0.005699992 0.04020708 -0.001770675 0.005699992 0.03985911 -0.00257647 0.005699992 0.04049998 0 0.005699992 0.04047816 4.88443e-4 0.005699992 0.0402587 0.001610994 0.005699992 0.04011332 0.002025485 0.005699992 0.03915667 0.00360167 0.005699992 0.0393266 0.003395557 0.005699992 0.03981173 0.00266391 0.005699992 0.03734314 0.004975914 0.005699992 0.03818297 0.004485428 0.005699992 0.03832173 0.004383563 0.007373154 0.03844368 0.00257498 0.007461369 0.03836101 0.002912282 0.007372975 0.03797936 0.003099679 0.007364749 0.03892469 -0.001721978 0.007364273 0.03887605 -0.001826763 0.007461369 0.03921037 -0.001431763 0.007373154 0.03656035 -0.004006624 0.007373273 0.03647255 -0.004039943 0.007461369 0.0365231 -0.004178345 0.007371187 0.03704506 -0.003778696 0.007461369 0.03677099 -0.004079461 0.00737071 0.03713351 -0.003728449 0.007461369 0.03757649 -0.003624916 0.007366836 0.03767949 -0.003349423 0.007461369 0.03827065 -0.003013432 0.007363677 0.0381332 -0.00292176 0.007461369 0.03882318 -0.002271771 0.007362604 0.03853225 -0.002420485 0.007363677 0.03815096 -0.002902269 0.00736773 0.03910636 -0.001243889 0.007461369 0.03941547 -5.29886e-4 0.007371366 0.03925442 -6.01489e-4 0.007372856 0.03927129 4.90567e-4 0.007372975 0.03928387 3.67201e-4 0.007461369 0.03942966 3.94951e-4 0.007373273 0.03929996 0 0.007372379 0.03928393 -3.54986e-4 0.00737226 0.03916674 0.001055181 0.007461369 0.03925216 0.001302599 0.0073722 0.03915989 0.001081824 0.007372081 0.03904825 0.001443564 0.007461369 0.03889065 0.002154052 0.007372856 0.03879147 0.002026796 0.007373034 0.03859961 0.002351701 0.007372379 0.03764021 0.003392159 0.007461369 0.03768593 0.003544569 0.007372379 0.03761398 0.003412306 0.007461369 0.03602141 0.004328489 0.007372975 0.03639388 0.004067361 0.007461369 0.03689455 0.004023492 0.00737226 0.0370149 0.003796815 0.0073722 0.03746497 0.003521144 0.00759989 0.03071469 -3.55091e-4 0.00759989 0.03106212 -0.001727283 0.007358074 0.03509235 -0.004298985 0.007365345 0.03570771 -0.004241347 0.007366657 0.03579282 -0.004226148 0.007363677 0.03438854 -0.004256308 0.00736618 0.03429216 -0.004241228 0.007445812 0.03305155 -0.003833234 0.007392764 0.03370308 -0.004099786 0.007580757 0.03183645 -0.002912402 0.007572591 0.03192335 -0.003004014 0.007512032 0.0324546 -0.003465712 0.007455766 0.03295338 -0.003781676 0.00759989 0.03147393 -0.002461016 0.00759989 0.03083157 0.001055479 0.00759989 0.03140014 0.00235182 0.00759989 0.03235888 0.003393292 0.007699966 0.03061503 -3.63349e-4 0.007699966 0.03097057 -0.001767396 0.007699966 0.03139185 -0.002518296 0.007699966 0.03229743 0.003472149 0.007699966 0.03131639 0.002406477 0.007699966 0.03073453 0.001080036 0.007699966 0.03059995 0 0.006634712 0.03590005 0.005190551 0.006427228 0.03591626 0.00528419 0.006398141 0.03394258 0.005602896 0.007093787 0.03584307 0.004861712 0.006943821 0.0358656 0.004991531 0.006769359 0.03391379 0.005414426 0.006902933 0.01411187 0.004532039 0.006892025 0.0121603 0.004386842 0.007357776 0.01222234 0.003481984 0.005740702 0.02999049 0.006230473 0.006922662 0.01020199 0.004319131 0.00438261 0.005044937 0.005868673 0.005826473 0.006113827 0.005403459 0.005078971 0.006064534 0.005784094 0.006980419 0.008235633 0.004287958 0.006396234 0.008157551 0.005004644 0.006493568 0.006183147 0.004867315 0.006520092 0.01999384 0.005703151 0.00693798 0.01606488 0.004705965 0.006737709 0.02395969 0.005795598 0.006205499 0.02398186 0.006226122 0.006501138 0.02796393 0.006045818 0.006022751 0.02798634 0.006290495 0.005906105 0.03197741 0.005990684 0.006012678 0.03395903 0.005710065 0.006236076 0.03592717 0.005346894 0.00736922 0.03382307 0.004821479 0.007559835 0.03376692 0.004454553 0.007699966 0.03084456 0.003896892 0.00766623 0.03174638 0.004245758 0.00766319 0.02977651 0.004319906 0.007699966 0.02881175 0.003888905 0.007659137 0.02780395 0.004305601 0.007654368 0.02583396 0.004212558 0.007649064 0.02386963 0.004050672 0.007699966 0.02452075 0.003560841 0.007699966 0.02664643 0.003771722 0.00763756 0.0199691 0.003560841 0.007699966 0.02216184 0.003232777 0.007699966 0.02383995 0.003475606 0.007699966 0.01658499 0.00221616 0.007699966 0.01953786 0.002775967 0.007699966 0.01996093 0.002854764 0.00762552 0.01035904 0.002547562 0.007699966 0.01049548 0.00170511 0.007699966 0.01172763 0.00165683 0.007636189 0.006464064 0.002694845 0.007699966 0.006416976 0.001978576 0.007699966 0.007741451 0.001933932 0.007417917 0.006364524 0.00346446 0.007034063 0.00626868 0.004205763 0.007362425 0.01415532 0.003638207 0.007622539 0.0122869 0.002542614 0.007623553 0.01132565 0.002522826 0.007699966 0.01292479 0.001707017 0.00737071 0.01027905 0.003449857 0.007631063 0.008413851 0.002651274 0.007395148 0.008323073 0.003484845 0.007114112 0.03583955 0.004841864 0.007100701 0.0338732 0.005149066 0.007062852 0.03189826 0.005392551 0.006710588 0.03193569 0.005675435 0.007004201 0.02991712 0.005575478 0.006619334 0.02995187 0.005885303 0.006927967 0.02793228 0.005701482 0.006188273 0.02997642 0.006105363 0.006315886 0.03196221 0.005876421 0.007551074 0.03180021 0.004651904 0.007348299 0.03185194 0.005043268 0.007537305 0.02982634 0.004764676 0.007315874 0.02987432 0.005193114 0.007519543 0.02784943 0.004800081 0.007273912 0.02789324 0.005276322 0.007498443 0.0258736 0.00476551 0.007224202 0.02591174 0.005298197 0.007168829 0.02393221 0.005264163 0.007474958 0.02390152 0.004668772 0.007048726 0.01998633 0.005050778 0.007424116 0.0199778 0.004319727 0.007377207 0.01608926 0.003850877 0.00762701 0.01611459 0.002963244 0.007623612 0.01420032 0.002710521 0.007699966 0.01446455 0.001877427 0.007699966 0.006528735 0 0.007699966 0.006413877 0.001218736 0.007699966 0.006528735 -5e-4 0.00728029 0.007699966 -0.001999974 0.007699966 0.007699966 -0.001671195 0.007699966 0.007294595 -0.001598775 0.00728029 0.00718075 -0.001907229 0.007699966 0.0068717 -0.00132817 0.00728029 0.006639242 -0.001560628 0.007699966 0.006601095 -9.0539e-4 0.00728029 0.0062927 -0.00101912 0.00728029 0.01332092 -0.003099024 0.007699966 0.01357501 -0.002890646 0.00728029 0.01264709 -0.002492547 0.007699966 0.01282751 -0.002217829 0.00728029 0.01175189 -0.002095699 0.007699966 0.01183432 -0.00177747 0.00728029 0.01099991 -0.001999974 0.007699966 0.01099991 -0.001671195 0.007004976 0.01399028 -0.004758656 0.007078826 0.01396149 -0.00451982 0.00565803 0.01099991 -0.001999974 0.005699872 0.01148122 -0.002038836 0.00719732 0.01383441 -0.00401473 0.007259488 0.01363033 -0.003556728 0.003499925 0.03299975 -0.006321251 0.003605306 0.03300338 -0.00631994 0.003889799 0.03305149 -0.006292343 0.003942668 0.03306674 -0.006282985 0.004272699 0.03321224 -0.006200551 0.00456053 0.03343862 -0.006090164 0.004792273 0.03373658 -0.005974352 0.004932284 0.03405511 -0.005873382 0.004998207 0.03444093 -0.005766808 0.005203962 0.03518748 -0.005762875 -0.004999995 0.03369992 -0.005499899 -0.004999995 0.03349989 -0.005499899 -0.004707694 0.03330349 -0.005499899 -0.00484544 0.03263461 -0.005499899 -0.00409168 0.03290629 -0.005499899 -0.004267752 0.0317322 -0.005499899 -0.003365278 0.03115451 -0.005499899 -0.004999995 0.0362643 0.003263652 -0.004999995 0.0349999 0.003499925 -0.006799936 0.0356431 0.00344038 -0.006799936 0.0362643 0.003263652 -0.006799936 0.0368424 0.002975702 -0.004999995 0.03735786 0.002586424 -0.006799936 0.03735786 0.002586424 -0.006799936 0.03779304 0.00210911 -0.004999995 0.03813302 0.001560032 -0.006799936 0.03813302 0.001560032 -0.006799936 0.03836631 9.5782e-4 -0.004999995 0.03848505 3.22939e-4 -0.006799936 0.03848505 3.22939e-4 -0.004999995 0.03849995 0 -0.006799936 0.03849995 0 -0.004999995 0.03836631 -9.5782e-4 -0.006799936 0.03836631 -9.5782e-4 -0.006799936 0.03813302 -0.001560032 -0.004999995 0.03779304 -0.00210911 -0.006799936 0.03779304 -0.00210911 -0.006799936 0.03735786 -0.002586424 -0.004999995 0.0368424 -0.002975702 -0.006799936 0.0368424 -0.002975702 -0.006799936 0.0362643 -0.003263652 -0.004999995 0.0356431 -0.00344038 -0.006799936 0.0356431 -0.00344038 -0.006799936 0.0349999 -0.003499925 -0.004999995 0.03435683 -0.00344038 -0.006799936 0.03435683 -0.00344038 -0.006799936 0.03373563 -0.003263652 -0.004999995 0.0331574 -0.002975702 -0.006799936 0.0331574 -0.002975702 -0.006799936 0.032642 -0.002586424 -0.004999995 0.03220689 -0.00210911 -0.006799936 0.03220689 -0.00210911 -0.006799936 0.03186684 -0.001560032 -0.004999995 0.03163355 -9.5782e-4 -0.006799936 0.03163355 -9.5782e-4 -0.006799936 0.03151488 -3.22939e-4 -0.004999995 0.03149998 0 -0.006799936 0.03151488 3.22939e-4 -0.004999995 0.03151488 3.22939e-4 -0.006799936 0.03163355 9.5782e-4 -0.004999995 0.03186684 0.001560032 -0.006799936 0.03186684 0.001560032 -0.006799936 0.03220689 0.00210911 -0.004999995 0.032642 0.002586424 -0.006799936 0.032642 0.002586424 -0.006799936 0.0331574 0.002975702 -0.004999995 0.03373563 0.003263652 -0.006799936 0.03373563 0.003263652 -0.006799936 0.03435683 0.00344038 -0.006799936 0.0349999 0.003499925 -0.003366768 0.03115499 -0.005286872 -0.003187716 0.03109639 -0.005330741 -0.002759933 0.03101348 -0.005390346 -0.00365895 0.0312848 -0.005194604 -0.004093587 0.03157377 -0.005014479 -0.004702985 0.03231817 -0.004627943 -0.004472613 0.03196424 -0.004821896 -0.004429042 0.0319097 -0.004846632 -0.004267454 0.03173196 -0.004930496 -0.004999876 0.03349989 -0.003585577 -0.004956424 0.03303545 -0.004042029 -0.004936695 0.03294134 -0.004133403 -0.004891157 0.03277069 -0.004295766 -0.004864752 0.03268879 -0.004368424 -0.004846394 0.03263711 -0.004409492 -0.004999876 0.03278297 -0.003815591 -0.004930078 0.03276264 -0.004199147 -0.004951894 0.03240233 -0.004207551 -0.004999876 0.03227597 -0.003917813 -0.004999876 0.03236943 -0.003908455 -0.004805386 0.03243434 -0.004497647 -0.00484997 0.03179436 -0.004474759 -0.004666388 0.03180325 -0.004692316 -0.004999995 0.03117555 0.005925953 -0.004999995 0.03116726 0.005927026 -0.00504148 0.03053265 0.006045639 -0.005208015 0.02974832 0.006133258 -0.005349934 0.02933776 0.006168901 -0.006899893 0.03141534 3.32166e-4 -0.006899893 0.03153741 9.85187e-4 -0.006899893 0.03177738 0.001604557 -0.006899893 0.03212714 0.00216943 -0.006899893 0.03257465 0.002660334 -0.006899893 0.03310477 0.003060758 -0.006899893 0.03369951 0.003356814 -0.006899893 0.03433847 0.003538668 -0.006899893 0.0349999 0.003599882 -0.006899893 0.03566139 0.003538668 -0.006899893 0.03630042 0.003356814 -0.006899893 0.03689509 0.003060758 -0.006899893 0.03742522 0.002660334 -0.006899893 0.03787285 0.00216943 -0.006899893 0.03822255 0.001604557 -0.006899893 0.03846246 9.85187e-4 -0.006899893 0.0385999 0 -0.006899893 0.03846246 -9.85187e-4 -0.006899893 0.03822255 -0.001604557 -0.006899893 0.03787285 -0.00216943 -0.006899893 0.03742522 -0.002660334 -0.006899893 0.03689509 -0.003060758 -0.006899893 0.03630042 -0.003356814 -0.006899893 0.03566139 -0.003538668 -0.006899893 0.0349999 -0.003599882 -0.006899893 0.03433847 -0.003538668 -0.006899893 0.03369951 -0.003356814 -0.006899893 0.03310477 -0.003060758 -0.006899893 0.03257465 -0.002660334 -0.006899893 0.03212714 -0.00216943 -0.006899893 0.03177738 -0.001604557 -0.006899893 0.03153741 -9.85187e-4 -0.006899893 0.03141534 -3.32166e-4 -0.006899893 0.03139996 0 -0.004499912 0.004731476 0.004364967 -0.006456196 0.004731059 0.004364967 -0.004499912 0.005141437 0.003464818 -0.006636857 0.004912078 0.003869712 -0.006848335 0.00513947 0.003464519 -0.004499912 0.004410982 0.005557 -0.004499912 0.004400253 0.005601048 -0.004499912 0.00420618 0.004833877 -0.004499912 0.004344642 0.004984319 -0.004499912 0.004381418 0.005060255 -0.004499912 0.004427254 0.005239546 -0.004499912 0.006199896 0 -0.004499912 0.006090939 0.001157343 -0.004499912 0.005697846 0.002444148 -0.004499912 0.0062927 -0.00101912 -0.004499912 0.006504118 -0.001405119 -0.004499912 0.00638175 -0.001258492 -0.004499912 0.006257951 -0.001148819 -0.004499912 0.006043255 -0.001026809 -0.004499912 0.006199896 -5e-4 -0.003731966 0.006703495 -0.001786172 -0.003590703 0.007223725 -0.00196743 -0.003554642 0.0073421 -0.001999974 -0.003556132 0.007347524 -0.001999974 -0.003751277 0.007385671 -0.001966655 -0.003686726 0.007257819 -0.001944184 -0.003886938 0.007076621 -0.001864314 -0.0039168 0.006843984 -0.001749277 -0.004017353 0.006896734 -0.001766741 -0.004124164 0.006782889 -0.00168699 -0.004297912 0.006635606 -0.001556873 -0.004282474 0.006506443 -0.001441001 -0.004471302 0.006520569 -0.001426756 -0.00418061 0.00641489 -0.001419544 -0.004095256 0.00630635 -0.001429319 -0.003818631 0.006777942 -0.001755297 -0.003707051 0.007699966 -0.001999974 -0.00728029 0.006199896 0 -0.00728029 0.006199896 -5e-4 0.002699971 0.008499979 -0.001999974 0.00349158 0.008606314 -0.001999974 0.004424989 0.009045541 -0.001999974 0.005154371 0.009774982 -0.001999974 0.005593657 0.01070833 -0.001999974 -0.002699971 0.008499979 -0.001999974 -0.00565803 0.01099991 -0.001999974 -0.005661368 0.01102072 -0.001999974 -0.005699992 0.0115 -0.002041876 -0.00349158 0.008606314 -0.001999974 -0.004424989 0.009045541 -0.001999974 -0.005154371 0.009774982 -0.001999974 -0.005593657 0.01070833 -0.001999974 -0.004999995 0.03590548 0.005222022 -0.005199909 0.03593969 0.005419075 -0.005199909 0.0301916 0.006244719 -0.005300581 0.02979069 0.006289422 -0.005646765 0.02822613 0.006204903 -0.005699992 0.02749997 0.006227374 -0.00548017 0.02896541 0.006186783 -0.006301105 0.02067124 0.005852282 -0.00630027 0.0167939 0.005447268 -0.006299734 0.01343947 0.005097389 -0.00629878 0.01178693 0.004988253 -0.006299912 0.009499967 0.004964888 -0.005675256 0.007353425 0.005480468 -0.005572617 0.007200062 0.005540668 -0.004577577 0.006210625 0.005903184 -0.004122555 0.005938649 0.005967915 -0.005047321 0.006586194 0.005777776 -0.004885852 0.006444931 0.005827844 -0.004600346 0.00622648 0.005898416 -0.005473732 0.007063925 0.005594432 -0.006263673 0.008960723 0.005008876 -0.006217539 0.008690536 0.005057156 -0.006164014 0.008464634 0.005109131 -0.006158471 0.00844407 0.005114376 -0.005953848 0.007871866 0.005288124 -0.003595948 0.003997266 0.005735695 -0.003535509 0.003837466 0.005720913 -0.003768086 0.004180312 0.005750477 -0.004025757 0.004307687 0.005739808 -0.004433453 0.004382908 0.0056656 -0.005392313 0.004465341 0.00535804 -0.0053038 0.004454553 0.005398035 -0.006334245 0.004631221 0.004738867 -0.006205618 0.004601836 0.004848361 -0.005816102 0.004527211 0.005127251 -0.005699992 0.01336675 -0.003156483 -0.005699992 0.01264709 -0.002492547 -0.005699992 0.01175189 -0.002095699 -0.005699992 0.01383429 -0.004016876 0.00418055 0.029639 -0.005159378 0.003839731 0.02742385 -0.005606651 0.004417002 0.02734422 -0.005197942 0.001492083 0.02524691 -0.006762742 0.005355179 0.02709025 -0.004156589 0.004672646 0.02956634 -0.004812896 0.004397213 0.03082472 -0.004912555 0.00492835 0.02723205 -0.004709303 0.005246222 0.02259355 -0.004778385 0.001374185 0.01857668 -0.007833719 0.002421498 0.01485168 -0.007938623 0.002101898 0.01856011 -0.007691681 0.003055334 0.01473486 -0.00768584 0.002829194 0.01853078 -0.007440805 0.003694415 0.01458621 -0.007330656 0.003531694 0.01848852 -0.007079005 0.004296064 0.01442104 -0.006875455 0.004183769 0.01843369 -0.006609678 0.004817306 0.01426374 -0.006349503 0.004762113 0.01836776 -0.006045997 0.00525707 0.01412796 -0.005760312 0.005246222 0.01829302 -0.005405843 9.16187e-4 0.01498675 -0.008207499 0.001681745 0.01494395 -0.008124768 0.00138849 0.02412921 -0.006982684 0.001374185 0.02301561 -0.007186055 0.002101898 0.022991 -0.007045269 0.001932561 0.02746242 -0.006278932 0.002556145 0.02964955 -0.005736351 0.002940714 0.03076183 -0.00543648 0.00270164 0.03072178 -0.005468547 0.003429532 0.03081965 -0.005328059 0.003597021 0.02515983 -0.006026387 0.004183769 0.02280282 -0.005972266 0.004233539 0.02507591 -0.005573451 0.004762113 0.02270483 -0.005413234 0.004797816 0.02496612 -0.00503087 0.005269885 0.02483361 -0.00441581 0.002113997 0.02411204 -0.006840944 0.002829194 0.02294737 -0.00679636 0.003650665 0.02967578 -0.005429387 0.003217995 0.02746903 -0.005923986 0.002911508 0.02521592 -0.006376802 0.003539562 0.02401053 -0.006234467 0.003102958 0.02967834 -0.005621016 0.00257498 0.02748101 -0.006147444 0.002201855 0.02524447 -0.006621718 0.002839148 0.02407276 -0.006592214 0.003531694 0.02288442 -0.006437659 -0.002839744 0.02407276 -0.006591916 -0.00282973 0.02294737 -0.006796181 -0.002102494 0.022991 -0.00704509 -0.004397392 0.03082472 -0.004912436 -0.004928529 0.02723199 -0.004709124 -0.00441724 0.02734416 -0.005197644 -0.0013749 0.01857668 -0.0078336 -0.0013749 0.02301561 -0.007185876 -0.003429949 0.03081965 -0.005327939 -0.003921151 0.03084188 -0.00515449 -0.002288699 0.02962487 -0.005767405 -0.002702057 0.0307219 -0.005468428 -0.001933157 0.02746242 -0.006278932 -0.001492798 0.02524691 -0.006762683 -0.001389205 0.02412921 -0.006982564 -0.002202451 0.02524447 -0.006621479 -0.001440227 0.01496332 -0.008162498 -0.002102494 0.01856005 -0.007691562 -0.002166569 0.01488906 -0.008015155 -0.00282973 0.01853066 -0.007440567 -0.002856612 0.01477563 -0.007776319 -0.003532052 0.0184884 -0.007078826 -0.003527998 0.01462799 -0.007434785 -0.004184067 0.01843369 -0.006609499 -0.004146695 0.0144639 -0.007001042 -0.004762232 0.01836776 -0.006045818 -0.004702687 0.01429897 -0.006477952 -0.005246341 0.01829302 -0.005405724 -0.005177915 0.01415216 -0.005879878 -0.005531311 0.0140475 -0.005278944 -0.005270004 0.02483361 -0.004415631 -0.005355179 0.02709019 -0.00415647 -0.004180788 0.02963894 -0.005159199 -0.004672825 0.02956628 -0.004812717 -0.002556741 0.02964961 -0.005736172 -0.002941191 0.03076189 -0.00543642 -0.003218472 0.02746903 -0.005923748 -0.002575457 0.02748101 -0.006147265 -0.003540039 0.02401053 -0.006234169 -0.003597438 0.02515983 -0.006026089 -0.004233777 0.02507585 -0.005573213 -0.003103375 0.02967834 -0.005620837 -0.003650963 0.02967578 -0.005429208 -0.005246341 0.02259349 -0.004778206 -0.004797995 0.02496606 -0.005030632 -0.004762232 0.02270483 -0.005413115 -0.004184067 0.02280282 -0.005971968 -0.003532052 0.02288436 -0.006437361 -0.003840029 0.02742379 -0.005606472 -0.002911925 0.02521586 -0.006376624 -0.002114593 0.02411204 -0.006840825 -0.003499925 0.03299975 -0.006321251 0.006120145 0.04041641 -6.49992e-4 0.006048381 0.03687316 -0.005138576 0.007093906 0.03613322 0.004802346 0.007120907 0.03612715 0.004776418 0.006634712 0.03620994 0.00512737 0.00715363 0.03666901 -0.004578769 0.00712198 0.03668034 -0.004609644 0.007120907 0.03695434 -0.004501581 0.007093787 0.03668981 -0.00463587 0.007093906 0.03696501 -0.004526138 0.006634593 0.03680413 -0.00494951 0.006634712 0.03709799 -0.004832386 0.006491482 0.03682768 -0.005013883 0.006120145 0.03717249 -0.005004227 0.006120145 0.03686833 -0.005125403 0.007120907 0.03784316 -0.004000008 0.007120907 0.0392189 -0.002506852 0.007120907 0.03964614 -0.00157994 0.007120907 0.03988808 4.35823e-4 0.007120907 0.03969222 0.001437485 0.007120907 0.03929328 0.002376914 0.007120907 0.03709065 0.00443989 0.007093906 0.0371021 0.00446403 0.007120907 0.0379638 0.003911316 0.007093906 0.03785872 -0.004021704 0.006634712 0.0380522 -0.004293859 0.006634712 0.03887426 -0.003569602 0.006120145 0.03625291 0.005309641 0.006634712 0.03724431 0.004766166 0.007093906 0.03798002 0.003932714 0.007120907 0.0387088 0.003213644 0.006120145 0.03968983 -0.002786636 0.006120145 0.03901207 -0.003696501 0.006120145 0.03816068 -0.004446566 0.007093906 0.03967148 -0.001588523 0.007093906 0.03989905 -5.87903e-4 0.006634712 0.04023057 -6.27682e-4 0.006634712 0.04024726 4.67849e-4 0.006120145 0.04043376 4.84479e-4 0.006120145 0.04021596 0.001597881 0.007093906 0.03971773 0.001445293 0.007093906 0.03931677 0.002389967 0.006634712 0.03960883 0.002551615 0.006634712 0.03898131 0.003449857 0.006120145 0.03912287 0.003572404 0.006120145 0.03829479 0.00434798 0.007093906 0.03862869 -0.003343403 0.006634712 0.03952884 -0.00269109 0.006120145 0.04016482 -0.00175631 0.007120907 0.03860908 -0.003325343 0.007093906 0.03924185 -0.002520442 0.006634712 0.03998762 -0.00169605 0.007120907 0.03987246 -5.84717e-4 0.007093906 0.0399146 4.38197e-4 0.006634712 0.04003697 0.001543045 0.006120145 0.03977262 0.002642393 0.007093906 0.03872907 0.003231227 0.006634712 0.03818172 0.004198729 0.006120145 0.03732413 0.004935503 0.00745517 0.03586375 -0.004362881 0.007446587 0.03515374 -0.004444599 0.007450461 0.03447085 -0.004413962 0.007475972 0.03379786 -0.004275918 0.007524073 0.03315007 -0.004033327 0.007586777 0.03256976 -0.003701329 0.0076949 0.03156149 -0.002753198 0.007653415 0.03201431 -0.003254354 0.007699966 0.02465152 -0.001638472 0.007699966 0.02596086 -0.001669347 0.007699966 0.02415215 -0.001651287 0.007699966 0.02795904 -0.001816928 0.007699966 0.02934175 -0.00194329 0.007699966 0.03016579 -0.002124071 0.007699966 0.01706999 -0.002610146 0.007699966 0.01984137 -0.002267122 0.007699966 0.01439487 -0.002839922 0.007699966 0.02231115 -0.001869857 0.007699966 0.0228042 -0.00178337 0.007699966 0.02351433 -0.001693785 0.007679939 0.01390391 -0.003401041 0.007407069 0.01432561 -0.004852116 0.007491827 0.01428836 -0.004544675 0.007612228 0.01414453 -0.003962934 0.006884098 0.01402866 -0.005135953 0.006568372 0.0141527 -0.005882441 0.006995499 0.014467 -0.005902171 0.007128119 0.01441687 -0.005615413 0.005767047 0.01496982 -0.007641196 0.00631386 0.01474523 -0.007006943 0.006144464 0.01433897 -0.006615579 0.006423652 0.01469951 -0.00685817 0.006767213 0.01455789 -0.006327927 0.005632281 0.01456969 -0.007288455 0.005413115 0.01466679 -0.007528603 0.005204856 0.01518988 -0.008154988 0.005043387 0.01482576 -0.007884144 0.004882991 0.01530867 -0.008401751 0.004735887 0.0149517 -0.008139908 0.004632174 0.01499277 -0.008218944 0.004517853 0.01543605 -0.008647441 0.004393756 0.0150839 -0.00838828 0.003739178 0.01567596 -0.009068906 0.003687441 0.01532644 -0.008800685 0.002915084 0.01587802 -0.009388327 0.002949655 0.01553243 -0.009115874 0.002791643 0.01556986 -0.009170174 0.002149641 0.01601231 -0.009586095 0.00219804 0.01568853 -0.009336948 0.001919806 0.01604211 -0.009628474 0.001769483 0.01575154 -0.009422183 7e-4 0.01581937 -0.009511828 7e-4 0.01611495 -0.009730041 0.001451492 0.01578539 -0.009467244 0.00135231 0.01609385 -0.009701073 0.001838684 0.01605141 -0.009641587 0.003620088 0.03285437 -0.006515741 0.004016399 0.03291487 -0.006481647 0.004408419 0.03307384 -0.006397426 0.004743516 0.03331863 -0.006289601 0.005237936 0.0345478 -0.005948007 0.005237877 0.03442245 -0.005977392 0.005165219 0.03400915 -0.006076157 0.004996359 0.03363198 -0.006180465 0.005209207 0.0351352 -0.005781531 0.005606651 0.03618896 -0.005416989 0.005662322 0.03645741 -0.005321264 0.005513072 0.03587901 -0.005525887 0.005354702 0.03549206 -0.005660057 -0.004999995 0.0345 -0.005699992 -0.005000293 0.03408932 -0.00564444 -0.004911005 0.03399103 -0.005699992 -0.004565536 0.03344434 -0.005699992 -0.004022121 0.03309381 -0.005699992 -0.004999995 0.03671199 0.00501585 -0.004999995 0.03806722 0.004322171 -0.004999995 0.03916931 0.003271996 -0.004999995 0.03757238 -0.004633784 -0.004999995 0.03681504 -0.004979372 -0.005001068 0.0351125 -0.005577087 -0.004999995 0.0345 -0.005751073 -0.004999995 0.03878349 -0.003711462 -0.004999995 0.03968238 -0.002482831 -0.004999995 0.04019498 -0.00104928 -0.004999995 0.04029995 0 -0.004999995 0.04027903 4.70682e-4 -0.004999995 0.03992748 0.001951873 -0.005199909 0.04039102 -0.001088917 -0.005199909 0.03985905 -0.00257647 -0.005199909 0.03892624 -0.003851473 -0.005199909 0.03766942 -0.004808664 -0.005199909 0.03688359 -0.005167365 -0.005199909 0.0367766 0.005205035 -0.005199909 0.03818297 0.004485309 -0.005199909 0.0393266 0.003395438 -0.005199909 0.04011332 0.002025485 -0.005199909 0.04047816 4.88443e-4 -0.006899893 0.03295338 0.003781676 -0.006899893 0.03429222 0.004241347 -0.006899893 0.03183639 0.002912223 -0.006899893 0.03859972 -0.00235182 -0.006899893 0.03764104 -0.003393292 -0.006899893 0.03893774 0.001727283 -0.006899893 0.0392853 3.55091e-4 -0.006899893 0.03929996 0 -0.006899893 0.03916835 -0.001055479 -0.006899893 0.03704655 0.003781676 -0.006899893 0.03570771 0.004241347 -0.006899893 0.03360372 -0.004066944 -0.006899893 0.03235888 -0.003393292 -0.006899893 0.0381636 0.002912223 -0.006899893 0.03106212 0.001727283 -0.006899893 0.03140014 -0.00235182 -0.006899893 0.0349999 -0.004299998 -0.006899893 0.0363962 -0.004066944 -0.006899893 0.0306999 0 -0.006899893 0.03083157 -0.001055479 -0.006899893 0.03071469 3.55091e-4 -0.00728029 0.006090939 0.001157343 -0.00728029 0.005909085 0.001876771 -0.007235348 0.005707979 0.002416372 -0.006893277 0.005186617 0.003390014 -0.007110953 0.005473077 0.002905309 -0.007200717 0.005630016 0.002590954 -0.00728029 0.0062927 -0.00101912 -0.00728029 0.006639242 -0.001560628 -0.00728029 0.00718075 -0.001907229 -0.00728029 0.007699966 -0.001999974 -0.00728029 0.01099991 -0.001999974 -0.005493879 0.03163093 0.006069839 -0.005648553 0.03385686 0.005757689 -0.005699992 0.03593975 0.005419135 -0.005452752 0.02938818 0.006324768 -0.005845904 0.0275067 0.006376266 -0.005804479 0.02810633 0.006358683 -0.005685329 0.02871203 0.006348848 -0.00586611 0.02392143 0.00641787 -0.006129384 0.02370256 0.00626564 -0.00624901 0.02353549 0.006180763 -0.006252408 0.02352958 0.0061782 -0.006282091 0.02347481 0.006155312 -0.006374657 0.02320778 0.006075203 -0.006395757 0.02299851 0.006048083 -0.006399393 0.017461 0.005547583 -0.006399393 0.0160318 0.005385637 -0.006399393 0.0160191 0.005384266 -0.006399691 0.01307356 0.005090594 -0.006398737 0.01151502 0.005002856 -0.006399333 0.009599685 0.004988372 -0.006399333 0.009500265 0.004989445 -0.00639832 0.01998502 0.005814909 -0.006397843 0.02041488 0.005855441 -0.004516065 0.006073236 0.005957484 -0.00401026 0.005797564 0.006011903 -0.004944205 0.006386876 0.005860388 -0.005389988 0.006823956 0.005699872 -0.005633771 0.007131636 0.005580544 -0.005734682 0.007277727 0.005523741 -0.006041646 0.007834732 0.005318284 -0.006249487 0.008406937 0.005145132 -0.006361663 0.008948266 0.005034387 -0.006314814 0.008675634 0.005082786 -0.003951549 0.0043509 0.005824387 -0.004310548 0.004436135 0.005797266 -0.0044505 0.004447877 0.005774497 -0.006204426 0.004657447 0.004984915 -0.006448566 0.004712641 0.004778027 -0.005879223 0.004596054 0.00521332 -0.00565958 0.004561424 0.005342364 -0.005085945 0.004493296 0.005601823 -0.007699966 0.006222367 0.001976132 -0.007696807 0.006174743 0.002135634 -0.007633686 0.005970001 0.00270611 -0.007611393 0.005923867 0.002817094 -0.007461369 0.005683362 0.003328502 -0.007222652 0.00539422 0.003842413 -0.006864488 0.005046725 0.00435698 -0.007052958 0.005220532 0.004111886 -0.007623732 0.0329535 0.003781735 -0.007623851 0.03291308 0.003759562 -0.007699966 0.03289592 0.003790616 -0.007501482 0.03574633 0.00430423 -0.007432997 0.03573465 0.004236698 -0.007432997 0.03570771 0.004241347 -0.007503986 0.03552728 0.004336357 -0.007435381 0.03551763 0.004268646 -0.007531583 0.03495889 0.004365324 -0.007461905 0.03495472 0.0042997 -0.007575511 0.03445577 0.00432682 -0.007571697 0.03378421 0.004124522 -0.007504165 0.03445672 0.004265487 -0.007520437 0.03429222 0.004241347 -0.007627069 0.03395885 0.004228055 -0.007553756 0.03396499 0.004173517 -0.007645726 0.0337761 0.004175901 -0.00766474 0.03357416 0.004107773 -0.00728029 0.01175189 -0.002095699 -0.00728029 0.01264709 -0.002492547 -0.00728029 0.01332092 -0.003099024 -0.007277548 0.01344943 -0.003267586 -0.007240772 0.01372039 -0.003733336 -0.00715208 0.01390057 -0.004232943 -0.007004976 0.01399028 -0.004758656 -0.006080627 0.01437073 -0.006716728 -0.006360054 0.01424545 -0.006276071 -0.006615877 0.0141344 -0.005789399 -0.006730556 0.01408737 -0.005533993 -0.004845499 0.01490753 -0.008052587 -0.005438983 0.01465719 -0.007504582 -0.005893409 0.01445508 -0.006973624 -7e-4 0.01581937 -0.009511828 -0.001449704 0.01578581 -0.009468615 -0.001762986 0.01575219 -0.009424805 -0.004633665 0.01499187 -0.008217632 -0.00424689 0.01513755 -0.008484601 -0.003751873 0.01530522 -0.008768916 -0.003593266 0.01535463 -0.008848249 -0.002812564 0.01556408 -0.009165406 -0.002107203 0.01570248 -0.009358882 0.003499925 0.0328502 -0.006516993 -0.003499925 0.0328502 -0.006516993 0.006137192 0.02220106 -0.006362438 0.005646288 0.02229046 -0.006899476 0.005684912 0.02512687 -0.006412446 0.007361114 0.03587114 -0.004520893 0.006566882 0.02350062 -0.005536556 0.006566405 0.0221042 -0.005780816 0.006928265 0.02200168 -0.005165338 0.00636667 0.03614127 -0.00528264 0.007086098 0.03598445 -0.004840314 0.004591286 0.02968251 -0.006767094 0.00510025 0.02960771 -0.006482422 0.004886448 0.02817523 -0.006767213 0.005407035 0.02808576 -0.006400108 0.00732553 0.02964025 -0.003831326 0.007308483 0.02891826 -0.003862082 0.007070899 0.02905249 -0.004372358 0.007481992 0.03347009 -0.004203617 0.00718528 0.03364747 -0.004752874 0.007591426 0.01624554 -0.003924608 7e-4 0.01784992 -0.009566843 0.005019903 0.03259956 -0.006294131 0.00567466 0.03402495 -0.005921185 0.001093566 0.02685821 -0.008096158 0.002028048 0.02550858 -0.008277058 8.47586e-4 0.02562803 -0.00835973 0.001922011 0.02406114 -0.008557498 7.25441e-4 0.02457076 -0.008570134 0.001919329 0.02260917 -0.008813023 7.00055e-4 0.02330309 -0.00880295 0.001919329 0.01676148 -0.009566068 0.002579808 0.01674783 -0.00941658 0.004510939 0.01666837 -0.008548974 0.00388658 0.01670134 -0.00890845 0.003239095 0.0167278 -0.009197831 0.006137192 0.01653522 -0.007091999 0.005646288 0.01658481 -0.007634282 0.005101025 0.01662939 -0.008122444 0.007440388 0.01630568 -0.004582405 0.007219851 0.0163657 -0.00523895 0.006928265 0.01642471 -0.005883455 0.006566405 0.01648145 -0.006504893 0.007591426 0.0216785 -0.003224968 0.007591426 0.02302807 -0.002990186 0.007593393 0.02439379 -0.002831578 0.007597923 0.02578741 -0.00277704 0.007604122 0.02720624 -0.002786517 0.007611393 0.0286445 -0.002821624 0.007615268 0.02936923 -0.002838492 0.007620394 0.03011447 -0.002913594 0.007411479 0.03190714 -0.004008293 0.007634699 0.03167718 -0.003249466 0.007320404 0.03514569 -0.004652798 0.007259666 0.03440237 -0.00472486 0.005972146 0.03617823 -0.005386829 0.005764186 0.03548032 -0.005626261 0.005455136 0.03477966 -0.005857408 0.007470965 0.02734398 -0.003352761 0.007455945 0.02592313 -0.003382742 0.007445216 0.02452379 -0.003466486 0.006942749 0.0247808 -0.004722416 0.007019042 0.02761662 -0.004472792 0.007276356 0.02748161 -0.003917932 0.0066998 0.02774691 -0.005007684 0.006587684 0.02490371 -0.005322277 0.006166577 0.0250197 -0.005888998 0.006321132 0.02786988 -0.005513072 0.005887985 0.02798354 -0.005979835 0.00734812 0.03037774 -0.003844082 0.007134497 0.03050678 -0.004300475 0.007018864 0.03212857 -0.004739284 0.004063487 0.02974283 -0.006996214 0.004221022 0.03045684 -0.006822288 0.004431188 0.03117084 -0.00664705 0.006869316 0.03063136 -0.004740417 0.006554841 0.03074896 -0.005156159 0.00646615 0.03232616 -0.005391359 0.006195068 0.03085762 -0.005540013 0.005784094 0.03248614 -0.005919456 0.006775856 0.02918189 -0.004864335 0.006426036 0.0293042 -0.005329132 0.006025791 0.02941709 -0.005758345 0.005795598 0.03095537 -0.00588572 0.006767511 0.03380578 -0.005242764 0.006746768 0.03607618 -0.005099058 0.00663203 0.03536909 -0.005302727 0.007012248 0.0352692 -0.005011916 0.006461501 0.03465425 -0.005481064 0.00625211 0.03393399 -0.005639672 0.003819525 0.03195506 -0.006710052 0.004227042 0.03266406 -0.006506681 0.006206214 0.03544002 -0.005509138 0.005967617 0.03473424 -0.005721211 0.004335463 0.02825051 -0.007076621 0.004702866 0.02674132 -0.007035613 0.00515002 0.02522331 -0.006883621 0.005102336 0.02379673 -0.007132828 0.005101025 0.02237105 -0.007383108 0.004510939 0.02244132 -0.007805526 0.00388658 0.02250069 -0.008161604 0.004512429 0.02387481 -0.007553756 0.003888309 0.02394074 -0.007908463 0.00457102 0.02530759 -0.00729531 0.003958344 0.02537864 -0.007642269 0.004115939 0.02681547 -0.007366657 0.003507435 0.02687513 -0.007633209 0.003764212 0.02831119 -0.007325828 0.00318259 0.02835696 -0.007514119 0.002987623 0.02981948 -0.007287681 0.003191769 0.03053271 -0.007100403 0.003464162 0.03124457 -0.006907761 0.003239095 0.02254837 -0.008448302 0.002579808 0.02258443 -0.008664965 0.003241181 0.02399373 -0.008194088 0.002582192 0.02403378 -0.008409976 0.003323078 0.0254358 -0.007921636 0.002676129 0.02547895 -0.008132755 0.002887845 0.02692025 -0.007834672 0.002267122 0.02695113 -0.007972359 0.002599895 0.02838832 -0.007642745 0.001462996 0.02821218 -0.007782578 0.002126336 0.03022897 -0.007269144 0.002447128 0.03102946 -0.007049739 0.002858161 0.03175359 -0.006843507 0.00724864 0.02605855 -0.003987312 0.007228851 0.02465355 -0.004100263 0.007220089 0.02326869 -0.004287183 0.007440507 0.02314847 -0.00363934 0.007440388 0.02178704 -0.003876507 0.007591426 0.01896852 -0.003625035 0.006928563 0.02338671 -0.004923284 0.007219851 0.02189528 -0.004526853 0.007440388 0.01905292 -0.00428009 7e-4 0.02050393 -0.009242892 0.001919329 0.01969224 -0.009243488 0.002579808 0.01967304 -0.009094655 0.003239095 0.01964503 -0.0088768 0.00388658 0.0196079 -0.008588552 0.004510939 0.0195617 -0.008230507 0.005101025 0.01950705 -0.007805705 0.005646288 0.01944446 -0.007319629 0.006137192 0.01937478 -0.006779551 0.006566405 0.0192995 -0.00619477 0.006928265 0.01921981 -0.005575895 0.007219851 0.01913714 -0.004933953 0.005581319 0.02951884 -0.006144881 0.005363166 0.03104078 -0.006187677 -7e-4 0.01611495 -0.009730041 -0.003605425 0.03300344 -0.00631994 -0.003620088 0.03285437 -0.006515741 -0.004950523 0.03411793 -0.00585556 -0.004909396 0.03398668 -0.005893528 -0.004733026 0.03364574 -0.00600636 -0.004651129 0.03353828 -0.006047964 -0.004371643 0.03327924 -0.006164669 -0.004606068 0.03348684 -0.006069183 -0.00392282 0.03306078 -0.006286621 -0.004251003 0.03320157 -0.006205201 -0.005203366 0.03518283 -0.005763769 -0.007501482 0.0364961 -0.004104316 -0.007432997 0.03647255 -0.004039943 -0.007501602 0.03670859 -0.004020512 -0.007430732 0.0370292 -0.00378859 -0.007501482 0.03729158 -0.00371927 -0.007501482 0.03751128 -0.00357455 -0.007426559 0.0375837 -0.003429055 -0.007426083 0.03763645 -0.003388166 -0.007501482 0.03802049 -0.003156006 -0.007422745 0.03805208 -0.003014445 -0.007501482 0.03821659 -0.002955973 -0.007422029 0.03815799 -0.00290215 -0.007501482 0.03845846 -0.002668917 -0.007420778 0.03849118 -0.002489209 -0.007501482 0.03855341 -0.002540946 -0.007420957 0.03858941 -0.002345502 -0.007501482 0.03889524 -0.001977503 -0.007422149 0.0388177 -0.001955032 -0.007501482 0.03914719 -0.001372694 -0.007425606 0.03906261 -0.001386046 -0.007501482 0.03919422 -0.001221418 -0.007427394 0.03914028 -0.001140177 -0.00742805 0.03916352 -0.001054227 -0.007501482 0.0393303 -5.7666e-4 -0.007429957 0.03923237 -7.42387e-4 -0.007432818 0.03929853 -1.07358e-4 -0.007501482 0.03936666 -1.2812e-4 -0.007501482 0.03936785 7.74025e-5 -0.007432878 0.03929996 0 -0.007501482 0.03936213 2.35723e-4 -0.007432878 0.03928518 3.55084e-4 -0.007501482 0.03927701 8.89303e-4 -0.007432699 0.03924506 6.8265e-4 -0.007431805 0.03908658 0.00133419 -0.007501482 0.03909593 0.001518905 -0.007501482 0.03903818 0.001666367 -0.007431626 0.03893661 0.001726686 -0.007431805 0.03886038 0.001891434 -0.007501482 0.03874146 0.002254962 -0.007432699 0.03852313 0.002464652 -0.007501482 0.0383622 0.00278908 -0.007432878 0.03816354 0.002912223 -0.007501482 0.03825891 0.002909123 -0.007431626 0.03711456 0.003742516 -0.007501482 0.03778403 0.00336647 -0.007432401 0.0376355 0.003396928 -0.007432878 0.03811872 0.002960145 -0.007432878 0.03594535 0.004194617 -0.007501602 0.03588277 0.004278421 -0.007431983 0.03657424 0.004000425 -0.007501482 0.03651285 0.004098296 -0.007431626 0.03704589 0.003780484 -0.007501482 0.03711205 0.003823935 -0.007501482 0.0372492 0.0037449 -0.005699992 0.0389263 -0.003851473 -0.005699992 0.03626316 0.005353093 -0.005699992 0.03734314 0.004975914 -0.005699992 0.03688365 -0.005167365 -0.005699992 0.03719025 -0.005045056 -0.005699992 0.03818655 -0.004482865 -0.005699992 0.03904485 -0.00372684 -0.005699992 0.03972828 -0.002809464 -0.005699992 0.03985911 -0.00257647 -0.005699992 0.04020708 -0.001770675 -0.005699992 0.04039102 -0.001088917 -0.005699992 0.04046082 -6.5531e-4 -0.005699992 0.04049998 0 -0.005699992 0.04047816 4.88443e-4 -0.005699992 0.0402587 0.001610994 -0.005699992 0.04011332 0.002025485 -0.005699992 0.03981173 0.00266391 -0.005699992 0.03832173 0.004383563 -0.005699992 0.03915667 0.00360167 -0.005699992 0.0393266 0.003395557 -0.005699992 0.03818297 0.004485428 -0.007623851 0.03183639 0.002912223 -0.00756216 0.03235888 -0.003393292 -0.007579267 0.03219193 -0.00325644 -0.007590532 0.03207713 -0.0031538 -0.007621586 0.03164547 -0.002690315 -0.007452189 0.0336036 -0.004066944 -0.007463455 0.03343093 -0.004003465 -0.007473826 0.03328961 -0.003945112 -0.007525146 0.03271681 -0.003643751 -0.00741744 0.0349999 -0.004299998 -0.007417142 0.03485035 -0.004297316 -0.007417619 0.03468763 -0.004288554 -0.007430732 0.03405028 -0.004193723 -0.007432878 0.0363962 -0.004066944 -0.007431149 0.03614068 -0.00414586 -0.007422447 0.03550297 -0.004270434 -0.007623851 0.03106212 0.001727283 -0.007623851 0.03071469 3.55091e-4 -0.007623851 0.03083157 -0.001055479 -0.007623851 0.03140014 -0.00235182 -0.007623851 0.03152632 -0.002534568 -0.007699966 0.006413877 0.001218736 -0.007699966 0.006528735 0 -0.007699966 0.006528735 -5e-4 -0.007699966 0.007699966 -0.001671195 -0.007699966 0.007294595 -0.001598775 -0.007699966 0.0068717 -0.00132817 -0.007699966 0.006601095 -9.0539e-4 -0.007699966 0.01099991 -0.001671195 -0.007699966 0.01183432 -0.00177747 -0.007699966 0.01282751 -0.002217829 -0.007699966 0.01357501 -0.002890646 -0.007699966 0.03149759 -0.00255537 -0.007699966 0.03137046 -0.002371191 -0.007699966 0.03079712 -0.00106424 -0.007699966 0.03067928 3.58022e-4 -0.007699966 0.03102964 0.001741468 -0.007699966 0.03181022 0.002936244 -0.007559835 0.03376555 0.004454672 -0.004383683 0.005023539 0.005865812 -0.005827665 0.006093204 0.005401194 -0.006892085 0.01214396 0.004385948 -0.006923079 0.01018422 0.004318833 -0.005740344 0.02998638 0.00623095 -0.006187975 0.02997237 0.00610584 -0.006022334 0.02798086 0.006290853 -0.00650078 0.02795839 0.006046295 -0.006737232 0.02395141 0.005795598 -0.006519496 0.01998281 0.005702674 -0.006937623 0.01605129 0.004704654 -0.007048428 0.01997536 0.005049884 -0.006902754 0.01409703 0.004530787 -0.006981015 0.0082165 0.004287481 -0.006397306 0.008138358 0.005003631 -0.006494343 0.006162643 0.004865527 -0.00508064 0.00604397 0.00578165 -0.00703454 0.006248176 0.004204392 -0.007418096 0.006344199 0.003463447 -0.007699966 0.006552219 0.001978874 -0.007636249 0.006443738 0.002694427 -0.007631123 0.008394896 0.002652168 -0.007699966 0.00789541 0.001923561 -0.00762552 0.01034164 0.002548277 -0.007699966 0.01055312 0.001699924 -0.007623553 0.0113089 0.002522945 -0.007699966 0.01182925 0.001655757 -0.007622539 0.01227086 0.00254184 -0.007699966 0.01303845 0.001716852 -0.007623553 0.01418572 0.002708971 -0.007699966 0.01454979 0.001888275 -0.00762701 0.01610124 0.002961277 -0.007699966 0.01664572 0.002227365 -0.00763756 0.01995831 0.003559172 -0.007699966 0.01987779 0.002839446 -0.007649064 0.0238614 0.004049777 -0.007699966 0.0224384 0.003275871 -0.007654368 0.02582705 0.004212081 -0.007699966 0.02478754 0.003592014 -0.007659137 0.02779853 0.004305422 -0.007699966 0.02697151 0.00379616 -0.00766319 0.0297724 0.004319906 -0.007699966 0.0290296 0.003895342 -0.00736922 0.0338217 0.004821658 -0.007395446 0.008303999 0.003485143 -0.007370889 0.01026141 0.003450036 -0.007357776 0.01220619 0.00348109 -0.007003962 0.02991294 0.005575895 -0.006619215 0.02994763 0.00588572 -0.00584048 0.03593879 0.005414247 -0.006050467 0.03593438 0.005388617 -0.006012678 0.03395766 0.005710244 -0.006427586 0.0359162 0.005284011 -0.006398022 0.0339412 0.005603075 -0.00685966 0.03587639 0.005053997 -0.006769359 0.03391242 0.005414605 -0.007348299 0.03184926 0.005043566 -0.007062852 0.03189545 0.005392849 -0.006710529 0.03193295 0.005675852 -0.006315708 0.03195953 0.005876719 -0.005905926 0.03197467 0.005990982 -0.007011771 0.03585588 0.004936039 -0.007114112 0.03583955 0.004841864 -0.007100701 0.03387176 0.005149245 -0.007362306 0.01414054 0.003636837 -0.007377088 0.01607573 0.003849208 -0.007423937 0.01996695 0.004318416 -0.007474899 0.02389323 0.004668176 -0.007168591 0.02392405 0.005263984 -0.007498323 0.02586668 0.004765272 -0.007224023 0.02590489 0.005298197 -0.007519423 0.02784395 0.004800081 -0.007699966 0.03097778 0.003894031 -0.00766623 0.0317437 0.004245877 -0.007551074 0.0317974 0.004652142 -0.007537305 0.02982223 0.004764795 -0.007315874 0.02987021 0.005193412 -0.007273793 0.0278877 0.005276501 -0.006927788 0.02792674 0.005701661 -0.006204903 0.02397364 0.00622642 -0.007407069 0.01432561 -0.004852116 -0.007532 0.01425695 -0.004376411 -0.007632613 0.01409757 -0.003829896 -0.00768435 0.01387172 -0.003341794 -0.007650554 0.01404321 -0.003693938 -0.001019895 0.01610988 -0.009723007 -0.001784861 0.01605731 -0.009649813 -0.00187993 0.01604682 -0.009635031 -0.002639651 0.0159325 -0.009469866 -0.007147789 0.01440966 -0.005569577 -0.007012546 0.01446038 -0.005867063 -0.006626248 0.01461565 -0.006558835 -0.006422698 0.01469993 -0.006859481 -0.006160736 0.01480871 -0.007201135 -0.005806982 0.01495373 -0.00759989 -0.005203664 0.01519042 -0.008155822 -0.004884779 0.01530814 -0.008400499 -0.004541993 0.0154277 -0.008632242 -0.00408709 0.01557421 -0.00889641 -0.003375828 0.0157721 -0.009224355 -0.002925992 0.01587569 -0.00938487 -7.00031e-4 0.01906436 -0.009429752 -6.85509e-4 0.02175068 -0.009059488 -6.80387e-4 0.02351051 -0.008766293 -6.98047e-4 0.02408045 -0.0086627 -7.38453e-4 0.02473878 -0.00853765 -0.001602888 0.02866196 -0.007672846 -0.001137614 0.02703857 -0.008055806 -8.84687e-4 0.02585399 -0.008312821 -8.32062e-4 0.02552962 -0.008379936 -0.002138555 0.03029942 -0.00725013 -0.002479434 0.03109186 -0.007032275 -0.003006339 0.03198271 -0.00677675 -0.004852831 0.03343397 -0.006246328 -0.005237936 0.0345478 -0.005948007 -0.005239248 0.03446429 -0.005967617 -0.005186319 0.03406864 -0.006060481 -0.005133748 0.03390496 -0.006102085 -0.004947841 0.03355598 -0.006204426 -0.004116833 0.0329433 -0.006464958 -0.004477918 0.03311276 -0.006378114 -0.004557371 0.03316551 -0.006353974 -0.004001617 0.03290939 -0.00648427 -0.005355 0.03549224 -0.005660057 -0.005511224 0.03587448 -0.005527496 -0.005607604 0.0361889 -0.005416989 -0.005666077 0.03646868 -0.00531733 -0.00584048 0.03915292 0.003598392 -0.00584048 0.03831875 0.00437963 -0.00584048 0.04047334 4.88004e-4 -0.00584048 0.04025393 0.001609504 -0.00584048 0.03904122 -0.003723382 -0.00584048 0.03972405 -0.002806901 -0.006043732 0.0368734 -0.00513941 -0.006491482 0.03682768 -0.005013883 -0.006363213 0.03714519 -0.004941225 -0.007190704 0.03855448 -0.003274977 -0.007190704 0.03780025 -0.003939509 -0.00685966 0.03617811 0.004992306 -0.00584048 0.03626209 0.005348265 -0.007190704 0.0361101 0.004704177 -0.007190704 0.03705906 0.004372775 -0.007190704 0.03865265 0.003165066 -0.007190704 0.03791904 0.003852248 -0.007190704 0.03922837 0.002341032 -0.007190704 0.03962123 0.001415669 -0.007190704 0.03981411 4.29231e-4 -0.007190704 0.03979873 -5.75874e-4 -0.007190704 0.03957593 -0.001555979 -0.007190704 0.039155 -0.002468883 -0.007190704 0.03692471 -0.004433572 -0.007152438 0.03666949 -0.004579961 -0.00584048 0.03688192 -0.005162656 -0.00584048 0.03718835 -0.005040526 -0.00584048 0.03818362 -0.004478812 -0.00584048 0.04045581 -6.54721e-4 -0.00584048 0.04020243 -0.001769125 -0.00584048 0.03980737 0.002661526 -0.00584048 0.03734099 0.004971504 -0.006363213 0.03812086 -0.004390597 -0.006363213 0.03896158 -0.003650069 -0.006363213 0.03963088 -0.002751708 -0.006363213 0.04009991 -0.001734197 -0.006363213 0.04034841 -6.41823e-4 -0.006363213 0.04036539 4.7839e-4 -0.006363213 0.04015046 0.001577854 -0.006363213 0.03971266 0.002609074 -0.006363213 0.03907108 0.003527522 -0.006363213 0.0382533 0.004293382 -0.006363213 0.03729492 0.004873514 -0.006363213 0.03623718 0.005242884 -0.00678575 0.03677386 -0.004866302 -0.00685966 0.03704267 -0.00470519 -0.00685966 0.03797179 -0.004180908 -0.00685966 0.03877234 -0.003475666 -0.00685966 0.03940963 -0.00262022 -0.00685966 0.03985631 -0.001651406 -0.00685966 0.04009276 -6.11158e-4 -0.00685966 0.04010903 4.55532e-4 -0.00685966 0.03990435 0.001502454 -0.00685966 0.03948754 0.0024845 -0.00685966 0.03887659 0.00335896 -0.00685966 0.03809785 0.004088222 -0.00685966 0.03718525 0.004640698 -0.007687032 0.03180336 -0.002938449 -0.007644355 0.03225785 -0.003376603 -0.007584512 0.0328291 -0.003777921 -0.007531166 0.03345841 -0.004081428 -0.00752753 0.03351151 -0.004101455 -0.007497072 0.03412985 -0.004279017 -0.007485747 0.03482741 -0.004364967 -0.007485926 0.03501951 -0.004368603 -0.007491171 0.03554105 -0.004335165 -0.007493138 0.03567212 -0.004316747 -0.007500886 0.03631043 -0.004167318 -0.007699966 0.03023886 -0.002144396 -0.007699966 0.01412516 -0.002857625 -0.007699966 0.02940905 -0.001954138 -0.007699966 0.02832078 -0.001847445 -0.007699966 0.02343946 -0.001700878 -0.007699966 0.02228409 -0.001874566 -0.007699966 0.02586793 -0.001664698 -0.007699966 0.02456027 -0.001639485 -0.007699966 0.02415215 -0.001651108 -0.007699966 0.01961743 -0.002298772 -0.007699966 0.01680248 -0.002637565 -0.003227472 0.02399468 -0.008199334 -0.003225386 0.02254927 -0.008453547 -0.003874421 0.02250164 -0.008167743 -0.00713247 0.03050792 -0.004304349 -0.007346808 0.03037858 -0.003847241 -0.007410407 0.03190785 -0.004010856 -0.007324159 0.02964121 -0.003834724 -0.007470071 0.02734476 -0.003355622 -0.007603824 0.02720659 -0.002788424 -0.007611095 0.02864485 -0.002823293 -0.007597506 0.02578783 -0.002778947 -0.00724709 0.02605938 -0.003991425 -0.007227182 0.02465432 -0.004104495 -0.007444322 0.02452445 -0.003469765 -0.005967438 0.03617846 -0.005387604 -0.005668461 0.03402566 -0.00592339 -0.002564847 0.01674813 -0.009420692 -0.001903355 0.01676172 -0.00956887 -0.00763452 0.0316776 -0.003250718 -0.007620096 0.03011482 -0.002915084 -0.00761497 0.02936965 -0.002840042 -0.007591009 0.01624572 -0.003926753 -0.007439494 0.01630598 -0.004585683 -0.007218122 0.01636612 -0.005243301 -0.006925404 0.01642519 -0.005888879 -0.006562232 0.01648211 -0.006511092 -0.006131649 0.01653575 -0.007098793 -0.005639076 0.0165854 -0.007641375 -0.005092263 0.01663011 -0.008129596 -0.004500389 0.01666909 -0.008555769 -0.003874421 0.01670181 -0.008914589 -0.003225386 0.01672828 -0.009203135 -0.001903355 0.02260959 -0.008815765 -0.001906037 0.02406162 -0.00856024 -0.002012372 0.02550905 -0.00827974 -0.002252042 0.02695173 -0.007974922 -0.002585709 0.02838885 -0.00764513 -0.004217386 0.03266447 -0.00650835 -0.005011737 0.03260058 -0.006297171 -0.005448818 0.03477996 -0.005858421 -0.007359862 0.03587186 -0.004522562 -0.007481217 0.03347069 -0.004205465 -0.007183372 0.03364843 -0.004755496 -0.007258117 0.03440314 -0.004727125 -0.007319033 0.03514647 -0.004654765 -0.007274746 0.0274825 -0.003921747 -0.007307112 0.02891916 -0.00386554 -0.007068634 0.02905356 -0.00437659 -0.006940007 0.02478194 -0.004727602 -0.007016599 0.02761781 -0.004477441 -0.00658369 0.0249049 -0.005328238 -0.00601989 0.02941858 -0.005764067 -0.005881667 0.02798497 -0.005985975 -0.006316304 0.02787137 -0.005518913 -0.005677819 0.02512824 -0.006419301 -0.006161153 0.02502107 -0.005895555 -0.00701642 0.03212964 -0.004742801 -0.006550729 0.03075033 -0.005160987 -0.006866276 0.03063261 -0.004744887 -0.006772518 0.02918314 -0.004869282 -0.00745511 0.02592372 -0.003385782 -0.007593095 0.02439427 -0.002833724 -0.00487709 0.0281766 -0.006773114 -0.004692912 0.02674269 -0.007041931 -0.005141258 0.02522474 -0.006890416 -0.002873778 0.02692115 -0.007838487 -0.003169417 0.02835786 -0.007517576 -0.00297451 0.02982014 -0.007289886 -0.003808856 0.03195554 -0.0067119 -0.00345242 0.03124511 -0.006909728 -0.004421234 0.03117179 -0.006650865 -0.004210412 0.03045791 -0.006826221 -0.004581332 0.02968382 -0.006771922 -0.007009804 0.03526991 -0.005014181 -0.007084012 0.03598523 -0.0048424 -0.006743609 0.0360769 -0.005101025 -0.006201565 0.03544068 -0.005510807 -0.006457448 0.03465515 -0.005483627 -0.006628513 0.03536993 -0.005304992 -0.006764233 0.03380686 -0.005245864 -0.006696224 0.02774816 -0.005012989 -0.006421506 0.02930557 -0.005334556 -0.006189823 0.03085899 -0.005545139 -0.006461799 0.03232735 -0.005395472 -0.006247282 0.03393501 -0.005642533 -0.005962312 0.03473496 -0.005723178 -0.005758821 0.03548061 -0.005627155 -0.005399227 0.02808725 -0.006406188 -0.005574107 0.02952033 -0.006150484 -0.005091667 0.02960914 -0.006487846 -0.005789101 0.0309568 -0.005890727 -0.005355477 0.03104209 -0.006192505 -0.005777657 0.03248733 -0.00592339 -0.006362617 0.03614187 -0.00528413 -0.004560649 0.02530884 -0.007301867 -0.005093455 0.02379804 -0.007139801 -0.005639076 0.02229166 -0.006906569 -0.003179371 0.03053331 -0.007102549 -0.0040524 0.0297439 -0.007000327 -0.003752171 0.02831226 -0.007330358 -0.004324734 0.02825176 -0.007081985 -0.00349462 0.02687627 -0.007638156 -0.004104614 0.02681678 -0.007372379 -0.003309667 0.02543681 -0.007926762 -0.003946423 0.02537977 -0.007648169 -0.003876209 0.02394187 -0.007914602 -0.004501879 0.02387613 -0.007560372 -0.004500389 0.02244246 -0.007812201 -0.005092263 0.02237218 -0.007390141 -0.002564847 0.02258515 -0.008669018 -0.002567172 0.0240345 -0.00841403 -0.002661406 0.02547985 -0.008136749 -0.001903355 0.01969254 -0.009246289 -0.002564847 0.01967358 -0.009098768 -0.003225386 0.01964569 -0.008882045 -0.003874421 0.01960861 -0.008594691 -0.004500389 0.01956266 -0.008237302 -0.005092263 0.019508 -0.007812857 -0.005639076 0.0194453 -0.007326722 -0.006131649 0.02220219 -0.006369113 -0.006131649 0.01937574 -0.006786346 -0.006562232 0.02210515 -0.005786955 -0.006562232 0.01930034 -0.006200969 -0.006925404 0.02200251 -0.005170643 -0.006925404 0.01922053 -0.0055812 -0.007218122 0.02189612 -0.004531145 -0.007218122 0.01913768 -0.004938364 -0.007439494 0.02178764 -0.003879845 -0.007439494 0.01905328 -0.004283428 -0.007591009 0.02167892 -0.003227174 -0.007591009 0.01896882 -0.003627121 -0.006562829 0.02350175 -0.005542695 -0.006925821 0.02338773 -0.004928648 -0.007218301 0.02326959 -0.004291594 -0.007439613 0.02314913 -0.003642559 -0.007591009 0.02302849 -0.002992272</float_array>
          <technique_common>
            <accessor source="#R_little_prox-mesh-positions-array" count="3785" stride="3">
              <param name="X" type="float"/>
              <param name="Y" type="float"/>
              <param name="Z" type="float"/>
            </accessor>
          </technique_common>
        </source>
        <source id="R_little_prox-mesh-normals">
          <float_array id="R_little_prox-mesh-normals-array" count="26367">0 -0.9814668 -0.1916325 0 -0.9814668 -0.1916325 -1.2972e-7 -0.9814668 -0.1916325 0 -0.981477 -0.1915802 0 -0.981477 -0.1915802 0 -0.981477 -0.1915802 0 -0.8985211 -0.4389304 0 -0.8984038 -0.4391707 0 -0.8984038 -0.4391707 0 -0.8984038 -0.4391707 0 -0.7947044 -0.6069966 0 -0.7947044 -0.6069966 0 -0.7947044 -0.6069966 0 -0.79482 -0.6068454 0 -0.79482 -0.6068454 0 -0.79482 -0.6068454 0 -0.610704 -0.791859 0 -0.6106651 -0.791889 0 -0.4436498 -0.8962003 0 -0.4436493 -0.8962005 0 -0.1963023 -0.9805435 0 0.1961587 -0.9805723 0 0.1961484 -0.9805743 0 0.443285 -0.8963809 0 0.443285 -0.8963808 0 0.4432849 -0.8963809 0 0.4435845 -0.8962326 0 0.6106659 -0.7918884 0 0.6107032 -0.7918597 0 0.7948482 -0.6068086 0 0.7945955 -0.6071392 6.57225e-7 0.7945955 -0.6071392 0 0.7945955 -0.6071392 0 0.8985211 -0.4389304 0 0.9814586 -0.1916742 0 0.9814587 -0.1916742 0 0.9814586 -0.1916742 0 0.9814586 -0.1916745 0 0.9814586 -0.1916745 0 0.9814586 -0.1916745 0 -0.4433485 -0.8963494 0 -0.4433485 -0.8963494 0 -0.4433485 -0.8963494 0 -0.6106659 -0.7918884 0 -0.6107032 -0.7918597 0 -0.7948208 -0.6068442 0 -0.7948208 -0.6068442 0 -0.7948208 -0.6068442 0 -0.79482 -0.6068454 0 -0.79482 -0.6068454 0 -0.79482 -0.6068454 0 -0.8985511 -0.4388692 0 -0.9814496 -0.191721 0 -0.9814496 -0.191721 0 -0.9814496 -0.191721 0 -0.9814668 -0.1916328 0 -0.9814667 -0.1916328 0 -0.9814667 -0.1916328 0 0.9814586 -0.1916742 0 0.9814587 -0.1916742 0 0.9814586 -0.1916742 0 0.9814586 -0.1916745 0 0.9814586 -0.1916745 0 0.9814586 -0.1916745 0 0.7948874 -0.6067569 0 0.7948471 -0.6068097 0 0.610704 -0.791859 0 0.6106651 -0.791889 0 0.4432842 -0.8963811 0 0.4432842 -0.8963812 2.10289e-7 0.4432842 -0.8963811 0 0.4432845 -0.8963811 0 0.4432844 -0.896381 0 0.4432845 -0.896381 0.1914415 0.5994104 -0.7772113 0.554552 0.5473624 -0.6267907 0.6506247 0.1903848 -0.735147 0.1300995 0.9803762 -0.1481105 0.1300995 0.9803763 -0.1481105 0.1300995 0.9803761 -0.1481106 0.04731547 0.980352 -0.1914974 0.04731547 0.980352 -0.1914974 0.04731553 0.980352 -0.1914973 0.04713267 0.9803824 -0.1913868 0.04713273 0.9803824 -0.1913868 0.04713273 0.9803824 -0.1913868 0.1074554 0.8933572 -0.4363101 0.6504859 0.1906683 -0.7351964 0.2347173 0.190667 -0.953181 0.2347094 0.1906746 -0.9531815 0.9175399 0.190312 -0.3491445 0.9174861 0.1905975 -0.3491305 0.9174861 0.1905975 -0.3491304 0.8424857 0.432938 -0.3205975 0.8424855 0.432938 -0.3205977 0.8424856 0.432938 -0.3205976 0.7710617 0.5500683 -0.3207631 0.748295 0.5991329 -0.2847709 0.5776979 0.786086 -0.2198504 0.5776979 0.786086 -0.2198504 0.5776979 0.786086 -0.2198504 0.4201208 0.8932726 -0.1598836 0.4201208 0.8932726 -0.1598835 0.4201208 0.8932726 -0.1598835 0.5059542 0.8308479 -0.2317374 0.3722455 0.8272112 -0.4208979 0.5545755 0.5472531 -0.6268654 0.5545754 0.5472531 -0.6268655 0.2245106 0.5501129 -0.804345 0.2155369 0.4329246 -0.8752829 0.2155369 0.4329246 -0.8752829 0.2155369 0.4329246 -0.875283 0.147805 0.7861218 -0.6001386 0.1685097 0.8308468 -0.5303756 0.3723416 0.8271985 -0.4208376 0.1312806 0.9801743 -0.1484041 0.184319 0.9803581 -0.07017493 0.184319 0.9803581 -0.07017505 0.184319 0.9803581 -0.07017499 0.1877831 0.9790017 -0.0793308 0.1877831 0.9790017 -0.07933074 0.1877831 0.9790017 -0.07933074 0.1895119 0.9814349 -0.02950972 0.1895119 0.9814349 -0.02950978 0.1895119 0.981435 -0.02950972 0.006115257 -0.9814493 -0.1916247 0.006115198 -0.9814493 -0.1916247 0.006115257 -0.9814493 -0.1916247 0.2347167 -0.1908245 -0.9531496 0.234699 -0.1908026 -0.9531583 0.2155009 -0.4332271 -0.8751421 0.2245228 -0.5501437 -0.8043205 0.1914303 -0.5993754 -0.7772411 0.147812 -0.7860672 -0.6002083 0.147812 -0.7860672 -0.6002084 0.1478121 -0.7860672 -0.6002083 0.1684983 -0.8307612 -0.5305131 0.1684983 -0.8307613 -0.5305131 0.1684982 -0.8307613 -0.5305132 0.1075444 -0.893143 -0.4367263 0.1075445 -0.893143 -0.4367263 0.1075445 -0.893143 -0.4367263 0.04707759 -0.9804258 -0.1911782 0.05595397 -0.9789808 -0.1961272 0.05595397 -0.9789808 -0.1961272 0.05595397 -0.9789808 -0.1961272 0.6505716 -0.1907895 -0.7350891 0.6504921 -0.1905357 -0.7352253 0.5544868 -0.5475128 -0.626717 0.5544635 -0.547352 -0.6268781 0.37235 -0.8271944 -0.4208386 0.37235 -0.8271943 -0.4208386 0.37235 -0.8271943 -0.4208385 0.3723714 -0.8271501 -0.4209068 0.3723713 -0.8271501 -0.4209069 0.3723713 -0.8271501 -0.4209068 0.130883 -0.9803002 -0.1479235 0.130883 -0.9803002 -0.1479235 0.130883 -0.9803002 -0.1479235 0.131077 -0.9803944 -0.1471248 0.131077 -0.9803944 -0.1471248 0.131077 -0.9803944 -0.1471248 0.9175205 -0.1904049 -0.3491448 0.9175202 -0.1904537 -0.3491191 0.7823548 -0.5470869 -0.2976862 0.7823548 -0.5470869 -0.2976862 0.7821955 -0.54732 -0.2976763 0.5252725 -0.8271312 -0.1998574 0.5252725 -0.8271312 -0.1998574 0.5252725 -0.8271312 -0.1998573 0.5251904 -0.8271816 -0.1998642 0.5251904 -0.8271816 -0.1998642 0.5251904 -0.8271816 -0.1998642 0.1837608 -0.9804795 -0.06994259 0.1842868 -0.9803522 -0.07034152 0.1842868 -0.9803522 -0.07034152 0.1842868 -0.9803522 -0.07034152 -4.09401e-7 0 -1 4.09401e-7 0 -1 0 0 -1 2.04726e-7 0 -1 0 0 -1 0 0 -1 2.04726e-7 0 -1 0 0 -1 -1.53525e-7 0 -1 -2.04726e-7 0 -1 0 -1 2.2197e-6 0 -1 -1.60471e-5 0 -1 8.41408e-6 0 -1 0 0 -1 -1.89976e-5 0 -1 9.29133e-6 0 -1 3.07684e-4 0 -1 3.07528e-4 0 -1 3.07687e-4 0 -1 -3.12742e-6 0 -1 -1.07267e-4 -0.8824328 -0.4365631 -0.1752858 -0.9624064 -0.1926518 -0.191466 -0.9624064 -0.1926518 -0.191466 -0.9624064 -0.1926518 -0.191466 -0.1518885 -0.983174 -0.1014829 -0.1518885 -0.9831741 -0.1014829 -0.2029535 -0.9752752 -0.08745419 -0.1016168 -0.9831277 -0.1520985 -0.1385211 -0.9778709 -0.156782 -0.03696799 -0.9818816 -0.1858548 -0.04715842 -0.9804419 -0.1910755 -0.9624417 -0.1925408 -0.1914004 -0.9624417 -0.1925408 -0.1914003 -0.9624417 -0.1925408 -0.1914003 -0.879484 -0.1958743 -0.4337524 -0.879484 -0.1958743 -0.4337524 -0.879484 -0.1958743 -0.4337524 -0.8041 -0.2543975 -0.537313 -0.7781866 -0.1947117 -0.5970873 -0.7781865 -0.1947116 -0.5970873 -0.7781865 -0.1947117 -0.5970873 -0.5970474 -0.1947492 -0.7782078 -0.5970475 -0.1947492 -0.7782077 -0.5970474 -0.1947492 -0.7782077 -0.5373441 -0.2541232 -0.8041659 -0.4339916 -0.195914 -0.8793571 -0.1913451 -0.1926674 -0.9624273 -0.6027308 -0.7888731 -0.1199789 -0.6027308 -0.7888731 -0.1199789 -0.6027308 -0.7888731 -0.1199789 -0.7823197 -0.6031097 -0.1556754 -0.7823197 -0.6031096 -0.1556754 -0.7823197 -0.6031096 -0.1556754 -0.8098953 -0.5537624 -0.1934339 -0.8098953 -0.5537624 -0.1934339 -0.6938066 -0.5511147 -0.4635786 -0.6938066 -0.5511147 -0.4635785 -0.6937536 -0.5509943 -0.4638012 -0.6937535 -0.5509943 -0.4638012 -0.4635769 -0.5511753 -0.6937596 -0.4636465 -0.5510029 -0.6938499 -0.4636466 -0.5510029 -0.6938499 -0.2111948 -0.9772571 -0.01912003 -0.2111948 -0.9772571 -0.01912009 -0.2111948 -0.9772571 -0.01912009 -0.1911652 -0.9808195 -0.03806686 -0.4374081 -0.8950411 -0.08703857 -0.4374081 -0.8950411 -0.08703857 -0.4374082 -0.8950411 -0.08703857 -0.1913515 -0.1926745 -0.9624246 -0.1755281 -0.4364713 -0.8824301 -0.1755281 -0.4364712 -0.8824301 -0.1755281 -0.4364713 -0.8824301 -0.1933215 -0.5538889 -0.8098357 -0.1555698 -0.6032499 -0.7822325 -0.1198467 -0.7890856 -0.602479 -0.1198467 -0.7890856 -0.6024789 -0.1198467 -0.7890856 -0.6024789 -0.531921 -0.8330711 -0.1518307 -0.5319211 -0.8330712 -0.1518307 -0.531921 -0.8330711 -0.1518307 -0.4640591 -0.8297593 -0.3100787 -0.4640591 -0.8297593 -0.3100787 -0.4642855 -0.8296256 -0.3100976 -0.3101158 -0.8295828 -0.4643496 -0.3101913 -0.8295655 -0.4643301 -0.1521841 -0.8328329 -0.532193 -0.08704292 -0.894994 -0.4375035 -0.08704292 -0.8949941 -0.4375035 -0.08704292 -0.8949941 -0.4375035 -0.1755261 0.4365299 -0.8824014 -0.1755262 0.43653 -0.8824014 -0.1755262 0.4365299 -0.8824014 -0.1913514 0.1925258 -0.9624544 -0.1014422 0.9831854 -0.1518421 -0.1014422 0.9831854 -0.1518421 -0.1014423 0.9831854 -0.1518421 -0.08763968 0.9751639 -0.203408 -0.08763968 0.9751639 -0.203408 -0.08763968 0.9751638 -0.2034079 -0.1528631 0.9829603 -0.1020888 -0.1570876 0.9778059 -0.138634 -0.1570876 0.9778059 -0.138634 -0.1570876 0.9778059 -0.138634 -0.1860614 0.9818405 -0.03701853 -0.1860614 0.9818406 -0.03701853 -0.1860614 0.9818406 -0.03701841 -0.1916328 0.980325 -0.04732698 -0.1916328 0.980325 -0.04732704 -0.1916328 0.980325 -0.04732704 -0.1913532 0.192526 -0.962454 -0.4340096 0.195771 -0.8793801 -0.5373846 0.2539455 -0.804195 -0.5971167 0.1946444 -0.7781807 -0.5971167 0.1946445 -0.7781808 -0.7781897 0.1945684 -0.59713 -0.7781897 0.1945684 -0.59713 -0.7781896 0.1945684 -0.59713 -0.804261 0.2537483 -0.537379 -0.8795286 0.19576 -0.4337136 -0.8795287 0.1957601 -0.4337136 -0.8795287 0.19576 -0.4337136 -0.9624136 0.1927092 -0.191372 -0.9624137 0.1927092 -0.191372 -0.9624137 0.1927092 -0.191372 -0.1198047 0.789144 -0.6024107 -0.1555698 0.6032499 -0.7822325 -0.1933137 0.5538619 -0.8098561 -0.4636067 0.5510824 -0.6938134 -0.4636067 0.5510824 -0.6938135 -0.4636067 0.5510824 -0.6938135 -0.4634171 0.5511379 -0.693896 -0.6938033 0.5511499 -0.4635418 -0.6937721 0.5514192 -0.4632678 -0.01919955 0.9772508 -0.2112164 -0.01919955 0.9772508 -0.2112164 -0.0191996 0.9772507 -0.2112164 -0.03810244 0.9807426 -0.1915517 -0.0381025 0.9807427 -0.1915516 -0.03810244 0.9807427 -0.1915516 -0.08697974 0.8951437 -0.4372099 -0.9624028 0.192941 -0.1911929 -0.8824297 0.4365616 -0.1753052 -0.809891 0.5537655 -0.1934438 -0.809891 0.5537655 -0.1934438 -0.809891 0.5537655 -0.1934438 -0.7824372 0.6028925 -0.1559256 -0.6022341 0.7892476 -0.1200097 -0.1518695 0.8331742 -0.5317486 -0.309845 0.8299189 -0.4639298 -0.3098588 0.8299352 -0.4638915 -0.4638853 0.8299815 -0.3097439 -0.4640597 0.8297492 -0.3101049 -0.4640597 0.8297492 -0.3101049 -0.4640596 0.8297492 -0.3101049 -0.5319611 0.8330413 -0.151854 -0.5319611 0.8330413 -0.1518541 -0.5319611 0.8330413 -0.1518541 -0.4375014 0.8950008 -0.08698427 -0.4375014 0.8950008 -0.08698433 0 1 -3.20942e-5 0 1 0 0 1 3.05967e-6 0 1 -2.48293e-4 0 1 2.70362e-4 0 1 -8.68932e-5 0 0.9999998 7.2124e-4 0 1 2.2197e-6 0 1 6.96579e-5 0 1 6.19422e-6 0 1 -4.34169e-5 0 1 -3.9889e-5 0 1 -4.02454e-5 0 1 -3.98825e-5 0 1 -3.12742e-6 0 1 -1.07267e-4 0.8824576 0.4363899 -0.1755921 0.8824576 0.4363899 -0.1755921 0.8824575 0.4363899 -0.1755921 0.962434 0.1925894 -0.1913899 0.962434 0.1925895 -0.1913899 0.9624341 0.1925895 -0.19139 0.1523483 0.9830737 -0.1017657 0.2034227 0.9751594 -0.08765578 0.2034227 0.9751594 -0.08765578 0.2034227 0.9751594 -0.08765578 0.1020786 0.9829742 -0.1527799 0.1386307 0.977814 -0.1570395 0.1386308 0.977814 -0.1570395 0.1386307 0.977814 -0.1570395 0.03704941 0.9818092 -0.1862207 0.03704941 0.9818092 -0.1862207 0.03704947 0.9818092 -0.1862207 0.04732453 0.9803246 -0.1916357 0.04732453 0.9803246 -0.1916357 0.04732447 0.9803245 -0.1916357 0.9624742 0.1924121 -0.1913663 0.9624742 0.1924121 -0.1913663 0.9624742 0.1924121 -0.1913663 0.8795287 0.19576 -0.4337136 0.8795287 0.19576 -0.4337136 0.8795286 0.19576 -0.4337136 0.8041475 0.2542148 -0.5373283 0.8041475 0.2542148 -0.5373283 0.7781904 0.1946597 -0.5970991 0.7781903 0.1946598 -0.5970992 0.7781904 0.1946598 -0.5970992 0.5970782 0.1947286 -0.7781893 0.5970782 0.1947286 -0.7781893 0.5970783 0.1947286 -0.7781893 0.537379 0.2539429 -0.8041996 0.4340096 0.195771 -0.8793801 0.1913507 0.1925243 -0.9624548 0.6022341 0.7892476 -0.1200097 0.7824372 0.6028925 -0.1559256 0.8097498 0.5540296 -0.1932786 0.6938049 0.5511221 -0.4635723 0.693805 0.5511221 -0.4635723 0.6937589 0.5509976 -0.4637889 0.6937589 0.5509976 -0.4637889 0.6937589 0.5509977 -0.4637889 0.4635769 0.5511753 -0.6937596 0.4633416 0.5513649 -0.6937661 0.2112933 0.9772343 -0.01919239 0.2112933 0.9772343 -0.01919239 0.2112933 0.9772343 -0.01919239 0.1915733 0.9807376 -0.0381236 0.1915732 0.9807376 -0.03812366 0.1915733 0.9807376 -0.03812354 0.4375014 0.8950008 -0.08698433 0.4375013 0.8950004 -0.08698898 0.4375014 0.8950008 -0.08698421 0.1913503 0.1925239 -0.962455 0.1754466 0.4368261 -0.8822706 0.1936134 0.5535264 -0.8100139 0.1936135 0.5535264 -0.8100138 0.1936135 0.5535264 -0.8100138 0.1555698 0.6032499 -0.7822325 0.1199257 0.7888522 -0.6027688 0.1199257 0.7888522 -0.6027688 0.1199257 0.7888522 -0.6027687 0.532033 0.8330023 -0.1518158 0.532033 0.8330024 -0.1518158 0.532033 0.8330023 -0.1518158 0.4639102 0.8299495 -0.3097924 0.4640316 0.8297934 -0.3100285 0.4640316 0.8297934 -0.3100285 0.4640316 0.8297933 -0.3100285 0.3098238 0.8299453 -0.4638966 0.309891 0.829907 -0.4639202 0.1518713 0.8331817 -0.5317361 0.08697974 0.8951437 -0.4372099 0 -1 -3.20942e-5 0 -1 3.02654e-4 0 -1 3.02651e-4 0 -1 3.02643e-4 0 -1 1.24146e-4 0 -1 1.35181e-4 0 -1 -4.34466e-5 0 -1 -3.57846e-5 0.1755268 -0.4364731 -0.8824295 0.1755269 -0.4364731 -0.8824295 0.1755269 -0.4364731 -0.8824295 0.1913458 -0.1926689 -0.9624269 0.1013015 -0.9832267 -0.1516689 0.08742749 -0.9752414 -0.2031272 0.1525236 -0.9830325 -0.1019011 0.1525236 -0.9830325 -0.1019011 0.1525236 -0.9830325 -0.1019012 0.1570195 -0.9778066 -0.1387052 0.1570195 -0.9778067 -0.1387052 0.1570195 -0.9778066 -0.1387052 0.185859 -0.9818794 -0.03700488 0.1910897 -0.9804362 -0.04722076 0.1913487 -0.1926708 -0.962426 0.4339916 -0.195914 -0.8793571 0.5373441 -0.2541232 -0.8041659 0.5972989 -0.1943569 -0.7781127 0.7781906 -0.1942591 -0.5972293 0.8042236 -0.2539329 -0.5373477 0.879484 -0.1958743 -0.4337524 0.879484 -0.1958743 -0.4337524 0.9624201 -0.1925028 -0.1915471 0.9624201 -0.1925029 -0.1915471 0.1198578 -0.7890256 -0.6025553 0.1198577 -0.7890254 -0.6025553 0.1198578 -0.7890256 -0.6025553 0.1555698 -0.6032499 -0.7822325 0.1934885 -0.5536316 -0.8099718 0.1934885 -0.5536316 -0.8099718 0.1934885 -0.5536315 -0.8099718 0.4635172 -0.5513724 -0.6936429 0.4634071 -0.5511261 -0.6939121 0.6938033 -0.5511499 -0.4635418 0.6938366 -0.5510619 -0.4635964 0.6938366 -0.5510619 -0.4635965 0.6938366 -0.5510619 -0.4635965 0.01918971 -0.9772297 -0.2113147 0.01918965 -0.9772297 -0.2113147 0.01918965 -0.9772297 -0.2113147 0.03802394 -0.9808217 -0.191162 0.08704292 -0.8949941 -0.4375035 0.08704292 -0.8949941 -0.4375035 0.08704292 -0.894994 -0.4375035 0.9624153 -0.1926633 -0.19141 0.9624152 -0.1926633 -0.19141 0.8824328 -0.4365631 -0.1752858 0.8098915 -0.5537651 -0.1934427 0.8098915 -0.5537652 -0.1934427 0.8098915 -0.5537652 -0.1934427 0.7823197 -0.6031096 -0.1556754 0.7823197 -0.6031097 -0.1556754 0.7823197 -0.6031097 -0.1556754 0.6025758 -0.7890099 -0.1198573 0.6025758 -0.7890099 -0.1198573 0.6025758 -0.7890099 -0.1198573 0.1518445 -0.8330655 -0.5319261 0.1518445 -0.8330655 -0.531926 0.1518445 -0.8330655 -0.531926 0.310088 -0.8297321 -0.4641014 0.310088 -0.8297321 -0.4641015 0.3100879 -0.8297321 -0.4641015 0.3100512 -0.8297874 -0.4640272 0.4643265 -0.8296267 -0.3100332 0.4640577 -0.8297681 -0.3100573 0.4640576 -0.829768 -0.3100573 0.4640577 -0.8297681 -0.3100573 0.5320186 -0.8329114 -0.152364 0.4374082 -0.8950411 -0.08703857 0.4374081 -0.8950411 -0.08703857 0.4374082 -0.8950411 -0.08703863 -0.1914303 -0.5993754 -0.7772411 -0.554567 -0.5473771 -0.6267646 -0.6506051 -0.1905264 -0.7351277 -0.1298615 -0.9804581 -0.1477762 -0.04721856 -0.980435 -0.1910963 -0.04702651 -0.9804722 -0.1909525 -0.1074554 -0.8933572 -0.4363101 -0.6504626 -0.1908093 -0.7351805 -0.2347172 -0.1908148 -0.9531515 -0.2347003 -0.1908144 -0.9531556 -0.917515 -0.1904542 -0.3491324 -0.917527 -0.1904113 -0.3491246 -0.8424625 -0.4330176 -0.3205506 -0.8424625 -0.4330176 -0.3205506 -0.8424626 -0.4330176 -0.3205505 -0.7711036 -0.5498586 -0.3210216 -0.7711036 -0.5498585 -0.3210217 -0.7711036 -0.5498586 -0.3210217 -0.748295 -0.5991329 -0.2847709 -0.5777332 -0.7860679 -0.2198221 -0.5777332 -0.7860678 -0.219822 -0.5777332 -0.7860679 -0.2198221 -0.4204019 -0.8931216 -0.1599876 -0.5061134 -0.8306862 -0.2319695 -0.5061134 -0.8306861 -0.2319695 -0.3724516 -0.8270525 -0.4210273 -0.3724516 -0.8270525 -0.4210273 -0.5545755 -0.5472531 -0.6268654 -0.5545754 -0.5472531 -0.6268655 -0.2245269 -0.5501527 -0.8043133 -0.2155009 -0.4332271 -0.8751421 -0.147812 -0.7860672 -0.6002083 -0.147812 -0.7860672 -0.6002084 -0.147812 -0.7860673 -0.6002084 -0.168498 -0.8307613 -0.5305132 -0.168498 -0.8307612 -0.5305132 -0.168498 -0.8307613 -0.5305132 -0.3724359 -0.8270888 -0.4209699 -0.3724359 -0.8270889 -0.4209699 -0.3724359 -0.8270888 -0.4209699 -0.130997 -0.980265 -0.1480554 -0.130997 -0.980265 -0.1480554 -0.130997 -0.980265 -0.1480554 -0.184262 -0.9803747 -0.07009363 -0.184262 -0.9803746 -0.07009363 -0.184262 -0.9803746 -0.07009363 -0.1874202 -0.9790586 -0.07948499 -0.1894231 -0.9814496 -0.0295912 -0.1894231 -0.9814496 -0.02959114 -0.189423 -0.9814496 -0.02959126 -0.748295 0.5991329 -0.2847709 -0.5545017 0.5475276 -0.6266909 -0.6505916 0.1906476 -0.7351082 -0.1310877 0.9803903 -0.1471425 -0.1310877 0.9803904 -0.1471425 -0.1310877 0.9803904 -0.1471425 -0.1842362 0.9803683 -0.07024985 -0.1842362 0.9803684 -0.07024991 -0.1842362 0.9803683 -0.07024991 -0.184282 0.9803696 -0.07011288 -0.184282 0.9803695 -0.07011294 -0.184282 0.9803696 -0.07011294 -0.4201209 0.8932726 -0.1598835 -0.4201208 0.8932726 -0.1598836 -0.6504617 0.1907255 -0.7352029 -0.6504617 0.1907255 -0.735203 -0.9174596 0.1907438 -0.34912 -0.9174596 0.1907438 -0.34912 -0.9174596 0.1907438 -0.3491201 -0.9175422 0.1903107 -0.3491393 -0.2347168 0.1906767 -0.9531792 -0.2347093 0.1906638 -0.9531835 -0.2155009 0.4332271 -0.8751421 -0.2246133 0.5498446 -0.8044998 -0.2246133 0.5498446 -0.8044999 -0.1914415 0.5994104 -0.7772113 -0.147805 0.7861218 -0.6001386 -0.1074554 0.8933572 -0.4363101 -0.1685094 0.8308468 -0.5303757 -0.3722872 0.8271946 -0.4208936 -0.5544679 0.5473564 -0.6268704 -0.7710992 0.5498643 -0.3210224 -0.8424566 0.4329832 -0.3206126 -0.8424566 0.4329833 -0.3206125 -0.8424566 0.4329832 -0.3206125 -0.5776979 0.786086 -0.2198504 -0.5776979 0.786086 -0.2198504 -0.5776978 0.7860859 -0.2198504 -0.5060398 0.8307163 -0.2320218 -0.5060399 0.8307163 -0.2320218 -0.5060399 0.8307164 -0.2320218 -0.3722817 0.8272242 -0.4208405 -0.1310111 0.9802596 -0.1480789 -0.1310111 0.9802596 -0.1480789 -0.1310112 0.9802596 -0.1480789 -0.04718774 0.9803391 -0.1915951 -0.04718774 0.9803391 -0.1915951 -0.04718774 0.9803391 -0.1915951 -0.05590438 0.9790233 -0.1959291 -0.05590438 0.9790232 -0.1959291 -0.05590438 0.9790233 -0.1959291 -0.006131947 0.9814164 -0.1917927 -0.006132006 0.9814164 -0.1917927 -0.006132006 0.9814164 -0.1917927 0.934619 0 -0.3556507 0.6627472 0 -0.7488433 0.6624945 0 -0.7490668 0.6624945 0 -0.7490668 0.6624945 -1.60841e-7 -0.7490668 0.2391031 0 -0.9709942 0.2391025 0 -0.9709944 0.9852206 0.1076121 -0.1332662 0.8909069 0.4433771 -0.09849834 0.8909068 0.4433771 -0.0984984 0.8909069 0.4433771 -0.09849828 0.9907703 0.03517496 -0.1309086 0.9732467 0.1962432 -0.1194968 0.9732467 0.1962432 -0.1194969 0.9732467 0.1962432 -0.1194968 0.6806114 0.7282297 -0.08030927 0.8371993 0.5365529 -0.1058692 0.8371993 0.5365529 -0.1058694 0.8371994 0.5365529 -0.1058693 0.7861946 0.6103918 -0.09654045 0.9169664 0.3827469 -0.1125954 0.970524 0.205466 -0.1259638 0.1903473 0.9814386 -0.02337169 0.1903473 0.9814386 -0.02337169 0.1903472 0.9814386 -0.02337217 0.2569491 0.9660109 -0.02829116 0.2569491 0.9660109 -0.02829122 0.2569491 0.9660109 -0.02829116 0.4360694 0.8983182 -0.05355441 0.6020537 0.7950271 -0.07391476 0.8232334 -0.5586153 -0.1011717 0.5514376 -0.8314728 -0.06759893 0.5514377 -0.8314729 -0.06759887 0.5514377 -0.8314729 -0.06759893 0.5466896 -0.8346271 -0.0672909 0.5466896 -0.8346271 -0.06729084 0.5466897 -0.8346271 -0.0672909 0.1936437 -0.9807879 -0.02360916 0.1936437 -0.9807878 -0.0236091 0.1936437 -0.9807878 -0.0236091 0.1902819 -0.9814515 -0.02336609 0.1902819 -0.9814515 -0.02336609 0.1902817 -0.9814515 -0.02336776 0.9733092 -0.1959192 -0.1195196 0.9909716 -0.0265308 -0.1314205 0.9886352 -0.07780122 -0.1286376 0.9886351 -0.07780122 -0.1286376 0.9886352 -0.07780122 -0.1286376 0.7642985 -0.6285057 -0.144321 0.7642985 -0.6285056 -0.144321 0.7642985 -0.6285057 -0.144321 0.825091 -0.5558545 -0.1012452 0.9498504 -0.2901341 -0.1166468 0.9805599 -0.151701 -0.1244552 0.98056 -0.151701 -0.1244553 0.98056 -0.151701 -0.1244552 0.1592816 -0.6980567 -0.6981019 0.4464712 -0.559748 -0.6981015 0.4464454 -0.5597441 -0.6981212 0.6450572 -0.3106842 -0.6981236 0.6451002 -0.3106687 -0.6980908 0.715978 0 -0.6981229 0.7159782 0 -0.6981227 0.6450892 0.3106994 -0.6980873 0.6450747 0.3106566 -0.6981198 0.4464583 0.5597296 -0.6981245 0.4464572 0.5597592 -0.6981015 0.1593045 0.6980507 -0.6981027 0.159287 0.6980777 -0.6980797 -0.1593108 0.6980775 -0.6980745 -0.159282 0.6980562 -0.6981023 -0.4464725 0.5597476 -0.6981009 -0.4464471 0.5597452 -0.6981191 -0.6450582 0.3106848 -0.6981225 -0.6450998 0.3106701 -0.6980904 -0.7159768 0 -0.6981241 -0.715979 0 -0.6981219 -0.6450881 -0.3106988 -0.6980885 -0.6450768 -0.3106592 -0.6981167 -0.4464581 -0.5597309 -0.6981236 -0.4464575 -0.5597576 -0.6981026 -0.1593052 -0.6980484 -0.6981049 -0.1592862 -0.6980777 -0.6980798 0.1593111 -0.6980751 -0.6980767 -0.1913045 -0.9815307 0 -0.175739 -0.9844367 -5.36524e-4 -0.175739 -0.9844367 -5.41015e-4 -0.1757389 -0.9844366 -5.36562e-4 -0.438986 -0.898494 2.36343e-4 -0.438986 -0.898494 2.36329e-4 -0.438986 -0.898494 2.36339e-4 -0.4245234 -0.905417 0 -0.6069077 -0.7947724 0 -0.6069077 -0.7947724 0 -0.6069077 -0.7947724 0 -0.608719 -0.793386 5.18391e-5 -0.608719 -0.793386 5.18788e-5 -0.608719 -0.793386 5.19044e-5 -0.7921248 -0.6103593 -5.21051e-5 -0.7934967 -0.6085746 0 -0.8963029 -0.4434424 0 -0.9054 -0.4245597 2.33516e-4 -0.9805272 -0.1963824 -6.35446e-4 -0.9805272 -0.1963824 -6.35464e-4 -0.9805272 -0.1963824 -6.35462e-4 -0.9844099 -0.1758899 0 -0.9844099 -0.1758899 0 -0.9844099 -0.1758899 0 -0.1950033 0 -0.9808026 -0.4425632 0 -0.8967374 -0.4422649 0 -0.8968846 -0.4422648 0 -0.8968845 -0.4422648 0 -0.8968845 -0.6089123 0 -0.7932376 -0.7933008 0 -0.6088302 -0.7933003 0 -0.6088307 -0.8969867 0 -0.4420577 -0.8969871 0 -0.4420568 -0.9807664 0 -0.1951851 -0.9807664 0 -0.1951851 -0.9807664 0 -0.1951851 -0.9807946 0 -0.1950439 -0.9807946 0 -0.1950439 -0.9807946 0 -0.1950439 -0.9805567 0.196236 0 -0.9805567 0.1962361 0 -0.9805567 0.196236 0 -0.9843516 0.1762146 -7.07438e-4 -0.896315 0.4434176 3.09041e-4 -0.905391 0.4245787 0 -0.7921248 0.6103593 0 -0.7935629 0.6084883 -5.39655e-5 -0.6068829 0.7947914 5.3952e-5 -0.6068829 0.7947914 5.39037e-5 -0.6068829 0.7947914 5.20466e-5 -0.6084355 0.7936034 0 -0.4390721 0.8984519 0 -0.4390721 0.8984519 0 -0.4390721 0.8984519 0 -0.4247481 0.9053117 1.8478e-4 -0.1917001 0.9814535 -4.92011e-4 -0.1917001 0.9814534 -4.91988e-4 -0.1917001 0.9814534 -4.9197e-4 -0.1758993 0.9844081 0 -0.1758993 0.9844081 0 -0.1758993 0.9844081 0 0.1916061 0.981472 0 0.1916061 0.981472 0 0.1916061 0.981472 0 0.1757578 0.9844334 -5.35058e-4 0.1757578 0.9844334 -5.34999e-4 0.1757578 0.9844334 -5.35011e-4 0.438986 0.898494 2.34551e-4 0.438986 0.898494 2.34539e-4 0.438986 0.898494 2.34548e-4 0.4247481 0.9053117 0 0.606631 0.7949836 0 0.6086871 0.7934104 5.25688e-5 0.6086871 0.7934104 5.1133e-5 0.6086871 0.7934104 5.25722e-5 0.7921248 0.6103593 -5.30356e-5 0.7935628 0.6084884 0 0.8963029 0.4434424 0 0.9054 0.4245597 2.33516e-4 0.9805565 0.196236 -6.36498e-4 0.9805566 0.1962361 -6.36443e-4 0.9805565 0.196236 -6.36463e-4 0.9844109 0.1758844 0 0.9844109 0.1758844 0 0.9844109 0.1758844 0 0.1950033 0 -0.9808026 0.4425632 0 -0.8967374 0.4422649 0 -0.8968846 0.4422648 0 -0.8968845 0.4422648 0 -0.8968845 0.6089123 0 -0.7932376 0.7933009 0 -0.6088299 0.7933002 0 -0.6088309 0.8969866 0 -0.4420581 0.8969873 0 -0.4420565 0.9807664 0 -0.1951851 0.9807664 0 -0.1951851 0.9807664 0 -0.1951851 0.9807665 0 -0.195185 0.9807665 0 -0.195185 0.9807665 0 -0.195185 0.9805745 -0.1961474 0 0.9805744 -0.1961474 0 0.9805745 -0.1961474 0 0.9844266 -0.1757955 -7.10372e-4 0.9844266 -0.1757955 -7.10402e-4 0.9844266 -0.1757954 -7.10404e-4 0.896315 -0.4434176 3.09041e-4 0.905391 -0.4245787 0 0.7921248 -0.6103593 0 0.793205 -0.6089549 -5.50805e-5 0.7932049 -0.6089549 -5.30262e-5 0.7932049 -0.6089549 -5.51269e-5 0.6068928 -0.7947837 5.308e-5 0.6068928 -0.7947838 5.30226e-5 0.6068928 -0.7947837 5.30698e-5 0.6088858 -0.793258 0 0.6088857 -0.793258 0 0.6088857 -0.793258 0 0.4390721 -0.8984519 0 0.4390721 -0.8984519 0 0.4390721 -0.8984519 0 0.4245234 -0.905417 1.86257e-4 0.1913045 -0.9815307 -4.96637e-4 0.1757391 -0.9844369 0 0.175739 -0.9844369 0 0.175739 -0.9844369 0 -0.934619 0 -0.3556507 -0.6627468 0 -0.7488436 -0.6627463 0 -0.7488441 -0.2391033 0 -0.9709942 -0.2391023 0 -0.9709944 -0.9852344 -0.1074821 -0.1332693 -0.9852344 -0.1074821 -0.1332693 -0.9852345 -0.1074821 -0.1332693 -0.8908843 -0.4434216 -0.09850162 -0.8908843 -0.4434216 -0.09850162 -0.9907627 -0.03535813 -0.1309167 -0.9733092 -0.1959192 -0.1195196 -0.6809515 -0.7279057 -0.08036386 -0.8372042 -0.5365554 -0.1058183 -0.8372042 -0.5365554 -0.1058183 -0.786195 -0.6103921 -0.09653514 -0.9169917 -0.3826835 -0.1126041 -0.9705027 -0.2055703 -0.125958 -0.9705027 -0.2055703 -0.125958 -0.9705027 -0.2055703 -0.125958 -0.1902819 -0.9814515 -0.02336609 -0.1902819 -0.9814515 -0.02336609 -0.1902819 -0.9814515 -0.02336609 -0.2569749 -0.9660039 -0.028292 -0.2569749 -0.966004 -0.028292 -0.2569749 -0.9660039 -0.028292 -0.4360699 -0.8983191 -0.05353426 -0.6027818 -0.7944664 -0.07400882 -0.9732738 0.1961024 -0.1195078 -0.9732738 0.1961023 -0.1195077 -0.9732738 0.1961024 -0.1195077 -0.9907703 0.03517496 -0.1309086 -0.8909068 0.4433771 -0.09849834 -0.8909068 0.4433771 -0.0984984 -0.8909069 0.4433771 -0.09849828 -0.9852237 0.1075847 -0.1332665 -0.9705246 0.2054632 -0.1259639 -0.9147731 0.3880997 -0.1121101 -0.786158 0.6104083 -0.09673404 -0.8342043 0.5412963 -0.1053642 -0.8342043 0.5412963 -0.1053643 -0.8342043 0.5412963 -0.1053643 -0.6030138 0.7948085 -0.06822055 -0.6030138 0.7948085 -0.06822055 -0.6030138 0.7948085 -0.06822055 -0.6804291 0.7280372 -0.08353585 -0.4360694 0.8983182 -0.05355441 -0.2569491 0.9660109 -0.02829116 -0.2569491 0.9660109 -0.02829116 -0.2569491 0.9660109 -0.02829116 -0.1903473 0.9814386 -0.02337169 -0.1903473 0.9814386 -0.02337169 -0.1903473 0.9814386 -0.02337169 0.9925448 0 -0.1218806 0.9925448 0 -0.1218807 -0.359042 -0.9333215 0 -0.2224468 -0.9748822 -0.01105499 -0.4882297 -0.8727152 0 -0.6547989 -0.7557111 -0.01179563 -0.6235409 -0.7817807 -0.003949463 -0.9471962 -0.3206549 0 -0.900902 -0.4338611 -0.01183724 -0.8521115 -0.5233603 0 -0.7690467 -0.6391926 0 -0.7690469 -0.6391926 0 -0.7690467 -0.6391926 0 -0.9831789 -0.1826458 0 -0.9999749 0 -0.007091701 -0.9999749 0 -0.007091701 -0.8520451 0.5234683 0 -0.9009019 0.4338611 -0.0118497 -0.947226 0.3205667 0 -0.9831789 0.1826458 0 -0.7690467 0.6391926 0 -0.7690469 0.6391926 0 -0.7690467 0.6391926 0 -0.6548405 0.7557604 -0.003171443 -0.623517 0.7817525 -0.009464919 -0.4882297 0.8727152 0 -0.3590469 0.9333196 0 -0.2224478 0.974882 -0.01105546 0.359049 0.9333188 0 0.2224478 0.974882 -0.01105594 0.1421893 0.9898395 0 -0.1426643 0.9897713 0 -0.1426643 0.9897713 0 -0.1426643 0.9897713 -8.02271e-7 0.4882297 0.8727152 0 0.6547964 0.7557134 -0.01179528 0.6235393 0.781782 -0.003949642 0.947226 0.3205667 0 0.9009027 0.4338595 -0.01184946 0.8520472 0.5234652 0 0.7691374 0.6390835 0 0.7691373 0.6390835 0 0.7691374 0.6390835 0 0.9831764 0.1826586 0 0.9999749 0 -0.007092177 0.9999749 0 -0.007092237 0.8521136 -0.5233572 0 0.9009028 -0.4338595 -0.01183706 0.9471962 -0.3206549 0 0.9831764 -0.1826586 0 0.7691374 -0.6390835 0 0.7691373 -0.6390835 0 0.7691374 -0.6390835 0 0.6548397 -0.7557612 -0.003171443 0.6235168 -0.7817528 -0.009464621 0.4882297 -0.8727152 0 0.3590441 -0.9333207 0 0.2224468 -0.9748822 -0.01105523 0.1425231 -0.9897916 0 0.1425231 -0.9897915 -3.13652e-7 0.1425231 -0.9897915 0 -0.1421914 -0.9898392 0 -1 0 0 1 0 0 -0.9925448 0 -0.1218807 -0.9925449 0 -0.1218805 1 2.39722e-4 0 1 -2.30323e-5 0 1 -7.74263e-5 0 1 3.92396e-5 0 1 -2.37308e-7 0 -0.02527678 -0.1758241 -0.9840971 -0.02527678 -0.1758241 -0.9840971 -0.02527678 -0.1758241 -0.9840971 -0.07396906 -0.1620051 -0.9840137 -0.07382678 -0.1616628 -0.9840807 -0.07382678 -0.1616628 -0.9840807 -0.07382678 -0.1616628 -0.9840807 -0.1163846 -0.1343124 -0.9840807 -0.1163846 -0.1343125 -0.9840807 -0.1163846 -0.1343124 -0.9840807 -0.1163316 -0.1342529 -0.9840952 -0.1163316 -0.1342529 -0.9840952 -0.1163316 -0.1342528 -0.9840952 -0.1494327 -0.09603124 -0.9840975 -0.1494327 -0.09603124 -0.9840975 -0.1494327 -0.0960313 -0.9840975 -0.1494853 -0.09605532 -0.9840872 -0.1494853 -0.09605532 -0.9840872 -0.1494853 -0.09605532 -0.9840872 -0.170455 -0.05004918 -0.9840936 -0.170455 -0.05004918 -0.9840936 -0.170455 -0.05004918 -0.9840936 -0.1703975 -0.05003446 -0.9841043 -0.1703975 -0.05003452 -0.9841043 -0.1703975 -0.05003452 -0.9841043 -0.1776666 0 -0.9840908 -0.1776666 0 -0.9840908 -0.1776666 0 -0.9840908 -0.177482 0 -0.9841241 -0.1774821 0 -0.9841241 -0.177482 0 -0.9841241 -0.1704775 0.05005538 -0.9840894 -0.1704775 0.05005538 -0.9840894 -0.1704774 0.05005538 -0.9840894 -0.1703237 0.05000823 -0.9841185 -0.1703237 0.05000817 -0.9841184 -0.1703237 0.05000817 -0.9841185 -0.1497647 0.09622877 -0.9840278 -0.1494383 0.09603184 -0.9840966 -0.1494383 0.09603178 -0.9840966 -0.1494383 0.09603178 -0.9840966 -0.1163306 0.1342514 -0.9840955 -0.1163307 0.1342514 -0.9840955 -0.1163307 0.1342514 -0.9840955 -0.1163836 0.1343153 -0.9840805 -0.1163837 0.1343153 -0.9840805 -0.1163836 0.1343153 -0.9840805 -0.07395446 0.1619731 -0.9840201 -0.07378512 0.1615722 -0.9840987 -0.07378518 0.1615721 -0.9840987 -0.07378518 0.1615722 -0.9840987 -0.02530479 0.1759561 -0.9840728 -0.02530485 0.1759561 -0.9840728 -0.02530485 0.1759561 -0.9840728 -0.02531379 0.1761546 -0.984037 0.02528339 0.1758273 -0.9840963 0.02528339 0.1758273 -0.9840963 0.02528339 0.1758273 -0.9840963 0.02527725 0.175824 -0.9840971 0.02527719 0.1758239 -0.9840971 0.02527725 0.1758239 -0.9840971 0.0737878 0.1615713 -0.9840987 0.07378774 0.1615714 -0.9840987 0.07378774 0.1615713 -0.9840986 0.07382863 0.1616657 -0.9840801 0.07382863 0.1616657 -0.9840801 0.07382863 0.1616657 -0.9840801 0.1162884 0.1342048 -0.9841068 0.1162884 0.1342048 -0.9841068 0.1162884 0.1342047 -0.9841068 0.1162711 0.1341826 -0.9841119 0.1162711 0.1341826 -0.9841119 0.1162711 0.1341826 -0.9841119 0.1498352 0.0962736 -0.9840127 0.1493605 0.09598749 -0.9841127 0.1493605 0.09598755 -0.9841127 0.1493605 0.09598749 -0.9841127 0.170455 0.05004918 -0.9840936 0.170455 0.05004918 -0.9840936 0.170455 0.05004918 -0.9840936 0.1703059 0.05000394 -0.9841217 0.1703059 0.050004 -0.9841217 0.1703059 0.05000394 -0.9841217 0.1774783 0 -0.9841247 0.1774783 0 -0.9841247 0.1774783 0 -0.9841247 0.1776676 0 -0.9840906 0.1776676 0 -0.9840906 0.1776676 0 -0.9840906 0.1704775 -0.05005538 -0.9840894 0.1704775 -0.05005538 -0.9840894 0.1704774 -0.05005538 -0.9840894 0.1707672 -0.05016636 -0.9840335 0.1497675 -0.09623008 -0.9840272 0.1492711 -0.09593874 -0.9841311 0.1492712 -0.09593862 -0.984131 0.1492712 -0.09593862 -0.9841311 0.1164229 -0.1343529 -0.9840707 0.1164229 -0.1343529 -0.9840707 0.1164229 -0.1343528 -0.9840707 0.1162894 -0.134208 -0.9841062 0.1162895 -0.134208 -0.9841062 0.1162894 -0.134208 -0.9841062 0.07395309 -0.16197 -0.9840207 0.0737856 -0.1615724 -0.9840987 0.07378566 -0.1615724 -0.9840987 0.07378566 -0.1615724 -0.9840987 0.02530431 -0.175956 -0.9840728 0.02530437 -0.175956 -0.9840728 0.02530431 -0.175956 -0.9840728 0.0252757 -0.1758214 -0.9840975 0.0252757 -0.1758214 -0.9840975 0.0252757 -0.1758215 -0.9840976 -0.02534097 -0.1761488 -0.9840374 0.7570063 0.6293252 -0.175759 0.7570055 0.6293246 -0.1757647 0.7570055 0.6293246 -0.1757647 0.6448433 0.7442262 -0.1740821 0.6448699 0.744193 -0.1741258 0.6448699 0.744193 -0.1741258 0.6448699 0.7441929 -0.1741258 0.4805912 0.8592012 -0.1755147 0.4805912 0.8592012 -0.1755147 0.415118 0.9091734 -0.03287631 0.415118 0.9091734 -0.03287631 0.4151179 0.9091734 -0.03287625 0.8484798 0.5211661 -0.09202212 0.8484797 0.5211662 -0.09202212 0.8284406 0.5323932 -0.1739072 0.9325455 0.3157677 -0.1750711 0.9580223 0.2811177 -0.05626857 0.9679101 0.1797352 -0.1756287 0.9679101 0.1797352 -0.1756287 0.9679101 0.1797353 -0.1756287 0.984777 0 -0.1738224 0.984777 0 -0.1738224 0.984777 0 -0.1738224 0.9847268 0 -0.174107 0.9847267 0 -0.174107 0.9847268 0 -0.174107 0.6447698 -0.744293 -0.1740685 0.7570686 -0.62925 -0.1757605 0.7570685 -0.6292499 -0.1757605 0.7570685 -0.6292499 -0.1757605 0.83665 -0.5376685 -0.1045444 0.838995 -0.5152993 -0.1747972 0.944877 -0.2772597 -0.1741684 0.9471741 -0.32062 -0.008020937 0.947174 -0.3206199 -0.008020937 0.9471741 -0.3206198 -0.008020937 0.9679252 -0.17975 -0.1755301 0.9679252 -0.17975 -0.1755301 0.9679252 -0.17975 -0.1755301 0.3579593 -0.930605 0.07641625 0.3579594 -0.9306051 0.07641625 0.4806913 -0.859238 -0.1750599 0.6448692 -0.7442219 -0.1740044 0.6448692 -0.7442219 -0.1740044 0.6448692 -0.7442219 -0.1740044 -0.1401476 -0.9747418 -0.1738881 -0.1401476 -0.9747418 -0.1738881 -0.1401476 -0.9747419 -0.1738881 0.1401153 -0.9746996 -0.1741512 0.1401153 -0.9746996 -0.1741512 0.1401153 -0.9746996 -0.1741512 0.1401451 -0.9747287 -0.1739642 0.4092077 -0.8957039 -0.1739647 -0.7570683 -0.6292502 -0.1757611 -0.7570676 -0.6292495 -0.1757663 -0.7570675 -0.6292495 -0.1757662 -0.6448496 -0.7442233 -0.1740709 -0.6448825 -0.7441609 -0.1742159 -0.6448825 -0.744161 -0.1742159 -0.6448826 -0.7441608 -0.1742159 -0.4806913 -0.859238 -0.1750599 -0.4151014 -0.909181 -0.0328778 -0.4151014 -0.9091809 -0.0328778 -0.4151014 -0.9091809 -0.0328778 -0.3534941 -0.918896 -0.1751349 -0.1402739 -0.9746712 -0.1741818 -0.1402739 -0.9746712 -0.1741818 -0.1402739 -0.9746712 -0.1741819 -0.8485055 -0.5211656 -0.09178805 -0.8485054 -0.5211656 -0.09178805 -0.8485054 -0.5211655 -0.09178805 -0.8283787 -0.5323506 -0.1743317 -0.9326798 -0.3156504 -0.1745658 -0.9326798 -0.3156503 -0.1745658 -0.9579681 -0.2812408 -0.05657714 -0.957968 -0.2812408 -0.05657714 -0.957968 -0.2812408 -0.05657714 -0.9679088 -0.1797314 -0.1756392 -0.9679088 -0.1797313 -0.1756392 -0.9679088 -0.1797314 -0.1756392 -0.9847411 0 -0.1740262 -0.9847411 0 -0.1740262 -0.9847411 0 -0.1740262 -0.9847411 0 -0.1740263 -0.9847411 0 -0.1740263 -0.9847411 0 -0.1740263 -0.6447693 0.74429 -0.1740837 -0.7570654 0.6292517 -0.1757674 -0.7570654 0.6292517 -0.1757674 -0.7570655 0.6292518 -0.1757674 -0.8366499 0.537662 -0.1045777 -0.8389934 0.515453 -0.1743514 -0.9449184 0.277273 -0.1739226 -0.9471823 0.320603 -0.007704973 -0.9471823 0.320603 -0.007704973 -0.9471824 0.320603 -0.007704973 -0.9679228 0.1797438 -0.1755501 -0.9679228 0.1797439 -0.1755501 -0.9679228 0.1797439 -0.1755501 -0.3579364 0.9306334 0.07617944 -0.3579363 0.9306333 0.07617944 -0.3579363 0.9306334 0.0761795 -0.4805917 0.859201 -0.1755148 -0.4805917 0.859201 -0.1755148 -0.4805916 0.859201 -0.1755148 -0.6448911 0.7442774 -0.1736861 0.3535032 0.9188996 -0.1750974 0.1400216 0.9747509 -0.1739385 0.1401329 0.9746408 -0.1744654 -0.1400088 0.9746582 -0.1744676 -0.140146 0.97473 -0.1739558 -0.4092102 0.8957091 -0.1739321 0.07722401 0.5374121 -0.8397765 -0.07722383 0.5374142 -0.8397753 -0.07722169 0.5374087 -0.839779 -0.2255445 0.4938594 -0.8397814 -0.2254978 0.4938002 -0.8398287 -0.3555346 0.4102259 -0.8398273 -0.3555536 0.4103348 -0.839766 -0.3555536 0.4103348 -0.8397661 -0.4568984 0.2936253 -0.8396595 -0.4568985 0.2936253 -0.8396595 -0.4568985 0.2936253 -0.8396596 -0.4569519 0.2935501 -0.8396567 -0.521149 0.1530075 -0.8396382 -0.5208755 0.1530159 -0.8398064 -0.5428381 0 -0.8398374 -0.5428366 0 -0.8398383 -0.5208016 -0.1528745 -0.839878 -0.5211205 -0.1530885 -0.8396413 -0.4568869 -0.2936643 -0.8396521 -0.4568101 -0.2935566 -0.8397316 -0.4568101 -0.2935566 -0.8397315 -0.3555601 -0.4103124 -0.8397742 -0.3555601 -0.4103124 -0.8397741 -0.3555601 -0.4103125 -0.8397742 -0.3556782 -0.4104728 -0.839646 -0.3556782 -0.4104728 -0.8396459 -0.3556782 -0.4104728 -0.8396459 -0.2256203 -0.4940499 -0.8396489 -0.2256204 -0.4940499 -0.8396489 -0.2256204 -0.4940499 -0.839649 -0.2255278 -0.493866 -0.8397818 -0.07722431 -0.5374022 -0.8397829 -0.07722312 -0.5374186 -0.8397727 0.0772255 -0.5374181 -0.8397726 0.07722324 -0.5374065 -0.8397803 0.225539 -0.4938522 -0.839787 0.225633 -0.4940535 -0.8396434 0.225633 -0.4940535 -0.8396434 0.225633 -0.4940535 -0.8396433 0.3555372 -0.410229 -0.8398247 0.3555525 -0.4103321 -0.8397679 0.3555525 -0.410332 -0.8397679 0.4567902 -0.2935712 -0.8397372 0.4567902 -0.2935712 -0.8397372 0.4567903 -0.2935712 -0.8397373 0.4565367 -0.2937346 -0.8398181 0.4565367 -0.2937346 -0.8398181 0.4565366 -0.2937345 -0.8398181 0.521167 -0.1529789 -0.8396323 0.5207829 -0.1529902 -0.8398686 0.5428318 0 -0.8398414 0.542839 0 -0.8398368 0.5208832 0.1529297 -0.8398175 0.5211205 0.1530885 -0.8396413 0.4568903 0.2936665 -0.8396496 0.4568894 0.2936511 -0.8396555 0.4568895 0.2936511 -0.8396555 0.355558 0.4103139 -0.8397743 0.355558 0.4103139 -0.8397743 0.3555579 0.4103139 -0.8397743 0.3556814 0.4104729 -0.8396445 0.2255109 0.4937857 -0.8398336 0.2256769 0.4941079 -0.8395996 0.07722383 0.5374141 -0.8397753 0.1201546 0.8361815 -0.5351294 -0.1202253 0.8361769 -0.5351206 -0.1201357 0.8360506 -0.5353381 -0.3509833 0.7682638 -0.535333 -0.3509057 0.7683731 -0.5352272 -0.3509057 0.7683731 -0.5352272 -0.5531857 0.6383937 -0.5352001 -0.5531857 0.6383937 -0.5352001 -0.5530322 0.6383537 -0.5354064 -0.5530322 0.6383537 -0.5354064 -0.5530322 0.6383538 -0.5354064 -0.7104523 0.4565997 -0.5355132 -0.7104523 0.4565997 -0.5355132 -0.7104523 0.4565995 -0.5355132 -0.7105548 0.4567032 -0.5352888 -0.810487 0.2381367 -0.5351653 -0.810487 0.2381367 -0.5351653 -0.810487 0.2381367 -0.5351653 -0.8104773 0.2379763 -0.5352514 -0.8104772 0.2379762 -0.5352514 -0.8104772 0.2379761 -0.5352514 -0.8444891 0 -0.5355727 -0.8444895 0 -0.5355724 -0.8105257 -0.23803 -0.535154 -0.8105257 -0.23803 -0.5351541 -0.8105258 -0.23803 -0.5351541 -0.8104664 -0.2378988 -0.5353024 -0.7105798 -0.4566513 -0.5352999 -0.7106497 -0.4567646 -0.5351105 -0.5531692 -0.638556 -0.5350235 -0.5531512 -0.6383424 -0.535297 -0.5531511 -0.6383424 -0.535297 -0.5531511 -0.6383424 -0.5352969 -0.3509023 -0.7684689 -0.5350917 -0.3509023 -0.7684689 -0.5350917 -0.3509023 -0.768469 -0.5350918 -0.3508903 -0.768315 -0.5353206 -0.1202068 -0.8360489 -0.5353248 -0.1201568 -0.8361814 -0.5351293 0.1202247 -0.8361728 -0.5351272 0.1201394 -0.8360608 -0.5353214 0.3509868 -0.7682715 -0.5353199 0.3508095 -0.7681332 -0.5356343 0.5531868 -0.6383945 -0.535198 0.5531868 -0.6383945 -0.535198 0.5531868 -0.6383945 -0.535198 0.5533129 -0.6384241 -0.5350323 0.710681 -0.4567183 -0.5351083 0.7105588 -0.4567062 -0.5352808 0.8104982 -0.2378265 -0.5352861 0.810333 -0.2378607 -0.5355212 0.8446716 0 -0.5352851 0.8446716 0 -0.5352851 0.8446716 0 -0.5352851 0.8444886 0 -0.5355736 0.8102663 0.2377598 -0.5356667 0.8104572 0.237944 -0.535296 0.710586 0.4566581 -0.535286 0.7106499 0.456765 -0.5351099 0.553166 0.6385576 -0.5350249 0.5531506 0.6383458 -0.5352935 0.5531505 0.6383458 -0.5352935 0.3509027 0.7683635 -0.5352428 0.3509027 0.7683635 -0.5352428 0.3509027 0.7683636 -0.5352428 0.3508858 0.7683025 -0.5353417 0.1202051 0.8360366 -0.5353446 -0.4149751 0.1748458 -0.8928744 -0.1695891 0.1732674 -0.9701639 -0.169589 0.1732674 -0.970164 -0.169589 0.1732674 -0.970164 -0.2978222 0.377893 -0.8766407 -0.2978222 0.377893 -0.8766407 -0.2978223 0.3778929 -0.8766407 -0.2964366 0.4135698 -0.8608632 -0.2964364 0.4135699 -0.8608632 -0.2964367 0.4135698 -0.8608632 -0.8909236 0.1751677 -0.4190124 -0.8909236 0.1751676 -0.4190124 -0.8909236 0.1751677 -0.4190124 -0.9693793 0.1731973 -0.1740882 -0.9693792 0.1731973 -0.1740882 -0.9693792 0.1731973 -0.1740882 -0.969384 0.1730914 -0.1741667 -0.9693841 0.1730914 -0.1741667 -0.969384 0.1730914 -0.1741667 -0.8936197 0.4190794 -0.1606749 -0.8406212 0.5297401 -0.1128342 -0.7856259 0.6024025 -0.1410793 -0.6050716 0.7887171 -0.1086909 -0.6050716 0.7887172 -0.1086909 -0.6050716 0.7887172 -0.1086908 -0.5456781 0.8353508 -0.06651723 -0.4235113 0.9026849 -0.07614558 -0.1761665 0.9838513 -0.03165608 -0.1761431 0.9838548 -0.03167855 -0.4095922 0.8176705 -0.4045359 -0.4563028 0.5306627 -0.7142724 -0.4500687 0.538255 -0.7125445 -0.4500688 0.538255 -0.7125445 -0.4500687 0.538255 -0.7125446 -0.5261639 0.1717615 -0.8328563 -0.6070491 0.004409015 -0.7946521 -0.1561635 0.9840492 -0.08520627 -0.1561635 0.9840492 -0.08520621 -0.1561635 0.9840493 -0.08520621 -0.1560285 0.9840883 -0.08500242 -0.1560285 0.9840883 -0.08500236 -0.1560285 0.9840883 -0.08500236 -0.2925841 0.9404082 -0.1732827 -0.292584 0.9404083 -0.1732827 -0.2925841 0.9404082 -0.1732828 -0.4513027 0.8337674 -0.3180535 -0.5140644 0.7910969 -0.3315171 -0.712553 0.5301734 -0.4595481 -0.7124511 0.5302655 -0.4595998 -0.8378039 0.07758665 -0.5404304 -0.7798411 0.1742132 -0.6012468 -0.779841 0.1742132 -0.6012468 -0.7798411 0.1742133 -0.6012468 -0.1724378 0 -0.9850204 -0.172438 0 -0.9850204 -0.4214674 0 -0.9068436 -0.4214672 0 -0.9068437 -0.607051 0 -0.7946629 -0.6070469 0 -0.7946661 -0.7917644 0 -0.6108266 -0.7920573 0 -0.6104468 -0.7920574 0 -0.6104468 -0.7920574 0 -0.6104468 -0.9048914 0 -0.4256427 -0.9048914 0 -0.4256427 -0.9048914 0 -0.4256427 -0.9048896 0 -0.4256465 -0.9048896 0 -0.4256465 -0.9048896 0 -0.4256465 -0.9842562 0 -0.1767476 -0.9842562 0 -0.1767476 -0.9842562 0 -0.1767476 -0.9842562 0 -0.1767478 -0.9842562 0 -0.1767478 -0.9842562 0 -0.1767478 -0.2298254 -0.9623192 -0.1453343 -0.2298254 -0.9623193 -0.1453342 -0.2298255 -0.9623192 -0.1453343 -0.8909388 -0.1752063 -0.4189639 -0.8909388 -0.1752064 -0.4189639 -0.8909389 -0.1752063 -0.4189639 -0.9694311 -0.172977 -0.1740183 -0.9694311 -0.172977 -0.1740183 -0.9694311 -0.172977 -0.1740183 -0.7916802 -0.01374369 -0.6107813 -0.8278995 -0.1716964 -0.5339505 -0.8278994 -0.1716964 -0.5339505 -0.5975878 -0.174367 -0.7826143 -0.5975877 -0.174367 -0.7826142 -0.5975877 -0.174367 -0.7826142 -0.5323753 -0.0757972 -0.8431081 -0.4149519 -0.1749898 -0.892857 -0.168407 -0.2085081 -0.9634124 -0.1684071 -0.2085081 -0.9634125 -0.1684071 -0.2085081 -0.9634125 -0.2707747 -0.175397 -0.946529 -0.2707747 -0.175397 -0.946529 -0.2707747 -0.175397 -0.9465289 -0.2726541 -0.4086003 -0.8710372 -0.2726537 -0.4086005 -0.8710371 -0.2726539 -0.4086005 -0.8710371 -0.4337088 -0.5837719 -0.6863725 -0.3568636 -0.6299098 -0.6898275 -0.3568636 -0.6299098 -0.6898276 -0.3568636 -0.6299098 -0.6898276 -0.4615905 -0.8364854 -0.2953413 -0.4615905 -0.8364854 -0.2953413 -0.4615905 -0.8364854 -0.2953412 -0.2576606 -0.9235002 -0.2841802 -0.2576605 -0.9235004 -0.2841802 -0.2576604 -0.9235002 -0.2841804 -0.4715967 -0.8277012 -0.3041502 -0.1049916 -0.9928214 -0.05729234 -0.1478348 -0.9834052 -0.1051631 -0.175674 -0.9839423 -0.03156274 -0.175674 -0.9839423 -0.03156268 -0.175674 -0.9839423 -0.03156268 -0.1753234 -0.9840064 -0.03151637 -0.9029896 -0.4234483 -0.0728119 -0.7855656 -0.6024886 -0.1410476 -0.5365488 -0.8383441 -0.09640866 -0.5365488 -0.8383441 -0.09640872 -0.5365487 -0.8383441 -0.09640866 -0.6076828 -0.7918579 -0.06068462 -0.6076829 -0.791858 -0.06068456 -0.6076829 -0.791858 -0.06068462 -0.4232892 -0.9027959 -0.07606589 -0.9694206 -0.1729208 -0.1741324 -0.9694206 -0.1729209 -0.1741323 -0.9694207 -0.1729208 -0.1741324 -0.8327887 -0.5330031 -0.149568 -0.8327888 -0.5330032 -0.149568 -0.7124822 -0.5302051 -0.4596211 -0.7124679 -0.5303071 -0.4595258 -0.5269036 -0.5372192 -0.6586108 -0.3518193 -0.830031 -0.4327491 -0.3518192 -0.830031 -0.4327491 -0.3518192 -0.8300311 -0.4327492 0.6052611 -0.7885662 -0.1087301 0.6052611 -0.7885662 -0.1087301 0.6052611 -0.7885662 -0.1087301 0.8936153 -0.4190773 -0.1607045 0.4149519 -0.1749898 -0.892857 0.2926738 -0.9403581 -0.1734035 0.2926738 -0.9403581 -0.1734035 0.2926738 -0.9403581 -0.1734034 0.1753212 -0.9840071 -0.03150546 0.1753449 -0.9840018 -0.0315389 0.1556004 -0.9841837 -0.08468151 0.1558659 -0.9841102 -0.08504652 0.6070277 -0.004412651 -0.7946685 0.5259246 -0.1723192 -0.8328922 0.7797865 -0.1742954 -0.6012936 0.7797866 -0.1742954 -0.6012937 0.7797867 -0.1742955 -0.6012936 0.8377982 -0.07765585 -0.5404294 0.8909388 -0.1752063 -0.4189639 0.8909388 -0.1752063 -0.4189639 0.8909389 -0.1752063 -0.4189639 0.9693832 -0.1730886 -0.1741744 0.9693831 -0.1730886 -0.1741744 0.9693832 -0.1730886 -0.1741744 0.9693846 -0.1729847 -0.1742695 0.9693846 -0.1729848 -0.1742696 0.9693846 -0.1729848 -0.1742696 0.423289 -0.9027954 -0.07607144 0.5457349 -0.8353193 -0.06644642 0.5457348 -0.8353193 -0.06644642 0.5457348 -0.8353194 -0.06644642 0.4513137 -0.8337755 -0.3180167 0.4513136 -0.8337754 -0.3180168 0.4513136 -0.8337754 -0.3180168 0.5141455 -0.7910048 -0.3316111 0.4095214 -0.8177835 -0.4043791 0.4095214 -0.8177835 -0.4043791 0.7855656 -0.6024886 -0.1410476 0.8408558 -0.5293989 -0.1126875 0.8408558 -0.5293989 -0.1126875 0.8408558 -0.5293989 -0.1126875 0.7125197 -0.5302161 -0.4595506 0.7124242 -0.5303156 -0.4595837 0.456261 -0.5307024 -0.7142695 0.4500502 -0.5382721 -0.7125433 0.4500503 -0.5382721 -0.7125434 0.4500502 -0.5382721 -0.7125433 0.296455 -0.4136396 -0.8608233 0.2964549 -0.4136397 -0.8608233 0.2964547 -0.4136397 -0.8608233 0.2985807 -0.1756759 -0.9380766 0.2985806 -0.1756719 -0.9380773 0.2985807 -0.1756719 -0.9380773 0.1681596 -0.2133845 -0.9623874 0.1681596 -0.2133845 -0.9623875 0.1681597 -0.2133845 -0.9623874 0.172438 0 -0.9850204 0.1724378 0 -0.9850204 0.4211629 0 -0.9069851 0.4211629 0 -0.9069851 0.4211629 -1.21398e-7 -0.9069851 0.4214674 0 -0.9068436 0.607051 0 -0.7946629 0.6070469 0 -0.7946661 0.7920574 0 -0.6104468 0.7920573 0 -0.6104468 0.7920574 0 -0.6104468 0.7917644 0 -0.6108266 0.904973 0 -0.4254691 0.904973 0 -0.4254691 0.904973 0 -0.4254691 0.9048896 0 -0.4256465 0.9048896 0 -0.4256465 0.9048896 0 -0.4256465 0.9843155 0 -0.1764175 0.9842562 0 -0.1767476 0.9842562 0 -0.1767476 0.9842562 0 -0.1767476 0.2297074 0.9623554 -0.1452812 0.2297074 0.9623554 -0.1452812 0.2297074 0.9623554 -0.1452813 0.890936 0.1751962 -0.4189745 0.8909359 0.1751962 -0.4189744 0.8909359 0.1751962 -0.4189743 0.969397 0.1730548 -0.1741305 0.9693971 0.1730549 -0.1741304 0.9693971 0.1730549 -0.1741304 0.791673 0.01373183 -0.6107909 0.8278123 0.1720193 -0.5339815 0.597693 0.1747576 -0.7824468 0.5327776 0.07565313 -0.842867 0.5327776 0.07565313 -0.842867 0.5327776 0.07565313 -0.842867 0.4149751 0.1748458 -0.8928744 0.16863 0.2087934 -0.9633116 0.2707763 0.1753911 -0.9465296 0.2707763 0.1753911 -0.9465295 0.2707763 0.1753913 -0.9465296 0.2726194 0.4085735 -0.8710605 0.2726192 0.4085738 -0.8710606 0.2726194 0.4085735 -0.8710605 0.4337088 0.5837719 -0.6863725 0.3567362 0.6299533 -0.6898538 0.3567362 0.6299533 -0.6898538 0.4615721 0.8364915 -0.2953523 0.2574191 0.9235901 -0.284107 0.2574189 0.92359 -0.2841074 0.2574189 0.9235902 -0.2841071 0.4710872 0.8281058 -0.3038384 0.1049914 0.99282 -0.05731767 0.1481665 0.9832966 -0.1057096 0.1481666 0.9832966 -0.1057096 0.1481666 0.9832966 -0.1057096 0.175842 0.9839113 -0.03159654 0.1758421 0.9839113 -0.0315966 0.175842 0.9839113 -0.0315966 0.1761431 0.9838548 -0.03167855 0.9029855 0.4234464 -0.07287174 0.7854184 0.6026613 -0.141129 0.7854184 0.6026614 -0.141129 0.7854183 0.6026614 -0.141129 0.5366238 0.8383014 -0.09636157 0.6073061 0.7921388 -0.06079095 0.4235113 0.9026849 -0.07614558 0.9693599 0.1731966 -0.1741966 0.9693599 0.1731966 -0.1741965 0.9693599 0.1731966 -0.1741965 0.8328056 0.5329895 -0.1495229 0.8328056 0.5329895 -0.149523 0.8328056 0.5329895 -0.1495229 0.7125002 0.5301522 -0.4596545 0.7125034 0.5302628 -0.4595219 0.5272933 0.5368852 -0.6585713 0.5272934 0.5368852 -0.6585713 0.3515533 0.8302826 -0.4324826 -1 -2.06847e-4 0 -1 -2.57767e-5 0 -1 7.73784e-5 0 -1 -3.932e-5 0 -1 0 0 -1 3.6535e-5 0 0 0 1 -9.16271e-7 0 1 4.62606e-6 0 1 0 0 -1 2.7608e-7 0 -1 -1.41042e-6 0 -1 0 0 -1 4.85173e-6 0 -1 -5.03084e-6 0 -1 9.80281e-7 0 -1 0 0 -1 1.74232e-7 0 -1 1.77255e-5 0 -1 -6.9809e-6 0 -1 0 0 -1 -1.37275e-7 0 -1 9.67882e-7 0 -1 -3.20006e-7 0 -1 -1.24361e-6 0 -1 8.88414e-7 0 -1 -5.77272e-7 0 -1 1.37165e-5 0 -1 -5.41485e-6 0 -1 2.06854e-6 0 -1 -7.62148e-7 0 -1 6.8065e-7 0 -1 -1.49297e-6 0 -1 1.69322e-5 0 -1 -4.70961e-7 0 -1 -1.85435e-7 0 -1 -8.18491e-6 0 -1 -1.33445e-7 0 -1 2.4776e-7 0 -1 -5.75801e-7 0 -1 -4.98179e-7 0 -1 2.42436e-6 0 -1 -3.27935e-5 0 -1 9.45728e-5 0 -1 5.49775e-7 0 -1 -8.5516e-7 0 -1 1.2668e-6 0 -1 9.81479e-6 0 -1 -1.19888e-6 0 -1 -2.12391e-6 0 -1 0 0 -1 1.41042e-6 0 -1 -2.7608e-7 0 -1 1.04478e-6 0 -1 1.17876e-6 0 -1 2.46151e-7 0 -1 -1.2668e-6 0 -1 5.25195e-7 0 -1 -1.93409e-7 0 -1 -6.87191e-6 0 -1 2.70361e-5 0 -1 -1.14819e-4 0 -1 -2.28874e-6 0 -1 0 0 -1 -2.95516e-7 0 -1 0 0 -1 -2.06854e-6 0 -1 0 0 -1 5.98567e-7 0 -1 -9.23611e-7 0 -1 -7.05693e-6 0 1 -2.14487e-7 0 1 -0.9807855 0.1950893 0 -0.9807859 0.1950875 0 -0.8314639 0.5555787 0 -0.8314636 0.5555792 0 -0.5555782 0.8314644 0 -0.5555779 0.8314647 0 -0.195074 0.9807885 0 0.980785 0.1950917 0 0.9807852 0.1950912 0 0.8314636 0.5555792 0 0.8314639 0.5555787 0 0.5555779 0.8314647 0 0.5555782 0.8314644 0 0.195045 0.9807944 0 -0.9848206 0.1735753 0 -0.9848206 0.1735756 0 -0.8660206 0.5000085 0 -0.8660202 0.500009 0 -0.6428004 0.7660337 0 -0.6428003 0.7660338 0 -0.3419975 0.939701 0 -0.3419972 0.939701 0 0.3419975 0.9397009 0 0.3419971 0.939701 0 0.6428005 0.7660337 0 0.6428002 0.766034 0 0.8660204 0.5000087 0 0.8660205 0.5000088 0 0.9848206 0.1735756 0 0.9848206 0.1735753 0 -0.195045 0.9807944 0 -0.9807851 0.1950913 0 -0.9807851 0.1950916 0 0.195074 0.9807885 0 0.9807859 0.1950874 0 0.9807855 0.1950894 0 0.981372 -0.1921171 0 0.9813735 -0.1921097 0 0.8366941 -0.5476706 0 0.8366959 -0.5476678 0 0.5684638 -0.8227083 0 0.5684655 -0.8227072 0 0.5686773 -0.8225607 0 0.5686739 -0.8225632 0 0.8365513 -0.5478889 0 0.9814307 -0.191817 0 0.9814323 -0.1918092 0 0.9813563 0.1921972 0 0.9813563 0.1921972 0 0.9813563 0.1921972 0 0.9814193 0.1918752 0 0.8365513 0.5478889 0 0.8368138 0.5474878 0 0.8368138 0.5474878 0 0.8368138 0.5474878 0 0.5686736 0.8225632 0 0.5686775 0.8225607 0 0.5686429 0.8225845 0 0.5686407 0.822586 0 0.8367105 0.5476454 0 0.8367087 0.5476484 0 0.9813621 0.192168 0 0.9813605 0.1921758 0 0.993709 -0.1119941 0 0.9438875 -0.330267 0 0.9438878 -0.3302664 0 0.8467435 -0.5320016 0 0.8467428 -0.5320025 0 0.7071068 -0.7071068 0 0.7071064 -0.7071073 0 0.5320314 -0.8467248 0 0.5320317 -0.8467245 0 0.3302471 -0.9438945 0 0.3302469 -0.9438946 0 0.1119945 -0.9937089 0 0.1119943 -0.9937089 0 -0.1119945 -0.9937089 0 -0.1119943 -0.9937089 0 -0.3302471 -0.9438945 0 -0.3302469 -0.9438946 0 -0.5320321 -0.8467242 0 -0.5320309 -0.846725 0 -0.7071064 -0.7071073 0 -0.7071068 -0.7071068 0 -0.8467431 -0.5320022 0 -0.8467432 -0.532002 0 -0.9438878 -0.3302662 0 -0.9438875 -0.3302671 0 -0.993709 -0.1119941 0 -0.9813606 0.1921756 0 -0.981362 0.1921682 0 -0.8367088 0.5476482 0 -0.8367104 0.5476456 0 -0.5686411 0.8225858 0 -0.5686426 0.8225848 0 -0.5686773 0.8225607 0 -0.5686739 0.8225632 0 -0.8365513 0.5478889 0 -0.9814194 0.1918755 0 -0.9814208 0.1918677 0 -0.9814322 -0.1918094 0 -0.9814308 -0.1918168 0 -0.8365513 -0.5478889 0 -0.8368138 -0.5474878 0 -0.8368138 -0.5474878 0 -0.8368138 -0.5474878 0 -0.5686736 -0.8225632 0 -0.5686775 -0.8225607 0 -0.5684657 -0.8227071 0 -0.5684636 -0.8227084 0 -0.8366959 -0.5476678 0 -0.8366941 -0.5476706 0 -0.9813736 -0.1921095 0 -0.9814364 -0.191788 0 -0.9814364 -0.191788 0 -0.9814364 -0.191788 4.98625e-7 0 0 1 2.84291e-6 0 1 -3.15314e-6 0 1 6.05567e-7 0 1 0 0 1 -4.46295e-7 0 1 -1.3705e-6 0 1 4.76455e-6 0 1 -1.49297e-6 0 1 6.40012e-7 0 1 1.06595e-6 0 1 -1.77683e-6 0 1 -1.44834e-7 0 1 0 0 1 1.36267e-7 0 1 0 0 1 -3.90284e-6 0 1 -1.63666e-5 0 1 -2.86981e-6 0 1 -6.77342e-7 0 1 -1.28681e-7 0 1 2.76295e-7 0 1 6.35613e-7 0 1 -1.36267e-7 0 1 -6.74858e-7 0 1 -1.35075e-7 0 1 -2.02549e-7 0 1 -1.85435e-7 0 1 1.80816e-6 0 1 8.18491e-6 0 1 -7.6526e-7 0 1 5.49775e-7 0 1 5.06142e-7 0 1 -8.85697e-7 0 1 8.63495e-7 0 1 2.86918e-6 0 1 0 0 1 -1.39857e-7 0 1 2.02549e-7 0 1 1.35075e-7 0 1 0.9945474 0.1042856 3.98204e-6 0.9945474 0.1042857 3.99994e-6 0.9945474 0.1042856 4.01568e-6 0.98436 0.1758151 -0.01116174 0.9530276 0.3028668 0.003203392 0.8747063 0.4846323 -0.004534304 0.8421397 0.5390335 -0.0156151 0.7655081 0.6434259 7.57817e-4 0.6263166 0.7795684 -8.17648e-4 0.5390955 0.8421142 -0.01483184 0.4662814 0.8846331 -0.002467572 0.2902851 0.9569385 0.001865625 0.1757897 0.9843854 -0.00913155 0.09862208 0.9951249 0 -0.09856027 0.9951311 0 -0.1757898 0.9843856 -0.009115099 -0.289884 0.95706 0.001878619 -0.4658018 0.8848859 -0.002381503 -0.5390948 0.8421152 -0.01479732 -0.6256645 0.7800918 -8.5739e-4 -0.9844205 0.1758304 0 -0.9942327 0.1055665 -0.01889795 -0.953286 0.3020547 0.002979755 -0.8422187 0.5390838 -0.007517218 -0.8711103 0.4905551 -0.02285969 -0.7640597 0.6451453 7.61705e-4 0.7376621 -0.02975368 0.6745142 0.1566224 0.9767571 0.1463389 0.1515485 0.9670937 0.2043601 0.3457465 0.9290853 0.1313778 0.3412846 0.9193867 0.1955839 0.5163401 0.8482105 0.1180339 0.5120899 0.8384692 0.1863694 0.6657989 0.738216 0.1083937 0.6612749 0.7290818 0.1765088 0.792546 0.6012948 0.1015648 0.7871759 0.5938534 0.1664095 0.8899538 0.4452036 0.09887456 0.8838245 0.441288 0.1553037 0.9563289 0.2745983 0.1001536 0.956329 0.2745983 0.1001536 0.956329 0.2745983 0.1001536 0.9513148 0.2751042 0.1389893 0.6515126 -0.01755207 0.7584347 0.6507391 0.01652079 0.7591218 0.6507391 0.01652079 0.7591218 0.6507391 0.01652085 0.7591217 0.6281809 0.01313352 0.7779566 0.6281809 0.01313346 0.7779566 0.6281808 0.01313352 0.7779566 0.6296484 0.05384141 0.7750124 0.5930496 0.04107296 0.8041177 0.593086 0.08856135 0.8002538 0.593086 0.08856135 0.8002538 0.593086 0.08856135 0.8002538 0.5406431 0.06350713 0.8388516 0.5406431 0.06350719 0.8388516 0.540643 0.06350719 0.8388516 0.5419681 0.1226839 0.831396 0.5419681 0.1226838 0.8313959 0.5419681 0.1226839 0.8313961 0.4577787 0.0902431 0.8844744 0.4577787 0.0902431 0.8844744 0.4577787 0.0902431 0.8844744 0.4999073 0.1479099 0.8533554 0.4059854 0.148141 0.9017928 0.4132194 0.1605188 0.8963724 0.3285408 0.1830396 0.9265838 0.3285407 0.1830396 0.9265838 0.3285408 0.1830396 0.9265838 0.3310741 0.1891365 0.9244552 0.2579935 0.8319408 0.4912371 0.2579935 0.8319408 0.4912371 0.2500634 0.8102153 0.5301129 0.4287731 0.775233 0.4638615 0.4287731 0.775233 0.4638616 0.4189765 0.7559506 0.5029886 0.5756753 0.6923565 0.4350178 0.5647017 0.6755256 0.4741067 0.6981459 0.5884911 0.407763 0.6981459 0.5884912 0.407763 0.6981459 0.5884911 0.407763 0.6866315 0.574696 0.445266 0.7971471 0.4675436 0.3820466 0.7971471 0.4675436 0.3820466 0.7971471 0.4675436 0.3820467 0.7851549 0.4577215 0.4171606 0.8683829 0.3377895 0.3630558 0.8575286 0.3323295 0.3926857 0.914591 0.2012975 0.3507174 0.9064967 0.2003425 0.3716539 0.9064967 0.2003425 0.3716539 0.9064967 0.2003425 0.3716539 0.9931134 0.09786993 0.06440013 0.9931133 0.09786987 0.06440013 0.9931134 0.09786993 0.06440013 0.9897029 0.0975117 0.104784 0.9897029 0.0975117 0.104784 0.9897029 0.0975117 0.104784 0.9439079 0.03634768 0.3282023 0.9391006 0.03892654 0.3414304 0.820194 0.01918804 0.5717636 0.8012635 0.1098191 0.5881468 0.8038486 0.1101982 0.5845373 0.7671811 0.1953737 0.610952 0.7704349 0.1968082 0.6063801 0.7148142 0.2772564 0.6420044 0.7196894 0.2807548 0.6349993 0.6423494 0.3558049 0.6788153 0.6481783 0.3618425 0.6700261 0.6481783 0.3618425 0.6700261 0.6481783 0.3618425 0.6700261 0.5517174 0.4250023 0.7176218 0.5517173 0.4250023 0.7176218 0.5588554 0.4341204 0.7065551 0.443177 0.4821235 0.7557455 0.4431769 0.4821236 0.7557455 0.4510948 0.4963075 0.7417495 0.3135571 0.5238699 0.7919864 0.3231835 0.5483806 0.7712529 0.3231835 0.5483807 0.7712529 0.3231835 0.5483807 0.7712529 -0.9900127 0.09358775 0.1054334 -0.2929943 0.1876252 0.937524 -0.3512825 0.207969 0.9128798 -0.3512825 0.2079691 0.9128799 -0.3512825 0.2079691 0.9128798 -0.6216929 0.06198221 0.7808049 -0.6410006 0.01578301 0.7673782 -0.6410005 0.01578307 0.7673782 -0.6410006 0.01578301 0.7673782 -0.6312077 0.005626142 0.7755936 -0.7996623 0.1068075 0.5908743 -0.8196166 0.0106346 0.5728137 -0.7585818 -0.03464877 0.6506559 -0.6591035 -0.02083867 0.7517636 -0.9670483 0.0401256 0.2514115 -0.9363011 0.05092316 0.347487 -0.9072498 0.1926651 0.3738693 -0.8013842 0.1092334 0.5880915 -0.7652401 0.1922196 0.6143773 -0.601056 0.02879554 0.7986881 -0.6010559 0.02879554 0.7986881 -0.601056 0.02879554 0.7986881 -0.581246 0.1059043 0.806807 -0.9544548 0.2649217 0.1372313 -0.9119414 0.2045111 0.3557218 -0.8598552 0.3245481 0.3941037 -0.8598552 0.3245481 0.3941036 -0.8598552 0.3245481 0.3941036 -0.767141 0.1967328 0.6105662 -0.7671409 0.1967328 0.6105662 -0.7671409 0.1967328 0.6105661 -0.7142645 0.2732857 0.6443146 -0.5542837 0.0401045 0.8313611 -0.5260823 0.1788859 0.8314068 -0.5260823 0.1788859 0.8314068 -0.6438558 0.3608482 0.6747136 -0.5555251 0.418609 0.7184416 -0.5532155 0.4331193 0.7115901 -0.5532155 0.4331194 0.7115901 -0.5532155 0.4331193 0.7115901 -0.4497469 0.4760919 0.755688 -0.4439576 0.4935584 0.7478649 -0.7883561 0.4739317 0.39228 -0.7883561 0.4739317 0.39228 -0.6958981 0.563697 0.4449399 -0.6958981 0.5636971 0.4449399 -0.6958981 0.563697 0.4449399 -0.6884836 0.5926167 0.4180858 -0.5769842 0.665297 0.4737817 -0.5637962 0.6949006 0.446371 -0.4341186 0.7475246 0.5027405 -0.4157627 0.7753198 0.4754163 -0.4157627 0.7753198 0.4754163 -0.4157627 0.7753198 0.4754163 -0.8827136 0.4580023 0.105123 -0.7968744 0.5823406 0.1608435 -0.7812563 0.6141722 0.1114947 -0.6763411 0.7163448 0.1715017 -0.6519657 0.7487695 0.1195203 -0.6519657 0.7487694 0.1195203 -0.6519658 0.7487694 0.1195203 -0.5302098 0.8282987 0.1811044 -0.5302099 0.8282987 0.1811044 -0.5302098 0.8282987 0.1811044 -0.4997277 0.8564094 0.129751 -0.4997277 0.8564094 0.129751 -0.3611921 0.9127458 0.1908811 -0.3611921 0.9127457 0.1908811 -0.3611921 0.9127458 0.1908811 -0.3280907 0.9338582 0.1423564 -0.1384155 0.9785858 0.152352 -0.1724786 0.9643253 0.200818 -0.2418144 0.8333767 0.4970003 -0.2679362 0.8044084 0.5302239 -0.2679363 0.8044084 0.5302239 -0.2679362 0.8044084 0.5302239 -0.3104349 0.5489572 0.7760646 -0.3104349 0.5489572 0.7760646 -0.310435 0.5489572 0.7760646 -0.3267192 0.5171839 0.7910596 -0.3251131 0.1410833 0.935092 -0.3251131 0.1410833 0.935092 -0.3251131 0.1410833 0.935092 -0.4108616 0.1716739 0.8953887 -0.4108616 0.1716739 0.8953887 -0.4108616 0.1716739 0.8953887 -0.4209976 0.1223565 0.8987714 -0.478702 0.1463842 0.8656883 -0.4787019 0.1463842 0.8656883 -0.478702 0.1463842 0.8656883 -0.4880028 0.02860778 0.8723732 -0.4880028 0.02860778 0.8723732 -0.4880028 0.02860778 0.8723731 -0.6437802 0.3504061 0.6802666 -0.7156476 0.2806744 0.6395862 -0.7901702 0.448412 0.4178013 -0.7901703 0.448412 0.4178012 -0.8624624 0.3439626 0.3712795 -0.8624624 0.3439626 0.3712795 -0.8897482 0.43129 0.1494569 -0.9538379 0.2823583 0.1023092 0.009921252 0.3000208 0.9538812 -0.9789095 0.1127024 0.1703951 -0.9789094 0.1127024 0.1703951 -0.9789094 0.1127024 0.1703951 -0.9791678 0.113587 0.1683106 -0.9318004 0.292663 0.2147006 -0.9348924 0.3248421 0.1430178 -0.9348923 0.3248422 0.1430178 -0.9348923 0.3248421 0.1430178 -0.8522769 0.4674198 0.2348251 -0.8432381 0.5225503 0.1260587 -0.8432381 0.5225502 0.1260587 -0.7429823 0.621397 0.2486827 -0.7429823 0.621397 0.2486827 -0.7429823 0.621397 0.2486827 -0.7317283 0.652929 0.1955953 -0.6176813 0.7630239 0.1904327 -0.6176812 0.7630239 0.1904327 -0.6176813 0.7630238 0.1904327 -0.6318129 0.7080901 0.3153108 -0.6318129 0.7080901 0.3153108 -0.631813 0.70809 0.3153108 -0.4717276 0.8817361 -0.003831923 -0.4717276 0.881736 -0.003831923 -0.4717276 0.881736 -0.003831923 -0.5115191 0.7822583 0.3555564 -0.2337927 0.9532654 0.1913791 -0.2337927 0.9532654 0.1913791 -0.2775618 0.9275891 0.2500761 -0.3045572 0.9275021 0.2167598 -0.3991237 0.9013759 0.1679939 -0.3991237 0.9013758 0.1679939 -0.3991238 0.9013758 0.1679939 -0.1302072 0.9730195 0.1904712 -0.07383906 0.9584745 0.275453 -0.03429526 0.9682217 0.247731 -0.0342952 0.9682217 0.247731 -0.03429526 0.9682217 0.247731 -0.02021032 0.1979501 0.9800037 -0.04761981 0.2051476 0.977572 -0.05251473 0.1775534 0.982709 -0.07421702 0.1859488 0.9797525 -0.08110457 0.1454043 0.9860424 -0.09188216 0.1744301 0.9803733 -0.1055517 0.1324335 0.9855558 -0.1116042 0.1433213 0.9833635 -0.1317443 0.1149342 0.9845982 -0.1285691 0.1107981 0.9854916 -0.1598346 0.09117066 0.9829246 -0.1457162 0.07568383 0.9864273 -0.1819944 0.05600941 0.9817032 -0.1760142 0.04959464 0.9831376 -0.1760142 0.04959458 0.9831376 -0.1760141 0.04959464 0.9831376 -0.07636529 0.7971135 0.5989813 -0.07636523 0.7971135 0.5989813 -0.07636523 0.7971135 0.5989812 -0.09818518 0.8296298 0.5496129 -0.09818518 0.8296298 0.5496129 -0.09818512 0.8296298 0.5496129 -0.2349738 0.8011796 0.5503623 -0.2349737 0.8011796 0.5503623 -0.2349737 0.8011796 0.5503623 -0.2358301 0.8017424 0.549175 -0.2358302 0.8017424 0.549175 -0.2358301 0.8017424 0.549175 -0.3825585 0.7407762 0.5521773 -0.3825585 0.7407763 0.5521773 -0.3825585 0.7407762 0.5521773 -0.3844691 0.7414177 0.5499849 -0.5144786 0.6543748 0.5541709 -0.5169018 0.6548249 0.5513772 -0.6292935 0.5422931 0.5566938 -0.6319035 0.542277 0.5537452 -0.7197766 0.4111549 0.5593508 -0.7197766 0.4111549 0.5593508 -0.7197766 0.4111549 0.5593508 -0.7229187 0.4103676 0.5558662 -0.7838251 0.2631731 0.5624572 -0.7874383 0.2615767 0.5581387 -0.7874382 0.2615767 0.5581387 -0.7874383 0.2615767 0.5581387 -0.8176433 0.1113954 0.5648456 -0.8176433 0.1113953 0.5648457 -0.8176434 0.1113953 0.5648456 -0.8401364 0.09678393 0.5336701 -0.1011087 0.6186728 0.7791156 -0.1011087 0.6186727 0.7791157 -0.1011087 0.6186727 0.7791156 -0.05045264 0.5468787 0.8356903 -0.1477966 0.5276691 0.8364936 -0.1477966 0.5276692 0.8364936 -0.1477967 0.5276692 0.8364936 -0.148383 0.5280771 0.8361322 -0.2407761 0.4893584 0.8381858 -0.240776 0.4893583 0.8381857 -0.2415684 0.4901651 0.837486 -0.2415684 0.4901651 0.837486 -0.2415655 0.490167 0.8374858 -0.3243007 0.4351301 0.839935 -0.3252105 0.4355393 0.839371 -0.3252106 0.4355394 0.839371 -0.3252106 0.4355394 0.839371 -0.3964217 0.3643791 0.8426612 -0.3964217 0.3643791 0.8426612 -0.3964217 0.3643791 0.8426612 -0.3982281 0.3646252 0.8417024 -0.453822 0.2813448 0.8455122 -0.4560174 0.2812893 0.8443486 -0.4949009 0.1873387 0.8485147 -0.4967105 0.1869299 0.8475469 -0.5161933 0.09137111 0.8515843 -0.5161933 0.09137111 0.8515844 -0.5161933 0.09137117 0.8515843 -0.5385606 0.08170872 0.8386157 -0.5385606 0.08170866 0.8386157 -0.5385606 0.08170866 0.8386157 0.5846059 -0.003284811 0.8113109 0.04346144 -0.1181055 0.9920496 0.04346144 -0.1181055 0.9920496 0.04346144 -0.1181055 0.9920496 0.03602415 -0.09068149 0.9952282 0.047239 -0.07319086 0.9961987 0.04319411 -0.07798367 0.9960185 0.04319775 -0.08059465 0.9958105 0.0426262 -0.07522815 0.9962549 0.04437291 -0.06740975 0.9967382 0.04478096 -0.06756675 0.9967093 0.04040777 -0.0587759 0.9974532 0.04794222 -0.06141281 0.9969604 0.03700119 -0.04894322 0.998116 0.05047792 -0.05365979 0.9972826 0.0347051 -0.03874301 0.9986464 0.0509538 -0.04462903 0.9977034 0.03976047 -0.03278338 0.9986714 0.04671198 -0.03003877 0.9984567 0.04482829 -0.02784657 0.9986065 0.04348474 -0.02557176 0.9987268 0.04348558 -0.01376843 0.9989593 0.06826573 -0.02201944 0.9974243 0.06124311 0.005346417 0.9981086 0.06253969 0.005430221 0.9980278 0.06253969 0.005430221 0.9980278 0.06253969 0.005430161 0.9980278 0.03068888 5.11888e-4 0.9995289 0.06567144 0.02994722 0.9973918 0.04293274 0.023148 0.9988098 0.04292875 0.01520299 0.9989625 0.2229864 0.003218114 0.9748163 0.4743868 -0.03222614 0.8797265 0.4243047 -0.02709454 0.9051141 0.5881085 -0.04844415 0.80733 0.5426267 -0.04095059 0.8389752 0.5054113 -0.03647136 0.8621076 0.5264765 -0.04524374 0.848985 0.509045 -0.03967553 0.859825 0.668462 0.003083169 0.74374 0.6569199 -0.007121622 0.7539268 0.6684328 -0.01523786 0.7436165 0.6630976 -0.02562063 0.7480943 0.6724572 -0.0412994 0.7389829 0.674623 -0.03921937 0.7371199 0.6682121 -0.05928307 0.7416052 0.650201 -0.001543283 0.7597606 0.6697618 0.004266738 0.7425638 0.6718876 0.005219995 0.7406347 0.2271181 -0.08093768 0.9704981 0.2668154 -0.09230804 0.9593169 0.3212589 -0.05804872 0.9452106 0.3653433 -0.08361577 0.9271098 0.3977036 -0.03348201 0.916903 0.003590404 -0.1098745 0.993939 0.04368335 -0.1151752 0.9923843 0.1331026 -0.1071106 0.9852975 0.117168 -0.1016134 0.9879 0.1893181 -0.09517651 0.9772923 0.5928047 -0.06685072 0.8025669 0.6783616 -0.06418365 0.7319194 0.6664184 -0.07174122 0.7421185 0.5924695 -0.02175664 0.8052991 0.5926598 -0.02162957 0.8051625 0.5930361 -0.04611843 0.8038541 0.5931016 -0.04607754 0.8038082 0.593063 -0.06262528 0.8027168 0.5789778 -0.0710076 0.8122455 0.5058991 -0.02954953 0.8620864 0.5060697 -0.02944386 0.8619899 0.5063288 -0.05073791 0.8608466 0.5063986 -0.0506972 0.860808 0.5063745 -0.0645889 0.8598914 0.5062309 -0.06466716 0.85997 0.5061558 -0.07101202 0.8595137 0.5061028 -0.07103842 0.8595427 0.6241776 -0.004180192 0.7812714 0.6241776 -0.004180133 0.7812713 0.6241776 -0.004180133 0.7812713 0.591978 -0.006684601 0.8059265 0.5862408 -0.008835256 0.8100887 0.5056279 -0.01877492 0.8625474 0.5050329 -0.01900148 0.862891 0.4170769 -0.03082966 0.9083482 0.4144828 -0.03240519 0.90948 0.3214827 -0.04667997 0.9457643 0.3213265 -0.04677331 0.9458127 0.2271491 -0.06208634 0.9718789 0.2270221 -0.06216025 0.9719039 0.1330423 -0.07821798 0.9880191 0.1330625 -0.0782051 0.9880174 0.04631763 -0.0937221 0.9945204 0.03821259 -0.1053878 0.9936968 0.04229605 -0.1059961 0.9934666 0.1330585 -0.09021973 0.9869933 0.1330991 -0.0901975 0.9869899 0.2270629 -0.0744335 0.9710316 0.2271246 -0.07439965 0.9710196 0.3212825 -0.05921006 0.9451307 0.321521 -0.05907469 0.945058 0.4013522 -0.04683625 0.9147257 0.4146802 -0.04005157 0.9090855 0.4610292 -0.03856456 0.8865467 0.5051461 -0.02209341 0.862751 0.5170262 -0.02551162 0.8555894 0.5585336 -0.0185855 0.8292738 0.3181053 -0.01431459 0.9479473 0.3215664 -0.01430952 0.946779 0.321224 -0.03515362 0.9463506 0.3216452 -0.04703718 0.9456913 0.3217667 -0.04696875 0.9456533 0.3218323 -0.05877375 0.9449708 0.3217862 -0.0587967 0.944985 0.3217793 -0.06523668 0.9445647 0.3217799 -0.06523728 0.9445644 0.3217743 -0.06626349 0.9444949 0.3217262 -0.06628406 0.9445099 0.3217326 -0.06528776 0.944577 0.3216232 -0.06532895 0.9446114 0.3216608 -0.06226694 0.9448053 0.2272287 0.003476321 0.9738353 0.2270166 -0.02192574 0.9736441 0.32164 -0.03513169 0.9462101 0.3213496 -0.05353605 0.9454461 0.1329638 -0.06587785 0.9889291 0.1330998 -0.06580835 0.9889155 0.1330975 -0.06505525 0.9889656 0.1330844 -0.06506073 0.988967 0.1330872 -0.0618062 0.9891753 0.1330937 -0.06180292 0.9891747 0.1330971 -0.05599933 0.9895198 0.1330431 -0.05601871 0.9895259 0.133054 -0.04932224 0.9898809 0.1331104 -0.04930412 0.9898741 0.1331335 -0.04165261 0.9902225 0.1330076 -0.04168444 0.990238 0.1330395 -0.02818334 0.99071 0.1330374 -0.02818334 0.9907103 0.1331073 -0.007130384 0.991076 0.2272527 -0.0562914 0.9722076 0.2271578 -0.05634117 0.9722269 0.2271746 -0.06215882 0.9718683 0.2272109 -0.06214237 0.9718609 0.2272084 -0.06399369 0.9717413 0.2272204 -0.06398969 0.9717388 0.2272271 -0.06174588 0.9718824 0.2271509 -0.06177401 0.9718984 0.2271701 -0.05800527 0.9721262 0.2270947 -0.05803054 0.9721423 0.2271299 -0.05278635 0.9724328 0.227126 -0.05278712 0.9724337 0.2272013 -0.04168897 0.9729551 0.6835255 -0.0651732 0.7270113 0.5469321 -0.06603097 0.8345689 0.5469321 -0.06603097 0.8345689 0.5469321 -0.06603097 0.834569 0.5916548 -0.06474047 0.8035878 0.5762957 -0.06104665 0.8149581 0.5054792 -0.05568891 0.8610399 0.5047361 -0.055467 0.86149 0.6621495 -0.07727843 0.7453765 0.6825839 -0.07845693 0.7265836 0.5919829 -0.0760743 0.8023523 0.5911638 -0.07583206 0.8029789 0.5056248 -0.07099735 0.8598273 0.5049594 -0.07079684 0.8602349 0.6662083 -0.07891923 0.7415782 0.6614351 -0.07779586 0.7459567 0.5925468 -0.0776903 0.8017808 0.5919302 -0.07751303 0.8022534 0.5060217 -0.07516592 0.8592393 0.5055065 -0.07501661 0.8595556 0.414783 -0.07046598 0.9071878 0.4149343 -0.06341457 0.9076389 0.4144379 -0.06326085 0.9078764 0.4148542 -0.04653131 0.9086974 0.4143608 -0.04638004 0.9089302 0.4148585 -0.02717196 0.9094802 0.3700575 -0.01864671 0.9288218 0.04625469 -0.08358591 0.9954265 0.1330161 -0.07010304 0.9886316 0.1329761 -0.07012653 0.9886353 0.2271017 -0.05613672 0.9722518 0.2272497 -0.05605435 0.9722219 0.3214229 -0.04271501 0.9459719 0.3215932 -0.04261618 0.9459185 0.4149339 -0.03010708 0.9093534 0.4150803 -0.03803867 0.9089893 0.4152405 -0.03794497 0.9089199 0.4153895 -0.05498021 0.9079806 0.4154295 -0.05495846 0.9079636 0.4154186 -0.06545162 0.9072725 0.4153555 -0.06548178 0.9072993 0.4153224 -0.0693717 0.9070253 0.4151149 -0.06946659 0.907113 0.4150978 -0.07088291 0.9070113 0.4169916 -0.0700882 0.906204 0.3214471 -0.06233835 0.9448733 0.3215661 -0.05351704 0.9453736 0.2269043 -0.0417062 0.9730237 0.2270725 -0.02192443 0.9736311 0.1328894 -0.007130265 0.9911053 0.1329576 0.0137965 0.9910257 0.07448613 0.02961283 0.9967823 -0.1339558 -0.02836579 0.9905813 -0.2262492 -0.0640037 0.9719644 -0.5918532 -0.0227316 0.8057252 -0.04656511 -0.06509715 0.9967919 -0.04435169 -0.05594742 0.9974482 -0.5910522 -0.06460708 0.8040419 -0.6712929 0.005392909 0.7411727 -0.6719573 0.005751311 0.7405676 -0.6567005 -0.003612756 0.7541428 -0.6688145 -0.01627904 0.7432511 -0.6594769 -0.02665787 0.7512521 -0.6729851 -0.06093674 0.7371416 -0.5497383 -0.04247796 0.8342562 -0.5063673 -0.03945881 0.8614147 -0.5126446 -0.03936976 0.8576979 -0.5361181 -0.04073899 0.8431594 -0.2935352 -0.0143395 0.9558408 -0.3301435 -0.01471745 0.943816 -0.3808071 -0.02003276 0.9244375 -0.4161819 -0.02738565 0.9088689 -0.4310479 -0.0274862 0.9019104 -0.4310479 -0.0274862 0.9019104 -0.4310479 -0.0274862 0.9019104 -0.4808158 -0.03361308 0.8761772 -0.2233803 0.003404319 0.9747254 -0.07433855 0.02597486 0.9968947 -0.0938763 0.01735419 0.9954327 -0.09075999 0.00713694 0.9958473 -0.05988186 -0.01645636 0.9980698 -0.04145902 -0.008848369 0.9991011 -0.1332959 0.1102423 0.9849259 -0.06163728 -0.03887504 0.9973413 -0.04656034 -0.02817493 0.9985181 -0.04656201 -0.02164584 0.998681 -0.05055129 -0.0689131 0.9963411 -0.1319818 -0.1021139 0.9859786 -0.2260814 -0.08622127 0.9702851 -0.2208678 -0.08399188 0.9716805 -0.3931234 -0.04328238 0.9184665 -0.3931234 -0.04328238 0.9184665 -0.3931234 -0.04328238 0.9184665 -0.3714022 -0.07106381 0.9257485 -0.3204857 -0.05482429 0.9456655 -0.3058645 -0.07454586 0.9491522 -0.2673016 -0.07976609 0.9603058 -0.4998241 -0.02015012 0.8658926 -0.4998241 -0.02015012 0.8658926 -0.4998241 -0.02015012 0.8658926 -0.5805572 0.008181989 0.8141784 -0.5691241 -0.009455084 0.8221973 -0.5505931 -0.0194453 0.8345472 -0.5061734 -0.02208673 0.8621488 -0.5060492 -0.01871401 0.8623017 -0.5874743 -0.008671104 0.8091965 -0.5913535 -0.007101297 0.8063812 -0.6419004 -0.002107918 0.7667852 -0.6633847 0.002584993 0.7482741 -0.6692378 -0.04876857 0.7414462 -0.6745831 -0.04004216 0.7371121 -0.592454 -0.0450319 0.8043447 -0.5921142 -0.02285385 0.80553 -0.5069141 -0.0303561 0.861462 -0.5066283 -0.01878124 0.8619601 -0.4157624 -0.0309965 0.908945 -0.4162448 -0.05137008 0.9078003 -0.438386 -0.03049153 0.8982695 -0.3210345 -0.06524819 0.9448173 -0.5921101 -0.06681925 0.8030821 -0.5073745 -0.06786704 0.859049 -0.5071178 -0.06780153 0.8592059 -0.416723 -0.06748604 0.9065251 -0.4165599 -0.06744408 0.9066032 -0.31994 -0.06574159 0.9451542 -0.5074167 -0.04966425 0.8602684 -0.4167436 -0.05400395 0.9074186 -0.4167419 -0.05400431 0.9074193 -0.3210139 -0.05806881 0.9452926 -0.3210391 -0.05807876 0.9452834 -0.2262123 -0.06163012 0.9721265 -0.2262474 -0.06164556 0.9721174 -0.1339728 -0.06469422 0.9888711 -0.4166082 -0.03877681 0.9082587 -0.3208842 -0.04777443 0.9459128 -0.3209549 -0.04780083 0.9458875 -0.2261097 -0.05694544 0.972436 -0.2261981 -0.05697494 0.9724137 -0.1340299 -0.06607854 0.9887718 -0.1339724 -0.06606084 0.9887807 -0.2259739 -0.05927431 0.9723284 -0.2261225 -0.05922108 0.9722971 -0.3205236 -0.04487699 0.9461769 -0.3208484 -0.04475855 0.9460725 -0.4162696 -0.03104209 0.9087113 -0.4164061 -0.03869712 0.9083548 -0.5070552 -0.03041499 0.8613768 -0.5072827 -0.04960095 0.8603511 -0.5924293 -0.04502004 0.8043636 -0.5923602 -0.06688481 0.8028922 -0.6779842 -0.06421899 0.7322659 -0.6586431 -0.07414484 0.7487936 -0.3935529 -0.04804122 0.9180459 -0.3205612 -0.05918502 0.945377 -0.3207576 -0.05923205 0.9453075 -0.2259865 -0.07449829 0.9712776 -0.2261058 -0.0745241 0.9712478 -0.1339537 -0.0899738 0.9868948 -0.1339026 -0.07397085 0.9882299 -0.1529228 -0.07455509 0.9854218 -0.1340398 -0.06991308 0.9885067 -0.2260612 0.002476155 0.97411 -0.2258535 -0.02176225 0.9739181 -0.1008823 -0.00218904 0.9948959 -0.09430038 -0.004638731 0.995533 -0.3208109 -0.01429146 0.9470355 -0.3204728 -0.03497642 0.9466119 -0.226304 -0.02186232 0.9738114 -0.226304 -0.02186232 0.9738114 -0.2263039 -0.02186232 0.9738113 -0.2258145 -0.04155123 0.9732838 -0.1340523 -0.0283975 0.9905674 -0.134006 -0.04563772 0.9899291 -0.05258202 -0.03581142 0.9979743 -0.04656642 -0.06193649 0.9969932 -0.049281 -0.05908489 0.9970358 -0.1340183 -0.06182289 0.9890486 -0.134029 -0.05613917 0.9893861 -0.2261285 -0.06174451 0.9721387 -0.2261592 -0.05533748 0.9725173 -0.3206974 -0.06370055 0.9450374 -0.3208346 -0.05349099 0.9456235 -0.4163213 -0.06345885 0.9070004 -0.4157895 -0.06352335 0.9072397 -0.5065959 -0.0709595 0.8592587 -0.5059098 -0.07106852 0.8596538 -0.5913433 -0.07588952 0.8028412 -0.5905461 -0.07605272 0.8034124 -0.690776 -0.07864999 0.7187787 -0.6656917 -0.06176692 0.7436662 -0.05089044 -0.04750394 0.9975739 -0.0422604 -0.04934161 0.9978876 -0.1338419 -0.05605298 0.9894163 -0.1338617 -0.04559242 0.9899507 -0.2259516 -0.05527389 0.9725691 -0.2260487 -0.04162597 0.9732263 -0.3205855 -0.05341178 0.9457125 -0.320876 -0.0351023 0.9464705 -0.4162145 -0.04658359 0.9080725 -0.4156786 -0.04662859 0.9083155 -0.5064431 -0.05564153 0.8604763 -0.5057769 -0.0557214 0.8608629 -0.5743524 -0.06090819 0.8163391 -0.5813389 -0.04766368 0.8122643 -0.6664437 -0.07743227 0.7415235 -0.6654702 -0.07778042 0.7423608 -0.591277 -0.07768094 0.8027186 -0.591857 -0.07753503 0.8023052 -0.5064691 -0.07520473 0.8589724 -0.5069815 -0.07509744 0.8586793 -0.4161678 -0.07055455 0.9065465 -0.4165182 -0.07049489 0.9063901 -0.3209781 -0.06378394 0.9449364 -0.3209601 -0.06624478 0.9447732 -0.2261118 -0.06173473 0.9721431 -0.2261052 -0.06393837 0.9720022 -0.1339861 -0.06180793 0.9890539 -0.1339846 -0.06469935 0.9888691 -0.04561918 -0.06726849 0.9966915 -0.04679286 -0.07487916 0.9960942 -0.04883271 -0.07384473 0.9960735 -0.04298889 -0.08403944 0.9955347 -0.05131357 -0.08029282 0.9954497 -0.04068833 -0.09470564 0.9946735 -0.04112672 -0.09450781 0.9946743 -0.06778782 -0.1249179 0.9898486 -0.09026324 -0.1003216 0.9908522 -0.08582419 -0.08849352 0.9923725 -0.04374599 -0.1196732 0.9918491 0.1760255 0.05556982 0.9828159 0.1760255 0.05556988 0.9828159 0.1760255 0.05556982 0.9828159 0.06905847 0.9657308 0.2501898 0.1013184 0.9795969 0.1735644 0.1013184 0.9795969 0.1735645 0.1013184 0.9795969 0.1735645 0.2807627 0.9377298 0.2045367 0.2807629 0.9377298 0.2045366 0.3156274 0.9399793 0.1296851 0.4528558 0.8590099 0.2387966 0.5134947 0.8476884 0.1332206 0.5134947 0.8476884 0.1332206 0.5134947 0.8476884 0.1332206 0.6281706 0.7287042 0.2727493 0.6175485 0.7632196 0.1900783 0.7208701 0.6649457 0.1954316 0.7208701 0.6649457 0.1954317 0.7208701 0.6649457 0.1954316 0.9005413 0.3986284 0.1735537 0.9005413 0.3986284 0.1735537 0.9005413 0.3986284 0.1735537 0.7864341 0.5282622 0.3200947 0.8803205 0.4743387 -0.006227374 0.8803206 0.4743387 -0.006227314 0.8803204 0.4743387 -0.006227374 0.7416045 0.6209728 0.2538021 0.9252579 0.3027494 0.2285622 0.9252579 0.3027494 0.2285622 0.9252579 0.3027494 0.2285622 0.9243209 0.2923249 0.2453103 0.9774783 0.1618328 0.1354488 0.966697 0.1119594 0.230135 0.9841116 0.03262656 0.1745283 0.9841116 0.03262662 0.1745283 0.9841115 0.03262662 0.1745283 0.1545042 0.06215232 0.9860354 0.1619659 0.09189963 0.9825078 0.1619659 0.09189963 0.9825078 0.1619659 0.09189963 0.9825078 0.1330063 0.09742021 0.9863157 0.1330063 0.09742021 0.9863157 0.1330063 0.09742021 0.9863157 0.1417942 0.1204167 0.9825448 0.1417942 0.1204167 0.9825448 0.1417942 0.1204167 0.9825448 0.0996322 0.1274849 0.9868238 0.0996322 0.1274849 0.9868237 0.0996322 0.1274849 0.9868238 0.1297634 0.1383038 0.9818521 0.08613401 0.1519423 0.9846292 0.08613401 0.1519424 0.9846292 0.08613401 0.1519424 0.9846292 0.09773969 0.1581699 0.9825626 0.06928157 0.1769909 0.9817711 0.06928157 0.1769909 0.9817711 0.06928157 0.1769909 0.9817711 0.06615757 0.1746277 0.9824095 0.06615757 0.1746277 0.9824095 0.06615757 0.1746278 0.9824095 0.04715251 0.2035602 0.9779263 0.04715263 0.2035602 0.9779264 0.04715251 0.2035602 0.9779263 0.03310006 0.1907018 0.9810898 0.03310006 0.1907018 0.9810898 0.03310006 0.1907018 0.9810898 -0.01558309 0.2797386 0.9599498 0.01290661 0.298294 0.9543868 0.8387472 0.1139314 0.5324686 0.8387472 0.1139314 0.5324686 0.8387472 0.1139314 0.5324686 0.8201137 0.09521085 0.5642238 0.7870201 0.2644926 0.5573537 0.7847437 0.261438 0.5619854 0.7218058 0.413041 0.555332 0.7203764 0.4100236 0.5594091 0.6308666 0.5439453 0.5532911 0.6302196 0.5413532 0.5565609 0.5158774 0.655802 0.5511755 0.5157807 0.6537119 0.5537428 0.382805 0.7425426 0.5496279 0.382805 0.7425426 0.5496279 0.3830707 0.7408207 0.5517623 0.3830707 0.7408207 0.5517623 0.3830707 0.7408207 0.5517623 0.2346682 0.8023261 0.5488203 0.2352636 0.8014118 0.5499002 0.07925081 0.8324667 0.5483781 0.1026207 0.793516 0.5998345 0.1026207 0.793516 0.5998345 0.1026207 0.793516 0.5998345 0.538265 0.09376692 0.8375433 0.538265 0.09376692 0.8375433 0.5188117 0.08011293 0.8511266 0.4972398 0.1885135 0.8468857 0.4972398 0.1885135 0.8468857 0.4972398 0.1885135 0.8468857 0.4956455 0.1867496 0.84821 0.4956455 0.1867496 0.84821 0.4956455 0.1867496 0.84821 0.4557192 0.2826001 0.8440718 0.4545113 0.2810853 0.8452281 0.4545113 0.2810853 0.8452281 0.3979976 0.3658894 0.8412627 0.3979977 0.3658894 0.8412627 0.3979977 0.3658894 0.8412627 0.3973117 0.364215 0.8423128 0.324831 0.436623 0.8389549 0.324831 0.4366229 0.8389549 0.324831 0.436623 0.8389549 0.3248069 0.4349681 0.8398235 0.2412096 0.4911655 0.8370032 0.2408977 0.4900349 0.8377554 0.1475972 0.5287248 0.8358621 0.1478767 0.5281643 0.836167 0.1478767 0.5281643 0.8361669 0.1478767 0.5281642 0.8361669 0.07282108 0.5433982 0.8363108 0.07282102 0.5433982 0.8363108 0.07282108 0.5433982 0.8363107 0.05744719 0.6199907 0.7825033 0.05744725 0.6199908 0.7825033 0.05744725 0.6199907 0.7825033 0.02218174 -0.05226844 0.9983867 0 0.03972768 0.9992107 -0.003887414 0.04319024 0.9990593 -0.003871083 0.04316544 0.9990605 -0.003067016 0.04230105 0.9991002 -0.00206381 0.04137688 0.9991416 -4.63933e-4 0.04008942 0.9991961 0.00335139 0.02902257 0.9995732 -0.003237783 0.04211229 0.9991077 -0.003792881 0.0430485 0.9990658 -2.57347e-4 -0.02138006 0.9997714 -2.5732e-4 -0.02138006 0.9997714 -2.57347e-4 -0.02138006 0.9997714 -5.29843e-4 -0.02016323 0.9997966 -9.90433e-4 -0.01866072 0.9998254 1.67687e-4 -0.02100437 0.9997795 -3.04698e-5 -0.01535499 0.9998822 -3.68336e-4 -0.01382339 0.9999044 -3.68357e-4 -0.01382339 0.9999044 -3.68325e-4 -0.01382339 0.9999044 -3.44783e-4 -0.0139442 0.9999027 -6.70371e-5 -0.01219636 0.9999256 7.66192e-5 -0.01012986 0.9999487 -8.99107e-4 -0.001454293 0.9999986 0.00374341 0.003972709 0.9999851 -4.8443e-4 0.01309299 0.9999142 6.87713e-4 0.02441447 0.9997017 0.002062082 -0.0240314 0.9997092 -1.74577e-4 -0.02716207 0.9996311 4.84591e-5 -0.01959419 0.9998081 0.008847713 -0.04022091 0.9991517 -0.03405207 -0.0592519 0.9976622 0.007432103 -0.03503227 0.9993585 -0.01833438 -0.04894095 0.9986334 -0.005660593 -0.03852897 0.9992415 0.006099641 -0.04155236 0.9991178 0.003143787 -0.04322302 0.9990606 0.002063751 -0.04391789 0.9990331 3.05055e-4 -0.04240447 0.9991006 -0.001720309 -0.04079264 0.9991661 -0.003351449 -0.03964525 0.9992082 -0.004703581 -0.03873604 0.9992385 -0.006789684 -0.03747177 0.9992747 -1.62559e-4 -0.02192246 0.9997597 4.44863e-4 -0.03081202 0.9995251 0.008303403 -0.04192173 0.9990864 -0.003045558 0.003972709 0.9999875 0.001435756 -0.01065284 0.9999423 0.001848697 -0.009975969 0.9999486 7.87902e-4 -0.01223343 0.999925 -8.88975e-4 -0.01857382 0.9998272 6.91969e-4 -0.01500684 0.9998872 -7.22775e-4 -0.02082163 0.999783 6.59079e-4 -0.01662188 0.9998617 3.18921e-4 -0.01761269 0.9998449 3.18944e-4 -0.01761269 0.9998449 3.18919e-4 -0.01761269 0.9998449 -3.57654e-4 0.006267309 0.9999803 3.93471e-5 0.01739013 0.9998488 -0.001165866 0.02902263 0.9995781 -0.006108999 0.0244767 0.9996818 -0.001853585 0.03160518 0.9994988 0 0.04204809 0.9991157 8.1025e-4 0.04290962 0.9990786 0.001989305 0.04434216 0.9990145 0.002304792 0.04478925 0.9989939 0.002294659 0.04476672 0.9989948 0.001928031 0.04404586 0.9990277 0.001482307 0.04307055 0.999071 0.001482307 0.04307055 0.999071 0.001482307 0.04307055 0.999071 0.001126408 0.04189044 0.9991216 0.001126468 0.04189044 0.9991217 0.001126408 0.04189044 0.9991216 -8.92599e-5 -0.07110697 0.9974687 1.35562e-4 -0.06903195 0.9976145 -4.10169e-5 -0.06504577 0.9978824 1.29021e-4 -0.06078767 0.9981508 2.43781e-4 -0.07884424 0.9968869 -6.64053e-4 -0.08356535 0.9965021 9.68894e-5 -0.07733184 0.9970054 -9.51938e-4 -0.1249493 0.9921627 -0.001337528 -0.1247918 0.9921821 -0.001627326 -0.1247487 0.992187 0.001106202 -0.1260281 0.9920261 0.001041293 -0.1260448 0.9920241 6.00411e-4 -0.1262937 0.9919927 4.09699e-4 -0.1264654 0.991971 0 -0.126951 0.9919091 -2.00377e-4 -0.128077 0.9917642 -2.00354e-4 -0.128077 0.9917642 -2.00374e-4 -0.128077 0.9917643 0.001625418 -0.1166941 0.9931667 -0.001236677 -0.1247611 0.9921861 0.001662671 -0.1024371 0.9947382 -0.002603709 -0.1127545 0.9936196 0.002060234 -0.08838379 0.9960845 -0.001260221 -0.09729665 0.9952547 -1.47161e-4 -0.08724522 0.9961869 -0.9844136 6.98709e-4 0.1758679 -0.9844136 6.98706e-4 0.1758679 -0.9844136 6.98728e-4 0.1758679 -0.9843842 0.005106747 0.1759597 -0.9843842 0.005110144 0.1759596 -0.9843842 0.005110085 0.1759596 -0.9844135 0.005105197 0.1757962 -0.9844135 0.005105197 0.1757962 -0.9844135 0.005105197 0.1757962 -0.8422918 0.01565134 0.5387947 -0.8422175 0.01564931 0.5389107 -0.8422176 0.01564931 0.5389108 -0.8422176 0.01564931 0.5389108 -0.5390702 0.02443879 0.8419063 -0.5391209 0.02444756 0.8418736 -0.5391209 0.02444756 0.8418737 -0.5391209 0.02444458 0.8418737 -0.1758373 0.003910005 0.9844115 -0.1758373 0.003910839 0.9844115 -0.1758373 0.003910779 0.9844115 -0.9843532 7.00909e-4 0.1762055 -0.8422702 0.002144455 0.5390514 -0.8422953 0.002142548 0.5390121 -0.5390282 0.003348171 0.8422811 -0.5390565 0.003346741 0.8422631 -0.1762115 0.003911316 0.9843446 -0.17588 0.02857327 0.9839969 -0.17588 0.0285744 0.9839968 -0.17588 0.02857434 0.9839969 -0.1757639 0.02857553 0.9840176 -0.1757639 0.02857553 0.9840176 -0.1757639 0.02857553 0.9840176 -0.3154754 0.9489338 0 -0.2408408 0.9705609 -0.002681195 -0.175791 0.9843933 -0.008221328 -0.1343158 0.9909313 -0.003795385 -0.03597837 0.9993526 0 -0.03597837 0.9993526 -8.33597e-7 -0.03597837 0.9993526 0 -0.7496522 0.661832 0 -0.6718888 0.7406521 1.06217e-6 -0.6718888 0.7406521 1.09449e-6 -0.6718888 0.7406521 1.07113e-6 -0.5390734 0.8422151 -0.008590817 -0.5546099 0.8320258 -0.01188188 -0.4077563 0.9130908 0 -0.8520298 0.5233722 -0.01125782 -0.8422155 0.5390833 -0.007895946 -0.9460235 0.3240836 0.003089606 -0.9843915 0.1758241 -0.007712662 -0.9939659 0.1096902 0 0 0.0825321 0.9965884 0 0.0825321 0.9965884 0 0.0825321 0.9965884 -0.001560091 0.3000395 0.9539256 0 0.9694916 0.2451249 -1.5305e-4 0.9688083 0.2478118 -1.53096e-4 0.9688083 0.2478118 -1.53104e-4 0.9688083 0.2478117 6.34162e-5 0.809266 0.5874423 -3.75483e-4 0.7994132 0.6007816 -3.65873e-4 0.7994132 0.6007816 -3.75567e-4 0.7994132 0.6007816 2.89475e-4 0.6458347 0.7634773 -3.48897e-4 0.6219037 0.7830937 -3.48991e-4 0.6219037 0.7830937 -3.49017e-4 0.6219037 0.7830937 2.68901e-4 0.4838825 0.8751329 2.68821e-4 0.4838825 0.8751329 2.68879e-4 0.4838825 0.8751329 -0.003393232 0.2624403 0.9649423 0.07473301 0.08241814 0.9937919 0.07473307 0.08241814 0.9937919 0.07473295 0.08241814 0.9937919 0.0780121 0.2093737 0.9747188 0.07096409 0.2617811 0.9625149 0.06600201 0.4830119 0.8731226 0.06600189 0.483012 0.8731228 0.06600201 0.483012 0.8731228 0.06980669 0.5622829 0.8239933 0.06980669 0.5622828 0.8239934 0.06980669 0.5622829 0.8239934 0.05648797 0.6450607 0.7620406 0.05648791 0.6450608 0.7620406 0.05648797 0.6450607 0.7620406 0.04135733 0.8402572 0.5406084 0.04135733 0.8402572 0.5406085 0.04135733 0.8402572 0.5406084 0.05392754 0.8081353 0.5865231 0.001398086 0.9823893 0.1868402 0.01827728 0.9694526 0.2445968 0.01827728 0.9694526 0.2445968 0.01827722 0.9694526 0.2445968 0.2199674 0.2092952 0.9527906 0.2176578 0.1888072 0.9575891 0.1861187 0.5616645 0.8061593 0.1854438 0.5492507 0.8148217 0.1854437 0.5492507 0.8148217 0.1854438 0.5492507 0.8148217 0.1219217 0.8402617 0.5282948 0.1219217 0.8402617 0.5282948 0.1220417 0.8356443 0.5355414 0.0416907 0.9827504 0.1801769 0.0416907 0.9827503 0.1801769 0.04184794 0.9822638 0.1827749 0.9981893 -0.003601133 0.06004261 0.9981893 -0.003601133 0.06004261 0.9981893 -0.003601193 0.06004261 0.9819743 -0.01263576 0.188592 0.9819743 -0.01263588 0.188592 0.9819743 -0.01263576 0.188592 0.9996414 -0.001906037 0.02671003 0.9993577 -0.002229273 0.03576833 0.9984959 -0.00458765 0.05463463 0.9993 -0.003836929 0.03721594 0.999116 -0.004281103 0.04181993 0.999116 -0.004281163 0.04181993 0.999116 -0.004281103 0.04181993 0.9989346 -0.004851698 0.0458936 0.9989346 -0.004851758 0.0458936 0.9989346 -0.004851639 0.0458936 0.9391096 -0.03400576 0.3419313 0.9391095 -0.03400576 0.3419313 0.9391096 -0.03400582 0.3419313 0.9974083 -0.006452679 0.07166004 0.9974083 -0.00560224 0.07173067 0.9993577 -0.001412451 0.03581124 0.9996875 -5.07362e-4 0.02499371 0.9990738 -5.06302e-4 0.0430305 0.9990738 -5.06409e-4 0.0430305 0.9990738 -5.06409e-4 0.0430305 0.809364 0.002108991 0.5873036 0.8120557 0.001278877 0.5835787 0.8200696 -0.006481289 0.5722271 0.7559965 -0.01235669 0.654459 0.8258905 -0.01943361 0.5634956 0.8259403 -0.02925735 0.5629981 0.7656272 -0.04581284 0.6416513 0.8264563 -0.04454177 0.5612362 0.8167766 -0.05513757 0.5743134 0.7712714 -0.06529355 0.6331489 0.8010305 -0.06282877 0.5953176 0.7955467 -0.06156027 0.602757 0.8205544 -0.05663669 0.5687555 0.7671136 -0.05673897 0.6389973 0.7671204 -0.0495032 0.6395903 0.8086585 -0.03938758 0.5869584 0.8086585 -0.03938758 0.5869584 0.8086585 -0.03938764 0.5869583 0.7376502 -0.0395208 0.6740255 0.9616147 9.53725e-4 0.2744016 0.9988088 1.33764e-4 0.04879719 0.9988088 1.3371e-4 0.04879719 0.9988088 1.33756e-4 0.04879719 0.9988409 1.62184e-4 0.04813289 0.9988409 1.62049e-4 0.04813289 0.998841 1.62118e-4 0.04813289 0.962324 4.42265e-4 0.2719052 0.9623087 -0.005232632 0.2719092 0.9642571 -0.005369186 0.264914 0.9642827 -0.01885974 0.2642029 0.9640238 -0.01888841 0.2651442 0.9640238 -0.01888841 0.2651442 0.9640237 -0.01888841 0.2651442 0.9639021 -0.02724021 0.2648603 0.9605325 -0.02815765 0.2767389 0.9605325 -0.02815765 0.276739 0.9605325 -0.02815759 0.276739 0.9605317 -0.02753067 0.2768049 0.9605317 -0.02753061 0.2768049 0.9605317 -0.02753061 0.2768049 0.9530363 -0.0294156 0.3014246 0.9530362 -0.02941554 0.3014246 0.9530362 -0.0294156 0.3014245 0.9528891 -0.02029627 0.3026395 0.9451422 -0.02106219 0.3259794 6.21229e-7 0 -1 0.9476714 -0.2983962 0.113485 0.9977624 -0.04539316 0.04908853 0.9977624 -0.04539316 0.04908853 0.9977625 -0.04539316 0.04908853 0.9830583 -0.04320573 0.1781283 0.9699901 -0.08906698 0.226244 0.9699901 -0.08906698 0.226244 0.9699901 -0.08906704 0.226244 0.9802117 -0.1264335 0.1523141 0.95938 -0.1475062 0.2404827 0.9602737 -0.2324196 0.1544525 0.9146196 -0.2870974 0.2846859 0.9146197 -0.2870975 0.2846859 0.9146197 -0.2870975 0.2846859 0.9130814 -0.285722 0.2909386 0.9144814 -0.3909108 0.1044631 0.8925269 -0.4350982 0.1186823 0.861134 -0.4070867 0.3045141 0.86425 -0.4407312 0.2425444 0.7302663 -0.6696701 0.1351041 0.7567954 -0.6416105 0.1248872 0.7567955 -0.6416105 0.1248871 0.7567954 -0.6416105 0.1248872 0.7869787 -0.5345949 0.3080145 0.8054528 -0.575928 0.1398316 0.8054528 -0.575928 0.1398315 0.8054528 -0.575928 0.1398316 0.8434051 -0.5237254 0.1199153 0.7142333 -0.6749138 0.1853705 0.6840804 -0.6566976 0.3174622 0.6840804 -0.6566976 0.3174622 0.6840804 -0.6566976 0.3174622 0.6640371 -0.7361319 0.1310145 0.5934702 -0.7914121 0.1464927 0.5784751 -0.8115402 0.08227509 0.5241335 -0.8312203 0.1853563 0.5241335 -0.8312203 0.1853563 0.5241335 -0.8312204 0.1853563 0.4906416 -0.8683809 0.07201033 0.4474049 -0.8714974 0.2008016 0.447405 -0.8714974 0.2008016 0.447405 -0.8714974 0.2008016 0.4001329 -0.9117573 0.09269535 0.400133 -0.9117573 0.09269535 0.4001329 -0.9117572 0.09269535 0.3464294 -0.9019722 0.2577459 0.3464293 -0.9019722 0.2577459 0.3464294 -0.9019722 0.2577459 0.3309103 -0.9113897 0.2446776 0.3309104 -0.9113898 0.2446776 0.3309103 -0.9113898 0.2446776 0.3029125 -0.7657778 0.5672993 0.3324418 -0.8045775 0.4920749 0.3324418 -0.8045775 0.4920748 0.3324365 -0.8045797 0.4920749 0.4101948 -0.768981 0.4903147 0.4101948 -0.768981 0.4903147 0.4101948 -0.768981 0.4903147 0.4123866 -0.7709856 0.4853026 0.4123867 -0.7709856 0.4853026 0.4945714 -0.7258734 0.4780241 0.4945713 -0.7258734 0.478024 0.4945713 -0.7258735 0.478024 0.4957258 -0.7270725 0.4749965 0.5704707 -0.6780257 0.4635131 0.5713222 -0.6788338 0.4612761 0.6680747 -0.6012493 0.4383783 0.6684126 -0.6016699 0.4372847 0.6684127 -0.6016699 0.4372848 0.6684126 -0.6016699 0.4372847 0.7735353 -0.4919442 0.3995421 0.7735354 -0.4919443 0.3995422 0.7731496 -0.4911605 0.4012496 0.7731496 -0.4911605 0.4012497 0.7731496 -0.4911605 0.4012497 0.8505316 -0.381242 0.3622851 0.8497363 -0.3801457 0.3652912 0.8497362 -0.3801457 0.3652911 0.9042755 -0.2707515 0.3301204 0.9042755 -0.2707515 0.3301204 0.9042755 -0.2707515 0.3301204 0.9034367 -0.2698259 0.3331608 0.9034367 -0.2698259 0.3331608 0.9034367 -0.2698259 0.3331608 0.9385496 -0.160552 0.3055289 0.9385495 -0.160552 0.3055289 0.9385495 -0.1605522 0.3055291 0.9677686 -0.2334409 0.09449613 0.6183735 -0.2423959 0.7475684 0.4999588 -0.1518961 0.8526247 0.4531057 -0.200784 0.8685512 0.01287651 -0.1353243 0.9907178 0.01287627 -0.1353243 0.9907177 0.01287615 -0.135324 0.9907178 0.1067084 -0.354582 0.9289161 0.1466307 -0.3680183 0.9181841 0.08844089 -0.299305 0.9500499 0.08844083 -0.299305 0.9500499 0.08844089 -0.299305 0.9500499 0.190536 -0.2530128 0.9485149 0.1905361 -0.2530128 0.948515 0.1567937 -0.2055697 0.9660004 0.1567936 -0.2055697 0.9660004 0.1567937 -0.2055697 0.9660004 0.2941234 -0.2844087 0.9124709 0.2941234 -0.2844087 0.9124709 0.2941234 -0.2844086 0.9124709 0.2669287 -0.2536625 0.9297335 0.3395305 -0.2055426 0.9178624 0.2803976 -0.136964 0.9500622 0.2803976 -0.136964 0.9500622 0.2803975 -0.136964 0.9500622 0.4937103 -0.2830972 0.8222568 0.8093628 0.00452274 0.5872917 0.7530518 -0.0021559 0.6579579 0.75213 -0.01396822 0.6588668 0.7401024 -0.01346021 0.6723595 0.7401024 -0.01346021 0.6723595 0.7401024 -0.01346015 0.6723594 0.7443341 -0.02922523 0.6671676 0.6928054 -0.0207988 0.7208247 0.7127955 -0.0366109 0.7004158 0.7072871 -0.05408412 0.7048545 0.7236236 -0.09379988 0.6837913 0.7236236 -0.09379988 0.6837913 0.6666784 -0.0602557 0.7429059 0.6499835 -0.09439474 0.7540631 0.6919292 -0.1712836 0.701353 0.6919292 -0.1712836 0.701353 0.6919292 -0.1712836 0.701353 0.5978269 -0.09973186 0.7953971 0.5640041 -0.1480873 0.8123852 0.2575733 -0.6208866 0.7403755 0.2575733 -0.6208866 0.7403755 0.2283492 -0.585743 0.7776644 0.3133149 -0.5476165 0.7758544 0.3133148 -0.5476165 0.7758544 0.3197542 -0.5545984 0.7682304 0.3979389 -0.5115556 0.7615482 0.4052094 -0.5195528 0.7522435 0.4052094 -0.5195528 0.7522436 0.4749711 -0.4734517 0.7417858 0.4824286 -0.4811212 0.7319735 0.5723063 -0.4098018 0.7103013 0.5842583 -0.425045 0.6913604 0.6790621 -0.3259056 0.6577692 0.6914086 -0.3397426 0.6375964 0.757822 -0.2453426 0.6045765 0.7696872 -0.2566065 0.584581 0.8132929 -0.1692951 0.5566812 0.8244209 -0.1774039 0.5374552 0.8446759 -0.1164662 0.5224542 0.8494225 -0.1181768 0.5143108 0.8581672 -0.0815103 0.5068582 0.8623443 -0.08231455 0.4995867 0.8623443 -0.08231455 0.4995867 0.8623443 -0.08231455 0.4995867 0.8679206 -0.04734027 0.4944419 0.8679206 -0.04734027 0.4944419 0.8679206 -0.04734033 0.4944419 0.8708913 -0.04748326 0.4891766 0.8735341 -0.01418906 0.4865561 0.9614442 -0.01749652 0.2744433 0.002991855 -0.1389181 0.9902994 0.002991974 -0.1389182 0.9902994 0.002992212 -0.1389179 0.9902995 0.05117392 -0.2932028 0.9546797 0.09055691 -0.3608537 0.9282156 0.09055691 -0.3608537 0.9282156 0.09055685 -0.3608538 0.9282156 0.1456555 -0.5972314 0.7887328 0.1763703 -0.651525 0.7378405 0.1763703 -0.651525 0.7378405 0.1763703 -0.6515251 0.7378405 0.238165 -0.8259519 0.5109606 0.238165 -0.8259521 0.5109606 0.238165 -0.825952 0.5109606 0.2135805 -0.7982834 0.5631403 0.3091992 -0.9346687 0.1754716 0.3091992 -0.9346688 0.1754716 0.3091992 -0.9346687 0.1754716 0.2835949 -0.9277697 0.2425228 0.007497847 -0.3010371 0.9535831 -0.003129601 -0.3634735 0.9315993 0.03143274 -0.6167926 0.7864978 0.0314328 -0.6167926 0.7864978 0.03143274 -0.6167926 0.7864979 0.02468073 -0.6678755 0.7438637 0.02468079 -0.6678755 0.7438637 0.02468067 -0.6678755 0.7438637 0.03452628 -0.8605519 0.5081914 0.04648274 -0.8248125 0.5634924 0.04648274 -0.8248125 0.5634925 0.04648268 -0.8248125 0.5634924 0.02368563 -0.9847934 0.1721079 0.04077184 -0.9705827 0.2372913 0.0407719 -0.9705826 0.2372913 0.04077184 -0.9705826 0.2372913 0.02285581 -0.2998878 0.9537007 0.02285581 -0.2998878 0.9537007 0.02285581 -0.2998878 0.9537007 0.02289223 -0.2996852 0.9537635 0.06716978 -0.6138499 0.7865599 0.06716972 -0.6138499 0.7865599 0.06716978 -0.6138499 0.7865599 0.06709623 -0.613914 0.7865163 0.1036328 -0.855042 0.5080981 0.103772 -0.8544632 0.5090424 0.1256048 -0.9769999 0.1723211 0.1257908 -0.9767689 0.1734914 0.0382049 -0.296687 0.9542104 0.03816419 -0.297016 0.9541096 0.03816413 -0.297016 0.9541096 0.03816413 -0.2970161 0.9541096 0.1119676 -0.606173 0.787412 0.1120129 -0.6059168 0.7876027 0.112013 -0.6059168 0.7876027 0.1120129 -0.6059168 0.7876027 0.1729934 -0.8433314 0.5087883 0.1729935 -0.8433313 0.5087882 0.1730603 -0.8427698 0.5096953 0.2093746 -0.9626447 0.1716906 0.2097193 -0.9620928 0.1743425 0 -0.3634746 0.9316042 0 -0.3634718 0.9316052 0 -0.6679635 0.7441941 0 -0.6679635 0.744194 0 -0.6679635 0.744194 0 -0.6680184 0.7441447 0 -0.6680185 0.7441447 0 -0.6680184 0.7441447 0 -0.8257077 0.5640983 0 -0.8257077 0.5640982 0 -0.8257077 0.5640983 0 -0.8256536 0.5641775 0 -0.8256536 0.5641775 0 -0.8256536 0.5641775 0 -0.9713908 0.2374869 0 -0.9713908 0.2374869 0 -0.9713908 0.2374869 0 -0.9713908 0.2374869 0 -0.9713908 0.2374869 0 -0.9713908 0.2374869 -0.2896779 -0.9410364 0.1747491 -0.2896778 -0.9410364 0.1747491 -0.2960988 -0.9236235 0.2434036 -0.2300558 -0.8280838 0.5112254 -0.2258535 -0.7932947 0.5653971 -0.2258535 -0.7932946 0.5653971 -0.2258536 -0.7932947 0.5653971 -0.1755027 -0.6508811 0.7386153 -0.1456892 -0.5971562 0.7887834 -0.1456892 -0.5971562 0.7887834 -0.09009003 -0.3605379 0.9283837 -0.05115509 -0.2930456 0.954729 -0.006378173 -0.1491602 0.9887925 -0.006377696 -0.1491603 0.9887925 -0.006378233 -0.1491603 0.9887925 -0.03799909 -0.2970084 0.9541186 -0.03799915 -0.2970083 0.9541186 -0.03799909 -0.2970084 0.9541186 -0.03793108 -0.2965711 0.9542572 -0.1112976 -0.6061143 0.7875521 -0.1112976 -0.6061143 0.7875521 -0.1114398 -0.6064498 0.7872737 -0.1717523 -0.8430396 0.5096916 -0.1722456 -0.8435749 0.5086384 -0.1722456 -0.8435748 0.5086384 -0.1722457 -0.8435749 0.5086385 -0.2079957 -0.9624789 0.1742763 -0.2079957 -0.9624788 0.1742763 -0.2079957 -0.9624789 0.1742763 -0.2086092 -0.9627634 0.171956 -0.2086092 -0.9627634 0.171956 -0.2086092 -0.9627634 0.171956 -0.02279657 -0.3000312 0.953657 -0.02279663 -0.3000311 0.953657 -0.02269023 -0.2996929 0.9537659 -0.02269023 -0.299693 0.9537659 -0.02269023 -0.299693 0.9537658 -0.06660997 -0.6135081 0.7868742 -0.06682395 -0.6137871 0.7866386 -0.06682395 -0.613787 0.7866386 -0.06682395 -0.613787 0.7866386 -0.1031504 -0.8545782 0.5089756 -0.1034464 -0.8550613 0.5081034 -0.1249959 -0.9768989 0.1733342 -0.1251817 -0.9770366 0.1724212 -0.1251816 -0.9770366 0.1724212 -0.1251817 -0.9770366 0.1724212 -0.01053184 -0.3633541 0.9315916 -0.01053184 -0.363354 0.9315917 -0.01053184 -0.363354 0.9315916 0.01081991 -0.3028842 0.952966 0.01081997 -0.3028842 0.952966 0.01081991 -0.3028842 0.952966 -0.03892666 -0.6675837 0.7435165 -0.03892666 -0.6675837 0.7435165 -0.03892666 -0.6675837 0.7435165 -0.02218282 -0.6173843 0.786349 -0.03234201 -0.8252317 0.5638677 -0.03234189 -0.8252317 0.5638676 -0.03234207 -0.8252317 0.5638676 -0.04322749 -0.8600195 0.508427 -0.02738225 -0.9710593 0.2372642 -0.02738225 -0.9710593 0.2372642 -0.02738225 -0.9710593 0.2372642 -0.04155683 -0.9841612 0.1723362 -0.04918259 -0.1332415 0.9898626 -0.04918259 -0.1332412 0.9898626 -0.04918289 -0.1332412 0.9898625 -0.7092326 -0.03581023 0.7040644 -0.7905847 -0.04901099 0.6103882 -0.8194249 -0.03193706 0.5722963 -0.7962234 -0.002639949 0.604997 -0.844593 -0.02592921 0.5347808 -0.844593 -0.02592921 0.5347808 -0.844593 -0.02592921 0.5347808 -0.8262753 -0.002121329 0.5632627 -0.6938729 -0.06571286 0.7170929 -0.7303054 -0.1001833 0.6757346 -0.6543931 -0.07467228 0.7524585 -0.6543931 -0.07467222 0.7524585 -0.6543932 -0.07467222 0.7524585 -0.6429954 -0.0974698 0.7596424 -0.6429954 -0.09746986 0.7596424 -0.6429954 -0.09746986 0.7596424 -0.7009381 -0.1832573 0.6892769 -0.7009381 -0.1832572 0.6892768 -0.7009381 -0.1832573 0.6892768 -0.5825916 -0.09750819 0.8068948 -0.5825916 -0.09750819 0.8068948 -0.5825916 -0.09750813 0.8068948 -0.5614532 -0.1650837 0.8108747 -0.5614532 -0.1650837 0.8108747 -0.5614532 -0.1650837 0.8108748 -0.591644 -0.2130984 0.7775259 -0.4868922 -0.1550734 0.8595862 -0.4587518 -0.1841862 0.8692654 -0.5100572 -0.315198 0.8003075 -0.3840444 -0.1863046 0.9043232 -0.2779952 -0.1423216 0.9499807 -0.3213347 -0.2523955 0.9127106 -0.3213347 -0.2523955 0.9127106 -0.3213347 -0.2523955 0.9127106 -0.3527516 -0.2108491 0.9116518 -0.3527516 -0.2108491 0.9116519 -0.3527516 -0.2108492 0.9116518 -0.2721465 -0.2766483 0.9216302 -0.1120839 -0.1277405 0.9854541 -0.112084 -0.1277405 0.985454 -0.1120839 -0.1277405 0.9854541 -0.2399309 -0.3185731 0.9170302 -0.2399309 -0.3185731 0.9170302 -0.03514051 -0.2086414 0.9773608 -0.03514051 -0.2086413 0.9773608 -0.03514045 -0.2086414 0.9773608 -0.1372337 -0.3427675 0.9293425 -0.3296898 -0.9440882 -0.001524627 -0.3296898 -0.9440882 -0.001524627 -0.3296898 -0.9440881 -0.001524627 -0.3751793 -0.8935064 0.2467527 -0.5834745 -0.8097 0.0627985 -0.5834745 -0.8096998 0.0627985 -0.5834745 -0.8096999 0.0627985 -0.4803833 -0.8411467 0.2484036 -0.4803833 -0.8411467 0.2484036 -0.4803833 -0.8411467 0.2484036 -0.5070105 -0.8605872 -0.04827243 -0.4407699 -0.8746891 0.2015961 -0.7285154 -0.6723083 0.1314042 -0.711385 -0.6805918 0.1752891 -0.7113849 -0.6805918 0.1752891 -0.711385 -0.6805918 0.1752892 -0.6814409 -0.6619786 0.3121263 -0.6814409 -0.6619785 0.3121262 -0.6630843 -0.7342925 0.1453748 -0.5794212 -0.8062084 0.1195785 -0.7523781 -0.6471756 0.1228458 -0.7860493 -0.5433232 0.294833 -0.8016784 -0.5815595 0.138204 -0.8950833 -0.4293803 0.1202427 -0.8611519 -0.4159687 0.2922113 -0.8611519 -0.4159687 0.2922113 -0.8611519 -0.4159687 0.2922113 -0.8635177 -0.4196344 0.279722 -0.8459127 -0.5158196 0.1355061 -0.834245 -0.5375984 0.1225694 -0.9171808 -0.3841196 0.1059798 -0.9171807 -0.3841196 0.1059798 -0.9171808 -0.3841196 0.1059798 -0.9055541 -0.2753826 0.3227015 -0.9055541 -0.2753826 0.3227015 -0.9204748 -0.287445 0.2647675 -0.9204747 -0.287445 0.2647675 -0.9517872 -0.3000073 0.06400603 -0.9592561 -0.2301194 0.16393 -0.9592561 -0.2301194 0.16393 -0.9709472 -0.2383975 -0.02069598 -0.9709472 -0.2383975 -0.02069598 -0.9709472 -0.2383975 -0.02069598 -0.9712071 -0.1616867 0.1749691 -0.9712071 -0.1616866 0.1749691 -0.9902148 -0.1394622 -0.005001723 -0.9902148 -0.1394622 -0.005001723 -0.9902148 -0.1394622 -0.005001783 -0.9850233 -0.1010428 0.1397122 -0.9986943 -0.03662359 0.03561788 -0.9986942 -0.03662365 0.03561788 -0.9986943 -0.03662359 0.03561788 -0.993591 -0.04009997 0.1056843 -0.9548316 -0.02284389 0.2962681 -0.9548316 -0.02284389 0.2962681 -0.9548317 -0.02284389 0.2962681 -0.9565917 -0.02400988 0.2904406 -0.9521728 -0.07987284 0.2949362 -0.9520636 -0.07981264 0.2953046 -0.9520636 -0.07981264 0.2953046 -0.9520637 -0.07981264 0.2953046 -0.9434001 -0.1340442 0.3033621 -0.9434001 -0.1340442 0.3033621 -0.9434001 -0.1340442 0.3033621 -0.943659 -0.1342834 0.3024494 -0.9306811 -0.1884951 0.3135321 -0.9310203 -0.1890397 0.3121944 -0.9310202 -0.1890397 0.3121944 -0.9310203 -0.1890397 0.3121944 -0.9031929 -0.2712674 0.332651 -0.9031935 -0.2712658 0.3326507 -0.9031935 -0.2712658 0.3326507 -0.9037913 -0.2726075 0.329919 -0.9037913 -0.2726075 0.3299191 -0.8489335 -0.3822115 0.3650022 -0.8489334 -0.3822115 0.3650021 -0.8493995 -0.3837604 0.3622825 -0.7711874 -0.4943791 0.4010729 -0.7713591 -0.4951851 0.399746 -0.7713592 -0.4951852 0.3997461 -0.6653382 -0.6052898 0.4369776 -0.66518 -0.604248 0.4386571 -0.5654571 -0.6833936 0.4617701 -0.5655212 -0.6819761 0.4637825 -0.4889172 -0.7315366 0.475199 -0.4890401 -0.7293675 0.4783962 -0.4036052 -0.7756268 0.4852895 -0.4038386 -0.7718028 0.4911568 -0.318526 -0.8100171 0.4923552 -0.3220208 -0.7568176 0.5687969 -0.3220208 -0.7568175 0.5687968 -0.2421145 -0.6261239 0.7411811 -0.2333228 -0.5759734 0.7834637 -0.3053501 -0.5433656 0.7819944 -0.3068344 -0.5556992 0.7726908 -0.3924863 -0.5092953 0.7658805 -0.3941761 -0.5203797 0.7575159 -0.394176 -0.5203797 0.7575159 -0.3941761 -0.5203797 0.7575159 -0.4700547 -0.4711987 0.7463381 -0.4700547 -0.4711986 0.7463381 -0.4700547 -0.4711987 0.7463381 -0.4721275 -0.4820674 0.7380425 -0.4721274 -0.4820674 0.7380425 -0.4721275 -0.4820674 0.7380425 -0.5688816 -0.4064382 0.7149697 -0.5767523 -0.4258591 0.6971377 -0.6763781 -0.3230217 0.6619439 -0.6763781 -0.3230217 0.6619439 -0.6763781 -0.3230217 0.6619439 -0.685593 -0.3414344 0.6429501 -0.7557178 -0.2424053 0.6083834 -0.765614 -0.2580451 0.5892775 -0.811464 -0.1668578 0.5600757 -0.8212158 -0.1784287 0.5420035 -0.8212158 -0.1784287 0.5420035 -0.8212158 -0.1784287 0.5420035 -0.8428254 -0.1145959 0.5258452 -0.7945409 -0.06567257 0.6036489 -0.8082716 -0.05038297 0.5866504 -0.9550591 -0.002417087 0.2964057 -0.9550591 -0.00241512 0.2964057 -0.9550591 -0.00241512 0.2964057 -0.8103496 -0.05729132 0.5831393 -0.8186214 -0.05864584 0.5713316 -0.8013336 -0.06196129 0.5950004 -0.8013336 -0.06196129 0.5950004 -0.8013336 -0.06196129 0.5950004 -0.789811 -0.0500375 0.6113059 -0.789811 -0.05003756 0.6113059 -0.789811 -0.05003756 0.6113059 -0.7682622 -0.05403637 0.6378506 -0.7903183 -0.03450119 0.6117243 -0.7585482 -0.03983438 0.6503983 -0.8394479 -0.04440385 0.5416232 -0.83943 -0.03517562 0.5423284 -0.7922588 -0.02970689 0.6094618 -0.8520129 -0.01872849 0.5231858 -0.824767 -0.004056096 0.5654582 -0.8262625 -0.003907799 0.5632718 -0.9944172 -3.93247e-4 0.1055192 -0.9827977 0.001181125 0.184682 -0.9827977 0.001181066 0.184682 -0.9827977 0.001181125 0.184682 -0.9810959 -0.007512748 0.1933763 -0.9852581 -0.008409202 0.1708682 -0.9796634 -0.01399707 0.200159 -0.7916711 -0.0589134 0.6081004 -0.7916712 -0.0589134 0.6081004 -0.7916712 -0.05891346 0.6081004 -0.9842275 -0.01679372 0.1761081 -0.9797593 -0.01671785 0.1994799 -0.9797594 -0.01671785 0.1994799 -0.9797594 -0.01671785 0.1994799 -0.9683476 -0.01206856 0.2493136 -0.9664736 -0.01480704 0.2563391 -0.9722229 -0.01488298 0.2335835 -0.9722229 -0.01488298 0.2335835 -0.9722229 -0.01488298 0.2335835 -0.9681574 -0.02038377 0.2495111 -0.9749878 -0.01974064 0.2213802 -0.9682177 -0.02541202 0.2488148 -0.9780688 -0.02224534 0.2070907 -0.9783132 -0.02082568 0.2060817 3.39522e-6 0 -1 -6.79053e-6 0 -1 -2.48541e-6 0 -1 -0.04694324 0.8403543 0.5400012 -0.009353756 0.9711937 0.238108 -0.01381456 0.9826807 0.1847915 -0.06655865 0.4660806 0.8822352 -0.06655859 0.4660806 0.8822351 -0.06655859 0.4660807 0.8822352 -0.06913477 0.5494237 0.8326789 -0.06913489 0.5494237 0.8326788 -0.06913495 0.5494236 0.8326789 -0.06979101 0.5613283 0.8246452 -0.05613803 0.6505033 0.757426 -0.04411208 0.81297 0.5806324 -0.07090675 0.265329 0.9615471 -0.07826173 0.2088223 0.9748172 -0.07826161 0.2088223 0.9748171 -0.07826167 0.2088223 0.9748171 -0.07471573 0.08506548 0.9935701 -0.07471567 0.08506548 0.9935701 -0.07471567 0.08506548 0.99357 -0.221065 0.1871845 0.9571271 -0.216991 0.2086956 0.9536043 -0.216991 0.2086956 0.9536044 -0.216991 0.2086956 0.9536043 -0.1878492 0.5488428 0.8145454 -0.1837841 0.5613579 0.8069081 -0.1837841 0.5613579 0.8069081 -0.1837841 0.5613579 0.8069081 -0.1234176 0.8356604 0.5352007 -0.1207044 0.839997 0.5289949 -0.1207043 0.839997 0.528995 -0.1207043 0.8399969 0.5289949 -0.04218327 0.982266 0.182686 -0.04136198 0.9826766 0.1806542 0 0.08498793 0.996382 0.001693427 0.2983261 0.9544626 0.003230452 0.2660689 0.9639487 4.47933e-4 0.8137907 0.5811579 -2.36316e-4 0.6515245 0.7586275 4.85928e-4 0.6211691 0.7836765 4.85909e-4 0.6211691 0.7836765 4.85891e-4 0.6211691 0.7836765 0 0.5505425 0.8348072 0 0.5505425 0.8348072 0 0.5505425 0.8348072 0 0.4674268 0.8840318 -4.40842e-4 0.7976936 0.6030631 -4.40806e-4 0.7976936 0.6030631 -4.40811e-4 0.7976935 0.6030631 6.59636e-4 0.9680511 0.2507523 0 0.9712399 0.238103 0.9844133 0.005105078 0.1757966 0.9844133 0.005105078 0.1757966 0.9844133 0.005105078 0.1757966 0.9844119 6.99631e-4 0.1758769 0.9844119 6.98489e-4 0.1758769 0.9844119 6.98517e-4 0.1758769 0.9844139 6.99225e-4 0.175866 0.9844139 6.99218e-4 0.175866 0.9844139 6.99203e-4 0.175866 0.8422925 0.002144217 0.5390167 0.8422707 0.002142786 0.5390506 0.5390627 0.003348052 0.8422589 0.5390208 0.0033468 0.8422858 0.1757639 0.02857232 0.9840176 0.1757639 0.0285753 0.9840176 0.1757639 0.0285753 0.9840176 0.9844264 0.005102813 0.1757234 0.9844264 0.005102872 0.1757234 0.9844264 0.005102872 0.1757234 0.8422127 0.01565003 0.5389184 0.8422127 0.01565003 0.5389184 0.8422127 0.01565009 0.5389184 0.8422933 0.01563996 0.5387926 0.5391196 0.02444803 0.8418744 0.5391196 0.02444809 0.8418744 0.5391196 0.02444803 0.8418744 0.5390666 0.02444791 0.8419083 0.17588 0.02857446 0.9839969 0.17588 0.02857452 0.9839968 0.17588 0.02857446 0.9839968 0.1762115 0.003911316 0.9843446 0.1758373 0.003910839 0.9844115 0.1758373 0.003910839 0.9844115 0.1758373 0.003910839 0.9844115 0.9163877 0.4002919 0 0.9527608 0.3037219 0 0.984402 0.1758262 -0.006168007 0.9872905 0.1588818 -0.003777503 0.9996258 0.02735799 0 0.8355516 0.5493135 -0.0104013 0.8422133 0.5390821 -0.008204579 0.7387589 0.6739699 0 0.1757967 0.9844266 0 0.1043261 0.9944505 -0.01357817 0.1043261 0.9944505 -0.01357817 0.1043261 0.9944505 -0.01357817 0.3202458 0.9473281 0.00347203 0.5390753 0.8422183 -0.008144021 0.5206069 0.8537108 -0.01209545 0.6585507 0.7525364 0 0.6585507 0.7525365 0 0.6585507 0.7525364 0 -0.04859817 -0.006882965 0.9987948 -0.04859811 -0.006882786 0.9987948 -0.04859817 -0.006882905 0.9987948 -0.1021488 0.009117901 0.9947274 -0.1021488 0.009117901 0.9947274 -0.1021488 0.009117901 0.9947274 -0.07494068 0.01477944 0.9970785 -0.06298828 0.01120501 0.9979515 -0.06298828 0.01120501 0.9979515 -0.06298828 0.01120507 0.9979515 -0.08211153 0.02755182 0.9962423 -0.08211153 0.02755182 0.9962423 -0.08211153 0.02755182 0.9962423 -0.0787667 0.03319466 0.9963403 -0.07876664 0.03319483 0.9963403 -0.07876676 0.03319466 0.9963403 -0.05164253 0.02081888 0.9984487 -0.05164253 0.02081894 0.9984487 -0.05164253 0.02081894 0.9984487 -0.07916021 0.04838311 0.9956871 -0.07916033 0.04838299 0.9956871 -0.05809181 0.04968488 0.9970741 -0.05809181 0.04968488 0.9970741 -0.05809175 0.04968494 0.9970741 -0.03971678 0.03032827 0.9987506 -0.04955691 0.05643552 0.9971756 -0.04955685 0.05643552 0.9971756 -0.04955691 0.05643552 0.9971756 -0.04322266 0.06007015 0.997258 -0.04322266 0.06007015 0.997258 -0.04322266 0.06007015 0.997258 -0.02368575 0.03389424 0.9991448 -0.03116017 0.06143134 0.9976249 -0.03116023 0.06143128 0.9976248 -0.03116011 0.06143134 0.9976248 -0.01735383 0.07081657 0.9973384 -0.01735371 0.07081663 0.9973384 -0.01735377 0.07081663 0.9973385 -0.008500337 0.03750121 0.9992604 -0.003054976 0.09053635 0.9958885 -0.003055036 0.09053635 0.9958885 -0.003055036 0.09053635 0.9958885 0.009338319 0.05016517 0.9986973 0.009338259 0.05016517 0.9986973 0.009338319 0.05016517 0.9986974 0.009032011 0.04116445 0.9991116 0.00903213 0.04116445 0.9991116 0.00903207 0.04116445 0.9991116 0.02215993 0.0663731 0.9975488 0.02216011 0.06637305 0.9975488 0.02216011 0.06637305 0.9975488 0.029958 0.06429249 0.9974814 0.02995777 0.06429255 0.9974814 0.02995795 0.06429249 0.9974814 0.02351337 0.03227603 0.9992024 0.02351343 0.03227603 0.9992024 0.02351349 0.03227603 0.9992024 0.04863345 0.07319748 0.996131 0.05058205 0.04733777 0.9975975 0.04172831 0.03289407 0.9985874 0.06719082 0.05099338 0.9964362 0.06719088 0.05099326 0.9964362 0.06719076 0.05099332 0.9964362 0.07266122 0.0455513 0.996316 0.07266139 0.04555118 0.996316 0.07266116 0.04555135 0.9963159 0.05168133 0.02085721 0.9984458 0.08761614 0.04128366 0.9952985 0.08761614 0.04128366 0.9952986 0.08761614 0.04128366 0.9952985 0.08225166 0.02158486 0.9963779 0.08225172 0.02158486 0.9963779 0.08225172 0.0215848 0.9963778 0.06305402 0.01100552 0.9979494 0.06305408 0.01100534 0.9979495 0.06305402 0.01100552 0.9979495 0.09315603 0.01497983 0.9955388 0.09315609 0.01497983 0.9955388 0.09315609 0.01497983 0.9955389 0.1761282 0.01647943 0.9842293 0.05973231 -0.005026936 0.9982019 0.09499973 0.008496642 0.9954411 0.5381026 0.05282896 0.8412223 0.8383445 0.09182655 0.5373514 0.9765338 0.1244671 0.1757544 0.9760652 0.1247055 0.1781725 0.9103657 0.37211 0.1810207 0.9108549 0.3720332 0.1787031 0.7819436 0.596032 0.1825107 0.7825616 0.5960927 0.1796414 -0.2954867 0.9374174 0.1842179 -0.2954867 0.9374174 0.1842179 -0.2954867 0.9374174 0.1842179 -0.1302062 0.974328 0.1836611 -0.1302015 0.9743622 0.1834831 -0.1302015 0.9743621 0.1834831 -0.1302015 0.9743621 0.1834831 0.1314323 0.9741572 0.1836937 0.1314464 0.9740919 0.1840298 0.1314464 0.9740919 0.1840298 0.1314465 0.9740919 0.1840298 0.297441 0.9367834 0.1842982 0.297441 0.9367834 0.1842982 0.297441 0.9367834 0.1842981 0.3846309 0.922511 -0.03213548 0.3846309 0.922511 -0.03213548 0.3846309 0.922511 -0.03213548 0.4170252 0.8900229 0.1842539 0.4170252 0.8900229 0.1842539 0.4170251 0.8900229 0.1842539 0.6003866 0.7789067 0.1812196 0.6003866 0.7789066 0.1812195 0.6003866 0.7789066 0.1812195 0.5602181 0.8110363 -0.1684515 0.560218 0.8110364 -0.1684515 0.560218 0.8110364 -0.1684515 0.6624197 0.7262667 0.183676 0.3467795 0.01952868 0.9377434 0.320995 0.117862 0.9397184 0.3211795 0.1179566 0.9396436 0.3211795 0.1179566 0.9396436 0.3211795 0.1179566 0.9396436 0.2770874 0.1945425 0.9409442 0.2770874 0.1945425 0.9409442 0.2770875 0.1945425 0.9409442 0.2767207 0.1943328 0.9410954 0.2767208 0.1943328 0.9410954 0.2134637 0.2574706 0.942413 0.2134636 0.2574706 0.9424129 0.2132331 0.2572443 0.942527 0.2132331 0.2572442 0.942527 0.2132331 0.2572443 0.942527 0.1360338 0.3026322 0.9433497 0.1358436 0.3022987 0.943484 0.04721772 0.3261831 0.9441267 0.04717957 0.3260445 0.9441764 -0.04663252 0.3256931 0.9443249 -0.04663252 0.3256931 0.9443249 -0.04660445 0.3257261 0.9443148 -0.04660445 0.3257261 0.9443148 -0.04660445 0.3257261 0.9443148 -0.1338139 0.3033194 0.9434465 -0.1337135 0.3028799 0.9436019 -0.212284 0.2584444 0.9424129 -0.212284 0.2584444 0.9424129 -0.212284 0.2584444 0.9424129 -0.2124828 0.2587589 0.9422818 -0.2124828 0.2587589 0.9422818 -0.2124828 0.2587589 0.9422819 -0.2773209 0.1941002 0.9409667 -0.2773234 0.1940978 0.9409665 -0.2773234 0.1940977 0.9409665 -0.2771673 0.1939086 0.9410514 -0.3208817 0.1192063 0.9395877 -0.3208817 0.1192063 0.9395876 -0.3208817 0.1192063 0.9395877 -0.3208915 0.1192143 0.9395833 -0.3400418 0.04861193 0.9391531 -0.175741 -0.007773935 0.9844058 -0.175741 -0.007773876 0.9844058 -0.175741 -0.007773935 0.9844058 0.6443774 0.04502409 0.763381 0.596035 0.2336176 0.768222 0.5960351 0.2336177 0.7682221 0.596035 0.2336176 0.768222 0.5967358 0.2336992 0.7676531 0.5967358 0.2336992 0.7676531 0.5129851 0.3785743 0.7704076 0.5139539 0.3789612 0.7695712 0.3948581 0.4976123 0.7723143 0.3948581 0.4976123 0.7723143 0.3953206 0.4979628 0.7718516 0.2509593 0.5819267 0.7735509 0.2512969 0.5823198 0.7731453 0.2512969 0.5823197 0.7731453 0.2512969 0.5823198 0.7731453 0.08695983 0.6263129 0.7747065 0.08695012 0.6265016 0.7745552 0.08695012 0.6265015 0.7745551 0.08695018 0.6265015 0.7745551 -0.08607184 0.6264768 0.7746731 -0.08607184 0.6264768 0.7746731 -0.08607184 0.6264768 0.7746731 -0.08608847 0.6264844 0.7746651 -0.08608853 0.6264845 0.7746652 -0.08608853 0.6264844 0.7746651 -0.2472212 0.5835458 0.7735347 -0.2472639 0.5839391 0.7732242 -0.3931619 0.4999903 0.7716435 -0.3931598 0.4999917 0.7716436 -0.3931598 0.4999917 0.7716436 -0.3929136 0.4992086 0.7722757 -0.5141421 0.3780578 0.7698898 -0.5140667 0.3779571 0.7699896 -0.5961278 0.2362606 0.7673413 -0.5954409 0.2356895 0.76805 -0.6386581 0.07443594 0.7658819 -0.5387631 0.02604478 0.8420547 0.8612931 0.0886805 0.5003101 0.801185 0.3221576 0.5042986 0.802119 0.3221973 0.5027865 0.6891512 0.5185508 0.5061382 0.6899253 0.5187825 0.5048444 0.5296148 0.6791016 0.5082612 0.5300692 0.6793755 0.5074207 0.3359944 0.7920507 0.5096699 0.3363572 0.7924364 0.5088304 0.3363573 0.7924364 0.5088305 0.1162398 0.8519322 0.5105879 0.1162398 0.8519321 0.5105879 0.1162398 0.8519322 0.5105879 0.1163164 0.8522156 0.5100972 -0.1151999 0.852316 0.5101829 -0.1152154 0.8522498 0.5102899 -0.3310052 0.7948989 0.5084992 -0.3310616 0.7941828 0.5095801 -0.3310617 0.7941828 0.50958 -0.3310617 0.7941828 0.5095801 -0.5269964 0.6818892 0.5072494 -0.5269964 0.6818892 0.5072494 -0.5268194 0.6812618 0.5082751 -0.5268194 0.681262 0.5082751 -0.5268194 0.6812619 0.5082751 -0.6905168 0.5179333 0.5049076 -0.6905168 0.5179333 0.5049077 -0.6900523 0.517193 0.5062997 -0.6900523 0.517193 0.5062996 -0.8010368 0.3254761 0.5023997 -0.8003802 0.3248905 0.5038232 -0.8595879 0.1024035 0.500622 -0.8595878 0.1024034 0.500622 -0.8595879 0.1024034 0.500622 -0.838672 0.08779919 0.5375134 -0.4127859 0.8986505 -0.1484426 -0.4127859 0.8986505 -0.1484426 -0.412786 0.8986505 -0.1484426 -0.3745378 0.908867 0.1835274 -0.5589292 0.8088881 0.1824781 -0.5589292 0.808888 0.1824781 -0.5589292 0.808888 0.1824781 -0.6033725 0.7956211 -0.05411851 -0.6621558 0.7265368 0.183559 -0.6621557 0.7265369 0.1835591 -0.783243 0.595158 0.1797711 -0.783243 0.595158 0.1797711 -0.7832429 0.5951581 0.1797711 -0.7830345 0.5946012 0.1825013 -0.9093965 0.3756914 0.1784769 -0.9090668 0.3750874 0.181403 -0.9754818 0.1292189 0.1781516 -0.9754817 0.1292188 0.1781515 -0.9754818 0.1292188 0.1781516 -0.9759091 0.1298272 0.1753463 -0.9759091 0.1298272 0.1753463 -0.9759092 0.1298272 0.1753463 0 1 -2.07428e-6 0 1 -2.17167e-6 -0.9659289 0.2588078 0 -0.9659281 0.2588106 0 -0.707112 0.7071017 0 -0.7071127 0.7071009 0 -0.2588479 0.9659181 0 -0.2588471 0.9659184 0 -0.2588806 -0.9659094 0 -0.2588813 -0.9659093 0 -0.7070944 -0.7071193 0 -0.7070937 -0.70712 0 -0.9659126 -0.2588684 0 -0.9659133 -0.2588657 0 1 0 0 1 -2.45042e-7 0 1 1.29106e-7 0 1 0 0 1 2.47137e-7 0 0.04339307 -0.9990581 0 0.068677 -0.9976074 -0.007943809 0.3491668 -0.9370606 1.14811e-4 0.3491668 -0.9370606 1.14765e-4 0.3491668 -0.9370606 1.1478e-4 0.3013091 -0.9535263 -8.05241e-4 0.2429261 -0.9698348 -0.02018296 0.2179352 -0.975923 -0.008871376 0.1305386 -0.9914386 0.003037393 0.4008159 -0.916156 -0.002235949 0.4451566 -0.8952224 -0.02031141 0.486702 -0.873565 -0.00233519 0.5713291 -0.8207189 0.001907944 0.6266335 -0.7790241 -0.02126145 0.6502396 -0.7597003 -0.006628155 0.7422901 -0.6700657 -0.004156112 0.7159198 -0.6981825 -5.27606e-6 0.6984394 -0.7156692 3.53659e-6 0.9015277 -0.4298924 -0.04940116 0.895019 -0.4450232 -0.02992331 0.929165 -0.3696654 -4.44256e-5 0.8815664 -0.4717711 -0.01651805 0.8567807 -0.515681 0 0.7792007 -0.6267746 0 0.8164924 -0.5722215 -0.07682949 0.7860159 -0.6175554 -0.02835839 0.9976388 -0.06867867 0 0.9981796 -0.04970067 -0.03416812 0.9891518 -0.1461125 0.0151574 0.9687736 -0.2426761 -0.05085319 0.9658759 -0.2576394 -0.02656853 0.9454642 -0.3257262 -8.33898e-6 -0.9989545 -0.04571688 0 -0.9973031 -0.06865561 -0.02593988 -0.9904806 -0.1370138 0.01325327 -0.9691298 -0.2425414 -0.04428434 -0.9690647 -0.2427488 -0.04457235 -0.9492148 -0.3146287 7.28546e-7 -0.8606057 -0.5092719 -6.91608e-5 -0.8838242 -0.4673804 -0.02026253 -0.8947917 -0.4449094 -0.03746241 -0.9094021 -0.4156607 -0.01463246 -0.9321141 -0.3621649 -3.77882e-5 -0.6960024 -0.7180394 5.30839e-6 -0.7145045 -0.6996309 -3.52058e-6 -0.7383196 -0.6744438 -0.003120124 -0.7834115 -0.6209946 -0.02514529 -0.7790614 -0.6266633 -0.01888298 -0.8211755 -0.5706644 -0.003606796 -0.833845 -0.5519989 4.11997e-5 -0.8338449 -0.5519989 4.12786e-5 -0.8338449 -0.5519989 4.12649e-5 -0.6482988 -0.761341 -0.008277535 -0.6266306 -0.7790198 -0.0215007 -0.5702242 -0.8214843 0.002801179 -0.4784998 -0.8780792 -0.003845334 -0.4451604 -0.8952299 -0.01989269 -0.3869366 -0.9221059 8.38218e-4 -0.06867927 -0.9976389 0 -0.04320591 -0.9989878 -0.01252138 -0.129777 -0.9915387 0.002986252 -0.2429582 -0.969962 -0.01204144 -0.2171291 -0.9757168 -0.02884232 -0.3005468 -0.9537668 -8.02775e-4 -1 4.42473e-7 0 -1 -1.86228e-6 0 -1 -2.02296e-7 0 -1 -3.99655e-7 0 -1 1.77576e-7 0 -1 -1.66221e-6 0 -1 1.68768e-7 0 -1 -2.53604e-7 0 0.9659133 -0.2588657 0 0.9659126 -0.2588684 0 0.7070944 -0.7071193 0 0.7070937 -0.70712 0 0.2588813 -0.9659093 0 0.2588806 -0.9659094 0 0.2588471 0.9659184 0 0.2588479 0.9659181 0 0.707112 0.7071017 0 0.7071127 0.7071009 0 0.9659281 0.2588106 0 0.9659289 0.2588078 0 1 0 0 1 0 0 0.9955757 0.09396433 0 -0.990986 0.1339657 0 -0.9955441 0.09396052 -0.007964253 -0.9354163 0.3534812 0.006894648 -0.9232949 0.3840919 1.41339e-4 -0.7944895 0.6072764 -0.001381337 -0.7603858 0.6494098 0.008969485 -0.6714587 0.7410421 -1.55522e-4 -0.6714586 0.7410421 -1.55514e-4 -0.6714587 0.741042 -1.55493e-4 -0.4955155 0.8685988 -8.78221e-4 -0.4191068 0.907678 0.02168333 -0.5662724 0.8242182 -1.53763e-4 0.1718289 0.9850958 0.007819116 0.1329742 0.9911195 -6.95971e-5 -0.1718341 0.9851259 9.01044e-5 -0.1317709 0.991222 0.010746 -0.2991582 0.9542032 -8.84167e-4 0.4954864 0.8685476 0.01088398 0.4225112 0.9063576 -5.7182e-4 0.4225112 0.9063576 -5.71828e-4 0.4225112 0.9063576 -5.71853e-4 0.3012159 0.9535558 -6.03457e-4 0.3012159 0.9535558 -6.03462e-4 0.3012159 0.9535558 -6.03459e-4 0.7937045 0.6081714 0.01268476 0.6716584 0.7408611 -1.097e-4 0.5704983 0.8212989 -1.09166e-4 0.9916381 0.1289526 -0.005003631 0.9246844 0.3806346 0.00872147 0.9354376 0.3534893 0.001345932 0.7604155 0.6494351 -0.001605272 7.88756e-6 0 -1 -2.09388e-6 0 -1 7.16589e-7 0 -1 -1.14102e-6 0 -1 6.52079e-7 0 -1 1.93274e-6 0 -1 -2.85389e-6 0 -1 3.10495e-6 0 -1 -3.94376e-6 0 -1 -5.24612e-7 0 -1 0 0 -1 0 0 -1 2.15528e-7 0 -1 0 0 -1 -3.51903e-7 0 -1 5.65943e-7 0 -1 -4.5097e-7 0 -1 5.652e-7 0 -1 0 0 -1 -5.652e-7 0 -1 9.01941e-7 0 -1 0 0 -1 5.91044e-6 0 -1 -2.80073e-7 0 -1 4.86814e-7 0 -1 -5.60477e-7 0 -1 1 -6.36783e-7 0 1 -1.24849e-6 0 1 -3.06388e-7 0 1 -5.01865e-7 0 1 3.21644e-7 0 1 6.36783e-7 0 1 1.24849e-6 0 1 3.06388e-7 0 1 2.50933e-7 0 1 -3.21644e-7 0 0.7001488 0.7002795 -0.1392851 0.7001493 0.5936677 -0.3966732 0.7000593 0.5937238 -0.3967483 0.7000559 0.3967238 -0.5937441 0.7001465 0.3967024 -0.5936515 0.7001527 0.1392982 -0.700273 0.7001099 0.1392935 -0.7003167 0.7001103 -0.1393055 -0.7003139 0.7001495 -0.1392866 -0.7002785 0.7001487 -0.3966743 -0.5936676 0.7000601 -0.3967484 -0.5937227 0.7002958 -0.593545 -0.3965983 0.7002958 -0.593545 -0.3965982 0.7002958 -0.593545 -0.3965982 0.7001459 -0.5936532 -0.3967009 0.7001526 -0.7002729 -0.1392992 0.7001094 -0.7003175 -0.1392924 0.70011 -0.7003139 0.139307 0.7001488 -0.7002795 0.1392851 0.7001493 -0.5936677 0.3966732 0.7000593 -0.5937238 0.3967483 0.7000559 -0.3967238 0.5937441 0.7001465 -0.3967024 0.5936515 0.7001527 -0.1392982 0.700273 0.7001099 -0.1392935 0.7003167 0.7001103 0.1393055 0.7003139 0.7001495 0.1392866 0.7002785 0.7001487 0.3966743 0.5936676 0.7000601 0.3967484 0.5937227 0.7002958 0.593545 0.3965983 0.7002958 0.593545 0.3965982 0.7002958 0.593545 0.3965982 0.7001459 0.5936532 0.3967009 0.7001526 0.7002729 0.1392992 0.7001094 0.7003175 0.1392924 0.70011 0.7003139 -0.139307 0.5023213 0.8430028 -0.1924054 0.7023413 0.6831679 -0.1999961 0.706054 0.6122421 -0.3558757 0.4621832 0.6932802 -0.552946 0.7032583 0.5197252 -0.4850912 0.705499 0.3873967 -0.5934603 0.4366332 0.3903516 -0.8105413 0.4366332 -0.3903516 -0.8105413 0.7039347 0.2461823 -0.6662359 0.7046737 0.07941597 -0.7050732 0.428146 0 -0.9037096 0.428146 0 -0.9037096 0.428146 0 -0.9037096 0.7046737 -0.07941597 -0.7050732 0.7039346 -0.2461823 -0.666236 0.7054988 -0.387396 -0.5934608 0.7032578 -0.5197258 -0.4850912 0.4621829 -0.6932812 -0.552945 0.706054 -0.6122421 -0.3558757 0.6981012 -0.6980485 -0.1593207 0.388996 -0.8841249 -0.2588541 0.388996 -0.8841248 -0.258854 0.7064553 -0.7064628 -0.0427944 0.6980692 -0.698079 0.1593274 0.5020297 -0.8506836 0.1558964 0.5020297 -0.8506836 0.1558964 0.5020297 -0.8506836 0.1558964 0.706798 -0.6500465 0.279063 0.6980782 -0.5597792 0.4464685 0.5939811 -0.6417157 0.4851675 0.7069717 -0.455079 0.5413817 0.698068 -0.3106844 0.6451173 0.6674615 -0.3288462 0.6680983 0.6674615 -0.3288462 0.6680983 0.6674615 -0.3288462 0.6680983 0.7071251 -0.1632393 0.6879877 0.7071251 -0.1632393 0.6879877 0.7071251 -0.1632393 0.6879878 0.6982142 0 0.7158889 0.6982142 0 0.7158889 0.6982142 0 0.7158889 0.6982139 0 0.7158892 0.6982139 0 0.7158892 0.6982139 0 0.7158892 0.7071251 0.1632393 0.6879878 0.7071251 0.1632393 0.6879877 0.7071251 0.1632393 0.6879877 0.6692286 0.3224105 0.669466 0.6987613 0.3159679 0.6417921 0.7069717 0.455079 0.5413817 0.6104185 0.6192418 0.4938916 0.7000708 0.5695999 0.4306471 0.706798 0.6500465 0.279063 0.5529109 0.8123486 0.1854172 0.5529109 0.8123486 0.1854172 0.5529109 0.8123486 0.1854171 0.7012381 0.7012439 0.1285383 0.7064553 0.7064628 -0.0427944 -0.7045587 0.6890217 -0.1698417 -0.7045223 0.6890524 -0.1698682 -0.7045139 0.6284037 -0.3298015 -0.7044936 0.6284213 -0.3298114 -0.7044863 0.531203 -0.4706618 -0.7045578 0.5311726 -0.4705889 -0.7045511 0.403149 -0.5840195 -0.7045348 0.4031549 -0.584035 -0.7045488 0.2516908 -0.663523 -0.7044603 0.2516915 -0.6636167 -0.704461 0.08554774 -0.7045682 -0.7045086 0.08556181 -0.7045189 -0.704509 -0.08554202 -0.7045209 -0.704462 -0.08556741 -0.7045648 -0.7044576 -0.2517236 -0.6636074 -0.7045473 -0.2516595 -0.6635365 -0.7045353 -0.4031581 -0.5840323 -0.7045499 -0.4031462 -0.5840228 -0.7045628 -0.5311459 -0.4706116 -0.7044866 -0.5312245 -0.4706373 -0.7044986 -0.6284171 -0.3298085 -0.7045109 -0.6284047 -0.3298061 -0.7045218 -0.6890567 -0.1698528 -0.569401 -0.8085893 -0.1482089 -0.7064553 -0.7064628 -0.0427944 -0.7012381 -0.7012439 0.1285383 -0.7012499 -0.7012333 0.1285321 -0.7045139 -0.6284037 0.3298015 -0.7044936 -0.6284213 0.3298114 -0.7044863 -0.531203 0.4706618 -0.7045578 -0.5311726 0.4705889 -0.7045511 -0.403149 0.5840195 -0.7045348 -0.4031549 0.584035 -0.7045488 -0.2516908 0.663523 -0.7044603 -0.2516915 0.6636167 -0.704461 -0.08554774 0.7045682 -0.7045086 -0.08556181 0.7045189 -0.704509 0.08554202 0.7045209 -0.704462 0.08556741 0.7045648 -0.7044576 0.2517236 0.6636074 -0.7045473 0.2516595 0.6635365 -0.7045353 0.4031581 0.5840323 -0.7045499 0.4031462 0.5840228 -0.7045628 0.5311459 0.4706116 -0.7044866 0.5312245 0.4706373 -0.7044986 0.6284171 0.3298085 -0.7045109 0.6284047 0.3298061 -0.7045218 0.6890567 0.1698528 -0.7045543 0.6890224 0.1698569 -0.7045661 0.7096385 0 -0.7902207 0.6117034 0.0370177 -0.7065062 0.7064146 -0.04274958 1.55303e-7 0 1 -4.24221e-7 0 1 0 0.1950786 0.9807877 0 0.5556048 0.8314466 0 0.5556047 0.8314467 0 0.8314468 0.5556045 0 0.9807877 0.1950784 0 0.9807876 0.195079 0 0.9807876 -0.195079 0 0.9807877 -0.1950784 0 0.8314468 -0.5556045 0 0.5556047 -0.8314467 0 0.5556048 -0.8314466 0 0.1950786 -0.9807877 0 -0.1950786 -0.9807877 0 -0.5556048 -0.8314466 0 -0.5556047 -0.8314467 0 -0.8314468 -0.5556045 0 -0.9807877 -0.1950784 0 -0.9807876 -0.195079 0 -0.9807876 0.195079 0 -0.9807877 0.1950784 0 -0.8314468 0.5556045 0 -0.5556047 0.8314467 0 -0.5556048 0.8314466 0 -0.1950786 0.9807877 0.7043175 0.08872985 -0.7043181 0.7043358 0.08865594 -0.704309 0.704342 0.2605212 -0.6603266 0.7043364 0.2605406 -0.6603249 0.7043402 0.4160816 -0.5751356 0.7043251 0.4161427 -0.57511 0.7043227 0.5457433 -0.4539757 0.704322 0.5457451 -0.4539744 -1 -6.25378e-7 0 -1 -6.3242e-7 0 -1 -3.21949e-7 0 -1 -6.16534e-7 0 -1 -8.93768e-7 0 -1 1.37573e-6 0 -1 9.69493e-7 0 -1 -6.06285e-7 0 -1 3.66646e-7 0 -1 6.25378e-7 0 -1 -1.37573e-6 0 -1 -9.69493e-7 0 -1 6.06285e-7 0 -1 -3.66646e-7 0 -1 6.3242e-7 0 -1 3.21949e-7 0 -1 6.16534e-7 0 -1 1.41694e-6 0 -1 1.31428e-6 0 0.7070084 -0.124436 0.6961717 0.7102135 -0.1224819 0.6932497 0.7071888 -0.1074597 0.6988108 -0.8997873 -0.1159075 0.4206521 -0.9112021 -0.05192279 0.4086743 -0.9237167 -0.04306107 0.3806486 -0.9253333 -0.02218163 0.3785053 -0.931842 -0.01442539 0.3625777 -0.8574449 -0.1267295 0.4987264 -0.8931877 -0.08806455 0.4409766 -0.9620385 -0.2309359 0.1454329 -0.9592018 -0.2303885 0.1638694 -0.9846745 -0.1163241 0.1299425 -0.9836512 -0.1181694 0.1358911 -0.9915565 -0.04063743 0.1231431 -0.9915788 -0.04066592 0.1229548 -0.9915788 -0.04066598 0.1229548 -0.9915788 -0.04066592 0.1229548 0 -0.346606 -0.9380108 0.01994401 -0.2393008 -0.9707406 0 -0.5466209 -0.8373803 0.01910024 -0.6629939 -0.7483811 0 -0.7310485 -0.6823255 0 -0.8645562 -0.5025363 0.01747614 -0.9348732 -0.3545513 0 -0.9597207 -0.2809558 0 -0.9981704 -0.0604642 0 -0.9836124 0.1802959 0 -0.9836125 0.1802958 0 -0.9187151 0.3949211 0 -0.9187151 0.3949211 0 -0.9187151 0.3949211 0.01174235 -0.8229166 0.5680408 0 -0.7976797 0.6030815 0 -0.6434638 0.7654767 0.007641136 -0.4647496 0.8854092 0 -0.4416952 0.8971652 0 -0.23101 0.9729514 0 -0.23101 0.9729514 0 -0.23101 0.9729514 0.002754032 0 0.9999963 0.002754151 0 0.9999963 0.007641136 0.4647496 0.8854092 0 0.4416952 0.8971652 0 0.2308701 0.9729847 0 0.2308701 0.9729847 0 0.2308701 0.9729846 0.01174235 0.8229166 0.5680409 0 0.7976797 0.6030815 0 0.6434638 0.7654767 0.01747614 0.9348732 -0.3545513 0 0.9597207 -0.2809558 0 0.9981704 -0.0604642 0 0.9836125 0.1802958 0 0.9836124 0.1802959 0 0.9187151 0.3949211 -7.12322e-7 0.9187151 0.3949211 0 0.9187151 0.3949211 0.01910024 0.662994 -0.7483811 0 0.7310485 -0.6823255 0 0.8645562 -0.5025363 0 -0.1119289 -0.9937162 0 0.1119289 -0.9937162 0.01994401 0.2393008 -0.9707406 0 0.346606 -0.9380108 0 0.5466209 -0.8373803 -0.02004212 -0.2393003 -0.9707388 0 -0.3546672 -0.9349926 0 -0.5680949 -0.8229631 -0.02002662 -0.6629818 -0.7483677 0 -0.7484726 -0.6631658 0 -0.8854627 -0.4647107 -0.02003312 -0.9348285 -0.3545343 0 -0.9709371 -0.239335 0 -0.8854627 0.4647107 -0.02004098 -0.8228083 0.5679657 0 -0.7484719 0.6631665 0 -0.5680949 0.8229631 -0.020033 -0.46467 0.8852574 0 -0.3546671 0.9349926 0 -0.1205341 0.9927092 -0.02003568 0 0.9997993 0 0.1205341 0.9927092 0 0.3546671 0.9349926 -0.020033 0.46467 0.8852574 0 0.5680949 0.8229631 0 0.7484719 0.6631665 -0.02004098 0.8228083 0.5679657 0 0.8854627 0.4647107 0 0.9709374 0.2393338 -0.01003414 0.9835629 0.1802872 0.005035459 0.9999874 0 0 0.9709371 -0.239335 -0.02003312 0.9348285 -0.3545343 0 0.8854627 -0.4647107 0 0.7484726 -0.6631658 -0.02002668 0.6629818 -0.7483677 0 0.5680949 -0.8229631 0 0.3546672 -0.9349926 -0.02004212 0.2393003 -0.9707388 0 0.1205341 -0.9927092 0 -0.1205341 -0.9927092 -0.9659349 -0.2587853 0 -0.9659349 -0.2587856 0 -0.7071138 -0.7070999 0 -0.7071136 -0.7071 0 -0.2587416 -0.9659467 0 0.2587416 -0.9659467 0 0.7071135 -0.7071 0 0.7071138 -0.7070999 0 0.9659348 -0.2587856 0 0.9659349 -0.2587853 0 0.9659349 0.258785 0 0.9659349 0.2587853 0 0.7070566 0.707157 0 0.7070565 0.7071571 0 0.2588482 0.965918 0 0.2588483 0.965918 0 -0.2588482 0.965918 0 -0.2588483 0.965918 0 -0.7070565 0.7071572 0 -0.7070567 0.7071569 0 -0.9659349 0.2587853 0 -0.9659349 0.258785 0 -0.07632559 0.4008129 0.9129751 -0.1308097 0.3916239 0.9107797 -0.1304221 0.3872202 0.9127162 -0.1304221 0.3872202 0.9127161 -0.0323407 0.4072102 0.9127618 -0.03216224 0.4064953 0.9130867 -0.07614862 0.4013401 0.9127582 0.4959129 0.8551757 -0.1508142 0.704232 0.6927409 -0.1554591 0.7066031 0.6502082 -0.2791799 0.4611337 0.7684534 -0.4436613 0.7048405 0.5933315 -0.3887902 0.7065454 0.5105544 -0.4900285 0.4350731 0.5787727 -0.6897345 0.7048946 0.4186565 -0.5725823 0.7048946 0.4186564 -0.5725823 0.7062344 0.3057857 -0.6385359 0.4183186 0.3106487 -0.8535262 0.4183058 -0.3106539 -0.8535305 0.7055045 0.1904439 -0.6826379 0.7058534 0.06172907 -0.7056633 0.4127832 0 -0.9108294 0.7058534 -0.06172859 -0.7056633 0.7055117 -0.1904396 -0.6826318 0.4609861 -0.7685193 -0.4437004 0.4609861 -0.7685194 -0.4437004 0.7062307 -0.3057932 -0.6385365 0.7052224 -0.4185032 -0.5722906 0.4346768 -0.5788842 -0.6898907 0.4346768 -0.5788843 -0.6898907 0.4346769 -0.5788843 -0.6898907 0.7064411 -0.5106494 -0.4900799 0.7064411 -0.5106495 -0.4900799 0.7046548 -0.593487 -0.3888892 0.7046549 -0.593487 -0.3888893 0.7046549 -0.593487 -0.3888892 0.7067688 -0.6500407 -0.2791504 0.7041757 -0.6927995 -0.1554525 0.7041757 -0.6927995 -0.1554525 0.4959686 -0.8551515 -0.1507689 0.7069126 -0.7065489 -0.03260761 0.7018594 -0.7014963 0.1236794 0.476129 -0.8709464 0.1214646 0.7071136 -0.6726984 0.2178702 0.7019092 -0.616845 0.3561261 0.5558586 -0.7303364 0.3970264 0.7073405 -0.5529184 0.4403982 0.7020312 -0.4577472 0.5455455 0.6222372 -0.5123696 0.5918601 0.6222372 -0.5123695 0.5918601 0.7072323 -0.3631047 0.6066114 0.701847 -0.2436241 0.6693716 0.6778051 -0.255011 0.6896012 0.7070844 -0.1264446 0.6957324 0.7070843 -0.1264446 0.6957324 0.7070843 -0.1264446 0.6957324 0.7017754 0 0.7123984 0.7017756 0 0.7123981 0.7070977 0.1264694 0.6957143 0.7070977 0.1264694 0.6957143 0.6786421 0.2512097 0.6901729 0.6786421 0.2512097 0.6901729 0.7021661 0.2469535 0.667815 0.7070997 0.3629757 0.6068432 0.7070997 0.3629758 0.6068431 0.7070997 0.3629757 0.6068431 0.631209 0.4985461 0.5941607 0.631209 0.4985461 0.5941607 0.7028313 0.4655834 0.5378293 0.7072008 0.5530365 0.4404744 0.5835217 0.7033004 0.4060432 0.7032309 0.6246322 0.33956 0.7069343 0.6729063 0.2178096 0.5376892 0.8303298 0.1464337 0.7036651 0.7037186 0.09816139 0.7036651 0.7037186 0.09816145 0.7036651 0.7037186 0.09816139 0.7069391 0.7065229 -0.03259646 -0.8377956 -0.1231394 0.5319167 -0.8844586 -0.1745454 0.4327438 -0.816592 -0.04371631 0.5755576 0.1643202 -0.9819408 -0.09376066 0.7090088 -0.1553159 0.6878834 0.7051383 -0.2586863 0.6601981 0.7019937 -0.3557609 0.6169596 0.6370614 -0.5836793 0.5034594 0.6140084 -0.6535179 0.4426152 0.4427747 -0.8649685 0.2361781 0.4051702 -0.899499 0.1635202 0.1474666 -0.9843595 -0.09638518 6.43694e-5 -0.9658929 -0.2589423 -1.4714e-4 -0.96609 -0.2582057 -1.65093e-5 -0.9659193 -0.2588436 -2.44923e-5 -0.9659249 -0.258823 -1.73635e-5 -0.9659196 -0.2588427 -3.17378e-5 -0.9659217 -0.2588347 -5.62717e-5 -0.9659226 -0.2588313 -5.11316e-5 -0.9659507 -0.2587261 1 6.59643e-6 0 1 1.85422e-7 0 1 -3.84459e-7 0 1 5.4759e-7 0 1 -3.5314e-7 0 1 -3.83497e-7 0 1 7.3618e-7 0 1 -8.04777e-7 0 1 8.81596e-7 0 1 -7.72701e-7 0 1 3.54512e-7 0 1 -6.12375e-6 0 1 -2.38518e-7 0 1 -3.86263e-7 0 1 7.34768e-7 0 1 -7.4663e-7 0 1 1.32309e-7 0 1 2.45276e-7 0 1 -7.93881e-6 0 1 8.05566e-7 0 1 -1.65067e-6 0 1 2.76889e-6 0 -1.4347e-4 -0.9415699 -0.3368178 -0.02044427 -0.9098598 -0.4144119 -7.47132e-4 -0.8697937 -0.493415 -0.7070393 0.1041056 0.6994695 -0.6596936 0.1068466 0.7439007 -0.698034 0.08825945 0.7106046 -0.702108 0.08620196 0.7068336 0 -0.268723 -0.9632176 0.0329892 -0.1836373 -0.9824404 0 -0.4319205 -0.9019117 0.03216755 -0.5261764 -0.8497668 0 -0.5902811 -0.8071978 0 -0.7215176 -0.6923961 0.03052306 -0.7976573 -0.6023381 0 -0.8364262 -0.5480797 0 -0.9188707 -0.3945588 0.02808272 -0.9614374 -0.2735865 0 -0.9757323 -0.2189671 0 -0.9989374 -0.04608827 0 -0.9989362 -0.04611325 0 -0.9904139 0.1381323 0 -0.990415 0.1381242 0 -0.9513441 0.3081303 0.02070558 -0.8949635 0.4456588 0 -0.8785737 0.4776071 0 -0.7822294 0.6229906 0.01580679 -0.6735903 0.7389359 0 -0.6545021 0.7560602 0 -0.5131794 0.8582815 0 -0.5131794 0.8582815 0 -0.5131794 0.8582815 0.01011812 -0.3612543 0.9324125 0 -0.3468375 0.9379253 0 -0.1788438 0.9838775 0 -0.1788439 0.9838775 0 -0.1788438 0.9838775 0.003575801 0 0.9999936 0.003576278 0 0.9999937 0.01011741 0.361249 0.9324145 0 0.3468353 0.9379261 0 0.178742 0.983896 0 0.178742 0.983896 0 0.178742 0.983896 0.01580649 0.6736013 0.7389259 0 0.6545039 0.7560586 0 0.5136073 0.8580254 0.02072495 0.894977 0.4456309 0 0.878572 0.4776101 0 0.7822074 0.623018 0.02807998 0.9614391 -0.2735807 0 0.9757323 -0.2189671 0 0.9989374 -0.04608827 0 0.9989368 -0.04610079 0 0.9904081 0.1381734 0 0.990407 0.1381815 0 0.9514101 0.3079266 0.03053551 0.7976374 -0.602364 0 0.8364239 -0.5480832 0 0.9188745 -0.3945502 0.03217583 0.5261917 -0.849757 0 0.5903195 -0.8071698 0 0.7214614 -0.6924547 0 -0.08714365 -0.9961958 0 0.08714252 -0.9961959 0.03298962 0.1836407 -0.9824398 0 0.268723 -0.9632176 0 0.4319176 -0.9019131 -0.7001488 -0.7002795 -0.1392851 -0.7001493 -0.5936677 -0.3966732 -0.7000593 -0.5937238 -0.3967483 -0.7000559 -0.3967238 -0.5937441 -0.7001465 -0.3967024 -0.5936515 -0.7001527 -0.1392982 -0.700273 -0.7001099 -0.1392935 -0.7003167 -0.7001103 0.1393055 -0.7003139 -0.7001495 0.1392866 -0.7002785 -0.7001487 0.3966743 -0.5936676 -0.7000601 0.3967484 -0.5937227 -0.7002958 0.593545 -0.3965983 -0.7002958 0.593545 -0.3965982 -0.7002958 0.593545 -0.3965982 -0.7001459 0.5936532 -0.3967009 -0.7001526 0.7002729 -0.1392992 -0.7001094 0.7003175 -0.1392924 -0.70011 0.7003139 0.139307 -0.7001488 0.7002795 0.1392851 -0.7001493 0.5936677 0.3966732 -0.7000593 0.5937238 0.3967483 -0.7000559 0.3967238 0.5937441 -0.7001465 0.3967024 0.5936515 -0.7001527 0.1392982 0.700273 -0.7001099 0.1392935 0.7003167 -0.7001103 -0.1393055 0.7003139 -0.7001495 -0.1392866 0.7002785 -0.7001487 -0.3966743 0.5936676 -0.7000601 -0.3967484 0.5937227 -0.7002958 -0.593545 0.3965983 -0.7002958 -0.593545 0.3965982 -0.7002958 -0.593545 0.3965982 -0.7001459 -0.5936532 0.3967009 -0.7001526 -0.7002729 0.1392992 -0.7001094 -0.7003175 0.1392924 -0.70011 -0.7003139 -0.139307 0.002224743 -0.1455554 0.9893476 5.69547e-5 -0.1465989 0.9891961 -1.30797e-6 -0.1492925 0.9887931 2.04457e-4 -0.1509119 0.9885472 0.001049757 -0.1568433 0.9876229 -0.00261873 -0.1428714 0.9897378 0.002097606 -0.1382944 0.990389 4.08608e-4 -0.1448677 0.989451 0.001114487 -0.1418877 0.9898821 4.17035e-4 -0.1415133 0.9899364 0 -0.141427 0.9899488 0 -0.141427 0.9899487 -5.72203e-4 -0.1415452 0.9899317 2.59666e-4 -0.1496216 0.9887433 -0.002252161 -0.1577793 0.9874719 -0.002252161 -0.1577793 0.9874719 -0.002252161 -0.1577793 0.9874719 9.17843e-5 -0.1510744 0.9885225 -3.53057e-5 -0.1470973 0.9891221 -3.53201e-5 -0.1470973 0.9891221 -3.52982e-5 -0.1470973 0.9891221 -2.7303e-4 -0.1455423 0.989352 -0.00154531 -0.1392825 0.9902516 -0.007128655 -0.1333934 0.9910376 -0.007128655 -0.1333934 0.9910376 -0.007128715 -0.1333934 0.9910376 0.00260204 -0.1428484 0.9897412 -0.001937031 -0.1568431 0.9876216 0.01829373 -0.1818188 0.9831619 0 -0.1759545 0.9843984 0.006028592 -0.1518743 0.9883815 -0.01480829 -0.1753726 0.9843908 0 -0.1818492 0.9833265 -0.9870866 0.1601876 0 -0.9870866 0.1601876 0 -0.885784 0.4640978 0 -0.885784 0.4640978 0 2.18624e-7 0 1 -4.37853e-7 0 1 -0.9870862 -0.1601904 0 -0.9870862 -0.1601904 0 -0.885764 -0.4641361 0 -0.885764 -0.464136 0 -8.74498e-7 0 -1 -0.570964 -0.8002415 0.18334 -0.50319 -0.8641759 0 -0.5031899 -0.8641759 0 -0.50319 -0.8641759 0 -0.6525021 -0.7576345 -0.01519495 -0.5947857 -0.8038656 -0.005506634 -0.8366485 -0.5477287 0.003562748 -0.8459524 -0.5332568 0.001351058 -0.9831939 -0.1825645 0 -0.99746 -0.0692926 0.01650482 -0.9650994 -0.2618699 -0.002706646 -0.9998162 -0.01917749 0 -0.9976877 -0.06795847 9.72228e-4 -0.9987936 -0.04910844 -4.4432e-6 -0.9897285 -0.1429597 3.49918e-5 -0.9895024 -0.1445168 1.09978e-4 -0.9603727 -0.2787189 -2.16685e-4 -0.9597375 -0.2808985 0 0.7065454 0.5739238 -0.4140113 0.7065484 0.5739262 -0.4140027 0.7028346 0.4767839 -0.5279211 0.7028384 0.4767853 -0.5279148 0.7028369 0.2930882 -0.6481664 0.7028478 0.2930977 -0.6481502 0.7028461 0.08146399 -0.7066619 0.7028454 0.08146196 -0.7066628 0.7028452 -0.1378869 -0.697851 0.7028388 -0.1378982 -0.6978551 0.7028339 -0.344163 -0.6225563 0.7028501 -0.3441351 -0.6225535 0.7028527 -0.5175909 -0.4879527 0.702836 -0.5176192 -0.4879467 0.7028407 -0.6417477 -0.3068793 0.7028297 -0.6417645 -0.3068693 0.7028307 -0.7047709 -0.09657722 0.702831 -0.7047706 -0.09657704 0.7028303 -0.7006452 0.1229873 0.7028373 -0.70064 0.122977 0.7028405 -0.6297755 0.3307539 0.7028321 -0.6297772 0.3307685 0.7028344 -0.4989166 0.5070562 0.7028385 -0.4989171 0.5070501 0.7028416 -0.3205122 0.6350477 0.7028459 -0.3205154 0.6350414 0.706557 -0.1793173 0.6845601 0.7065407 -0.1792562 0.684593 -1 3.107e-7 0 -1 0 0 -1 0 0 -1 0 0 -1 0 0 -1 0 0 -1 0 0 -1 2.6415e-7 0 -1 -3.68434e-7 0 -1 0 0 -1 -1.6001e-7 0 -1 6.8192e-7 0 -1 -1.56106e-7 0 -1 0 0 -1 0 0 1 0 0 1 -3.22679e-7 0 1 -2.39135e-7 0 1 3.107e-7 0 1 0 0 1 0 0 1 0 0 1 -3.77259e-7 0 1 2.46915e-7 0 1 0 0 1 2.6415e-7 0 1 0 0 1 0 0 1 0 0 1 1.94527e-7 0 1 0 0 1 6.8192e-7 0 1 2.0749e-6 0 0.7071065 0 -0.7071071 0.7071073 0 -0.7071063 0.7071065 0 -0.7071071 0.707107 4.15275e-7 -0.7071066 0.7071068 0 -0.7071068 -0.7072123 0 0.7070012 -0.7072127 0 0.7070009 -1 -1.84462e-4 0 -0.9999998 -5.91206e-4 0 -0.9999999 -5.89532e-4 0 -0.9999981 7.61466e-4 -0.001842796 -0.9999984 6.61317e-4 -0.001665472 -1 0 -1.51794e-4 -1 5.7421e-5 2.10746e-4 -1 7.97254e-5 2.93317e-4 -0.5085843 0.5086569 0.6947016 -0.5087006 0.5086774 0.6946014 -0.6948713 0.1861638 0.6946201 -0.6948492 0.1861721 0.6946399 -0.6948499 -0.1861585 0.6946429 -0.694865 -0.186177 0.6946228 -0.5084455 -0.5084612 0.6949464 -0.5084455 -0.5084612 0.6949464 -0.5086923 -0.5086688 0.6946138 -0.1861774 -0.6945711 0.6949166 -0.1861774 -0.6945711 0.6949166 -0.1861774 -0.6945711 0.6949166 -0.1862055 -0.6947377 0.6947424 0.1860995 -0.6947551 0.6947534 0.1862403 -0.6948701 0.6946007 0.5084352 -0.5084531 0.6949598 0.5084352 -0.508453 0.6949598 0.5084366 -0.5084701 0.6949464 0.6948713 -0.1861638 0.6946201 0.6948478 -0.1861724 0.6946412 0.6948499 0.1861585 0.6946429 0.6948664 0.1861767 0.6946215 0.5086585 0.5087321 0.6945922 0.5086383 0.5086149 0.6946928 0.1861898 0.6947858 0.6946986 0.1862059 0.6947391 0.694741 -0.1861783 0.694743 0.6947444 -0.1862148 0.6947748 0.6947029 -0.2465821 0.9691079 -0.005217432 -0.4984917 0.8668736 0.00602138 -0.425666 0.9046217 0.02163594 -0.4134134 0.9103915 0.01664012 -0.3383414 0.9410114 0.004788696 -0.1436828 0.9895527 0.01185888 -0.1331364 0.9909934 0.01438742 -0.06049877 0.9981684 0 -0.9980214 0.06287592 0 -0.9908085 0.1331112 0.0240826 -0.9908161 0.1330507 0.02410709 -0.9908161 0.1330507 0.02410721 -0.990816 0.1330507 0.02410715 -0.9769096 0.2136163 -0.003974795 -0.9509916 0.3092086 0.002236247 -0.9046159 0.425664 0.02191543 -0.9172512 0.3959623 0.04317545 -0.544914 0.838492 -2.02614e-4 -0.5851811 0.8109027 -1.88725e-4 -0.6468555 0.7626022 0.004006206 -0.6931744 0.7204849 0.02027124 -0.6931744 0.7204849 0.02027124 -0.6931744 0.7204849 0.02027124 -0.7560909 0.6525553 0.0499823 -0.7071062 0.7071062 0.001338481 -0.8169348 0.5767302 0 -0.8169348 0.5767302 0 -0.8169348 0.5767302 0 -0.8607803 0.5089769 0 0 0.407424 0.9132391 -0.9108442 0.05220365 0.4094358 -0.5483221 -0.08390635 0.8320474 -0.9969723 0.0235331 0.07411074 -0.9904866 -9.64716e-4 0.1376067 -0.997896 0.009439826 0.06414544 -0.7027047 0.2423098 0.6689484 -0.7142928 0.06926542 0.6964109 -0.8278135 0.2638542 0.4950818 -0.8774966 0.1651222 0.4502603 -0.9673169 0.1601771 0.1965739 -0.9796877 0.06958717 0.1880683 -0.9960427 0.04689282 0.07549881 -0.9922743 0.03326076 0.1195226 -0.9720411 0.03341579 0.2324209 -0.8828969 0.0823431 0.4622908 -0.9969681 0.03089666 0.0714147 -0.9969813 0.03091782 0.07122135 -0.9728816 0.1028043 0.2072025 -0.9222036 0.1158438 0.3689454 -0.9214662 0.09138345 0.3775568 -0.847291 0.1433523 0.5114179 -0.8465998 0.01047468 0.5321271 -0.7563696 0.06729638 0.6506738 -0.9819731 -0.1888493 0.008055627 -0.9999899 -0.001369774 -0.004292845 -0.9999899 -0.001369774 -0.004292905 -0.9999899 -0.001369774 -0.004292905 -0.9978281 -0.06587153 0 -0.9450853 -0.326824 0 -0.9360929 -0.3517511 0.001172363 -0.9360929 -0.3517511 0.001172363 -0.9360929 -0.3517511 0.001172363 -0.9770246 -0.2131088 -0.002783179 -0.9567532 -0.2908477 0.005567014 -0.9909596 -0.1341194 -0.003342092 -0.9909596 -0.1341194 -0.003342092 -0.9909596 -0.1341194 -0.003342092 -0.9977415 -0.0667572 -0.007445216 -0.7061021 0.2939811 -0.644201 -0.7060988 0.293987 -0.644202 -0.703505 0.4306014 -0.5653876 -0.7033694 0.4307067 -0.5654762 -0.7033782 0.5736609 -0.4197288 -0.7034241 0.5736176 -0.4197112 -0.7034143 0.6692762 -0.2393278 -0.7034466 0.6692441 -0.2393224 -0.7034575 0.709655 -0.0392102 -0.7034211 0.7096912 -0.03920686 -0.703423 0.6915601 0.1641365 -0.7033917 0.6915872 0.1641561 -0.7034053 0.6163769 0.3539784 -0.7034527 0.6163424 0.3539441 -0.7034373 0.4903145 0.5145559 -0.7035112 0.4902799 0.5144876 -0.7035212 0.3237869 0.6326294 -0.7034116 0.3238114 0.6327387 -0.7060016 0.1754121 0.6861431 -0.7060443 0.1754214 0.6860969 1 1.12835e-6 0 1 7.97629e-7 0 1 -9.87673e-7 0 1 9.98343e-7 0 1 -2.52886e-7 0 1 -9.51224e-7 0 1 5.13481e-7 0 1 8.90664e-7 0 1 2.2362e-6 0 1 -1.74633e-6 0 1 2.29983e-6 0 1 -1.70987e-6 0 1 7.58282e-7 0 1 -5.00788e-7 0 1 9.99718e-7 0 1 -9.67658e-7 0 1 -9.78969e-7 0 0.7066544 0.3347485 -0.6233643 0.7583981 0.3257229 -0.5645681 0.732424 0.2928009 -0.614673 0.7324239 0.2928009 -0.6146729 0.7324239 0.292801 -0.614673 0.7218565 0.286747 -0.6298407 0.78651 0.2383758 -0.5697184 0.7705093 0.2248078 -0.5964704 0.7761865 0.1763475 -0.6053397 0.8402209 0.1330518 -0.5256674 0.8193041 0.1123354 -0.5622471 0.8555653 -0.008477985 -0.5176256 0.9113824 -0.02382367 -0.4108704 0.8251649 0.0455296 -0.5630543 0.02219235 0.1170086 0.992883 -0.1087149 0.141336 0.9839743 -0.07434445 0.1442883 0.986739 -2.5207e-4 0.1604826 0.9870387 -0.8062249 -0.2315401 0.5444177 -0.7730996 -0.239312 0.587407 -0.7772992 -0.2277776 0.5864498 -0.7237546 -0.1873233 0.6641455 -0.7404574 -0.1063812 0.6636309 -0.7217027 -0.08882111 0.6864809 -0.7270869 -0.03809189 0.6854879 -0.7173763 -0.02674412 0.6961724 -0.7188985 0.00814265 0.6950674 -0.714342 0.01577657 0.6996189 -0.7141647 0.004085659 0.6999658 -0.6467111 0.01055437 0.762662 -0.6461748 -0.01723915 0.7629948 -0.2766259 -0.1171545 0.9538097 0.0592876 -0.5032526 0.8621032 -0.5125467 -0.3474792 0.7852096 -0.05961436 -0.6360659 0.7693286 -0.01870495 -0.4531224 0.8912521 -0.2460268 -0.4633877 0.8513182 -0.07313138 -0.176275 0.9816206 -0.2771744 -0.07096374 0.9581955 -0.2774378 -0.07094681 0.9581205 -0.3199543 -0.1018574 0.9419418 -0.2682039 -0.1021172 0.9579347 -0.2682039 -0.1021172 0.9579347 -0.2682039 -0.1021172 0.9579347 -0.2392957 -0.1096864 0.9647313 -0.2392957 -0.1096864 0.9647313 -0.2392957 -0.1096864 0.9647313 -0.2311802 -0.09847867 0.9679141 -0.1848511 -0.09771579 0.9778966 -0.2544389 -0.07242739 0.9643729 -0.2004919 -0.06680607 0.977415 -0.2004533 -0.04155451 0.9788216 -0.191654 -0.04047942 0.9806275 -0.1536781 -0.002605915 0.9881175 -0.256007 -0.007799208 0.9666436 -0.256007 -0.007799208 0.9666436 -0.256007 -0.007799208 0.9666436 -0.2389817 0.009592413 0.9709767 -0.2381863 0.09053987 0.9669902 -0.2652546 0.09724754 0.9592617 -0.2331958 0.170789 0.9573144 -0.2331958 0.170789 0.9573144 -0.2331958 0.170789 0.9573145 -0.2257702 0.244189 0.9430799 -0.1800504 0.2448515 0.952696 -0.2072504 0.3238031 0.9231461 -0.1904235 0.3285675 0.9250851 -0.1904234 0.3285675 0.925085 -0.1904235 0.3285675 0.9250851 -0.1782828 0.3634974 0.9143767 -0.1782828 0.3634974 0.9143768 -0.1304209 0.3611772 0.9233318 -0.1691109 0.4196134 0.8918106 -0.09707325 0.4031491 0.9099712 -0.106362 0.418316 0.9020526 -0.106362 0.418316 0.9020527 -0.106362 0.418316 0.9020527 -0.1117748 0.4312499 0.8952822 -0.1117748 0.4312499 0.8952821 -0.1117748 0.43125 0.8952821 -0.1148782 0.4379541 0.8916273 -0.09036707 0.4274432 0.8995144 -0.09036701 0.4274432 0.8995144 -0.09036701 0.4274432 0.8995144 -0.09083735 0.4302238 0.8981403 -0.09131473 0.4303334 0.8980395 -0.09131473 0.4303334 0.8980395 -0.09465205 0.4271994 0.8991895 -0.09465205 0.4271994 0.8991894 -0.09465205 0.4271995 0.8991894 -0.1668993 0.3750246 0.911867 -0.1668993 0.3750246 0.9118669 -0.1668993 0.3750246 0.911867 -0.1636882 0.3733556 0.913133 -0.1636882 0.3733555 0.913133 -0.1433029 0.3917687 0.9088354 -0.1361225 0.3818643 0.9141392 -0.119468 0.4039475 0.9069476 -0.1198191 0.4041113 0.9068284 -0.119819 0.4041113 0.9068283 -0.119819 0.4041113 0.9068284 -0.1079528 0.4111179 0.9051676 -0.1079529 0.4111178 0.9051676 -0.1079529 0.4111178 0.9051676 -0.09700185 0.4034187 0.9098593 -0.1014901 0.4185757 0.9024933 -0.1014901 0.4185757 0.9024933 -0.1014901 0.4185757 0.9024934 -0.09949201 0.4301127 0.8972761 -0.09949201 0.4301127 0.8972761 0.1527492 -0.8311296 0.5346881 0.2514569 -0.7888688 0.5607634 0.2109856 -0.7378766 0.641111 0.3120112 -0.6604549 0.6829704 0.3084553 -0.5660313 0.7645024 0.3746334 -0.4572493 0.806581 0.3492629 -0.4060025 0.8444984 0.4149796 -0.2527764 0.8740115 0.3877059 -0.2574853 0.8850908 0.3877059 -0.2574852 0.8850908 0.3877059 -0.2574853 0.8850908 0.3834928 -0.1486789 0.9114977 0.404527 -0.0898571 0.9101009 0.3604624 -0.08482831 0.9289085 0.3604624 -0.08482813 0.9289085 0.3604625 -0.08482807 0.9289085 0.1687501 -0.8300853 0.5314904 0.2180831 -0.7860757 0.5783812 0.2327263 -0.8375849 0.494257 0.2731421 -0.8220507 0.4996259 0.2731421 -0.8220507 0.4996259 0.2731421 -0.8220508 0.499626 0.3245171 -0.8156527 0.4789566 0.3232669 -0.8169893 0.4775219 0.371158 -0.8109704 0.4522928 0.370275 -0.8112927 0.4524387 0.4139404 -0.8414106 0.3473927 0.4139403 -0.8414106 0.3473927 0.4139403 -0.8414106 0.3473926 0.3929679 -0.8094213 0.4363641 0.3784829 -0.8100897 0.4477786 0.378483 -0.8100896 0.4477786 0.4512042 -0.7430089 0.4943203 0.4696442 -0.8066928 0.3587216 0.5041529 -0.7844901 0.3611164 0.5908486 -0.8033962 -0.07384192 0.6230751 -0.7821281 -0.007285654 0.6109214 -0.7854483 -0.09922832 0.6263329 -0.7780399 -0.0485925 0.6403942 -0.7621378 -0.09508597 0.6395326 -0.7620602 -0.1013026 0.6481835 -0.7519536 -0.1201002 0.6485053 -0.7520892 -0.1174851 0.6512027 -0.7465493 -0.1363788 0.6497018 -0.7444455 -0.153911 0.6509017 -0.7427647 -0.1569317 0.6409329 -0.7444826 -0.1869515 0.6424638 -0.7392734 -0.20178 0.6385633 -0.745437 -0.1912081 0.6211262 -0.7500898 -0.2270854 0.6164358 -0.7580825 -0.2128801 -7.32819e-4 -0.8447992 -0.5350831 0.00604999 -0.8780069 -0.4786099 0.01355606 -0.867985 -0.4964056 0.001977622 -0.8933305 -0.449396 0.01302957 -0.9562746 -0.2921801 -6.58514e-4 -0.9360964 -0.3517431 -5.683e-4 -0.9121023 -0.4099625 0 -0.9955982 -0.09372466 0 -0.9694822 -0.2451618 -1 -8.92977e-5 4.90548e-5 -1 -1.4195e-6 0 -1 8.19587e-7 0 -1 -1.20832e-6 0 -1 -1.90171e-7 0 -1 2.0711e-7 0 -1 -3.4354e-7 0 -1 0 0 -1 1.82953e-6 0 -1 -8.34817e-7 0 -1 3.93637e-7 0 -1 1.39105e-6 0 -1 1.18904e-6 0 -1 1.20522e-7 0 -1 -9.91774e-5 1.09461e-5 -1 -9.91757e-5 1.09638e-5 -1 -9.91744e-5 1.09748e-5 -1 4.2147e-7 0 -1 1.13338e-6 0 -1 -1.08148e-6 0 -1 4.03682e-7 0 -1 -6.39518e-7 0 -1 3.42193e-7 0 -1 -5.54177e-7 0 -0.5097961 0.3758909 0.7738307 -0.6970484 0.248968 0.6724125 -0.61199 0.1070129 0.7835921 -0.1260395 0.7014387 0.7014968 -0.1260605 0.7014824 0.7014494 -0.3847466 0.6028125 0.6989901 -0.3907089 0.6057953 0.6930791 -0.4999334 0.4999907 0.7071604 -0.4999334 0.4999907 0.7071605 -0.4999335 0.4999907 0.7071605 -0.6048765 0.3821304 0.6986421 -0.7043221 0.5457431 -0.4539768 -0.7043223 0.5457454 -0.4539738 -0.7043207 0.4160938 -0.5751507 -0.7043368 0.4161354 -0.575101 -0.7043359 0.2605227 -0.6603325 -0.70434 0.2605392 -0.6603215 -0.7043396 0.08872771 -0.7042962 -0.7043226 0.08865773 -0.7043221 -0.7071585 -0.1069609 0.6989179 -0.7093558 -0.1226322 0.6941006 -0.7070036 -0.1240388 0.6962473 -0.7065409 -0.1792562 0.6845928 -0.7028397 -0.6417556 -0.306865 -0.7028344 -0.517604 -0.4879649 -0.7028505 -0.5176087 -0.4879368 -0.702852 -0.3441541 -0.6225409 -0.7028357 -0.3441421 -0.6225658 -0.7028374 -0.1378889 -0.6978583 -0.7028451 -0.1378965 -0.6978491 -0.7028453 0.08146381 -0.7066627 -0.7028461 0.08146232 -0.7066621 -0.7028492 0.293083 -0.6481555 -0.7028381 0.2931019 -0.6481589 -0.7028387 0.4767811 -0.5279182 -0.702835 0.4767876 -0.5279172 -0.7065482 0.5739213 -0.4140098 -0.7065461 0.573928 -0.414004 -0.706557 -0.1793172 0.6845602 -0.702846 -0.3205099 0.635044 -0.7028425 -0.3205171 0.6350443 -0.7028387 -0.4989135 0.5070534 -0.7028352 -0.4989195 0.5070524 -0.702831 -0.6297839 0.3307583 -0.7028397 -0.6297706 0.3307651 -0.702838 -0.7006376 0.1229865 -0.7028311 -0.7006462 0.1229776 -0.7070912 -0.707091 0.00665915 -0.7070912 -0.707091 0.00665915 -0.7070913 -0.707091 0.00665915 -0.6988928 -0.7086042 -0.09710276 -0.703334 -0.7033444 -0.1030917 -0.7028281 -0.6417589 -0.3068847 -0.7071062 0 -0.7071074 -0.7071071 0 -0.7071065 -0.7071072 0 -0.7071064 -0.7072108 -6.34412e-5 -0.7070028 -0.7072108 -6.34405e-5 -0.7070027 -0.7072108 -6.3452e-5 -0.7070028 -0.7070662 4.31276e-6 -0.7071475 -0.7070662 4.28753e-6 -0.7071475 -0.7070661 4.27258e-6 -0.7071475 -0.707108 0 -0.7071056 -1 3.59053e-6 0 -1 4.74554e-7 0 -1 -2.37813e-7 0 -1 -3.31397e-7 0 -1 0 0 -1 -3.04017e-7 0 -1 0 0 -1 1.88087e-7 0 -1 1.00133e-6 0 -1 0 0 -1 0 0 -1 2.11183e-7 0 -0.09455859 0.7039369 0.70394 -0.09455657 0.7039353 0.7039419 -0.3033132 0.644576 0.7017998 -0.3033294 0.6445909 0.7017791 -0.5037578 0.5037594 0.7017511 -0.5037582 0.5037582 0.7017517 -0.644633 0.3033587 0.7017278 -0.6447076 0.3033655 0.7016564 -0.7037208 0.09452408 0.7041606 -0.7037208 0.09452408 0.7041606 -0.7037209 0.09452408 0.7041606 -0.7040433 0.09457093 0.7038319 0 0.7071067 0.707107 0.7040431 0.09456562 0.7038329 0.7040551 0.09457159 0.7038201 0.6446995 0.3033915 0.7016525 0.6446466 0.3033353 0.7017254 0.5037569 0.5037577 0.7017529 0.5037591 0.5037598 0.7017499 0.3033223 0.6445957 0.7017778 0.3033199 0.6445727 0.7018 0.09455758 0.703935 0.7039421 0.09455728 0.7039371 0.70394 0.01408469 0.7883815 -0.6150256 0.01408469 0.7883815 -0.6150255 0.01408475 0.7883815 -0.6150256 0 0.8218718 -0.5696726 0 0.8218713 -0.5696734 -0.004692792 0.8110055 -0.5850198 0 0.8110138 -0.585027 0 0.6702544 -0.7421314 0 0.6702547 -0.7421313 0 0.412036 -0.9111676 0 0.4120362 -0.9111676 0 0.1145191 -0.9934211 0 0.1145191 -0.9934211 0 -0.1938544 -0.9810304 0 -0.1938544 -0.9810304 0 -0.4837858 -0.8751866 0 -0.4837859 -0.8751864 0 -0.7276552 -0.6859431 0 -0.7276555 -0.6859428 0 -0.9021678 -0.4313853 0 -0.9021676 -0.4313856 0 -0.9907413 -0.1357643 0 -0.9907411 -0.1357654 0 -0.9849433 0.1728783 0 -0.9849433 0.172878 0 -0.8853192 0.4649839 0 -0.8853195 0.4649831 0 -0.7013673 0.7128001 0 -0.4505783 0.8927369 0 -0.4505785 0.892737 0 -0.2533042 0.9673868 0 -0.2533041 0.9673867 0 0.7886551 -0.614836 0 -0.1938544 -0.9810304 0 -0.1938544 -0.9810304 0 -0.4837858 -0.8751865 0 -0.4837858 -0.8751865 0 -0.902168 -0.431385 0 -0.9021676 -0.4313859 0 -0.9907412 -0.1357643 0 -0.990741 -0.1357654 0 -0.9849432 0.1728783 0 -0.9849433 0.1728779 0 -0.8853192 0.4649837 0 -0.8853195 0.4649833 0 -0.4505786 0.8927369 0 -0.4505782 0.8927371 0 -0.2533043 0.9673867 0 -0.253304 0.9673867 0.6464737 -0.09305733 -0.7572399 0.6515512 -0.1250387 -0.7482289 0.6368128 -0.1423291 -0.7577678 0.6444312 -0.1821061 -0.7426613 0.1501098 -0.4353322 -0.8876671 -0.03548651 -0.740436 -0.6711894 -0.03548657 -0.740436 -0.6711894 -0.03548657 -0.740436 -0.6711894 0.1248765 -0.5919332 -0.7962544 0.101522 -0.7388981 -0.6661253 0.101522 -0.7388981 -0.6661252 0.101522 -0.7388982 -0.6661254 0.02712309 -0.01123619 -0.9995689 0.02712309 -0.01123625 -0.9995689 0.02712309 -0.01123619 -0.9995689 -0.2150667 -0.4431462 -0.8702688 0.1286683 -0.3629991 -0.9228631 0.08788442 -0.220209 -0.9714857 0.4575394 -0.4339206 -0.7761256 0.5343504 -0.3509549 -0.7689607 0.4727385 -0.2964187 -0.829852 0.4727385 -0.2964188 -0.829852 0.4727385 -0.2964187 -0.829852 0.6018512 -0.1842644 -0.7770599 0.5540927 -0.1410946 -0.8204107 0.1974542 -0.08908736 -0.9762558 0.243092 -0.3129724 -0.9181257 0.2958204 -0.1952704 -0.9350721 0.3127095 -0.2567638 -0.9144863 0.3023766 -0.6005435 -0.7402134 0.3520431 -0.566756 -0.7448848 0.2582672 -0.4838708 -0.8361622 0.3417242 -0.4315559 -0.8348556 0.2602714 -0.3030852 -0.9167323 0.5742572 -0.09332686 -0.8133381 0.5043812 -0.06460738 -0.8610607 -7.09596e-7 0 1 2.61468e-7 0 1 2.39579e-7 0 1 -2.06756e-7 0 1 0 0 1 -2.39579e-7 0 1 -3.00841e-7 0 1 0 0 1 -1.17895e-6 0 1 -8.05386e-7 0 1 -6.46916e-7 0 1 1.03506e-6 0 1 -4.3061e-7 0 1 2.00323e-7 0 1 -2.84322e-7 0 1 4.29376e-7 0 1 -6.10107e-6 0 1 -3.82717e-6 0 1 0 0 1 1.54014e-7 0 1 8.05386e-7 0 1 1.34737e-6 0 1 6.10107e-6 0 1 0.0443623 0.4070261 0.9123386 0.04444479 0.40561 0.9129651 0.1307097 0.3911432 0.9110006 0.1303881 0.387809 0.912471 0.9870862 -0.1601904 0 0.9870862 -0.1601904 0 0.885764 -0.464136 0 0.885764 -0.4641361 0 4.37853e-7 0 1 0.9870866 0.1601876 0 0.9870866 0.1601876 0 0.885784 0.4640978 0 0.885784 0.4640978 0 9.09481e-7 0 -1 -8.74496e-7 0 -1 0.50348 -0.864007 0 0.4653829 -0.8851022 0.003617048 0.4653829 -0.8851022 0.003617048 0.4653829 -0.8851022 0.003617048 0.5735206 -0.8191912 -4.13672e-4 0.652584 -0.7577165 -2.53206e-4 0.6601952 -0.7510938 -7.15334e-4 0.6601952 -0.7510938 -7.15339e-4 0.6601952 -0.7510938 -7.15321e-4 0.7723237 -0.6352288 -7.66017e-4 0.8366292 -0.5477207 0.007324516 0.9066254 -0.4219105 -0.004702568 0.9896695 -0.143252 0.005768001 0.9831938 -0.1825652 0 0.7072124 0 0.7070012 0.7072126 0 0.7070009 -0.99956 -0.001855611 0.02960616 -0.9762185 -0.01788699 0.2160499 -0.9002264 -0.2393372 0.3637449 -0.9753999 -0.04292726 0.2162229 -0.992317 -0.00297147 0.123686 -0.976409 -0.01793932 0.215183 -0.9774366 -0.0252493 0.2097148 -0.9752426 -0.02815961 0.2193381 -0.978121 -0.03241276 0.2054964 -0.9770897 -0.0343393 0.2100399 -0.9771549 -0.03243845 0.2100383 -0.97644 -0.03376883 0.213131 -0.9763759 -0.01670318 0.2154322 -0.9752323 -0.01872831 0.2203889 -0.9706062 0.008728027 0.2405154 -0.9318825 -0.009629607 0.3626326 -0.7294644 0.6840188 0 -0.8413105 0.5385398 0.04660296 -0.7863031 0.5965794 0.1606879 -0.8257833 0.5565787 0.09111624 -0.5340946 0.8343653 0.1363002 -0.5408107 0.8330042 0.1167382 -0.6507413 0.7592996 3.3292e-5 -0.03442591 0.9994073 0 -0.1155439 0.9844939 0.1319906 -0.1155439 0.9844939 0.1319906 -0.1155439 0.9844939 0.1319906 -0.1675668 0.9380928 0.303156 -0.2131171 0.96647 0.1432374 -0.3240244 0.9445093 -0.05394852 -0.9961698 0.08744078 0 -0.9835914 0.1756868 0.04101455 -0.9655456 0.2602326 8.37267e-4 -0.9012879 0.4332202 -6.0521e-4 -0.5488804 -0.04136049 0.8348771 -0.6242798 -0.01694548 0.7810171 -0.7599604 -0.03397947 0.6490807 -0.8014996 -0.01261752 0.5978623 -0.9131383 -0.02265936 0.4070197 -0.9281222 -0.008582234 0.3721767 -0.9904958 -0.009203016 0.1372351 -0.9921156 -0.004364252 0.1252505 -0.86162 -0.1162188 0.4940691 -0.8265202 -0.1203078 0.5499002 -0.6677121 -0.06655013 0.7414389 -0.820616 -0.07257372 0.5668531 -0.8239333 -0.07705986 0.5614229 -0.93928 -0.1298821 0.3176221 -0.9277123 -0.041242 0.3710109 -0.9855903 -0.05059337 0.1614063 -0.9855903 -0.05059331 0.1614063 -0.9902341 -0.06540346 0.1231212 -0.7904037 -0.1163634 0.601433 -0.8359513 -0.1082535 0.538021 -0.928322 -0.1851536 0.3223916 -0.9749471 -0.1634811 0.1508383 -0.9522315 -0.2285521 0.2025319 -0.9412103 -0.286946 0.1782844 -0.9464785 -0.2768594 0.1659143 -0.9464784 -0.2768593 0.1659142 -0.9464785 -0.2768594 0.1659142 -0.9748259 -0.1714236 0.1425784 -0.985203 -0.143634 0.09351152 -0.9311217 -0.1096857 0.3478237 -0.9363588 -0.05578714 0.3465835 -0.8276174 -0.0350095 0.5602 -0.8010798 -0.05118894 0.5963647 -0.6929636 -0.03001379 0.7203477 -0.6241495 -0.04571855 0.7799662 0 -0.08598798 0.9962962 -0.005043089 -0.08881092 0.9960358 0.001374304 -0.1089338 0.9940481 -0.00801289 -0.1283054 0.9917023 0.004229545 -0.1217983 0.992546 -5.35913e-4 -0.1403312 0.9901045 0.003822922 -0.1590191 0.9872682 0.003261446 -0.1593181 0.987222 -0.001643836 -0.1841019 0.9829058 5.18976e-4 -0.1818076 0.9833341 -5.61102e-4 -0.1985202 0.9800966 -3.79042e-4 -0.2691245 0.9631054 2.08018e-4 -0.2724583 0.9621676 2.08041e-4 -0.2724584 0.9621676 2.08036e-4 -0.2724584 0.9621676 -1.47135e-5 -0.274497 0.961588 -1.48173e-5 -0.274497 0.961588 -1.46732e-5 -0.274497 0.961588 -2.28774e-6 -0.2649148 0.9642719 -2.59354e-6 -0.2593699 0.9657781 -4.73981e-4 -0.2552987 0.9668622 0.00101906 -0.1966174 0.9804798 -2.90907e-4 -0.2074881 0.9782375 0.001330137 -0.2144752 0.9767286 0.001157522 -0.2148653 0.976643 0 -0.220449 0.9753985 0 -0.2261208 0.9740993 1.80318e-4 -0.2271676 0.9738557 -4.0165e-4 -0.2359641 0.9717618 0.00157839 -0.2418658 0.9703084 3.85742e-6 -0.2485695 0.9686141 5.2444e-6 -0.2580498 0.9661317 -8.93726e-4 -0.2726002 0.962127 3.17096e-4 -0.2669783 0.9637025 0 -0.2727923 0.962073 2.90343e-4 -0.2727666 0.9620802 1.7187e-6 -0.2745618 0.9615694 1.78855e-6 -0.2745618 0.9615695 1.90604e-6 -0.2745618 0.9615695 0.9653071 -0.01668602 0.2605838 0.9696 -0.02610707 0.2432985 0.9971867 -0.006824791 0.07464838 0.9971867 -0.006824791 0.07464838 0.9971867 -0.006824791 0.07464838 0.9995602 -0.002350866 0.02956181 0.9768375 -0.01790559 0.2132321 0.9768375 -0.01790553 0.2132321 0.9768375 -0.01790553 0.2132321 0.9771023 -0.02298176 0.2115253 0.9783743 -0.02427726 0.2054127 0.9771902 -0.02652567 0.210703 0.9769118 -0.03033083 0.2114796 0.9769117 -0.03033083 0.2114796 0.9769117 -0.03033083 0.2114796 0.9788982 -0.03289628 0.2016834 0.9788982 -0.03289633 0.2016834 0.9788982 -0.03289633 0.2016834 0.9773102 -0.0329079 0.2092413 0.9772236 -0.03426456 0.2094278 0.9759985 -0.03333026 0.2152119 0.9775614 -0.01571506 0.2100642 0.9727678 -0.02254348 0.2306832 0.974247 -0.01447671 0.2250183 0.9736274 -0.004968643 0.22809 0.9693166 -0.01017022 0.2456054 0.9697213 0.211449 0.1221877 0.9320353 -0.006466746 0.3623098 0.8548183 -0.1339201 0.5013492 0.9916265 -0.0404483 0.1226414 0.9916265 -0.0404483 0.1226414 0.9916265 -0.0404483 0.1226414 0.9916532 -0.04069679 0.122343 0.9585558 -0.2095497 0.1930278 0.9560994 -0.2497802 0.1532448 0.9141147 -0.04931122 0.402446 0.9091812 -0.07107168 0.4102906 0.9091813 -0.07107168 0.4102905 0.9091812 -0.07107162 0.4102905 0.9027079 -0.09966951 0.4185503 0.9129707 -0.1034155 0.3947021 0.8717002 -0.1076026 0.4780801 0.9838932 -0.1406609 0.1103117 0.9838811 -0.1141912 0.1376169 0.923919 -0.04349321 0.3801079 0.9285106 -0.01335638 0.3710657 0.9318842 -0.02125096 0.362133 0.9832513 -0.1178617 0.1390162 0.956539 -0.1847205 0.2256363 0.9648895 -0.1474625 0.2173545 0.9383034 0.01891636 0.3452957 0.9370393 -0.03157383 0.3477938 0.9885907 -0.08777892 0.1224073 0.9819604 -0.02626985 0.1872533 0.9993028 -0.03576505 0.01071631 0.999302 -0.03578794 0.01071572 0.9993028 -0.03576499 0.01071637 0.6567662 -0.04448258 0.7527812 0.6645063 -0.05067151 0.7455627 0.6645063 -0.05067151 0.7455627 0.6645063 -0.05067151 0.7455627 0.6700118 -0.06613773 0.7393985 0.7127966 -0.05525523 0.6991909 0.7134426 -0.09290808 0.694527 0.7134426 -0.09290808 0.694527 0.7134426 -0.09290808 0.694527 0.8339483 -0.09481543 0.5436363 0.7189254 -0.07639122 0.6908768 0.7136098 -0.09282046 0.694367 0.8472871 -0.1517017 0.5090103 0.8377152 -0.08538997 0.5393903 0.9411126 -0.2912268 0.1717388 0.867808 -0.03143799 0.4959042 0.8207615 -0.08712744 0.5645879 0.8194167 -0.09846943 0.564677 0.8499698 -0.08714461 0.5195743 0.8450349 -0.1148573 0.5222297 0.9551106 -0.2227987 0.1952555 0.9482571 -0.2457464 0.2010405 0 0.7070958 0.7071178 -1.68319e-4 0.6492035 -0.7606148 -1.30509e-4 0.3701524 -0.9289711 -1.30499e-4 0.3701524 -0.9289711 -1.30488e-4 0.3701524 -0.9289711 -2.54805e-4 0.2002145 0.9797521 -0.03241568 0.2475801 0.9683251 -0.08819842 0.4895419 -0.8675078 0.1612914 0.4097372 -0.8978311 -0.1076335 0.6024032 -0.7909016 -0.06386893 0.8053891 -0.5892956 -0.04104465 0.8012269 -0.5969514 -0.04104465 0.8012269 -0.5969514 -0.04104465 0.8012269 -0.5969514 -1.67793e-4 0.7245867 -0.6891837 0 0.9873127 -0.1587887 0 0.9654764 -0.2604906 -0.1120094 0.9356799 -0.3345997 -1.09308e-4 0.9180672 -0.3964247 -1.03793e-4 0.8718384 -0.4897937 -0.08716565 0.9944201 -0.0594204 -0.09688156 0.9937806 -0.05490058 0 0.9990091 0.04450827 0 0.9814139 0.1919032 -0.09096246 0.9689341 0.2299841 0 0.9436801 0.3308595 -0.06392282 0.688457 0.7224547 -7.65781e-5 0.7715656 0.6361499 -5.9871e-5 0.8671784 0.4979977 -0.1987261 0.8168272 0.5415729 0 0.9041528 0.4272093 0.05895662 0.3291112 0.942449 -0.1731367 0.4967492 0.8504493 -1.05922e-4 0.4555719 0.890199 -9.64403e-5 0.5915439 0.8062729 -0.04112809 0.6829614 0.7292958 0.8775519 -0.3592908 -0.3175105 0.8219805 -0.5180981 0.2364792 0.8219805 -0.5180981 0.2364792 0.8219805 -0.5180982 0.2364792 0.8583318 -0.1812567 0.480013 0.8464242 -0.2238548 0.483172 0.8918043 -0.1677766 0.4201619 0.819713 -0.279187 0.5001252 0.8197131 -0.279187 0.5001252 0.8197131 -0.2791871 0.5001252 0.8148829 -0.2848894 0.504781 0.8742074 -0.272867 0.4016281 0.8742074 -0.272867 0.4016281 0.8742074 -0.2728669 0.4016281 0.8262889 -0.3723057 0.4226526 0.8545151 -0.3531171 0.3809363 0.8182129 -0.5221194 0.240664 0.8747931 -0.4203474 0.2409256 0.8252793 -0.4528585 0.337392 0.8574214 -0.4025818 0.3205567 0.8580403 -0.3767046 0.3490856 0.8580402 -0.3767046 0.3490856 0.8580401 -0.3767046 0.3490856 0.8664244 -0.4684683 0.1727611 0.8365836 -0.5342002 0.1214833 0.8440842 -0.5235381 0.1158873 0.8582765 -0.5106232 -0.05123829 0.8567543 -0.5152543 -0.02202755 0.8142542 -0.5804409 0.00887084 0.8417224 -0.5394467 0.02237391 0.8604326 -0.5063928 0.05676501 0.8427032 -0.5295646 -0.09701991 0.8271751 -0.5514988 -0.1078451 0.8505023 -0.5095058 -0.1305745 0.8505024 -0.5095058 -0.1305747 0.8505023 -0.5095058 -0.1305746 0.8640779 -0.4810541 -0.1481766 0.8293302 -0.5143331 -0.2183417 0.8487965 -0.4834989 -0.2139469 0.8179658 -0.4715884 -0.3294486 0.8173671 -0.4721382 -0.3301463 0.861355 -0.4370942 -0.2588749 0.7734512 -0.4146624 -0.4794045 0.8481147 -0.3621605 -0.3867055 0.857719 -0.3141847 -0.4069472 0.857719 -0.3141849 -0.4069471 0.857719 -0.3141848 -0.4069472 0.8582209 -0.1029766 -0.5028445 0.8758726 -0.1197211 -0.467455 0.8134974 -0.1917411 -0.5490513 0.8740488 -0.193261 -0.4457453 0.8740489 -0.193261 -0.4457453 0.8740489 -0.193261 -0.4457453 0.82809 -0.290286 -0.4795841 0.8348135 -0.2874147 -0.4695523 0.8585867 -0.3029486 -0.4135831 0 0.9694091 0.2454506 -0.002951264 -0.6530781 -0.7572848 0 -0.09325844 0.995642 0 -0.1750156 0.9845657 0.02856171 -0.3245605 0.9454337 0.1990929 -0.2607945 0.944642 0.08078026 -0.352784 0.9322113 0.08078026 -0.352784 0.9322114 0.08078026 -0.352784 0.9322114 0.2046202 0.06085067 0.9769482 0.03224796 0 0.99948 -8.69092e-6 0.1534409 0.9881578 -8.65408e-6 0.1534409 0.9881578 -8.68647e-6 0.1534409 0.9881578 0.0308234 0.3245385 0.9453702 0.2012786 0.3848657 0.9007582 -9.49976e-5 0.2335814 0.9723373 5.75196e-5 0.7254975 0.6882248 0.01785075 0.6569865 0.753691 0.09264504 0.6115993 0.7857248 -9.00679e-5 0.5351699 0.8447445 -2.22835e-5 0.4646725 0.8854827 -2.22731e-5 0.4646724 0.8854827 -2.22875e-5 0.4646725 0.8854827 0 0.8371436 0.5469833 0.1347787 0.8640801 0.4849746 4.21086e-5 0.779686 0.6261708 -6.89936e-6 0.335331 -0.9421004 -6.93317e-6 0.335331 -0.9421004 -6.91171e-6 0.335331 -0.9421004 0.02258133 0.4758299 -0.8792474 -5.9311e-5 -0.1645964 -0.986361 0.248655 -0.2409495 -0.9381439 -0.003291785 -0.08365476 -0.9964894 0.006129741 0.164601 -0.9863412 0.1625952 0.1064116 -0.980938 -4.69852e-5 0.2519193 -0.9677483 -0.002853333 -0.6096085 -0.7926975 -0.002853333 -0.6096085 -0.7926975 -0.002853333 -0.6096085 -0.7926975 -0.001164674 -0.5896162 -0.8076828 0.06053686 -0.475075 -0.8778605 0.1927795 -0.5125229 -0.8367535 -0.001264572 -0.3993213 -0.9168103 0.1234012 -0.7432187 -0.6575699 0.07645308 -0.7335944 -0.6752735 -4.33976e-4 -0.8198567 -0.5725687 -0.003477632 -0.9681358 -0.2504017 -0.003477752 -0.9681358 -0.2504018 -0.003477752 -0.9681358 -0.2504017 -7.87385e-4 -0.9555298 -0.2948936 0.09668308 -0.911477 -0.3998278 0.09377104 -0.9111789 -0.4011983 -4.32727e-4 -0.8609611 -0.5086708 -0.003465175 -0.9833 -0.1819594 0.06796628 -0.9900281 -0.1233898 0.04479986 -0.9938492 -0.1012761 -0.0303561 -0.9342662 0.3552821 0.0953142 -0.9649835 0.2443811 0.05387431 -0.9730591 0.224173 0.05387425 -0.9730592 0.224173 0.05387425 -0.9730591 0.224173 -0.002907335 -0.9929335 0.1186374 -0.00290811 -0.9991438 0.04127192 0 -0.998983 0.04509109 0 -0.999041 -0.04378592 -0.03452473 -0.737192 0.6748007 -0.03452485 -0.7371922 0.6748006 -0.03452485 -0.7371921 0.6748007 -0.03465151 -0.7836703 0.6202099 0.08552926 -0.8340957 0.5449489 -0.00762099 -0.865373 0.5010707 -0.03019529 -0.9065634 0.4209886 -0.03019529 -0.9065634 0.4209886 -0.03019523 -0.9065633 0.4209885 -0.007176816 -0.4256752 0.9048476 -0.007165849 -0.4935517 0.869687 0.0242331 -0.614041 0.7889021 0.1763142 -0.5605629 0.8091246 -0.03008186 -0.6857066 0.7272563 0 0.9694101 0.2454472 0 0.999141 0.04144293 -0.0627368 0.994622 -0.08240985 0 0.9923161 -0.1237294 0 0.9157813 -0.4016774 0 0.9157826 -0.4016743 0 0.7357248 -0.6772807 0 0.7357243 -0.6772812 0 0.560448 -0.8281897 0.1193715 0.4292593 -0.8952581 0.7021847 0.6902146 0.1747583 0.7020829 0.690309 0.1747946 0.7052667 0.6182253 0.3469817 0.7054805 0.6180664 0.3468306 0.7061108 0.3968468 -0.5864471 0.7063261 0.396666 -0.5863102 0.7022622 0.5237749 -0.4821698 0.7021646 0.5238559 -0.4822239 0.7021254 0.6520864 -0.2860128 0.7023205 0.6518969 -0.2859658 0.7023193 0.7094313 -0.05877929 0.8446114 0.5312681 -0.06622511 0.7067545 0.7068507 0.02933007 0.4161546 0.1389979 0.8986073 0.6601164 0.1022335 0.7441739 0.8895531 -0.03882241 0.4551795 0.1577228 0.07870733 0.9843418 0.7891386 -0.001868486 0.6142124 0.01776802 -0.1306453 0.99127 0.1203545 -0.1340119 0.9836441 0.1876898 -0.1149089 0.9754837 0.1806989 -0.1331618 0.9744824 0.272677 -0.1164242 0.9550355 0.2740435 -0.1148254 0.9548379 0.2740435 -0.1148254 0.9548379 0.2740435 -0.1148254 0.9548379 0.1043382 -0.126411 0.9864755 0.06334912 -0.1650574 0.9842474 0.09419351 -0.1189128 0.9884267 0.0357393 -0.1372868 0.9898864 0.03698569 -0.1453176 0.9886935 0.5529264 -0.04217427 0.832162 0.4932493 -0.0517736 0.868346 0.4566423 -0.09155046 0.8849273 0.4206952 -0.07799035 0.9038435 0.3425477 -0.07262259 0.9366894 0.7745259 0.01085305 0.6324493 0.6912577 0.003652453 0.7225992 0.6800747 -0.01051461 0.7330675 0.661283 -0.02338564 0.749772 0.6143496 -0.04683196 0.787643 0.7922526 -0.02601778 0.6096383 0.7909233 -0.04573261 0.610204 0.7869893 -0.05012881 0.6149269 0.793068 -0.06149023 0.6060215 0.7818894 -0.07394629 0.6190161 0.6162301 3.5483e-4 0.7875661 0.6462982 -0.0296753 0.7625077 0.6878494 -0.05462676 0.723795 0.7075452 -0.05162918 0.7047796 0.677031 -0.07869625 0.7317348 0.4898896 0.01286101 0.8716897 0.4461271 0.007407009 0.894939 0.3245612 0.05202168 0.9444332 0.08033418 0.1165851 0.9899265 0.08213174 0.1126653 0.9902327 0.09493768 0.109013 0.9894964 0.08107024 0.1354462 0.9874624 0.0910331 0.1330558 0.986919 0.08131057 0.1719264 0.9817484 0.1351755 0.155916 0.9784773 0.1351755 0.155916 0.9784773 0.1351755 0.155916 0.9784774 0.88481 0.05582284 0.462596 0.8660697 0.06865155 0.4951872 0.8273012 0.08661484 0.5550412 0.8273012 0.08661478 0.5550412 0.8273012 0.08661478 0.5550411 0.9571003 0.00311917 0.2897403 0.9442466 0.03714025 0.3271379 0.9962411 0.004333853 0.08651572 0.9964048 0.004480838 0.08460205 0.9958221 0.001870214 0.09129607 0.9963147 -3.3443e-4 0.08577311 0.9958501 -0.002673447 0.09096997 0.9965901 -0.006300151 0.08227115 0.9958958 -0.01010197 0.08994293 0.9961706 -0.00863415 0.087004 0.9956037 -0.005061626 0.09352958 0.9956348 -0.01451486 0.09219986 0.995974 -0.01283746 0.08871936 0.9960026 -0.01109772 0.08863258 0.9959514 -0.01674318 0.08832097 0.9959736 -0.01640188 0.08813405 0.9959949 -0.01513552 0.08812135 0.9960627 0.003475248 0.08858311 0.9960722 0.00298655 0.08849447 0.9997354 -2.92238e-4 0.02300673 0.9952999 0.04518789 0.08565098 0.9930797 -0.01162517 0.1168661 0.9641166 0.00361377 0.265455 0.9616526 0.01066917 0.2740629 0.9378851 -0.01524096 0.3466116 0.9077401 -0.0198996 0.4190609 0.8881173 -0.001744925 0.4596136 0.8597591 -0.03285425 0.509642 0.816302 -0.03948128 0.5762746 0.7759774 -0.0315665 0.6299704 0.747622 -0.05942285 0.6614608 0.6280917 -0.03160291 0.7774974 0.6290366 -0.05900788 0.775133 0.6705847 -0.06597602 0.7388933 0.4928365 -0.08567678 0.8658936 0.428593 -0.07914572 0.9000244 0.4566454 -0.09180426 0.8848993 0.3623892 -0.1048889 0.926106 0.3623892 -0.1048889 0.926106 0.3623892 -0.1048889 0.926106 0.3147339 -0.1078767 0.9430299 0.268734 -0.117625 0.9560054 0.5037739 -0.08614408 0.8595296 0.5251374 -0.08660703 0.846599 0.5956096 -0.07823991 0.7994548 0.7834923 -0.06990021 0.6174576 0.7835248 -0.06905579 0.6175112 0.8890494 -0.05641579 0.454322 0.8894472 -0.0389564 0.4553748 0.9626306 -0.02412343 0.2697415 0.9625522 -0.00462538 0.2710573 0.9958038 -8.95854e-4 0.09151047 0.7826143 -0.00927788 0.6224378 0.8889181 -0.001931726 0.4580622 0.8891857 -0.001604855 0.4575437 0.9623309 0.00194782 0.2718741 0.9656896 0.008607149 0.2595565 0.9959431 0.004326462 0.08988136 0.9962692 -0.003614604 0.08622449 0.995981 0.00759375 0.08924257 0.961832 0.01729279 0.2730939 0.9616078 0.01691305 0.2739061 0.8879855 0.01931279 0.4594658 0.8874909 0.0187546 0.4604436 0.7814542 0.01304507 0.6238264 0.7688496 -0.001403272 0.6394282 0.6798506 -0.01747715 0.7331423 0.7747213 -0.005789577 0.6322763 0.7754173 -0.005195617 0.6314277 0.8877503 0.005017518 0.4602982 0.8882222 0.005530834 0.459381 0.961754 0.008323371 0.273788 0.9619464 0.008640289 0.2731013 0.9958142 0.004660964 0.09128278 0.9960257 0.007372736 0.08876091 0.7021887 0.1052222 0.7041729 0.7021887 0.1052222 0.7041728 0.6295846 0.1143301 0.7684738 0.6292102 0.08321362 0.7727679 0.6294113 0.0832442 0.7726007 0.6287592 0.05302178 0.7757903 0.6291555 0.05309528 0.7754639 0.6283134 0.02522474 0.7775512 0.6288336 0.02534162 0.7771268 0.6273339 -0.01159483 0.7786641 0.6286349 -0.01145249 0.7776163 0.6278108 -0.03250426 0.777687 0.494759 -0.0239036 0.8687015 0.3339828 0.04522144 0.9414938 0.4549849 -0.008520305 0.8904585 0.4565232 0.04467928 0.888589 0.4562039 0.04462456 0.8887557 0.4567221 0.0728541 0.8866212 0.456454 0.07281428 0.8867626 0.4568535 0.1030731 0.8835501 0.4565888 0.103037 0.8836912 0.4568148 0.1301611 0.8799877 0.5469007 0.130299 0.8269956 0.3161256 0.1467226 0.9373031 0.2707968 0.144874 0.9516726 0.2707109 0.1206771 0.9550669 0.2706362 0.1206671 0.9550894 0.270488 0.09308171 0.9582129 0.2706273 0.09309941 0.9581719 0.2704321 0.06683176 0.9604166 0.3361511 0.07543498 0.9387822 0.3259009 0.06893479 0.9428874 0.9252229 0.04865819 0.3762913 0.8894424 0.0508114 0.4542142 0.8892565 0.04173237 0.4555011 0.889424 0.04177629 0.4551701 0.8888514 0.01993954 0.4577617 0.8891766 0.02005714 0.4571245 0.8884516 2.37044e-4 0.4589701 0.8887886 3.97781e-4 0.4583172 0.8879813 -0.01749664 0.4595469 0.9629595 0.02294307 0.2686682 0.9625875 0.02278542 0.2700116 0.9623156 0.008716464 0.2717957 0.9624227 0.00878477 0.2714139 0.96208 -0.003917813 0.2727392 0.9622499 -0.003771841 0.2721414 0.961869 -0.01523381 0.2730864 0.9620755 -0.01501059 0.2723703 0.9616912 -0.02509504 0.2729845 0.8881493 -0.03272587 0.4583885 0.887028 -0.0518158 0.4587989 0.8880897 -0.05213582 0.4567041 0.887311 -0.06573915 0.4564622 0.96201 -0.04409033 0.2694304 0.9622263 -0.03728288 0.2696861 0.8884381 -0.01722538 0.4586731 0.8876175 -0.03310418 0.4593904 0.9619123 -0.02480894 0.27223 0.9613986 -0.03671681 0.2726991 0.9618833 -0.03686493 0.2709644 0.9615542 -0.04465156 0.2709611 0.9960718 -0.0162363 0.08704781 0.9959599 -0.01345866 0.08878552 0.9961276 -0.01387226 0.08681899 0.9963316 -0.009413123 0.08505755 0.9960353 -0.008330285 0.08856827 0.962584 -0.02422344 0.2698987 0.9623685 -0.03698384 0.2692195 0.8887081 -0.05683577 0.4549371 0.888357 -0.06505429 0.4545217 0.7741932 -0.0771048 0.6282355 0.775325 -0.05761867 0.6289286 0.773878 -0.0571773 0.6307484 0.7753614 -0.03253197 0.6306795 0.7538738 -0.02054852 0.6566979 0.7750534 -0.0124697 0.6317728 0.7760941 0.01022422 0.6305342 0.775572 0.01005983 0.631179 0.7765028 0.03509819 0.6291357 0.7760547 0.03498709 0.6296944 0.7767887 0.06237286 0.6266651 0.7764824 0.06231498 0.6270502 0.776909 0.09198886 0.6228567 0.8023901 0.09555327 0.5891009 0.6150144 -0.785045 -0.07390433 0.6149448 -0.7850955 -0.07394772 0.6159488 -0.7637446 -0.1931351 0.6159716 -0.7637321 -0.1931123 0.6167006 -0.7871978 0 0.6107002 -0.1391524 -0.7795395 0.6106251 -0.1392676 -0.7795779 0.6076347 -0.4281814 -0.6689102 0.6076588 -0.428146 -0.668911 0.6076668 -0.6688641 -0.4282079 0.6076015 -0.6689478 -0.4281696 0.610603 -0.779615 -0.1391564 0.6106909 -0.7795258 -0.1392698 0.6122172 -0.5289568 -0.5877031 0.6122477 -0.5289573 -0.5876709 0.6115054 -0.3206812 -0.7233428 0.6115267 -0.3206859 -0.7233226 0.6136271 -0.09977042 -0.7832673 0.6136233 -0.09976881 -0.7832705 -4.38333e-7 -0.9959824 -0.08954983 -4.45138e-7 -0.9959824 -0.08954983 -4.187e-7 -0.9959824 -0.08954983 -0.001262903 -0.9928627 -0.1192565 0.011693 -0.9765791 -0.214841 0 -0.1263564 -0.9919849 -0.0224511 -0.07851767 -0.9966599 4.37111e-4 -0.9697796 -0.2439823 6.72858e-4 -0.913345 -0.4071863 0.02594101 -0.8783565 -0.4773018 -0.003698348 -0.828503 -0.5599727 0.007035076 -0.6780309 -0.7349998 0 -0.6689823 -0.7432783 0 -0.4052889 -0.9141886 0 -0.4052879 -0.9141892 0 -0.2089218 -0.9779324 -0.007567942 -0.1633035 -0.9865469 -0.0353201 0.9993761 -3.20052e-4 -0.0353201 0.999376 -3.20018e-4 -0.0353201 0.999376 -3.20071e-4 -0.1768016 0.9839399 -0.02456921 -0.163239 0.9860014 -0.03397536 -0.276509 0.960987 -0.006842613 -0.276509 0.960987 -0.006842613 -0.276509 0.960987 -0.006842613 -0.4058796 0.9138345 0.01297467 -0.5366979 0.8408856 -0.06976324 -0.6184898 0.7857924 8.70811e-4 -0.7888237 0.6146117 -0.003133237 -0.6971322 0.6971341 0.1673644 -0.6971315 0.6971347 0.167365 -0.6971316 0.6971346 0.1673648 -0.8617366 0.4520681 -0.2303138 -0.8417783 0.5317943 0.09275877 -0.9817535 0.182498 -0.05342882 -0.9772422 0.1708868 -0.1256808 -0.9995814 0.02893167 -1.01692e-5 -0.9995814 0.02893167 -1.01613e-5 -0.9995814 0.02893167 -1.01826e-5 -0.7023301 0.2353393 -0.6718243 -0.7071652 0.2327247 -0.6676502 7.7775e-6 0 1 -3.88875e-6 0 1 1.29268e-6 0 1 -4.05172e-7 0 1 4.05172e-7 0 1 -0.03308236 -0.1836379 -0.9824371 0 -0.2736377 -0.961833 0 -0.4458114 -0.895127 -0.03306686 -0.526161 -0.8497419 0 -0.6025958 -0.7980466 0 -0.7390174 -0.6736864 -0.0330947 -0.7975921 -0.6022887 0 -0.850238 -0.5263984 0 -0.9324506 -0.3612978 -0.03310155 -0.961288 -0.2735503 0 -0.9829733 -0.1837482 0 -0.9904138 0.1381325 0 -0.990415 0.1381241 0 -0.9324421 0.3613196 -0.03306841 -0.8946684 0.4455055 0 -0.850238 0.5263984 0 -0.7390111 0.6736932 -0.03310072 -0.6733116 0.7386175 0 -0.6025958 0.7980466 0 -0.4458163 0.8951244 -0.03310948 -0.3610727 0.9319497 0 -0.2736377 0.961833 0 -0.09228014 0.9957331 -0.03309518 0 0.9994522 0 0.0922836 0.9957328 0 0.2736343 0.9618338 -0.03310841 0.3610706 0.9319506 0 0.4458114 0.895127 0 0.6026409 0.7980125 -0.03308033 0.6733136 0.7386167 0 0.73898 0.6737275 0 0.8502296 0.526412 -0.03308409 0.8946816 0.4454776 0 0.9324759 0.3612325 0 0.9829576 0.1838329 -0.01658898 0.9902724 0.1381503 0.008278131 0.9999658 0 0 0.9829609 -0.1838147 -0.03307372 0.9612906 -0.2735448 0 0.9324759 -0.3612325 0 0.8502352 -0.526403 -0.03310382 0.7975721 -0.6023145 0 0.7389769 -0.6737309 0 0.6026379 -0.7980149 -0.03307741 0.5261791 -0.8497302 0 0.4458064 -0.8951295 0 0.2736377 -0.961833 -0.03308176 0.1836401 -0.9824367 0 0.09228128 -0.995733 0 -0.09228128 -0.995733 0.3109784 0.9504171 -1.13481e-4 0.2047984 0.9716039 0.1185064 0.1686577 0.9442023 0.2829076 0.08960235 0.9919438 0.0895487 0.03441411 0.9994077 0 0.4062178 0.913776 6.68958e-4 0.5324325 0.8317667 0.1570985 0.5704063 0.8189704 0.06264293 0.8497389 0.5246711 0.05161547 0.8025596 0.581409 0.1336476 0.8406391 0.5381112 0.06133776 0.7400441 0.6725584 -1.99453e-5 0.6728604 0.7397695 4.07504e-5 0.9956376 0.09330517 -3.13176e-5 0.9835118 0.178734 0.0275439 0.9749062 0.2182086 0.04407995 0.9650388 0.2535538 0.0664131 0.9650388 0.2535538 0.0664131 0.9650388 0.2535539 0.0664131 0.9843851 0.175829 0.008380889 0.9423255 0.3346982 5.71366e-5 0.9120345 0.4101136 -1.43299e-4 0.989136 -0.04491555 0.1399741 0.9281483 -0.02892881 0.3710849 0.9281483 -0.02892881 0.3710848 0.9281483 -0.02892875 0.3710849 0.9259241 -0.09964793 0.3643282 0.9259241 -0.09964787 0.3643282 0.925924 -0.09964787 0.3643282 0.9595531 -0.06499958 0.2739215 0.9595531 -0.06499952 0.2739216 0.9821665 -0.005254268 0.1879401 0.9999299 -5.51719e-4 0.01182878 0.9999299 -5.51801e-4 0.01182878 0.9999299 -5.51765e-4 0.01182878 0.9872352 -0.01054531 0.1589198 0.9875235 -0.01579326 0.1566777 0.9873721 -0.03468871 0.1545743 0.8988099 -0.02791613 0.437449 0.8988099 -0.02791619 0.437449 0.8988099 -0.02791613 0.437449 0.9210578 -0.0647248 0.3840093 0.9812447 -0.06365537 0.1819533 0.9837228 -0.008552074 0.1794899 0.7723338 -0.03111678 0.6344544 0.7646081 -0.02616339 0.6439643 0.5882816 -0.05901527 0.8064998 0.5313854 0.04132926 0.8461214 0.7024592 -0.1594507 0.6936329 0.7024592 -0.1594506 0.6936329 0.7024592 -0.1594506 0.6936329 0.8931068 -0.01483732 0.4495999 0.893637 -0.04629343 0.4463965 0.9135869 -0.02513504 0.4058663 0.7617719 0.06003296 0.6450579 0.8661598 -0.07884216 0.4935091 0.5342997 0.03268533 0.844663 0.6565189 -0.05813837 0.7520658 0.9993675 -0.03555983 6.06292e-6 0.9999988 -9.74594e-4 -0.001238226 0.9999988 -9.74622e-4 -0.001238167 0.9999988 -9.74569e-4 -0.001238167 0.9921624 -0.1249162 0.00311619 0.9978403 -0.06564933 -0.002240121 0.9733924 -0.2291366 0.001950919 0.9782021 -0.2076556 2.37628e-4 0.9460725 -0.3239549 -1.3436e-4 0.9450853 -0.326824 0 -0.7056208 0.6965158 -0.1302505 -0.7055613 0.6965822 -0.1302169 -0.7055613 0.6965822 -0.1302169 -0.7055613 0.6965822 -0.130217 -0.7058004 0.660574 -0.2559057 -0.7057826 0.6605889 -0.2559167 -0.7057859 0.602326 -0.3729207 -0.705591 0.6024596 -0.3730736 -0.7056077 0.5236426 -0.4774058 -0.7056324 0.5236502 -0.477361 -0.7056323 0.5236502 -0.477361 -0.7056323 0.5236502 -0.477361 -0.7058601 0.4268806 -0.5652739 -0.7054741 0.4271079 -0.5655838 -0.7054742 0.4271079 -0.5655838 -0.7054742 0.4271079 -0.5655838 -0.7058357 0.3157989 -0.6340876 -0.7056584 0.3158257 -0.6342716 -0.7056548 0.1938865 -0.6815126 -0.7056958 0.193889 -0.6814695 -0.7057111 0.06538295 -0.7054765 -0.705595 0.06535744 -0.705595 -0.7055909 -0.06539219 -0.7055959 -0.7057046 -0.06534737 -0.7054862 -0.7056924 -0.1938762 -0.6814766 -0.7056522 -0.1938983 -0.6815119 -0.7056551 -0.3158831 -0.6342467 -0.705591 -0.3158601 -0.6343294 -0.705591 -0.31586 -0.6343294 -0.7055912 -0.3158642 -0.6343271 -0.7056077 -0.4270277 -0.5654779 -0.7056077 -0.4270277 -0.5654779 -0.7057263 -0.426981 -0.5653651 -0.7054817 -0.5237457 -0.4774788 -0.7054817 -0.5237457 -0.4774788 -0.7057633 -0.5235403 -0.4772878 -0.7057635 -0.6023499 -0.3729243 -0.7058067 -0.602303 -0.3729184 -0.7058102 -0.6605482 -0.2559456 -0.7056032 -0.6607571 -0.255977 -0.7055885 -0.6965591 -0.1301937 -0.5691157 -0.8143692 -0.1136233 -0.7069126 -0.7065489 -0.03260761 -0.7038791 -0.7035112 0.09811383 -0.7036898 -0.7036921 0.09817475 -0.7055983 -0.6607382 0.2560392 -0.7055718 -0.6607838 0.2559947 -0.7055718 -0.6607838 0.2559947 -0.7055716 -0.6607851 0.2559919 -0.7058065 -0.6023085 0.3729099 -0.7055319 -0.6025246 0.3730803 -0.7055319 -0.6025247 0.3730802 -0.7055317 -0.6025264 0.3730777 -0.7057647 -0.5235518 0.4772731 -0.7057179 -0.5235786 0.477313 -0.7057271 -0.4269269 0.565405 -0.7056025 -0.4270297 0.5654827 -0.7056025 -0.4270297 0.5654828 -0.7056024 -0.4270328 0.5654807 -0.705596 -0.3158541 0.6343268 -0.705596 -0.3158541 0.6343269 -0.7056608 -0.3158072 0.6342781 -0.7056524 -0.1938858 0.6815153 -0.705691 -0.193889 0.6814743 -0.7057036 -0.06538182 0.705484 -0.705595 -0.06535744 0.705595 -0.7055908 0.06539309 0.7055958 -0.7057119 0.06534761 0.7054789 -0.7056975 0.1938735 0.681472 -0.7056543 0.1939015 0.6815088 -0.7056524 0.3158763 0.634253 -0.7058383 0.3157477 0.6341102 -0.7058173 0.4269095 0.5653055 -0.705854 0.4268763 0.5652847 -0.7055357 0.5237199 0.4774274 -0.7055357 0.5237199 0.4774273 -0.7055357 0.5237199 0.4774274 -0.7056092 0.5236924 0.4773488 -0.705583 0.6024983 0.3730262 -0.7057841 0.6022982 0.3729689 -0.7057806 0.6605925 0.2559128 -0.7058021 0.6605708 0.2559097 -0.7055627 0.6965806 0.1302182 -0.7055627 0.6965807 0.1302182 -0.7055627 0.6965806 0.1302182 -0.7056263 0.6965194 0.1302007 -0.7056239 0.7085866 0 -0.7919376 0.6099514 0.02818214 -0.7919376 0.6099514 0.0281822 -0.7919376 0.6099514 0.0281822 -0.7067667 0.7066899 -0.03271532 1.66639e-4 -0.91005 -0.4144986 0.03331965 -0.9347618 -0.3537093 7.70619e-4 -0.8718045 -0.4898535 -0.9999998 5.7526e-4 0 -0.9999998 5.7526e-4 0 -0.9999998 5.7526e-4 0 -1 -1.20176e-6 0 -1 2.38529e-7 0 -1 -4.77036e-7 0 -1 2.45276e-7 0 -1 3.54512e-7 0 -1 -1.25539e-7 0 -1 -3.83497e-7 0 -1 3.6809e-7 0 -1 -7.00514e-6 0 -1 5.15669e-7 0 -1 5.72472e-6 0 -1 -3.54153e-6 0 -1 -3.49254e-6 0 -1 -6.7451e-7 0 -1 7.34852e-7 0 -1 -7.47329e-7 0 -1 -1.89516e-7 0 -1 1.82263e-7 0 -1 8.23157e-7 0 -1 -7.72701e-7 0 -1 -3.44637e-7 0 -1 -3.86263e-7 0 -0.6465229 -0.05184924 -0.7611306 -0.6093669 -0.1082177 -0.7854686 -0.5249247 -0.07293415 -0.8480182 -0.4184845 -0.1197439 -0.9002957 -0.4184845 -0.1197439 -0.9002957 -0.4184845 -0.1197439 -0.9002957 -0.1573227 -0.2475721 -0.9560114 0.0491845 -0.4476352 -0.8928626 0.0491845 -0.4476352 -0.8928626 0.0491845 -0.4476352 -0.8928627 -0.07200789 -0.434497 -0.8977903 -0.1117173 -0.4977197 -0.860113 -0.04826229 -0.6285098 -0.776303 -0.04826235 -0.6285098 -0.7763029 -0.04826235 -0.6285098 -0.7763029 -0.01004356 -0.6683813 -0.743751 -0.1053587 -0.6710107 -0.7339239 -0.2948391 -0.6336054 -0.7152722 -0.6594713 -0.1306384 -0.7402914 -0.6634332 -0.1113977 -0.7398966 -0.6409202 -0.1183279 -0.7584325 -0.6544632 -0.07725262 -0.752137 -0.6450315 -0.08189749 -0.7597547 -0.6389486 -0.07168072 -0.7659026 -0.6389486 -0.07168072 -0.7659026 -0.6389486 -0.07168072 -0.7659025 -0.04159861 -0.7673847 -0.6398361 -0.04159867 -0.7673848 -0.6398361 -0.1050297 -0.7583603 -0.6433183 -0.3304488 -0.5482262 -0.7682783 -0.2582672 -0.4838708 -0.8361622 -0.3417248 -0.431556 -0.8348555 -0.2537794 -0.292976 -0.921825 -0.4777631 -0.4338976 -0.7638556 -0.4777631 -0.4338976 -0.7638556 -0.4777631 -0.4338976 -0.7638556 -0.5106558 -0.3300768 -0.7939018 -0.4791483 -0.3021513 -0.8240883 -0.4791482 -0.3021512 -0.8240884 -0.5095757 -0.2527659 -0.822461 -0.4615517 -0.1775242 -0.8691694 -0.3164032 -0.270776 -0.9091587 -0.2878173 -0.1674226 -0.9429374 -0.2134091 -0.2727578 -0.9381151 -0.1825955 -0.07817143 -0.9800756 -0.9910998 0.1331213 0 -0.999801 -4.42248e-4 -0.01994943 -0.999801 -4.42249e-4 -0.01994937 -0.9998009 -4.42252e-4 -0.01994937 -0.1331315 0.9910985 0 -0.1331315 0.9910984 0 -0.4257776 0.9048279 0 -0.7071075 0.7071061 0 -0.7071065 0.7071071 0 -0.9048174 0.4257999 0 -0.9048169 0.425801 0 -0.976495 0.2155402 0 -0.9962561 0.08613729 -0.007360637 0.9910888 0.1331193 -0.004712522 0.9865708 0.1631582 -0.007582426 0.9865708 0.1631582 -0.007582366 0.9865708 0.1631582 -0.007582306 0.9967784 0.08020544 0 0.1331315 0.9910985 0 0.1331315 0.9910984 0 0.4257776 0.9048279 0 0.7071075 0.7071061 0 0.7071065 0.7071071 0 0.9048174 0.4257999 0 0.9048169 0.425801 0 0.976495 0.2155402 0 0 0.1249926 -0.9921578 0 0.1249929 -0.9921576 0 0.3670009 -0.9302206 0 0.3670019 -0.9302203 0 0.5861443 -0.8102067 0 0.5861456 -0.8102057 0 0.7687813 -0.6395119 0 0.768782 -0.6395111 0 -0.9844129 -0.1758729 0.02540844 -0.3466273 -0.9376587 0.01289355 -0.2452674 -0.9693697 0.001092314 -0.1235919 -0.9923326 0 -0.01193791 -0.9999288 -0.003768205 -0.7202275 -0.6937278 0.008911609 -0.5299438 -0.8479859 0.007324397 -0.5390793 -0.8422232 -0.009926557 -0.1758525 -0.9843665 0.01578831 -0.8769835 -0.4802612 0 -0.8422464 -0.5390929 0 -0.9844126 -0.1758752 0.6167004 0 -0.787198 0.6167001 0 -0.7871982 0.7070392 0.104106 0.6994695 0.6598729 0.1068381 0.7437428 0.6978167 0.08841085 0.7107992 0.697817 0.08841091 0.7107989 0.6978166 0.08841061 0.7107992 0.7023802 0.0861445 0.70657 0.8740355 -0.1333424 0.4672064 0.8321487 -0.1493917 0.5340513 0.9973249 -0.07309722 0 0.9987625 -0.04970234 -0.001795947 0.9865373 -0.163534 9.89635e-4 0.9755247 -0.2198847 -0.001495242 0.9545899 -0.2979202 0.001350581 0.9439737 -0.3300206 0 1 -5.12066e-4 0 0.9999998 1.61042e-4 6.66056e-4 0.9999999 1.08058e-4 4.97586e-4 1 0 -1.48957e-4 0.9999981 7.01075e-4 -0.001877963 1 -5.21013e-4 0 0.831158 0.5560364 -8.06749e-6 0.512798 0.8585085 0.001213848 0.4256486 0.9045844 0.02346277 0.6567744 0.7540183 0.0102002 0.6076031 0.7942408 4.01625e-4 0.5716671 0.8204857 3.97121e-4 0.5716671 0.8204857 3.97117e-4 0.5716671 0.8204857 3.97124e-4 0.707107 0.7071066 -2.04135e-5 0.7896054 0.6074441 0.08680456 0.7379907 0.6736942 0.03880685 0.991096 0.1331495 0 0.9964557 0.07078278 0.04545241 0.9853594 0.1701557 0.01068007 0.9730261 0.2306946 6.43893e-4 0.9652396 0.2613668 2.30112e-4 0.9652395 0.2613668 2.30142e-4 0.9652396 0.2613668 2.30219e-4 0.9048337 0.4257655 2.77702e-4 0.9330444 0.3536367 0.06610155 0.8794257 0.4759567 0.008703529 0.08323788 0.9965297 0 0.1331378 0.991004 0.01362258 0.2466211 0.969098 -0.005219161 0.3904592 0.9205593 0.01060271 -0.5782073 -0.733968 0.3563246 -0.5782074 -0.733968 0.3563246 -0.5782073 -0.7339681 0.3563246 -0.6457174 -0.5618281 0.5171058 -0.704499 -0.3251795 0.6308244 -0.705572 -0.2548093 0.6612416 -0.7084712 -0.1360498 0.6925021 -0.7084711 -0.1360498 0.6925021 -0.7084712 -0.1360498 0.692502 -0.6208547 -0.6220306 0.4770926 -0.4398599 -0.8726482 0.212152 -0.4507442 -0.8649856 0.2205213 -0.4507442 -0.8649856 0.2205212 -0.1641271 -0.9819315 -0.09419697 -0.1641271 -0.9819314 -0.09419691 -0.1641271 -0.9819314 -0.09419697 -0.1192416 -0.9644419 -0.2358672 -0.1192417 -0.9644419 -0.2358672 -0.1942517 -0.9796744 -0.05004334 3.73202e-5 -0.9659245 -0.2588243 3.02803e-5 -0.9659227 -0.2588309 -1.8587e-5 -0.9659739 -0.2586396 -9.5685e-4 -0.9661979 -0.2578001 1.76914e-4 -0.966054 -0.25834 6.44931e-5 -0.9659553 -0.2587091 -5.50153e-5 -0.9659031 -0.258904 1 -3.41015e-7 0 1 7.21269e-7 0 1 5.87097e-7 0 1 0 0 1 5.0586e-7 0 1 -3.20855e-7 0 1 4.74554e-7 0 1 -2.89602e-7 0 1 1.39256e-7 0 1 -8.40995e-7 0 -0.5830718 -0.07365661 0.8090748 -0.06355565 -0.1952563 0.9786909 -0.8591553 -0.009108424 0.5116341 -0.6794945 -0.03060674 0.733042 -0.5764824 -0.06422829 0.8145814 -0.5404233 -0.02695101 0.8409616 -0.8119719 -0.001602768 0.5836946 -0.7944809 -0.0265972 0.6067065 -0.8577598 -0.005482614 0.5140216 -0.8632798 -4.29841e-4 0.5047255 -0.8571522 -0.06558793 0.5108703 -0.8774734 -0.07738792 0.473341 -0.8774356 -0.07339739 0.4740461 -0.1926432 -0.08170312 0.9778617 -0.3837656 -0.09423023 0.9186102 -0.3279951 -0.08029556 0.9412608 -0.499082 -0.0853905 0.8623373 -0.4601222 -0.07622432 0.8845776 -0.6147766 -0.07625603 0.7850062 -0.5866037 -0.06986761 0.8068548 -0.7185275 -0.06597822 0.692362 -0.7002407 -0.06202352 0.7112076 -0.8062009 -0.05442255 0.5891337 -0.7994455 -0.05300962 0.5983954 -0.02080482 -0.100911 0.9946779 -0.1119135 -0.0887717 0.9897449 -0.254367 -0.09861266 0.962067 -0.09621751 -0.1396775 0.9855113 -0.05276429 -0.1216289 0.9911723 -0.08563941 -0.08848476 0.9923892 -0.06118482 -0.1794178 0.9818685 -0.06246554 -0.1785387 0.9819481 -0.1927242 -0.1739078 0.9657192 -0.06288397 -0.2088214 0.9759299 -0.06909054 -0.1997133 0.9774156 -0.07732158 -0.2008112 0.9765738 -0.07732158 -0.2008112 0.9765738 -0.07732158 -0.2008112 0.9765738 -0.06950831 -0.198704 0.9775916 -0.06120353 -0.2374244 0.9694761 -0.06915283 -0.2216103 0.9726802 -0.08301615 -0.2210881 0.9717142 -0.06214904 -0.2171727 0.9741528 -0.03574752 -0.2547029 0.9663584 -0.03574782 -0.2547029 0.9663584 -0.03574752 -0.254703 0.9663584 -0.1918131 -0.1737468 0.9659296 -0.09194034 -0.2282183 0.9692592 -0.09170567 -0.2281634 0.9692944 -0.03515583 -0.2578693 0.96554 -0.2871968 -0.1357325 0.948206 -0.4457693 -0.02567416 0.8947798 -0.4457693 -0.02567416 0.8947797 -0.4457693 -0.02567422 0.8947797 -0.4377546 -0.02353054 0.8987866 -0.4864355 -0.0523377 0.8721475 -0.3982794 -0.03887903 0.9164399 -0.5861877 -0.1275417 0.8000733 -0.7003033 -0.1084598 0.7055578 -0.6999058 -0.108344 0.70597 -0.7994638 -0.08787781 0.5942519 -0.7992596 -0.08780884 0.5945367 -0.8837065 -0.06569492 0.463408 -0.8686398 -0.03419625 0.4942626 -0.7834934 -0.01911735 0.621106 -0.7536473 -0.03144228 0.6565268 -0.6949635 -0.04081243 0.7178859 -0.6849765 -0.04717648 0.7270362 -0.5814413 -0.07350885 0.8102608 -0.5837062 -0.1335561 0.8009057 -0.6060209 -0.03871804 0.7945059 -0.8770241 -0.02198338 0.4799433 -0.7957166 -0.03935199 0.6043896 -0.7967638 -0.03967308 0.6029872 -0.6965723 -0.06132119 0.7148613 -0.6980018 -0.06165009 0.7134373 -0.5836449 -0.0864529 0.8073936 -0.5851965 -0.08672916 0.8062402 -0.06149005 -0.1886746 0.9801127 -0.06360453 -0.1869451 0.9803091 -0.1927092 -0.1721645 0.9660345 -0.1926924 -0.1738867 0.9657294 -0.3281432 -0.1659051 0.929945 -0.3941357 -0.03577566 0.9183557 -0.3890516 -0.1556426 0.9079727 -0.457245 -0.1003931 0.8836562 -0.4573015 -0.1081591 0.88271 -0.4580969 -0.1076825 0.8823558 -0.4581432 -0.1148434 0.8814284 -0.4595974 -0.1140077 0.8807795 -0.4597513 -0.1359074 0.8775865 -0.5596367 -0.1204761 0.8199345 -0.02975255 -0.2571655 0.9659094 -0.02975255 -0.2571654 0.9659094 -0.02904683 -0.2544838 0.9666407 -0.09576779 -0.207382 0.9735612 -0.06349605 -0.239244 0.9688811 -0.1928082 -0.1927158 0.9621256 -0.1936021 -0.1838936 0.9636917 -0.1919983 -0.1847837 0.9638422 -0.1927832 -0.1726191 0.9659386 -0.192629 -0.1726959 0.9659557 -0.1926487 -0.1721311 0.9660525 -0.3280963 -0.1550047 0.9318403 -0.3280504 -0.1658464 0.9299881 -0.4603189 -0.1545543 0.8741966 -0.1939685 -0.170948 0.9659985 -0.1906697 -0.1924768 0.9625995 -0.3272265 -0.1459614 0.933605 -0.3272667 -0.1450667 0.9337303 -0.3271963 -0.1451083 0.9337485 -0.3272481 -0.1434593 0.9339851 -0.3279508 -0.1430791 0.933797 -0.3277965 -0.1548365 0.9319739 -0.4601902 -0.1361668 0.8773162 -0.4602451 -0.1545057 0.874244 -0.5867553 -0.1397878 0.7976075 -0.05935281 -0.15933 0.9854397 -0.1097015 -0.1435034 0.9835509 -0.1926551 -0.1416701 0.970986 -0.1926658 -0.1416674 0.9709842 -0.3280226 -0.1363843 0.934773 -0.3280199 -0.1363847 0.9347739 -0.4601703 -0.1281784 0.8785292 -0.4601419 -0.1281864 0.878543 -0.5865967 -0.1169295 0.8013938 -0.5866184 -0.1169221 0.801379 -0.7002351 -0.1030697 0.706433 -0.7002482 -0.1030641 0.7064208 -0.7994485 -0.08672708 0.5944415 -0.79944 -0.08673065 0.5944522 -0.8859471 -0.06695765 0.4589278 -0.8717321 -0.04380422 0.488021 -0.8790563 -0.03933346 0.4750928 0.3282556 -0.1658636 0.9299126 0.53833 -0.02790397 0.8422721 0.6948481 -0.0395075 0.7180706 0.06289982 -0.1087184 0.9920807 0.0535435 -0.1587884 0.9858597 0.2313569 -0.1611897 0.9594227 0.4539538 -0.06688618 0.8885113 0.4668498 -0.04065042 0.883402 0.4393259 -0.02444642 0.8979951 0.3267307 -0.1083419 0.9388872 0.3206135 -0.1044921 0.941429 0.3647448 -0.09125965 0.9266245 0.02904975 -0.2497311 0.9678795 0.03466337 -0.2506152 0.967466 0.03202068 -0.2524613 0.967077 0.02951425 -0.2551862 0.9664415 0.0296908 -0.2531979 0.9669589 0.01501977 -0.2646364 0.9642313 0.01447558 -0.2664246 0.9637471 0.01447558 -0.2664245 0.9637471 0.01447552 -0.2664246 0.9637471 0.064462 -0.2196381 0.9734494 0.04347568 -0.2286912 0.9725278 0.02993893 -0.2451643 0.9690192 0.02993893 -0.2451643 0.9690192 0.02993893 -0.2451643 0.9690192 0.06733483 -0.1994342 0.9775951 0.06513482 -0.1893094 0.9797549 0.05893421 -0.1874698 0.9805008 0.1927385 -0.1722191 0.9660189 0.1006678 -0.08555108 0.9912351 0.06932514 -0.09167319 0.9933732 0.1928154 -0.09240198 0.9768747 0.2067949 -0.08948796 0.9742832 0.3281821 -0.08862215 0.9404482 0.3383919 -0.0862264 0.9370464 0.4602216 -0.08235424 0.8839762 0.4659784 -0.08076715 0.8811022 0.5867203 -0.07375359 0.8064242 0.5856207 -0.07410919 0.8071903 0.7002992 -0.06354582 0.7110155 0.6940419 -0.06597298 0.7169055 0.7994728 -0.05184918 0.5984607 0.7883945 -0.05712902 0.6125117 0.868517 -0.0422182 0.4938583 0.8697581 -0.04129147 0.4917479 0.8649973 -0.05936741 0.4982521 0.9020403 -0.02758592 0.4307695 0.8700466 -0.06995779 0.4879803 0.8774768 -0.05990815 0.475863 0.8774787 -0.05180412 0.4768096 0.884814 -0.01016277 0.4658337 0.8771682 -0.02182638 0.479687 0.8697769 -0.0419352 0.4916601 0.8497278 -0.008283853 0.5271569 0.8497278 -0.008283674 0.5271569 0.8497276 -0.008283495 0.527157 0.8589835 -0.004413485 0.5119843 0.8636035 2.88966e-4 0.5041716 0.7467344 -0.03419643 0.6642427 0.7787492 -0.02114611 0.626979 0.7931448 -0.01370108 0.6088792 0.8053826 -0.01548349 0.5925533 0.8389917 -0.01238697 0.5440034 0.5815985 -0.07463985 0.8100445 0.6461135 -0.06040412 0.7608474 0.6479474 -0.05981653 0.7593327 0.1906678 -0.1934871 0.9623974 0.1955357 -0.1614933 0.9673085 0.1872336 -0.154201 0.970137 0.3272738 -0.1434617 0.9339757 0.1927257 -0.1726814 0.9659389 0.1929779 -0.1725533 0.9659115 0.06913548 -0.1996808 0.977419 0.062186 -0.2098829 0.9757469 0.460309 -0.154576 0.8741979 0.4602479 -0.1358382 0.8773369 0.5861203 -0.1158849 0.8018938 0.1929571 -0.1917415 0.9622904 0.3234815 -0.1473121 0.9346972 0.3274267 -0.1441848 0.9338108 0.453587 -0.1035028 0.8851814 0.4572939 -0.100396 0.8836307 0.5426746 -0.07500773 0.8365873 0.6019205 -0.04239827 0.7974297 0.08783555 -0.2415263 0.9664109 0.08953684 -0.239446 0.9667724 0.09148126 -0.2296136 0.9689731 0.09178465 -0.2294449 0.9689843 0.09352695 -0.2145689 0.9722206 0.193663 -0.1839007 0.963678 0.1921924 -0.1847156 0.9638165 0.3273898 -0.1450219 0.9336941 0.3272227 -0.1451175 0.9337378 0.4573531 -0.1081681 0.8826822 0.8899467 -0.07252025 0.4502618 0.877228 -0.06766051 0.4752823 0.7992646 -0.08778548 0.5945334 0.7995127 -0.08786863 0.5941874 0.6999062 -0.1083462 0.7059692 0.7003386 -0.108474 0.7055206 0.5725129 -0.1295312 0.8095992 0.5868152 -0.1397718 0.7975661 0.4604203 -0.1544815 0.8741561 0.8616335 -0.003895103 0.507516 0.8575411 -0.0266236 0.5137262 0.7957685 -0.03936374 0.6043204 0.7967717 -0.03967106 0.6029769 0.6965717 -0.06132149 0.7148619 0.6980002 -0.06165027 0.7134389 0.5837237 -0.0864371 0.8073383 0.5853096 -0.08671969 0.806159 0.4596211 -0.1140171 0.880766 0.4597762 -0.1362611 0.8775186 0.3282595 -0.154802 0.9318166 0.3282122 -0.1658996 0.9299216 0.1927577 -0.1738833 0.9657168 0.06643617 -0.1812669 0.9811874 0.0600599 -0.1785438 0.9820973 0.1927983 -0.173854 0.9657141 0.1928177 -0.1721618 0.9660133 0.3279213 -0.1550775 0.9318898 0.328081 -0.1430259 0.9337594 0.4582881 -0.1147843 0.8813608 0.4582414 -0.107635 0.8822866 0.5831488 -0.07362771 0.809022 0.5815342 -0.07348096 0.8101966 0.6767669 -0.04941946 0.7345368 0.6767098 -0.04903411 0.7346152 0.8774322 -0.07736772 0.4734205 0.8678845 -0.07172006 0.4915615 0.7994964 -0.08672124 0.5943779 0.7994842 -0.08671975 0.5943944 0.7002713 -0.103061 0.7063983 0.7002851 -0.1030625 0.7063844 0.5866595 -0.1169182 0.8013495 0.5866819 -0.1169208 0.8013327 0.4602687 -0.1281771 0.8784779 0.460173 -0.1281651 0.8785299 0.3281363 -0.1363648 0.934736 0.3281371 -0.1363647 0.9347357 0.1926828 -0.1416526 0.970983 0.192784 -0.1416668 0.9709608 0.1089209 -0.1435162 0.9836359 0.0628947 -0.1280556 0.9897707 0 1 -3.81466e-4 0.1056408 0.9817878 -0.1579013 0.08757287 0.3690414 -0.9252781 0.6601871 0.1501303 0.7359442 0.8023426 0.1146442 0.5857502 0.8036861 0.1194545 0.5829404 0.5429981 0.2599788 0.7984762 0.314425 0.2646538 0.9116443 0.1354438 0.1983665 0.9707244 0.7189542 0.2573253 -0.6456691 0.7038071 0.2628794 -0.6599621 0.7038072 0.2628794 -0.6599621 0.7038071 0.2628795 -0.6599621 0.703945 0.2628536 -0.6598253 0.5878529 0.2994379 -0.7515092 0.5879367 0.2992025 -0.7515373 0.4317427 0.3338785 -0.8379281 0.4317426 0.3338785 -0.8379281 0.3418751 0.3922311 -0.8539767 0.3041847 0.3525118 -0.8849899 0.1925137 0.3631278 -0.9116342 0.8106728 0.2167178 -0.5439147 0.8038587 0.2396791 -0.5443944 0.8023116 0.2933804 -0.5198308 0.8023332 0.394539 -0.4478846 0.8023298 0.5420672 -0.2498599 0.802361 0.5819799 -0.1323494 0.8023366 0.5857771 0.1145482 0.8023475 0.5494041 0.233225 0.8023085 0.4893271 0.341848 0.701788 0.1423494 0.6980189 0.7035278 0.1422911 0.6962772 0.7035278 0.1422911 0.6962772 0.7035278 0.1422911 0.6962772 0.7017148 0.2348803 0.6726273 0.7017148 0.2348803 0.6726273 0.8023391 0.1968008 0.5634905 0.8023198 0.1967924 0.5635209 0.4160627 0.1817824 0.890981 0.5879663 0.1616629 0.792566 0.5860365 0.2671347 0.7649839 0.7018108 0.2348566 0.6725355 0.7017901 0.3688806 0.6094406 0.8023236 0.3090844 0.5106309 0.802322 0.3090835 0.5106339 0.5860856 0.5356041 -0.6079736 0.1053275 0.1500899 0.9830459 0.3419604 0.2261809 0.9120884 0.3403357 0.3099825 0.8877401 0.5860663 0.2671148 0.764968 0.5860663 0.4195579 0.6931793 0.7017555 0.3689083 0.6094636 0.7017555 0.3689082 0.6094636 0.7017556 0.3689083 0.6094636 0.7017485 0.4869993 0.5199815 0.7017485 0.4869993 0.5199816 0.8023196 0.4080027 0.4356798 0.8023357 0.4080012 0.4356517 0.3403548 0.7540521 -0.5617512 0.3403559 0.621573 -0.7055529 0.3403084 0.6215599 -0.7055874 0.80236 0.5420178 -0.2498703 0.701756 0.6469829 -0.2982481 0.7017559 0.6469829 -0.2982481 0.7017559 0.6469829 -0.2982481 0.7017157 0.6947224 -0.1579743 0.7017157 0.6947224 -0.1579743 0.7017157 0.6947224 -0.1579742 0.5860549 0.7900951 -0.1796924 0.5860555 0.8101771 -0.01234048 0.3402701 0.9402186 -0.0143302 0.3402693 0.9228477 0.1804688 0.8023467 0.585765 0.1145389 0.701805 0.6991303 0.136699 0.701805 0.6991303 0.136699 0.701805 0.6991303 0.1366989 0.7017666 0.6557683 0.2783734 0.7017666 0.6557683 0.2783733 0.5860489 0.7458707 0.3165816 0.5860478 0.6642264 0.4640598 0.3403289 0.7708178 0.5385317 0.3403136 0.6427603 0.6863277 0.1055038 0.3861089 -0.9164 0.1049465 0.4887771 -0.8660735 0.3403054 0.4621561 -0.8189042 0.3403193 0.462161 -0.8188956 0.5860336 0.3982545 -0.7056615 0.586085 0.398266 -0.7056122 0.7021935 0.349975 -0.6200338 0.105042 0.4887397 -0.866083 0.1052088 0.6456004 -0.7563937 0.1404257 0.6544659 -0.7429368 0.1056196 0.7207362 -0.6851161 0.1056197 0.7207362 -0.6851159 0.1056197 0.7207362 -0.685116 0.1051462 0.7974882 -0.5941019 0.1051458 0.7974877 -0.5941026 0.1056756 0.8669591 -0.4870468 0.8023277 0.2933546 -0.5198207 0.7018002 0.3501197 -0.6203972 0.7018002 0.3501196 -0.6203972 0.7018002 0.3501196 -0.6203972 0.7018775 0.4708252 -0.5345013 0.7018775 0.4708252 -0.5345014 0.7018775 0.4708253 -0.5345013 0.5860243 0.5356016 -0.608035 0.5860375 0.6497708 -0.4841054 0.3402629 0.7540535 -0.5618046 0.3402797 0.8539583 -0.393656 0.1545968 0.8972333 -0.413609 0.1053057 0.9129642 -0.3942171 0.8023431 0.39452 -0.4478835 0.7017247 0.470928 -0.5346115 0.7017247 0.470928 -0.5346115 0.7017247 0.470928 -0.5346115 0.7018141 0.5712578 -0.4255839 0.7018141 0.5712578 -0.4255838 0.7018141 0.5712578 -0.4255839 0.58608 0.6497609 -0.4840672 0.5860726 0.735829 -0.3392267 0.3402412 0.8539623 -0.3936807 0.3402466 0.9169248 -0.2085211 0.1050741 0.9697047 -0.2205275 0.2090624 0.9441435 -0.254727 0.1051591 0.99434 -0.01515555 0.3402593 0.9402225 -0.0143305 0.3402614 0.916921 -0.2085137 0.5860872 0.7900769 -0.1796672 0.5860928 0.7358229 -0.3392049 0.7016449 0.6470858 -0.2982857 0.701645 0.6470858 -0.2982857 0.7016681 0.5713598 -0.4256876 0.7016682 0.5713598 -0.4256876 0.7016681 0.5713598 -0.4256875 0.8023334 0.4786525 -0.3565849 0.8023436 0.4786338 -0.3565874 0.2205473 0.9736392 -0.0581876 0.1055351 0.9934296 0.04427313 0.105072 0.97598 0.1908479 0.1050993 0.9759768 0.19085 0.1055952 0.9384069 0.329002 0.8023554 0.5819878 -0.1323482 0.7018496 0.6945927 -0.1579498 0.7018496 0.6945927 -0.1579497 0.7018496 0.6945927 -0.1579498 0.7017471 0.7123435 -0.01085889 0.7017471 0.7123435 -0.01085889 0.7017471 0.7123435 -0.01085889 0.5860856 0.8101554 -0.01232427 0.5860865 0.7951915 0.1554776 0.3402124 0.9228738 0.1804429 0.3402156 0.8655967 0.3674176 0.1702581 0.9070656 0.3850252 0.1053866 0.8991189 0.4248284 0.1050215 0.8152366 0.569526 0.3402683 0.7708501 0.5385235 0.3402578 0.8655729 0.3674347 0.5861107 0.7458142 0.3166002 0.5861124 0.7951698 0.1554908 0.7017602 0.6991721 0.1367148 0.7017602 0.6991721 0.1367148 0.7017602 0.6991722 0.1367148 0.7017379 0.7123525 -0.01086038 0.7017379 0.7123525 -0.01086032 0.7017379 0.7123525 -0.01086044 0.802339 0.5967993 -0.009102761 0.8023571 0.5967747 -0.009113669 0.1689956 0.8214572 0.5446546 0.105684 0.7672444 0.6325876 0.1051529 0.6797724 0.725846 0.1050631 0.6797562 0.7258742 0.1056241 0.5882475 0.8017534 0.8023173 0.5494288 0.2332702 0.7019602 0.6555885 0.2783084 0.7019603 0.6555885 0.2783083 0.7019603 0.6555886 0.2783083 0.7017956 0.5839871 0.4079732 0.7017955 0.5839871 0.4079732 0.7017956 0.5839871 0.4079732 0.5859972 0.6642737 0.4640557 0.5860054 0.5539122 0.5914211 0.3402741 0.64279 0.6863197 0.3402817 0.4869155 0.8044387 0.1405261 0.5126771 0.8470032 0.1052867 0.5015648 0.8586896 0.8023369 0.489314 0.3418003 0.7018805 0.5839396 0.4078949 0.7018994 0.48687 0.5198988 0.5860494 0.5538657 0.5914211 0.5860343 0.4195844 0.6931902 0.3402598 0.4869242 0.8044427 0.3402686 0.3100278 0.8877501 0.1051359 0.327869 0.9388548 0.1050946 0.3278617 0.938862 0.8578432 -0.1435667 0.4934509 0.8628459 -0.1436405 0.4846282 0.8581358 -0.1020556 0.5031775 0.8437908 -0.07141995 0.5318989 0.863875 -0.05697774 0.5004733 0.863875 -0.05697774 0.5004734 0.863875 -0.05697768 0.5004734 0.8465051 0.03886288 0.5309605 0.8696306 0.02700859 0.4929638 0.8475797 0.1031606 0.5205445 0.8222493 0.1440929 0.5505846 0.8580138 0.156342 0.4892544 0.8002506 0.2817107 0.5293753 0.861169 0.2331613 0.4516901 0.8096709 0.3351289 0.4817901 0.7806128 0.3716883 0.5024853 0.8174117 0.3712678 0.4404525 0.7299337 0.493805 0.4726029 0.7069838 0.5657384 0.4243984 0.7658117 0.5291591 0.3654082 0.7658118 0.529159 0.3654083 0.7658118 0.529159 0.3654082 0.6901931 0.5550978 0.4642198 0.6901932 0.5550977 0.4642198 0.6901932 0.5550978 0.4642197 0.7217667 0.5421935 0.4302082 0.8014068 0.4304218 0.4153122 1 -3.33549e-7 0 1 -9.03559e-7 0 1 2.0005e-7 0 1 0 0 1 1.98267e-7 0 1 0 0 1 -5.59422e-7 0 1 6.14564e-7 0 1 -3.45583e-7 0 1 -2.21756e-6 0 1 5.51783e-7 0 1 -2.90804e-7 0 1 4.83879e-7 0 1 6.02699e-7 0 1 1.63982e-6 0 1 -5.98966e-7 0 1 0 0 1 1.38939e-6 0 1 -3.23694e-6 0 1 -1.35486e-6 0 1 4.08043e-7 0 1 -1.84096e-6 0 1 2.28852e-6 0 0.6150918 -0.6515554 -0.4440019 0.5972469 -0.6515913 -0.4676805 0.5993751 -0.6977189 -0.392349 0.5784276 -0.7692235 -0.2715086 0.5905553 -0.7655006 -0.2554478 0.5751327 -0.7512301 -0.3238453 0.5940358 -0.7436239 -0.3068305 0.5840403 -0.7183696 -0.3779447 0.5806698 -0.7699696 -0.2645177 0.5431373 -0.7604358 -0.3560046 0.507893 -0.7774893 -0.3708845 0.5899381 -0.7476402 -0.3049709 0.3794157 -0.7191529 -0.5821192 0.4436703 -0.7107998 -0.5458208 0.5101003 -0.7158325 -0.4768455 0.4421733 -0.7528601 -0.487529 0.5202926 -0.7343859 -0.435859 0.4631024 -0.6686648 -0.5817421 0.3833475 -0.6799764 -0.6250415 0.351319 -0.6578603 -0.6661793 0.3589578 -0.6542266 -0.6656852 0.2959967 -0.6508283 -0.6991484 0.2959967 -0.6508283 -0.6991484 0.3170394 -0.6424511 -0.6976696 0.2888361 -0.6408123 -0.7112899 0.2679749 -0.632959 -0.7263281 0.2742199 -0.6308597 -0.7258233 0.2126671 -0.6267216 -0.7496619 0.2303157 -0.6136333 -0.7552541 0.1489286 -0.6157721 -0.7737216 0.1666782 -0.6001151 -0.7823557 0.1259368 -0.6063801 -0.785139 0.09937196 -0.601222 -0.7928791 0.1042202 -0.5967587 -0.7956238 0.06864768 -0.6020104 -0.7955319 0.06999391 -0.6013017 -0.7959505 0.02087414 -0.5937374 -0.8043882 0.0160678 -0.6006721 -0.7993342 0.05077451 -0.5928335 -0.8037229 0.04585015 -0.596732 -0.8011296 0.06047797 -0.5984554 -0.7988702 -0.07450252 0.7907727 -0.6075591 -0.06742471 0.7872052 -0.6129942 -0.1108973 0.7692692 -0.6292272 -0.1108973 0.7692691 -0.6292271 -0.1108973 0.7692691 -0.6292272 -0.1679639 0.7520703 -0.6373213 -0.3936973 0.5823823 -0.7112196 -0.2839168 0.6842162 -0.6717436 -0.2795516 0.684066 -0.6737245 -0.1691113 0.7475912 -0.6422684 -0.6479064 0.2137365 -0.7311184 -0.6421725 0.1753142 -0.7462436 -0.6150799 0.3057381 -0.7267743 -0.5971513 0.2842246 -0.7500845 -0.5301482 0.4592747 -0.712748 -0.5190753 0.4356878 -0.7353484 -0.4133033 0.5785813 -0.7031531 -0.6989474 0.1691998 -0.6948698 -0.6989474 0.1691998 -0.6948698 -0.7003542 0.1784301 -0.6911344 -0.7003542 0.1784301 -0.6911344 -0.7003542 0.1784301 -0.6911344 -0.7000685 0.1976569 -0.6861748 -0.648302 0.1780133 -0.7402809 -0.003654003 0.3362915 -0.9417509 -1.51333e-4 0.3396574 -0.9405493 -0.00824809 0.3338941 -0.9425745 -0.01345151 0.3324383 -0.9430291 -0.02603685 0.3311085 -0.9432334 0.6065703 0.1060691 0.7879225 0.6948806 0.2507177 0.6740042 0.5538202 0.3498761 0.7555593 0.5721354 0.4218564 0.7033479 0.3877895 0.6012396 0.6986632 0.3877915 0.6012759 0.6986309 0.126046 0.7014745 0.70146 0.1260548 0.701451 0.7014819 1 -1.36849e-6 3.31543e-5 1 7.64429e-5 -3.13785e-5 1 4.92634e-5 1.25885e-4 1 -2.64354e-5 8.34566e-5 1 4.61656e-5 5.08495e-5 1 -4.79214e-6 3.27225e-5 1 -1.07194e-5 3.30845e-5 0.9999997 -8.11014e-4 4.1184e-4 1 0 -1.62048e-4 0.9999997 8.19342e-4 -2.61566e-4 1 3.06799e-5 1.52851e-5 1 6.81333e-5 9.54481e-6 1 1.12204e-4 6.07143e-6 1 -7.60389e-7 0 1 0 0 1 2.31635e-7 0 1 -5.77288e-7 0 1 -1.95912e-7 0 1 -1.91186e-7 0 1 1.71096e-7 0 1 1.20628e-6 0 1 -7.60932e-7 0 0.9999998 -5.24209e-4 -3.99528e-4 0.9999974 0.002054989 -0.001040458 0.9999983 0.001845419 0 1 3.42265e-7 0 0.7060425 0.175401 0.6861039 0.7034146 0.6692742 -0.2393323 0.703426 0.5736228 -0.4197009 0.7033779 0.5736546 -0.4197379 0.7033703 0.4306801 -0.5654952 0.7035005 0.4306294 -0.5653719 0.7060988 0.2939847 -0.644203 0.706102 0.2939835 -0.6442001 0.7060044 0.1754322 0.6861352 0.7034091 0.3238349 0.6327295 0.7035194 0.3237653 0.6326425 0.703513 0.4902607 0.5145037 0.7034381 0.4903318 0.5145382 0.7034555 0.6163332 0.3539546 0.7034048 0.6163836 0.3539673 0.7033922 0.6915896 0.164144 0.7034205 0.6915598 0.1641487 0.7067667 0.706749 0.03141421 0.6027445 0.7967192 -0.04401916 0.70539 0.7053042 -0.07050591 0.7034472 0.6692452 -0.2393175 -1 -2.42661e-7 0 -1 -8.54937e-7 0 -1 -1.00134e-6 0 -1 -9.58654e-7 0 -1 4.97101e-7 0 -1 -4.47679e-7 0 -1 3.64656e-7 0 -1 2.05387e-6 0 -1 -9.56998e-7 0 -1 9.889e-7 0 -1 -2.14506e-6 0 -1 9.56892e-7 0 -1 -1.04801e-6 0 -1 -4.82594e-7 0 -1 -1.59576e-6 0 -1 4.65239e-7 0 -1 4.82578e-7 0 -1 -1.79776e-7 0 -1 1.9171e-6 0 -1 5.0879e-7 0 -1 9.99429e-7 0 -1 1.82533e-6 0 -0.01302957 -0.9562746 -0.2921801 5.37837e-5 -0.9370695 -0.349143 7.74204e-4 -0.878023 -0.4786179 -0.02512013 -0.8515267 -0.5237089 -0.01467025 -0.8636727 -0.5038395 -0.001782655 -0.8949669 -0.4461291 7.41561e-4 -0.9129734 -0.4080187 0 -0.9844125 -0.1758753 0 -0.984413 -0.1758728 0 -0.8770915 -0.4803233 -0.01080954 -0.8421981 -0.53906 -0.004447996 -0.7925245 -0.609824 -0.004447937 -0.7925245 -0.609824 -0.004448115 -0.7925245 -0.609824 -0.003433525 -0.4746382 -0.8801743 -0.01370793 -0.5653322 -0.8247494 -0.01370799 -0.5653322 -0.8247495 -0.01370799 -0.5653322 -0.8247495 -0.009200215 -0.5390704 -0.8422104 1.11135e-4 -0.6619308 -0.749565 1.11112e-4 -0.6619308 -0.749565 1.11138e-4 -0.6619308 -0.749565 -9.36904e-5 -0.7489767 -0.6625963 0.002325296 -0.3153331 -0.9489782 -0.0063681 -0.1758576 -0.9843951 0 -0.1054211 -0.9944277 -1.48402e-7 0 -1 0 0 -1 1.48402e-7 0 -1 2.41724e-7 0 -1 0 0 -1 4.1721e-5 0 -1 -4.7811e-7 0 -1 -0.02209049 0.1161386 0.9929873 0.106746 0.1413758 0.984184 0.07729834 0.1437487 0.9865908 2.53165e-4 0.1604182 0.9870491 0.7803987 -0.2190285 0.585666 0.7998523 -0.2546594 0.5434932 0.7131296 -0.02872937 0.7004433 0.7093392 -0.03019928 0.7042202 0.7424307 -0.1355292 0.6560705 0.7173895 -0.1450266 0.6814101 0.7681231 -0.2430437 0.5923821 0.7721898 -0.2417492 0.5876057 0.6463536 -0.01716476 0.762845 0.6468737 0.01055216 0.7625242 0.714165 0.00409758 0.6999655 -0.1197745 -0.5287554 0.8402809 -0.1197745 -0.5287554 0.8402808 -0.1197745 -0.5287554 0.8402809 -0.0565719 -0.5450269 0.8365078 -0.05657184 -0.5450269 0.8365078 -0.0565719 -0.545027 0.8365079 -7.49424e-4 -0.5702425 0.8214761 -7.49441e-4 -0.5702425 0.8214762 -7.49444e-4 -0.5702425 0.8214762 -0.01249909 -0.4458118 0.8950394 -0.01249915 -0.4458118 0.8950395 0.1062259 -0.5717765 0.8135034 0.08512091 -0.4423109 0.8928133 0.08512097 -0.4423112 0.8928132 0.08512079 -0.4423112 0.8928132 0.08026117 -0.4201132 0.9039155 0.08026117 -0.4201132 0.9039155 0.08026117 -0.4201132 0.9039155 0.065113 -0.3952186 0.9162765 0.2741824 -0.3624666 0.8907536 0.1598322 -0.1428498 0.9767537 0.1598322 -0.1428498 0.9767537 0.2747525 -0.1974155 0.9410305 0.2747525 -0.1974155 0.9410305 0.2747525 -0.1974154 0.9410305 0.2404932 -0.1092776 0.96448 0.2345157 -0.1087076 0.9660151 0.2345137 -0.1087034 0.966016 0.2345136 -0.108702 0.9660162 0.1752836 -0.1021002 0.9792095 0.1752836 -0.1021002 0.9792095 0.1752836 -0.1021001 0.9792095 0.2830495 -0.09518003 0.9543709 0.1699741 -0.06484109 0.9833131 0.2850133 -0.05371361 0.9570174 0.2850133 -0.05371361 0.9570175 0.2850133 -0.05371367 0.9570174 0.1706452 -0.01015836 0.9852803 0.1706452 -0.0101583 0.9852803 0.1706452 -0.01015836 0.9852803 0.2223796 -0.00744158 0.9749318 0.2394083 0.01047617 0.9708625 0.2841145 -0.1011313 0.953442 0.3314407 -0.09794211 0.9383786 0.2710523 -0.09047669 0.958303 0.2182521 -0.07036805 0.9733521 0.2781164 -0.07164746 0.9578716 0.1014681 0.3686882 0.9239985 0.1014682 0.3686882 0.9239986 0.1014681 0.3686882 0.9239986 0.160926 0.4082529 0.8985725 0.1447074 0.3831 0.9123017 0.1160519 0.409627 0.9048413 0.09172224 0.4012634 0.9113587 0.09172224 0.4012634 0.9113588 0.09172224 0.4012636 0.9113587 0.08481323 0.3983609 0.9132992 0.09328377 0.4145952 0.9052121 0.08738821 0.4195695 0.903507 0.08486968 0.4185515 0.904219 0.09210669 0.4274694 0.8993255 0.09210669 0.4274694 0.8993254 0.09210669 0.4274694 0.8993254 0.10447 0.4306996 0.8964284 0.103813 0.4292867 0.8971822 0.1095746 0.4249372 0.8985666 0.11016 0.4260484 0.8979687 0.136439 0.4081044 0.9026822 0.1379039 0.4089409 0.902081 0.1379039 0.4089409 0.902081 0.1730355 0.3423844 0.9234889 0.2385674 0.09489971 0.966478 0.2394601 0.09511178 0.9662363 0.2216095 0.2078735 0.9527214 0.2195323 0.2067807 0.9534397 0.2073526 0.2657405 0.9414813 0.2134028 0.2697601 0.9389829 0.197167 0.2918773 0.9359128 0.1725304 0.3421505 0.92367 -0.5983682 -0.08288311 0.7969229 -0.5983682 -0.08288311 0.7969229 -0.5983682 -0.08288305 0.7969229 -0.6105437 -0.1507496 0.7775031 -0.6105437 -0.1507496 0.7775031 -0.6105437 -0.1507495 0.7775031 -0.611162 -0.1413743 0.7787775 -0.6111622 -0.1413744 0.7787774 -0.6546792 -0.3115063 0.6887372 -0.6546793 -0.3115062 0.6887372 -0.6546792 -0.3115063 0.6887372 -0.5989823 -0.2746035 0.7522056 -0.4424932 -0.4822305 0.7560778 -0.4424932 -0.4822306 0.7560778 -0.4424932 -0.4822306 0.7560778 -0.4506969 -0.4840168 0.7500666 -0.3210175 -0.6454803 0.693039 -0.3210174 -0.6454803 0.693039 -0.3210175 -0.6454803 0.693039 -0.356639 -0.6671414 0.6540114 -0.249736 -0.7557198 0.6054086 -0.2324947 -0.8071101 0.5426965 -0.1515472 -0.8594235 0.4882878 -0.4684827 -0.8177645 0.3343429 -0.4712577 -0.8156579 0.3355869 -0.4099198 -0.8437439 0.3464999 -0.4133571 -0.834501 0.3643409 -0.3489902 -0.8398281 0.415806 -0.3359831 -0.8800109 0.3357027 -0.3201697 -0.8108815 0.4898599 -0.3200347 -0.8072939 0.4958373 -0.1901941 -0.9069305 0.3759036 -0.1917588 -0.8560609 0.4799878 -0.6164617 -0.757584 -0.2145732 -0.6202964 -0.7504909 -0.2280259 -0.6349696 -0.7467949 -0.1977652 -0.6308429 -0.7532154 -0.1862902 -0.6413379 -0.7398229 -0.2033416 -0.6334581 -0.7550356 -0.1692692 -0.6558452 -0.7334291 -0.1787429 -0.6276818 -0.7659081 -0.1392856 -0.585945 -0.8099535 -0.02537715 -0.6111247 -0.7911682 -0.02407729 -0.609444 -0.7900533 -0.06628507 -0.621657 -0.7797049 -0.0748527 -0.6303824 -0.769432 -0.1029193 -0.6279247 -0.7715777 -0.1018748 -0.6306619 -0.7687126 -0.1065203 -0.6588976 -0.7389505 -0.1407343 -0.4227913 0.4369676 -0.7939187 -0.4227913 0.4369674 -0.7939188 -0.4227912 0.4369676 -0.7939187 -0.7070296 -0.1177076 -0.6973193 -0.7070297 -0.1177076 -0.6973192 -0.7022696 -0.09544551 -0.7054839 -0.7057407 -0.09246307 -0.7024106 -0.7020671 -0.002342104 -0.7121069 -0.7020671 -0.002342164 -0.7121069 -0.7020671 -0.002342104 -0.712107 -0.685848 -0.007829487 -0.7277027 -0.6774185 0.1149165 -0.7265663 -0.3803095 0.3729865 -0.846313 -0.6483142 0.1068075 -0.753844 -0.6426749 0.1732917 -0.7462834 -0.5779441 0.2163386 -0.7868788 -0.5932765 0.2207337 -0.7741447 -0.5879681 0.2770094 -0.7599733 -0.5879681 0.2770094 -0.7599733 -0.5879681 0.2770094 -0.7599733 -0.5686517 0.2673355 -0.7779248 -0.5686517 0.2673355 -0.7779248 -0.5686517 0.2673356 -0.7779248 -0.5642749 0.3110234 -0.7647604 -0.5642749 0.3110233 -0.7647604 -0.66073 0.345797 -0.6662285 0 -0.4052881 -0.9141891 0.01363992 -0.1263449 -0.9918927 0.00107932 -0.08700829 -0.9962071 0 -0.00331813 -0.9999945 0 -0.00331813 -0.9999945 0 -0.00331813 -0.9999945 0 -0.4052888 -0.9141888 -0.007035136 -0.6780309 -0.7349998 0.001041591 -0.7951535 -0.6064074 -0.009817302 -0.8640149 -0.5033706 -0.0228697 -0.8784236 -0.4773353 0.00736761 -0.9410489 -0.3381904 -0.01260805 -0.9765688 -0.2148361 0.003347754 -0.9859184 -0.1671937 3.41557e-7 -0.9959738 -0.08964532 3.76947e-7 -0.9959738 -0.08964532 3.51623e-7 -0.9959738 -0.08964532 -0.002420723 -0.9614301 -0.2750388 0.002611875 -0.9716433 -0.2364371 -0.002015769 -0.9747362 -0.2233508 0.001417517 -0.9852926 -0.1708703 0.00526756 -0.9838712 -0.1788008 -0.005012631 -0.9912862 -0.1316302 -0.006869316 -0.9919148 -0.12672 -6.84391e-4 -0.9946877 -0.1029369 3.42872e-7 -0.9965662 -0.08280003 3.94146e-7 -0.9965662 -0.08280003 3.90125e-7 -0.9965662 -0.08279997 -0.004537165 -0.9146183 -0.404293 -0.01934045 -0.9257087 -0.3777425 0.01829981 -0.9167747 -0.3989853 -0.01795935 -0.9479531 -0.3179034 0.01897114 -0.939687 -0.3415094 0.004040837 -0.9509885 -0.3091999 -0.0207051 -0.8479502 -0.5296714 -0.01933103 -0.8482379 -0.5292626 -0.01959258 -0.8485069 -0.5288217 -0.01407998 -0.8517761 -0.5237168 -0.004097938 -0.8650801 -0.501617 -0.01533263 -0.8484182 -0.5291044 0.01026403 -0.8464979 -0.5322932 -0.006257534 -0.8433557 -0.5373193 0.001873612 -0.8427591 -0.5382877 0 -0.8427605 -0.5382888 0 -0.8427604 -0.5382889 0.006700456 -0.842742 -0.5382761 -0.006180107 -0.8462199 -0.5327979 0.01627552 -0.8460489 -0.532857 -1.02497e-4 -0.8904172 -0.4551454 1.0925e-4 -0.8930693 -0.4499194 -2.42488e-4 -0.9029908 -0.42966 4.0875e-4 -0.878144 -0.4783963 0.004052042 -0.8644303 -0.5027363 0.008713066 -0.8565265 -0.5160295 0.01362812 -0.8494749 -0.5274531 0.01962679 -0.8456552 -0.5333689 0.01993954 -0.8455703 -0.5334918 -5.58896e-4 -0.8807762 -0.4735324 -3.03208e-5 -0.8876471 -0.4605245 7.0801e-5 -0.8958559 -0.4443446 0.002232551 -0.9055237 -0.4242898 -0.009911835 -0.9481852 -0.3175636 0.01373791 -0.9541597 -0.2989826 -0.00997883 -0.9301407 -0.3670679 -0.02368009 -0.9216483 -0.3873031 -0.04309761 -0.9157878 -0.3993437 0.03155428 -0.9254928 -0.3774487 0.009853899 -0.9159889 -0.4010827 0 -0.9948489 -0.1013699 9.84927e-4 -0.9951556 -0.09830814 -0.002013921 -0.9866118 -0.1630746 0.02687489 -0.9911539 -0.1299682 -0.04729843 -0.9743072 -0.2202008 0.05489963 -0.9811846 -0.1851024 0.008877754 -0.9729557 -0.2308212 0 0.7947129 -0.6069855 -0.02061951 0.7947558 -0.6065791 -0.02135008 0.7945284 -0.6068515 0.7426564 0.1035085 -0.6616249 0.8103774 0.1700233 -0.5606966 0.8084838 0.1011587 -0.5797592 0.8650666 0.08617067 -0.494201 0.3041704 0.2987807 -0.9045498 0.7031502 0.1909131 -0.6849322 0.4966213 0.09732913 -0.8624931 0.5832186 0.07375806 -0.8089599 0.9061577 -0.003306269 -0.4229272 0.8629345 -0.09391796 -0.4965115 0.9379374 -0.05841457 -0.3418499 0.9933534 0.0119487 -0.1144837 0.04718953 0.09354919 -0.9944958 0.2391215 0.09791731 -0.96604 0.2742562 0.1113536 -0.9551879 0.2981215 0.1111088 -0.9480393 0.08787608 0.1918668 -0.9774789 0.08713221 0.183332 -0.9791821 0.0889135 0.1845065 -0.9788012 0.08385163 0.1725584 -0.9814238 0.09323853 0.1780425 -0.9795957 0.1311213 0.1238943 -0.9835941 0.08605349 0.09569638 -0.991684 0.1683979 0.08531665 -0.98202 0.1913685 0.08497011 -0.9778334 0.2216155 0.09407639 -0.9705855 0.2609187 0.06931436 -0.9628692 0.5004267 0.06318128 -0.8634705 0.3790044 0.08964461 -0.9210426 0.4092015 0.04826176 -0.9111668 0.3160966 0.09118944 -0.9443344 0.7426651 0.05839014 -0.6671126 0.6851271 0.05434149 -0.7263938 0.6685979 0.06494528 -0.7407827 0.6217342 0.06246942 -0.7807332 0.5874121 0.07346779 -0.8059464 0.5731994 0.06843066 -0.8165535 0.4918504 0.0720641 -0.8676923 0.9645038 0.01966905 -0.2633352 0.9399534 0.03051549 -0.339936 0.948268 0.0166164 -0.3170359 0.9094352 0.03721225 -0.4141773 0.9117497 0.03521192 -0.4092342 0.8838489 0.03479945 -0.4664765 0.8650768 0.04432344 -0.4996774 0.8433369 0.03871184 -0.5359892 0.8084828 0.05146855 -0.5862649 0.8110902 0.05234497 -0.5825744 0.7643931 0.04485738 -0.6431881 0.9961757 0.0138753 -0.08626413 0.9961125 0.01520675 -0.08676773 0.9960434 0.005914628 -0.08867126 0.9959926 0.002293169 -0.08940744 0.9960336 2.90391e-4 -0.08897882 0.9958121 -0.002155244 -0.09139889 0.9958425 -0.005003809 -0.09095573 0.9955914 -0.007316052 -0.09351211 0.9957015 -0.006821572 -0.09236949 0.9956558 -0.007474958 -0.09281075 0.9954977 -0.008630275 -0.09439224 0.9948654 -0.02168273 -0.09885758 0.9447541 -0.1062172 -0.3100928 0.9745748 -0.05728244 -0.2166164 0.9894399 -0.05688893 -0.1333131 0.8544146 0.132618 -0.5023826 0.8592801 0.04822057 -0.5092273 0.8533701 0.0464524 -0.519232 0.8552562 -0.01833778 -0.5178809 0.8540325 -0.01927322 -0.5198625 0.08760851 0.3314941 -0.9393809 0.09457951 0.3256278 -0.9407557 0.08722341 0.3182215 -0.9439954 0.09622412 0.2757494 -0.9564012 0.1172595 0.2641749 -0.9573202 0.160622 0.2251452 -0.9609944 0.160622 0.2251453 -0.9609944 0.08720064 0.3068975 -0.9477394 0.09366858 0.2979888 -0.9499626 0.08711153 0.2943089 -0.9517321 0.08709043 0.2890415 -0.953347 -0.03373384 0.3344656 -0.941804 -0.03373384 0.3344656 -0.941804 -0.03373384 0.3344656 -0.941804 0.9591186 -0.01051938 -0.2828091 0.9592442 -0.01167607 -0.2823374 0.9607585 0.009434401 -0.277226 0.9727935 -0.01056712 -0.231433 0.9731161 -0.005397558 -0.2302522 0.9733238 -0.005834877 -0.2293614 0.9739169 0.006117165 -0.2268224 0.9740735 0.005735874 -0.2261593 0.974634 0.02438938 -0.2224719 0.996204 0.00858283 -0.08662581 0.9960998 0.01104414 -0.08753985 0.9083091 0.0123679 -0.4181168 0.860754 0.021609 -0.5085625 0.8055835 0.03431773 -0.5914875 0.7380251 0.04873198 -0.6730113 0.9995755 -0.008920967 -0.02773869 0.9944049 -0.04042696 -0.09759366 0.9909864 -0.03679358 -0.1288107 0.9514609 -0.07300376 -0.2989859 0.9507879 -0.07174062 -0.3014227 0.8930082 -0.08444035 -0.442048 0.8697837 -0.07017046 -0.4884184 0.4072633 0.1303176 -0.9039657 0.3767367 0.1146335 -0.9192 0.498072 0.1227835 -0.8583989 0.8428039 -0.0837934 -0.5316582 0.7844034 -0.07789117 -0.615341 0.7532969 -0.05534005 -0.6553483 0.7193238 -0.06269335 -0.6918402 0.6072486 -0.03167647 -0.7938803 0.9953803 -0.01630252 -0.09461683 0.9566796 -0.03562426 -0.2889553 0.9565457 -0.03438597 -0.289548 0.918354 -0.03502261 -0.3942072 0.9034754 -0.01834154 -0.4282477 0.8561567 -0.01190757 -0.5165791 0.8550691 -0.01083475 -0.518401 0.7989737 -1.28702e-4 -0.601366 0.7976932 0.001052141 -0.6030626 0.7333987 0.01595115 -0.6796116 0.7319889 0.01718425 -0.6810998 0.6589697 0.03640639 -0.7512879 0.652633 -0.01176655 -0.7575829 0.6052347 -0.04349935 -0.7948577 0.7444557 -0.08517491 -0.6622168 0.7466025 -0.08766865 -0.6594687 0.8618224 -0.09883803 -0.497487 0.8634605 -0.1006916 -0.4942644 0.9135189 -0.09073531 -0.3965482 0.9370003 -0.09166473 -0.3370878 0.5877526 0.2487871 -0.7698388 0.6281092 0.2103536 -0.7491531 0.6224394 0.1216952 -0.7731491 0.6230593 0.120943 -0.7727677 0.6151 0.04957395 -0.7868891 0.6390568 0.01449531 -0.769023 0.6095989 -0.002776086 -0.7927051 0.6031021 -0.0410127 -0.7966089 0.2626158 0.1280706 -0.9563633 0.2662073 0.1213012 -0.9562529 0.2668431 0.1362649 -0.954058 0.1925154 0.3112688 -0.9306179 0.2696631 0.2900406 -0.9182365 0.2688296 0.2399185 -0.932829 0.2690289 0.239736 -0.9328184 0.2677419 0.1933683 -0.9438872 0.268053 0.1929965 -0.943875 0.2667453 0.1571981 -0.9508606 0.2663648 0.1580395 -0.9508277 0.2816452 0.1758941 -0.943259 0.2846844 0.1349992 -0.9490681 0.4069361 0.1229803 -0.9051403 0.497435 0.09748846 -0.8620061 0.4974455 0.09765899 -0.8619808 0.583421 0.07664966 -0.8085449 0.5713541 0.08655375 -0.8161269 0.6662132 0.06566208 -0.742865 0.6679766 0.1063424 -0.736545 0.6523171 0.1196476 -0.748443 0.6686145 0.1280007 -0.7325098 0.500483 0.1492577 -0.852783 0.500433 0.1492899 -0.8528068 0.5003008 0.1338716 -0.8554401 0.5000494 0.1340516 -0.8555588 0.49941 0.1100086 -0.8593531 0.4084642 0.1284891 -0.9036855 0.4082197 0.1207313 -0.9048649 0.3150246 0.1444947 -0.9380196 0.3158293 0.1861505 -0.9303762 0.5873317 0.1394359 -0.7972448 0.5873689 0.139409 -0.797222 0.5871621 0.1202157 -0.800493 0.5868501 0.120459 -0.8006852 0.585883 0.0919317 -0.8051645 0.4988271 0.1098159 -0.8597163 0.4983057 0.09788221 -0.8614585 0.4075921 0.1205923 -0.9051663 0.4076941 0.1230992 -0.904783 0.2687802 0.1624056 -0.9494112 0.2689768 0.1715082 -0.9477534 0.268819 0.1718122 -0.9477431 0.2683764 0.1543014 -0.9508761 0.2681514 0.154726 -0.9508705 0.2673963 0.131949 -0.9545097 0.3160609 0.163908 -0.934473 0.3160963 0.1638906 -0.934464 0.3160749 0.1587677 -0.9353553 0.3158629 0.1588971 -0.9354049 0.3157221 0.1474742 -0.9373212 0.2214006 0.1662098 -0.9609143 0.221427 0.1689599 -0.9604284 0.08842647 0.2031309 -0.9751505 0.08552366 0.219304 -0.9719009 0.2216028 0.1686174 -0.960448 0.2216237 0.1686053 -0.9604453 0.2216274 0.1697859 -0.9602366 0.2215771 0.1698136 -0.9602432 0.221556 0.1662486 -0.9608717 0.08792001 0.1918963 -0.9774692 0.08689427 0.2022033 -0.975481 0.4095055 0.157456 -0.8986172 0.4094869 0.1574679 -0.8986236 0.4094205 0.1467744 -0.9004622 0.4092381 0.1468965 -0.9005253 0.4088903 0.1286156 -0.9034749 0.3154281 0.1473931 -0.9374329 0.3153668 0.1445605 -0.9378946 0.2211959 0.168922 -0.9604884 0.2213129 0.1779553 -0.9588288 0.08305627 0.2187386 -0.9722423 0.08810645 0.2292304 -0.9693765 0.08773636 0.2303914 -0.9691348 0.08687865 0.2291426 -0.9695081 0.08749508 0.2265879 -0.9700529 0.08730435 0.226372 -0.9701204 0.08674031 0.2287281 -0.9696183 0.08618003 0.228621 -0.9696935 0.06190949 0.1504275 -0.9866808 0.126357 0.202963 -0.9709995 0.9227024 8.78383e-4 -0.3855121 0.9099625 0.02042508 -0.4141872 0.911262 0.04942089 -0.4088513 0.9481235 0.03662651 -0.3157855 0.9483385 0.05438041 -0.3125654 0.9748371 0.03818374 -0.2196238 0.97483 0.03255504 -0.2205597 0.9960395 0.01298326 -0.0879603 0.9961934 0.0107094 -0.08651125 0.8038534 0.03401017 -0.5938545 0.8622705 0.02198255 -0.505971 0.8644079 0.06307649 -0.4988191 0.9114416 0.04957467 -0.4084323 0.9117347 0.07046377 -0.4046911 0.9483386 0.05438083 -0.3125648 0.9483246 0.04632675 -0.3139017 0.9748266 0.03255349 -0.2205751 0.9748266 0.02438724 -0.2216268 0.9960426 0.009721636 -0.08834427 0.9955423 0.01688122 -0.09279394 0.9992505 0.003312647 -0.03856742 0.9992861 0.002329707 -0.03770899 0.1023414 0.154449 -0.982686 0.07470804 0.1455855 -0.986521 0.2215142 0.1423666 -0.9647089 0.2215729 0.1423782 -0.9646937 0.3160408 0.1385241 -0.9385784 0.3160253 0.1385209 -0.9385841 0.4094431 0.1332042 -0.9025592 0.4094596 0.133208 -0.9025511 0.5004552 0.1264088 -0.8564844 0.5004298 0.1264043 -0.8565 0.5872977 0.1181688 -0.8006982 0.5872802 0.1181653 -0.8007116 0.6684958 0.1085782 -0.7357474 0.6685623 0.1085914 -0.7356851 0.7426464 0.0977891 -0.6625055 0.7426148 0.09778255 -0.662542 0.8084607 0.0859313 -0.5822433 0.8084455 0.08592808 -0.5822648 0.8650272 0.07324868 -0.4963493 0.8650361 0.07325059 -0.4963337 0.911723 0.0599786 -0.4064036 0.9961084 0.01510787 -0.08683341 0.9748489 0.03820013 -0.2195691 0.9747205 0.02452343 -0.222078 0.9479649 0.03645288 -0.3162814 0.9470139 0.0119611 -0.3209699 0.9467248 0.01248276 -0.3218018 0.9457254 -0.003114938 -0.3249521 0.9453185 -0.002457797 -0.3261396 0.9448366 -0.008452296 -0.3274332 0.9068586 -0.003951311 -0.4214166 0.9061771 -0.00311011 -0.4228872 0.8591521 0.004797816 -0.5116979 0.8582589 0.005776762 -0.5131846 0.8022354 0.01709288 -0.5967633 0.8011499 0.01817643 -0.5981876 0.7365862 0.03281962 -0.675547 0.7354153 0.03389817 -0.6767683 0.6620603 0.05189818 -0.7476516 0.6605407 0.03675681 -0.74989 0.5794478 0.06019955 -0.812783 0.5706263 -0.01378536 -0.8210943 0.1081442 0.1204485 -0.9868116 0.07216179 0.1091212 -0.9914058 0.2215862 0.1066867 -0.9692872 0.2215139 0.1066719 -0.9693053 0.3160535 0.1037824 -0.943048 0.3160412 0.1037795 -0.9430525 0.4093921 0.09979915 -0.9068838 0.4094427 0.09980964 -0.9068599 0.5004265 0.09471631 -0.8605824 0.5004535 0.09472209 -0.8605661 0.587346 0.08854854 -0.8044774 0.5872967 0.08853679 -0.8045148 0.6685379 0.08135068 -0.7392153 0.6684975 0.08134132 -0.7392529 0.7426103 0.07324874 -0.6657061 0.7426454 0.07325828 -0.6656659 0.8084378 0.06438583 -0.5850494 0.8084614 0.06439292 -0.5850161 0.8650401 0.05489057 -0.4986909 0.8650274 0.05488663 -0.4987134 0.9117258 0.04493981 -0.4083337 0.9117226 0.04493838 -0.4083412 0.9483243 0.03471028 -0.3153989 0.7179604 0.1855124 -0.6709084 0.7753345 0.1572097 -0.6116712 0.768514 0.07303231 -0.6356512 0.7690546 0.07225424 -0.6350862 0.7548238 -0.02276891 -0.6555325 0.7199224 0.008566617 -0.6940019 0.7520281 -0.04982787 -0.6572449 0.856848 -0.06556636 -0.5113832 0.8614262 -0.07050842 -0.5029646 0.9797948 0.0133627 -0.199559 0.9748399 0.02070713 -0.2219423 0.9748319 0.02439081 -0.2216032 0.9483293 0.03471243 -0.3153836 0.9483292 0.04632902 -0.3138875 0.9117317 0.05998027 -0.4063839 0.9117531 0.07048046 -0.4046465 0.8650383 0.08615136 -0.4942538 0.8646947 0.06327891 -0.4982958 0.8347767 0.07100754 -0.5459908 0.8081634 0.08935493 -0.5821405 0.74234 0.1034532 -0.6619886 0.7399182 0.04897421 -0.6709118 0.6643605 0.06549489 -0.7445372 0.6632894 0.05226391 -0.7465359 0.5819406 0.07344883 -0.8099077 0.5808389 0.06042826 -0.8117727 0.4511092 0.09968018 -0.8868848 0.4459187 0.03612345 -0.8943443 0.4444488 0.03799408 -0.8949983 0.4435834 0.02970451 -0.8957408 0.4419988 0.03152358 -0.8964617 0.4457169 0.06688928 -0.8926715 0.445026 0.06793475 -0.8929372 0.4491777 0.1139223 -0.8861497 0.4485758 0.1146887 -0.8863556 0.4529373 0.1781222 -0.8735675 0.4523946 0.178693 -0.8737322 0.4552224 0.2460147 -0.8557158 0.4312853 0.2598367 -0.8639896 0.4312853 0.2598367 -0.8639895 0 -0.5938674 -0.8045631 0 -0.5938741 -0.8045579 0.02105045 0.7945359 -0.6068524 0.0213527 0.7946043 -0.6067522 0.9917184 0.1284317 0 0.9791767 0.1712234 -0.1090673 0.9544466 0.2983804 9.39748e-4 0.8876909 0.4604287 -0.003229737 0.8402805 0.5308496 -0.1101243 0.7898015 0.6126899 -0.02872091 0.5406078 0.8381747 -0.07215619 0.6658552 0.74597 0.01287657 0.7512705 0.6599633 -0.006411314 0.7512705 0.6599633 -0.006411314 0.7512705 0.6599633 -0.006411314 0.03553104 0.9993685 -3.81359e-4 0.1752571 0.9842242 -0.02424788 0.1767982 0.9839194 -0.02539986 0.3973358 0.9175401 0.01563596 0.5267908 0.8480263 -0.05781942 0.7071723 0.2337682 -0.6672779 0.702115 0.2343813 -0.6723838 -0.7068859 -0.259522 0.6579974 -0.7531189 -0.2682633 0.6007053 -0.639503 -0.3528927 0.6830101 -0.7738471 -0.3484126 0.5289323 -0.7444729 -0.3591727 0.56281 -0.7444729 -0.3591728 0.5628099 -0.744473 -0.3591728 0.56281 -0.6896312 -0.4405031 0.5747746 -0.6896312 -0.4405031 0.5747746 -0.6501023 -0.482479 0.5870102 -0.7331715 -0.4514065 0.5086176 -0.6968856 -0.5122038 0.5019937 -0.7070797 -0.5119208 0.4878273 -0.7070797 -0.5119208 0.4878273 -0.7070797 -0.5119208 0.4878274 -0.7069208 -0.5408268 0.4558173 -0.735746 -0.5260207 0.4265913 -0.7357459 -0.5260207 0.4265913 -0.7357459 -0.5260208 0.4265913 -0.7075473 -0.5674225 0.4211989 -0.7064913 -0.5846142 0.398869 -0.6591119 -0.6429694 0.3900794 -0.7025815 -0.6152644 0.3575319 -0.7110088 -0.6491115 0.2704088 -0.6914173 -0.6650917 0.2821262 -0.7111884 -0.6713109 0.2086934 -0.7137648 -0.6694138 0.2059735 -0.7015731 -0.6889685 0.1819826 -0.6599087 -0.7351692 0.1550706 -0.6482675 -0.7443922 0.1600923 -0.6482675 -0.7443922 0.1600924 -0.7500219 -0.6581917 0.06519913 -0.7500219 -0.6581918 0.06519913 -0.7500219 -0.6581918 0.06519913 -0.7114797 -0.7004093 0.05677729 -0.7048731 -0.7093219 0.004050314 -0.7048731 -0.709322 0.004050374 -0.7048731 -0.7093219 0.004050314 -0.6983566 -0.715696 0.008788585 -0.7175073 -0.6961054 -0.02491182 -0.7175073 -0.6961054 -0.02491182 -0.7175073 -0.6961054 -0.02491182 -0.7235746 -0.6896491 -0.02870851 -0.6638656 -0.7415977 -0.0965166 -0.6353432 -0.766575 -0.09328413 -0.6353433 -0.766575 -0.09328418 -0.6353432 -0.766575 -0.09328418 -0.7564612 -0.6357169 -0.1537223 -0.6531407 -0.7277348 -0.2093068 -0.737685 -0.628609 -0.2463161 -0.737685 -0.628609 -0.2463162 -0.737685 -0.628609 -0.2463161 -0.7244809 -0.6439869 -0.2457812 -0.7244808 -0.6439869 -0.2457812 -0.7244809 -0.6439869 -0.2457812 -0.6910875 -0.6556676 -0.3041352 -0.6910874 -0.6556676 -0.3041352 -0.6910874 -0.6556676 -0.3041352 -0.6364076 -0.6888235 -0.347142 -0.7638055 -0.5558427 -0.3280856 -0.6352683 -0.6296616 -0.4471696 -0.7493451 -0.5160066 -0.4149931 -0.715546 -0.5295406 -0.4556103 -0.6354479 -0.4275014 -0.6429997 -0.7612254 -0.4498465 -0.467091 -0.6340543 -0.5188974 -0.5733416 -0.7017849 -0.520421 -0.4864771 -0.7017849 -0.5204209 -0.4864772 -0.7017849 -0.5204209 -0.4864771 -0.7069866 -0.1382756 -0.6935776 -0.7169582 -0.1298904 -0.6849085 -0.7169582 -0.1298904 -0.6849083 -0.7169582 -0.1298904 -0.6849084 -0.6680242 -0.2186956 -0.7112777 -0.7431139 -0.1838656 -0.6434091 -0.6702343 -0.313205 -0.6728215 -0.6924275 -0.3002843 -0.6560286 -0.7079635 -0.3416733 -0.6180996 -0.7079635 -0.3416732 -0.6180996 -0.7043429 -0.3544429 -0.6150376 -0.7521767 -0.3806641 -0.5378895 1.66944e-4 0.6059262 -0.7955209 2.55063e-4 0.2002146 0.9797521 0.0883876 0.3283944 0.9403961 1.52883e-4 0.3704636 -0.928847 0.0322299 0.4149482 -0.9092739 -0.05912035 0.4906057 -0.8693739 0.1731026 0.6393988 -0.7491359 1.67793e-4 0.7245867 -0.6891837 0.04104465 0.8012269 -0.5969514 0.04104465 0.8012269 -0.5969514 0.06386876 0.8053889 -0.5892959 1.03793e-4 0.8718384 -0.4897937 1.12252e-4 0.9416054 -0.3367187 0.19874 0.8997539 -0.388517 4.58594e-5 0.9873654 -0.1584605 4.58795e-5 0.9873654 -0.1584605 4.58788e-5 0.9873654 -0.1584605 0.09105128 0.9943301 -0.05493104 0.101195 0.9930953 -0.05934131 0 0.9729687 0.2309371 0.1251596 0.9736954 0.1904003 0.1119816 0.8617281 0.4948586 0.04112809 0.6829614 0.7292958 0.06392335 0.6884573 0.7224544 7.65782e-5 0.7715653 0.6361501 6.57904e-5 0.8334427 0.5526059 9.64403e-5 0.5915435 0.8062731 1.02858e-4 0.5043663 0.8634898 0.1076369 0.4529253 0.8850272 -0.1611396 0.2444733 0.956173 2.31001e-4 -0.9991495 -0.04123526 0.01307481 -0.6686838 0.743432 0.01299893 -0.6135831 0.7895233 0.01299887 -0.6135832 0.7895233 0.01299893 -0.6135831 0.7895233 -0.008000314 -0.4759318 0.8794458 -0.202662 -0.5316184 0.8223807 -0.01271814 -0.4114605 0.9113389 0.0231707 -0.8254176 0.564047 -0.02538961 -0.7355133 0.6770344 -0.1765266 -0.7657655 0.6184186 -0.07357186 -0.7249211 0.6848917 0.009417235 -0.9649994 0.2620828 0.009417235 -0.9649995 0.2620828 0.009417295 -0.9649995 0.2620828 0.002506494 -0.9535991 0.3010693 -0.06820821 -0.9136328 0.4007778 -0.08301466 -0.9155157 0.3936239 0.02319419 -0.8630477 0.5045898 0 -0.9991344 -0.04160028 0 -0.9999114 0.01332139 -0.02224719 -0.9920773 0.1236439 -0.05885738 -0.9929192 0.1031862 0.009444713 -0.9764768 0.2154158 0.002452611 -0.9074935 -0.4200593 0.002448081 -0.9341474 -0.3568791 -0.08936417 -0.9655184 -0.2445164 -0.07184565 -0.9691591 -0.2357305 2.30568e-4 -0.9926035 -0.1214013 -0.03101563 -0.8614989 -0.5068115 -0.1049203 -0.8325432 -0.5439334 8.68309e-5 -0.7795584 -0.6263296 0.002605319 -0.4841591 -0.8749762 -0.00923711 -0.5527341 -0.8333066 -0.1085166 -0.610593 -0.7844746 -0.01021367 -0.6705441 -0.7417994 8.13663e-5 -0.7303131 -0.6831126 0 -0.16799 -0.9857887 -0.001463592 -0.1960635 -0.9805901 -0.06176787 -0.3240719 -0.944014 -0.1300302 -0.2923194 -0.9474396 0.002608656 -0.4226799 -0.9062753 -0.02080279 0.0702812 -0.9973104 -0.1033879 0 -0.9946411 -0.03198331 -0.05355775 -0.9980525 0 -0.1424596 -0.9898006 -0.03260314 0.2647454 -0.9637671 0 0.2028025 -0.9792197 0 0.1454945 -0.9893592 -0.1323989 0.3851047 -0.9133263 -2.57438e-5 0.3246922 -0.9458197 0 0.4806448 -0.8769155 1.42201e-7 0.4806448 -0.8769154 0 0.4806448 -0.8769155 -0.01003825 0.6142106 -0.7890785 0 0.6184163 -0.7858507 8.03122e-6 0.6336805 0.773595 8.05391e-6 0.6336805 0.773595 8.03916e-6 0.6336805 0.773595 -0.01385426 0.667002 0.7449271 -0.06520414 0.7341587 0.6758398 -0.06866091 0.7324367 0.6773642 2.57269e-5 0.3449397 0.938625 -0.01301938 0.3821257 0.9240186 -0.07365024 0.4746577 0.8770837 -0.0830329 0.4698965 0.8788076 0 0.5733165 0.8193341 9.55179e-7 0.01705765 0.9998545 4.93335e-6 0.01705771 0.9998545 4.98746e-6 0.01705771 0.9998545 -0.01049464 0.05379992 0.9984967 -0.07735854 0.1641104 0.983404 -0.1098079 0.1484896 0.9827987 4.52176e-5 0.2731571 0.9619695 0 -0.3333824 0.9427918 0 -0.3333824 0.9427918 0 -0.3333824 0.9427918 0 -0.2949439 0.9555146 -0.06711566 -0.1642261 0.9841368 -0.1295965 -0.1917927 0.9728413 0 -0.05867296 0.9982773 0 0.8371431 -0.5469839 0 0.8371442 -0.5469822 0 0.9694094 -0.2454498 0 0.9694104 -0.245446 0 0.9991548 -0.04110753 -4.98626e-7 0.9991548 -0.04110753 0 0.9991548 -0.04110753 0.0606684 0.9947496 0.08241784 0 0.992316 0.1237299 0 0.9157809 0.4016783 0 0.9157825 0.4016748 0 0.8227854 0.5683522 -0.01482975 0.7942581 0.6073995 -0.6159707 -0.763728 -0.1931309 -0.6159507 -0.763748 -0.1931163 -0.6149422 -0.7851011 -0.07390886 -0.6150134 -0.785042 -0.07394343 -0.6167006 -0.7871978 0 -0.6106902 -0.1392589 -0.7795284 -0.6106169 -0.139163 -0.7796028 -0.6076373 -0.4281553 -0.6689245 -0.6076625 -0.4281687 -0.6688931 -0.6076594 -0.6689096 -0.4281474 -0.6075934 -0.6689122 -0.4282369 -0.6106136 -0.7795846 -0.1392803 -0.6107031 -0.7795391 -0.1391432 -0.6167004 0 -0.787198 -0.6167001 0 -0.7871982 -0.613624 -0.09977132 -0.7832698 -0.6136261 -0.09976804 -0.7832684 -0.6115279 -0.3206755 -0.7233262 -0.6115063 -0.3206918 -0.7233374 -0.612248 -0.5289412 -0.587685 -0.61222 -0.5289708 -0.5876876 -0.4229052 0.7455704 0.5150495 -0.4226023 0.7457823 0.5149914 -0.4178977 0.8319808 0.3649241 -0.4182728 0.8318131 0.3648766 -0.4182727 0.831813 0.3648766 -0.4179744 0.9053562 0.07501816 -0.4179744 0.9053562 0.0750181 -0.4179744 0.9053562 0.07501804 -0.4179103 0.9053851 0.07502591 -0.4179103 0.9053851 0.07502591 -0.4179103 0.9053851 0.07502579 -0.4180761 0.8806146 -0.2230033 -0.418076 0.8806145 -0.2230032 -0.4178841 0.8807 -0.2230257 -0.4178747 0.7605509 -0.4969337 -0.4179813 0.760531 -0.4968744 -0.4179814 0.760531 -0.4968745 -0.4179813 0.760531 -0.4968744 -0.4186481 0.5616162 -0.7136674 -0.4181445 0.5617497 -0.7138574 -0.4181446 0.5617498 -0.7138574 -0.4181446 0.5617498 -0.7138574 -0.9555036 0.01312947 0.2946873 -0.1634339 -0.1062734 0.9808137 -0.538302 -0.04480916 0.8415599 -0.8153662 -0.006929934 0.5789042 -0.2706153 0.07713961 0.9595921 -0.1448062 0.08499658 0.9858027 -0.07957172 0.1170115 0.9899377 -0.08301889 0.1094439 0.9905201 -0.322911 0.05002689 0.9451062 -0.4548723 -0.008895814 0.8905124 -0.4428615 0.01289862 0.8964973 -0.6514632 -0.03264003 0.7579779 -0.6514632 -0.03264009 0.7579779 -0.6514632 -0.03264003 0.7579779 -0.6769267 -0.0772407 0.7319864 -0.6774549 -0.06828504 0.7323879 -0.6295912 -0.01495516 0.7767827 -0.6167733 0.005084156 0.7871244 -0.6167733 0.005084097 0.7871245 -0.6167733 0.005084097 0.7871245 -0.6138234 0.01047939 0.7893739 -0.6138232 0.01047939 0.7893739 -0.6138233 0.01047945 0.7893739 -0.7835668 -0.0691601 0.6174465 -0.7835668 -0.06916004 0.6174464 -0.7835668 -0.0691601 0.6174463 -0.78353 -0.06999135 0.6173995 -0.7770061 -0.07689529 0.624779 -0.7742964 -0.07549935 0.6283034 -0.7753414 -0.05727666 0.6289398 -0.6997187 -0.05508339 0.7122918 -0.6997187 -0.05508339 0.7122918 -0.6997187 -0.05508339 0.7122918 -0.6859822 -0.05355334 0.7256448 -0.7838038 -0.06153076 0.6179527 -0.8001856 -0.06734067 0.59596 -0.7865458 -0.04994457 0.615509 -0.7900601 -0.003939986 0.6130169 -0.7758429 0.01281136 0.630796 -0.7847886 0.006689667 0.6197275 -0.7894936 -0.004395782 0.6137431 -0.7568472 -0.03719717 0.6525326 -0.6910639 -3.05563e-4 0.7227937 -0.6720506 -0.01996374 0.7402361 -0.6715229 -0.01881706 0.7407449 -0.6134777 -0.04740613 0.7882879 -0.289577 -0.1194629 0.9496704 -0.2909134 -0.10288 0.9512019 -0.4549117 -0.02364581 0.8902227 -0.4297235 -0.1090242 0.8963546 -0.4961604 -0.05696392 0.8663603 -0.1701323 -0.1349611 0.9761355 -0.06542879 -0.1545003 0.9858239 -0.08897787 -0.1262484 0.9880002 -0.1025626 -0.1184865 0.9876446 -0.03138864 -0.1453754 0.9888786 -0.03143513 -0.1442024 0.9890488 -0.03143513 -0.1442024 0.9890488 -0.03143519 -0.1442024 0.9890488 -0.03399217 -0.1360955 0.9901124 -0.2684388 -0.1203109 0.9557541 -0.2760432 -0.1097915 0.9548539 -0.4200122 -0.1031278 0.9016399 -0.4565922 -0.08411538 0.8856909 -0.5148977 -0.08924168 0.852594 -0.6280487 -0.03114169 0.7775508 -0.6290332 -0.05962544 0.7750885 -0.583014 -0.08135241 0.8083789 -0.7965741 -0.01116329 0.6044378 -0.734816 -0.06391799 0.6752481 -0.6538575 -0.06610125 0.7537249 -0.9030683 0.01701444 0.4291599 -0.9687009 0.08935391 0.2315912 -0.999812 -1.59536e-4 0.0193932 -0.995175 0.03053039 0.09324526 -0.9959874 0.004552423 0.08937907 -0.9957983 0.003771662 0.09149599 -0.9960113 0.007580995 0.08890515 -0.9959858 0.007505953 0.08919692 -0.9960741 0.00434637 0.08841711 -0.9959772 0.003098487 0.08955341 -0.9960029 -0.004510521 0.08920741 -0.9962662 -0.008027493 0.08596086 -0.9960494 -0.01000821 0.08823537 -0.9961361 -0.01320743 0.08682483 -0.9959828 -0.01430064 0.0883969 -0.9960773 -0.01620918 0.08699071 -0.9959601 -0.01670849 0.08822858 -0.9953242 -0.01622545 0.09521782 -0.9965037 -0.009540438 0.08300316 -0.9954525 -0.01270622 0.09440827 -0.9964599 -0.006352365 0.08383029 -0.9955255 -0.008793711 0.0940842 -0.996445 -0.002664089 0.08420455 -0.9955468 -0.004537701 0.09416002 -0.9491857 0.03634589 0.3126108 -0.8895548 0.06358915 0.4523814 -0.9000015 0.04545801 0.43351 -0.9940319 -0.002575039 0.1090602 -0.9620033 0.001616358 0.2730334 -0.961737 0.008458018 0.273844 -0.9619768 0.008103489 0.273011 -0.9615978 0.01735591 0.2739137 -0.9618356 0.01695638 0.2731022 -0.9621172 0.009107768 0.2724843 -0.9641586 0.002272665 0.265317 -0.7061837 0.004189848 0.7080163 -0.7745676 0.01008236 0.632411 -0.7754561 -0.006070256 0.6313724 -0.7747225 -0.005642056 0.6322764 -0.7763709 -0.04265284 0.6288315 -0.8547988 -0.03127861 0.518016 -0.6283912 0.02532279 0.7774853 -0.45643 0.04453015 0.8886445 -0.4561107 0.04466015 0.8888018 -0.3280919 0.06031882 0.9427181 -0.2837143 0.07127165 0.9562566 -0.1229049 0.1571121 0.9799032 -0.2709326 0.1495637 0.9509081 -0.2707945 0.1496009 0.9509417 -0.4753229 0.1334024 0.869639 -0.4567561 0.1403332 0.8784534 -0.7761132 0.03510224 0.629616 -0.6292189 0.0529235 0.7754242 -0.6288407 0.05308413 0.77572 -0.4566347 0.07274317 0.8866754 -0.456525 0.07279527 0.8867276 -0.456525 0.07279533 0.8867276 -0.456525 0.07279533 0.8867276 -0.2707092 0.09303772 0.9581549 -0.2706145 0.0930705 0.9581784 -0.0964176 0.1113129 0.9890971 -0.07799565 0.1331548 0.9880215 -0.6183423 0.1143776 0.7775414 -0.6817774 0.09366118 0.7255393 -0.629507 0.1157266 0.7683283 -0.8153216 0.08393311 0.5728927 -0.7769029 0.113099 0.6193794 -0.8344302 0.08885449 0.5439036 -0.8344302 0.08885443 0.5439036 -0.8344303 0.08885443 0.5439037 -0.8756037 0.06694275 0.4783691 -0.03575497 0.1594503 0.9865583 -0.08536297 0.1545068 0.9842972 -0.09112673 0.1347832 0.986676 -0.2707082 0.1206467 0.9550715 -0.2707628 0.1206316 0.9550579 -0.4565329 0.103065 0.8837168 -0.4566403 0.1030268 0.8836659 -0.6291315 0.08327549 0.7728253 -0.6294891 0.08312869 0.7725497 -0.7766059 0.06235742 0.6268931 -0.7768369 0.06223845 0.6266187 -0.8892288 0.04180526 0.4555487 -0.9961811 -6.70911e-4 0.08730882 -0.962555 -0.004326403 0.2710521 -0.962639 -0.02404242 0.2697187 -0.9626011 -0.0239824 0.2698594 -0.9623795 -0.03716832 0.269155 -0.9622316 -0.03695696 0.269712 -0.9619956 -0.04439586 0.269432 -0.9615678 -0.04425173 0.2709782 -0.9618877 -0.03662443 0.2709812 -0.8869747 -0.05238676 0.4588372 -0.8881163 -0.03308337 0.4584269 -0.8876607 -0.03277385 0.4593304 -0.8884462 -0.01755541 0.4586451 -0.9950615 0.005340933 0.09911686 -0.9967414 0.00690639 0.08036786 -0.9625769 0.02119827 0.2701783 -0.9623281 0.008798539 0.2717484 -0.8891488 0.0198906 0.4571858 -0.888435 3.9284e-4 0.4590024 -0.776022 0.009977102 0.630627 -0.7744223 -0.02217894 0.6322802 -0.6287169 -0.01176613 0.7775454 -0.6285158 -0.01765477 0.7775964 -0.548457 -0.0316801 0.8355785 -0.548457 -0.03168016 0.8355785 -0.548457 -0.0316801 0.8355785 -0.9960281 -0.01400333 0.08793151 -0.9613897 -0.03712278 0.2726752 -0.9619138 -0.02506387 0.2722018 -0.9616788 -0.02484077 0.2730515 -0.9620456 -0.01520633 0.2724654 -0.9619008 -0.01507121 0.2729831 -0.9622693 -0.003972113 0.2720704 -0.9557836 -0.00916332 0.2939283 -0.9604899 0.02352052 0.2773195 -0.8893972 0.04169034 0.4552303 -0.8888313 0.02009987 0.4577935 -0.7764739 0.03491693 0.6291814 -0.7755557 0.01021862 0.6311964 -0.6289169 0.02508717 0.7770677 -0.6274373 -0.01139354 0.7785837 -0.4917063 0.002850949 0.8707565 -0.4933353 -0.01129865 0.8697659 -0.9589244 0.004848837 0.2836207 -0.8893208 -0.03491163 0.4559493 -0.8877369 0.005177259 0.4603221 -0.8882412 0.004750549 0.4593528 -0.8874329 0.01937824 0.4605293 -0.8879937 0.0188378 0.4594697 -0.8888806 -0.001307785 0.4581372 -0.8891738 -0.001607477 0.4575669 -0.8895444 -0.03873431 0.4552037 -0.8894427 -0.03863352 0.455411 -0.8890339 -0.05666291 0.4543216 -0.8887305 -0.05637389 0.4549508 -0.888341 -0.06549811 0.4544892 -0.8873971 -0.06519466 0.456373 -0.8881583 -0.05177861 0.4566114 -0.7738173 -0.05773961 0.6307719 -0.7753353 -0.03259027 0.6307086 -0.7361156 -0.01109182 0.676765 -0.8880195 -0.01727575 0.4594813 -0.8888051 1.53256e-4 0.4582855 -0.9621027 -0.00381267 0.2726608 -0.9624397 0.008685708 0.2713568 -0.9965021 0.001573681 0.08355325 -0.9954637 6.3968e-5 0.09514176 -0.5809301 -0.7700523 -0.2637043 -0.5925836 -0.7500486 -0.2937207 -0.578917 -0.7479456 -0.324704 -0.5979413 -0.7141866 -0.3638733 -0.6164736 -0.6213083 -0.4836698 -0.6007053 -0.6582842 -0.4536684 -0.6095768 -0.6633659 -0.4340068 -0.5910018 -0.7015343 -0.3982042 -0.5976874 -0.7141754 -0.3643121 -0.5976874 -0.7141755 -0.3643121 -0.008189976 -0.5938561 -0.8045296 -0.03359985 -0.611608 -0.7904472 -0.02154994 -0.5732519 -0.8190959 -0.04833495 -0.595073 -0.802217 -0.05896818 -0.5952197 -0.8013964 -0.06688499 -0.596985 -0.7994594 -0.08636486 -0.5879667 -0.8042614 -0.09747844 -0.60641 -0.7891545 -0.5697138 -0.7660562 -0.297631 -0.5680443 -0.7682275 -0.2952159 -0.5442647 -0.746994 -0.3818061 -0.5435305 -0.7509062 -0.3751196 -0.5173188 -0.7343383 -0.439464 -0.5222401 -0.7220466 -0.4537776 -0.4707992 -0.7237765 -0.5044757 -0.4704678 -0.7138776 -0.5186896 -0.4449257 -0.7030106 -0.5548129 -0.4440298 -0.697561 -0.5623577 -0.3986798 -0.6900836 -0.6040191 -0.3988047 -0.6894887 -0.6046158 -0.3489409 -0.6502022 -0.6748906 -0.3415113 -0.6722366 -0.6568623 -0.2990632 -0.6377935 -0.7097752 -0.3007981 -0.6450508 -0.7024456 -0.2649853 -0.6316949 -0.7285221 -0.2659032 -0.638023 -0.7226494 -0.2260637 -0.6144244 -0.7558953 -0.2262544 -0.6327667 -0.7405507 -0.1953924 -0.6080403 -0.7694861 -0.1911876 -0.6001615 -0.7766939 -0.1476405 -0.6184521 -0.7718286 -0.14087 -0.6037482 -0.7846297 -0.1161659 -0.5997475 -0.7917123 0 0.0936535 -0.9956049 -0.009548962 0.1012846 -0.9948117 0.007904767 0.1211554 -0.9926021 -0.008224964 0.136581 -0.9905948 0.008948028 0.1552599 -0.9878332 -0.001500129 0.1643489 -0.9864012 0.001019239 0.1806156 -0.9835533 0.002357184 0.1789022 -0.9838641 -3.78129e-4 0.1865743 -0.9824408 6.37017e-4 0.1950986 -0.9807835 -0.001192748 0.2292419 -0.9733688 6.06654e-4 0.2254624 -0.9742518 -5.4342e-4 0.211923 -0.9772863 8.21619e-4 0.209351 -0.9778402 -9.6347e-5 0.2026008 -0.9792614 3.29443e-4 0.195628 -0.9806782 -0.001961708 0.2749166 -0.9614661 0 0.2853801 -0.9584145 4.253e-4 0.2851561 -0.958481 0.002393484 0.2506916 -0.9680641 -0.007961869 0.2672321 -0.9635993 0.001453518 0.2462676 -0.9692007 -6.85572e-5 0.2651041 -0.9642199 7.62662e-5 0.2756974 -0.9612445 0.002434253 0.2881404 -0.9575852 -3.66975e-4 0.286675 -0.9580279 0.3290465 0.6753327 -0.660041 0.6482146 0.1643482 -0.7435103 0.6482146 0.1643482 -0.7435103 0.6482152 0.164348 -0.7435098 0.6206002 0.2805354 -0.7322262 0.6025187 0.2580268 -0.755244 0.5575314 0.3869306 -0.7344682 0.5576824 0.3680855 -0.7439782 0.4899981 0.4918724 -0.7196967 0.4819944 0.4729061 -0.7375916 0.4165508 0.5681112 -0.7097431 0.3992347 0.5791178 -0.7107983 0.3704409 0.6119782 -0.6987534 0.1833049 0.7287742 -0.6597632 0.2576155 0.6954636 -0.670794 0.3234047 0.6366926 -0.7000229 0.2810333 0.749262 -0.5996888 0.1546227 0.7394083 -0.6552613 0.1190209 0.7647507 -0.6332381 0.07465517 0.7770551 -0.6249896 0.0640034 0.7916159 -0.6076577 0.701038 0.1961048 -0.6856302 0.6483027 0.179394 -0.7399469 0.02966499 0.330715 -0.9432644 0.01363128 0.332422 -0.9430323 0.008029401 0.3339691 -0.9425498 0.0037027 0.3362425 -0.9417682 1.4841e-4 0.3397674 -0.9405095 -0.03490012 0.6831536 0.7294403 -0.0349192 0.9808073 0.1918272 -0.03501904 0.8014125 -0.5970861 -0.2857974 0.3219445 -0.9025916 -0.8182082 0.3800369 -0.4314017 -0.6182948 0.1571822 0.7700684 -0.1228536 0.198471 0.9723767 -0.2688779 0.2855613 0.9198693 -0.67999 0.1972875 0.7061808 -0.67999 0.1972876 0.7061808 -0.6799901 0.1972875 0.7061808 -0.8350871 0.1512818 0.5289078 -0.8163253 0.1904208 0.5453009 -0.8316318 0.4209547 0.3621957 -0.8271877 0.3898012 0.4047414 -0.8209378 0.3903499 0.4167593 -0.8365328 0.3165087 0.4472528 -0.8159486 0.2993777 0.4945715 -0.8222587 0.2841527 0.4931004 -0.8378233 0.227221 0.49641 -0.8254859 0.4601781 0.326817 -0.8218944 0.466961 0.3262471 -0.8360236 0.4899893 0.2469313 -0.8160277 0.5320556 0.2258663 -0.8236397 0.5279963 0.2069725 -0.816123 0.5778113 -0.008812248 -0.8193809 0.5732399 -0.003314018 -0.8278647 0.5605623 0.0202468 -0.8397875 0.5328262 0.1041784 -0.7963761 0.5997433 0.07806015 -0.8374702 0.5251938 0.1510465 -0.8206568 0.5572001 -0.1266903 -0.8276178 0.5492064 -0.1158499 -0.8324478 0.552292 -0.04476898 -0.8178008 0.5226355 -0.2409443 -0.8320679 0.5120228 -0.2132972 -0.8307238 0.5315892 -0.1652603 -0.8312356 0.3970354 -0.3891147 -0.8308643 0.4255029 -0.3586251 -0.8162499 0.4632762 -0.3451254 -0.8168582 0.4631702 -0.3438257 -0.8378363 0.4667415 -0.2831658 -0.8099621 0.2693156 -0.52099 -0.8306882 0.3062559 -0.4649351 -0.8316227 0.3526234 -0.4290229 -0.8318678 0.2727546 -0.4833229 -0.8288756 0.1796818 -0.5297921 -0.8232356 0.2079543 -0.5282407 -0.03567004 0.3702297 -0.9282552 -0.03508251 0.3699937 -0.9283716 -0.03490477 0.4911603 -0.8703697 -0.03513956 0.4911844 -0.8703466 -0.03518253 0.6487995 -0.7601456 -0.1419131 0.6543284 -0.7427753 -0.03536623 0.7242415 -0.6886389 -0.03536617 0.7242414 -0.6886389 -0.03536617 0.7242415 -0.6886389 -0.03498601 0.8014274 -0.5970679 -0.03498601 0.8014274 -0.597068 -0.03498601 0.8014275 -0.597068 -0.2291533 0.9491662 -0.215806 -0.03478825 0.9648922 -0.2603324 -0.03463602 0.9075996 -0.4184055 -0.2266094 0.8941843 -0.3861125 -0.0351606 0.8713153 -0.4894626 -0.03465569 0.9808244 0.1917875 -0.03480595 0.9984036 0.04448342 -0.2357748 0.9716942 -0.01485133 -0.03539109 0.9975937 -0.05961894 -0.03542244 0.9866921 -0.1586948 -0.03491711 0.6831621 0.7294315 -0.03491711 0.6831621 0.7294315 -0.03540706 0.7710787 0.6357548 -0.1834486 0.8058541 0.5629796 -0.0348429 0.8329366 0.5522704 -0.03509563 0.9199225 0.3905266 -0.03509563 0.9199224 0.3905265 -0.03509563 0.9199225 0.3905265 -0.3385813 0.850753 0.401973 -0.03512662 0.9431031 0.33064 -0.03574985 0.1998675 0.9791706 -0.03524363 0.2000874 0.979144 -0.03505605 0.329468 0.9435157 -0.03490042 0.3294848 0.9435157 -0.03489166 0.517521 0.8549588 -0.1602772 0.4978412 0.8523294 -0.03508806 0.59118 0.8057762 -0.1211023 0.3674936 -0.9221078 -0.2027346 0.4098825 -0.8893228 -0.2017298 0.4813817 -0.8529812 -0.2017417 0.4813844 -0.8529768 -0.2017572 0.6474253 -0.7349385 -0.2016427 0.6474004 -0.7349919 -0.2016445 0.785427 -0.5851871 -0.2017517 0.7854407 -0.5851318 -0.2017742 0.8894651 -0.4100477 -0.2017973 0.8894693 -0.410027 -0.2017931 0.9550523 -0.2171515 -0.2016935 0.9550623 -0.2171999 -0.201694 0.9793342 -0.01497071 -0.2018474 0.9793039 -0.0148878 -0.2018442 0.9612081 0.1879844 -0.2017768 0.9612265 0.1879624 -0.2017744 0.9015713 0.3826963 -0.2017535 0.9015815 0.3826833 -0.2017588 0.8029066 0.5609229 -0.2017549 0.8029099 0.5609196 -0.2017413 0.669512 0.7148805 -0.2017806 0.6694926 0.7148876 -0.2017857 0.5071833 0.8378829 -0.2017324 0.5072097 0.8378797 -0.2017298 0.3228909 0.9246873 -0.2017702 0.3228699 0.9246858 -0.2024366 0.1643016 0.9654142 -0.4696995 0.3728129 -0.8002457 -0.460266 0.359799 -0.8116034 -0.4583129 0.4368324 -0.7740329 -0.4582622 0.4368209 -0.7740693 -0.4582697 0.587484 -0.666972 -0.4583118 0.5874887 -0.6669389 -0.458312 0.7127461 -0.5309832 -0.4582868 0.7127518 -0.5309972 -0.4582797 0.8071715 -0.3720939 -0.4582661 0.807174 -0.3721053 -0.4582682 0.8666839 -0.197102 -0.4583606 0.8666499 -0.1970371 -0.4583567 0.8886655 -0.01351594 -0.4582899 0.8886993 -0.01355975 -0.4582896 0.8722821 0.1705722 -0.4582259 0.8723229 0.1705344 -0.4582179 0.818185 0.3472893 -0.4582852 0.8181395 0.3473075 -0.4582747 0.7286159 0.5090218 -0.4582762 0.7286152 0.5090215 -0.4582839 0.6075453 0.6487409 -0.458262 0.6075702 0.648733 -0.458253 0.4602798 0.7603597 -0.4583386 0.4602236 0.7603421 -0.4583327 0.2929862 0.8391009 -0.4583228 0.2929923 0.8391042 -0.4602916 0.2030557 0.8642338 -0.4752346 0.1760043 0.8620758 -0.6391236 0.2583981 -0.7243974 -0.6666966 0.2931686 -0.6852502 -0.6646966 0.3671776 -0.6506604 -0.664716 0.367177 -0.650641 -0.6647063 0.4938347 -0.5606182 -0.664743 0.4938293 -0.5605797 -0.6647365 0.599097 -0.4463276 -0.6647565 0.5990909 -0.4463059 -0.6647596 0.6784372 -0.3127581 -0.6647303 0.6784536 -0.3127847 -0.664722 0.7284994 -0.1656299 -0.6647083 0.7285094 -0.165641 -0.6647071 0.7470172 -0.01139396 -0.6647207 0.7470053 -0.01138538 -0.6647222 0.7332105 0.1433417 -0.6647511 0.7331823 0.1433523 -0.6647599 0.6876631 0.2919141 -0.6647549 0.6876623 0.2919274 -0.66476 0.6124114 0.4278393 -0.6647968 0.6123721 0.4278385 -0.6647909 0.510646 0.5452467 -0.6647213 0.5107139 0.5452678 -0.664723 0.3868551 0.6391296 -0.6646843 0.3868893 0.639149 -0.6646955 0.24629 0.7053519 -0.6646615 0.246321 0.7053731 -0.6666464 0.1796196 0.7234082 -0.8206262 0.05718576 0.568597 -0.8153797 0.1075336 0.568852 -0.4229367 0.7226659 0.5466979 -0.3946953 0.7244823 0.5651027 -0.5577331 0.6257774 0.5452859 -0.4310685 0.6469764 0.6289685 -0.5218298 0.5964211 0.609898 -0.5218299 0.5964211 0.6098981 -0.5218298 0.596421 0.6098981 -0.5620841 0.558125 0.6103754 -0.5127208 0.5288553 0.6763354 -0.5253419 0.5236208 0.670699 -0.5253419 0.5236208 0.6706991 -0.5253419 0.5236209 0.670699 -0.6761639 0.3896727 0.625266 -0.6761639 0.3896727 0.625266 -0.6761639 0.3896727 0.6252661 -0.5572977 0.3984988 0.7284353 -0.652203 0.3292922 0.6827869 -0.652203 0.3292922 0.6827869 -0.6637906 0.3032232 0.6836942 -0.6637906 0.3032233 0.6836943 -0.6712213 0.2936589 0.6806074 -0.6333037 0.2421985 0.7350281 -0.6470355 0.2368778 0.7247303 -0.7287614 0.1154189 0.6749706 -0.6402599 0.1042952 0.7610452 -0.7083811 0.04027128 0.7046805 -0.7041771 0.0123431 0.7099172 -0.7061287 0.01092058 0.7079994 -0.7061287 0.01092052 0.7079994 -0.7061287 0.01092052 0.7079994 -0.7137815 -0.04810106 0.6987147 -0.7137815 -0.04810112 0.6987147 -0.7137815 -0.048101 0.6987147 -0.7000141 -0.05262237 0.7121875 -0.7126801 -0.1077722 0.6931612 -0.7723259 -0.1537443 0.6163403 -0.6215099 -0.1583446 0.767237 -0.7341014 -0.2204996 0.6422422 -0.691223 -0.2175104 0.6891299 -0.691223 -0.2175104 0.6891299 -0.691223 -0.2175104 0.6891298 -0.7070072 -0.2370752 0.6662854 -1 2.53257e-6 0 -1 -2.23422e-7 0 -1 -2.71501e-7 0 -1 -1.29852e-7 0 -1 -3.58231e-7 0 -1 3.14454e-7 0 -1 -4.07301e-7 0 -1 0 0 -1 -2.02928e-6 0 -1 1.44219e-7 0 -1 -1.95921e-7 0 -1 -5.13276e-7 0 -1 7.85553e-7 0 -1 -2.46594e-7 0 -1 0 0 -1 -1.03022e-6 0 -1 7.121e-7 0 -1 -5.39013e-7 0 -1 4.03227e-7 0 -1 -4.00608e-7 0 -1 8.84184e-7 0 -1 6.94155e-7 0 -1 0 0 -1 1.98477e-7 0 -1 0 0 -1 -5.74737e-6 0 -1 1.76735e-6 0 -0.4076563 0.1576004 -0.8994323 -0.8927264 -0.08447992 -0.4426089 -0.9009526 -0.03508591 -0.4324967 -0.9726936 -0.01058888 -0.2318515 -0.9729925 -0.005833327 -0.2307633 -0.946844 0.01245284 -0.3214522 -0.08629179 0.3182624 -0.9440672 -0.2839118 0.1830047 -0.9412245 -0.2194448 0.07876461 -0.9724403 -0.9864082 -0.1106362 -0.1214856 -0.9943428 -0.0309596 -0.1016072 -0.9946866 -0.03195351 -0.09786558 -0.9948137 -0.01694148 -0.1002942 -0.995293 -0.02165764 -0.09446173 -0.9954389 -0.007518649 -0.09510457 -0.9955624 -0.00918281 -0.09365528 -0.9956346 -0.007334351 -0.09304779 -0.9955969 -0.00696665 -0.09347945 -0.9958239 -0.005001485 -0.09115815 -0.9958137 -0.001759052 -0.09139043 -0.9994289 0.002767145 -0.03367924 -0.9994442 0.001997411 -0.03327649 -0.9678439 0.02780246 -0.2500104 -0.9839808 0.01102983 -0.1779333 -0.9957607 0.01519227 -0.09071952 -0.9923608 0.02822345 -0.1200979 -0.996017 0.01578116 -0.08775615 -0.9747513 0.01405161 -0.2228506 -0.9481416 0.02711182 -0.3166897 -0.9410719 0.02247536 -0.337459 -0.9114271 0.03562313 -0.4099165 -0.9120471 0.03591495 -0.4085098 -0.8644882 0.03277188 -0.5015836 -0.8762748 0.04228824 -0.4799523 -0.832873 0.0426374 -0.5518195 -0.8078322 0.05150651 -0.5871579 -0.8001447 0.04889965 -0.5978106 -0.7417665 0.05211293 -0.6686304 -0.7575718 0.061405 -0.6498574 -0.6673601 0.04975616 -0.7430713 -0.6901292 0.06655615 -0.7206192 -0.6218771 0.06236588 -0.7806277 -0.5859667 0.07340615 -0.8070034 -0.5752423 0.06946259 -0.8150284 -0.4988147 0.06991434 -0.8638842 -0.5205911 0.08448809 -0.8496156 -0.407597 0.06218558 -0.911042 -0.4372864 0.08863449 -0.8949438 -0.3139854 0.08582013 -0.9455412 -0.3008343 0.09658187 -0.9487733 -0.3505657 0.07585006 -0.9334616 -0.02471202 0.1981959 -0.9798509 -0.1013798 0.09672999 -0.9901341 -0.1623889 0.08564966 -0.9830026 -0.2235435 0.08255398 -0.9711916 -0.08106833 0.1640335 -0.983118 -0.08737701 0.1724885 -0.9811285 -0.08591091 0.1755937 -0.980707 -0.08591258 0.1808143 -0.9797579 -0.0873804 0.1833289 -0.9791604 -0.08631229 0.1850242 -0.9789363 -0.08631664 0.1884149 -0.978289 -0.08739483 0.1920189 -0.9774922 -0.08601909 0.1936731 -0.9772878 -0.08664321 0.2036265 -0.9752073 -0.08464145 0.2056947 -0.974949 -0.1078057 0.1907202 -0.9757068 -0.3090835 0.1123272 -0.9443781 -0.2779988 0.1111962 -0.9541237 -0.2531234 0.1069059 -0.9615091 -0.2639026 0.1159721 -0.9575521 -0.1763856 0.178583 -0.9679857 -0.1387711 0.2009547 -0.9697216 -0.2590399 0.1574877 -0.9529408 -0.08705312 0.2779873 -0.9566321 -0.09477174 0.2822266 -0.9546552 -0.1572108 0.2278776 -0.9609145 -0.1572108 0.2278775 -0.9609146 -0.1572108 0.2278774 -0.9609145 -0.8144026 0.1840103 -0.5503532 -0.8144026 0.1840102 -0.5503533 -0.8144026 0.1840103 -0.5503532 -0.876586 0.09950965 -0.470845 -0.9186422 -0.1057991 -0.3806613 -0.9216474 -0.08104497 -0.3794705 -0.9216474 -0.08104503 -0.3794705 -0.9216474 -0.08104503 -0.3794705 -0.9204827 -0.06522369 -0.3853019 -0.9204827 -0.06522369 -0.3853019 -0.9204827 -0.06522369 -0.3853019 -0.9505013 -0.1056987 -0.2921903 -0.9310981 -0.08630102 -0.3544129 -0.8608435 -0.1010967 -0.4987265 -0.8663731 -0.07594203 -0.4935896 -0.8630102 -0.06664526 -0.5007714 -0.869416 -0.04646295 -0.4918913 -0.8569195 -0.01997613 -0.5150632 -0.8616754 -0.01051074 -0.5073511 -0.8707071 0.04021149 -0.4901555 -0.839864 0.02625197 -0.542162 -0.8628197 0.0580157 -0.5021718 -0.9879794 -0.04858481 -0.146753 -0.9489305 -0.08216655 -0.3045977 -0.9503187 -0.07367902 -0.3024333 -0.9514921 -0.07158362 -0.2992301 -0.9562063 -0.03582859 -0.2904925 -0.9566654 -0.03436928 -0.2891544 -0.9588704 -0.01167941 -0.2836038 -0.9057555 -0.003842771 -0.4237834 -0.9096334 0.02050024 -0.414906 -0.9162502 0.01058822 -0.4004666 -0.8617363 0.02145236 -0.5069026 -0.7357759 0.03378409 -0.676382 -0.7371959 0.04959505 -0.6738566 -0.7389571 0.04857683 -0.6719991 -0.7836705 -0.07776367 -0.61629 -0.7968344 2.77454e-4 -0.6041979 -0.8557497 -0.01099574 -0.5172731 -0.8576564 0.005049049 -0.5141986 -0.9066152 -0.003198623 -0.4219464 -0.9071855 0.0029307 -0.4207207 -0.945594 -0.002486169 -0.3253396 -0.9465278 0.01209074 -0.3223958 -0.9739969 0.006124436 -0.2264786 -0.5591712 0.08284926 -0.8249021 -0.2191799 0.1667122 -0.9613361 -0.2192085 0.1694728 -0.9608469 -0.2190156 0.1696035 -0.9608677 -0.2191347 0.1785957 -0.9592099 -0.08783119 0.2174654 -0.9721083 -0.08219981 0.2238209 -0.9711578 -0.2652871 0.1329134 -0.9549643 -0.2660186 0.155205 -0.9513915 -0.3750736 0.1152399 -0.9198041 -0.6210865 0.1215609 -0.7742574 -0.4467457 0.1148579 -0.8872576 -0.6612565 0.02908867 -0.7495958 -0.6100966 0.02304434 -0.7919919 -0.8603286 0.02241134 -0.5092468 -0.8587445 0.00567609 -0.5123727 -0.8003869 0.01748055 -0.599229 -0.7984166 8.90113e-4 -0.6021049 -0.7310444 0.01653265 -0.6821296 -0.7233744 -0.03519618 -0.6895585 -0.7491953 -0.07162201 -0.6584655 -0.7461704 -0.0858252 -0.6601999 -0.601581 -0.04236626 -0.7976877 -0.6083872 -0.002378582 -0.7936369 -0.4433112 0.06788378 -0.8937937 -0.4475564 0.1151378 -0.8868126 -0.2656881 0.1940988 -0.9443175 -0.5824666 0.08428126 -0.8084735 -0.5817371 0.07355839 -0.8100439 -0.5807076 0.07439875 -0.8107056 -0.5795157 0.06019836 -0.8127347 -0.5781752 0.06127792 -0.8136084 -0.5693427 -0.01325368 -0.8219935 -0.4427122 0.03749728 -0.8958794 -0.4420747 0.03136116 -0.89643 -0.2913644 0.1147798 -0.9497012 -0.2827454 0.1497386 -0.9474352 -0.6219287 0.1219164 -0.7735252 -0.4507442 0.1789287 -0.8745366 -0.4511435 0.1790592 -0.8743039 -0.2666763 0.2404828 -0.9333016 -0.2669607 0.240557 -0.9332011 -0.08625453 0.3003098 -0.9499338 -0.1001352 0.3026486 -0.9478274 -0.03567528 0.3369598 -0.940843 -0.08533293 0.3173595 -0.9444582 -0.1211221 0.3220548 -0.938941 -0.2675588 0.2978907 -0.916337 -0.2857148 0.3042979 -0.9087188 -0.453696 0.2515229 -0.8549246 -0.4704953 0.2559523 -0.8444659 -0.6269138 0.2143527 -0.7490208 -0.6384141 0.2190383 -0.7378683 -0.5844989 0.09220141 -0.8061389 -0.5854536 0.1205012 -0.8017004 -0.6359354 0.1121389 -0.7635517 -0.266264 0.1554533 -0.9512822 -0.266684 0.1722242 -0.9482713 -0.4054859 0.1308766 -0.9046837 -0.4051715 0.1238203 -0.9058172 -0.4058513 0.1233144 -0.9055818 -0.4057772 0.1213932 -0.9058745 -0.4063546 0.1209615 -0.9056735 -0.4066075 0.1290807 -0.9044383 -0.4070841 0.1287399 -0.9042724 -0.4074338 0.1470684 -0.901315 -0.4987673 0.1342647 -0.8562734 -0.4988941 0.1494391 -0.8536819 -0.5859438 0.1396094 -0.7982351 -0.2641854 0.1224366 -0.9566689 -0.2606328 0.1291348 -0.9567627 -0.4443627 0.03791713 -0.8950443 -0.4506672 0.1205052 -0.8845211 -0.4942451 0.08730733 -0.8649273 -0.4949606 0.09820467 -0.8633481 -0.4958606 0.09750485 -0.8629108 -0.4959176 0.09853494 -0.8627611 -0.4967423 0.09788757 -0.8623602 -0.4972928 0.1104138 -0.8605281 -0.4978135 0.1100156 -0.8602781 -0.4984564 0.1341372 -0.8564744 -0.5857535 0.1206324 -0.8014616 -0.5859565 0.1396161 -0.7982245 -0.6674364 0.1281959 -0.7335493 -0.3139377 0.1640098 -0.9351706 -0.3139586 0.1640197 -0.9351618 -0.3139383 0.159101 -0.9360181 -0.2194091 0.1686915 -0.9609386 -0.2194229 0.1686983 -0.9609342 -0.2194272 0.170045 -0.9606958 -0.2193267 0.1700103 -0.960725 -0.2193046 0.1666303 -0.961322 -0.05973464 0.1494612 -0.9869616 -0.08522403 0.2303279 -0.969374 -0.08617216 0.228748 -0.9696643 -0.08615052 0.2272152 -0.9700265 -0.08640265 0.2268568 -0.970088 -0.08588618 0.2296352 -0.9694799 -0.08593344 0.2295749 -0.9694901 -0.08582508 0.2299991 -0.969399 -0.2668632 0.1724343 -0.9481828 -0.2670628 0.182949 -0.9461539 -0.3130967 0.1504797 -0.9377241 -0.3129627 0.1452112 -0.9385991 -0.3132902 0.1449784 -0.9385257 -0.3133471 0.1479588 -0.9380416 -0.313656 0.147753 -0.9379706 -0.3137922 0.1590461 -0.9360763 -0.4075691 0.1471216 -0.9012451 -0.407636 0.1575905 -0.8994433 -0.4988866 0.1494351 -0.8536869 -0.101047 0.1363794 -0.9854899 -0.07440054 0.1456052 -0.9865413 -0.2193823 0.1424528 -0.9651833 -0.2193439 0.1424628 -0.9651905 -0.3138995 0.1386383 -0.9392797 -0.3139938 0.1386108 -0.9392524 -0.4076117 0.1333156 -0.9033713 -0.4076006 0.1333185 -0.9033759 -0.498835 0.126535 -0.8574104 -0.4987956 0.1265492 -0.8574312 -0.5858891 0.1183248 -0.8017065 -0.5858998 0.1183203 -0.8016994 -0.6673852 0.1087319 -0.7367323 -0.6673746 0.1087377 -0.7367411 -0.7417419 0.09792745 -0.6634978 -0.7417356 0.09793078 -0.6635043 -0.8078003 0.0860694 -0.5831388 -0.8077885 0.08607643 -0.5831542 -0.8645212 0.07339072 -0.4972091 -0.864551 0.07336801 -0.4971607 -0.9114078 0.06007623 -0.4070954 -0.9113875 0.06009578 -0.4071381 -0.9481222 0.04642117 -0.3144987 -0.9481245 0.0464192 -0.3144922 -0.9747614 0.03259837 -0.2208568 -0.974766 0.03259038 -0.2208378 -0.9962208 0.01268082 -0.08592629 -0.99597 0.01408827 -0.08857387 -0.7325988 0.01699322 -0.6804486 -0.734429 0.03329008 -0.6778686 -0.8016103 0.01803809 -0.5975747 -0.8032079 0.0348643 -0.5946778 -0.8048564 0.03383839 -0.5925042 -0.8071328 0.07742881 -0.5852705 -0.8639274 0.06349301 -0.4995981 -0.8642086 0.06313079 -0.4991574 -0.9109419 0.0497322 -0.4095263 -0.9111009 0.0494821 -0.4092023 -0.9477806 0.03676456 -0.3167968 -0.9479237 0.03647977 -0.3164017 -0.9745484 0.02462565 -0.2228205 -0.9746339 0.02438807 -0.2224725 -0.9960622 0.008767068 -0.0882228 -0.9962838 0.006001055 -0.08592206 -0.09832501 0.1007974 -0.9900364 -0.07413023 0.1091017 -0.9912626 -0.2193425 0.1067383 -0.9697917 -0.2194215 0.1067188 -0.969776 -0.3139944 0.1038522 -0.9437279 -0.3139361 0.1038687 -0.9437455 -0.4076021 0.09989917 -0.9076789 -0.4076289 0.09989035 -0.9076678 -0.4987959 0.09481155 -0.8615181 -0.4987701 0.09482043 -0.8615321 -0.5859006 0.08865582 -0.8055189 -0.5859015 0.08865487 -0.8055183 -0.6673739 0.08147192 -0.740253 -0.6674069 0.08145707 -0.7402249 -0.7417356 0.07336211 -0.6666681 -0.7417407 0.07335984 -0.6666628 -0.807788 0.06447672 -0.5859364 -0.8077858 0.06447768 -0.5859394 -0.8645514 0.05496925 -0.4995291 -0.864525 0.05498743 -0.4995727 -0.9113869 0.04502701 -0.4090801 -0.9114024 0.04501378 -0.409047 -0.9481244 0.03477317 -0.3159921 -0.948127 0.03477019 -0.3159846 -0.9747659 0.0244168 -0.2218906 -0.9747625 0.02442157 -0.2219049 -0.9962191 0.009503602 -0.08635544 -0.9959927 0.01068854 -0.08879411 -0.823149 0.175192 -0.5401236 -0.7746086 0.1573577 -0.6125522 -0.7677335 0.07270026 -0.6366318 -0.7683539 0.07305127 -0.6358426 -0.7583477 0.00142008 -0.6518487 -0.7328689 -0.0152688 -0.6801985 -0.7512356 -0.04965817 -0.6581636 -0.7431626 -0.08723717 -0.6633996 -0.8633965 -0.09904384 -0.4947088 -0.8661466 -0.08620333 -0.4922997 -0.8472298 -0.05752325 -0.5281029 -0.8544102 -0.01167911 -0.5194678 -0.9124008 -0.01972508 -0.4088225 -0.9058242 -0.003197968 -0.4236419 -0.9592038 -0.01048445 -0.2825209 -0.9591968 -0.01056689 -0.2825418 -0.9470384 0.02823007 -0.3198773 -0.9450834 -0.00305289 -0.3268154 -0.9732506 -0.005412757 -0.2296825 -0.9738074 0.005810439 -0.2273005 -0.9960156 3.10873e-4 -0.08917969 -0.9959846 0.00254935 -0.08948844 -0.08597522 0.2947244 -0.9517068 -0.0859071 0.2778758 -0.956768 -0.2658404 0.1941347 -0.9442673 -0.2645769 0.1589475 -0.9511755 -0.4441282 0.0682168 -0.8933627 -0.4402536 0.03123193 -0.8973302 -0.6042842 -0.04169636 -0.7956771 -0.6090894 -0.01233893 -0.7930057 -0.6466563 -0.04212027 -0.7616177 -0.6579272 0.0375092 -0.752147 -0.659289 0.03636735 -0.7510097 -0.6609469 0.05291581 -0.7485648 -0.6621064 0.05191546 -0.7476095 -0.6632691 0.06633853 -0.745435 -0.66504 0.0653733 -0.743941 -0.6671103 0.1172769 -0.7356698 -0.7414155 0.1037728 -0.6629739 -0.7417817 0.103563 -0.662597 -0.8213378 0.08614772 -0.5638998 -0.8078411 0.1012685 -0.5806354 -0.8645615 0.08627647 -0.4950656 -0.8645511 0.08628743 -0.4950817 -0.9113993 0.07060933 -0.4054204 -0.91143 0.07055872 -0.4053602 -0.9481449 0.05446434 -0.3131374 -0.9481359 0.05448251 -0.3131612 -0.9747651 0.03823578 -0.2199342 -0.9747686 0.03822672 -0.2199206 -0.9959219 0.01542413 -0.08889162 -0.9962079 0.01293373 -0.08603835</float_array>
          <technique_common>
            <accessor source="#R_little_prox-mesh-normals-array" count="8789" stride="3">
              <param name="X" type="float"/>
              <param name="Y" type="float"/>
              <param name="Z" type="float"/>
            </accessor>
          </technique_common>
        </source>
        <vertices id="R_little_prox-mesh-vertices">
          <input semantic="POSITION" source="#R_little_prox-mesh-positions"/>
        </vertices>
        <triangles material="灰色_015-material" count="7632">
          <input semantic="VERTEX" source="#R_little_prox-mesh-vertices" offset="0"/>
          <input semantic="NORMAL" source="#R_little_prox-mesh-normals" offset="1"/>
          <p>0 0 1 1 2 2 2 3 1 4 3 5 2 6 3 6 4 6 4 7 3 8 5 9 4 10 5 11 6 12 6 13 5 14 7 15 6 16 7 16 8 16 8 17 7 17 9 17 8 18 9 18 10 18 10 19 9 19 11 19 10 20 11 20 12 20 12 20 11 20 13 20 14 21 15 21 16 21 16 22 15 22 17 22 16 23 17 24 18 25 18 26 17 26 19 26 18 27 19 27 20 27 20 28 19 28 21 28 20 29 21 29 22 29 22 30 21 31 23 32 22 33 23 33 24 33 24 33 23 33 25 33 24 34 25 35 26 36 26 37 25 38 27 39 28 20 29 20 30 20 30 20 29 20 31 20 30 18 31 18 32 18 32 40 31 41 33 42 32 43 33 43 34 43 34 44 33 44 35 44 34 45 35 46 36 47 36 48 35 49 37 50 36 51 37 51 38 51 38 6 37 6 39 6 38 52 39 53 40 54 40 55 39 56 41 57 42 58 43 59 44 60 44 61 43 62 45 63 44 33 45 33 46 33 46 33 45 33 47 33 46 64 47 64 48 64 48 65 47 65 49 65 48 66 49 66 50 66 50 67 49 67 51 67 50 68 51 69 52 70 52 71 51 72 53 73 52 22 53 22 54 22 54 21 53 21 55 21 18 74 20 74 56 74 57 75 58 75 59 75 58 76 60 76 61 76 62 77 63 78 64 79 26 80 63 81 24 82 24 83 63 84 62 85 24 86 62 86 22 86 58 87 61 87 59 87 59 88 61 88 14 88 59 89 14 89 16 89 65 90 60 90 66 90 66 91 60 92 58 91 66 93 58 94 67 95 67 96 58 96 57 96 67 97 57 97 68 97 68 98 57 99 69 100 70 101 69 102 71 103 71 104 69 104 57 104 71 105 57 105 56 105 56 106 57 106 59 107 56 108 59 108 18 108 18 109 59 110 16 111 20 112 22 112 56 112 56 113 22 113 62 113 56 114 62 114 71 114 71 115 62 115 64 115 71 116 64 117 70 118 70 119 64 120 72 121 70 122 72 123 73 124 74 125 0 126 2 127 12 128 75 128 10 128 10 129 75 129 76 129 10 130 76 130 8 130 8 131 76 131 77 131 8 132 77 132 6 132 6 133 77 134 4 135 4 136 77 137 78 138 4 139 78 140 2 141 2 142 78 142 79 142 2 143 79 144 74 145 75 146 80 146 76 146 76 147 80 147 81 147 76 148 81 148 77 148 77 149 81 149 82 149 77 150 82 151 78 152 78 153 82 154 83 155 78 156 83 157 79 158 79 159 83 160 84 161 80 162 85 162 81 162 81 163 85 163 86 163 81 164 86 165 82 164 82 166 86 166 87 166 82 167 87 168 83 169 83 170 87 171 88 172 83 173 88 173 84 173 84 174 88 175 89 176 90 177 91 177 92 177 90 178 92 178 93 178 94 179 95 179 92 179 92 180 95 180 96 180 92 181 96 181 93 181 97 179 98 179 92 179 92 182 98 182 99 182 92 183 99 183 94 183 100 179 101 179 92 179 92 184 101 184 102 184 92 185 102 185 97 185 91 179 103 179 92 179 92 186 103 186 104 186 92 179 104 179 100 179 89 187 105 187 106 187 107 188 108 188 109 188 109 189 108 189 110 189 109 190 110 190 106 190 110 190 111 190 106 190 106 191 111 191 112 191 106 192 112 192 113 192 79 190 84 190 74 190 74 190 84 190 89 190 74 193 89 194 0 195 0 196 89 196 106 196 0 190 106 190 1 190 1 190 106 190 113 190 1 197 113 197 114 197 12 179 13 179 14 179 14 179 13 179 15 179 115 198 116 198 117 198 116 199 118 200 119 201 112 202 120 203 121 203 112 204 121 204 113 204 113 205 121 205 122 205 113 206 122 206 114 206 114 207 122 207 3 207 114 208 3 208 1 208 116 209 119 210 117 211 117 212 119 213 123 214 117 215 123 215 124 215 123 216 125 217 124 218 124 219 125 220 126 221 124 222 126 222 127 222 127 223 126 223 128 223 127 224 128 224 13 224 129 225 130 226 131 227 131 228 130 229 115 230 115 231 117 231 131 232 131 233 117 234 124 234 131 235 124 236 132 235 132 237 124 237 127 237 132 238 127 239 133 238 112 240 111 241 120 242 120 243 111 243 134 243 120 244 134 245 129 246 13 247 11 247 127 247 127 248 11 249 9 250 127 251 9 251 133 251 133 252 9 252 7 252 133 253 7 254 5 255 129 256 131 257 120 258 120 259 131 259 132 260 120 261 132 261 121 261 121 262 132 262 133 262 121 263 133 263 122 263 122 264 133 264 5 264 122 265 5 266 3 267 19 268 17 269 135 270 17 271 15 271 136 271 137 272 138 273 139 274 137 275 139 276 140 277 140 278 139 278 141 278 140 279 141 280 142 281 142 282 141 283 143 284 142 285 143 286 144 287 17 288 136 288 135 288 135 289 136 289 145 289 135 290 145 290 146 290 145 291 147 291 146 292 146 293 147 294 148 295 146 296 148 296 149 296 149 297 148 298 150 299 149 300 150 301 151 302 23 303 21 303 152 303 152 304 21 304 19 304 19 305 135 305 152 305 152 306 135 307 146 308 152 309 146 309 153 309 153 310 146 310 149 310 153 311 149 311 154 311 137 312 27 313 138 314 138 315 27 316 25 317 138 318 25 318 23 318 151 319 155 319 149 319 149 320 155 320 156 320 149 321 156 322 154 323 154 324 156 324 157 324 154 325 157 325 158 325 23 326 152 326 138 326 138 327 152 327 153 327 138 328 153 328 139 328 139 329 153 329 154 329 139 330 154 331 141 332 141 333 154 334 158 335 141 336 158 336 143 337 159 338 160 338 161 338 162 339 144 339 161 339 161 339 144 339 163 339 161 340 163 340 159 340 140 339 142 339 137 339 137 339 142 339 144 339 137 341 144 341 27 341 27 339 144 339 26 339 64 342 63 342 72 342 72 343 63 343 26 343 72 344 26 344 73 344 73 339 26 339 144 339 73 339 144 339 164 339 164 339 144 339 162 339 165 345 166 345 167 345 168 338 169 338 170 338 170 340 169 340 171 340 170 339 171 339 167 339 171 339 172 339 167 339 167 346 172 346 173 346 167 347 173 347 174 347 175 339 176 339 177 339 177 348 176 348 165 348 177 349 165 350 42 351 42 352 165 352 167 352 42 339 167 339 43 339 43 339 167 339 174 339 43 353 174 353 178 353 179 354 180 355 181 356 180 357 182 358 183 359 173 360 184 360 185 360 173 361 185 362 174 363 174 364 185 364 186 364 174 365 186 366 178 367 178 368 186 369 45 370 178 371 45 372 43 373 180 374 183 375 181 376 181 377 183 378 187 379 181 380 187 381 188 381 187 382 189 383 188 384 188 385 189 386 190 387 188 388 190 388 191 388 191 389 190 389 192 389 191 390 192 390 55 390 193 391 194 391 195 391 195 392 194 392 179 392 179 393 181 393 195 393 195 394 181 395 188 394 195 396 188 397 196 398 196 399 188 399 191 399 196 400 191 400 197 400 173 401 172 402 184 403 184 404 172 405 198 406 184 407 198 408 193 409 55 410 53 410 191 410 191 411 53 411 51 411 191 412 51 413 197 414 197 415 51 415 49 415 197 416 49 417 47 418 193 419 195 420 184 421 184 422 195 422 196 422 184 423 196 424 185 425 185 426 196 426 197 426 185 427 197 427 186 427 186 428 197 428 47 428 186 429 47 429 45 429 199 430 200 430 201 430 202 190 203 190 201 190 201 190 203 190 204 190 201 189 204 189 199 189 205 190 206 190 207 190 207 431 206 432 203 433 207 434 203 434 41 434 41 190 203 190 40 190 208 435 209 435 210 435 210 436 209 436 40 436 210 190 40 190 211 190 211 190 40 190 203 190 211 190 203 190 212 190 212 437 203 437 202 437 33 438 31 439 213 440 31 441 29 441 214 441 207 442 215 442 216 442 207 443 216 443 205 443 205 444 216 445 217 446 205 447 217 448 206 449 206 450 217 450 218 450 206 451 218 451 203 451 31 452 214 452 213 452 213 453 214 453 219 453 213 454 219 454 220 454 219 455 221 455 220 455 220 456 221 456 222 456 220 457 222 457 223 457 223 458 222 459 224 458 223 460 224 461 225 461 37 462 35 463 226 464 226 465 35 465 33 465 33 466 213 467 226 468 226 469 213 469 220 469 226 470 220 470 227 470 227 471 220 471 223 471 227 472 223 473 228 474 207 475 41 476 215 477 215 478 41 478 39 478 215 479 39 480 37 481 225 482 229 483 223 482 223 484 229 484 230 484 223 485 230 486 228 487 228 488 230 489 231 490 228 491 231 492 232 493 37 494 226 495 215 496 215 497 226 498 227 499 215 500 227 500 216 500 216 501 227 501 228 501 216 502 228 503 217 504 217 505 228 505 232 505 217 506 232 507 218 508 54 179 55 179 28 179 28 179 55 179 29 179 32 509 34 509 233 509 234 510 235 510 236 510 235 511 237 511 238 511 239 512 209 512 208 512 40 513 209 513 38 513 38 514 209 514 239 514 38 515 239 515 36 515 235 516 238 516 236 516 236 517 238 517 28 517 236 518 28 518 30 518 240 519 237 519 241 519 241 520 237 520 235 520 241 521 235 522 242 523 242 524 235 525 234 526 242 527 234 527 243 527 243 528 234 529 244 530 245 531 244 531 246 531 246 532 244 533 234 532 246 534 234 534 233 535 233 536 234 536 236 537 233 538 236 538 32 538 32 539 236 539 30 539 34 540 36 541 233 542 233 543 36 544 239 545 233 546 239 547 246 548 246 549 239 550 208 551 246 552 208 553 245 554 245 555 208 555 210 555 245 556 210 557 211 558 247 559 248 559 249 559 250 560 251 560 252 560 251 561 253 561 254 561 255 562 176 563 175 564 165 565 176 566 256 567 256 568 176 569 255 570 256 571 255 572 257 572 251 573 254 574 252 574 252 575 254 576 258 577 252 578 258 578 259 578 54 579 253 579 52 579 52 580 253 580 251 580 52 581 251 581 50 581 50 582 251 582 250 583 50 584 250 584 48 584 48 585 250 585 46 585 44 586 46 586 260 586 260 587 46 587 250 587 260 588 250 588 249 588 249 589 250 589 252 589 249 590 252 590 247 590 247 591 252 592 259 593 248 594 257 595 249 596 249 597 257 598 255 599 249 600 255 600 260 600 260 601 255 602 175 603 260 604 175 605 44 606 44 607 175 608 177 609 44 610 177 611 42 612 65 613 85 613 80 613 65 613 80 613 60 613 60 614 80 614 75 614 60 615 75 616 61 617 61 618 75 618 12 618 61 619 12 619 14 619 261 620 262 620 67 620 67 621 262 622 66 623 66 624 262 624 263 624 66 625 263 626 65 627 264 628 265 628 68 628 68 629 265 630 266 631 68 632 266 632 67 632 67 633 266 633 267 633 67 634 267 634 261 634 73 635 164 636 70 637 70 638 164 639 264 640 70 641 264 641 69 641 69 642 264 642 68 642 86 643 268 643 87 643 87 644 268 645 269 646 87 647 269 648 88 649 88 650 269 651 105 652 88 653 105 654 89 655 85 656 270 656 86 656 86 657 270 657 271 657 86 658 271 659 272 660 273 661 268 662 274 663 274 664 268 664 86 664 274 665 86 665 275 665 275 666 86 667 272 668 276 669 93 669 277 669 277 670 93 670 96 670 277 671 96 671 278 671 278 672 96 672 95 672 278 673 95 673 279 673 279 674 95 674 94 674 279 675 94 675 280 675 280 676 94 676 99 676 280 677 99 677 281 677 281 678 99 678 98 678 281 679 98 679 282 679 282 680 98 680 97 680 282 681 97 681 283 681 283 682 97 682 102 682 283 683 102 683 284 683 284 684 102 684 101 684 284 685 101 685 285 685 285 686 101 686 100 686 285 687 100 687 286 687 286 688 100 688 104 688 286 689 104 689 287 689 287 690 104 690 103 690 287 691 103 691 288 691 288 692 103 692 91 692 288 693 91 693 289 693 289 694 91 694 90 694 289 695 90 695 276 695 276 696 90 696 93 696 111 697 110 697 134 697 134 698 110 699 290 700 134 701 290 702 129 703 129 704 290 704 291 704 129 705 291 706 130 707 130 708 291 709 292 710 130 711 292 711 115 711 115 712 292 712 293 712 115 713 293 713 116 713 116 714 293 714 294 714 116 715 294 716 118 717 118 718 294 719 295 720 15 721 13 721 136 721 136 721 13 721 128 721 136 722 128 722 145 722 145 723 128 724 126 725 145 726 126 726 147 726 147 726 126 726 125 726 147 727 125 727 148 727 148 728 125 728 123 728 148 729 123 729 150 729 150 730 123 730 119 730 150 731 119 732 151 733 151 734 119 735 118 736 151 737 296 738 155 739 155 740 296 740 297 740 155 741 297 741 156 741 156 742 297 742 298 742 156 743 298 743 157 743 157 744 298 744 299 744 157 745 299 746 158 747 158 748 299 748 300 748 158 749 300 750 143 751 143 752 300 752 301 752 143 753 301 754 144 755 144 756 301 757 163 758 172 759 171 760 198 761 198 762 171 763 302 764 198 765 302 766 193 767 193 768 302 768 303 768 193 769 303 769 194 769 194 770 303 771 304 772 194 773 304 773 179 773 179 774 304 774 305 774 179 775 305 775 180 775 180 776 305 776 306 776 180 777 306 778 182 779 182 780 306 781 307 782 29 783 55 783 214 783 214 783 55 783 192 783 214 784 192 784 219 784 219 785 192 786 190 787 219 788 190 788 221 788 221 788 190 788 189 788 221 789 189 789 222 789 222 790 189 790 187 790 222 791 187 791 224 791 224 792 187 792 183 792 224 793 183 794 225 795 225 796 183 797 182 798 225 799 308 800 229 801 229 802 308 803 309 804 229 805 309 805 230 805 230 806 309 806 310 806 230 807 310 807 231 807 231 808 310 809 311 810 231 811 311 812 232 813 232 814 311 815 312 816 232 817 312 818 218 819 218 820 312 820 313 820 218 821 313 821 203 821 203 822 313 823 204 824 240 825 258 825 254 825 240 825 254 825 237 825 237 826 254 826 253 826 237 827 253 827 238 827 238 828 253 828 54 828 238 829 54 829 28 829 314 830 315 831 242 832 242 833 315 833 241 834 241 835 315 835 316 835 241 836 316 836 240 836 317 837 318 837 243 837 243 838 318 839 319 838 243 840 319 840 242 840 242 841 319 841 320 841 242 842 320 843 314 844 211 845 212 846 245 847 245 848 212 849 317 850 245 851 317 851 244 851 244 852 317 852 243 852 258 853 321 854 259 855 259 856 321 856 322 856 259 857 322 858 247 859 247 860 322 860 323 860 323 861 324 861 247 861 247 862 324 862 325 862 247 863 325 863 248 863 248 864 325 865 326 866 248 867 326 868 257 869 257 870 326 870 327 870 257 871 327 871 256 871 256 872 327 873 166 874 256 875 166 876 165 877 85 878 65 878 270 878 270 879 65 879 263 879 328 880 289 880 329 880 329 881 289 881 276 881 328 882 330 882 289 882 289 883 330 883 331 883 289 884 331 884 288 884 332 885 287 885 333 885 333 886 287 886 288 886 333 887 288 887 334 887 334 888 288 889 331 890 332 891 335 891 287 891 287 892 335 892 336 892 287 893 336 893 286 893 337 894 285 894 338 894 338 895 285 895 286 895 338 896 286 896 339 896 339 897 286 897 336 897 337 898 340 899 285 900 285 901 340 901 341 901 285 902 341 902 284 902 341 903 342 903 284 903 284 904 342 904 343 904 284 905 343 905 283 905 344 906 282 906 345 906 345 907 282 907 283 907 345 908 283 908 346 908 346 909 283 910 343 911 344 912 347 912 282 912 282 913 347 913 348 913 282 914 348 914 281 914 349 915 280 915 350 915 350 916 280 916 281 916 350 917 281 917 351 917 351 918 281 919 348 920 349 921 352 921 280 921 280 922 352 922 353 922 280 923 353 923 279 923 354 924 278 924 355 924 355 925 278 925 279 925 355 926 279 926 356 926 356 927 279 927 353 927 354 928 357 929 278 930 278 931 357 931 358 931 278 932 358 932 277 932 358 933 359 933 277 933 277 934 359 934 360 934 277 935 360 935 276 935 276 936 360 937 361 938 276 939 361 939 329 939 118 940 295 940 151 940 151 940 295 940 296 940 182 941 307 941 225 941 225 941 307 941 308 941 258 942 240 942 321 942 321 943 240 943 316 943 265 941 273 941 266 941 266 941 273 941 274 941 272 944 271 944 275 944 275 945 271 945 270 945 263 941 262 941 261 941 261 946 267 946 263 946 263 947 267 947 266 947 263 941 266 941 270 941 270 948 266 948 274 948 270 941 274 941 275 941 362 949 363 950 364 951 364 952 363 952 365 952 364 953 365 954 366 955 366 956 365 957 367 958 366 959 367 960 368 961 368 962 367 963 369 964 368 965 369 966 370 967 370 968 369 969 371 970 370 971 371 972 372 973 372 974 371 975 373 976 372 977 373 978 374 979 374 980 373 981 375 982 374 983 375 984 376 985 376 986 375 986 377 986 376 987 377 988 378 989 378 990 377 991 379 992 378 993 379 994 380 995 380 996 379 996 381 996 380 997 381 998 382 999 382 1000 381 1001 383 1002 382 1003 383 1003 384 1003 384 1004 383 1005 385 1006 384 1007 385 1008 386 1009 386 1010 385 1011 387 1012 386 1013 387 1014 388 1015 388 1016 387 1017 389 1018 388 1019 389 1020 390 1021 390 1022 389 1022 391 1022 390 1023 391 1024 392 1025 392 1026 391 1027 393 1028 392 1029 393 1030 394 1031 394 1032 393 1033 395 1034 394 1035 395 1036 396 1037 396 1038 395 1039 397 1040 396 1041 397 1041 398 1041 398 1042 397 1042 399 1042 398 1043 399 1044 400 1045 400 1046 399 1047 401 1048 400 1049 401 1050 402 1051 402 1052 401 1052 403 1052 402 1053 403 1054 404 1055 404 1056 403 1057 405 1058 404 1059 405 1060 362 1061 362 1062 405 1062 363 1062 351 1063 348 1064 406 1065 406 1066 348 1066 347 1066 406 1067 347 1068 407 1069 407 1070 347 1071 344 1070 407 1072 344 1073 408 1074 351 1075 406 1076 350 1075 350 1077 406 1077 409 1077 350 1078 409 1078 349 1078 349 1079 409 1079 410 1079 349 1080 410 1081 352 1082 352 1083 410 1084 411 1085 352 1086 411 1087 353 1088 412 1089 357 1089 413 1089 413 1090 357 1091 354 1092 413 1093 354 1093 414 1093 414 1094 354 1094 355 1094 414 1095 355 1095 411 1095 411 1096 355 1097 356 1098 411 1099 356 1100 353 1101 360 1102 359 1103 412 1102 412 1104 359 1104 358 1104 412 1105 358 1106 357 1107 415 1108 361 1109 416 1110 416 1111 361 1112 360 1113 416 1114 360 1114 417 1114 417 1115 360 1115 412 1115 334 1116 331 1117 418 1118 418 1119 331 1119 330 1119 418 1120 330 1121 419 1122 419 1123 330 1123 328 1123 419 1124 328 1125 415 1126 415 1127 328 1127 329 1127 415 1128 329 1129 361 1130 334 1131 418 1132 333 1133 333 1134 418 1134 420 1134 333 1135 420 1135 332 1136 332 1137 420 1138 421 1139 332 1140 421 1141 335 1142 335 1143 421 1144 422 1145 335 1146 422 1147 336 1148 423 1149 340 1149 424 1149 424 1150 340 1151 337 1152 424 1153 337 1153 425 1153 425 1154 337 1154 338 1154 425 1155 338 1155 422 1155 422 1156 338 1157 339 1158 422 1159 339 1160 336 1161 343 1162 342 1163 423 1164 423 1165 342 1166 341 1167 423 1168 341 1168 340 1168 344 1169 345 1169 408 1169 408 1170 345 1170 346 1170 408 1171 346 1171 426 1171 426 1172 346 1172 343 1172 426 1173 343 1173 427 1173 427 1174 343 1174 423 1174 386 1175 428 1175 384 1175 384 1176 428 1176 429 1176 384 1177 429 1177 382 1177 382 1178 429 1178 430 1178 382 1179 430 1179 380 1179 380 1180 430 1180 431 1180 380 1181 431 1182 378 1181 378 1183 431 1184 432 1185 378 1186 432 1186 376 1186 376 1187 432 1187 433 1187 376 1188 433 1188 374 1188 374 1189 433 1189 434 1189 374 1190 434 1190 372 1190 372 1191 434 1191 435 1191 372 1192 435 1192 370 1192 370 1193 435 1193 436 1193 370 1194 436 1195 368 1194 368 1196 436 1197 437 1198 368 1199 437 1200 366 1201 366 1202 437 1203 438 1204 366 1205 438 1205 364 1205 364 1206 438 1206 439 1206 364 1207 439 1207 362 1207 362 1208 439 1208 440 1208 362 1209 440 1209 404 1209 404 1210 440 1210 441 1210 404 1211 441 1212 402 1213 402 1214 441 1214 442 1214 402 1215 442 1216 400 1215 400 1217 442 1218 443 1219 400 1220 443 1221 398 1222 398 1223 443 1223 444 1223 398 1224 444 1224 396 1224 396 1225 444 1225 445 1225 396 1226 445 1226 394 1226 394 1227 445 1227 446 1227 394 1228 446 1228 392 1228 392 1229 446 1229 447 1229 392 1230 447 1231 390 1231 390 1232 447 1233 448 1234 390 1235 448 1235 388 1235 388 1236 448 1236 449 1236 388 1237 449 1237 386 1237 386 1238 449 1238 428 1238 449 1239 426 1239 428 1239 428 1240 426 1240 427 1240 428 1241 427 1241 429 1241 429 1242 427 1242 423 1242 429 1243 423 1244 430 1243 430 1245 423 1246 424 1246 430 1247 424 1248 431 1249 431 1250 424 1251 425 1252 431 1253 425 1253 432 1253 432 1254 425 1255 422 1256 432 1257 422 1258 433 1259 433 1260 422 1260 421 1260 433 1261 421 1261 434 1261 434 1262 421 1263 420 1264 434 1265 420 1265 435 1265 435 1266 420 1266 418 1266 435 1267 418 1267 436 1267 436 1268 418 1268 419 1268 436 1269 419 1270 437 1271 437 1272 419 1273 415 1274 437 1275 415 1275 438 1275 438 1276 415 1276 416 1276 438 1277 416 1277 439 1277 439 1278 416 1278 417 1278 439 1279 417 1279 440 1279 440 1280 417 1280 412 1280 440 1281 412 1281 441 1281 441 1282 412 1283 413 1284 441 1285 413 1285 442 1285 442 1286 413 1286 414 1286 442 1287 414 1287 443 1287 443 1288 414 1288 411 1288 443 1289 411 1289 444 1289 444 1290 411 1291 410 1292 444 1293 410 1293 445 1293 445 1294 410 1294 409 1294 445 1295 409 1295 446 1295 446 1296 409 1296 406 1296 446 1297 406 1297 447 1297 447 1298 406 1298 407 1298 447 1299 407 1300 448 1300 448 1301 407 1302 408 1303 448 1304 408 1304 449 1304 449 1305 408 1305 426 1305 450 1306 451 1306 452 1306 451 1307 453 1308 452 1309 452 1310 453 1311 454 1312 452 1313 454 1314 455 1315 456 1316 457 1317 458 1318 296 1319 457 1320 297 1321 297 1322 457 1323 456 1324 297 1325 456 1325 298 1325 298 1326 456 1326 459 1326 298 1327 459 1327 299 1327 299 1328 459 1329 300 1330 300 1331 459 1331 460 1331 300 1332 460 1332 301 1332 301 1333 460 1333 159 1333 301 1334 159 1334 163 1334 461 1335 462 1335 455 1335 455 1336 462 1336 463 1336 455 1337 463 1338 452 1339 452 1340 463 1340 464 1340 452 1341 464 1341 450 1341 160 1342 159 1343 465 1344 465 1345 159 1346 460 1347 465 1348 460 1349 461 1350 461 1351 460 1351 459 1351 461 1352 459 1352 462 1352 462 1353 459 1353 456 1353 462 1354 456 1354 463 1354 463 1355 456 1355 458 1355 463 1356 458 1357 464 1358 466 1359 453 1359 467 1359 467 1360 453 1360 451 1360 467 1361 451 1361 468 1361 468 1362 451 1362 450 1362 468 1363 450 1363 469 1363 469 1364 450 1364 464 1364 469 1365 464 1365 470 1365 470 1366 464 1367 458 1368 470 1369 458 1370 471 1371 471 1372 458 1373 457 1374 471 1375 457 1376 295 1377 295 1378 457 1379 296 1380 472 1381 473 1382 474 1383 470 1384 471 1385 475 1386 475 1387 471 1388 295 1389 470 1390 475 1390 469 1390 469 1391 475 1392 476 1392 469 1393 476 1394 468 1395 468 1396 476 1396 477 1396 468 1397 477 1397 467 1397 466 1398 467 1399 478 1400 478 1401 467 1402 477 1403 478 1404 477 1405 479 1406 479 1407 477 1407 476 1407 479 1408 476 1409 480 1410 474 1411 473 1412 481 1413 481 1414 473 1415 482 1416 481 1417 482 1417 483 1417 108 1418 107 1418 472 1418 472 1419 474 1419 108 1419 108 1420 474 1421 290 1422 108 1423 290 1423 110 1423 294 1424 293 1424 481 1424 481 1425 293 1425 292 1425 481 1426 292 1427 474 1428 474 1429 292 1430 291 1431 474 1432 291 1432 290 1432 295 1433 294 1434 475 1435 475 1436 294 1437 481 1437 475 1438 481 1438 476 1438 476 1439 481 1439 483 1439 476 1440 483 1440 480 1440 480 1441 483 1442 482 1443 312 1444 311 1445 484 1446 310 1447 309 1447 485 1447 486 1448 487 1448 488 1448 489 1449 490 1450 491 1451 204 1452 313 1452 491 1452 204 1453 491 1453 199 1453 199 1454 491 1454 490 1454 199 1455 490 1455 200 1455 486 1456 488 1456 492 1456 492 1457 488 1457 493 1457 492 1458 493 1459 494 1460 494 1461 493 1461 485 1461 494 1462 485 1463 495 1464 495 1465 485 1466 309 1467 495 1468 309 1469 308 1470 313 1471 312 1471 491 1471 491 1472 312 1473 484 1474 491 1475 484 1476 489 1477 489 1478 484 1478 496 1478 489 1479 496 1480 497 1479 311 1481 310 1481 484 1481 484 1482 310 1483 485 1484 484 1485 485 1485 496 1485 496 1486 485 1486 493 1486 496 1487 493 1487 497 1487 497 1488 493 1489 488 1490 497 1491 488 1492 498 1493 498 1494 488 1495 487 1496 498 1497 487 1498 499 1499 500 1500 499 1500 501 1500 501 1501 499 1501 487 1501 501 1502 487 1503 502 1504 502 1505 487 1505 486 1505 502 1506 486 1506 503 1506 503 1507 486 1507 492 1507 503 1508 492 1509 504 1510 504 1511 492 1511 494 1511 504 1512 494 1513 505 1514 505 1515 494 1516 495 1517 505 1518 495 1518 307 1518 307 1519 495 1520 308 1521 506 1522 507 1523 508 1524 504 1525 505 1526 509 1527 509 1528 505 1529 307 1530 504 1531 509 1531 503 1531 503 1532 509 1532 510 1532 503 1533 510 1533 502 1533 502 1534 510 1535 511 1536 502 1537 511 1537 501 1537 500 1538 501 1538 512 1538 512 1539 501 1540 511 1541 512 1542 511 1543 513 1544 513 1545 511 1545 510 1545 513 1546 510 1547 514 1546 508 1548 507 1548 515 1548 515 1549 507 1550 516 1551 515 1552 516 1552 517 1552 169 1553 168 1553 506 1553 506 1554 508 1555 169 1556 169 1557 508 1558 302 1559 169 1560 302 1560 171 1560 306 1561 305 1561 515 1561 515 1562 305 1563 304 1564 515 1565 304 1565 508 1565 508 1566 304 1566 303 1566 508 1567 303 1567 302 1567 307 1568 306 1569 509 1570 509 1571 306 1572 515 1573 509 1574 515 1574 510 1574 510 1575 515 1575 517 1575 510 1576 517 1577 514 1576 514 1578 517 1578 516 1578 319 940 318 940 325 940 325 940 318 940 326 940 323 1579 322 1579 324 1579 324 1580 322 1580 321 1580 316 940 315 940 314 940 314 1581 320 1581 316 1581 316 1582 320 1582 319 1582 316 940 319 940 321 940 321 1583 319 1583 325 1583 321 1584 325 1584 324 1584 164 1585 162 1585 105 1585 105 1585 162 1585 106 1585 268 1585 273 1585 265 1585 105 1585 269 1585 164 1585 164 1586 269 1586 268 1586 164 1587 268 1587 264 1587 264 1585 268 1585 265 1585 518 1588 519 1588 499 1588 519 179 520 179 499 179 499 1589 520 1589 521 1589 499 1590 521 1590 522 1590 168 179 170 179 523 179 524 179 525 179 526 179 527 179 528 179 529 179 524 179 526 179 530 179 529 179 528 179 531 179 531 1591 528 1591 161 1591 531 179 161 179 160 179 160 1592 465 1592 531 1592 531 1593 465 1593 461 1593 531 1594 461 1594 455 1594 532 1595 533 1595 466 1595 466 179 533 179 534 179 466 1596 534 1596 453 1596 453 179 534 179 531 179 453 179 531 179 454 179 454 179 531 179 455 179 506 1597 535 1597 507 1597 507 179 535 179 516 179 506 1598 168 1598 535 1598 535 1599 168 1599 523 1599 535 179 523 179 536 179 536 1600 523 1600 537 1600 536 179 537 179 538 179 538 179 537 179 539 179 539 1601 537 1601 540 1601 540 1602 537 1602 541 1602 540 179 541 179 542 179 542 1603 541 1603 543 1603 542 1604 543 1604 544 1604 529 179 545 179 527 179 527 179 545 179 546 179 527 179 546 179 547 179 547 1605 546 1605 548 1605 547 179 548 179 549 179 549 179 548 179 550 179 549 179 550 179 551 179 551 179 550 179 552 179 397 1606 395 1606 553 1606 553 1607 395 1607 393 1607 553 1608 393 1608 391 1608 518 179 499 179 535 179 535 179 499 179 500 179 535 1609 500 1609 512 1609 554 179 555 179 556 179 557 179 558 179 559 179 559 179 558 179 560 179 559 179 560 179 550 179 550 1610 560 1610 561 1610 550 1611 561 1611 552 1611 512 179 513 179 535 179 535 1612 513 1612 514 1612 535 1613 514 1613 516 1613 556 179 562 179 554 179 554 1614 562 1614 542 1614 554 179 542 179 563 179 563 179 542 179 544 179 563 1615 544 1615 564 1615 385 1616 466 1616 478 1616 565 179 566 179 567 179 568 179 569 179 570 179 570 179 569 179 530 179 570 179 530 179 571 179 571 1617 530 1617 526 1617 571 1618 526 1618 572 1618 572 179 526 179 573 179 403 179 574 179 405 179 405 179 574 179 526 179 405 179 526 179 363 179 473 179 472 179 575 179 575 1619 472 1619 107 1619 575 179 107 179 109 179 553 1620 480 1620 575 1620 575 1621 480 1621 482 1621 575 1622 482 1622 473 1622 565 179 567 179 526 179 526 179 567 179 576 179 526 1623 576 1623 573 1623 525 179 577 179 497 179 578 179 579 179 580 179 497 179 381 179 525 179 525 1624 381 1624 379 1624 525 1625 379 1625 377 1625 497 1626 498 1626 381 1626 381 1627 498 1627 499 1627 381 1628 499 1628 383 1628 383 179 499 179 522 179 383 179 522 179 385 179 385 179 522 179 581 179 385 1629 581 1629 466 1629 466 1630 581 1630 582 1630 466 1631 582 1631 532 1631 577 179 201 179 200 179 369 179 367 179 526 179 526 179 367 179 365 179 526 179 365 179 363 179 553 179 583 179 397 179 397 1632 583 1632 584 1632 397 1633 584 1633 578 1633 585 1634 586 1634 397 1634 397 179 586 179 587 179 397 179 587 179 588 179 391 179 389 179 553 179 553 1635 389 1635 387 1635 553 1636 387 1636 480 1636 480 1637 387 1637 385 1637 480 179 385 179 479 179 479 179 385 179 478 179 200 1638 490 1638 577 1638 577 1639 490 1639 489 1639 577 1640 489 1640 497 1640 578 1641 580 1641 397 1641 397 1642 580 1642 589 1642 397 179 589 179 585 179 403 179 401 179 574 179 574 179 401 179 399 179 574 179 399 179 590 179 590 1643 399 1643 397 1643 590 179 397 179 591 179 591 1644 397 1644 588 1644 377 179 375 179 525 179 525 1645 375 1645 373 1645 525 1646 373 1646 526 1646 526 1647 373 1647 371 1647 526 1648 371 1648 369 1648 327 1649 326 1649 318 1649 318 1585 317 1585 327 1585 327 1650 317 1650 212 1650 327 1585 212 1585 166 1585 166 1585 212 1585 202 1585 166 1585 202 1585 167 1585 554 1651 592 1651 593 1651 554 1652 593 1652 555 1652 555 1653 593 1653 594 1653 555 1654 594 1654 556 1654 556 1655 594 1655 595 1655 556 1656 595 1656 562 1656 562 1657 595 1657 596 1657 562 1657 596 1657 542 1657 542 339 596 339 540 339 540 339 596 339 597 339 598 1658 535 1658 536 1658 598 1659 536 1659 599 1659 599 1660 536 1660 538 1660 599 1661 538 1661 600 1661 600 1662 538 1662 539 1662 600 1663 539 1663 601 1663 601 1664 539 1664 540 1664 601 1664 540 1664 597 1664 602 941 518 941 598 941 598 941 518 941 535 941 603 1665 534 1665 604 1665 604 1666 534 1666 533 1666 604 1667 533 1667 605 1667 605 1668 533 1668 532 1668 605 1669 532 1669 606 1669 606 1670 532 1670 582 1670 606 1671 582 1671 607 1671 607 1672 582 1672 581 1672 607 339 581 339 608 339 608 339 581 339 522 339 608 1673 522 1673 609 1673 609 1674 522 1674 521 1674 609 1675 521 1675 610 1675 610 1676 521 1676 520 1676 610 1677 520 1677 611 1677 611 1678 520 1678 519 1678 611 1679 519 1679 602 1679 602 1680 519 1680 518 1680 534 940 603 940 531 940 531 940 603 940 612 940 613 1681 548 1681 546 1681 613 1681 546 1681 614 1681 614 1656 546 1656 545 1656 614 1655 545 1655 615 1655 615 1654 545 1654 529 1654 615 1653 529 1653 616 1653 616 1682 529 1682 531 1682 616 1683 531 1683 612 1683 617 339 550 339 613 339 613 339 550 339 548 339 550 1684 617 1684 618 1684 550 1684 618 1684 559 1684 559 1663 618 1663 619 1663 559 1662 619 1662 557 1662 557 1661 619 1661 620 1661 557 1660 620 1660 558 1660 558 1685 620 1685 621 1685 558 1686 621 1686 560 1686 560 941 621 941 561 941 561 941 621 941 622 941 561 1687 622 1687 623 1687 561 1688 623 1688 552 1688 552 1689 623 1689 624 1689 552 1690 624 1690 551 1690 551 1691 624 1691 625 1691 551 1692 625 1692 549 1692 549 1693 625 1693 547 1693 547 1694 625 1694 626 1694 547 1695 626 1695 527 1695 527 1695 626 1695 627 1695 527 1696 627 1696 528 1696 528 1697 627 1697 628 1697 628 941 629 941 109 941 109 941 629 941 575 941 528 941 628 941 161 941 161 941 628 941 109 941 161 941 109 941 162 941 162 941 109 941 106 941 575 1698 629 1699 553 1700 553 1701 629 1701 630 1701 553 1702 630 1702 583 1702 583 1703 630 1704 631 1705 583 1706 631 1706 584 1706 584 1707 631 1707 632 1707 584 1708 632 1708 633 1708 584 1709 633 1709 578 1709 578 1710 633 1710 634 1710 578 1711 634 1711 579 1711 579 1712 634 1712 635 1712 579 1713 635 1713 580 1713 636 941 589 941 635 941 635 941 589 941 580 941 589 1714 636 1714 637 1714 589 1714 637 1714 585 1714 585 1715 637 1715 638 1715 585 1716 638 1716 586 1716 586 1717 638 1717 639 1717 586 1718 639 1718 587 1718 587 1719 639 1719 640 1719 587 1720 640 1720 588 1720 588 1721 640 1721 641 1721 588 1722 641 1722 591 1722 591 1723 641 1723 642 1723 591 1724 642 1724 590 1724 590 1725 642 1725 643 1725 590 1726 643 1726 574 1726 644 190 526 190 643 190 643 190 526 190 574 190 526 1727 644 1727 645 1727 526 1728 645 1728 565 1728 565 1729 645 1729 646 1729 565 1730 646 1730 566 1730 566 1731 646 1731 647 1731 566 1732 647 1732 567 1732 567 1733 647 1733 648 1733 567 1734 648 1734 576 1734 576 1735 648 1735 649 1735 576 1736 649 1736 573 1736 573 1737 649 1737 650 1737 573 1738 650 1738 572 1738 572 1739 650 1739 651 1739 572 1739 651 1739 571 1739 571 940 651 940 570 940 570 940 651 940 652 940 570 1740 652 1740 653 1740 570 1741 653 1741 568 1741 568 1742 653 1742 654 1742 568 1743 654 1743 569 1743 569 1744 654 1744 655 1744 569 1745 655 1745 530 1745 530 1746 655 1746 524 1746 524 1747 655 1747 656 1747 524 1748 656 1748 525 1748 525 1748 656 1748 657 1748 525 1749 657 1749 577 1749 577 1750 657 1750 658 1750 658 940 659 940 170 940 170 940 659 940 523 940 577 940 658 940 201 940 201 940 658 940 170 940 201 940 170 940 202 940 202 940 170 940 167 940 523 1751 659 1751 537 1751 537 1752 659 1752 660 1752 537 1753 660 1753 541 1753 541 1754 660 1755 661 1756 541 1757 661 1757 543 1757 543 1758 661 1758 662 1758 543 1759 662 1759 663 1759 543 1760 663 1760 544 1760 544 1761 663 1761 664 1761 544 1762 664 1762 564 1762 564 1763 664 1763 665 1763 564 1764 665 1765 563 1766 592 940 554 940 665 940 665 940 554 940 563 940 660 1585 601 1585 661 1585 661 1767 601 1767 597 1767 661 1585 597 1585 662 1585 662 1585 597 1585 596 1585 662 1768 596 1768 663 1768 663 1769 596 1769 664 1769 642 1770 641 1770 656 1770 656 1771 641 1771 640 1771 656 1772 640 1772 639 1772 594 1585 593 1585 595 1585 595 1773 593 1773 592 1773 595 1585 592 1585 596 1585 596 1774 592 1774 665 1774 596 1775 665 1775 664 1775 629 1585 604 1585 630 1585 630 1585 604 1585 605 1585 614 1585 627 1585 613 1585 613 1776 627 1776 626 1776 613 1585 626 1585 617 1585 617 1777 626 1777 625 1777 617 1778 625 1778 624 1778 639 1585 638 1585 656 1585 656 1779 638 1779 637 1779 656 1585 637 1585 657 1585 605 1780 606 1780 630 1780 630 1781 606 1781 607 1781 630 1585 607 1585 631 1585 631 1782 607 1782 632 1782 621 1783 620 1783 619 1783 654 1784 653 1784 655 1784 655 1785 653 1785 652 1785 642 1786 656 1786 643 1786 643 1787 656 1787 655 1787 643 1585 655 1585 644 1585 644 1585 655 1585 652 1585 644 1788 652 1788 651 1788 637 1789 636 1789 657 1789 657 1585 636 1585 608 1585 657 1790 608 1790 609 1790 614 1791 615 1791 627 1791 627 1585 615 1585 616 1585 627 1585 616 1585 628 1585 628 1792 616 1792 612 1792 628 1585 612 1585 629 1585 629 1585 612 1585 603 1585 629 1793 603 1793 604 1793 619 1585 618 1585 621 1585 621 1794 618 1794 617 1794 621 1585 617 1585 622 1585 622 1795 617 1795 624 1795 622 1796 624 1796 623 1796 651 1585 650 1585 644 1585 644 1797 650 1797 649 1797 644 1798 649 1798 648 1798 659 1585 599 1585 660 1585 660 1585 599 1585 600 1585 660 1799 600 1799 601 1799 648 1800 647 1800 644 1800 644 1801 647 1801 646 1801 644 1585 646 1585 645 1585 634 1585 633 1585 635 1585 635 1802 633 1802 632 1802 635 1585 632 1585 636 1585 636 1803 632 1803 607 1803 636 1585 607 1585 608 1585 609 1804 610 1804 657 1804 657 1585 610 1585 611 1585 657 1585 611 1585 658 1585 658 1805 611 1805 602 1805 658 1585 602 1585 659 1585 659 1585 602 1585 598 1585 659 1806 598 1806 599 1806 666 1807 621 1808 667 1809 667 1810 621 1810 668 1810 667 1811 668 1811 669 1811 669 1812 668 1812 670 1812 670 1813 668 1813 619 1813 670 1814 619 1814 671 1814 671 1815 619 1815 672 1815 672 1816 619 1816 673 1816 672 1817 673 1817 674 1817 674 1818 673 1818 675 1818 675 1819 673 1819 617 1819 675 1820 617 1820 676 1820 677 1821 596 1821 678 1821 678 1822 596 1822 679 1822 678 1823 679 1823 680 1823 680 1824 679 1824 681 1824 681 1825 679 1825 594 1825 681 1826 594 1826 682 1826 683 1827 592 1827 684 1827 684 1828 685 1828 683 1828 683 1829 685 1829 686 1829 683 1830 686 1830 594 1830 594 1831 686 1831 687 1831 594 1832 687 1832 682 1832 688 1833 689 1833 690 1833 676 1834 691 1834 692 1834 676 1835 692 1835 675 1835 675 1836 692 1836 693 1836 675 1837 693 1837 674 1837 674 1838 693 1838 694 1838 674 1839 694 1839 672 1839 672 1840 694 1840 695 1840 672 1841 695 1841 671 1841 671 1842 695 1842 696 1842 671 1843 696 1843 670 1843 670 1844 696 1844 697 1844 670 1845 697 1845 669 1845 669 1846 697 1847 698 1848 669 1849 698 1849 667 1849 688 1850 690 1850 699 1850 699 1851 690 1852 700 1853 699 1854 700 1855 701 1856 701 1857 700 1857 702 1857 701 1858 702 1858 703 1858 703 1859 702 1860 704 1861 703 1862 704 1863 705 1864 704 1865 706 1866 705 1867 705 1868 706 1869 707 1870 705 1871 707 1871 708 1871 708 1872 707 1872 709 1872 708 1873 709 1873 710 1873 710 1874 709 1875 711 1876 710 1877 711 1877 712 1877 691 1878 713 1878 714 1879 691 1880 714 1880 692 1880 692 1881 714 1882 715 1882 692 1883 715 1883 693 1883 693 1884 715 1884 716 1884 693 1885 716 1885 694 1885 694 1886 716 1887 717 1888 694 1889 717 1889 695 1889 695 1890 717 1891 718 1892 695 1893 718 1893 696 1893 696 1894 718 1894 719 1894 696 1895 719 1895 697 1895 697 1896 719 1896 720 1896 697 1897 720 1898 698 1899 666 1900 667 1901 721 1902 721 1903 667 1904 698 1905 721 1906 698 1906 689 1906 689 1907 698 1907 720 1907 689 1908 720 1908 690 1908 690 1909 720 1909 719 1909 690 1910 719 1910 700 1910 700 1911 719 1911 718 1911 700 1912 718 1912 702 1912 702 1913 718 1913 717 1913 702 1914 717 1914 704 1914 704 1915 717 1915 716 1915 704 1916 716 1917 706 1918 706 1919 716 1919 715 1920 706 1921 715 1921 707 1921 707 1922 715 1922 714 1923 707 1924 714 1924 709 1924 709 1925 714 1925 713 1925 709 1926 713 1927 711 1928 722 1929 685 1929 684 1929 723 1930 724 1930 725 1930 723 1931 725 1932 726 1933 727 1934 728 1934 729 1934 730 1935 728 1936 731 1937 731 1938 728 1938 727 1938 731 1939 727 1939 732 1939 732 1940 733 1940 731 1940 731 1941 733 1941 734 1941 731 1942 734 1942 730 1942 684 1943 733 1943 722 1943 722 1944 733 1944 732 1944 722 1945 732 1945 735 1945 735 1946 732 1946 727 1946 735 1947 727 1947 736 1947 736 1948 727 1949 729 1950 736 1951 729 1951 737 1951 685 1952 722 1952 738 1952 738 1953 722 1953 735 1953 738 1954 735 1955 739 1956 739 1957 735 1958 736 1959 739 1960 736 1960 740 1960 740 1961 736 1961 737 1961 740 1962 737 1963 741 1963 742 1964 743 1964 744 1964 744 1965 743 1965 745 1965 744 1966 745 1967 746 1968 746 1969 745 1969 747 1969 746 1970 747 1970 748 1970 749 1971 742 1972 750 1971 750 1973 742 1974 744 1975 750 1976 744 1976 751 1976 751 1977 744 1977 746 1977 751 1978 746 1978 752 1978 752 1979 746 1979 748 1979 752 1980 748 1981 753 1982 686 1983 749 1983 687 1983 687 1984 749 1984 750 1984 687 1985 750 1985 682 1985 682 1986 750 1986 751 1986 682 1987 751 1988 681 1989 681 1990 751 1991 752 1992 681 1993 752 1994 680 1994 680 1995 752 1996 753 1997 680 1998 753 1998 678 1998 677 1999 678 1999 754 1999 754 2000 678 2000 753 2000 754 2001 753 2001 755 2001 755 2002 753 2003 748 2004 755 2005 748 2006 725 2007 725 2008 748 2008 747 2008 725 2009 747 2010 726 2011 726 2012 747 2013 745 2014 726 2015 745 2015 741 2015 741 2016 745 2017 743 2018 741 2019 743 2020 740 2021 740 2022 743 2022 742 2022 740 2023 742 2023 739 2023 739 2024 742 2024 749 2025 739 2026 749 2026 738 2027 738 2028 749 2028 686 2028 738 2029 686 2029 685 2029 756 2030 757 2030 758 2030 759 2031 760 2032 761 2033 759 2034 761 2034 762 2034 762 2035 761 2035 763 2035 762 2036 763 2037 764 2038 764 2039 763 2039 765 2039 764 2040 765 2040 766 2041 766 2042 765 2043 767 2044 766 2045 767 2045 768 2045 768 2046 767 2047 769 2048 768 2049 769 2050 770 2051 770 2052 769 2053 771 2054 770 2055 771 2055 772 2055 773 2056 774 2057 775 2057 773 2058 775 2058 771 2058 771 2059 775 2059 776 2059 771 2060 776 2061 772 2062 774 2063 773 2063 777 2063 777 2064 773 2064 778 2064 777 2065 778 2066 779 2067 756 2068 758 2068 780 2068 780 2069 758 2069 781 2069 780 2070 781 2070 782 2070 781 2071 783 2071 782 2071 782 2072 783 2072 784 2072 782 2073 784 2073 785 2073 785 2074 784 2074 786 2074 785 2075 786 2075 787 2075 787 2076 786 2076 788 2076 787 2077 788 2077 789 2077 789 2078 788 2078 790 2078 789 2079 790 2079 791 2079 791 2080 790 2080 792 2080 791 2081 792 2082 793 2083 794 2084 778 2085 795 2086 795 2087 778 2088 773 2089 795 2090 773 2091 796 2092 796 2093 773 2094 771 2095 796 2096 771 2097 797 2098 797 2099 771 2099 769 2099 797 2100 769 2100 798 2100 798 2101 769 2101 767 2101 798 2102 767 2102 799 2102 799 2103 767 2103 765 2103 799 2104 765 2105 800 2106 800 2107 765 2107 763 2107 800 2108 763 2108 801 2108 801 2109 763 2110 761 2111 801 2112 761 2113 802 2114 802 2115 761 2115 760 2115 757 2116 794 2117 758 2118 758 2119 794 2119 795 2119 758 2120 795 2121 781 2122 781 2123 795 2123 796 2123 781 2124 796 2125 783 2124 783 2126 796 2127 797 2128 783 2129 797 2129 784 2129 784 2130 797 2131 798 2132 784 2133 798 2134 786 2135 786 2136 798 2136 799 2136 786 2137 799 2137 788 2137 788 2138 799 2138 800 2138 788 2139 800 2139 790 2139 790 2140 800 2140 801 2140 790 2141 801 2142 792 2143 792 2144 801 2145 802 2146 803 2147 804 2147 805 2147 806 2148 807 2149 808 2150 809 2151 810 2151 811 2151 812 2152 813 2152 814 2152 814 2153 813 2153 815 2153 814 2154 815 2154 810 2154 814 2155 816 2155 812 2155 812 2156 816 2156 817 2156 812 2157 817 2157 818 2157 818 2158 817 2158 819 2158 818 2159 819 2159 820 2159 820 2160 819 2160 821 2160 820 2161 821 2161 822 2161 822 2162 821 2162 823 2162 822 2163 823 2163 824 2163 824 2164 823 2164 825 2164 825 2165 823 2165 826 2165 825 2166 826 2166 827 2166 827 2167 826 2167 828 2167 828 2168 826 2168 829 2168 828 2169 829 2169 830 2169 831 2170 832 2170 829 2170 829 2171 832 2172 833 2173 829 2174 833 2174 830 2174 834 2175 835 2175 831 2175 831 2176 835 2176 836 2176 831 2177 836 2177 832 2177 837 2178 712 2178 838 2178 703 2179 705 2179 839 2179 839 2180 705 2180 708 2180 840 2181 688 2181 841 2181 841 2182 688 2182 699 2182 841 2183 699 2183 839 2183 839 2184 699 2184 701 2184 839 2185 701 2185 703 2185 842 2186 843 2186 844 2186 844 2187 843 2187 845 2187 844 2188 845 2188 846 2188 846 2189 845 2189 847 2189 846 2190 847 2190 848 2190 848 2191 847 2191 849 2191 848 2192 849 2192 850 2192 851 2193 852 2193 844 2193 844 2194 852 2194 853 2194 844 2195 853 2195 842 2195 854 2196 855 2196 856 2196 856 2197 855 2197 857 2197 856 2198 857 2198 858 2198 858 2199 857 2199 859 2199 858 2200 859 2200 860 2200 808 2201 861 2201 806 2201 806 2202 861 2202 862 2202 806 2203 862 2203 854 2203 854 2204 862 2204 863 2204 854 2205 863 2205 855 2205 864 2206 848 2206 865 2206 865 2207 848 2207 850 2207 865 2208 850 2208 866 2208 867 2209 844 2209 868 2209 868 2210 844 2210 846 2210 868 2211 846 2211 869 2211 869 2212 846 2212 848 2212 869 2213 848 2213 870 2213 870 2214 848 2214 864 2214 871 2215 867 2215 872 2215 872 2216 867 2216 868 2216 872 2217 868 2217 873 2217 873 2218 868 2218 869 2218 873 2219 869 2219 874 2219 874 2220 869 2220 870 2220 874 2221 870 2221 875 2221 875 2222 870 2222 864 2222 851 2223 844 2224 804 2225 804 2226 844 2226 867 2226 804 2227 867 2227 805 2227 805 2228 867 2228 871 2228 805 2229 871 2229 876 2229 876 2230 871 2230 877 2230 876 2231 877 2231 878 2231 878 2232 877 2232 879 2232 878 2233 879 2233 880 2233 880 2234 879 2234 881 2234 880 2235 881 2235 882 2235 882 2236 881 2236 809 2236 882 2237 809 2237 883 2237 883 2238 809 2238 811 2238 883 2239 811 2239 807 2239 807 2240 806 2240 883 2240 883 2241 806 2241 854 2241 883 2242 854 2242 882 2242 882 2243 854 2243 856 2243 882 2244 856 2244 880 2244 880 2245 856 2245 858 2245 880 2246 858 2246 878 2246 878 2247 858 2247 860 2247 878 2248 860 2248 876 2248 876 2249 860 2249 884 2249 876 2250 884 2250 805 2250 805 2251 884 2251 885 2251 805 2252 885 2252 803 2252 710 2253 712 2253 886 2253 886 2254 712 2254 837 2254 886 2255 837 2255 887 2255 888 2256 889 2256 890 2256 890 2257 889 2257 891 2257 890 2258 891 2258 892 2258 892 2259 891 2259 893 2259 892 2260 893 2260 894 2260 894 2261 893 2261 895 2261 894 2262 895 2262 896 2262 896 2263 895 2263 897 2263 896 2264 897 2264 898 2264 898 2265 897 2265 899 2265 898 2266 899 2266 900 2266 838 2267 901 2267 837 2267 837 2268 901 2268 902 2268 837 2269 902 2269 887 2269 887 2270 902 2270 903 2270 814 2271 904 2271 816 2271 816 2272 904 2272 905 2272 816 2273 905 2273 817 2273 817 2274 905 2274 906 2274 817 2275 906 2275 819 2275 819 2276 906 2276 907 2276 819 2277 907 2277 821 2277 821 2278 907 2278 908 2278 821 2279 908 2279 823 2279 823 2280 908 2280 909 2280 823 2281 909 2281 826 2281 826 2282 909 2282 910 2282 826 2283 910 2283 829 2283 829 2284 910 2284 911 2284 829 2285 911 2285 831 2285 904 2286 888 2286 905 2286 905 2287 888 2287 890 2287 905 2288 890 2288 906 2288 906 2289 890 2289 892 2289 906 2290 892 2290 907 2290 907 2291 892 2291 894 2291 907 2292 894 2292 908 2292 908 2293 894 2293 896 2293 908 2294 896 2294 909 2294 909 2295 896 2295 898 2295 909 2296 898 2296 910 2296 910 2297 898 2297 900 2297 910 2298 900 2298 911 2298 912 2299 913 2299 914 2299 914 2300 913 2301 840 2302 914 2303 840 2303 915 2303 915 2304 840 2304 841 2304 915 2305 841 2305 916 2305 916 2306 841 2306 839 2306 917 2307 912 2307 918 2307 918 2308 912 2308 914 2308 918 2309 914 2309 919 2309 919 2310 914 2310 915 2310 919 2311 915 2311 920 2311 920 2312 915 2312 916 2312 866 2313 917 2313 865 2313 865 2314 917 2314 918 2314 865 2315 918 2315 864 2315 864 2316 918 2316 919 2316 864 2317 919 2317 875 2317 875 2318 919 2318 920 2318 875 2319 920 2319 903 2319 903 2320 920 2320 916 2320 903 2321 916 2321 887 2321 887 2322 916 2322 839 2322 887 2323 839 2323 886 2323 886 2324 839 2324 708 2324 886 2325 708 2325 710 2325 810 2326 809 2326 814 2326 814 2327 809 2327 881 2327 814 2328 881 2328 904 2328 904 2329 881 2329 879 2329 904 2330 879 2330 888 2330 888 2331 879 2331 877 2331 888 2332 877 2332 889 2332 889 2333 877 2333 871 2333 889 2334 871 2334 891 2334 891 2335 871 2335 872 2335 891 2336 872 2336 893 2336 893 2337 872 2337 873 2337 893 2338 873 2338 895 2338 895 2339 873 2339 874 2339 895 2340 874 2340 897 2340 897 2341 874 2341 875 2341 897 2342 875 2342 899 2342 899 2343 875 2343 903 2343 899 2344 903 2344 900 2344 900 2345 903 2345 902 2345 900 2346 902 2346 911 2346 911 2347 902 2347 901 2347 911 2348 901 2348 831 2348 831 2349 901 2349 838 2349 831 2350 838 2350 834 2350 921 2351 922 2351 923 2351 924 2352 925 2352 926 2352 927 2353 928 2353 929 2353 930 2354 931 2354 932 2354 933 2355 934 2355 935 2355 936 2356 937 2356 938 2356 939 2357 940 2357 928 2357 928 2358 940 2358 941 2358 939 2359 928 2359 942 2359 942 2360 928 2360 927 2360 942 2361 927 2361 943 2361 944 2362 945 2362 946 2362 730 2363 734 2363 947 2363 948 2364 729 2364 947 2364 947 2365 729 2365 728 2365 947 2366 728 2366 730 2366 724 2367 723 2367 949 2367 723 2368 726 2368 949 2368 949 2369 726 2369 741 2369 949 2370 741 2370 948 2370 948 2371 741 2372 737 2373 948 2374 737 2374 729 2374 950 2375 951 2375 724 2375 952 2376 951 2376 953 2376 953 2377 951 2377 950 2377 953 2378 950 2378 954 2378 921 2379 955 2379 922 2379 922 2380 955 2380 956 2380 922 2381 956 2381 923 2381 957 2382 958 2382 921 2382 921 2383 958 2383 959 2383 921 2384 959 2384 955 2384 930 2385 932 2385 960 2385 961 2386 962 2386 963 2386 963 2387 962 2387 964 2387 963 2388 964 2388 965 2388 966 2389 967 2390 968 2391 968 2392 967 2392 969 2392 968 2393 969 2393 964 2393 964 2394 969 2394 970 2394 964 2395 970 2395 965 2395 971 2396 972 2397 973 2398 974 2399 975 2399 971 2399 971 2400 975 2400 976 2400 971 2401 976 2401 972 2401 973 2402 977 2402 971 2402 971 2403 977 2403 929 2403 971 2404 929 2404 974 2404 974 2405 929 2405 928 2405 974 2406 928 2406 978 2406 978 2407 928 2407 941 2407 945 2408 943 2408 946 2408 946 2409 943 2409 927 2409 946 2410 927 2410 979 2410 979 2411 927 2411 929 2411 979 2412 929 2412 980 2412 980 2413 929 2413 977 2413 980 2414 977 2414 981 2414 981 2415 977 2415 973 2415 981 2416 973 2416 966 2416 925 2417 924 2417 982 2417 983 2418 984 2418 985 2418 985 2419 984 2419 986 2419 985 2420 986 2420 987 2420 987 2421 986 2421 982 2421 987 2422 982 2422 988 2422 988 2423 982 2423 924 2423 984 2424 989 2424 986 2424 986 2425 989 2425 990 2425 986 2426 990 2426 982 2426 982 2427 990 2427 991 2427 982 2428 991 2428 925 2428 925 2429 991 2429 992 2429 925 2430 992 2430 926 2430 926 2431 992 2431 993 2431 989 2432 994 2432 990 2432 990 2433 994 2433 995 2433 990 2434 995 2434 991 2434 991 2435 995 2435 996 2435 991 2436 996 2436 992 2436 992 2437 996 2437 997 2437 992 2438 997 2438 993 2438 998 2439 996 2439 999 2439 999 2440 996 2440 995 2440 999 2441 995 2441 981 2441 981 2442 995 2442 994 2442 981 2443 994 2443 980 2443 980 2444 994 2444 989 2444 980 2445 989 2445 979 2445 979 2446 989 2446 984 2446 979 2447 984 2447 946 2447 946 2448 984 2448 983 2448 946 2449 983 2449 944 2449 944 2450 983 2450 1000 2450 966 2451 968 2451 981 2451 981 2452 968 2452 964 2452 981 2453 964 2453 999 2453 999 2454 964 2454 962 2454 999 2455 962 2455 998 2455 998 2456 962 2456 1001 2456 998 2457 1001 2457 996 2457 996 2458 1001 2458 1002 2458 996 2459 1002 2459 997 2459 724 2460 1003 2460 950 2460 950 2461 1003 2461 923 2461 950 2462 923 2462 954 2462 954 2463 923 2463 956 2463 724 2464 949 2464 1003 2464 1003 2465 949 2465 1004 2465 1003 2466 1004 2467 923 2468 923 2469 1004 2469 1005 2469 923 2470 1005 2470 921 2470 921 2471 1005 2471 1006 2471 921 2472 1006 2472 957 2472 931 2473 933 2473 932 2473 932 2474 933 2474 935 2474 932 2475 935 2475 1007 2475 1007 2476 935 2476 1008 2476 1007 2477 1008 2477 1009 2477 1009 2478 1008 2478 1010 2478 1009 2479 1010 2479 1011 2479 1011 2480 1010 2480 1012 2480 1011 2481 1012 2481 1013 2481 1013 2482 1012 2482 1014 2482 1013 2483 1014 2483 1015 2483 1015 2484 1014 2484 938 2484 1015 2485 938 2485 1016 2485 1016 2486 938 2486 937 2486 1016 2487 937 2487 1017 2487 1017 2488 937 2488 936 2488 934 2489 957 2489 935 2489 935 2490 957 2490 1006 2490 935 2491 1006 2491 1008 2491 1008 2492 1006 2492 1005 2492 1008 2493 1005 2493 1010 2493 1010 2494 1005 2494 1004 2494 1010 2495 1004 2495 1012 2495 1012 2496 1004 2496 949 2496 1012 2497 949 2497 1014 2497 1014 2498 949 2498 948 2498 1014 2499 948 2499 938 2499 938 2500 948 2500 947 2500 938 2501 947 2501 936 2501 936 2502 947 2502 734 2502 1017 2503 1000 2503 1016 2503 1016 2504 1000 2504 983 2504 1016 2505 983 2505 1015 2505 1015 2506 983 2506 985 2506 1015 2507 985 2507 1013 2507 1013 2508 985 2508 987 2508 1013 2509 987 2509 1011 2509 1011 2510 987 2510 988 2510 1011 2511 988 2511 1009 2511 1009 2512 988 2512 924 2512 1009 2513 924 2513 1007 2513 1007 2514 924 2514 926 2514 1007 2515 926 2515 932 2515 932 2516 926 2516 993 2516 932 2517 993 2517 960 2517 960 2518 993 2518 997 2518 960 2519 997 2519 1018 2519 1018 2520 997 2520 1002 2520 1018 2521 1002 2521 1019 2521 1019 2522 1002 2522 1001 2522 1019 2523 1001 2523 1020 2523 1020 2524 1001 2524 962 2524 1020 2525 962 2525 1021 2525 1021 2526 962 2526 961 2526 1021 2527 961 2527 1022 2527 1023 2528 1024 2529 1025 2530 1026 2531 1027 2531 1028 2531 1026 2532 1028 2533 1029 2534 1029 2535 1028 2535 1030 2536 1029 2537 1030 2537 1031 2537 1031 2538 1030 2538 1032 2538 1031 2539 1032 2540 1033 2541 1033 2542 1032 2542 1034 2542 1034 2543 1032 2543 1035 2543 1034 2544 1035 2545 1036 2546 1037 2547 1038 2548 1039 2549 1039 2550 1038 2550 1036 2550 1039 2551 1036 2552 1040 2553 1040 2554 1036 2554 1035 2554 1037 2555 1039 2556 1041 2557 1041 2558 1039 2558 1042 2558 1041 2559 1042 2559 1043 2559 1043 2560 1042 2560 1044 2560 1043 2561 1044 2562 1045 2563 1023 2564 1025 2564 1046 2564 1046 2565 1025 2566 1047 2567 1046 2568 1047 2569 1048 2570 1047 2571 1049 2572 1048 2573 1048 2574 1049 2575 1050 2576 1048 2577 1050 2577 1051 2577 1051 2578 1050 2579 1052 2580 1051 2581 1052 2581 1053 2581 1053 2582 1052 2583 1054 2584 1053 2585 1054 2586 1055 2587 1055 2588 1054 2589 1056 2590 1055 2591 1056 2592 1057 2593 1057 2594 1056 2594 1058 2594 1057 2595 1058 2595 1059 2595 1060 2596 1044 2597 1061 2598 1061 2599 1044 2599 1042 2599 1061 2600 1042 2600 1062 2600 1062 2601 1042 2601 1039 2601 1062 2602 1039 2602 1063 2602 1063 2603 1039 2603 1040 2603 1063 2604 1040 2604 1064 2604 1064 2605 1040 2605 1035 2605 1064 2606 1035 2606 1065 2606 1065 2607 1035 2607 1032 2607 1065 2608 1032 2608 1066 2609 1066 2610 1032 2611 1030 2612 1066 2613 1030 2613 1067 2613 1067 2614 1030 2614 1028 2614 1067 2615 1028 2615 1068 2615 1068 2616 1028 2617 1027 2618 1024 2619 1060 2619 1025 2620 1025 2621 1060 2621 1061 2621 1025 2622 1061 2623 1047 2624 1047 2625 1061 2626 1062 2627 1047 2628 1062 2628 1049 2628 1049 2629 1062 2629 1063 2630 1049 2631 1063 2632 1050 2633 1050 2634 1063 2634 1064 2634 1050 2635 1064 2636 1052 2637 1052 2638 1064 2638 1065 2638 1052 2639 1065 2639 1054 2639 1054 2640 1065 2640 1066 2640 1054 2641 1066 2641 1056 2641 1056 2642 1066 2643 1067 2644 1056 2645 1067 2646 1058 2647 1058 2648 1067 2649 1068 2650 934 2651 933 2651 1069 2651 1059 2652 952 2652 953 2652 1048 2653 1051 2653 953 2653 953 2654 1051 2654 1053 2654 1053 2655 1055 2655 953 2655 953 2656 1055 2656 1057 2656 953 2657 1057 2657 1059 2657 1070 2658 1023 2658 953 2658 953 2659 1023 2659 1046 2659 953 2660 1046 2660 1048 2660 958 2661 1071 2662 1072 2663 1072 2664 1073 2664 958 2664 958 2665 1073 2665 1074 2665 958 2666 1074 2666 959 2666 1074 2667 1075 2667 959 2667 959 2668 1075 2669 1076 2670 959 2671 1076 2671 955 2671 1076 2672 1077 2672 955 2672 955 2673 1077 2673 1078 2673 955 2674 1078 2674 956 2674 956 2675 1078 2675 1070 2675 956 2676 1070 2676 954 2676 954 2677 1070 2677 953 2677 1079 2678 824 2678 1080 2678 1080 2679 824 2679 825 2679 1080 2680 825 2680 1081 2680 1082 2681 818 2681 1083 2681 1083 2682 818 2682 820 2682 1083 2683 820 2683 1079 2683 1079 2684 820 2684 822 2684 1079 2685 822 2685 824 2685 1082 2686 1084 2686 818 2686 818 2687 1084 2687 1085 2687 818 2688 1085 2688 933 2688 933 2689 1085 2689 1086 2689 933 2690 1086 2690 1087 2690 1087 2691 1088 2691 933 2691 933 2692 1088 2692 1089 2692 933 2693 1089 2693 1069 2693 1071 2694 958 2694 1069 2694 1069 2695 958 2695 957 2695 1069 2696 957 2696 934 2696 1090 2697 1091 2697 830 2697 830 2698 1091 2698 828 2698 1091 2699 1092 2699 828 2699 828 2700 1092 2700 1093 2700 828 2701 1093 2701 827 2701 827 2702 1093 2702 1094 2702 827 2703 1094 2703 825 2703 825 2704 1094 2704 1095 2704 825 2705 1095 2706 1081 2707 830 2708 833 2708 1090 2708 1090 2709 833 2709 832 2709 1090 2710 832 2710 793 2710 793 2711 832 2711 836 2711 793 2712 836 2712 835 2712 834 2713 756 2713 835 2713 835 2714 756 2714 780 2714 780 2715 782 2715 835 2715 835 2716 782 2716 785 2716 835 2717 785 2717 787 2717 787 2718 789 2718 835 2718 835 2719 789 2720 791 2721 835 2722 791 2723 793 2724 960 2725 812 2725 930 2725 930 2726 812 2726 818 2726 930 2727 818 2727 931 2727 931 2728 818 2728 933 2728 1018 2729 815 2729 960 2729 960 2730 815 2730 813 2730 960 2731 813 2731 812 2731 1096 2732 1097 2732 807 2732 807 2733 1097 2733 1098 2733 807 2734 1098 2734 808 2734 1021 2735 1022 2735 1099 2735 1099 2736 1100 2736 1021 2736 1021 2737 1100 2737 1101 2737 1021 2738 1101 2738 1102 2738 1102 2739 1103 2739 1021 2739 1021 2740 1103 2741 1096 2742 1021 2743 1096 2743 1020 2743 1020 2744 1096 2744 807 2744 1020 2745 807 2745 1019 2745 1019 2746 807 2746 811 2746 1019 2747 811 2747 1018 2747 1018 2748 811 2748 810 2748 1018 2749 810 2749 815 2749 1104 2750 1105 2751 1106 2752 760 2753 759 2754 1105 2755 1105 2756 1104 2757 760 2758 760 2759 1104 2759 1107 2759 760 2760 1107 2761 802 2762 802 2763 1107 2763 1108 2763 802 2764 1108 2765 792 2766 1109 2767 1091 2768 1090 2769 1106 2770 1110 2770 1104 2770 1104 2771 1110 2771 1111 2771 1104 2772 1111 2772 1107 2772 1107 2773 1111 2773 1109 2773 1107 2774 1109 2774 1108 2774 1108 2775 1109 2775 1090 2775 1108 2776 1090 2777 792 2778 792 2779 1090 2780 793 2781 776 2782 775 2782 1112 2782 1112 2783 775 2783 774 2783 1112 2784 774 2784 613 2784 613 2785 774 2785 777 2785 613 2786 777 2787 779 2788 766 2789 768 2789 615 2789 615 2790 768 2791 770 2792 615 2793 770 2793 1112 2793 1112 2794 770 2794 772 2794 1112 2795 772 2795 776 2795 766 2796 615 2796 764 2796 764 2797 615 2797 1113 2797 764 2798 1113 2798 762 2798 762 2799 1113 2799 612 2799 762 2800 612 2800 759 2800 756 2801 834 2802 1114 2803 756 2804 1114 2804 757 2804 1115 2805 779 2805 1116 2805 1116 2806 779 2807 778 2808 1116 2809 778 2809 1117 2809 1117 2810 778 2811 794 2812 1117 2813 794 2813 1118 2813 1118 2814 794 2815 757 2816 1118 2817 757 2818 1119 2819 1119 2820 757 2820 1114 2820 834 2821 838 2822 1114 2823 1114 2824 838 2824 1120 2824 1114 2825 1120 2825 1119 2825 1119 2826 1120 2827 1118 2828 1118 2829 1120 2830 1121 2831 1118 2832 1121 2833 1117 2834 1117 2835 1121 2836 1122 2837 1117 2838 1122 2838 1116 2838 1116 2839 1122 2839 1123 2839 1116 2840 1123 2841 1115 2842 838 2843 712 2843 1120 2843 1120 2844 712 2844 711 2844 1120 2845 711 2845 1121 2845 1121 2846 711 2847 713 2848 1121 2849 713 2850 1122 2850 1122 2851 713 2851 691 2851 1122 2852 691 2852 1123 2853 1123 2854 691 2854 676 2854 666 2855 721 2856 1124 2857 1124 2858 721 2859 1125 2860 1126 2861 1127 2861 1128 2861 1128 2862 1127 2862 1129 2862 1128 2863 1130 2863 1126 2863 1126 2864 1130 2864 1131 2864 1126 2865 1131 2866 1132 2867 1132 2868 1131 2869 1133 2870 1132 2871 1133 2872 1125 2873 1125 2874 1133 2874 1134 2874 1125 2875 1134 2875 1124 2875 1129 2876 1127 2876 1135 2876 1135 2877 1127 2877 1136 2877 1135 2878 1136 2879 1137 2880 1138 2881 1139 2881 842 2881 842 2882 1139 2882 843 2882 843 2883 1139 2883 845 2883 845 2884 1139 2884 1140 2884 845 2885 1140 2885 847 2885 847 2886 1140 2886 849 2886 849 2887 1140 2887 1141 2887 849 2888 1141 2888 850 2888 850 2889 1141 2889 866 2889 866 2890 1141 2890 1142 2890 866 2891 1142 2891 917 2891 917 2892 1142 2892 912 2892 912 2893 1142 2893 1143 2893 912 2894 1143 2894 913 2894 913 2895 1143 2895 840 2895 840 2896 1143 2897 689 2898 840 2899 689 2899 688 2899 1138 2900 1144 2900 1136 2900 1136 2901 1144 2902 1145 2903 1136 2904 1145 2905 1137 2906 1138 2907 1136 2907 1139 2907 1139 2908 1136 2908 1127 2908 1139 2909 1127 2909 1140 2909 1140 2910 1127 2910 1126 2910 1140 2911 1126 2912 1141 2913 1141 2914 1126 2914 1132 2914 1141 2915 1132 2916 1142 2917 1142 2918 1132 2919 1125 2920 1142 2921 1125 2922 1143 2923 1143 2924 1125 2924 721 2924 1143 2925 721 2925 689 2925 1146 179 1147 179 1148 179 1149 179 1150 179 1151 179 1151 179 1150 179 1152 179 1153 179 1154 179 1155 179 1155 2926 1154 2926 1146 2926 1155 179 1146 179 1152 179 1152 179 1146 179 1148 179 1152 179 1148 179 1151 179 1156 2927 1157 2927 1158 2927 1159 2928 1145 2929 1144 2930 1144 2931 1160 2931 1159 2931 1159 2932 1160 2933 1161 2934 1159 2935 1161 2935 1162 2935 1162 2936 1161 2936 1163 2936 1162 2937 1163 2937 1164 2937 1156 2938 1158 2939 1165 2940 1165 2941 1158 2941 1166 2941 1165 2942 1166 2942 1167 2942 1167 2943 1166 2943 1168 2943 1168 2944 1166 2944 1169 2944 1168 2945 1169 2945 1170 2945 1171 2946 1172 2946 1173 2946 1173 2947 1172 2948 1174 2949 1173 2950 1174 2950 1169 2950 1169 2951 1174 2952 1175 2953 1169 2954 1175 2954 1170 2954 1171 2955 1173 2955 1176 2955 1176 2956 1173 2957 1177 2958 1176 2959 1177 2959 1178 2959 1178 2960 1177 2960 1179 2960 1178 2961 1179 2961 1180 2961 1180 2962 1179 2963 1181 2964 1180 2965 1181 2965 1182 2965 1182 2966 1181 2967 1183 2968 1182 2969 1183 2970 1184 2971 1184 2972 1183 2973 1185 2974 1184 2975 1185 2976 1186 2977 1187 2978 1185 2978 1188 2978 1188 2979 1185 2980 1183 2981 1188 2982 1183 2983 1189 2984 1189 2985 1183 2986 1181 2986 1189 2987 1181 2988 1190 2989 1190 2990 1181 2990 1179 2990 1190 2991 1179 2991 1191 2991 1191 2992 1179 2992 1177 2992 1191 2993 1177 2993 1192 2993 1192 2994 1177 2995 1173 2996 1192 2997 1173 2997 1193 2998 1193 2999 1173 3000 1169 3001 1193 3002 1169 3002 1194 3002 1194 3003 1169 3004 1166 3003 1194 3005 1166 3006 1164 3007 1164 3008 1166 3009 1158 3010 1164 3011 1158 3012 1162 3013 1162 3014 1158 3014 1157 3014 1195 3015 860 3015 1196 3015 1196 3016 860 3016 859 3016 1196 3017 859 3017 857 3017 808 3018 1197 3019 861 3020 861 3021 1197 3021 1198 3021 861 3022 1198 3022 862 3022 862 3023 1198 3024 1199 3025 862 3026 1199 3026 863 3027 863 3028 1199 3029 1200 3030 863 3031 1200 3032 855 3033 855 3034 1200 3034 1201 3034 855 3035 1201 3035 857 3035 857 3036 1201 3037 1202 3038 857 3039 1202 3039 1196 3039 1138 3040 842 3040 1203 3040 1203 3041 842 3041 853 3041 1203 3042 853 3042 1204 3042 1204 3043 853 3044 852 3045 1204 3046 852 3046 1205 3046 1205 3047 852 3047 851 3047 1205 3048 851 3048 1206 3048 1206 3049 851 3049 804 3049 1206 3050 804 3051 1207 3050 804 3052 803 3052 1207 3052 1207 3053 803 3053 885 3053 1207 3054 885 3055 1195 3056 1195 3057 885 3057 884 3057 1195 3058 884 3058 860 3058 1198 3059 1187 3060 1199 3060 1199 3061 1187 3061 1188 3061 1199 3062 1188 3062 1200 3063 1200 3064 1188 3064 1189 3064 1200 3065 1189 3065 1201 3065 1201 3066 1189 3066 1190 3067 1201 3068 1190 3068 1202 3068 1202 3069 1190 3069 1191 3069 1202 3070 1191 3070 1196 3070 1196 3071 1191 3071 1192 3071 1196 3072 1192 3072 1195 3072 1195 3073 1192 3073 1193 3073 1195 3074 1193 3074 1207 3074 1207 3075 1193 3075 1194 3075 1207 3076 1194 3076 1206 3076 1206 3077 1194 3077 1164 3077 1206 3078 1164 3078 1205 3078 1205 3079 1164 3079 1163 3079 1205 3080 1163 3080 1204 3080 1204 3081 1163 3082 1161 3083 1204 3084 1161 3085 1203 3086 1203 3087 1161 3087 1160 3087 1203 3088 1160 3088 1138 3088 1138 3089 1160 3089 1144 3089 808 3090 1098 3091 1208 3092 1208 3093 1098 3093 1209 3093 1208 3094 1209 3095 1198 3096 1198 3097 1209 3097 1210 3097 1198 3098 1210 3099 1187 3100 1187 3101 1210 3102 1211 3103 1187 3104 1211 3104 1185 3104 1185 3105 1211 3106 1212 3107 1185 3108 1212 3108 1186 3108 1096 3109 1103 3109 1213 3109 1213 3110 1103 3110 1214 3110 1213 3111 1214 3112 1215 3113 1215 3114 1214 3115 1216 3116 1215 3117 1216 3117 1217 3117 1217 3118 1216 3119 1218 3120 1217 3121 1218 3121 1219 3121 1219 3122 1218 3123 1220 3124 1097 3125 1096 3126 1221 3127 1221 3128 1096 3128 1213 3128 1221 3129 1213 3130 1222 3131 1222 3132 1213 3132 1215 3132 1222 3133 1215 3133 1223 3133 1223 3134 1215 3134 1217 3134 1223 3135 1217 3135 1224 3135 1224 3136 1217 3136 1219 3136 1098 3137 1097 3137 1209 3137 1209 3138 1097 3139 1221 3140 1209 3141 1221 3141 1210 3141 1210 3142 1221 3143 1222 3144 1210 3145 1222 3145 1211 3146 1211 3147 1222 3147 1223 3147 1211 3148 1223 3148 1212 3148 1212 3149 1223 3149 1224 3149 1102 3150 1225 3150 1103 3150 1103 3151 1225 3151 1214 3151 1214 3152 1225 3153 1216 3154 1216 3155 1225 3156 1226 3157 1216 3158 1226 3159 1218 3160 1226 3161 1227 3162 1218 3163 1218 3164 1227 3165 1228 3166 1218 3167 1228 3168 1220 3169 1229 3170 1230 3171 1231 3170 1229 3172 1231 3172 1232 3172 1232 3173 1231 3173 1233 3173 1232 3174 1233 3175 1234 3176 1234 3177 1233 3177 1235 3177 1235 3178 1233 3179 1236 3178 1235 3180 1236 3180 1237 3180 1237 3181 1236 3181 1099 3181 1237 3182 1099 3183 1022 3184 1100 3185 1099 3186 1238 3187 1238 3188 1099 3188 1236 3188 1238 3189 1236 3190 1239 3190 1239 3191 1236 3191 1233 3191 1239 3192 1233 3192 1240 3192 1240 3193 1233 3194 1231 3195 1240 3196 1231 3197 1241 3198 1241 3199 1231 3200 1230 3201 1101 3202 1100 3202 1242 3203 1242 3204 1100 3205 1238 3206 1242 3207 1238 3207 1243 3207 1243 3208 1238 3209 1239 3210 1243 3211 1239 3211 1244 3211 1244 3212 1239 3212 1240 3212 1244 3213 1240 3213 1245 3213 1245 3214 1240 3215 1241 3216 1102 3217 1101 3218 1225 3219 1225 3220 1101 3221 1242 3222 1225 3223 1242 3224 1226 3225 1226 3226 1242 3226 1243 3226 1226 3227 1243 3228 1227 3229 1227 3230 1243 3230 1244 3230 1227 3231 1244 3232 1228 3233 1228 3234 1244 3234 1245 3234 1237 3235 1022 3236 961 3237 1246 3238 974 3238 978 3238 1247 3239 941 3239 1248 3239 1248 3240 941 3240 1249 3240 1249 3241 941 3241 1250 3241 1250 3242 941 3243 940 3244 1250 3245 940 3245 939 3245 974 3246 1246 3246 975 3246 975 3247 1246 3247 1251 3247 975 3248 1251 3249 976 3250 976 3251 1251 3252 972 3253 972 3254 1251 3255 1252 3256 972 3257 1252 3258 973 3259 973 3260 1252 3261 966 3262 966 3263 1252 3263 1253 3263 966 3264 1253 3264 967 3264 967 3265 1253 3265 969 3265 969 3266 1253 3266 1254 3266 969 3267 1254 3267 970 3267 1255 3268 963 3268 1254 3268 1254 3269 963 3270 965 3271 1254 3272 965 3273 970 3274 1255 3275 1256 3275 963 3275 963 3276 1256 3277 1257 3278 963 3279 1257 3280 961 3280 961 3281 1257 3282 1235 3283 961 3284 1235 3284 1237 3284 1258 3285 1259 3286 1232 3287 1232 3288 1259 3288 1229 3288 1260 3289 1261 3290 1262 3291 1262 3292 1261 3293 1259 3294 1262 3295 1259 3295 1263 3295 1263 3296 1259 3296 1258 3296 1264 3297 1265 3297 1266 3297 1266 3298 1265 3299 1267 3300 1266 3301 1267 3301 1260 3302 1260 3303 1267 3303 1268 3303 1260 3304 1268 3304 1261 3304 1264 3305 1266 3305 1269 3305 1269 3306 1266 3306 1270 3306 1269 3307 1270 3307 1271 3307 1272 3308 1273 3308 1274 3308 1274 3309 1273 3310 1275 3311 1274 3312 1275 3312 1270 3312 1270 3313 1275 3313 1276 3313 1270 3314 1276 3314 1271 3314 1272 3315 1274 3316 1277 3317 1277 3318 1274 3319 1278 3318 1277 3320 1278 3321 1279 3320 1279 3322 1278 3322 1280 3322 1280 3323 1278 3323 1281 3324 1280 3325 1281 3326 1282 3327 1282 3328 1281 3329 1283 3328 1282 3330 1283 3331 1284 3332 1283 3333 1285 3333 1284 3333 1284 3334 1285 3335 1286 3336 1284 3337 1286 3337 1287 3337 1250 3338 1286 3339 1249 3340 1249 3341 1286 3341 1285 3341 1249 3342 1285 3342 1248 3342 1248 3343 1285 3344 1283 3345 1248 3346 1283 3347 1247 3348 1247 3349 1283 3349 1281 3349 1247 3350 1281 3350 1288 3350 1288 3351 1281 3352 1278 3353 1288 3354 1278 3355 1289 3356 1289 3357 1278 3357 1274 3358 1289 3359 1274 3360 1290 3360 1290 3361 1274 3361 1270 3361 1290 3362 1270 3362 1291 3362 1291 3363 1270 3364 1266 3364 1291 3365 1266 3365 1292 3365 1292 3366 1266 3366 1260 3366 1292 3367 1260 3367 1293 3367 1293 3368 1260 3368 1262 3368 1293 3369 1262 3369 1294 3369 1294 3370 1262 3370 1263 3370 1294 3371 1263 3371 1295 3371 1295 3372 1263 3372 1258 3372 1295 3373 1258 3373 1234 3373 1234 3374 1258 3374 1232 3375 1234 3376 1235 3376 1295 3376 1295 3377 1235 3377 1257 3377 1295 3378 1257 3378 1294 3378 1294 3379 1257 3379 1256 3379 1294 3380 1256 3380 1293 3380 1293 3381 1256 3382 1255 3383 1293 3384 1255 3385 1292 3386 1292 3387 1255 3388 1254 3389 1292 3390 1254 3390 1291 3390 1291 3391 1254 3391 1253 3391 1291 3392 1253 3393 1290 3394 1290 3395 1253 3395 1252 3395 1290 3396 1252 3396 1289 3396 1289 3397 1252 3397 1251 3397 1289 3398 1251 3398 1288 3398 1288 3399 1251 3400 1246 3401 1288 3402 1246 3402 1247 3402 1247 3403 1246 3403 978 3403 1247 3404 978 3404 941 3404 1286 3405 1250 3406 1296 3407 944 3408 1000 3408 1297 3408 1297 3409 1000 3409 1017 3409 1297 3410 1017 3411 1298 3412 1298 3413 1017 3414 936 3415 1298 3416 936 3416 1299 3416 1299 3417 936 3417 734 3417 1299 3418 734 3418 733 3418 1300 3419 945 3419 944 3419 945 3420 1300 3420 943 3420 943 3421 1300 3421 1296 3421 943 3422 1296 3422 942 3422 942 3423 1296 3423 1250 3423 942 3424 1250 3424 939 3424 1287 3425 1286 3425 1301 3425 1301 3426 1286 3427 1296 3428 1301 3429 1296 3429 1302 3429 1302 3430 1296 3430 1300 3430 1302 3431 1300 3431 1303 3431 944 3432 1297 3433 1300 3434 1300 3435 1297 3435 1304 3435 1300 3436 1304 3437 1303 3438 733 3439 684 3439 1305 3439 733 3440 1305 3440 1299 3440 1299 3441 1305 3442 1306 3443 1299 3444 1306 3444 1298 3444 1298 3445 1306 3445 1307 3445 1298 3446 1307 3446 1297 3446 1297 3447 1307 3447 1308 3447 1297 3448 1308 3448 1304 3448 1309 179 1310 179 1311 179 1312 3449 1313 3449 1314 3449 1315 3450 1316 3450 1311 3450 1311 179 1316 179 1317 179 1311 179 1317 179 1309 179 1309 179 1317 179 1312 179 1309 179 1312 179 1318 179 1318 3451 1312 3451 1314 3451 1319 3452 1320 3452 1321 3452 1321 3453 1320 3453 1322 3453 1321 3454 1322 3454 1323 3454 1324 3455 1325 3456 1326 3457 1326 3458 1325 3459 1327 3460 1326 3461 1327 3461 1319 3461 1319 3462 1327 3462 1328 3462 1319 3463 1328 3463 1320 3463 1324 3464 1326 3464 1329 3464 1329 3465 1326 3466 951 3467 1329 3468 951 3469 952 3470 724 3471 951 3471 725 3471 725 3472 951 3473 1326 3474 725 3475 1326 3475 755 3475 755 3476 1326 3477 1319 3478 755 3479 1319 3479 754 3479 754 3480 1319 3481 1321 3482 754 3483 1321 3483 677 3483 677 3484 1321 3484 1323 3484 952 3485 1059 3485 1329 3485 1329 3486 1059 3486 1058 3486 1329 3487 1058 3487 1324 3487 1320 3488 1328 3488 1068 3488 1068 3489 1328 3489 1327 3489 1068 3490 1327 3491 1058 3492 1058 3493 1327 3494 1325 3495 1058 3496 1325 3496 1324 3496 1068 3497 1027 3498 1320 3499 1320 3500 1027 3500 1026 3500 1320 3501 1026 3501 1322 3501 1330 3502 1331 3503 1045 3504 1332 3505 1333 3506 1331 3507 1331 3508 1330 3509 1332 3510 1332 3511 1330 3511 1334 3511 1332 3512 1334 3512 1335 3512 1335 3513 1334 3513 1336 3513 1335 3514 1336 3514 1337 3514 1024 3515 1023 3516 1070 3517 1045 3518 1044 3519 1330 3520 1330 3521 1044 3522 1060 3523 1330 3524 1060 3524 1334 3524 1334 3525 1060 3526 1024 3527 1334 3528 1024 3528 1336 3528 1336 3529 1024 3530 1070 3531 1336 3532 1070 3532 1337 3532 1337 3533 1070 3534 1078 3535 1038 3536 1037 3536 1338 3536 1338 3537 1037 3537 1041 3537 1338 3538 1041 3538 598 3538 598 3539 1041 3539 1043 3539 598 3540 1043 3540 1045 3540 1038 3541 1338 3541 1036 3541 1036 3542 1338 3542 600 3542 1036 3543 600 3543 1034 3543 1339 3544 597 3544 1026 3544 1026 3545 1029 3546 1339 3547 1339 3548 1029 3548 1031 3548 1339 3549 1031 3549 600 3549 600 3550 1031 3550 1033 3550 600 3551 1033 3552 1034 3553 1091 3554 1340 3555 1092 3556 1092 3557 1340 3558 1093 3559 1093 3560 1340 3560 1094 3560 1094 3561 1340 3562 1341 3563 1094 3564 1341 3565 1095 3566 1095 3567 1341 3568 1081 3569 1081 3570 1341 3571 1342 3572 1081 3573 1342 3574 1080 3574 1080 3575 1342 3576 1079 3577 1079 3578 1342 3578 1343 3578 1079 3579 1343 3580 1083 3581 1083 3582 1343 3583 1082 3584 1082 3585 1343 3585 1344 3585 1082 3586 1344 3587 1084 3588 1084 3589 1344 3590 1085 3591 1085 3592 1344 3592 1345 3592 1085 3593 1345 3594 1086 3595 1086 3596 1345 3597 1087 3598 1087 3599 1345 3600 1346 3601 1087 3602 1346 3603 1088 3604 1088 3605 1346 3606 1089 3607 1089 3608 1346 3609 1347 3610 1089 3611 1347 3611 1069 3611 1069 3612 1347 3612 1071 3612 1071 3613 1347 3613 1348 3613 1071 3614 1348 3615 1072 3616 1072 3617 1348 3618 1073 3619 1073 3620 1348 3620 1349 3620 1073 3621 1349 3622 1074 3623 1074 3624 1349 3625 1075 3626 1075 3627 1349 3628 1350 3629 1075 3630 1350 3631 1076 3632 1337 3633 1078 3633 1350 3633 1350 3634 1078 3634 1077 3634 1350 3635 1077 3635 1076 3635 1335 3636 1337 3636 1351 3636 1332 3637 1335 3637 1352 3637 1333 3638 1332 3638 1353 3638 1333 3639 1353 3639 1354 3639 1354 3640 1353 3640 1355 3640 1354 3641 1355 3641 1356 3641 1356 3642 1355 3642 1357 3642 1356 3643 1357 3643 1358 3643 1359 3644 1360 3645 1361 3646 1361 3647 1360 3647 1362 3647 1361 3648 1362 3649 1363 3650 1363 3651 1362 3651 1364 3651 1363 3652 1364 3653 1365 3654 1365 3655 1364 3656 1366 3657 1365 3658 1366 3659 1367 3660 1367 3661 1366 3662 1368 3663 1367 3664 1368 3665 1357 3666 1357 3667 1368 3668 1369 3669 1357 3670 1369 3670 1358 3670 1337 3671 1350 3671 1351 3671 1351 3672 1350 3672 1349 3672 1351 3673 1349 3674 1370 3675 1370 3676 1349 3677 1348 3678 1370 3679 1348 3680 1371 3680 1371 3681 1348 3682 1347 3681 1371 3683 1347 3684 1372 3685 1372 3686 1347 3686 1346 3686 1372 3687 1346 3687 1373 3687 1373 3688 1346 3688 1345 3688 1373 3689 1345 3689 1374 3689 1374 3690 1345 3691 1344 3691 1374 3692 1344 3693 1375 3694 1375 3695 1344 3695 1343 3695 1375 3696 1343 3696 1376 3696 1376 3697 1343 3698 1342 3699 1376 3700 1342 3701 1377 3702 1377 3703 1342 3704 1341 3705 1377 3706 1341 3706 1378 3706 1378 3707 1341 3708 1340 3709 1378 3710 1340 3710 1379 3710 1379 3711 1340 3711 1091 3711 1379 3712 1091 3713 1109 3714 1335 3715 1351 3715 1352 3715 1352 3716 1351 3717 1370 3718 1352 3719 1370 3720 1380 3720 1380 3721 1370 3721 1371 3721 1380 3722 1371 3722 1381 3722 1381 3723 1371 3724 1372 3724 1381 3725 1372 3725 1382 3725 1382 3726 1372 3726 1373 3726 1382 3727 1373 3728 1383 3729 1383 3730 1373 3730 1374 3730 1383 3731 1374 3732 1384 3733 1384 3734 1374 3735 1375 3736 1384 3737 1375 3738 1385 3739 1385 3740 1375 3740 1376 3740 1385 3741 1376 3741 1386 3741 1386 3742 1376 3743 1377 3744 1386 3745 1377 3745 1387 3745 1387 3746 1377 3746 1378 3746 1387 3747 1378 3747 1388 3747 1388 3748 1378 3748 1379 3748 1388 3749 1379 3749 1389 3749 1389 3750 1379 3750 1109 3750 1389 3751 1109 3751 1111 3751 1332 3752 1352 3752 1353 3752 1353 3753 1352 3753 1380 3753 1353 3754 1380 3754 1355 3754 1355 3755 1380 3755 1381 3755 1355 3756 1381 3756 1357 3756 1357 3757 1381 3757 1382 3757 1357 3758 1382 3758 1367 3758 1367 3759 1382 3759 1383 3759 1367 3760 1383 3760 1365 3761 1365 3762 1383 3763 1384 3764 1365 3765 1384 3765 1363 3765 1363 3766 1384 3766 1385 3766 1363 3767 1385 3767 1361 3767 1361 3768 1385 3768 1386 3768 1361 3769 1386 3770 1390 3771 1390 3772 1386 3773 1387 3772 1390 3774 1387 3775 1391 3776 1391 3777 1387 3778 1388 3778 1391 3779 1388 3779 1392 3780 1392 3781 1388 3781 1389 3781 1392 3782 1389 3782 1393 3782 1393 3783 1389 3784 1111 3785 1393 3786 1111 3786 1110 3786 1359 3787 1361 3788 1394 3789 1394 3790 1361 3790 1390 3790 1394 3791 1390 3792 1395 3793 1395 3794 1390 3794 1391 3794 1395 3795 1391 3796 1396 3796 1396 3797 1391 3798 1392 3799 1396 3800 1392 3800 1397 3800 1397 3801 1392 3801 1393 3801 1397 3802 1393 3802 1398 3802 1398 3803 1393 3804 1110 3805 1398 3806 1110 3807 1106 3808 759 940 612 940 1105 940 1105 940 612 940 603 940 1105 940 603 940 1106 940 617 339 613 339 779 339 779 3809 1115 3809 617 3809 617 3810 1115 3810 1123 3810 617 339 1123 339 676 339 1146 339 1399 339 1147 339 1147 339 1399 339 1400 339 1155 3811 628 3811 1401 3811 1155 3812 1401 3812 1153 3812 1153 3813 1401 3813 1402 3813 1153 3814 1402 3814 1154 3814 1154 3815 1402 3815 1399 3815 1154 3816 1399 3816 1146 3816 1152 940 629 940 1155 940 1155 940 629 940 628 940 1151 3817 1403 3817 1404 3817 1151 3818 1404 3818 1149 3818 1149 3819 1404 3819 1405 3819 1149 3820 1405 3820 1150 3820 1150 3821 1405 3821 629 3821 1150 3822 629 3822 1152 3822 1148 190 1406 190 1151 190 1151 190 1406 190 1403 190 1137 941 1145 941 636 941 621 941 666 941 1400 941 1400 3823 666 3823 1124 3823 1400 941 1124 941 1147 941 1130 941 1128 941 1406 941 1406 3824 1128 3824 1129 3824 1406 941 1129 941 636 941 636 3825 1129 3825 1135 3825 636 3826 1135 3826 1137 3826 1124 941 1134 941 1147 941 1147 3827 1134 3827 1133 3827 1147 941 1133 941 1148 941 1148 941 1133 941 1406 941 1406 941 1133 941 1131 941 1406 941 1131 941 1130 941 1220 3828 643 3828 1219 3828 1219 3829 643 3829 1407 3829 1184 3830 1186 3831 1408 3832 1408 3833 1186 3833 1212 3833 1408 3834 1212 3834 1407 3834 1407 3835 1212 3835 1224 3835 1407 3836 1224 3836 1219 3836 1184 3837 1408 3837 1182 3837 1182 3838 1408 3838 1409 3838 1182 3839 1409 3839 1180 3839 1180 3840 1409 3840 1178 3840 1178 3841 1409 3841 1410 3841 1178 3842 1410 3842 1176 3842 1174 3843 1172 3843 1410 3843 1410 3844 1172 3844 1171 3844 1410 3845 1171 3845 1176 3845 1167 3846 1411 3846 1165 3846 1165 3847 1411 3847 1412 3847 1165 3848 1412 3848 1156 3848 1167 3849 1168 3849 1411 3849 1411 3850 1168 3850 1170 3850 1411 3851 1170 3851 1410 3851 1410 3852 1170 3852 1175 3852 1410 3853 1175 3853 1174 3853 1413 3854 636 3854 1145 3854 1145 3855 1159 3855 1413 3855 1413 3856 1159 3856 1162 3856 1413 3857 1162 3857 1412 3857 1412 3858 1162 3858 1157 3858 1412 3859 1157 3859 1156 3859 643 190 1220 190 644 190 644 190 1220 190 1228 190 1287 3860 651 3860 1284 3860 1284 3861 651 3861 1414 3861 1284 3862 1414 3862 1282 3862 1282 3863 1414 3863 1280 3863 1280 3864 1414 3864 1415 3864 1280 3865 1415 3865 1279 3865 1275 3866 1273 3866 1416 3866 1416 3867 1273 3867 1272 3867 1416 3868 1272 3868 1415 3868 1415 3869 1272 3869 1277 3869 1415 3870 1277 3870 1279 3870 1267 3871 1265 3871 1417 3871 1417 3872 1265 3872 1264 3872 1264 3873 1269 3873 1417 3873 1417 3874 1269 3874 1271 3874 1417 3875 1271 3875 1416 3875 1416 3876 1271 3876 1276 3876 1416 3877 1276 3878 1275 3879 1267 3880 1417 3880 1268 3880 1268 3881 1417 3881 1418 3881 1268 3882 1418 3882 1261 3882 1261 3883 1418 3883 1259 3883 1259 3884 1418 3884 1419 3884 1259 3885 1419 3885 1229 3885 1420 3886 644 3886 1228 3886 1228 3887 1245 3887 1420 3887 1420 3888 1245 3888 1241 3888 1420 3889 1241 3889 1419 3889 1419 3890 1241 3890 1230 3890 1419 3891 1230 3891 1229 3891 1307 940 1306 940 1421 940 1310 940 1309 940 1422 940 1421 940 1306 940 592 940 592 3892 1306 3892 1305 3892 592 3893 1305 3893 684 3893 1287 940 1301 940 651 940 651 3894 1301 3894 1302 3894 651 940 1302 940 1422 940 1422 3895 1302 3895 1303 3895 1422 3896 1303 3896 1304 3896 1421 3897 1310 3897 1307 3897 1307 3898 1310 3898 1422 3898 1307 940 1422 940 1308 940 1308 3899 1422 3899 1304 3899 1318 190 1423 190 1309 190 1309 190 1423 190 1422 190 1312 3900 658 3900 1424 3900 1312 3901 1424 3901 1313 3901 1313 3902 1424 3902 1425 3902 1313 3903 1425 3903 1314 3903 1314 3904 1425 3904 1423 3904 1314 3905 1423 3905 1318 3905 1317 941 659 941 1312 941 1312 941 659 941 658 941 1311 3906 1426 3906 1427 3906 1311 3907 1427 3907 1315 3907 1315 3908 1427 3908 1428 3908 1315 3909 1428 3909 1316 3909 1316 3910 1428 3910 659 3910 1316 3911 659 3911 1317 3911 1310 339 1421 339 1311 339 1311 339 1421 339 1426 339 1026 339 597 339 1322 339 1322 339 597 339 596 339 1322 339 596 339 1323 339 1323 339 596 339 677 339 598 941 1045 941 602 941 602 3912 1045 3912 1331 3912 602 3913 1331 3913 1333 3913 1429 3914 602 3914 1333 3914 1398 3915 1106 3915 603 3915 603 3916 1430 3916 1398 3916 1398 3917 1430 3917 1431 3917 1398 3918 1431 3918 1397 3918 1397 3919 1431 3919 1396 3919 1396 3920 1431 3920 1432 3920 1396 3921 1432 3922 1395 3923 1433 3924 1359 3924 1432 3924 1432 3925 1359 3925 1394 3925 1432 3926 1394 3926 1395 3926 1434 3927 1364 3927 1435 3927 1435 3928 1364 3928 1362 3928 1435 3929 1362 3929 1433 3929 1433 3930 1362 3930 1360 3930 1433 3931 1360 3931 1359 3931 1436 3932 1368 3932 1434 3932 1434 3933 1368 3934 1366 3935 1434 3936 1366 3937 1364 3938 1356 3939 1358 3939 1436 3939 1436 3940 1358 3940 1369 3940 1436 3941 1369 3941 1368 3941 1333 3942 1354 3942 1429 3942 1429 3943 1354 3943 1356 3943 1429 3944 1356 3944 1437 3944 1437 3945 1356 3945 1436 3945 621 179 1400 179 1399 179 1403 179 1406 179 636 179 651 179 1422 179 1423 179 1408 179 1407 179 1424 179 668 3946 621 3946 619 3946 619 3947 621 3947 1399 3947 619 179 1399 179 673 179 673 3948 1399 3948 1402 3948 1424 179 1407 179 1425 179 1407 3949 643 3949 1425 3949 1425 179 643 179 644 179 1425 3950 644 3950 1420 3950 1427 179 1426 179 594 179 1414 3951 1417 3951 1415 3951 1415 3952 1417 3952 1416 3952 1411 179 1424 179 1412 179 1412 179 1424 179 1413 179 1426 179 1421 179 594 179 594 3953 1421 3953 592 3953 594 3954 592 3954 683 3954 1414 179 651 179 1417 179 1417 179 651 179 1423 179 1417 179 1423 179 1418 179 1418 3955 1423 3955 1425 3955 1418 179 1425 179 1419 179 1419 179 1425 179 1420 179 1338 179 598 179 659 179 1424 179 1436 179 1434 179 1413 179 1424 179 636 179 636 3956 1424 3956 1434 3956 636 3957 1434 3957 1435 3957 1411 179 1410 179 1424 179 1424 3958 1410 3958 1409 3958 1424 3959 1409 3959 1408 3959 1403 179 636 179 1404 179 1404 179 636 179 1435 179 1404 179 1435 179 1405 179 1405 179 1435 179 1433 179 1405 179 1433 179 1432 179 1113 179 615 179 628 179 628 179 615 179 1112 179 628 179 1112 179 1401 179 1401 3960 1112 3960 613 3960 1401 179 613 179 1402 179 1402 179 613 179 617 179 1402 3961 617 3961 673 3961 1432 179 1431 179 1405 179 1405 179 1431 179 1430 179 1405 3962 1430 3962 629 3962 629 3963 1430 3963 603 3963 629 179 603 179 628 179 628 179 603 179 612 179 628 179 612 179 1113 179 659 179 598 179 658 179 598 3964 602 3964 658 3964 658 3965 602 3965 1429 3965 658 3966 1429 3966 1424 3966 1424 179 1429 179 1437 179 1424 3967 1437 3967 1436 3967 600 3968 1338 3968 1339 3968 1339 3969 1338 3969 659 3969 1339 179 659 179 597 179 597 3970 659 3970 1428 3970 597 179 1428 179 596 179 596 3971 1428 3971 1427 3971 596 179 1427 179 679 179 679 179 1427 179 594 179 1438 941 1439 941 1440 941 1440 3972 1439 3972 1441 3972 1440 941 1441 941 1442 941 1442 3973 1441 3973 1443 3973 1442 941 1443 941 1444 941 1444 941 1443 941 1445 941 1444 941 1445 941 1446 941 1446 941 1445 941 1447 941 1446 941 1447 941 1448 941 1448 941 1447 941 1449 941 1448 3974 1449 3974 1450 3974 1450 941 1449 941 1451 941 1450 941 1451 941 1452 941 1451 3975 1453 3975 1452 3975 1452 3976 1453 3976 1454 3976 1452 941 1454 941 1455 941 1455 3977 1454 3977 1456 3977 1455 941 1456 941 1457 941 1457 3978 1456 3978 1458 3978 1457 941 1458 941 1459 941 1459 941 1458 941 1460 941 1459 941 1460 941 1461 941 1461 941 1460 941 1462 941 1461 941 1462 941 1463 941 1463 941 1462 941 1464 941 1463 3979 1464 3979 1465 3979 1465 941 1464 941 1466 941 1465 941 1466 941 1438 941 1438 3980 1466 3980 1467 3980 1438 3981 1467 3981 1439 3981 1468 3982 1443 3982 1469 3982 1469 3983 1443 3983 1441 3983 1469 3984 1441 3984 1470 3984 1470 3985 1441 3985 1439 3985 1470 3986 1439 3986 1471 3986 1471 3987 1439 3987 1467 3987 1471 3988 1467 3988 1472 3988 1472 3989 1467 3989 1466 3989 1472 3990 1466 3990 1473 3990 1473 3991 1466 3991 1464 3991 1473 3992 1464 3992 1474 3992 1474 3993 1464 3994 1462 3995 1474 3996 1462 3996 1475 3996 1475 3997 1462 3997 1460 3997 1475 3998 1460 3998 1476 3998 1476 3999 1460 3999 1458 3999 1476 4000 1458 4000 1477 4000 1477 4001 1458 4001 1456 4001 1477 4002 1456 4002 1478 4002 1478 4003 1456 4003 1454 4003 1478 4004 1454 4004 1479 4004 1479 4005 1454 4005 1453 4005 1479 4006 1453 4006 1480 4006 1480 4007 1453 4007 1451 4007 1480 4008 1451 4008 1481 4008 1481 4009 1451 4009 1449 4009 1481 4010 1449 4010 1482 4010 1482 4011 1449 4012 1447 4013 1482 4014 1447 4014 1483 4014 1483 4015 1447 4015 1445 4015 1483 4016 1445 4016 1468 4016 1468 4017 1445 4017 1443 4017 1457 4018 1459 4018 1484 4018 1484 4019 1485 4019 1457 4019 1457 4020 1485 4020 1486 4020 1457 4021 1486 4021 1455 4021 1486 4022 1487 4022 1455 4022 1455 4023 1487 4023 1488 4023 1455 4024 1488 4024 1452 4024 1489 4025 1448 4025 1450 4025 1488 4026 1490 4026 1452 4026 1452 4027 1490 4027 1491 4027 1452 4028 1491 4029 1450 4030 1450 4031 1491 4031 1492 4031 1450 4032 1492 4032 1489 4032 1489 4033 1493 4033 1448 4033 1448 4034 1493 4034 1494 4034 1448 4035 1494 4035 1446 4035 1446 4036 1494 4036 1495 4036 1446 4037 1495 4037 1444 4037 1495 4038 1496 4039 1444 4038 1444 4040 1496 4040 1497 4040 1444 4041 1497 4041 1442 4041 1497 4042 1498 4043 1442 4044 1442 4045 1498 4045 1499 4045 1442 4046 1499 4046 1440 4046 1499 4047 1500 4047 1440 4047 1440 4048 1500 4048 1501 4048 1440 4049 1501 4049 1438 4049 1501 4050 1502 4051 1438 4052 1438 4053 1502 4054 1503 4055 1438 4056 1503 4057 1465 4058 1503 4059 1504 4060 1465 4061 1465 4062 1504 4063 1505 4064 1465 4065 1505 4065 1463 4065 1505 4066 1506 4066 1463 4066 1463 4067 1506 4067 1507 4067 1463 4068 1507 4068 1461 4068 1507 4069 1508 4069 1461 4069 1461 4070 1508 4070 1509 4070 1461 4071 1509 4072 1459 4073 1459 4074 1509 4074 1510 4074 1459 4075 1510 4075 1484 4075 1511 4076 1512 4076 1513 4076 1513 4077 1512 4077 1514 4077 1513 4078 1514 4078 1515 4078 1515 4079 1514 4079 1516 4079 1515 4080 1516 4080 1517 4080 1517 4081 1516 4081 1518 4081 1517 4082 1518 4082 1519 4082 1519 4083 1518 4083 1520 4083 1519 4084 1520 4084 1521 4084 1521 4085 1520 4085 1522 4085 1521 4086 1522 4086 1523 4086 1523 4087 1522 4087 1524 4087 1523 4088 1524 4088 1525 4088 1525 4089 1524 4089 1526 4089 1525 4090 1526 4090 1527 4090 1527 4091 1526 4091 1528 4091 1527 4092 1528 4092 1529 4092 1529 4093 1528 4093 1530 4093 1529 4094 1530 4094 1531 4094 1531 4095 1530 4095 1532 4095 1531 4096 1532 4096 1533 4096 1533 4097 1532 4097 1534 4097 1533 4098 1534 4098 1535 4098 1535 4099 1534 4099 1536 4099 1535 4100 1536 4100 1537 4100 1537 4101 1536 4101 1538 4101 1538 4102 1536 4102 1539 4102 1538 4103 1539 4103 1540 4103 1540 4104 1539 4104 1541 4104 1540 4105 1541 4105 1542 4105 1542 4106 1541 4106 1543 4106 1542 4107 1543 4107 1544 4107 1544 4108 1543 4108 1545 4108 1544 4109 1545 4109 1546 4109 1546 4110 1545 4110 1547 4110 1546 4111 1547 4111 1548 4111 1548 4112 1547 4112 1549 4112 1548 4113 1549 4113 1550 4113 1550 4114 1549 4114 1551 4114 1550 4115 1551 4115 1552 4115 1552 4116 1551 4116 1553 4116 1552 4117 1553 4117 1554 4117 1554 4118 1553 4118 1555 4118 1554 4119 1555 4119 1556 4119 1556 4120 1555 4120 1557 4120 1556 4121 1557 4121 1558 4121 1558 4122 1557 4122 1559 4122 1558 4123 1559 4123 1560 4123 1560 4124 1559 4124 1561 4124 1560 4125 1561 4125 1511 4125 1511 4126 1561 4126 1562 4126 1511 4127 1562 4127 1512 4127 1563 1585 1564 1585 1565 1585 1566 1585 1567 1585 1568 1585 1569 1585 1570 1585 1565 1585 1565 4128 1570 4128 1571 4128 1568 1585 1572 1585 1573 1585 1571 1585 1566 1585 1565 1585 1565 1585 1566 1585 1568 1585 1565 1585 1568 1585 1563 1585 1563 1585 1568 1585 1573 1585 1563 4129 1573 4129 1574 4129 1575 4130 1481 4130 1576 4130 1576 4131 1481 4131 1482 4131 1576 4132 1482 4132 1577 4132 1577 4133 1482 4133 1483 4133 1577 4133 1483 4133 1578 4133 1578 4134 1483 4134 1468 4134 1578 4135 1468 4135 1579 4135 1579 4136 1468 4136 1469 4136 1579 4137 1469 4137 1580 4137 1580 4138 1469 4138 1470 4138 1580 4138 1470 4138 1581 4138 1581 4139 1470 4139 1471 4139 1581 4140 1471 4140 1582 4140 1582 4141 1471 4141 1472 4141 1582 4141 1472 4141 1583 4141 1583 4142 1472 4142 1473 4142 1583 4142 1473 4142 1584 4142 1584 4143 1473 4143 1474 4143 1584 4144 1474 4144 1585 4144 1585 4145 1474 4145 1475 4145 1585 4145 1475 4145 1586 4145 1586 4146 1475 4146 1476 4146 1586 4147 1476 4147 1587 4147 1587 4148 1476 4148 1477 4148 1587 4149 1477 4149 1588 4149 1588 4150 1477 4150 1478 4150 1588 4150 1478 4150 1589 4150 1589 4151 1478 4151 1479 4151 1589 4152 1479 4152 1590 4152 1590 4153 1479 4153 1480 4153 1590 4153 1480 4153 1575 4153 1575 4130 1480 4130 1481 4130 1591 4154 1592 4154 1593 4154 1593 4155 1592 4155 1594 4155 1593 4156 1594 4156 1595 4156 1595 4157 1594 4157 1596 4157 1595 4158 1596 4158 1597 4158 1597 4159 1596 4159 1598 4159 1597 4160 1598 4160 1599 4160 1599 4161 1598 4161 1600 4161 1601 940 1602 940 1520 940 1603 940 1604 940 1545 940 1605 4162 1606 4162 1530 4162 1545 940 1543 940 1603 940 1603 4163 1543 4163 1541 4163 1603 4164 1541 4164 1607 4164 1607 940 1541 940 1539 940 1607 4165 1539 4165 1608 4165 1608 940 1539 940 1536 940 1608 940 1536 940 1609 940 1609 4166 1536 4166 1534 4166 1609 940 1534 940 1606 940 1606 940 1534 940 1532 940 1606 4163 1532 4163 1530 4163 1530 4167 1528 4167 1605 4167 1605 940 1528 940 1526 940 1605 940 1526 940 1610 940 1610 4168 1526 4168 1524 4168 1610 4169 1524 4169 1602 4169 1602 4170 1524 4170 1522 4170 1602 940 1522 940 1520 940 1611 4171 1612 4171 1555 4171 1555 4172 1553 4172 1611 4172 1611 940 1553 940 1551 940 1611 940 1551 940 1613 940 1613 4173 1551 4173 1549 4173 1613 4174 1549 4174 1604 4174 1604 4175 1549 4175 1547 4175 1604 940 1547 940 1545 940 1520 940 1518 940 1601 940 1601 4176 1518 4176 1516 4176 1601 4177 1516 4177 1614 4177 1614 940 1516 940 1514 940 1614 4178 1514 4178 1615 4178 1615 4179 1514 4179 1512 4179 1512 940 1562 940 1615 940 1615 940 1562 940 1561 940 1615 940 1561 940 1616 940 1616 4180 1561 4180 1559 4180 1616 940 1559 940 1612 940 1612 940 1559 940 1557 940 1612 4176 1557 4176 1555 4176 1617 4181 1618 4181 1619 4181 1619 4182 1618 4182 1620 4182 1619 4183 1620 4183 1621 4183 1622 940 1623 940 1624 940 1624 940 1623 940 1625 940 1626 4184 1627 4184 1628 4184 1628 4185 1627 4185 1629 4185 1628 4186 1629 4186 1630 4186 1630 4187 1629 4187 1631 4187 1630 4188 1631 4188 1632 4188 1633 4189 1626 4189 1634 4189 1634 4190 1626 4190 1628 4190 1634 4191 1628 4191 1635 4191 1635 4192 1628 4192 1636 4192 1636 4193 1628 4193 1630 4193 1636 4194 1630 4194 1637 4194 1637 4195 1630 4195 1632 4195 1637 4196 1632 4197 1638 4198 1489 4199 1492 4199 1639 4199 1639 4200 1492 4200 1640 4200 1489 4201 1639 4201 1493 4201 1493 4202 1639 4202 1641 4202 1493 4203 1641 4203 1494 4203 1494 4204 1641 4204 1495 4204 1495 4205 1641 4205 1642 4205 1495 4206 1642 4206 1496 4206 1496 4207 1642 4207 1497 4207 1497 4207 1642 4207 1643 4207 1497 4208 1643 4208 1498 4208 1498 4209 1643 4209 1644 4209 1498 4210 1644 4211 1499 4212 1499 4213 1644 4213 1645 4213 1499 4214 1645 4214 1500 4214 1500 4215 1645 4215 1501 4215 1501 4216 1645 4216 1646 4216 1501 4217 1646 4217 1502 4217 1502 4218 1646 4219 1503 4220 1503 4221 1646 4221 1647 4221 1503 4222 1647 4222 1504 4222 1648 4223 1506 4223 1647 4223 1647 4224 1506 4224 1505 4224 1647 4225 1505 4226 1504 4227 1649 4228 1508 4228 1648 4228 1648 4229 1508 4229 1507 4229 1648 4230 1507 4230 1506 4230 1650 4231 1485 4231 1651 4231 1651 4232 1485 4232 1484 4232 1651 4233 1484 4233 1652 4233 1652 4233 1484 4233 1510 4233 1652 4234 1510 4234 1649 4234 1649 4235 1510 4235 1509 4235 1649 4236 1509 4237 1508 4238 1653 4239 1487 4239 1650 4239 1650 4240 1487 4240 1486 4240 1650 4241 1486 4241 1485 4241 1492 4242 1491 4242 1640 4242 1640 4243 1491 4243 1490 4243 1640 4244 1490 4244 1653 4244 1653 4245 1490 4245 1488 4245 1653 4246 1488 4246 1487 4246 1654 4247 1655 4247 1525 4247 1525 4248 1527 4248 1654 4248 1654 4249 1527 4249 1529 4249 1654 4250 1529 4250 1656 4250 1529 4251 1531 4251 1656 4251 1656 4252 1531 4252 1533 4252 1656 4253 1533 4253 1657 4253 1657 4254 1533 4254 1535 4254 1657 4207 1535 4207 1658 4207 1658 4207 1535 4207 1537 4207 1658 4209 1537 4209 1659 4209 1537 4208 1538 4208 1659 4208 1659 4255 1538 4255 1540 4255 1659 4256 1540 4256 1660 4256 1540 4257 1542 4257 1660 4257 1660 4258 1542 4258 1544 4258 1660 4259 1544 4259 1661 4259 1544 4260 1546 4260 1661 4260 1661 4261 1546 4261 1548 4261 1661 4262 1548 4262 1662 4262 1548 4263 1550 4263 1662 4263 1662 4264 1550 4264 1552 4264 1662 4265 1552 4265 1663 4265 1552 4266 1554 4266 1663 4266 1663 4267 1554 4267 1556 4267 1663 4268 1556 4268 1664 4268 1556 4269 1558 4269 1664 4269 1664 4270 1558 4270 1560 4270 1664 4271 1560 4271 1665 4271 1665 4272 1560 4272 1511 4272 1665 4233 1511 4233 1666 4233 1666 4273 1511 4273 1513 4273 1666 4274 1513 4274 1667 4274 1513 4275 1515 4275 1667 4275 1667 4276 1515 4276 1517 4276 1667 4277 1517 4277 1668 4277 1517 4278 1519 4278 1668 4278 1668 4279 1519 4279 1521 4279 1668 4280 1521 4280 1655 4280 1655 4281 1521 4281 1523 4281 1655 4282 1523 4282 1525 4282 1570 4283 1669 4283 1571 4283 1571 4284 1669 4284 1670 4284 1571 4285 1670 4285 1566 4285 1566 4286 1670 4286 1671 4286 1566 4287 1671 4287 1567 4287 1567 4287 1671 4287 1672 4287 1567 4288 1672 4288 1568 4288 1568 4288 1672 4288 1673 4288 1568 4289 1673 4289 1572 4289 1572 4290 1673 4290 1674 4290 1572 4291 1674 4291 1573 4291 1573 4292 1674 4292 1675 4292 1573 4293 1675 4293 1574 4293 1574 4294 1675 4294 1676 4294 1574 4295 1676 4295 1563 4295 1563 4296 1676 4296 1677 4296 1563 4297 1677 4297 1564 4297 1564 4298 1677 4298 1678 4298 1564 4299 1678 4299 1565 4299 1565 4300 1678 4300 1679 4300 1565 4301 1679 4301 1569 4301 1569 4302 1679 4302 1680 4302 1569 4303 1680 4303 1570 4303 1570 4304 1680 4304 1669 4304 1681 4305 1682 4305 1683 4305 1683 4306 1682 4306 1684 4306 1683 4307 1684 4308 1685 4307 1686 4309 1687 4309 1681 4309 1681 4310 1687 4310 1688 4310 1681 4311 1688 4311 1682 4311 1689 4312 1690 4312 1691 4312 1691 4313 1692 4313 1689 4313 1689 4314 1692 4314 1693 4314 1689 4315 1693 4315 1694 4315 1693 4316 1695 4316 1694 4316 1694 4317 1695 4317 1696 4317 1694 4318 1696 4318 1697 4318 1696 4319 1698 4320 1697 4320 1697 4321 1698 4321 1699 4321 1697 4322 1699 4322 1700 4322 1701 4323 1702 4323 1703 4323 1699 4324 1704 4324 1700 4324 1700 4325 1704 4325 1705 4325 1700 4326 1705 4326 1703 4326 1703 4327 1705 4327 1706 4327 1703 4328 1706 4328 1701 4328 1707 4329 1708 4329 1709 4330 1701 4331 1710 4331 1702 4331 1702 4332 1710 4332 1711 4332 1702 4333 1711 4334 1709 4335 1709 4336 1711 4337 1712 4337 1709 4338 1712 4339 1707 4340 1707 4341 1713 4341 1708 4341 1708 4342 1713 4342 1714 4343 1708 4344 1714 4344 1715 4344 1715 4345 1714 4345 1716 4345 1715 4346 1716 4346 1717 4346 1716 4347 1718 4347 1717 4347 1717 4348 1718 4348 1719 4348 1717 4349 1719 4349 1720 4349 1719 4350 1721 4350 1720 4350 1720 4351 1721 4351 1722 4351 1720 4352 1722 4352 1723 4352 1722 4353 1724 4354 1723 4353 1723 4355 1724 4355 1725 4355 1723 4356 1725 4356 1726 4356 1725 4357 1727 4357 1726 4357 1726 4358 1727 4359 1728 4360 1726 4361 1728 4361 1729 4361 1728 4362 1730 4362 1729 4362 1729 4363 1730 4364 1731 4363 1729 4365 1731 4366 1732 4366 1731 4367 1733 4367 1732 4367 1732 4368 1733 4369 1734 4370 1732 4371 1734 4371 1735 4372 1734 4373 1736 4373 1735 4373 1735 4374 1736 4374 1737 4374 1735 4375 1737 4375 1738 4375 1737 4376 1739 4376 1738 4376 1738 4377 1739 4377 1740 4377 1738 4378 1740 4378 1690 4378 1690 4379 1740 4380 1741 4381 1690 4382 1741 4382 1691 4382 1742 4383 1743 4383 1744 4383 1744 4384 1743 4384 1745 4384 1744 4385 1745 4385 1746 4385 1747 4386 1748 4386 1749 4386 1621 4387 1620 4387 1750 4387 1750 4388 1620 4388 1751 4388 1750 4389 1751 4389 1752 4389 1752 4390 1751 4390 1753 4390 1752 4391 1753 4391 1754 4391 1754 4392 1753 4392 1747 4392 1754 4393 1747 4393 1755 4393 1755 4394 1747 4394 1749 4394 1756 4395 1757 4395 1758 4395 1759 4396 1760 4396 1756 4396 1756 4397 1760 4397 1761 4397 1756 4398 1761 4398 1757 4398 1758 4399 1762 4399 1756 4399 1756 4400 1762 4400 1763 4400 1756 4401 1763 4401 1748 4401 1748 4402 1763 4402 1749 4402 1756 4403 1748 4403 1747 4403 1585 4404 1764 4404 1584 4404 1584 941 1764 941 1765 941 1584 4405 1765 4405 1583 4405 1583 4406 1765 4406 1766 4406 1583 941 1766 941 1582 941 1590 941 1575 941 1618 941 1618 4407 1575 4407 1620 4407 1618 941 1767 941 1590 941 1590 4408 1767 4408 1768 4408 1590 4409 1768 4409 1589 4409 1589 941 1768 941 1769 941 1589 941 1769 941 1588 941 1588 941 1769 941 1770 941 1588 941 1770 941 1587 941 1587 941 1770 941 1771 941 1587 4410 1771 4410 1586 4410 1586 941 1771 941 1772 941 1586 4411 1772 4411 1585 4411 1585 941 1772 941 1773 941 1585 4412 1773 4412 1764 4412 1575 941 1576 941 1620 941 1620 4413 1576 4413 1577 4413 1620 941 1577 941 1751 941 1747 4414 1753 4414 1756 4414 1756 941 1753 941 1751 941 1756 941 1751 941 1774 941 1774 941 1751 941 1577 941 1774 4415 1577 4415 1578 4415 1766 941 1775 941 1582 941 1582 4416 1775 4416 1776 4416 1582 4417 1776 4417 1581 4417 1581 941 1776 941 1777 941 1581 4418 1777 4418 1580 4418 1778 941 1779 941 1579 941 1579 941 1779 941 1780 941 1579 4419 1780 4419 1578 4419 1578 941 1780 941 1781 941 1578 4420 1781 4420 1774 4420 1777 941 1600 941 1580 941 1580 941 1600 941 1598 941 1580 941 1598 941 1579 941 1782 941 1783 941 1784 941 1784 4421 1783 4421 1785 4421 1598 4422 1596 4422 1579 4422 1579 941 1596 941 1594 941 1579 941 1594 941 1778 941 1594 941 1592 941 1778 941 1778 941 1592 941 1786 941 1778 4423 1786 4423 1783 4423 1783 941 1786 941 1787 941 1783 4424 1787 4424 1785 4424 1759 4425 1756 4425 1788 4425 1788 4426 1756 4426 1774 4426 1788 4427 1774 4427 1789 4427 1790 4428 1791 4428 1792 4428 1790 4429 1792 4429 1745 4429 1745 4430 1792 4430 1793 4430 1745 4431 1793 4431 1746 4431 1701 4432 1706 4432 1794 4432 1794 4433 1706 4433 1795 4433 1701 4434 1794 4434 1710 4434 1710 4435 1794 4435 1796 4435 1710 4436 1796 4436 1711 4436 1711 4437 1796 4437 1712 4437 1712 4438 1796 4438 1797 4438 1712 4439 1797 4439 1707 4439 1707 4440 1797 4440 1713 4440 1713 4441 1797 4441 1798 4441 1713 4442 1798 4442 1714 4442 1714 4443 1798 4443 1716 4443 1716 4444 1798 4444 1799 4444 1716 4445 1799 4445 1718 4445 1718 4446 1799 4446 1800 4446 1718 4447 1800 4447 1719 4447 1719 4448 1800 4448 1801 4448 1719 4449 1801 4449 1721 4449 1721 4450 1801 4450 1722 4450 1722 4451 1801 4451 1802 4451 1722 4452 1802 4452 1724 4452 1724 4453 1802 4454 1725 4455 1725 4456 1802 4456 1803 4456 1725 4457 1803 4457 1727 4457 1727 4458 1803 4459 1728 4460 1728 4461 1803 4461 1804 4461 1728 4462 1804 4462 1730 4462 1805 4463 1733 4463 1804 4463 1804 4464 1733 4464 1731 4464 1804 4465 1731 4466 1730 4467 1806 4468 1736 4468 1805 4468 1805 4469 1736 4469 1734 4469 1805 4470 1734 4470 1733 4470 1807 4471 1739 4471 1806 4471 1806 4472 1739 4472 1737 4472 1806 4473 1737 4473 1736 4473 1808 4474 1692 4474 1809 4474 1809 4475 1692 4475 1691 4475 1809 4476 1691 4476 1810 4476 1810 4477 1691 4477 1741 4477 1810 4478 1741 4478 1807 4478 1807 4479 1741 4479 1740 4479 1807 4480 1740 4480 1739 4480 1811 4481 1695 4481 1808 4481 1808 4482 1695 4482 1693 4482 1808 4483 1693 4483 1692 4483 1812 4484 1698 4484 1811 4484 1811 4485 1698 4485 1696 4485 1811 4486 1696 4486 1695 4486 1706 4487 1705 4487 1795 4487 1795 4488 1705 4488 1704 4488 1795 4489 1704 4489 1812 4489 1812 4490 1704 4490 1699 4490 1812 4491 1699 4491 1698 4491 1813 4492 1616 4492 1814 4492 1814 4493 1616 4493 1612 4493 1814 4494 1612 4494 1815 4494 1815 4495 1612 4495 1611 4495 1815 4496 1611 4496 1816 4496 1816 4497 1611 4497 1613 4497 1816 4498 1613 4498 1817 4498 1817 4499 1613 4499 1604 4499 1817 4500 1604 4500 1818 4500 1818 4501 1604 4501 1603 4501 1818 4502 1603 4502 1819 4502 1819 4503 1603 4504 1607 4505 1819 4506 1607 4506 1820 4506 1820 4507 1607 4507 1608 4507 1820 4508 1608 4508 1821 4508 1821 4509 1608 4509 1609 4509 1821 4510 1609 4510 1822 4510 1822 4511 1609 4511 1606 4511 1822 4512 1606 4512 1823 4512 1823 4513 1606 4513 1605 4513 1823 4514 1605 4514 1824 4514 1824 4515 1605 4515 1610 4515 1824 4516 1610 4516 1825 4516 1825 4517 1610 4517 1602 4517 1825 4518 1602 4518 1826 4518 1826 4519 1602 4519 1601 4519 1826 4520 1601 4520 1827 4520 1827 4521 1601 4522 1614 4523 1827 4524 1614 4524 1828 4524 1828 4525 1614 4525 1615 4525 1828 4526 1615 4526 1813 4526 1813 4527 1615 4527 1616 4527 1829 4528 1830 4528 1831 4528 1831 4529 1830 4529 1832 4529 1830 4530 1833 4530 1832 4530 1832 4531 1833 4531 1834 4531 1832 4532 1834 4532 1835 4532 1836 4533 1837 4533 1832 4533 1832 4534 1837 4534 1838 4534 1832 4535 1838 4535 1831 4535 1682 4536 1688 4536 1839 4536 1839 4537 1688 4537 1687 4537 1839 4538 1687 4538 1832 4538 1832 4539 1687 4539 1840 4539 1832 4540 1840 4540 1836 4540 1841 4541 1842 4541 1839 4541 1841 4542 1839 4543 1619 4544 1842 4545 1843 4545 1839 4545 1839 4546 1843 4547 1844 4548 1839 4549 1844 4549 1845 4549 1845 4550 1846 4550 1839 4550 1839 4551 1846 4552 1684 4553 1839 4554 1684 4554 1682 4554 1839 4555 1847 4555 1619 4555 1619 4556 1847 4556 1848 4556 1619 4557 1848 4557 1617 4557 1834 4558 1849 4558 1835 4558 1835 4559 1849 4559 1850 4559 1835 4560 1850 4560 1851 4560 1624 4561 1625 4561 1852 4561 1852 4562 1625 4562 1853 4562 1852 4563 1853 4563 1854 4563 1854 4564 1853 4564 1855 4564 1623 1585 1856 1585 1857 1585 1623 4565 1857 4565 1625 4565 1625 1585 1857 1585 1855 1585 1625 4566 1855 4566 1853 4566 1623 4567 1622 4567 1856 4567 1856 4568 1622 4568 1858 4568 1856 4569 1858 4569 1857 4569 1857 4570 1858 4570 1859 4570 1859 179 1858 179 1622 179 1859 179 1622 179 1854 179 1854 4571 1622 4571 1624 4571 1854 179 1624 179 1852 179 1860 4572 1861 4572 1862 4572 1863 4573 1864 4574 1862 4575 1862 4576 1864 4576 1865 4576 1862 4577 1865 4577 1860 4577 1860 4578 1865 4578 1866 4578 1860 4579 1866 4579 1867 4579 560 4580 1868 4580 1866 4580 1866 4581 1868 4581 1869 4581 1866 4582 1869 4582 1867 4582 1870 4583 1871 4583 1638 4583 1638 4584 1871 4584 1872 4584 1638 4585 1872 4585 1637 4585 1637 4586 1872 4586 1873 4586 1637 4587 1873 4587 1636 4587 1636 4588 1873 4588 1874 4588 1636 4589 1874 4589 1635 4589 1599 4590 1600 4590 1777 4590 1599 4591 1777 4591 1875 4591 1875 4592 1777 4592 1776 4592 1875 4593 1776 4593 1876 4593 1876 4594 1776 4594 1775 4594 1876 4595 1775 4595 1877 4595 1877 4596 1775 4596 1766 4596 1877 4597 1766 4597 1878 4597 1878 4598 1766 4598 1765 4598 1878 4599 1765 4599 1879 4599 1879 4600 1765 4600 1764 4600 1879 4601 1764 4601 1880 4601 1880 4602 1764 4602 1773 4602 1880 4603 1773 4603 1881 4603 1881 4604 1773 4604 1772 4604 1881 4605 1772 4605 1882 4605 1882 4606 1772 4606 1771 4606 1882 4607 1771 4607 1883 4607 1883 4608 1771 4608 1770 4608 1883 4609 1770 4609 1884 4609 1884 4610 1770 4610 1769 4610 1884 4611 1769 4611 1885 4611 1885 4612 1769 4612 1768 4612 1885 4613 1768 4613 1886 4613 1886 4614 1768 4614 1767 4614 1886 4615 1767 4615 1887 4615 1887 4616 1767 4616 1618 4616 1887 4617 1618 4617 1617 4617 1648 4618 1888 4618 1649 4618 1649 4619 1888 4619 1889 4619 1649 940 1889 940 1652 940 1652 940 1889 940 1890 940 1652 940 1890 940 1651 940 1651 4620 1890 4620 1891 4620 1651 940 1891 940 1650 940 1650 940 1891 940 1892 940 1650 940 1892 940 1653 940 1646 940 1893 940 1647 940 1647 4621 1893 4621 1894 4621 1647 940 1894 940 1648 940 1648 4622 1894 4622 1895 4622 1648 4623 1895 4623 1888 4623 1892 940 1896 940 1653 940 1653 4624 1896 4624 1897 4624 1653 940 1897 940 1640 940 1640 4625 1897 4625 1848 4625 1640 4626 1848 4626 1639 4626 1639 4627 1848 4627 1847 4627 1639 940 1847 940 1641 940 1641 4628 1847 4628 1839 4628 1641 940 1839 940 1642 940 1642 940 1839 940 1643 940 1643 940 1839 940 1898 940 1643 940 1898 940 1644 940 1644 4629 1898 4629 1899 4629 1644 4630 1899 4630 1645 4630 1645 4631 1899 4631 1900 4631 1645 940 1900 940 1646 940 1646 940 1900 940 1901 940 1646 4632 1901 4632 1893 4632 1839 190 1832 190 1898 190 1898 190 1832 190 1902 190 1662 941 1903 941 1661 941 1661 4633 1903 4633 1904 4633 1661 4634 1904 4634 1660 4634 1655 4635 1654 4635 1835 4635 1835 941 1654 941 1832 941 1664 4636 1905 4636 1663 4636 1663 4637 1905 4637 1906 4637 1663 941 1906 941 1662 941 1662 4638 1906 4638 1907 4638 1662 4639 1907 4639 1903 4639 1654 4640 1656 4640 1832 4640 1832 4641 1656 4641 1657 4641 1832 4642 1657 4642 1902 4642 1835 941 1851 941 1655 941 1655 4643 1851 4643 1908 4643 1655 941 1908 941 1668 941 1668 4644 1908 4644 1909 4644 1668 941 1909 941 1667 941 1667 941 1909 941 1910 941 1667 941 1910 941 1666 941 1666 941 1910 941 1911 941 1666 941 1911 941 1665 941 1665 4645 1911 4645 1912 4645 1665 941 1912 941 1664 941 1664 941 1912 941 1913 941 1664 4646 1913 4646 1905 4646 1904 4647 1914 4647 1660 4647 1660 4648 1914 4648 1915 4648 1660 941 1915 941 1659 941 1659 4649 1915 4649 1902 4649 1659 941 1902 941 1658 941 1658 4650 1902 4650 1657 4650 1591 4651 1916 4651 1917 4651 1786 4652 1592 4652 1918 4652 1918 4653 1592 4653 1591 4653 1918 4654 1591 4654 1919 4654 1919 4655 1591 4655 1917 4655 1864 4656 1863 4656 1920 4656 1920 4657 1863 4657 1921 4657 1922 4658 1868 4658 560 4658 1923 4659 589 4659 1924 4659 1924 4660 589 4660 1925 4660 1923 4661 1926 4661 589 4661 589 4662 1926 4662 1927 4662 589 4663 1927 4663 560 4663 560 4664 1927 4664 1928 4664 560 4665 1928 4665 1922 4665 1679 4666 1929 4666 1680 4666 1680 4667 1929 4667 1930 4667 1680 4668 1930 4668 1669 4668 1669 4669 1930 4669 1931 4669 1669 4670 1931 4670 1670 4670 1670 4671 1931 4671 1932 4671 1670 4672 1932 4672 1671 4673 1671 4674 1932 4674 1933 4674 1671 4675 1933 4676 1672 4677 1672 4678 1933 4678 1934 4678 1672 4679 1934 4679 1673 4679 1673 4680 1934 4680 1935 4680 1673 4681 1935 4682 1674 4682 1674 4683 1935 4683 1936 4683 1674 4684 1936 4684 1675 4684 1675 4685 1936 4685 1937 4685 1675 4686 1937 4686 1676 4686 1676 4687 1937 4687 1938 4687 1676 4688 1938 4688 1677 4688 1677 4689 1938 4689 1939 4689 1677 4690 1939 4690 1678 4690 1678 4691 1939 4691 1940 4691 1678 4692 1940 4692 1679 4692 1679 4693 1940 4693 1929 4693 1683 4694 1685 4694 1941 4694 1942 4695 1943 4695 1944 4695 1944 4696 1943 4696 1941 4696 1944 4697 1941 4697 1945 4697 1945 4698 1941 4698 1685 4698 1683 4699 1941 4699 1681 4699 1681 4700 1941 4700 574 4700 1681 4701 574 4701 1686 4701 1925 4702 589 4702 1946 4702 1946 4703 589 4703 1947 4703 1946 4704 1947 4705 1948 4706 1948 4707 1947 4707 1949 4707 1949 4708 1947 4708 1950 4708 1950 4709 1947 4709 1951 4709 1950 4710 1951 4710 1952 4710 1942 4711 1953 4711 1943 4711 1943 4712 1953 4712 1954 4712 1943 4713 1954 4713 1955 4713 1955 4714 1956 4715 1943 4716 1943 4717 1956 4717 1957 4717 1943 4718 1957 4718 1951 4718 1951 4719 1957 4720 1958 4721 1951 4722 1958 4722 1952 4722 1686 4723 1959 4723 1687 4723 1687 4723 1959 4723 1840 4723 1960 941 1961 941 1962 941 1962 941 1961 941 1963 941 1964 4724 1965 4724 1966 4724 1967 4725 1968 4725 1969 4725 1970 4726 1971 4726 1972 4726 1966 4727 1973 4727 1974 4727 1970 4728 1972 4728 1974 4728 1967 4729 1969 4729 1975 4729 1975 4730 1969 4730 1976 4730 1975 4731 1976 4731 1977 4731 1977 4732 1976 4732 1978 4732 1978 4733 1976 4733 1979 4733 1978 4734 1979 4734 1980 4734 1981 4735 1980 4735 1979 4735 1974 4736 1972 4736 1966 4736 1966 4737 1972 4737 1982 4737 1966 4738 1982 4738 1964 4738 1971 4739 1981 4739 1972 4739 1972 4740 1981 4740 1979 4740 1972 4741 1979 4741 1982 4741 1982 4742 1979 4742 1976 4742 1982 4743 1976 4743 1964 4743 1964 4744 1976 4744 1969 4744 1964 4745 1969 4745 1965 4745 1965 4746 1969 4746 1968 4746 1983 4747 1793 4747 1984 4747 1984 4748 1793 4749 1792 4750 1984 4751 1792 4751 1985 4751 1635 4752 1874 4752 1742 4752 1635 4753 1742 4754 1986 4755 1986 4756 1742 4756 1744 4756 1986 4757 1744 4757 1983 4757 1983 4758 1744 4759 1746 4760 1983 4761 1746 4761 1793 4761 1987 4762 1988 4762 1989 4762 1987 4763 1989 4763 1990 4763 1990 4764 1989 4764 1991 4764 1990 4765 1991 4765 1992 4765 1992 4766 1991 4766 1993 4766 1992 4767 1993 4767 1994 4767 1994 4768 1993 4768 1995 4768 1994 4769 1995 4769 1996 4769 1996 4770 1995 4770 1997 4770 1996 4771 1997 4771 1998 4771 1998 4772 1997 4772 1999 4772 1998 4773 1999 4773 2000 4773 2000 4774 1999 4774 2001 4774 2000 4775 2001 4775 2002 4775 2002 4776 2001 4776 2003 4776 2002 4777 2003 4777 2004 4777 2004 4778 2003 4778 2005 4778 2004 4779 2005 4779 2006 4779 2006 4780 2005 4780 1791 4780 2006 4781 1791 4781 1790 4781 1715 941 2007 941 1708 941 1708 4782 2007 4782 2008 4782 1708 941 2008 941 1709 941 1709 941 2008 941 2009 941 1709 941 2009 941 1702 941 1702 4783 2009 4783 2010 4783 1702 941 2010 941 1703 941 1703 941 2010 941 2011 941 1703 941 2011 941 1700 941 1690 4784 2012 4784 1738 4784 1738 941 2012 941 2013 941 1738 4785 2013 4785 1735 4785 1735 941 2013 941 2014 941 1735 4786 2014 4786 1732 4786 1732 4787 2014 4787 2015 4787 1732 4788 2015 4788 1729 4788 1729 941 2015 941 2016 941 1729 941 2016 941 1726 941 1726 941 2016 941 2017 941 1726 941 2017 941 1723 941 1723 941 2017 941 2018 941 1723 941 2018 941 1720 941 1720 4789 2018 4789 2019 4789 1720 4790 2019 4790 1717 4790 1717 4791 2019 4791 2020 4791 1717 4792 2020 4792 1715 4792 1715 4793 2020 4793 2021 4793 1715 941 2021 941 2007 941 2011 4794 2022 4794 1700 4794 1700 4795 2022 4795 2023 4795 1700 941 2023 941 1697 941 1697 4796 2023 4796 2024 4796 1697 4797 2024 4797 1694 4797 1694 941 2024 941 2025 941 1694 941 2025 941 1689 941 1689 941 2025 941 2026 941 1689 4798 2026 4798 1690 4798 1690 941 2026 941 2027 941 1690 941 2027 941 2012 941 2028 4799 2029 4799 2030 4799 2028 4800 2030 4800 2031 4800 2031 4801 2030 4802 2032 4803 2031 4804 2032 4804 2033 4804 2033 4805 2032 4805 2034 4805 2033 4806 2034 4806 2035 4806 2035 4807 2034 4807 2036 4807 2036 4808 2034 4808 2037 4808 2036 4809 2037 4809 2038 4809 2039 4810 2040 4810 2037 4810 2037 4811 2040 4811 2041 4811 2037 4812 2041 4812 2038 4812 1745 4813 1743 4813 2042 4813 1745 4814 2042 4814 1790 4814 1790 4815 2042 4815 2043 4815 1790 4816 2043 4816 2044 4816 1742 4817 1874 4817 1743 4817 1743 4818 1874 4818 2045 4818 2045 4819 1874 4819 2046 4819 2046 4820 1874 4820 1873 4820 2046 4821 1873 4821 2047 4821 2047 4822 1873 4822 1872 4822 2047 4823 1872 4823 2048 4823 2048 4824 1872 4824 1871 4824 2048 4825 1871 4825 2049 4825 2049 4826 1871 4826 1870 4826 2049 4827 1870 4827 2050 4827 2050 4828 1870 4828 1862 4828 2050 4829 1862 4829 1861 4829 1869 4830 1868 4830 2051 4830 2052 4831 2050 4831 1861 4831 1869 4832 2051 4832 1867 4832 1861 4833 1860 4833 2052 4833 2052 4834 1860 4834 1867 4834 2052 4835 1867 4835 2053 4835 2053 4836 1867 4836 2051 4836 1868 4837 1922 4837 2051 4837 2051 4838 1922 4838 2054 4838 2054 4839 1922 4839 2055 4839 2055 4840 1922 4841 1928 4842 2055 4843 1928 4844 2056 4845 2056 4846 1928 4846 2057 4846 2057 4847 1928 4847 1927 4847 2057 4848 1927 4848 2058 4848 2058 4849 1927 4849 1926 4849 2058 4850 1926 4850 2059 4850 2059 4851 1926 4851 1923 4851 2059 4852 1923 4852 2060 4852 2060 4853 1923 4854 1924 4855 2060 4856 1924 4856 1925 4856 2060 4857 1925 4857 1946 4857 2060 4858 1946 4858 2061 4858 2061 4859 1946 4860 1948 4861 2061 4862 1948 4862 2062 4862 2062 4863 1948 4863 1949 4863 2062 4864 1949 4864 2063 4864 2063 4865 1949 4866 1950 4867 2063 4868 1950 4868 2064 4869 2064 4870 1950 4870 1952 4870 2064 4871 1952 4871 2065 4871 2065 4872 1952 4872 1958 4872 2065 4873 1958 4874 2066 4875 2066 4876 1958 4877 1957 4878 2066 4879 1957 4879 2067 4879 2067 4880 1957 4881 1956 4882 2067 4883 1956 4883 2068 4883 2068 4884 1956 4884 1955 4885 2068 4886 1955 4887 2069 4888 1685 4889 1684 4890 1945 4891 1945 4892 1684 4893 2070 4893 1945 4894 2070 4894 1944 4894 1944 4895 2070 4895 2071 4895 1944 4896 2071 4896 1942 4896 1942 4897 2071 4898 2072 4899 1942 4900 2072 4901 1953 4902 1953 4903 2072 4903 2069 4903 1953 4904 2069 4905 1954 4906 1954 4907 2069 4908 1955 4907 1749 4909 2073 4909 2074 4909 1749 4910 2074 4910 1755 4910 2074 4911 2075 4911 1755 4911 1755 4912 2075 4912 1844 4912 1755 4913 1844 4913 1754 4913 1754 4914 1844 4914 1843 4914 1754 4915 1843 4915 1752 4915 1752 4916 1843 4916 1750 4916 1750 4917 1843 4918 1842 4919 1750 4920 1842 4920 1621 4920 1621 4921 1842 4921 1841 4921 1621 4922 1841 4923 1619 4924 2073 4925 1749 4925 1763 4925 2073 4926 1763 4926 2076 4926 2076 4927 1763 4927 1762 4927 2076 4928 1762 4929 2077 4930 2077 4931 1762 4931 1758 4931 2077 4932 1758 4932 2078 4932 2078 4933 1758 4933 1757 4933 2078 4934 1757 4934 2079 4934 2080 4935 2081 4936 1757 4937 1757 4938 2081 4938 2082 4938 1757 4939 2082 4940 2079 4939 1757 4941 1761 4941 2080 4941 2080 4942 1761 4942 1760 4942 2080 4943 1760 4943 2083 4943 2083 4944 1760 4944 2084 4944 2084 4945 1760 4945 1759 4945 2084 4946 1759 4946 2085 4946 2085 4947 1759 4947 1788 4947 2085 4948 1788 4948 2086 4948 2086 4949 1788 4949 1789 4949 2086 4950 1789 4950 2087 4950 2087 4951 1789 4951 2088 4951 2087 4952 2088 4952 2089 4952 2089 4953 2088 4953 2090 4953 2089 4954 2090 4954 2091 4954 2090 4955 2092 4955 2091 4955 2091 4956 2092 4956 2093 4956 2091 4957 2093 4957 2094 4957 2094 4958 2093 4958 2095 4958 2094 4959 2095 4959 2096 4959 1789 4960 1774 4960 2088 4960 2088 4961 1774 4961 1781 4961 2088 4962 1781 4962 2090 4962 2090 4963 1781 4963 2092 4963 1780 4964 2095 4964 1781 4964 1781 4965 2095 4965 2093 4965 1781 4966 2093 4966 2092 4966 1779 4967 2097 4967 1780 4967 1780 4967 2097 4967 2098 4967 1780 4968 2098 4968 2095 4968 1811 940 1808 940 1792 940 2099 940 2100 940 2101 940 2101 940 2100 940 1995 940 2101 940 1995 940 2102 940 2102 940 1995 940 1988 940 1973 4969 1985 4969 1806 4969 1988 940 1995 940 1989 940 1989 4970 1995 4970 1993 4970 1989 940 1993 940 1991 940 1796 4971 1794 4971 2005 4971 2005 4972 1794 4972 1791 4972 1791 4973 1794 4973 1795 4973 1791 4974 1795 4974 1792 4974 1792 4975 1795 4975 1812 4975 1792 4976 1812 4976 1811 4976 1804 940 1980 940 1805 940 1805 940 1980 940 1981 940 2103 940 1980 940 2104 940 2104 940 1980 940 1804 940 2104 940 1804 940 2105 940 2105 940 1804 940 1803 940 2105 4977 1803 4977 2100 4977 2100 4978 1803 4978 1802 4978 2100 4979 1802 4979 1995 4979 1981 940 1971 940 1805 940 1805 4980 1971 4980 1970 4980 1805 4981 1970 4981 1806 4981 1806 4982 1970 4982 1974 4982 1806 4983 1974 4984 1973 4985 1802 940 1801 940 1995 940 1995 4986 1801 4986 1800 4986 1995 940 1800 940 1997 940 1808 940 1809 940 1792 940 1792 940 1809 940 1810 940 1792 4987 1810 4987 1985 4987 1985 4988 1810 4988 1807 4988 1985 4989 1807 4989 1806 4989 2005 4990 2003 4990 1796 4990 1796 4991 2003 4991 2001 4991 1796 940 2001 940 1797 940 1797 940 2001 940 1999 940 1797 940 1999 940 1798 940 1798 940 1999 940 1997 940 1798 940 1997 940 1799 940 1799 4992 1997 4992 1800 4992 2106 339 2107 339 2108 339 2108 339 2107 339 2109 339 2110 4993 2104 4993 2111 4993 2111 4994 2104 4994 2105 4994 2111 4995 2105 4995 2100 4995 2112 4996 2113 4996 2114 4996 2114 4997 2113 4997 2115 4997 2114 4998 2115 4998 2116 4998 2116 4999 2115 4999 2110 4999 2116 5000 2110 5001 2117 5002 2117 5003 2110 5003 2111 5003 2118 4141 1818 4141 2119 4141 2119 4140 1818 4140 1819 4140 2119 4139 1819 4139 2120 4139 2120 4138 1819 4138 1820 4138 2120 4138 1820 4138 2121 4138 2121 4137 1820 4137 1821 4137 2121 4136 1821 4136 2122 4136 2122 4135 1821 4135 1822 4135 2122 4134 1822 4134 2123 4134 2123 4133 1822 4133 1823 4133 2123 4133 1823 4133 2124 4133 2124 4132 1823 4132 1824 4132 2124 4131 1824 4131 2125 4131 2125 4130 1824 4130 1825 4130 2125 4130 1825 4130 2126 4130 2126 4153 1825 4153 1826 4153 2126 4153 1826 4153 2127 4153 2127 4152 1826 4152 1827 4152 2127 4151 1827 4151 2128 4151 2128 4150 1827 4150 1828 4150 2128 4150 1828 4150 2129 4150 2129 4149 1828 4149 1813 4149 2129 4148 1813 4148 2130 4148 2130 4147 1813 4147 1814 4147 2130 4146 1814 4146 2131 4146 2131 4145 1814 4145 1815 4145 2131 4145 1815 4145 2132 4145 2132 4144 1815 4144 1816 4144 2132 4143 1816 4143 2133 4143 2133 4142 1816 4142 1817 4142 2133 4142 1817 4142 2118 4142 2118 4141 1817 4141 1818 4141 2134 5004 2135 5004 2136 5004 2136 5005 2135 5005 2137 5005 2136 5006 2137 5006 2138 5006 2138 5007 2137 5007 2139 5007 2138 5008 2139 5008 2140 5008 2140 5009 2139 5009 2141 5009 2140 5010 2141 5010 2142 5010 2142 5011 2141 5011 2143 5011 2144 5012 2145 5012 1849 5012 1849 5013 2145 5013 2146 5013 1849 5014 2146 5014 1850 5014 2147 5015 1850 5015 2146 5015 2148 5016 2149 5016 2150 5016 2150 5017 2149 5017 2151 5017 2150 5018 2151 5018 2152 5018 2152 5019 2151 5019 2153 5019 2152 5020 2153 5020 2154 5020 2154 5021 2153 5021 2155 5021 2154 5022 2155 5022 2156 5022 2156 5023 2155 5023 2157 5023 2156 5024 2157 5024 2158 5024 2158 5025 2157 5025 2159 5025 2158 5026 2159 5026 2160 5026 2160 5027 2159 5027 2161 5027 2160 5028 2161 5028 2162 5028 2162 5029 2161 5029 2135 5029 2162 5030 2135 5030 2134 5030 2146 5031 2163 5031 2147 5031 2147 5032 2163 5032 2164 5032 2147 5033 2164 5033 2165 5033 2165 5034 2164 5034 2166 5034 2165 5035 2166 5035 2167 5035 2167 5036 2166 5036 2168 5036 2167 5037 2168 5037 2169 5037 2169 5038 2168 5038 2170 5038 2169 5039 2170 5039 2171 5039 2171 5040 2170 5041 2172 5042 2171 5043 2172 5043 2148 5043 2148 5044 2172 5044 2173 5044 2148 5045 2173 5045 2149 5045 2143 5046 2174 5046 2142 5046 2142 5047 2174 5047 2175 5047 2142 5048 2175 5048 2176 5048 2176 5049 2177 5050 2142 5051 2142 5052 2177 5053 2178 5054 2142 5055 2178 5055 2179 5055 1921 940 1863 940 1854 940 1854 940 1863 940 1859 940 2180 5056 2181 5056 2182 5056 1862 940 1870 940 1863 940 1863 940 1870 940 1638 940 1638 940 2183 940 1863 940 1863 940 2183 940 1857 940 1863 5057 1857 5057 1859 5057 2180 5058 2182 5058 2184 5058 2183 940 2185 940 1857 940 1857 5059 2185 5059 2186 5059 1857 5060 2186 5060 2187 5060 2187 5061 2184 5061 1857 5061 1857 5062 2184 5062 2182 5062 1857 940 2182 940 1855 940 1855 5063 2182 5063 2188 5063 1855 5064 2188 5064 1854 5064 1854 5065 2188 5065 2189 5065 1854 940 2189 940 1921 940 1921 5066 2189 5066 2190 5066 1921 5067 2190 5067 2191 5067 2192 5068 2193 5068 2194 5068 2194 5069 2193 5069 2195 5069 2194 5070 2195 5070 2196 5070 2196 5071 2195 5071 2197 5071 2196 5072 2197 5072 2198 5072 2198 5073 2197 5073 2199 5073 2198 5074 2199 5074 2200 5074 2200 5075 2199 5075 2201 5075 2200 5076 2201 5077 1921 5078 1921 5079 2201 5079 1920 5079 2202 5080 2193 5080 2203 5080 2203 5080 2193 5080 2192 5080 2204 5081 2205 5081 2206 5081 2206 5082 2205 5082 2207 5082 2206 5083 2207 5083 2208 5083 2208 5084 2207 5084 2209 5084 2208 5085 2209 5085 2210 5085 2210 5086 2209 5086 2211 5086 2210 5087 2211 5087 2212 5087 2212 5088 2211 5088 2213 5088 2212 5089 2213 5089 2203 5089 2203 5090 2213 5090 2202 5090 1899 5091 1898 5092 1599 5093 1599 5094 1898 5094 1902 5094 1599 5095 1902 5095 2134 5095 2134 5096 1902 5096 2162 5096 1599 5097 1875 5097 1899 5097 1899 5098 1875 5098 1876 5098 1899 5099 1876 5099 1900 5099 1900 5100 1876 5100 1877 5100 1900 5101 1877 5101 1901 5101 1901 5102 1877 5102 1878 5102 1901 5103 1878 5103 1893 5103 1893 5104 1878 5104 1879 5104 1893 5105 1879 5105 1894 5105 1894 5106 1879 5106 1880 5106 1894 5107 1880 5107 1895 5107 1895 5108 1880 5108 1881 5108 1895 5109 1881 5109 1888 5109 1888 5110 1881 5110 1882 5110 1888 5111 1882 5111 1889 5111 1889 5112 1882 5112 1883 5112 1889 5113 1883 5113 1890 5113 1890 5114 1883 5114 1884 5114 1890 5115 1884 5115 1891 5115 1891 5116 1884 5116 1885 5116 1891 5117 1885 5117 1892 5117 1892 5118 1885 5118 1886 5118 1892 5118 1886 5118 1896 5118 1896 5119 1886 5119 1887 5119 1896 5120 1887 5120 1897 5120 1897 5121 1887 5121 1617 5121 1897 5122 1617 5122 1848 5122 1902 5123 1915 5123 2162 5123 2162 5099 1915 5099 1914 5099 2162 5098 1914 5098 2160 5098 2160 5100 1914 5100 1904 5100 2160 5101 1904 5101 2158 5101 2158 5102 1904 5102 1903 5102 2158 5103 1903 5103 2156 5103 2156 5124 1903 5124 1907 5124 2156 5125 1907 5125 2154 5125 2154 5126 1907 5126 1906 5126 2154 5127 1906 5127 2152 5127 2152 5109 1906 5109 1905 5109 2152 5108 1905 5108 2150 5108 2150 5128 1905 5128 1913 5128 2150 5129 1913 5129 2148 5129 2148 5130 1913 5130 1912 5130 2148 5131 1912 5131 2171 5131 2171 5132 1912 5132 1911 5132 2171 5133 1911 5133 2169 5133 2169 5134 1911 5134 1910 5134 2169 5135 1910 5135 2167 5135 2167 5118 1910 5118 1909 5118 2167 5118 1909 5118 2165 5118 2165 5136 1909 5136 1908 5136 2165 5137 1908 5137 2147 5137 2147 5138 1908 5138 1851 5138 2147 5139 1851 5139 1850 5139 2214 5140 1919 5140 1917 5140 1919 5141 2214 5141 1918 5141 1918 5142 2214 5142 1787 5142 1918 5143 1787 5143 1786 5143 2215 5144 2216 5144 2217 5144 2217 5145 2216 5146 1782 5147 2217 5148 1782 5148 2218 5148 2218 5149 1782 5150 1784 5151 2219 5152 2220 5153 2221 5154 2215 5155 2217 5155 2222 5155 2222 5156 2217 5156 2223 5156 2222 5157 2223 5157 2224 5157 1785 5158 1787 5158 2225 5158 2225 5159 1787 5159 2214 5159 2225 5160 2214 5161 2226 5162 2226 5163 2214 5163 1917 5163 2226 5164 1917 5164 1916 5164 2221 5165 2224 5165 2219 5165 2219 5166 2224 5166 2223 5166 2219 5167 2223 5167 2227 5167 2227 5168 2223 5168 2217 5168 1784 5169 1785 5169 2218 5169 2218 5170 1785 5170 2225 5170 2218 5171 2225 5171 2217 5171 2217 5172 2225 5172 2226 5172 2217 5173 2226 5173 2227 5173 2227 5174 2226 5174 1916 5174 2227 5175 1916 5175 2219 5175 1779 190 1778 190 2097 190 2097 190 1778 190 2228 190 1941 5176 1943 5176 1951 5176 1930 1585 574 1585 1931 1585 1931 5177 574 5177 1941 5177 1930 5178 1929 5178 574 5178 574 5179 1929 5179 1940 5179 574 1585 1940 1585 526 1585 1941 5180 1951 5180 1931 5180 1931 1585 1951 1585 2195 1585 1931 1585 2195 1585 1932 1585 1932 1585 2195 1585 2193 1585 1932 1585 2193 1585 1933 1585 1940 1585 1939 1585 526 1585 526 5181 1939 5181 1938 5181 526 1585 1938 1585 2229 1585 2229 5182 1938 5182 1937 5182 1933 5183 2193 5183 1934 5183 1934 1585 2193 1585 2202 1585 1934 1585 2202 1585 1935 1585 560 5184 1920 5184 589 5184 589 5185 1920 5185 2201 5185 589 1585 2201 1585 1947 1585 1947 5186 2201 5186 2199 5186 1947 5187 2199 5187 1951 5187 1951 5188 2199 5188 2197 5188 1951 1585 2197 1585 2195 1585 2202 1585 2213 1585 2230 1585 2230 1585 2213 1585 2211 1585 2230 5189 2211 5189 2231 5189 2231 5190 2211 5190 2209 5190 2231 5191 2209 5191 571 5191 1866 1585 1865 1585 560 1585 560 5192 1865 5192 1864 5192 560 1585 1864 1585 1920 1585 2232 5193 2233 5193 554 5193 1935 1585 2202 1585 1936 1585 1936 1585 2202 1585 2230 1585 1936 5194 2230 5194 1937 5194 1937 1585 2230 1585 2234 1585 1937 5195 2234 5195 2229 5195 2209 1585 2207 1585 571 1585 571 5196 2207 5196 2205 5196 571 5197 2205 5197 554 5197 554 1585 2205 1585 2235 1585 554 5198 2235 5198 2232 5198 574 339 526 339 1686 339 1686 339 526 339 1959 339 1840 5199 1959 5199 1836 5199 1836 5200 1959 5200 2236 5200 1836 5201 2236 5201 1837 5201 1837 5202 2236 5202 2237 5202 1961 5203 1960 5203 2238 5203 2238 5204 1960 5204 2239 5204 2238 5205 2239 5205 2240 5205 2240 5206 2239 5206 2241 5206 2241 1585 2239 1585 1960 1585 2241 1585 1960 1585 2242 1585 2242 1585 1960 1585 1962 1585 2242 5207 1962 5207 2243 5207 1962 5208 1963 5208 2243 5208 2243 5209 1963 5209 2244 5209 2243 5210 2244 5210 2242 5210 2242 5211 2244 5211 2245 5211 2245 179 2244 179 1963 179 2245 5212 1963 5212 2240 5212 2240 5213 1963 5213 1961 5213 2240 179 1961 179 2238 179 2235 5214 2246 5214 2247 5214 2247 5215 2248 5216 2235 5217 2235 5218 2248 5218 2249 5218 2235 5219 2249 5219 2232 5219 2249 5220 2250 5221 2232 5222 2232 5223 2250 5223 2251 5223 2232 5224 2251 5224 2233 5224 2251 5225 2252 5225 2233 5225 2233 5226 2252 5226 2253 5226 2233 5227 2253 5227 554 5227 2205 5228 2204 5228 2235 5228 2235 5229 2204 5229 2246 5229 2254 5230 2181 5230 2180 5230 2255 5231 2256 5231 2180 5231 2180 5232 2256 5232 2257 5232 2180 5233 2257 5233 2254 5233 2183 5234 1638 5234 1632 5234 2180 5235 2184 5235 2255 5235 2255 5236 2184 5236 2187 5236 2255 5237 2187 5237 2258 5237 2258 5238 2187 5238 2186 5238 2258 5239 2186 5239 2259 5239 2259 5240 2186 5240 2185 5240 2259 5241 2185 5241 2260 5241 2260 5242 2185 5242 2183 5242 2260 5243 2183 5243 2261 5243 2261 5244 2183 5244 1632 5244 2261 5245 1632 5245 1631 5245 2262 5246 2263 5246 2264 5246 2262 5247 2264 5247 2265 5247 2265 5248 2264 5248 1967 5248 2265 5249 1967 5249 1975 5249 2266 5250 2267 5250 2262 5250 2262 5251 2267 5251 2268 5251 2262 5252 2268 5252 2263 5252 2106 5253 2269 5253 2107 5253 2107 5254 2269 5255 2270 5256 2107 5257 2270 5257 2266 5257 2266 5258 2270 5258 2271 5258 2266 5259 2271 5259 2267 5259 1980 5260 2103 5260 1978 5260 1978 5261 2103 5261 2265 5261 1978 5262 2265 5262 1977 5262 1977 5263 2265 5263 1975 5263 1967 5264 2272 5264 1968 5264 1968 5265 2272 5265 2273 5265 1968 5266 2273 5266 1965 5266 1965 5267 2273 5267 2274 5267 1965 5268 2274 5268 1966 5268 1966 5269 2274 5269 2275 5269 1966 5270 2275 5270 1973 5270 1973 5271 2275 5271 1985 5271 1634 5272 2276 5272 1633 5272 1633 5273 2276 5273 2277 5273 2278 5274 2279 5274 2280 5274 2280 5275 2279 5275 2281 5275 2280 5276 2281 5276 2282 5276 2282 5277 2281 5277 2283 5277 2274 5278 2284 5278 2275 5278 2275 5279 2284 5280 1984 5280 2275 5281 1984 5281 1985 5281 2279 5282 2277 5282 2281 5282 2281 5283 2277 5283 2276 5283 2281 5284 2276 5284 2283 5284 2283 5285 2276 5285 1983 5285 1983 5286 2276 5286 1986 5286 1986 5287 2276 5287 1634 5287 1986 5288 1634 5289 1635 5290 1983 5291 1984 5291 2283 5291 2283 5292 1984 5292 2284 5292 2283 5293 2284 5293 2282 5293 2282 5294 2284 5294 2274 5294 2282 5295 2274 5295 2280 5295 2280 5296 2274 5296 2273 5296 2280 5297 2273 5297 2278 5297 2278 5298 2273 5298 2272 5298 2285 5299 2286 5299 2287 5299 2287 5300 2286 5300 2288 5300 2287 5301 2288 5301 2289 5301 2289 5302 2288 5302 2290 5302 2288 5303 2291 5303 2290 5303 2290 5304 2291 5304 2292 5304 2290 5305 2292 5305 2293 5305 2293 5306 2292 5306 2294 5306 2293 5307 2294 5307 2295 5307 2295 5308 2294 5308 2296 5308 2295 5309 2296 5309 2297 5309 2298 5310 2299 5310 2300 5310 2298 5311 2108 5312 2301 5313 2301 5314 2108 5315 2302 5316 2299 5317 2303 5317 2300 5317 2300 5318 2303 5318 2304 5318 2300 5319 2304 5319 2305 5319 2296 5320 2306 5320 2297 5320 2297 5321 2306 5321 2307 5321 2297 5322 2307 5322 2308 5322 2308 5323 2307 5323 2309 5323 2309 5324 2310 5324 2308 5324 2308 5325 2310 5325 2311 5325 2308 5326 2311 5326 2312 5326 2312 5327 2311 5327 2313 5327 2312 5328 2313 5328 2305 5328 2305 5329 2313 5329 2314 5329 2305 5330 2314 5330 2300 5330 2298 5331 2300 5331 2108 5331 2108 5332 2300 5332 2315 5332 2108 5333 2315 5333 2106 5333 2106 5334 2315 5334 2316 5334 2106 5335 2316 5336 2269 5337 2317 5338 2318 5338 2319 5338 2319 5339 2318 5339 2320 5339 2319 5340 2320 5341 2321 5342 2321 5343 2320 5343 2322 5343 2318 5344 2323 5345 2320 5346 2320 5347 2323 5347 2324 5347 2320 5348 2324 5348 2325 5348 2325 5349 2324 5349 2326 5349 2326 5350 2327 5351 2325 5352 2325 5353 2327 5354 2328 5355 2325 5356 2328 5356 2329 5356 2329 5357 2328 5357 2330 5357 2329 5358 2330 5358 2331 5358 2331 5359 2330 5359 2332 5359 2330 5360 2333 5360 2332 5360 2332 5361 2333 5361 2334 5361 2332 5362 2334 5362 2335 5362 2335 5363 2334 5363 2336 5363 2335 5364 2336 5364 2337 5364 2337 5365 2336 5365 2338 5365 2339 5366 2340 5366 2341 5366 2337 5367 2342 5368 2335 5369 2335 5370 2342 5370 2343 5370 2344 5371 2341 5371 2345 5371 2345 5372 2341 5372 2346 5372 2347 5373 2348 5373 2344 5373 2344 5374 2348 5375 2349 5376 2344 5377 2349 5377 2341 5377 2341 5378 2349 5378 2350 5378 2341 5379 2350 5379 2339 5379 2345 5380 2343 5380 2344 5380 2344 5381 2343 5381 2342 5381 2344 5382 2342 5382 2347 5382 2347 5383 2342 5383 2337 5383 2347 5384 2337 5384 2338 5384 2351 5385 2352 5385 2353 5385 2354 5386 2355 5386 2353 5386 2353 5387 2355 5387 2356 5387 2353 5388 2356 5388 2351 5388 2351 5389 2356 5389 2357 5389 2351 5390 2357 5390 2352 5390 2352 5391 2357 5391 2358 5391 2352 5392 2358 5393 2359 5394 2360 5395 2361 5395 2362 5395 2362 5396 2361 5397 2363 5398 2363 5399 2361 5399 2364 5399 2364 5400 2361 5400 2365 5400 2364 5401 2365 5402 2366 5403 2367 5404 2368 5404 2365 5404 2365 5405 2368 5405 2369 5405 2365 5406 2369 5406 2366 5406 2340 5407 2368 5407 2341 5407 2341 5408 2368 5408 2367 5408 2341 5409 2367 5409 2346 5409 2360 5410 2357 5410 2361 5410 2361 5411 2357 5411 2356 5411 2361 5412 2356 5412 2365 5412 2365 5413 2356 5413 2355 5413 2365 5414 2355 5414 2367 5414 2367 5415 2355 5415 2354 5415 2367 5416 2354 5416 2346 5416 2113 5417 2112 5417 2370 5417 2370 5417 2112 5417 2371 5417 1992 5418 2372 5418 2373 5418 2374 5419 2375 5420 1987 5421 1790 5422 2044 5422 2376 5422 1790 5423 2376 5423 2006 5423 2374 5424 1987 5424 2373 5424 2373 5425 1987 5425 1990 5425 2373 5426 1990 5426 1992 5426 1994 5427 2377 5427 1992 5427 1992 5428 2377 5429 2378 5430 1992 5431 2378 5431 2372 5431 2379 5432 2380 5432 1996 5432 1996 5433 2380 5433 2381 5433 1996 5434 2381 5434 1994 5434 1994 5435 2381 5435 2382 5435 1994 5436 2382 5436 2377 5436 2379 5437 1996 5437 2383 5437 2383 5438 1996 5438 1998 5438 2383 5439 1998 5439 2384 5439 2384 5440 1998 5440 2385 5440 2385 5441 1998 5441 2000 5441 2385 5442 2000 5442 2386 5442 2004 5443 2387 5443 2002 5443 2002 5444 2387 5444 2388 5444 2002 5445 2388 5445 2000 5445 2000 5446 2388 5446 2389 5446 2000 5447 2389 5447 2386 5447 2376 5448 2390 5448 2006 5448 2006 5449 2390 5449 2391 5449 2006 5450 2391 5450 2004 5450 2004 5451 2391 5451 2392 5451 2004 5452 2392 5452 2387 5452 2393 5453 2394 5453 2395 5453 2396 5454 2397 5455 2398 5456 2399 5457 2400 5457 2401 5457 2399 5458 2401 5458 2402 5458 2402 5459 2401 5459 2403 5459 2402 5460 2403 5461 2404 5462 2404 5463 2403 5463 2405 5463 2404 5464 2405 5465 2406 5466 2406 5467 2405 5467 2407 5467 2406 5468 2407 5468 2408 5468 2398 5469 2397 5469 2409 5469 2409 5470 2397 5470 2410 5470 2409 5471 2410 5471 2407 5471 2407 5472 2410 5472 2411 5472 2407 5473 2411 5474 2408 5475 2396 5476 2398 5476 2412 5476 2412 5477 2398 5477 2413 5477 2412 5478 2413 5478 2414 5478 2415 5479 2416 5479 2417 5479 2417 5480 2416 5480 2418 5480 2417 5481 2418 5481 2413 5481 2413 5482 2418 5482 2419 5482 2413 5483 2419 5483 2414 5483 2415 5484 2417 5484 2420 5484 2420 5485 2417 5485 2421 5485 2420 5486 2421 5487 2422 5488 2422 5489 2421 5489 2423 5489 2423 5490 2421 5490 2424 5490 2423 5491 2424 5491 2425 5491 2394 5492 2393 5492 2424 5492 2424 5493 2393 5493 2426 5493 2424 5494 2426 5494 2425 5494 2395 5495 2394 5495 2427 5495 2427 5496 2394 5496 2428 5496 2427 5497 2428 5498 2429 5499 2040 5500 2039 5500 2430 5500 2430 5501 2039 5501 2431 5501 2430 5502 2431 5502 2432 5502 2432 5503 2431 5504 2433 5505 2432 5506 2433 5506 2428 5506 2428 5507 2433 5507 2434 5507 2428 5508 2434 5508 2429 5508 2435 5509 2436 5509 2013 5509 2395 5510 2427 5510 2010 5510 2437 5511 2438 5511 2017 5511 2017 5512 2438 5512 2439 5512 2017 5513 2439 5513 2018 5513 2018 5514 2439 5514 2400 5514 2018 5515 2400 5516 2399 5517 2437 5518 2017 5518 2440 5518 2440 5519 2017 5519 2016 5519 2440 5520 2016 5521 2441 5522 2015 5523 2442 5523 2016 5523 2016 5524 2442 5524 2443 5524 2016 5525 2443 5525 2441 5525 2444 5526 2445 5526 2014 5526 2014 5527 2445 5527 2446 5527 2014 5528 2446 5528 2015 5528 2015 5529 2446 5529 2447 5529 2015 5530 2447 5531 2442 5532 2013 5533 2436 5533 2014 5533 2014 5534 2436 5534 2448 5534 2014 5535 2448 5535 2444 5535 2023 5536 2032 5537 2030 5538 2023 5539 2030 5539 2024 5539 2022 5540 2011 5540 2431 5540 2431 5541 2039 5541 2022 5541 2022 5542 2039 5542 2037 5542 2022 5543 2037 5543 2023 5543 2023 5544 2037 5544 2034 5544 2023 5545 2034 5545 2032 5545 2427 5546 2429 5547 2010 5548 2010 5549 2429 5549 2434 5549 2010 5550 2434 5550 2011 5550 2011 5551 2434 5551 2433 5551 2011 5552 2433 5552 2431 5552 2395 5553 2010 5553 2393 5553 2393 5554 2010 5554 2009 5554 2393 5555 2009 5555 2426 5555 2420 5556 2422 5557 2008 5558 2008 5559 2422 5559 2423 5559 2008 5560 2423 5560 2009 5560 2009 5561 2423 5561 2425 5561 2009 5562 2425 5562 2426 5562 2420 5563 2008 5563 2415 5563 2415 5564 2008 5564 2007 5564 2415 5565 2007 5565 2416 5565 2020 5566 2396 5566 2412 5566 2020 5567 2412 5567 2021 5567 2412 5568 2414 5569 2021 5570 2021 5571 2414 5571 2419 5571 2021 5572 2419 5572 2007 5572 2007 5573 2419 5573 2418 5573 2007 5574 2418 5574 2416 5574 2408 5575 2411 5576 2019 5577 2019 5578 2411 5578 2410 5578 2019 5579 2410 5579 2020 5579 2020 5580 2410 5580 2397 5580 2020 5581 2397 5582 2396 5583 2399 5584 2402 5584 2018 5584 2018 5585 2402 5585 2404 5585 2018 5586 2404 5586 2019 5586 2019 5587 2404 5587 2406 5587 2019 5588 2406 5588 2408 5588 2013 5589 2012 5589 2435 5589 2435 5590 2012 5590 2027 5590 2435 5591 2027 5591 2449 5591 2449 5592 2027 5592 2026 5592 2449 5593 2026 5593 2450 5593 2450 5594 2026 5594 2025 5594 2450 5595 2025 5595 2451 5595 2451 5596 2025 5596 2024 5596 2451 5597 2024 5597 2029 5597 2029 5598 2024 5598 2030 5598 2435 5599 2452 5599 2436 5599 2436 5600 2452 5600 2453 5600 2436 5601 2453 5601 2448 5601 2448 5602 2453 5602 2454 5602 2029 5603 2028 5603 2451 5603 2451 5604 2028 5604 2455 5604 2451 5605 2455 5605 2450 5605 2450 5606 2455 5606 2456 5606 2450 5607 2456 5607 2449 5607 2449 5608 2456 5608 2457 5608 2449 5609 2457 5609 2435 5609 2435 5610 2457 5610 2458 5610 2435 5611 2458 5611 2452 5611 2459 5612 2460 5612 2461 5612 2462 5613 2463 5613 2464 5613 2465 5614 2466 5614 2467 5614 2045 5615 2046 5615 2468 5615 2059 5616 2060 5616 2469 5616 2070 5617 1684 5617 1846 5617 2075 5618 2074 5618 2470 5618 2072 5619 2071 5619 2470 5619 2074 5620 2073 5620 2470 5620 2470 5621 2073 5621 2076 5621 2470 5622 2076 5623 2072 5624 2071 5625 2070 5625 2470 5625 2470 5626 2070 5626 1846 5626 2470 5627 1846 5627 2075 5627 2075 5628 1846 5628 1845 5628 2075 5629 1845 5629 1844 5629 2065 5630 2066 5630 2471 5630 2471 5631 2066 5631 2067 5631 2471 5632 2067 5632 2472 5632 2472 5633 2067 5633 2068 5633 2472 5634 2068 5634 2069 5634 2473 5635 2061 5635 2474 5635 2474 5636 2061 5636 2062 5636 2474 5637 2062 5637 2063 5637 2063 5638 2064 5638 2475 5638 2475 5639 2064 5639 2065 5639 2466 5640 2058 5640 2059 5640 2058 5641 2466 5641 2057 5641 2057 5642 2466 5642 2465 5642 2057 5643 2465 5643 2056 5643 2476 5644 2055 5644 2477 5644 2052 5645 2053 5645 2478 5645 2478 5646 2053 5646 2051 5646 2478 5647 2051 5647 2476 5647 2476 5648 2051 5648 2054 5648 2476 5649 2054 5649 2055 5649 2050 5650 2479 5650 2049 5650 2049 5651 2479 5651 2480 5651 2481 5652 2047 5652 2048 5652 2045 5653 2468 5653 1743 5653 1743 5654 2468 5654 2482 5654 1743 5655 2482 5655 2042 5655 2042 5656 2482 5656 2483 5656 2042 5657 2483 5657 2043 5657 2043 5658 2483 5658 2484 5658 2043 5659 2484 5660 2044 5661 2036 5662 2038 5662 2485 5662 2485 5663 2038 5663 2041 5663 2485 5664 2041 5665 2040 5666 2031 5667 2033 5667 2486 5667 2486 5668 2033 5668 2035 5668 2487 5669 2028 5669 2031 5669 2031 5670 2488 5670 2487 5670 2487 5671 2488 5671 2489 5671 2487 5672 2489 5672 2490 5672 2490 5673 2489 5673 2491 5673 2490 5674 2491 5674 2492 5674 2493 5675 2494 5675 2492 5675 2492 5676 2494 5676 2495 5676 2492 5677 2495 5677 2490 5677 2496 5678 2497 5678 2493 5678 2493 5679 2497 5679 2498 5679 2493 5680 2498 5680 2494 5680 2499 5681 2500 5681 2496 5681 2496 5682 2500 5682 2501 5682 2496 5683 2501 5683 2497 5683 2502 5684 2503 5684 2504 5684 2505 5685 2506 5685 2507 5685 2096 5686 2506 5686 2094 5686 2094 5687 2506 5687 2505 5687 2094 5688 2505 5688 2091 5688 2091 5689 2505 5689 2089 5689 2089 5690 2505 5690 2508 5690 2089 5691 2508 5691 2087 5691 2087 5692 2508 5692 2086 5692 2086 5693 2508 5693 2509 5693 2086 5694 2509 5694 2085 5694 2085 5695 2509 5695 2084 5695 2084 5696 2509 5696 2475 5696 2084 5697 2475 5697 2083 5697 2065 5698 2471 5698 2475 5698 2475 5699 2471 5699 2080 5699 2475 5700 2080 5700 2083 5700 2078 5701 2079 5701 2471 5701 2078 5702 2471 5702 2077 5702 2077 5703 2471 5703 2472 5703 2077 5704 2472 5705 2076 5706 2076 5707 2472 5707 2069 5707 2076 5708 2069 5708 2072 5708 2079 5709 2082 5709 2471 5709 2471 5710 2082 5710 2081 5710 2471 5711 2081 5711 2080 5711 2055 5712 2056 5712 2477 5712 2477 5713 2056 5713 2465 5713 2477 5714 2465 5714 2510 5714 2510 5715 2465 5715 2467 5715 2510 5716 2467 5716 2511 5716 2511 5717 2467 5717 2512 5717 2511 5718 2512 5718 2513 5718 2059 5719 2469 5719 2466 5719 2466 5720 2469 5720 2514 5720 2466 5721 2514 5721 2467 5721 2467 5722 2514 5722 2502 5722 2467 5723 2502 5723 2512 5723 2512 5724 2502 5724 2504 5724 2512 5725 2504 5725 2513 5725 2503 5726 2502 5726 2515 5726 2515 5727 2502 5727 2514 5727 2515 5728 2514 5728 2516 5728 2516 5729 2514 5729 2469 5729 2516 5730 2469 5730 2473 5730 2473 5731 2469 5731 2060 5731 2473 5732 2060 5732 2061 5732 2063 5733 2475 5733 2474 5733 2474 5734 2475 5734 2509 5734 2474 5735 2509 5735 2473 5735 2473 5736 2509 5736 2508 5736 2473 5737 2508 5737 2516 5737 2516 5738 2508 5738 2505 5738 2516 5739 2505 5739 2515 5739 2515 5740 2505 5740 2507 5740 2515 5741 2507 5741 2503 5741 2517 5742 2462 5742 2518 5743 2518 5744 2462 5744 2464 5744 2518 5745 2464 5745 2519 5745 2519 5746 2464 5746 2520 5746 2519 5747 2520 5747 2521 5747 2521 5748 2520 5748 2522 5748 2521 5749 2522 5749 2523 5749 2523 5750 2522 5750 2480 5750 2523 5751 2480 5751 2478 5751 2478 5752 2480 5752 2479 5752 2478 5753 2479 5753 2052 5753 2052 5754 2479 5754 2050 5754 2048 5755 2049 5755 2481 5755 2481 5756 2049 5756 2480 5756 2481 5757 2480 5757 2524 5757 2524 5758 2480 5758 2522 5758 2524 5759 2522 5759 2525 5759 2525 5760 2522 5760 2520 5760 2525 5761 2520 5761 2461 5761 2461 5762 2520 5762 2464 5762 2461 5763 2464 5763 2459 5763 2459 5764 2464 5764 2463 5764 2460 5765 2484 5765 2461 5765 2461 5766 2484 5766 2483 5766 2461 5767 2483 5767 2525 5767 2525 5768 2483 5768 2482 5768 2525 5769 2482 5769 2524 5769 2524 5770 2482 5770 2468 5770 2524 5771 2468 5771 2481 5771 2481 5772 2468 5772 2046 5772 2481 5773 2046 5773 2047 5773 2035 5774 2036 5774 2486 5774 2486 5775 2036 5775 2485 5775 2486 5776 2485 5776 2526 5776 2526 5777 2485 5777 2527 5777 2526 5778 2527 5778 2528 5778 2528 5779 2527 5779 2529 5779 2528 5780 2529 5780 2530 5780 2530 5781 2529 5781 2531 5781 2530 5782 2531 5782 2532 5782 2031 5783 2486 5783 2488 5783 2488 5784 2486 5784 2526 5784 2488 5785 2526 5785 2489 5785 2489 5786 2526 5786 2528 5786 2489 5787 2528 5787 2491 5787 2491 5788 2528 5788 2530 5788 2491 5789 2530 5789 2492 5789 2492 5790 2530 5790 2532 5790 2492 5791 2532 5791 2493 5791 2533 5792 2534 5792 2535 5792 2535 5793 2534 5793 2536 5793 2535 5794 2536 5794 2537 5794 2537 5795 2536 5795 2538 5795 2537 5796 2538 5796 2539 5796 2539 5797 2538 5797 2540 5797 2531 5798 2533 5798 2532 5798 2532 5799 2533 5799 2535 5799 2532 5800 2535 5800 2493 5800 2493 5801 2535 5801 2537 5801 2493 5802 2537 5802 2496 5802 2496 5803 2537 5803 2539 5803 2496 5804 2539 5804 2499 5804 2499 5805 2539 5805 2540 5805 2499 5806 2540 5806 2541 5806 2513 5807 2541 5807 2511 5807 2511 5808 2541 5808 2540 5808 2511 5809 2540 5809 2510 5809 2510 5810 2540 5810 2538 5810 2510 5811 2538 5811 2477 5811 2477 5812 2538 5812 2536 5812 2477 5813 2536 5813 2476 5813 2476 5814 2536 5814 2534 5814 2476 5815 2534 5815 2478 5815 2478 5816 2534 5816 2533 5816 2478 5817 2533 5817 2523 5817 2523 5818 2533 5818 2531 5818 2523 5819 2531 5819 2521 5819 2521 5820 2531 5820 2529 5820 2521 5821 2529 5821 2519 5821 2519 5822 2529 5822 2527 5822 2519 5823 2527 5823 2518 5823 2518 5824 2527 5824 2485 5824 2518 5825 2485 5825 2517 5825 2517 5826 2485 5826 2040 5826 2097 5827 2542 5827 2098 5827 2098 5828 2542 5828 2543 5828 2098 5829 2543 5829 2095 5829 2095 5830 2543 5830 2096 5830 2228 5831 2544 5831 2097 5831 2097 5831 2544 5831 2542 5831 2545 5832 2546 5832 2547 5832 2545 5833 2547 5833 2548 5833 2548 5834 2547 5834 2549 5834 2548 5835 2549 5835 2550 5835 2550 5836 2549 5836 2551 5836 2550 5837 2551 5837 2552 5837 2552 5838 2551 5838 2544 5838 2552 5839 2544 5839 2228 5839 2553 5840 2554 5840 2555 5840 2555 5841 2554 5841 2556 5841 2555 5842 2556 5842 2557 5842 2557 5843 2556 5843 2558 5843 2557 5844 2558 5844 2559 5844 2559 5845 2558 5845 2560 5845 2254 5846 2561 5847 2181 5848 2181 5849 2561 5849 2562 5849 2181 5850 2562 5850 2182 5850 2559 5851 2563 5851 2557 5851 2557 5852 2563 5852 2564 5852 2562 5853 2565 5853 2182 5853 2182 5854 2565 5854 2566 5854 2182 5855 2566 5855 2188 5855 2188 5856 2566 5856 2553 5856 2188 5857 2553 5857 2189 5857 2189 5858 2553 5858 2555 5858 2189 5859 2555 5859 2190 5859 2190 5860 2555 5860 2557 5860 2190 5861 2557 5861 2191 5861 2191 5862 2557 5862 2564 5862 2567 5863 2112 5864 2568 5865 2568 5866 2112 5866 2114 5866 2568 5867 2114 5867 2569 5867 2569 5868 2114 5869 2570 5870 2570 5871 2114 5871 2571 5871 2571 5872 2114 5872 2116 5872 2571 5873 2116 5873 2572 5873 2572 5874 2116 5874 2573 5874 2573 5875 2116 5876 2117 5877 2573 5878 2117 5878 2574 5878 2574 5879 2117 5879 2111 5879 2574 5880 2111 5880 2575 5880 2575 5881 2111 5881 2100 5881 2575 5882 2100 5883 2099 5884 2102 5885 1988 5885 2576 5885 2576 5886 1988 5886 1987 5886 2103 5887 2104 5887 2110 5887 2113 1585 2266 1585 2115 1585 2115 1585 2266 1585 2262 1585 2115 1585 2262 1585 2110 1585 2110 1585 2262 1585 2265 1585 2110 1585 2265 1585 2103 1585 2577 5888 2578 5888 2579 5888 2579 1585 2578 1585 2580 1585 2579 1585 2580 1585 2581 1585 2581 1585 2580 1585 2582 1585 2581 1585 2582 1585 2370 1585 2582 5889 2583 5889 2370 5889 2370 5890 2583 5890 2109 5890 2370 1585 2109 1585 2113 1585 2113 1585 2109 1585 2107 1585 2113 5891 2107 5891 2266 5891 2584 5892 2585 5892 2586 5892 2586 5893 2587 5893 2584 5893 2584 5894 2587 5894 2588 5894 2584 5895 2588 5895 2589 5895 2588 5896 2590 5896 2589 5896 2589 5897 2590 5897 2591 5897 2589 5898 2591 5898 2592 5898 2591 5899 2593 5899 2592 5899 2592 5900 2593 5900 2594 5900 2592 5901 2594 5901 2595 5901 2595 5902 2594 5902 2596 5902 2595 4443 2596 4443 2597 4443 2597 4444 2596 4444 2598 4444 2597 5903 2598 5903 2599 5903 2598 5904 2600 5904 2599 5904 2599 5905 2600 5905 2601 5905 2599 5906 2601 5906 2602 5906 2601 5907 2603 5907 2602 5907 2602 5908 2603 5908 2604 5908 2602 5909 2604 5909 2605 5909 2604 5910 2606 5910 2605 5910 2605 5911 2606 5911 2607 5911 2605 5912 2607 5912 2608 5912 2607 5913 2609 5913 2608 5913 2608 5914 2609 5914 2610 5914 2608 5915 2610 5915 2611 5915 2610 5916 2612 5916 2611 5916 2611 5917 2612 5917 2613 5917 2611 5918 2613 5918 2614 5918 2613 5919 2615 5919 2614 5919 2614 5920 2615 5920 2616 5920 2614 5921 2616 5921 2617 5921 2616 5922 2618 5922 2617 5922 2617 5923 2618 5923 2619 5923 2617 5924 2619 5924 2620 5924 2619 5925 2621 5925 2620 5925 2620 5926 2621 5926 2622 5926 2620 5927 2622 5927 2623 5927 2623 5928 2622 5928 2624 5928 2623 4476 2624 4476 2625 4476 2625 5929 2624 5929 2626 5929 2625 5930 2626 5930 2627 5930 2626 5931 2628 5931 2627 5931 2627 5932 2628 5932 2629 5932 2627 5933 2629 5933 2630 5933 2629 5934 2631 5934 2630 5934 2630 5935 2631 5935 2632 5935 2630 5936 2632 5936 2633 5936 2632 5937 2634 5937 2633 5937 2633 5938 2634 5938 2635 5938 2633 5939 2635 5939 2585 5939 2585 5940 2635 5940 2636 5940 2585 5941 2636 5941 2586 5941 2637 5942 2638 5942 2583 5942 2583 5943 2638 5943 2639 5943 2583 5944 2639 5944 2109 5944 2109 5945 2639 5945 2302 5945 2109 5946 2302 5946 2108 5946 2637 5947 2583 5947 2640 5947 2640 5948 2583 5948 2582 5948 2640 5949 2582 5949 2641 5949 2642 5950 2643 5950 2580 5950 2580 5951 2643 5951 2644 5951 2580 5952 2644 5952 2582 5952 2582 5953 2644 5953 2645 5953 2582 5954 2645 5954 2641 5954 2646 5955 2647 5955 2578 5955 2578 5956 2647 5956 2648 5956 2648 5957 2649 5957 2578 5957 2578 5958 2649 5959 2650 5960 2578 5961 2650 5961 2580 5961 2580 5962 2650 5962 2651 5962 2580 5963 2651 5963 2642 5963 2647 5964 2646 5964 2652 5964 2650 5965 2649 5966 2653 5967 2653 5968 2649 5969 2648 5970 2653 5971 2648 5972 2647 5972 2358 5973 2357 5973 2654 5973 2359 5974 2358 5975 2655 5976 2655 5977 2358 5977 2654 5977 2655 5978 2654 5978 2656 5978 2656 5979 2654 5979 2652 5979 2651 5980 2650 5981 2654 5982 2654 5983 2650 5983 2653 5983 2654 5984 2653 5984 2652 5984 2652 5985 2653 5985 2647 5985 2657 5986 2658 5986 2642 5986 2642 5987 2658 5987 2659 5987 2642 5988 2659 5988 2643 5988 2643 5989 2659 5989 2644 5989 2642 5990 2651 5991 2657 5992 2657 5993 2651 5993 2654 5993 2657 5994 2654 5994 2658 5994 2658 5995 2654 5995 2357 5995 2658 5996 2357 5996 2659 5996 2659 5997 2357 5997 2360 5997 2659 5998 2360 5998 2644 5998 2644 5999 2360 5999 2362 5999 2359 6000 2660 6000 2352 6000 2352 6001 2660 6002 2661 6003 2352 6004 2661 6004 2353 6004 2353 6005 2661 6005 2662 6005 2353 6006 2662 6006 2354 6006 2354 6007 2662 6007 2663 6007 2354 6008 2663 6008 2346 6008 2346 6009 2663 6009 2664 6009 2624 6010 2665 6010 2626 6010 2626 6011 2665 6012 2666 6013 2626 6014 2666 6014 2628 6014 2628 6015 2666 6015 2667 6015 2628 6016 2667 6016 2629 6016 2629 6017 2667 6017 2668 6017 2629 6018 2668 6018 2631 6018 2631 6019 2668 6020 2669 6021 2631 6022 2669 6022 2632 6022 2632 6023 2669 6024 2670 6025 2632 6026 2670 6026 2634 6026 2634 6027 2670 6027 2671 6027 2634 6028 2671 6028 2635 6028 2635 6029 2671 6029 2672 6029 2635 6030 2672 6030 2636 6030 2636 6031 2672 6031 2673 6031 2636 6032 2673 6032 2586 6032 2586 6033 2673 6033 2674 6033 2586 6034 2674 6034 2587 6034 2587 6035 2674 6035 2675 6035 2587 6036 2675 6036 2588 6036 2588 6037 2675 6038 2676 6039 2588 6040 2676 6041 2590 6041 2590 6042 2676 6042 2677 6042 2590 6043 2677 6043 2591 6044 2591 6045 2677 6045 2678 6045 2591 6046 2678 6046 2593 6046 2593 6047 2678 6047 2679 6047 2593 6048 2679 6048 2594 6048 2594 6049 2679 6049 2680 6049 2594 6050 2680 6050 2596 6050 2596 6051 2680 6051 2681 6051 2596 6052 2681 6052 2598 6052 2598 6053 2681 6053 2600 6053 2600 6054 2681 6054 2682 6054 2600 6055 2682 6055 2601 6055 2601 6056 2682 6057 2683 6058 2601 6059 2683 6059 2603 6059 2603 6060 2683 6061 2684 6062 2603 6063 2684 6063 2604 6063 2604 6064 2684 6064 2685 6064 2604 6065 2685 6065 2606 6065 2606 6066 2685 6067 2686 6068 2606 6069 2686 6070 2607 6069 2607 6071 2686 6071 2687 6071 2607 6072 2687 6072 2609 6072 2609 6073 2687 6073 2688 6073 2609 6074 2688 6074 2610 6074 2610 6075 2688 6075 2689 6075 2610 6076 2689 6076 2612 6076 2612 6077 2689 6077 2690 6077 2612 6078 2690 6078 2613 6078 2613 6079 2690 6079 2691 6079 2613 6080 2691 6080 2615 6080 2615 6081 2691 6081 2692 6081 2615 6082 2692 6082 2616 6082 2616 6083 2692 6083 2693 6083 2616 6084 2693 6085 2618 6086 2618 6087 2693 6087 2694 6087 2618 6088 2694 6088 2619 6088 2619 6089 2694 6089 2695 6089 2619 6090 2695 6090 2621 6090 2621 6091 2695 6091 2696 6091 2621 6092 2696 6093 2622 6094 2622 6095 2696 6095 2697 6095 2622 6096 2697 6096 2624 6096 2624 6097 2697 6098 2698 6099 2624 6100 2698 6100 2665 6100 2699 6101 2700 6101 2701 6101 2701 6102 2700 6102 2702 6102 2701 6103 2702 6103 2703 6103 2704 6104 2705 6105 2699 6106 2706 940 2707 940 2699 940 2707 940 2708 940 2699 940 2699 6107 2708 6107 2709 6107 2699 940 2709 940 2704 940 2710 940 2122 940 2711 940 2711 6108 2122 6108 2123 6108 2124 6109 2701 6109 2123 6109 2123 6110 2701 6110 2712 6110 2123 940 2712 940 2711 940 2699 940 2701 940 2706 940 2706 940 2701 940 2124 940 2706 940 2124 940 2145 940 2145 6111 2124 6111 2125 6111 2145 6112 2125 6112 2146 6112 2146 940 2125 940 2126 940 2146 940 2126 940 2163 940 2163 940 2126 940 2127 940 2163 6113 2127 6113 2164 6113 2164 6114 2127 6114 2128 6114 2713 6115 2714 6115 2715 6115 2121 6116 2122 6116 2139 6116 2130 940 2170 940 2129 940 2129 940 2170 940 2168 940 2129 940 2168 940 2128 940 2128 940 2168 940 2166 940 2128 940 2166 940 2164 940 2715 6117 2716 6117 2713 6117 2713 6118 2716 6118 2717 6118 2713 6119 2717 6119 2718 6119 2718 6120 2717 6120 2174 6120 2718 940 2174 940 2710 940 2710 940 2174 940 2143 940 2710 940 2143 940 2122 940 2122 940 2143 940 2141 940 2122 940 2141 940 2139 940 2132 6121 2149 6121 2131 6121 2131 940 2149 940 2173 940 2131 6122 2173 6122 2130 6122 2130 940 2173 940 2172 940 2130 940 2172 940 2170 940 2119 940 2157 940 2118 940 2118 6123 2157 6123 2155 6123 2118 940 2155 940 2133 940 2133 6124 2155 6124 2153 6124 2133 6125 2153 6125 2132 6125 2132 940 2153 940 2151 940 2132 6126 2151 6126 2149 6126 2139 940 2137 940 2121 940 2121 940 2137 940 2135 940 2121 6127 2135 6127 2120 6127 2120 940 2135 940 2161 940 2120 940 2161 940 2119 940 2119 940 2161 940 2159 940 2119 6128 2159 6128 2157 6128 2178 6129 2719 6129 2179 6129 2179 6130 2719 6130 2720 6130 2179 6131 2720 6131 2721 6131 2721 6132 2720 6133 2722 6134 2723 6135 2724 6135 2725 6135 2725 6136 2724 6137 2726 6138 2725 6139 2726 6139 2727 6139 2727 6140 2726 6140 2728 6140 2728 6141 2726 6142 2729 6143 2729 6144 2726 6144 2730 6144 2729 6145 2730 6145 2731 6145 2732 6146 2716 6146 2715 6146 2174 6147 2717 6147 2175 6147 2175 6148 2717 6148 2733 6148 2175 6149 2733 6149 2176 6149 2176 6150 2733 6150 2719 6150 2176 6151 2719 6151 2177 6151 2177 6152 2719 6153 2178 6154 2714 6155 2731 6155 2715 6156 2715 6157 2731 6157 2730 6157 2715 6158 2730 6158 2732 6158 2732 6159 2730 6159 2726 6159 2732 6160 2726 6160 2734 6160 2734 6161 2726 6161 2724 6161 2717 6162 2716 6163 2733 6164 2733 6165 2716 6165 2732 6165 2733 6166 2732 6167 2719 6166 2719 6168 2732 6168 2734 6168 2719 6169 2734 6169 2720 6169 2720 6170 2734 6170 2724 6170 2720 6171 2724 6171 2722 6171 2722 6172 2724 6172 2723 6172 2722 6173 2723 6173 2735 6173 2710 190 2736 190 2718 190 2718 190 2736 190 2737 190 1921 6174 2191 6174 2200 6174 2200 6175 2191 6176 2564 6177 2738 6178 2192 6178 2739 6178 2739 6179 2192 6179 2194 6179 2739 6180 2194 6180 2740 6180 2740 6180 2194 6180 2196 6180 2740 6181 2196 6181 2741 6181 2741 6182 2196 6182 2198 6182 2741 6183 2198 6183 2742 6183 2742 6184 2198 6184 2200 6184 2742 6185 2200 6185 2563 6185 2563 6186 2200 6186 2564 6186 2738 339 2743 339 2192 339 2192 339 2743 339 2203 339 2206 6187 2744 6187 2204 6187 2204 6188 2744 6189 2745 6190 2204 6191 2745 6191 2746 6191 2203 6192 2743 6192 2212 6192 2212 6193 2743 6193 2747 6193 2212 6194 2747 6194 2210 6194 2210 6194 2747 6194 2748 6194 2210 6195 2748 6195 2208 6195 2208 6196 2748 6196 2749 6196 2208 6197 2749 6197 2206 6197 2206 6198 2749 6198 2750 6198 2206 6199 2750 6199 2744 6199 2142 6200 1591 6200 2140 6200 2140 6201 1591 6201 1593 6201 2140 6202 1593 6202 2138 6202 2138 6203 1593 6203 1595 6203 2138 6204 1595 6204 2136 6204 2136 6205 1595 6205 1597 6205 2136 6206 1597 6206 2134 6206 2134 6207 1597 6207 1599 6207 2228 6208 1778 6208 1783 6208 2215 6209 2222 6209 2545 6209 2222 6210 2224 6210 2545 6210 2545 6211 2224 6211 2221 6211 2545 6212 2221 6212 2220 6212 1782 6213 2216 6213 2550 6213 2550 6214 2216 6214 2215 6214 2550 6215 2215 6215 2548 6215 2548 6216 2215 6216 2545 6216 1782 6217 2550 6217 1783 6217 1783 6218 2550 6218 2552 6218 1783 6219 2552 6219 2228 6219 2559 6220 2560 6220 2545 6220 2545 6221 2560 6221 2546 6221 2751 6222 2752 6222 2660 6222 2660 6223 2752 6223 2753 6223 2660 6224 2753 6225 2661 6226 2661 6227 2753 6227 2662 6227 2662 6228 2753 6228 2663 6228 2663 6229 2753 6229 2754 6229 2755 6230 2756 6230 2335 6230 2335 6231 2343 6231 2755 6231 2755 6232 2343 6232 2345 6232 2755 6233 2345 6233 2757 6233 2757 6234 2345 6234 2346 6234 2757 6235 2346 6235 2664 6235 554 6236 2253 6236 2758 6236 2758 6237 2759 6237 554 6237 554 6238 2759 6238 2760 6238 554 6239 2760 6239 571 6239 571 6240 2760 6240 2761 6240 571 6241 2761 6241 2762 6241 2763 6242 2764 6242 2230 6242 2765 6243 2766 6243 2234 6243 2234 6244 2766 6244 2229 6244 2767 6245 2768 6245 2234 6245 2234 6246 2768 6246 2769 6246 2234 6247 2769 6248 2765 6249 2230 6250 2764 6250 2234 6250 2234 6251 2764 6251 2770 6251 2234 6252 2770 6252 2767 6252 571 6253 2762 6253 2231 6253 2231 6254 2762 6254 2771 6254 2231 6255 2771 6255 2772 6255 2772 6256 2773 6256 2231 6256 2231 6257 2773 6258 2774 6259 2231 6260 2774 6260 2230 6260 2230 6261 2774 6261 2775 6261 2230 6262 2775 6262 2763 6262 1959 6263 526 6263 2236 6263 2236 6264 526 6264 2229 6264 2236 6265 2229 6265 2237 6265 2237 6266 2229 6266 2766 6266 2708 6267 2707 6268 2776 6269 2776 6270 2707 6270 2706 6270 2776 6271 2706 6271 2777 6271 2777 6272 2706 6272 2145 6272 2777 6273 2145 6274 2144 6275 2776 6276 2778 6276 2708 6276 2708 6277 2778 6277 2779 6277 2708 6278 2779 6279 2709 6278 2780 6280 2705 6281 2779 6282 2779 6283 2705 6283 2704 6284 2779 6285 2704 6285 2709 6285 2781 6286 2699 6286 2782 6286 2782 6287 2699 6287 2705 6287 2782 6288 2705 6288 2780 6288 2783 6289 2700 6289 2784 6289 2784 6290 2700 6290 2699 6290 2784 6291 2699 6291 2785 6291 2785 6292 2699 6292 2781 6292 2331 941 2332 941 2241 941 2241 941 2242 941 2786 941 2246 941 2204 941 2245 941 2756 941 2247 941 2335 941 2335 6293 2247 6293 2246 6293 2786 6294 2242 6294 2787 6294 2787 941 2242 941 2245 941 2787 6295 2245 6295 2788 6295 2788 6296 2245 6296 2204 6296 2788 941 2204 941 2746 941 2332 6297 2335 6297 2241 6297 2241 6298 2335 6298 2246 6298 2241 6299 2246 6299 2240 6299 2240 941 2246 941 2245 941 2786 941 2789 941 2241 941 2241 6300 2789 6300 2322 6300 2241 6301 2322 6301 2320 6301 2320 941 2325 941 2241 941 2241 941 2325 941 2329 941 2241 6302 2329 6302 2331 6302 2790 6303 2791 6303 2792 6303 2307 6304 2306 6304 2793 6304 2261 6305 1631 6305 2794 6305 2279 6306 2795 6306 2277 6306 2278 6307 2796 6307 2790 6307 2796 6308 2278 6308 2272 6308 1626 6309 2797 6309 1627 6309 1627 6310 2797 6310 2794 6310 1627 6311 2794 6311 1629 6311 1629 6312 2794 6312 1631 6312 2255 6313 2258 6313 2798 6313 2798 6314 2258 6314 2259 6314 2798 6315 2259 6315 2260 6315 2799 6316 2800 6316 2801 6316 2801 6317 2800 6317 2802 6317 2801 6318 2802 6318 2803 6318 2803 6319 2802 6319 2804 6319 2803 6320 2804 6320 2805 6320 2805 6321 2804 6321 2806 6321 2805 6322 2806 6322 2807 6322 2807 6323 2806 6323 2808 6323 2807 6324 2808 6324 2809 6324 2809 6325 2808 6325 2810 6325 2809 6326 2810 6326 2811 6326 2286 6327 2812 6327 2799 6327 2799 6328 2812 6328 2813 6328 2799 6329 2813 6329 2800 6329 2292 6330 2291 6330 2799 6330 2799 6331 2291 6331 2288 6331 2799 6332 2288 6332 2286 6332 2296 6333 2294 6333 2814 6333 2814 6334 2294 6334 2815 6334 2814 6335 2815 6335 2816 6335 2817 6336 2311 6336 2310 6336 2817 6337 2310 6337 2793 6337 2793 6338 2310 6339 2309 6340 2793 6341 2309 6341 2307 6341 2818 6342 2300 6342 2314 6342 2818 6343 2314 6343 2817 6343 2817 6344 2314 6344 2313 6344 2817 6345 2313 6345 2311 6345 2270 6346 2269 6347 2316 6348 2267 6349 2271 6349 2819 6349 2819 6350 2271 6350 2270 6350 2819 6351 2270 6351 2820 6351 2820 6352 2270 6352 2316 6352 2821 6353 2268 6353 2267 6353 1967 6354 2264 6355 2272 6356 2272 6357 2264 6357 2263 6357 2272 6358 2263 6358 2796 6358 2796 6359 2263 6359 2268 6359 2822 6360 2823 6360 2824 6360 2824 6361 2823 6361 2825 6361 2824 6362 2825 6362 2826 6362 2826 6363 2825 6363 2798 6363 2826 6364 2798 6364 2827 6364 2827 6365 2798 6365 2260 6365 2827 6366 2260 6366 2261 6366 1626 6367 1633 6367 2797 6367 2797 6368 1633 6368 2277 6368 2797 6369 2277 6369 2792 6369 2792 6370 2277 6370 2795 6370 2792 6371 2795 6371 2790 6371 2790 6372 2795 6372 2279 6372 2790 6373 2279 6373 2278 6373 2261 6374 2794 6374 2827 6374 2827 6375 2794 6375 2797 6375 2827 6376 2797 6376 2826 6376 2826 6377 2797 6377 2792 6377 2826 6378 2792 6378 2824 6378 2824 6379 2792 6379 2791 6379 2824 6380 2791 6380 2822 6380 2306 6381 2296 6381 2793 6381 2793 6382 2296 6382 2814 6382 2793 6383 2814 6383 2828 6383 2828 6384 2814 6384 2816 6384 2828 6385 2816 6385 2829 6385 2268 6386 2821 6386 2796 6386 2796 6387 2821 6387 2830 6387 2796 6388 2830 6388 2790 6388 2790 6389 2830 6389 2831 6389 2790 6390 2831 6390 2791 6390 2791 6391 2831 6391 2832 6391 2791 6392 2832 6392 2822 6392 2822 6393 2832 6393 2833 6393 2822 6394 2833 6394 2823 6394 2316 6395 2315 6396 2820 6395 2820 6397 2315 6397 2300 6397 2820 6398 2300 6398 2819 6398 2819 6399 2300 6399 2818 6399 2819 6400 2818 6400 2834 6400 2834 6401 2818 6401 2817 6401 2834 6402 2817 6402 2835 6402 2835 6403 2817 6403 2793 6403 2835 6404 2793 6404 2836 6404 2836 6405 2793 6405 2828 6405 2836 6406 2828 6406 2837 6406 2837 6407 2828 6407 2829 6407 2837 6408 2829 6408 2838 6408 2267 6409 2819 6409 2821 6409 2821 6410 2819 6410 2834 6410 2821 6411 2834 6411 2830 6411 2830 6412 2834 6412 2835 6412 2830 6413 2835 6413 2831 6413 2831 6414 2835 6414 2836 6414 2831 6415 2836 6415 2832 6415 2832 6416 2836 6416 2837 6416 2832 6417 2837 6417 2833 6417 2833 6418 2837 6418 2838 6418 2833 6419 2838 6419 2823 6419 2294 6420 2292 6420 2815 6420 2815 6421 2292 6421 2799 6421 2815 6422 2799 6422 2816 6422 2816 6423 2799 6423 2801 6423 2816 6424 2801 6424 2829 6424 2829 6425 2801 6425 2803 6425 2829 6426 2803 6426 2838 6426 2838 6427 2803 6427 2805 6427 2838 6428 2805 6428 2823 6428 2823 6429 2805 6429 2807 6429 2823 6430 2807 6430 2825 6430 2825 6431 2807 6431 2809 6431 2825 6432 2809 6432 2798 6432 2798 6433 2809 6433 2811 6433 2798 6434 2811 6434 2255 6434 2255 6435 2811 6435 2810 6435 2255 6436 2810 6436 2256 6436 2839 6437 2840 6437 2841 6437 2363 6438 2842 6438 2362 6438 2368 6439 2843 6439 2844 6439 2287 6440 2289 6440 2845 6440 2290 6441 2293 6441 2846 6441 2637 6442 2640 6442 2847 6442 2842 6443 2848 6443 2362 6443 2362 6444 2848 6444 2645 6444 2362 6445 2645 6445 2644 6445 2847 6446 2640 6446 2848 6446 2848 6447 2640 6447 2641 6447 2848 6448 2641 6448 2645 6448 2849 6449 2304 6449 2303 6449 2849 6450 2303 6450 2850 6450 2303 6451 2299 6451 2850 6451 2850 6452 2299 6452 2298 6452 2850 6453 2298 6453 2639 6453 2639 6454 2298 6454 2301 6454 2639 6455 2301 6456 2302 6457 2851 6458 2312 6458 2849 6458 2849 6459 2312 6459 2305 6459 2849 6460 2305 6461 2304 6462 2852 6463 2297 6463 2308 6463 2295 6464 2297 6464 2853 6464 2853 6465 2297 6465 2852 6465 2853 6466 2852 6466 2854 6466 2287 6467 2845 6467 2285 6467 2285 6468 2845 6468 2855 6468 2855 6469 2845 6469 2856 6469 2855 6470 2856 6470 2857 6470 2857 6471 2856 6471 2858 6471 2857 6472 2858 6472 2859 6472 2859 6473 2858 6473 2860 6473 2859 6474 2860 6474 2861 6474 2861 6475 2860 6475 2862 6475 2861 6476 2862 6476 2863 6476 2863 6477 2862 6477 2864 6477 2863 6478 2864 6478 2865 6478 2865 6479 2864 6479 2866 6479 2865 6480 2866 6480 2867 6480 2866 6481 2323 6481 2867 6481 2867 6482 2323 6482 2318 6482 2867 6483 2318 6483 2868 6483 2868 6484 2318 6484 2317 6484 2327 6485 2326 6485 2866 6485 2866 6486 2326 6486 2324 6486 2866 6487 2324 6487 2323 6487 2336 6488 2334 6488 2869 6488 2869 6489 2334 6489 2333 6489 2869 6490 2333 6490 2330 6490 2349 6491 2348 6492 2870 6493 2870 6494 2348 6494 2347 6494 2870 6495 2347 6495 2338 6495 2368 6496 2340 6496 2843 6496 2843 6497 2340 6497 2339 6497 2843 6498 2339 6498 2870 6498 2870 6499 2339 6499 2350 6499 2870 6500 2350 6500 2349 6500 2871 6501 2364 6501 2872 6501 2872 6502 2364 6502 2366 6502 2872 6503 2366 6503 2369 6503 2873 6504 2874 6504 2847 6504 2847 6505 2874 6505 2638 6505 2847 6506 2638 6506 2637 6506 2875 6507 2854 6507 2876 6507 2876 6508 2854 6508 2852 6508 2876 6509 2852 6509 2851 6509 2851 6510 2852 6510 2308 6510 2851 6511 2308 6511 2312 6511 2840 6512 2839 6512 2877 6512 2877 6513 2839 6513 2878 6513 2877 6514 2878 6514 2879 6514 2873 6515 2847 6515 2880 6515 2880 6516 2847 6516 2848 6516 2880 6517 2848 6517 2881 6517 2881 6518 2848 6518 2842 6518 2881 6519 2842 6519 2871 6519 2871 6520 2842 6520 2363 6520 2871 6521 2363 6521 2364 6521 2639 6522 2638 6522 2850 6522 2850 6523 2638 6523 2874 6523 2850 6524 2874 6524 2849 6524 2849 6525 2874 6525 2873 6525 2849 6526 2873 6526 2851 6526 2851 6527 2873 6527 2880 6527 2851 6528 2880 6528 2876 6528 2876 6529 2880 6529 2881 6529 2876 6530 2881 6530 2875 6530 2875 6531 2881 6531 2871 6531 2330 6532 2328 6532 2869 6532 2869 6533 2328 6533 2882 6533 2869 6534 2882 6534 2883 6534 2883 6535 2882 6535 2884 6535 2883 6536 2884 6536 2879 6536 2879 6537 2884 6537 2885 6537 2879 6538 2885 6538 2877 6538 2877 6539 2885 6539 2886 6539 2877 6540 2886 6540 2840 6540 2338 6541 2336 6541 2870 6541 2870 6542 2336 6542 2869 6542 2870 6543 2869 6543 2843 6543 2843 6544 2869 6544 2883 6544 2843 6545 2883 6545 2844 6545 2844 6546 2883 6546 2879 6546 2844 6547 2879 6547 2887 6547 2887 6548 2879 6548 2878 6548 2887 6549 2878 6549 2888 6549 2888 6550 2878 6550 2839 6550 2888 6551 2839 6551 2889 6551 2889 6552 2839 6552 2841 6552 2889 6553 2841 6553 2846 6553 2293 6554 2295 6554 2846 6554 2846 6555 2295 6555 2853 6555 2846 6556 2853 6556 2889 6556 2889 6557 2853 6557 2854 6557 2889 6558 2854 6558 2888 6558 2888 6559 2854 6559 2875 6559 2888 6560 2875 6560 2887 6560 2887 6561 2875 6561 2871 6561 2887 6562 2871 6562 2844 6562 2844 6563 2871 6563 2872 6563 2844 6564 2872 6564 2368 6564 2368 6565 2872 6565 2369 6565 2328 6566 2327 6566 2882 6566 2882 6567 2327 6567 2866 6567 2882 6568 2866 6568 2884 6568 2884 6569 2866 6569 2864 6569 2884 6570 2864 6570 2885 6570 2885 6571 2864 6571 2862 6571 2885 6572 2862 6572 2886 6572 2886 6573 2862 6573 2860 6573 2886 6574 2860 6574 2840 6574 2840 6575 2860 6575 2858 6575 2840 6576 2858 6576 2841 6576 2841 6577 2858 6577 2856 6577 2841 6578 2856 6578 2846 6578 2846 6579 2856 6579 2845 6579 2846 6580 2845 6580 2290 6580 2290 6581 2845 6581 2289 6581 2567 6582 2890 6582 2112 6582 2112 6582 2890 6582 2371 6582 2380 6583 2379 6583 2891 6583 2892 6584 2375 6584 2374 6584 2463 6585 2462 6585 2893 6585 2517 6586 2040 6586 2894 6586 2894 6587 2040 6587 2430 6587 2463 6588 2893 6588 2459 6588 2484 6589 2460 6589 2895 6589 2376 6590 2044 6590 2484 6590 2896 6591 2897 6591 2898 6591 2898 6592 2897 6593 2899 6594 2898 6595 2899 6595 2900 6595 2900 6596 2899 6596 2901 6596 2900 6597 2901 6597 2902 6597 2902 6598 2901 6599 2903 6599 2902 6600 2903 6600 2904 6600 2904 6601 2903 6601 2905 6601 2904 6602 2905 6602 2892 6602 2401 6603 2896 6603 2403 6603 2403 6604 2896 6604 2898 6604 2403 6605 2898 6605 2405 6605 2407 6606 2405 6606 2906 6606 2398 6607 2409 6607 2907 6607 2413 6608 2398 6608 2908 6608 2421 6609 2417 6609 2909 6609 2424 6610 2421 6610 2910 6610 2394 6611 2424 6611 2911 6611 2462 6612 2517 6612 2893 6612 2893 6613 2517 6614 2894 6615 2893 6616 2894 6617 2912 6617 2912 6618 2894 6618 2430 6618 2912 6619 2430 6619 2432 6619 2460 6620 2459 6620 2895 6620 2895 6621 2459 6621 2893 6621 2895 6622 2893 6622 2913 6622 2913 6623 2893 6623 2912 6623 2913 6624 2912 6624 2914 6624 2914 6625 2912 6625 2432 6625 2914 6626 2432 6626 2428 6626 2915 6627 2916 6627 2917 6627 2376 6628 2484 6628 2918 6628 2918 6629 2484 6629 2895 6629 2918 6630 2895 6630 2919 6630 2919 6631 2895 6631 2913 6631 2919 6632 2913 6632 2920 6632 2920 6633 2913 6634 2914 6635 2920 6636 2914 6637 2921 6636 2921 6638 2914 6638 2428 6638 2921 6639 2428 6639 2394 6639 2922 6640 2917 6640 2923 6640 2923 6641 2917 6641 2916 6641 2923 6642 2916 6642 2924 6642 2398 6643 2907 6643 2908 6643 2908 6644 2907 6645 2925 6646 2908 6647 2925 6648 2926 6649 2926 6650 2925 6650 2927 6650 2926 6651 2927 6651 2928 6651 2928 6652 2927 6652 2929 6652 2928 6653 2929 6653 2930 6653 2421 6654 2909 6654 2910 6654 2910 6655 2909 6656 2931 6657 2910 6658 2931 6659 2932 6659 2932 6660 2931 6660 2933 6660 2932 6661 2933 6661 2934 6661 2934 6662 2933 6662 2935 6662 2934 6663 2935 6663 2936 6663 2892 6664 2374 6664 2904 6664 2904 6665 2374 6665 2924 6665 2904 6666 2924 6666 2902 6666 2902 6667 2924 6667 2916 6667 2902 6668 2916 6668 2900 6668 2900 6669 2916 6669 2915 6669 2900 6670 2915 6670 2898 6670 2374 6671 2373 6671 2924 6671 2924 6672 2373 6672 2372 6672 2924 6673 2372 6673 2923 6673 2923 6674 2372 6675 2378 6676 2923 6677 2378 6677 2922 6677 2922 6678 2378 6678 2377 6678 2922 6679 2377 6679 2382 6679 2405 6680 2898 6680 2906 6680 2906 6681 2898 6682 2915 6683 2906 6684 2915 6685 2937 6686 2937 6687 2915 6687 2917 6687 2937 6688 2917 6688 2938 6688 2938 6689 2917 6689 2922 6689 2938 6690 2922 6690 2939 6690 2939 6691 2922 6691 2382 6691 2939 6692 2382 6692 2381 6692 2407 6693 2906 6693 2940 6693 2940 6694 2906 6695 2937 6696 2940 6697 2937 6698 2941 6699 2941 6700 2937 6700 2938 6700 2941 6701 2938 6701 2942 6701 2942 6702 2938 6702 2939 6702 2942 6703 2939 6703 2891 6703 2891 6704 2939 6704 2381 6704 2891 6705 2381 6705 2380 6705 2379 6706 2929 6706 2891 6706 2891 6707 2929 6707 2927 6707 2891 6708 2927 6708 2942 6708 2942 6709 2927 6709 2925 6709 2942 6710 2925 6710 2941 6710 2941 6711 2925 6712 2907 6711 2941 6713 2907 6714 2940 6715 2940 6716 2907 6716 2409 6716 2940 6717 2409 6717 2407 6717 2379 6718 2383 6718 2929 6718 2929 6719 2383 6719 2384 6719 2929 6720 2384 6720 2930 6720 2930 6721 2384 6721 2385 6721 2930 6722 2385 6722 2386 6722 2413 6723 2908 6723 2943 6723 2943 6724 2908 6725 2926 6726 2943 6727 2926 6728 2944 6729 2944 6730 2926 6730 2928 6730 2944 6731 2928 6731 2945 6731 2945 6732 2928 6732 2930 6732 2945 6733 2930 6733 2946 6733 2946 6734 2930 6734 2386 6734 2946 6735 2386 6735 2389 6735 2389 6736 2935 6736 2946 6736 2946 6737 2935 6737 2933 6737 2946 6738 2933 6738 2945 6738 2945 6739 2933 6739 2931 6739 2945 6740 2931 6740 2944 6740 2944 6741 2931 6742 2909 6743 2944 6744 2909 6745 2943 6746 2943 6747 2909 6747 2417 6747 2943 6748 2417 6748 2413 6748 2389 6749 2388 6749 2935 6749 2935 6750 2388 6750 2387 6750 2935 6751 2387 6751 2936 6751 2936 6752 2387 6752 2392 6752 2936 6753 2392 6753 2391 6753 2424 6754 2910 6754 2911 6754 2911 6755 2910 6756 2932 6757 2911 6758 2932 6759 2947 6760 2947 6761 2932 6761 2934 6761 2947 6762 2934 6762 2948 6762 2948 6763 2934 6763 2936 6763 2948 6764 2936 6764 2949 6764 2949 6765 2936 6765 2391 6765 2949 6766 2391 6766 2390 6766 2394 6767 2911 6767 2921 6767 2921 6768 2911 6768 2947 6768 2921 6769 2947 6769 2920 6769 2920 6770 2947 6770 2948 6770 2920 6771 2948 6771 2919 6771 2919 6772 2948 6772 2949 6772 2919 6773 2949 6773 2918 6773 2918 6774 2949 6774 2390 6774 2918 6775 2390 6775 2376 6775 2401 6776 2400 6776 2439 6776 2401 6777 2439 6777 2950 6777 2950 6778 2439 6778 2438 6778 2950 6779 2438 6779 2951 6779 2438 6780 2437 6781 2951 6782 2951 6783 2437 6783 2440 6783 2951 6784 2440 6784 2952 6784 2952 6785 2440 6785 2441 6785 2952 6786 2441 6786 2953 6786 2441 6787 2443 6787 2953 6787 2953 6788 2443 6788 2442 6788 2953 6789 2442 6789 2954 6789 2954 6790 2442 6790 2447 6790 2954 6791 2447 6791 2955 6791 2955 6792 2447 6792 2446 6792 2955 6793 2446 6793 2445 6793 2448 6794 2454 6794 2444 6794 2444 6795 2454 6796 2956 6797 2444 6798 2956 6799 2445 6800 2445 6801 2956 6801 2957 6801 2445 6802 2957 6802 2955 6802 2455 6803 2028 6803 2487 6803 2500 941 2499 941 2458 941 2506 941 2096 941 2543 941 2506 6804 2543 6804 2507 6804 2507 6805 2543 6805 2503 6805 2503 941 2543 941 2542 941 2503 941 2542 941 2504 941 2455 941 2487 941 2456 941 2456 6806 2487 6806 2490 6806 2456 941 2490 941 2457 941 2457 6807 2490 6807 2495 6807 2457 6808 2495 6808 2494 6808 2958 941 2959 941 2452 941 2452 941 2458 941 2554 941 2554 941 2458 941 2499 941 2554 941 2499 941 2556 941 2556 6809 2499 6809 2541 6809 2556 941 2541 941 2558 941 2558 6810 2541 6810 2513 6810 2558 941 2513 941 2560 941 2560 6811 2513 6811 2504 6811 2560 941 2504 941 2546 941 2546 6812 2504 6812 2547 6812 2958 941 2452 941 2960 941 2959 6813 2961 6813 2452 6813 2452 6814 2961 6814 2962 6814 2452 6815 2962 6815 2453 6815 2453 941 2962 941 2963 941 2453 6816 2963 6816 2454 6816 2494 6817 2498 6817 2457 6817 2457 6818 2498 6818 2497 6818 2457 941 2497 941 2458 941 2458 6819 2497 6819 2501 6819 2458 6820 2501 6820 2500 6820 2549 941 2547 941 2551 941 2551 941 2547 941 2504 941 2551 941 2504 941 2544 941 2544 941 2504 941 2542 941 2964 6821 2965 6821 2966 6821 2966 941 2965 941 2967 941 2966 941 2967 941 2554 941 2554 6822 2967 6822 2968 6822 2554 6823 2968 6823 2452 6823 2452 6824 2968 6824 2969 6824 2452 6825 2969 6825 2960 6825 2554 6826 2553 6826 2970 6826 2970 6827 2553 6827 2566 6827 2970 6828 2566 6828 2565 6828 2561 6829 2971 6829 2562 6829 2562 6830 2971 6830 2972 6830 2562 6831 2972 6831 2565 6831 2565 6832 2972 6832 2973 6832 2565 6833 2973 6833 2970 6833 2971 6834 2561 6834 2974 6834 2975 6835 2976 6835 2974 6835 2974 6836 2976 6836 2977 6836 2974 6837 2977 6837 2971 6837 2978 6838 2979 6838 2980 6838 2980 6839 2979 6839 2981 6839 2980 6840 2981 6840 2975 6840 2975 6841 2981 6841 2982 6841 2975 6842 2982 6842 2976 6842 2980 6843 2983 6843 2978 6843 2978 6844 2983 6844 2984 6844 2978 6845 2984 6845 2985 6845 2985 6846 2984 6846 2986 6846 2985 6847 2986 6847 2987 6848 2986 6849 2988 6849 2987 6849 2987 6850 2988 6850 2989 6850 2987 6851 2989 6851 2990 6851 2990 6852 2989 6852 2991 6852 2990 6853 2991 6853 2992 6853 2992 6854 2991 6854 2993 6854 2992 6855 2993 6855 2994 6855 2993 6856 2995 6856 2994 6856 2994 6857 2995 6857 2996 6857 2994 6858 2996 6858 2997 6858 2997 6859 2996 6859 2998 6859 2997 6860 2998 6860 2999 6860 2999 6861 2998 6861 3000 6861 3001 6862 3002 6862 3003 6862 3003 6863 3002 6863 3004 6863 3003 6864 3004 6864 3000 6864 3000 6865 3004 6865 3005 6865 3000 6866 3005 6866 2999 6866 3006 6867 2568 6867 2569 6867 3006 6868 2569 6868 3007 6868 3007 6869 2569 6870 2570 6871 3007 6872 2570 6872 3008 6872 2573 6873 3009 6873 2572 6873 2572 6874 3009 6874 3008 6874 2572 6875 3008 6875 2571 6875 2571 6876 3008 6876 2570 6876 2099 6877 3010 6877 2575 6877 2575 6878 3010 6878 3011 6878 2575 6879 3011 6879 2574 6879 2574 6880 3011 6880 3012 6880 2574 6881 3012 6881 2573 6881 2573 6882 3012 6882 3013 6882 2573 6883 3013 6883 3009 6883 2102 6884 2576 6885 2101 6884 2101 6886 2576 6887 3014 6888 2101 6889 3014 6889 2099 6889 2099 6890 3014 6890 3010 6890 3015 6891 1987 6891 3016 6891 3016 6892 1987 6892 2375 6892 3015 6893 3017 6893 1987 6893 1987 6894 3017 6894 3018 6894 1987 6895 3018 6895 2576 6895 3019 6896 3020 6896 3021 6896 3021 6897 3020 6897 2577 6897 3021 6898 2577 6898 3022 6898 3022 6899 2577 6899 2579 6899 3022 6900 2579 6900 3023 6900 3023 6901 2579 6901 2581 6901 3023 6902 2581 6902 2371 6902 2371 6903 2581 6903 2370 6903 2617 6904 2359 6904 2655 6904 2578 6905 2611 6905 2646 6905 2646 6906 2611 6906 2614 6906 2646 6907 2614 6907 2652 6907 2652 6908 2614 6908 2617 6908 2652 6909 2617 6909 2656 6909 2656 6910 2617 6910 2655 6910 3019 6911 2608 6911 3020 6911 3020 6912 2608 6912 2611 6912 3020 6913 2611 6913 2577 6913 2577 941 2611 941 2578 941 2617 6914 2620 6914 2359 6914 2359 6915 2620 6915 2623 6915 2359 6916 2623 6916 2660 6916 2660 941 2623 941 2625 941 2660 6917 2625 6917 2627 6917 2627 941 2630 941 2660 941 2660 6918 2630 6918 2633 6918 2660 941 2633 941 2751 941 2751 6919 2633 6919 2585 6919 2751 6920 2585 6920 3024 6920 3024 6921 2585 6921 2584 6921 3024 941 2584 941 3025 941 3025 6922 2584 6922 2589 6922 3025 6923 2589 6923 3026 6923 3026 941 2589 941 2592 941 2602 941 2605 941 3027 941 3027 6924 2605 6924 3028 6924 3028 6925 2605 6925 2608 6925 3028 6926 2608 6926 3029 6926 3029 6927 2608 6927 3019 6927 3029 6928 3019 6928 3030 6928 3027 941 3031 941 2602 941 2602 6929 3031 6929 3032 6929 2602 941 3032 941 2599 941 2599 941 3032 941 3033 941 2599 941 3033 941 2597 941 2597 941 3033 941 3034 941 2597 941 3034 941 2595 941 2595 941 3034 941 3035 941 2595 941 3035 941 2592 941 2592 941 3035 941 3036 941 2592 941 3036 941 3026 941 2752 6930 2751 6930 3024 6930 3037 6931 3032 6931 3038 6931 3038 6932 3032 6932 3031 6932 3038 6933 3031 6933 3039 6933 3039 6934 3031 6934 3027 6934 3039 6935 3027 6935 3040 6935 3040 6936 3027 6936 3028 6936 3040 6937 3028 6937 3041 6937 2752 6938 3024 6938 3042 6938 3042 6939 3024 6939 3025 6939 3042 6940 3025 6940 3043 6940 3043 6941 3025 6941 3026 6941 3043 6942 3026 6942 3044 6942 3044 6943 3026 6943 3036 6943 3044 6944 3036 6944 3045 6944 3045 6945 3036 6945 3035 6945 3045 6946 3035 6946 3046 6946 3046 6947 3035 6947 3034 6947 3046 6948 3034 6948 3037 6948 3037 6949 3034 6949 3033 6949 3037 6950 3033 6950 3032 6950 3047 940 3048 940 2672 940 2672 940 2671 940 3047 940 3047 940 2671 940 2670 940 3047 6951 2670 6951 3049 6951 3050 940 3051 940 2685 940 3052 6952 3053 6952 2681 6952 2681 940 3053 940 3054 940 2681 940 3054 940 2682 940 2682 940 3054 940 3055 940 2682 6953 3055 6953 2683 6953 2683 940 3055 940 3050 940 2683 6954 3050 6954 2684 6954 2684 940 3050 940 2685 940 3056 940 2675 940 3057 940 3057 6955 2675 6955 2674 6955 3057 940 2674 940 3048 940 3048 6956 2674 6956 2673 6956 3048 6957 2673 6957 2672 6957 3058 940 3059 940 2692 940 3060 940 2677 940 3056 940 3056 6958 2677 6958 2676 6958 3056 940 2676 940 2675 940 2670 940 2669 940 3049 940 3049 6959 2669 6959 2668 6959 3049 6960 2668 6960 3061 6960 2681 940 2680 940 3052 940 3052 940 2680 940 2679 940 3052 940 2679 940 3060 940 3060 6961 2679 6961 2678 6961 3060 6962 2678 6962 2677 6962 3062 940 2694 940 3059 940 3059 6963 2694 6963 2693 6963 3059 940 2693 940 2692 940 2692 940 2691 940 3058 940 3058 6964 2691 6964 2690 6964 3058 940 2690 940 3063 940 3063 6965 2690 6965 2689 6965 3063 6966 2689 6966 3064 6966 2689 940 2688 940 3064 940 3064 6967 2688 6967 2687 6967 3064 6968 2687 6968 3051 6968 3051 940 2687 940 2686 940 3051 940 2686 940 2685 940 3065 940 2697 940 3066 940 3066 940 2697 940 2696 940 3066 940 2696 940 3062 940 3062 940 2696 940 2695 940 3062 6969 2695 6969 2694 6969 2668 6970 2667 6970 3061 6970 3061 940 2667 940 2666 940 3061 6971 2666 6971 3067 6971 3067 940 2666 940 2665 940 3067 6972 2665 6972 3065 6972 3065 940 2665 940 2698 940 3065 940 2698 940 2697 940 2736 4967 2710 4967 3068 4967 3068 4967 2710 4967 2711 4967 3068 4968 2711 4968 3069 4968 3069 6973 2711 6973 2712 6973 3069 6974 2712 6974 3070 6974 2701 6975 2703 6975 2712 6975 2712 6976 2703 6976 3071 6976 3071 6977 3072 6977 2712 6977 2712 6978 3072 6978 3073 6978 2712 6979 3073 6979 3070 6979 2713 6980 2718 6980 3074 6980 3074 6981 2718 6981 2737 6981 2713 6982 3074 6982 2714 6982 2714 6983 3074 6983 3075 6983 2714 6984 3075 6985 2731 6986 2725 6987 2727 6987 3076 6987 3076 6988 2727 6989 2728 6990 3076 6991 2728 6991 3075 6991 3075 6992 2728 6993 2729 6994 3075 6995 2729 6995 2731 6995 2725 6996 3076 6996 2723 6996 2723 6997 3076 6997 3077 6997 2723 6998 3077 6998 2735 6998 2749 6999 2748 6999 3077 6999 2545 179 2220 179 2739 179 2219 179 2743 179 2220 179 2220 179 2743 179 2738 179 2220 7000 2738 7000 2739 7000 2739 179 2740 179 2545 179 2545 7001 2740 7001 2741 7001 2545 179 2741 179 2559 179 2559 179 2741 179 2742 179 2559 179 2742 179 2563 179 3077 179 2748 179 2735 179 2735 7002 2748 7002 2747 7002 2735 7003 2747 7003 2743 7003 2749 179 3077 179 2750 179 2750 179 3077 179 3078 179 2750 179 3078 179 2744 179 1591 179 2142 179 1916 179 1916 179 2142 179 2179 179 1916 179 2179 179 2219 179 2219 179 2179 179 2721 179 2219 179 2721 179 2743 179 2743 7004 2721 7004 2722 7004 2743 7005 2722 7005 2735 7005 2754 7006 2753 7006 3079 7006 3079 7007 2753 7007 2752 7007 3079 7008 2752 7008 3080 7008 3080 7009 2752 7009 3081 7009 2664 7010 2663 7010 3082 7010 3082 7011 2663 7011 2754 7011 3083 7012 2756 7012 3084 7012 3084 7013 2756 7013 2755 7013 3084 7014 2755 7014 3085 7014 3085 7015 2755 7015 2757 7015 3085 7016 2757 7016 3082 7016 3082 7017 2757 7017 2664 7017 2248 7018 2247 7018 3086 7018 3086 7019 2247 7019 2756 7019 3086 7020 2756 7020 3083 7020 2249 7021 2248 7022 3086 7023 2249 7024 3086 7025 2250 7026 3086 7027 3087 7028 2250 7029 2250 7030 3087 7031 3088 7031 2250 7032 3088 7032 2251 7032 3088 7033 3089 7034 2251 7035 2251 7036 3089 7037 3090 7038 2251 7039 3090 7039 2252 7039 3090 7040 3091 7040 2252 7040 2252 7041 3091 7042 3092 7041 2252 7043 3092 7044 2253 7045 3093 7046 3094 7046 2759 7046 2759 7047 3094 7048 3095 7049 2759 7050 3095 7051 2760 7052 2760 7053 3095 7053 3096 7053 2760 7054 3096 7054 2761 7054 2761 7055 3096 7056 3097 7057 2761 7058 3097 7059 2762 7060 2762 7061 3097 7061 3098 7061 2762 7062 3098 7062 3099 7062 3093 7063 2759 7063 3100 7063 3100 7064 2759 7064 2758 7064 3100 7065 2758 7065 3101 7065 3101 7066 2758 7066 2253 7066 3101 7067 2253 7067 3092 7067 3102 7068 3103 7069 2766 7070 2766 7071 3103 7071 1837 7071 2766 7072 1837 7072 2237 7072 2766 7073 2765 7073 3102 7073 3102 7074 2765 7075 2769 7076 3102 7077 2769 7077 3104 7077 2769 7078 2768 7078 3104 7078 3104 7079 2768 7079 2767 7079 3104 7080 2767 7080 3105 7080 3105 7081 2767 7082 2770 7083 3105 7084 2770 7084 3106 7084 3106 7085 2770 7085 2764 7085 3106 7086 2764 7086 3107 7086 3107 7087 2764 7087 2763 7087 3107 7088 2763 7088 3108 7088 3108 7089 2763 7090 2775 7090 3108 7091 2775 7091 3109 7091 2762 7092 3099 7092 2771 7092 2771 7093 3099 7093 3110 7093 2771 7094 3110 7094 2772 7094 2772 7095 3110 7095 3111 7095 2772 7096 3111 7096 2773 7096 2773 7097 3111 7097 3109 7097 2773 7098 3109 7098 2774 7098 2774 7099 3109 7099 2775 7099 1849 7100 1834 7101 2144 7102 2144 7103 1834 7104 1833 7105 2144 7106 1833 7107 2777 7107 2777 7108 1833 7109 2776 7110 1833 7111 1830 7111 2776 7111 2776 7112 1830 7113 1829 7114 2776 7115 1829 7115 2778 7115 2778 7116 1829 7117 3112 7118 2778 7119 3112 7119 2779 7119 2779 7120 3112 7120 2780 7120 2780 7121 3112 7121 3113 7121 2780 7122 3113 7122 3114 7122 3115 7123 3116 7123 2783 7123 2783 7124 2784 7124 3115 7124 3115 7125 2784 7125 2785 7125 3115 7126 2785 7126 3117 7126 3117 7127 2785 7127 2781 7127 3117 7128 2781 7128 3118 7128 3118 7129 2781 7129 2782 7129 3118 7130 2782 7130 3119 7130 3119 7131 2782 7131 2780 7131 3119 7132 2780 7132 3114 7132 3120 7133 3069 7133 3121 7133 3121 7134 3069 7134 3070 7134 3121 7135 3070 7135 3122 7135 3122 7136 3070 7136 3123 7136 3123 7137 3070 7137 3073 7137 3123 7138 3073 7138 3124 7138 3124 7139 3073 7139 3072 7139 3124 7140 3072 7140 3125 7140 2783 7141 3116 7141 2700 7141 2700 7142 3116 7142 3126 7142 2700 7143 3126 7143 2702 7143 2702 7144 3126 7144 3127 7144 2702 7145 3127 7145 2703 7145 2703 7146 3127 7146 3125 7146 2703 7147 3125 7147 3071 7147 3071 7148 3125 7148 3072 7148 3128 7149 3129 7150 3130 7151 3131 7152 3132 7153 3133 7153 3131 7154 3133 7154 3134 7154 3134 7155 3133 7155 3135 7155 3134 7156 3135 7157 3136 7158 3136 7159 3135 7159 3137 7159 3136 7160 3137 7160 3138 7160 3128 7161 3130 7161 3139 7161 3137 7162 3140 7162 3138 7162 3138 7163 3140 7163 3141 7163 3138 7164 3141 7164 3142 7164 3142 7165 3141 7165 3143 7165 3142 7166 3143 7167 3144 7168 3144 7169 3143 7170 3139 7171 3144 7172 3139 7173 3145 7173 3145 7174 3139 7174 3130 7174 2787 7175 2788 7175 3146 7175 3146 5861 2788 5861 2746 5861 3146 7176 2746 7176 3078 7176 3078 7177 2746 7177 2745 7177 3078 7178 2745 7179 2744 7180 3146 7181 3147 7181 2787 7181 2787 5858 3147 5858 3148 5858 2787 7182 3148 7182 2786 7182 3148 7183 3149 7183 2786 7183 2786 7184 3149 7184 3150 7184 2786 7185 3150 7185 2789 7185 2789 7186 3150 7186 3151 7186 2789 7187 3151 7187 2322 7187 2322 7188 3151 7188 3152 7188 2322 7189 3152 7190 2321 7191 3153 7192 2865 7192 3154 7192 3154 7193 2865 7193 2867 7193 3154 7194 2867 7194 3155 7194 3155 7195 2867 7195 2868 7195 3155 7196 2868 7196 3156 7196 3156 7197 2868 7197 2317 7197 3156 7198 2317 7198 3152 7198 3152 7199 2317 7199 2319 7199 3152 7200 2319 7201 2321 7202 2859 7203 2861 7203 3157 7203 3157 7204 2861 7204 2863 7204 3157 7205 2863 7205 3158 7205 3158 7206 2863 7206 2865 7206 3158 7207 2865 7207 3159 7207 3159 7208 2865 7208 3153 7208 2996 7209 2813 7209 2998 7209 2998 7210 2813 7210 3000 7210 2996 7211 2995 7211 2813 7211 2813 7212 2995 7212 2993 7212 2813 7213 2993 7213 2991 7213 3000 7214 2813 7214 3003 7214 3003 7215 2813 7215 2812 7215 3003 7216 2812 7216 3001 7216 3001 7217 2812 7217 2286 7217 3001 7218 2286 7218 3160 7218 3160 7219 2286 7219 2285 7219 3160 7220 2285 7220 3161 7220 3161 7221 2285 7221 2855 7221 3161 7222 2855 7222 3162 7222 3163 7223 2855 7223 3157 7223 3157 7224 2855 7224 2857 7224 3157 7225 2857 7225 2859 7225 3163 7226 3164 7226 2855 7226 2855 7227 3164 7227 3165 7227 2855 7228 3165 7228 3166 7228 3166 7229 3167 7229 2855 7229 2855 7230 3167 7230 3168 7230 2855 7231 3168 7231 3162 7231 2991 7232 2989 7232 2813 7232 2813 7233 2989 7233 2988 7233 2813 7234 2988 7234 2800 7234 2800 7235 2988 7235 2802 7235 2980 7236 2808 7236 2983 7236 2983 7237 2808 7237 2806 7237 2983 7238 2806 7238 2984 7238 2984 7239 2806 7239 2986 7239 2986 7240 2806 7240 2988 7240 2988 7241 2806 7241 2804 7241 2988 7242 2804 7242 2802 7242 2561 7243 2254 7243 2974 7243 2974 7244 2254 7244 2257 7244 2974 7245 2257 7245 2975 7245 2975 7246 2257 7246 2256 7246 2975 7247 2256 7247 2980 7247 2980 7248 2256 7248 2810 7248 2980 7249 2810 7249 2808 7249 2567 7250 3169 7250 2890 7250 2890 7250 3169 7250 3170 7250 2568 7251 3006 7251 2567 7251 2567 7252 3006 7252 3169 7252 3171 7253 3172 7253 3173 7253 2896 7254 2401 7254 3174 7254 3175 7255 3176 7255 3171 7255 3176 7256 3175 7256 3177 7256 2905 7257 2903 7257 3178 7257 2899 7258 2897 7258 3179 7258 3180 7259 3181 7259 3182 7259 3182 7260 3181 7260 3183 7260 3184 7261 3185 7261 3186 7261 2953 7262 3187 7262 3188 7262 3187 7263 2953 7263 2954 7263 2970 7264 2973 7264 3189 7264 3004 7265 3002 7265 3190 7265 3008 7266 3009 7266 3191 7266 3191 7267 3009 7267 3013 7267 3191 7268 3013 7268 3192 7268 3193 7269 3194 7269 3195 7269 3195 7270 3194 7270 3196 7270 3195 7271 3196 7271 3197 7271 3197 7272 3196 7272 3198 7272 3197 7273 3198 7273 3199 7273 3004 7274 3190 7274 3005 7274 3005 7275 3190 7275 3200 7275 3005 7276 3200 7276 2999 7276 2999 7277 3200 7277 2997 7277 2997 7278 3200 7278 3201 7278 2997 7279 3201 7279 2994 7279 3202 7280 2992 7280 3203 7280 3203 7281 2992 7281 2994 7281 3203 7282 2994 7282 3204 7282 3204 7283 2994 7283 3201 7283 3205 7284 2978 7284 3206 7284 3206 7285 2978 7285 2985 7285 3206 7286 2985 7286 3207 7286 3207 7287 2985 7287 2987 7287 3207 7288 2987 7288 3202 7288 3202 7289 2987 7289 2990 7289 3202 7290 2990 7290 2992 7290 2972 7291 2971 7291 3208 7291 3208 7292 2971 7292 2977 7292 3208 7293 2977 7293 3209 7293 3209 7294 2977 7294 2976 7294 3209 7295 2976 7295 3210 7295 3210 7296 2976 7296 2982 7296 3210 7297 2982 7297 3211 7297 3211 7298 2982 7298 2981 7298 3211 7299 2981 7299 3205 7299 3205 7300 2981 7300 2979 7300 3205 7301 2979 7301 2978 7301 3212 7302 2967 7302 2965 7302 3213 7303 2968 7303 2967 7303 3214 7304 2960 7304 2969 7304 2960 7305 3214 7305 2958 7305 2958 7306 3214 7306 3215 7306 2958 7307 3215 7307 2959 7307 3215 7308 3216 7308 2959 7308 2959 7309 3216 7309 3217 7309 2959 7310 3217 7310 2961 7310 2961 7311 3217 7311 3218 7311 2961 7312 3218 7312 2962 7312 3219 7313 2963 7313 2962 7313 3220 7314 2955 7314 3221 7314 3221 7315 2955 7315 2957 7315 3221 7316 2957 7316 2956 7316 2401 7317 2950 7317 3174 7317 3174 7318 2950 7318 2951 7318 3174 7319 2951 7319 3222 7319 3222 7320 2951 7320 2952 7320 3222 7321 2952 7321 3223 7321 2375 7322 2892 7322 3016 7322 3016 7323 2892 7323 3224 7323 3016 7324 3224 7324 3015 7324 3014 7325 3225 7325 3010 7325 3010 7326 3225 7326 3226 7326 3010 7327 3226 7328 3011 7328 3015 7329 3224 7329 3017 7329 3017 7330 3224 7330 3225 7330 3017 7331 3225 7331 3018 7331 3018 7332 3225 7332 3014 7332 3018 7333 3014 7334 2576 7335 3184 7336 3218 7336 3185 7336 3185 7337 3218 7337 3217 7337 3185 7338 3217 7338 3227 7338 3227 7339 3217 7339 3216 7339 3227 7340 3216 7340 3228 7340 3228 7341 3216 7341 3215 7341 3228 7342 3215 7342 3229 7342 3229 7343 3215 7343 3214 7343 3229 7344 3214 7344 3213 7344 3213 7345 3214 7345 2969 7345 3213 7346 2969 7346 2968 7346 3230 7347 3231 7347 3232 7347 3231 7348 3230 7348 3233 7348 3234 7349 3235 7349 3236 7349 3236 7350 3235 7350 3237 7350 2454 7351 2963 7351 2956 7351 2956 7352 2963 7352 3219 7352 2956 7353 3219 7353 3221 7353 3221 7354 3219 7354 3238 7354 3221 7355 3238 7355 3220 7355 3220 7356 3238 7356 3239 7356 3220 7357 3239 7357 3240 7357 3241 7358 3242 7358 3180 7358 3180 7359 3242 7359 3243 7359 3180 7360 3243 7360 3181 7360 3239 7361 3244 7361 3240 7361 3240 7362 3244 7362 3245 7362 3240 7363 3245 7363 3246 7363 3246 7364 3245 7364 3247 7364 3246 7365 3247 7365 3248 7365 2962 7366 3218 7366 3219 7366 3219 7367 3218 7367 3184 7367 3219 7368 3184 7368 3238 7368 3238 7369 3184 7369 3186 7369 3238 7370 3186 7370 3239 7370 3239 7371 3186 7371 3249 7371 3239 7372 3249 7372 3244 7372 3244 7373 3249 7373 3250 7373 3244 7374 3250 7374 3245 7374 3245 7375 3250 7375 3251 7375 3245 7376 3251 7376 3247 7376 3247 7377 3251 7377 3252 7377 3247 7378 3252 7378 3248 7378 3248 7379 3253 7379 3246 7379 3246 7380 3253 7380 3188 7380 3246 7381 3188 7381 3240 7381 3240 7382 3188 7382 3187 7382 3240 7383 3187 7383 3220 7383 3220 7384 3187 7384 2954 7384 3220 7385 2954 7385 2955 7385 2901 7386 2899 7386 3254 7386 3254 7387 2899 7387 3179 7387 3254 7388 3179 7388 3255 7388 3255 7389 3179 7389 3256 7389 3255 7390 3256 7390 3257 7390 3257 7391 3256 7391 3253 7391 3257 7392 3253 7392 3258 7392 3258 7393 3253 7393 3248 7393 3243 7394 3259 7394 3191 7394 3191 7395 3259 7395 3260 7395 3191 7396 3260 7396 3008 7396 2892 7397 2905 7397 3224 7397 3224 7398 2905 7398 3178 7398 3224 7399 3178 7399 3225 7399 3225 7400 3178 7400 3261 7400 3225 7401 3261 7401 3226 7401 3226 7402 3261 7402 3262 7402 3226 7403 3262 7403 3011 7403 3011 7404 3262 7404 3192 7404 3011 7405 3192 7405 3012 7405 3012 7406 3192 7406 3013 7406 3241 7407 3180 7407 3263 7407 3263 7408 3180 7408 3182 7408 3263 7409 3182 7409 3264 7409 3264 7410 3182 7410 3183 7410 3264 7411 3183 7411 3265 7411 3265 7412 3183 7412 3173 7412 3265 7413 3173 7413 3266 7413 3266 7414 3173 7414 3172 7414 3266 7415 3172 7415 3267 7415 3268 7416 3269 7416 3270 7416 3270 7417 3269 7417 3271 7417 3270 7418 3271 7418 3272 7418 3272 7419 3271 7419 3273 7419 3272 7420 3273 7420 3274 7420 3274 7421 3273 7421 3275 7421 3274 7422 3275 7422 3276 7422 3276 7423 3275 7423 3277 7423 3276 7424 3277 7424 3278 7424 3267 7425 3268 7425 3266 7425 3266 7426 3268 7426 3270 7426 3266 7427 3270 7427 3265 7427 3265 7428 3270 7428 3272 7428 3265 7429 3272 7429 3264 7429 3264 7430 3272 7430 3274 7430 3264 7431 3274 7431 3263 7431 3263 7432 3274 7432 3276 7432 3263 7433 3276 7433 3241 7433 3241 7434 3276 7434 3278 7434 3241 7435 3278 7435 3242 7435 3242 7436 3278 7436 3279 7436 3242 7437 3279 7437 3243 7437 3243 7438 3279 7438 3280 7438 3243 7439 3280 7439 3259 7439 3281 7440 3282 7440 3283 7440 3283 7441 3282 7441 3284 7441 3283 7442 3284 7442 3285 7442 3285 7443 3284 7443 3286 7443 3285 7444 3286 7444 3287 7444 3287 7445 3286 7445 3288 7445 3287 7446 3288 7446 3289 7446 3289 7447 3288 7447 3290 7447 3289 7448 3290 7448 3291 7448 3282 7449 3198 7449 3284 7449 3284 7450 3198 7450 3196 7450 3284 7451 3196 7451 3286 7451 3286 7452 3196 7452 3194 7452 3286 7453 3194 7453 3288 7453 3288 7454 3194 7454 3193 7454 3288 7455 3193 7455 3290 7455 3269 7456 3281 7456 3271 7456 3271 7457 3281 7457 3283 7457 3271 7458 3283 7458 3273 7458 3273 7459 3283 7459 3285 7459 3273 7460 3285 7460 3275 7460 3275 7461 3285 7461 3287 7461 3275 7462 3287 7462 3277 7462 3277 7463 3287 7463 3289 7463 3277 7464 3289 7464 3278 7464 3278 7465 3289 7465 3291 7465 3278 7466 3291 7466 3279 7466 3279 7467 3291 7467 3292 7467 3279 7468 3292 7468 3280 7468 3280 7469 3292 7469 3293 7469 3280 7470 3293 7470 3259 7470 3259 7471 3293 7471 3006 7471 3259 7472 3006 7472 3260 7472 3260 7473 3006 7473 3007 7473 3260 7474 3007 7474 3008 7474 3232 7475 3294 7475 3230 7475 3230 7476 3294 7476 3295 7476 3230 7477 3295 7477 3296 7477 3296 7478 3295 7478 3297 7478 3296 7479 3297 7479 3298 7479 3298 7480 3297 7480 3212 7480 3298 7481 3212 7481 3299 7481 3299 7482 3212 7482 2965 7482 3299 7483 2965 7483 2964 7483 3236 7484 3233 7484 3234 7484 3234 7485 3233 7485 3230 7485 3234 7486 3230 7486 3300 7486 3300 7487 3230 7487 3296 7487 3300 7488 3296 7488 3301 7488 3301 7489 3296 7489 3298 7489 3301 7490 3298 7490 3302 7490 3302 7491 3298 7491 3299 7491 3302 7492 3299 7492 3189 7492 3189 7493 3299 7493 2964 7493 3189 7494 2964 7494 2970 7494 2970 7495 2964 7495 2966 7495 2970 7496 2966 7496 2554 7496 3303 7497 3199 7497 3304 7497 3304 7498 3199 7498 3198 7498 3304 7499 3198 7499 3305 7499 3305 7500 3198 7500 3282 7500 3305 7501 3282 7501 3306 7501 3306 7502 3282 7502 3281 7502 3306 7503 3281 7503 3307 7503 3307 7504 3281 7504 3269 7504 3307 7505 3269 7505 3308 7505 3308 7506 3269 7506 3268 7506 3308 7507 3268 7507 3309 7507 3309 7508 3268 7508 3267 7508 3309 7509 3267 7509 3310 7509 3310 7510 3267 7510 3172 7510 3310 7511 3172 7511 3311 7511 3311 7512 3172 7512 3171 7512 3311 7513 3171 7513 3312 7513 3312 7514 3171 7514 3176 7514 3312 7515 3176 7515 3313 7515 3313 7516 3176 7516 3177 7516 3313 7517 3177 7517 3314 7517 2967 7518 3212 7518 3213 7518 3213 7519 3212 7519 3297 7519 3213 7520 3297 7520 3229 7520 3229 7521 3297 7521 3295 7521 3229 7522 3295 7522 3228 7522 3228 7523 3295 7523 3294 7523 3228 7524 3294 7524 3227 7524 3227 7525 3294 7525 3232 7525 3227 7526 3232 7526 3185 7526 3185 7527 3232 7527 3231 7527 3185 7528 3231 7528 3186 7528 3186 7529 3231 7529 3233 7529 3186 7530 3233 7530 3249 7530 3249 7531 3233 7531 3236 7531 3249 7532 3236 7532 3250 7532 3250 7533 3236 7533 3237 7533 3250 7534 3237 7534 3251 7534 3251 7535 3237 7535 3315 7535 3251 7536 3315 7536 3252 7536 3252 7537 3315 7537 3316 7537 3252 7538 3316 7538 3248 7538 3190 7539 3303 7539 3200 7539 3200 7540 3303 7540 3304 7540 3200 7541 3304 7541 3201 7541 3201 7542 3304 7542 3305 7542 3201 7543 3305 7543 3204 7543 3204 7544 3305 7544 3306 7544 3204 7545 3306 7545 3203 7545 3203 7546 3306 7546 3307 7546 3203 7547 3307 7547 3202 7547 3202 7548 3307 7548 3308 7548 3202 7549 3308 7549 3207 7549 3207 7550 3308 7550 3309 7550 3207 7551 3309 7551 3206 7551 3206 7552 3309 7552 3310 7552 3206 7553 3310 7553 3205 7553 3205 7554 3310 7554 3311 7554 3205 7555 3311 7555 3211 7555 3211 7556 3311 7556 3312 7556 3211 7557 3312 7557 3210 7557 3210 7558 3312 7558 3313 7558 3210 7559 3313 7559 3209 7559 3209 7560 3313 7560 3314 7560 3209 7561 3314 7561 3208 7561 2897 7562 2896 7562 3179 7562 3179 7563 2896 7563 3174 7563 3179 7564 3174 7564 3256 7564 3256 7565 3174 7565 3222 7565 3256 7566 3222 7566 3253 7566 3253 7567 3222 7567 3223 7567 3253 7568 3223 7568 3188 7568 3188 7569 3223 7569 2952 7569 3188 7570 2952 7570 2953 7570 2973 7571 2972 7571 3189 7571 3189 7572 2972 7572 3208 7572 3189 7573 3208 7573 3302 7573 3302 7574 3208 7574 3314 7574 3302 7575 3314 7575 3301 7575 3301 7576 3314 7576 3177 7576 3301 7577 3177 7577 3300 7577 3300 7578 3177 7578 3175 7578 3300 7579 3175 7579 3234 7579 3234 7580 3175 7580 3171 7580 3234 7581 3171 7581 3235 7581 3235 7582 3171 7582 3173 7582 3235 7583 3173 7583 3237 7583 3237 7584 3173 7584 3183 7584 3237 7585 3183 7585 3315 7585 3315 7586 3183 7586 3181 7586 3315 7587 3181 7587 3316 7587 3316 7588 3181 7588 3243 7588 3316 7589 3243 7589 3248 7589 3248 7590 3243 7590 3191 7590 3248 7591 3191 7591 3258 7591 3258 7592 3191 7592 3192 7592 3258 7593 3192 7593 3257 7593 3257 7594 3192 7594 3262 7594 3257 7595 3262 7595 3255 7595 3255 7596 3262 7596 3261 7596 3255 7597 3261 7597 3254 7597 3254 7598 3261 7598 3178 7598 3254 7599 3178 7599 2901 7599 2901 7600 3178 7601 2903 7600 3001 7602 3160 7602 3002 7602 3002 7603 3160 7603 3317 7603 2890 7604 3170 7604 3318 7604 3318 7605 3170 7605 3319 7605 3030 7606 3019 7606 3320 7606 3320 7607 3019 7607 3021 7607 3320 7608 3021 7608 3321 7608 3321 7609 3021 7609 3322 7609 3322 7610 3021 7610 3022 7610 3322 7611 3022 7611 3323 7611 3023 7612 3324 7612 3022 7612 3022 7613 3324 7613 3325 7613 3022 7614 3325 7615 3323 7616 2890 7617 3318 7617 2371 7617 2371 7618 3318 7618 3326 7618 2371 7619 3326 7619 3023 7619 3023 7620 3326 7620 3327 7620 3023 7621 3327 7621 3324 7621 3028 7622 3029 7622 3041 7622 3041 7623 3029 7623 3328 7623 3329 7624 3330 7624 3331 7624 3331 7625 3330 7625 3332 7625 3331 7626 3332 7626 3333 7626 3333 7627 3332 7627 3334 7627 3332 7628 3335 7629 3334 7630 3334 7631 3335 7632 3336 7631 3334 7633 3336 7633 3337 7633 3337 7634 3336 7634 3338 7634 3337 7635 3338 7635 3339 7635 3339 7636 3338 7637 3340 7638 3339 7639 3340 7639 3341 7639 3341 7640 3340 7641 3342 7642 3341 7643 3342 7643 3343 7643 3343 7644 3342 7644 3344 7644 3343 7645 3344 7645 3345 7645 3345 7646 3344 7646 3346 7646 3345 7647 3346 7647 3347 7647 3347 7648 3346 7648 3348 7648 3347 7649 3348 7649 3349 7649 3348 7650 3350 7650 3349 7650 3349 7651 3350 7651 3351 7651 3349 7652 3351 7652 3352 7652 3351 7653 3353 7654 3352 7653 3352 7655 3353 7656 3354 7657 3352 7658 3354 7658 3355 7658 3355 7659 3354 7660 3356 7661 3356 7662 3354 7662 3357 7662 3356 7663 3357 7664 3358 7665 3358 7666 3357 7666 3359 7666 3358 7667 3359 7667 3360 7667 3359 7668 3361 7669 3360 7670 3360 7671 3361 7671 3362 7671 3360 7672 3362 7672 3363 7672 3363 7673 3362 7674 3364 7675 3362 7676 3365 7677 3364 7678 3364 7679 3365 7680 3366 7681 3364 7682 3366 7682 3367 7682 3367 7683 3366 7683 3368 7683 3367 7684 3368 7684 3369 7684 3369 7685 3368 7685 3370 7685 3369 7686 3370 7686 3371 7686 3372 7687 3373 7687 3374 7687 3374 7688 3373 7688 3371 7688 3374 7689 3371 7689 3375 7689 3375 7690 3371 7691 3370 7692 3132 7693 3131 7693 3376 7693 3376 7694 3131 7695 3377 7696 3376 7697 3377 7697 3378 7697 3378 7698 3377 7698 3379 7698 3378 7699 3379 7699 3380 7699 3380 7700 3379 7700 3381 7700 3380 7701 3381 7701 3372 7702 3372 7703 3381 7703 3382 7703 3372 7704 3382 7704 3373 7704 3383 7705 3039 7705 3040 7705 3384 7706 3081 7706 2752 7706 3384 7707 2752 7707 3385 7707 3041 7708 3386 7708 3387 7708 3041 7709 3387 7709 3040 7709 3040 7710 3387 7710 3388 7710 3040 7711 3388 7711 3383 7711 3383 7712 3389 7712 3039 7712 3039 7713 3389 7714 3390 7713 3039 7715 3390 7715 3038 7715 3038 7716 3390 7716 3391 7716 3038 7717 3391 7717 3037 7717 3037 7718 3391 7718 3392 7718 3392 5433 3393 5433 3037 5433 3037 7719 3393 7720 3394 7721 3037 7722 3394 7722 3046 7722 3394 7723 3395 7723 3046 7723 3046 5439 3395 5439 3396 5439 3046 7724 3396 7724 3045 7724 3045 7725 3396 7725 3397 7725 3397 5442 3398 5442 3045 5442 3045 5447 3398 5447 3399 5447 3045 7726 3399 7726 3044 7726 3400 7727 3043 7727 3401 7727 3401 7728 3043 7728 3044 7728 3401 7729 3044 7729 3402 7729 3402 7730 3044 7730 3399 7730 3400 7731 3403 7731 3043 7731 3043 7732 3403 7732 3385 7732 3043 7733 3385 7733 3042 7733 3042 7734 3385 7734 2752 7734 3054 7735 3053 7735 3359 7735 3338 7736 3336 7736 3051 7736 3051 7737 3336 7738 3335 7739 3051 7740 3335 7740 3064 7740 3064 7741 3335 7741 3332 7741 3064 7742 3332 7742 3330 7742 3050 7743 3344 7743 3342 7743 3050 7744 3342 7744 3051 7744 3051 7745 3342 7745 3340 7745 3051 7746 3340 7746 3338 7746 3351 7747 3350 7748 3055 7749 3055 7750 3350 7750 3348 7750 3055 7751 3348 7751 3050 7751 3050 7752 3348 7752 3346 7752 3050 7753 3346 7753 3344 7753 3359 7754 3357 7754 3054 7754 3054 7755 3357 7755 3354 7755 3054 7756 3354 7756 3055 7756 3055 7757 3354 7757 3353 7757 3055 7758 3353 7758 3351 7758 3366 7759 3365 7759 3052 7759 3052 7760 3365 7760 3362 7760 3052 7761 3362 7761 3053 7761 3053 7762 3362 7762 3361 7762 3053 7763 3361 7763 3359 7763 3366 7764 3052 7764 3368 7764 3368 7765 3052 7765 3060 7765 3368 7766 3060 7766 3370 7766 3380 7767 3372 7767 3056 7767 3056 7768 3372 7768 3374 7768 3056 7769 3374 7769 3060 7769 3060 7770 3374 7770 3375 7770 3060 7771 3375 7771 3370 7771 3133 7772 3132 7772 3057 7772 3057 7773 3132 7773 3376 7773 3057 7774 3376 7774 3056 7774 3056 7775 3376 7775 3378 7775 3056 7776 3378 7776 3380 7776 3140 7777 3137 7777 3048 7777 3048 7778 3137 7778 3057 7778 3057 7779 3137 7779 3135 7779 3057 7780 3135 7780 3133 7780 3139 7781 3143 7781 3048 7781 3048 7782 3143 7782 3141 7782 3048 7783 3141 7783 3140 7783 3139 7784 3048 7784 3128 7784 3128 7785 3048 7785 3047 7785 3128 7786 3047 7787 3129 7788 3129 7789 3047 7789 3049 7789 3129 7790 3049 7790 3404 7790 3405 7791 3406 7792 3059 7793 3059 7794 3406 7794 3407 7794 3059 7795 3407 7795 3062 7795 3062 7796 3407 7796 3408 7796 3409 7797 3410 7797 3058 7797 3058 7798 3410 7798 3411 7798 3058 7799 3411 7799 3059 7799 3059 7800 3411 7800 3412 7800 3059 7801 3412 7801 3405 7801 3413 7802 3414 7803 3063 7804 3063 7805 3414 7805 3415 7805 3063 7806 3415 7806 3058 7806 3058 7807 3415 7807 3416 7807 3058 7808 3416 7808 3409 7808 3330 7809 3417 7810 3064 7811 3064 7812 3417 7812 3418 7812 3064 7813 3418 7813 3063 7813 3063 7814 3418 7814 3419 7814 3063 7815 3419 7815 3413 7815 3404 7816 3049 7816 3420 7816 3420 7817 3049 7817 3061 7817 3420 7818 3061 7818 3421 7818 3061 7819 3067 7819 3421 7819 3421 7820 3067 7821 3065 7822 3421 7823 3065 7823 3422 7823 3422 7824 3065 7824 3066 7824 3422 7825 3066 7825 3423 7825 3423 7826 3066 7826 3062 7826 3423 7827 3062 7827 3424 7827 3424 7828 3062 7828 3408 7828 3069 7829 3120 7829 3068 7829 3068 7830 3120 7830 3425 7830 3068 7831 3425 7831 2736 7831 2736 7832 3425 7832 3426 7832 2736 7833 3426 7833 2737 7833 2737 7833 3426 7833 3427 7833 3428 7834 3077 7834 3076 7834 3428 7835 3076 7835 3429 7835 3429 7836 3076 7836 3075 7836 3429 7837 3075 7837 3430 7837 3430 7838 3075 7838 3074 7838 3430 7839 3074 7839 3431 7839 3431 7840 3074 7840 2737 7840 3431 7841 2737 7841 3427 7841 3078 7842 3077 7842 3432 7842 3432 7843 3077 7843 3428 7843 3078 7844 3432 7844 3146 7844 3146 7845 3432 7845 3433 7845 3146 7846 3433 7846 3147 7846 3147 7847 3433 7847 3434 7847 3147 7848 3434 7848 3148 7848 3148 7849 3434 7849 3435 7849 3424 7850 3436 7850 3423 7850 3423 7851 3436 7851 3437 7851 3423 7852 3437 7852 3422 7852 3422 7853 3437 7853 3438 7854 3422 7855 3438 7856 3421 7857 3421 7858 3438 7859 3439 7860 3421 7861 3439 7861 3420 7862 3420 7863 3439 7863 3440 7863 3420 7864 3440 7864 3404 7864 3404 7865 3440 7866 3441 7867 3404 7868 3441 7868 3129 7868 3129 7869 3441 7870 3130 7871 3142 7872 3144 7872 3442 7872 3103 7873 3102 7873 3443 7873 3106 7874 3107 7874 3444 7874 3096 7875 3445 7875 3446 7875 3085 7876 3447 7876 3448 7876 3085 7877 3082 7877 3447 7877 3447 7878 3082 7878 2754 7878 3447 7879 2754 7879 3079 7879 3084 7880 3449 7880 3083 7880 3083 7881 3449 7881 3450 7881 3083 7882 3450 7882 3086 7882 3092 7883 3091 7884 3451 7885 3093 7886 3100 7886 3452 7886 3452 7887 3100 7887 3101 7887 3091 7888 3090 7888 3451 7888 3451 7889 3090 7890 3089 7891 3451 7892 3089 7893 3088 7894 3095 7895 3094 7896 3453 7897 3453 7898 3094 7898 3093 7898 3453 7899 3093 7899 3454 7899 3454 7900 3093 7900 3452 7900 3454 7901 3452 7901 3451 7901 3451 7902 3452 7903 3101 7904 3451 7905 3101 7905 3092 7905 3095 7906 3453 7906 3096 7906 3096 7907 3453 7907 3455 7907 3096 7908 3455 7908 3445 7908 3099 7909 3446 7909 3110 7909 3110 7910 3446 7910 3456 7910 3099 7911 3098 7911 3446 7911 3446 7912 3098 7912 3097 7912 3446 7913 3097 7913 3096 7913 3457 7914 3109 7914 3111 7914 3109 7915 3457 7915 3108 7915 3108 7916 3457 7916 3458 7916 3108 7917 3458 7917 3107 7917 3443 7918 3102 7918 3459 7918 3459 7919 3102 7919 3104 7919 3459 7920 3104 7920 3444 7920 3444 7921 3104 7921 3105 7921 3444 7922 3105 7922 3106 7922 3443 7923 3114 7923 3113 7923 3103 7924 3443 7924 1837 7924 1837 7925 3443 7925 3113 7925 1837 7926 3113 7926 3112 7926 1829 7927 1831 7927 3112 7927 3112 7928 1831 7929 1838 7930 3112 7931 1838 7931 1837 7931 3114 7932 3443 7932 3119 7932 3119 7933 3443 7933 3459 7933 3119 7934 3459 7934 3118 7934 3118 7935 3459 7935 3444 7935 3118 7936 3444 7936 3117 7936 3107 7937 3458 7937 3444 7937 3444 7938 3458 7938 3115 7938 3444 7939 3115 7939 3117 7939 3127 7940 3126 7940 3458 7940 3458 7941 3126 7941 3116 7941 3458 7942 3116 7942 3115 7942 3124 7943 3125 7943 3460 7943 3122 7944 3123 7944 3461 7944 3462 7945 3120 7945 3121 7945 3121 7946 3463 7946 3462 7946 3462 7947 3463 7947 3464 7947 3462 7948 3464 7948 3465 7948 3465 7949 3464 7949 3466 7949 3465 7950 3466 7950 3467 7950 3467 7951 3466 7951 3468 7951 3467 7952 3468 7952 3469 7952 3469 7953 3470 7953 3471 7953 3471 7954 3470 7954 3472 7954 3471 7955 3472 7955 3473 7955 3473 7956 3472 7956 3474 7956 3473 7957 3474 7957 3475 7957 3475 7958 3474 7958 3476 7958 3475 7959 3476 7959 3477 7959 3477 7960 3478 7960 3479 7960 3479 7961 3478 7961 3480 7961 3479 7962 3480 7962 3481 7962 3481 7963 3480 7963 3482 7963 3481 7964 3482 7964 3483 7964 3483 7965 3482 7965 3484 7965 3483 7966 3484 7966 3485 7966 3142 7967 3442 7967 3138 7967 3138 7968 3442 7968 3486 7968 3138 7969 3486 7969 3136 7969 3121 7970 3122 7970 3463 7970 3463 7971 3122 7971 3461 7971 3463 7972 3461 7972 3464 7972 3464 7973 3461 7973 3487 7973 3464 7974 3487 7974 3466 7974 3466 7975 3487 7975 3488 7975 3466 7976 3488 7976 3468 7976 3468 7977 3488 7977 3489 7977 3111 7978 3110 7978 3457 7978 3457 7979 3110 7979 3456 7979 3457 7980 3456 7980 3458 7980 3458 7981 3456 7981 3460 7981 3458 7982 3460 7982 3127 7982 3127 7983 3460 7983 3125 7983 3490 7984 3450 7984 3491 7984 3491 7985 3450 7985 3449 7985 3491 7986 3449 7986 3448 7986 3448 7987 3449 7987 3084 7987 3448 7988 3084 7988 3085 7988 3492 7989 3493 7989 3494 7989 3494 7990 3493 7990 3495 7990 3494 7991 3495 7991 3496 7991 3496 7992 3495 7992 3497 7992 3496 7993 3497 7993 3498 7993 3499 7994 3490 7994 3500 7994 3500 7995 3490 7995 3491 7995 3500 7996 3491 7996 3501 7996 3501 7997 3491 7997 3448 7997 3501 7998 3448 7999 3502 8000 3502 8001 3448 8001 3447 8001 3502 8002 3447 8002 3503 8002 3503 8003 3447 8003 3079 8003 3503 8004 3079 8004 3080 8004 3497 8005 3504 8005 3498 8005 3498 8006 3504 8006 3505 8006 3498 8007 3505 8007 3506 8007 3506 8008 3505 8008 3131 8008 3506 8009 3131 8009 3486 8009 3486 8010 3131 8011 3134 8012 3486 8013 3134 8013 3136 8013 3081 8014 3492 8014 3080 8014 3080 8015 3492 8015 3494 8015 3080 8016 3494 8016 3503 8016 3503 8017 3494 8017 3496 8017 3503 8018 3496 8018 3502 8018 3502 8019 3496 8019 3498 8019 3502 8020 3498 8020 3501 8020 3501 8021 3498 8021 3506 8021 3501 8022 3506 8022 3500 8022 3500 8023 3506 8023 3486 8023 3500 8024 3486 8024 3499 8024 3499 8025 3486 8025 3442 8025 3469 8026 3468 8026 3470 8026 3470 8027 3468 8027 3489 8027 3470 8028 3489 8028 3472 8028 3472 8029 3489 8029 3507 8029 3472 8030 3507 8030 3474 8030 3474 8031 3507 8031 3508 8031 3474 8032 3508 8032 3476 8032 3476 8033 3508 8033 3509 8033 3476 8034 3509 8034 3510 8034 3510 8035 3509 8035 3511 8035 3510 8036 3511 8036 3512 8036 3512 8037 3511 8037 3513 8037 3512 8038 3513 8038 3514 8038 3130 8039 3515 8039 3145 8039 3145 8040 3515 8040 3516 8040 3145 8041 3516 8041 3517 8041 3517 8042 3516 8042 3518 8042 3517 8043 3518 8043 3519 8043 3519 8044 3518 8044 3520 8044 3519 8045 3520 8045 3521 8045 3521 8046 3520 8046 3451 8046 3521 8047 3451 8047 3522 8047 3522 8048 3451 8048 3088 8048 3522 8049 3088 8050 3087 8051 3477 8052 3476 8052 3478 8052 3478 8053 3476 8053 3510 8053 3478 8054 3510 8054 3480 8054 3480 8055 3510 8055 3512 8055 3480 8056 3512 8056 3482 8056 3482 8057 3512 8057 3514 8057 3482 8058 3514 8058 3484 8058 3144 8059 3145 8059 3442 8059 3442 8060 3145 8060 3517 8060 3442 8061 3517 8061 3499 8061 3499 8062 3517 8062 3519 8062 3499 8063 3519 8063 3490 8063 3490 8064 3519 8064 3521 8064 3490 8065 3521 8065 3450 8065 3450 8066 3521 8066 3522 8066 3450 8067 3522 8067 3086 8067 3086 8068 3522 8068 3087 8068 3123 8069 3124 8069 3461 8069 3461 8070 3124 8070 3460 8070 3461 8071 3460 8071 3487 8071 3487 8072 3460 8072 3456 8072 3487 8073 3456 8073 3488 8073 3488 8074 3456 8074 3446 8074 3488 8075 3446 8075 3489 8075 3489 8076 3446 8076 3445 8076 3489 8077 3445 8077 3507 8077 3507 8078 3445 8078 3455 8078 3507 8079 3455 8079 3508 8079 3508 8080 3455 8080 3453 8080 3508 8081 3453 8081 3509 8081 3509 8082 3453 8082 3454 8082 3509 8083 3454 8083 3511 8083 3511 8084 3454 8084 3451 8084 3511 8085 3451 8085 3513 8085 3513 8086 3451 8086 3520 8086 3513 8087 3520 8087 3514 8087 3514 8088 3520 8088 3518 8088 3514 8089 3518 8089 3484 8089 3484 8090 3518 8090 3516 8090 3484 8091 3516 8091 3485 8091 3485 8092 3516 8092 3515 8092 3523 8093 3152 8093 3524 8093 3524 8094 3152 8094 3151 8094 3524 8095 3151 8095 3525 8095 3525 8096 3151 8096 3150 8096 3148 8097 3435 8097 3149 8097 3149 8098 3435 8098 3526 8098 3149 8099 3526 8099 3150 8099 3150 8100 3526 8100 3527 8100 3150 8101 3527 8102 3525 8101 3528 8103 3317 8103 3160 8103 3528 8104 3160 8104 3529 8104 3160 8105 3161 8105 3529 8105 3529 8106 3161 8106 3162 8106 3529 8107 3162 8107 3530 8107 3530 8108 3162 8108 3168 8108 3530 8109 3168 8109 3531 8109 3531 8110 3168 8110 3167 8110 3152 8111 3523 8111 3156 8111 3156 8112 3523 8112 3532 8112 3156 8113 3532 8113 3155 8113 3155 8114 3532 8114 3533 8114 3155 8115 3533 8115 3154 8115 3154 8116 3533 8116 3534 8116 3154 8117 3534 8117 3153 8117 3153 8118 3534 8118 3535 8118 3153 8119 3535 8119 3159 8119 3159 8120 3535 8120 3536 8120 3159 8121 3536 8121 3158 8121 3158 8122 3536 8122 3537 8122 3158 8123 3537 8123 3157 8123 3157 8124 3537 8124 3538 8124 3157 8125 3538 8125 3163 8125 3163 8126 3538 8126 3539 8126 3163 8127 3539 8127 3164 8127 3164 8128 3539 8128 3540 8128 3164 8129 3540 8129 3165 8129 3165 8130 3540 8130 3541 8130 3165 8131 3541 8131 3166 8131 3166 8132 3541 8132 3542 8132 3166 8133 3542 8133 3167 8133 3167 8134 3542 8134 3543 8134 3167 8135 3543 8135 3531 8135 3002 8136 3317 8136 3190 8136 3190 8137 3317 8137 3544 8137 3190 8138 3544 8138 3303 8138 3303 8139 3544 8139 3545 8139 3303 8140 3545 8140 3199 8140 3199 8141 3545 8141 3546 8141 3199 8142 3546 8142 3197 8142 3546 8143 3547 8143 3197 8143 3197 8144 3547 8144 3548 8144 3197 8145 3548 8145 3195 8145 3549 8146 3290 8146 3550 8146 3550 8147 3290 8147 3193 8147 3550 8148 3193 8148 3551 8148 3551 8149 3193 8149 3195 8149 3551 8150 3195 8150 3552 8150 3552 8151 3195 8151 3548 8151 3292 8152 3170 8152 3293 8152 3293 8153 3170 8153 3169 8153 3293 8154 3169 8154 3006 8154 3553 8155 3292 8155 3549 8155 3549 8156 3292 8156 3291 8156 3549 8157 3291 8157 3290 8157 3553 8158 3554 8158 3292 8158 3292 8159 3554 8159 3555 8159 3292 8160 3555 8160 3170 8160 3170 8161 3555 8161 3319 8161 3556 8162 3325 8162 3324 8162 3557 8163 3030 8164 3558 8165 3558 8166 3030 8166 3320 8166 3558 8167 3320 8167 3559 8167 3559 8168 3320 8168 3321 8168 3559 8169 3321 8169 3560 8169 3560 8170 3321 8170 3322 8170 3560 8171 3322 8171 3561 8171 3561 8172 3322 8172 3556 8172 3556 8173 3322 8173 3323 8173 3556 8174 3323 8174 3325 8174 3562 8175 3563 8175 3324 8175 3324 8176 3563 8176 3564 8176 3324 8177 3564 8177 3556 8177 3324 8178 3327 8178 3562 8178 3562 8179 3327 8179 3326 8179 3562 8180 3326 8180 3565 8180 3565 8181 3326 8181 3318 8181 3565 8182 3318 8182 3319 8182 3029 8183 3030 8183 3328 8183 3328 8184 3030 8184 3557 8184 3328 8185 3566 8185 3041 8185 3041 8186 3566 8186 3567 8186 3567 8187 3568 8187 3041 8187 3041 8188 3568 8188 3569 8188 3041 8189 3569 8189 3386 8189 3570 8190 3571 8190 3400 8190 3572 8191 3573 8191 3397 8191 3574 8192 3575 8192 3390 8192 3576 8193 3577 8193 3578 8193 3337 8194 3579 8194 3580 8194 3504 8195 3497 8195 3581 8195 3493 8196 3492 8196 3582 8196 3493 8197 3582 8197 3495 8197 3504 8198 3581 8199 3505 8200 3377 8201 3583 8201 3379 8201 3379 8202 3583 8202 3584 8202 3369 8203 3371 8203 3585 8203 3585 8204 3371 8204 3373 8204 3585 8205 3373 8205 3586 8205 3586 8206 3373 8206 3382 8206 3586 8207 3382 8207 3584 8207 3584 8208 3382 8208 3381 8208 3584 8209 3381 8209 3379 8209 3369 8210 3585 8210 3367 8210 3367 8211 3585 8211 3587 8211 3367 8212 3587 8212 3364 8212 3364 8213 3587 8213 3588 8213 3364 8214 3588 8214 3363 8214 3589 8215 3590 8215 3355 8215 3355 8216 3356 8216 3589 8216 3589 8217 3356 8217 3358 8217 3589 8218 3358 8218 3588 8218 3588 8219 3358 8219 3360 8219 3588 8220 3360 8220 3363 8220 3591 8221 3349 8221 3590 8221 3590 8222 3349 8222 3352 8222 3590 8223 3352 8223 3355 8223 3592 8224 3345 8224 3591 8224 3591 8225 3345 8225 3347 8225 3591 8226 3347 8226 3349 8226 3337 8227 3339 8227 3579 8227 3579 8228 3339 8228 3341 8228 3579 8229 3341 8229 3592 8229 3592 8230 3341 8230 3343 8230 3592 8231 3343 8231 3345 8231 3331 8232 3333 8232 3580 8232 3580 8233 3333 8233 3334 8233 3580 8234 3334 8234 3337 8234 3580 8235 3593 8235 3331 8235 3331 8236 3593 8236 3594 8236 3331 8237 3594 8237 3329 8237 3386 8238 3595 8238 3387 8238 3387 8239 3595 8239 3596 8239 3387 8240 3596 8240 3388 8240 3388 8241 3596 8241 3597 8241 3388 8242 3597 8242 3383 8242 3383 8243 3597 8243 3574 8243 3383 8244 3574 8245 3389 8246 3389 8247 3574 8248 3390 8249 3598 8250 3393 8250 3599 8250 3599 8251 3393 8251 3392 8251 3599 8252 3392 8252 3575 8252 3575 8253 3392 8253 3391 8253 3575 8254 3391 8254 3390 8254 3397 8255 3396 8255 3572 8255 3572 8256 3396 8256 3395 8256 3572 8257 3395 8257 3598 8257 3598 8258 3395 8258 3394 8258 3598 8259 3394 8259 3393 8259 3400 8260 3401 8261 3570 8261 3570 8262 3401 8262 3402 8262 3570 8263 3402 8263 3600 8263 3600 8264 3402 8264 3399 8264 3600 8265 3399 8266 3573 8267 3573 8268 3399 8268 3398 8268 3573 8269 3398 8269 3397 8269 3492 8270 3081 8270 3582 8270 3582 8271 3081 8271 3384 8271 3582 8272 3384 8272 3601 8272 3601 8273 3384 8273 3385 8273 3601 8274 3385 8274 3571 8274 3571 8275 3385 8275 3403 8275 3571 8276 3403 8276 3400 8276 3595 8277 3576 8277 3596 8277 3596 8278 3576 8278 3578 8278 3596 8279 3578 8279 3597 8279 3597 8280 3578 8280 3602 8280 3597 8281 3602 8281 3574 8281 3574 8282 3602 8282 3603 8282 3574 8283 3603 8283 3575 8283 3575 8284 3603 8284 3604 8284 3575 8285 3604 8285 3599 8285 3599 8286 3604 8286 3605 8286 3599 8287 3605 8287 3598 8287 3598 8288 3605 8288 3606 8288 3598 8289 3606 8289 3572 8289 3572 8290 3606 8290 3607 8290 3572 8291 3607 8291 3573 8291 3573 8292 3607 8292 3608 8292 3573 8293 3608 8293 3600 8293 3600 8294 3608 8294 3609 8294 3600 8295 3609 8295 3570 8295 3570 8296 3609 8296 3610 8296 3570 8297 3610 8297 3571 8297 3571 8298 3610 8298 3611 8298 3571 8299 3611 8299 3601 8299 3601 8300 3611 8300 3612 8300 3601 8301 3612 8301 3582 8301 3582 8302 3612 8302 3613 8302 3582 8303 3613 8303 3495 8303 3577 8304 3614 8304 3578 8304 3578 8305 3614 8305 3615 8305 3578 8306 3615 8306 3602 8306 3602 8307 3615 8307 3616 8307 3602 8308 3616 8308 3603 8308 3603 8309 3616 8309 3617 8309 3603 8310 3617 8310 3604 8310 3604 8311 3617 8311 3618 8311 3604 8312 3618 8312 3605 8312 3605 8313 3618 8313 3619 8313 3605 8314 3619 8314 3606 8314 3606 8315 3619 8315 3620 8315 3606 8316 3620 8316 3607 8316 3607 8317 3620 8317 3621 8317 3607 8318 3621 8318 3608 8318 3608 8319 3621 8319 3622 8319 3608 8320 3622 8320 3609 8320 3609 8321 3622 8321 3623 8321 3609 8322 3623 8322 3610 8322 3610 8323 3623 8323 3624 8323 3610 8324 3624 8324 3611 8324 3611 8325 3624 8325 3625 8325 3611 8326 3625 8326 3612 8326 3612 8327 3625 8327 3626 8327 3612 8328 3626 8328 3613 8328 3613 8329 3626 8329 3581 8329 3613 8330 3581 8330 3495 8330 3495 8331 3581 8331 3497 8331 3614 8332 3594 8332 3615 8332 3615 8333 3594 8333 3593 8333 3615 8334 3593 8334 3616 8334 3616 8335 3593 8335 3580 8335 3616 8336 3580 8336 3617 8336 3617 8337 3580 8337 3579 8337 3617 8338 3579 8338 3618 8338 3618 8339 3579 8339 3592 8339 3618 8340 3592 8340 3619 8340 3619 8341 3592 8341 3591 8341 3619 8342 3591 8342 3620 8342 3620 8343 3591 8343 3590 8343 3620 8344 3590 8344 3621 8344 3621 8345 3590 8345 3589 8345 3621 8346 3589 8346 3622 8346 3622 8347 3589 8347 3588 8347 3622 8348 3588 8348 3623 8348 3623 8349 3588 8349 3587 8349 3623 8350 3587 8350 3624 8350 3624 8351 3587 8351 3585 8351 3624 8352 3585 8352 3625 8352 3625 8353 3585 8353 3586 8353 3625 8354 3586 8354 3626 8354 3626 8355 3586 8355 3584 8355 3626 8356 3584 8356 3581 8356 3581 8357 3584 8357 3583 8357 3581 8358 3583 8358 3505 8358 3505 8359 3583 8359 3377 8359 3505 8360 3377 8360 3131 8360 3436 8361 3424 8361 3408 8361 3436 8362 3408 8362 3627 8362 3627 8363 3408 8363 3407 8363 3627 8364 3407 8364 3628 8364 3407 8365 3406 8366 3628 8367 3628 8368 3406 8368 3405 8368 3628 8369 3405 8369 3629 8369 3405 8370 3412 8371 3629 8372 3629 8373 3412 8374 3411 8375 3629 8376 3411 8376 3630 8376 3630 8377 3411 8378 3410 8377 3630 8379 3410 8380 3631 8379 3631 8381 3410 8381 3409 8381 3631 8382 3409 8382 3632 8382 3409 8383 3416 8383 3632 8383 3632 8384 3416 8384 3415 8384 3632 8385 3415 8385 3633 8385 3633 8386 3415 8386 3414 8386 3633 8387 3414 8387 3634 8387 3414 8388 3413 8389 3634 8390 3634 8391 3413 8392 3419 8393 3634 8394 3419 8394 3635 8394 3635 8395 3419 8395 3636 8395 3636 8396 3419 8396 3637 8396 3637 8397 3419 8397 3418 8397 3637 8398 3418 8398 3329 8398 3329 8399 3418 8400 3417 8401 3329 8402 3417 8402 3330 8402 3437 8403 3436 8403 3638 8403 3440 8404 3485 8404 3441 8404 3441 8405 3485 8405 3515 8405 3441 8406 3515 8406 3130 8406 3639 940 3435 940 3434 940 3437 940 3638 940 3438 940 3471 8407 3473 8407 3439 8407 3439 8408 3473 8408 3475 8408 3439 940 3475 940 3477 940 3638 940 3640 940 3438 940 3438 8409 3640 8409 3641 8409 3438 940 3641 940 3439 940 3471 8410 3642 8410 3643 8410 3425 8411 3120 8411 3462 8411 3477 940 3479 940 3439 940 3439 8412 3479 8412 3481 8412 3439 8413 3481 8413 3440 8413 3440 8414 3481 8414 3483 8414 3440 8415 3483 8415 3485 8415 3641 940 3644 940 3439 940 3439 8416 3644 8416 3645 8416 3439 8417 3645 8417 3471 8417 3471 8418 3645 8418 3646 8418 3471 8419 3646 8419 3642 8419 3643 8420 3647 8420 3471 8420 3471 8421 3647 8421 3648 8421 3471 8422 3648 8422 3639 8422 3469 940 3426 940 3467 940 3467 940 3426 940 3425 940 3467 940 3425 940 3465 940 3465 8423 3425 8423 3462 8423 3639 8424 3434 8424 3471 8424 3471 8425 3434 8425 3433 8425 3471 940 3433 940 3469 940 3469 8426 3433 8426 3432 8426 3469 8427 3432 8427 3426 8427 3426 940 3432 940 3428 940 3426 940 3428 940 3427 940 3429 8428 3430 8428 3428 8428 3428 8429 3430 8429 3431 8429 3428 940 3431 940 3427 940 3649 8430 3650 8430 3651 8430 3652 8431 3653 8431 3654 8431 3653 8432 3652 8432 3655 8432 3656 8433 3657 8433 3658 8433 3657 8434 3656 8434 3659 8434 3660 8435 3661 8435 3662 8435 3569 8436 3568 8436 3663 8436 3558 8437 3559 8437 3664 8437 3531 8438 3665 8438 3666 8438 3627 8439 3667 8439 3436 8439 3436 8440 3667 8440 3668 8440 3436 8441 3668 8441 3638 8441 3638 8442 3668 8442 3669 8442 3638 8443 3669 8443 3640 8443 3640 8444 3669 8444 3658 8444 3640 8445 3658 8445 3641 8445 3641 8446 3658 8446 3657 8446 3641 8447 3657 8447 3644 8447 3644 8448 3657 8448 3659 8448 3644 8449 3659 8449 3645 8449 3648 8450 3526 8450 3639 8450 3639 8451 3526 8451 3435 8451 3523 8452 3524 8452 3670 8452 3670 8453 3524 8453 3525 8453 3670 8454 3525 8454 3648 8454 3648 8455 3525 8455 3527 8455 3648 8456 3527 8456 3526 8456 3670 8457 3671 8457 3523 8457 3523 8458 3671 8458 3672 8458 3523 8459 3672 8459 3532 8459 3532 8460 3672 8460 3673 8460 3532 8461 3673 8461 3533 8461 3533 8462 3673 8462 3674 8462 3533 8463 3674 8463 3534 8463 3534 8464 3674 8464 3535 8464 3535 8465 3674 8465 3675 8465 3535 8466 3675 8466 3536 8466 3536 8467 3675 8467 3676 8467 3536 8468 3676 8468 3537 8468 3537 8469 3676 8469 3677 8469 3537 8470 3677 8470 3538 8470 3538 8471 3677 8471 3539 8471 3539 8472 3677 8472 3678 8472 3539 8473 3678 8473 3540 8473 3540 8474 3678 8474 3679 8474 3540 8475 3679 8475 3541 8475 3541 8476 3679 8476 3680 8476 3541 8477 3680 8477 3542 8477 3665 8478 3531 8478 3680 8478 3680 8479 3531 8479 3543 8479 3680 8480 3543 8480 3542 8480 3666 8481 3317 8481 3528 8481 3528 8482 3529 8482 3666 8482 3666 8483 3529 8483 3530 8483 3666 8484 3530 8484 3531 8484 3545 8485 3681 8485 3546 8485 3546 8486 3681 8486 3682 8486 3546 8487 3682 8487 3547 8487 3547 8488 3682 8488 3548 8488 3548 8489 3682 8489 3683 8489 3548 8490 3683 8490 3552 8490 3552 8491 3683 8491 3551 8491 3551 8492 3683 8492 3684 8492 3551 8493 3684 8493 3550 8493 3550 8494 3684 8494 3685 8494 3550 8495 3685 8495 3549 8495 3686 8496 3562 8496 3565 8496 3560 8497 3561 8497 3687 8497 3561 8498 3556 8498 3687 8498 3687 8499 3556 8499 3564 8499 3687 8500 3564 8500 3686 8500 3686 8501 3564 8501 3563 8501 3686 8502 3563 8502 3562 8502 3558 8503 3664 8503 3688 8503 3566 8504 3328 8504 3688 8504 3688 8505 3328 8505 3557 8505 3688 8506 3557 8507 3558 8508 3329 8509 3689 8510 3637 8511 3637 8512 3689 8512 3636 8512 3629 8513 3630 8513 3690 8513 3690 8514 3630 8515 3631 8516 3690 8517 3631 8518 3632 8519 3628 8520 3629 8520 3654 8520 3654 8521 3629 8521 3690 8521 3654 8522 3690 8522 3691 8522 3691 8523 3690 8523 3632 8523 3691 8524 3632 8524 3692 8524 3692 8525 3632 8525 3633 8525 3692 8526 3633 8526 3693 8526 3693 8527 3633 8527 3634 8527 3693 8528 3634 8528 3689 8528 3689 8529 3634 8529 3635 8529 3689 8530 3635 8530 3636 8530 3627 8531 3628 8531 3667 8531 3667 8532 3628 8532 3654 8532 3667 8533 3654 8533 3668 8533 3668 8534 3654 8534 3653 8534 3668 8535 3653 8535 3669 8535 3669 8536 3653 8536 3655 8536 3669 8537 3655 8537 3658 8537 3694 8538 3695 8538 3696 8538 3661 8539 3660 8539 3697 8539 3697 8540 3660 8540 3698 8540 3697 8541 3698 8541 3699 8541 3700 8542 3701 8542 3702 8542 3702 8543 3701 8543 3703 8543 3702 8544 3703 8544 3704 8544 3705 8545 3706 8545 3707 8545 3707 8546 3706 8546 3708 8546 3707 8547 3708 8547 3696 8547 3696 8548 3708 8548 3698 8548 3696 8549 3698 8549 3694 8549 3694 8550 3698 8550 3660 8550 3694 8551 3660 8551 3709 8551 3709 8552 3660 8552 3662 8552 3709 8553 3662 8553 3710 8553 3711 8554 3712 8554 3713 8554 3683 8555 3714 8555 3684 8555 3684 8556 3714 8556 3715 8556 3684 8557 3715 8557 3685 8557 3685 8558 3715 8558 3716 8558 3685 8559 3716 8559 3549 8559 3549 8560 3716 8560 3553 8560 3717 8561 3718 8561 3719 8561 3719 8562 3718 8562 3720 8562 3719 8563 3720 8563 3721 8563 3722 8564 3723 8564 3724 8564 3725 8565 3726 8565 3727 8565 3727 8566 3726 8566 3728 8566 3727 8567 3728 8567 3722 8567 3699 8568 3698 8568 3729 8568 3729 8569 3698 8569 3708 8569 3729 8570 3708 8570 3730 8570 3730 8571 3708 8571 3706 8571 3730 8572 3706 8572 3731 8572 3731 8573 3706 8573 3705 8573 3731 8574 3705 8574 3732 8574 3732 8575 3705 8575 3728 8575 3732 8576 3728 8576 3733 8576 3733 8577 3728 8577 3726 8577 3733 8578 3726 8578 3734 8578 3734 8579 3726 8579 3725 8579 3734 8580 3725 8580 3735 8580 3713 8581 3736 8581 3711 8581 3711 8582 3736 8582 3737 8582 3711 8583 3737 8583 3738 8583 3738 8584 3737 8584 3739 8584 3738 8585 3739 8585 3740 8585 3740 8586 3739 8586 3741 8586 3740 8587 3741 8587 3687 8587 3687 8588 3741 8588 3664 8588 3687 8589 3664 8589 3560 8589 3560 8590 3664 8590 3559 8590 3722 8591 3724 8591 3727 8591 3727 8592 3724 8592 3742 8592 3727 8593 3742 8593 3725 8593 3725 8594 3742 8594 3663 8594 3725 8595 3663 8595 3735 8595 3735 8596 3663 8596 3568 8596 3735 8597 3568 8597 3567 8597 3386 8598 3569 8598 3595 8598 3595 8599 3569 8599 3663 8599 3595 8600 3663 8600 3576 8600 3576 8601 3663 8601 3742 8601 3576 8602 3742 8602 3577 8602 3577 8603 3742 8603 3724 8603 3577 8604 3724 8604 3614 8604 3614 8605 3724 8605 3723 8605 3614 8606 3723 8606 3594 8606 3712 8607 3743 8607 3713 8607 3713 8608 3743 8608 3744 8608 3713 8609 3744 8609 3745 8609 3718 8610 3746 8610 3720 8610 3720 8611 3746 8611 3747 8611 3720 8612 3747 8612 3721 8612 3721 8613 3747 8613 3748 8613 3721 8614 3748 8614 3749 8614 3749 8615 3748 8615 3750 8615 3749 8616 3750 8616 3751 8616 3751 8617 3750 8617 3752 8617 3751 8618 3752 8618 3753 8618 3753 8619 3752 8619 3754 8619 3753 8620 3754 8620 3755 8620 3755 8621 3754 8621 3756 8621 3755 8622 3756 8622 3757 8622 3686 8623 3717 8623 3687 8623 3687 8624 3717 8624 3719 8624 3687 8625 3719 8625 3740 8625 3740 8626 3719 8626 3721 8626 3740 8627 3721 8627 3738 8627 3738 8628 3721 8628 3749 8628 3738 8629 3749 8629 3711 8629 3711 8630 3749 8630 3751 8630 3711 8631 3751 8631 3712 8631 3712 8632 3751 8632 3753 8632 3712 8633 3753 8633 3743 8633 3743 8634 3753 8634 3755 8634 3743 8635 3755 8635 3744 8635 3744 8636 3755 8636 3757 8636 3744 8637 3757 8637 3745 8637 3758 8638 3650 8638 3759 8638 3759 8639 3650 8639 3649 8639 3759 8640 3649 8640 3760 8640 3681 8641 3758 8641 3682 8641 3682 8642 3758 8642 3759 8642 3682 8643 3759 8643 3683 8643 3683 8644 3759 8644 3760 8644 3683 8645 3760 8645 3714 8645 3565 8646 3319 8646 3686 8646 3686 8647 3319 8647 3555 8647 3686 8648 3555 8648 3717 8648 3717 8649 3555 8649 3554 8649 3717 8650 3554 8650 3718 8650 3718 8651 3554 8651 3553 8651 3718 8652 3553 8652 3746 8652 3746 8653 3553 8653 3716 8653 3746 8654 3716 8654 3747 8654 3747 8655 3716 8655 3715 8655 3747 8656 3715 8656 3748 8656 3748 8657 3715 8657 3714 8657 3748 8658 3714 8658 3750 8658 3750 8659 3714 8659 3760 8659 3750 8660 3760 8660 3752 8660 3752 8661 3760 8661 3649 8661 3752 8662 3649 8662 3754 8662 3754 8663 3649 8663 3651 8663 3754 8664 3651 8664 3756 8664 3545 8665 3544 8665 3681 8665 3681 8666 3544 8666 3761 8666 3681 8667 3761 8667 3758 8667 3758 8668 3761 8668 3762 8668 3758 8669 3762 8669 3650 8669 3650 8670 3762 8670 3763 8670 3650 8671 3763 8671 3651 8671 3651 8672 3763 8672 3764 8672 3651 8673 3764 8673 3756 8673 3756 8674 3764 8674 3765 8674 3756 8675 3765 8675 3757 8675 3757 8676 3765 8676 3766 8676 3757 8677 3766 8677 3745 8677 3745 8678 3766 8678 3767 8678 3745 8679 3767 8679 3768 8679 3768 8680 3767 8680 3769 8680 3768 8681 3769 8681 3770 8681 3770 8682 3769 8682 3771 8682 3770 8683 3771 8683 3772 8683 3772 8684 3771 8684 3773 8684 3772 8685 3773 8685 3774 8685 3774 8686 3773 8686 3775 8686 3774 8687 3775 8687 3776 8687 3776 8688 3775 8688 3777 8688 3776 8689 3777 8689 3778 8689 3778 8690 3777 8690 3779 8690 3778 8691 3779 8691 3643 8691 3643 8692 3779 8692 3647 8692 3731 8693 3700 8693 3730 8693 3730 8694 3700 8694 3702 8694 3730 8695 3702 8695 3729 8695 3729 8696 3702 8696 3704 8696 3729 8697 3704 8697 3699 8697 3699 8698 3704 8698 3780 8698 3699 8699 3780 8699 3697 8699 3697 8700 3780 8700 3781 8700 3697 8701 3781 8701 3661 8701 3661 8702 3781 8702 3782 8702 3661 8703 3782 8703 3662 8703 3662 8704 3782 8704 3783 8704 3662 8705 3783 8705 3710 8705 3710 8706 3783 8706 3784 8706 3710 8707 3784 8707 3646 8707 3646 8708 3784 8708 3642 8708 3544 8709 3317 8709 3761 8709 3761 8710 3317 8710 3666 8710 3761 8711 3666 8711 3762 8711 3762 8712 3666 8712 3665 8712 3762 8713 3665 8713 3763 8713 3763 8714 3665 8714 3680 8714 3763 8715 3680 8715 3764 8715 3764 8716 3680 8716 3679 8716 3764 8717 3679 8717 3765 8717 3765 8718 3679 8718 3678 8718 3765 8719 3678 8719 3766 8719 3766 8720 3678 8720 3677 8720 3766 8721 3677 8721 3767 8721 3767 8722 3677 8722 3676 8722 3767 8723 3676 8723 3769 8723 3769 8724 3676 8724 3675 8724 3769 8725 3675 8725 3771 8725 3771 8726 3675 8726 3674 8726 3771 8727 3674 8727 3773 8727 3773 8728 3674 8728 3673 8728 3773 8729 3673 8729 3775 8729 3775 8730 3673 8730 3672 8730 3775 8731 3672 8731 3777 8731 3777 8732 3672 8732 3671 8732 3777 8733 3671 8733 3779 8733 3779 8734 3671 8734 3670 8734 3779 8735 3670 8735 3647 8735 3647 8736 3670 8736 3648 8736 3329 8737 3594 8737 3689 8737 3689 8738 3594 8738 3723 8738 3689 8739 3723 8739 3693 8739 3693 8740 3723 8740 3722 8740 3693 8741 3722 8741 3692 8741 3692 8742 3722 8742 3728 8742 3692 8743 3728 8743 3691 8743 3691 8744 3728 8744 3705 8744 3691 8745 3705 8745 3654 8745 3654 8746 3705 8746 3707 8746 3654 8747 3707 8747 3652 8747 3652 8748 3707 8748 3696 8748 3652 8749 3696 8749 3655 8749 3655 8750 3696 8750 3695 8750 3655 8751 3695 8751 3658 8751 3658 8752 3695 8752 3694 8752 3658 8753 3694 8753 3656 8753 3656 8754 3694 8754 3709 8754 3656 8755 3709 8755 3659 8755 3659 8756 3709 8756 3710 8756 3659 8757 3710 8757 3645 8757 3645 8758 3710 8758 3646 8758 3567 8759 3566 8759 3735 8759 3735 8760 3566 8760 3688 8760 3735 8761 3688 8761 3734 8761 3734 8762 3688 8762 3664 8762 3734 8763 3664 8763 3733 8763 3733 8764 3664 8764 3741 8764 3733 8765 3741 8765 3732 8765 3732 8766 3741 8766 3739 8766 3732 8767 3739 8767 3731 8767 3731 8768 3739 8768 3737 8768 3731 8769 3737 8769 3700 8769 3700 8770 3737 8770 3736 8770 3700 8771 3736 8771 3701 8771 3701 8772 3736 8772 3713 8772 3701 8773 3713 8773 3703 8773 3703 8774 3713 8774 3745 8774 3703 8775 3745 8775 3704 8775 3704 8776 3745 8776 3768 8776 3704 8777 3768 8777 3780 8777 3780 8778 3768 8778 3770 8778 3780 8779 3770 8779 3781 8779 3781 8780 3770 8780 3772 8780 3781 8781 3772 8781 3782 8781 3782 8782 3772 8782 3774 8782 3782 8783 3774 8783 3783 8783 3783 8784 3774 8784 3776 8784 3783 8785 3776 8785 3784 8785 3784 8786 3776 8786 3778 8786 3784 8787 3778 8787 3642 8787 3642 8788 3778 8788 3643 8788</p>
        </triangles>
      </mesh>
    </geometry>
  </library_geometries>
  <library_visual_scenes>
    <visual_scene id="Scene" name="Scene">
      <node id="R_little_prox" name="R_little_prox" type="NODE">
        <matrix sid="transform">1 0 0 0 0 1 0 0 0 0 1 0 0 0 0 1</matrix>
        <instance_geometry url="#R_little_prox-mesh" name="R_little_prox">
          <bind_material>
            <technique_common>
              <instance_material symbol="灰色_015-material" target="#灰色_015-material"/>
            </technique_common>
          </bind_material>
        </instance_geometry>
      </node>
    </visual_scene>
  </library_visual_scenes>
  <scene>
    <instance_visual_scene url="#Scene"/>
  </scene>
</COLLADA>