# https://github.com/mikedh/trimesh

o collision
v -0.00789339 0.00721355 -0.00201102
v -0.00791985 0.00768781 -0.00203972
v -0.00797518 0.00687846 -0.00151709
v -0.00807300 0.00768781 -0.00155471
v -0.00792105 0.00632372 -0.00119936
v -0.00743716 0.00768781 -0.00226541
v -0.00511742 -0.00018725 -0.00348499
v -0.00511712 0.00068793 -0.00345672
v -0.00409180 -0.00251726 -0.00426448
v -0.00448149 -0.00256235 -0.00386767
v -0.00431470 -0.00314521 -0.00365563
v -0.00440893 -0.00079662 -0.00465241
v -0.00443457 -0.00018606 -0.00467789
v -0.00441820 0.00068832 -0.00466117
v -0.00438700 0.00115914 -0.00463007
v -0.00462394 -0.00108721 -0.00426448
v -0.00462703 -0.00106958 -0.00426448
v -0.00463364 -0.00107758 -0.00425237
v -0.00468819 -0.00018606 -0.00426448
v -0.00466966 0.00068832 -0.00426448
v -0.00472316 0.00068793 -0.00417967
v -0.00435116 -0.00137976 -0.00459326
v -0.00460016 -0.00193583 -0.00403629
v -0.00440831 -0.00193613 -0.00426448
v -0.00440808 -0.00193672 -0.00426347
v -0.00423161 -0.00193613 -0.00447439
v -0.00528108 -0.00244293 -0.00206232
v -0.00533114 -0.00256592 -0.00155545
v -0.00524835 -0.00149111 -0.00286200
v -0.00513715 -0.00114442 -0.00328406
v -0.00530768 -0.00090825 -0.00297913
v -0.00537703 -0.00114442 -0.00251467
v -0.00534564 -0.00018725 -0.00304678
v -0.00532800 0.00068793 -0.00301952
v -0.00528436 0.00120751 -0.00294278
v -0.00545923 -0.00018725 -0.00242985
v -0.00544159 0.00068793 -0.00242985
v -0.00533114 -0.00193583 -0.00225921
v -0.00542993 -0.00193583 -0.00155545
v -0.00464036 -0.00283685 -0.00334060
v -0.00504808 -0.00276466 -0.00238441
v -0.00461092 -0.00371381 -0.00241975
v -0.00430050 -0.00402396 -0.00270449
v -0.00450750 -0.00344021 -0.00307202
v -0.00487037 -0.00368618 -0.00155545
v -0.00443262 -0.00418705 -0.00212088
v -0.00453515 -0.00430202 -0.00155545
v -0.00497006 -0.00193583 -0.00330526
v -0.00456864 0.00144972 -0.00426448
v -0.00459762 0.00149537 -0.00420592
v -0.00427579 0.00174227 -0.00451558
v -0.00409507 0.00243838 -0.00433722
v -0.00413256 0.00249629 -0.00426339
v -0.00413245 0.00249650 -0.00426448
v -0.00450376 0.00243829 -0.00389897
v -0.00439063 0.00289905 -0.00376266
v -0.00415688 0.00348191 -0.00348802
v -0.00536223 0.00152479 -0.00242783
v -0.00532561 0.00214508 -0.00213502
v -0.00536074 0.00243740 -0.00151405
v -0.00528167 0.00294628 -0.00119599
v -0.00506616 0.00152479 -0.00326286
v -0.00480177 0.00243829 -0.00330526
v -0.00482524 0.00331347 -0.00242985
v -0.00451258 0.00323949 -0.00323963
v -0.00440124 0.00378314 -0.00290441
v -0.00410997 0.00412937 -0.00287137
v -0.00409668 0.00410525 -0.00288027
v -0.00409911 0.00413328 -0.00287973
v -0.00411559 0.00419696 -0.00287765
v -0.00450848 0.00409779 -0.00238803
v -0.00452146 0.00409240 -0.00236362
v -0.00450341 0.00409925 -0.00239609
v -0.00450341 0.00412925 -0.00239609
v -0.00481623 0.00409246 -0.00165135
v -0.00481623 0.00412246 -0.00165135
v -0.00482403 0.00409101 -0.00162785
v -0.00482403 0.00412101 -0.00162785
v -0.00484012 0.00412080 -0.00156654
v -0.00485162 0.00411880 -0.00151268
v -0.00723265 0.01404315 -0.00593078
v -0.00625381 0.01418087 -0.00734849
v -0.00708281 0.01417126 -0.00649797
v -0.00655216 0.01405596 -0.00679618
v -0.00656191 0.01374530 -0.00593078
v -0.00613855 0.01510004 -0.00813175
v -0.00613811 0.01556444 -0.00813120
v -0.00718167 0.01556444 -0.00668869
v -0.00750972 0.01469010 -0.00593078
v -0.00754829 0.01556444 -0.00593078
v -0.00692676 0.01556444 -0.00712525
v -0.00684342 0.01469010 -0.00706682
v -0.00691656 0.01643877 -0.00711092
v -0.00650251 0.01556444 -0.00768031
v -0.00646571 0.01731632 -0.00765992
v -0.00715462 0.01469010 -0.00662916
v -0.00568770 0.01412962 -0.00751054
v -0.00568770 0.01387020 -0.00680555
v -0.00568770 0.01371007 -0.00593078
v -0.00481260 0.01428015 -0.00805348
v -0.00481260 0.01411041 -0.00761582
v -0.00612880 0.01612171 -0.00812183
v -0.00568770 0.01490468 -0.00832853
v -0.00568770 0.01556444 -0.00853193
v -0.00577149 0.01642276 -0.00843326
v -0.00566819 0.01731632 -0.00849004
v -0.00518365 0.01556444 -0.00895581
v -0.00518720 0.01643877 -0.00894644
v -0.00516016 0.01731632 -0.00892714
v -0.00564470 0.01819065 -0.00846578
v -0.00512558 0.01819065 -0.00890344
v -0.00561766 0.01906499 -0.00843822
v -0.00556091 0.02081367 -0.00838200
v -0.00461222 0.01502318 -0.00909691
v -0.00474610 0.01556444 -0.00919779
v -0.00474965 0.01643877 -0.00923747
v -0.00472305 0.01731632 -0.00921928
v -0.00468803 0.01819065 -0.00919503
v -0.00464768 0.01906499 -0.00916802
v -0.00504401 0.01993933 -0.00884777
v -0.00500101 0.02081367 -0.00881966
v -0.00460646 0.01993933 -0.00914046
v -0.00456390 0.02081367 -0.00911235
v -0.00610530 0.01731632 -0.00809758
v -0.00605476 0.01906499 -0.00804631
v -0.00791801 0.01418727 -0.00476388
v -0.00796500 0.01408158 -0.00426503
v -0.00796515 0.01408094 -0.00426448
v -0.00749908 0.01366203 -0.00426503
v -0.00745120 0.01362360 -0.00426503
v -0.00745119 0.01362243 -0.00426448
v -0.00656191 0.01333856 -0.00426503
v -0.00656191 0.01333856 -0.00426339
v -0.00628129 0.01336752 -0.00426552
v -0.00628198 0.01336735 -0.00426302
v -0.00743716 0.00856312 -0.00230203
v -0.00743716 0.01085330 -0.00233766
v -0.00743711 0.01085344 -0.00233767
v -0.00793709 0.00856312 -0.00205754
v -0.00809023 0.00856312 -0.00155471
v -0.00795075 0.01085330 -0.00207525
v -0.00795047 0.01085330 -0.00207549
v -0.00810386 0.01085330 -0.00155474
v -0.00810387 0.01085348 -0.00155472
v -0.00812037 0.01085330 -0.00136707
v -0.00656198 0.00856312 -0.00248119
v -0.00664171 0.01085330 -0.00250050
v -0.00656174 0.01085546 -0.00251833
v -0.00655211 0.01085643 -0.00251828
v -0.00622729 0.01085628 -0.00249332
v -0.00779211 0.01469010 -0.00527044
v -0.00780363 0.01556444 -0.00525776
v -0.00793885 0.01469010 -0.00483278
v -0.00806778 0.01468852 -0.00418033
v -0.00804613 0.01461643 -0.00426503
v -0.00805145 0.01469010 -0.00426503
v -0.00804904 0.01543756 -0.00426503
v -0.00804747 0.01556488 -0.00423503
v -0.00802980 0.01709601 -0.00426503
v -0.00801078 0.01872132 -0.00423503
v -0.00800830 0.01892759 -0.00426503
v -0.00798061 0.02108108 -0.00426503
v -0.00798061 0.02108108 -0.00423503
v -0.00815678 0.01468852 -0.00330468
v -0.00815698 0.01468852 -0.00329725
v -0.00818084 0.01468852 -0.00243024
v -0.00814396 0.01818945 -0.00330468
v -0.00818084 0.01818945 -0.00243024
v -0.00563023 0.01365237 -0.00426331
v -0.00563000 0.01365248 -0.00426327
v -0.00561498 0.01365991 -0.00428668
v -0.00561498 0.01365991 -0.00425668
v -0.00522704 0.01411881 -0.00428669
v -0.00522077 0.01413490 -0.00427541
v -0.00521640 0.01416052 -0.00427539
v -0.00522704 0.01411881 -0.00425669
v -0.00521640 0.01416052 -0.00424539
v -0.00521393 0.01418841 -0.00427139
v -0.00520509 0.01445931 -0.00426503
v -0.00568929 0.01086042 -0.00237098
v -0.00567229 0.01083298 -0.00236655
v -0.00567229 0.01086298 -0.00236655
v -0.00543881 0.01083169 -0.00227888
v -0.00543881 0.01086169 -0.00227888
v -0.00542210 0.01083426 -0.00227128
v -0.00513870 0.01086428 -0.00211309
v -0.00513707 0.01086458 -0.00211206
v -0.00513139 0.01084573 -0.00210348
v -0.00411559 0.00863557 -0.00241184
v -0.00411344 0.00866515 -0.00240527
v -0.00504938 0.01084565 -0.00188557
v -0.00504938 0.01087565 -0.00188557
v -0.00519892 0.01467346 -0.00426503
v -0.00362428 -0.00253232 -0.00470618
v -0.00408559 -0.00252867 -0.00426337
v -0.00396926 -0.00283945 -0.00420113
v -0.00408559 -0.00277625 -0.00412514
v -0.00392642 -0.00280071 -0.00426448
v -0.00392629 -0.00280092 -0.00426448
v -0.00373132 -0.00347269 -0.00395191
v -0.00401074 -0.00107742 -0.00491373
v -0.00379419 -0.00193613 -0.00483425
v -0.00393722 -0.00018606 -0.00507222
v -0.00393722 0.00068832 -0.00503574
v -0.00306267 -0.00261199 -0.00475029
v -0.00218751 -0.00256954 -0.00472459
v -0.00306222 -0.00402237 -0.00363517
v -0.00306267 -0.00304951 -0.00449425
v -0.00306222 -0.00358501 -0.00405652
v -0.00306267 -0.00333095 -0.00426400
v -0.00306267 -0.00333095 -0.00426448
v -0.00218760 -0.00397299 -0.00358849
v -0.00218751 -0.00300706 -0.00444531
v -0.00218760 -0.00353563 -0.00400734
v -0.00306267 -0.00106109 -0.00531109
v -0.00306267 -0.00193613 -0.00505314
v -0.00306267 -0.00018606 -0.00541110
v -0.00306267 0.00068832 -0.00537249
v -0.00218751 -0.00106109 -0.00519839
v -0.00218751 -0.00193613 -0.00497254
v -0.00218751 -0.00018606 -0.00529717
v -0.00218751 0.00068832 -0.00525653
v -0.00371700 -0.00429314 -0.00308796
v -0.00391524 -0.00453189 -0.00236862
v -0.00401574 -0.00374834 -0.00337177
v -0.00408559 -0.00473700 -0.00155552
v -0.00364539 -0.00509296 -0.00155552
v -0.00353006 -0.00501754 -0.00203271
v -0.00408559 0.00010630 -0.00135103
v -0.00408559 0.00013630 -0.00135103
v -0.00394035 0.00010630 -0.00133515
v -0.00394035 0.00013630 -0.00133515
v -0.00306222 -0.00437833 -0.00319757
v -0.00306222 -0.00481568 -0.00248948
v -0.00218760 -0.00433546 -0.00315089
v -0.00214288 -0.00480646 -0.00236654
v -0.00306222 -0.00502676 -0.00205230
v -0.00306222 -0.00518738 -0.00155552
v -0.00240469 -0.00501754 -0.00203271
v -0.00214288 -0.00511575 -0.00162887
v -0.00306222 0.00010630 -0.00132515
v -0.00306222 0.00013630 -0.00132515
v -0.00271236 0.00010630 -0.00134760
v -0.00271236 0.00013630 -0.00134760
v -0.00267457 0.00010630 -0.00135027
v -0.00218394 0.00010630 -0.00140484
v -0.00217937 0.00013630 -0.00140726
v -0.00396533 0.00149544 -0.00484986
v -0.00365734 0.00243838 -0.00473267
v -0.00351709 0.00289091 -0.00462862
v -0.00408559 0.00256447 -0.00426192
v -0.00408559 0.00283362 -0.00408243
v -0.00390002 0.00283365 -0.00425102
v -0.00388587 0.00285418 -0.00425793
v -0.00372863 0.00308226 -0.00426448
v -0.00408559 0.00305769 -0.00393330
v -0.00408559 0.00346675 -0.00356944
v -0.00306267 0.00156335 -0.00518290
v -0.00306267 0.00243838 -0.00484716
v -0.00306267 0.00289875 -0.00463389
v -0.00249426 0.00289091 -0.00462862
v -0.00218751 0.00156335 -0.00508782
v -0.00219677 0.00250107 -0.00476679
v -0.00306267 0.00333627 -0.00426774
v -0.00219579 0.00326943 -0.00426448
v -0.00219616 0.00326966 -0.00426448
v -0.00215109 0.00324198 -0.00426448
v -0.00408559 0.00362183 -0.00342037
v -0.00408559 0.00398998 -0.00303149
v -0.00408559 0.00411467 -0.00288220
v -0.00408559 0.00419696 -0.00287791
v -0.00170343 -0.00247551 -0.00467183
v -0.00202100 -0.00313636 -0.00426448
v -0.00164257 -0.00273149 -0.00426448
v -0.00164238 -0.00273147 -0.00426448
v -0.00162956 -0.00278464 -0.00417905
v -0.00167303 -0.00340703 -0.00388648
v -0.00165740 -0.00193613 -0.00475366
v -0.00163454 -0.00106109 -0.00484930
v -0.00163454 -0.00018606 -0.00489835
v -0.00163454 0.00068832 -0.00487668
v -0.00154163 -0.00193652 -0.00418030
v -0.00151876 -0.00106181 -0.00418030
v -0.00151908 -0.00102937 -0.00418231
v -0.00151876 0.00010630 -0.00418030
v -0.00151876 0.00016702 -0.00417928
v -0.00167353 -0.00423670 -0.00302544
v -0.00163484 -0.00441251 -0.00243030
v -0.00161173 -0.00369354 -0.00331218
v -0.00151876 -0.00277367 -0.00332388
v -0.00151876 -0.00281123 -0.00330509
v -0.00151926 -0.00368594 -0.00243030
v -0.00182127 -0.00497901 -0.00196895
v -0.00168660 -0.00506855 -0.00138589
v -0.00151903 0.00010630 -0.00240343
v -0.00152053 0.00013630 -0.00239214
v -0.00154879 0.00013630 -0.00222617
v -0.00163909 0.00010630 -0.00169492
v -0.00164483 0.00013630 -0.00169025
v -0.00163794 0.00156335 -0.00480383
v -0.00167748 0.00225097 -0.00471325
v -0.00191102 0.00283410 -0.00457911
v -0.00186707 0.00284889 -0.00425888
v -0.00185608 0.00283365 -0.00425470
v -0.00153785 0.00156335 -0.00426448
v -0.00161560 0.00249041 -0.00426448
v -0.00161553 0.00249068 -0.00426448
v -0.00163019 0.00252066 -0.00426448
v -0.00163258 0.00283365 -0.00412430
v -0.00163186 0.00283365 -0.00412388
v -0.00162549 0.00283620 -0.00411666
v -0.00142298 0.00283622 -0.00337661
v -0.00140919 0.00280540 -0.00332096
v -0.00140968 0.00283543 -0.00332294
v -0.00132990 0.00283365 -0.00244154
v -0.00001106 0.00362410 -0.00306653
v -0.00001282 0.00417841 -0.00315004
v -0.00001214 0.00417747 -0.00314966
v -0.00001291 0.00418667 -0.00314852
v -0.00000742 0.00349953 -0.00244900
v -0.00000605 0.00349760 -0.00243295
v -0.00000030 0.00768426 -0.00248159
v -0.00000797 0.00769596 -0.00248019
v -0.00393750 0.01454277 -0.00855508
v -0.00354032 0.01453600 -0.00854817
v -0.00353005 0.01453488 -0.00854401
v -0.00352255 0.01453957 -0.00855508
v -0.00306242 0.01453521 -0.00855490
v -0.00393750 0.01428015 -0.00794214
v -0.00393750 0.01417446 -0.00750503
v -0.00352527 0.01425272 -0.00743136
v -0.00352468 0.01423554 -0.00736305
v -0.00352382 0.01423491 -0.00735862
v -0.00352382 0.01423491 -0.00725469
v -0.00352255 0.01423900 -0.00720392
v -0.00352255 0.01423747 -0.00720456
v -0.00398271 0.01643877 -0.00967513
v -0.00386125 0.01733873 -0.00969608
v -0.00352255 0.01594431 -0.00988965
v -0.00354117 0.01595196 -0.00988624
v -0.00352212 0.01551298 -0.00965127
v -0.00352255 0.01551298 -0.00965127
v -0.00352207 0.01551440 -0.00965209
v -0.00354516 0.01643877 -0.00988790
v -0.00352137 0.01643967 -0.00989561
v -0.00352255 0.01744424 -0.00985500
v -0.00348461 0.01764858 -0.00986291
v -0.00393750 0.01495272 -0.00919779
v -0.00352255 0.01494631 -0.00923251
v -0.00352255 0.01494618 -0.00923230
v -0.00352255 0.01494587 -0.00923230
v -0.00393750 0.01819065 -0.00961174
v -0.00393750 0.02081367 -0.00944638
v -0.00352255 0.02090274 -0.00960873
v -0.00315934 0.02081328 -0.00976431
v -0.00306242 0.01580827 -0.00996875
v -0.00306242 0.01537194 -0.00970860
v -0.00306242 0.01493561 -0.00927074
v -0.00306242 0.01643967 -0.01004730
v -0.00218734 0.01568251 -0.01008240
v -0.00218734 0.01524361 -0.00972810
v -0.00218734 0.01494074 -0.00929080
v -0.00218734 0.01643967 -0.01027681
v -0.00218734 0.01731491 -0.01023559
v -0.00299550 0.01819014 -0.00997767
v -0.00272198 0.02081328 -0.00989522
v -0.00218734 0.01819014 -0.01018713
v -0.00218734 0.02081328 -0.01002223
v -0.00352255 0.01468921 -0.00705972
v -0.00352267 0.01468921 -0.00705972
v -0.00352255 0.01522117 -0.00696967
v -0.00352268 0.01522339 -0.00696929
v -0.00131260 0.01566967 -0.01013588
v -0.00131260 0.01523077 -0.00972086
v -0.00131260 0.01643967 -0.01039714
v -0.00131260 0.01731491 -0.01036873
v -0.00131260 0.01819014 -0.01032305
v -0.00131260 0.01906538 -0.01027459
v -0.00131260 0.01994061 -0.01022111
v -0.00131260 0.02081328 -0.01016150
v -0.00043751 0.01566967 -0.01015036
v -0.00000540 0.01494386 -0.00927399
v -0.00043751 0.01643967 -0.01043112
v -0.00043751 0.01731491 -0.01040717
v -0.00000310 0.01485815 -0.00891593
v -0.00001165 0.01477209 -0.00854953
v -0.00043751 0.01906538 -0.01031860
v -0.00043751 0.01994061 -0.01026902
v -0.00040751 0.02081328 -0.01020830
v -0.00001276 0.01495072 -0.00801743
v -0.00001301 0.01495484 -0.00801636
v -0.00001256 0.01520421 -0.00797100
v -0.00001296 0.01556091 -0.00790638
v -0.00408559 0.00861275 -0.00241841
v -0.00408559 0.00863557 -0.00241184
v -0.00408405 0.00865679 -0.00240713
v -0.00408344 0.00866515 -0.00240527
v -0.00408559 0.00872868 -0.00238518
v -0.00408559 0.00883551 -0.00234460
v -0.00408700 0.00925764 -0.00218498
v -0.00408585 0.00925865 -0.00218327
v -0.00408591 0.00925806 -0.00218426
v -0.00408608 0.00937256 -0.00199017
v -0.00408612 0.00937244 -0.00199049
v -0.00408560 0.00953261 -0.00155514
v -0.00408559 0.00953261 -0.00155514
v -0.00000767 0.00851969 -0.00224668
v -0.00001766 0.00854945 -0.00223676
v -0.00001789 0.00897507 -0.00155809
v -0.00812551 0.00681382 -0.00067970
v -0.00797237 0.00626238 -0.00067970
v -0.00818084 0.00768781 -0.00067970
v -0.00800805 0.00621357 0.00019531
v -0.00802168 0.00617465 0.00107032
v -0.00816119 0.00681382 0.00019531
v -0.00817483 0.00681382 0.00107032
v -0.00818015 0.00764066 0.00111753
v -0.00802168 0.00610209 0.00194533
v -0.00816801 0.00681382 0.00194533
v -0.00788337 0.00548997 0.00319846
v -0.00788337 0.00548997 0.00328556
v -0.00791023 0.00593851 0.00335287
v -0.00807420 0.00681382 0.00281935
v -0.00793388 0.00681382 0.00341325
v -0.00793548 0.00768781 0.00342117
v -0.00536552 -0.00272456 -0.00068003
v -0.00523056 -0.00319512 0.00019538
v -0.00536552 -0.00275753 0.00019538
v -0.00536507 -0.00264880 0.00106877
v -0.00462661 -0.00441520 -0.00068003
v -0.00502596 -0.00368618 -0.00068003
v -0.00421950 -0.00485279 -0.00068003
v -0.00463648 -0.00443213 0.00019538
v -0.00505450 -0.00368618 0.00019538
v -0.00495213 -0.00368618 0.00106877
v -0.00424117 -0.00486972 0.00019538
v -0.00459747 -0.00437599 0.00106877
v -0.00417676 -0.00481358 0.00106877
v -0.00532636 -0.00250977 0.00170085
v -0.00538764 -0.00196434 0.00197347
v -0.00532576 -0.00169252 0.00251669
v -0.00469103 -0.00377174 0.00202799
v -0.00450257 -0.00426369 0.00179273
v -0.00437269 -0.00412110 0.00237634
v -0.00489369 -0.00281100 0.00281859
v -0.00423998 -0.00395711 0.00281859
v -0.00455966 -0.00351952 0.00281859
v -0.00442605 -0.00332078 0.00332748
v -0.00455951 -0.00281100 0.00352639
v -0.00544054 0.00243829 -0.00068003
v -0.00532666 0.00302471 -0.00068003
v -0.00499184 0.00411803 -0.00070517
v -0.00498530 0.00408878 -0.00075663
v -0.00498530 0.00411878 -0.00075663
v -0.00774946 0.00593851 0.00379038
v -0.00775989 0.00681382 0.00385076
v -0.00776590 0.00768781 0.00385868
v -0.00716414 0.00506386 0.00439318
v -0.00725755 0.00590487 0.00465153
v -0.00735056 0.00681382 0.00456838
v -0.00661971 0.00445504 0.00452087
v -0.00636634 0.00445569 0.00521078
v -0.00701420 0.00461466 0.00406753
v -0.00701420 0.00461466 0.00419720
v -0.00695728 0.00506386 0.00483069
v -0.00699296 0.00559023 0.00499896
v -0.00701300 0.00617333 0.00502173
v -0.00651949 0.00506386 0.00534045
v -0.00621921 0.00768781 0.00597196
v -0.00437329 -0.00236985 0.00412919
v -0.00423519 -0.00281100 0.00396460
v -0.00496005 -0.00106065 0.00369400
v -0.00468819 -0.00202138 0.00377983
v -0.00449823 -0.00178610 0.00427054
v -0.00459971 -0.00106065 0.00439575
v -0.00419618 -0.00106065 0.00483295
v -0.00560247 0.00383525 0.00411386
v -0.00560966 0.00408770 0.00448399
v -0.00560966 0.00411770 0.00448399
v -0.00561264 0.00411533 0.00456838
v -0.00561242 0.00411533 0.00456889
v -0.00561242 0.00411467 0.00456841
v -0.00554843 0.00411533 0.00471698
v -0.00515921 0.00411533 0.00548497
v -0.00515897 0.00411467 0.00548421
v -0.00594058 0.00506386 0.00577796
v -0.00505138 0.00411533 0.00554837
v -0.00484459 0.00411533 0.00566996
v -0.00538332 0.00452429 0.00594326
v -0.00568761 0.00768781 0.00633721
v -0.00550319 0.00506386 0.00600364
v -0.00481243 0.00438182 0.00603432
v -0.00481243 0.00506386 0.00625901
v -0.00502090 0.00768781 0.00668365
v -0.00478076 0.00678150 0.00664505
v -0.00446805 0.00705128 0.00678264
v -0.00458351 0.00768781 0.00681926
v -0.00424395 0.00646818 0.00674304
v -0.00818084 0.01085330 -0.00068016
v -0.00818074 0.01083681 0.00107662
v -0.00816641 0.00856312 0.00194533
v -0.00816243 0.01083500 0.00194533
v -0.00816240 0.01085551 0.00194578
v -0.00793428 0.00943777 0.00342414
v -0.00806658 0.01031308 0.00281935
v -0.00806335 0.01083395 0.00281996
v -0.00806335 0.01086395 0.00281996
v -0.00792906 0.01082619 0.00341181
v -0.00438832 0.01085000 0.00161665
v -0.00438513 0.01084033 0.00163789
v -0.00438284 0.01085000 0.00164574
v -0.00411559 0.01073679 0.00265169
v -0.00411559 0.01094164 0.00303477
v -0.00411559 0.01085007 0.00306240
v -0.00411559 0.01088007 0.00306240
v -0.00411559 0.01194407 0.00287901
v -0.00411550 0.01768845 0.00269705
v -0.00777071 0.00943777 0.00386165
v -0.00776984 0.01083350 0.00384284
v -0.00776758 0.01083323 0.00384889
v -0.00739146 0.00856312 0.00456838
v -0.00740509 0.00943777 0.00456838
v -0.00744011 0.01085330 0.00450278
v -0.00740639 0.01085330 0.00456889
v -0.00720343 0.01085330 0.00491779
v -0.00707113 0.00943777 0.00511378
v -0.00675963 0.00943777 0.00555129
v -0.00707642 0.01085330 0.00513111
v -0.00677927 0.01031308 0.00556316
v -0.00678862 0.01085330 0.00556894
v -0.00678930 0.01085330 0.00556811
v -0.00629017 0.00856312 0.00603531
v -0.00632184 0.00943777 0.00606105
v -0.00648753 0.01085330 0.00593539
v -0.00635150 0.01085330 0.00609768
v -0.00635153 0.01085330 0.00609765
v -0.00637837 0.02081402 0.00700315
v -0.00568761 0.00856312 0.00643619
v -0.00600593 0.01085330 0.00636691
v -0.00600481 0.01085330 0.00636773
v -0.00577621 0.01085330 0.00653518
v -0.00573941 0.01085330 0.00655837
v -0.00514438 0.00856312 0.00672028
v -0.00521574 0.00916535 0.00674403
v -0.00526786 0.00974845 0.00676581
v -0.00530514 0.01031308 0.00678660
v -0.00533783 0.01085330 0.00680680
v -0.00533882 0.01085330 0.00680639
v -0.00470699 0.00856312 0.00686479
v -0.00500126 0.01085330 0.00694695
v -0.00481243 0.01031308 0.00697565
v -0.00482057 0.01085330 0.00701609
v -0.00477537 0.01085330 0.00703000
v -0.00524982 0.01950400 0.00763123
v -0.00535806 0.02081402 0.00768611
v -0.00437985 0.01598273 0.00763245
v -0.00465207 0.01818945 0.00772880
v -0.00481243 0.02081402 0.00788369
v -0.00378182 -0.00518847 -0.00068073
v -0.00380343 -0.00520701 0.00019468
v -0.00408559 -0.00488318 0.00107562
v -0.00373911 -0.00515701 0.00106967
v -0.00408559 -0.00132864 -0.00002174
v -0.00408559 -0.00132864 0.00000826
v -0.00393735 -0.00131695 -0.00002175
v -0.00393735 -0.00131695 0.00000825
v -0.00306222 -0.00537838 -0.00068073
v -0.00218760 -0.00531273 -0.00068073
v -0.00218760 -0.00533660 -0.00000682
v -0.00306222 -0.00541570 0.00019468
v -0.00306222 -0.00531570 0.00106967
v -0.00218760 -0.00534396 0.00019468
v -0.00218760 -0.00525864 0.00106967
v -0.00306222 -0.00129880 -0.00002205
v -0.00306576 -0.00129885 0.00000796
v -0.00212998 -0.00137647 -0.00002195
v -0.00212025 -0.00137875 -0.00002224
v -0.00213415 -0.00137610 0.00000803
v -0.00212025 -0.00137875 0.00000776
v -0.00408559 -0.00479751 0.00131621
v -0.00362604 -0.00507821 0.00170539
v -0.00399916 -0.00460866 0.00204104
v -0.00408559 -0.00448875 0.00213200
v -0.00408559 -0.00410483 0.00281627
v -0.00408559 -0.00410285 0.00281911
v -0.00408559 -0.00410327 0.00281859
v -0.00380217 -0.00437117 0.00281911
v -0.00408559 -0.00380472 0.00319016
v -0.00408559 -0.00380408 0.00319090
v -0.00361373 -0.00420759 0.00335408
v -0.00408559 -0.00351739 0.00352546
v -0.00408559 0.00010630 0.00129799
v -0.00408559 0.00013630 0.00129799
v -0.00394035 0.00010630 0.00127969
v -0.00394035 0.00013630 0.00127969
v -0.00307222 0.00010630 0.00126208
v -0.00307222 0.00013630 0.00126208
v -0.00306222 -0.00511788 0.00180449
v -0.00306222 -0.00493365 0.00224199
v -0.00218760 -0.00509452 0.00175357
v -0.00218760 -0.00487713 0.00219107
v -0.00306222 -0.00462170 0.00281911
v -0.00306222 -0.00424943 0.00340336
v -0.00218760 -0.00453910 0.00281911
v -0.00218760 -0.00422335 0.00337324
v -0.00210088 0.00010630 0.00134865
v -0.00210088 0.00013630 0.00134865
v -0.00164539 -0.00512281 -0.00068073
v -0.00154274 -0.00255388 -0.00002056
v -0.00154360 -0.00254680 0.00000904
v -0.00152982 -0.00456119 -0.00068073
v -0.00151901 -0.00279193 -0.00002064
v -0.00163861 -0.00513527 0.00019468
v -0.00165997 -0.00510049 0.00106967
v -0.00154439 -0.00456084 0.00106967
v -0.00152303 -0.00456084 0.00019468
v -0.00199598 -0.00143589 -0.00002220
v -0.00199159 -0.00143812 -0.00002238
v -0.00199598 -0.00143589 0.00000780
v -0.00169814 -0.00170462 -0.00002155
v -0.00169814 -0.00170462 0.00000845
v -0.00163666 -0.00183589 -0.00002146
v -0.00163666 -0.00183589 0.00000854
v -0.00170243 -0.00504723 0.00163749
v -0.00162906 -0.00457660 0.00193536
v -0.00151876 -0.00368586 0.00194467
v -0.00166122 -0.00428910 0.00281911
v -0.00170871 -0.00417280 0.00331465
v -0.00154565 -0.00368586 0.00281911
v -0.00175208 0.00010630 0.00147050
v -0.00174390 0.00010630 0.00147572
v -0.00174300 0.00010630 0.00147736
v -0.00174300 0.00013630 0.00147736
v -0.00163065 0.00010630 0.00182899
v -0.00163065 0.00013630 0.00182899
v -0.00155729 0.00013630 0.00239845
v -0.00151879 0.00013630 0.00164697
v -0.00151879 0.00010630 0.00279004
v -0.00151879 0.00013630 0.00279004
v -0.00408559 -0.00317488 0.00381567
v -0.00408559 -0.00317488 0.00381620
v -0.00390192 -0.00362336 0.00363278
v -0.00408559 -0.00281100 0.00410495
v -0.00408559 -0.00281115 0.00410483
v -0.00408559 -0.00210874 0.00450630
v -0.00408559 -0.00210874 0.00450668
v -0.00360695 -0.00334185 0.00421264
v -0.00379740 -0.00281089 0.00437527
v -0.00408559 -0.00161742 0.00470784
v -0.00408559 -0.00106149 0.00492148
v -0.00408559 -0.00106065 0.00492180
v -0.00408559 -0.00106149 0.00492173
v -0.00408559 -0.00105710 0.00492257
v -0.00363257 -0.00169734 0.00509311
v -0.00375845 -0.00106149 0.00518346
v -0.00408559 -0.00017133 0.00511561
v -0.00405559 -0.00017133 0.00511561
v -0.00408559 0.00009380 0.00515788
v -0.00405559 0.00009380 0.00515788
v -0.00385770 -0.00018652 0.00526724
v -0.00391324 0.00013630 0.00527525
v -0.00390405 0.00013630 0.00527916
v -0.00356423 0.00013630 0.00542055
v -0.00306222 -0.00382608 0.00384085
v -0.00306222 -0.00338859 0.00425262
v -0.00306222 -0.00281089 0.00462167
v -0.00218760 -0.00379619 0.00381074
v -0.00218760 -0.00335870 0.00422688
v -0.00218760 -0.00281089 0.00453899
v -0.00306222 -0.00223374 0.00493761
v -0.00218760 -0.00218482 0.00488121
v -0.00306222 -0.00179625 0.00513582
v -0.00306222 -0.00106149 0.00536032
v -0.00306222 -0.00018652 0.00553061
v -0.00306270 0.00013776 0.00558685
v -0.00306222 0.00013630 0.00558701
v -0.00218760 -0.00174734 0.00511173
v -0.00218760 -0.00106149 0.00529681
v -0.00218799 0.00013630 0.00548520
v -0.00218760 0.00013967 0.00548516
v -0.00218760 0.00013630 0.00548516
v -0.00218699 0.00013864 0.00548484
v -0.00408559 0.00283551 0.00567807
v -0.00405559 0.00283551 0.00567807
v -0.00352403 0.00192379 0.00589511
v -0.00246029 0.00192670 0.00589410
v -0.00366161 0.00283387 0.00597586
v -0.00366158 0.00283389 0.00597589
v -0.00365767 0.00283365 0.00597677
v -0.00408559 0.00354955 0.00592649
v -0.00408559 0.00372435 0.00596458
v -0.00405559 0.00354955 0.00592649
v -0.00408559 0.00411533 0.00605016
v -0.00408559 0.00414086 0.00610949
v -0.00408559 0.00417272 0.00612044
v -0.00335565 0.00283365 0.00603672
v -0.00408559 0.00506386 0.00641576
v -0.00408559 0.00505447 0.00641267
v -0.00408559 0.00554060 0.00653554
v -0.00408559 0.00619414 0.00670022
v -0.00408390 0.00619342 0.00670003
v -0.00408559 0.00623120 0.00670788
v -0.00408559 0.00663374 0.00678208
v -0.00394597 0.00678085 0.00681600
v -0.00393717 0.00768825 0.00693473
v -0.00365994 0.00629278 0.00677077
v -0.00306646 0.00283365 0.00606863
v -0.00306270 0.00283606 0.00606905
v -0.00306232 0.00283365 0.00606909
v -0.00218154 0.00283365 0.00603066
v -0.00217920 0.00283365 0.00603033
v -0.00217920 0.00283501 0.00603033
v -0.00306228 0.00580608 0.00670179
v -0.00306228 0.00624397 0.00677869
v -0.00306228 0.00681316 0.00686576
v -0.00306228 0.00768825 0.00699127
v -0.00218739 0.00579920 0.00670632
v -0.00218739 0.00768825 0.00699580
v -0.00165620 -0.00363097 0.00364154
v -0.00154816 -0.00281089 0.00369411
v -0.00171223 -0.00330218 0.00417760
v -0.00166399 -0.00281089 0.00429259
v -0.00162705 -0.00192885 0.00458279
v -0.00153911 -0.00106149 0.00456910
v -0.00151876 -0.00193646 0.00369411
v -0.00151951 -0.00018652 0.00456910
v -0.00151929 0.00013630 0.00456929
v -0.00151929 0.00013707 0.00456929
v -0.00169916 -0.00163212 0.00506026
v -0.00165469 -0.00106149 0.00511994
v -0.00163509 -0.00018652 0.00517306
v -0.00163484 0.00013630 0.00519332
v -0.00163481 0.00013656 0.00519317
v -0.00132911 0.00283375 0.00456928
v -0.00187688 0.00207007 0.00584858
v -0.00139611 0.00283365 0.00547377
v -0.00139609 0.00283365 0.00547347
v -0.00000656 0.00350748 0.00543812
v -0.00000786 0.00350920 0.00545321
v -0.00000775 0.00356925 0.00572431
v -0.00183830 0.00283365 0.00598235
v -0.00179752 0.00283365 0.00597605
v -0.00162134 0.00283365 0.00594164
v -0.00162093 0.00283385 0.00594080
v -0.00000804 0.00363197 0.00600712
v -0.00000798 0.00363126 0.00600398
v -0.00001047 0.00418130 0.00624830
v -0.00000750 0.00504708 0.00650648
v -0.00408559 0.00985639 0.00264572
v -0.00408559 0.01069280 0.00265120
v -0.00408559 0.01073679 0.00265169
v -0.00408559 0.01094164 0.00303477
v -0.00408559 0.01085007 0.00306240
v -0.00408559 0.01088007 0.00306240
v -0.00408559 0.01194407 0.00287901
v -0.00408559 0.01768845 0.00269705
v -0.00000044 0.00998691 0.00325173
v -0.00001554 0.01997020 0.00349190
v -0.00001380 0.02004399 0.00349932
v -0.00393717 0.00856334 0.00703537
v -0.00393717 0.00943775 0.00712923
v -0.00408559 0.01017923 0.00716447
v -0.00393909 0.00985639 0.00717107
v -0.00393717 0.01031427 0.00721752
v -0.00408559 0.01085330 0.00722905
v -0.00393717 0.01118994 0.00730228
v -0.00358154 0.01403639 0.00765063
v -0.00341472 0.01345401 0.00762438
v -0.00306228 0.00856334 0.00710774
v -0.00306228 0.00943775 0.00721743
v -0.00306228 0.00985639 0.00726783
v -0.00306228 0.01031427 0.00732251
v -0.00218739 0.00856334 0.00711792
v -0.00218739 0.00943775 0.00723439
v -0.00218739 0.01116359 0.00744732
v -0.00306228 0.01206350 0.00751501
v -0.00283146 0.01320925 0.00764844
v -0.00218739 0.01268807 0.00761290
v -0.00218739 0.01312696 0.00765665
v -0.00218739 0.01380553 0.00772138
v -0.00370435 0.01468839 0.00768016
v -0.00393717 0.01731328 0.00784477
v -0.00393717 0.01906461 0.00797219
v -0.00393717 0.02081173 0.00808648
v -0.00306228 0.01468839 0.00776438
v -0.00306228 0.01556406 0.00783547
v -0.00306228 0.01731328 0.00796289
v -0.00218739 0.01468839 0.00779993
v -0.00218739 0.01556406 0.00786610
v -0.00306228 0.01818895 0.00801922
v -0.00306228 0.01906461 0.00806953
v -0.00306228 0.02081173 0.00815484
v -0.00218739 0.01818895 0.00803398
v -0.00218739 0.01906461 0.00808539
v -0.00218739 0.01993817 0.00812805
v -0.00218739 0.02081173 0.00816305
v -0.00001383 0.02090748 0.00361444
v -0.00001383 0.02093536 0.00362448
v -0.00131250 0.01993817 0.00812367
v -0.00001186 0.01997482 0.00811287
v -0.00001283 0.01998879 0.00811273
v -0.00001377 0.02004164 0.00810956
v -0.00001317 0.02000153 0.00811237
v -0.00001374 0.02090384 0.00800537
v -0.00001378 0.02090434 0.00800529
v -0.00001378 0.02093582 0.00799507
v -0.00450715 0.02169121 -0.00907597
v -0.00439367 0.02311641 -0.00900376
v -0.00797422 0.02151190 -0.00423503
v -0.00773168 0.03393393 -0.00426503
v -0.00773168 0.03393393 -0.00423503
v -0.00789515 0.03393260 -0.00380070
v -0.00801262 0.03393896 -0.00331294
v -0.00801411 0.03390779 -0.00330564
v -0.00801416 0.03393748 -0.00330534
v -0.00814676 0.03390334 -0.00243160
v -0.00814680 0.03393032 -0.00243074
v -0.00814845 0.03392784 -0.00238867
v -0.00818120 0.03392784 -0.00155649
v -0.00471783 0.03391312 -0.00426503
v -0.00471886 0.03392226 -0.00423992
v -0.00471756 0.03389510 -0.00423503
v -0.00471934 0.03392271 -0.00423453
v -0.00471767 0.03391768 -0.00422900
v -0.00471926 0.03395262 -0.00423534
v -0.00472407 0.03392784 -0.00418776
v -0.00472407 0.03395784 -0.00418776
v -0.00656191 0.04181060 -0.00594070
v -0.00656191 0.04268494 -0.00577534
v -0.00612614 0.04050390 -0.00636899
v -0.00566997 0.04085299 -0.00643899
v -0.00594925 0.04108679 -0.00632985
v -0.00436973 0.03786807 -0.00724155
v -0.00481260 0.03918759 -0.00692406
v -0.00566997 0.04177217 -0.00624993
v -0.00568770 0.04268494 -0.00600850
v -0.00536630 0.04145510 -0.00639214
v -0.00790471 0.04093626 -0.00467127
v -0.00715861 0.04093626 -0.00563864
v -0.00797075 0.03901562 -0.00426503
v -0.00797283 0.03906742 -0.00423503
v -0.00797946 0.03924667 -0.00423701
v -0.00796499 0.04006215 -0.00426273
v -0.00796101 0.04018435 -0.00425112
v -0.00798106 0.04006215 -0.00418045
v -0.00792387 0.04090638 -0.00428232
v -0.00792387 0.04090638 -0.00425232
v -0.00791830 0.04099844 -0.00427670
v -0.00791830 0.04099844 -0.00424875
v -0.00791269 0.04106774 -0.00426503
v -0.00817604 0.03743823 -0.00243024
v -0.00818084 0.03743823 -0.00155554
v -0.00813520 0.03831203 -0.00330534
v -0.00790249 0.04181060 -0.00466521
v -0.00788919 0.04239029 -0.00464261
v -0.00756602 0.04181060 -0.00510287
v -0.00755671 0.04268494 -0.00498270
v -0.00728452 0.04347601 -0.00508578
v -0.00719585 0.04443682 -0.00480356
v -0.00788919 0.04239029 -0.00457095
v -0.00780215 0.04260971 -0.00426503
v -0.00779870 0.04267276 -0.00423503
v -0.00779219 0.04254501 -0.00426503
v -0.00779083 0.04254553 -0.00424802
v -0.00779130 0.04257567 -0.00424950
v -0.00779083 0.04257553 -0.00424802
v -0.00777949 0.04256037 -0.00421558
v -0.00777432 0.04257497 -0.00420117
v -0.00774985 0.04343852 -0.00426584
v -0.00775022 0.04343576 -0.00426448
v -0.00767293 0.04447572 -0.00414530
v -0.00790503 0.04386514 -0.00383016
v -0.00790503 0.04420905 -0.00383016
v -0.00790503 0.04386514 -0.00368876
v -0.00762365 0.04434714 -0.00426503
v -0.00758641 0.04446565 -0.00426503
v -0.00785993 0.04479249 -0.00349402
v -0.00723442 0.04520867 -0.00426503
v -0.00723460 0.04520946 -0.00426448
v -0.00727572 0.04527052 -0.00416711
v -0.00712847 0.04181060 -0.00560392
v -0.00705311 0.04268494 -0.00553722
v -0.00700079 0.04312691 -0.00549422
v -0.00678800 0.04370980 -0.00539721
v -0.00652246 0.04347601 -0.00558573
v -0.00652246 0.04438878 -0.00522358
v -0.00620460 0.04406210 -0.00552399
v -0.00706197 0.04494925 -0.00466962
v -0.00656191 0.04512860 -0.00479088
v -0.00675564 0.04567306 -0.00426503
v -0.00712054 0.04587379 -0.00386652
v -0.00656191 0.04556417 -0.00447615
v -0.00656219 0.04604444 -0.00403783
v -0.00620771 0.04591327 -0.00426503
v -0.00656219 0.04648228 -0.00356149
v -0.00736753 0.04254454 -0.00341506
v -0.00736753 0.04257454 -0.00341506
v -0.00728147 0.04254476 -0.00328188
v -0.00728101 0.04254460 -0.00328133
v -0.00728147 0.04257476 -0.00328188
v -0.00727639 0.04257365 -0.00327753
v -0.00786192 0.04550692 -0.00279507
v -0.00767459 0.04615247 -0.00247427
v -0.00727837 0.04617386 -0.00326494
v -0.00719647 0.04681001 -0.00243024
v -0.00790602 0.04583778 -0.00221166
v -0.00790602 0.04583778 -0.00184885
v -0.00735032 0.04697596 -0.00155554
v -0.00656494 0.04254355 -0.00294414
v -0.00656219 0.04257324 -0.00294327
v -0.00655973 0.04257320 -0.00294310
v -0.00706418 0.04667798 -0.00294617
v -0.00656219 0.04679853 -0.00312394
v -0.00651809 0.04723011 -0.00237812
v -0.00680821 0.04741381 -0.00155554
v -0.00619713 0.04752601 -0.00205208
v -0.00637054 0.04759489 -0.00155554
v -0.00418169 0.03743823 -0.00426448
v -0.00409762 0.03824442 -0.00426448
v -0.00409121 0.03831004 -0.00426513
v -0.00409133 0.03831004 -0.00426503
v -0.00409250 0.03832486 -0.00426503
v -0.00409121 0.03831203 -0.00426448
v -0.00427258 0.04011149 -0.00426503
v -0.00568770 0.04356248 -0.00574668
v -0.00568770 0.04412616 -0.00554935
v -0.00568770 0.04456493 -0.00534044
v -0.00517434 0.04410374 -0.00553777
v -0.00568770 0.04528233 -0.00490278
v -0.00568770 0.04572110 -0.00459741
v -0.00568770 0.04605739 -0.00426503
v -0.00568713 0.04605694 -0.00426434
v -0.00568752 0.04660022 -0.00371178
v -0.00452139 0.04256101 -0.00426503
v -0.00452011 0.04256101 -0.00420824
v -0.00451875 0.04257333 -0.00416671
v -0.00452056 0.04254419 -0.00416103
v -0.00452056 0.04257419 -0.00416103
v -0.00452167 0.04299454 -0.00426503
v -0.00452167 0.04299454 -0.00423503
v -0.00452921 0.04356298 -0.00423503
v -0.00451908 0.04356298 -0.00418045
v -0.00454421 0.04403879 -0.00423503
v -0.00453630 0.04386951 -0.00426503
v -0.00453630 0.04386951 -0.00423503
v -0.00456182 0.04435665 -0.00427141
v -0.00456266 0.04437002 -0.00424191
v -0.00457535 0.04443334 -0.00426448
v -0.00456552 0.04439446 -0.00427590
v -0.00456437 0.04438801 -0.00427394
v -0.00453931 0.04443762 -0.00418045
v -0.00503381 0.04515743 -0.00481955
v -0.00501146 0.04603139 -0.00402853
v -0.00483077 0.04539443 -0.00426503
v -0.00483080 0.04539527 -0.00426448
v -0.00483076 0.04539524 -0.00426448
v -0.00475922 0.04512634 -0.00426448
v -0.00568743 0.04254320 -0.00289359
v -0.00568743 0.04257319 -0.00289359
v -0.00561825 0.04254320 -0.00289801
v -0.00561465 0.04254377 -0.00289908
v -0.00561825 0.04257319 -0.00289801
v -0.00568752 0.04690760 -0.00327423
v -0.00568752 0.04734492 -0.00252559
v -0.00568752 0.04753957 -0.00208844
v -0.00568752 0.04770501 -0.00155554
v -0.00520343 0.04752653 -0.00206137
v -0.00503553 0.04257373 -0.00317788
v -0.00490912 0.04254422 -0.00324132
v -0.00491449 0.04254375 -0.00323693
v -0.00491299 0.04257378 -0.00323769
v -0.00491449 0.04257375 -0.00323693
v -0.00502969 0.04682306 -0.00314656
v -0.00482843 0.04626884 -0.00338493
v -0.00494349 0.04709391 -0.00238377
v -0.00452273 0.04531227 -0.00330534
v -0.00453633 0.04618743 -0.00243024
v -0.00508009 0.04761003 -0.00155554
v -0.00471471 0.04706207 -0.00155554
v -0.00451908 0.04618743 -0.00155554
v -0.00393750 0.02169121 -0.00937362
v -0.00384130 0.02431422 -0.00915589
v -0.00374377 0.02518856 -0.00910739
v -0.00352247 0.02490672 -0.00921928
v -0.00352216 0.02664279 -0.00902593
v -0.00344736 0.02725306 -0.00897605
v -0.00311830 0.02695276 -0.00911420
v -0.00265782 0.02134458 -0.00987684
v -0.00299447 0.02165771 -0.00974370
v -0.00306242 0.02256375 -0.00963061
v -0.00306242 0.02431422 -0.00945290
v -0.00222148 0.02165771 -0.00994480
v -0.00218734 0.02431422 -0.00968297
v -0.00306242 0.02518945 -0.00935597
v -0.00218734 0.02518945 -0.00958772
v -0.00218734 0.02606469 -0.00947964
v -0.00218734 0.02693992 -0.00936321
v -0.00306242 0.02606469 -0.00924679
v -0.00218734 0.02781259 -0.00924122
v -0.00352187 0.03273708 -0.00820702
v -0.00349220 0.03348493 -0.00811537
v -0.00314520 0.03314100 -0.00825687
v -0.00273025 0.02846709 -0.00902284
v -0.00257711 0.02904972 -0.00898273
v -0.00211490 0.03036643 -0.00888413
v -0.00306242 0.03218620 -0.00842120
v -0.00289547 0.03393666 -0.00818166
v -0.00270197 0.03445257 -0.00813320
v -0.00218734 0.03131096 -0.00872927
v -0.00218734 0.03218620 -0.00859278
v -0.00218734 0.03306143 -0.00844571
v -0.00218734 0.03393666 -0.00828138
v -0.00352255 0.03351810 -0.00810047
v -0.00181895 0.02314895 -0.00988241
v -0.00159475 0.02373158 -0.00985288
v -0.00131260 0.02168852 -0.01008852
v -0.00131260 0.02256375 -0.01000274
v -0.00131260 0.02518945 -0.00972141
v -0.00131260 0.02606469 -0.00961613
v -0.00131260 0.02693992 -0.00950026
v -0.00131260 0.02781259 -0.00937658
v -0.00101147 0.02399082 -0.00988018
v -0.00043751 0.02168852 -0.01013699
v -0.00043751 0.02256375 -0.01005677
v -0.00043751 0.02343898 -0.00996430
v -0.00043751 0.02518945 -0.00976096
v -0.00043751 0.02606469 -0.00965902
v -0.00043751 0.02693992 -0.00954482
v -0.00043751 0.02781259 -0.00942059
v -0.00002876 0.02723856 -0.00950179
v -0.00195140 0.02956049 -0.00903343
v -0.00177480 0.03002763 -0.00899722
v -0.00131260 0.02868783 -0.00924790
v -0.00131260 0.03014313 -0.00901727
v -0.00131260 0.03131096 -0.00881784
v -0.00131260 0.03218620 -0.00865907
v -0.00131260 0.03306143 -0.00849474
v -0.00131260 0.03393666 -0.00831926
v -0.00043751 0.02868783 -0.00929080
v -0.00043751 0.02956049 -0.00915097
v -0.00043751 0.03068469 -0.00895934
v -0.00043751 0.03300878 -0.00851348
v -0.00352255 0.03614870 -0.00767361
v -0.00352255 0.03614657 -0.00767417
v -0.00352255 0.03701936 -0.00752267
v -0.00352255 0.03784057 -0.00736221
v -0.00352255 0.03783925 -0.00736171
v -0.00393750 0.03918759 -0.00704091
v -0.00378633 0.03807304 -0.00728785
v -0.00352255 0.03891148 -0.00712044
v -0.00352255 0.03891344 -0.00712044
v -0.00352255 0.03918759 -0.00704890
v -0.00352255 0.03918759 -0.00704918
v -0.00349255 0.03918759 -0.00704890
v -0.00352255 0.03967977 -0.00683888
v -0.00352255 0.03972569 -0.00681908
v -0.00349255 0.03967977 -0.00683888
v -0.00352255 0.04008755 -0.00664459
v -0.00352255 0.04008641 -0.00664470
v -0.00352255 0.04045590 -0.00593023
v -0.00352261 0.04045590 -0.00593023
v -0.00306242 0.03656237 -0.00767807
v -0.00306242 0.03743760 -0.00749145
v -0.00218734 0.03499927 -0.00806635
v -0.00218734 0.03568713 -0.00791817
v -0.00218734 0.03656237 -0.00772152
v -0.00218734 0.03743760 -0.00751206
v -0.00306242 0.03861057 -0.00720957
v -0.00306242 0.03918551 -0.00705916
v -0.00131260 0.03462967 -0.00817275
v -0.00131260 0.03506600 -0.00807805
v -0.00043751 0.03817167 -0.00731876
v -0.00043751 0.03918551 -0.00705693
v -0.00002876 0.04021620 -0.00629673
v -0.00002876 0.04040863 -0.00592619
v -0.00352255 0.03743760 -0.00476548
v -0.00352255 0.03743571 -0.00476553
v -0.00352267 0.03831004 -0.00474173
v -0.00352255 0.03831027 -0.00474173
v -0.00352255 0.03847680 -0.00475911
v -0.00352255 0.03917043 -0.00483100
v -0.00352255 0.03918551 -0.00483309
v -0.00352255 0.04027121 -0.00542081
v -0.00352255 0.04008897 -0.00511442
v -0.00001241 0.03732742 -0.00488911
v -0.00000487 0.03744199 -0.00487748
v -0.00001725 0.03831520 -0.00489465
v -0.00818084 0.02431270 0.00281880
v -0.00521355 0.03392784 -0.00013778
v -0.00521355 0.03395784 -0.00013778
v -0.00756024 0.02431270 0.00544332
v -0.00814556 0.02518680 0.00369323
v -0.00815358 0.02606090 0.00369323
v -0.00804654 0.02781137 0.00456889
v -0.00788497 0.02624160 0.00502866
v -0.00791143 0.02781137 0.00508598
v -0.00767730 0.02781137 0.00552381
v -0.00686467 0.02256223 0.00650069
v -0.00688030 0.02343633 0.00653362
v -0.00640683 0.02168813 0.00704584
v -0.00642728 0.02256223 0.00708365
v -0.00617952 0.02693726 0.00766782
v -0.00620758 0.02781137 0.00768733
v -0.00807259 0.02956183 0.00456889
v -0.00792185 0.02868773 0.00511160
v -0.00769494 0.02868773 0.00554820
v -0.00770617 0.02956183 0.00556772
v -0.00793709 0.03043594 0.00514818
v -0.00771539 0.03043594 0.00558601
v -0.00817803 0.03218640 0.00369323
v -0.00809063 0.03131230 0.00456889
v -0.00810165 0.03393814 0.00456909
v -0.00794270 0.03131230 0.00516160
v -0.00794671 0.03218640 0.00517013
v -0.00772180 0.03131230 0.00559943
v -0.00772621 0.03218640 0.00560674
v -0.00794992 0.03392784 0.00517135
v -0.00772741 0.03306277 0.00561162
v -0.00772427 0.03391077 0.00560444
v -0.00772164 0.03393814 0.00560950
v -0.00728256 0.03392174 0.00617113
v -0.00728426 0.03392784 0.00616972
v -0.00622763 0.02868773 0.00770197
v -0.00624286 0.02956183 0.00771173
v -0.00619395 0.03043594 0.00768002
v -0.00675399 0.03392768 0.00660684
v -0.00675368 0.03393814 0.00660682
v -0.00631644 0.03392678 0.00685102
v -0.00631606 0.03392695 0.00685102
v -0.00631702 0.03392784 0.00685102
v -0.00593216 0.02256223 0.00752147
v -0.00586601 0.02168813 0.00748367
v -0.00599671 0.02343633 0.00755928
v -0.00605764 0.02431270 0.00759343
v -0.00542862 0.02168813 0.00772026
v -0.00555932 0.02343633 0.00778002
v -0.00561985 0.02431270 0.00780319
v -0.00609934 0.02499933 0.00761660
v -0.00612820 0.02558432 0.00763367
v -0.00568761 0.02693726 0.00788125
v -0.00568761 0.02781137 0.00790930
v -0.00481243 0.02168813 0.00794588
v -0.00481243 0.02256223 0.00799711
v -0.00481243 0.02343633 0.00804223
v -0.00481243 0.02431270 0.00807760
v -0.00481243 0.02518680 0.00810077
v -0.00481243 0.02693726 0.00812760
v -0.00481243 0.02781137 0.00813370
v -0.00521357 0.03392784 0.00545007
v -0.00521357 0.03395784 0.00545007
v -0.00568761 0.02868773 0.00792515
v -0.00568761 0.02956183 0.00793247
v -0.00613422 0.03088541 0.00763977
v -0.00568761 0.03043594 0.00787759
v -0.00585255 0.03392165 0.00685001
v -0.00585341 0.03395233 0.00685022
v -0.00585921 0.03392695 0.00685102
v -0.00573883 0.03453143 0.00683458
v -0.00541923 0.03392232 0.00641561
v -0.00522997 0.03394963 0.00595929
v -0.00523042 0.03391921 0.00597222
v -0.00523225 0.03392204 0.00597880
v -0.00523626 0.03392224 0.00598894
v -0.00481243 0.02868773 0.00812394
v -0.00481243 0.02956183 0.00810443
v -0.00481243 0.03043594 0.00804955
v -0.00432731 0.03085273 0.00792364
v -0.00818124 0.03656274 -0.00013703
v -0.00816530 0.03743754 -0.00014183
v -0.00816502 0.03744339 -0.00012353
v -0.00816515 0.03744123 -0.00012019
v -0.00816414 0.03745310 -0.00014901
v -0.00816414 0.03745310 -0.00011901
v -0.00801125 0.03805170 -0.00014850
v -0.00800960 0.03805402 -0.00014767
v -0.00800943 0.03805423 -0.00011761
v -0.00785451 0.03821686 -0.00014792
v -0.00785451 0.03821686 -0.00011792
v -0.00758043 0.03848705 -0.00014767
v -0.00758043 0.03848705 -0.00011767
v -0.00714502 0.03888006 -0.00014776
v -0.00714502 0.03888006 -0.00011776
v -0.00713904 0.03888388 -0.00014717
v -0.00713904 0.03888388 -0.00011717
v -0.00691526 0.03895279 -0.00014708
v -0.00691526 0.03895279 -0.00011708
v -0.00656599 0.03904478 -0.00014735
v -0.00655895 0.03904597 -0.00014732
v -0.00656599 0.03904478 -0.00011735
v -0.00818088 0.03743754 0.00197447
v -0.00763610 0.04093811 0.00352870
v -0.00763610 0.04096811 0.00352870
v -0.00719455 0.04093945 0.00305376
v -0.00719864 0.04093791 0.00305585
v -0.00719864 0.04096791 0.00305585
v -0.00657284 0.04093946 0.00280353
v -0.00656808 0.04096963 0.00280186
v -0.00657284 0.04096946 0.00280353
v -0.00656078 0.04094006 0.00280080
v -0.00775668 0.04619390 -0.00014634
v -0.00775748 0.04619582 -0.00011676
v -0.00775668 0.04619390 -0.00011634
v -0.00788149 0.04663571 -0.00032126
v -0.00788093 0.04659099 -0.00014699
v -0.00788120 0.04663371 -0.00014021
v -0.00788114 0.04663543 -0.00013703
v -0.00757773 0.04584162 -0.00014598
v -0.00757443 0.04583577 -0.00011593
v -0.00757773 0.04584162 -0.00011598
v -0.00729415 0.04535154 -0.00014609
v -0.00729171 0.04534856 -0.00014776
v -0.00729171 0.04534856 -0.00011776
v -0.00729391 0.04535117 -0.00011613
v -0.00743918 0.04705946 -0.00065336
v -0.00788081 0.04663461 0.00019448
v -0.00787617 0.04662687 0.00064171
v -0.00746843 0.04707200 0.00019448
v -0.00742232 0.04704146 0.00096122
v -0.00681631 0.04509498 -0.00014818
v -0.00681631 0.04509498 -0.00011818
v -0.00696371 0.04748269 -0.00098547
v -0.00702538 0.04751818 -0.00040206
v -0.00702125 0.04752254 -0.00013703
v -0.00677153 0.04761896 -0.00013703
v -0.00656548 0.04498127 -0.00014786
v -0.00655526 0.04497962 -0.00014758
v -0.00656548 0.04498127 -0.00011786
v -0.00656219 0.04498023 -0.00011748
v -0.00662817 0.04764917 -0.00068851
v -0.00703084 0.04752243 0.00019448
v -0.00701558 0.04751143 0.00069749
v -0.00656207 0.04771465 0.00019448
v -0.00659292 0.04762669 0.00102141
v -0.00735961 0.04447082 0.00236235
v -0.00735951 0.04447109 0.00236235
v -0.00784871 0.04537715 0.00236235
v -0.00775094 0.04516276 0.00236235
v -0.00775076 0.04516238 0.00236235
v -0.00775094 0.04516201 0.00236235
v -0.00790735 0.04566371 0.00210791
v -0.00790735 0.04579652 0.00210791
v -0.00790737 0.04554186 0.00236235
v -0.00790792 0.04554341 0.00236235
v -0.00790768 0.04554398 0.00236235
v -0.00790735 0.04582173 0.00233235
v -0.00790683 0.04582287 0.00236235
v -0.00790689 0.04582213 0.00238389
v -0.00788718 0.04586583 0.00236235
v -0.00787747 0.04588712 0.00236235
v -0.00729857 0.04691277 0.00194424
v -0.00720726 0.04681845 0.00236235
v -0.00720744 0.04681833 0.00236235
v -0.00790724 0.04582136 0.00248880
v -0.00791063 0.04498813 0.00335705
v -0.00780248 0.04557196 0.00307226
v -0.00747733 0.04620276 0.00284338
v -0.00721931 0.04600032 0.00354016
v -0.00700626 0.04394264 0.00236238
v -0.00700629 0.04394265 0.00236235
v -0.00702952 0.04395568 0.00236236
v -0.00656219 0.04382539 0.00236237
v -0.00690511 0.04745605 0.00128050
v -0.00712579 0.04687139 0.00236235
v -0.00693032 0.04699842 0.00236235
v -0.00632154 0.04757415 0.00171060
v -0.00659292 0.04735994 0.00197898
v -0.00715218 0.04676122 0.00261487
v -0.00692365 0.04658417 0.00319834
v -0.00660393 0.04691924 0.00287190
v -0.00634015 0.04672187 0.00339120
v -0.00569317 0.03909769 -0.00011721
v -0.00568743 0.03909800 -0.00014718
v -0.00568279 0.03909700 -0.00011718
v -0.00459396 0.03742002 -0.00013829
v -0.00459076 0.03743838 -0.00013780
v -0.00459017 0.03744744 -0.00014280
v -0.00459017 0.03744749 -0.00011267
v -0.00459028 0.03744482 -0.00011174
v -0.00459089 0.03777033 -0.00011338
v -0.00495780 0.03893252 -0.00014804
v -0.00496233 0.03893603 -0.00014696
v -0.00495780 0.03893252 -0.00011804
v -0.00473621 0.03856238 -0.00014761
v -0.00473621 0.03856238 -0.00011761
v -0.00460237 0.03832724 -0.00014819
v -0.00460237 0.03832724 -0.00011819
v -0.00460047 0.03831203 -0.00014344
v -0.00460090 0.03832252 -0.00011825
v -0.00570449 0.04097023 0.00273277
v -0.00568106 0.04093984 0.00273295
v -0.00568106 0.04096984 0.00273295
v -0.00453346 0.03831240 0.00194447
v -0.00492389 0.04093962 0.00298445
v -0.00492389 0.04096962 0.00298445
v -0.00492163 0.04096889 0.00298551
v -0.00492055 0.04093800 0.00298624
v -0.00452593 0.03831240 0.00282003
v -0.00608060 0.04494367 -0.00014768
v -0.00608060 0.04494367 -0.00011768
v -0.00568755 0.04492882 -0.00014784
v -0.00568725 0.04492887 -0.00014779
v -0.00568515 0.04492951 -0.00014807
v -0.00568755 0.04492882 -0.00011784
v -0.00568752 0.04492883 -0.00011783
v -0.00568752 0.04787044 -0.00068084
v -0.00568755 0.04790566 0.00019448
v -0.00568755 0.04781403 0.00106960
v -0.00489697 0.04529499 -0.00014816
v -0.00489445 0.04529846 -0.00014738
v -0.00489550 0.04529612 -0.00011764
v -0.00489697 0.04529499 -0.00011816
v -0.00496239 0.04769718 -0.00068084
v -0.00451876 0.04618744 -0.00013703
v -0.00452182 0.04617124 -0.00014792
v -0.00452182 0.04617124 -0.00011792
v -0.00451934 0.04617738 -0.00011756
v -0.00459667 0.04706207 -0.00068084
v -0.00494905 0.04771303 0.00019448
v -0.00500578 0.04766415 0.00106960
v -0.00464018 0.04706223 0.00106960
v -0.00458345 0.04706223 0.00019448
v -0.00568755 0.04374554 0.00236235
v -0.00568747 0.04374556 0.00236235
v -0.00511481 0.04388264 0.00236235
v -0.00568755 0.04761366 0.00185127
v -0.00568755 0.04746460 0.00228871
v -0.00568700 0.04742606 0.00236176
v -0.00568747 0.04742629 0.00236235
v -0.00512190 0.04757741 0.00176222
v -0.00568747 0.04718767 0.00281974
v -0.00568747 0.04678534 0.00347525
v -0.00491952 0.04406731 0.00236235
v -0.00491919 0.04406767 0.00236235
v -0.00491123 0.04704594 0.00236235
v -0.00491138 0.04704616 0.00236235
v -0.00488204 0.04714205 0.00201005
v -0.00475237 0.04672632 0.00236235
v -0.00459301 0.04489420 0.00236235
v -0.00459294 0.04489481 0.00236235
v -0.00454563 0.04531170 0.00236235
v -0.00452075 0.04618744 0.00194424
v -0.00451978 0.04576933 0.00236235
v -0.00455229 0.04619044 0.00236235
v -0.00494936 0.04692114 0.00281974
v -0.00509040 0.04674155 0.00341409
v -0.00458386 0.04618690 0.00281974
v -0.00810093 0.03481299 0.00456909
v -0.00817694 0.03743754 0.00369422
v -0.00809054 0.03656338 0.00456909
v -0.00807942 0.03743754 0.00456909
v -0.00794642 0.03568784 0.00515257
v -0.00770981 0.03481299 0.00560198
v -0.00769081 0.03568784 0.00558967
v -0.00793997 0.03656338 0.00513273
v -0.00793029 0.03743754 0.00510879
v -0.00766392 0.03656338 0.00557051
v -0.00763309 0.03743754 0.00554657
v -0.00817515 0.03831240 0.00369422
v -0.00813894 0.03918725 0.00369422
v -0.00812946 0.03929347 0.00373912
v -0.00806186 0.03831240 0.00456909
v -0.00803855 0.03918725 0.00456909
v -0.00798028 0.04093822 0.00396084
v -0.00798202 0.04094883 0.00396803
v -0.00798227 0.04094313 0.00397057
v -0.00798980 0.04003806 0.00464092
v -0.00798263 0.04093764 0.00446717
v -0.00798227 0.04094313 0.00446649
v -0.00798155 0.04094313 0.00446923
v -0.00798150 0.04094376 0.00446920
v -0.00791451 0.03831240 0.00507664
v -0.00789372 0.03918725 0.00503902
v -0.00788010 0.03973043 0.00501577
v -0.00786360 0.04031412 0.00498020
v -0.00783743 0.04093764 0.00490495
v -0.00783706 0.04094376 0.00490408
v -0.00759365 0.03831240 0.00551442
v -0.00754346 0.03918725 0.00547612
v -0.00755744 0.04003806 0.00536188
v -0.00733426 0.04094376 0.00548835
v -0.00732818 0.04094246 0.00549527
v -0.00701216 0.04055309 0.00589064
v -0.00694206 0.04094218 0.00585516
v -0.00694196 0.04094376 0.00585525
v -0.00727207 0.03481299 0.00614989
v -0.00725343 0.03568784 0.00612389
v -0.00722654 0.03656338 0.00608901
v -0.00719535 0.03743754 0.00605207
v -0.00669954 0.03481299 0.00658766
v -0.00662210 0.03568784 0.00656099
v -0.00626252 0.03481299 0.00682024
v -0.00618509 0.03568784 0.00678330
v -0.00656223 0.03743754 0.00642829
v -0.00715592 0.03831240 0.00601171
v -0.00710573 0.03918725 0.00596588
v -0.00656223 0.03831240 0.00633936
v -0.00656223 0.04006210 0.00613347
v -0.00657565 0.04094376 0.00600528
v -0.00791199 0.04356280 0.00421480
v -0.00789097 0.04405398 0.00416115
v -0.00762685 0.04356280 0.00465193
v -0.00743020 0.04438398 0.00454162
v -0.00729153 0.04268767 0.00527216
v -0.00718947 0.04356280 0.00516860
v -0.00778349 0.04463655 0.00394014
v -0.00750140 0.04536445 0.00374015
v -0.00719998 0.04515693 0.00433937
v -0.00677074 0.04181318 0.00577946
v -0.00707691 0.04413204 0.00506805
v -0.00652222 0.04270544 0.00573218
v -0.00654493 0.04442840 0.00518136
v -0.00656223 0.04356280 0.00550780
v -0.00698570 0.04574014 0.00412362
v -0.00666292 0.04624401 0.00375741
v -0.00661376 0.04534795 0.00459865
v -0.00640253 0.04590387 0.00427521
v -0.00682533 0.04471461 0.00492284
v -0.00624250 0.04495512 0.00505604
v -0.00633337 0.04181318 0.00596219
v -0.00620419 0.04242558 0.00591078
v -0.00459261 0.03743754 0.00544397
v -0.00451876 0.03918941 0.00375519
v -0.00451876 0.03921725 0.00456909
v -0.00455809 0.04093824 0.00368495
v -0.00455750 0.04093809 0.00368614
v -0.00455721 0.04096803 0.00368680
v -0.00451876 0.04085492 0.00454008
v -0.00451903 0.04093437 0.00455342
v -0.00451876 0.04095930 0.00456190
v -0.00451876 0.04094313 0.00456909
v -0.00463607 0.04094376 0.00544401
v -0.00463599 0.04094313 0.00544397
v -0.00463299 0.04096980 0.00542577
v -0.00453059 0.03831240 0.00544397
v -0.00454027 0.03918725 0.00544397
v -0.00457576 0.04006210 0.00544397
v -0.00613311 0.03615892 0.00676004
v -0.00591227 0.03674192 0.00672994
v -0.00564733 0.03739085 0.00668685
v -0.00524760 0.03611290 0.00675867
v -0.00532898 0.03706810 0.00676551
v -0.00523541 0.03656338 0.00676483
v -0.00523290 0.03706810 0.00676551
v -0.00568748 0.03831240 0.00656441
v -0.00568748 0.04006210 0.00632431
v -0.00568374 0.04094376 0.00619482
v -0.00568747 0.04094376 0.00619520
v -0.00568748 0.04093764 0.00619640
v -0.00500059 0.03656338 0.00631884
v -0.00497693 0.03739085 0.00638656
v -0.00489268 0.03831240 0.00623744
v -0.00490595 0.03918725 0.00617383
v -0.00494144 0.04006210 0.00610953
v -0.00500167 0.04094313 0.00604455
v -0.00500157 0.04094376 0.00604436
v -0.00499907 0.04094313 0.00604098
v -0.00568747 0.04302084 0.00586351
v -0.00568747 0.04356280 0.00571605
v -0.00568747 0.04443729 0.00537948
v -0.00568747 0.04599081 0.00436039
v -0.00568747 0.04642805 0.00391275
v -0.00568747 0.04501541 0.00508943
v -0.00568747 0.04545266 0.00479789
v -0.00515516 0.04498178 0.00506767
v -0.00464184 0.04443729 0.00456901
v -0.00451876 0.04268767 0.00456901
v -0.00451876 0.04443729 0.00369475
v -0.00453029 0.04356280 0.00456901
v -0.00471914 0.04181318 0.00544401
v -0.00500733 0.04443729 0.00520725
v -0.00489612 0.04356280 0.00537685
v -0.00490189 0.04619959 0.00370150
v -0.00494088 0.04528893 0.00457876
v -0.00507345 0.04591656 0.00429360
v -0.00456928 0.04531241 0.00369475
v -0.00517144 0.04251950 0.00592579
v -0.00508464 0.04181318 0.00598020
v -0.00408559 0.02603090 0.00275172
v -0.00408559 0.02612903 0.00275236
v -0.00408559 0.02773900 0.00287158
v -0.00408559 0.02781285 0.00287759
v -0.00393717 0.02168740 0.00813297
v -0.00393717 0.02256095 0.00816578
v -0.00393717 0.02343662 0.00818875
v -0.00393717 0.02431229 0.00820351
v -0.00393717 0.02518796 0.00821172
v -0.00393717 0.02606151 0.00821062
v -0.00393717 0.02693718 0.00820515
v -0.00393717 0.02781285 0.00819367
v -0.00306228 0.02168740 0.00818711
v -0.00306228 0.02256095 0.00820898
v -0.00306228 0.02343662 0.00822156
v -0.00306228 0.02431229 0.00822812
v -0.00218739 0.02431229 0.00822976
v -0.00306228 0.02518796 0.00823086
v -0.00306228 0.02606151 0.00822593
v -0.00306228 0.02693718 0.00821390
v -0.00218739 0.02518796 0.00823195
v -0.00218739 0.02606151 0.00822648
v -0.00218739 0.02693718 0.00821554
v -0.00218739 0.02781285 0.00819586
v -0.00408559 0.03059599 0.00371867
v -0.00408559 0.03113781 0.00388958
v -0.00408559 0.03114038 0.00389039
v -0.00408559 0.03139781 0.00456960
v -0.00408559 0.03141258 0.00544403
v -0.00306228 0.03110240 0.00393633
v -0.00218739 0.03043774 0.00376242
v -0.00218739 0.03105387 0.00396804
v -0.00218739 0.03124166 0.00456960
v -0.00218739 0.03124589 0.00544403
v -0.00306228 0.03135350 0.00456960
v -0.00306228 0.03136616 0.00544403
v -0.00393717 0.02868640 0.00816961
v -0.00393717 0.02956207 0.00813734
v -0.00408637 0.03106778 0.00782555
v -0.00408632 0.03106792 0.00782520
v -0.00405632 0.03106792 0.00782520
v -0.00408559 0.03042161 0.00807008
v -0.00408069 0.03048537 0.00805181
v -0.00393717 0.03043774 0.00807391
v -0.00408559 0.03138941 0.00631765
v -0.00408559 0.03138917 0.00632190
v -0.00408559 0.03132818 0.00718306
v -0.00408559 0.03132828 0.00718169
v -0.00408582 0.03132063 0.00720186
v -0.00408612 0.03127664 0.00731131
v -0.00218739 0.03123111 0.00631902
v -0.00306228 0.03106864 0.00782946
v -0.00306228 0.03043774 0.00807445
v -0.00221739 0.02868640 0.00817015
v -0.00218739 0.02956207 0.00814008
v -0.00218739 0.03119102 0.00719400
v -0.00218739 0.03101800 0.00778297
v -0.00218739 0.03043774 0.00802906
v -0.00306228 0.03134717 0.00631902
v -0.00306228 0.03130075 0.00719400
v -0.00001370 0.02160209 0.00393386
v -0.00001370 0.02160210 0.00393387
v -0.00001370 0.02184556 0.00456953
v -0.00001370 0.02184987 0.00459507
v -0.00001383 0.02184887 0.00542656
v -0.00001383 0.02182803 0.00631921
v -0.00001370 0.02177292 0.00718119
v -0.00001369 0.02176912 0.00719405
v -0.00001375 0.02165838 0.00747111
v -0.00001366 0.02154630 0.00774881
v -0.00001368 0.02154650 0.00774868
v -0.00164774 0.03096103 0.00404351
v -0.00159693 0.03100323 0.00456960
v -0.00106527 0.02956207 0.00456960
v -0.00151412 0.03043774 0.00396312
v -0.00125849 0.03043774 0.00456960
v -0.00102527 0.02956207 0.00544403
v -0.00124489 0.03043774 0.00544403
v -0.00161093 0.03099479 0.00631902
v -0.00102487 0.02956207 0.00631902
v -0.00125169 0.03043774 0.00631902
v -0.00162573 0.03098002 0.00719400
v -0.00167654 0.03093571 0.00770094
v -0.00105927 0.02956207 0.00719400
v -0.00142211 0.02956207 0.00788633
v -0.00128450 0.03043774 0.00719400
v -0.00153412 0.03043774 0.00780704
v 0.00170351 -0.00247558 -0.00467155
v 0.00167568 -0.00215255 -0.00472091
v 0.00167586 -0.00215185 -0.00472091
v 0.00168537 -0.00216085 -0.00472091
v 0.00162969 -0.00278484 -0.00417878
v 0.00167298 -0.00340681 -0.00388669
v 0.00165739 -0.00193619 -0.00475362
v 0.00163457 -0.00106092 -0.00484936
v 0.00163457 -0.00018618 -0.00489842
v 0.00163457 0.00068804 -0.00487673
v 0.00160743 0.00045723 -0.00472013
v 0.00160850 0.00068804 -0.00472091
v 0.00151915 -0.00106180 -0.00418015
v 0.00151915 0.00045582 -0.00418015
v 0.00154195 -0.00193681 -0.00418015
v 0.00151915 -0.00281124 -0.00330524
v 0.00151915 -0.00368624 -0.00243033
v 0.00167336 -0.00423649 -0.00302549
v 0.00163471 -0.00441263 -0.00243033
v 0.00161152 -0.00369370 -0.00331256
v 0.00182140 -0.00497895 -0.00196911
v 0.00168651 -0.00506846 -0.00138584
v 0.00151915 0.00045162 -0.00240890
v 0.00151915 0.00045640 -0.00240890
v 0.00162364 0.00044140 -0.00172221
v 0.00164272 0.00042640 -0.00162212
v 0.00164356 0.00042640 -0.00162056
v 0.00164356 0.00045640 -0.00162056
v 0.00164157 0.00045640 -0.00162428
v 0.00163783 0.00156331 -0.00480382
v 0.00162243 0.00156424 -0.00472091
v 0.00167395 0.00219188 -0.00472091
v 0.00167744 0.00225095 -0.00471239
v 0.00191096 0.00283437 -0.00457810
v 0.00187222 0.00341448 -0.00404357
v 0.00163176 0.00337748 -0.00390230
v 0.00163773 0.00338038 -0.00390697
v 0.00163176 0.00340748 -0.00390230
v 0.00167182 0.00338503 -0.00392855
v 0.00001904 0.00362348 -0.00306637
v 0.00001894 0.00362410 -0.00306653
v 0.00001709 0.00418667 -0.00314852
v 0.00000124 0.00425802 -0.00312849
v 0.00002271 0.00349890 -0.00244548
v 0.00002364 0.00349801 -0.00243809
v 0.00069946 0.00339421 -0.00246636
v 0.00068452 0.00339318 -0.00242987
v 0.00082085 0.00339420 -0.00273066
v 0.00084412 0.00336526 -0.00278033
v 0.00084412 0.00339526 -0.00278033
v 0.00000124 0.00471217 -0.00296946
v 0.00003124 0.00471217 -0.00296946
v 0.00000124 0.00505880 -0.00275409
v 0.00003124 0.00506038 -0.00275306
v 0.00003124 0.00506635 -0.00274854
v 0.00000124 0.00508349 -0.00273357
v 0.00013319 0.00508349 -0.00273367
v 0.00000124 0.00767595 -0.00248244
v 0.00114720 0.00336705 -0.00328833
v 0.00114720 0.00339705 -0.00328833
v 0.00215461 -0.00256327 -0.00472061
v 0.00215374 -0.00256263 -0.00472082
v 0.00220409 -0.00257741 -0.00472091
v 0.00306230 -0.00261211 -0.00475031
v 0.00218781 -0.00397313 -0.00358865
v 0.00218781 -0.00300689 -0.00444482
v 0.00218781 -0.00353534 -0.00400736
v 0.00306248 -0.00402247 -0.00363528
v 0.00306248 -0.00304992 -0.00449373
v 0.00306248 -0.00358468 -0.00405627
v 0.00218752 -0.00106092 -0.00519843
v 0.00218752 -0.00193619 -0.00497268
v 0.00218752 -0.00018618 -0.00529715
v 0.00218752 0.00068804 -0.00525661
v 0.00306230 -0.00106092 -0.00531114
v 0.00306230 -0.00193619 -0.00505329
v 0.00306230 -0.00018618 -0.00541114
v 0.00306230 0.00068804 -0.00537249
v 0.00362408 -0.00253238 -0.00470583
v 0.00364428 -0.00246378 -0.00472091
v 0.00396923 -0.00283935 -0.00420118
v 0.00373114 -0.00347280 -0.00395160
v 0.00379423 -0.00193619 -0.00483423
v 0.00393192 -0.00193619 -0.00472091
v 0.00401068 -0.00107723 -0.00491383
v 0.00393736 -0.00018618 -0.00507221
v 0.00393736 0.00068804 -0.00503586
v 0.00218781 -0.00433575 -0.00315120
v 0.00214297 -0.00480682 -0.00236679
v 0.00306248 -0.00437821 -0.00319782
v 0.00306248 -0.00481542 -0.00248930
v 0.00240464 -0.00501739 -0.00203265
v 0.00214297 -0.00511608 -0.00162856
v 0.00306248 -0.00502657 -0.00205230
v 0.00306248 -0.00518723 -0.00155588
v 0.00218147 0.00042640 -0.00133557
v 0.00218173 0.00042640 -0.00133550
v 0.00218147 0.00045640 -0.00133557
v 0.00306663 0.00042640 -0.00127074
v 0.00371684 -0.00429329 -0.00308766
v 0.00391512 -0.00453198 -0.00236908
v 0.00401561 -0.00374821 -0.00337198
v 0.00353015 -0.00501739 -0.00203265
v 0.00364495 -0.00509313 -0.00155588
v 0.00408248 -0.00473911 -0.00155588
v 0.00307720 0.00045640 -0.00127079
v 0.00393715 0.00042640 -0.00127709
v 0.00393715 0.00045640 -0.00127709
v 0.00218752 0.00156331 -0.00508789
v 0.00219649 0.00250064 -0.00476679
v 0.00229634 0.00263061 -0.00472091
v 0.00249454 0.00289130 -0.00462819
v 0.00273438 0.00269998 -0.00472082
v 0.00306230 0.00156331 -0.00518289
v 0.00306230 0.00243805 -0.00484720
v 0.00306230 0.00271052 -0.00472091
v 0.00306267 0.00271101 -0.00472091
v 0.00306267 0.00289878 -0.00463352
v 0.00205402 0.00339311 -0.00413942
v 0.00205415 0.00339392 -0.00413948
v 0.00219415 0.00339354 -0.00416041
v 0.00295780 0.00339308 -0.00421194
v 0.00306267 0.00333642 -0.00426690
v 0.00306267 0.00339364 -0.00421787
v 0.00306285 0.00339392 -0.00421724
v 0.00306285 0.00384559 -0.00382951
v 0.00352761 0.00253273 -0.00472091
v 0.00351708 0.00289130 -0.00462819
v 0.00364152 0.00248921 -0.00472087
v 0.00364187 0.00248907 -0.00472062
v 0.00396560 0.00149598 -0.00484991
v 0.00306908 0.00339392 -0.00421511
v 0.00357372 0.00381417 -0.00380008
v 0.00374208 0.00339392 -0.00398556
v 0.00374981 0.00339364 -0.00398326
v 0.00374967 0.00339364 -0.00398340
v 0.00218810 0.00508261 -0.00273643
v 0.00306285 0.00508349 -0.00271883
v 0.00312977 0.00508069 -0.00271179
v 0.00315999 0.00510282 -0.00270671
v 0.00316808 0.00507159 -0.00270447
v 0.00316808 0.00510159 -0.00270447
v 0.00392772 0.00507195 -0.00237673
v 0.00394973 0.00509423 -0.00236219
v 0.00395760 0.00506245 -0.00235615
v 0.00395820 0.00509238 -0.00235564
v 0.00000124 0.01566967 -0.01015036
v 0.00043761 0.01566833 -0.01015029
v 0.00002460 0.01494386 -0.00927399
v 0.00003124 0.01495026 -0.00928532
v 0.00000124 0.01508704 -0.00949858
v 0.00043761 0.01639071 -0.01041577
v 0.00043761 0.01644037 -0.01043402
v 0.00043761 0.01731432 -0.01041028
v 0.00001641 0.01477275 -0.00855490
v 0.00001893 0.01477203 -0.00854934
v 0.00043761 0.01993873 -0.01026621
v 0.00043761 0.02081523 -0.01020825
v 0.00131263 0.01566833 -0.01013483
v 0.00131263 0.01523008 -0.00972138
v 0.00131263 0.01644037 -0.01039703
v 0.00131263 0.01731432 -0.01036999
v 0.00131263 0.01906478 -0.01027007
v 0.00131263 0.01993873 -0.01021763
v 0.00131263 0.02081523 -0.01016078
v 0.00000204 0.01495063 -0.00801755
v 0.00001568 0.01494997 -0.00801838
v 0.00001699 0.01495484 -0.00801636
v 0.00000249 0.01528571 -0.00795621
v 0.00001704 0.01556091 -0.00790638
v 0.00306235 0.01453958 -0.00855499
v 0.00327593 0.01454151 -0.00855428
v 0.00330593 0.01454151 -0.00855524
v 0.00330593 0.01446824 -0.00838277
v 0.00330702 0.01446745 -0.00837137
v 0.00330857 0.01446802 -0.00837955
v 0.00331077 0.01446810 -0.00838074
v 0.00393780 0.01454780 -0.00855524
v 0.00330593 0.01441097 -0.00749742
v 0.00330674 0.01440877 -0.00749836
v 0.00348041 0.01423991 -0.00735226
v 0.00348041 0.01423991 -0.00722904
v 0.00393780 0.01428389 -0.00793655
v 0.00393780 0.01417393 -0.00749911
v 0.00218733 0.01568362 -0.01007963
v 0.00218733 0.01524537 -0.00972856
v 0.00218733 0.01493961 -0.00929137
v 0.00218733 0.01644037 -0.01027228
v 0.00218733 0.01731432 -0.01023309
v 0.00306235 0.01581356 -0.00996702
v 0.00306235 0.01537531 -0.00970758
v 0.00306235 0.01493706 -0.00926984
v 0.00306235 0.01644037 -0.01004541
v 0.00218733 0.01818828 -0.01018617
v 0.00218733 0.01906478 -0.01013207
v 0.00218733 0.02081523 -0.01002222
v 0.00299603 0.01818828 -0.00997751
v 0.00272204 0.02081523 -0.00989581
v 0.00330593 0.01575262 -0.00985745
v 0.00330284 0.01588644 -0.00992603
v 0.00330593 0.01588644 -0.00992603
v 0.00330475 0.01619187 -0.00996411
v 0.00330593 0.01615641 -0.00995979
v 0.00353963 0.01595213 -0.00988555
v 0.00330474 0.01525810 -0.00956533
v 0.00330593 0.01525782 -0.00956517
v 0.00330534 0.01525945 -0.00956613
v 0.00330593 0.01633981 -0.00996503
v 0.00330593 0.01643909 -0.00996565
v 0.00314095 0.01734235 -0.00998027
v 0.00354465 0.01643909 -0.00988760
v 0.00352005 0.01707057 -0.00987682
v 0.00348542 0.01765493 -0.00986296
v 0.00398245 0.01643909 -0.00967555
v 0.00386218 0.01734390 -0.00969609
v 0.00329563 0.01494495 -0.00925382
v 0.00330593 0.01494495 -0.00925382
v 0.00393780 0.01495307 -0.00919652
v 0.00315971 0.02081523 -0.00976444
v 0.00330593 0.02081546 -0.00970482
v 0.00393780 0.01818901 -0.00961189
v 0.00393780 0.01906554 -0.00955746
v 0.00393780 0.02081546 -0.00944656
v 0.00330593 0.01464787 -0.00733256
v 0.00330593 0.01464833 -0.00733224
v 0.00330593 0.01547459 -0.00712019
v 0.00330593 0.01547468 -0.00712033
v 0.00330593 0.01553337 -0.00711125
v 0.00339249 0.01468917 -0.00717359
v 0.00001234 0.00854945 -0.00223676
v 0.00001009 0.00854839 -0.00223728
v 0.00001211 0.00897507 -0.00155809
v 0.00431438 -0.00314574 -0.00365585
v 0.00448135 -0.00256222 -0.00386749
v 0.00421573 -0.00125923 -0.00472091
v 0.00440869 -0.00079730 -0.00465189
v 0.00434133 0.00068873 -0.00472080
v 0.00434124 0.00068917 -0.00472083
v 0.00438009 -0.00018680 -0.00472091
v 0.00443459 -0.00018680 -0.00467749
v 0.00442217 0.00044713 -0.00466549
v 0.00441795 0.00068873 -0.00466017
v 0.00438707 0.00115944 -0.00462926
v 0.00423167 -0.00193681 -0.00447407
v 0.00435110 -0.00138025 -0.00459292
v 0.00460001 -0.00193681 -0.00403662
v 0.00463364 -0.00107787 -0.00425283
v 0.00473954 -0.00018680 -0.00418015
v 0.00472261 0.00068873 -0.00417950
v 0.00511755 -0.00018680 -0.00349357
v 0.00511712 0.00068873 -0.00344305
v 0.00430008 -0.00402419 -0.00270460
v 0.00450725 -0.00344066 -0.00307257
v 0.00463982 -0.00283706 -0.00334044
v 0.00461045 -0.00371378 -0.00241982
v 0.00504798 -0.00275156 -0.00237091
v 0.00443227 -0.00418714 -0.00212178
v 0.00453469 -0.00430132 -0.00155588
v 0.00485665 -0.00368624 -0.00155588
v 0.00496526 -0.00193681 -0.00330524
v 0.00460385 0.00042640 -0.00133080
v 0.00460385 0.00045640 -0.00133080
v 0.00485321 0.00042640 -0.00136510
v 0.00484841 0.00042640 -0.00136409
v 0.00484841 0.00045640 -0.00136409
v 0.00526906 -0.00242050 -0.00203950
v 0.00532201 -0.00253009 -0.00155588
v 0.00513339 -0.00113238 -0.00329290
v 0.00531737 -0.00088738 -0.00299258
v 0.00524200 -0.00147090 -0.00284310
v 0.00538269 -0.00113238 -0.00250301
v 0.00535177 -0.00018680 -0.00305612
v 0.00532023 0.00068873 -0.00300609
v 0.00527530 0.00120372 -0.00292616
v 0.00546734 -0.00018680 -0.00243033
v 0.00544327 0.00045640 -0.00243214
v 0.00544415 0.00045582 -0.00243033
v 0.00543535 0.00068873 -0.00242951
v 0.00544064 0.00045640 -0.00237925
v 0.00532201 -0.00193681 -0.00222829
v 0.00542598 -0.00193681 -0.00155588
v 0.00535983 0.00042640 -0.00173018
v 0.00535983 0.00045640 -0.00173018
v 0.00543348 0.00045640 -0.00175408
v 0.00419835 0.00133117 -0.00472091
v 0.00421274 0.00129820 -0.00472082
v 0.00427569 0.00174286 -0.00451522
v 0.00409504 0.00243842 -0.00433617
v 0.00459719 0.00149615 -0.00420615
v 0.00439034 0.00289906 -0.00376172
v 0.00450360 0.00243842 -0.00389920
v 0.00419192 0.00339364 -0.00352938
v 0.00419184 0.00339392 -0.00352898
v 0.00451202 0.00323980 -0.00323949
v 0.00447720 0.00339364 -0.00314925
v 0.00448066 0.00339364 -0.00314464
v 0.00481340 0.00243842 -0.00330450
v 0.00507547 0.00152289 -0.00325228
v 0.00482744 0.00331341 -0.00242951
v 0.00479609 0.00339364 -0.00242311
v 0.00481555 0.00337694 -0.00237668
v 0.00481555 0.00340694 -0.00237668
v 0.00504620 0.00337608 -0.00152297
v 0.00504620 0.00340608 -0.00152297
v 0.00505729 0.00337341 -0.00146923
v 0.00505729 0.00340341 -0.00146923
v 0.00433737 0.00506257 -0.00199041
v 0.00436279 0.00506038 -0.00196116
v 0.00436279 0.00509038 -0.00196116
v 0.00461849 0.00506022 -0.00163566
v 0.00461849 0.00509022 -0.00163566
v 0.00463533 0.00508803 -0.00160758
v 0.00535533 0.00152289 -0.00243697
v 0.00532304 0.00214657 -0.00215027
v 0.00535486 0.00243814 -0.00150655
v 0.00527390 0.00293184 -0.00118255
v 0.00656221 0.00768800 -0.00244106
v 0.00743658 0.00701687 -0.00211036
v 0.00743658 0.00657927 -0.00182382
v 0.00743658 0.00768800 -0.00226443
v 0.00789299 0.00721343 -0.00201125
v 0.00791941 0.00768800 -0.00203971
v 0.00792101 0.00632326 -0.00119972
v 0.00797466 0.00687833 -0.00151668
v 0.00807314 0.00768800 -0.00155495
v 0.00481250 0.01428704 -0.00804283
v 0.00481250 0.01411110 -0.00760539
v 0.00568719 0.01412681 -0.00750989
v 0.00568719 0.01386919 -0.00680546
v 0.00568719 0.01370897 -0.00593056
v 0.00460886 0.01502533 -0.00909640
v 0.00474234 0.01556570 -0.00919755
v 0.00474689 0.01643909 -0.00923811
v 0.00472184 0.01731562 -0.00921911
v 0.00456376 0.02081546 -0.00911232
v 0.00468813 0.01818901 -0.00919498
v 0.00504393 0.01993893 -0.00884790
v 0.00500110 0.02081546 -0.00881966
v 0.00517969 0.01556570 -0.00895315
v 0.00518424 0.01643909 -0.00894391
v 0.00515918 0.01731562 -0.00892645
v 0.00568719 0.01490595 -0.00832625
v 0.00568719 0.01556570 -0.00852700
v 0.00612818 0.01611550 -0.00812139
v 0.00577101 0.01642024 -0.00843099
v 0.00566806 0.01731562 -0.00848901
v 0.00611861 0.01669985 -0.00811163
v 0.00512547 0.01818901 -0.00890335
v 0.00559061 0.01993893 -0.00841045
v 0.00556100 0.02081546 -0.00838221
v 0.00564437 0.01818901 -0.00846590
v 0.00610586 0.01731562 -0.00809777
v 0.00605483 0.01906554 -0.00804643
v 0.00625301 0.01418022 -0.00734764
v 0.00655141 0.01405769 -0.00679673
v 0.00656234 0.01374352 -0.00593056
v 0.00708442 0.01417079 -0.00649894
v 0.00723613 0.01403884 -0.00593056
v 0.00613593 0.01510702 -0.00812960
v 0.00613593 0.01556570 -0.00812909
v 0.00649993 0.01556570 -0.00768035
v 0.00646576 0.01731562 -0.00766033
v 0.00684251 0.01468917 -0.00706731
v 0.00692634 0.01556570 -0.00712584
v 0.00691632 0.01643909 -0.00711146
v 0.00715640 0.01468917 -0.00662986
v 0.00718191 0.01556570 -0.00668839
v 0.00751539 0.01468917 -0.00593056
v 0.00755275 0.01556570 -0.00593056
v 0.00518841 0.01410559 -0.00474202
v 0.00518841 0.01410559 -0.00471202
v 0.00518148 0.01412644 -0.00473139
v 0.00518229 0.01412105 -0.00473180
v 0.00518148 0.01412644 -0.00470139
v 0.00533358 0.01392843 -0.00474241
v 0.00533358 0.01392843 -0.00471241
v 0.00564120 0.01371106 -0.00474550
v 0.00564120 0.01371106 -0.00471550
v 0.00566317 0.01370478 -0.00472066
v 0.00451545 0.00986474 -0.00157753
v 0.00451545 0.00989474 -0.00157753
v 0.00451447 0.00989474 -0.00157490
v 0.00450819 0.00986474 -0.00149121
v 0.00488082 0.00986344 -0.00223204
v 0.00486945 0.00986474 -0.00221226
v 0.00488988 0.00985422 -0.00224407
v 0.00489236 0.00985388 -0.00224508
v 0.00488988 0.00988422 -0.00224407
v 0.00489069 0.00988401 -0.00224449
v 0.00563926 0.00985366 -0.00244616
v 0.00563926 0.00988366 -0.00244616
v 0.00568865 0.00986919 -0.00245076
v 0.00568835 0.00986923 -0.00245075
v 0.00510763 0.01486385 -0.00472155
v 0.00511756 0.01465972 -0.00473116
v 0.00511756 0.01465972 -0.00470116
v 0.00624161 0.01354608 -0.00472091
v 0.00644740 0.01349739 -0.00472091
v 0.00656333 0.01347047 -0.00472091
v 0.00656234 0.01347020 -0.00472091
v 0.00656208 0.01347026 -0.00472059
v 0.00691109 0.01356402 -0.00472091
v 0.00691267 0.01356445 -0.00472091
v 0.00747118 0.01380537 -0.00472091
v 0.00747348 0.01380636 -0.00472091
v 0.00791675 0.01418964 -0.00475891
v 0.00792064 0.01418047 -0.00472091
v 0.00656221 0.00859319 -0.00248031
v 0.00653666 0.00983682 -0.00248083
v 0.00656221 0.00983474 -0.00247940
v 0.00656221 0.00986474 -0.00247940
v 0.00656220 0.00986474 -0.00247954
v 0.00743658 0.00856319 -0.00230172
v 0.00743886 0.00985866 -0.00230061
v 0.00743658 0.00986508 -0.00230172
v 0.00793703 0.00856319 -0.00205835
v 0.00808996 0.00856319 -0.00155495
v 0.00793727 0.00986474 -0.00205806
v 0.00793712 0.00986474 -0.00205806
v 0.00809015 0.00986474 -0.00155522
v 0.00808996 0.00986474 -0.00155495
v 0.00818084 0.01442505 -0.00233443
v 0.00779602 0.01468917 -0.00526926
v 0.00780787 0.01556570 -0.00526515
v 0.00793725 0.01468917 -0.00483182
v 0.00795483 0.01606002 -0.00471577
v 0.00794904 0.01652100 -0.00472091
v 0.00794689 0.01668221 -0.00469091
v 0.00806916 0.01468983 -0.00418021
v 0.00789657 0.01995487 -0.00469091
v 0.00788795 0.02038944 -0.00469091
v 0.00787094 0.02116072 -0.00472091
v 0.00799589 0.02081283 -0.00418021
v 0.00815985 0.01468983 -0.00330498
v 0.00814084 0.01906523 -0.00330498
v 0.00818005 0.01906523 -0.00243045
v 0.00813055 0.02081283 -0.00330498
v 0.00152997 -0.00456124 -0.00068097
v 0.00151989 -0.00278323 -0.00006643
v 0.00151989 -0.00278323 -0.00003643
v 0.00164554 -0.00512239 -0.00068097
v 0.00152296 -0.00456098 0.00019475
v 0.00163874 -0.00513520 0.00019475
v 0.00166014 -0.00510014 0.00106991
v 0.00154436 -0.00456098 0.00106991
v 0.00163508 -0.00183155 -0.00006548
v 0.00163508 -0.00183155 -0.00003548
v 0.00176574 -0.00147919 -0.00006585
v 0.00176574 -0.00147919 -0.00003585
v 0.00179026 -0.00146905 -0.00006585
v 0.00179026 -0.00146905 -0.00003585
v 0.00151876 -0.00368614 0.00194451
v 0.00170255 -0.00504726 0.00163737
v 0.00162919 -0.00457650 0.00193559
v 0.00166128 -0.00428910 0.00281911
v 0.00170866 -0.00417300 0.00331466
v 0.00154551 -0.00368614 0.00281911
v 0.00172318 0.00042640 0.00143923
v 0.00172497 0.00042640 0.00143570
v 0.00172497 0.00045640 0.00143570
v 0.00161869 0.00042640 0.00183270
v 0.00161869 0.00045640 0.00183270
v 0.00151879 0.00045640 0.00279297
v 0.00218781 -0.00531231 -0.00068097
v 0.00219061 -0.00533549 -0.00005028
v 0.00306248 -0.00537829 -0.00068097
v 0.00218781 -0.00534385 0.00019475
v 0.00218781 -0.00525878 0.00106991
v 0.00306280 -0.00541570 0.00019475
v 0.00306280 -0.00531569 0.00106991
v 0.00212033 -0.00136053 -0.00006570
v 0.00212033 -0.00136053 -0.00003570
v 0.00233500 -0.00133578 -0.00003579
v 0.00306280 -0.00126656 -0.00006583
v 0.00306280 -0.00126656 -0.00003583
v 0.00305085 0.00042640 0.00119540
v 0.00378023 -0.00518837 -0.00068097
v 0.00380253 -0.00520705 0.00019475
v 0.00373911 -0.00515704 0.00106991
v 0.00394468 -0.00127266 -0.00006580
v 0.00393741 -0.00127182 -0.00003582
v 0.00307752 0.00042640 0.00119464
v 0.00307752 0.00045640 0.00119464
v 0.00393741 0.00042640 0.00120450
v 0.00393741 0.00045640 0.00120450
v 0.00218781 -0.00509497 0.00175331
v 0.00218781 -0.00487712 0.00219089
v 0.00306280 -0.00511796 0.00180460
v 0.00306280 -0.00493345 0.00224162
v 0.00218781 -0.00453914 0.00281911
v 0.00218781 -0.00422358 0.00337375
v 0.00306280 -0.00462133 0.00281911
v 0.00306280 -0.00424944 0.00340329
v 0.00209529 0.00042640 0.00129295
v 0.00209556 0.00042640 0.00129288
v 0.00209529 0.00045640 0.00129295
v 0.00362601 -0.00507829 0.00170537
v 0.00399931 -0.00460869 0.00204150
v 0.00380215 -0.00437130 0.00281911
v 0.00361378 -0.00420748 0.00335424
v 0.00165631 -0.00363096 0.00364131
v 0.00154818 -0.00281131 0.00369427
v 0.00171210 -0.00330218 0.00417756
v 0.00166396 -0.00281131 0.00429239
v 0.00151876 -0.00193647 0.00369427
v 0.00151952 -0.00018680 0.00456887
v 0.00151937 0.00045582 0.00457020
v 0.00152481 0.00045582 0.00460122
v 0.00162728 -0.00192900 0.00458280
v 0.00153901 -0.00106163 0.00456887
v 0.00169911 -0.00163183 0.00506052
v 0.00165479 -0.00106163 0.00512016
v 0.00163530 -0.00018680 0.00517312
v 0.00160397 0.00045582 0.00505271
v 0.00163453 0.00045582 0.00521269
v 0.00163485 0.00045640 0.00521314
v 0.00204106 0.00045582 0.00546353
v 0.00204108 0.00045582 0.00546354
v 0.00068437 0.00339395 0.00456936
v 0.00002214 0.00350920 0.00545321
v 0.00071718 0.00339392 0.00544360
v 0.00072198 0.00339392 0.00544865
v 0.00187539 0.00207008 0.00584834
v 0.00001820 0.00363433 0.00600885
v 0.00002833 0.00509283 0.00651860
v 0.00003124 0.00579910 0.00670564
v 0.00123695 0.00339397 0.00601183
v 0.00123753 0.00339364 0.00601246
v 0.00123753 0.00339452 0.00601246
v 0.00218781 -0.00379593 0.00381077
v 0.00218781 -0.00335851 0.00422661
v 0.00218781 -0.00281131 0.00453877
v 0.00306280 -0.00382582 0.00384087
v 0.00306280 -0.00338840 0.00425281
v 0.00306280 -0.00281131 0.00462127
v 0.00218781 -0.00218478 0.00488103
v 0.00306280 -0.00223364 0.00493788
v 0.00218781 -0.00174736 0.00511180
v 0.00218781 -0.00106163 0.00529687
v 0.00218781 -0.00018680 0.00543678
v 0.00218781 0.00045582 0.00553377
v 0.00218754 0.00045640 0.00553393
v 0.00240654 0.00045582 0.00556261
v 0.00306280 -0.00179622 0.00513633
v 0.00306280 -0.00106163 0.00536041
v 0.00306280 -0.00018680 0.00553099
v 0.00283049 0.00045815 0.00561850
v 0.00306090 0.00046070 0.00564338
v 0.00306280 0.00045582 0.00564358
v 0.00306297 0.00045582 0.00564351
v 0.00306372 0.00045973 0.00564321
v 0.00390188 -0.00362292 0.00363239
v 0.00360690 -0.00334184 0.00421212
v 0.00379757 -0.00281131 0.00437544
v 0.00400275 -0.00203361 0.00461514
v 0.00363250 -0.00169736 0.00509285
v 0.00375859 -0.00106163 0.00518371
v 0.00385756 -0.00018680 0.00526732
v 0.00396798 0.00045582 0.00528405
v 0.00245897 0.00192516 0.00589416
v 0.00352457 0.00192171 0.00589523
v 0.00394960 0.00339392 0.00589373
v 0.00217537 0.00239242 0.00594958
v 0.00218754 0.00339364 0.00613396
v 0.00218748 0.00339392 0.00613396
v 0.00306267 0.00243842 0.00600074
v 0.00305977 0.00339364 0.00616689
v 0.00306285 0.00339364 0.00616697
v 0.00306267 0.00339364 0.00616700
v 0.00218796 0.00580002 0.00670661
v 0.00306313 0.00508396 0.00651232
v 0.00306313 0.00580704 0.00670269
v 0.00306313 0.00624417 0.00677825
v 0.00306313 0.00681375 0.00686656
v 0.00306313 0.00768800 0.00699315
v 0.00375738 0.00339364 0.00602888
v 0.00375923 0.00339392 0.00602888
v 0.00393650 0.00508396 0.00645160
v 0.00393830 0.00508396 0.00645147
v 0.00393749 0.00508349 0.00645130
v 0.00394871 0.00597600 0.00666834
v 0.00366446 0.00629284 0.00677138
v 0.00394871 0.00677771 0.00681652
v 0.00393750 0.00768800 0.00694016
v 0.00000124 0.00985571 0.00321398
v 0.00000124 0.00985982 0.00324397
v 0.00001053 0.00986474 0.00324592
v 0.00000124 0.00986474 0.00325230
v 0.00003124 0.00986474 0.00324912
v 0.00002956 0.00998691 0.00325173
v 0.00001447 0.01997049 0.00349193
v 0.00000035 0.02000633 0.00349552
v 0.00001620 0.02004399 0.00349932
v 0.00001610 0.02090666 0.00361429
v 0.00001617 0.02090748 0.00361444
v 0.00001617 0.02093536 0.00362448
v 0.00000124 0.01556406 0.00786500
v 0.00003124 0.01556755 0.00786521
v 0.00000124 0.01993606 0.00811208
v 0.00001734 0.01998522 0.00811279
v 0.00002189 0.01995664 0.00811269
v 0.00002506 0.01994965 0.00811251
v 0.00001623 0.02004164 0.00810956
v 0.00001626 0.02090384 0.00800537
v 0.00001622 0.02090434 0.00800529
v 0.00001622 0.02093582 0.00799507
v 0.00218707 0.01031447 0.00734477
v 0.00218707 0.01118857 0.00745016
v 0.00306313 0.00856319 0.00711385
v 0.00306313 0.00943791 0.00722670
v 0.00306239 0.01031447 0.00733173
v 0.00306239 0.01118857 0.00742919
v 0.00218707 0.01313416 0.00765787
v 0.00218707 0.01381510 0.00772269
v 0.00306239 0.01206478 0.00752041
v 0.00285863 0.01320914 0.00764847
v 0.00393750 0.00856319 0.00704614
v 0.00393750 0.00943791 0.00714624
v 0.00393750 0.00986474 0.00719039
v 0.00393729 0.01031447 0.00723655
v 0.00344177 0.01342239 0.00762750
v 0.00359866 0.01400723 0.00765357
v 0.00218707 0.01468920 0.00780032
v 0.00218707 0.01556330 0.00786661
v 0.00306239 0.01468920 0.00776859
v 0.00306239 0.01556330 0.00784055
v 0.00306239 0.01731362 0.00796973
v 0.00218707 0.01818983 0.00803206
v 0.00218707 0.01906394 0.00808362
v 0.00218707 0.01994015 0.00812725
v 0.00218707 0.02037615 0.00814510
v 0.00306239 0.01818983 0.00802809
v 0.00306239 0.01906394 0.00807909
v 0.00306239 0.01994015 0.00812272
v 0.00306239 0.02081214 0.00815898
v 0.00373476 0.01468920 0.00768473
v 0.00393729 0.01731362 0.00786265
v 0.00393729 0.01906394 0.00799410
v 0.00393729 0.01994015 0.00804849
v 0.00393729 0.02081214 0.00809665
v 0.00421775 -0.00485100 -0.00068097
v 0.00423360 -0.00486362 -0.00005107
v 0.00462513 -0.00441321 -0.00068097
v 0.00506073 -0.00359960 -0.00059503
v 0.00508740 -0.00359960 -0.00005107
v 0.00424003 -0.00486849 0.00019475
v 0.00417660 -0.00481389 0.00106991
v 0.00459729 -0.00437647 0.00106991
v 0.00463512 -0.00443050 0.00019475
v 0.00509516 -0.00359992 0.00011281
v 0.00495302 -0.00368614 0.00106991
v 0.00472003 -0.00136685 -0.00006578
v 0.00472280 -0.00136742 -0.00006575
v 0.00471471 -0.00136599 -0.00003594
v 0.00472280 -0.00136742 -0.00003575
v 0.00502863 -0.00145908 -0.00006555
v 0.00503340 -0.00146377 -0.00006543
v 0.00502787 -0.00145866 -0.00003568
v 0.00503340 -0.00146377 -0.00003543
v 0.00413952 0.00042640 0.00122149
v 0.00415221 0.00042640 0.00122261
v 0.00413952 0.00045640 0.00122149
v 0.00534250 -0.00282099 -0.00059503
v 0.00525051 -0.00325075 -0.00024626
v 0.00525051 -0.00325075 -0.00023392
v 0.00516819 -0.00343570 -0.00005034
v 0.00516871 -0.00343451 -0.00005107
v 0.00529921 -0.00304649 -0.00005107
v 0.00530219 -0.00303391 -0.00003983
v 0.00522851 -0.00319067 0.00034972
v 0.00534275 -0.00286419 0.00011281
v 0.00536339 -0.00264922 0.00106991
v 0.00519586 -0.00162976 -0.00006553
v 0.00519586 -0.00162976 -0.00003553
v 0.00519928 -0.00163356 -0.00003531
v 0.00536990 -0.00195054 -0.00006239
v 0.00536946 -0.00194196 -0.00006517
v 0.00536982 -0.00196193 -0.00005817
v 0.00536982 -0.00196193 -0.00002817
v 0.00536946 -0.00194196 -0.00003517
v 0.00450253 -0.00426381 0.00179401
v 0.00437224 -0.00412069 0.00237707
v 0.00469052 -0.00377179 0.00202924
v 0.00423965 -0.00395745 0.00281911
v 0.00455946 -0.00352003 0.00281911
v 0.00442573 -0.00332115 0.00332748
v 0.00455908 -0.00281131 0.00352704
v 0.00490105 -0.00281131 0.00281911
v 0.00478938 0.00042640 0.00131856
v 0.00478938 0.00045640 0.00131856
v 0.00486727 0.00042640 0.00136688
v 0.00486942 0.00042640 0.00136867
v 0.00486727 0.00045640 0.00136688
v 0.00532403 -0.00250724 0.00171708
v 0.00521857 -0.00229284 0.00230071
v 0.00538555 -0.00197556 0.00198297
v 0.00542223 -0.00106163 0.00194451
v 0.00518860 0.00042640 0.00168686
v 0.00518860 0.00045640 0.00168686
v 0.00537014 0.00042640 0.00187544
v 0.00537014 0.00045640 0.00187544
v 0.00537848 0.00045640 0.00202125
v 0.00537774 0.00043561 0.00209872
v 0.00532441 -0.00170943 0.00251866
v 0.00536339 -0.00106163 0.00264631
v 0.00536530 -0.00018680 0.00274442
v 0.00536530 0.00045582 0.00271822
v 0.00536516 0.00045640 0.00271710
v 0.00536323 0.00045582 0.00272486
v 0.00536516 0.00068873 0.00270857
v 0.00543629 0.00243842 -0.00067951
v 0.00515496 0.00337290 -0.00067951
v 0.00515496 0.00340290 -0.00067951
v 0.00515864 0.00337197 -0.00062226
v 0.00532257 0.00301667 -0.00067951
v 0.00546437 0.00243842 0.00019549
v 0.00537919 0.00250542 0.00113017
v 0.00518557 0.00337234 0.00019549
v 0.00518557 0.00340234 0.00019549
v 0.00535065 0.00306239 0.00019549
v 0.00531134 0.00299309 0.00087971
v 0.00500959 0.00337110 0.00345530
v 0.00542740 0.00156372 0.00194335
v 0.00743658 0.00596757 -0.00067963
v 0.00797226 0.00626196 -0.00067963
v 0.00812519 0.00681375 -0.00067963
v 0.00818044 0.00768800 -0.00067963
v 0.00800749 0.00621375 0.00019471
v 0.00802110 0.00617490 0.00107003
v 0.00816122 0.00681375 0.00019471
v 0.00817483 0.00681375 0.00107003
v 0.00818044 0.00768800 0.00107003
v 0.00802270 0.00610236 0.00194535
v 0.00816843 0.00681375 0.00194535
v 0.00735688 0.00505781 0.00355803
v 0.00788098 0.00549254 0.00321220
v 0.00788098 0.00549254 0.00327795
v 0.00790900 0.00593856 0.00335057
v 0.00807555 0.00681375 0.00281870
v 0.00793462 0.00681375 0.00341632
v 0.00793542 0.00768800 0.00342220
v 0.00423506 -0.00281131 0.00396462
v 0.00437300 -0.00237044 0.00412962
v 0.00449794 -0.00178702 0.00427120
v 0.00459958 -0.00106163 0.00439551
v 0.00468899 -0.00202212 0.00378067
v 0.00495034 -0.00106163 0.00369427
v 0.00506344 -0.00018680 0.00369427
v 0.00506855 0.00044097 0.00367231
v 0.00506056 0.00043213 0.00369647
v 0.00506056 0.00046213 0.00369647
v 0.00465422 -0.00018680 0.00448916
v 0.00465315 0.00042876 0.00456141
v 0.00463512 0.00045582 0.00459953
v 0.00419609 -0.00106163 0.00483309
v 0.00429505 -0.00018680 0.00492674
v 0.00434816 0.00040294 0.00497969
v 0.00435275 0.00045582 0.00498415
v 0.00499594 0.00336829 0.00362018
v 0.00498942 0.00339682 0.00369524
v 0.00491992 0.00339676 0.00446429
v 0.00491035 0.00339563 0.00454908
v 0.00490999 0.00336550 0.00455060
v 0.00490559 0.00339364 0.00456834
v 0.00425416 0.00339392 0.00567477
v 0.00425416 0.00339364 0.00567462
v 0.00461797 0.00339394 0.00529124
v 0.00461825 0.00339364 0.00529094
v 0.00461946 0.00339364 0.00528789
v 0.00594330 0.00506331 0.00577565
v 0.00594442 0.00508853 0.00577831
v 0.00424658 0.00646227 0.00674390
v 0.00447077 0.00704541 0.00678414
v 0.00458928 0.00768800 0.00682241
v 0.00481185 0.00508485 0.00626327
v 0.00481214 0.00508349 0.00626321
v 0.00478225 0.00677771 0.00664479
v 0.00502726 0.00768800 0.00668502
v 0.00538750 0.00452102 0.00594587
v 0.00550562 0.00506331 0.00600472
v 0.00550769 0.00508396 0.00600695
v 0.00568704 0.00768800 0.00633961
v 0.00636360 0.00445718 0.00520928
v 0.00701288 0.00461479 0.00407024
v 0.00701288 0.00461479 0.00419213
v 0.00702136 0.00508396 0.00470292
v 0.00651867 0.00506331 0.00533852
v 0.00653752 0.00508410 0.00532485
v 0.00695563 0.00506331 0.00482890
v 0.00695776 0.00508396 0.00483527
v 0.00699459 0.00556976 0.00500111
v 0.00701381 0.00615291 0.00502172
v 0.00736117 0.00508748 0.00356781
v 0.00737086 0.00506402 0.00359043
v 0.00740135 0.00508396 0.00366164
v 0.00740128 0.00508349 0.00366148
v 0.00740346 0.00508349 0.00367094
v 0.00740375 0.00508396 0.00367145
v 0.00720817 0.00484914 0.00391654
v 0.00717595 0.00508396 0.00437886
v 0.00725883 0.00589222 0.00465275
v 0.00735251 0.00681375 0.00456934
v 0.00775046 0.00593856 0.00378823
v 0.00776087 0.00681375 0.00385397
v 0.00622031 0.00768800 0.00597260
v 0.00416466 0.00986474 0.00261429
v 0.00443700 0.00986474 0.00244362
v 0.00818033 0.00986474 -0.00068069
v 0.00818084 0.00993252 -0.00070527
v 0.00818032 0.00983474 0.00107864
v 0.00816603 0.00856319 0.00194535
v 0.00816156 0.00983474 0.00196548
v 0.00811642 0.00985997 0.00239257
v 0.00807638 0.00983475 0.00275499
v 0.00806931 0.00983475 0.00281870
v 0.00793204 0.00983475 0.00342131
v 0.00793204 0.00986475 0.00342317
v 0.00812744 0.01284911 0.00244362
v 0.00471739 0.00856319 0.00687049
v 0.00488394 0.00942621 0.00689110
v 0.00484871 0.00986474 0.00693918
v 0.00515457 0.00856319 0.00672329
v 0.00522424 0.00912622 0.00674685
v 0.00561338 0.00942621 0.00654470
v 0.00527228 0.00970983 0.00676843
v 0.00528293 0.00986474 0.00677369
v 0.00528189 0.00986474 0.00677432
v 0.00528293 0.00986475 0.00677457
v 0.00568704 0.00856319 0.00644068
v 0.00567957 0.00986474 0.00653406
v 0.00567984 0.00986474 0.00653390
v 0.00439704 0.01590919 0.00763975
v 0.00466364 0.01819032 0.00773988
v 0.00481266 0.02081417 0.00789289
v 0.00528804 0.01993882 0.00765100
v 0.00536354 0.02081417 0.00768981
v 0.00707226 0.00943791 0.00511691
v 0.00676079 0.00943791 0.00555457
v 0.00707457 0.00986474 0.00512295
v 0.00707487 0.00986474 0.00512246
v 0.00677040 0.00986474 0.00556045
v 0.00677092 0.00986474 0.00555970
v 0.00740616 0.00943791 0.00456934
v 0.00740421 0.00986474 0.00457392
v 0.00740741 0.00986475 0.00456944
v 0.00743250 0.00983475 0.00451963
v 0.00776968 0.00856319 0.00386281
v 0.00778121 0.00983475 0.00382743
v 0.00629158 0.00856319 0.00603540
v 0.00632360 0.00943791 0.00606190
v 0.00633385 0.00986474 0.00607194
v 0.00633318 0.00986475 0.00607309
v 0.00637801 0.02081417 0.00700352
v 0.00043761 0.02168919 -0.01013594
v 0.00043761 0.02256314 -0.01005534
v 0.00043761 0.02343965 -0.00996702
v 0.00043761 0.02409193 -0.00989361
v 0.00043761 0.02606406 -0.00965735
v 0.00043761 0.02693801 -0.00954419
v 0.00043761 0.02781197 -0.00941998
v 0.00131263 0.02168919 -0.01008846
v 0.00103864 0.02401294 -0.00988422
v 0.00162188 0.02374540 -0.00985441
v 0.00182406 0.02316192 -0.00988367
v 0.00131263 0.02519010 -0.00972248
v 0.00131263 0.02606406 -0.00961374
v 0.00131263 0.02693801 -0.00949892
v 0.00131263 0.02781197 -0.00937582
v 0.00043761 0.02868592 -0.00928971
v 0.00040761 0.02956242 -0.00915116
v 0.00043761 0.03068608 -0.00895961
v 0.00043761 0.03218684 -0.00867533
v 0.00000124 0.03393666 -0.00832316
v 0.00131263 0.02868592 -0.00924665
v 0.00131263 0.03014591 -0.00901757
v 0.00195086 0.02956242 -0.00903303
v 0.00177392 0.03002615 -0.00899715
v 0.00131263 0.03131033 -0.00881885
v 0.00131263 0.03218684 -0.00865932
v 0.00131263 0.03306079 -0.00849482
v 0.00131263 0.03393729 -0.00832094
v 0.00222291 0.02165861 -0.00994549
v 0.00218733 0.02431360 -0.00968605
v 0.00265767 0.02134521 -0.00987704
v 0.00299474 0.02165861 -0.00974346
v 0.00306235 0.02343965 -0.00954198
v 0.00218733 0.02519010 -0.00958890
v 0.00218733 0.02606406 -0.00947905
v 0.00218733 0.02693801 -0.00936258
v 0.00306235 0.02519010 -0.00935595
v 0.00218733 0.02781197 -0.00924058
v 0.00306235 0.02606406 -0.00924721
v 0.00393780 0.02168885 -0.00937366
v 0.00384168 0.02431531 -0.00915596
v 0.00330593 0.02519010 -0.00926720
v 0.00311863 0.02695330 -0.00911472
v 0.00330586 0.02712369 -0.00903585
v 0.00330593 0.02712137 -0.00903613
v 0.00354783 0.02667157 -0.00901425
v 0.00344806 0.02725592 -0.00897626
v 0.00374373 0.02518869 -0.00910718
v 0.00211422 0.03036503 -0.00888454
v 0.00273045 0.02846934 -0.00902309
v 0.00257745 0.02905028 -0.00898280
v 0.00218733 0.03131033 -0.00872942
v 0.00218733 0.03218684 -0.00859308
v 0.00218733 0.03306079 -0.00844569
v 0.00218733 0.03393729 -0.00828230
v 0.00218733 0.03455900 -0.00815699
v 0.00306235 0.03218684 -0.00842141
v 0.00270231 0.03445198 -0.00813326
v 0.00289608 0.03393729 -0.00818183
v 0.00330593 0.03218684 -0.00834400
v 0.00314516 0.03314232 -0.00825636
v 0.00330593 0.03306942 -0.00822292
v 0.00330593 0.03335415 -0.00818259
v 0.00349271 0.03348589 -0.00811574
v 0.00330593 0.03393479 -0.00808950
v 0.00131263 0.03462525 -0.00817300
v 0.00000124 0.03621518 -0.00780206
v 0.00043761 0.03506605 -0.00807695
v 0.00000124 0.03671879 -0.00767767
v 0.00043761 0.03918612 -0.00705629
v 0.00000001 0.04002708 -0.00665049
v 0.00003074 0.04002553 -0.00665339
v 0.00000124 0.04041169 -0.00593075
v 0.00000124 0.04038522 -0.00588640
v 0.00131263 0.03506350 -0.00807640
v 0.00131263 0.03568775 -0.00793454
v 0.00131263 0.03656171 -0.00772422
v 0.00218733 0.03499470 -0.00806536
v 0.00218733 0.03568775 -0.00791908
v 0.00218733 0.03656171 -0.00772367
v 0.00218733 0.03743566 -0.00750728
v 0.00306235 0.03656171 -0.00767785
v 0.00306235 0.03743566 -0.00749017
v 0.00306235 0.03816183 -0.00731629
v 0.00330593 0.03568775 -0.00778991
v 0.00330593 0.03654149 -0.00763839
v 0.00330593 0.03659015 -0.00762913
v 0.00330593 0.03745454 -0.00745676
v 0.00329926 0.03813245 -0.00730708
v 0.00329939 0.03813208 -0.00730716
v 0.00330593 0.03859724 -0.00719303
v 0.00330593 0.03918948 -0.00704757
v 0.00330593 0.03918492 -0.00704941
v 0.00330593 0.03918492 -0.00704883
v 0.00330924 0.03919362 -0.00704615
v 0.00378701 0.03806962 -0.00728860
v 0.00402254 0.03833980 -0.00720337
v 0.00393780 0.03918492 -0.00703753
v 0.00330783 0.03995701 -0.00669509
v 0.00330657 0.04004860 -0.00665254
v 0.00330593 0.04005830 -0.00664692
v 0.00330593 0.04005830 -0.00664783
v 0.00330593 0.04033270 -0.00613831
v 0.00330593 0.04043717 -0.00593075
v 0.00001759 0.03732742 -0.00488911
v 0.00002603 0.03744223 -0.00487746
v 0.00002721 0.03743760 -0.00487753
v 0.00001218 0.03831301 -0.00489439
v 0.00001984 0.03918612 -0.00501651
v 0.00002327 0.04000362 -0.00525382
v 0.00002664 0.04000951 -0.00525573
v 0.00330604 0.03743566 -0.00481736
v 0.00330593 0.03776595 -0.00480527
v 0.00366596 0.03740633 -0.00472091
v 0.00368727 0.03747154 -0.00472061
v 0.00369175 0.03743707 -0.00472091
v 0.00330593 0.03831216 -0.00479528
v 0.00330593 0.03829942 -0.00479528
v 0.00330593 0.03831250 -0.00479494
v 0.00330593 0.03856719 -0.00481815
v 0.00330628 0.03918616 -0.00489851
v 0.00330636 0.03946596 -0.00498063
v 0.00330599 0.04005220 -0.00517939
v 0.00330593 0.04005243 -0.00517947
v 0.00360759 0.03831260 -0.00472105
v 0.00360759 0.03831260 -0.00472061
v 0.00360983 0.03828404 -0.00472061
v 0.00376634 0.03918375 -0.00472101
v 0.00376696 0.03918714 -0.00472061
v 0.00376803 0.03919075 -0.00472091
v 0.00381845 0.03936138 -0.00472091
v 0.00450726 0.02168885 -0.00907586
v 0.00439383 0.02311518 -0.00900398
v 0.00449576 0.03143097 -0.00472091
v 0.00449576 0.03143097 -0.00469091
v 0.00449280 0.03164745 -0.00472091
v 0.00449416 0.03162058 -0.00468959
v 0.00449866 0.03163730 -0.00469021
v 0.00521129 0.03163730 -0.00161986
v 0.00786347 0.02143796 -0.00472091
v 0.00786347 0.02143796 -0.00469091
v 0.00782900 0.02263971 -0.00469091
v 0.00753954 0.03164938 -0.00472091
v 0.00753954 0.03164938 -0.00469091
v 0.00774377 0.03165112 -0.00422592
v 0.00788863 0.03165565 -0.00378940
v 0.00800274 0.03165280 -0.00330733
v 0.00800319 0.03165383 -0.00330498
v 0.00814121 0.03160752 -0.00243286
v 0.00814111 0.03163820 -0.00243355
v 0.00816802 0.03164081 -0.00184843
v 0.00817872 0.03166783 -0.00160374
v 0.00437059 0.03786855 -0.00724239
v 0.00481250 0.03918492 -0.00692355
v 0.00567033 0.04085315 -0.00643887
v 0.00612636 0.04050443 -0.00636904
v 0.00595096 0.04108878 -0.00633002
v 0.00536829 0.04145636 -0.00639266
v 0.00656234 0.04181137 -0.00594135
v 0.00459441 0.03744357 -0.00160491
v 0.00459487 0.03743730 -0.00160460
v 0.00459459 0.03744094 -0.00157482
v 0.00459441 0.03744357 -0.00157491
v 0.00454365 0.03831208 -0.00160387
v 0.00454404 0.03831645 -0.00160569
v 0.00454573 0.03832181 -0.00160650
v 0.00454366 0.03831244 -0.00157374
v 0.00491937 0.03922145 -0.00160712
v 0.00491470 0.03921892 -0.00160710
v 0.00491937 0.03922145 -0.00157712
v 0.00491427 0.03921839 -0.00157696
v 0.00568739 0.03956062 -0.00160693
v 0.00568739 0.03956062 -0.00157693
v 0.00451650 0.04169851 -0.00472091
v 0.00454404 0.04280081 -0.00472091
v 0.00455247 0.04310076 -0.00472091
v 0.00455247 0.04310076 -0.00469091
v 0.00461369 0.04381122 -0.00472091
v 0.00461653 0.04384210 -0.00472160
v 0.00461783 0.04385491 -0.00472240
v 0.00462498 0.04390784 -0.00473265
v 0.00462498 0.04390784 -0.00470265
v 0.00463617 0.04395297 -0.00473404
v 0.00451050 0.04169386 -0.00425403
v 0.00451737 0.04168323 -0.00416860
v 0.00451571 0.04169335 -0.00418134
v 0.00451737 0.04171323 -0.00416860
v 0.00451571 0.04172335 -0.00418134
v 0.00451905 0.04356273 -0.00418033
v 0.00453898 0.04443779 -0.00418033
v 0.00484184 0.04472017 -0.00473355
v 0.00484184 0.04472017 -0.00470355
v 0.00488436 0.04486031 -0.00471465
v 0.00503299 0.04516355 -0.00482001
v 0.00499158 0.04518910 -0.00472091
v 0.00499881 0.04520534 -0.00472091
v 0.00499700 0.04520439 -0.00472091
v 0.00499672 0.04520534 -0.00472091
v 0.00483063 0.04539813 -0.00426651
v 0.00501167 0.04603115 -0.00403222
v 0.00517695 0.04410166 -0.00553625
v 0.00568719 0.04356129 -0.00574778
v 0.00568719 0.04412993 -0.00555062
v 0.00568719 0.04456663 -0.00534525
v 0.00568719 0.04529550 -0.00490780
v 0.00568719 0.04556568 -0.00472091
v 0.00568766 0.04573326 -0.00460451
v 0.00568766 0.04660531 -0.00371846
v 0.00487880 0.04168332 -0.00331360
v 0.00488133 0.04168333 -0.00331040
v 0.00487901 0.04171322 -0.00331318
v 0.00487999 0.04171322 -0.00331156
v 0.00488040 0.04171336 -0.00331098
v 0.00452270 0.04531224 -0.00330546
v 0.00453632 0.04618730 -0.00243060
v 0.00482831 0.04626838 -0.00338530
v 0.00502961 0.04682513 -0.00314691
v 0.00494092 0.04709479 -0.00238882
v 0.00451905 0.04618730 -0.00155574
v 0.00451909 0.04618770 -0.00149875
v 0.00471171 0.04706236 -0.00155574
v 0.00507711 0.04761190 -0.00155574
v 0.00556671 0.04168298 -0.00296976
v 0.00556671 0.04171298 -0.00296976
v 0.00568259 0.04168288 -0.00291784
v 0.00568259 0.04171288 -0.00291784
v 0.00568569 0.04171247 -0.00291674
v 0.00569160 0.04171276 -0.00291658
v 0.00568766 0.04691281 -0.00328084
v 0.00568766 0.04735004 -0.00254103
v 0.00519902 0.04752962 -0.00206909
v 0.00568766 0.04754583 -0.00210379
v 0.00568766 0.04771460 -0.00155574
v 0.00715777 0.04093483 -0.00563893
v 0.00767337 0.03503960 -0.00472091
v 0.00767337 0.03503960 -0.00469091
v 0.00788986 0.03487066 -0.00472091
v 0.00789087 0.04006169 -0.00464707
v 0.00787036 0.04033576 -0.00472091
v 0.00787062 0.04044004 -0.00472091
v 0.00787062 0.04044004 -0.00469713
v 0.00786938 0.04079985 -0.00472091
v 0.00786891 0.04093483 -0.00472091
v 0.00786880 0.04094429 -0.00472010
v 0.00790430 0.04093722 -0.00467026
v 0.00797817 0.03924624 -0.00423698
v 0.00655663 0.03951222 -0.00160725
v 0.00656227 0.03951180 -0.00160724
v 0.00655699 0.03951220 -0.00157725
v 0.00656227 0.03951180 -0.00157724
v 0.00669614 0.03948637 -0.00160724
v 0.00669614 0.03948637 -0.00157724
v 0.00817603 0.03743707 -0.00243063
v 0.00817827 0.03743707 -0.00160374
v 0.00817838 0.03743742 -0.00155541
v 0.00817072 0.03749740 -0.00160703
v 0.00813485 0.03831260 -0.00330543
v 0.00725139 0.03918011 -0.00160673
v 0.00726332 0.03916967 -0.00160668
v 0.00773083 0.03863779 -0.00160666
v 0.00773555 0.03863140 -0.00160658
v 0.00773466 0.03863274 -0.00157652
v 0.00802678 0.03817230 -0.00160733
v 0.00802669 0.03817265 -0.00160741
v 0.00802564 0.03817437 -0.00160704
v 0.00802564 0.03817437 -0.00157704
v 0.00621520 0.04407024 -0.00552701
v 0.00640972 0.04356129 -0.00561018
v 0.00652908 0.04439384 -0.00522767
v 0.00664844 0.04276958 -0.00571852
v 0.00712770 0.04181137 -0.00560402
v 0.00706984 0.04253396 -0.00555062
v 0.00684707 0.04356129 -0.00542175
v 0.00699741 0.04311831 -0.00549209
v 0.00656234 0.04513527 -0.00479485
v 0.00685320 0.04502850 -0.00472091
v 0.00684896 0.04503138 -0.00472091
v 0.00705889 0.04495189 -0.00466868
v 0.00711030 0.04475438 -0.00472091
v 0.00711039 0.04475199 -0.00472091
v 0.00656229 0.04557470 -0.00448065
v 0.00656229 0.04604977 -0.00404341
v 0.00656229 0.04648760 -0.00356886
v 0.00711503 0.04587379 -0.00386732
v 0.00756550 0.04181137 -0.00510291
v 0.00746437 0.04276330 -0.00506800
v 0.00735503 0.04356129 -0.00498431
v 0.00719239 0.04443468 -0.00480409
v 0.00725025 0.04443782 -0.00472091
v 0.00725056 0.04443899 -0.00472091
v 0.00785875 0.04181370 -0.00472091
v 0.00785889 0.04181137 -0.00472091
v 0.00785878 0.04181322 -0.00472091
v 0.00790206 0.04169851 -0.00466569
v 0.00790197 0.04181322 -0.00466495
v 0.00781151 0.04247112 -0.00472091
v 0.00781161 0.04247206 -0.00472091
v 0.00788968 0.04240660 -0.00464294
v 0.00790260 0.04170533 -0.00448908
v 0.00790210 0.04168545 -0.00447993
v 0.00774378 0.04168492 -0.00406180
v 0.00774378 0.04171492 -0.00406180
v 0.00767243 0.04444440 -0.00411504
v 0.00788536 0.04415732 -0.00378002
v 0.00727282 0.04527140 -0.00416764
v 0.00656314 0.04168294 -0.00296717
v 0.00656643 0.04168305 -0.00296840
v 0.00656229 0.04171287 -0.00296702
v 0.00656643 0.04171305 -0.00296840
v 0.00656229 0.04680170 -0.00313124
v 0.00652807 0.04723413 -0.00238583
v 0.00706089 0.04667738 -0.00294731
v 0.00621350 0.04753142 -0.00206424
v 0.00638723 0.04760229 -0.00155574
v 0.00682471 0.04741731 -0.00155574
v 0.00731237 0.04168354 -0.00337347
v 0.00731237 0.04171354 -0.00337347
v 0.00731525 0.04168482 -0.00337694
v 0.00731525 0.04171482 -0.00337694
v 0.00727348 0.04617409 -0.00326555
v 0.00719210 0.04681131 -0.00243060
v 0.00770631 0.04531224 -0.00330546
v 0.00767143 0.04612184 -0.00243508
v 0.00734889 0.04698008 -0.00155574
v 0.00788536 0.04578671 -0.00214669
v 0.00788536 0.04578671 -0.00194113
v 0.00001630 0.02160210 0.00393387
v 0.00001630 0.02160209 0.00393386
v 0.00001630 0.02184556 0.00456953
v 0.00001630 0.02184985 0.00458238
v 0.00001617 0.02184887 0.00542656
v 0.00001617 0.02182803 0.00631921
v 0.00001630 0.02177292 0.00718119
v 0.00001631 0.02176912 0.00719405
v 0.00001625 0.02165838 0.00747111
v 0.00001634 0.02154630 0.00774881
v 0.00001632 0.02154650 0.00774868
v 0.00106522 0.02956161 0.00456953
v 0.00151429 0.03043783 0.00396326
v 0.00125838 0.03043783 0.00456953
v 0.00164795 0.03096144 0.00404372
v 0.00159701 0.03100367 0.00456953
v 0.00102569 0.02956161 0.00544380
v 0.00124289 0.03043783 0.00544380
v 0.00102569 0.02956161 0.00628921
v 0.00102569 0.02956161 0.00631921
v 0.00124982 0.03043783 0.00631921
v 0.00160842 0.03099734 0.00631921
v 0.00106074 0.02956161 0.00719405
v 0.00142260 0.02956161 0.00788588
v 0.00128650 0.03043783 0.00719405
v 0.00162594 0.03098045 0.00719405
v 0.00153548 0.03043783 0.00780655
v 0.00167770 0.03093399 0.00769946
v 0.00218707 0.02124919 0.00817654
v 0.00218707 0.02256246 0.00820884
v 0.00218707 0.02431277 0.00822981
v 0.00306239 0.02168624 0.00818788
v 0.00306239 0.02256246 0.00820884
v 0.00306239 0.02343656 0.00822187
v 0.00218707 0.02518688 0.00823151
v 0.00218707 0.02606098 0.00822584
v 0.00218707 0.02693719 0.00821451
v 0.00218707 0.02781130 0.00819468
v 0.00306239 0.02474982 0.00823094
v 0.00306239 0.02518688 0.00823207
v 0.00306239 0.02606098 0.00822471
v 0.00306239 0.02693719 0.00821281
v 0.00393729 0.02168624 0.00813688
v 0.00393729 0.02256246 0.00816748
v 0.00393729 0.02431277 0.00820827
v 0.00393729 0.02518688 0.00821394
v 0.00393729 0.02693719 0.00820374
v 0.00393729 0.02781130 0.00819298
v 0.00218707 0.03105223 0.00396779
v 0.00218707 0.03124226 0.00456953
v 0.00218707 0.03124648 0.00544380
v 0.00306239 0.03135205 0.00456953
v 0.00306239 0.03136683 0.00544380
v 0.00218707 0.03123381 0.00631921
v 0.00218707 0.02956161 0.00813745
v 0.00218707 0.03119158 0.00719405
v 0.00218707 0.03101634 0.00778162
v 0.00218707 0.03043783 0.00802753
v 0.00306239 0.03106912 0.00782922
v 0.00306239 0.03043783 0.00807286
v 0.00306239 0.03134571 0.00631921
v 0.00306239 0.03129926 0.00719405
v 0.00393729 0.02868751 0.00816861
v 0.00393729 0.02956161 0.00813575
v 0.00393729 0.03043783 0.00807172
v 0.00416466 0.02389625 0.00245610
v 0.00413958 0.02518561 0.00244362
v 0.00413493 0.02568759 0.00244362
v 0.00413535 0.02606228 0.00244362
v 0.00414158 0.02693719 0.00244362
v 0.00416060 0.02779550 0.00244362
v 0.00416142 0.02781706 0.00244390
v 0.00416252 0.02782825 0.00244473
v 0.00416475 0.02783830 0.00244885
v 0.00427604 0.02840264 0.00244736
v 0.00429774 0.02848125 0.00244362
v 0.00520128 0.03163730 0.00241065
v 0.00520145 0.03163687 0.00244362
v 0.00516837 0.03195583 0.00244362
v 0.00516526 0.03202810 0.00244323
v 0.00516526 0.03202810 0.00247323
v 0.00519424 0.03214438 0.00244323
v 0.00521070 0.03216288 0.00244323
v 0.00519424 0.03214438 0.00247323
v 0.00519958 0.03215235 0.00247323
v 0.00817569 0.02255248 0.00244362
v 0.00817770 0.02343801 0.00281996
v 0.00818085 0.02431117 0.00281996
v 0.00416466 0.02453895 0.00818204
v 0.00481266 0.02168733 0.00795195
v 0.00481266 0.02343801 0.00804702
v 0.00481266 0.02431117 0.00808528
v 0.00481266 0.02518651 0.00810778
v 0.00481266 0.02693720 0.00813309
v 0.00481266 0.02781254 0.00813759
v 0.00543392 0.02168733 0.00772413
v 0.00549841 0.02256267 0.00775394
v 0.00593565 0.02256267 0.00752387
v 0.00600092 0.02343801 0.00756212
v 0.00606423 0.02431117 0.00759756
v 0.00562659 0.02431117 0.00780795
v 0.00610473 0.02493548 0.00762006
v 0.00613343 0.02551831 0.00763750
v 0.00568754 0.02693720 0.00789458
v 0.00568754 0.02781254 0.00792045
v 0.00416466 0.03116133 0.00386908
v 0.00416466 0.03115963 0.00386789
v 0.00416466 0.03134596 0.00433447
v 0.00416427 0.03134488 0.00433376
v 0.00416564 0.03142172 0.00456953
v 0.00416427 0.03142131 0.00456826
v 0.00502319 0.03216287 0.00455904
v 0.00502313 0.03216365 0.00457071
v 0.00502313 0.03216363 0.00457404
v 0.00416466 0.03143137 0.00513153
v 0.00416516 0.03143439 0.00544368
v 0.00416466 0.03143075 0.00558843
v 0.00503205 0.03216352 0.00541313
v 0.00503259 0.03216367 0.00544542
v 0.00503280 0.03216376 0.00544698
v 0.00416466 0.03082751 0.00791721
v 0.00416633 0.03116481 0.00765680
v 0.00416819 0.03115297 0.00767813
v 0.00416466 0.03106501 0.00782540
v 0.00416532 0.03106572 0.00782468
v 0.00481266 0.02868788 0.00812578
v 0.00481266 0.02956104 0.00810496
v 0.00481266 0.03106069 0.00781751
v 0.00481266 0.03043638 0.00804871
v 0.00416466 0.03142154 0.00600203
v 0.00416497 0.03137532 0.00693323
v 0.00416427 0.03137527 0.00693398
v 0.00416427 0.03134010 0.00717218
v 0.00416466 0.03134010 0.00717678
v 0.00568754 0.02868788 0.00793058
v 0.00568754 0.02956104 0.00793395
v 0.00613422 0.03088606 0.00763975
v 0.00568754 0.03043638 0.00787770
v 0.00568754 0.03097119 0.00772582
v 0.00514886 0.03216393 0.00628546
v 0.00514741 0.03219337 0.00628069
v 0.00526546 0.03216410 0.00666038
v 0.00526821 0.03216472 0.00666595
v 0.00526853 0.03216454 0.00666646
v 0.00526853 0.03219454 0.00666646
v 0.00564020 0.03216673 0.00688775
v 0.00564052 0.03216503 0.00688782
v 0.00814546 0.02518651 0.00369470
v 0.00815372 0.02606185 0.00369470
v 0.00804676 0.02781254 0.00456944
v 0.00788516 0.02624085 0.00502903
v 0.00789735 0.02693720 0.00505603
v 0.00791111 0.02781254 0.00508697
v 0.00767715 0.02781254 0.00552406
v 0.00640632 0.02168733 0.00704684
v 0.00686519 0.02256267 0.00650118
v 0.00688052 0.02343801 0.00653493
v 0.00642755 0.02256267 0.00708622
v 0.00618848 0.02693720 0.00767519
v 0.00621561 0.02781254 0.00769431
v 0.00817102 0.02956104 0.00369470
v 0.00806131 0.02868788 0.00456944
v 0.00808294 0.03043638 0.00456944
v 0.00792173 0.02868788 0.00511228
v 0.00769485 0.02868788 0.00554881
v 0.00793745 0.03043638 0.00514941
v 0.00771529 0.03043638 0.00558650
v 0.00817613 0.03131172 0.00369470
v 0.00809080 0.03131172 0.00456944
v 0.00809663 0.03216673 0.00456958
v 0.00810165 0.03393894 0.00456958
v 0.00794256 0.03131172 0.00516235
v 0.00794635 0.03216524 0.00517051
v 0.00772771 0.03216524 0.00560451
v 0.00772309 0.03218960 0.00561187
v 0.00794965 0.03393894 0.00517175
v 0.00772737 0.03306401 0.00561224
v 0.00772164 0.03393894 0.00560918
v 0.00623252 0.02868788 0.00770557
v 0.00624432 0.02956104 0.00771288
v 0.00619399 0.03043638 0.00768025
v 0.00635284 0.03216524 0.00690789
v 0.00637250 0.03216524 0.00690283
v 0.00635287 0.03306401 0.00687427
v 0.00631630 0.03393894 0.00685067
v 0.00679992 0.03216673 0.00663742
v 0.00679024 0.03306401 0.00661950
v 0.00675368 0.03393894 0.00660727
v 0.00730181 0.03219383 0.00616995
v 0.00728892 0.03218909 0.00618688
v 0.00727745 0.03216673 0.00619824
v 0.00727766 0.03216524 0.00619854
v 0.00729000 0.03306401 0.00618208
v 0.00728390 0.03393894 0.00616940
v 0.00461568 0.03723604 0.00244323
v 0.00453017 0.03831208 0.00244323
v 0.00452701 0.03831357 0.00281943
v 0.00454339 0.03881129 0.00244323
v 0.00453192 0.03941259 0.00244406
v 0.00483595 0.03975799 0.00244406
v 0.00485325 0.03979568 0.00244323
v 0.00495403 0.03995561 0.00244323
v 0.00568739 0.04035412 0.00244323
v 0.00574386 0.04035071 0.00244406
v 0.00451903 0.04618031 -0.00091484
v 0.00451905 0.04618021 -0.00091473
v 0.00451905 0.04618021 -0.00088473
v 0.00451988 0.04619629 -0.00090924
v 0.00455629 0.04594731 -0.00091505
v 0.00455471 0.04595341 -0.00091429
v 0.00456369 0.04666933 -0.00096218
v 0.00458518 0.04686176 -0.00090924
v 0.00460012 0.04706215 -0.00068047
v 0.00484785 0.04525221 -0.00091469
v 0.00484785 0.04525221 -0.00088469
v 0.00494112 0.04509221 -0.00091484
v 0.00494205 0.04509073 -0.00091524
v 0.00494205 0.04509073 -0.00088524
v 0.00462922 0.04706215 -0.00090924
v 0.00499499 0.04767457 -0.00090924
v 0.00496555 0.04769682 -0.00068047
v 0.00458589 0.04706215 0.00019459
v 0.00495133 0.04771361 0.00019459
v 0.00463815 0.04706215 0.00106933
v 0.00500392 0.04766702 0.00106933
v 0.00511546 0.04492500 -0.00091484
v 0.00511747 0.04492365 -0.00091482
v 0.00511747 0.04492365 -0.00088482
v 0.00524213 0.04484557 -0.00091483
v 0.00524213 0.04484557 -0.00088483
v 0.00524660 0.04484402 -0.00088471
v 0.00568750 0.04481405 -0.00091481
v 0.00568750 0.04481405 -0.00088481
v 0.00568474 0.04783344 -0.00090924
v 0.00568750 0.04787605 -0.00068047
v 0.00568750 0.04791173 0.00019459
v 0.00568750 0.04782316 0.00106933
v 0.00476018 0.04444753 0.00244362
v 0.00507601 0.04383050 0.00244362
v 0.00452074 0.04618740 0.00194439
v 0.00488089 0.04714191 0.00201003
v 0.00454312 0.04530396 0.00244406
v 0.00454033 0.04533817 0.00242905
v 0.00454092 0.04531264 0.00244362
v 0.00451876 0.04531149 0.00281943
v 0.00455575 0.04614737 0.00243082
v 0.00455739 0.04618450 0.00244362
v 0.00455748 0.04618642 0.00244406
v 0.00458508 0.04618642 0.00281943
v 0.00451876 0.04479921 0.00333193
v 0.00491813 0.04702110 0.00244406
v 0.00491826 0.04702228 0.00244362
v 0.00495040 0.04691825 0.00281943
v 0.00509201 0.04673791 0.00341243
v 0.00541863 0.04366973 0.00244362
v 0.00568750 0.04362356 0.00244362
v 0.00512000 0.04757971 0.00176222
v 0.00568750 0.04761875 0.00186233
v 0.00568750 0.04746806 0.00229986
v 0.00544464 0.04729576 0.00244406
v 0.00548793 0.04731774 0.00244406
v 0.00568748 0.04739223 0.00244333
v 0.00568728 0.04739216 0.00244406
v 0.00568748 0.04739223 0.00244406
v 0.00568748 0.04719251 0.00281943
v 0.00568748 0.04678709 0.00348016
v 0.00656227 0.04028841 0.00244323
v 0.00666878 0.04023977 0.00244323
v 0.00818088 0.03743742 0.00244406
v 0.00818088 0.03743864 0.00269431
v 0.00723059 0.03988307 0.00244323
v 0.00781170 0.03911422 0.00244323
v 0.00809332 0.03831721 0.00244323
v 0.00794608 0.03891369 0.00244323
v 0.00655587 0.04485156 -0.00091484
v 0.00656229 0.04485214 -0.00091471
v 0.00656229 0.04485214 -0.00088471
v 0.00655920 0.04485182 -0.00088476
v 0.00663136 0.04765442 -0.00069393
v 0.00713182 0.04505708 -0.00091491
v 0.00712726 0.04505468 -0.00091484
v 0.00712726 0.04505468 -0.00088484
v 0.00713170 0.04505696 -0.00088489
v 0.00688898 0.04752487 -0.00092336
v 0.00688898 0.04752487 -0.00089336
v 0.00696921 0.04748457 -0.00099501
v 0.00707096 0.04739310 -0.00092191
v 0.00707096 0.04739310 -0.00089191
v 0.00702491 0.04751800 -0.00041132
v 0.00656224 0.04772032 0.00019459
v 0.00659928 0.04763176 0.00102501
v 0.00703086 0.04752262 0.00019459
v 0.00701598 0.04751171 0.00070401
v 0.00731599 0.04528572 -0.00091456
v 0.00731599 0.04528572 -0.00088456
v 0.00741383 0.04703739 -0.00090924
v 0.00741389 0.04703724 -0.00090957
v 0.00743929 0.04706006 -0.00065749
v 0.00776077 0.04621510 -0.00091472
v 0.00776166 0.04621731 -0.00091481
v 0.00776163 0.04621724 -0.00091479
v 0.00776145 0.04622394 -0.00090957
v 0.00776239 0.04622019 -0.00088740
v 0.00776367 0.04623171 -0.00089806
v 0.00788111 0.04660525 -0.00032010
v 0.00788112 0.04663527 -0.00032007
v 0.00746839 0.04707097 0.00019459
v 0.00742242 0.04704285 0.00096232
v 0.00788013 0.04663359 0.00019459
v 0.00787550 0.04662604 0.00063803
v 0.00656224 0.04370667 0.00244362
v 0.00705732 0.04390395 0.00244362
v 0.00633206 0.04757845 0.00172546
v 0.00659928 0.04736479 0.00198804
v 0.00691544 0.04745924 0.00128694
v 0.00660956 0.04692571 0.00287318
v 0.00660457 0.04713897 0.00244362
v 0.00660620 0.04713789 0.00244406
v 0.00634964 0.04672747 0.00339888
v 0.00714660 0.04676026 0.00261711
v 0.00693257 0.04658587 0.00320049
v 0.00718861 0.04403324 0.00244362
v 0.00794957 0.04423679 0.00244406
v 0.00729444 0.04691524 0.00194439
v 0.00762548 0.04489541 0.00244362
v 0.00747499 0.04619387 0.00283386
v 0.00721973 0.04600308 0.00354222
v 0.00718464 0.04680065 0.00244362
v 0.00718460 0.04680051 0.00244406
v 0.00789667 0.04556658 0.00244362
v 0.00789733 0.04580249 0.00244362
v 0.00789730 0.04580253 0.00244362
v 0.00789733 0.04578630 0.00244406
v 0.00789730 0.04580187 0.00245553
v 0.00789730 0.04580187 0.00246722
v 0.00789480 0.04495228 0.00332110
v 0.00780302 0.04553507 0.00305060
v 0.00459333 0.03743864 0.00544400
v 0.00451876 0.03918850 0.00369473
v 0.00452665 0.03831357 0.00456958
v 0.00451876 0.03918850 0.00456958
v 0.00453095 0.03831357 0.00544400
v 0.00454027 0.03918850 0.00544400
v 0.00457576 0.04006193 0.00544400
v 0.00463563 0.04093686 0.00544400
v 0.00497693 0.03739095 0.00638659
v 0.00489268 0.03831357 0.00623714
v 0.00490595 0.03918850 0.00617421
v 0.00494144 0.04006193 0.00610954
v 0.00500095 0.04093686 0.00604486
v 0.00523398 0.03656372 0.00676633
v 0.00523290 0.03706751 0.00676590
v 0.00526290 0.03706751 0.00676590
v 0.00532862 0.03706751 0.00676590
v 0.00613311 0.03615979 0.00675978
v 0.00564733 0.03739095 0.00668724
v 0.00591191 0.03674258 0.00673050
v 0.00568748 0.03918850 0.00644646
v 0.00568748 0.03831357 0.00656488
v 0.00568748 0.04093686 0.00619650
v 0.00451876 0.04268671 0.00456958
v 0.00451876 0.04440921 0.00370840
v 0.00453059 0.04356164 0.00456958
v 0.00464460 0.04443656 0.00456958
v 0.00471916 0.04181178 0.00544400
v 0.00501027 0.04443656 0.00520453
v 0.00489627 0.04356164 0.00537627
v 0.00456931 0.04531149 0.00369473
v 0.00490308 0.04619983 0.00370041
v 0.00494287 0.04528615 0.00457919
v 0.00507373 0.04591664 0.00429384
v 0.00568748 0.04302804 0.00586438
v 0.00568748 0.04356164 0.00571930
v 0.00568748 0.04443656 0.00538413
v 0.00568748 0.04599414 0.00436507
v 0.00568748 0.04643235 0.00391759
v 0.00515797 0.04497762 0.00506469
v 0.00568748 0.04502084 0.00509178
v 0.00568748 0.04545756 0.00480206
v 0.00508484 0.04181178 0.00598019
v 0.00517160 0.04251828 0.00592556
v 0.00568748 0.04258983 0.00593780
v 0.00701216 0.04055976 0.00589060
v 0.00691680 0.04114255 0.00584297
v 0.00810094 0.03481387 0.00456958
v 0.00809807 0.03568879 0.00456958
v 0.00817694 0.03743864 0.00369473
v 0.00807907 0.03743864 0.00456958
v 0.00766392 0.03656372 0.00557029
v 0.00763309 0.03743864 0.00554626
v 0.00794893 0.03481387 0.00516433
v 0.00794642 0.03568879 0.00515253
v 0.00770945 0.03481387 0.00560175
v 0.00769081 0.03568879 0.00558995
v 0.00793997 0.03656372 0.00513286
v 0.00793029 0.03743864 0.00510883
v 0.00817443 0.03831357 0.00369473
v 0.00806114 0.03831357 0.00456958
v 0.00803712 0.03918850 0.00456958
v 0.00798872 0.04003659 0.00464081
v 0.00759365 0.03831357 0.00551435
v 0.00754346 0.03918850 0.00547634
v 0.00732836 0.04088618 0.00550867
v 0.00755708 0.04003659 0.00536184
v 0.00791451 0.03831357 0.00507693
v 0.00789372 0.03918850 0.00503891
v 0.00788010 0.03972806 0.00501575
v 0.00786325 0.04031084 0.00497904
v 0.00626253 0.03481387 0.00682052
v 0.00618509 0.03568879 0.00678338
v 0.00662210 0.03568879 0.00656138
v 0.00656223 0.03743864 0.00642854
v 0.00669990 0.03481387 0.00658760
v 0.00656223 0.03831357 0.00633939
v 0.00656223 0.04006193 0.00613357
v 0.00659988 0.04088618 0.00600815
v 0.00715592 0.03831357 0.00601209
v 0.00710573 0.03918850 0.00596620
v 0.00704872 0.04006193 0.00591901
v 0.00727207 0.03481387 0.00615018
v 0.00725343 0.03568879 0.00612352
v 0.00722654 0.03656372 0.00608900
v 0.00719535 0.03743864 0.00605229
v 0.00652782 0.04271056 0.00573722
v 0.00655399 0.04442911 0.00518617
v 0.00656223 0.04356164 0.00551130
v 0.00678522 0.04181178 0.00578835
v 0.00707275 0.04413399 0.00506688
v 0.00662318 0.04535322 0.00460367
v 0.00640629 0.04590918 0.00428117
v 0.00698957 0.04574225 0.00412516
v 0.00666943 0.04624753 0.00376202
v 0.00625751 0.04496420 0.00506207
v 0.00684043 0.04471678 0.00492529
v 0.00742623 0.04438291 0.00454205
v 0.00788942 0.04404903 0.00415881
v 0.00729179 0.04268671 0.00527751
v 0.00735453 0.04181178 0.00535092
v 0.00718316 0.04356164 0.00516826
v 0.00749972 0.04534726 0.00372313
v 0.00719607 0.04515797 0.00434278
v 0.00777936 0.04463182 0.00390448
v 0.00634821 0.04181178 0.00596358
v 0.00621377 0.04243482 0.00591245
f 1 3 4
f 1 4 2
f 1 2 6
f 1 5 3
f 3 5 410
f 3 410 4
f 1 6 67
f 6 136 69
f 1 67 5
f 10 48 23
f 10 40 48
f 10 23 25
f 9 24 26
f 9 26 195
f 195 10 9
f 9 25 24
f 10 25 9
f 10 195 197
f 10 11 44
f 197 196 11
f 10 197 11
f 22 202 26
f 12 201 22
f 12 203 201
f 14 204 203
f 12 13 203
f 13 14 203
f 14 15 204
f 15 248 204
f 23 18 17
f 23 17 16
f 19 17 18
f 23 48 30
f 18 30 7
f 18 23 30
f 18 7 19
f 13 19 21
f 13 21 20
f 21 50 49
f 19 7 8
f 8 35 50
f 19 8 21
f 21 8 50
f 16 22 24
f 24 23 16
f 23 24 25
f 16 17 22
f 12 17 19
f 12 22 17
f 24 22 26
f 12 19 13
f 13 20 14
f 14 20 15
f 15 20 21
f 15 21 49
f 27 39 38
f 27 28 39
f 27 45 28
f 28 426 39
f 29 30 48
f 7 30 33
f 30 31 33
f 29 31 30
f 32 36 33
f 31 38 32
f 29 38 31
f 27 29 48
f 27 38 29
f 31 32 33
f 8 33 34
f 7 33 8
f 8 34 35
f 33 37 34
f 33 36 37
f 34 37 58
f 34 58 35
f 32 38 39
f 32 39 36
f 40 41 48
f 40 44 41
f 27 48 41
f 41 44 42
f 43 46 42
f 43 224 46
f 10 44 40
f 11 43 44
f 43 11 225
f 43 42 44
f 42 47 45
f 45 47 431
f 27 41 45
f 41 42 45
f 28 45 431
f 42 46 47
f 46 226 47
f 226 432 47
f 15 51 248
f 35 62 50
f 50 62 55
f 55 62 63
f 50 51 49
f 15 49 51
f 50 55 51
f 51 55 52
f 53 52 55
f 52 53 54
f 53 251 54
f 53 56 251
f 56 252 251
f 55 63 56
f 56 63 65
f 53 55 56
f 56 256 252
f 56 57 256
f 57 257 256
f 57 268 257
f 35 59 63
f 35 58 59
f 37 450 58
f 58 60 59
f 58 450 60
f 59 60 61
f 60 451 61
f 59 61 80
f 136 146 69
f 146 147 70
f 6 69 67
f 5 74 76
f 5 76 78
f 5 78 79
f 5 67 74
f 35 63 62
f 59 64 63
f 63 64 65
f 64 71 65
f 64 72 71
f 56 65 66
f 56 66 57
f 57 269 268
f 57 66 269
f 66 270 269
f 66 68 270
f 68 67 69
f 68 69 271
f 70 271 69
f 65 71 66
f 66 71 73
f 71 74 73
f 68 73 74
f 66 73 68
f 68 74 67
f 59 75 64
f 59 77 75
f 77 59 79
f 79 59 80
f 64 75 72
f 71 72 76
f 76 74 71
f 72 75 76
f 61 453 80
f 75 77 78
f 76 75 78
f 77 79 78
f 70 69 146
f 70 150 271
f 150 189 271
f 394 271 189
f 83 89 96
f 82 83 86
f 83 96 92
f 83 84 85
f 81 83 85
f 82 84 83
f 82 85 84
f 82 98 85
f 89 88 96
f 89 90 88
f 92 96 91
f 83 92 86
f 91 93 94
f 91 94 86
f 94 87 86
f 94 102 87
f 92 91 86
f 95 102 94
f 95 124 102
f 93 95 94
f 91 96 88
f 82 114 100
f 100 324 325
f 100 325 329
f 82 97 98
f 82 100 97
f 97 101 98
f 99 330 134
f 97 100 101
f 98 101 330
f 100 329 101
f 101 329 330
f 98 330 99
f 134 330 333
f 134 333 334
f 334 336 134
f 134 336 335
f 86 87 104
f 87 102 105
f 86 104 107
f 87 105 104
f 106 102 124
f 105 102 106
f 106 124 110
f 86 107 114
f 104 108 107
f 86 114 103
f 82 103 114
f 104 105 108
f 106 109 108
f 105 106 108
f 106 110 109
f 110 124 125
f 110 125 112
f 112 125 113
f 109 112 111
f 109 110 112
f 112 113 111
f 113 120 111
f 113 121 120
f 107 337 115
f 107 116 337
f 115 340 114
f 116 117 337
f 117 118 337
f 118 352 337
f 107 108 116
f 107 115 114
f 108 109 117
f 108 117 116
f 109 111 117
f 117 111 118
f 100 114 348
f 100 348 349
f 100 349 324
f 118 119 352
f 119 122 352
f 122 123 352
f 123 353 352
f 111 120 119
f 111 119 118
f 120 121 123
f 119 120 122
f 120 123 122
f 123 807 353
f 82 86 103
f 89 126 151
f 126 156 153
f 126 153 151
f 83 126 89
f 81 126 83
f 81 129 126
f 81 130 129
f 129 142 128
f 126 155 156
f 126 127 155
f 127 128 155
f 126 129 127
f 127 129 128
f 142 130 131
f 129 130 142
f 81 85 130
f 85 132 130
f 85 98 132
f 99 134 132
f 131 132 138
f 130 132 131
f 147 132 133
f 133 135 148
f 132 135 133
f 132 134 135
f 136 137 147
f 138 147 137
f 2 4 139
f 4 140 139
f 140 141 139
f 2 139 136
f 4 412 140
f 140 412 145
f 141 142 139
f 140 143 141
f 137 139 142
f 140 145 143
f 145 144 143
f 2 136 6
f 136 139 137
f 138 137 142
f 128 142 141
f 128 141 143
f 143 144 128
f 144 154 155
f 128 144 155
f 144 164 154
f 165 164 499
f 138 142 131
f 144 145 164
f 145 499 164
f 165 499 166
f 136 147 146
f 132 147 138
f 133 148 147
f 135 149 148
f 135 150 149
f 90 151 152
f 151 153 152
f 89 151 90
f 154 156 155
f 154 157 156
f 154 158 157
f 157 158 159
f 154 164 167
f 159 158 160
f 159 160 161
f 162 161 163
f 162 163 809
f 164 165 168
f 165 166 168
f 98 99 132
f 134 335 171
f 135 134 182
f 134 169 182
f 134 171 169
f 171 170 169
f 169 170 184
f 170 172 186
f 172 176 187
f 171 172 170
f 171 173 172
f 172 173 176
f 173 174 176
f 174 175 177
f 174 177 176
f 175 178 177
f 178 179 177
f 179 193 177
f 176 177 192
f 171 335 173
f 173 335 174
f 174 370 175
f 175 370 178
f 148 70 147
f 148 149 70
f 70 149 150
f 150 180 181
f 181 180 182
f 181 182 184
f 181 184 183
f 183 184 185
f 150 181 189
f 185 184 186
f 185 186 188
f 188 186 187
f 135 180 150
f 135 182 180
f 169 184 182
f 170 186 184
f 172 187 186
f 176 192 187
f 181 190 189
f 181 398 190
f 181 183 398
f 183 399 398
f 189 395 394
f 189 396 395
f 190 396 189
f 190 397 396
f 190 398 397
f 183 400 399
f 183 185 400
f 185 188 402
f 188 187 192
f 188 192 191
f 188 191 403
f 185 402 400
f 188 401 402
f 188 404 401
f 188 403 404
f 191 405 403
f 191 406 405
f 192 177 509
f 177 193 513
f 178 372 179
f 513 193 822
f 26 202 194
f 194 202 216
f 194 205 208
f 194 216 205
f 200 223 225
f 199 200 196
f 26 198 195
f 26 194 198
f 195 198 197
f 197 198 196
f 198 199 196
f 194 199 198
f 196 200 11
f 11 200 225
f 200 207 223
f 199 210 200
f 199 194 210
f 194 208 211
f 194 211 210
f 200 210 209
f 200 209 207
f 22 201 202
f 201 215 202
f 201 203 215
f 203 204 217
f 204 248 258
f 203 217 215
f 202 215 216
f 204 218 217
f 204 258 218
f 205 206 208
f 205 216 206
f 206 216 220
f 207 209 212
f 211 209 210
f 208 213 211
f 211 213 209
f 207 212 235
f 209 213 214
f 206 213 208
f 213 273 214
f 209 214 212
f 215 217 219
f 215 220 216
f 217 218 221
f 217 221 219
f 215 219 220
f 218 222 221
f 218 262 222
f 225 223 43
f 223 224 43
f 223 228 224
f 207 233 223
f 223 233 228
f 228 233 234
f 226 46 228
f 46 224 228
f 226 228 227
f 226 227 432
f 228 234 237
f 228 237 238
f 227 228 567
f 228 238 567
f 229 231 230
f 231 232 230
f 231 241 232
f 232 241 242
f 207 235 233
f 233 235 234
f 234 235 236
f 234 236 239
f 235 293 236
f 234 239 237
f 237 239 238
f 238 240 567
f 238 239 240
f 236 293 239
f 239 293 240
f 241 243 242
f 242 243 244
f 243 245 244
f 245 247 244
f 245 246 247
f 51 249 248
f 248 249 258
f 249 250 258
f 250 259 258
f 250 260 259
f 51 52 249
f 54 250 52
f 54 251 255
f 251 252 253
f 251 253 254
f 254 255 251
f 249 52 250
f 250 54 255
f 250 255 264
f 250 264 260
f 252 394 253
f 252 256 394
f 253 396 254
f 254 397 255
f 255 397 264
f 264 397 266
f 218 258 262
f 259 260 261
f 258 259 263
f 259 261 263
f 258 263 262
f 261 302 263
f 262 263 302
f 260 264 261
f 261 264 266
f 261 266 302
f 265 302 266
f 265 267 302
f 268 269 271
f 269 270 271
f 68 271 270
f 256 257 394
f 257 268 394
f 268 271 394
f 253 394 395
f 253 395 396
f 254 396 397
f 266 397 407
f 206 272 213
f 206 220 272
f 212 277 287
f 273 277 214
f 213 272 273
f 273 275 277
f 276 277 275
f 272 274 273
f 272 278 274
f 274 278 275
f 276 275 278
f 276 278 282
f 273 274 275
f 212 214 277
f 276 289 277
f 276 291 289
f 276 282 291
f 282 290 291
f 219 272 220
f 219 279 278
f 219 278 272
f 219 221 279
f 221 280 279
f 279 280 284
f 221 222 281
f 221 281 280
f 222 300 281
f 281 286 280
f 278 279 282
f 282 279 283
f 283 279 284
f 284 280 285
f 285 280 286
f 281 305 286
f 290 282 283
f 284 290 283
f 290 284 285
f 315 285 286
f 212 287 235
f 277 289 287
f 287 289 288
f 235 287 293
f 288 289 292
f 287 288 294
f 289 291 292
f 291 290 292
f 290 285 292
f 287 294 293
f 288 292 611
f 240 293 294
f 240 294 568
f 288 611 294
f 292 285 616
f 296 295 285
f 296 297 622
f 295 296 622
f 622 297 298
f 298 297 299
f 246 298 247
f 298 299 247
f 295 616 285
f 222 262 301
f 222 301 300
f 262 302 301
f 281 300 305
f 267 308 302
f 267 303 308
f 300 301 305
f 301 302 306
f 302 308 306
f 301 306 305
f 303 304 308
f 304 309 308
f 308 307 306
f 308 310 307
f 308 309 310
f 307 310 311
f 310 309 311
f 306 307 313
f 311 312 307
f 305 313 286
f 305 306 313
f 307 312 314
f 307 314 313
f 304 317 309
f 309 317 311
f 304 303 322
f 265 266 407
f 265 407 267
f 267 322 303
f 304 319 317
f 311 317 316
f 313 315 286
f 313 314 315
f 311 321 312
f 312 321 314
f 311 316 320
f 311 320 321
f 314 321 315
f 318 319 1606
f 317 319 318
f 317 318 316
f 318 1606 316
f 304 322 319
f 267 323 322
f 267 407 323
f 319 322 1607
f 324 327 325
f 325 326 329
f 325 327 328
f 325 328 326
f 326 328 331
f 331 328 386
f 326 331 329
f 329 332 330
f 329 331 332
f 330 332 333
f 335 369 370
f 174 335 370
f 386 332 331
f 386 333 332
f 334 333 386
f 334 386 336
f 336 1720 335
f 114 342 348
f 342 114 343
f 115 337 340
f 339 114 340
f 339 343 114
f 349 348 342
f 337 352 338
f 337 338 344
f 337 344 340
f 344 338 346
f 338 352 346
f 340 359 339
f 349 342 341
f 349 341 357
f 349 357 350
f 350 357 351
f 341 342 343
f 341 343 356
f 343 339 356
f 341 356 357
f 340 344 345
f 345 344 346
f 340 345 359
f 345 346 359
f 346 347 359
f 359 347 365
f 324 349 350
f 324 350 327
f 327 350 351
f 358 327 351
f 328 327 358
f 346 352 353
f 353 981 354
f 346 355 347
f 353 355 346
f 353 354 355
f 354 981 355
f 347 355 366
f 339 363 356
f 356 360 357
f 351 357 361
f 351 361 358
f 339 359 363
f 359 365 364
f 356 363 360
f 361 362 358
f 357 360 361
f 359 364 363
f 364 365 367
f 328 358 362
f 347 366 365
f 365 366 367
f 355 988 366
f 366 988 367
f 367 988 368
f 369 371 370
f 370 371 372
f 178 370 372
f 335 391 369
f 371 369 393
f 360 363 375
f 360 373 361
f 360 375 373
f 361 374 362
f 363 364 376
f 363 376 375
f 364 377 376
f 381 374 361
f 361 373 381
f 362 374 1715
f 362 382 328
f 328 382 385
f 336 386 1720
f 364 367 378
f 364 378 377
f 367 379 378
f 367 368 379
f 368 380 379
f 368 1016 380
f 373 375 383
f 373 383 381
f 381 1711 374
f 1715 1714 362
f 362 1714 382
f 375 376 384
f 375 384 383
f 376 387 384
f 381 383 1711
f 383 384 1718
f 384 387 1718
f 328 385 1719
f 386 328 1719
f 376 377 387
f 377 378 387
f 378 388 387
f 378 379 388
f 379 380 388
f 388 380 389
f 1023 389 380
f 388 1721 387
f 389 1722 388
f 1722 389 1023
f 1720 390 335
f 335 390 391
f 369 391 392
f 369 392 1733
f 369 1733 393
f 390 1732 391
f 391 1732 392
f 403 405 406
f 397 398 408
f 398 399 408
f 399 400 408
f 400 402 408
f 402 401 408
f 401 404 409
f 403 409 404
f 403 406 409
f 407 397 408
f 401 409 408
f 323 407 1795
f 407 408 1795
f 408 409 1794
f 5 411 410
f 4 410 412
f 410 411 413
f 410 413 415
f 410 415 412
f 411 420 413
f 413 414 415
f 412 415 416
f 416 417 412
f 415 418 416
f 414 418 415
f 5 463 411
f 5 79 463
f 413 420 414
f 414 420 418
f 418 421 419
f 416 418 419
f 416 419 417
f 419 423 501
f 411 463 420
f 418 420 421
f 421 422 423
f 421 455 422
f 422 455 424
f 419 421 423
f 422 424 423
f 423 424 425
f 420 463 421
f 463 452 461
f 39 426 428
f 28 431 426
f 39 428 429
f 426 431 427
f 426 427 428
f 39 429 440
f 427 434 429
f 427 429 428
f 429 434 435
f 39 477 36
f 47 430 431
f 430 434 431
f 430 433 434
f 427 431 434
f 47 432 430
f 430 432 436
f 430 436 433
f 433 437 434
f 434 437 435
f 433 436 437
f 436 438 437
f 438 561 580
f 429 435 439
f 429 439 440
f 439 445 441
f 439 441 440
f 39 440 482
f 440 441 482
f 435 437 443
f 435 443 442
f 435 442 439
f 439 442 445
f 437 438 443
f 438 582 443
f 442 443 447
f 443 444 447
f 443 583 444
f 443 582 583
f 442 447 445
f 441 445 473
f 445 447 448
f 445 448 449
f 445 449 473
f 444 586 446
f 444 583 586
f 444 446 448
f 446 586 585
f 446 585 588
f 444 448 447
f 446 588 448
f 448 588 589
f 448 589 591
f 448 591 641
f 441 473 472
f 60 450 451
f 37 36 477
f 61 451 453
f 454 452 463
f 37 478 450
f 79 80 463
f 80 454 463
f 450 478 451
f 451 478 453
f 453 479 452
f 80 453 454
f 454 453 452
f 39 478 477
f 37 477 478
f 461 452 479
f 39 480 478
f 39 482 480
f 453 478 479
f 424 455 456
f 424 456 457
f 455 459 456
f 421 465 455
f 421 463 464
f 421 464 458
f 421 458 465
f 455 466 459
f 455 465 466
f 456 459 460
f 456 460 521
f 459 467 460
f 463 461 464
f 461 462 464
f 461 480 462
f 458 464 465
f 459 466 467
f 462 465 464
f 465 468 466
f 460 467 526
f 466 532 467
f 462 468 465
f 462 486 468
f 468 486 469
f 466 468 532
f 468 469 532
f 441 472 482
f 448 470 449
f 449 474 473
f 449 470 474
f 471 448 640
f 448 641 640
f 471 640 644
f 448 471 470
f 470 471 643
f 471 644 643
f 470 645 474
f 470 643 645
f 472 473 474
f 472 474 475
f 472 475 485
f 474 485 475
f 645 646 474
f 474 649 476
f 474 476 485
f 476 649 650
f 476 650 651
f 476 651 485
f 651 653 488
f 653 656 488
f 461 479 480
f 472 483 482
f 472 485 483
f 479 478 480
f 480 482 481
f 481 482 483
f 462 480 481
f 462 481 483
f 462 483 484
f 462 484 489
f 483 485 484
f 485 487 484
f 484 487 489
f 462 489 486
f 485 651 487
f 487 651 488
f 487 488 489
f 488 693 489
f 656 690 488
f 690 691 488
f 488 691 693
f 469 486 490
f 486 489 491
f 486 491 494
f 489 495 491
f 486 494 490
f 489 695 492
f 693 695 489
f 492 695 698
f 489 492 493
f 489 493 495
f 493 498 495
f 491 495 494
f 494 495 496
f 494 496 497
f 492 698 493
f 697 498 493
f 698 697 493
f 697 699 498
f 498 699 700
f 495 498 496
f 498 703 496
f 498 701 702
f 701 498 700
f 498 702 703
f 703 705 496
f 496 705 760
f 145 412 499
f 500 412 417
f 412 1088 499
f 412 500 1088
f 500 417 419
f 500 419 501
f 501 423 502
f 501 502 500
f 500 502 503
f 502 423 505
f 423 425 504
f 423 504 505
f 424 518 425
f 505 506 502
f 506 507 502
f 505 504 508
f 505 508 506
f 507 506 508
f 504 519 508
f 499 1088 166
f 168 166 1088
f 500 503 1088
f 502 1093 503
f 507 1092 502
f 502 1092 1093
f 191 192 509
f 406 191 509
f 509 510 406
f 510 749 406
f 509 177 511
f 511 177 514
f 177 515 514
f 177 513 515
f 509 511 510
f 510 511 750
f 510 750 749
f 511 512 750
f 511 514 512
f 512 753 751
f 512 514 753
f 513 752 754
f 515 513 754
f 514 515 754
f 514 754 753
f 513 516 755
f 513 755 752
f 516 517 755
f 513 822 516
f 516 822 517
f 755 517 756
f 756 517 1478
f 424 457 518
f 425 518 504
f 504 518 520
f 504 520 519
f 456 522 457
f 457 522 518
f 456 521 522
f 518 523 520
f 518 522 524
f 518 524 523
f 522 525 524
f 460 526 521
f 521 526 522
f 522 526 525
f 467 527 526
f 467 532 527
f 526 528 525
f 526 531 528
f 526 527 529
f 526 529 531
f 527 534 529
f 529 530 531
f 529 534 530
f 527 532 533
f 527 536 534
f 527 533 536
f 533 535 536
f 533 539 535
f 530 1100 531
f 530 534 537
f 534 536 537
f 508 519 1095
f 520 1095 519
f 520 523 1095
f 507 508 1094
f 523 524 1098
f 523 1098 1091
f 523 1091 1095
f 524 525 1098
f 525 528 1098
f 528 531 1098
f 535 1133 536
f 530 537 1100
f 531 1100 1098
f 536 1134 537
f 469 490 532
f 490 538 532
f 532 538 541
f 532 541 533
f 533 540 539
f 533 541 540
f 538 542 541
f 490 543 538
f 538 544 545
f 538 545 546
f 490 494 543
f 538 543 544
f 538 548 542
f 538 546 548
f 544 550 545
f 545 550 546
f 546 547 548
f 546 550 547
f 540 541 1132
f 541 542 1132
f 542 548 1132
f 548 547 1132
f 547 550 554
f 494 549 543
f 543 551 544
f 543 549 551
f 494 497 549
f 544 552 550
f 544 551 552
f 553 552 551
f 497 765 549
f 496 763 497
f 496 760 761
f 496 761 763
f 762 497 763
f 549 765 551
f 497 762 765
f 551 765 553
f 766 553 765
f 550 552 554
f 553 557 552
f 553 766 556
f 535 539 1133
f 539 540 1133
f 547 554 1132
f 540 1132 1131
f 536 1133 1134
f 540 1131 1133
f 554 555 1132
f 554 558 555
f 552 557 554
f 553 556 557
f 556 782 557
f 554 557 558
f 555 558 1142
f 557 782 558
f 783 1142 782
f 558 782 1142
f 783 784 1142
f 227 559 432
f 559 560 432
f 432 560 436
f 227 567 559
f 560 559 570
f 559 567 570
f 436 560 438
f 560 562 438
f 438 562 561
f 560 570 562
f 562 570 571
f 563 564 566
f 563 566 565
f 563 229 564
f 563 565 231
f 565 566 574
f 229 563 231
f 241 231 565
f 592 229 230
f 230 232 593
f 564 229 592
f 574 566 575
f 241 565 574
f 566 564 594
f 230 593 592
f 593 232 595
f 595 232 597
f 564 592 594
f 566 594 596
f 566 596 575
f 570 567 572
f 240 568 567
f 567 568 569
f 569 572 567
f 570 573 571
f 570 572 573
f 574 575 578
f 245 574 576
f 241 574 243
f 243 574 245
f 607 232 242
f 242 244 607
f 574 578 576
f 576 579 577
f 578 579 576
f 577 579 617
f 246 576 577
f 246 577 617
f 245 576 246
f 247 607 244
f 575 596 578
f 232 607 597
f 578 606 579
f 578 596 606
f 580 582 438
f 561 581 580
f 581 582 580
f 562 581 561
f 582 587 583
f 581 587 582
f 562 571 581
f 571 598 581
f 581 598 599
f 586 583 584
f 583 587 584
f 581 590 587
f 586 584 590
f 585 586 590
f 585 590 588
f 588 590 589
f 589 590 591
f 590 642 591
f 584 587 590
f 581 599 590
f 590 599 602
f 590 602 603
f 590 603 664
f 592 593 594
f 593 595 594
f 594 595 596
f 595 597 596
f 571 600 598
f 598 600 599
f 571 573 600
f 599 600 601
f 599 604 602
f 602 605 603
f 603 605 664
f 599 601 604
f 602 604 605
f 596 597 606
f 606 597 607
f 294 608 568
f 294 611 608
f 568 608 569
f 569 608 572
f 572 608 613
f 608 611 616
f 608 616 613
f 609 610 612
f 292 616 611
f 295 612 616
f 572 613 614
f 613 616 615
f 572 614 573
f 613 615 614
f 615 616 626
f 626 616 612
f 298 617 618
f 295 610 609
f 295 622 610
f 298 618 620
f 298 620 622
f 617 619 618
f 579 619 617
f 619 621 618
f 618 621 620
f 620 621 622
f 622 623 610
f 621 623 622
f 246 617 298
f 299 297 637
f 247 299 637
f 295 609 612
f 297 296 637
f 734 296 285
f 579 630 619
f 619 631 621
f 623 634 610
f 621 631 623
f 623 631 632
f 623 632 634
f 607 247 633
f 247 637 633
f 579 606 630
f 619 630 631
f 610 638 612
f 573 624 600
f 573 614 624
f 614 615 625
f 614 625 624
f 600 624 601
f 601 624 628
f 624 625 627
f 615 629 625
f 615 626 629
f 612 638 626
f 601 628 604
f 624 627 628
f 625 629 627
f 604 628 605
f 605 628 667
f 627 629 628
f 628 629 719
f 629 720 719
f 629 725 720
f 629 626 725
f 610 634 636
f 610 636 638
f 606 607 630
f 630 607 633
f 630 633 631
f 631 633 632
f 632 633 634
f 633 635 634
f 633 637 635
f 635 637 636
f 634 635 636
f 296 734 637
f 636 637 639
f 626 638 725
f 638 636 639
f 637 734 639
f 639 734 638
f 285 315 734
f 321 738 315
f 315 738 734
f 641 591 647
f 591 642 647
f 640 641 644
f 641 647 644
f 590 647 642
f 644 648 643
f 643 648 645
f 645 648 646
f 648 654 646
f 644 647 648
f 647 654 648
f 590 664 647
f 647 664 665
f 647 665 666
f 647 666 670
f 647 670 654
f 474 646 654
f 474 654 649
f 649 654 650
f 652 650 654
f 651 650 652
f 651 655 653
f 652 655 651
f 653 657 656
f 653 660 657
f 655 660 653
f 652 654 655
f 657 659 656
f 657 660 659
f 656 659 658
f 659 660 661
f 660 662 661
f 655 663 660
f 658 659 683
f 658 690 656
f 659 661 689
f 660 663 662
f 661 662 689
f 662 663 685
f 654 674 655
f 654 670 672
f 654 672 673
f 654 673 674
f 655 676 663
f 663 675 685
f 655 674 676
f 675 663 676
f 664 668 665
f 665 668 666
f 666 669 670
f 605 667 664
f 664 667 668
f 666 668 669
f 669 671 670
f 670 677 672
f 672 677 673
f 673 678 674
f 674 678 676
f 675 676 679
f 675 680 686
f 670 671 677
f 673 677 678
f 676 678 679
f 679 680 675
f 678 681 679
f 679 681 680
f 680 681 682
f 680 682 735
f 683 659 684
f 659 687 684
f 658 683 690
f 689 687 659
f 689 662 685
f 684 692 683
f 692 690 683
f 684 687 692
f 685 675 709
f 675 686 709
f 680 735 686
f 688 687 689
f 690 692 691
f 687 691 692
f 687 694 691
f 687 695 694
f 691 694 693
f 693 694 695
f 695 687 698
f 688 697 698
f 688 699 697
f 688 698 687
f 688 689 701
f 689 696 701
f 685 696 689
f 685 707 696
f 685 709 707
f 696 707 706
f 707 708 706
f 688 701 699
f 699 701 700
f 701 706 702
f 696 706 701
f 702 706 703
f 703 704 705
f 703 706 704
f 704 769 705
f 706 708 713
f 706 713 714
f 704 706 769
f 706 714 715
f 706 715 716
f 706 716 769
f 707 709 708
f 686 710 709
f 708 709 717
f 709 710 712
f 710 711 712
f 686 735 710
f 710 735 711
f 711 741 712
f 708 717 713
f 713 717 714
f 714 717 715
f 715 718 716
f 628 721 667
f 667 721 668
f 628 719 721
f 719 720 721
f 720 722 721
f 668 721 669
f 669 721 671
f 671 721 729
f 720 723 722
f 721 722 729
f 722 723 729
f 720 725 724
f 720 724 723
f 725 638 726
f 725 726 724
f 726 638 727
f 727 638 728
f 638 734 728
f 671 729 677
f 677 729 678
f 678 729 681
f 681 729 730
f 723 724 730
f 723 730 729
f 724 726 731
f 724 731 730
f 681 730 731
f 681 731 732
f 733 682 732
f 726 732 731
f 726 727 732
f 728 733 727
f 727 733 732
f 682 681 732
f 682 733 743
f 728 737 733
f 682 743 735
f 733 736 744
f 733 744 743
f 728 734 737
f 733 737 736
f 734 738 737
f 736 737 739
f 736 745 744
f 737 738 739
f 736 739 740
f 736 740 746
f 736 746 745
f 711 735 741
f 735 742 741
f 735 743 742
f 709 712 748
f 712 741 747
f 742 745 741
f 742 743 745
f 743 744 745
f 709 2090 717
f 748 2090 709
f 741 745 747
f 712 747 748
f 2138 715 717
f 718 715 2138
f 751 753 752
f 752 755 751
f 753 754 752
f 755 756 751
f 406 749 2150
f 749 750 2152
f 512 2152 750
f 512 751 2152
f 751 756 2152
f 756 1478 2152
f 2152 1478 1479
f 406 2149 409
f 2149 1796 409
f 2149 406 2150
f 2152 2150 749
f 757 2152 1479
f 757 1479 758
f 705 771 760
f 762 763 764
f 762 766 765
f 762 764 766
f 760 776 761
f 763 768 764
f 761 776 763
f 705 769 770
f 705 770 771
f 760 771 772
f 776 760 772
f 764 767 766
f 764 768 767
f 556 766 781
f 767 781 766
f 763 776 768
f 768 776 777
f 768 786 767
f 768 777 785
f 768 785 786
f 716 718 773
f 716 774 769
f 769 775 770
f 770 775 771
f 771 778 772
f 716 773 774
f 769 774 775
f 771 775 778
f 772 778 776
f 776 778 777
f 777 788 785
f 777 778 779
f 777 779 780
f 777 780 788
f 781 782 556
f 767 782 781
f 782 787 783
f 767 787 782
f 767 786 787
f 783 787 784
f 784 791 1482
f 784 787 790
f 784 790 791
f 791 792 1482
f 785 788 786
f 786 789 787
f 787 793 790
f 786 788 789
f 787 789 793
f 790 794 791
f 791 794 792
f 792 796 1490
f 790 793 794
f 792 794 795
f 792 795 796
f 775 774 2171
f 718 2173 773
f 2173 774 773
f 778 775 2177
f 778 2177 779
f 780 779 2187
f 2187 788 780
f 759 797 2158
f 798 2159 797
f 798 1538 2160
f 789 2161 793
f 793 2161 794
f 794 799 795
f 795 799 796
f 794 2163 799
f 796 799 2163
f 788 2187 789
f 794 2161 2163
f 796 2163 800
f 800 2164 801
f 802 2167 804
f 801 2167 803
f 803 2167 802
f 804 2169 805
f 805 2170 806
f 91 88 854
f 91 854 93
f 95 856 124
f 124 839 125
f 125 839 113
f 93 854 95
f 95 854 856
f 124 856 839
f 113 839 881
f 353 807 981
f 807 808 981
f 113 881 121
f 121 881 123
f 807 830 808
f 808 830 981
f 981 830 982
f 830 983 982
f 983 830 985
f 123 881 807
f 985 830 1000
f 90 152 838
f 152 153 838
f 90 854 88
f 154 814 158
f 158 814 160
f 153 156 838
f 156 157 838
f 159 840 157
f 160 814 161
f 161 840 159
f 162 809 810
f 161 814 163
f 163 813 809
f 161 162 840
f 167 816 154
f 164 816 167
f 164 168 818
f 154 816 814
f 816 164 818
f 810 809 811
f 809 812 811
f 813 812 809
f 163 814 813
f 90 838 854
f 157 840 838
f 162 810 840
f 818 168 819
f 814 815 813
f 815 814 817
f 814 816 817
f 817 816 818
f 179 1077 193
f 820 822 193
f 193 918 820
f 918 193 919
f 193 921 919
f 193 1077 921
f 820 825 821
f 820 821 822
f 821 825 823
f 822 821 824
f 823 827 826
f 826 827 1090
f 826 1090 1089
f 1503 822 824
f 830 881 882
f 828 830 882
f 828 829 830
f 830 829 832
f 835 829 885
f 807 881 830
f 830 832 834
f 831 832 837
f 831 834 832
f 831 837 834
f 833 1013 830
f 1000 830 1013
f 833 834 1049
f 834 1048 1049
f 830 834 833
f 837 1048 834
f 837 1053 1048
f 832 829 835
f 832 835 837
f 835 887 836
f 835 885 887
f 835 836 837
f 836 925 837
f 837 925 1053
f 925 928 1053
f 811 841 810
f 811 812 841
f 813 842 812
f 812 842 841
f 810 841 840
f 813 853 842
f 842 853 845
f 840 841 838
f 838 841 842
f 843 854 842
f 842 845 843
f 843 845 844
f 844 845 847
f 838 842 854
f 843 844 860
f 844 847 846
f 845 849 847
f 844 846 860
f 846 847 849
f 846 849 848
f 849 850 848
f 845 853 849
f 853 864 849
f 813 815 853
f 815 817 853
f 817 818 851
f 817 851 853
f 851 852 853
f 818 819 851
f 851 819 852
f 853 852 1172
f 853 1172 864
f 864 1174 867
f 867 1175 896
f 896 1175 898
f 864 1172 1174
f 867 1174 1175
f 898 1175 1177
f 898 1179 899
f 898 1177 1179
f 899 1179 1181
f 899 1181 1183
f 854 855 856
f 855 857 856
f 856 857 881
f 839 856 881
f 857 882 881
f 857 883 882
f 855 858 857
f 857 858 883
f 855 875 858
f 858 859 883
f 858 875 859
f 843 855 854
f 843 860 855
f 846 848 860
f 848 850 860
f 850 861 860
f 850 849 863
f 850 863 861
f 849 864 863
f 860 861 862
f 860 862 870
f 861 863 865
f 864 865 863
f 864 866 865
f 864 867 866
f 861 865 862
f 867 868 866
f 855 860 875
f 860 870 869
f 860 869 875
f 862 865 874
f 862 873 870
f 873 869 870
f 869 871 875
f 873 871 869
f 862 874 872
f 862 872 873
f 873 877 871
f 867 897 868
f 867 896 897
f 859 875 876
f 875 871 876
f 876 871 879
f 876 878 888
f 859 876 888
f 876 879 878
f 871 880 879
f 878 879 891
f 879 880 891
f 871 877 880
f 877 902 880
f 880 904 891
f 828 882 883
f 828 883 829
f 859 884 883
f 883 885 829
f 883 884 885
f 859 888 884
f 884 888 886
f 884 887 885
f 884 886 887
f 886 889 887
f 886 888 889
f 888 892 889
f 887 889 927
f 889 892 930
f 878 890 888
f 891 890 878
f 888 890 892
f 891 893 890
f 891 895 893
f 891 912 895
f 890 893 892
f 892 893 894
f 892 894 930
f 893 931 894
f 893 895 933
f 895 913 933
f 865 866 1200
f 866 868 1200
f 865 1204 874
f 896 898 897
f 897 898 900
f 898 899 900
f 899 901 900
f 868 897 1207
f 897 900 1210
f 900 901 1211
f 900 1211 1210
f 873 872 906
f 873 902 877
f 873 906 902
f 906 872 907
f 874 1205 872
f 902 906 903
f 880 902 904
f 902 903 904
f 904 903 912
f 903 905 912
f 1205 907 872
f 865 1200 1204
f 868 1207 1200
f 903 906 1203
f 906 907 1203
f 874 1204 1205
f 897 1210 1207
f 903 908 905
f 903 1203 908
f 905 908 1221
f 909 901 899
f 909 910 901
f 909 911 910
f 909 959 911
f 909 899 1183
f 901 910 1225
f 901 1219 1211
f 901 1225 1219
f 909 1188 958
f 910 911 1226
f 891 904 912
f 895 912 913
f 905 915 912
f 912 914 913
f 912 915 914
f 913 914 916
f 913 916 963
f 905 1221 915
f 915 1221 917
f 914 915 916
f 915 917 916
f 820 918 825
f 922 921 920
f 921 923 919
f 921 922 923
f 922 924 923
f 923 935 936
f 936 937 923
f 924 935 923
f 922 944 924
f 825 1274 823
f 823 1274 827
f 825 918 1274
f 918 919 1275
f 827 1274 1090
f 918 1275 1274
f 919 1276 1275
f 937 969 1285
f 919 923 1276
f 937 1285 923
f 969 1280 1283
f 969 1283 1285
f 923 1287 1276
f 923 1285 1287
f 836 887 925
f 887 926 925
f 887 927 926
f 925 926 928
f 926 927 928
f 889 929 927
f 889 930 929
f 927 929 928
f 929 930 952
f 928 929 952
f 893 932 931
f 894 931 930
f 893 933 932
f 930 931 952
f 931 932 955
f 931 954 952
f 931 955 954
f 932 953 955
f 932 933 953
f 933 973 953
f 928 952 1058
f 952 954 1058
f 949 1061 954
f 937 938 971
f 937 971 969
f 924 934 935
f 924 939 934
f 939 935 934
f 935 939 936
f 939 940 936
f 937 936 938
f 939 924 944
f 944 1080 946
f 946 1082 950
f 950 1082 949
f 936 940 942
f 939 941 940
f 939 944 941
f 940 941 942
f 941 945 942
f 944 943 945
f 944 946 943
f 945 943 951
f 941 944 945
f 942 945 951
f 946 947 943
f 947 951 943
f 950 947 946
f 949 948 950
f 950 948 947
f 947 948 951
f 942 951 976
f 953 956 955
f 956 954 955
f 954 956 957
f 949 954 957
f 951 957 956
f 957 948 949
f 948 957 951
f 953 974 956
f 951 956 976
f 956 974 976
f 953 973 974
f 958 959 909
f 958 962 959
f 958 960 962
f 960 961 962
f 961 970 962
f 962 970 968
f 958 1272 960
f 960 1272 961
f 959 1300 911
f 959 962 1301
f 961 1280 970
f 962 968 1302
f 968 972 1302
f 971 1302 972
f 971 1308 1302
f 913 963 933
f 916 964 963
f 933 963 973
f 963 964 967
f 963 967 973
f 916 917 966
f 916 965 964
f 916 966 965
f 917 1305 966
f 964 965 967
f 965 966 967
f 966 978 967
f 966 1305 978
f 970 972 968
f 969 971 970
f 970 971 972
f 938 1309 971
f 936 1314 938
f 936 942 1314
f 969 970 1280
f 971 1309 1308
f 974 977 976
f 974 973 975
f 967 975 973
f 974 975 977
f 942 976 980
f 976 977 980
f 938 1314 1309
f 967 978 975
f 975 978 979
f 975 979 977
f 978 1312 979
f 977 979 1317
f 942 980 1313
f 942 1313 1314
f 977 1317 980
f 990 981 982
f 990 355 981
f 355 990 989
f 990 982 983
f 984 990 983
f 984 991 990
f 984 994 991
f 984 983 994
f 983 985 994
f 986 998 994
f 985 986 994
f 986 987 998
f 355 989 988
f 989 990 991
f 989 991 988
f 991 993 988
f 368 988 992
f 988 1014 992
f 988 993 1014
f 993 995 1014
f 991 994 995
f 994 998 996
f 996 998 987
f 991 995 993
f 994 996 995
f 996 1003 997
f 996 987 1003
f 372 371 1077
f 985 1000 986
f 986 1001 987
f 986 1000 1001
f 987 1001 1006
f 1000 1013 1001
f 1002 1006 1001
f 1003 987 1006
f 1003 1006 1004
f 1004 1006 1005
f 997 1003 1004
f 997 1004 999
f 997 999 1032
f 999 1004 1031
f 1004 1005 1031
f 1009 1010 1032
f 1002 1009 1006
f 1002 1007 1009
f 1007 1008 1010
f 1005 1006 1009
f 1007 1010 1009
f 1010 1011 1032
f 1008 1011 1010
f 1008 1012 1011
f 1013 1044 1001
f 1001 1044 1002
f 1007 1002 1044
f 368 992 1016
f 992 1014 1016
f 1014 1015 1017
f 995 1015 1014
f 1014 1017 1016
f 1015 1018 1017
f 1017 1018 1022
f 995 996 1019
f 995 1018 1015
f 995 1019 1018
f 996 997 1020
f 996 1020 1019
f 380 1016 1023
f 1016 1017 1024
f 1016 1024 1023
f 1017 1022 1024
f 1022 1025 1024
f 1022 1026 1025
f 1023 1024 2419
f 1024 1025 2420
f 1025 1026 2421
f 1018 1027 1022
f 1018 1019 1027
f 1022 1027 1026
f 1019 1020 1028
f 1020 1021 1028
f 1019 1028 1027
f 1021 1029 1028
f 2422 1026 1027
f 1027 1028 1030
f 1028 1029 1030
f 1030 2423 1027
f 1029 2424 1030
f 371 393 1085
f 393 1734 1085
f 997 1032 1020
f 1020 1032 1021
f 999 1031 1032
f 1005 1032 1031
f 1005 1009 1032
f 1011 1034 1032
f 1021 1032 1033
f 1032 1034 1033
f 1011 1035 1034
f 1011 1036 1035
f 1011 1037 1036
f 1011 1012 1037
f 1012 1064 1038
f 1012 1038 1037
f 1038 1064 1070
f 1021 1033 1029
f 1029 1033 1039
f 1039 2433 1029
f 1033 1034 1040
f 1033 1040 1039
f 1034 1035 1040
f 1035 1041 1040
f 1039 1040 2434
f 1040 1041 2435
f 1035 1036 1041
f 1036 1037 1041
f 1037 1042 1041
f 1037 1038 1042
f 1038 1070 1042
f 1070 1071 2437
f 1042 1070 2437
f 1041 1042 2436
f 179 372 1077
f 371 1085 1077
f 833 1044 1013
f 833 1043 1044
f 833 1049 1045
f 833 1045 1043
f 1045 1049 1047
f 1008 1044 1045
f 1044 1043 1045
f 1008 1045 1046
f 1008 1046 1062
f 1045 1047 1046
f 1046 1063 1062
f 1047 1049 1048
f 1047 1048 1050
f 1048 1051 1050
f 1048 1053 1051
f 1047 1050 1046
f 1046 1051 1063
f 1050 1051 1046
f 1051 1053 1054
f 1052 1054 1053
f 1054 1052 1057
f 1051 1054 1069
f 1054 1057 1069
f 1051 1068 1063
f 1051 1069 1068
f 928 1052 1053
f 928 1055 1052
f 928 1056 1055
f 1052 1055 1057
f 1055 1056 1057
f 1056 1058 1059
f 1007 1044 1008
f 1008 1062 1012
f 1062 1063 1064
f 1067 1063 1068
f 1012 1062 1064
f 1063 1065 1064
f 1063 1066 1065
f 1066 1063 1067
f 1057 1073 1069
f 1069 1073 1068
f 1056 1073 1057
f 2488 1056 1059
f 1059 1060 1075
f 928 1058 1056
f 954 1059 1058
f 2437 1071 2485
f 1064 1065 1070
f 1065 1066 1071
f 1065 1071 1070
f 1067 2484 1066
f 1068 1073 1067
f 1056 2489 1073
f 1056 2488 2489
f 1059 1074 2488
f 1059 1075 1074
f 1071 1066 2485
f 1066 2484 2485
f 1067 2486 2484
f 1067 1072 2486
f 1067 1073 1072
f 1073 2487 1072
f 1074 1075 2490
f 2490 1075 2491
f 1076 921 1077
f 946 1080 1081
f 1082 946 1081
f 949 1082 1084
f 1078 1076 1079
f 1076 920 921
f 1078 922 920
f 1078 920 1076
f 1078 1079 922
f 944 922 1079
f 944 1079 1080
f 1076 1077 2524
f 1079 1076 1086
f 1080 1079 1087
f 1080 1087 1081
f 1081 1087 1082
f 1075 1060 1083
f 1084 2528 1083
f 1082 2527 1084
f 1059 954 1060
f 949 1060 1061
f 949 1083 1060
f 1060 954 1061
f 1083 949 1084
f 1085 2524 1077
f 1076 2524 1086
f 1086 1087 1079
f 1082 1087 2526
f 1082 2526 2527
f 1075 1083 2491
f 1083 2528 2491
f 2527 2528 1084
f 1086 2525 1087
f 168 1088 819
f 503 1110 1088
f 1093 1110 503
f 819 1088 852
f 852 1088 1168
f 1168 1088 1190
f 1088 1110 1190
f 822 1478 517
f 1478 822 1479
f 1479 822 1480
f 1480 822 1481
f 822 1502 1481
f 821 823 1149
f 823 826 1149
f 821 1506 824
f 1089 1149 826
f 1502 822 1503
f 1503 824 1504
f 1090 1150 1089
f 1504 824 1505
f 824 1506 1505
f 821 1149 1524
f 821 1522 1506
f 1522 821 1523
f 821 1525 1523
f 1524 1525 821
f 507 1104 1092
f 507 1094 1104
f 508 1095 1094
f 1092 1111 1093
f 1091 1097 1095
f 1094 1095 1096
f 1095 1097 1096
f 1091 1098 1097
f 1097 1099 1106
f 1099 1107 1106
f 1098 1101 1099
f 1098 1100 1101
f 537 1138 1100
f 1101 1102 1099
f 1101 1100 1139
f 537 1134 1138
f 1100 1138 1139
f 1097 1098 1099
f 1099 1123 1107
f 1099 1102 1103
f 1101 1139 1102
f 1099 1103 1123
f 1092 1104 1111
f 1093 1112 1110
f 1093 1111 1112
f 1094 1096 1105
f 1094 1105 1104
f 1104 1105 1108
f 1096 1106 1105
f 1096 1097 1106
f 1105 1106 1107
f 1105 1107 1109
f 1104 1108 1111
f 1111 1108 1113
f 1105 1109 1108
f 1108 1115 1113
f 1108 1109 1115
f 1112 1348 1110
f 1111 1113 1114
f 1111 1114 1112
f 1113 1115 1114
f 1114 1115 1116
f 1116 1118 1114
f 1114 1117 1112
f 1112 1117 1347
f 1120 1351 1117
f 1117 1114 1118
f 1117 1118 1119
f 1117 1119 1120
f 1120 1122 1352
f 1107 1124 1109
f 1109 1124 1115
f 1115 1124 1116
f 1116 1124 1118
f 1118 1124 1119
f 1124 1120 1119
f 1121 1122 1120
f 1122 1385 1352
f 1107 1123 1124
f 1124 1121 1120
f 1125 1126 1121
f 1127 1122 1121
f 1122 1127 1385
f 1127 1121 1126
f 1126 1153 1130
f 1127 1126 1130
f 1127 1130 1389
f 1130 1391 1389
f 1130 1128 1129
f 1129 1157 1130
f 1121 1124 1125
f 1125 1153 1126
f 1130 1153 1128
f 555 1131 1132
f 555 1133 1131
f 1133 1135 1134
f 1134 1136 1138
f 1134 1135 1136
f 1136 1137 1138
f 555 1135 1133
f 555 1142 1135
f 1135 1142 1136
f 1136 1144 1137
f 1137 1139 1138
f 1137 1102 1139
f 1137 1140 1102
f 1102 1140 1103
f 1103 1140 1141
f 1137 1145 1140
f 1140 1145 1141
f 1141 1146 1151
f 1136 1142 1143
f 1136 1143 1144
f 1137 1144 1145
f 1143 1142 1482
f 1143 1482 1144
f 784 1482 1142
f 1482 1483 1144
f 1144 1483 1145
f 1145 1484 1146
f 1145 1483 1484
f 1484 1485 1146
f 1141 1145 1146
f 1146 1147 1151
f 1147 1146 1485
f 1486 1147 1485
f 1148 1147 1486
f 1148 1486 1487
f 1148 1487 1488
f 1488 1489 1148
f 1089 1150 1149
f 1150 1160 1149
f 1149 1160 1161
f 1103 1141 1123
f 1123 1141 1124
f 1124 1141 1151
f 1124 1151 1152
f 1124 1152 1125
f 1125 1154 1153
f 1125 1152 1154
f 1147 1152 1151
f 1152 1166 1154
f 1156 1130 1157
f 1156 1158 1130
f 1159 1156 1155
f 1156 1157 1155
f 1159 1155 1516
f 1128 1153 1154
f 1128 1154 1129
f 1129 1154 1166
f 1157 1129 1167
f 1129 1166 1167
f 1516 1155 1157
f 1147 1148 1152
f 1148 1164 1152
f 1152 1164 1165
f 1152 1165 1166
f 1148 1489 1164
f 1164 1489 1165
f 1165 1489 1514
f 1514 1515 1165
f 1165 1515 1166
f 1167 1166 1520
f 1166 1515 1519
f 1167 1520 1516
f 1520 1166 1519
f 1149 1161 1524
f 1162 1526 1161
f 1159 1516 1163
f 1162 1163 1517
f 1162 1527 1526
f 1524 1161 1526
f 1162 1517 1527
f 1516 1157 1167
f 1163 1516 1517
f 852 1168 1169
f 1169 1170 852
f 1172 852 1170
f 1169 1171 1170
f 1172 1170 1173
f 1172 1173 1174
f 1173 1176 1174
f 1168 1190 1169
f 1169 1190 1171
f 1171 1358 1170
f 1175 1174 1176
f 1175 1176 1177
f 1176 1178 1177
f 1177 1178 1179
f 1178 1180 1179
f 1179 1180 1182
f 1179 1182 1181
f 1170 1359 1173
f 1184 1182 1193
f 1181 1182 1184
f 1183 1181 1184
f 1183 1184 1185
f 1184 1186 1185
f 1185 1186 1189
f 1185 1189 1187
f 909 1183 1185
f 909 1185 1187
f 1187 1189 1188
f 1189 1271 1188
f 909 1187 1188
f 1184 1193 1186
f 1189 1186 1193
f 1271 1189 1199
f 1171 1190 1358
f 1110 1348 1190
f 1348 1358 1190
f 1173 1365 1176
f 1176 1364 1178
f 1178 1364 1180
f 1182 1180 1363
f 1182 1194 1193
f 1182 1191 1194
f 1170 1358 1359
f 1173 1359 1365
f 1176 1365 1364
f 1363 1180 1364
f 1182 1363 1191
f 1191 1192 1194
f 1192 1195 1194
f 1193 1194 1195
f 1189 1193 1196
f 1189 1196 1199
f 1193 1195 1198
f 1193 1198 1196
f 1196 1198 1197
f 1196 1197 1199
f 1197 1289 1199
f 1200 1202 1201
f 1200 1209 1202
f 1203 907 1205
f 1200 1201 1204
f 1200 1207 1209
f 1207 1208 1209
f 1207 1213 1208
f 1210 1211 1212
f 1210 1212 1213
f 1210 1213 1207
f 908 1203 1214
f 908 1214 1221
f 1203 1205 1222
f 1205 1206 1222
f 1203 1222 1214
f 1206 1217 1222
f 1217 1223 1222
f 1204 1201 1244
f 1202 1209 1238
f 1202 1237 1201
f 1206 1215 1217
f 1215 1216 1217
f 1204 1240 1205
f 1205 1241 1206
f 1206 1246 1215
f 1215 1246 1216
f 1209 1208 1238
f 1213 1235 1208
f 1213 1212 1260
f 1216 1231 1217
f 1217 1230 1223
f 1217 1231 1230
f 1216 1218 1231
f 1216 1250 1218
f 1218 1250 1231
f 910 1226 1225
f 911 1298 1226
f 1211 1220 1212
f 1211 1219 1220
f 1219 1225 1220
f 1220 1225 1227
f 1214 1222 1221
f 917 1221 1229
f 1221 1222 1229
f 1222 1223 1224
f 1222 1224 1229
f 1223 1232 1224
f 1224 1232 1229
f 1225 1226 1228
f 1225 1228 1227
f 1226 1298 1228
f 1228 1298 1299
f 917 1229 1305
f 1229 1232 1305
f 1212 1220 1259
f 1220 1227 1259
f 1227 1228 1259
f 1223 1230 1232
f 1230 1231 1232
f 1231 1233 1232
f 1231 1262 1233
f 1232 1233 1306
f 1192 1364 1243
f 1195 1243 1242
f 1244 1368 1245
f 1243 1368 1244
f 1368 1246 1245
f 1246 1368 1247
f 1253 1247 1368
f 1253 1370 1254
f 1198 1195 1236
f 1192 1243 1195
f 1195 1242 1236
f 1197 1239 1234
f 1198 1236 1239
f 1239 1238 1208
f 1205 1240 1241
f 1204 1244 1240
f 1206 1241 1245
f 1206 1245 1246
f 1201 1236 1244
f 1216 1246 1248
f 1201 1237 1236
f 1202 1238 1237
f 1239 1237 1238
f 1239 1236 1237
f 1240 1244 1241
f 1244 1242 1243
f 1236 1242 1244
f 1244 1245 1241
f 1247 1248 1246
f 1250 1248 1249
f 1216 1248 1250
f 1235 1239 1208
f 1213 1234 1235
f 1213 1260 1234
f 1234 1239 1235
f 1250 1249 1252
f 1250 1252 1251
f 1250 1251 1263
f 1248 1247 1253
f 1248 1253 1249
f 1253 1254 1255
f 1253 1255 1256
f 1254 1405 1255
f 1249 1253 1252
f 1255 1257 1256
f 1255 1406 1257
f 1252 1253 1267
f 1253 1256 1267
f 1251 1252 1267
f 1251 1267 1263
f 1256 1257 1267
f 1212 1259 1260
f 1228 1261 1259
f 1259 1261 1258
f 1228 1322 1261
f 1197 1198 1239
f 1197 1234 1260
f 1197 1260 1259
f 1197 1259 1258
f 1197 1258 1289
f 1258 1261 1289
f 1231 1250 1262
f 1250 1263 1262
f 1262 1263 1264
f 1262 1264 1266
f 1233 1262 1265
f 1262 1266 1265
f 1233 1265 1307
f 1266 1326 1265
f 1266 1269 1326
f 1263 1267 1264
f 1264 1267 1269
f 1267 1268 1269
f 1264 1269 1266
f 1257 1268 1267
f 1270 1328 1269
f 1268 1270 1269
f 1268 1414 1270
f 1188 1271 1272
f 1272 1271 1273
f 958 1188 1272
f 1272 1273 1281
f 1273 1282 1281
f 961 1272 1281
f 961 1281 1280
f 1271 1290 1273
f 1273 1293 1282
f 1274 1275 1278
f 1275 1276 1278
f 1276 1277 1278
f 1276 1287 1277
f 1277 1287 1279
f 1277 1292 1278
f 1277 1279 1292
f 1281 1282 1280
f 1280 1282 1284
f 1280 1284 1283
f 1283 1284 1286
f 1283 1286 1285
f 1287 1288 1279
f 1285 1286 1287
f 1287 1286 1288
f 1282 1424 1284
f 1284 1425 1286
f 1279 1288 1292
f 1286 1425 1288
f 1271 1199 1290
f 1273 1290 1293
f 1199 1289 1290
f 1290 1291 1293
f 1291 1294 1293
f 1150 1090 1274
f 1150 1274 1278
f 1278 1297 1421
f 1282 1293 1296
f 1282 1296 1424
f 1278 1292 1297
f 1288 1428 1292
f 1284 1424 1425
f 1296 1293 1295
f 1293 1294 1295
f 1295 1424 1296
f 1292 1427 1297
f 1288 1425 1428
f 911 1300 1298
f 962 1302 1301
f 959 1301 1300
f 1228 1299 1322
f 1299 1303 1322
f 1303 1304 1322
f 1298 1300 1299
f 1299 1300 1303
f 1301 1303 1300
f 1301 1302 1304
f 1301 1304 1303
f 1232 1306 1305
f 1302 1308 1304
f 1304 1308 1311
f 978 1305 1312
f 1305 1306 1312
f 1306 1318 1312
f 1233 1307 1306
f 1304 1311 1324
f 1306 1319 1318
f 1306 1307 1319
f 1309 1310 1308
f 1308 1310 1311
f 1309 1314 1310
f 1310 1314 1315
f 979 1312 1317
f 1312 1318 1317
f 1317 1318 1321
f 1314 1313 1316
f 1314 1316 1315
f 1317 1321 980
f 980 1321 1313
f 1310 1333 1311
f 1310 1315 1333
f 1318 1320 1321
f 1318 1319 1320
f 1315 1316 1338
f 1313 1340 1316
f 1313 1321 1341
f 1320 1341 1321
f 1322 1304 1323
f 1304 1324 1323
f 1261 1290 1289
f 1261 1291 1290
f 1291 1261 1322
f 1291 1322 1323
f 1291 1323 1324
f 1291 1332 1294
f 1291 1324 1332
f 1265 1325 1307
f 1265 1326 1325
f 1326 1328 1327
f 1307 1325 1329
f 1307 1329 1319
f 1325 1326 1329
f 1326 1327 1329
f 1328 1335 1327
f 1327 1335 1329
f 1328 1326 1269
f 1270 1330 1328
f 1270 1331 1330
f 1328 1330 1345
f 1328 1345 1344
f 1328 1344 1335
f 1330 1331 1345
f 1311 1332 1324
f 1311 1333 1332
f 1294 1332 1295
f 1295 1338 1424
f 1295 1332 1333
f 1295 1333 1338
f 1338 1426 1424
f 1342 1428 1426
f 1338 1339 1426
f 1339 1340 1426
f 1342 1426 1340
f 1342 1467 1466
f 1315 1338 1333
f 1319 1329 1336
f 1319 1336 1320
f 1334 1320 1336
f 1329 1334 1336
f 1329 1335 1334
f 1334 1337 1320
f 1337 1343 1320
f 1316 1339 1338
f 1313 1341 1342
f 1339 1316 1340
f 1313 1342 1340
f 1343 1346 1341
f 1320 1343 1341
f 1346 1472 1475
f 1334 1346 1337
f 1334 1335 1346
f 1335 1344 1346
f 1337 1346 1343
f 1344 1345 1472
f 1344 1472 1346
f 1342 1341 1475
f 1341 1346 1475
f 1342 1475 1467
f 1112 1347 1348
f 1347 1358 1348
f 1347 1349 1358
f 1349 1350 1358
f 1347 1117 1349
f 1349 1117 1351
f 1351 1352 1354
f 1120 1352 1351
f 1352 1353 1355
f 1349 1351 1350
f 1350 1351 1354
f 1350 1354 1355
f 1350 1355 1361
f 1352 1355 1354
f 1355 1353 1371
f 1353 1356 1371
f 1356 1357 1372
f 1352 1385 1353
f 1353 1386 1356
f 1356 1386 1357
f 1357 1388 1377
f 1357 1387 1388
f 1358 1360 1359
f 1358 1367 1360
f 1350 1361 1358
f 1358 1361 1362
f 1358 1362 1367
f 1359 1360 1365
f 1360 1368 1365
f 1364 1365 1368
f 1192 1363 1364
f 1191 1363 1192
f 1360 1367 1368
f 1362 1366 1367
f 1366 1374 1367
f 1367 1374 1369
f 1368 1369 1370
f 1368 1367 1369
f 1369 1375 1370
f 1355 1362 1361
f 1355 1371 1362
f 1362 1371 1366
f 1366 1371 1372
f 1356 1372 1371
f 1357 1373 1372
f 1373 1377 1374
f 1357 1377 1373
f 1366 1372 1373
f 1366 1373 1374
f 1369 1374 1375
f 1370 1375 1376
f 1375 1374 1380
f 1377 1394 1378
f 1374 1377 1378
f 1378 1394 1379
f 1377 1388 1394
f 1379 1394 1395
f 1374 1378 1379
f 1374 1379 1380
f 1375 1380 1376
f 1379 1395 1382
f 1379 1382 1380
f 1380 1382 1381
f 1381 1382 1383
f 1381 1383 1384
f 1353 1385 1386
f 1357 1386 1387
f 1127 1386 1385
f 1127 1387 1386
f 1127 1389 1387
f 1387 1389 1388
f 1388 1389 1394
f 1390 1395 1394
f 1389 1390 1394
f 1382 1390 1393
f 1389 1391 1390
f 1390 1391 1392
f 1390 1392 1393
f 1393 1437 1396
f 1392 1437 1393
f 1397 1437 1438
f 1382 1395 1390
f 1382 1393 1396
f 1382 1396 1397
f 1382 1398 1383
f 1383 1398 1384
f 1382 1397 1398
f 1396 1437 1397
f 1384 1398 1419
f 1397 1445 1398
f 1419 1398 1447
f 1364 1368 1243
f 1253 1368 1370
f 1370 1376 1399
f 1376 1400 1399
f 1376 1401 1400
f 1254 1370 1399
f 1254 1400 1405
f 1254 1399 1400
f 1400 1402 1405
f 1400 1401 1404
f 1400 1409 1402
f 1402 1409 1407
f 1380 1403 1376
f 1376 1403 1401
f 1380 1381 1403
f 1381 1384 1403
f 1401 1403 1404
f 1400 1404 1409
f 1255 1405 1406
f 1405 1407 1406
f 1257 1406 1413
f 1406 1407 1413
f 1402 1407 1405
f 1384 1404 1403
f 1384 1408 1404
f 1384 1419 1408
f 1404 1408 1410
f 1404 1412 1409
f 1409 1411 1417
f 1409 1412 1411
f 1404 1410 1412
f 1408 1419 1410
f 1410 1420 1412
f 1410 1419 1420
f 1411 1412 1418
f 1420 1458 1412
f 1412 1458 1418
f 1257 1413 1268
f 1268 1413 1414
f 1413 1416 1414
f 1407 1417 1413
f 1413 1417 1415
f 1413 1415 1416
f 1415 1418 1416
f 1270 1414 1416
f 1270 1416 1461
f 1407 1409 1417
f 1415 1417 1418
f 1411 1418 1417
f 1150 1278 1421
f 1150 1421 1160
f 1160 1421 1161
f 1421 1434 1449
f 1422 1423 1297
f 1427 1422 1297
f 1297 1423 1434
f 1421 1297 1434
f 1292 1428 1427
f 1425 1424 1426
f 1425 1426 1428
f 1427 1423 1422
f 1423 1427 1429
f 1423 1429 1430
f 1428 1429 1427
f 1434 1435 1451
f 1435 1436 1451
f 1432 1456 1453
f 1432 1452 1436
f 1433 1432 1436
f 1431 1456 1432
f 1431 1469 1456
f 1423 1430 1434
f 1430 1435 1434
f 1430 1436 1435
f 1430 1433 1436
f 1130 1441 1391
f 1391 1441 1392
f 1158 1443 1130
f 1130 1443 1441
f 1392 1441 1437
f 1437 1441 1438
f 1438 1441 1439
f 1438 1439 1444
f 1162 1449 1163
f 1161 1449 1162
f 1159 1163 1440
f 1163 1449 1440
f 1159 1440 1156
f 1156 1442 1158
f 1156 1440 1442
f 1158 1442 1443
f 1439 1441 1444
f 1440 1450 1442
f 1442 1450 1443
f 1397 1438 1445
f 1438 1444 1445
f 1398 1445 1448
f 1448 1447 1398
f 1448 1446 1447
f 1441 1448 1445
f 1441 1445 1444
f 1441 1443 1448
f 1448 1454 1446
f 1443 1454 1448
f 1446 1455 1477
f 1446 1454 1455
f 1161 1421 1449
f 1443 1450 1451
f 1434 1450 1449
f 1440 1449 1450
f 1443 1451 1452
f 1443 1452 1453
f 1443 1453 1454
f 1434 1451 1450
f 1436 1452 1451
f 1454 1456 1455
f 1453 1456 1454
f 1432 1453 1452
f 1420 1457 1458
f 1418 1458 1459
f 1457 1476 1458
f 1458 1464 1459
f 1458 1476 1464
f 1416 1460 1461
f 1416 1418 1463
f 1416 1463 1460
f 1270 1461 1331
f 1460 1474 1461
f 1460 1463 1474
f 1463 1464 1474
f 1331 1461 1345
f 1345 1461 1474
f 1418 1462 1463
f 1418 1459 1462
f 1462 1464 1463
f 1459 1464 1462
f 1342 1429 1428
f 1429 1466 1430
f 1429 1342 1466
f 1467 1475 1468
f 1466 1467 1468
f 1465 1468 1475
f 1431 1468 1469
f 1455 1456 1471
f 1455 1471 1477
f 1471 1476 1477
f 1456 1469 1471
f 1468 1471 1469
f 1465 1471 1468
f 1465 1470 1471
f 1470 1476 1471
f 1464 1476 1470
f 1433 1430 1466
f 1432 1468 1431
f 1433 1468 1432
f 1433 1466 1468
f 1472 1473 1475
f 1464 1473 1474
f 1472 1474 1473
f 1465 1475 1473
f 1345 1474 1472
f 1464 1470 1473
f 1465 1473 1470
f 1420 1419 1447
f 1420 1447 1457
f 1447 1446 1476
f 1447 1476 1457
f 1446 1477 1476
f 758 1479 1480
f 2156 1480 1481
f 1481 1502 1508
f 1481 1508 1552
f 758 1480 2156
f 2156 1481 759
f 759 1481 1552
f 792 1483 1482
f 1483 1490 1484
f 1484 1491 1485
f 1485 1492 1486
f 792 1490 1483
f 1484 1490 1491
f 1485 1491 1492
f 1486 1492 1493
f 1486 1495 1487
f 1487 1496 1488
f 1488 1496 1489
f 1486 1493 1495
f 1487 1495 1496
f 1489 1496 1497
f 796 1491 1490
f 1491 1494 1492
f 1492 1494 1493
f 796 1494 1491
f 1493 1494 1495
f 1495 1498 1496
f 1489 1497 1501
f 1496 1500 1497
f 1494 1498 1495
f 1496 1498 1499
f 1496 1499 1500
f 1497 1500 1501
f 1502 1503 1508
f 1504 1509 1503
f 1504 1512 1507
f 1504 1507 1509
f 1504 1505 1512
f 1506 1512 1505
f 1506 1513 1512
f 1506 1536 1513
f 1503 1509 1508
f 1507 1512 1509
f 1509 1512 1510
f 1510 1512 1513
f 1510 1513 1511
f 1511 1513 1528
f 1524 1526 1529
f 1526 1527 1529
f 1515 1521 1519
f 1517 1518 1527
f 1516 1520 1518
f 1516 1518 1517
f 1519 1521 1520
f 1518 1520 1521
f 1518 1529 1527
f 1518 1521 1529
f 1489 1501 1514
f 1514 1532 1515
f 1524 1529 1537
f 1515 1532 1521
f 1529 1521 1530
f 1506 1522 1536
f 1522 1523 1537
f 1523 1525 1537
f 1522 1537 1536
f 1524 1537 1525
f 1501 1531 1514
f 1531 1532 1514
f 1529 1534 1537
f 1521 1532 1530
f 1529 1530 1535
f 1533 1537 1534
f 1530 1532 1535
f 1529 1535 1534
f 1513 1536 1528
f 1533 1536 1537
f 1528 1536 1533
f 759 1552 797
f 1539 2745 1538
f 1539 1540 2746
f 1541 2746 1540
f 797 1551 798
f 798 1551 1538
f 1538 1551 1539
f 1539 1551 1540
f 1541 1540 1551
f 1542 2748 1541
f 1541 1557 1542
f 797 1552 1551
f 1541 1551 1554
f 1541 1554 1557
f 796 800 1494
f 800 1498 1494
f 800 1499 1498
f 800 1500 1499
f 801 1501 1500
f 801 1531 1501
f 803 1532 1531
f 803 1562 1532
f 1542 1543 2749
f 1543 1544 2750
f 1542 1557 1543
f 1543 1557 1544
f 800 801 1500
f 801 803 1531
f 1545 2750 1544
f 1545 1546 2751
f 1548 2754 1546
f 1547 2754 1548
f 806 2753 1547
f 1545 1544 1561
f 1545 1561 1546
f 806 1547 1561
f 1546 1561 1548
f 1547 1548 1561
f 803 802 1562
f 802 804 1562
f 806 1561 805
f 804 805 1562
f 1544 1557 1561
f 805 1561 1562
f 1508 1509 1549
f 1508 1549 1552
f 1509 1510 1549
f 1510 1550 1549
f 1551 1552 1553
f 1549 1553 1552
f 1549 1550 1553
f 1510 1511 1550
f 1511 1556 1550
f 1550 1555 1553
f 1551 1553 1554
f 1553 1555 1554
f 1550 1558 1555
f 1550 1556 1558
f 1555 1557 1554
f 1511 1528 1556
f 1528 1559 1556
f 1528 1533 1559
f 1555 1558 1557
f 1556 1559 1558
f 1558 1559 1563
f 1558 1563 1557
f 1561 1557 1563
f 1533 1534 1560
f 1533 1560 1559
f 1532 1562 1535
f 1534 1535 1560
f 1535 1564 1560
f 1535 1562 1564
f 1561 1564 1562
f 1561 1563 1564
f 1559 1560 1563
f 1560 1564 1563
f 1565 1566 1568
f 1566 1567 1568
f 1567 1636 1568
f 1565 1568 1626
f 1565 1626 1625
f 1565 1625 1630
f 1568 1636 1626
f 1570 1629 1582
f 1566 1569 1567
f 1569 1579 1567
f 1565 1569 1566
f 1565 1570 1569
f 1565 1630 1631
f 1565 1631 1570
f 1569 1570 1584
f 1569 1584 1579
f 1579 1584 1580
f 1570 1631 1629
f 1572 1577 1573
f 1571 1572 1635
f 1567 1635 1636
f 1567 1571 1635
f 1572 1573 1637
f 1572 1637 1635
f 1573 1576 1574
f 1573 1575 1576
f 1574 1576 1595
f 1573 1574 1637
f 1574 1638 1637
f 1574 1594 1638
f 1579 1580 1577
f 1567 1579 1571
f 1571 1579 1572
f 1572 1579 1577
f 1577 1575 1573
f 1577 1578 1575
f 1580 2006 1577
f 1570 1582 1584
f 1582 1583 1584
f 1582 1629 1652
f 1581 1584 1583
f 1582 1586 1583
f 1582 1652 1585
f 1580 1584 1581
f 1581 2006 1580
f 1577 2006 2003
f 1582 1585 1586
f 1581 1583 2002
f 1583 1586 2002
f 1585 1657 1586
f 1586 1657 2028
f 1578 1577 2003
f 1587 1588 1578
f 2003 1587 1578
f 2003 1589 1587
f 1589 2003 1590
f 1587 1589 1588
f 1588 1589 1593
f 1590 2012 1591
f 1589 1590 1593
f 1590 1591 1593
f 1593 1591 1592
f 1591 1660 1592
f 1592 1660 1662
f 1574 1595 1594
f 1594 1595 1596
f 1594 1596 1638
f 1596 1597 1638
f 1597 1673 1638
f 1598 1673 1597
f 1596 1613 1597
f 1578 1611 1575
f 1576 1575 1610
f 1595 1576 1610
f 1595 1610 1596
f 1597 1613 1623
f 1602 1604 1599
f 1599 1606 1684
f 1597 1623 1600
f 1623 1624 1600
f 1602 1600 1624
f 1618 1685 1684
f 1597 1600 1598
f 1598 1600 1601
f 1598 1601 1603
f 1598 1603 1683
f 1603 1599 1684
f 1603 1684 1683
f 1601 1602 1603
f 1600 1602 1601
f 1602 1599 1603
f 1686 1685 1619
f 1619 1688 1686
f 316 1605 320
f 320 1605 1604
f 316 1606 1605
f 319 1607 1606
f 1607 1615 1606
f 1615 1616 1606
f 1608 1604 1624
f 320 1604 1608
f 320 1608 321
f 321 1608 1609
f 1609 1610 321
f 1609 1608 1614
f 321 1610 1611
f 1610 1575 1611
f 1599 1604 1605
f 1599 1605 1606
f 1606 1616 1684
f 1616 1618 1684
f 1618 1619 1685
f 1602 1624 1604
f 1613 1614 1623
f 1609 1614 1612
f 1608 1624 1614
f 1609 1612 1610
f 1613 1612 1614
f 1610 1612 1613
f 1615 1618 1616
f 1615 1607 1622
f 1615 1617 1618
f 1617 1620 1619
f 1617 1619 1618
f 1620 1621 1619
f 1615 1622 1617
f 1622 1620 1617
f 1622 1621 1620
f 1607 322 1622
f 1578 1588 1611
f 1610 1613 1596
f 1623 1614 1624
f 1619 1621 1690
f 1690 1621 1701
f 1626 1627 1625
f 1625 1627 1630
f 1626 1636 1640
f 1626 1628 1627
f 1627 1628 1633
f 1626 1640 1628
f 1629 1632 1652
f 1630 1634 1631
f 1627 1633 1630
f 1629 1631 1634
f 1629 1634 1632
f 1630 1633 1634
f 1635 1637 1641
f 1635 1639 1636
f 1637 1638 1642
f 1638 1673 1642
f 1635 1641 1639
f 1636 1639 1640
f 1637 1642 1641
f 1633 1628 1643
f 1628 1640 1643
f 1640 1644 1643
f 1644 1640 1647
f 1647 1648 1644
f 1643 1644 1808
f 1644 1648 1808
f 1632 1646 1664
f 1633 1646 1634
f 1633 1643 1646
f 1632 1634 1646
f 1646 1666 1664
f 1643 1645 1646
f 1643 1808 1645
f 1645 1797 1646
f 1646 1797 1666
f 1639 1641 1650
f 1639 1647 1640
f 1641 1642 1651
f 1642 1678 1651
f 1639 1649 1647
f 1639 1650 1649
f 1647 1799 1648
f 1647 1649 1799
f 1641 1651 1650
f 1651 1678 1695
f 1651 1802 1650
f 1695 1849 1651
f 1585 1652 1653
f 1652 1655 1653
f 1653 1655 1656
f 1632 1654 1652
f 1652 1654 1655
f 1585 1653 1656
f 1585 1656 1657
f 1656 1659 1657
f 1655 1658 1656
f 1656 1658 1659
f 1657 1659 2030
f 1660 1661 1662
f 1661 1670 1662
f 1661 1663 1670
f 1632 1664 1654
f 1654 1667 1655
f 1654 1664 1667
f 1664 1666 1816
f 1664 1665 1667
f 1664 1816 1665
f 1655 1667 1658
f 1658 1667 1659
f 1659 1667 2030
f 1667 1668 2030
f 1667 1669 1668
f 1667 1821 1669
f 1665 1821 1667
f 1668 1669 2205
f 1663 1671 1670
f 1670 1671 1672
f 1598 1674 1673
f 1674 1598 1675
f 1598 1676 1675
f 1673 1674 1678
f 1675 1677 1674
f 1676 1677 1675
f 1642 1673 1678
f 1674 1679 1678
f 1677 1679 1674
f 1676 1681 1677
f 1676 1682 1681
f 1677 1680 1679
f 1677 1681 1680
f 1598 1685 1676
f 1598 1683 1685
f 1685 1683 1684
f 1676 1685 1686
f 1619 1689 1688
f 1619 1690 1689
f 1676 1687 1682
f 1676 1686 1688
f 1676 1688 1687
f 1688 1689 1696
f 1679 1694 1678
f 1679 1680 1691
f 1681 1691 1680
f 1681 1682 1692
f 1695 1678 1694
f 1691 1693 1679
f 1679 1693 1694
f 1681 1692 1691
f 1691 1692 1693
f 1692 1694 1693
f 1695 1694 1851
f 1682 1687 1692
f 1687 1688 1692
f 1688 1696 1692
f 1689 1697 1696
f 1696 1698 1692
f 1689 1690 1697
f 1690 1702 1697
f 1696 1697 1698
f 1692 1852 1694
f 1694 1852 1851
f 1692 1854 1852
f 1698 1700 1692
f 1692 1700 1854
f 1697 1700 1698
f 1699 1854 1700
f 1699 1857 1856
f 1622 1973 1621
f 1690 1701 1702
f 1701 1621 1973
f 1699 1700 1871
f 1700 1697 1871
f 1697 1702 1703
f 1697 1703 1705
f 1697 1705 1707
f 1703 1704 1706
f 1705 1703 1706
f 1705 1706 1708
f 1697 1707 1709
f 1705 1708 1707
f 1697 1709 1871
f 1707 1708 1709
f 1709 1708 1710
f 1973 1702 1701
f 1871 1709 1710
f 374 1711 1724
f 383 1717 1711
f 1711 1717 1716
f 1711 1716 1712
f 1715 374 1724
f 382 1714 1713
f 1724 1714 1715
f 383 1718 1717
f 1717 1723 1716
f 1712 1716 1723
f 1717 1725 1723
f 1712 1750 1711
f 1714 1751 1713
f 1717 1718 1725
f 1718 1726 1725
f 382 1713 385
f 1719 1720 386
f 390 1720 1730
f 1720 1731 1730
f 387 1721 1718
f 388 1722 1721
f 1718 1721 1726
f 1721 1727 1726
f 1721 1722 1729
f 1721 1728 1727
f 1721 1729 1728
f 1722 2425 1729
f 1711 1750 1724
f 1712 1723 1750
f 1724 1751 1714
f 1723 1725 1749
f 1725 1752 1749
f 1723 1749 1750
f 1724 1750 1751
f 1725 1726 1752
f 1726 1753 1752
f 1726 1758 1753
f 1713 1738 385
f 385 1738 1719
f 1719 1738 1720
f 1713 1751 1735
f 1726 1727 1758
f 1727 1728 1758
f 1728 1759 1758
f 1728 1729 1760
f 1728 1760 1759
f 1731 1732 1730
f 1730 1732 390
f 392 1732 1733
f 1733 1734 393
f 1720 1743 1731
f 1731 1788 1732
f 1732 1791 1733
f 1733 1791 1734
f 1720 1738 1740
f 1740 1739 1720
f 1720 1739 1743
f 1735 1736 1738
f 1736 1737 1738
f 1737 1741 1738
f 1740 1738 1741
f 1740 1741 1747
f 1737 1890 1741
f 1737 1742 1890
f 1743 1739 1744
f 1740 1745 1739
f 1739 1745 1744
f 1740 1748 1745
f 1743 1744 1788
f 1788 1744 1746
f 1746 1789 1788
f 1744 1745 1746
f 1746 1793 1789
f 1740 1747 1748
f 1741 1891 1747
f 1746 1937 1793
f 1749 1752 1754
f 1750 1756 1751
f 1749 1755 1750
f 1752 1753 1757
f 1753 1758 1761
f 1749 1754 1755
f 1752 1764 1754
f 1752 1767 1764
f 1750 1755 1769
f 1750 1769 1770
f 1750 1780 1756
f 1750 1770 1781
f 1750 1781 1780
f 1753 1761 1757
f 1757 1766 1752
f 1752 1766 1767
f 1757 1761 1774
f 1713 1735 1738
f 1735 1751 1756
f 1758 1759 1762
f 1759 1760 1762
f 1760 2448 1762
f 1758 1762 1761
f 1762 2448 1783
f 1754 1764 1763
f 1764 1767 1765
f 1764 1765 1763
f 1765 1767 1768
f 1765 1768 1763
f 1767 1766 1768
f 1766 1775 1768
f 1755 1771 1769
f 1770 1769 1771
f 1754 1771 1755
f 1754 1763 1771
f 1770 1782 1781
f 1774 1773 1757
f 1757 1772 1766
f 1757 1773 1772
f 1774 1777 1773
f 1774 1761 1777
f 1766 1772 1775
f 1772 1773 1775
f 1773 1777 1776
f 1773 1776 1775
f 1771 1763 1895
f 1771 1895 1770
f 1763 1768 1895
f 1770 1895 1782
f 1768 1778 1896
f 1768 1775 1778
f 1775 1776 1778
f 1776 1779 1778
f 1776 1777 1779
f 1777 1785 1779
f 1778 1779 1785
f 1735 1756 1736
f 1736 1756 1737
f 1756 1780 1782
f 1780 1781 1782
f 1737 1756 1742
f 1756 1782 1890
f 1742 1756 1890
f 1761 1762 1777
f 1762 1783 1777
f 1783 1784 1777
f 2449 1784 1783
f 1777 1784 1787
f 1777 1786 1785
f 1777 1787 1786
f 1784 2457 1787
f 1731 1743 1788
f 1788 1791 1732
f 1734 1791 1792
f 1791 1788 1789
f 1790 1792 1791
f 1789 1793 1791
f 1791 1793 1790
f 1790 1793 1936
f 1790 1959 1792
f 408 1794 1795
f 409 1796 1794
f 322 323 1954
f 323 1795 1954
f 1795 1794 1950
f 1794 1796 1948
f 1622 322 1973
f 1795 1951 1954
f 1954 1976 322
f 1794 1948 1950
f 1795 1950 1951
f 1645 1808 1798
f 1798 1808 1810
f 1645 1798 1797
f 1797 1798 1817
f 1798 1810 1824
f 1798 1824 1818
f 1648 1799 1809
f 1799 1649 1800
f 1649 1650 1800
f 1799 1800 1809
f 1801 1650 1802
f 1650 1803 1800
f 1650 1805 1803
f 1650 1801 1806
f 1650 1806 1805
f 1849 1850 1651
f 1802 1651 1850
f 1802 1850 1807
f 1800 1803 1804
f 1803 1805 1804
f 1801 1802 1807
f 1801 1807 1806
f 1648 1809 1808
f 1808 1809 1810
f 1809 1811 1810
f 1800 1811 1809
f 1800 1812 1811
f 1800 1804 1812
f 1804 1805 1813
f 1805 1806 1813
f 1806 1807 1813
f 1807 1853 1813
f 1810 1811 1832
f 1811 1812 1814
f 1810 1832 1824
f 1811 1833 1832
f 1811 1814 1836
f 1804 1813 1812
f 1813 1853 1815
f 1813 1814 1812
f 1813 1815 1814
f 1815 1853 1862
f 1665 1816 1821
f 1816 1819 1821
f 1666 1797 1816
f 1797 1817 1816
f 1798 1818 1817
f 1816 1817 1819
f 1817 1818 1820
f 1818 1824 1820
f 1817 1820 1819
f 1820 1824 1830
f 1819 1822 1821
f 1669 1821 1822
f 1669 1822 2205
f 1819 1823 1822
f 1822 1823 2207
f 1819 1820 1823
f 1820 1830 1823
f 1823 1831 2208
f 1811 1836 1833
f 1671 1825 1672
f 1672 1825 1826
f 1825 1828 1826
f 1828 1829 1826
f 1827 1829 1828
f 1827 1846 1829
f 1823 1830 1831
f 1830 1844 1845
f 1830 1845 1831
f 1831 1845 2227
f 1824 1832 1833
f 1824 1833 1834
f 1824 1834 1830
f 1833 1844 1834
f 1833 1835 1844
f 1830 1834 1844
f 1833 1836 1839
f 1833 1839 1835
f 1814 1815 1836
f 1815 1837 1836
f 1815 1862 1837
f 1837 1862 1838
f 1837 1838 1877
f 1837 1842 1836
f 1836 1841 1839
f 1836 1840 1841
f 1836 1842 1840
f 1837 1877 1842
f 1835 1845 1844
f 1835 1839 1845
f 1839 2240 1845
f 1839 1841 2240
f 1846 1843 1847
f 1840 1842 2275
f 1847 1829 1846
f 1841 1843 2240
f 1843 1846 2240
f 1695 1851 1849
f 1849 1851 1850
f 1807 1850 1851
f 1852 1855 1851
f 1807 1851 1853
f 1851 1855 1853
f 1852 1854 1855
f 1855 1854 1861
f 1854 1858 1861
f 1699 1856 1854
f 1856 1859 1854
f 1853 1861 1862
f 1853 1855 1861
f 1856 1857 1859
f 1699 1871 1857
f 1854 1860 1858
f 1854 1859 1860
f 1858 1860 1864
f 1857 1871 1872
f 1857 1874 1859
f 1859 1874 1860
f 1857 1872 1874
f 1861 1878 1862
f 1861 1863 1878
f 1858 1863 1861
f 1858 1864 1863
f 1860 1866 1864
f 1864 1866 1865
f 1864 1865 1863
f 1863 1865 1867
f 1866 1868 1865
f 1863 1867 1878
f 1865 1868 1867
f 1868 1870 1867
f 1867 1870 1869
f 1869 1870 2276
f 1704 1882 1706
f 1703 1972 1704
f 1702 1974 1703
f 1706 1882 1708
f 1710 1873 1871
f 1871 1873 1872
f 1872 1873 1874
f 1873 1875 1874
f 1874 1875 1876
f 1838 1862 1878
f 1838 1878 1877
f 1842 1877 2275
f 1877 1878 2275
f 1867 1880 1878
f 1878 1880 1879
f 1879 1880 2279
f 1878 1879 2275
f 1867 1869 1880
f 1869 2279 1880
f 1972 1881 1704
f 1703 1974 1972
f 1704 1881 1884
f 1704 1884 1882
f 1708 1883 1710
f 1710 1887 1873
f 1873 1887 1875
f 1875 1887 1876
f 1708 1882 1883
f 1710 1883 1887
f 1876 1887 2288
f 1882 1885 1883
f 1882 1884 1885
f 1884 1886 1885
f 1885 1889 1888
f 1885 1886 1889
f 1883 1885 1887
f 1885 1888 1887
f 1887 1888 2290
f 1888 1889 2290
f 1890 1895 1892
f 1741 1890 1891
f 1747 1891 1748
f 1890 1892 1891
f 1748 1891 1893
f 1745 1748 1894
f 1746 1745 1961
f 1748 1893 1894
f 1895 1918 1892
f 1891 1892 1893
f 1892 1918 1893
f 1745 1894 1964
f 1893 1964 1894
f 1768 1896 1895
f 1778 1785 1900
f 1778 1898 1897
f 1778 1900 1898
f 1778 1903 1896
f 1778 1897 1903
f 1782 1895 1890
f 1895 1896 1903
f 1897 1904 1903
f 1898 1900 1912
f 1897 1898 1905
f 1897 1905 1904
f 1898 1912 1905
f 1785 1786 1899
f 1785 1899 1900
f 1786 1787 1899
f 1787 2549 1899
f 1900 1901 1912
f 1900 1899 1902
f 1899 2549 1902
f 1900 1902 1901
f 1895 1903 1923
f 1903 1904 1907
f 1895 1923 1906
f 1895 1906 1918
f 1904 1909 1907
f 1904 1905 1910
f 1904 1910 1909
f 1905 1915 1910
f 1903 1907 1923
f 1907 1909 1924
f 1907 1924 1923
f 1924 1909 1908
f 1909 1910 1911
f 1910 1915 1916
f 1909 1911 1908
f 1910 1916 1911
f 1912 1913 1905
f 1905 1913 1915
f 1912 1901 1914
f 1901 1902 1914
f 1912 1914 1913
f 1915 1913 1917
f 1915 1917 1916
f 1913 1914 1917
f 1906 1923 1918
f 1923 1921 1918
f 1893 1918 1920
f 1918 1919 1920
f 1918 1921 1919
f 1893 1920 1963
f 1919 1921 1920
f 1921 1927 1930
f 1920 1921 1922
f 1921 1930 1932
f 1923 1924 1925
f 1924 1908 1925
f 1908 1911 1925
f 1923 1925 1928
f 1923 1928 1927
f 1911 1926 1925
f 1911 1916 1926
f 1925 1926 1929
f 1923 1927 1921
f 1925 1929 1928
f 1927 1928 1930
f 1928 1931 1930
f 1930 1931 1932
f 1931 1933 1932
f 1793 1937 1936
f 1746 1934 1937
f 1746 1939 1934
f 1746 1941 1939
f 1938 1946 1960
f 1935 1945 1938
f 1746 1961 1941
f 1745 1965 1962
f 1745 1964 1965
f 1745 1962 1961
f 1934 1935 1937
f 1936 1937 1935
f 1936 1935 1938
f 1934 1940 1935
f 1936 1938 1959
f 1938 1960 1959
f 1934 1939 1940
f 1939 1942 1940
f 1939 1941 1942
f 1941 1943 1942
f 1941 1961 1943
f 1935 1940 1952
f 1940 1942 1953
f 1943 1955 1942
f 1943 1961 1957
f 1957 1961 1962
f 322 1976 1973
f 1940 1953 1952
f 1944 1946 1945
f 1944 1947 1946
f 1944 1952 1949
f 1944 1945 1952
f 1950 1948 1952
f 1949 1952 1948
f 1950 1953 1951
f 1950 1952 1953
f 1938 1945 1946
f 1935 1952 1945
f 1702 1973 1974
f 1942 1955 1953
f 1951 1953 1955
f 1951 1955 1954
f 1955 1943 1957
f 1956 1957 1962
f 1954 1955 1957
f 1954 1957 1956
f 1954 1956 1976
f 1790 1936 1959
f 1958 1960 2551
f 1946 2552 1960
f 1959 1960 1958
f 1893 1963 1964
f 1920 1922 1969
f 1920 1966 1963
f 1920 1967 1966
f 1920 1968 1967
f 1956 1962 1965
f 1964 1963 1976
f 1964 1976 1965
f 1963 1966 1976
f 1966 1967 1979
f 1921 1970 1922
f 1921 1932 1970
f 1920 1969 1968
f 1922 1970 1969
f 1932 1987 1970
f 1970 1987 1989
f 1970 1971 1969
f 1967 1968 1979
f 1968 1969 1982
f 1969 1971 1982
f 1971 1993 1984
f 1971 1970 1993
f 1970 1989 1993
f 1956 1965 1976
f 1974 1973 1976
f 1974 1976 1975
f 1972 1977 1881
f 1974 1977 1972
f 1974 1975 1977
f 1884 1881 1977
f 1977 1975 1978
f 1966 1975 1976
f 1966 1979 1975
f 1975 1979 1978
f 1968 1983 1979
f 1968 1982 1983
f 1884 1977 1886
f 1977 1978 1980
f 1983 1978 1979
f 1886 1977 1980
f 1978 1983 1980
f 1886 1980 1889
f 1889 1980 1981
f 1980 1983 1981
f 1981 1983 1985
f 1889 1981 2291
f 2372 1981 1985
f 1982 1984 1983
f 1983 1984 1985
f 1971 1984 1982
f 1993 1985 1984
f 1993 1998 1985
f 1998 2372 1985
f 1998 2373 2372
f 1986 2373 1998
f 1932 1933 1987
f 1933 1988 1987
f 1987 1988 1989
f 1989 1991 1990
f 1991 1992 1990
f 1991 1994 1992
f 1989 1990 1993
f 1990 1992 1993
f 1993 1999 1998
f 1992 1997 1993
f 1991 1996 1994
f 1996 1995 1994
f 2557 1995 1996
f 2557 2558 1995
f 1994 1997 1992
f 1993 2001 1999
f 1994 1995 1997
f 1998 2000 1986
f 1581 2002 2006
f 2006 2004 2003
f 1586 2005 2002
f 1586 2028 2005
f 2002 2005 2006
f 2005 2007 2006
f 2005 2028 2029
f 2005 2031 2007
f 2031 2005 2029
f 2003 2004 2011
f 2003 2011 2010
f 2009 2016 2006
f 2004 2006 2027
f 2006 2007 2009
f 2007 2031 2008
f 2007 2008 2009
f 2008 2031 2032
f 1590 2003 2010
f 1590 2010 2012
f 2010 2011 2013
f 2010 2013 2012
f 2012 2013 2015
f 2012 2015 2014
f 2014 2015 2035
f 2015 2036 2035
f 1660 2012 2014
f 1661 2014 2035
f 1593 2024 1588
f 1591 2012 1660
f 1593 1592 2060
f 2060 1592 1662
f 2004 2025 2011
f 2011 2023 2013
f 2013 2023 2015
f 2015 2059 2036
f 1588 2024 2026
f 1593 2060 2024
f 2011 2025 2022
f 2011 2022 2023
f 1588 2026 2027
f 2015 2023 2058
f 2015 2058 2059
f 2006 2016 2071
f 2008 2018 2009
f 2008 2017 2018
f 2008 2032 2017
f 2017 2032 2050
f 2017 2019 2018
f 2009 2018 2021
f 2009 2021 2016
f 2017 2050 2051
f 2017 2051 2020
f 2021 2069 2016
f 2018 2019 2021
f 2017 2020 2019
f 2020 2051 2054
f 2019 2020 2021
f 2020 2065 2021
f 2020 2054 2055
f 2020 2055 2094
f 2021 2065 2066
f 2021 2066 2069
f 2025 2004 2027
f 2023 2022 2024
f 2022 2025 2026
f 2022 2026 2024
f 2023 2024 2058
f 2024 2060 2058
f 2025 2027 2026
f 2006 2071 2027
f 2016 2069 2071
f 321 1611 738
f 1611 1588 2027
f 1611 2071 2083
f 738 1611 2083
f 1611 2027 2071
f 1657 2030 2028
f 2028 2030 2029
f 2029 2030 2033
f 2029 2033 2031
f 2031 2033 2032
f 2032 2033 2034
f 2035 2036 2037
f 2037 2039 2035
f 2035 2038 1661
f 1660 2014 1661
f 1662 1670 2060
f 2035 2039 2038
f 1663 1661 2038
f 1670 1672 2060
f 2037 2036 2040
f 2036 2059 2040
f 2037 2040 2039
f 2047 2040 2060
f 1668 2041 2030
f 2030 2041 2033
f 2033 2041 2042
f 1668 2205 2041
f 2041 2205 2206
f 2042 2041 2210
f 2206 2210 2041
f 2033 2042 2043
f 2033 2043 2034
f 2042 2210 2043
f 2043 2210 2211
f 2039 2045 2038
f 1663 2038 1671
f 1672 1826 2060
f 2038 2045 2044
f 1671 2038 2044
f 2039 2040 2045
f 1826 2047 2060
f 2040 2047 2046
f 2040 2046 2045
f 2046 2047 2049
f 2047 1826 2049
f 2045 2046 2048
f 2046 2049 2048
f 2045 2048 2224
f 2045 2224 2225
f 2048 2049 2226
f 2048 2226 2224
f 2032 2034 2050
f 2050 2053 2051
f 2034 2052 2050
f 2050 2052 2053
f 2051 2053 2054
f 2054 2056 2055
f 2053 2056 2054
f 2055 2056 2057
f 2055 2057 2097
f 2058 2060 2059
f 2059 2060 2040
f 2034 2061 2052
f 2034 2043 2061
f 2052 2061 2053
f 2043 2211 2061
f 2061 2062 2063
f 2061 2245 2062
f 2053 2064 2056
f 2053 2061 2064
f 2056 2064 2057
f 2057 2064 2097
f 2061 2063 2064
f 2062 2246 2063
f 2063 2246 2064
f 2064 2246 2248
f 2064 2250 2116
f 2020 2094 2067
f 2065 2067 2066
f 2020 2067 2065
f 2066 2067 2068
f 2067 2094 2095
f 2066 2068 2073
f 2067 2075 2068
f 2068 2075 2073
f 2067 2095 2096
f 2067 2100 2075
f 2067 2096 2100
f 2069 2074 2070
f 2069 2070 2071
f 2070 2072 2071
f 2066 2074 2069
f 2066 2073 2074
f 2074 2073 2076
f 2073 2075 2076
f 2074 2077 2070
f 2074 2076 2077
f 2075 2100 2102
f 2075 2102 2103
f 2075 2105 2076
f 2075 2103 2104
f 2075 2104 2105
f 2070 2078 2072
f 2070 2077 2079
f 2070 2079 2078
f 2076 2082 2077
f 2077 2081 2079
f 2078 2079 2072
f 2072 2079 2080
f 2081 2080 2079
f 2077 2082 2081
f 2076 2105 2082
f 738 2083 2085
f 739 738 2084
f 739 2084 740
f 738 2085 2084
f 2085 2086 2084
f 2084 2091 740
f 2083 2072 2085
f 2085 2072 2086
f 2084 2086 2091
f 2071 2072 2083
f 2086 2072 2080
f 2086 2080 2091
f 2091 2080 2092
f 2092 2080 2081
f 2082 2092 2081
f 2087 2092 2106
f 2082 2106 2092
f 745 746 2088
f 745 2088 747
f 740 2091 746
f 2088 746 2091
f 2088 2129 747
f 748 747 2129
f 2088 2091 2093
f 748 2089 2090
f 2090 2138 717
f 2090 2089 2134
f 2088 2093 2129
f 2091 2092 2093
f 2087 2127 2092
f 2092 2129 2093
f 748 2129 2131
f 2092 2127 2128
f 2092 2128 2129
f 2131 2135 748
f 2089 748 2135
f 718 2138 2139
f 2089 2135 2134
f 2090 2134 2138
f 2055 2097 2094
f 2094 2097 2095
f 2095 2099 2096
f 2095 2097 2098
f 2095 2098 2099
f 2096 2099 2101
f 2096 2101 2100
f 2100 2101 2102
f 2102 2109 2103
f 2104 2107 2105
f 2082 2105 2106
f 2105 2107 2106
f 2103 2111 2104
f 2104 2111 2107
f 2106 2107 2124
f 2101 2108 2102
f 2102 2108 2109
f 2103 2109 2110
f 2103 2113 2111
f 2103 2110 2113
f 2124 2107 2111
f 2111 2112 2124
f 2111 2113 2112
f 2113 2115 2112
f 2113 2114 2115
f 2112 2115 2130
f 2064 2117 2097
f 2097 2117 2098
f 2098 2117 2099
f 2099 2117 2101
f 2064 2116 2117
f 2116 2250 2117
f 2117 2250 2306
f 2117 2306 2307
f 2117 2118 2120
f 2118 2119 2120
f 2117 2307 2118
f 2118 2307 2119
f 2101 2117 2120
f 2119 2308 2120
f 2101 2120 2108
f 2108 2120 2109
f 2110 2120 2121
f 2109 2120 2110
f 2110 2121 2113
f 2113 2122 2114
f 2113 2121 2122
f 2114 2123 2115
f 2115 2123 2125
f 2120 2319 2121
f 2121 2319 2320
f 2121 2320 2122
f 2122 2321 2123
f 2114 2122 2123
f 2087 2106 2124
f 2087 2124 2127
f 2112 2130 2124
f 2115 2125 2130
f 2125 2123 2330
f 2125 2329 2126
f 2125 2330 2329
f 2124 2128 2127
f 2129 2128 2131
f 2124 2131 2128
f 2124 2130 2133
f 2124 2133 2131
f 2132 2135 2133
f 2135 2131 2133
f 2134 2135 2136
f 2134 2136 2137
f 2134 2137 2138
f 2125 2133 2130
f 2125 2132 2133
f 2125 2140 2132
f 2135 2132 2144
f 2125 2126 2140
f 2141 2140 2126
f 2140 2141 2144
f 2132 2140 2144
f 2143 2144 2141
f 2136 2146 2137
f 2135 2142 2136
f 2136 2143 2146
f 2137 2146 2138
f 2138 2146 2139
f 2139 2146 2173
f 2146 2148 2173
f 2135 2144 2142
f 2142 2144 2143
f 2136 2142 2143
f 2143 2145 2146
f 2145 2336 2146
f 2143 2336 2145
f 2146 2336 2147
f 2146 2147 2148
f 2147 2336 2148
f 1948 1796 2151
f 1796 2149 2151
f 2149 2150 2151
f 2150 2152 2151
f 2153 2151 757
f 2152 757 2151
f 757 2154 2153
f 757 758 2154
f 2153 1944 2151
f 758 2156 2154
f 2156 2155 2154
f 2157 2155 2156
f 759 2157 2156
f 759 2158 2157
f 2153 2154 2810
f 2814 2154 2155
f 1944 2153 1947
f 1949 1948 2151
f 1944 1949 2151
f 2153 2371 1947
f 2153 2370 2371
f 2370 2153 2809
f 2153 2810 2809
f 2154 2811 2810
f 2154 2812 2811
f 2154 2813 2812
f 2171 2172 775
f 774 2174 2171
f 2177 775 2172
f 779 2177 2178
f 779 2178 2187
f 718 2139 2173
f 774 2173 2174
f 797 2159 2158
f 798 2160 2159
f 789 2187 2161
f 2187 2162 2161
f 2162 2192 2161
f 800 2166 2165
f 800 2163 2166
f 800 2165 2164
f 801 2164 2167
f 806 2170 2753
f 2167 2168 804
f 804 2168 2169
f 805 2169 2170
f 2161 2193 2163
f 2193 2166 2163
f 2165 2166 2772
f 2164 2165 2773
f 2162 2187 2188
f 2162 2188 2192
f 2161 2192 2193
f 2166 2193 2194
f 2166 2194 2195
f 2166 2195 2772
f 2171 2175 2172
f 2174 2175 2171
f 2172 2175 2176
f 2172 2176 2177
f 2177 2180 2178
f 2178 2180 2187
f 2176 2180 2177
f 2176 2179 2180
f 2180 2189 2187
f 2148 2174 2173
f 2174 2181 2175
f 2175 2184 2176
f 2148 2181 2174
f 2181 2182 2175
f 2182 2183 2175
f 2183 2184 2175
f 2176 2185 2179
f 2179 2185 2180
f 2176 2184 2185
f 2180 2185 2189
f 2185 2190 2189
f 2185 2186 2190
f 2184 2186 2185
f 2184 2200 2186
f 2200 2184 2396
f 2187 2190 2188
f 2188 2196 2192
f 2187 2189 2190
f 2188 2190 2191
f 2188 2191 2196
f 2192 2196 2193
f 2193 2198 2194
f 2194 2199 2195
f 2195 2199 2772
f 2193 2196 2197
f 2193 2197 2198
f 2194 2198 2199
f 2186 2201 2190
f 2190 2201 2191
f 2186 2200 2201
f 2396 2201 2200
f 2191 2201 2202
f 2191 2202 2196
f 2196 2203 2197
f 2197 2204 2198
f 2198 2786 2199
f 2196 2202 2203
f 2197 2203 2204
f 2198 2204 2786
f 1822 2207 2205
f 2205 2207 2206
f 2206 2207 2210
f 2207 2213 2210
f 1823 2208 2207
f 2207 2214 2213
f 2207 2208 2209
f 2207 2209 2214
f 2210 2213 2212
f 2210 2212 2211
f 2212 2213 2214
f 2212 2214 2215
f 2045 2218 2044
f 2044 2218 2216
f 1825 2044 2216
f 1671 2044 1825
f 1826 1829 2226
f 2218 2219 2216
f 2216 2219 2217
f 2217 2219 2222
f 1828 2216 2217
f 2220 2217 2222
f 2220 2223 2221
f 2220 2222 2223
f 2221 2223 2238
f 1827 2217 2220
f 1825 2216 1828
f 1827 1828 2217
f 1847 2226 1829
f 1827 2220 1846
f 2045 2225 2218
f 1826 2226 2049
f 2224 2226 2225
f 2218 2225 2253
f 2218 2253 2219
f 2219 2253 2222
f 2223 2222 2255
f 2223 2256 2238
f 2226 1847 2254
f 2254 1847 2257
f 2222 2253 2255
f 2223 2255 2256
f 2238 2256 2262
f 1831 2228 2208
f 1831 2227 2228
f 1845 2235 2227
f 2208 2228 2209
f 2227 2232 2228
f 2227 2233 2232
f 2209 2228 2230
f 2229 2231 2230
f 2209 2230 2214
f 2228 2229 2230
f 2229 2232 2231
f 2228 2232 2229
f 2233 2231 2232
f 2233 2227 2235
f 2235 2242 2243
f 1845 2242 2235
f 2214 2230 2234
f 2230 2231 2234
f 2231 2233 2236
f 2214 2234 2236
f 2231 2236 2234
f 2233 2235 2236
f 2235 2243 2236
f 2214 2236 2215
f 1846 2221 2237
f 1846 2220 2221
f 1846 2237 2241
f 1846 2241 2240
f 1845 2240 2242
f 2221 2238 2237
f 2237 2238 2239
f 2237 2239 2244
f 2237 2244 2241
f 2240 2243 2242
f 2240 2241 2244
f 2240 2244 2243
f 2287 1841 1840
f 1841 2287 1843
f 1843 2265 1847
f 1848 2265 1843
f 2287 1848 1843
f 2238 2262 2239
f 2244 2239 2264
f 2244 2264 2243
f 2243 2261 2236
f 2263 2257 1847
f 1847 2265 2263
f 2239 2262 2264
f 2265 1848 2266
f 2287 2266 1848
f 2061 2211 2245
f 2211 2212 2245
f 2062 2245 2246
f 2245 2247 2249
f 2245 2249 2246
f 2212 2215 2245
f 2215 2247 2245
f 2215 2258 2247
f 2247 2258 2252
f 2246 2250 2248
f 2064 2248 2250
f 2246 2249 2250
f 2247 2252 2249
f 2249 2252 2250
f 2250 2252 2251
f 2251 2252 2310
f 2252 2268 2310
f 2225 2226 2253
f 2253 2226 2254
f 2253 2254 2255
f 2255 2254 2257
f 2255 2257 2256
f 2256 2257 2262
f 2262 2257 2263
f 2268 2311 2310
f 2215 2236 2258
f 2236 2260 2258
f 2252 2258 2259
f 2258 2268 2259
f 2252 2259 2268
f 2236 2261 2260
f 2243 2264 2261
f 2258 2260 2268
f 2260 2269 2268
f 2260 2261 2269
f 2262 2263 2265
f 2262 2265 2264
f 2264 2266 2261
f 2261 2266 2267
f 2261 2267 2271
f 2264 2265 2266
f 2266 2287 2267
f 2267 2287 2272
f 2268 2269 2311
f 2261 2270 2269
f 2269 2270 2312
f 2269 2312 2311
f 2270 2271 2273
f 2271 2272 2273
f 2261 2271 2270
f 2267 2272 2271
f 2272 2287 2274
f 2270 2273 2313
f 2270 2313 2312
f 1840 2275 2280
f 1879 2279 2275
f 2287 1840 2280
f 2275 2279 2284
f 2275 2284 2280
f 1869 2276 2279
f 1870 2277 2276
f 2276 2278 2279
f 1866 1860 2299
f 2277 2283 2276
f 2276 2283 2278
f 2278 2284 2279
f 2278 2282 2284
f 2278 2283 2282
f 1860 1874 2299
f 1866 2299 1868
f 2280 2284 2285
f 2280 2285 2281
f 2280 2281 2287
f 1868 2360 1870
f 1870 2348 2277
f 2277 2348 2283
f 1874 1876 2299
f 2282 2324 2286
f 2323 2325 2281
f 2281 2325 2326
f 2327 2281 2326
f 2282 2286 2284
f 2284 2286 2285
f 2282 2283 2324
f 2281 2285 2286
f 2287 2281 2327
f 2274 2287 2327
f 2272 2327 2273
f 2272 2274 2327
f 2281 2286 2323
f 2283 2349 2324
f 2288 2357 1876
f 1887 2290 2289
f 1889 2291 2290
f 2289 2290 2292
f 2290 2294 2292
f 2290 2291 2294
f 1887 2359 2288
f 1887 2289 2359
f 2289 2292 2300
f 2292 2294 2293
f 2291 2295 2294
f 2291 2296 2295
f 2293 2294 2297
f 2294 2295 2297
f 1868 2299 2358
f 1868 2358 2360
f 1870 2360 2361
f 1870 2361 2363
f 1870 2363 2348
f 2283 2348 2349
f 2299 1876 2357
f 2357 2288 2360
f 2360 2288 2359
f 2292 2293 2300
f 2289 2300 2359
f 2293 2297 2300
f 2297 2298 2301
f 2295 2298 2297
f 2295 2296 2298
f 2298 2375 2303
f 2300 2362 2359
f 2297 2301 2300
f 2300 2301 2362
f 2301 2302 2367
f 2302 2304 2367
f 2301 2303 2302
f 2298 2303 2301
f 2302 2303 2304
f 2303 2305 2304
f 2250 2307 2306
f 2250 2251 2307
f 2251 2308 2307
f 2251 2310 2308
f 2119 2307 2308
f 2308 2309 2319
f 2309 2320 2319
f 2309 2316 2322
f 2316 2318 2322
f 2308 2310 2311
f 2308 2311 2309
f 2309 2311 2312
f 2309 2312 2316
f 2312 2313 2314
f 2312 2314 2317
f 2314 2313 2315
f 2312 2317 2316
f 2316 2317 2318
f 2120 2308 2319
f 2122 2320 2321
f 2309 2321 2320
f 2309 2322 2321
f 2315 2313 2328
f 2317 2314 2332
f 2315 2332 2314
f 2313 2327 2328
f 2315 2328 2333
f 2286 2324 2323
f 2323 2324 2325
f 2326 2328 2327
f 2330 2123 2321
f 2321 2322 2330
f 2318 2332 2322
f 2322 2332 2330
f 2330 2331 2329
f 2330 2332 2331
f 2318 2317 2332
f 2315 2333 2332
f 2331 2332 2333
f 2126 2329 2347
f 2331 2347 2329
f 2273 2327 2313
f 2325 2349 2326
f 2326 2349 2328
f 2324 2349 2325
f 2328 2349 2347
f 2328 2347 2333
f 2331 2333 2347
f 2126 2347 2343
f 2335 2345 2334
f 2334 2343 2347
f 2334 2351 2335
f 2143 2141 2339
f 2141 2126 2343
f 2141 2340 2339
f 2141 2343 2340
f 2336 2143 2339
f 2148 2336 2337
f 2148 2337 2181
f 2336 2341 2337
f 2340 2344 2339
f 2341 2339 2345
f 2336 2339 2341
f 2341 2345 2342
f 2337 2342 2338
f 2337 2341 2342
f 2340 2343 2344
f 2339 2344 2345
f 2334 2344 2343
f 2342 2345 2346
f 2344 2334 2345
f 2335 2346 2345
f 2335 2369 2346
f 2348 2363 2349
f 2364 2353 2349
f 2364 2350 2353
f 2347 2353 2351
f 2334 2347 2351
f 2351 2369 2335
f 2352 2369 2351
f 2352 2355 2369
f 2355 2413 2369
f 2347 2349 2353
f 2352 2353 2354
f 2351 2353 2352
f 2352 2354 2355
f 2355 2365 2356
f 2356 2366 2401
f 2355 2356 2413
f 2299 2357 2358
f 2357 2360 2358
f 2360 2359 2361
f 2359 2362 2361
f 2361 2349 2363
f 2364 2349 2361
f 2364 2361 2362
f 2301 2350 2364
f 2364 2362 2301
f 2301 2367 2353
f 2365 2367 2368
f 2301 2353 2350
f 2353 2367 2354
f 2354 2367 2355
f 2355 2367 2365
f 2365 2368 2366
f 2368 2407 2366
f 2304 2368 2367
f 2304 2411 2368
f 2304 2305 2411
f 2356 2365 2366
f 2809 2371 2370
f 1946 1947 2810
f 1947 2371 2810
f 2371 2809 2810
f 2291 1981 2372
f 2291 2372 2296
f 2372 2373 2374
f 2372 2374 2296
f 2373 1986 2374
f 2296 2374 2298
f 2298 2374 2375
f 2374 2376 2375
f 2375 2376 2303
f 2376 2377 2303
f 2382 2377 2376
f 2377 2378 2303
f 2303 2378 2379
f 2305 2380 2412
f 2303 2380 2305
f 2303 2379 2380
f 2412 2380 2381
f 2379 2381 2380
f 2376 2374 2829
f 1986 3012 2374
f 2382 2376 2829
f 2377 2891 2378
f 2377 2382 2891
f 2378 2905 2379
f 2382 2829 2830
f 2891 2382 2830
f 2181 2337 2182
f 2183 2337 2338
f 2182 2337 2183
f 2183 2338 2383
f 2183 2383 2385
f 2338 2342 2383
f 2383 2384 2385
f 2342 2386 2383
f 2383 2386 2384
f 2384 2386 2387
f 2384 2387 2385
f 2183 2385 2184
f 2391 2392 2396
f 2385 2396 2184
f 2391 2396 2385
f 2342 2346 2386
f 2386 2393 2387
f 2385 2387 2389
f 2346 2393 2386
f 2387 2393 2389
f 2389 2393 2391
f 2388 2391 2393
f 2385 2389 2391
f 2391 2390 2392
f 2388 2390 2391
f 2390 2394 2392
f 2388 2394 2390
f 2346 2369 2413
f 2346 2413 2393
f 2393 2413 2395
f 2395 2413 2414
f 2388 2393 2395
f 2414 2415 2395
f 2395 2415 2416
f 2388 2395 2394
f 2394 2841 2392
f 2395 2841 2394
f 2841 2395 2416
f 2392 2399 2396
f 2201 2833 2202
f 2396 2833 2201
f 2202 2833 2203
f 2203 2833 2204
f 2396 2397 2398
f 2396 2399 2397
f 2396 2398 2833
f 2397 2399 2398
f 2392 2400 2399
f 2400 2392 2841
f 2841 2416 2842
f 2398 2399 2400
f 2398 2400 2839
f 2416 2843 2842
f 2402 2414 2413
f 2402 2415 2414
f 2402 2405 2415
f 2356 2401 2402
f 2356 2402 2413
f 2401 2405 2402
f 2401 2403 2406
f 2401 2404 2403
f 2401 2406 2405
f 2404 2899 2403
f 2404 2408 2899
f 2403 2899 2406
f 2368 2411 2407
f 2411 2412 2410
f 2407 2411 2408
f 2411 2410 2409
f 2409 2408 2411
f 2410 2412 2409
f 2305 2412 2411
f 2401 2366 2407
f 2401 2407 2404
f 2404 2407 2408
f 2408 2409 2899
f 2415 2417 2416
f 2417 2405 2406
f 2417 2415 2405
f 2381 2894 2412
f 2905 2381 2379
f 2412 2894 2409
f 2378 2891 2905
f 2381 2895 2894
f 2409 2897 2899
f 2406 2899 2417
f 2416 2417 2845
f 2416 2845 2843
f 1722 1023 2418
f 1023 2419 2418
f 1024 2420 2419
f 2420 1025 2421
f 1722 2418 2425
f 2418 2419 2425
f 2419 2426 2425
f 2419 2420 2426
f 2420 2421 2426
f 2421 1026 2422
f 2422 1027 2423
f 1030 2424 2423
f 2421 2422 2426
f 2422 2430 2426
f 2422 2423 2430
f 2423 2424 2432
f 2423 2431 2430
f 2423 2432 2431
f 1729 2425 2428
f 2426 2427 2425
f 2426 2429 2427
f 1729 2428 1760
f 2425 2427 2428
f 2428 2427 2451
f 2426 2430 2429
f 2427 2429 2451
f 2429 2430 2451
f 2430 2452 2451
f 2430 2431 2452
f 2431 2453 2452
f 1792 2522 1734
f 2424 1029 2433
f 2424 2433 2438
f 2424 2438 2432
f 2433 1039 2434
f 1040 2435 2434
f 2435 1041 2436
f 2433 2434 2439
f 2433 2439 2438
f 2434 2435 2442
f 2434 2442 2439
f 2436 1042 2445
f 1042 2437 2445
f 2435 2436 2443
f 2435 2443 2442
f 2436 2444 2443
f 2437 2485 2445
f 2436 2445 2444
f 2445 2485 2483
f 2431 2432 2441
f 2431 2441 2453
f 2432 2438 2441
f 2438 2439 2441
f 2440 2455 2441
f 2439 2471 2441
f 2440 2441 2466
f 2441 2469 2466
f 2439 2442 2471
f 2442 2443 2471
f 2443 2444 2472
f 2444 2445 2472
f 2443 2472 2471
f 2445 2473 2472
f 2445 2495 2473
f 1085 1734 2522
f 1760 2428 2446
f 2428 2448 2446
f 1760 2446 2448
f 2428 2447 2448
f 2428 2451 2447
f 2447 2451 2450
f 1783 2448 2449
f 2448 2450 2449
f 2448 2447 2450
f 2451 2452 2456
f 2452 2453 2467
f 2450 2451 2454
f 2451 2456 2454
f 2452 2460 2456
f 2452 2467 2460
f 1784 2449 2465
f 2449 2450 2465
f 1784 2458 2457
f 1784 2465 2458
f 2450 2454 2459
f 2450 2459 2465
f 2454 2456 2462
f 2454 2462 2459
f 2465 2459 2463
f 2456 2460 2461
f 2456 2461 2462
f 2459 2462 2464
f 2459 2464 2463
f 2441 2455 2453
f 2455 2440 2468
f 2453 2455 2468
f 2453 2468 2467
f 2440 2466 2468
f 2468 2466 2469
f 2441 2470 2469
f 2460 2467 2474
f 2467 2468 2474
f 2468 2469 2474
f 2441 2471 2470
f 2469 2470 2476
f 2470 2471 2475
f 2471 2472 2475
f 2469 2476 2474
f 2470 2475 2476
f 2474 2476 2478
f 2460 2477 2461
f 2461 2477 2462
f 2477 2464 2462
f 2460 2474 2477
f 2477 2481 2464
f 2478 2480 2474
f 2474 2479 2477
f 2474 2480 2479
f 2478 2482 2480
f 2477 2479 2481
f 2479 2480 2481
f 2476 2502 2478
f 2482 2478 2502
f 1792 2524 2522
f 1959 2529 1792
f 1792 2529 2524
f 1958 2530 2529
f 1958 2536 2530
f 1958 2542 2536
f 2483 2485 2492
f 2445 2483 2496
f 2445 2496 2495
f 2484 2486 2494
f 2486 1072 2494
f 2485 2484 2493
f 2485 2493 2492
f 2484 2494 2493
f 1072 2498 2494
f 1072 2487 2498
f 2487 1073 2489
f 2488 1074 2489
f 2483 2492 2496
f 2492 2493 2497
f 2492 2497 2496
f 2493 2494 2497
f 2494 2498 2497
f 2498 2487 2510
f 2489 2518 2487
f 2489 1074 2520
f 1074 2490 2520
f 2472 2473 2499
f 2473 2495 2499
f 2495 2496 2499
f 2496 2497 2500
f 2497 2498 2501
f 2472 2499 2475
f 2476 2475 2502
f 2475 2499 2503
f 2496 2500 2499
f 2497 2501 2500
f 2487 2509 2510
f 2501 2498 2510
f 2487 2516 2509
f 2489 2520 2518
f 2487 2517 2516
f 2487 2518 2517
f 2490 2521 2520
f 2475 2503 2502
f 2499 2504 2503
f 2499 2505 2504
f 2499 2500 2505
f 2500 2501 2507
f 2500 2507 2505
f 2504 2505 2513
f 2480 2482 2570
f 2480 2570 2481
f 2482 2502 2570
f 2502 2503 2570
f 2504 2570 2503
f 2504 2513 2570
f 2501 2506 2507
f 2501 2508 2506
f 2501 2510 2508
f 2508 2510 2511
f 2510 2509 2511
f 2507 2515 2505
f 2506 2515 2507
f 2506 2508 2515
f 2508 2511 2515
f 2509 2512 2515
f 2509 2515 2511
f 2505 2515 2513
f 2513 2514 2570
f 2509 2516 2512
f 2512 2516 2618
f 2516 2517 2618
f 2518 2618 2517
f 2518 2519 2618
f 2519 2518 2614
f 2518 2520 2614
f 1085 2522 2524
f 1086 2524 2523
f 2525 1086 2523
f 2523 2524 2530
f 1087 2525 2538
f 2523 2534 2525
f 1087 2538 2526
f 2527 2526 2538
f 2490 2491 2541
f 2491 2528 2541
f 2527 2539 2528
f 2529 2530 2524
f 2523 2530 2535
f 2523 2535 2534
f 2525 2534 2537
f 2537 2538 2525
f 2527 2538 2539
f 2490 2541 2521
f 2528 2540 2541
f 2528 2539 2540
f 2531 2553 2533
f 2531 2533 2532
f 2532 2544 2531
f 2532 2533 2578
f 2532 2578 2544
f 2535 2530 2536
f 2534 2535 2536
f 2534 2536 2537
f 2536 2542 2545
f 2531 2544 2543
f 2542 2543 2545
f 2536 2545 2547
f 2545 2546 2547
f 2536 2596 2537
f 2540 2539 2598
f 2537 2597 2538
f 2539 2538 2597
f 2536 2547 2596
f 2547 2548 2596
f 2544 2577 2543
f 2543 2581 2545
f 2546 2545 2581
f 2546 2601 2547
f 2547 2601 2548
f 2521 2541 2608
f 2520 2521 2614
f 2541 2540 2608
f 1787 2457 2549
f 2457 2550 2549
f 1902 2688 1914
f 2458 2465 2573
f 2463 2573 2465
f 2457 2573 2550
f 2458 2573 2457
f 2549 2550 2573
f 2463 2464 2573
f 2464 2481 2573
f 2549 2688 1902
f 1916 1917 2651
f 1914 2651 1917
f 1916 2702 1926
f 1926 2702 1929
f 1928 2709 1931
f 1931 2660 1933
f 1928 1929 2709
f 1914 2688 2651
f 1916 2651 2702
f 1959 1958 2529
f 1958 2551 2531
f 1960 2552 2551
f 1946 2810 2552
f 1958 2531 2543
f 1958 2543 2542
f 2552 2553 2551
f 2552 2554 2553
f 2554 2555 2553
f 2531 2551 2553
f 2533 2553 2555
f 2555 2556 2533
f 2552 2810 2554
f 2554 2818 2555
f 2555 2820 2556
f 2558 2557 2559
f 1991 1989 2654
f 1933 2660 1988
f 1988 2657 1989
f 1996 1991 2654
f 1993 1997 2567
f 2558 2563 1995
f 1997 1995 2564
f 2557 2560 2559
f 2557 1996 2654
f 2559 2563 2558
f 2563 2564 1995
f 1998 1999 2566
f 2001 1993 2566
f 1998 2569 2000
f 1999 2001 2566
f 1986 2000 2569
f 1993 2567 2566
f 1998 2566 2568
f 1998 2568 2569
f 2560 2561 2559
f 2557 2654 2560
f 2656 2654 1989
f 2561 2562 2559
f 2559 2562 2563
f 1997 2564 2565
f 1931 2709 2660
f 2560 2652 2561
f 1929 2702 2709
f 2561 2652 2653
f 1989 2657 2656
f 1988 2659 2657
f 1988 2660 2659
f 2560 2654 2652
f 2561 2653 2562
f 2562 2655 2563
f 2563 2663 2564
f 1997 2565 2567
f 2565 2564 2674
f 2565 2674 2567
f 2566 2567 2568
f 2567 2670 2568
f 2568 2670 2569
f 2481 2570 2573
f 2514 2571 2570
f 2513 2575 2514
f 2513 2515 2575
f 2575 2515 2512
f 2570 2571 2574
f 2514 2575 2571
f 2573 2688 2549
f 2571 2575 2572
f 2570 2574 2573
f 2571 2572 2574
f 2572 2575 2574
f 2512 2619 2575
f 2512 2618 2619
f 2575 2685 2574
f 2575 2619 2684
f 2575 2684 2685
f 2573 2574 2576
f 2574 2687 2576
f 2574 2685 2687
f 2573 2576 2689
f 2573 2689 2688
f 2601 2591 2548
f 2546 2603 2601
f 2546 2602 2603
f 2546 2582 2602
f 2556 2578 2533
f 2544 2578 2577
f 2577 2578 2579
f 2577 2579 2580
f 2577 2580 2581
f 2543 2577 2581
f 2582 2546 2581
f 2582 2583 2602
f 2583 2626 2602
f 2586 2627 2626
f 2580 2584 2581
f 2582 2584 2583
f 2582 2581 2584
f 2583 2584 2586
f 2584 2588 2586
f 2585 2586 2587
f 2588 2587 2586
f 2583 2586 2626
f 2586 2640 2627
f 2586 2642 2640
f 2585 2587 2589
f 2587 2590 2589
f 2585 2642 2586
f 2585 2589 2642
f 2590 2664 2589
f 2664 2642 2589
f 2591 2592 2548
f 2548 2592 2593
f 2537 2596 2597
f 2539 2597 2598
f 2540 2598 2600
f 2593 2595 2548
f 2540 2600 2608
f 2548 2595 2596
f 2519 2611 2618
f 2519 2614 2611
f 2608 2612 2521
f 2521 2612 2614
f 2592 2594 2593
f 2593 2594 2599
f 2593 2599 2595
f 2595 2599 2596
f 2596 2599 2597
f 2597 2599 2598
f 2600 2598 2599
f 2600 2599 2609
f 2600 2609 2608
f 2601 2603 2605
f 2603 2604 2605
f 2603 2602 2604
f 2591 2601 2606
f 2592 2591 2606
f 2592 2607 2594
f 2592 2606 2607
f 2594 2607 2599
f 2601 2631 2606
f 2606 2631 2607
f 2602 2626 2604
f 2626 2628 2604
f 2609 2599 2607
f 2609 2610 2608
f 2610 2612 2608
f 2613 2611 2614
f 2614 2612 2615
f 2613 2614 2615
f 2609 2616 2610
f 2609 2607 2616
f 2610 2616 2612
f 2612 2616 2615
f 2615 2616 2617
f 2607 2631 2616
f 2616 2631 2633
f 2616 2633 2617
f 2617 2633 2634
f 2618 2620 2619
f 2618 2621 2620
f 2619 2620 2684
f 2620 2621 2684
f 2618 2622 2621
f 2611 2622 2618
f 2611 2613 2623
f 2613 2615 2624
f 2611 2623 2622
f 2613 2624 2623
f 2621 2622 2684
f 2622 2623 2692
f 2624 2698 2623
f 2615 2617 2624
f 2617 2625 2624
f 2617 2634 2625
f 2624 2625 2699
f 2601 2605 2948
f 2605 2604 2949
f 2601 2636 2631
f 2626 2627 2629
f 2629 2627 2630
f 2626 2629 2628
f 2627 2641 2630
f 2628 2629 2957
f 2629 2630 2959
f 2628 2952 2604
f 2604 2952 2953
f 2628 2957 2952
f 2629 2959 2957
f 2630 2960 2959
f 2630 2969 2960
f 2636 2601 2637
f 2631 2636 2632
f 2631 2632 2633
f 2633 2635 2634
f 2632 2635 2633
f 2634 2635 2648
f 2601 2948 2637
f 2604 2953 2949
f 2605 2949 2948
f 2637 2948 2951
f 2632 2636 2955
f 2955 2962 2632
f 2636 2637 2954
f 2637 2951 2954
f 2954 2955 2636
f 2632 2638 2635
f 2635 2639 2648
f 2635 2638 2639
f 2962 2638 2632
f 2638 2963 2639
f 2627 2640 2641
f 2640 2642 2641
f 2630 2641 2969
f 2641 2642 2643
f 2642 2645 2644
f 2642 2644 2643
f 2642 2725 2645
f 2641 2643 2969
f 2644 2972 2643
f 2643 2970 2969
f 2643 2972 2970
f 2644 2975 2972
f 2645 2975 2644
f 2645 3018 2975
f 2625 2634 2646
f 2634 2648 2646
f 2646 2648 2647
f 2625 2646 2727
f 2646 2647 2730
f 2639 2650 2648
f 2647 2648 2649
f 2648 2650 2649
f 2639 2963 2977
f 2639 2977 2650
f 2647 2649 2730
f 2649 2650 2730
f 2650 2731 2730
f 2978 2731 2650
f 2652 2656 2653
f 2656 2652 2654
f 2562 2653 2655
f 2563 2655 2663
f 2564 2663 2674
f 2653 2658 2655
f 2656 2658 2653
f 2657 2658 2656
f 2658 2659 2655
f 2658 2657 2659
f 2655 2659 2662
f 2659 2660 2662
f 2660 2661 2662
f 2709 2661 2660
f 2661 2711 2662
f 2662 2674 2663
f 2655 2662 2663
f 2662 2711 2674
f 2711 2717 2674
f 2664 2723 2642
f 2675 2724 2723
f 2675 2733 2724
f 2664 2590 2666
f 2664 2667 2665
f 2666 2667 2664
f 2665 2667 2669
f 2664 2665 2723
f 2665 2668 2723
f 2665 2669 2668
f 2668 2669 2675
f 2668 2675 2723
f 2567 2674 2670
f 2670 2674 2671
f 2670 2671 2569
f 2569 2671 2672
f 2671 2673 2672
f 2678 2735 2733
f 2671 2674 2717
f 2680 2673 2717
f 2680 2717 2681
f 2671 2717 2673
f 2681 2718 2682
f 2681 2717 2718
f 2682 2718 2735
f 2675 2676 2733
f 2676 2677 2733
f 2678 2733 2677
f 2678 2682 2735
f 2677 2679 2678
f 2678 2679 2683
f 2678 2683 2682
f 2681 2682 2680
f 2680 2682 2683
f 2680 2683 2673
f 2685 2684 2690
f 2684 2686 2690
f 2684 2692 2686
f 2576 2687 2691
f 2576 2691 2689
f 2687 2685 2691
f 2685 2690 2691
f 2690 2705 2691
f 2686 2697 2690
f 2690 2697 2705
f 2622 2692 2684
f 2623 2698 2692
f 2692 2694 2686
f 2686 2694 2693
f 2698 2694 2692
f 2694 2698 2693
f 2693 2696 2686
f 2693 2698 2695
f 2686 2696 2697
f 2693 2695 2696
f 2624 2699 2698
f 2625 2700 2699
f 2625 2727 2700
f 2698 2699 2701
f 2696 2695 2722
f 2695 2701 2722
f 2695 2698 2701
f 2699 2700 2701
f 2700 2729 2701
f 2651 2688 2702
f 2688 2689 2703
f 2689 2691 2703
f 2688 2713 2702
f 2688 2703 2713
f 2691 2704 2703
f 2691 2705 2704
f 2704 2705 2706
f 2705 2707 2706
f 2703 2704 2713
f 2704 2706 2713
f 2706 2715 2714
f 2706 2714 2713
f 2706 2707 2715
f 2702 2708 2710
f 2702 2710 2709
f 2702 2713 2708
f 2712 2661 2709
f 2661 2712 2711
f 2710 2712 2709
f 2710 2708 2715
f 2710 2715 2712
f 2708 2713 2714
f 2708 2714 2715
f 2735 2718 2719
f 2736 2735 2719
f 2707 2720 2715
f 2716 2717 2711
f 2717 2719 2718
f 2712 2715 2721
f 2715 2720 2721
f 2712 2742 2711
f 2716 2711 2742
f 2712 2721 2742
f 2697 2696 2722
f 2697 2722 2705
f 2705 2722 2707
f 2707 2722 2720
f 2701 2739 2722
f 2701 2737 2739
f 2720 2722 2739
f 2720 2739 2721
f 2723 2725 2642
f 2723 2724 2726
f 2723 2726 2725
f 2733 2726 2724
f 2733 2734 2726
f 2725 2726 3024
f 2726 2734 3023
f 2645 2725 3018
f 2725 3019 3018
f 2725 3024 3019
f 2726 3023 3024
f 2646 2730 2727
f 2727 2730 2728
f 2701 2729 2737
f 2700 2727 2729
f 2727 2728 2729
f 2728 2732 2729
f 2729 2732 2738
f 2728 2730 2732
f 2730 2731 2732
f 2732 2741 2738
f 2731 3029 2732
f 3027 2731 3028
f 2731 3027 3029
f 2732 3029 2741
f 2741 3029 3030
f 2733 2735 2736
f 2733 2736 2734
f 2736 2719 3042
f 2736 3042 2734
f 2717 2716 3043
f 2717 3043 2719
f 2742 2743 2716
f 2743 3043 2716
f 2734 3037 3023
f 2734 3042 3037
f 2737 2740 2739
f 2729 2740 2737
f 2729 2738 2740
f 2721 2739 2742
f 2740 2742 2739
f 2740 2738 2741
f 2740 2741 2742
f 2741 3030 3040
f 2741 3040 2742
f 2719 3043 3044
f 2719 3044 3042
f 2742 3045 2743
f 3047 3045 2742
f 2743 3045 3043
f 3040 3047 2742
f 2756 2815 2155
f 2813 2154 2814
f 2815 2814 2155
f 2756 2758 2816
f 2758 2792 2816
f 2756 2816 2815
f 2792 2849 2816
f 1538 2745 2160
f 1539 2744 2745
f 1539 2746 2744
f 1541 2747 2746
f 2158 2159 2755
f 2159 2160 2755
f 2160 2745 2755
f 2744 2755 2745
f 2744 2746 2755
f 2746 2747 2755
f 2157 2756 2155
f 2157 2158 2756
f 1541 2748 2747
f 1542 2749 2748
f 2747 2748 2760
f 2158 2755 2756
f 2760 2755 2747
f 2748 2762 2760
f 1543 2750 2749
f 2748 2749 2763
f 2749 2750 2763
f 1545 2751 2750
f 2752 1546 2754
f 1546 2752 2751
f 1547 2753 2754
f 2750 2751 2766
f 2751 2752 2766
f 2753 2170 2766
f 2752 2754 2766
f 2753 2766 2754
f 2167 2767 2168
f 2168 2767 2169
f 2169 2767 2170
f 2164 2781 2167
f 2748 2763 2762
f 2750 2766 2763
f 2170 2767 2766
f 2165 2772 2773
f 2164 2773 2774
f 2774 2778 2164
f 2164 2778 2779
f 2164 2779 2780
f 2164 2780 2781
f 2167 2781 2798
f 2167 2798 2767
f 2755 2757 2756
f 2756 2757 2758
f 2757 2759 2758
f 2758 2759 2793
f 2758 2793 2792
f 2760 2757 2755
f 2760 2761 2757
f 2757 2761 2759
f 2760 2762 2761
f 2761 2764 2759
f 2759 2764 2765
f 2759 2794 2793
f 2759 2765 2794
f 2761 2762 2763
f 2761 2763 2764
f 2763 2766 2764
f 2764 2766 2768
f 2764 2769 2765
f 2764 2768 2769
f 2765 2797 2794
f 2765 2769 2797
f 2769 2799 2797
f 2766 2767 2770
f 2766 2770 2768
f 2768 2771 2769
f 2768 2770 2771
f 2769 2771 2799
f 2771 2800 2799
f 2767 2801 2770
f 2767 2798 2801
f 2770 2801 2771
f 2771 2801 2800
f 2772 2775 2773
f 2773 2777 2774
f 2772 2199 2775
f 2773 2775 2776
f 2773 2776 2777
f 2774 2777 2782
f 2778 2774 2783
f 2778 2783 2779
f 2779 2784 2780
f 2782 2783 2774
f 2779 2783 2784
f 2780 2784 2785
f 2780 2791 2781
f 2780 2785 2791
f 2199 2787 2775
f 2775 2788 2776
f 2776 2788 2777
f 2777 2788 2782
f 2199 2786 2787
f 2775 2787 2788
f 2787 2832 2788
f 2782 2789 2783
f 2783 2790 2784
f 2784 2791 2785
f 2782 2788 2789
f 2783 2789 2790
f 2784 2790 2791
f 2792 2793 2795
f 2793 2794 2796
f 2794 2797 2796
f 2793 2796 2795
f 2849 2792 2795
f 2849 2795 2852
f 2795 2854 2852
f 2795 2796 2854
f 2796 2804 2860
f 2796 2853 2854
f 2796 2858 2853
f 2796 2859 2858
f 2860 2859 2796
f 2799 2800 2805
f 2798 2803 2801
f 2800 2801 2802
f 2781 2806 2798
f 2800 2802 2805
f 2801 2803 2802
f 2798 2807 2803
f 2797 2799 2804
f 2796 2797 2804
f 2799 2805 2804
f 2781 2791 2806
f 2798 2806 2807
f 2802 2866 2805
f 2802 2803 2808
f 2865 2805 2866
f 2803 2807 2808
f 2802 2808 2864
f 2866 2802 2868
f 2864 2867 2802
f 2802 2867 2868
f 2805 2874 2804
f 2860 2804 2873
f 2873 2804 2874
f 2805 2875 2874
f 2805 2876 2875
f 2877 2876 2805
f 2877 2805 2865
f 2810 2811 2554
f 2554 2811 2812
f 2555 2819 2820
f 2554 2812 2813
f 2554 2813 2814
f 2815 2816 2554
f 2554 2814 2815
f 2554 2816 2818
f 2555 2818 2819
f 2820 2578 2556
f 2821 2579 2820
f 2821 2822 2579
f 2822 2823 2579
f 2818 2816 2817
f 2817 2816 2850
f 2817 2850 2818
f 2818 2850 2819
f 2819 2850 2822
f 2850 2816 2849
f 2819 2821 2820
f 2819 2822 2821
f 2828 2850 2849
f 2828 2849 2851
f 2822 2850 2824
f 2824 2850 2827
f 2827 2850 2828
f 2823 2825 2938
f 2825 2826 2938
f 2938 2826 2855
f 2822 2824 2823
f 2823 2824 2825
f 2824 2827 2825
f 2825 2828 2826
f 2827 2828 2825
f 2828 2855 2826
f 1986 2569 3012
f 2374 3012 2829
f 2829 2831 2830
f 2891 2830 2892
f 2830 2831 2904
f 2830 2904 2892
f 2829 3012 2831
f 2831 2911 2904
f 2831 3130 2911
f 3012 3013 2831
f 3013 3130 2831
f 2835 2786 2204
f 2786 2835 2787
f 2833 2834 2204
f 2204 2834 2835
f 2787 2835 2832
f 2398 2839 2833
f 2833 2844 2834
f 2834 2844 2835
f 2832 2837 2788
f 2788 2838 2789
f 2835 2836 2832
f 2832 2836 2837
f 2789 2838 2790
f 2869 2791 2790
f 2838 2788 2837
f 2838 2869 2790
f 2835 2848 2836
f 2836 2848 2837
f 2837 2878 2838
f 2833 2839 2840
f 2833 2840 2844
f 2400 2842 2839
f 2400 2841 2842
f 2839 2843 2840
f 2839 2842 2843
f 2840 2843 2844
f 2844 2843 2845
f 2835 2844 2847
f 2835 2847 2848
f 2837 2848 2878
f 2844 2846 2847
f 2844 2845 2846
f 2847 2903 2848
f 2846 2902 2847
f 2847 2902 2903
f 2828 2851 2854
f 2854 2853 2828
f 2851 2849 2852
f 2851 2852 2854
f 2828 2853 2855
f 2853 2856 2855
f 2856 2853 2858
f 2858 2859 2857
f 2860 2861 2859
f 2860 2873 2862
f 2856 2858 2857
f 2857 2859 2861
f 2860 2862 2861
f 2862 2873 2863
f 2862 2863 2861
f 2856 3081 2855
f 2856 2857 3081
f 2857 2861 3081
f 2861 2863 3081
f 2863 2884 3081
f 2806 2791 2869
f 2806 2870 2807
f 2806 2869 2870
f 2807 2872 2808
f 2864 2808 2872
f 2807 2870 2872
f 2864 2871 2867
f 2864 2872 2871
f 2838 2879 2869
f 2869 2879 2870
f 2870 2879 2872
f 2871 2872 2882
f 2863 2873 2874
f 2875 2883 2874
f 2883 2875 2876
f 2883 2876 2877
f 2874 2883 2863
f 2883 2884 2863
f 2877 2885 2883
f 2877 2886 2885
f 2868 2887 2886
f 2884 2885 3085
f 2885 2888 3085
f 2877 2865 2886
f 2866 2886 2865
f 2866 2868 2886
f 2868 2867 2890
f 2868 2890 2887
f 2871 2925 2867
f 2838 2878 2879
f 2872 2879 2881
f 2872 2881 2882
f 2848 2923 2878
f 2878 2923 2879
f 2848 2903 2922
f 2848 2922 2923
f 2879 2924 2881
f 2880 2882 2881
f 2879 2923 2924
f 2880 2881 2924
f 2883 2885 2884
f 2885 2886 2888
f 2886 2887 2888
f 2888 2887 2889
f 2887 2890 2889
f 2888 2889 3094
f 2890 2925 2889
f 2889 2925 3095
f 3095 2925 2926
f 2926 2927 3095
f 2867 2925 2890
f 2871 2882 2925
f 2880 2926 2882
f 2381 2896 2895
f 2381 2893 2896
f 2905 2893 2381
f 2409 2894 2897
f 2891 2892 2906
f 2897 2908 2900
f 2897 2894 2895
f 2895 2896 2908
f 2897 2895 2908
f 2417 2899 2898
f 2898 2899 2901
f 2899 2900 2901
f 2417 2898 2845
f 2846 2898 2901
f 2845 2898 2846
f 2897 2900 2899
f 2900 2908 2922
f 2846 2901 2902
f 2901 2903 2902
f 2900 2903 2901
f 2900 2922 2903
f 2892 2904 2912
f 2891 2906 2905
f 2892 2912 2906
f 2911 2913 2904
f 2913 2912 2904
f 2896 2907 2908
f 2893 2907 2896
f 2893 2905 2907
f 2905 2909 2907
f 2907 2910 2908
f 2907 2909 2910
f 2909 2915 2910
f 2905 2906 2909
f 2906 2915 2909
f 2906 2912 2915
f 3130 2913 2911
f 3130 2914 2913
f 2918 2920 2932
f 2920 2921 2936
f 2921 3136 2937
f 2915 2916 2917
f 2913 2915 2912
f 2915 2913 2919
f 2919 2916 2915
f 2915 2917 2910
f 2919 2917 2916
f 2917 2920 2918
f 2914 2919 2913
f 2914 3128 2919
f 2919 3128 3134
f 2917 2919 2920
f 2919 3134 2920
f 2920 3134 2921
f 2910 2923 2922
f 2924 2923 2935
f 2880 2924 2935
f 2926 2880 2929
f 2926 2930 2927
f 2927 2930 2931
f 2927 2931 2928
f 2928 3156 3152
f 2928 2931 3156
f 2929 2934 2936
f 2934 2880 2935
f 2929 2880 2934
f 2926 2929 2930
f 2923 2932 2935
f 2918 2932 2923
f 2929 2937 2930
f 2929 2936 2937
f 2930 3163 2931
f 2930 2937 3163
f 2882 2926 2925
f 2908 2910 2922
f 2917 2923 2910
f 2917 2918 2923
f 2934 2933 2936
f 2932 2933 2935
f 2934 2935 2933
f 2920 2933 2932
f 2920 2936 2933
f 2921 2937 2936
f 2937 3136 3163
f 2579 2940 2580
f 2578 2820 2579
f 2938 2940 2579
f 2938 2579 2823
f 2580 2939 2584
f 2588 2584 2944
f 2587 2588 2945
f 2940 2939 2580
f 2584 2939 2941
f 2584 2941 2943
f 2584 2943 2944
f 2588 2944 2945
f 2587 2946 2590
f 2666 2590 2946
f 2587 2945 2946
f 2946 2947 2666
f 2939 2940 2942
f 2939 2942 2941
f 2940 2988 2942
f 3082 2988 2940
f 2942 2943 2941
f 2943 2942 2944
f 2942 2998 2944
f 2944 2999 2945
f 2949 2953 2950
f 2949 2951 2948
f 2949 2950 2951
f 2951 2950 2983
f 2951 2965 2954
f 2965 2955 2954
f 2956 2955 2965
f 2957 2958 2952
f 2957 2961 2958
f 2957 2959 2961
f 2959 2960 2961
f 2969 2971 2961
f 2960 2969 2961
f 2955 2956 2962
f 2964 2638 2962
f 2956 2964 2962
f 2963 2638 2964
f 2956 2966 2964
f 2956 2965 2966
f 2952 2987 2953
f 2950 2953 2987
f 2950 2986 2983
f 2951 2983 2965
f 2965 2983 2967
f 2958 2981 2952
f 2958 2961 2982
f 2971 2982 2961
f 2965 2967 2966
f 2966 2967 2968
f 2971 2973 2982
f 2973 2974 2982
f 2974 2976 2999
f 2976 3021 2999
f 2969 2970 2971
f 2970 2973 2971
f 2970 2972 2973
f 2972 2974 2973
f 2972 2975 2974
f 2974 2975 2976
f 2963 2964 2978
f 2963 2978 2977
f 2964 2966 2979
f 2964 2979 2978
f 3018 2976 2975
f 2977 2978 2650
f 2978 2979 3033
f 2966 2968 2979
f 2968 2980 2979
f 2979 2980 3034
f 2958 2982 2981
f 2942 2988 2985
f 2988 3082 2993
f 2981 2982 2942
f 2982 2998 2942
f 2942 2985 2981
f 2986 2950 2987
f 2952 2985 2987
f 2983 2986 2989
f 2983 2989 2990
f 2983 2990 2967
f 2967 2990 2991
f 2981 2985 2952
f 2967 2984 2968
f 2968 2984 3000
f 2994 2967 2991
f 2967 2995 2984
f 2994 2995 2967
f 3000 2984 2995
f 2986 2987 2988
f 2985 2988 2987
f 2988 2989 2986
f 2988 2991 2990
f 2989 2988 2990
f 2988 2993 3111
f 2988 3111 2991
f 2991 3111 2992
f 2992 3111 3112
f 2991 2992 2994
f 2992 2996 2994
f 2994 2996 3003
f 2994 3003 2995
f 2992 3112 2996
f 2996 3112 2997
f 2974 2998 2982
f 2974 2999 2998
f 2998 2999 2944
f 2945 3054 2946
f 2999 3054 2945
f 2968 3000 2980
f 2980 3000 3001
f 2995 3003 3000
f 3004 3000 3003
f 3000 3002 3001
f 3000 3004 3005
f 3000 3005 3002
f 2980 3001 3056
f 3005 3007 3002
f 3001 3002 3056
f 2996 2997 3003
f 2997 3004 3003
f 3004 3006 3005
f 2997 3006 3004
f 2997 3007 3006
f 2997 3008 3007
f 2997 3009 3008
f 3005 3006 3007
f 3007 3059 3002
f 3007 3008 3062
f 3008 3009 3062
f 2666 3010 2667
f 2667 3010 2669
f 2675 3011 2676
f 2675 2669 3011
f 2666 2947 3010
f 2669 3010 3011
f 2676 3011 3014
f 2569 2672 3012
f 2672 2673 3016
f 2672 3016 3012
f 2676 3014 2677
f 2679 3017 2683
f 2679 2677 3015
f 2673 2683 3016
f 2677 3014 3015
f 2679 3015 3017
f 2683 3017 3016
f 3130 3013 3140
f 3015 3014 3055
f 3015 3055 3017
f 3017 3055 3016
f 3012 3066 3013
f 3012 3016 3066
f 3013 3066 3140
f 3021 3020 3054
f 3020 3025 3054
f 3018 3021 2976
f 3019 3020 3018
f 3018 3020 3021
f 2731 2978 3022
f 3028 2731 3022
f 2978 3033 3022
f 3019 3025 3020
f 3019 3024 3025
f 3023 3026 3024
f 3024 3026 3025
f 3028 3022 3032
f 3027 3028 3031
f 3027 3030 3029
f 3027 3031 3030
f 3028 3032 3031
f 3022 3033 3032
f 3032 3033 3035
f 2979 3034 3033
f 3025 3026 3055
f 3033 3034 3036
f 3033 3036 3035
f 3034 3058 3036
f 3023 3037 3026
f 3026 3037 3038
f 3038 3037 3046
f 3037 3042 3046
f 3030 3031 3039
f 3030 3039 3040
f 3031 3041 3039
f 3031 3032 3041
f 3039 3047 3040
f 3039 3041 3049
f 3032 3035 3050
f 3032 3049 3041
f 3032 3050 3049
f 3042 3044 3046
f 3043 3046 3044
f 3045 3046 3043
f 3045 3047 3046
f 3039 3049 3047
f 3047 3049 3048
f 3049 3050 3052
f 3026 3038 3065
f 3038 3046 3068
f 3035 3036 3050
f 3036 3053 3050
f 3036 3067 3051
f 3036 3051 3053
f 3051 3067 3053
f 3046 3047 3073
f 3047 3048 3073
f 3050 3053 3052
f 3049 3076 3048
f 3049 3052 3074
f 3052 3053 3074
f 2999 3021 3054
f 3025 3055 3054
f 3026 3065 3055
f 2946 3055 2947
f 2947 3055 3010
f 2946 3054 3055
f 3011 3010 3055
f 3011 3055 3014
f 2980 3056 3034
f 3034 3056 3058
f 3056 3057 3058
f 3002 3060 3056
f 3002 3061 3060
f 3056 3060 3057
f 3036 3058 3067
f 3057 3071 3058
f 3057 3060 3071
f 3058 3071 3067
f 3007 3062 3059
f 3002 3059 3061
f 3059 3062 3064
f 3060 3061 3072
f 3059 3063 3061
f 3059 3064 3063
f 3060 3072 3071
f 3061 3063 3072
f 3062 3175 3064
f 3063 3064 3070
f 3055 3065 3066
f 3065 3068 3066
f 3066 3016 3055
f 3140 3066 3076
f 3076 3077 3140
f 3077 3078 3140
f 3140 3078 3079
f 3038 3068 3065
f 3067 3071 3075
f 3046 3073 3068
f 3073 3048 3076
f 3049 3074 3076
f 3067 3075 3074
f 3053 3067 3074
f 3069 3070 3080
f 3070 3183 3080
f 3063 3069 3072
f 3072 3075 3071
f 3072 3069 3075
f 3063 3070 3069
f 3068 3073 3066
f 3073 3076 3066
f 3069 3077 3075
f 3069 3078 3077
f 3075 3077 3074
f 3074 3077 3076
f 3069 3080 3078
f 3078 3080 3079
f 3080 3183 3185
f 3079 3080 3179
f 2938 3081 2940
f 2855 3081 2938
f 2884 3085 3081
f 2940 3083 3082
f 2940 3081 3083
f 3083 3084 3082
f 3082 3084 3104
f 3083 3085 3084
f 3081 3085 3083
f 3084 3085 3104
f 3085 3086 3104
f 3086 3087 3106
f 3085 3090 3086
f 3086 3090 3087
f 3087 3091 3088
f 3088 3092 3108
f 3092 3093 3108
f 3085 2888 3089
f 3089 3095 3090
f 3085 3089 3090
f 3087 3090 3091
f 3090 3095 3091
f 3091 3095 3092
f 3092 3095 3093
f 3088 3091 3092
f 3093 3095 3123
f 2888 3094 3089
f 2889 3095 3094
f 3095 2928 3096
f 3089 3094 3095
f 3097 3099 3102
f 2928 3097 3096
f 3095 2927 2928
f 2928 3152 3097
f 3097 3152 3153
f 3097 3100 3099
f 3097 3098 3100
f 3099 3100 3102
f 3097 3153 3098
f 3097 3101 3103
f 3095 3096 3103
f 3097 3103 3096
f 3097 3102 3101
f 3095 3103 3124
f 3095 3124 3123
f 3098 3187 3100
f 3100 3187 3102
f 3101 3102 3187
f 3101 3187 3103
f 2993 3082 3105
f 3082 3104 3105
f 3105 3106 3111
f 3105 3104 3106
f 3106 3107 3111
f 3086 3106 3104
f 3087 3088 3106
f 3088 3108 3106
f 3093 3110 3108
f 3093 3123 3110
f 3110 3123 3124
f 3106 3108 3110
f 3106 3110 3107
f 3107 3110 3109
f 3109 3110 3124
f 2993 3105 3111
f 3111 3113 3112
f 3107 3113 3111
f 3113 3120 3114
f 3112 3113 3114
f 2997 3112 3114
f 3107 3109 3113
f 3109 3120 3113
f 3116 3120 3124
f 3109 3124 3120
f 3115 3116 3124
f 3116 3117 3120
f 3115 3187 3116
f 3116 3176 3117
f 3114 3120 3122
f 3114 3118 3119
f 3114 3122 3118
f 2997 3114 3119
f 2997 3119 3009
f 3118 3173 3119
f 3118 3122 3173
f 3122 3176 3173
f 3062 3009 3119
f 3120 3121 3122
f 3117 3121 3120
f 3121 3176 3122
f 3117 3176 3121
f 3103 3125 3124
f 3115 3124 3125
f 3103 3187 3125
f 3115 3125 3187
f 3162 3146 3126
f 2914 3130 3128
f 3128 3130 3140
f 3128 3140 3129
f 3129 3140 3131
f 3137 3163 3136
f 3137 3132 3164
f 3133 3166 3165
f 3132 3133 3164
f 3133 3144 3166
f 2921 3134 3135
f 3135 3138 3136
f 3128 3129 3134
f 3129 3135 3134
f 2921 3135 3136
f 3137 3136 3139
f 3136 3138 3139
f 3137 3139 3148
f 3129 3131 3135
f 3131 3138 3135
f 3131 3139 3138
f 3131 3141 3139
f 3137 3148 3132
f 3132 3149 3133
f 3131 3140 3141
f 3140 3142 3141
f 3140 3179 3142
f 3142 3179 3143
f 3144 3160 3166
f 3145 3147 3161
f 3145 3161 3160
f 3144 3145 3160
f 3144 3151 3145
f 3145 3151 3147
f 3146 3147 3151
f 3146 3151 3181
f 3162 3161 3146
f 3146 3161 3147
f 3126 3146 3181
f 3132 3148 3149
f 3144 3150 3151
f 3133 3149 3150
f 3139 3141 3142
f 3139 3142 3148
f 3142 3143 3148
f 3143 3149 3148
f 3133 3150 3144
f 3143 3150 3149
f 3143 3151 3150
f 3152 3154 3153
f 3152 3156 3154
f 3098 3153 3155
f 3153 3154 3155
f 3098 3155 3157
f 2931 3165 3156
f 2931 3163 3164
f 2931 3164 3165
f 3154 3156 3160
f 3162 3155 3154
f 3156 3166 3160
f 3156 3165 3166
f 3154 3160 3161
f 3098 3158 3186
f 3098 3157 3158
f 3098 3186 3187
f 3158 3159 3186
f 3162 3126 3155
f 3126 3157 3155
f 3162 3154 3161
f 3126 3158 3157
f 3126 3159 3158
f 3127 3159 3126
f 3137 3164 3163
f 3133 3165 3164
f 3187 3186 3170
f 3187 3170 3167
f 3187 3167 3169
f 3168 3176 3169
f 3116 3187 3169
f 3116 3169 3176
f 3127 3170 3186
f 3167 3170 3182
f 3127 3126 3180
f 3127 3182 3170
f 3127 3180 3182
f 3168 3169 3171
f 3168 3171 3177
f 3169 3182 3171
f 3167 3182 3169
f 3173 3176 3172
f 3062 3119 3173
f 3062 3173 3175
f 3064 3175 3174
f 3175 3173 3174
f 3064 3174 3070
f 3172 3177 3174
f 3173 3172 3174
f 3174 3177 3184
f 3172 3176 3177
f 3168 3177 3176
f 3171 3184 3177
f 3171 3178 3184
f 3178 3179 3184
f 3171 3179 3178
f 3079 3179 3140
f 3143 3179 3151
f 3151 3180 3181
f 3126 3181 3180
f 3182 3179 3171
f 3182 3180 3179
f 3151 3179 3180
f 3070 3174 3183
f 3174 3184 3183
f 3183 3184 3185
f 3179 3185 3184
f 3080 3185 3179
f 3127 3186 3159
