# https://github.com/mikedh/trimesh

o collision
v -0.00629051 0.00533101 -0.00371906
v -0.00629657 0.00577873 -0.00372358
v -0.00629537 0.00579421 -0.00372339
v -0.00586985 0.00577873 -0.00405769
v -0.00684787 0.00579442 -0.00244209
v -0.00684787 0.00579453 -0.00244302
v -0.00660958 0.00579443 -0.00328735
v -0.00660950 0.00579479 -0.00328762
v -0.00660273 0.00577873 -0.00329823
v -0.00641712 0.00523057 -0.00329823
v -0.00672985 0.00579560 -0.00173095
v -0.00672919 0.00579527 -0.00173095
v -0.00665273 0.00579421 -0.00166512
v -0.00581319 0.00516271 -0.00147972
v -0.00581319 0.00516271 -0.00144972
v -0.00590129 0.00579369 -0.00144981
v -0.00590154 0.00579421 -0.00144979
v -0.00485516 -0.00204754 -0.00471265
v -0.00487119 -0.00126479 -0.00473976
v -0.00497575 -0.00283028 -0.00408031
v -0.00507267 -0.00204754 -0.00408031
v -0.00508979 -0.00126479 -0.00408031
v -0.00470688 -0.00323828 -0.00448521
v -0.00472073 -0.00403901 -0.00372538
v -0.00479177 -0.00354473 -0.00402398
v -0.00430466 -0.00378738 -0.00427217
v -0.00430466 -0.00339645 -0.00460803
v -0.00430466 -0.00418729 -0.00388082
v -0.00447663 -0.00204754 -0.00510400
v -0.00452289 -0.00126479 -0.00513110
v -0.00408534 -0.00204754 -0.00533101
v -0.00427042 -0.00279613 -0.00497524
v -0.00398624 -0.00251215 -0.00528569
v -0.00413161 -0.00126479 -0.00535346
v -0.00409372 -0.00048294 -0.00533567
v -0.00477428 -0.00283028 -0.00458389
v -0.00489524 -0.00445060 -0.00255642
v -0.00500381 -0.00361303 -0.00329804
v -0.00510910 -0.00361303 -0.00251534
v -0.00485079 -0.00502755 -0.00144972
v -0.00509325 -0.00420359 -0.00147278
v -0.00505081 -0.00439488 -0.00173264
v -0.00506644 -0.00439572 -0.00144972
v -0.00506618 -0.00439572 -0.00144972
v -0.00506618 -0.00439647 -0.00144972
v -0.00537652 -0.00126479 -0.00251534
v -0.00541586 -0.00048294 -0.00251534
v -0.00511529 -0.00283028 -0.00329804
v -0.00527341 -0.00048294 -0.00329804
v -0.00539510 -0.00204754 -0.00173264
v -0.00538261 -0.00205848 -0.00147294
v -0.00538330 -0.00205282 -0.00144160
v -0.00538244 -0.00204463 -0.00144972
v -0.00515309 -0.00127984 -0.00144972
v -0.00435785 -0.00459798 -0.00333446
v -0.00465442 -0.00474896 -0.00284485
v -0.00435785 -0.00506170 -0.00255642
v -0.00480233 -0.00419717 -0.00329804
v -0.00413270 -0.00490713 -0.00309770
v -0.00476699 -0.00487477 -0.00232305
v -0.00483476 -0.00498981 -0.00173264
v -0.00473557 -0.00517832 -0.00144972
v -0.00474550 -0.00516954 -0.00144972
v -0.00442781 -0.00544274 -0.00144966
v -0.00442781 -0.00544274 -0.00144972
v -0.00431924 -0.00541218 -0.00179109
v -0.00406785 -0.00563865 -0.00156916
v -0.00483298 -0.00073347 -0.00144972
v -0.00435753 -0.00047603 -0.00144972
v -0.00430460 -0.00047123 -0.00144972
v -0.00538664 0.00499620 -0.00438112
v -0.00537453 0.00577873 -0.00441441
v -0.00503758 0.00343621 -0.00408747
v -0.00504024 0.00343567 -0.00408022
v -0.00503862 0.00340619 -0.00408491
v -0.00504312 0.00340742 -0.00406685
v -0.00504382 0.00343766 -0.00406252
v -0.00499523 0.00499620 -0.00463961
v -0.00498312 0.00577873 -0.00461496
v -0.00400336 0.00108256 -0.00529332
v -0.00392430 0.00234250 -0.00525901
v -0.00430720 0.00342864 -0.00498447
v -0.00430299 0.00342958 -0.00498661
v -0.00431370 0.00344849 -0.00498063
v -0.00430471 0.00499620 -0.00496263
v -0.00430455 0.00579421 -0.00491497
v -0.00482077 0.00340672 -0.00461572
v -0.00482077 0.00343672 -0.00461572
v -0.00481678 0.00344997 -0.00462128
v -0.00541696 0.00029981 -0.00251534
v -0.00538672 0.00108256 -0.00251534
v -0.00527596 0.00029981 -0.00329804
v -0.00540530 0.00186530 -0.00173264
v -0.00539211 0.00211734 -0.00144972
v -0.00539221 0.00214774 -0.00145037
v -0.00539218 0.00216984 -0.00144972
v -0.00534815 0.00186575 -0.00144972
v -0.00537874 0.00227079 -0.00144972
v -0.00532187 0.00264805 -0.00144972
v -0.00516341 0.00127638 -0.00144972
v -0.00505300 0.00110427 -0.00144972
v -0.00513781 0.00343813 -0.00329782
v -0.00514072 0.00341100 -0.00326443
v -0.00514150 0.00341137 -0.00324394
v -0.00514150 0.00344137 -0.00324394
v -0.00534626 0.00368542 -0.00147972
v -0.00534626 0.00368542 -0.00144972
v -0.00538681 0.00376349 -0.00147972
v -0.00538681 0.00376349 -0.00144972
v -0.00523266 0.00350676 -0.00144972
v -0.00518638 0.00341122 -0.00145212
v -0.00518638 0.00344122 -0.00145212
v -0.00430482 0.00046587 -0.00144972
v -0.00487835 -0.00509537 -0.00094976
v -0.00489063 -0.00513917 -0.00016729
v -0.00509449 -0.00439572 -0.00094976
v -0.00510772 -0.00439572 -0.00016729
v -0.00488793 -0.00512654 0.00061560
v -0.00512201 -0.00429631 0.00020804
v -0.00510459 -0.00439569 0.00061560
v -0.00532449 -0.00283083 -0.00094976
v -0.00536261 -0.00204786 -0.00094976
v -0.00536639 -0.00283083 -0.00016729
v -0.00535642 -0.00283083 0.00019291
v -0.00535562 -0.00283083 0.00020804
v -0.00535629 -0.00282210 0.00021995
v -0.00533843 -0.00244457 0.00018562
v -0.00533843 -0.00244457 0.00021562
v -0.00534437 -0.00282992 0.00061560
v -0.00528474 -0.00204786 0.00018573
v -0.00528474 -0.00204786 0.00021573
v -0.00527693 -0.00202953 0.00018492
v -0.00527693 -0.00202953 0.00021492
v -0.00510691 -0.00178109 0.00018477
v -0.00510691 -0.00178109 0.00021477
v -0.00491745 -0.00153757 0.00018510
v -0.00491745 -0.00153757 0.00021510
v -0.00490996 -0.00153322 0.00021690
v -0.00458753 -0.00548686 -0.00094976
v -0.00464992 -0.00553066 -0.00016729
v -0.00419622 -0.00570103 -0.00094976
v -0.00425860 -0.00573308 -0.00016729
v -0.00463073 -0.00551768 0.00061560
v -0.00424946 -0.00572720 0.00020804
v -0.00423954 -0.00572089 0.00061560
v -0.00430528 -0.00142511 0.00018684
v -0.00430528 -0.00142511 0.00021684
v -0.00485974 -0.00504023 0.00139836
v -0.00507576 -0.00439569 0.00139836
v -0.00499309 -0.00439569 0.00218113
v -0.00506373 -0.00361280 0.00296390
v -0.00540772 -0.00204826 0.00139836
v -0.00534057 -0.00204826 0.00218113
v -0.00541184 -0.00126537 0.00218113
v -0.00537112 -0.00004458 0.00218113
v -0.00528007 -0.00126537 0.00296390
v -0.00531143 -0.00048249 0.00296390
v -0.00449516 -0.00543137 0.00139836
v -0.00410397 -0.00565724 0.00139836
v -0.00397030 -0.00559603 0.00185872
v -0.00478594 -0.00490496 0.00218113
v -0.00472290 -0.00481865 0.00263013
v -0.00450529 -0.00464298 0.00315122
v -0.00483662 -0.00438712 0.00292019
v -0.00426868 -0.00493495 0.00292019
v -0.00539848 0.00263113 0.00018690
v -0.00539843 0.00263100 0.00018690
v -0.00540153 0.00264871 0.00020800
v -0.00539843 0.00263100 0.00021690
v -0.00540152 0.00263028 0.00023074
v -0.00539642 0.00264829 0.00061550
v -0.00505373 0.00179689 0.00018705
v -0.00505518 0.00179914 0.00021693
v -0.00505344 0.00179658 0.00021692
v -0.00504540 0.00179085 0.00018958
v -0.00578892 0.00579421 -0.00119523
v -0.00574933 0.00579369 -0.00111256
v -0.00574933 0.00582369 -0.00111256
v -0.00531569 0.00579369 -0.00087870
v -0.00531569 0.00582369 -0.00087870
v -0.00529116 0.00579369 -0.00009599
v -0.00528897 0.00579421 -0.00008586
v -0.00515653 0.00579421 0.00020804
v -0.00430469 0.00151179 0.00019034
v -0.00430469 0.00151179 0.00022034
v -0.00535583 0.00032222 0.00216386
v -0.00535809 0.00032244 0.00216857
v -0.00535583 0.00035222 0.00216386
v -0.00499560 0.00032226 0.00161841
v -0.00499674 0.00032256 0.00161983
v -0.00499674 0.00035256 0.00161983
v -0.00498744 0.00035194 0.00161519
v -0.00535863 0.00034889 0.00217292
v -0.00535901 0.00034859 0.00218113
v -0.00540496 0.00108333 0.00218089
v -0.00531435 0.00035130 0.00295125
v -0.00531428 0.00029978 0.00296390
v -0.00531213 0.00035682 0.00297229
v -0.00431046 0.00032210 0.00146157
v -0.00431046 0.00035210 0.00146157
v -0.00430479 0.00032178 0.00146062
v -0.00619081 0.00890932 -0.00361087
v -0.00693039 0.00656192 -0.00279890
v -0.00691159 0.00890932 -0.00270042
v -0.00739241 0.00656192 -0.00173253
v -0.00739241 0.00656353 -0.00173002
v -0.00739949 0.00890932 -0.00173095
v -0.00714394 0.00601786 -0.00233026
v -0.00719680 0.00656192 -0.00240754
v -0.00721449 0.00612177 -0.00173095
v -0.00717119 0.00601466 -0.00173095
v -0.00717126 0.00601482 -0.00173095
v -0.00717131 0.00601485 -0.00173095
v -0.00714231 0.00890932 -0.00230885
v -0.00712324 0.00944927 -0.00226780
v -0.00723446 0.00958497 -0.00173049
v -0.00723393 0.00958579 -0.00173087
v -0.00723421 0.00958547 -0.00173065
v -0.00723439 0.00958528 -0.00173095
v -0.00722187 0.00959897 -0.00174370
v -0.00652036 0.00890932 -0.00321968
v -0.00665414 0.00997467 -0.00174407
v -0.00664130 0.00997938 -0.00173767
v -0.00664130 0.00997938 -0.00170767
v -0.00660452 0.00998920 -0.00173095
v -0.00614705 0.01008513 -0.00173095
v -0.00614705 0.01008513 -0.00170095
v -0.00687208 0.01282364 -0.00263571
v -0.00733039 0.01282364 -0.00173130
v -0.00709261 0.01232542 -0.00221217
v -0.00710911 0.01282364 -0.00224475
v -0.00719312 0.01218178 -0.00173130
v -0.00678132 0.01595352 -0.00253016
v -0.00722462 0.01595352 -0.00173130
v -0.00704460 0.01636177 -0.00212486
v -0.00717512 0.01751847 -0.00165441
v -0.00648053 0.01282364 -0.00314657
v -0.00607022 0.01282364 -0.00353883
v -0.00635751 0.01673600 -0.00300322
v -0.00666505 0.01751847 -0.00251452
v -0.00629338 0.01776190 -0.00293871
v -0.00584857 0.01631717 -0.00343523
v -0.00579958 0.00890932 -0.00393713
v -0.00520215 0.00890932 -0.00432833
v -0.00564072 0.01122741 -0.00385285
v -0.00563457 0.01120703 -0.00385865
v -0.00563707 0.01120259 -0.00385649
v -0.00563790 0.01123096 -0.00385576
v -0.00563359 0.01123777 -0.00385940
v -0.00564403 0.01122702 -0.00384844
v -0.00565155 0.01119415 -0.00383400
v -0.00565420 0.01119360 -0.00382240
v -0.00565155 0.01122415 -0.00383400
v -0.00565420 0.01122360 -0.00382240
v -0.00501224 0.01121250 -0.00428339
v -0.00504198 0.01123893 -0.00426337
v -0.00501224 0.01121720 -0.00428158
v -0.00492764 0.01124250 -0.00432261
v -0.00469699 0.01087631 -0.00447220
v -0.00466079 0.01139855 -0.00445759
v -0.00437837 0.01121257 -0.00457487
v -0.00442856 0.01124250 -0.00455380
v -0.00430439 0.01047496 -0.00464620
v -0.00576883 0.01118816 -0.00322366
v -0.00576684 0.01118501 -0.00321313
v -0.00576684 0.01121502 -0.00321313
v -0.00576503 0.01121257 -0.00320625
v -0.00516830 0.01118257 -0.00255881
v -0.00516830 0.01121257 -0.00255881
v -0.00532035 0.01013738 -0.00173095
v -0.00532035 0.01013738 -0.00170095
v -0.00435999 0.01118257 -0.00173095
v -0.00435999 0.01121257 -0.00173095
v -0.00433982 0.01118257 -0.00173095
v -0.00433982 0.01121257 -0.00173095
v -0.00433982 0.01118257 -0.00170095
v -0.00433982 0.01121257 -0.00170095
v -0.00567342 0.01204041 -0.00384639
v -0.00567867 0.01282364 -0.00382293
v -0.00508684 0.01243202 -0.00418261
v -0.00548439 0.01638294 -0.00369261
v -0.00540939 0.01721153 -0.00364895
v -0.00508684 0.01595352 -0.00393500
v -0.00498708 0.01751847 -0.00383726
v -0.00451302 0.01321487 -0.00440415
v -0.00403033 0.01413248 -0.00451395
v -0.00430449 0.01634476 -0.00424256
v -0.00761604 0.00734451 -0.00094984
v -0.00730760 0.00655053 -0.00097472
v -0.00763266 0.00812735 -0.00094984
v -0.00763385 0.00890913 -0.00094984
v -0.00774117 0.00812735 -0.00016712
v -0.00773096 0.00890913 -0.00016712
v -0.00711337 0.00611403 -0.00125249
v -0.00722307 0.00680405 -0.00033892
v -0.00743178 0.00728352 -0.00011333
v -0.00763123 0.00812735 0.00061560
v -0.00772075 0.00890913 0.00061560
v -0.00728931 0.00752060 0.00061560
v -0.00733965 0.00965432 -0.00094984
v -0.00761509 0.00890913 0.00139831
v -0.00731686 0.00812311 0.00136861
v -0.00713308 0.00768077 0.00108763
v -0.00719173 0.00838193 0.00198515
v -0.00743012 0.00969197 0.00218103
v -0.00729311 0.00969197 0.00296294
v -0.00707134 0.01093943 0.00322706
v -0.00691573 0.01118257 0.00277364
v -0.00691573 0.01121257 0.00277364
v -0.00695840 0.01119356 0.00292148
v -0.00695840 0.01122356 0.00292148
v -0.00695905 0.01122357 0.00292477
v -0.00696163 0.01119702 0.00298887
v -0.00696163 0.01122702 0.00298887
v -0.00666280 0.01118257 0.00214639
v -0.00663903 0.01118257 0.00211544
v -0.00665228 0.01118257 0.00212427
v -0.00665228 0.01121257 0.00212427
v -0.00588993 0.01118257 0.00182846
v -0.00586774 0.01118257 0.00182391
v -0.00586774 0.01121257 0.00182391
v -0.00755842 0.01282364 -0.00094938
v -0.00730639 0.01207972 -0.00094938
v -0.00765593 0.01282364 -0.00016615
v -0.00735439 0.01206611 -0.00016615
v -0.00764918 0.01282364 0.00061577
v -0.00745866 0.01634476 -0.00094938
v -0.00755917 0.01751847 -0.00016615
v -0.00756742 0.01282364 0.00139899
v -0.00743915 0.01282364 0.00217960
v -0.00725613 0.01282364 0.00296283
v -0.00531569 0.01118257 0.00174738
v -0.00531569 0.01121257 0.00174738
v -0.00352245 -0.00298036 -0.00512899
v -0.00352245 -0.00356900 -0.00473764
v -0.00352245 -0.00472739 -0.00360891
v -0.00352245 -0.00395992 -0.00443184
v -0.00352245 -0.00433647 -0.00404050
v -0.00352245 -0.00258944 -0.00532551
v -0.00352245 -0.00204754 -0.00547713
v -0.00352245 -0.00126479 -0.00555295
v -0.00352245 -0.00048294 -0.00552626
v -0.00273987 -0.00386826 -0.00434629
v -0.00273987 -0.00347643 -0.00465886
v -0.00273987 -0.00425109 -0.00395494
v -0.00231761 -0.00331377 -0.00453476
v -0.00231033 -0.00410101 -0.00379484
v -0.00273987 -0.00254181 -0.00530602
v -0.00273987 -0.00204754 -0.00547290
v -0.00273987 -0.00293273 -0.00505021
v -0.00273987 -0.00126479 -0.00560419
v -0.00273987 -0.00048294 -0.00565332
v -0.00234421 -0.00244835 -0.00525944
v -0.00352245 -0.00498351 -0.00321756
v -0.00350533 -0.00540679 -0.00244630
v -0.00375453 -0.00555867 -0.00209095
v -0.00350533 -0.00566651 -0.00179109
v -0.00351630 -0.00574478 -0.00144972
v -0.00351225 -0.00574469 -0.00144972
v -0.00323317 -0.00557574 -0.00213924
v -0.00309291 -0.00557574 -0.00213924
v -0.00352228 -0.00049526 -0.00144972
v -0.00273987 -0.00464292 -0.00353225
v -0.00273987 -0.00493319 -0.00314090
v -0.00231397 -0.00483973 -0.00299563
v -0.00228738 -0.00493678 -0.00251534
v -0.00257119 -0.00545442 -0.00196389
v -0.00279489 -0.00564135 -0.00171485
v -0.00287526 -0.00570194 -0.00144972
v -0.00233656 -0.00559911 -0.00144972
v -0.00232709 -0.00559551 -0.00144972
v -0.00232343 -0.00559795 -0.00144193
v -0.00224970 -0.00515552 -0.00147071
v -0.00224791 -0.00513892 -0.00143807
v -0.00220390 -0.00466685 -0.00145373
v -0.00220515 -0.00468931 -0.00143866
v -0.00219507 -0.00441171 -0.00145351
v -0.00276135 -0.00064375 -0.00144972
v -0.00249955 -0.00089690 -0.00144972
v -0.00221189 -0.00149454 -0.00144972
v -0.00216583 -0.00244162 -0.00145292
v -0.00216463 -0.00232615 -0.00145090
v -0.00216491 -0.00231713 -0.00144972
v -0.00217030 -0.00204786 -0.00144972
v -0.00224182 -0.00131402 -0.00144972
v -0.00343615 0.00343552 -0.00533784
v -0.00384680 0.00342990 -0.00521892
v -0.00382554 0.00343552 -0.00522935
v -0.00374736 0.00421367 -0.00520757
v -0.00358898 0.00579420 -0.00515825
v -0.00357128 0.00579421 -0.00516398
v -0.00319044 0.00579410 -0.00526554
v -0.00273987 0.00029981 -0.00566730
v -0.00195693 0.00029981 -0.00572151
v -0.00195693 0.00108256 -0.00575286
v -0.00195693 0.00264805 -0.00566900
v -0.00273958 0.00343552 -0.00549935
v -0.00273350 0.00579420 -0.00535826
v -0.00195740 0.00579420 -0.00547878
v -0.00352240 0.00050655 -0.00144972
v -0.00273962 0.00078820 -0.00144972
v -0.00225163 0.00119658 -0.00144972
v -0.00215044 0.00109183 -0.00144972
v -0.00217177 0.00185689 -0.00144972
v -0.00214932 0.00247047 -0.00144972
v -0.00214287 0.00393083 -0.00144974
v -0.00200689 0.00579421 -0.00192378
v -0.00200899 0.00579413 -0.00191639
v -0.00213311 0.00579420 -0.00173003
v -0.00213006 0.00582420 -0.00173467
v -0.00213814 0.00579420 -0.00146282
v -0.00214172 0.00576421 -0.00145023
v -0.00169555 -0.00035759 -0.00545956
v -0.00169534 -0.00035982 -0.00545850
v -0.00169534 -0.00036066 -0.00545426
v -0.00169534 -0.00036138 -0.00545400
v -0.00166534 -0.00035851 -0.00545901
v -0.00166534 -0.00036066 -0.00545426
v -0.00169534 -0.00056553 -0.00486585
v -0.00166534 -0.00056553 -0.00486390
v -0.00169534 -0.00055874 -0.00411031
v -0.00169498 -0.00055762 -0.00408073
v -0.00169534 -0.00037330 -0.00341577
v -0.00169534 -0.00036739 -0.00341005
v -0.00171898 0.00030988 -0.00571652
v -0.00169534 0.00029981 -0.00571516
v -0.00172053 0.00100719 -0.00577089
v -0.00168719 0.00030555 -0.00571614
v -0.00168898 0.00030988 -0.00571652
v -0.00166975 0.00030087 -0.00571535
v -0.00117416 0.00108341 -0.00582288
v -0.00117416 0.00264786 -0.00574225
v -0.00039161 0.00108341 -0.00585875
v -0.00039161 0.00264786 -0.00577700
v -0.00169534 0.00028864 -0.00324951
v -0.00169534 0.00030087 -0.00324689
v -0.00169534 0.00045452 -0.00323255
v -0.00169534 0.00122722 -0.00319254
v -0.00169534 0.00122596 -0.00319275
v -0.00166534 0.00045452 -0.00323255
v -0.00169534 0.00272901 -0.00313442
v -0.00169498 0.00352307 -0.00310373
v -0.00169480 0.00579421 -0.00301867
v -0.00169505 0.00579367 -0.00301893
v -0.00127691 0.00579421 -0.00301944
v -0.00127420 0.00579291 -0.00301944
v -0.00117763 0.00579380 -0.00316427
v -0.00352228 -0.00586072 -0.00094976
v -0.00352228 -0.00592748 -0.00016729
v -0.00353229 -0.00591103 0.00020804
v -0.00352241 -0.00591310 0.00020804
v -0.00352241 -0.00589841 0.00061560
v -0.00353228 -0.00143348 0.00018684
v -0.00352228 -0.00143373 0.00018675
v -0.00352228 -0.00143373 0.00021675
v -0.00307797 -0.00147845 0.00018692
v -0.00307797 -0.00147845 0.00021692
v -0.00273964 -0.00579610 -0.00094976
v -0.00273964 -0.00585752 -0.00016729
v -0.00229413 -0.00563587 -0.00094976
v -0.00221347 -0.00517816 -0.00094976
v -0.00227491 -0.00566365 -0.00016729
v -0.00218952 -0.00517816 -0.00016729
v -0.00217723 -0.00439572 -0.00016729
v -0.00273972 -0.00582801 0.00061560
v -0.00228296 -0.00565050 0.00061560
v -0.00219997 -0.00517796 0.00061560
v -0.00217938 -0.00439572 0.00019794
v -0.00218160 -0.00439569 0.00061560
v -0.00270760 -0.00153279 0.00018668
v -0.00269492 -0.00153582 0.00018639
v -0.00269492 -0.00153582 0.00021639
v -0.00240520 -0.00168001 0.00018470
v -0.00241226 -0.00167151 0.00018637
v -0.00240520 -0.00168001 0.00021470
v -0.00241226 -0.00167151 0.00021637
v -0.00225831 -0.00197836 0.00018684
v -0.00225878 -0.00197657 0.00018486
v -0.00225878 -0.00197657 0.00021486
v -0.00217656 -0.00281323 0.00018825
v -0.00217597 -0.00283083 0.00020804
v -0.00352241 -0.00576925 0.00139836
v -0.00352241 -0.00562235 0.00192683
v -0.00292407 -0.00561316 0.00190413
v -0.00352241 -0.00546320 0.00231850
v -0.00352241 -0.00513817 0.00296390
v -0.00269379 -0.00568478 0.00143980
v -0.00231179 -0.00561255 0.00120594
v -0.00240206 -0.00552257 0.00172759
v -0.00269094 -0.00499188 0.00301215
v -0.00227821 -0.00501391 0.00218113
v -0.00230387 -0.00487619 0.00278339
v -0.00239763 -0.00473112 0.00330448
v -0.00220821 -0.00439569 0.00218113
v -0.00227156 -0.00444037 0.00301215
v -0.00353255 0.00151637 0.00018998
v -0.00353598 0.00151627 0.00019007
v -0.00352749 0.00151656 0.00021983
v -0.00301199 0.00156531 0.00018943
v -0.00301559 0.00156472 0.00021963
v -0.00301199 0.00156531 0.00021943
v -0.00274835 0.00161748 0.00018955
v -0.00273682 0.00162157 0.00018802
v -0.00274835 0.00161748 0.00021955
v -0.00273682 0.00162157 0.00021802
v -0.00256350 0.00172825 0.00018795
v -0.00256350 0.00172825 0.00021795
v -0.00226886 0.00194275 0.00018779
v -0.00226886 0.00194275 0.00021779
v -0.00226282 0.00194865 0.00018850
v -0.00221381 0.00228087 0.00018826
v -0.00217343 0.00263698 0.00018753
v -0.00217343 0.00263698 0.00021753
v -0.00351806 0.00032179 0.00146719
v -0.00351806 0.00035179 0.00146719
v -0.00274231 0.00032137 0.00156077
v -0.00274231 0.00035137 0.00156077
v -0.00233145 0.00032204 0.00169474
v -0.00230957 0.00032217 0.00170618
v -0.00230482 0.00032221 0.00170915
v -0.00230957 0.00035217 0.00170618
v -0.00230417 0.00035266 0.00171035
v -0.00224644 0.00035199 0.00209529
v -0.00224097 0.00035193 0.00213178
v -0.00224096 0.00035193 0.00213181
v -0.00223730 0.00032157 0.00217064
v -0.00222062 0.00032144 0.00290919
v -0.00352267 0.01045706 -0.00489546
v -0.00352289 0.01121257 -0.00484724
v -0.00236542 0.00857065 -0.00525769
v -0.00273988 0.01121250 -0.00501625
v -0.00273978 0.01121257 -0.00501535
v -0.00223501 0.00909234 -0.00524123
v -0.00193930 0.01045706 -0.00518577
v -0.00195672 0.01121186 -0.00513140
v -0.00195743 0.01121257 -0.00513134
v -0.00352289 0.01321487 -0.00471562
v -0.00383343 0.01570177 -0.00445237
v -0.00339912 0.01595352 -0.00453187
v -0.00363465 0.01673600 -0.00440806
v -0.00314709 0.01715483 -0.00447453
v -0.00273978 0.01282364 -0.00490719
v -0.00195743 0.01360611 -0.00495932
v -0.00273978 0.01634476 -0.00462440
v -0.00195743 0.01673600 -0.00467913
v -0.00117763 0.00630442 -0.00551747
v -0.00156533 0.01008279 -0.00525434
v -0.00117516 0.00996503 -0.00528499
v -0.00118521 0.01121148 -0.00519650
v -0.00117958 0.01121257 -0.00519650
v -0.00117763 0.01120766 -0.00519741
v -0.00116645 0.01121153 -0.00519760
v -0.00039161 0.00890913 -0.00539120
v -0.00068071 0.01082222 -0.00525131
v -0.00039161 0.00969197 -0.00534010
v -0.00040286 0.01121205 -0.00523168
v -0.00015898 0.01093253 -0.00525910
v -0.00002292 0.01121205 -0.00522908
v -0.00175986 0.01121205 -0.00173137
v -0.00117769 0.01121130 -0.00240244
v -0.00002208 0.01121257 -0.00240738
v -0.00117433 0.01321487 -0.00504859
v -0.00039197 0.01321487 -0.00508182
v -0.00039197 0.01712723 -0.00472995
v -0.00178721 0.01121257 -0.00027257
v -0.00485340 -0.00359872 0.00374780
v -0.00508590 -0.00204826 0.00374610
v -0.00501970 -0.00282992 0.00374610
v -0.00486829 -0.00204826 0.00443350
v -0.00502192 -0.00048249 0.00452830
v -0.00477105 -0.00412146 0.00348839
v -0.00474539 -0.00332817 0.00419566
v -0.00455376 -0.00384969 0.00401005
v -0.00398360 -0.00482171 0.00340211
v -0.00426868 -0.00436018 0.00370636
v -0.00429750 -0.00359872 0.00433417
v -0.00403207 -0.00407739 0.00420077
v -0.00480779 -0.00282992 0.00428989
v -0.00468457 -0.00162774 0.00490861
v -0.00474856 -0.00110561 0.00498240
v -0.00480684 -0.00048249 0.00506528
v -0.00428483 -0.00282502 0.00469632
v -0.00401084 -0.00256120 0.00496651
v -0.00417365 -0.00204826 0.00505506
v -0.00395795 -0.00015807 0.00572146
v -0.00510324 0.00033471 0.00433710
v -0.00507260 0.00029978 0.00452830
v -0.00507386 0.00033957 0.00452830
v -0.00507406 0.00033957 0.00452829
v -0.00485689 0.00029978 0.00516291
v -0.00485641 0.00033957 0.00517173
v -0.00484176 0.00034068 0.00519243
v -0.00500920 0.00264829 0.00531099
v -0.00508639 0.00421324 0.00531099
v -0.00505697 0.00343049 0.00531099
v -0.00510632 0.00499598 0.00531099
v -0.00512353 0.00576421 0.00517487
v -0.00512353 0.00579421 0.00517487
v -0.00511961 0.00577872 0.00531099
v -0.00511675 0.00579421 0.00532610
v -0.00511694 0.00579421 0.00532610
v -0.00448122 0.00033957 0.00555912
v -0.00448140 0.00033957 0.00555912
v -0.00483995 0.00343049 0.00589955
v -0.00486938 0.00421324 0.00597021
v -0.00488931 0.00499598 0.00604772
v -0.00501980 0.00579421 0.00568534
v -0.00488982 0.00579421 0.00616531
v -0.00489089 0.00579421 0.00616296
v -0.00487629 0.00579421 0.00619509
v -0.00486947 0.00579421 0.00621010
v -0.00461440 0.00094985 0.00563408
v -0.00469665 0.00147150 0.00570336
v -0.00479345 0.00264829 0.00582272
v -0.00433411 0.00115969 0.00585290
v -0.00409340 0.00034036 0.00579097
v -0.00408116 0.00029978 0.00578844
v -0.00405233 0.00033957 0.00580969
v -0.00405319 0.00033957 0.00580969
v -0.00454037 0.00421324 0.00636121
v -0.00481122 0.00579677 0.00632307
v -0.00472885 0.00592256 0.00652106
v -0.00469348 0.00540017 0.00648263
v -0.00453253 0.00576734 0.00662900
v -0.00453253 0.00579734 0.00662900
v -0.00439677 0.00579421 0.00672181
v -0.00437348 0.00579421 0.00673732
v -0.00414904 0.00421324 0.00661639
v -0.00401680 0.00343049 0.00653956
v -0.00393107 0.00300015 0.00649360
v -0.00425280 0.00499598 0.00668499
v -0.00429303 0.00579421 0.00678215
v -0.00706113 0.00928252 0.00339002
v -0.00710197 0.00969197 0.00350482
v -0.00710957 0.01047482 0.00356343
v -0.00707134 0.01093943 0.00346789
v -0.00696424 0.01122688 0.00365998
v -0.00696545 0.01119431 0.00369314
v -0.00696406 0.01119765 0.00369610
v -0.00696406 0.01122765 0.00369610
v -0.00696366 0.01122861 0.00370204
v -0.00695493 0.01120897 0.00373770
v -0.00698990 0.01047482 0.00395438
v -0.00636115 0.00989246 0.00507025
v -0.00674320 0.01047482 0.00452837
v -0.00672539 0.01121205 0.00449546
v -0.00672487 0.01124205 0.00449312
v -0.00671114 0.01121205 0.00452837
v -0.00640603 0.01047482 0.00513929
v -0.00639087 0.01121257 0.00513088
v -0.00617143 0.00937056 0.00479089
v -0.00613605 0.01047482 0.00553105
v -0.00614365 0.01121205 0.00549332
v -0.00709711 0.01282364 0.00349714
v -0.00694484 0.01282364 0.00388810
v -0.00665305 0.01282364 0.00452797
v -0.00636051 0.01282364 0.00507010
v -0.00611223 0.01204041 0.00549494
v -0.00606497 0.01282364 0.00546236
v -0.00531569 0.00892216 0.00533313
v -0.00531569 0.00892186 0.00533277
v -0.00531569 0.00892216 0.00533379
v -0.00565737 0.00987389 0.00591479
v -0.00574475 0.01047482 0.00601353
v -0.00573667 0.01121205 0.00599667
v -0.00539475 0.01047482 0.00640449
v -0.00537338 0.01121257 0.00638763
v -0.00531569 0.00958537 0.00613876
v -0.00531569 0.00964636 0.00616686
v -0.00531569 0.01002071 0.00630398
v -0.00531550 0.01047331 0.00646976
v -0.00531552 0.01047292 0.00646962
v -0.00531569 0.01047292 0.00646962
v -0.00500312 0.01047482 0.00672816
v -0.00497126 0.01121205 0.00671655
v -0.00476574 0.00656167 0.00656504
v -0.00436095 0.00812735 0.00704523
v -0.00442360 0.00890913 0.00707638
v -0.00430456 0.00656167 0.00689677
v -0.00423495 0.00737474 0.00704523
v -0.00387192 0.00713395 0.00725049
v -0.00392761 0.00765584 0.00727524
v -0.00396937 0.00812735 0.00729631
v -0.00403237 0.00890913 0.00733205
v -0.00445945 0.00969197 0.00710846
v -0.00444935 0.01047482 0.00711945
v -0.00440227 0.01121205 0.00711053
v -0.00406822 0.00969197 0.00735130
v -0.00422235 0.01121205 0.00721451
v -0.00422235 0.01121257 0.00721451
v -0.00404943 0.01121205 0.00731647
v -0.00405813 0.01047482 0.00734488
v -0.00572068 0.01204041 0.00597452
v -0.00534638 0.01204041 0.00636548
v -0.00495557 0.01204041 0.00668737
v -0.00438475 0.01204041 0.00707833
v -0.00395569 0.01249855 0.00729075
v -0.00352241 -0.00485293 0.00344355
v -0.00352241 -0.00452423 0.00383465
v -0.00352241 -0.00413309 0.00425299
v -0.00291963 -0.00484007 0.00342538
v -0.00352241 -0.00361280 0.00459074
v -0.00352241 -0.00308945 0.00486604
v -0.00352241 -0.00269893 0.00502838
v -0.00352241 -0.00204826 0.00527814
v -0.00349200 -0.00123171 0.00555628
v -0.00273972 -0.00408167 0.00420929
v -0.00226111 -0.00361280 0.00374610
v -0.00234473 -0.00400945 0.00414231
v -0.00231971 -0.00361280 0.00421326
v -0.00223640 -0.00282992 0.00374610
v -0.00273972 -0.00264629 0.00500965
v -0.00229722 -0.00278401 0.00450786
v -0.00233301 -0.00249204 0.00494097
v -0.00226047 -0.00204826 0.00452830
v -0.00231369 -0.00204826 0.00498638
v -0.00224875 -0.00126537 0.00452830
v -0.00373274 -0.00067959 0.00564824
v -0.00321105 -0.00094830 0.00572714
v -0.00301086 -0.00094830 0.00572714
v -0.00274574 -0.00046351 0.00579185
v -0.00233174 -0.00018990 0.00572600
v -0.00224871 0.00033957 0.00452829
v -0.00226966 0.00029978 0.00531106
v -0.00226927 0.00033957 0.00531099
v -0.00226231 0.00108333 0.00531099
v -0.00352241 0.00033957 0.00600698
v -0.00350970 0.00042207 0.00603171
v -0.00352235 0.00108333 0.00620755
v -0.00378049 0.00247850 0.00643667
v -0.00352076 0.00182496 0.00638385
v -0.00352076 0.00270328 0.00657935
v -0.00325882 0.00205883 0.00653065
v -0.00292381 0.00205883 0.00653065
v -0.00352235 0.00343049 0.00673438
v -0.00352235 0.00421324 0.00689147
v -0.00352235 0.00499598 0.00703483
v -0.00353220 0.00579421 0.00716894
v -0.00348936 0.00579421 0.00718581
v -0.00341352 0.00579421 0.00721593
v -0.00341302 0.00579461 0.00721593
v -0.00331672 0.00579461 0.00721593
v -0.00323844 0.00593688 0.00730914
v -0.00296277 0.00593688 0.00730914
v -0.00273972 0.00029978 0.00596668
v -0.00273972 0.00033957 0.00597463
v -0.00269350 0.00264188 0.00658552
v -0.00231622 0.00029978 0.00575949
v -0.00231577 0.00033957 0.00576167
v -0.00240214 0.00237652 0.00640854
v -0.00233507 0.00289817 0.00650389
v -0.00228224 0.00343049 0.00609368
v -0.00227591 0.00421324 0.00609368
v -0.00232210 0.00343049 0.00652996
v -0.00231546 0.00421324 0.00655603
v -0.00227595 0.00576561 0.00609421
v -0.00231509 0.00576421 0.00663941
v -0.00231577 0.00579446 0.00664863
v -0.00231577 0.00579421 0.00664863
v -0.00281478 0.00579486 0.00716158
v -0.00280359 0.00579421 0.00716037
v -0.00280294 0.00579612 0.00715996
v -0.00268591 0.00579654 0.00708628
v -0.00268553 0.00579596 0.00708584
v -0.00268591 0.00579421 0.00708628
v -0.00376750 0.00656167 0.00720834
v -0.00357536 0.00737474 0.00739345
v -0.00352246 0.00812735 0.00749150
v -0.00352246 0.00890913 0.00756298
v -0.00337627 0.00656167 0.00736321
v -0.00352246 0.00969197 0.00759964
v -0.00352246 0.01047482 0.00758864
v -0.00355274 0.01121205 0.00754649
v -0.00352289 0.01121257 0.00756051
v -0.00351605 0.01118562 0.00756185
v -0.00351605 0.01121562 0.00756185
v -0.00244102 0.00640361 0.00713961
v -0.00271704 0.00662372 0.00734671
v -0.00273966 0.00734451 0.00743927
v -0.00273966 0.00812735 0.00750158
v -0.00273966 0.00890913 0.00754465
v -0.00234565 0.00692551 0.00727066
v -0.00279951 0.01119711 0.00762904
v -0.00279951 0.01122711 0.00762904
v -0.00275729 0.01121483 0.00762988
v -0.00275958 0.01121362 0.00762937
v -0.00273261 0.01121685 0.00762683
v -0.00211245 0.01122066 0.00743927
v -0.00206146 0.01121205 0.00740974
v -0.00206019 0.01121257 0.00740934
v -0.00352289 0.01204041 0.00752011
v -0.00273978 0.01204041 0.00774035
v -0.00273978 0.01282364 0.00763218
v -0.00195743 0.01282364 0.00781724
v -0.00191865 0.01121257 0.00673210
v -0.00192136 0.01121765 0.00687661
v -0.00192136 0.01121205 0.00687661
v -0.00000849 0.01157123 0.00688034
v -0.00000826 0.01160879 0.00743263
v -0.00095530 0.01236020 0.00806485
v -0.00095530 0.01244738 0.00806485
v -0.00095530 0.01247738 0.00806485
v -0.00039197 0.01228762 0.00808049
v -0.00039197 0.01252426 0.00808049
v -0.00002217 0.01229253 0.00807928
v -0.00698947 0.01790970 -0.00201213
v -0.00691674 0.01893599 -0.00193240
v -0.00693425 0.01893599 -0.00190653
v -0.00693198 0.01892557 -0.00191335
v -0.00710536 0.01893599 -0.00155862
v -0.00653003 0.01893599 -0.00246109
v -0.00581219 0.01893599 -0.00313484
v -0.00619099 0.01893599 -0.00284032
v -0.00619112 0.01893599 -0.00283941
v -0.00626432 0.02183735 -0.00212641
v -0.00500997 0.01893599 -0.00364178
v -0.00500997 0.01893599 -0.00364132
v -0.00481456 0.01893599 -0.00374865
v -0.00430449 0.01790970 -0.00407379
v -0.00430449 0.01893599 -0.00394282
v -0.00526216 0.01893599 -0.00347010
v -0.00520536 0.01893599 -0.00353492
v -0.00465470 0.02332688 -0.00288806
v -0.00548872 0.02654346 -0.00134799
v -0.00398778 0.02661227 -0.00215661
v -0.00468501 0.02807294 -0.00133625
v -0.00732964 0.01893599 -0.00094938
v -0.00751018 0.01893599 -0.00017360
v -0.00751314 0.01893599 -0.00013769
v -0.00751274 0.01893599 -0.00012872
v -0.00754567 0.01893599 0.00061577
v -0.00754472 0.01893599 0.00062341
v -0.00748212 0.01893599 0.00139647
v -0.00748195 0.01891509 0.00140056
v -0.00748119 0.01891652 0.00140397
v -0.00747369 0.01893599 0.00142922
v -0.00747369 0.01896599 0.00142922
v -0.00726963 0.01893599 0.00217960
v -0.00691258 0.01893599 0.00303450
v -0.00634085 0.02844865 0.00011910
v -0.00632865 0.03057695 0.00092688
v -0.00705694 0.02972230 0.00176066
v -0.00554343 0.03050147 0.00017362
v -0.00352289 0.01893599 -0.00416958
v -0.00296559 0.02166254 -0.00383477
v -0.00273678 0.01893599 -0.00433769
v -0.00245549 0.01808245 -0.00449147
v -0.00259331 0.01893599 -0.00434760
v -0.00205644 0.01893599 -0.00444195
v -0.00261346 0.02965570 -0.00134925
v -0.00105506 0.01893599 -0.00451753
v -0.00000037 0.01893599 -0.00454857
v -0.00039218 0.02331467 -0.00382753
v -0.00150800 0.02633202 -0.00281781
v -0.00150509 0.02634594 -0.00281230
v -0.00147509 0.02634594 -0.00281230
v -0.00078331 0.02979999 -0.00144446
v -0.00657129 0.01893599 0.00374605
v -0.00632820 0.01893599 0.00417935
v -0.00631092 0.01891535 0.00421291
v -0.00631092 0.01894535 0.00421291
v -0.00612674 0.01893599 0.00443316
v -0.00598846 0.01893599 0.00460095
v -0.00598096 0.01896599 0.00460095
v -0.00581746 0.01893599 0.00478912
v -0.00581746 0.01896599 0.00478912
v -0.00570774 0.01894105 0.00491142
v -0.00559579 0.01891588 0.00503583
v -0.00559588 0.01894587 0.00503575
v -0.00559579 0.01894588 0.00503583
v -0.00559801 0.01894611 0.00503372
v -0.00533029 0.01893599 0.00523421
v -0.00533029 0.01896599 0.00523421
v -0.00496495 0.01893599 0.00551188
v -0.00481596 0.01893599 0.00560155
v -0.00481596 0.01896599 0.00560155
v -0.00461491 0.01893599 0.00572256
v -0.00469907 0.01894472 0.00567578
v -0.00461491 0.01896599 0.00572256
v -0.00445652 0.01893599 0.00581789
v -0.00625989 0.02926390 0.00804592
v -0.00396560 0.02956691 0.01082576
v -0.00729585 0.03150846 0.00452834
v -0.00706655 0.03520758 0.00487267
v -0.00690241 0.03043265 0.00639513
v -0.00706655 0.03454384 0.00654695
v -0.00635601 0.03765831 0.00556050
v -0.00648651 0.03612244 0.00751033
v -0.00589463 0.03828320 0.00690261
v -0.00515637 0.03753177 0.00449269
v -0.00543030 0.03900354 0.00576350
v -0.00398482 0.04065068 0.00643287
v -0.00469093 0.03981823 0.00725995
v -0.00626118 0.03334747 0.00892594
v -0.00547873 0.03003308 0.00961618
v -0.00554602 0.03473697 0.01011024
v -0.00468705 0.02986604 0.01039670
v -0.00461033 0.03278016 0.01111095
v -0.00407613 0.03534521 0.01129130
v -0.00552051 0.03600007 0.00967406
v -0.00427909 0.03745297 0.00998778
v -0.00351355 0.01893599 0.00622734
v -0.00318662 0.01893599 0.00633828
v -0.00307863 0.01893599 0.00637390
v -0.00311935 0.01895555 0.00636243
v -0.00285138 0.01893599 0.00644443
v -0.00252300 0.01893599 0.00652968
v -0.00197646 0.01893599 0.00662453
v -0.00110312 0.01893599 0.00672173
v -0.00078271 0.01893599 0.00673562
v -0.00078271 0.01896599 0.00673562
v -0.00051439 0.01896599 0.00673041
v -0.00039197 0.01893599 0.00676816
v -0.00245505 0.02878996 0.01121748
v -0.00065466 0.02820493 0.01122397
v -0.00324156 0.03996807 0.00560244
v -0.00237667 0.04139877 0.00728343
v -0.00161511 0.04139655 0.00647817
v -0.00117445 0.04055744 0.00573330
v -0.00000014 0.04158280 0.00687558
v -0.00320182 0.03288671 0.01199674
v -0.00195745 0.04079053 0.00825982
v -0.00320921 0.03676148 0.01121916
v -0.00220292 0.03846855 0.01040425
v -0.00230274 0.03588020 0.01195396
v -0.00163522 0.03206217 0.01232462
v -0.00137038 0.03395391 0.01244341
v -0.00091067 0.02995982 0.01193236
v -0.00000032 0.03141016 0.01235555
v -0.00021983 0.03940663 0.00998164
v -0.00093100 0.03710667 0.01159789
v 0.00167187 -0.00018213 -0.00556609
v 0.00170187 -0.00036723 -0.00544862
v 0.00170187 -0.00018213 -0.00556631
v 0.00170187 -0.00019507 -0.00556201
v 0.00170151 -0.00035863 -0.00546310
v 0.00170187 -0.00036276 -0.00546099
v 0.00170151 -0.00056527 -0.00486571
v 0.00170187 -0.00054534 -0.00495559
v 0.00170151 -0.00054534 -0.00495415
v 0.00170151 -0.00055964 -0.00420225
v 0.00170187 -0.00055531 -0.00408064
v 0.00170187 -0.00037268 -0.00340900
v 0.00170187 -0.00037439 -0.00340942
v 0.00170151 -0.00037367 -0.00340954
v 0.00039121 0.00030054 -0.00572104
v 0.00039121 0.00108298 -0.00585932
v 0.00039121 0.00264785 -0.00577547
v 0.00117374 0.00108298 -0.00582239
v 0.00117374 0.00264785 -0.00573743
v 0.00170208 0.00029961 -0.00571641
v 0.00170203 0.00029941 -0.00571635
v 0.00170063 0.00055643 -0.00575531
v 0.00170151 0.00107343 -0.00577400
v 0.00167187 0.00030190 -0.00324423
v 0.00170187 0.00030190 -0.00324423
v 0.00170190 0.00107751 -0.00319854
v 0.00117651 0.00579015 -0.00316776
v 0.00125157 0.00565818 -0.00302733
v 0.00124741 0.00578894 -0.00302246
v 0.00170202 0.00412579 -0.00308491
v 0.00170202 0.00412553 -0.00308492
v 0.00231568 -0.00331750 -0.00453548
v 0.00231059 -0.00409955 -0.00379393
v 0.00273930 -0.00387085 -0.00434584
v 0.00273930 -0.00347933 -0.00466103
v 0.00273930 -0.00424879 -0.00395479
v 0.00234368 -0.00244823 -0.00525958
v 0.00273930 -0.00254223 -0.00530492
v 0.00273930 -0.00204703 -0.00547189
v 0.00273930 -0.00293374 -0.00505251
v 0.00273930 -0.00126498 -0.00560398
v 0.00273930 -0.00048293 -0.00565368
v 0.00352183 -0.00298607 -0.00513011
v 0.00352183 -0.00357140 -0.00473906
v 0.00352183 -0.00472655 -0.00360429
v 0.00352183 -0.00396291 -0.00443521
v 0.00352183 -0.00433504 -0.00404373
v 0.00352183 -0.00259456 -0.00532716
v 0.00352183 -0.00204703 -0.00547843
v 0.00352183 -0.00126498 -0.00555036
v 0.00352183 -0.00048293 -0.00552246
v 0.00231386 -0.00483993 -0.00299571
v 0.00228695 -0.00493587 -0.00251530
v 0.00273930 -0.00464030 -0.00352887
v 0.00273930 -0.00493296 -0.00313739
v 0.00232331 -0.00559775 -0.00144199
v 0.00224259 -0.00518202 -0.00132123
v 0.00223913 -0.00515128 -0.00130458
v 0.00219223 -0.00438736 -0.00132323
v 0.00219271 -0.00440977 -0.00129999
v 0.00219371 -0.00443204 -0.00130354
v 0.00259094 -0.00545433 -0.00196382
v 0.00280694 -0.00563942 -0.00171490
v 0.00217552 -0.00204804 -0.00132080
v 0.00217552 -0.00204804 -0.00132123
v 0.00225242 -0.00136102 -0.00132080
v 0.00248156 -0.00104185 -0.00132080
v 0.00257823 -0.00099116 -0.00132080
v 0.00352183 -0.00498335 -0.00321368
v 0.00346438 -0.00540103 -0.00244118
v 0.00311275 -0.00557256 -0.00213079
v 0.00316475 -0.00557256 -0.00213079
v 0.00368619 -0.00554930 -0.00206845
v 0.00346438 -0.00566462 -0.00177767
v 0.00349601 -0.00577316 -0.00132123
v 0.00304279 -0.00085215 -0.00132080
v 0.00352209 -0.00081903 -0.00132080
v 0.00195678 0.00108214 -0.00575090
v 0.00273930 0.00030009 -0.00566676
v 0.00273930 0.00108214 -0.00562491
v 0.00273930 0.00186516 -0.00558175
v 0.00195651 0.00412700 -0.00557622
v 0.00273964 0.00412700 -0.00545433
v 0.00337129 0.00412603 -0.00531669
v 0.00344583 0.00343023 -0.00533631
v 0.00383710 0.00343023 -0.00523386
v 0.00376265 0.00412450 -0.00521431
v 0.00376265 0.00412700 -0.00521431
v 0.00222642 0.00145724 -0.00132080
v 0.00226544 0.00125631 -0.00132080
v 0.00214874 0.00225894 -0.00132080
v 0.00214623 0.00264818 -0.00132123
v 0.00273944 0.00091863 -0.00132080
v 0.00214098 0.00412621 -0.00134064
v 0.00214569 0.00412895 -0.00132124
v 0.00214569 0.00412751 -0.00132136
v 0.00214288 0.00578870 -0.00132396
v 0.00352487 0.00079464 -0.00132080
v 0.00229385 -0.00563619 -0.00094974
v 0.00221287 -0.00517801 -0.00094974
v 0.00227471 -0.00566430 -0.00016736
v 0.00218870 -0.00517801 -0.00016736
v 0.00217646 -0.00439565 -0.00016736
v 0.00273926 -0.00579578 -0.00094974
v 0.00273926 -0.00586052 -0.00016736
v 0.00228263 -0.00565197 0.00061561
v 0.00219903 -0.00517819 0.00061561
v 0.00217911 -0.00439565 0.00028105
v 0.00273884 -0.00584379 0.00031089
v 0.00273926 -0.00583292 0.00061561
v 0.00217144 -0.00283041 -0.00016736
v 0.00217708 -0.00281905 0.00028758
v 0.00217707 -0.00281936 0.00028785
v 0.00222412 -0.00227568 0.00028828
v 0.00225686 -0.00198027 0.00028669
v 0.00225686 -0.00198027 0.00031669
v 0.00240461 -0.00167556 0.00028723
v 0.00240794 -0.00167089 0.00028711
v 0.00240461 -0.00167556 0.00031723
v 0.00240794 -0.00167089 0.00031711
v 0.00253371 -0.00160466 0.00028707
v 0.00253371 -0.00160466 0.00031707
v 0.00270071 -0.00152570 0.00028698
v 0.00270269 -0.00152504 0.00028679
v 0.00270071 -0.00152570 0.00031698
v 0.00270748 -0.00152373 0.00031713
v 0.00352209 -0.00586052 -0.00094974
v 0.00352209 -0.00593278 -0.00016736
v 0.00352204 -0.00590689 0.00061561
v 0.00351516 -0.00142043 0.00028730
v 0.00353349 -0.00141969 0.00028711
v 0.00353349 -0.00141969 0.00031711
v 0.00231113 -0.00561407 0.00120631
v 0.00240265 -0.00552115 0.00172841
v 0.00269366 -0.00568559 0.00144003
v 0.00227978 -0.00501252 0.00218134
v 0.00230512 -0.00487497 0.00278543
v 0.00239378 -0.00473498 0.00330697
v 0.00221107 -0.00439569 0.00218134
v 0.00227250 -0.00444277 0.00301357
v 0.00268859 -0.00499112 0.00301357
v 0.00292419 -0.00561223 0.00190300
v 0.00352204 -0.00576873 0.00139819
v 0.00352204 -0.00562018 0.00192475
v 0.00352204 -0.00546307 0.00231632
v 0.00352204 -0.00513601 0.00296392
v 0.00217568 0.00263489 0.00029204
v 0.00217568 0.00263489 0.00032204
v 0.00226442 0.00192808 0.00029057
v 0.00227051 0.00192349 0.00028995
v 0.00226461 0.00192762 0.00031979
v 0.00226442 0.00192808 0.00032057
v 0.00273676 0.00161179 0.00028997
v 0.00273676 0.00161179 0.00031997
v 0.00274908 0.00160885 0.00032085
v 0.00353290 0.00152093 0.00029055
v 0.00353290 0.00152093 0.00032055
v 0.00230445 0.00031108 0.00171528
v 0.00230896 0.00031077 0.00171233
v 0.00230428 0.00034108 0.00171642
v 0.00230896 0.00034077 0.00171233
v 0.00223801 0.00033997 0.00216756
v 0.00223789 0.00034006 0.00216845
v 0.00273742 0.00031061 0.00156864
v 0.00273742 0.00034061 0.00156864
v 0.00223763 0.00030998 0.00217065
v 0.00222109 0.00034332 0.00294724
v 0.00352186 0.00031052 0.00147297
v 0.00351452 0.00034063 0.00147367
v 0.00352508 0.00031053 0.00147293
v 0.00352508 0.00034053 0.00147293
v 0.00352942 0.00034053 0.00147290
v 0.00039119 0.00890957 -0.00539096
v 0.00039119 0.00969204 -0.00533941
v 0.00011723 0.01093232 -0.00525929
v 0.00010878 0.01120912 -0.00522918
v 0.00000783 0.01161825 -0.00519999
v 0.00036431 0.01120765 -0.00522793
v 0.00117564 0.00773874 -0.00542636
v 0.00117564 0.00890745 -0.00535398
v 0.00104273 0.01026868 -0.00526892
v 0.00117940 0.01120841 -0.00518826
v 0.00125090 0.01051815 -0.00523828
v 0.00156489 0.01008289 -0.00525444
v 0.00000783 0.01121257 -0.00236181
v 0.00003249 0.01120841 -0.00240785
v 0.00117564 0.00687542 -0.00301992
v 0.00120564 0.00687542 -0.00301992
v 0.00117564 0.01037632 -0.00273262
v 0.00120564 0.01032056 -0.00273232
v 0.00120564 0.01037176 -0.00273227
v 0.00120564 0.01037632 -0.00273262
v 0.00117564 0.01052228 -0.00274147
v 0.00120564 0.01052228 -0.00274147
v 0.00117564 0.01111880 -0.00242514
v 0.00120564 0.01111880 -0.00242514
v 0.00117575 0.01120709 -0.00241265
v 0.00177394 0.01114271 -0.00176217
v 0.00177394 0.01114271 -0.00173217
v 0.00176927 0.01120765 -0.00173217
v 0.00000783 0.01195387 -0.00517180
v 0.00000783 0.01282358 -0.00510878
v 0.00039136 0.01282358 -0.00510357
v 0.00000783 0.01592335 -0.00484430
v 0.00039136 0.01517072 -0.00491596
v 0.00039136 0.01595335 -0.00485082
v 0.00039136 0.01673599 -0.00477916
v 0.00039136 0.01751862 -0.00470098
v 0.00117415 0.01595335 -0.00481694
v 0.00117415 0.01673599 -0.00474789
v 0.00117415 0.01751862 -0.00466972
v 0.00195649 0.00734446 -0.00538311
v 0.00236574 0.00857198 -0.00525779
v 0.00256154 0.00734446 -0.00529621
v 0.00195507 0.01051657 -0.00517849
v 0.00195680 0.01051862 -0.00517834
v 0.00195694 0.01120841 -0.00512833
v 0.00273970 0.01051815 -0.00505807
v 0.00272034 0.01120841 -0.00501397
v 0.00313306 0.00617898 -0.00525505
v 0.00352231 0.00890954 -0.00498917
v 0.00352253 0.01120841 -0.00484170
v 0.00212635 0.00599449 -0.00135761
v 0.00194499 0.00861022 -0.00175988
v 0.00194499 0.00861022 -0.00173217
v 0.00207203 0.01052245 -0.00176217
v 0.00207203 0.01052245 -0.00173217
v 0.00195694 0.01282358 -0.00500846
v 0.00195694 0.01438884 -0.00488339
v 0.00273973 0.01282358 -0.00490423
v 0.00273973 0.01360621 -0.00484560
v 0.00195694 0.01673599 -0.00469186
v 0.00195694 0.01751862 -0.00461239
v 0.00273973 0.01673599 -0.00458894
v 0.00273000 0.01746266 -0.00451598
v 0.00352253 0.01282358 -0.00474007
v 0.00352253 0.01360621 -0.00468535
v 0.00298393 0.01768649 -0.00444562
v 0.00324312 0.01673599 -0.00449643
v 0.00315098 0.01716473 -0.00447559
v 0.00387085 0.01543916 -0.00446126
v 0.00378396 0.01595335 -0.00444171
v 0.00345586 0.01746266 -0.00437006
v 0.00363414 0.01673599 -0.00440784
v 0.00430436 -0.00379041 -0.00427565
v 0.00430436 -0.00339890 -0.00460784
v 0.00430436 -0.00418870 -0.00388461
v 0.00470653 -0.00323900 -0.00448534
v 0.00472035 -0.00403850 -0.00372548
v 0.00479126 -0.00354523 -0.00402411
v 0.00399091 -0.00251800 -0.00528879
v 0.00408764 -0.00204703 -0.00533370
v 0.00408873 -0.00048293 -0.00533457
v 0.00412800 -0.00126498 -0.00535288
v 0.00447890 -0.00204703 -0.00510482
v 0.00451926 -0.00126498 -0.00513054
v 0.00477562 -0.00283005 -0.00458474
v 0.00485562 -0.00204703 -0.00471334
v 0.00486908 -0.00126498 -0.00473906
v 0.00497707 -0.00283005 -0.00408035
v 0.00507343 -0.00204703 -0.00408035
v 0.00413236 -0.00490680 -0.00309728
v 0.00435745 -0.00459863 -0.00333400
v 0.00435745 -0.00505603 -0.00255671
v 0.00465417 -0.00474884 -0.00284531
v 0.00480217 -0.00419743 -0.00329826
v 0.00406764 -0.00563942 -0.00154662
v 0.00431891 -0.00540684 -0.00177767
v 0.00411600 -0.00566268 -0.00132123
v 0.00411628 -0.00566329 -0.00132080
v 0.00476653 -0.00487482 -0.00232348
v 0.00446720 -0.00545110 -0.00131983
v 0.00446690 -0.00545142 -0.00132123
v 0.00483489 -0.00499014 -0.00173277
v 0.00430430 -0.00080598 -0.00132080
v 0.00473840 -0.00084111 -0.00132080
v 0.00489489 -0.00445133 -0.00255671
v 0.00500362 -0.00361210 -0.00329826
v 0.00510871 -0.00361210 -0.00251530
v 0.00485485 -0.00504846 -0.00132080
v 0.00505053 -0.00439512 -0.00173277
v 0.00511561 -0.00283005 -0.00329826
v 0.00527343 -0.00048293 -0.00329826
v 0.00537961 -0.00126498 -0.00251530
v 0.00541561 -0.00048293 -0.00251530
v 0.00532035 -0.00167718 -0.00132080
v 0.00498355 -0.00096707 -0.00132080
v 0.00535994 -0.00244677 -0.00133334
v 0.00539488 -0.00204703 -0.00173277
v 0.00537763 -0.00206052 -0.00133241
v 0.00537779 -0.00204804 -0.00132080
v 0.00537763 -0.00206052 -0.00130241
v 0.00534202 -0.00181711 -0.00132080
v 0.00537578 -0.00183225 -0.00132123
v 0.00392982 0.00239913 -0.00526176
v 0.00388946 0.00292146 -0.00524781
v 0.00425990 0.00412454 -0.00499746
v 0.00430427 0.00412405 -0.00497811
v 0.00430401 0.00412442 -0.00497823
v 0.00431209 0.00413667 -0.00497432
v 0.00430439 0.00499612 -0.00496842
v 0.00488826 0.00410097 -0.00462711
v 0.00488869 0.00412738 -0.00462651
v 0.00488873 0.00412722 -0.00462645
v 0.00522968 0.00409732 -0.00410510
v 0.00522968 0.00412732 -0.00410510
v 0.00523165 0.00412700 -0.00410176
v 0.00524465 0.00412700 -0.00400250
v 0.00499631 0.00499612 -0.00464211
v 0.00498465 0.00578817 -0.00461809
v 0.00538737 0.00499612 -0.00438073
v 0.00537679 0.00577890 -0.00441466
v 0.00413119 0.00078435 -0.00132123
v 0.00430415 0.00078141 -0.00132080
v 0.00437465 0.00080297 -0.00132080
v 0.00541634 0.00030009 -0.00251530
v 0.00500848 0.00115437 -0.00132080
v 0.00532231 0.00186598 -0.00132080
v 0.00540506 0.00186516 -0.00173277
v 0.00533968 0.00201939 -0.00132123
v 0.00534355 0.00212738 -0.00132080
v 0.00533891 0.00259192 -0.00135080
v 0.00533918 0.00259192 -0.00132080
v 0.00529407 0.00412840 -0.00327743
v 0.00529324 0.00412760 -0.00327824
v 0.00529407 0.00412848 -0.00325937
v 0.00514789 0.00413027 -0.00132080
v 0.00528999 0.00426451 -0.00135080
v 0.00528999 0.00426451 -0.00132080
v 0.00559985 0.00528242 -0.00135080
v 0.00559985 0.00528242 -0.00132080
v 0.00563867 0.00575870 -0.00130548
v 0.00564245 0.00578870 -0.00132117
v 0.00563867 0.00578870 -0.00130548
v 0.00586965 0.00577890 -0.00405861
v 0.00629095 0.00533060 -0.00371890
v 0.00629646 0.00578817 -0.00372440
v 0.00641643 0.00522995 -0.00329792
v 0.00660339 0.00577890 -0.00329792
v 0.00643810 0.00523418 -0.00264698
v 0.00657714 0.00578870 -0.00157415
v 0.00664274 0.00579883 -0.00159108
v 0.00675879 0.00583816 -0.00162109
v 0.00419569 -0.00570093 -0.00094974
v 0.00425878 -0.00573656 -0.00016736
v 0.00458711 -0.00548715 -0.00094974
v 0.00465020 -0.00553081 -0.00016736
v 0.00423991 -0.00572594 0.00061561
v 0.00463130 -0.00551809 0.00061561
v 0.00431053 -0.00141094 0.00028748
v 0.00431053 -0.00141094 0.00031748
v 0.00453227 -0.00143992 0.00028708
v 0.00453227 -0.00143992 0.00031708
v 0.00487808 -0.00509571 -0.00094974
v 0.00489032 -0.00513937 -0.00016736
v 0.00509466 -0.00439565 -0.00094974
v 0.00510753 -0.00439565 -0.00016736
v 0.00488780 -0.00512684 0.00061561
v 0.00511442 -0.00434039 0.00031105
v 0.00510439 -0.00439569 0.00061561
v 0.00536241 -0.00204804 -0.00094974
v 0.00536806 -0.00283041 -0.00016736
v 0.00491966 -0.00152842 0.00028726
v 0.00492326 -0.00152999 0.00028698
v 0.00492385 -0.00153039 0.00031725
v 0.00491966 -0.00152842 0.00031726
v 0.00528972 -0.00204264 0.00028714
v 0.00528488 -0.00203251 0.00028745
v 0.00528950 -0.00204188 0.00031603
v 0.00528488 -0.00203251 0.00031745
v 0.00535393 -0.00282051 0.00029025
v 0.00535363 -0.00281554 0.00028966
v 0.00535361 -0.00283008 0.00031105
v 0.00535405 -0.00282382 0.00031976
v 0.00534474 -0.00283008 0.00061561
v 0.00410248 -0.00565686 0.00139819
v 0.00396822 -0.00559451 0.00185670
v 0.00449387 -0.00543189 0.00139819
v 0.00426714 -0.00493427 0.00292041
v 0.00478583 -0.00490554 0.00218134
v 0.00472250 -0.00481873 0.00263036
v 0.00450306 -0.00464328 0.00315190
v 0.00483650 -0.00438775 0.00292041
v 0.00485962 -0.00504003 0.00139819
v 0.00507558 -0.00439569 0.00139819
v 0.00499293 -0.00439569 0.00218134
v 0.00506418 -0.00361258 0.00296392
v 0.00540807 -0.00204820 0.00139819
v 0.00528014 -0.00126509 0.00296392
v 0.00531149 -0.00048259 0.00296392
v 0.00534062 -0.00204820 0.00218134
v 0.00541187 -0.00126509 0.00218134
v 0.00430440 0.00146407 0.00036989
v 0.00430440 0.00151435 0.00029080
v 0.00430875 0.00151569 0.00029044
v 0.00430875 0.00151569 0.00032044
v 0.00480298 0.00169066 0.00029023
v 0.00480298 0.00169066 0.00032023
v 0.00540650 0.00264865 -0.00016736
v 0.00505823 0.00179300 0.00029023
v 0.00506623 0.00179712 0.00028940
v 0.00505823 0.00179300 0.00032023
v 0.00506803 0.00180056 0.00031832
v 0.00520823 0.00209515 0.00028793
v 0.00520823 0.00209515 0.00031793
v 0.00539927 0.00263788 0.00028844
v 0.00540036 0.00264895 0.00031073
v 0.00540022 0.00264505 0.00031467
v 0.00540030 0.00264572 0.00031529
v 0.00539927 0.00263788 0.00031844
v 0.00539650 0.00264870 0.00061559
v 0.00530631 0.00578817 -0.00020982
v 0.00530631 0.00581817 -0.00020982
v 0.00537040 0.00578870 -0.00041478
v 0.00518396 0.00578817 -0.00009227
v 0.00518396 0.00581817 -0.00009227
v 0.00518053 0.00578817 0.00020778
v 0.00517808 0.00578870 0.00022376
v 0.00515183 0.00578870 0.00031089
v 0.00430647 0.00031038 0.00146747
v 0.00431000 0.00031052 0.00146811
v 0.00431000 0.00034052 0.00146811
v 0.00495224 0.00034073 0.00160837
v 0.00499396 0.00031054 0.00162247
v 0.00499261 0.00034103 0.00162153
v 0.00499396 0.00034054 0.00162247
v 0.00534685 0.00031206 0.00214309
v 0.00534554 0.00034165 0.00214026
v 0.00534685 0.00034206 0.00214309
v 0.00535726 0.00031188 0.00216863
v 0.00535726 0.00034188 0.00216863
v 0.00531998 0.00033958 0.00292472
v 0.00531835 0.00033874 0.00294019
v 0.00531561 0.00029991 0.00296392
v 0.00535833 0.00031004 0.00218134
v 0.00535832 0.00034032 0.00218134
v 0.00540503 0.00108324 0.00218082
v 0.00481178 0.00890954 -0.00452662
v 0.00430434 0.00969208 -0.00468944
v 0.00426026 0.01120765 -0.00461306
v 0.00427311 0.01120841 -0.00460848
v 0.00431356 0.01120841 -0.00459285
v 0.00473356 0.01051622 -0.00446434
v 0.00475862 0.01051862 -0.00445084
v 0.00466051 0.01120765 -0.00445818
v 0.00467053 0.01120841 -0.00445215
v 0.00520338 0.00890954 -0.00432660
v 0.00579843 0.00890954 -0.00393540
v 0.00515399 0.00969208 -0.00429641
v 0.00501984 0.01051862 -0.00431010
v 0.00502992 0.01051815 -0.00430434
v 0.00502973 0.01051862 -0.00430426
v 0.00508230 0.01120673 -0.00424136
v 0.00509690 0.01119824 -0.00423167
v 0.00509690 0.01122824 -0.00423167
v 0.00574139 0.00969208 -0.00390552
v 0.00564690 0.01051862 -0.00387564
v 0.00564790 0.01051815 -0.00387564
v 0.00564765 0.01051862 -0.00387512
v 0.00563490 0.01117917 -0.00385809
v 0.00563037 0.01120385 -0.00386314
v 0.00563448 0.01121228 -0.00385984
v 0.00563475 0.01120922 -0.00385884
v 0.00563490 0.01120917 -0.00385809
v 0.00433841 0.01051634 -0.00176217
v 0.00435114 0.01051626 -0.00177233
v 0.00435114 0.01054566 -0.00177233
v 0.00433841 0.01051634 -0.00173217
v 0.00433592 0.01116343 -0.00176152
v 0.00432556 0.01117841 -0.00175331
v 0.00432556 0.01120841 -0.00175331
v 0.00432556 0.01117841 -0.00172331
v 0.00433673 0.01116225 -0.00173217
v 0.00432556 0.01120841 -0.00172331
v 0.00576962 0.01051815 -0.00325179
v 0.00576941 0.01051899 -0.00325157
v 0.00576952 0.01051862 -0.00325185
v 0.00576145 0.01051555 -0.00323180
v 0.00576145 0.01054361 -0.00323180
v 0.00574540 0.01120841 -0.00326501
v 0.00574541 0.01120841 -0.00326402
v 0.00556452 0.01120367 -0.00274240
v 0.00556310 0.01120765 -0.00273887
v 0.00500468 0.01035827 -0.00174977
v 0.00499803 0.01036261 -0.00173217
v 0.00500468 0.01035827 -0.00171977
v 0.00501749 0.01034805 -0.00173216
v 0.00501739 0.01034816 -0.00170217
v 0.00518363 0.01015155 -0.00171744
v 0.00518363 0.01015155 -0.00168744
v 0.00415250 0.01282358 -0.00456028
v 0.00408209 0.01360621 -0.00453292
v 0.00399894 0.01438884 -0.00450295
v 0.00454427 0.01282358 -0.00441435
v 0.00460120 0.01204094 -0.00443520
v 0.00447386 0.01360621 -0.00438960
v 0.00394276 0.01491816 -0.00448210
v 0.00430382 0.01595335 -0.00427364
v 0.00430382 0.01673599 -0.00420850
v 0.00430382 0.01751862 -0.00412381
v 0.00508661 0.01204094 -0.00420199
v 0.00508661 0.01282358 -0.00415639
v 0.00567239 0.01204094 -0.00384630
v 0.00567764 0.01282358 -0.00382155
v 0.00560722 0.01438884 -0.00376943
v 0.00508661 0.01595335 -0.00393359
v 0.00498698 0.01751862 -0.00383979
v 0.00514204 0.01668078 -0.00384500
v 0.00543943 0.01690537 -0.00366651
v 0.00548437 0.01638361 -0.00369256
v 0.00537875 0.01751862 -0.00363133
v 0.00579524 0.01668078 -0.00342938
v 0.00618944 0.00890954 -0.00361128
v 0.00652107 0.00890954 -0.00322008
v 0.00644992 0.00954298 -0.00312769
v 0.00614110 0.01008596 -0.00173198
v 0.00614110 0.01008596 -0.00170198
v 0.00614129 0.01008594 -0.00170198
v 0.00614713 0.01008527 -0.00170204
v 0.00664211 0.00997661 -0.00174954
v 0.00664211 0.00997661 -0.00171954
v 0.00665220 0.00997055 -0.00173217
v 0.00693031 0.00656191 -0.00280053
v 0.00691267 0.00890954 -0.00270143
v 0.00714522 0.00601691 -0.00233277
v 0.00719819 0.00656191 -0.00240910
v 0.00717217 0.00601256 -0.00173217
v 0.00717198 0.00601228 -0.00173223
v 0.00717635 0.00602305 -0.00173224
v 0.00714195 0.00890954 -0.00231002
v 0.00739476 0.00656191 -0.00173258
v 0.00739476 0.00656439 -0.00173078
v 0.00739913 0.00890908 -0.00173223
v 0.00712229 0.00944899 -0.00226918
v 0.00723603 0.00957597 -0.00173258
v 0.00723379 0.00958513 -0.00173217
v 0.00723379 0.00958541 -0.00173217
v 0.00723368 0.00958558 -0.00173258
v 0.00606866 0.01282358 -0.00353101
v 0.00599824 0.01438884 -0.00348280
v 0.00646942 0.01282358 -0.00314014
v 0.00595255 0.01517072 -0.00345414
v 0.00590386 0.01595335 -0.00342026
v 0.00586940 0.01751862 -0.00327825
v 0.00640350 0.01517072 -0.00306328
v 0.00637428 0.01595335 -0.00302940
v 0.00676605 0.01595335 -0.00253431
v 0.00633908 0.01673599 -0.00299031
v 0.00665069 0.01751862 -0.00251477
v 0.00686044 0.01282358 -0.00263724
v 0.00709715 0.01231846 -0.00221901
v 0.00711288 0.01282358 -0.00224637
v 0.00719677 0.01217705 -0.00173174
v 0.00733461 0.01282358 -0.00173174
v 0.00679452 0.01517072 -0.00256167
v 0.00678403 0.01667625 -0.00243790
v 0.00722749 0.01595335 -0.00173174
v 0.00700576 0.01751862 -0.00204573
v 0.00704546 0.01637529 -0.00212651
v 0.00702823 0.01689705 -0.00209133
v 0.00716906 0.01667625 -0.00179167
v 0.00717505 0.01751862 -0.00165487
v 0.00518396 0.00595205 0.00054288
v 0.00518363 0.00595889 0.00057213
v 0.00518396 0.00608139 0.00109588
v 0.00518396 0.00608153 0.00109646
v 0.00518404 0.01117841 0.00174732
v 0.00518404 0.01120841 0.00174732
v 0.00567089 0.01117841 0.00180805
v 0.00711356 0.00611336 -0.00125205
v 0.00722177 0.00680405 -0.00033901
v 0.00730768 0.00655048 -0.00097456
v 0.00761726 0.00734462 -0.00094933
v 0.00763429 0.00812710 -0.00094933
v 0.00763354 0.00890957 -0.00094933
v 0.00774249 0.00812710 -0.00016649
v 0.00773047 0.00890957 -0.00016649
v 0.00743191 0.00728309 -0.00011360
v 0.00728914 0.00752022 0.00061553
v 0.00763128 0.00812710 0.00061553
v 0.00772070 0.00890957 0.00061553
v 0.00733899 0.00965491 -0.00094933
v 0.00586292 0.01117841 0.00183200
v 0.00586292 0.01120841 0.00183200
v 0.00588877 0.01117841 0.00183746
v 0.00663904 0.01117841 0.00211570
v 0.00665220 0.01117841 0.00212446
v 0.00665220 0.01120841 0.00212446
v 0.00670404 0.01117841 0.00221344
v 0.00670404 0.01120841 0.00221344
v 0.00671483 0.01117841 0.00223612
v 0.00719221 0.00838173 0.00198590
v 0.00731694 0.00812338 0.00136826
v 0.00761550 0.00890957 0.00139836
v 0.00691576 0.01117841 0.00276335
v 0.00691576 0.01120841 0.00276335
v 0.00695842 0.01118932 0.00291177
v 0.00695842 0.01121932 0.00291177
v 0.00696140 0.01121912 0.00293114
v 0.00696360 0.01119209 0.00299381
v 0.00696360 0.01122209 0.00299381
v 0.00707073 0.01093869 0.00322688
v 0.00743266 0.00969204 0.00218120
v 0.00729365 0.00969204 0.00296322
v 0.00730914 0.01207951 -0.00094871
v 0.00756233 0.01282358 -0.00094871
v 0.00735783 0.01206590 -0.00016699
v 0.00765971 0.01282358 -0.00016699
v 0.00764847 0.01282358 0.00061604
v 0.00747319 0.01595335 -0.00094871
v 0.00744472 0.01673599 -0.00094871
v 0.00755933 0.01751862 -0.00016699
v 0.00756607 0.01282358 0.00139906
v 0.00723423 0.01360621 0.00296251
v 0.00744097 0.01282358 0.00218078
v 0.00725895 0.01282358 0.00296251
v 0.00231588 -0.00416583 0.00374595
v 0.00226110 -0.00361258 0.00374595
v 0.00234406 -0.00401056 0.00414310
v 0.00273926 -0.00408269 0.00421004
v 0.00223672 -0.00283008 0.00374595
v 0.00229720 -0.00278423 0.00450901
v 0.00233298 -0.00249263 0.00494075
v 0.00226047 -0.00204820 0.00452854
v 0.00231367 -0.00204820 0.00498649
v 0.00224875 -0.00126509 0.00452854
v 0.00273926 -0.00264424 0.00500936
v 0.00291564 -0.00483952 0.00342578
v 0.00352204 -0.00485113 0.00344251
v 0.00352204 -0.00452529 0.00383408
v 0.00352204 -0.00413404 0.00425466
v 0.00352204 -0.00361258 0.00459213
v 0.00352204 -0.00308806 0.00486600
v 0.00352204 -0.00269743 0.00502832
v 0.00352204 -0.00204820 0.00527487
v 0.00348404 -0.00122229 0.00555432
v 0.00232981 -0.00019527 0.00572835
v 0.00275604 -0.00046669 0.00579138
v 0.00302805 -0.00093253 0.00572166
v 0.00319778 -0.00093253 0.00572166
v 0.00348404 -0.00045447 0.00579083
v 0.00371964 -0.00069594 0.00564915
v 0.00224951 0.00034595 0.00457375
v 0.00226870 0.00029991 0.00531112
v 0.00226838 0.00034256 0.00531112
v 0.00226280 0.00108324 0.00531129
v 0.00231493 0.00029991 0.00576071
v 0.00231660 0.00032856 0.00576384
v 0.00240381 0.00237612 0.00640723
v 0.00233457 0.00289776 0.00650446
v 0.00273926 0.00029991 0.00597044
v 0.00273925 0.00032803 0.00597601
v 0.00269470 0.00264175 0.00658347
v 0.00228303 0.00343062 0.00609391
v 0.00227671 0.00421309 0.00609391
v 0.00232192 0.00343062 0.00652945
v 0.00227608 0.00577855 0.00609391
v 0.00231528 0.00577855 0.00664627
v 0.00231740 0.00578870 0.00665356
v 0.00268711 0.00578946 0.00708616
v 0.00268743 0.00578994 0.00708653
v 0.00268743 0.00578817 0.00708653
v 0.00278604 0.00578817 0.00714813
v 0.00279335 0.00578817 0.00715270
v 0.00279412 0.00578938 0.00715277
v 0.00292552 0.00206025 0.00652877
v 0.00295552 0.00206025 0.00652877
v 0.00324961 0.00206025 0.00652877
v 0.00352204 0.00029991 0.00600167
v 0.00352204 0.00032803 0.00600948
v 0.00351881 0.00034782 0.00601461
v 0.00352184 0.00108324 0.00620803
v 0.00351489 0.00182615 0.00638292
v 0.00377131 0.00250225 0.00643289
v 0.00352184 0.00343062 0.00672865
v 0.00296084 0.00593936 0.00730785
v 0.00323726 0.00593936 0.00730785
v 0.00352184 0.00421309 0.00689071
v 0.00352184 0.00499608 0.00703251
v 0.00342193 0.00578817 0.00720875
v 0.00342211 0.00578870 0.00720889
v 0.00352911 0.00579042 0.00716688
v 0.00364601 0.00578817 0.00710708
v 0.00002151 0.01157123 0.00688034
v 0.00002148 0.01157120 0.00687987
v 0.00002156 0.01160874 0.00743249
v 0.00002169 0.01160940 0.00743366
v 0.00192398 0.01120841 0.00687624
v 0.00192398 0.01120765 0.00687624
v 0.00192398 0.01120841 0.00687634
v 0.00001569 0.01189981 0.00782427
v 0.00234514 0.00692341 0.00727120
v 0.00243906 0.00640194 0.00714199
v 0.00271549 0.00662263 0.00734543
v 0.00273923 0.00734462 0.00744073
v 0.00273923 0.00812710 0.00750762
v 0.00273923 0.00890957 0.00754886
v 0.00206168 0.01120841 0.00740742
v 0.00206203 0.01120880 0.00740866
v 0.00206203 0.01120765 0.00740866
v 0.00273870 0.01120856 0.00762933
v 0.00273894 0.01120872 0.00762953
v 0.00276617 0.01118241 0.00762871
v 0.00276617 0.01121241 0.00762871
v 0.00337531 0.00656162 0.00736192
v 0.00376639 0.00656162 0.00720797
v 0.00357520 0.00740457 0.00739216
v 0.00352171 0.00812710 0.00749388
v 0.00352171 0.00890957 0.00756810
v 0.00352171 0.00969204 0.00760659
v 0.00352171 0.01047451 0.00760659
v 0.00350415 0.01121481 0.00758022
v 0.00352253 0.01120765 0.00757782
v 0.00352253 0.01125831 0.00757598
v 0.00195694 0.01282358 0.00781310
v 0.00273973 0.01204094 0.00773493
v 0.00273973 0.01282358 0.00762809
v 0.00352253 0.01204094 0.00752647
v 0.00000783 0.01229350 0.00808019
v 0.00039136 0.01229804 0.00807758
v 0.00039136 0.01251431 0.00807758
v 0.00093519 0.01237441 0.00806065
v 0.00093519 0.01246515 0.00806065
v 0.00398120 -0.00481995 0.00340068
v 0.00426936 -0.00436146 0.00370635
v 0.00403535 -0.00407903 0.00420223
v 0.00429944 -0.00359974 0.00433610
v 0.00477063 -0.00412121 0.00348992
v 0.00455720 -0.00385161 0.00401202
v 0.00474498 -0.00333015 0.00419609
v 0.00480610 -0.00283008 0.00428701
v 0.00400875 -0.00256355 0.00496585
v 0.00428361 -0.00282642 0.00469476
v 0.00417183 -0.00204820 0.00505342
v 0.00468419 -0.00162760 0.00490895
v 0.00474752 -0.00110553 0.00498147
v 0.00480610 -0.00048259 0.00506514
v 0.00485328 -0.00359974 0.00374874
v 0.00501858 -0.00283008 0.00374595
v 0.00508508 -0.00204820 0.00374595
v 0.00486721 -0.00204820 0.00443037
v 0.00502080 -0.00048259 0.00452854
v 0.00396948 -0.00017448 0.00572780
v 0.00448564 0.00032803 0.00555767
v 0.00449652 0.00032856 0.00554622
v 0.00507796 0.00032746 0.00449682
v 0.00507209 0.00029991 0.00452854
v 0.00507304 0.00032856 0.00452867
v 0.00485645 0.00029991 0.00516331
v 0.00485716 0.00033027 0.00516690
v 0.00485739 0.00033090 0.00516666
v 0.00500759 0.00264870 0.00531129
v 0.00513750 0.00578870 0.00344641
v 0.00513304 0.00579603 0.00430691
v 0.00505660 0.00343062 0.00531129
v 0.00508600 0.00421309 0.00531129
v 0.00512437 0.00580976 0.00499947
v 0.00510624 0.00499608 0.00531129
v 0.00511952 0.00577855 0.00531129
v 0.00511948 0.00579021 0.00531144
v 0.00408886 0.00029991 0.00579250
v 0.00409414 0.00032856 0.00579612
v 0.00424148 0.00108324 0.00589066
v 0.00463260 0.00108324 0.00565027
v 0.00469457 0.00147874 0.00570091
v 0.00479132 0.00264870 0.00582111
v 0.00392023 0.00302389 0.00648893
v 0.00400560 0.00343062 0.00653350
v 0.00414567 0.00421309 0.00661385
v 0.00425223 0.00499608 0.00668340
v 0.00453679 0.00421309 0.00636198
v 0.00437396 0.00578817 0.00673472
v 0.00437396 0.00579304 0.00673472
v 0.00469299 0.00539961 0.00648285
v 0.00471717 0.00578817 0.00651187
v 0.00471923 0.00578817 0.00651054
v 0.00471935 0.00578870 0.00651061
v 0.00472804 0.00592185 0.00651977
v 0.00483938 0.00343062 0.00589944
v 0.00486879 0.00421309 0.00597034
v 0.00488902 0.00499608 0.00604799
v 0.00488965 0.00578817 0.00616346
v 0.00476514 0.00656162 0.00656468
v 0.00387168 0.00718335 0.00725012
v 0.00430420 0.00656162 0.00689640
v 0.00422866 0.00740457 0.00704577
v 0.00435334 0.00812710 0.00704577
v 0.00403179 0.00890957 0.00733260
v 0.00442320 0.00890957 0.00707510
v 0.00407123 0.00969204 0.00735459
v 0.00407892 0.01047451 0.00735826
v 0.00405835 0.01044562 0.00736743
v 0.00405481 0.01120765 0.00734393
v 0.00405385 0.01120765 0.00734451
v 0.00446264 0.00969204 0.00710717
v 0.00447033 0.01047451 0.00712641
v 0.00444315 0.01125831 0.00710825
v 0.00442019 0.01120765 0.00712458
v 0.00518396 0.00853663 0.00570722
v 0.00518396 0.00869542 0.00581538
v 0.00518396 0.00942036 0.00630691
v 0.00518396 0.00942043 0.00630696
v 0.00518396 0.01011908 0.00654539
v 0.00518363 0.01011908 0.00654543
v 0.00500179 0.01047451 0.00673512
v 0.00498099 0.01120765 0.00671749
v 0.00566160 0.00987347 0.00591391
v 0.00574927 0.01047451 0.00601238
v 0.00539335 0.01047451 0.00640379
v 0.00537256 0.01120765 0.00638752
v 0.00395475 0.01249616 0.00729065
v 0.00400269 0.01204094 0.00731671
v 0.00439371 0.01204094 0.00708089
v 0.00495402 0.01204094 0.00668872
v 0.00572108 0.01204094 0.00597475
v 0.00567389 0.01282358 0.00590960
v 0.00534504 0.01204094 0.00636561
v 0.00614075 0.01047451 0.00553551
v 0.00612998 0.01120765 0.00551598
v 0.00636166 0.00989203 0.00507655
v 0.00673811 0.01047451 0.00452808
v 0.00671293 0.01123351 0.00451255
v 0.00670687 0.01120841 0.00452856
v 0.00670756 0.01120765 0.00452808
v 0.00640499 0.01047451 0.00514410
v 0.00637619 0.01120765 0.00514979
v 0.00639399 0.01120765 0.00512263
v 0.00706072 0.00928197 0.00338963
v 0.00709954 0.00969204 0.00349542
v 0.00696506 0.01122235 0.00364347
v 0.00696484 0.01122309 0.00369127
v 0.00696484 0.01119309 0.00369127
v 0.00696511 0.01119244 0.00369797
v 0.00696445 0.01122404 0.00369703
v 0.00710705 0.01047451 0.00355238
v 0.00707073 0.01093869 0.00346531
v 0.00698558 0.01047451 0.00394380
v 0.00611210 0.01204094 0.00549529
v 0.00606566 0.01282358 0.00546402
v 0.00665594 0.01282358 0.00452856
v 0.00638027 0.01204094 0.00510313
v 0.00636230 0.01282358 0.00507186
v 0.00709715 0.01282358 0.00349799
v 0.00694583 0.01282358 0.00389015
v 0.00708067 0.01360621 0.00344066
v 0.00000783 0.01893189 -0.00454855
v 0.00003708 0.01888379 -0.00455382
v 0.00039344 0.01893189 -0.00454976
v 0.00113520 0.01893189 -0.00451858
v 0.00181537 0.01893189 -0.00446907
v 0.00039155 0.02647411 -0.00289078
v 0.00206631 0.01893189 -0.00444302
v 0.00224908 0.01860447 -0.00446126
v 0.00246257 0.01808272 -0.00449122
v 0.00273000 0.01832620 -0.00441566
v 0.00272893 0.01893189 -0.00434269
v 0.00273611 0.01892761 -0.00434214
v 0.00273749 0.01893487 -0.00434204
v 0.00274546 0.01893189 -0.00433977
v 0.00235265 0.02303639 -0.00369694
v 0.00352253 0.01893189 -0.00417463
v 0.00371293 0.01893189 -0.00412007
v 0.00224528 0.02805005 -0.00211187
v 0.00224823 0.02805256 -0.00211063
v 0.00274524 0.02963988 -0.00133970
v 0.00097859 0.02978696 -0.00143534
v 0.00430382 0.01830125 -0.00402870
v 0.00430382 0.01893189 -0.00394532
v 0.00481408 0.01893189 -0.00374979
v 0.00481394 0.01893189 -0.00374989
v 0.00481343 0.01893189 -0.00374997
v 0.00390723 0.02122345 -0.00368499
v 0.00489859 0.01830125 -0.00379288
v 0.00529036 0.01830125 -0.00358052
v 0.00465468 0.02332610 -0.00288743
v 0.00520496 0.01893189 -0.00353231
v 0.00433737 0.02734437 -0.00174656
v 0.00550333 0.02657845 -0.00135900
v 0.00592858 0.01826269 -0.00313884
v 0.00581022 0.01893189 -0.00313102
v 0.00589861 0.01893189 -0.00306458
v 0.00626941 0.01797610 -0.00291475
v 0.00622971 0.01849785 -0.00287566
v 0.00618755 0.01893189 -0.00283965
v 0.00618926 0.01893189 -0.00283918
v 0.00652110 0.01826269 -0.00257470
v 0.00652859 0.01893189 -0.00246005
v 0.00661549 0.01893189 -0.00234670
v 0.00626415 0.02183868 -0.00212741
v 0.00697055 0.01830125 -0.00197929
v 0.00693128 0.01893189 -0.00191453
v 0.00693128 0.01893189 -0.00191426
v 0.00693126 0.01893487 -0.00191433
v 0.00714808 0.01830125 -0.00158842
v 0.00712187 0.01893189 -0.00152198
v 0.00736831 0.01830125 -0.00094871
v 0.00733011 0.01893189 -0.00094871
v 0.00753611 0.01830125 -0.00016699
v 0.00751214 0.01893189 -0.00016699
v 0.00755933 0.01830125 0.00061604
v 0.00754523 0.01893487 0.00061571
v 0.00754585 0.01893189 0.00061604
v 0.00754027 0.01893189 0.00068381
v 0.00748143 0.01893189 0.00139906
v 0.00737831 0.01893189 0.00178064
v 0.00736815 0.01893189 0.00181826
v 0.00736815 0.01896189 0.00181826
v 0.00684845 0.01893189 0.00317878
v 0.00691512 0.01893189 0.00303677
v 0.00727018 0.01893189 0.00218078
v 0.00727772 0.02945562 0.00257281
v 0.00554317 0.03049682 0.00017279
v 0.00632688 0.03057008 0.00092778
v 0.00705818 0.02973313 0.00175658
v 0.00039136 0.01893189 0.00676820
v 0.00042130 0.01893189 0.00676458
v 0.00117415 0.01893189 0.00671999
v 0.00143383 0.01893189 0.00669060
v 0.00143383 0.01896189 0.00669060
v 0.00156338 0.01891427 0.00667952
v 0.00156338 0.01894427 0.00667952
v 0.00156538 0.01894400 0.00667935
v 0.00170414 0.01893189 0.00666001
v 0.00175801 0.01893189 0.00665391
v 0.00170414 0.01896189 0.00666001
v 0.00195424 0.01893189 0.00663171
v 0.00255201 0.01893189 0.00652466
v 0.00284236 0.01893189 0.00645030
v 0.00301916 0.01893189 0.00639672
v 0.00302353 0.01893189 0.00639419
v 0.00301916 0.01896189 0.00639529
v 0.00302353 0.01896189 0.00639419
v 0.00352253 0.01893189 0.00623272
v 0.00131030 0.02814580 0.01115198
v 0.00277605 0.02903104 0.01119602
v 0.00117452 0.04055803 0.00573453
v 0.00160031 0.04139276 0.00647945
v 0.00324096 0.03996639 0.00560199
v 0.00237516 0.04139942 0.00728309
v 0.00237512 0.04139942 0.00728308
v 0.00333154 0.04060409 0.00763500
v 0.00078303 0.03434525 0.01249209
v 0.00142911 0.03030479 0.01200596
v 0.00078266 0.04112342 0.00806458
v 0.00058710 0.03774043 0.01127175
v 0.00154257 0.03591176 0.01204161
v 0.00168776 0.03870874 0.01035904
v 0.00195674 0.03278013 0.01236919
v 0.00259525 0.03444127 0.01213473
v 0.00333901 0.03246932 0.01186629
v 0.00357506 0.03635772 0.01120903
v 0.00501842 0.01894450 0.00547877
v 0.00559846 0.01891325 0.00503415
v 0.00559754 0.01891306 0.00503511
v 0.00559846 0.01894325 0.00503415
v 0.00559646 0.01894291 0.00503604
v 0.00430382 0.01893189 0.00590179
v 0.00456633 0.01893189 0.00577347
v 0.00462291 0.01892443 0.00574723
v 0.00470096 0.01891374 0.00571083
v 0.00462291 0.01895443 0.00574723
v 0.00470096 0.01894374 0.00571083
v 0.00470375 0.01894359 0.00570897
v 0.00615265 0.01893189 0.00440389
v 0.00624962 0.01895174 0.00428819
v 0.00650853 0.01893189 0.00386413
v 0.00658951 0.01893189 0.00371553
v 0.00633117 0.01893189 0.00417587
v 0.00631132 0.01894232 0.00421338
v 0.00591360 0.01893189 0.00467900
v 0.00598925 0.01893189 0.00460152
v 0.00598925 0.01896189 0.00459194
v 0.00540518 0.02951667 0.00952708
v 0.00401414 0.02871635 0.01046746
v 0.00625935 0.02926359 0.00804479
v 0.00515575 0.03753433 0.00449215
v 0.00398832 0.04065349 0.00643079
v 0.00431301 0.03983096 0.00766394
v 0.00542732 0.03900178 0.00576808
v 0.00555203 0.03914830 0.00662709
v 0.00706778 0.03520996 0.00487049
v 0.00669530 0.03102019 0.00726715
v 0.00711501 0.03160684 0.00590734
v 0.00704970 0.03481257 0.00648616
v 0.00635418 0.03765422 0.00556340
v 0.00650758 0.03722464 0.00623324
v 0.00633721 0.03688164 0.00741396
v 0.00553450 0.03536758 0.00989493
v 0.00436080 0.03047517 0.01084328
v 0.00452702 0.03414989 0.01119351
v 0.00540628 0.03278013 0.01030640
v 0.00426505 0.03723685 0.01016966
v 0.00623740 0.03338537 0.00898475
f 1 9 2
f 1 2 4
f 2 3 4
f 1 88 10
f 1 4 71
f 7 208 8
f 6 208 7
f 5 211 208
f 5 208 6
f 5 11 211
f 11 212 211
f 12 294 11
f 12 13 294
f 7 8 9
f 6 7 9
f 6 9 10
f 1 10 9
f 8 2 9
f 6 10 102
f 12 11 5
f 5 6 110
f 12 5 106
f 13 176 294
f 5 110 106
f 12 106 13
f 13 14 16
f 13 16 17
f 17 176 13
f 13 108 14
f 14 15 16
f 16 176 17
f 24 38 25
f 20 25 38
f 20 18 36
f 20 21 18
f 19 18 21
f 19 21 22
f 20 48 21
f 21 49 22
f 20 36 23
f 20 23 25
f 23 27 26
f 23 32 27
f 23 26 24
f 23 24 25
f 24 26 28
f 24 28 55
f 26 27 337
f 26 337 28
f 23 36 29
f 29 36 18
f 19 30 18
f 29 18 30
f 23 29 32
f 29 30 31
f 31 34 341
f 29 33 32
f 27 32 33
f 30 34 31
f 29 31 33
f 27 33 334
f 34 35 342
f 30 35 34
f 24 58 38
f 38 58 37
f 20 38 48
f 38 39 48
f 38 37 42
f 38 42 39
f 37 61 42
f 42 61 40
f 42 40 44
f 44 40 45
f 43 45 114
f 45 40 114
f 39 42 50
f 43 121 41
f 42 41 50
f 51 41 121
f 43 42 44
f 42 43 41
f 44 45 43
f 21 48 46
f 39 50 48
f 46 48 50
f 21 47 49
f 21 46 47
f 22 49 92
f 47 92 49
f 52 51 121
f 51 52 50
f 50 52 53
f 53 52 122
f 46 50 47
f 47 50 93
f 50 53 93
f 50 41 51
f 53 122 54
f 54 100 53
f 24 55 56
f 56 55 59
f 37 58 60
f 56 60 58
f 56 59 57
f 24 56 58
f 28 59 55
f 28 336 59
f 59 356 57
f 37 60 61
f 60 66 65
f 56 66 60
f 56 57 66
f 60 63 61
f 60 62 63
f 60 65 62
f 61 63 40
f 63 114 40
f 63 62 114
f 64 62 65
f 64 139 62
f 64 67 139
f 57 67 66
f 57 356 67
f 65 66 67
f 64 65 67
f 54 68 113
f 69 400 68
f 69 70 400
f 19 22 75
f 22 92 76
f 73 87 19
f 75 73 19
f 22 74 75
f 22 76 74
f 10 88 73
f 10 73 74
f 10 74 77
f 1 71 88
f 4 72 71
f 73 88 87
f 71 89 88
f 71 84 89
f 75 74 73
f 76 77 74
f 71 72 78
f 72 79 78
f 71 78 84
f 19 87 30
f 87 89 30
f 82 30 89
f 35 80 342
f 30 82 35
f 35 82 80
f 80 82 81
f 82 89 84
f 78 387 84
f 78 79 85
f 78 85 387
f 79 86 85
f 81 82 83
f 83 84 387
f 82 84 83
f 83 387 81
f 85 388 387
f 85 389 388
f 390 389 85
f 85 86 390
f 87 88 89
f 47 90 92
f 76 92 90
f 76 90 91
f 76 91 77
f 77 91 102
f 91 93 102
f 93 103 102
f 47 93 90
f 90 93 91
f 53 94 93
f 53 97 94
f 93 94 95
f 98 96 107
f 107 99 98
f 100 97 53
f 100 54 101
f 93 95 103
f 95 96 103
f 96 98 103
f 98 99 103
f 6 102 105
f 10 77 102
f 103 104 105
f 103 105 102
f 99 104 103
f 104 112 105
f 6 105 110
f 13 106 108
f 96 15 109
f 96 109 107
f 106 107 108
f 108 109 14
f 107 109 108
f 14 109 15
f 99 111 104
f 104 111 112
f 105 112 110
f 99 107 111
f 106 110 107
f 111 110 112
f 107 110 111
f 54 113 101
f 68 400 113
f 176 178 294
f 178 180 294
f 43 114 116
f 115 117 116
f 114 115 116
f 43 116 121
f 116 117 123
f 116 123 121
f 117 115 120
f 115 118 120
f 118 149 120
f 117 119 123
f 117 120 119
f 119 120 125
f 119 124 123
f 119 125 124
f 120 149 129
f 120 129 125
f 52 121 123
f 52 127 122
f 52 123 127
f 122 127 130
f 54 122 130
f 54 130 132
f 68 132 134
f 54 132 68
f 68 134 136
f 123 124 127
f 124 125 127
f 127 125 126
f 125 129 126
f 127 126 128
f 126 152 128
f 126 129 152
f 128 187 131
f 127 128 130
f 130 128 131
f 130 133 132
f 130 131 133
f 132 133 134
f 133 135 134
f 134 135 137
f 136 134 137
f 136 137 138
f 133 190 135
f 131 186 133
f 137 135 189
f 137 189 138
f 62 139 114
f 114 140 115
f 114 139 140
f 139 141 140
f 140 141 142
f 67 141 139
f 141 67 448
f 141 449 142
f 118 115 140
f 140 143 118
f 140 142 144
f 140 144 143
f 118 143 148
f 143 144 145
f 142 449 144
f 144 450 145
f 143 145 159
f 145 452 159
f 68 136 69
f 69 136 146
f 69 146 70
f 146 453 70
f 136 138 147
f 136 147 146
f 138 201 147
f 146 147 453
f 201 455 147
f 118 148 149
f 148 150 149
f 148 161 150
f 129 149 152
f 149 151 152
f 150 161 164
f 149 150 151
f 150 164 151
f 151 164 571
f 152 153 154
f 128 152 187
f 131 187 186
f 152 154 155
f 152 155 187
f 133 186 190
f 135 190 189
f 154 156 157
f 154 196 155
f 154 157 197
f 154 197 196
f 151 153 152
f 154 153 568
f 151 568 153
f 154 567 156
f 154 568 567
f 143 158 161
f 143 161 148
f 143 159 158
f 158 162 161
f 158 160 162
f 158 159 160
f 161 162 164
f 162 163 571
f 162 165 163
f 162 571 164
f 162 160 165
f 160 574 165
f 163 165 574
f 138 189 199
f 138 199 201
f 97 166 94
f 96 95 166
f 95 94 166
f 100 101 172
f 100 166 97
f 100 167 166
f 100 172 167
f 166 167 169
f 169 193 170
f 170 195 171
f 174 191 173
f 167 172 173
f 169 167 173
f 172 175 174
f 174 173 172
f 169 173 193
f 96 166 15
f 166 168 16
f 16 15 166
f 168 176 16
f 168 177 176
f 176 177 178
f 177 180 178
f 177 179 180
f 168 181 177
f 177 181 179
f 181 168 182
f 182 168 183
f 113 172 101
f 113 175 172
f 113 184 175
f 113 497 184
f 185 192 174
f 175 184 174
f 184 185 174
f 184 497 185
f 193 195 170
f 186 187 193
f 186 193 188
f 173 188 193
f 173 191 188
f 174 192 191
f 190 186 191
f 186 188 191
f 189 190 191
f 189 191 192
f 187 155 193
f 155 194 193
f 155 196 194
f 194 195 193
f 195 194 196
f 196 197 198
f 168 166 598
f 166 169 598
f 169 170 598
f 170 171 598
f 168 598 183
f 183 598 182
f 171 195 597
f 189 192 200
f 185 200 192
f 189 200 199
f 199 200 201
f 200 185 515
f 201 200 515
f 3 243 4
f 3 202 243
f 202 246 243
f 202 247 246
f 237 245 250
f 8 209 203
f 8 208 209
f 203 209 204
f 209 214 204
f 209 205 207
f 206 205 210
f 206 210 289
f 206 290 205
f 207 205 291
f 205 209 208
f 208 210 205
f 208 212 210
f 208 211 212
f 213 210 212
f 212 294 213
f 210 213 289
f 213 294 289
f 11 294 212
f 209 207 214
f 204 214 215
f 207 216 219
f 207 291 216
f 300 218 216
f 207 215 214
f 207 219 215
f 216 218 219
f 219 218 217
f 217 224 220
f 220 224 222
f 2 8 203
f 2 203 204
f 3 2 204
f 3 204 221
f 3 221 202
f 204 247 221
f 204 215 247
f 215 219 251
f 219 217 252
f 217 220 252
f 202 221 247
f 215 251 247
f 219 252 251
f 228 250 253
f 232 253 254
f 220 264 252
f 222 265 264
f 254 266 323
f 222 268 265
f 220 222 264
f 223 222 224
f 225 223 224
f 225 224 226
f 224 227 226
f 232 254 323
f 223 268 222
f 225 268 223
f 226 227 271
f 238 279 278
f 238 242 279
f 230 232 322
f 229 230 322
f 228 230 231
f 229 231 230
f 229 235 231
f 228 231 235
f 228 235 233
f 229 327 234
f 229 234 235
f 235 236 806
f 235 806 233
f 233 806 240
f 234 236 235
f 234 827 236
f 228 237 250
f 228 253 230
f 230 253 232
f 237 239 238
f 228 233 237
f 237 238 245
f 237 233 239
f 233 240 239
f 240 241 239
f 238 239 242
f 239 241 242
f 242 241 282
f 243 72 4
f 72 243 244
f 72 244 259
f 72 259 79
f 243 255 244
f 247 250 245
f 246 247 249
f 247 248 249
f 247 245 248
f 249 248 278
f 252 264 254
f 238 248 245
f 247 251 250
f 253 250 251
f 251 252 253
f 252 254 253
f 246 256 243
f 249 278 256
f 246 249 256
f 244 255 259
f 255 243 256
f 255 258 259
f 255 257 258
f 255 256 257
f 257 256 280
f 258 257 260
f 257 280 260
f 86 263 390
f 79 259 86
f 86 259 263
f 258 262 259
f 258 260 262
f 259 262 261
f 259 261 263
f 529 263 261
f 254 264 266
f 264 265 266
f 266 265 267
f 265 268 267
f 267 268 269
f 226 271 270
f 225 272 268
f 226 272 225
f 268 273 269
f 226 270 272
f 270 271 276
f 268 272 273
f 273 277 269
f 270 274 272
f 270 276 274
f 272 274 273
f 273 274 275
f 273 275 277
f 274 277 275
f 274 276 277
f 238 278 248
f 256 278 279
f 279 281 280
f 256 279 280
f 280 283 285
f 242 281 279
f 242 282 281
f 280 281 283
f 281 282 284
f 281 284 283
f 260 280 285
f 260 285 262
f 261 262 285
f 261 285 286
f 261 286 529
f 285 287 286
f 283 287 285
f 283 284 287
f 284 818 287
f 287 818 819
f 286 287 538
f 287 540 538
f 287 819 540
f 206 288 290
f 206 289 288
f 288 289 297
f 289 295 296
f 289 296 297
f 205 290 291
f 288 292 290
f 288 297 292
f 290 292 291
f 292 293 291
f 289 294 295
f 295 299 296
f 292 298 293
f 296 299 297
f 292 297 301
f 292 301 298
f 297 299 302
f 295 303 299
f 216 291 300
f 291 293 300
f 218 315 217
f 217 317 224
f 300 293 313
f 218 300 310
f 312 325 323
f 217 315 317
f 266 309 323
f 224 316 227
f 266 267 309
f 267 269 309
f 224 317 316
f 227 316 319
f 309 269 318
f 299 304 302
f 297 302 304
f 297 633 301
f 297 304 633
f 299 303 304
f 303 651 304
f 293 298 636
f 298 301 305
f 298 305 636
f 293 307 313
f 218 310 308
f 311 323 309
f 218 308 315
f 300 313 310
f 312 323 311
f 312 314 325
f 314 637 325
f 301 306 305
f 301 633 306
f 293 636 307
f 305 306 635
f 306 633 634
f 305 635 636
f 637 640 325
f 315 308 309
f 329 640 641
f 330 641 642
f 307 638 313
f 311 309 308
f 308 310 311
f 310 312 311
f 313 312 310
f 312 313 314
f 313 637 314
f 294 661 295
f 295 661 303
f 180 661 294
f 317 315 318
f 317 318 316
f 316 318 319
f 318 321 319
f 319 321 320
f 315 309 318
f 232 323 322
f 322 323 324
f 323 325 324
f 229 322 327
f 322 324 328
f 324 325 326
f 322 328 327
f 234 327 827
f 327 328 828
f 324 326 831
f 324 831 328
f 831 326 832
f 326 833 832
f 326 325 640
f 326 640 329
f 329 834 326
f 329 330 834
f 329 641 330
f 330 331 835
f 330 642 331
f 326 834 833
f 330 835 834
f 331 838 835
f 331 654 838
f 654 655 838
f 655 839 838
f 318 269 277
f 227 319 271
f 276 271 332
f 271 319 320
f 277 321 318
f 271 320 332
f 333 321 277
f 333 276 332
f 277 276 333
f 180 179 661
f 179 181 662
f 181 182 662
f 179 662 661
f 320 321 332
f 321 333 332
f 27 334 335
f 335 334 350
f 335 350 344
f 27 335 337
f 28 337 338
f 28 338 336
f 336 338 363
f 337 345 338
f 337 335 344
f 337 344 343
f 337 343 345
f 338 345 363
f 33 340 339
f 31 340 33
f 31 341 340
f 33 339 334
f 34 342 341
f 339 340 349
f 340 341 351
f 339 349 348
f 340 351 349
f 339 348 334
f 334 348 350
f 341 342 393
f 341 352 351
f 341 393 352
f 343 344 353
f 343 353 346
f 343 346 347
f 343 347 345
f 345 347 363
f 347 414 365
f 365 414 366
f 349 353 348
f 350 348 353
f 344 350 353
f 351 352 394
f 346 353 414
f 349 351 426
f 349 426 353
f 351 394 426
f 346 414 347
f 59 336 354
f 59 354 356
f 354 355 356
f 354 360 355
f 336 364 354
f 336 363 364
f 354 361 360
f 354 364 361
f 355 360 356
f 356 360 357
f 67 356 357
f 67 357 358
f 67 358 448
f 357 359 358
f 357 360 359
f 359 448 358
f 360 361 359
f 359 361 369
f 359 369 448
f 369 361 368
f 70 362 400
f 347 365 363
f 363 365 364
f 361 364 365
f 366 414 371
f 371 416 373
f 361 367 371
f 361 365 367
f 361 370 368
f 369 368 458
f 361 371 370
f 368 370 458
f 370 372 458
f 365 371 367
f 365 366 371
f 370 371 372
f 371 373 374
f 371 461 372
f 371 374 461
f 374 375 376
f 374 376 461
f 375 377 376
f 373 421 374
f 375 374 424
f 378 379 402
f 375 435 377
f 381 377 437
f 381 439 382
f 382 441 383
f 384 403 380
f 385 402 379
f 380 403 385
f 383 403 384
f 80 81 342
f 342 81 387
f 342 387 388
f 342 388 386
f 386 393 342
f 386 397 393
f 388 389 386
f 390 391 389
f 389 392 386
f 389 391 392
f 386 392 397
f 352 393 395
f 393 397 396
f 393 396 395
f 352 427 394
f 352 395 427
f 397 398 396
f 398 399 396
f 362 401 400
f 378 402 362
f 401 362 402
f 441 403 383
f 403 402 385
f 403 404 402
f 403 441 405
f 404 403 405
f 405 442 406
f 406 444 412
f 407 412 443
f 409 408 410
f 408 409 411
f 409 410 411
f 408 411 412
f 407 408 412
f 353 426 413
f 353 413 414
f 415 414 413
f 414 415 416
f 413 417 415
f 415 417 418
f 413 430 417
f 415 419 416
f 415 418 419
f 418 420 419
f 371 414 416
f 373 416 419
f 430 932 417
f 418 417 936
f 418 940 420
f 419 420 941
f 419 941 421
f 421 942 422
f 422 945 423
f 373 419 421
f 374 421 422
f 422 423 374
f 423 424 374
f 375 424 435
f 435 436 377
f 436 437 377
f 437 439 381
f 423 945 424
f 394 425 426
f 425 429 428
f 426 425 428
f 394 427 425
f 425 427 429
f 426 430 413
f 426 428 430
f 428 429 431
f 427 395 431
f 429 427 431
f 396 432 395
f 428 433 430
f 428 431 433
f 431 395 432
f 396 547 432
f 430 433 946
f 431 432 433
f 432 434 433
f 433 434 947
f 432 546 434
f 436 440 437
f 382 439 438
f 382 438 441
f 405 441 442
f 406 442 444
f 444 446 443
f 444 443 412
f 443 445 407
f 446 445 443
f 447 445 446
f 424 955 435
f 955 436 435
f 436 955 440
f 437 440 957
f 439 437 957
f 439 957 438
f 438 957 441
f 442 441 957
f 444 442 957
f 444 957 446
f 447 446 958
f 141 448 449
f 369 458 448
f 448 458 449
f 449 458 459
f 144 449 450
f 450 451 145
f 450 449 451
f 145 451 452
f 451 449 465
f 459 465 449
f 452 451 465
f 452 465 482
f 70 453 362
f 362 453 454
f 362 471 378
f 362 454 456
f 362 456 470
f 362 470 471
f 453 147 455
f 453 455 454
f 456 457 470
f 454 455 456
f 455 457 456
f 455 514 457
f 372 460 458
f 458 460 459
f 459 460 462
f 372 461 460
f 376 377 463
f 376 463 461
f 460 461 462
f 461 463 462
f 377 381 463
f 464 381 382
f 383 464 382
f 381 464 463
f 383 481 464
f 459 462 466
f 465 459 466
f 465 466 488
f 462 463 466
f 463 467 466
f 463 464 468
f 463 469 467
f 463 468 469
f 466 467 488
f 481 468 464
f 468 481 469
f 378 474 379
f 378 471 474
f 379 474 473
f 380 480 384
f 380 385 477
f 383 384 481
f 385 473 478
f 380 477 480
f 385 478 477
f 384 480 481
f 385 379 473
f 470 457 472
f 471 470 472
f 471 472 474
f 472 476 474
f 457 516 472
f 472 518 476
f 477 479 480
f 475 479 478
f 474 476 473
f 473 476 475
f 473 475 478
f 477 478 479
f 480 479 526
f 475 520 479
f 476 518 475
f 159 452 482
f 159 482 160
f 160 482 483
f 160 483 485
f 465 487 482
f 482 487 484
f 482 484 483
f 483 484 485
f 160 485 574
f 485 486 574
f 486 698 574
f 484 486 485
f 486 701 698
f 484 701 486
f 455 201 514
f 457 514 516
f 465 488 487
f 487 488 489
f 484 487 489
f 467 491 488
f 467 469 494
f 488 492 489
f 467 494 491
f 488 491 492
f 484 489 490
f 489 493 490
f 484 490 701
f 490 493 701
f 491 494 492
f 489 492 493
f 492 494 495
f 494 708 495
f 492 495 709
f 494 711 708
f 472 516 518
f 469 481 723
f 481 480 723
f 475 518 519
f 475 519 520
f 520 523 479
f 479 523 526
f 480 526 527
f 469 723 494
f 723 480 527
f 113 400 496
f 113 496 497
f 400 401 502
f 400 499 496
f 400 502 499
f 515 185 498
f 185 497 498
f 496 498 497
f 498 500 515
f 500 501 515
f 496 500 498
f 496 499 500
f 499 501 500
f 499 502 501
f 401 402 508
f 401 503 502
f 401 506 503
f 401 508 506
f 402 404 511
f 404 405 512
f 402 510 508
f 402 511 510
f 404 512 511
f 501 504 517
f 504 505 517
f 505 507 521
f 501 502 504
f 503 505 502
f 504 502 505
f 503 507 505
f 503 506 507
f 506 508 507
f 507 509 521
f 507 508 509
f 508 510 509
f 510 511 509
f 511 512 513
f 509 511 525
f 511 513 525
f 512 405 406
f 406 513 512
f 201 515 514
f 514 515 516
f 515 517 516
f 501 517 515
f 505 521 517
f 516 517 518
f 518 517 521
f 509 522 521
f 509 523 522
f 509 524 523
f 509 525 524
f 526 525 513
f 518 521 519
f 519 521 520
f 520 521 522
f 520 522 523
f 526 523 524
f 526 524 525
f 526 513 527
f 527 513 723
f 756 513 406
f 406 412 756
f 411 756 412
f 391 390 528
f 391 528 392
f 263 528 390
f 263 529 528
f 392 528 531
f 528 529 531
f 529 537 531
f 531 537 532
f 397 531 398
f 392 531 397
f 398 531 530
f 398 530 399
f 547 399 530
f 530 531 533
f 532 533 531
f 532 542 536
f 547 530 533
f 533 536 534
f 532 536 533
f 535 534 536
f 411 410 559
f 532 537 542
f 537 539 542
f 286 537 529
f 286 538 537
f 537 538 539
f 538 540 539
f 540 541 539
f 540 844 541
f 539 544 542
f 539 541 544
f 542 544 543
f 536 542 543
f 535 536 543
f 543 544 545
f 541 847 544
f 544 847 545
f 396 399 547
f 547 546 432
f 547 548 546
f 533 534 547
f 535 547 534
f 535 549 547
f 547 551 548
f 547 549 551
f 551 552 548
f 548 552 554
f 550 551 549
f 552 551 550
f 546 553 434
f 546 548 553
f 434 553 1104
f 548 554 555
f 548 555 553
f 552 556 554
f 550 563 552
f 552 558 556
f 552 563 558
f 553 555 1106
f 555 557 1106
f 554 557 555
f 554 556 557
f 556 1106 557
f 556 558 1106
f 407 445 560
f 445 447 560
f 410 408 560
f 407 560 408
f 410 560 559
f 560 565 559
f 447 958 560
f 561 560 1117
f 543 549 535
f 543 545 562
f 543 550 549
f 543 562 550
f 545 564 562
f 545 851 564
f 550 562 563
f 562 564 563
f 563 1108 558
f 563 1132 1108
f 563 1135 1132
f 563 564 1135
f 411 565 756
f 565 411 559
f 561 795 560
f 561 1116 798
f 560 795 565
f 151 571 566
f 151 566 568
f 568 566 572
f 568 572 578
f 568 578 569
f 568 570 567
f 568 569 570
f 156 567 587
f 156 587 157
f 567 570 587
f 569 581 570
f 570 581 590
f 571 572 566
f 163 575 571
f 571 575 573
f 571 573 572
f 572 573 576
f 572 576 582
f 163 574 575
f 574 577 575
f 573 575 577
f 573 577 576
f 576 577 583
f 576 583 582
f 572 579 578
f 569 578 580
f 578 579 580
f 572 582 579
f 569 580 581
f 579 602 580
f 580 602 581
f 579 617 602
f 579 582 583
f 579 583 584
f 583 585 584
f 579 584 585
f 579 585 617
f 583 718 585
f 157 586 197
f 157 588 586
f 157 587 588
f 197 594 198
f 196 198 596
f 195 196 599
f 197 586 594
f 589 586 588
f 570 590 587
f 587 591 588
f 588 591 589
f 587 590 591
f 589 591 593
f 581 591 590
f 586 589 594
f 589 593 595
f 593 591 604
f 594 589 595
f 195 599 597
f 171 597 598
f 198 594 596
f 196 596 599
f 593 605 595
f 596 600 599
f 598 597 599
f 600 601 599
f 596 607 600
f 600 607 601
f 595 609 594
f 594 609 596
f 581 592 591
f 581 602 592
f 591 592 613
f 592 602 603
f 592 603 612
f 592 612 613
f 591 613 614
f 602 612 603
f 593 604 605
f 595 605 606
f 595 606 609
f 605 611 606
f 596 609 607
f 606 608 609
f 606 610 608
f 606 611 610
f 608 607 609
f 602 616 612
f 612 615 613
f 591 614 604
f 602 617 616
f 612 616 615
f 617 618 619
f 585 618 617
f 619 618 729
f 616 617 630
f 617 619 630
f 613 615 629
f 615 616 630
f 619 730 630
f 615 630 629
f 613 623 614
f 613 620 623
f 614 623 604
f 605 604 623
f 613 628 620
f 605 623 611
f 611 622 610
f 611 623 621
f 621 622 611
f 621 623 625
f 621 625 622
f 620 628 623
f 623 628 631
f 625 623 624
f 623 626 624
f 622 625 626
f 622 626 627
f 624 626 625
f 623 631 626
f 613 629 628
f 628 629 737
f 631 628 632
f 626 631 627
f 627 631 632
f 632 628 738
f 306 634 643
f 306 643 635
f 304 651 633
f 633 644 634
f 634 645 643
f 635 642 636
f 307 636 638
f 636 642 638
f 638 639 313
f 313 639 637
f 639 640 637
f 639 638 642
f 639 642 640
f 642 641 640
f 635 643 646
f 635 646 642
f 643 645 646
f 642 646 654
f 654 646 647
f 303 661 651
f 634 644 645
f 633 651 644
f 644 649 645
f 644 652 649
f 645 648 646
f 650 648 645
f 646 656 647
f 646 648 656
f 648 650 656
f 649 650 645
f 649 658 650
f 644 664 652
f 644 651 668
f 649 652 653
f 649 653 658
f 644 663 664
f 652 664 653
f 653 664 665
f 658 653 665
f 658 665 693
f 331 642 654
f 647 655 654
f 656 655 647
f 655 656 839
f 650 657 656
f 650 658 657
f 657 658 659
f 657 659 860
f 659 693 863
f 656 657 858
f 656 858 839
f 657 859 858
f 657 860 859
f 659 862 860
f 659 863 862
f 693 865 863
f 658 693 659
f 182 598 662
f 599 662 598
f 599 601 662
f 662 601 668
f 651 661 660
f 651 660 668
f 660 661 662
f 662 668 660
f 601 607 669
f 608 672 607
f 608 610 672
f 610 622 672
f 668 601 669
f 607 670 669
f 607 672 670
f 622 676 671
f 644 668 663
f 663 666 664
f 663 669 666
f 663 668 669
f 666 669 670
f 666 670 673
f 664 666 665
f 665 667 693
f 665 666 667
f 666 673 672
f 672 671 666
f 667 694 693
f 622 671 672
f 670 672 673
f 666 671 695
f 671 674 695
f 667 666 695
f 667 695 694
f 695 674 675
f 674 671 678
f 622 677 676
f 622 627 679
f 676 678 671
f 622 679 680
f 622 680 677
f 676 677 678
f 627 632 681
f 627 681 679
f 679 681 680
f 632 766 681
f 680 681 682
f 680 682 677
f 677 684 678
f 677 683 684
f 677 682 683
f 674 678 685
f 674 685 686
f 674 686 675
f 686 687 675
f 675 690 695
f 686 689 687
f 687 689 675
f 690 696 695
f 675 689 690
f 678 684 685
f 685 684 688
f 685 688 686
f 686 688 692
f 684 771 688
f 688 772 692
f 686 691 689
f 686 692 691
f 690 689 697
f 691 692 773
f 691 773 689
f 689 773 697
f 693 867 865
f 694 868 867
f 693 694 867
f 694 695 868
f 695 872 868
f 695 874 872
f 695 696 874
f 696 697 874
f 690 697 696
f 697 875 874
f 875 697 878
f 697 877 878
f 697 880 877
f 880 697 902
f 574 698 699
f 574 699 577
f 577 699 700
f 577 700 702
f 698 701 699
f 699 701 700
f 700 707 702
f 700 701 707
f 577 703 583
f 577 702 703
f 702 712 703
f 702 707 712
f 583 703 704
f 583 704 705
f 583 705 706
f 583 706 718
f 704 719 705
f 705 719 706
f 703 712 704
f 704 720 719
f 704 712 720
f 493 709 701
f 701 709 707
f 707 709 712
f 492 709 493
f 495 708 709
f 708 710 709
f 708 713 710
f 709 710 714
f 709 714 712
f 494 717 711
f 494 723 717
f 708 711 715
f 708 715 713
f 711 717 715
f 712 714 720
f 714 721 720
f 714 722 721
f 710 713 714
f 713 715 716
f 713 716 714
f 714 716 722
f 715 717 724
f 717 723 725
f 715 748 716
f 715 724 748
f 717 725 724
f 716 748 722
f 585 718 727
f 706 719 718
f 718 719 727
f 719 720 727
f 720 745 727
f 720 721 745
f 721 722 745
f 513 756 723
f 723 726 725
f 724 725 749
f 725 726 752
f 723 756 726
f 585 727 618
f 618 727 728
f 618 728 729
f 619 729 730
f 728 733 729
f 630 730 732
f 729 731 730
f 730 731 733
f 729 733 731
f 730 733 732
f 732 733 735
f 727 745 728
f 728 745 734
f 728 734 733
f 629 630 736
f 630 732 735
f 630 735 736
f 733 736 735
f 629 736 737
f 733 740 736
f 737 739 628
f 738 628 739
f 736 740 737
f 737 740 739
f 733 734 740
f 741 740 734
f 741 734 742
f 740 741 743
f 741 742 744
f 741 744 743
f 742 734 760
f 742 760 744
f 745 746 734
f 722 746 745
f 722 748 746
f 748 749 746
f 746 749 750
f 734 746 750
f 734 750 747
f 747 750 751
f 724 749 748
f 749 725 754
f 726 753 752
f 725 752 754
f 749 751 750
f 749 754 751
f 747 751 761
f 751 754 765
f 754 759 764
f 726 756 753
f 752 755 754
f 752 753 755
f 755 753 757
f 754 755 759
f 756 757 753
f 755 757 759
f 757 758 759
f 734 747 761
f 761 760 734
f 760 761 762
f 762 765 763
f 761 765 762
f 763 765 764
f 751 765 761
f 754 764 765
f 758 764 759
f 565 795 756
f 632 738 766
f 766 770 681
f 738 770 766
f 738 739 770
f 739 740 770
f 681 770 767
f 767 770 768
f 682 681 768
f 681 767 768
f 682 769 683
f 683 769 684
f 682 768 769
f 768 770 769
f 740 743 770
f 743 779 770
f 744 779 743
f 770 779 769
f 769 779 780
f 769 780 781
f 684 769 771
f 688 771 772
f 692 772 773
f 773 774 697
f 774 773 772
f 772 775 774
f 775 776 774
f 769 781 771
f 781 787 771
f 771 783 772
f 772 783 775
f 775 784 776
f 774 792 791
f 774 776 792
f 771 786 783
f 771 787 786
f 775 783 784
f 757 797 758
f 757 756 797
f 760 782 744
f 744 782 778
f 764 758 777
f 762 763 782
f 763 764 782
f 760 762 782
f 764 777 782
f 744 778 779
f 778 782 779
f 779 782 780
f 780 782 781
f 758 782 777
f 758 797 782
f 756 795 797
f 784 783 785
f 785 783 786
f 787 781 788
f 776 784 800
f 782 797 789
f 781 782 788
f 788 782 789
f 789 797 796
f 789 796 790
f 788 789 790
f 785 800 784
f 785 786 803
f 697 774 791
f 791 793 697
f 791 792 793
f 793 903 697
f 697 903 902
f 793 904 903
f 792 794 793
f 776 801 792
f 793 906 904
f 793 907 906
f 793 794 907
f 561 796 795
f 796 561 798
f 795 796 797
f 786 787 799
f 787 788 799
f 790 796 798
f 788 790 799
f 790 798 799
f 799 1618 786
f 786 1618 1622
f 786 1622 1650
f 792 801 794
f 776 800 801
f 794 802 907
f 802 908 907
f 908 802 909
f 802 804 913
f 804 1652 913
f 802 913 909
f 785 803 800
f 801 802 794
f 803 786 805
f 786 1650 805
f 801 800 803
f 801 803 802
f 802 803 804
f 804 803 1652
f 803 805 1652
f 806 807 811
f 806 809 807
f 806 808 809
f 236 810 806
f 236 827 810
f 810 827 808
f 808 806 810
f 241 811 813
f 240 811 241
f 811 814 813
f 241 812 282
f 241 813 812
f 240 806 811
f 807 814 811
f 807 815 814
f 282 822 816
f 282 818 284
f 282 816 818
f 816 822 817
f 818 820 819
f 818 844 820
f 818 816 848
f 819 820 844
f 817 845 816
f 813 821 812
f 282 812 822
f 812 821 822
f 813 823 821
f 813 814 823
f 817 822 821
f 817 821 823
f 814 815 823
f 817 823 845
f 815 824 823
f 823 824 826
f 823 826 825
f 827 828 808
f 328 829 828
f 328 830 829
f 327 828 827
f 328 831 830
f 830 831 832
f 832 833 830
f 808 842 809
f 807 809 842
f 829 842 828
f 830 842 829
f 808 828 842
f 842 815 807
f 836 837 835
f 836 835 838
f 836 838 839
f 836 859 837
f 839 858 836
f 836 858 859
f 830 833 883
f 833 834 885
f 834 835 885
f 835 837 885
f 815 840 824
f 842 840 815
f 840 842 841
f 842 830 883
f 824 840 843
f 824 843 826
f 826 843 850
f 840 841 843
f 841 842 884
f 841 890 843
f 843 890 850
f 540 819 844
f 844 818 846
f 845 848 816
f 818 848 846
f 541 844 846
f 541 846 847
f 846 849 847
f 545 847 849
f 846 851 849
f 846 848 851
f 845 853 848
f 823 825 845
f 825 826 850
f 825 854 845
f 825 850 854
f 545 849 851
f 848 852 851
f 848 853 852
f 564 851 852
f 564 852 1778
f 845 854 853
f 855 856 854
f 850 855 854
f 850 857 855
f 853 854 1782
f 854 856 1782
f 856 855 1794
f 857 1794 855
f 850 890 916
f 850 919 857
f 857 919 1797
f 860 861 859
f 860 862 861
f 862 864 861
f 862 863 865
f 862 866 864
f 862 865 866
f 837 859 881
f 859 861 881
f 861 864 895
f 837 881 885
f 833 885 883
f 861 895 881
f 865 867 866
f 866 867 871
f 867 868 871
f 868 869 871
f 868 870 869
f 868 872 870
f 870 872 873
f 872 875 873
f 872 874 875
f 875 876 873
f 864 866 895
f 866 871 895
f 869 895 871
f 869 870 882
f 870 873 882
f 876 875 878
f 877 879 878
f 877 880 902
f 877 903 879
f 873 876 882
f 876 878 882
f 878 879 914
f 869 897 895
f 869 882 897
f 842 883 884
f 883 886 884
f 841 884 887
f 841 887 890
f 883 885 886
f 881 894 885
f 885 894 886
f 886 894 888
f 884 886 887
f 886 888 887
f 887 889 891
f 887 888 889
f 887 891 890
f 890 891 916
f 889 893 891
f 891 893 892
f 891 892 916
f 881 895 894
f 888 894 896
f 888 896 900
f 888 900 889
f 894 895 896
f 895 897 898
f 895 898 896
f 896 899 900
f 882 898 897
f 882 921 898
f 896 898 899
f 898 921 899
f 889 900 893
f 893 900 901
f 899 923 900
f 900 923 901
f 877 902 903
f 903 905 879
f 903 904 905
f 879 905 914
f 907 908 906
f 906 909 904
f 904 910 905
f 906 908 909
f 904 909 910
f 905 910 911
f 909 913 910
f 910 912 911
f 878 914 882
f 905 915 914
f 905 911 915
f 911 912 915
f 914 915 928
f 915 1874 928
f 850 916 919
f 892 918 916
f 892 893 917
f 893 922 917
f 892 917 918
f 916 918 919
f 917 920 918
f 917 922 1875
f 918 1867 919
f 918 920 1868
f 917 1871 920
f 882 914 921
f 899 921 925
f 914 926 921
f 921 926 927
f 921 927 925
f 893 901 922
f 901 924 922
f 901 923 924
f 899 925 923
f 923 931 924
f 923 925 931
f 914 928 926
f 926 929 927
f 926 928 929
f 925 927 1873
f 927 929 1873
f 922 924 930
f 922 930 1875
f 924 1876 930
f 924 931 1876
f 925 1877 931
f 932 935 417
f 936 417 935
f 933 418 936
f 418 933 940
f 420 940 938
f 420 938 941
f 421 941 942
f 942 945 422
f 932 952 934
f 932 934 935
f 934 968 935
f 934 952 968
f 937 935 968
f 937 936 935
f 933 936 937
f 933 939 940
f 933 937 988
f 933 988 939
f 939 988 940
f 940 988 938
f 945 942 944
f 424 945 955
f 938 988 941
f 942 941 988
f 944 942 988
f 944 990 943
f 956 943 990
f 945 943 955
f 943 945 944
f 990 957 956
f 430 946 932
f 433 947 946
f 434 948 947
f 946 947 951
f 947 948 949
f 948 950 949
f 434 1104 948
f 950 948 1110
f 947 949 953
f 946 951 952
f 932 946 952
f 951 947 953
f 949 950 954
f 949 954 953
f 954 950 1009
f 950 1013 1009
f 1013 950 1143
f 955 957 440
f 960 446 959
f 446 960 958
f 957 962 446
f 446 961 959
f 962 961 446
f 955 943 956
f 955 956 957
f 957 990 962
f 962 1023 961
f 959 1026 960
f 961 1025 959
f 959 1027 1026
f 959 1025 1027
f 963 968 965
f 965 968 966
f 937 964 983
f 937 983 984
f 963 965 964
f 964 965 967
f 964 967 983
f 937 968 963
f 951 970 952
f 951 953 972
f 951 972 970
f 952 970 968
f 953 973 972
f 968 970 969
f 968 969 971
f 966 968 971
f 937 963 964
f 966 971 975
f 971 974 975
f 975 974 1177
f 976 985 978
f 965 966 977
f 965 977 967
f 967 977 978
f 966 975 977
f 967 978 985
f 975 1177 977
f 977 1178 978
f 976 978 1178
f 970 979 969
f 970 972 980
f 970 980 979
f 972 981 980
f 971 969 974
f 969 979 974
f 972 973 981
f 973 1010 981
f 981 1010 982
f 979 980 1182
f 980 981 1183
f 980 1183 1182
f 979 1182 974
f 981 982 1185
f 937 984 987
f 937 987 988
f 967 985 983
f 983 985 986
f 983 986 993
f 983 993 987
f 983 987 984
f 987 989 988
f 944 989 992
f 944 992 990
f 944 988 989
f 990 992 991
f 991 996 990
f 986 1002 993
f 987 993 1002
f 987 994 1035
f 987 1002 994
f 995 997 996
f 962 990 996
f 996 997 1021
f 997 998 1029
f 999 1029 998
f 976 986 985
f 976 1000 986
f 986 1000 1002
f 1000 1003 1002
f 1000 1001 1003
f 976 1193 1000
f 1000 1004 1001
f 1000 1193 1004
f 1003 1005 1002
f 1002 1006 994
f 1002 1005 1006
f 994 1006 1058
f 1001 1004 1003
f 1003 1004 1005
f 1004 1198 1005
f 1005 1198 1006
f 999 1007 1029
f 1007 1008 1029
f 953 954 973
f 954 1009 973
f 973 1009 1010
f 1009 1011 1010
f 1009 1012 1011
f 1009 1014 1012
f 1009 1013 1014
f 1013 1144 1014
f 1014 1145 1151
f 1010 1016 982
f 1010 1011 1015
f 1011 1012 1015
f 1010 1015 1016
f 982 1226 1184
f 982 1016 1227
f 982 1227 1226
f 1012 1014 1015
f 1014 1151 1015
f 1015 1017 1016
f 1016 1017 1227
f 1015 1018 1017
f 1019 1018 1015
f 1151 1019 1015
f 1022 962 996
f 1021 1020 996
f 1020 1022 996
f 997 1024 1021
f 997 1029 1024
f 962 1022 1023
f 961 1023 1025
f 1025 1023 1027
f 1008 1244 1029
f 989 987 1031
f 987 1030 1031
f 989 1031 992
f 992 1031 991
f 991 1031 1033
f 1030 1033 1031
f 1030 1032 1033
f 1033 1034 991
f 996 991 1034
f 995 1034 1042
f 1030 987 1035
f 1030 1036 1032
f 1030 1035 1036
f 1032 1037 1033
f 1033 1037 1038
f 1034 1033 1039
f 1033 1038 1039
f 1037 1064 1038
f 1034 1039 1042
f 1042 1039 1044
f 1036 1040 1032
f 1032 1041 1037
f 1032 1040 1041
f 1037 1041 1064
f 996 1034 995
f 995 1045 997
f 995 1042 1044
f 995 1044 1043
f 995 1043 1045
f 997 1045 1046
f 997 1046 1048
f 997 1048 1049
f 998 997 1049
f 999 998 1054
f 999 1055 1007
f 998 1049 1052
f 998 1052 1054
f 999 1054 1055
f 1045 1047 1046
f 1046 1047 1050
f 1046 1050 1048
f 1048 1051 1049
f 1048 1050 1051
f 1043 1097 1045
f 1045 1097 1047
f 1047 1089 1050
f 1050 1090 1051
f 1051 1090 1053
f 1049 1051 1052
f 1051 1053 1052
f 1054 1052 1053
f 1054 1053 1056
f 1054 1056 1055
f 1056 1057 1055
f 1056 1053 1090
f 1056 1095 1057
f 994 1058 1035
f 1035 1059 1036
f 1035 1058 1059
f 1058 1006 1200
f 1058 1275 1059
f 1036 1060 1040
f 1059 1060 1036
f 1060 1041 1040
f 1041 1060 1066
f 1059 1279 1060
f 1007 1061 1008
f 1007 1055 1061
f 1062 1206 1008
f 1008 1061 1062
f 1055 1057 1061
f 1061 1057 1063
f 1057 1099 1063
f 1061 1063 1062
f 1062 1063 1282
f 1038 1064 1067
f 1038 1070 1039
f 1064 1065 1068
f 1038 1067 1070
f 1064 1068 1067
f 1039 1070 1552
f 1041 1066 1064
f 1064 1066 1065
f 1065 1066 1073
f 1067 1068 1070
f 1068 1071 1070
f 1065 1069 1068
f 1068 1548 1071
f 1070 1071 1549
f 1070 1549 1552
f 1065 1072 1069
f 1065 1073 1072
f 1072 1073 1559
f 1069 1072 1559
f 1039 1098 1044
f 1044 1098 1043
f 1050 1089 1090
f 1047 1093 1089
f 1047 1097 1093
f 1043 1098 1097
f 1056 1090 1095
f 1039 1557 1098
f 1552 1557 1039
f 1066 1074 1073
f 1060 1074 1066
f 1073 1074 1075
f 1073 1075 1076
f 1060 1307 1074
f 1074 1307 1308
f 1074 1308 1075
f 1075 1308 1076
f 1073 1076 1077
f 1073 1077 1559
f 1077 1560 1559
f 1076 1308 1655
f 1076 1655 1077
f 1077 1655 1560
f 1057 1095 1099
f 1063 1099 1101
f 1063 1101 1351
f 1022 1078 1023
f 1020 1021 1080
f 1020 1078 1022
f 1021 1081 1080
f 1020 1080 1078
f 1021 1024 1081
f 1024 1084 1081
f 1082 1091 1083
f 1078 1080 1083
f 1081 1082 1080
f 1080 1082 1083
f 1079 1078 1083
f 1079 1083 1094
f 1079 1098 1027
f 1082 1085 1091
f 1081 1084 1082
f 1082 1084 1085
f 1084 1086 1085
f 1078 1027 1023
f 1079 1027 1078
f 1024 1029 1084
f 1029 1087 1084
f 1029 1244 1087
f 1085 1086 1100
f 1088 1100 1086
f 1084 1088 1086
f 1084 1087 1088
f 1088 1324 1103
f 1325 1088 1087
f 1083 1091 1093
f 1083 1093 1094
f 1089 1093 1091
f 1090 1089 1091
f 1090 1091 1092
f 1093 1097 1094
f 1079 1094 1098
f 1085 1092 1091
f 1085 1096 1092
f 1090 1092 1095
f 1092 1096 1095
f 1097 1098 1094
f 1026 1027 1588
f 1026 1588 1028
f 1098 1588 1027
f 1095 1096 1099
f 1085 1100 1096
f 1099 1096 1100
f 1088 1102 1100
f 1102 1088 1103
f 1099 1100 1101
f 1100 1102 1101
f 1101 1102 1103
f 1101 1103 1351
f 948 1104 1110
f 1104 1111 1110
f 553 1106 1104
f 1104 1106 1105
f 1106 558 1107
f 1106 1107 1109
f 558 1108 1107
f 1108 1109 1107
f 1108 1132 1109
f 1105 1106 1112
f 1105 1115 1104
f 1106 1109 1112
f 1113 1109 1134
f 1113 1114 1109
f 950 1110 1115
f 1110 1111 1115
f 950 1115 1143
f 1111 1104 1115
f 1105 1112 1115
f 1112 1109 1115
f 1115 1109 1114
f 1115 1114 1146
f 1114 1113 1146
f 1113 1147 1146
f 1113 1148 1147
f 1113 1159 1148
f 958 1118 1117
f 1117 560 958
f 1118 1126 1117
f 561 1117 1116
f 1126 1128 1117
f 958 960 1119
f 958 1119 1118
f 1118 1119 1121
f 960 1121 1119
f 960 1026 1121
f 1026 1028 1121
f 1122 1028 1154
f 1028 1122 1121
f 1122 1154 1155
f 1118 1121 1120
f 1118 1120 1126
f 1120 1121 1122
f 1120 1122 1123
f 1124 1120 1125
f 1123 1125 1120
f 1124 1125 1127
f 1120 1124 1126
f 1124 1127 1126
f 1127 1128 1126
f 1122 1155 1123
f 1123 1155 1125
f 1128 1131 1117
f 1127 1131 1128
f 1125 1155 1157
f 1130 1158 1156
f 1125 1157 1127
f 1127 1157 1129
f 1127 1129 1131
f 1129 1157 1130
f 1129 1130 1131
f 1132 1133 1109
f 1133 1134 1109
f 1133 1132 1135
f 1133 1136 1134
f 1133 1137 1136
f 1134 1140 1113
f 1134 1136 1140
f 1133 1135 1137
f 1135 564 1137
f 1137 564 1138
f 1136 1137 1140
f 1137 1141 1140
f 1137 1138 1141
f 1138 1139 1142
f 1138 1142 1141
f 564 1778 1138
f 1138 1778 1139
f 1113 1140 1160
f 1113 1160 1159
f 1140 1141 1163
f 1140 1163 1160
f 1141 1142 1163
f 1142 1164 1163
f 1013 1143 1144
f 1115 1144 1143
f 1014 1144 1145
f 1144 1151 1145
f 1144 1149 1151
f 1115 1146 1144
f 1144 1146 1147
f 1144 1147 1149
f 1147 1148 1150
f 1147 1150 1149
f 1148 1161 1150
f 1151 1149 1152
f 1019 1151 1152
f 1019 1152 1370
f 1149 1153 1152
f 1149 1150 1167
f 1149 1167 1153
f 1371 1152 1153
f 1155 1154 1156
f 1155 1156 1157
f 1157 1156 1158
f 1130 1157 1158
f 1148 1159 1161
f 1159 1160 1162
f 1159 1162 1161
f 1160 1163 1162
f 1163 1164 1785
f 1163 1785 1165
f 1163 1165 1162
f 1165 1785 1166
f 1166 1785 1169
f 1165 1166 1171
f 1150 1161 1167
f 1161 1162 1168
f 1161 1168 1167
f 1162 1170 1168
f 1153 1167 1423
f 1167 1168 1428
f 1167 1424 1423
f 1167 1428 1424
f 1168 1172 1428
f 1162 1165 1170
f 1165 1171 1170
f 1166 1169 1171
f 1171 1175 1170
f 1168 1170 1173
f 1168 1173 1172
f 1170 1175 1173
f 1171 1174 1175
f 1175 1174 1431
f 1117 1619 1116
f 1117 1131 1619
f 1130 1156 1620
f 1130 1620 1131
f 1154 1028 1620
f 1154 1620 1156
f 974 1182 1177
f 1177 1182 1179
f 977 1177 1176
f 977 1176 1178
f 1176 1177 1179
f 1176 1179 1180
f 1179 1188 1191
f 1179 1191 1181
f 1176 1180 1178
f 1178 1180 1194
f 1180 1181 1209
f 1179 1181 1180
f 981 1185 1183
f 1183 1186 1182
f 1183 1185 1187
f 982 1184 1185
f 1182 1186 1179
f 1183 1187 1186
f 1179 1186 1188
f 1186 1189 1188
f 1186 1187 1189
f 1187 1190 1189
f 1181 1191 1209
f 1188 1189 1191
f 1189 1192 1191
f 1189 1190 1192
f 1191 1192 1213
f 976 1178 1193
f 1178 1194 1193
f 1180 1196 1194
f 1194 1196 1193
f 1193 1196 1195
f 1196 1197 1202
f 1197 1208 1202
f 1180 1197 1196
f 1004 1193 1198
f 1193 1195 1198
f 1195 1199 1198
f 1198 1200 1006
f 1198 1204 1200
f 1200 1204 1201
f 1198 1199 1204
f 1201 1204 1203
f 1195 1196 1199
f 1196 1202 1199
f 1202 1208 1205
f 1199 1202 1204
f 1203 1204 1205
f 1202 1205 1204
f 1203 1205 1211
f 1248 1008 1206
f 1248 1206 1207
f 1180 1209 1197
f 1197 1209 1208
f 1191 1213 1209
f 1209 1213 1210
f 1209 1212 1208
f 1209 1210 1212
f 1205 1208 1212
f 1205 1212 1211
f 1211 1212 1285
f 1210 1220 1212
f 1212 1219 1287
f 1192 1215 1213
f 1210 1213 1220
f 1213 1215 1220
f 1192 1214 1216
f 1192 1216 1215
f 1212 1220 1219
f 1207 1218 1248
f 1218 1217 1248
f 1219 1220 1221
f 1220 1225 1221
f 1219 1221 1223
f 1221 1222 1223
f 1222 1221 1225
f 1222 1225 1224
f 1215 1216 1220
f 1216 1250 1220
f 1220 1250 1225
f 1224 1225 1249
f 1217 1224 1249
f 1185 1229 1187
f 1185 1184 1229
f 1184 1226 1229
f 1187 1233 1190
f 1187 1229 1233
f 1226 1227 1230
f 1017 1230 1227
f 1017 1018 1228
f 1018 1019 1228
f 1019 1232 1228
f 1226 1230 1229
f 1017 1228 1230
f 1228 1231 1230
f 1228 1232 1231
f 1229 1230 1231
f 1229 1231 1233
f 1233 1231 1234
f 1231 1240 1234
f 1231 1232 1240
f 1232 1241 1240
f 1190 1236 1192
f 1192 1238 1214
f 1190 1233 1236
f 1236 1238 1192
f 1214 1238 1239
f 1233 1234 1235
f 1235 1237 1233
f 1234 1242 1235
f 1233 1237 1236
f 1236 1237 1238
f 1234 1240 1242
f 1240 1241 1243
f 1240 1243 1242
f 1235 1267 1237
f 1235 1242 1267
f 1242 1243 1266
f 1237 1267 1238
f 1238 1269 1239
f 1244 1008 1245
f 1245 1008 1246
f 1008 1248 1246
f 1216 1214 1239
f 1239 1256 1247
f 1216 1239 1247
f 1247 1256 1255
f 1250 1247 1255
f 1248 1217 1249
f 1216 1247 1250
f 1251 1225 1250
f 1225 1251 1249
f 1250 1255 1253
f 1252 1251 1250
f 1252 1250 1253
f 1252 1253 1254
f 1255 1257 1253
f 1239 1269 1256
f 1255 1256 1269
f 1255 1271 1257
f 1254 1257 1258
f 1258 1260 1254
f 1258 1259 1260
f 1253 1257 1254
f 1252 1254 1262
f 1260 1262 1254
f 1257 1271 1258
f 1259 1261 1260
f 1261 1262 1260
f 1258 1271 1259
f 1261 1264 1262
f 1263 1264 1265
f 1238 1267 1269
f 1242 1266 1267
f 1266 1268 1267
f 1267 1268 1270
f 1255 1269 1271
f 1267 1456 1269
f 1267 1270 1456
f 1269 1459 1271
f 1259 1274 1261
f 1261 1272 1264
f 1264 1272 1265
f 1261 1273 1272
f 1259 1271 1459
f 1274 1259 1458
f 1261 1274 1273
f 1459 1458 1259
f 1269 1456 1459
f 1058 1200 1201
f 1058 1201 1275
f 1201 1277 1275
f 1059 1275 1276
f 1201 1203 1277
f 1203 1211 1277
f 1211 1285 1277
f 1275 1278 1276
f 1275 1277 1278
f 1277 1285 1278
f 1278 1285 1286
f 1059 1276 1279
f 1060 1279 1307
f 1279 1280 1307
f 1276 1278 1280
f 1279 1276 1280
f 1278 1286 1289
f 1278 1289 1280
f 1280 1289 1315
f 1062 1281 1206
f 1206 1281 1207
f 1207 1281 1283
f 1207 1283 1294
f 1281 1062 1282
f 1063 1351 1282
f 1294 1283 1297
f 1281 1282 1283
f 1282 1284 1283
f 1283 1284 1297
f 1282 1351 1284
f 1297 1284 1352
f 1212 1287 1285
f 1285 1287 1286
f 1286 1287 1288
f 1219 1293 1287
f 1287 1293 1288
f 1286 1288 1291
f 1286 1291 1289
f 1289 1291 1316
f 1288 1293 1290
f 1288 1290 1291
f 1290 1304 1291
f 1290 1293 1302
f 1290 1302 1304
f 1291 1306 1316
f 1291 1304 1306
f 1217 1218 1299
f 1218 1295 1299
f 1217 1299 1298
f 1207 1295 1218
f 1207 1294 1295
f 1219 1223 1293
f 1223 1222 1302
f 1224 1292 1222
f 1224 1217 1292
f 1222 1292 1302
f 1223 1302 1293
f 1217 1298 1292
f 1295 1294 1296
f 1294 1297 1296
f 1299 1295 1296
f 1298 1300 1303
f 1299 1296 1301
f 1299 1300 1298
f 1299 1301 1300
f 1296 1297 1355
f 1296 1355 1301
f 1300 1301 1358
f 1292 1303 1302
f 1292 1298 1303
f 1302 1303 1305
f 1302 1305 1304
f 1304 1305 1306
f 1303 1319 1305
f 1305 1319 1306
f 1300 1361 1303
f 1307 1309 1308
f 1280 1309 1307
f 1280 1311 1309
f 1280 1315 1311
f 1308 1309 1312
f 1309 1311 1312
f 1308 1310 1655
f 1308 1312 1310
f 1310 1313 1655
f 1311 1314 1312
f 1310 1312 1313
f 1312 1659 1313
f 1312 1314 1659
f 1284 1351 1352
f 1297 1352 1355
f 1289 1316 1315
f 1315 1316 1317
f 1311 1315 1317
f 1306 1319 1316
f 1316 1319 1318
f 1311 1317 1314
f 1316 1318 1317
f 1314 1317 1318
f 1314 1318 1659
f 1301 1355 1358
f 1303 1361 1319
f 1319 1323 1322
f 1300 1358 1361
f 1319 1366 1323
f 1319 1361 1366
f 1318 1319 1322
f 1322 1323 1670
f 1318 1322 1670
f 1320 1671 1323
f 1323 1671 1670
f 1320 1323 1321
f 1323 1366 1363
f 1321 1323 1365
f 1323 1363 1365
f 1244 1245 1087
f 1246 1325 1245
f 1245 1325 1087
f 1246 1326 1325
f 1246 1248 1331
f 1246 1328 1326
f 1246 1331 1328
f 1325 1327 1088
f 1327 1324 1088
f 1325 1326 1327
f 1324 1327 1354
f 1327 1329 1354
f 1326 1328 1327
f 1328 1329 1327
f 1248 1249 1335
f 1248 1332 1331
f 1248 1335 1332
f 1249 1337 1335
f 1249 1251 1330
f 1251 1252 1330
f 1249 1330 1337
f 1329 1333 1356
f 1333 1334 1356
f 1334 1336 1359
f 1328 1331 1329
f 1331 1332 1333
f 1329 1331 1333
f 1332 1334 1333
f 1332 1335 1334
f 1334 1335 1336
f 1335 1337 1336
f 1336 1341 1359
f 1330 1338 1337
f 1336 1337 1341
f 1337 1338 1339
f 1337 1339 1341
f 1338 1340 1339
f 1341 1339 1360
f 1339 1340 1368
f 1346 1344 1347
f 1346 1343 1344
f 1252 1262 1330
f 1263 1338 1330
f 1262 1264 1330
f 1264 1263 1330
f 1265 1345 1263
f 1272 1344 1345
f 1338 1263 1345
f 1343 1345 1344
f 1272 1494 1344
f 1273 1495 1494
f 1338 1343 1348
f 1338 1348 1349
f 1338 1349 1350
f 1346 1347 1349
f 1348 1346 1349
f 1346 1348 1343
f 1347 1344 1494
f 1338 1345 1343
f 1324 1353 1103
f 1351 1103 1353
f 1351 1353 1352
f 1324 1354 1353
f 1352 1353 1354
f 1352 1354 1355
f 1329 1356 1354
f 1334 1357 1356
f 1334 1359 1357
f 1354 1356 1355
f 1355 1356 1357
f 1355 1357 1358
f 1358 1357 1359
f 1341 1360 1359
f 1339 1362 1360
f 1339 1368 1362
f 1358 1359 1360
f 1358 1360 1362
f 1358 1362 1361
f 1340 1342 1368
f 1365 1363 1364
f 1361 1362 1366
f 1362 1367 1366
f 1363 1366 1367
f 1362 1368 1367
f 1363 1367 1368
f 1363 1368 1364
f 1338 1684 1340
f 1340 1684 1342
f 1338 1350 1684
f 1349 1347 1684
f 1349 1684 1350
f 1347 1494 1685
f 1494 1495 1685
f 1495 1496 1685
f 1342 1688 1368
f 1347 1685 1684
f 1342 1684 1685
f 1685 1688 1342
f 1265 1272 1345
f 1272 1273 1494
f 1273 1274 1497
f 1019 1370 1232
f 1232 1369 1241
f 1232 1370 1374
f 1369 1232 1374
f 1152 1371 1370
f 1153 1422 1371
f 1422 1372 1371
f 1371 1374 1370
f 1372 1374 1371
f 1373 1374 1372
f 1373 1376 1374
f 1373 1372 1425
f 1373 1426 1376
f 1376 1377 1374
f 1374 1377 1384
f 1376 1426 1377
f 1243 1241 1378
f 1369 1378 1241
f 1243 1379 1266
f 1243 1378 1379
f 1369 1374 1378
f 1374 1375 1378
f 1375 1381 1378
f 1378 1382 1380
f 1381 1382 1378
f 1380 1382 1387
f 1374 1384 1375
f 1375 1384 1381
f 1383 1382 1381
f 1381 1385 1383
f 1386 1385 1381
f 1386 1381 1384
f 1377 1432 1384
f 1382 1383 1388
f 1384 1432 1386
f 1383 1385 1392
f 1385 1386 1392
f 1378 1380 1379
f 1380 1387 1379
f 1382 1389 1387
f 1389 1382 1388
f 1383 1392 1388
f 1386 1434 1392
f 1388 1390 1389
f 1390 1388 1392
f 1390 1392 1391
f 1391 1411 1390
f 1389 1390 1406
f 1392 1394 1391
f 1391 1394 1395
f 1392 1393 1394
f 1392 1434 1393
f 1395 1411 1391
f 1398 1396 1397
f 1396 1404 1399
f 1398 1400 1396
f 1396 1400 1404
f 1400 1401 1403
f 1400 1403 1404
f 1401 1402 1405
f 1401 1405 1403
f 1397 1409 1398
f 1398 1414 1400
f 1400 1414 1401
f 1401 1414 1402
f 1402 1414 1405
f 1396 1415 1397
f 1396 1399 1415
f 1399 1404 1416
f 1404 1403 1417
f 1399 1416 1415
f 1416 1404 1417
f 1417 1403 1419
f 1409 1410 1398
f 1413 1398 1410
f 1406 1390 1408
f 1411 1408 1390
f 1407 1406 1408
f 1409 1407 1410
f 1408 1411 1407
f 1412 1410 1407
f 1411 1412 1407
f 1413 1410 1412
f 1415 1416 1417
f 1418 1415 1419
f 1415 1417 1419
f 1418 1419 1420
f 1419 1421 1420
f 1397 1415 1409
f 1398 1413 1414
f 1419 1403 1421
f 1409 1415 1451
f 1418 1420 1447
f 1420 1421 1448
f 1418 1451 1415
f 1153 1423 1422
f 1372 1422 1425
f 1422 1423 1427
f 1423 1424 1429
f 1423 1429 1427
f 1373 1425 1426
f 1422 1427 1425
f 1377 1426 1433
f 1426 1425 1433
f 1425 1427 1433
f 1424 1428 1429
f 1172 1173 1430
f 1172 1430 1428
f 1428 1430 1429
f 1173 1175 1430
f 1175 1431 1430
f 1431 1174 1798
f 1427 1429 1437
f 1429 1430 1437
f 1430 1431 1804
f 1430 1438 1437
f 1430 1804 1438
f 1377 1433 1432
f 1386 1432 1435
f 1432 1433 1435
f 1427 1437 1433
f 1386 1435 1434
f 1433 1436 1435
f 1393 1434 1470
f 1434 1435 1470
f 1433 1441 1436
f 1435 1436 1471
f 1433 1437 1441
f 1437 1439 1441
f 1437 1438 1439
f 1438 1440 1439
f 1438 1804 1442
f 1438 1442 1440
f 1436 1441 1473
f 1439 1440 1441
f 1440 1443 1441
f 1441 1474 1473
f 1441 1443 1474
f 1440 1442 1475
f 1440 1475 1443
f 1442 1810 1475
f 1266 1379 1268
f 1268 1379 1444
f 1379 1387 1444
f 1387 1389 1444
f 1389 1445 1444
f 1268 1455 1270
f 1268 1444 1445
f 1268 1445 1455
f 1389 1446 1445
f 1407 1451 1406
f 1409 1451 1407
f 1389 1406 1469
f 1394 1393 1481
f 1394 1484 1395
f 1395 1536 1411
f 1389 1465 1446
f 1445 1446 1465
f 1389 1469 1465
f 1420 1448 1447
f 1418 1447 1451
f 1447 1448 1449
f 1447 1449 1450
f 1406 1451 1469
f 1447 1450 1451
f 1451 1450 1452
f 1452 1453 1451
f 1395 1484 1536
f 1270 1454 1457
f 1270 1457 1456
f 1270 1455 1454
f 1454 1455 1457
f 1457 1455 1461
f 1456 1457 1462
f 1456 1460 1459
f 1456 1462 1460
f 1274 1458 1501
f 1459 1460 1458
f 1460 1503 1458
f 1458 1503 1501
f 1457 1461 1464
f 1457 1464 1462
f 1460 1462 1503
f 1462 1463 1503
f 1463 1462 1505
f 1462 1464 1505
f 1445 1465 1455
f 1455 1465 1461
f 1461 1465 1464
f 1466 1465 1467
f 1465 1469 1467
f 1465 1466 1464
f 1451 1453 1469
f 1467 1469 1453
f 1467 1468 1506
f 1467 1506 1466
f 1466 1506 1464
f 1435 1471 1470
f 1436 1473 1471
f 1393 1470 1472
f 1470 1471 1476
f 1393 1472 1481
f 1394 1481 1482
f 1394 1482 1484
f 1470 1476 1472
f 1472 1486 1481
f 1472 1476 1486
f 1471 1473 1477
f 1471 1477 1476
f 1473 1474 1479
f 1473 1479 1477
f 1443 1479 1474
f 1443 1475 1813
f 1443 1813 1479
f 1476 1477 1478
f 1476 1478 1486
f 1477 1487 1478
f 1477 1479 1487
f 1479 1813 1817
f 1479 1817 1480
f 1479 1480 1487
f 1486 1490 1481
f 1481 1483 1482
f 1482 1483 1485
f 1481 1490 1483
f 1483 1488 1485
f 1482 1537 1484
f 1482 1485 1537
f 1486 1478 1490
f 1478 1487 1490
f 1483 1490 1488
f 1488 1490 1492
f 1487 1480 1491
f 1487 1491 1490
f 1480 1489 1491
f 1480 1821 1489
f 1491 1492 1490
f 1491 1493 1492
f 1491 1489 1493
f 1488 1492 1493
f 1489 1825 1493
f 1485 1488 1542
f 1488 1493 1542
f 1405 1499 1403
f 1273 1496 1495
f 1273 1497 1496
f 1421 1403 1498
f 1414 1519 1405
f 1421 1500 1448
f 1403 1499 1498
f 1499 1405 1515
f 1421 1498 1500
f 1515 1405 1519
f 1496 1497 1685
f 1498 1499 1500
f 1500 1499 1514
f 1499 1515 1514
f 1274 1501 1497
f 1413 1527 1414
f 1411 1527 1412
f 1412 1527 1413
f 1448 1516 1449
f 1452 1518 1453
f 1449 1517 1450
f 1450 1517 1452
f 1411 1536 1527
f 1448 1500 1514
f 1448 1514 1516
f 1449 1516 1517
f 1519 1414 1521
f 1414 1527 1521
f 1452 1517 1518
f 1453 1518 1520
f 1501 1503 1502
f 1463 1504 1503
f 1463 1505 1504
f 1502 1503 1509
f 1503 1511 1509
f 1503 1504 1511
f 1464 1506 1505
f 1504 1505 1507
f 1504 1507 1511
f 1505 1506 1507
f 1507 1506 1508
f 1502 1509 1510
f 1509 1511 1510
f 1507 1508 1512
f 1510 1511 1524
f 1507 1525 1511
f 1507 1512 1525
f 1467 1453 1520
f 1467 1520 1468
f 1468 1513 1506
f 1513 1508 1506
f 1468 1528 1513
f 1468 1520 1522
f 1530 1536 1538
f 1513 1531 1508
f 1501 1730 1497
f 1501 1502 1730
f 1502 1510 1730
f 1510 1523 1730
f 1514 1515 1516
f 1516 1515 1517
f 1515 1519 1517
f 1517 1519 1518
f 1518 1519 1520
f 1519 1521 1520
f 1520 1521 1522
f 1510 1524 1523
f 1511 1523 1524
f 1511 1525 1759
f 1511 1759 1523
f 1508 1531 1533
f 1468 1522 1526
f 1468 1526 1528
f 1527 1536 1529
f 1513 1528 1531
f 1529 1536 1530
f 1530 1538 1532
f 1532 1538 1761
f 1508 1767 1512
f 1512 1534 1525
f 1512 1767 1534
f 1535 1760 1759
f 1534 1767 1766
f 1522 1521 1526
f 1526 1521 1527
f 1540 1762 1761
f 1531 1763 1533
f 1526 1527 1529
f 1526 1529 1528
f 1528 1529 1531
f 1531 1529 1530
f 1531 1530 1532
f 1532 1761 1531
f 1544 1765 1762
f 1525 1534 1535
f 1525 1535 1759
f 1508 1533 1767
f 1534 1766 1535
f 1484 1537 1536
f 1536 1539 1538
f 1536 1537 1539
f 1485 1541 1537
f 1537 1543 1539
f 1539 1540 1538
f 1539 1831 1540
f 1485 1542 1541
f 1537 1541 1543
f 1493 1827 1542
f 1541 1542 1829
f 1541 1829 1543
f 1539 1543 1833
f 1539 1833 1831
f 1540 1831 1835
f 1538 1540 1761
f 1540 1544 1762
f 1547 1765 1546
f 1547 1545 1774
f 1544 1546 1765
f 1540 1835 1544
f 1544 1835 1546
f 1545 1835 1836
f 1545 1841 1774
f 1775 1776 1841
f 1774 1841 1776
f 1775 1841 1840
f 1547 1835 1545
f 1547 1546 1835
f 1545 1836 1837
f 1545 1837 1841
f 1068 1069 1550
f 1071 1548 1549
f 1068 1550 1548
f 1548 1550 1549
f 1549 1554 1553
f 1550 1554 1549
f 1069 1559 1550
f 1550 1551 1558
f 1550 1559 1551
f 1550 1558 1554
f 1549 1555 1552
f 1549 1553 1555
f 1552 1555 1557
f 1574 1098 1557
f 1553 1556 1555
f 1553 1554 1556
f 1554 1568 1556
f 1555 1575 1557
f 1574 1557 1576
f 1555 1556 1568
f 1555 1578 1575
f 1557 1575 1576
f 1555 1568 1578
f 1554 1558 1570
f 1554 1569 1568
f 1554 1570 1569
f 1559 1560 1561
f 1559 1561 1562
f 1551 1559 1562
f 1551 1562 1563
f 1560 1655 1561
f 1561 1655 1657
f 1561 1657 1562
f 1562 1657 1563
f 1551 1563 1558
f 1558 1563 1564
f 1563 1657 1564
f 1564 1657 1663
f 1558 1564 1565
f 1558 1565 1570
f 1565 1571 1570
f 1564 1663 1565
f 1565 1566 1571
f 1565 1663 1566
f 1566 1663 1567
f 1567 1663 1573
f 1566 1567 1571
f 1568 1569 1582
f 1569 1570 1582
f 1570 1601 1582
f 1571 1601 1570
f 1567 1572 1571
f 1567 1573 1572
f 1571 1572 1600
f 1572 1573 1600
f 1571 1600 1601
f 1573 1674 1600
f 1574 1576 1577
f 1585 1576 1575
f 1098 1574 1588
f 1576 1586 1577
f 1574 1577 1588
f 1578 1579 1575
f 1579 1581 1575
f 1575 1581 1587
f 1576 1585 1586
f 1585 1575 1587
f 1579 1580 1581
f 1568 1583 1578
f 1578 1583 1579
f 1568 1582 1583
f 1579 1583 1580
f 1582 1597 1583
f 1582 1598 1597
f 1580 1584 1581
f 1597 1580 1583
f 1580 1597 1584
f 1577 1586 1588
f 1585 1587 1589
f 1585 1589 1586
f 1587 1590 1589
f 1586 1589 1588
f 1581 1593 1587
f 1581 1584 1595
f 1584 1597 1595
f 1590 1587 1591
f 1581 1594 1593
f 1581 1595 1594
f 1587 1593 1591
f 1591 1593 1592
f 1592 1593 1594
f 1594 1595 1596
f 1594 1596 1607
f 1602 1598 1582
f 1601 1602 1582
f 1599 1598 1602
f 1601 1674 1692
f 1600 1674 1601
f 1602 1601 1692
f 1602 1693 1603
f 1603 1693 1604
f 1599 1602 1603
f 1599 1603 1604
f 1599 1604 1606
f 1604 1605 1606
f 1604 1693 1605
f 1598 1611 1597
f 1599 1611 1598
f 1599 1606 1609
f 1605 1698 1606
f 1606 1698 1609
f 1609 1698 1699
f 1595 1597 1611
f 1596 1595 1611
f 1596 1612 1607
f 1612 1596 1611
f 1612 1608 1607
f 1599 1609 1611
f 1609 1610 1611
f 1610 1613 1611
f 1609 1700 1610
f 1610 1700 1613
f 1700 1614 1613
f 798 1116 1616
f 1619 1616 1116
f 1620 1619 1131
f 798 1616 1615
f 798 1615 799
f 799 1615 1617
f 799 1617 1618
f 1616 1629 1615
f 1615 1630 1617
f 1617 1630 1618
f 1622 1618 1633
f 1633 1650 1622
f 1619 1621 1616
f 1616 1621 1629
f 1615 1629 1630
f 1620 1621 1619
f 1618 1630 1632
f 1618 1632 1633
f 1652 1654 1846
f 913 1652 1846
f 1654 1847 1846
f 1654 1848 1847
f 1646 1654 1647
f 1646 1857 1654
f 1654 1849 1848
f 1654 1851 1849
f 1654 1854 1851
f 1654 1855 1854
f 1654 1857 1855
f 1588 1620 1028
f 1588 1589 1620
f 1589 1590 1620
f 1590 1624 1623
f 1620 1590 1623
f 1623 1627 1631
f 1590 1591 1624
f 1591 1623 1624
f 1591 1592 1623
f 1592 1594 1623
f 1594 1607 1623
f 1623 1607 1625
f 1623 1625 1626
f 1625 1607 1626
f 1623 1626 1627
f 1620 1623 1621
f 1623 1629 1621
f 1623 1631 1629
f 1629 1631 1630
f 1633 1635 1651
f 1631 1628 1630
f 1635 1643 1651
f 1643 1647 1653
f 1627 1628 1631
f 1630 1628 1632
f 1632 1628 1634
f 1634 1633 1632
f 1635 1633 1634
f 1612 1636 1608
f 1626 1607 1608
f 1626 1608 1636
f 1626 1640 1627
f 1627 1640 1628
f 1626 1636 1640
f 1611 1637 1612
f 1612 1637 1636
f 1613 1637 1611
f 1637 1613 1614
f 1636 1637 1715
f 1636 1638 1639
f 1636 1715 1638
f 1636 1639 1640
f 1715 1639 1638
f 1715 1640 1639
f 1715 1719 1640
f 1628 1641 1634
f 1628 1640 1641
f 1634 1643 1635
f 1634 1642 1643
f 1634 1641 1642
f 1645 1649 1647
f 1643 1644 1647
f 1647 1644 1645
f 1640 1721 1641
f 1641 1723 1642
f 1642 1644 1643
f 1642 1725 1644
f 1644 1724 1645
f 1645 1743 1649
f 1645 1724 1743
f 1646 1647 1648
f 1646 1648 1858
f 1646 1858 1857
f 1648 1859 1858
f 1647 1649 1648
f 1648 1649 1859
f 1649 1743 1742
f 1649 1742 1864
f 1649 1864 1861
f 1649 1860 1859
f 1649 1861 1860
f 1650 1652 805
f 1650 1651 1652
f 1652 1651 1654
f 1651 1653 1654
f 1633 1651 1650
f 1647 1654 1653
f 1643 1653 1651
f 1313 1656 1655
f 1655 1656 1657
f 1656 1660 1657
f 1657 1660 1658
f 1313 1660 1656
f 1313 1659 1660
f 1659 1669 1661
f 1658 1661 1664
f 1658 1660 1661
f 1659 1661 1660
f 1657 1658 1663
f 1658 1664 1663
f 1663 1664 1666
f 1663 1666 1665
f 1663 1665 1674
f 1573 1663 1674
f 1665 1666 1674
f 1666 1692 1674
f 1661 1666 1664
f 1661 1662 1666
f 1662 1672 1667
f 1662 1667 1666
f 1667 1672 1668
f 1666 1675 1692
f 1666 1667 1675
f 1667 1668 1675
f 1318 1669 1659
f 1318 1670 1669
f 1669 1670 1661
f 1661 1670 1662
f 1662 1670 1672
f 1670 1671 1673
f 1670 1673 1672
f 1320 1678 1671
f 1320 1321 1678
f 1671 1678 1673
f 1668 1672 1673
f 1668 1673 1680
f 1668 1676 1675
f 1676 1668 1680
f 1681 1676 1680
f 1681 1695 1676
f 1681 1682 1696
f 1681 1696 1695
f 1682 1697 1696
f 1321 1365 1677
f 1321 1677 1678
f 1365 1686 1677
f 1365 1364 1687
f 1364 1368 1690
f 1678 1677 1679
f 1673 1678 1680
f 1680 1678 1679
f 1680 1679 1682
f 1682 1679 1683
f 1686 1679 1677
f 1681 1680 1682
f 1365 1687 1686
f 1679 1686 1683
f 1682 1683 1710
f 1368 1688 1690
f 1497 1688 1685
f 1364 1689 1687
f 1364 1690 1689
f 1683 1686 1711
f 1686 1687 1713
f 1687 1689 1713
f 1689 1690 1713
f 1690 1691 1713
f 1690 1688 1691
f 1602 1692 1693
f 1693 1694 1698
f 1675 1693 1692
f 1675 1694 1693
f 1694 1696 1699
f 1605 1693 1698
f 1694 1699 1698
f 1676 1694 1675
f 1676 1695 1694
f 1694 1695 1696
f 1682 1710 1697
f 1609 1699 1700
f 1696 1700 1699
f 1696 1705 1702
f 1696 1697 1705
f 1697 1710 1705
f 1696 1702 1700
f 1710 1711 1707
f 1707 1711 1712
f 1700 1702 1705
f 1700 1705 1701
f 1701 1705 1703
f 1705 1706 1703
f 1704 1703 1706
f 1710 1707 1705
f 1707 1712 1713
f 1704 1706 1708
f 1706 1705 1707
f 1706 1707 1708
f 1700 1701 1614
f 1614 1701 1703
f 1683 1711 1710
f 1686 1712 1711
f 1686 1713 1712
f 1497 1730 1688
f 1730 1691 1688
f 1730 1751 1731
f 1704 1708 1716
f 1708 1709 1718
f 1709 1714 1718
f 1714 1735 1720
f 1703 1637 1614
f 1715 1637 1716
f 1637 1703 1704
f 1637 1704 1716
f 1716 1718 1717
f 1715 1716 1717
f 1715 1718 1719
f 1715 1717 1718
f 1718 1720 1719
f 1708 1718 1716
f 1714 1720 1718
f 1719 1726 1721
f 1719 1720 1726
f 1721 1727 1722
f 1721 1726 1727
f 1640 1719 1721
f 1641 1721 1723
f 1721 1722 1723
f 1722 1727 1725
f 1724 1725 1727
f 1724 1727 1729
f 1724 1729 1743
f 1743 1729 1728
f 1743 1728 1744
f 1642 1723 1725
f 1723 1722 1725
f 1724 1644 1725
f 1720 1736 1726
f 1726 1736 1727
f 1728 1745 1744
f 1736 1737 1727
f 1727 1745 1729
f 1729 1745 1728
f 1727 1737 1745
f 1691 1732 1713
f 1707 1713 1735
f 1708 1707 1735
f 1708 1735 1709
f 1730 1731 1691
f 1732 1691 1731
f 1709 1735 1714
f 1713 1732 1733
f 1713 1733 1735
f 1720 1740 1736
f 1720 1735 1740
f 1733 1734 1735
f 1735 1734 1740
f 1736 1740 1741
f 1737 1736 1748
f 1737 1748 1745
f 1736 1741 1748
f 1734 1738 1739
f 1732 1731 1751
f 1732 1751 1733
f 1733 1751 1738
f 1733 1738 1734
f 1734 1739 1740
f 1739 1746 1741
f 1739 1741 1740
f 1741 1746 1748
f 1747 1901 1884
f 1747 1884 1885
f 1742 1744 1891
f 1744 1745 1891
f 1743 1744 1742
f 1742 1888 1864
f 1742 1890 1888
f 1891 1745 1894
f 1742 1891 1890
f 1745 1748 1885
f 1746 1747 1748
f 1747 1885 1748
f 1883 1894 1745
f 1885 1883 1745
f 1523 1759 1730
f 1751 1760 1752
f 1730 1759 1751
f 1739 1751 1749
f 1749 1756 1750
f 1750 1772 1769
f 1751 1752 1756
f 1749 1751 1756
f 1752 1758 1756
f 1754 1772 1758
f 1752 1755 1758
f 1758 1755 1754
f 1755 1753 1754
f 1757 1756 1758
f 1756 1757 1750
f 1757 1758 1772
f 1750 1757 1772
f 1535 1768 1760
f 1535 1766 1768
f 1751 1759 1760
f 1752 1760 1768
f 1764 1533 1763
f 1531 1761 1763
f 1761 1762 1763
f 1763 1765 1764
f 1762 1765 1763
f 1764 1766 1767
f 1764 1767 1533
f 1764 1768 1766
f 1755 1768 1764
f 1752 1768 1755
f 1753 1764 1765
f 1753 1765 1774
f 1755 1764 1753
f 1754 1753 1775
f 1738 1751 1739
f 1739 1749 1750
f 1739 1750 1746
f 1746 1750 1769
f 1754 1775 1771
f 1769 1772 1773
f 1770 1769 1773
f 1771 1773 1772
f 1754 1771 1772
f 1771 1839 1898
f 1773 1897 1899
f 1771 1898 1897
f 1770 1773 1899
f 1747 1770 1902
f 1770 1896 1895
f 1770 1899 1896
f 1770 1895 1902
f 1901 1747 1902
f 1771 1897 1773
f 1547 1774 1765
f 1775 1774 1776
f 1753 1774 1775
f 1771 1775 1840
f 1771 1840 1839
f 1746 1770 1747
f 1746 1769 1770
f 1777 1778 852
f 1777 1779 1778
f 1778 1779 1139
f 1142 1139 1779
f 1777 1780 1779
f 1142 1779 1780
f 1791 1777 852
f 852 853 1791
f 1142 1780 1164
f 1777 1787 1780
f 1780 1781 1164
f 1787 1781 1780
f 1777 1791 1787
f 853 1782 1791
f 856 1794 1782
f 857 1797 1795
f 1782 1794 1791
f 857 1795 1794
f 1164 1781 1784
f 1781 1783 1784
f 1164 1784 1785
f 1781 1787 1783
f 1784 1783 1787
f 1784 1788 1785
f 1785 1788 1786
f 1784 1787 1788
f 1169 1785 1786
f 1169 1786 1788
f 1169 1788 1790
f 1787 1789 1788
f 1788 1789 1790
f 1791 1789 1787
f 1171 1169 1790
f 1171 1790 1792
f 1171 1792 1174
f 1790 1793 1792
f 1792 1793 1174
f 1790 1789 1802
f 1174 1793 1798
f 1790 1799 1793
f 1789 1803 1802
f 1789 1791 1803
f 1791 1806 1803
f 1791 1794 1795
f 1795 1797 1796
f 1791 1795 1808
f 1791 1808 1806
f 1795 1796 1808
f 1797 1867 1869
f 1796 1797 1869
f 1796 1869 1907
f 1802 1799 1790
f 1793 1799 1798
f 1431 1798 1801
f 1798 1799 1801
f 1431 1801 1804
f 1799 1802 1801
f 1800 1801 1803
f 1801 1802 1803
f 1801 1805 1804
f 1801 1800 1805
f 1442 1804 1805
f 1805 1800 1807
f 1800 1803 1806
f 1807 1800 1811
f 1806 1815 1800
f 1442 1805 1811
f 1805 1807 1811
f 1800 1812 1811
f 1442 1811 1810
f 1800 1815 1812
f 1815 1806 1816
f 1806 1820 1816
f 1806 1808 1809
f 1806 1809 1820
f 1475 1810 1813
f 1810 1812 1814
f 1810 1811 1812
f 1810 1814 1813
f 1812 1816 1814
f 1812 1815 1816
f 1813 1814 1818
f 1813 1818 1817
f 1814 1816 1818
f 1818 1816 1819
f 1817 1818 1819
f 1480 1817 1821
f 1817 1819 1821
f 1819 1816 1822
f 1816 1824 1822
f 1816 1820 1824
f 1819 1822 1821
f 1822 1823 1821
f 1822 1824 1823
f 1489 1821 1825
f 1823 1826 1821
f 1821 1826 1825
f 1493 1825 1828
f 1826 1823 1828
f 1824 1830 1823
f 1825 1826 1828
f 1796 1843 1808
f 1808 1843 1809
f 1809 1843 1844
f 1820 1845 1824
f 1828 1823 1830
f 1493 1828 1827
f 1542 1827 1830
f 1542 1830 1829
f 1827 1828 1830
f 1543 1829 1833
f 1830 1833 1829
f 1830 1832 1833
f 1833 1834 1831
f 1833 1832 1834
f 1831 1834 1835
f 1824 1845 1830
f 1830 1842 1832
f 1834 1836 1835
f 1837 1836 1838
f 1837 1840 1841
f 1837 1899 1840
f 1834 1914 1836
f 1838 1836 1914
f 1809 1844 1820
f 1820 1844 1845
f 1834 1832 1912
f 1830 1845 1842
f 1832 1842 1912
f 1796 1907 1843
f 1843 1907 1844
f 1844 1912 1845
f 1842 1845 1912
f 910 913 1849
f 910 1849 912
f 913 1847 1848
f 913 1848 1849
f 1849 1850 912
f 913 1846 1847
f 1849 1851 1852
f 1851 1853 1852
f 1849 1852 1850
f 1851 1854 1856
f 1851 1856 1853
f 1854 1855 1856
f 1855 1862 1856
f 1857 1859 1855
f 1857 1858 1859
f 1855 1859 1860
f 1855 1860 1862
f 1860 1861 1862
f 1861 1863 1862
f 1861 1864 1889
f 1889 1863 1861
f 1866 1863 1892
f 915 912 1850
f 915 1850 1852
f 1852 1853 1865
f 1853 1856 1865
f 915 1852 1865
f 915 1865 1874
f 1865 1866 1874
f 1856 1862 1865
f 1862 1863 1865
f 1863 1866 1865
f 1866 1893 1905
f 1866 1905 1920
f 919 1867 1797
f 918 1868 1867
f 917 1875 1870
f 917 1870 1871
f 920 1871 1868
f 1867 1868 1869
f 1868 1870 1908
f 1868 1871 1870
f 1870 1875 1872
f 1868 1908 1869
f 1870 1872 1908
f 928 1874 929
f 925 1873 1877
f 929 1879 1873
f 929 1874 1879
f 1873 1879 1880
f 1873 1880 1877
f 930 1878 1875
f 1872 1875 1878
f 931 1877 1876
f 930 1876 1878
f 1876 1877 1882
f 1874 1881 1879
f 1866 1920 1874
f 1879 1881 1880
f 1877 1880 1882
f 1874 1920 1881
f 1880 1881 1921
f 1880 1921 1882
f 1872 1878 1923
f 1876 1882 1878
f 1878 1882 1923
f 1884 1887 1885
f 1884 1886 1887
f 1884 1901 1886
f 1885 1887 1883
f 1889 1892 1863
f 1889 1864 1888
f 1888 1890 1889
f 1890 1891 1892
f 1891 1893 1892
f 1891 1894 1893
f 1889 1890 1892
f 1866 1892 1893
f 1893 1894 1905
f 1883 1905 1894
f 1886 1904 1887
f 1886 1903 1904
f 1887 1905 1883
f 1895 1896 1903
f 1839 1897 1898
f 1839 1840 1899
f 1839 1899 1897
f 1899 1900 1896
f 1895 1901 1902
f 1895 1903 1901
f 1886 1901 1903
f 1899 1837 1906
f 1899 1906 1900
f 1837 1838 1906
f 1903 1896 1904
f 1896 1900 1904
f 1834 1912 1914
f 1838 1914 1913
f 1838 1913 1906
f 1900 1906 1904
f 1887 1904 1905
f 1904 1920 1905
f 1869 1910 1907
f 1907 1910 1916
f 1869 1908 1910
f 1872 1909 1908
f 1908 1909 1911
f 1910 1911 1916
f 1908 1911 1910
f 1844 1907 1916
f 1844 1916 1912
f 1913 1915 1924
f 1915 1918 1924
f 1913 1914 1915
f 1912 1915 1914
f 1912 1916 1917
f 1911 1917 1916
f 1915 1917 1918
f 1911 1918 1917
f 1912 1917 1915
f 1904 1924 1922
f 1919 1922 1924
f 1881 1920 1921
f 1920 1922 1921
f 1882 1921 1919
f 1904 1922 1920
f 1919 1921 1922
f 1872 1923 1909
f 1909 1923 1911
f 1911 1923 1919
f 1882 1919 1923
f 1904 1906 1924
f 1906 1913 1924
f 1918 1919 1924
f 1911 1919 1918
