# https://github.com/mikedh/trimesh

o collision
v -0.00347629 -0.00504846 -0.00437858
v -0.00326758 -0.00493391 -0.00468112
v -0.00296456 -0.00500867 -0.00477768
v -0.00406927 -0.00522029 -0.00316906
v -0.00424220 -0.00495845 -0.00378452
v -0.00393919 -0.00505516 -0.00394343
v -0.00435663 -0.00504140 -0.00348199
v -0.00408194 -0.00510946 -0.00362928
v -0.00361494 -0.00522959 -0.00362317
v -0.00362239 -0.00511281 -0.00408766
v -0.00380688 -0.00474552 -0.00449929
v -0.00295469 -0.00388078 -0.00593098
v -0.00334771 -0.00404611 -0.00564250
v -0.00304470 -0.00414727 -0.00573295
v -0.00346325 -0.00374298 -0.00571401
v -0.00372787 -0.00340676 -0.00559666
v -0.00481319 -0.00413909 -0.00437431
v -0.00466150 -0.00393973 -0.00467684
v -0.00475170 -0.00363698 -0.00475996
v -0.00562979 -0.00404053 -0.00332919
v -0.00569874 -0.00373778 -0.00346243
v -0.00522242 -0.00410301 -0.00387620
v -0.00512813 -0.00386089 -0.00419645
v -0.00518478 -0.00340676 -0.00427652
v -0.00571887 -0.00340676 -0.00349604
v -0.00571887 -0.00337676 -0.00349604
v -0.00586572 -0.00340676 -0.00316906
v -0.00435886 -0.00413091 -0.00481619
v -0.00420568 -0.00386089 -0.00513400
v -0.00388590 -0.00411640 -0.00524585
v -0.00397870 -0.00386089 -0.00531552
v -0.00427687 -0.00340676 -0.00519573
v -0.00149920 -0.00508677 -0.00532887
v -0.00149834 -0.00508678 -0.00532884
v -0.00134371 -0.00510388 -0.00535179
v -0.00149920 -0.00492575 -0.00551233
v -0.00149920 -0.00488794 -0.00555541
v -0.00252887 -0.00469662 -0.00537480
v -0.00240147 -0.00451381 -0.00563716
v -0.00252887 -0.00425825 -0.00584960
v -0.00179804 -0.00484670 -0.00551086
v -0.00149920 -0.00458560 -0.00586412
v -0.00179804 -0.00417290 -0.00620760
v -0.00149920 -0.00421058 -0.00624197
v -0.00149920 -0.00420801 -0.00624405
v -0.00007967 -0.00521710 -0.00544885
v -0.00007967 -0.00523097 -0.00533599
v 0.00001915 -0.00523690 -0.00544055
v -0.00004967 -0.00523097 -0.00533599
v 0.00056032 -0.00507139 -0.00619743
v 0.00025739 -0.00496105 -0.00611280
v -0.00007951 -0.00509790 -0.00579903
v -0.00007967 -0.00509793 -0.00579901
v -0.00007949 -0.00509791 -0.00579903
v -0.00007967 -0.00519363 -0.00551780
v -0.00007916 -0.00479578 -0.00604219
v -0.00007967 -0.00475873 -0.00606967
v -0.00007967 -0.00430149 -0.00638693
v -0.00252887 -0.00500915 -0.00485166
v -0.00252887 -0.00500915 -0.00485044
v -0.00252887 -0.00501353 -0.00482466
v -0.00250169 -0.00501364 -0.00485387
v -0.00249887 -0.00501372 -0.00483542
v -0.00252887 -0.00492548 -0.00505192
v -0.00207542 -0.00501365 -0.00523426
v -0.00252887 -0.00501114 -0.00469065
v -0.00252887 -0.00499972 -0.00467274
v -0.00179804 -0.00505472 -0.00528389
v -0.00149920 -0.00515204 -0.00508628
v -0.00149920 -0.00516123 -0.00497933
v -0.00134371 -0.00520281 -0.00498588
v -0.00149920 -0.00508610 -0.00459950
v -0.00149920 -0.00500867 -0.00344123
v -0.00252887 -0.00477871 -0.00454559
v -0.00252887 -0.00431514 -0.00448128
v -0.00249887 -0.00431514 -0.00448128
v -0.00149920 -0.00476924 -0.00436461
v -0.00252887 -0.00476977 -0.00331175
v -0.00249887 -0.00476977 -0.00331175
v -0.00249887 -0.00475591 -0.00331510
v -0.00252887 -0.00433405 -0.00335640
v -0.00249887 -0.00433405 -0.00335640
v -0.00149920 -0.00479071 -0.00359766
v -0.00149920 -0.00484539 -0.00356608
v -0.00149920 -0.00431514 -0.00421478
v -0.00149920 -0.00431501 -0.00371259
v -0.00088948 -0.00524856 -0.00498588
v -0.00007967 -0.00523764 -0.00524242
v -0.00007967 -0.00527713 -0.00468812
v -0.00004967 -0.00528202 -0.00461948
v -0.00007967 -0.00549009 -0.00319525
v -0.00007967 -0.00536168 -0.00342855
v 0.00002014 -0.00536313 -0.00342731
v 0.00049638 -0.00534885 -0.00345816
v 0.00047359 -0.00535015 -0.00342816
v -0.00149920 -0.00387329 -0.00645105
v -0.00149803 -0.00385092 -0.00646457
v -0.00135650 -0.00384712 -0.00650005
v -0.00121352 -0.00368682 -0.00659298
v -0.00252887 -0.00398662 -0.00608011
v -0.00252887 -0.00398650 -0.00608014
v -0.00252887 -0.00398659 -0.00608010
v -0.00255887 -0.00386519 -0.00612140
v -0.00252887 -0.00386519 -0.00612140
v -0.00211624 -0.00412115 -0.00615587
v -0.00241911 -0.00404536 -0.00609878
v -0.00226147 -0.00388075 -0.00622718
v -0.00258925 -0.00374224 -0.00616322
v -0.00252887 -0.00376789 -0.00617521
v -0.00255887 -0.00357355 -0.00619610
v -0.00252887 -0.00358317 -0.00619869
v -0.00254891 -0.00357347 -0.00619612
v -0.00179804 -0.00386071 -0.00638866
v -0.00179804 -0.00340695 -0.00648397
v -0.00150875 -0.00340695 -0.00655638
v -0.00149889 -0.00340706 -0.00655875
v -0.00252904 -0.00340818 -0.00622834
v -0.00287139 -0.00340676 -0.00609661
v -0.00225220 -0.00340695 -0.00633413
v -0.00088948 -0.00398846 -0.00652851
v -0.00043539 -0.00404759 -0.00655464
v -0.00043539 -0.00382034 -0.00664583
v -0.00088948 -0.00376121 -0.00662202
v -0.00007967 -0.00405344 -0.00655890
v -0.00007967 -0.00402918 -0.00656866
v -0.00007967 -0.00382686 -0.00664750
v -0.00007967 -0.00382812 -0.00664750
v -0.00007967 -0.00378185 -0.00665542
v -0.00088948 -0.00340676 -0.00666790
v -0.00043539 -0.00340676 -0.00671611
v -0.00007967 -0.00340734 -0.00672008
v -0.00007967 -0.00340676 -0.00672018
v -0.00252887 -0.00383422 -0.00447584
v -0.00251387 -0.00340977 -0.00447180
v -0.00252887 -0.00299853 -0.00446790
v -0.00476325 -0.00500792 -0.00296310
v -0.00512738 -0.00492424 -0.00226146
v -0.00490041 -0.00510314 -0.00226146
v -0.00518627 -0.00497965 -0.00180675
v -0.00495929 -0.00512285 -0.00180675
v -0.00522131 -0.00501276 -0.00126585
v -0.00582509 -0.00425030 -0.00226146
v -0.00587019 -0.00429939 -0.00180675
v -0.00452323 -0.00522996 -0.00226146
v -0.00451391 -0.00508119 -0.00313606
v -0.00452323 -0.00517529 -0.00271557
v -0.00452323 -0.00524968 -0.00180675
v -0.00452323 -0.00524968 -0.00177675
v -0.00522354 -0.00501499 -0.00089854
v -0.00497756 -0.00514144 -0.00089854
v -0.00520267 -0.00499528 -0.00045207
v -0.00515794 -0.00495341 0.00001421
v -0.00515794 -0.00495341 0.00001518
v -0.00516223 -0.00494910 0.00001518
v -0.00493736 -0.00511108 0.00001518
v -0.00493098 -0.00511565 0.00001398
v -0.00493072 -0.00511583 0.00001518
v -0.00508682 -0.00488598 0.00046468
v -0.00485961 -0.00508119 0.00046468
v -0.00472521 -0.00497427 0.00109298
v -0.00589970 -0.00422794 0.00001518
v -0.00579619 -0.00421879 0.00046468
v -0.00519832 -0.00453656 0.00113093
v -0.00452323 -0.00524968 -0.00044443
v -0.00452628 -0.00524156 0.00000904
v -0.00452628 -0.00524156 0.00001518
v -0.00311357 -0.00549166 -0.00000143
v -0.00306479 -0.00550028 0.00001518
v -0.00452330 -0.00520785 0.00046468
v -0.00301839 -0.00549767 0.00091925
v -0.00572036 -0.00414634 -0.00287142
v -0.00605244 -0.00395647 -0.00226146
v -0.00611730 -0.00364777 -0.00249982
v -0.00614786 -0.00372922 -0.00226146
v -0.00609717 -0.00405764 -0.00180675
v -0.00619761 -0.00386758 -0.00159864
v -0.00612885 -0.00410450 -0.00126463
v -0.00618520 -0.00340676 -0.00224694
v -0.00626638 -0.00340676 -0.00180675
v -0.00632079 -0.00340676 -0.00135264
v -0.00612624 -0.00410190 -0.00075033
v -0.00624290 -0.00386089 -0.00089854
v -0.00608165 -0.00402525 0.00001518
v -0.00608119 -0.00402627 0.00001518
v -0.00608126 -0.00402620 0.00001518
v -0.00617460 -0.00379989 0.00001518
v -0.00602762 -0.00386973 0.00047396
v -0.00614454 -0.00372445 0.00032890
v -0.00633643 -0.00340676 -0.00089902
v -0.00633645 -0.00340676 -0.00089854
v -0.00629582 -0.00340676 -0.00044443
v -0.00623675 -0.00340706 0.00001518
v -0.00616081 -0.00340706 0.00037444
v -0.00601828 -0.00340706 0.00076070
v -0.00252887 -0.00520549 -0.00295615
v -0.00249887 -0.00520549 -0.00295615
v -0.00252887 -0.00544310 -0.00215450
v -0.00249887 -0.00544310 -0.00215450
v -0.00206423 -0.00547060 -0.00251957
v -0.00223023 -0.00549180 -0.00223463
v -0.00252887 -0.00514611 -0.00306033
v -0.00252887 -0.00509295 -0.00313493
v -0.00249887 -0.00509295 -0.00313493
v -0.00249887 -0.00509454 -0.00313401
v -0.00149920 -0.00543490 -0.00290513
v -0.00149920 -0.00550169 -0.00268937
v -0.00149920 -0.00550185 -0.00268937
v -0.00149920 -0.00550185 -0.00268885
v -0.00179804 -0.00549032 -0.00259228
v -0.00179804 -0.00553978 -0.00226070
v -0.00149920 -0.00554544 -0.00226718
v -0.00150445 -0.00554595 -0.00224482
v -0.00147445 -0.00554595 -0.00224482
v -0.00252887 -0.00547209 -0.00199595
v -0.00252887 -0.00546250 -0.00204234
v -0.00252887 -0.00550033 -0.00173441
v -0.00252887 -0.00549431 -0.00173441
v -0.00225220 -0.00553681 -0.00180685
v -0.00252887 -0.00552299 -0.00134240
v -0.00252887 -0.00553923 -0.00106020
v -0.00225220 -0.00554983 -0.00135263
v -0.00179804 -0.00554983 -0.00180685
v -0.00150459 -0.00552885 -0.00186777
v -0.00147459 -0.00552885 -0.00186777
v -0.00149920 -0.00552489 -0.00179346
v -0.00149920 -0.00548697 -0.00145573
v -0.00149920 -0.00548564 -0.00145298
v -0.00149922 -0.00536573 -0.00123213
v -0.00149922 -0.00536569 -0.00123209
v -0.00088948 -0.00554648 -0.00271550
v -0.00088948 -0.00554908 -0.00226131
v -0.00043539 -0.00553904 -0.00226131
v -0.00007967 -0.00550028 -0.00306238
v -0.00007967 -0.00552965 -0.00288133
v -0.00007967 -0.00554981 -0.00271501
v -0.00010096 -0.00554916 -0.00268785
v 0.00047359 -0.00550028 -0.00305176
v 0.00047359 -0.00554983 -0.00271486
v -0.00010066 -0.00553198 -0.00229957
v -0.00010296 -0.00552903 -0.00224807
v -0.00007296 -0.00552903 -0.00224807
v -0.00010192 -0.00547848 -0.00198162
v -0.00010097 -0.00547501 -0.00197810
v -0.00007273 -0.00547989 -0.00198390
v -0.00007238 -0.00547920 -0.00198277
v -0.00007097 -0.00547501 -0.00197810
v -0.00010100 -0.00522253 -0.00182003
v -0.00010037 -0.00521665 -0.00181754
v -0.00007100 -0.00522253 -0.00182003
v -0.00010026 -0.00476420 -0.00169570
v -0.00007033 -0.00476566 -0.00169601
v -0.00007026 -0.00476164 -0.00169564
v -0.00270665 -0.00554573 -0.00089854
v -0.00252887 -0.00554683 -0.00089893
v -0.00225220 -0.00554834 -0.00089841
v -0.00255887 -0.00554499 -0.00045407
v -0.00269465 -0.00554934 -0.00001137
v -0.00270695 -0.00554981 0.00001518
v -0.00253112 -0.00553981 -0.00001778
v -0.00252187 -0.00553964 -0.00000794
v -0.00224564 -0.00552398 -0.00000464
v -0.00224238 -0.00552358 0.00002431
v -0.00198844 -0.00547457 -0.00000689
v -0.00198591 -0.00547249 -0.00000715
v -0.00198591 -0.00547249 0.00002285
v -0.00183844 -0.00522578 -0.00000676
v -0.00183803 -0.00522482 -0.00000693
v -0.00183844 -0.00522578 0.00002324
v -0.00149920 -0.00513567 -0.00096728
v -0.00149920 -0.00513550 -0.00096728
v -0.00270680 -0.00554722 0.00091925
v -0.00149920 -0.00477018 -0.00079535
v -0.00171812 -0.00477755 -0.00000737
v -0.00171812 -0.00477755 0.00002263
v -0.00372787 -0.00249850 -0.00559666
v -0.00345952 -0.00204437 -0.00571095
v -0.00340771 -0.00180820 -0.00567856
v -0.00518478 -0.00249850 -0.00427652
v -0.00475170 -0.00226456 -0.00475996
v -0.00571887 -0.00249850 -0.00349604
v -0.00564751 -0.00249850 -0.00360567
v -0.00586572 -0.00249850 -0.00316906
v -0.00468014 -0.00196180 -0.00468845
v -0.00569539 -0.00204437 -0.00345754
v -0.00566744 -0.00180968 -0.00341170
v -0.00513037 -0.00204437 -0.00422579
v -0.00524441 -0.00179518 -0.00391531
v -0.00543151 -0.00176133 -0.00316906
v -0.00497756 -0.00175055 -0.00362317
v -0.00425874 -0.00249850 -0.00520897
v -0.00427687 -0.00249850 -0.00519573
v -0.00411101 -0.00204437 -0.00523332
v -0.00391087 -0.00179481 -0.00525685
v -0.00406517 -0.00177695 -0.00498182
v -0.00459684 -0.00179481 -0.00460655
v -0.00361494 -0.00175055 -0.00498610
v -0.00179804 -0.00249843 -0.00648397
v -0.00150875 -0.00249843 -0.00655638
v -0.00148906 -0.00249850 -0.00656103
v -0.00121352 -0.00216339 -0.00659298
v -0.00287139 -0.00249850 -0.00609661
v -0.00225220 -0.00249843 -0.00633413
v -0.00252887 -0.00235472 -0.00621246
v -0.00252887 -0.00214979 -0.00618943
v -0.00149920 -0.00203098 -0.00646113
v -0.00258440 -0.00204437 -0.00616078
v -0.00252887 -0.00203359 -0.00617452
v -0.00252887 -0.00187125 -0.00613952
v -0.00252880 -0.00187015 -0.00613930
v -0.00252887 -0.00180623 -0.00610361
v -0.00250922 -0.00180861 -0.00613187
v -0.00252887 -0.00178824 -0.00595227
v -0.00252887 -0.00177655 -0.00588906
v -0.00225220 -0.00204433 -0.00626562
v -0.00225220 -0.00179391 -0.00615937
v -0.00225220 -0.00176052 -0.00589465
v -0.00252887 -0.00176508 -0.00564404
v -0.00252887 -0.00175451 -0.00561805
v -0.00252887 -0.00175055 -0.00544206
v -0.00179792 -0.00175052 -0.00589474
v -0.00179804 -0.00175051 -0.00589465
v -0.00165799 -0.00176029 -0.00600267
v -0.00149869 -0.00194683 -0.00640263
v -0.00149920 -0.00194684 -0.00640264
v -0.00149851 -0.00178377 -0.00623974
v -0.00152622 -0.00175059 -0.00589554
v -0.00149544 -0.00175058 -0.00589547
v -0.00088948 -0.00249850 -0.00666790
v -0.00043539 -0.00249850 -0.00671611
v -0.00007967 -0.00249850 -0.00672018
v -0.00089893 -0.00202466 -0.00662028
v -0.00105678 -0.00186064 -0.00654012
v -0.00075400 -0.00180596 -0.00658833
v -0.00043539 -0.00204437 -0.00666732
v -0.00043539 -0.00179815 -0.00659762
v -0.00007967 -0.00204615 -0.00667126
v -0.00007967 -0.00204437 -0.00667081
v -0.00007967 -0.00179732 -0.00659887
v -0.00043539 -0.00176505 -0.00634846
v -0.00252887 -0.00249843 -0.00446372
v -0.00249887 -0.00249843 -0.00446372
v -0.00252887 -0.00248021 -0.00336199
v -0.00249887 -0.00248021 -0.00336199
v -0.00249887 -0.00214011 -0.00331071
v -0.00149920 -0.00263705 -0.00373469
v -0.00149920 -0.00249843 -0.00417866
v -0.00149920 -0.00249850 -0.00373609
v -0.00252887 -0.00175454 -0.00515872
v -0.00249887 -0.00175454 -0.00515872
v -0.00252887 -0.00204433 -0.00452099
v -0.00249887 -0.00204433 -0.00452099
v -0.00252887 -0.00198981 -0.00453792
v -0.00249887 -0.00198981 -0.00453792
v -0.00252887 -0.00180316 -0.00463615
v -0.00252887 -0.00179560 -0.00464219
v -0.00149920 -0.00175661 -0.00497221
v -0.00149920 -0.00175055 -0.00498632
v -0.00149920 -0.00204433 -0.00439747
v -0.00149920 -0.00178490 -0.00460486
v -0.00252887 -0.00204437 -0.00329110
v -0.00249887 -0.00204437 -0.00329110
v -0.00249887 -0.00204178 -0.00328962
v -0.00149920 -0.00175333 -0.00395921
v -0.00149920 -0.00204437 -0.00362336
v -0.00149920 -0.00195548 -0.00357269
v -0.00149920 -0.00180620 -0.00344695
v -0.00149920 -0.00178960 -0.00340304
v -0.00618252 -0.00249850 -0.00226146
v -0.00611730 -0.00224150 -0.00249982
v -0.00626638 -0.00249850 -0.00180675
v -0.00632079 -0.00249850 -0.00135264
v -0.00612438 -0.00180708 -0.00208911
v -0.00621532 -0.00204437 -0.00180675
v -0.00588584 -0.00176245 -0.00180675
v -0.00625743 -0.00204437 -0.00135264
v -0.00615345 -0.00178700 -0.00135264
v -0.00588584 -0.00175259 -0.00112559
v -0.00633645 -0.00249850 -0.00089854
v -0.00629582 -0.00249850 -0.00044443
v -0.00623637 -0.00249478 0.00001518
v -0.00616081 -0.00249847 0.00037444
v -0.00601828 -0.00249847 0.00076070
v -0.00626936 -0.00204437 -0.00089854
v -0.00615233 -0.00178755 -0.00067148
v -0.00618986 -0.00204064 0.00001518
v -0.00618974 -0.00203951 0.00001518
v -0.00612828 -0.00180373 0.00001518
v -0.00588607 -0.00177027 0.00001460
v -0.00588538 -0.00177018 0.00001518
v -0.00543464 -0.00175056 0.00001518
v -0.00613972 -0.00204436 0.00031541
v -0.00611682 -0.00181339 0.00025047
v -0.00543156 -0.00175230 0.00091925
v -0.00252887 -0.00178504 -0.00310960
v -0.00249887 -0.00178504 -0.00310960
v -0.00249887 -0.00178075 -0.00310609
v -0.00252887 -0.00175169 -0.00273497
v -0.00149920 -0.00176066 -0.00303511
v -0.00149922 -0.00175241 -0.00165144
v -0.00149927 -0.00177993 -0.00122980
v -0.00149920 -0.00181198 -0.00110760
v -0.00149922 -0.00179442 -0.00112240
v -0.00149920 -0.00179444 -0.00112234
v -0.00010033 -0.00247226 -0.00169866
v -0.00007032 -0.00248849 -0.00169533
v -0.00007033 -0.00247226 -0.00169866
v -0.00007967 -0.00175043 -0.00229070
v -0.00007967 -0.00175043 -0.00226070
v -0.00010160 -0.00175795 -0.00217733
v -0.00007160 -0.00175795 -0.00217733
v -0.00010060 -0.00205107 -0.00178982
v -0.00010062 -0.00204437 -0.00179178
v -0.00007063 -0.00204444 -0.00179175
v -0.00007066 -0.00178457 -0.00195257
v -0.00010058 -0.00178749 -0.00195031
v -0.00007058 -0.00178749 -0.00195031
v -0.00149920 -0.00249850 -0.00078896
v -0.00149921 -0.00249850 -0.00078896
v -0.00171750 -0.00248784 -0.00000684
v -0.00171750 -0.00248784 0.00002316
v -0.00224259 -0.00175058 -0.00000598
v -0.00149920 -0.00204526 -0.00092199
v -0.00149920 -0.00204437 -0.00092255
v -0.00149920 -0.00198970 -0.00096336
v -0.00180769 -0.00203996 -0.00000613
v -0.00180778 -0.00203970 -0.00000607
v -0.00180778 -0.00203970 0.00002393
v -0.00180616 -0.00204438 0.00002282
v -0.00195354 -0.00178676 -0.00000568
v -0.00195605 -0.00178359 -0.00000621
v -0.00195354 -0.00178676 0.00002432
v 0.00138177 -0.00506467 -0.00664719
v 0.00114245 -0.00500596 -0.00658243
v 0.00228983 -0.00520366 -0.00680294
v 0.00228983 -0.00507669 -0.00711602
v 0.00202715 -0.00502258 -0.00704927
v 0.00185969 -0.00511135 -0.00681088
v 0.00138177 -0.00519128 -0.00634881
v 0.00183562 -0.00524751 -0.00634881
v 0.00228983 -0.00524963 -0.00634881
v 0.00228983 -0.00476936 -0.00720661
v 0.00274403 -0.00507457 -0.00713509
v 0.00299952 -0.00501940 -0.00707430
v 0.00274403 -0.00518704 -0.00680294
v 0.00305774 -0.00506290 -0.00680294
v 0.00274403 -0.00522947 -0.00634881
v 0.00274403 -0.00520861 -0.00589468
v 0.00309044 -0.00510286 -0.00634881
v 0.00304516 -0.00508200 -0.00589468
v 0.00305343 -0.00472586 -0.00723839
v 0.00296754 -0.00454585 -0.00748552
v 0.00297257 -0.00454585 -0.00748552
v 0.00313751 -0.00431491 -0.00725707
v 0.00322627 -0.00476936 -0.00680294
v 0.00330928 -0.00431491 -0.00680294
v 0.00323238 -0.00476936 -0.00634881
v 0.00228983 -0.00522771 -0.00453229
v 0.00138757 -0.00529837 -0.00342816
v 0.00184465 -0.00526638 -0.00345306
v 0.00183526 -0.00526725 -0.00342785
v 0.00183609 -0.00526719 -0.00342763
v 0.00183772 -0.00526707 -0.00342675
v 0.00184565 -0.00526609 -0.00342293
v 0.00227717 -0.00511872 -0.00345250
v 0.00228458 -0.00511589 -0.00345292
v 0.00227717 -0.00511872 -0.00342250
v 0.00228458 -0.00511589 -0.00342292
v 0.00228387 -0.00511622 -0.00342295
v 0.00241684 -0.00501897 -0.00345295
v 0.00259092 -0.00487860 -0.00345347
v 0.00241684 -0.00501897 -0.00342295
v 0.00242071 -0.00501590 -0.00342318
v 0.00259092 -0.00487860 -0.00342347
v 0.00259504 -0.00487438 -0.00342426
v 0.00296359 -0.00395807 -0.00748671
v 0.00297437 -0.00395807 -0.00748671
v 0.00310301 -0.00382828 -0.00730236
v 0.00283356 -0.00362123 -0.00738616
v 0.00330892 -0.00386081 -0.00680294
v 0.00274403 -0.00340707 -0.00732223
v 0.00306924 -0.00340707 -0.00717165
v 0.00299521 -0.00315597 -0.00706795
v 0.00270271 -0.00298374 -0.00711602
v 0.00305630 -0.00308984 -0.00680294
v 0.00281518 -0.00286279 -0.00680294
v 0.00322411 -0.00340707 -0.00680294
v 0.00338337 -0.00402636 -0.00345398
v 0.00338337 -0.00402636 -0.00342398
v 0.00339030 -0.00401526 -0.00342611
v 0.00346488 -0.00389078 -0.00342618
v 0.00350632 -0.00378265 -0.00345755
v 0.00350894 -0.00377323 -0.00342816
v 0.00350907 -0.00377288 -0.00342816
v 0.00358037 -0.00340849 -0.00342816
v 0.00358096 -0.00338042 -0.00342855
v 0.00358705 -0.00295262 -0.00342855
v 0.00092753 -0.00549432 -0.00302443
v 0.00092753 -0.00554387 -0.00271486
v 0.00125438 -0.00547607 -0.00298468
v 0.00139589 -0.00550550 -0.00273499
v 0.00138202 -0.00554983 -0.00226070
v 0.00183595 -0.00548389 -0.00258542
v 0.00183595 -0.00553343 -0.00226070
v 0.00208623 -0.00546191 -0.00250890
v 0.00225881 -0.00548240 -0.00222667
v 0.00229044 -0.00553157 -0.00180679
v 0.00229044 -0.00554983 -0.00135263
v 0.00183948 -0.00540546 0.00062571
v 0.00183775 -0.00540334 0.00065548
v 0.00183948 -0.00540546 0.00065571
v 0.00172027 -0.00524313 0.00062551
v 0.00172027 -0.00524313 0.00065551
v 0.00192664 -0.00549232 0.00062572
v 0.00192716 -0.00549277 0.00065571
v 0.00227730 -0.00554537 0.00062685
v 0.00227477 -0.00554523 0.00065621
v 0.00227258 -0.00554493 0.00065603
v 0.00161148 -0.00503687 0.00062518
v 0.00161235 -0.00503869 0.00062524
v 0.00161048 -0.00503305 0.00062479
v 0.00161235 -0.00503869 0.00065524
v 0.00161048 -0.00503305 0.00065479
v 0.00158350 -0.00476938 0.00062481
v 0.00158350 -0.00476938 0.00065481
v 0.00157672 -0.00431885 0.00062492
v 0.00157672 -0.00431885 0.00065492
v 0.00274437 -0.00554163 -0.00089002
v 0.00274434 -0.00554983 -0.00044393
v 0.00272166 -0.00554735 0.00065947
v 0.00560875 -0.00501568 -0.00104892
v 0.00557930 -0.00497509 -0.00110837
v 0.00560904 -0.00497436 -0.00110931
v 0.00560880 -0.00497167 -0.00111221
v 0.00560930 -0.00497509 -0.00110837
v 0.00557803 -0.00426558 -0.00182786
v 0.00557840 -0.00426873 -0.00182484
v 0.00560803 -0.00426558 -0.00182786
v 0.00557966 -0.00524844 -0.00045293
v 0.00558910 -0.00524883 -0.00044393
v 0.00560966 -0.00524844 -0.00045293
v 0.00557951 -0.00512218 -0.00088112
v 0.00557897 -0.00512171 -0.00088229
v 0.00560897 -0.00512171 -0.00088229
v 0.00564266 -0.00524983 0.00020977
v 0.00557743 -0.00385794 -0.00210527
v 0.00560743 -0.00385794 -0.00210527
v 0.00560696 -0.00385451 -0.00210641
v 0.00557662 -0.00351373 -0.00217584
v 0.00560651 -0.00351033 -0.00217648
v 0.00557726 -0.00404586 -0.00202002
v 0.00560726 -0.00404586 -0.00202002
v 0.00560727 -0.00404614 -0.00201988
v 0.00557806 -0.00404948 -0.00201741
v 0.00557734 -0.00393167 -0.00207443
v 0.00560724 -0.00392969 -0.00207532
v 0.00557657 -0.00340934 -0.00219365
v 0.00560610 -0.00340410 -0.00219425
v 0.00560657 -0.00340934 -0.00219365
v 0.00202607 -0.00267146 -0.00704888
v 0.00228983 -0.00268065 -0.00704848
v 0.00213028 -0.00221170 -0.00666388
v 0.00222586 -0.00212788 -0.00634881
v 0.00138177 -0.00179014 -0.00661143
v 0.00164481 -0.00179650 -0.00660508
v 0.00138177 -0.00175689 -0.00634881
v 0.00138177 -0.00175017 -0.00589468
v 0.00183562 -0.00175053 -0.00544055
v 0.00252340 -0.00271991 -0.00703576
v 0.00228983 -0.00175017 -0.00453229
v 0.00359135 -0.00249847 -0.00342807
v 0.00359136 -0.00249852 -0.00342855
v 0.00354429 -0.00214839 -0.00342790
v 0.00297329 -0.00181525 -0.00430979
v 0.00274403 -0.00175017 -0.00345855
v 0.00314095 -0.00177006 -0.00342816
v 0.00352855 -0.00203735 -0.00342816
v 0.00344643 -0.00180428 -0.00342816
v 0.00344547 -0.00180358 -0.00342895
v 0.00344636 -0.00180408 -0.00342816
v 0.00344547 -0.00180358 -0.00342645
v 0.00384911 -0.00174812 -0.00288098
v 0.00370771 -0.00174410 -0.00136178
v 0.00157788 -0.00249840 0.00062486
v 0.00157788 -0.00249840 0.00065486
v 0.00158790 -0.00223883 0.00062479
v 0.00158861 -0.00223502 0.00062499
v 0.00158861 -0.00223502 0.00065499
v 0.00163520 -0.00206280 0.00062512
v 0.00163520 -0.00206280 0.00065512
v 0.00163731 -0.00205683 0.00062537
v 0.00163731 -0.00205683 0.00065537
v 0.00168321 -0.00197716 0.00062520
v 0.00168321 -0.00197716 0.00065520
v 0.00189428 -0.00178100 0.00062581
v 0.00189428 -0.00178100 0.00065581
v 0.00209092 -0.00176117 0.00062642
v 0.00227510 -0.00175043 0.00062640
v 0.00313899 -0.00174410 -0.00042577
v 0.00325078 -0.00174410 -0.00089795
v 0.00318865 -0.00174410 0.00002028
v 0.00324369 -0.00174410 0.00042305
v 0.00330786 -0.00174410 0.00077090
v 0.00331387 -0.00174410 0.00080350
v 0.00557582 -0.00249541 -0.00220528
v 0.00560587 -0.00250464 -0.00220546
v 0.00557565 -0.00248985 -0.00220479
v 0.00560565 -0.00248985 -0.00220479
v 0.00557606 -0.00204285 -0.00215668
v 0.00557513 -0.00203707 -0.00215542
v 0.00560513 -0.00203707 -0.00215542
v 0.00410720 -0.00174410 -0.00175429
v 0.00501520 -0.00174410 -0.00197174
v 0.00560501 -0.00178150 -0.00207416
v 0.00557174 -0.00177717 -0.00207079
v 0.00560174 -0.00177717 -0.00207079
v 0.00559012 -0.00175873 -0.00205504
v 0.00556012 -0.00174529 -0.00203829
v 0.00556011 -0.00174453 -0.00203352
v 0.00559012 -0.00174529 -0.00203829
v 0.00559011 -0.00174410 -0.00201889
v 0.00559012 -0.00166698 -0.00201459
v 0.00558954 -0.00161696 -0.00201180
v 0.00561950 -0.00161696 -0.00201180
v 0.00558946 -0.00075101 -0.00163000
v 0.00561946 -0.00075101 -0.00163000
v 0.00558946 -0.00072101 -0.00163000
v 0.00561946 -0.00072101 -0.00163000
v -0.00406888 -0.00521045 0.00137297
v -0.00442386 -0.00508491 0.00137297
v -0.00434009 -0.00503276 0.00168248
v -0.00298223 -0.00548016 0.00124478
v -0.00289966 -0.00496589 0.00448873
v -0.00294546 -0.00455183 0.00525070
v -0.00566239 -0.00409176 0.00115539
v -0.00566299 -0.00364696 0.00160911
v -0.00520796 -0.00409139 0.00206199
v -0.00380791 -0.00402731 0.00471686
v -0.00387782 -0.00372445 0.00484589
v -0.00342279 -0.00411895 0.00529202
v -0.00377296 -0.00340706 0.00510648
v -0.00257842 -0.00548799 0.00182754
v -0.00225237 -0.00553753 0.00182754
v -0.00179854 -0.00553642 0.00228210
v -0.00134412 -0.00554983 0.00228210
v -0.00009206 -0.00549170 0.00201271
v -0.00009151 -0.00548405 0.00198747
v -0.00006151 -0.00548405 0.00198747
v -0.00009119 -0.00521674 0.00180675
v -0.00009112 -0.00521589 0.00180630
v -0.00006119 -0.00521674 0.00180675
v -0.00006103 -0.00521497 0.00180583
v -0.00006112 -0.00521589 0.00180630
v -0.00088969 -0.00554536 0.00273582
v -0.00009226 -0.00553708 0.00226896
v -0.00006226 -0.00553708 0.00226896
v -0.00007967 -0.00554780 0.00263195
v -0.00016990 -0.00554983 0.00270344
v -0.00002746 -0.00554983 0.00270578
v 0.00050359 -0.00554983 0.00270578
v -0.00009134 -0.00477238 0.00168402
v -0.00009107 -0.00477009 0.00168368
v -0.00006107 -0.00477009 0.00168368
v -0.00006134 -0.00477238 0.00168402
v -0.00270680 -0.00517618 0.00409868
v -0.00225237 -0.00522983 0.00455240
v -0.00255552 -0.00505437 0.00490239
v -0.00246090 -0.00498061 0.00520515
v -0.00221711 -0.00510298 0.00524774
v -0.00179854 -0.00520189 0.00546069
v -0.00007967 -0.00547794 0.00366896
v -0.00332757 -0.00397367 0.00559478
v -0.00292256 -0.00407090 0.00612525
v -0.00340110 -0.00367081 0.00570864
v -0.00299669 -0.00376803 0.00623489
v -0.00340833 -0.00340706 0.00571876
v -0.00205589 -0.00502047 0.00572888
v -0.00134412 -0.00521455 0.00591441
v -0.00178709 -0.00508417 0.00589417
v -0.00162858 -0.00503388 0.00619862
v -0.00193113 -0.00492994 0.00603248
v -0.00133206 -0.00509162 0.00635717
v -0.00117235 -0.00503276 0.00664644
v -0.00088969 -0.00521381 0.00636898
v -0.00097587 -0.00491839 0.00695005
v -0.00043586 -0.00518140 0.00682354
v -0.00067332 -0.00500221 0.00705715
v -0.00043586 -0.00505474 0.00713558
v -0.00007967 -0.00524249 0.00672487
v -0.00007967 -0.00522478 0.00683323
v -0.00007967 -0.00521961 0.00682349
v 0.00001911 -0.00524026 0.00682349
v -0.00007967 -0.00512291 0.00718705
v -0.00007967 -0.00510820 0.00722329
v -0.00007967 -0.00509686 0.00725124
v -0.00007967 -0.00509348 0.00725958
v -0.00007967 -0.00508581 0.00725958
v 0.00002688 -0.00510540 0.00729629
v -0.00007967 -0.00499765 0.00741697
v -0.00012005 -0.00495900 0.00746027
v -0.00007967 -0.00495080 0.00747841
v 0.00047359 -0.00519332 0.00727748
v 0.00047359 -0.00506666 0.00759358
v 0.00018337 -0.00502158 0.00753269
v 0.00047359 -0.00486773 0.00782013
v -0.00029513 -0.00437432 0.00802448
v -0.00007967 -0.00422959 0.00827748
v -0.00007967 -0.00417530 0.00832114
v 0.00047359 -0.00420203 0.00853559
v -0.00250731 -0.00410890 0.00662536
v -0.00258144 -0.00386079 0.00670548
v -0.00207232 -0.00386079 0.00721402
v -0.00159182 -0.00410182 0.00752100
v -0.00167077 -0.00386079 0.00758425
v -0.00286952 -0.00340706 0.00650898
v -0.00253413 -0.00340706 0.00688342
v -0.00196200 -0.00340706 0.00745192
v -0.00196609 -0.00340706 0.00744847
v -0.00117597 -0.00372631 0.00799749
v -0.00173948 -0.00340706 0.00763991
v -0.00143211 -0.00340706 0.00786677
v -0.00106447 -0.00402918 0.00792412
v -0.00076192 -0.00414280 0.00802448
v -0.00068447 -0.00388296 0.00822604
v -0.00033401 -0.00376692 0.00846892
v -0.00018213 -0.00406941 0.00840230
v 0.00012121 -0.00413535 0.00846395
v -0.00007967 -0.00396537 0.00848906
v -0.00007967 -0.00391667 0.00850940
v -0.00007967 -0.00386787 0.00853021
v -0.00007967 -0.00382081 0.00853585
v -0.00007967 -0.00348127 0.00861799
v -0.00061391 -0.00340706 0.00839821
v -0.00062390 -0.00340706 0.00839386
v -0.00007967 -0.00341109 0.00862989
v -0.00566299 -0.00224254 0.00160911
v -0.00571964 -0.00207230 0.00137719
v -0.00568650 -0.00179737 0.00122791
v -0.00376626 -0.00251462 0.00511773
v -0.00361439 -0.00174408 0.00416715
v -0.00376723 -0.00174408 0.00485167
v -0.00370832 -0.00174408 0.00455219
v -0.00361495 -0.00174408 0.00532587
v -0.00361505 -0.00174447 0.00532575
v -0.00313476 -0.00153742 0.00458757
v -0.00313462 -0.00153742 0.00458750
v -0.00314417 -0.00150768 0.00459291
v -0.00360763 -0.00153793 0.00498807
v -0.00360717 -0.00153753 0.00498732
v -0.00360728 -0.00153760 0.00498750
v -0.00361124 -0.00153762 0.00505014
v -0.00361053 -0.00153777 0.00505474
v -0.00360763 -0.00150793 0.00498807
v -0.00353956 -0.00153754 0.00546008
v -0.00009143 -0.00249563 0.00168035
v -0.00009147 -0.00249385 0.00168069
v -0.00006143 -0.00249563 0.00168035
v -0.00006147 -0.00249385 0.00168069
v -0.00009326 -0.00240943 0.00169774
v -0.00009159 -0.00204920 0.00178032
v -0.00006159 -0.00204920 0.00178032
v -0.00009160 -0.00178555 0.00196470
v -0.00006169 -0.00178357 0.00196619
v -0.00058238 -0.00174408 0.00304496
v -0.00006193 -0.00175052 0.00226851
v -0.00270624 -0.00174408 0.00367655
v -0.00270434 -0.00153743 0.00436701
v -0.00270765 -0.00153750 0.00436810
v -0.00224413 -0.00153736 0.00422227
v -0.00224413 -0.00150736 0.00422227
v -0.00202303 -0.00153736 0.00424572
v -0.00200559 -0.00153736 0.00425292
v -0.00166747 -0.00153736 0.00441084
v -0.00130064 -0.00153736 0.00460130
v -0.00127064 -0.00153736 0.00460130
v 0.00027617 -0.00153736 0.00348588
v -0.00350310 -0.00174408 0.00554357
v -0.00340833 -0.00177447 0.00571876
v -0.00343498 -0.00164807 0.00567180
v -0.00341980 -0.00154896 0.00569685
v 0.00229044 -0.00554983 0.00137381
v 0.00068365 -0.00554983 0.00263080
v 0.00135202 -0.00554983 0.00225179
v 0.00092753 -0.00523802 0.00727748
v 0.00092753 -0.00511136 0.00768223
v 0.00116837 -0.00499253 0.00795444
v 0.00229044 -0.00523728 0.00773148
v 0.00183595 -0.00520151 0.00773148
v 0.00147136 -0.00503313 0.00800011
v 0.00183595 -0.00507486 0.00805384
v 0.00229044 -0.00511062 0.00812100
v 0.00274437 -0.00524957 0.00773148
v 0.00288866 -0.00501860 0.00843709
v 0.00365224 -0.00520896 0.00818636
v 0.00319831 -0.00517544 0.00818636
v 0.00319831 -0.00504878 0.00847022
v 0.00365224 -0.00508231 0.00851410
v 0.00365224 -0.00487220 0.00874154
v 0.00365224 -0.00419383 0.00942924
v 0.00082265 -0.00401241 0.00882840
v 0.00112564 -0.00409660 0.00887586
v 0.00063286 -0.00370955 0.00889377
v 0.00202352 -0.00367043 0.00933343
v 0.00229044 -0.00376505 0.00937283
v 0.00060494 -0.00340706 0.00890919
v 0.00092753 -0.00340706 0.00901734
v 0.00229044 -0.00340706 0.00942476
v 0.00254848 -0.00407537 0.00931373
v 0.00271774 -0.00389842 0.00942566
v 0.00285092 -0.00411523 0.00934865
v 0.00319831 -0.00386079 0.00954207
v 0.00365224 -0.00386079 0.00962982
v 0.00274437 -0.00340706 0.00954655
v 0.00271536 -0.00298162 0.00954379
v 0.00271626 -0.00295258 0.00954405
v 0.00319831 -0.00340706 0.00964057
v 0.00365224 -0.00340706 0.00972384
v 0.00395900 -0.00340706 0.00977280
v 0.00319831 -0.00295258 0.00965042
v 0.00367056 -0.00298072 0.00973188
v 0.00394802 -0.00295258 0.00977220
v 0.00410673 -0.00523057 0.00818636
v 0.00456066 -0.00523690 0.00818636
v 0.00410673 -0.00510391 0.00854812
v 0.00456066 -0.00511025 0.00855887
v 0.00558951 -0.00524957 0.00773148
v 0.00558951 -0.00524952 0.00773218
v 0.00501515 -0.00523616 0.00818636
v 0.00546964 -0.00522424 0.00818636
v 0.00558951 -0.00521679 0.00818636
v 0.00558951 -0.00521672 0.00818620
v 0.00558951 -0.00521666 0.00818671
v 0.00501515 -0.00510950 0.00855708
v 0.00546964 -0.00509758 0.00853827
v 0.00410673 -0.00490461 0.00877467
v 0.00456066 -0.00491430 0.00878542
v 0.00501515 -0.00491318 0.00878452
v 0.00546964 -0.00489493 0.00876482
v 0.00558951 -0.00488529 0.00875278
v 0.00410673 -0.00422401 0.00945790
v 0.00456066 -0.00423183 0.00946506
v 0.00501515 -0.00445795 0.00923762
v 0.00501515 -0.00423071 0.00946327
v 0.00546964 -0.00421469 0.00944894
v 0.00558951 -0.00420049 0.00944158
v 0.00637860 -0.00524952 0.00773177
v 0.00592424 -0.00519536 0.00818620
v 0.00592424 -0.00506867 0.00849617
v 0.00637860 -0.00515173 0.00818620
v 0.00661034 -0.00499826 0.00841497
v 0.00637860 -0.00502504 0.00844464
v 0.00683242 -0.00523749 0.00773177
v 0.00728678 -0.00519175 0.00773177
v 0.00728678 -0.00506506 0.00804565
v 0.00679004 -0.00508913 0.00819400
v 0.00637860 -0.00480837 0.00867107
v 0.00592424 -0.00485411 0.00872260
v 0.00592424 -0.00417644 0.00941126
v 0.00663448 -0.00455289 0.00887876
v 0.00728678 -0.00420172 0.00899041
v 0.00408897 -0.00382727 0.00970146
v 0.00456066 -0.00388873 0.00969161
v 0.00422826 -0.00365367 0.00978205
v 0.00456066 -0.00366149 0.00978384
v 0.00501515 -0.00388464 0.00969071
v 0.00544633 -0.00382391 0.00968803
v 0.00558920 -0.00383490 0.00966039
v 0.00527930 -0.00364808 0.00978026
v 0.00417554 -0.00340706 0.00978473
v 0.00456066 -0.00340706 0.00979279
v 0.00417554 -0.00295258 0.00978473
v 0.00456066 -0.00295258 0.00979279
v 0.00501515 -0.00340706 0.00979011
v 0.00558914 -0.00340735 0.00974537
v 0.00501515 -0.00295258 0.00979011
v 0.00552513 -0.00295258 0.00975608
v 0.00558925 -0.00295237 0.00974536
v 0.00558951 -0.00295260 0.00974544
v 0.00592424 -0.00386077 0.00959475
v 0.00637860 -0.00386077 0.00950105
v 0.00664735 -0.00410121 0.00933474
v 0.00694990 -0.00401545 0.00928399
v 0.00681204 -0.00386258 0.00939252
v 0.00712853 -0.00371272 0.00935036
v 0.00592424 -0.00340699 0.00968922
v 0.00590214 -0.00340699 0.00969293
v 0.00637860 -0.00340699 0.00959631
v 0.00592424 -0.00295260 0.00968922
v 0.00621381 -0.00295260 0.00963001
v 0.00640507 -0.00295260 0.00958948
v 0.00636407 -0.00296714 0.00959928
v 0.00683242 -0.00340699 0.00947919
v 0.00714175 -0.00340603 0.00937248
v 0.00683242 -0.00295260 0.00947919
v 0.00716287 -0.00295260 0.00936519
v 0.00187599 -0.00173870 0.00233730
v 0.00190980 -0.00174408 0.00231356
v 0.00366411 -0.00174410 0.00123771
v 0.00366411 -0.00174410 0.00126771
v 0.00366623 -0.00173471 0.00126740
v 0.00558951 -0.00217562 0.00405420
v 0.00561951 -0.00217562 0.00405420
v 0.00443590 -0.00174447 0.00425104
v 0.00443590 -0.00171447 0.00425104
v 0.00555951 -0.00174447 0.00359147
v 0.00558951 -0.00174447 0.00359147
v 0.00561951 -0.00178030 0.00390696
v 0.00558951 -0.00176919 0.00389416
v 0.00558951 -0.00177401 0.00390462
v 0.00555951 -0.00172345 0.00359147
v 0.00581619 -0.00217560 0.00411098
v 0.00725480 -0.00214857 0.00451629
v 0.00728661 -0.00217545 0.00453549
v 0.00728678 -0.00217534 0.00453579
v 0.00728480 -0.00214857 0.00451629
v 0.00737874 -0.00217562 0.00491580
v 0.00749271 -0.00217562 0.00515391
v 0.00709245 -0.00074140 0.00285518
v 0.00712245 -0.00074140 0.00285518
v 0.00709833 -0.00074140 0.00291666
v 0.00712833 -0.00074140 0.00291666
v 0.00555951 -0.00091684 0.00357669
v 0.00558951 -0.00091684 0.00357669
v 0.00557505 -0.00087768 0.00356659
v 0.00560505 -0.00087768 0.00356659
v 0.00558951 -0.00083892 0.00355633
v 0.00558951 -0.00074273 0.00351229
v 0.00561238 -0.00074140 0.00350232
v 0.00558951 -0.00076675 0.00352944
v 0.00561951 -0.00076675 0.00352944
v 0.00561797 -0.00076675 0.00352944
v 0.00091681 -0.00174215 0.00638952
v 0.00091681 -0.00174215 0.00641952
v 0.00135128 -0.00165258 0.00600298
v 0.00135128 -0.00162258 0.00600298
v 0.00090478 -0.00168129 0.00636823
v 0.00090477 -0.00168128 0.00639823
v 0.00090478 -0.00168129 0.00639823
v 0.00083663 -0.00158378 0.00636825
v 0.00083014 -0.00157612 0.00636824
v 0.00083014 -0.00157612 0.00639824
v 0.00083014 -0.00154612 0.00636824
v 0.00083551 -0.00154346 0.00636831
v 0.00083551 -0.00154346 0.00639831
v 0.00178302 -0.00174447 0.00565063
v 0.00202773 -0.00174447 0.00553950
v 0.00178302 -0.00171447 0.00565063
v 0.00144755 -0.00164306 0.00592443
v 0.00202773 -0.00171447 0.00553950
v 0.00229044 -0.00249847 0.00942029
v 0.00202352 -0.00223062 0.00933343
v 0.00190270 -0.00174408 0.00863807
v 0.00093354 -0.00174779 0.00901912
v 0.00137831 -0.00175100 0.00912038
v 0.00138392 -0.00174497 0.00912066
v 0.00138493 -0.00174483 0.00912047
v 0.00138148 -0.00174408 0.00912110
v 0.00139925 -0.00174957 0.00912391
v 0.00180044 -0.00174447 0.00904510
v 0.00180016 -0.00174408 0.00904512
v 0.00274437 -0.00249847 0.00950446
v 0.00422826 -0.00269665 0.00978205
v 0.00456066 -0.00268510 0.00978384
v 0.00501515 -0.00269106 0.00978294
v 0.00527930 -0.00270447 0.00978026
v 0.00501515 -0.00246382 0.00959669
v 0.00558917 -0.00252227 0.00959349
v 0.00558812 -0.00252138 0.00959318
v 0.00558951 -0.00250509 0.00958047
v 0.00558951 -0.00245131 0.00953849
v 0.00558951 -0.00244963 0.00953775
v 0.00558951 -0.00225844 0.00932956
v 0.00558951 -0.00226251 0.00936058
v 0.00558910 -0.00226075 0.00935848
v 0.00561951 -0.00226003 0.00934655
v 0.00558951 -0.00233729 0.00943111
v 0.00637860 -0.00249851 0.00947763
v 0.00681955 -0.00248075 0.00939096
v 0.00712853 -0.00262008 0.00935036
v 0.00665969 -0.00226469 0.00933162
v -0.00340769 0.00180821 -0.00567908
v -0.00345947 0.00204405 -0.00571093
v -0.00372786 0.00249829 -0.00559700
v -0.00468008 0.00196186 -0.00468905
v -0.00566731 0.00180968 -0.00341175
v -0.00513047 0.00204405 -0.00422626
v -0.00497738 0.00175055 -0.00362329
v -0.00475155 0.00226446 -0.00476059
v -0.00518449 0.00249813 -0.00427730
v -0.00518478 0.00249829 -0.00427697
v -0.00571882 0.00249850 -0.00349592
v -0.00425368 0.00179479 -0.00493215
v -0.00411075 0.00204405 -0.00523355
v -0.00361510 0.00175017 -0.00498648
v -0.00427639 0.00249829 -0.00519619
v -0.00250946 0.00180855 -0.00613183
v -0.00179790 0.00175017 -0.00589447
v -0.00121357 0.00216339 -0.00659280
v -0.00200753 0.00249828 -0.00641410
v -0.00148928 0.00249828 -0.00656143
v -0.00287123 0.00249829 -0.00609655
v -0.00205225 0.00249828 -0.00639908
v -0.00075394 0.00180596 -0.00658841
v -0.00612397 0.00180708 -0.00208843
v -0.00623615 0.00204437 -0.00157988
v -0.00611753 0.00224150 -0.00249911
v -0.00622198 0.00249302 -0.00204370
v -0.00622426 0.00249850 -0.00203377
v -0.00632060 0.00249850 -0.00135276
v -0.00626909 0.00204437 -0.00089850
v -0.00588574 0.00175166 -0.00089850
v -0.00612678 0.00180291 -0.00000132
v -0.00612938 0.00180414 0.00000369
v -0.00612938 0.00180414 0.00000663
v -0.00611363 0.00180110 0.00000663
v -0.00618618 0.00202450 0.00000663
v -0.00619123 0.00204407 0.00000663
v -0.00587845 0.00176942 0.00000663
v -0.00547916 0.00175281 0.00000663
v -0.00543527 0.00175023 0.00000663
v -0.00504268 0.00174868 -0.00002921
v -0.00611648 0.00181336 0.00024976
v -0.00613939 0.00204407 0.00031561
v -0.00619799 0.00211368 0.00000663
v -0.00633645 0.00249850 -0.00089850
v -0.00623825 0.00249846 0.00000663
v -0.00616049 0.00249846 0.00037470
v -0.00601792 0.00249846 0.00076049
v -0.00222358 0.00175067 0.00000270
v -0.00194225 0.00178334 0.00000315
v -0.00193660 0.00178805 0.00000249
v -0.00193660 0.00178805 0.00003249
v -0.00179839 0.00204413 -0.00000602
v -0.00179827 0.00204466 0.00002398
v -0.00179839 0.00204413 0.00002398
v -0.00170346 0.00249392 0.00000252
v -0.00170346 0.00249392 0.00003252
v -0.00372786 0.00340676 -0.00559700
v -0.00346328 0.00374291 -0.00571387
v -0.00315074 0.00396315 -0.00578645
v -0.00304434 0.00414716 -0.00573322
v -0.00518478 0.00340676 -0.00427697
v -0.00571882 0.00340676 -0.00349592
v -0.00475155 0.00363690 -0.00476059
v -0.00481316 0.00413911 -0.00437448
v -0.00569852 0.00373778 -0.00346248
v -0.00562967 0.00404053 -0.00332947
v -0.00512824 0.00386066 -0.00419686
v -0.00522226 0.00410287 -0.00387665
v -0.00426690 0.00340676 -0.00520313
v -0.00427639 0.00340676 -0.00519619
v -0.00397814 0.00386066 -0.00531599
v -0.00388540 0.00411629 -0.00524568
v -0.00347598 0.00504858 -0.00437889
v -0.00311564 0.00497109 -0.00472985
v -0.00424139 0.00495845 -0.00378485
v -0.00401033 0.00508221 -0.00378654
v -0.00361535 0.00522959 -0.00362329
v -0.00202521 0.00340680 -0.00640907
v -0.00150698 0.00340684 -0.00655640
v -0.00287123 0.00340676 -0.00609655
v -0.00121357 0.00368682 -0.00659280
v -0.00258919 0.00374123 -0.00616368
v -0.00241672 0.00404416 -0.00609753
v -0.00179790 0.00386078 -0.00638778
v -0.00207067 0.00501272 -0.00523292
v -0.00179790 0.00505334 -0.00528223
v -0.00088950 0.00524782 -0.00498576
v -0.00629336 0.00340676 -0.00157988
v -0.00611753 0.00364777 -0.00249911
v -0.00605215 0.00395647 -0.00226052
v -0.00616854 0.00377980 -0.00203377
v -0.00609722 0.00405764 -0.00180701
v -0.00612892 0.00410450 -0.00126408
v -0.00633645 0.00340676 -0.00089850
v -0.00623825 0.00329187 0.00000663
v -0.00623825 0.00340685 0.00000310
v -0.00623825 0.00340685 0.00000663
v -0.00616300 0.00340685 0.00036281
v -0.00615581 0.00340685 0.00038737
v -0.00601792 0.00340685 0.00076049
v -0.00617556 0.00380162 0.00000663
v -0.00617013 0.00381472 0.00000663
v -0.00624284 0.00386089 -0.00089850
v -0.00612149 0.00409669 -0.00060205
v -0.00608187 0.00402759 0.00000663
v -0.00608230 0.00402759 0.00000663
v -0.00608152 0.00402843 0.00000663
v -0.00607835 0.00403196 0.00000663
v -0.00602107 0.00409495 -0.00002337
v -0.00602107 0.00409495 0.00000663
v -0.00614481 0.00372446 0.00032911
v -0.00577281 0.00419832 -0.00256561
v -0.00476292 0.00500792 -0.00296276
v -0.00515692 0.00495195 -0.00203377
v -0.00492959 0.00511299 -0.00203377
v -0.00522230 0.00501387 -0.00108204
v -0.00429612 0.00519779 -0.00294190
v -0.00452320 0.00523982 -0.00203377
v -0.00586009 0.00427434 0.00000663
v -0.00579637 0.00421860 0.00046503
v -0.00519836 0.00453660 0.00113109
v -0.00497738 0.00514144 -0.00089850
v -0.00520249 0.00499528 -0.00045213
v -0.00515918 0.00495436 0.00000663
v -0.00496364 0.00509290 -0.00002337
v -0.00496364 0.00509290 0.00000663
v -0.00493014 0.00511664 -0.00000001
v -0.00493010 0.00511667 0.00000663
v -0.00508684 0.00488577 0.00046503
v -0.00485957 0.00508101 0.00046503
v -0.00475919 0.00500424 0.00094157
v -0.00452462 0.00524229 0.00000380
v -0.00452318 0.00524261 0.00000663
v -0.00452462 0.00524229 0.00000663
v -0.00306251 0.00549994 0.00000663
v -0.00452318 0.00520767 0.00046503
v -0.00302152 0.00549527 0.00091920
v -0.00225232 0.00554127 -0.00180701
v -0.00088950 0.00554573 -0.00271548
v -0.00171959 0.00477458 0.00000252
v -0.00171959 0.00477458 0.00003252
v -0.00270650 0.00554759 -0.00089850
v -0.00267684 0.00554963 0.00000202
v -0.00274794 0.00554287 0.00000663
v -0.00270683 0.00554983 0.00000663
v -0.00268126 0.00554981 0.00003248
v -0.00225230 0.00552176 -0.00002337
v -0.00183588 0.00522326 -0.00000424
v -0.00183449 0.00521816 0.00002582
v -0.00183588 0.00522326 0.00002576
v -0.00196572 0.00547240 0.00000251
v -0.00196877 0.00547672 0.00000228
v -0.00196602 0.00547298 0.00003252
v -0.00196526 0.00547151 0.00003248
v -0.00270683 0.00554515 0.00091920
v 0.00164469 0.00179676 -0.00660526
v 0.00138191 0.00175668 -0.00634869
v 0.00215815 0.00267596 -0.00704876
v 0.00222567 0.00212802 -0.00634869
v 0.00252330 0.00271998 -0.00703603
v 0.00344569 0.00180351 -0.00342859
v 0.00364220 0.00202362 -0.00325743
v 0.00365111 0.00202362 -0.00325743
v 0.00364229 0.00249848 -0.00334616
v 0.00365111 0.00249848 -0.00334616
v 0.00365633 0.00177701 -0.00280852
v 0.00365217 0.00177510 -0.00276702
v 0.00365092 0.00177979 -0.00283505
v 0.00366592 0.00177843 -0.00282732
v 0.00366541 0.00177837 -0.00282676
v 0.00365092 0.00192286 -0.00315556
v 0.00365090 0.00192279 -0.00315549
v 0.00365092 0.00192285 -0.00315556
v 0.00365111 0.00192284 -0.00315554
v 0.00365092 0.00190972 -0.00312615
v 0.00365111 0.00176136 -0.00248321
v 0.00165131 0.00185585 -0.00055967
v 0.00163295 0.00188027 -0.00055546
v 0.00184301 0.00177790 -0.00059425
v 0.00167714 0.00183722 -0.00056476
v 0.00157018 0.00201115 -0.00053861
v 0.00178274 0.00186882 0.00066180
v 0.00173780 0.00192486 0.00064804
v 0.00169710 0.00197918 0.00062862
v 0.00169710 0.00197918 0.00065862
v 0.00197477 0.00177422 0.00062416
v 0.00190385 0.00178225 0.00061843
v 0.00190385 0.00178225 0.00064843
v 0.00153752 0.00209172 -0.00053292
v 0.00148557 0.00242890 -0.00052422
v 0.00161265 0.00220393 0.00064781
v 0.00161213 0.00220698 0.00064730
v 0.00161015 0.00223732 0.00064853
v 0.00159723 0.00249739 0.00065667
v 0.00251792 0.00170944 -0.00086134
v 0.00253099 0.00170938 -0.00089002
v 0.00233406 0.00172242 -0.00068009
v 0.00241480 0.00171376 -0.00070229
v 0.00241687 0.00171353 -0.00070286
v 0.00244689 0.00171353 -0.00070290
v 0.00400896 0.00154053 -0.00098921
v 0.00401626 0.00153956 -0.00099670
v 0.00386924 0.00153962 -0.00062640
v 0.00387022 0.00153964 -0.00063037
v 0.00362502 0.00170435 -0.00095270
v 0.00365502 0.00170435 -0.00095270
v 0.00362282 0.00170399 -0.00091619
v 0.00365676 0.00170012 -0.00089002
v 0.00400896 0.00157053 -0.00098921
v 0.00401449 0.00156953 -0.00099497
v 0.00401626 0.00156956 -0.00099670
v 0.00398352 0.00157250 -0.00092219
v 0.00397072 0.00157076 -0.00089002
v 0.00397194 0.00157589 -0.00089026
v 0.00386924 0.00156962 -0.00062640
v 0.00386981 0.00156961 -0.00062873
v 0.00383611 0.00153962 -0.00044535
v 0.00383628 0.00153966 -0.00043977
v 0.00383738 0.00153973 -0.00043295
v 0.00395544 0.00153970 -0.00000028
v 0.00395544 0.00155470 -0.00000028
v 0.00383613 0.00156962 -0.00044547
v 0.00383738 0.00156973 -0.00043295
v 0.00395544 0.00156970 -0.00000028
v 0.00558978 0.00060757 -0.00188757
v 0.00561052 0.00060840 -0.00188773
v 0.00558982 0.00069274 -0.00188470
v 0.00556008 0.00188222 -0.00211552
v 0.00559008 0.00188222 -0.00211552
v 0.00557016 0.00197102 -0.00213935
v 0.00557296 0.00203140 -0.00215289
v 0.00560296 0.00203140 -0.00215289
v 0.00557469 0.00204769 -0.00215575
v 0.00487810 0.00156951 -0.00155153
v 0.00428042 0.00153959 -0.00120776
v 0.00428029 0.00156958 -0.00120766
v 0.00515820 0.00156949 -0.00168358
v 0.00515243 0.00156954 -0.00168128
v 0.00558979 0.00153932 -0.00183583
v 0.00555980 0.00157441 -0.00185450
v 0.00558980 0.00157441 -0.00185450
v 0.00557625 0.00156938 -0.00183349
v 0.00558979 0.00156932 -0.00183583
v 0.00555996 0.00172457 -0.00204310
v 0.00544456 0.00156950 -0.00179777
v 0.00555997 0.00173805 -0.00205245
v 0.00558997 0.00173805 -0.00205245
v 0.00556003 0.00178517 -0.00208321
v 0.00559003 0.00178517 -0.00208321
v 0.00560461 0.00236413 -0.00219086
v 0.00557523 0.00248284 -0.00220068
v 0.00560523 0.00248284 -0.00220068
v 0.00560584 0.00249974 -0.00220159
v 0.00423082 0.00157719 0.00062407
v 0.00425247 0.00156902 0.00067903
v 0.00299545 0.00315572 -0.00706807
v 0.00274428 0.00340682 -0.00732236
v 0.00322339 0.00340682 -0.00680291
v 0.00310229 0.00382818 -0.00730233
v 0.00296890 0.00395801 -0.00748683
v 0.00330800 0.00386072 -0.00680291
v 0.00365070 0.00295356 -0.00334049
v 0.00364707 0.00312585 -0.00333702
v 0.00364122 0.00340701 -0.00333029
v 0.00365111 0.00340701 -0.00333029
v 0.00365111 0.00348932 -0.00330982
v 0.00364115 0.00352013 -0.00330216
v 0.00229004 0.00507683 -0.00711612
v 0.00229004 0.00520358 -0.00680291
v 0.00183581 0.00524743 -0.00634869
v 0.00313779 0.00431496 -0.00725714
v 0.00297289 0.00454585 -0.00748540
v 0.00330999 0.00431496 -0.00680291
v 0.00322671 0.00476921 -0.00680291
v 0.00299943 0.00501928 -0.00707436
v 0.00274428 0.00507443 -0.00713500
v 0.00274428 0.00518714 -0.00680291
v 0.00309067 0.00510286 -0.00634869
v 0.00274428 0.00522961 -0.00634869
v 0.00364523 0.00387104 -0.00316655
v 0.00365111 0.00387104 -0.00316655
v 0.00365111 0.00388862 -0.00315155
v 0.00365111 0.00408425 -0.00298453
v 0.00092747 0.00554531 -0.00271526
v 0.00228992 0.00553552 -0.00180696
v 0.00365092 0.00506229 -0.00168429
v 0.00365111 0.00506217 -0.00168421
v 0.00363161 0.00518974 -0.00135264
v 0.00365111 0.00518974 -0.00135264
v 0.00150067 0.00482118 -0.00052733
v 0.00160442 0.00428907 0.00065312
v 0.00160888 0.00477031 0.00065060
v 0.00155718 0.00507210 -0.00053729
v 0.00157175 0.00511590 -0.00054212
v 0.00168941 0.00530069 -0.00057157
v 0.00171651 0.00533559 -0.00057792
v 0.00174385 0.00536908 -0.00059784
v 0.00216407 0.00553656 -0.00078021
v 0.00225644 0.00554481 -0.00080391
v 0.00189081 0.00549954 -0.00069299
v 0.00192081 0.00549954 -0.00069299
v 0.00194078 0.00550296 -0.00070013
v 0.00161545 0.00496511 0.00064724
v 0.00163897 0.00504194 0.00064918
v 0.00168041 0.00515493 0.00064754
v 0.00168311 0.00515908 0.00064772
v 0.00173648 0.00523382 0.00065332
v 0.00196522 0.00549696 0.00061681
v 0.00195979 0.00549282 0.00064757
v 0.00196522 0.00549696 0.00064681
v 0.00214145 0.00552655 0.00062914
v 0.00214145 0.00552655 0.00065914
v 0.00228978 0.00554632 0.00064626
v 0.00228337 0.00554547 0.00064685
v 0.00274757 0.00554470 -0.00089002
v 0.00274459 0.00554515 -0.00089002
v 0.00274420 0.00554493 -0.00089002
v 0.00304875 0.00549561 -0.00089002
v 0.00322178 0.00546946 -0.00089002
v 0.00365010 0.00525937 -0.00090149
v 0.00365067 0.00526095 -0.00089002
v 0.00278368 0.00554475 0.00062602
v 0.00277877 0.00554490 0.00065801
v 0.00278366 0.00554475 0.00065602
v 0.00557595 0.00340504 -0.00219239
v 0.00557624 0.00340701 -0.00219217
v 0.00560589 0.00340438 -0.00219244
v 0.00560624 0.00340701 -0.00219217
v 0.00557611 0.00385668 -0.00210468
v 0.00560611 0.00385668 -0.00210468
v 0.00560607 0.00385425 -0.00210564
v 0.00557555 0.00404616 -0.00201899
v 0.00560565 0.00404579 -0.00201926
v 0.00560555 0.00404616 -0.00201899
v 0.00557599 0.00426476 -0.00182746
v 0.00560599 0.00426476 -0.00182746
v 0.00557539 0.00496787 -0.00111485
v 0.00560344 0.00497294 -0.00110884
v 0.00558804 0.00497483 -0.00110645
v 0.00560311 0.00497423 -0.00110723
v 0.00409894 0.00523600 -0.00089002
v 0.00557274 0.00510761 -0.00090165
v 0.00556506 0.00511301 -0.00089002
v 0.00559571 0.00511296 -0.00089039
v 0.00560274 0.00510761 -0.00090165
v 0.00561034 0.00512179 -0.00088305
v 0.00618754 0.00524587 -0.00072286
v 0.00623038 0.00524718 -0.00072044
v -0.00568605 0.00179738 0.00122733
v -0.00571981 0.00207251 0.00137675
v -0.00566315 0.00224242 0.00160890
v -0.00566556 0.00249846 0.00161312
v -0.00344109 0.00156863 0.00469991
v -0.00320086 0.00156863 0.00454704
v -0.00361479 0.00156863 0.00497974
v -0.00361476 0.00156906 0.00498042
v -0.00353985 0.00156907 0.00545987
v -0.00353984 0.00156907 0.00545993
v -0.00353981 0.00156915 0.00546006
v -0.00353966 0.00156863 0.00546095
v -0.00377265 0.00249846 0.00510637
v -0.00009170 0.00178513 0.00196509
v -0.00006170 0.00178513 0.00196509
v -0.00006175 0.00178372 0.00196623
v -0.00009152 0.00204943 0.00178145
v -0.00006152 0.00204943 0.00178145
v -0.00009111 0.00249546 0.00168556
v -0.00009114 0.00249527 0.00168557
v -0.00006114 0.00249527 0.00168557
v -0.00006081 0.00251367 0.00168538
v -0.00284952 0.00156863 0.00434414
v -0.00248901 0.00156863 0.00422757
v -0.00225232 0.00156863 0.00417238
v -0.00216430 0.00156902 0.00419448
v -0.00179695 0.00156863 0.00428674
v -0.00179695 0.00156902 0.00428674
v -0.00126921 0.00155563 0.00454556
v -0.00126921 0.00155538 0.00454557
v -0.00129903 0.00156766 0.00454544
v -0.00126903 0.00156766 0.00454544
v -0.00036545 0.00156902 0.00402954
v 0.00047586 0.00156902 0.00355158
v -0.00015804 0.00157167 0.00391209
v -0.00009956 0.00157318 0.00387908
v -0.00006240 0.00157957 0.00385889
v -0.00341253 0.00157021 0.00571112
v -0.00340854 0.00159902 0.00571840
v -0.00566315 0.00364691 0.00160890
v -0.00566254 0.00409156 0.00115557
v -0.00520801 0.00409117 0.00206223
v -0.00377265 0.00340685 0.00510637
v -0.00362221 0.00340685 0.00536508
v -0.00356390 0.00340685 0.00546512
v -0.00387754 0.00372446 0.00484551
v -0.00380761 0.00402726 0.00471635
v -0.00342240 0.00411923 0.00529209
v -0.00442432 0.00508491 0.00137337
v -0.00434052 0.00503269 0.00168234
v -0.00406864 0.00521156 0.00137337
v -0.00297811 0.00547734 0.00125941
v -0.00289914 0.00496586 0.00448842
v -0.00258747 0.00548552 0.00182754
v -0.00225230 0.00553502 0.00182754
v -0.00179806 0.00554983 0.00182754
v -0.00179836 0.00553424 0.00228172
v -0.00009106 0.00477216 0.00170431
v -0.00006106 0.00477216 0.00170431
v -0.00009133 0.00522326 0.00182564
v -0.00006135 0.00522481 0.00182649
v -0.00009167 0.00548586 0.00199481
v -0.00009216 0.00548615 0.00199586
v -0.00006167 0.00548586 0.00199481
v -0.00006216 0.00548615 0.00199586
v -0.00088988 0.00554320 0.00273589
v -0.00009202 0.00552899 0.00223350
v -0.00006304 0.00554106 0.00244573
v -0.00007967 0.00554976 0.00273672
v -0.00007941 0.00554980 0.00273624
v -0.00007931 0.00554981 0.00273619
v -0.00006310 0.00554981 0.00272116
v -0.00270683 0.00517610 0.00409841
v -0.00255552 0.00505451 0.00490207
v -0.00246088 0.00498086 0.00520514
v -0.00221703 0.00510303 0.00524777
v -0.00225230 0.00522988 0.00455173
v -0.00179836 0.00520221 0.00546092
v -0.00340854 0.00340685 0.00571840
v -0.00340130 0.00367068 0.00570827
v -0.00299680 0.00376811 0.00623504
v -0.00332715 0.00397348 0.00559431
v -0.00292265 0.00407091 0.00612530
v -0.00286960 0.00340685 0.00650856
v -0.00264233 0.00340685 0.00677026
v -0.00242591 0.00340685 0.00699734
v -0.00241841 0.00340685 0.00700471
v -0.00196655 0.00340685 0.00744898
v -0.00258145 0.00386086 0.00670526
v -0.00250730 0.00410910 0.00662590
v -0.00205336 0.00410793 0.00707839
v -0.00207220 0.00386086 0.00721430
v -0.00167056 0.00386086 0.00758490
v -0.00159219 0.00410208 0.00752074
v -0.00173934 0.00340685 0.00763972
v -0.00173928 0.00340685 0.00763977
v -0.00143244 0.00340685 0.00786686
v -0.00117563 0.00372641 0.00799770
v -0.00062403 0.00340685 0.00839447
v -0.00007891 0.00340717 0.00863078
v -0.00007967 0.00340685 0.00863085
v -0.00033407 0.00376655 0.00846876
v -0.00106471 0.00402921 0.00792426
v -0.00076148 0.00414261 0.00802387
v -0.00068462 0.00388307 0.00822606
v -0.00007967 0.00386170 0.00853173
v -0.00007967 0.00387113 0.00852883
v -0.00018215 0.00406974 0.00840207
v -0.00007967 0.00408364 0.00842697
v -0.00007859 0.00409156 0.00842317
v -0.00205577 0.00502061 0.00572938
v -0.00178691 0.00508413 0.00589399
v -0.00193098 0.00492981 0.00603244
v -0.00162836 0.00503386 0.00619874
v -0.00133176 0.00509154 0.00635745
v -0.00134382 0.00521468 0.00591510
v -0.00117261 0.00503308 0.00664701
v -0.00088988 0.00521390 0.00636927
v -0.00067347 0.00500190 0.00705728
v -0.00043535 0.00518117 0.00682344
v -0.00043535 0.00505451 0.00713579
v -0.00007952 0.00496725 0.00747004
v -0.00007967 0.00509349 0.00725904
v -0.00007967 0.00509317 0.00725958
v -0.00007967 0.00509349 0.00725958
v 0.00047359 0.00519364 0.00727748
v 0.00032848 0.00504419 0.00756313
v -0.00007967 0.00522752 0.00682349
v -0.00007967 0.00522754 0.00682344
v -0.00007967 0.00522754 0.00682349
v 0.00047359 0.00420224 0.00853559
v 0.00558951 0.00015269 0.00353842
v 0.00556042 0.00056396 0.00354955
v 0.00558453 0.00056396 0.00354955
v 0.00446189 0.00141816 0.00123965
v 0.00449726 0.00153902 0.00123697
v 0.00449726 0.00156902 0.00123697
v 0.00449726 0.00156902 0.00126697
v 0.00709239 0.00159879 0.00291571
v 0.00712239 0.00159879 0.00291571
v 0.00712723 0.00159889 0.00296551
v 0.00713053 0.00156896 0.00297915
v 0.00713579 0.00156906 0.00299010
v 0.00718122 0.00159996 0.00307387
v 0.00555951 0.00156902 0.00353169
v 0.00558951 0.00156902 0.00353169
v 0.00558951 0.00156902 0.00357889
v 0.00567578 0.00157073 0.00354122
v 0.00083251 0.00014684 0.00641001
v 0.00083248 0.00015591 0.00638008
v 0.00083248 0.00015591 0.00641007
v 0.00078840 0.00156902 0.00641230
v 0.00078840 0.00156902 0.00644230
v 0.00087958 0.00156902 0.00635763
v 0.00174147 0.00156902 0.00858676
v 0.00176437 0.00156902 0.00863830
v 0.00093449 0.00154352 0.00901937
v 0.00092716 0.00156863 0.00901783
v 0.00093449 0.00157352 0.00901937
v 0.00138496 0.00153904 0.00910351
v 0.00138496 0.00156904 0.00910351
v 0.00138202 0.00156902 0.00910420
v 0.00138122 0.00156992 0.00910419
v 0.00136016 0.00158674 0.00910280
v 0.00174798 0.00156902 0.00899125
v 0.00174706 0.00156911 0.00899489
v 0.00174728 0.00156902 0.00899403
v 0.00215698 0.00236440 0.00937686
v 0.00419108 0.00269682 0.00978205
v 0.00527930 0.00270461 0.00978026
v 0.00665966 0.00226490 0.00933190
v 0.00681977 0.00248083 0.00939050
v 0.00712890 0.00262017 0.00935070
v 0.00217890 0.00554983 0.00148529
v 0.00070056 0.00554651 0.00273578
v 0.00138202 0.00554983 0.00228179
v 0.00059901 0.00340685 0.00890720
v 0.00059901 0.00340684 0.00890720
v 0.00063286 0.00370965 0.00889377
v 0.00112564 0.00409663 0.00887586
v 0.00202352 0.00367029 0.00933343
v 0.00251741 0.00317985 0.00948834
v 0.00297134 0.00340685 0.00959714
v 0.00342527 0.00295285 0.00969743
v 0.00390418 0.00340685 0.00977489
v 0.00254848 0.00407519 0.00931373
v 0.00295802 0.00387976 0.00948521
v 0.00386395 0.00384410 0.00966743
v 0.00092753 0.00523806 0.00727748
v 0.00092753 0.00511141 0.00768223
v 0.00116837 0.00499255 0.00795444
v 0.00206320 0.00509271 0.00808742
v 0.00206320 0.00521936 0.00773148
v 0.00365224 0.00419405 0.00942924
v 0.00288866 0.00501866 0.00843709
v 0.00274437 0.00524976 0.00773148
v 0.00342527 0.00519208 0.00818636
v 0.00387949 0.00509290 0.00853111
v 0.00571055 0.00294481 0.00972439
v 0.00572471 0.00298270 0.00972256
v 0.00572471 0.00340690 0.00972256
v 0.00420662 0.00365354 0.00978205
v 0.00478791 0.00388658 0.00969116
v 0.00527930 0.00364808 0.00978026
v 0.00544633 0.00382384 0.00968803
v 0.00660560 0.00295256 0.00953756
v 0.00633777 0.00340695 0.00960400
v 0.00637826 0.00340695 0.00959617
v 0.00745188 0.00295256 0.00924344
v 0.00699790 0.00340695 0.00942202
v 0.00637826 0.00386065 0.00950163
v 0.00712890 0.00371265 0.00935070
v 0.00664719 0.00410119 0.00933466
v 0.00410673 0.00422406 0.00945790
v 0.00501515 0.00423068 0.00946327
v 0.00546964 0.00421471 0.00944894
v 0.00478791 0.00510985 0.00855797
v 0.00478791 0.00523651 0.00818636
v 0.00546964 0.00509777 0.00853827
v 0.00546964 0.00522442 0.00818636
v 0.00410673 0.00490448 0.00877467
v 0.00478791 0.00491364 0.00878497
v 0.00546964 0.00489474 0.00876482
v 0.00615127 0.00517357 0.00818638
v 0.00661045 0.00499819 0.00841526
v 0.00637826 0.00524983 0.00773193
v 0.00703845 0.00507704 0.00812031
v 0.00728693 0.00519160 0.00773193
v 0.00683294 0.00523769 0.00773193
v 0.01182818 -0.00522864 -0.00317056
v 0.01182818 -0.00494942 -0.00379500
v 0.01182818 -0.00508095 -0.00360697
v 0.01182818 -0.00508080 -0.00360742
v 0.01182692 -0.00508080 -0.00360697
v 0.01228356 -0.00517436 -0.00362390
v 0.01212698 -0.00416617 -0.00484764
v 0.01183667 -0.00430497 -0.00452781
v 0.01182751 -0.00430098 -0.00453204
v 0.01293269 -0.00501151 -0.00432122
v 0.01319169 -0.00505123 -0.00437617
v 0.01392564 -0.00498415 -0.00473829
v 0.01422835 -0.00501372 -0.00478225
v 0.01273763 -0.00523482 -0.00362390
v 0.01319169 -0.00517436 -0.00407834
v 0.01391912 -0.00453401 -0.00520536
v 0.01330912 -0.00372463 -0.00572629
v 0.01364641 -0.00402384 -0.00561089
v 0.01414289 -0.00389100 -0.00581311
v 0.01364641 -0.00379656 -0.00579553
v 0.01419377 -0.00330008 -0.00619172
v 0.01182692 -0.00395045 -0.00483631
v 0.01184508 -0.00387459 -0.00487718
v 0.01256409 -0.00404900 -0.00518998
v 0.01182818 -0.00407945 -0.00476686
v 0.01182692 -0.00407837 -0.00476739
v 0.01104961 -0.00325550 -0.00481175
v 0.01166816 -0.00295276 -0.00518960
v 0.01182818 -0.00339584 -0.00510371
v 0.01182692 -0.00337967 -0.00510940
v 0.01182692 -0.00295309 -0.00525996
v 0.01182880 -0.00295221 -0.00526015
v 0.01286680 -0.00412490 -0.00525262
v 0.00978950 -0.00524938 0.00024222
v 0.01002757 -0.00523877 0.00021602
v 0.01046565 -0.00523862 0.00091885
v 0.01027676 -0.00518218 0.00021693
v 0.01045797 -0.00512188 0.00021652
v 0.01046264 -0.00511919 0.00021460
v 0.01045834 -0.00512173 0.00024659
v 0.01045797 -0.00512188 0.00024652
v 0.01076018 -0.00506612 0.00056801
v 0.01065519 -0.00478451 0.00024476
v 0.01066048 -0.00476928 0.00021769
v 0.01066048 -0.00476928 0.00024769
v 0.01065634 -0.00430436 0.00021924
v 0.01065634 -0.00430436 0.00024924
v 0.01063845 -0.00419093 0.00021900
v 0.01063845 -0.00419093 0.00024900
v 0.01063002 -0.00415626 0.00022044
v 0.01137446 -0.00524983 -0.00271528
v 0.01179826 -0.00522998 -0.00314162
v 0.01179945 -0.00524941 -0.00271671
v 0.01182949 -0.00524983 -0.00271558
v 0.01182818 -0.00524983 -0.00180835
v 0.01182691 -0.00524983 -0.00180835
v 0.01228356 -0.00523923 -0.00180671
v 0.01194550 -0.00518845 -0.00153053
v 0.01225281 -0.00512735 -0.00145920
v 0.01231829 -0.00511107 -0.00143469
v 0.01235223 -0.00510375 -0.00144225
v 0.01235223 -0.00510375 -0.00143469
v 0.01263650 -0.00506712 -0.00151162
v 0.01261279 -0.00477905 -0.00143469
v 0.01262067 -0.00476923 -0.00143469
v 0.01262150 -0.00476923 -0.00143469
v 0.00835752 -0.00075124 -0.00342499
v 0.00835880 -0.00075135 -0.00342581
v 0.00907081 -0.00075198 -0.00381687
v 0.00907081 -0.00072198 -0.00381687
v 0.00866977 -0.00075167 -0.00361538
v 0.00931944 -0.00075053 -0.00391064
v 0.00926309 -0.00075214 -0.00389934
v 0.00929609 -0.00075118 -0.00390709
v 0.00926593 -0.00072140 -0.00390026
v 0.00929609 -0.00072118 -0.00390709
v 0.00958484 -0.00075013 -0.00389999
v 0.00958484 -0.00072013 -0.00389999
v 0.00975750 -0.00075016 -0.00383385
v 0.00975807 -0.00072011 -0.00383353
v 0.00993169 -0.00074983 -0.00363639
v 0.00993169 -0.00071983 -0.00363639
v 0.01021016 -0.00074985 -0.00319862
v 0.01021016 -0.00071985 -0.00319862
v 0.01258562 -0.00266237 -0.00566090
v 0.01249298 -0.00235962 -0.00567683
v 0.01337828 -0.00150082 -0.00614226
v 0.01182818 -0.00249940 -0.00532559
v 0.01182818 -0.00249864 -0.00532570
v 0.01182692 -0.00249864 -0.00532559
v 0.01180436 -0.00163707 -0.00498043
v 0.01180482 -0.00163506 -0.00497041
v 0.01180815 -0.00161859 -0.00487639
v 0.01180908 -0.00158637 -0.00454288
v 0.01182818 -0.00204381 -0.00529473
v 0.01182692 -0.00204408 -0.00529473
v 0.01182818 -0.00204408 -0.00529493
v 0.01182950 -0.00165149 -0.00500872
v 0.01182981 -0.00165044 -0.00500732
v 0.01183404 -0.00163812 -0.00498367
v 0.01183815 -0.00161859 -0.00487639
v 0.01183908 -0.00158637 -0.00454288
v 0.01335805 -0.00113584 -0.00615380
v 0.01069350 -0.00074990 -0.00231361
v 0.01069350 -0.00071990 -0.00231361
v 0.00975130 -0.00080179 0.00025067
v 0.00974274 -0.00077106 0.00022098
v 0.00974274 -0.00077106 0.00025098
v 0.00974274 -0.00074106 0.00022098
v 0.00974274 -0.00074106 0.00025098
v 0.00980460 -0.00074130 0.00072108
v 0.00980230 -0.00071130 0.00072650
v 0.00980230 -0.00074130 0.00075308
v 0.00990069 -0.00076174 0.00064671
v 0.00989473 -0.00074130 0.00063177
v 0.00989727 -0.00074130 0.00063815
v 0.00989727 -0.00074130 0.00065921
v 0.01030925 -0.00011929 0.00028203
v 0.01262067 -0.00249864 -0.00143469
v 0.01256423 -0.00204408 -0.00143469
v 0.01256456 -0.00204375 -0.00143469
v 0.01256474 -0.00204408 -0.00143469
v 0.01247564 -0.00188160 -0.00143469
v 0.01195140 -0.00141045 -0.00149868
v 0.01196875 -0.00142530 -0.00149084
v 0.01198129 -0.00141036 -0.00149873
v 0.01230147 -0.00172156 -0.00144181
v 0.01113144 -0.00074878 -0.00148990
v 0.01113539 -0.00074628 -0.00146915
v 0.01113144 -0.00071878 -0.00148990
v 0.01113539 -0.00071628 -0.00146915
v 0.01113972 -0.00071451 -0.00145162
v 0.01124239 -0.00074843 -0.00126170
v 0.01124394 -0.00074943 -0.00125766
v 0.01123769 -0.00074528 -0.00127282
v 0.01124239 -0.00071843 -0.00126170
v 0.01190205 -0.00136749 -0.00175951
v 0.01190352 -0.00136680 -0.00176916
v 0.01188065 -0.00136949 -0.00173127
v 0.01191065 -0.00136949 -0.00173127
v 0.01256983 -0.00094757 -0.00174294
v 0.01124331 -0.00051515 -0.00142544
v 0.01128189 -0.00043311 -0.00145203
v 0.01125658 -0.00074911 -0.00090281
v 0.01125675 -0.00071927 -0.00090347
v 0.01115595 -0.00074106 -0.00064304
v 0.01117720 -0.00074922 -0.00066183
v 0.01117720 -0.00071922 -0.00066183
v 0.01500862 -0.00423501 -0.00560073
v 0.01591675 -0.00508168 -0.00487072
v 0.01546269 -0.00519466 -0.00453168
v 0.01591675 -0.00519731 -0.00453168
v 0.01546269 -0.00524983 -0.00407834
v 0.01585878 -0.00524020 -0.00405032
v 0.01591675 -0.00523879 -0.00407834
v 0.01546269 -0.00524983 -0.00362390
v 0.01591675 -0.00520481 -0.00362390
v 0.01607336 -0.00519489 -0.00404714
v 0.01591675 -0.00507815 -0.00330959
v 0.01478158 -0.00459778 -0.00526856
v 0.01618358 -0.00502828 -0.00481906
v 0.01657241 -0.00496341 -0.00426077
v 0.01664091 -0.00503579 -0.00395855
v 0.01664091 -0.00503579 -0.00379535
v 0.01617641 -0.00502078 -0.00337883
v 0.01670615 -0.00476923 -0.00374369
v 0.01619272 -0.00476923 -0.00337003
v 0.01455455 -0.00410637 -0.00568233
v 0.01546269 -0.00411475 -0.00568782
v 0.01572952 -0.00410239 -0.00567903
v 0.01591675 -0.00352294 -0.00606039
v 0.01455455 -0.00335877 -0.00623787
v 0.01523565 -0.00340301 -0.00619570
v 0.01661286 -0.00319195 -0.00612962
v 0.01706040 -0.00369153 -0.00384590
v 0.01756732 -0.00326168 -0.00442530
v 0.01756732 -0.00326168 -0.00424044
v 0.01763973 -0.00295276 -0.00420088
v 0.01522605 -0.00500401 0.00114101
v 0.01773171 -0.00512846 -0.00000830
v 0.01682547 -0.00524983 0.00091887
v 0.01637175 -0.00507815 0.00060462
v 0.01727979 -0.00521540 0.00046511
v 0.01773411 -0.00524983 0.00046511
v 0.01727979 -0.00508874 0.00013393
v 0.01784214 -0.00476923 -0.00028123
v 0.01818843 -0.00520834 0.00001067
v 0.01788175 -0.00504770 -0.00025956
v 0.01818843 -0.00508345 -0.00031645
v 0.01852152 -0.00506094 -0.00030629
v 0.01866076 -0.00510154 0.00001337
v 0.01882460 -0.00492987 -0.00013562
v 0.01818843 -0.00524806 0.00046511
v 0.01818843 -0.00523747 0.00091887
v 0.01864215 -0.00519378 0.00046511
v 0.01867036 -0.00512890 0.00094934
v 0.01897764 -0.00506844 0.00046511
v 0.01890322 -0.00502431 0.00016711
v 0.01898004 -0.00506491 0.00081796
v 0.01818843 -0.00476923 -0.00044242
v 0.01818843 -0.00431511 -0.00046883
v 0.01921110 -0.00477320 0.00046104
v 0.01935454 -0.00462448 0.00061004
v 0.01935454 -0.00462448 0.00071007
v 0.01935454 -0.00462448 0.00074007
v 0.01887621 -0.00410328 -0.00067607
v 0.02032980 -0.00286052 0.00001067
v 0.02029439 -0.00325638 0.00091887
v 0.01477636 -0.00273254 -0.00657856
v 0.01527936 -0.00273783 -0.00658241
v 0.01544311 -0.00252468 -0.00666154
v 0.01591675 -0.00204408 -0.00677583
v 0.01567276 -0.00138784 -0.00703740
v 0.01572234 -0.00138784 -0.00703740
v 0.01637995 -0.00248628 -0.00650273
v 0.01707019 -0.00275284 -0.00614061
v 0.01706497 -0.00182960 -0.00658021
v 0.01754905 -0.00189580 -0.00619062
v 0.01753731 -0.00277093 -0.00526966
v 0.01567732 -0.00089268 -0.00703795
v 0.01615357 -0.00092313 -0.00703300
v 0.01730310 -0.00114732 -0.00664780
v 0.01747076 -0.00130664 -0.00655658
v 0.01754722 -0.00084234 -0.00660604
v 0.01762538 -0.00136864 -0.00632744
v 0.01625430 -0.00022709 -0.00705870
v 0.01727975 -0.00068123 -0.00672786
v 0.01727975 -0.00022709 -0.00675685
v 0.01758207 -0.00000002 -0.00663101
v 0.01780904 -0.00022709 -0.00635355
v 0.01793266 -0.00172148 -0.00561749
v 0.01801095 -0.00235786 -0.00485423
v 0.01810293 -0.00205909 -0.00499765
v 0.01794049 -0.00204408 -0.00432671
v 0.01843305 -0.00144124 -0.00480093
v 0.01794049 -0.00158996 -0.00431627
v 0.01843305 -0.00144124 -0.00473114
v 0.01791472 -0.00095203 -0.00603703
v 0.01796270 -0.00046500 -0.00612486
v 0.01847659 -0.00091159 -0.00495025
v 0.01840369 -0.00084325 -0.00518723
v 0.01842958 -0.00053998 -0.00524014
v 0.01849677 -0.00067773 -0.00467315
v 0.01849653 -0.00068123 -0.00467072
v 0.01852717 -0.00022709 -0.00498636
v 0.01843661 -0.00000002 -0.00525322
v 0.01610431 -0.00074130 0.00067109
v 0.01610431 -0.00071130 0.00067109
v 0.01610564 -0.00071130 0.00066941
v 0.01602821 -0.00074130 0.00094643
v 0.01602865 -0.00071130 0.00094259
v 0.01602904 -0.00071130 0.00099099
v 0.01636256 -0.00074130 0.00052119
v 0.01674145 -0.00074130 0.00031475
v 0.01958860 -0.00204408 -0.00122262
v 0.01958860 -0.00158996 -0.00122736
v 0.01975964 -0.00273651 -0.00113119
v 0.01978485 -0.00273651 -0.00113119
v 0.01964742 -0.00249864 -0.00117589
v 0.01985207 -0.00249864 -0.00117589
v 0.02017255 -0.00218751 -0.00103366
v 0.02026798 -0.00188476 -0.00117386
v 0.02000451 -0.00158996 -0.00133708
v 0.02031779 -0.00158996 -0.00123481
v 0.02017436 -0.00262883 -0.00056433
v 0.02025598 -0.00276167 -0.00026159
v 0.02026438 -0.00232608 -0.00073093
v 0.02064068 -0.00265001 0.00036419
v 0.02069349 -0.00274048 0.00066693
v 0.02069349 -0.00274048 0.00068366
v 0.02069349 -0.00274048 0.00071366
v 0.02073130 -0.00234727 0.00015424
v 0.02034300 -0.00203923 -0.00088873
v 0.02082013 -0.00205247 0.00000592
v 0.02073490 -0.00190683 -0.00030629
v 0.02055246 -0.00156437 -0.00086300
v 0.02065148 -0.00169897 -0.00060902
v 0.02102958 -0.00159173 0.00003166
v 0.02099729 -0.00192034 0.00041939
v 0.02088014 -0.00204408 0.00091887
v 0.02110760 -0.00159173 0.00050574
v 0.02116042 -0.00144124 0.00019691
v 0.02116042 -0.00144124 0.00038113
v 0.02101698 -0.00158996 0.00091887
v 0.02000451 -0.00113584 -0.00140006
v 0.02038141 -0.00113584 -0.00129779
v 0.01973137 -0.00074130 -0.00129757
v 0.02000618 -0.00074130 -0.00143148
v 0.02000451 -0.00074130 -0.00143189
v 0.02000102 -0.00071843 -0.00143017
v 0.02007949 -0.00074130 -0.00141357
v 0.02042582 -0.00074130 -0.00132895
v 0.02042533 -0.00074130 -0.00132907
v 0.02065300 -0.00074130 -0.00106446
v 0.02065328 -0.00074130 -0.00106414
v 0.02066692 -0.00074130 -0.00103916
v 0.02067942 -0.00022703 -0.00111268
v 0.02060887 -0.00113584 -0.00098219
v 0.02112261 -0.00080574 -0.00018371
v 0.02112549 -0.00074130 -0.00019473
v 0.02117559 -0.00074130 -0.00009715
v 0.02117559 -0.00071130 -0.00009715
v 0.02122073 -0.00074130 -0.00000048
v 0.02119943 -0.00113584 0.00011835
v 0.02120303 -0.00117733 0.00050574
v 0.02113941 -0.00135695 0.00068386
v 0.02116642 -0.00105376 0.00077732
v 0.02128825 -0.00074130 0.00046985
v 0.02125727 -0.00074130 0.00059463
v 0.02118022 -0.00074130 0.00088907
v 0.02110692 -0.00046544 -0.00030956
v 0.02114849 -0.00050279 -0.00023146
v 0.02116365 -0.00044322 -0.00020235
v 0.02127445 -0.00022703 0.00001048
v 0.02114141 -0.00046083 0.00114849
v 0.02133237 -0.00022703 0.00046470
v 0.01086229 -0.00524471 0.00176886
v 0.01086162 -0.00524484 0.00177891
v 0.01092502 -0.00523239 0.00176886
v 0.01092541 -0.00523237 0.00176964
v 0.01122704 -0.00507338 0.00145303
v 0.01134293 -0.00509549 0.00176886
v 0.01134289 -0.00509559 0.00176902
v 0.01261648 -0.00524281 0.00317743
v 0.01263153 -0.00523482 0.00314730
v 0.01263610 -0.00524350 0.00319036
v 0.01261810 -0.00512352 0.00272985
v 0.01263312 -0.00512356 0.00272995
v 0.01264729 -0.00512298 0.00272886
v 0.01147781 -0.00476925 0.00176886
v 0.01147776 -0.00476928 0.00176886
v 0.01146621 -0.00472840 0.00176886
v 0.01147093 -0.00474157 0.00176886
v 0.01136057 -0.00435433 0.00177937
v 0.01261329 -0.00481459 0.00254566
v 0.01264329 -0.00481459 0.00254566
v 0.01261667 -0.00479880 0.00254093
v 0.01264667 -0.00479880 0.00254093
v 0.01261687 -0.00476925 0.00253553
v 0.01264687 -0.00476925 0.00253553
v 0.01264695 -0.00467487 0.00253439
v 0.01319172 -0.00522908 0.00273594
v 0.01273743 -0.00524894 0.00319029
v 0.01287345 -0.00505300 0.00245924
v 0.01319172 -0.00510242 0.00237801
v 0.01263160 -0.00524952 0.00361919
v 0.01137468 -0.00521522 0.00546060
v 0.01263060 -0.00524349 0.00455297
v 0.01263060 -0.00524365 0.00455230
v 0.01182892 -0.00524561 0.00500667
v 0.01228300 -0.00520499 0.00500667
v 0.01263060 -0.00513108 0.00502035
v 0.01263060 -0.00513126 0.00501966
v 0.01263060 -0.00505574 0.00518471
v 0.01228300 -0.00507830 0.00534999
v 0.01257758 -0.00502684 0.00527005
v 0.01276630 -0.00524514 0.00444242
v 0.01273743 -0.00524144 0.00455230
v 0.01319172 -0.00519334 0.00455230
v 0.01319172 -0.00506668 0.00487669
v 0.01273248 -0.00510949 0.00502447
v 0.01126599 -0.00401943 0.00176886
v 0.01126599 -0.00401943 0.00179886
v 0.00774114 -0.00523959 0.00727735
v 0.00819550 -0.00518754 0.00727735
v 0.00819550 -0.00506085 0.00759279
v 0.00845406 -0.00501150 0.00752252
v 0.00772719 -0.00510358 0.00774583
v 0.00756626 -0.00501962 0.00798475
v 0.00786881 -0.00495071 0.00790667
v 0.00790207 -0.00451498 0.00838217
v 0.00819550 -0.00422007 0.00856019
v 0.00853131 -0.00414003 0.00847196
v 0.00883386 -0.00404915 0.00838998
v 0.00896314 -0.00374642 0.00846025
v 0.00763332 -0.00413431 0.00891702
v 0.00793587 -0.00406450 0.00885377
v 0.00807641 -0.00376177 0.00892014
v 0.00774114 -0.00340699 0.00912158
v 0.00813006 -0.00340699 0.00894669
v 0.00835697 -0.00340699 0.00883425
v 0.00774114 -0.00295260 0.00912158
v 0.00813006 -0.00295260 0.00894669
v 0.01263060 -0.00415995 0.00622891
v 0.01263026 -0.00388563 0.00640489
v 0.01263019 -0.00388608 0.00640483
v 0.01263025 -0.00388597 0.00640484
v 0.01263060 -0.00388622 0.00640478
v 0.01263060 -0.00388615 0.00640482
v 0.01161883 -0.00366066 0.00705952
v 0.01207185 -0.00409549 0.00660449
v 0.01263060 -0.00345807 0.00646234
v 0.01262915 -0.00340699 0.00647014
v 0.01262890 -0.00337228 0.00647028
v 0.01262952 -0.00301588 0.00648066
v 0.01260106 -0.00291241 0.00648367
v 0.01263060 -0.00291241 0.00648367
v 0.01223946 -0.00340699 0.00671400
v 0.01185443 -0.00340699 0.00694124
v 0.01295728 -0.00408165 0.00613808
v 0.01036893 -0.00217562 0.00176886
v 0.01036893 -0.00217562 0.00179886
v 0.01042687 -0.00217562 0.00176886
v 0.01042687 -0.00217562 0.00179886
v 0.01036893 -0.00214562 0.00176886
v 0.01036893 -0.00214562 0.00179886
v 0.01049873 -0.00141395 0.00179886
v 0.01050220 -0.00139441 0.00176886
v 0.01050220 -0.00139441 0.00179886
v 0.01050220 -0.00131502 0.00176886
v 0.01050220 -0.00131502 0.00179886
v 0.01048212 -0.00124393 0.00176886
v 0.01012626 -0.00074130 0.00123714
v 0.01132115 -0.00217562 0.00302251
v 0.01134535 -0.00217562 0.00305868
v 0.01137535 -0.00217562 0.00305868
v 0.01261655 -0.00220643 0.00253217
v 0.01261658 -0.00220664 0.00253215
v 0.01262352 -0.00217562 0.00253500
v 0.01263103 -0.00217562 0.00253500
v 0.01262352 -0.00217562 0.00254299
v 0.01262246 -0.00214562 0.00254333
v 0.01126986 -0.00094911 0.00294798
v 0.01129986 -0.00094911 0.00294798
v 0.01126764 -0.00070201 0.00294518
v 0.01129815 -0.00076710 0.00294581
v 0.01129764 -0.00070201 0.00294518
v 0.01126692 -0.00059594 0.00294433
v 0.01270161 -0.00114128 0.00250302
v 0.01276202 -0.00074130 0.00247743
v 0.01284661 -0.00074130 0.00245076
v 0.01289852 -0.00074130 0.00244353
v 0.01308609 -0.00074130 0.00244353
v 0.01309142 -0.00074130 0.00244416
v 0.01316017 -0.00074130 0.00249760
v 0.01313991 -0.00071130 0.00247711
v 0.01338027 -0.00074130 0.00272300
v 0.01337629 -0.00071130 0.00271624
v 0.01362774 -0.00074130 0.00315160
v 0.01363751 -0.00074130 0.00316853
v 0.01363751 -0.00071130 0.00316853
v 0.01387209 -0.00074130 0.00358637
v 0.01387209 -0.00071130 0.00358637
v 0.01388818 -0.00071130 0.00361561
v 0.00868513 -0.00217562 0.00736994
v 0.00879959 -0.00217562 0.00758192
v 0.00901178 -0.00217562 0.00783058
v 0.00921043 -0.00217562 0.00800739
v 0.00921083 -0.00217562 0.00800714
v 0.00807641 -0.00257554 0.00892014
v 0.00795947 -0.00227251 0.00885846
v 0.00958783 -0.00217562 0.00800958
v 0.00961571 -0.00217562 0.00800958
v 0.00988008 -0.00217563 0.00796382
v 0.00988008 -0.00217562 0.00796382
v 0.01036216 -0.00217562 0.00774973
v 0.01036216 -0.00217562 0.00774932
v 0.01260060 -0.00217535 0.00647676
v 0.01263060 -0.00217535 0.00647676
v 0.01260060 -0.00209608 0.00650746
v 0.01263054 -0.00209608 0.00650746
v 0.01263060 -0.00209608 0.00650746
v 0.01137822 -0.00216198 0.00719925
v 0.01211744 -0.00217562 0.00678643
v 0.01212802 -0.00217556 0.00678020
v 0.01217886 -0.00217489 0.00674781
v 0.01185521 -0.00217562 0.00694124
v 0.01263060 -0.00204228 0.00650903
v 0.01390173 -0.00145668 0.00615695
v 0.01107390 -0.00074260 0.00736446
v 0.01334270 -0.00133844 0.00632426
v 0.01391632 -0.00113584 0.00616481
v 0.01375801 -0.00090476 0.00621207
v 0.01391632 -0.00074245 0.00616533
v 0.01391623 -0.00074130 0.00616566
v 0.01415168 -0.00074130 0.00603667
v 0.01415168 -0.00071130 0.00603667
v 0.01591743 -0.00524938 0.00273527
v 0.01637175 -0.00521849 0.00273527
v 0.01683927 -0.00511566 0.00276168
v 0.01637175 -0.00509316 0.00310708
v 0.01669704 -0.00504108 0.00301769
v 0.01700012 -0.00497003 0.00293032
v 0.01727979 -0.00514170 0.00228083
v 0.01727979 -0.00505609 0.00260659
v 0.01782653 -0.00491795 0.00239935
v 0.01752406 -0.00500489 0.00251990
v 0.01787275 -0.00449076 0.00289984
v 0.01704213 -0.00453709 0.00341050
v 0.01725098 -0.00422199 0.00364483
v 0.01472747 -0.00403708 0.00520422
v 0.01591743 -0.00295276 0.00505420
v 0.01761648 -0.00415182 0.00349448
v 0.01707994 -0.00410107 0.00388525
v 0.01711895 -0.00295276 0.00436136
v 0.01623131 -0.00324800 0.00482664
v 0.01629253 -0.00295276 0.00485982
v 0.01651999 -0.00295276 0.00473318
v 0.01800298 -0.00501946 0.00209662
v 0.01849391 -0.00460815 0.00214199
v 0.01892122 -0.00458343 0.00167062
v 0.01879639 -0.00448105 0.00197336
v 0.01909107 -0.00430320 0.00181285
v 0.01895723 -0.00417830 0.00217382
v 0.01818063 -0.00476305 0.00227067
v 0.01805460 -0.00461477 0.00259711
v 0.01835708 -0.00449429 0.00244473
v 0.01809901 -0.00418757 0.00308406
v 0.01935514 -0.00412534 0.00165166
v 0.01926032 -0.00401457 0.00195439
v 0.01840149 -0.00407724 0.00294861
v 0.01884140 -0.00406444 0.00247724
v 0.01929572 -0.00360106 0.00246369
v 0.01888401 -0.00364739 0.00297705
v 0.01896264 -0.00340643 0.00301836
v 0.01926091 -0.00295276 0.00292016
v 0.01984427 -0.00372286 0.00137331
v 0.01978485 -0.00364386 0.00161441
v 0.02025058 -0.00321137 0.00118706
v 0.01980946 -0.00322505 0.00211761
v 0.02032740 -0.00294658 0.00135231
v 0.01972664 -0.00310634 0.00242035
v 0.01989828 -0.00295452 0.00227406
v 0.01982627 -0.00280403 0.00255241
v 0.01791956 -0.00405561 0.00338679
v 0.01809481 -0.00375287 0.00348906
v 0.01838828 -0.00340643 0.00339966
v 0.01543670 -0.00249864 0.00534203
v 0.01741062 -0.00249864 0.00426723
v 0.01718377 -0.00249864 0.00439590
v 0.01606739 -0.00074130 0.00131707
v 0.01606739 -0.00071130 0.00131707
v 0.01611940 -0.00074130 0.00144699
v 0.01611940 -0.00071130 0.00144699
v 0.01708603 -0.00074130 0.00322746
v 0.01708603 -0.00071130 0.00322746
v 0.01444091 -0.00074130 0.00465308
v 0.01444091 -0.00071130 0.00465308
v 0.01464262 -0.00074130 0.00506252
v 0.01464262 -0.00071130 0.00506252
v 0.01469075 -0.00074130 0.00540326
v 0.01468210 -0.00071130 0.00543099
v 0.01468643 -0.00072630 0.00541712
v 0.01736405 -0.00074130 0.00366190
v 0.01736405 -0.00071130 0.00366190
v 0.01753684 -0.00074130 0.00385164
v 0.01753684 -0.00071130 0.00385164
v 0.01771197 -0.00074130 0.00391818
v 0.01771197 -0.00071130 0.00391818
v 0.01716191 -0.00074130 0.00440658
v 0.02020076 -0.00267252 0.00198690
v 0.02034960 -0.00251188 0.00183249
v 0.02028359 -0.00236977 0.00214335
v 0.01987788 -0.00249864 0.00257679
v 0.02057286 -0.00201672 0.00180066
v 0.02064248 -0.00169500 0.00193408
v 0.02069589 -0.00139225 0.00206682
v 0.02013415 -0.00204408 0.00243389
v 0.01801559 -0.00236271 0.00390557
v 0.01804980 -0.00204408 0.00392318
v 0.02097257 -0.00113584 0.00137331
v 0.02082313 -0.00113584 0.00182775
v 0.02071390 -0.00113584 0.00208307
v 0.02105486 -0.00074130 0.00129034
v 0.02100010 -0.00075266 0.00145030
v 0.02100939 -0.00073956 0.00142907
v 0.02078993 -0.00074949 0.00189842
v 0.02078097 -0.00074251 0.00191624
v 0.02071330 -0.00085163 0.00207969
v 0.01859499 -0.00074130 0.00363045
v 0.01859553 -0.00074130 0.00363060
v 0.01855425 -0.00074130 0.00365213
v 0.01798078 -0.00074130 0.00392153
v 0.01798078 -0.00071130 0.00392153
v 0.01798464 -0.00071130 0.00392015
v 0.01889122 -0.00104582 0.00343759
v 0.01890420 -0.00074130 0.00344720
v 0.01890442 -0.00074130 0.00344707
v 0.01893952 -0.00074344 0.00342053
v 0.01496636 -0.00247039 0.00558521
v 0.01478707 -0.00230005 0.00569107
v 0.01448515 -0.00074130 0.00580571
v 0.01448328 -0.00071130 0.00580906
v 0.01308051 0.00042396 -0.00598741
v 0.01335884 0.00041223 -0.00615476
v 0.01312783 0.00041223 -0.00602247
v 0.01314205 0.00041223 -0.00602506
v 0.01313113 0.00041223 -0.00602506
v 0.01331865 0.00041223 -0.00613198
v 0.01283366 0.00039369 -0.00579364
v 0.01283472 0.00042422 -0.00579483
v 0.01283366 0.00042369 -0.00579364
v 0.01275932 0.00039430 -0.00564802
v 0.01275773 0.00039439 -0.00564389
v 0.01275932 0.00042430 -0.00564802
v 0.01275773 0.00042439 -0.00564389
v 0.01269490 0.00039397 -0.00542671
v 0.01269470 0.00039391 -0.00542230
v 0.01269470 0.00042391 -0.00542230
v 0.01269490 0.00042397 -0.00542671
v 0.01269473 0.00039377 -0.00539088
v 0.01269444 0.00039404 -0.00539305
v 0.01269444 0.00042404 -0.00539305
v 0.01269473 0.00042377 -0.00539088
v 0.01356569 0.00041962 -0.00623841
v 0.01335799 0.00113579 -0.00615386
v 0.01280712 0.00039396 -0.00495570
v 0.01280712 0.00042396 -0.00495570
v 0.01280798 0.00042379 -0.00495345
v 0.01375069 0.00039370 -0.00320620
v 0.01375069 0.00042370 -0.00320620
v 0.01191207 0.00199803 -0.00533789
v 0.01190916 0.00204307 -0.00534797
v 0.01190909 0.00204427 -0.00534823
v 0.01190830 0.00204423 -0.00534823
v 0.01190830 0.00242160 -0.00536930
v 0.01191382 0.00242160 -0.00536930
v 0.01249320 0.00235987 -0.00567646
v 0.01190968 0.00245980 -0.00536855
v 0.01190830 0.00250046 -0.00536765
v 0.01258562 0.00266245 -0.00566056
v 0.01337867 0.00150088 -0.00614235
v 0.01189453 0.00167818 -0.00517866
v 0.01189452 0.00167682 -0.00517652
v 0.01192453 0.00167818 -0.00517866
v 0.01191795 0.00157563 -0.00499934
v 0.01189290 0.00156708 -0.00497604
v 0.01189533 0.00156336 -0.00496369
v 0.01192290 0.00156708 -0.00497604
v 0.01190892 0.00176416 -0.00526756
v 0.01188718 0.00173966 -0.00525332
v 0.01191718 0.00173966 -0.00525332
v 0.01053448 0.00170871 -0.00030399
v 0.01053321 0.00170871 -0.00029010
v 0.01053390 0.00173871 -0.00029119
v 0.00979872 0.00170871 0.00066715
v 0.00979872 0.00170871 0.00069715
v 0.00980230 0.00170680 0.00072308
v 0.00982872 0.00170871 0.00069715
v 0.00982592 0.00170871 0.00070253
v 0.00982587 0.00170871 0.00070257
v 0.00982587 0.00170871 0.00071432
v 0.00980230 0.00170680 0.00075308
v 0.00981128 0.00170637 0.00076674
v 0.00979872 0.00173871 0.00066715
v 0.00979872 0.00173871 0.00069715
v 0.01206355 0.00129530 -0.00255076
v 0.01209355 0.00129530 -0.00255076
v 0.01210474 0.00128668 -0.00242682
v 0.01208373 0.00128871 -0.00239454
v 0.01211373 0.00128871 -0.00239454
v 0.01209778 0.00129421 -0.00230696
v 0.01212778 0.00129421 -0.00230696
v 0.01182022 0.00071163 -0.00140441
v 0.01182022 0.00071163 -0.00137441
v 0.01223642 0.00136969 -0.00176676
v 0.01208221 0.00136080 -0.00134720
v 0.01406898 0.00039374 -0.00267177
v 0.01406898 0.00042374 -0.00267177
v 0.01425830 0.00039372 -0.00245074
v 0.01425830 0.00042372 -0.00245074
v 0.01437874 0.00039390 -0.00245189
v 0.01437126 0.00039372 -0.00245074
v 0.01437167 0.00042372 -0.00245074
v 0.01438355 0.00042412 -0.00245336
v 0.01437874 0.00042390 -0.00245189
v 0.01181291 0.00170871 -0.00102617
v 0.01181291 0.00173871 -0.00102617
v 0.01224004 0.00139615 -0.00161254
v 0.01224810 0.00140816 -0.00159914
v 0.01225219 0.00141393 -0.00159415
v 0.01227004 0.00139615 -0.00161254
v 0.01210076 0.00143056 -0.00133435
v 0.01203073 0.00151767 -0.00125330
v 0.01183816 0.00170871 -0.00104833
v 0.01182461 0.00172469 -0.00103635
v 0.01241789 0.00170215 -0.00148862
v 0.01205272 0.00204411 -0.00112759
v 0.01259945 0.00204411 -0.00145544
v 0.01260049 0.00204449 -0.00145544
v 0.01260003 0.00204833 -0.00145544
v 0.01265551 0.00245102 -0.00145544
v 0.01265897 0.00249851 -0.00145544
v 0.01114405 0.00170871 -0.00063416
v 0.01133306 0.00170871 -0.00073111
v 0.01419369 0.00329982 -0.00619168
v 0.01330887 0.00372458 -0.00572633
v 0.01364625 0.00379656 -0.00579540
v 0.01364625 0.00402385 -0.00561123
v 0.01414263 0.00389079 -0.00581294
v 0.01166829 0.00295263 -0.00518963
v 0.01104971 0.00325591 -0.00481188
v 0.01190830 0.00292261 -0.00530171
v 0.01190992 0.00293706 -0.00529945
v 0.01190830 0.00299370 -0.00528234
v 0.01190830 0.00331826 -0.00517047
v 0.01190892 0.00387090 -0.00492335
v 0.01191314 0.00389610 -0.00490838
v 0.01190830 0.00402018 -0.00483563
v 0.01193445 0.00402018 -0.00483563
v 0.01197032 0.00412850 -0.00480496
v 0.01256430 0.00404895 -0.00519028
v 0.01190830 0.00410454 -0.00476593
v 0.01302933 0.00415502 -0.00528483
v 0.01191001 0.00421434 -0.00466894
v 0.01194001 0.00421434 -0.00466894
v 0.01190838 0.00425316 -0.00463040
v 0.01190920 0.00450113 -0.00434861
v 0.01190830 0.00450447 -0.00434480
v 0.01190893 0.00450447 -0.00434480
v 0.01190871 0.00481754 -0.00398460
v 0.01193535 0.00485713 -0.00393620
v 0.01216519 0.00502419 -0.00388769
v 0.01191488 0.00504850 -0.00369553
v 0.01191961 0.00507809 -0.00365494
v 0.01190892 0.00508646 -0.00363748
v 0.01191455 0.00509354 -0.00361964
v 0.01228314 0.00517453 -0.00362377
v 0.01190830 0.00523296 -0.00316948
v 0.01193654 0.00521513 -0.00326209
v 0.01391900 0.00453432 -0.00520563
v 0.01293270 0.00501117 -0.00432152
v 0.01319188 0.00505142 -0.00437633
v 0.01392546 0.00498417 -0.00473809
v 0.01422859 0.00501353 -0.00478194
v 0.01319188 0.00517453 -0.00407816
v 0.01273751 0.00523467 -0.00362377
v 0.01059981 0.00339125 -0.00030617
v 0.01061341 0.00385258 -0.00030628
v 0.01061422 0.00388429 -0.00027666
v 0.01070487 0.00403255 0.00066976
v 0.01070487 0.00403255 0.00069976
v 0.01061514 0.00430843 -0.00030681
v 0.01061514 0.00430843 -0.00027681
v 0.01061513 0.00432670 -0.00030700
v 0.01060000 0.00476944 -0.00030683
v 0.01059879 0.00477445 -0.00030702
v 0.01059879 0.00477445 -0.00027702
v 0.01075619 0.00417737 0.00069619
v 0.01078135 0.00425829 0.00066976
v 0.01078135 0.00425829 0.00069976
v 0.01088393 0.00469842 0.00066652
v 0.01088393 0.00469842 0.00069445
v 0.01089065 0.00475534 0.00068905
v 0.01089227 0.00476909 0.00068731
v 0.01089227 0.00476909 0.00068793
v 0.00955109 0.00524983 -0.00034056
v 0.00959802 0.00524983 -0.00032971
v 0.01002384 0.00523009 -0.00030734
v 0.01001194 0.00523162 -0.00031037
v 0.01050274 0.00502734 -0.00030723
v 0.01050350 0.00502575 -0.00027720
v 0.01050274 0.00502734 -0.00027723
v 0.01033860 0.00516156 -0.00030650
v 0.01044479 0.00512643 -0.00030650
v 0.01045286 0.00512328 -0.00030715
v 0.01045089 0.00512428 -0.00030656
v 0.01045286 0.00512328 -0.00027715
v 0.01001194 0.00524879 0.00046447
v 0.01001210 0.00524911 0.00068747
v 0.01001194 0.00524913 0.00068731
v 0.01048137 0.00519094 0.00068750
v 0.01048169 0.00519090 0.00068731
v 0.01048172 0.00519089 0.00068731
v 0.01084712 0.00496492 0.00068731
v 0.01084712 0.00496492 0.00070573
v 0.01079209 0.00508172 0.00068731
v 0.01079233 0.00508121 0.00068744
v 0.01046591 0.00523873 0.00091876
v 0.01265897 0.00476909 -0.00145544
v 0.01265995 0.00476919 -0.00145544
v 0.01265808 0.00477120 -0.00145544
v 0.01137447 0.00524983 -0.00271549
v 0.01190830 0.00524551 -0.00289111
v 0.01193830 0.00524551 -0.00289111
v 0.01137449 0.00524463 -0.00135240
v 0.01198003 0.00518648 -0.00152220
v 0.01255294 0.00500795 -0.00148084
v 0.01256000 0.00500305 -0.00145544
v 0.01255294 0.00500795 -0.00145545
v 0.01233646 0.00511569 -0.00145544
v 0.01233679 0.00511582 -0.00145544
v 0.01242920 0.00509386 -0.00145544
v 0.01242341 0.00509559 -0.00146974
v 0.01226413 0.00513141 -0.00147266
v 0.01263668 0.00506704 -0.00151135
v 0.01190892 0.00524872 -0.00184594
v 0.01190892 0.00524888 -0.00184679
v 0.01190830 0.00524799 -0.00180675
v 0.01195002 0.00523565 -0.00177861
v 0.01228314 0.00523941 -0.00180678
v 0.01116826 0.00501275 -0.00065958
v 0.01603115 0.00042175 -0.00705408
v 0.01603863 0.00041223 -0.00705495
v 0.01567701 0.00089287 -0.00703797
v 0.01665354 0.00022705 -0.00694789
v 0.01623387 0.00041223 -0.00705411
v 0.01623350 0.00041223 -0.00705386
v 0.01727616 0.00041117 -0.00674564
v 0.01730213 0.00041223 -0.00673546
v 0.01727926 0.00068167 -0.00672664
v 0.01757399 0.00041223 -0.00662524
v 0.01615271 0.00092222 -0.00703304
v 0.01753133 0.00100367 -0.00659455
v 0.01746993 0.00130626 -0.00655618
v 0.01762537 0.00136853 -0.00632734
v 0.01567249 0.00138818 -0.00703742
v 0.01572161 0.00138818 -0.00703742
v 0.01591680 0.00204449 -0.00677542
v 0.01477603 0.00273253 -0.00657865
v 0.01527952 0.00273774 -0.00658249
v 0.01544369 0.00252465 -0.00666142
v 0.01591680 0.00251613 -0.00658468
v 0.01706533 0.00182951 -0.00658029
v 0.01754878 0.00189580 -0.00619059
v 0.01638022 0.00248630 -0.00650246
v 0.01682489 0.00249861 -0.00637475
v 0.01707050 0.00275242 -0.00614071
v 0.01753715 0.00277089 -0.00526976
v 0.01796293 0.00041223 -0.00612521
v 0.01796243 0.00046527 -0.00612481
v 0.01791460 0.00095206 -0.00603684
v 0.01851151 0.00038223 -0.00499077
v 0.01851116 0.00041223 -0.00499789
v 0.01842908 0.00054009 -0.00523961
v 0.01818785 0.00041223 -0.00445192
v 0.01818800 0.00041223 -0.00445142
v 0.01850147 0.00041223 -0.00466738
v 0.01850148 0.00041223 -0.00466770
v 0.01840323 0.00084314 -0.00518699
v 0.01847658 0.00091181 -0.00495021
v 0.01794045 0.00136285 -0.00431604
v 0.01793270 0.00172155 -0.00561726
v 0.01843296 0.00144121 -0.00480057
v 0.01843296 0.00144121 -0.00473151
v 0.01801543 0.00191759 -0.00531470
v 0.01810268 0.00205917 -0.00499789
v 0.01794045 0.00204449 -0.00432646
v 0.01801091 0.00235797 -0.00485429
v 0.01795651 0.00246867 -0.00480540
v 0.01499332 0.00039393 -0.00271995
v 0.01499303 0.00042389 -0.00271981
v 0.01522627 0.00180682 0.00114080
v 0.01556312 0.00146504 0.00106754
v 0.01555467 0.00152363 0.00103471
v 0.01555737 0.00153573 0.00102793
v 0.01555049 0.00162117 0.00100352
v 0.01556647 0.00162117 0.00100352
v 0.01555405 0.00167304 0.00099719
v 0.01556062 0.00175931 0.00098666
v 0.01555922 0.00194586 0.00096390
v 0.01555133 0.00204019 0.00095973
v 0.02000507 0.00000004 -0.00144654
v 0.02045235 0.00000004 -0.00134391
v 0.02043275 0.00068178 -0.00133409
v 0.02067942 0.00022710 -0.00111268
v 0.02065978 0.00068178 -0.00107676
v 0.02000467 0.00090871 -0.00141800
v 0.02035002 0.00136281 -0.00126630
v 0.02127445 0.00019710 0.00001048
v 0.02127445 0.00022710 0.00001048
v 0.02113558 0.00065451 -0.00020769
v 0.02133237 0.00022710 0.00046470
v 0.02130021 0.00068178 0.00046459
v 0.02114095 0.00046172 0.00114905
v 0.02060895 0.00113564 -0.00098265
v 0.02119968 0.00113564 0.00011841
v 0.02113982 0.00136139 0.00068967
v 0.01958845 0.00204432 -0.00122221
v 0.02000467 0.00158998 -0.00133738
v 0.02026785 0.00188449 -0.00117351
v 0.01964719 0.00249866 -0.00117614
v 0.01978499 0.00273673 -0.00113139
v 0.02073489 0.00190678 -0.00030674
v 0.02116071 0.00144106 0.00019739
v 0.02113445 0.00151623 0.00044781
v 0.02088003 0.00204432 0.00091936
v 0.02077584 0.00220011 0.00007991
v 0.02064114 0.00264995 0.00036456
v 0.02069367 0.00274053 0.00069033
v 0.01500871 0.00296646 -0.00647012
v 0.01455434 0.00335902 -0.00623827
v 0.01500871 0.00335381 -0.00624266
v 0.01546243 0.00345206 -0.00614866
v 0.01455434 0.00358584 -0.00608809
v 0.01455434 0.00410625 -0.00568194
v 0.01591680 0.00352286 -0.00606014
v 0.01546243 0.00411477 -0.00568742
v 0.01573001 0.00410246 -0.00567920
v 0.01661225 0.00319186 -0.00612920
v 0.01756688 0.00326147 -0.00445526
v 0.01756688 0.00326147 -0.00427040
v 0.01763991 0.00295225 -0.00420094
v 0.01756688 0.00326147 -0.00424040
v 0.01706016 0.00369143 -0.00384576
v 0.01500871 0.00423505 -0.00560082
v 0.01478153 0.00459777 -0.00526839
v 0.01591680 0.00508172 -0.00487073
v 0.01546243 0.00519490 -0.00453200
v 0.01591680 0.00519726 -0.00453200
v 0.01591680 0.00507793 -0.00330916
v 0.01546243 0.00524983 -0.00407816
v 0.01546243 0.00524983 -0.00406733
v 0.01585878 0.00523991 -0.00405014
v 0.01591680 0.00523846 -0.00407816
v 0.01546243 0.00524983 -0.00362377
v 0.01591680 0.00520484 -0.00362377
v 0.01615077 0.00455705 -0.00521823
v 0.01670661 0.00476919 -0.00374381
v 0.01619278 0.00476919 -0.00337000
v 0.01618373 0.00502821 -0.00481866
v 0.01657282 0.00496334 -0.00426068
v 0.01640090 0.00511250 -0.00409734
v 0.01664133 0.00503579 -0.00395812
v 0.01664133 0.00503579 -0.00379533
v 0.01617662 0.00502064 -0.00337877
v 0.01555052 0.00476984 0.00095967
v 0.01555149 0.00476984 0.00095967
v 0.01522571 0.00500398 0.00114080
v 0.01555049 0.00499893 0.00101437
v 0.01556820 0.00499893 0.00101437
v 0.01546253 0.00506263 0.00107677
v 0.01555049 0.00507057 0.00104612
v 0.01555050 0.00507057 0.00104612
v 0.01555049 0.00507117 0.00104638
v 0.01611129 0.00502076 0.00067388
v 0.01784168 0.00476940 -0.00028107
v 0.01727976 0.00521568 0.00046459
v 0.01773438 0.00524935 0.00046459
v 0.01887574 0.00410307 -0.00067596
v 0.02029298 0.00281096 -0.00012543
v 0.02029495 0.00325747 0.00091936
v 0.01818844 0.00476940 -0.00044232
v 0.01928264 0.00469898 0.00053534
v 0.01935408 0.00462475 0.00074035
v 0.01788178 0.00504779 -0.00025936
v 0.01818844 0.00508336 -0.00031596
v 0.01852164 0.00506107 -0.00030608
v 0.01818844 0.00520857 0.00001048
v 0.01882435 0.00492970 -0.00013563
v 0.01864193 0.00519386 0.00046459
v 0.01867017 0.00512889 0.00094964
v 0.01818844 0.00524793 0.00046459
v 0.01818844 0.00523750 0.00091936
v 0.01897796 0.00506866 0.00046459
v 0.01898022 0.00506487 0.00081801
v 0.01049413 0.00166619 0.00197397
v 0.00798485 0.00158588 0.00450705
v 0.00796273 0.00161544 0.00446767
v 0.01315832 0.00099250 0.00235597
v 0.01315895 0.00100725 0.00235521
v 0.01282069 0.00129227 0.00243916
v 0.01282789 0.00128250 0.00243603
v 0.01282788 0.00128211 0.00243610
v 0.01320052 0.00128250 0.00234109
v 0.01320060 0.00128250 0.00234107
v 0.01356015 0.00128211 0.00238390
v 0.01362154 0.00128211 0.00244608
v 0.01378036 0.00128211 0.00260696
v 0.01404887 0.00128211 0.00306327
v 0.01107388 0.00167767 0.00300713
v 0.01110388 0.00167767 0.00300713
v 0.01130488 0.00168166 0.00294056
v 0.01259792 0.00170727 0.00253964
v 0.01265717 0.00171126 0.00251090
v 0.01267979 0.00170889 0.00251425
v 0.01266018 0.00172670 0.00250926
v 0.01268717 0.00171126 0.00251090
v 0.00951368 0.00166838 0.00721870
v 0.00962484 0.00164853 0.00740933
v 0.00961873 0.00164811 0.00740239
v 0.00962484 0.00167853 0.00740933
v 0.00979586 0.00166002 0.00760044
v 0.00980085 0.00169028 0.00760402
v 0.00980218 0.00169034 0.00760476
v 0.01075365 0.00158975 0.00753744
v 0.00999234 0.00166901 0.00771049
v 0.00999229 0.00169901 0.00771046
v 0.01045966 0.00168056 0.00768658
v 0.01046530 0.00168938 0.00768454
v 0.01044133 0.00170893 0.00768761
v 0.01045904 0.00171024 0.00768663
v 0.01428762 0.00128406 0.00596422
v 0.01391623 0.00113555 0.00616485
v 0.01372198 0.00135591 0.00621181
v 0.01390976 0.00128211 0.00616118
v 0.01390994 0.00128250 0.00616111
v 0.01265255 0.00170804 0.00649727
v 0.01107360 0.00170871 0.00736415
v 0.01226471 0.00170871 0.00671443
v 0.01390204 0.00145650 0.00615677
v 0.01092019 0.00524879 0.00546134
v 0.01265976 0.00476909 0.00251144
v 0.01265955 0.00477088 0.00251182
v 0.01268490 0.00478984 0.00251778
v 0.01265509 0.00512136 0.00270938
v 0.01268509 0.00512136 0.00270938
v 0.01265967 0.00512753 0.00272073
v 0.01267594 0.00514434 0.00277528
v 0.01264412 0.00524504 0.00318694
v 0.01267412 0.00524504 0.00318694
v 0.01267450 0.00524515 0.00318781
v 0.01265506 0.00524684 0.00320584
v 0.01264029 0.00524833 0.00328701
v 0.01268955 0.00477088 0.00251182
v 0.01287328 0.00505330 0.00245936
v 0.01319158 0.00510224 0.00237797
v 0.01319158 0.00522885 0.00273610
v 0.01264029 0.00524983 0.00383052
v 0.01264029 0.00517447 0.00483878
v 0.01267029 0.00502465 0.00519332
v 0.01267029 0.00490393 0.00535778
v 0.01257741 0.00502661 0.00527060
v 0.01267029 0.00509079 0.00509622
v 0.01264610 0.00507622 0.00512308
v 0.01267029 0.00507622 0.00512308
v 0.01265971 0.00510382 0.00507219
v 0.01265820 0.00512282 0.00502215
v 0.01267029 0.00524289 0.00454893
v 0.01267029 0.00524289 0.00455299
v 0.01264029 0.00523176 0.00461953
v 0.01267029 0.00523176 0.00461953
v 0.01267029 0.00523623 0.00461953
v 0.01228284 0.00520511 0.00500689
v 0.01270029 0.00524983 0.00416155
v 0.01410024 0.00518108 0.00409807
v 0.01410024 0.00524983 0.00364444
v 0.01346280 0.00501641 0.00480348
v 0.01319158 0.00519351 0.00455225
v 0.01319158 0.00506690 0.00487673
v 0.01288061 0.00495621 0.00518820
v 0.01273739 0.00524167 0.00455225
v 0.00824411 0.00295256 0.00889044
v 0.00835778 0.00340695 0.00883377
v 0.00793567 0.00340695 0.00903446
v 0.00883463 0.00404920 0.00839038
v 0.00807637 0.00376187 0.00892057
v 0.00793567 0.00406445 0.00885368
v 0.00836367 0.00418004 0.00851643
v 0.00756625 0.00501934 0.00798513
v 0.00796132 0.00508224 0.00766945
v 0.01267029 0.00338815 0.00644708
v 0.01267029 0.00340695 0.00644708
v 0.01185381 0.00340695 0.00694134
v 0.01267029 0.00389046 0.00638185
v 0.01267029 0.00389049 0.00638142
v 0.01267029 0.00390108 0.00637468
v 0.01161815 0.00366031 0.00705965
v 0.01207144 0.00409565 0.00660520
v 0.01308642 0.00377902 0.00620832
v 0.01295729 0.00408157 0.00613832
v 0.01267029 0.00417390 0.00619033
v 0.01267029 0.00430561 0.00604214
v 0.01264029 0.00465401 0.00564532
v 0.01267029 0.00465401 0.00564532
v 0.01267029 0.00478128 0.00549544
v 0.01453832 0.00128211 0.00397331
v 0.01498946 0.00128211 0.00481370
v 0.01498910 0.00128211 0.00481183
v 0.01503088 0.00128211 0.00502650
v 0.01503090 0.00128250 0.00502650
v 0.01498068 0.00128250 0.00525130
v 0.01490139 0.00128262 0.00543387
v 0.01552549 0.00139662 0.00126147
v 0.01555654 0.00139785 0.00124986
v 0.01555522 0.00139639 0.00126426
v 0.01552595 0.00139240 0.00152957
v 0.01555595 0.00139240 0.00152957
v 0.01552870 0.00162557 0.00457214
v 0.01555870 0.00162557 0.00457214
v 0.01555554 0.00166805 0.00492830
v 0.01553130 0.00167643 0.00495789
v 0.01553228 0.00167769 0.00496161
v 0.01554089 0.00168648 0.00497479
v 0.01554164 0.00168781 0.00497638
v 0.01554202 0.00168893 0.00497759
v 0.01555577 0.00166883 0.00493291
v 0.01556130 0.00167643 0.00495789
v 0.01556228 0.00167769 0.00496161
v 0.01556287 0.00167837 0.00496321
v 0.01557164 0.00168781 0.00497638
v 0.01554227 0.00192640 0.00519225
v 0.01557227 0.00192640 0.00519225
v 0.01557241 0.00192859 0.00519404
v 0.01555049 0.00195727 0.00520769
v 0.01555049 0.00202478 0.00522265
v 0.01555049 0.00229851 0.00526839
v 0.01555049 0.00238922 0.00527599
v 0.01555050 0.00239859 0.00527655
v 0.01543631 0.00249853 0.00534230
v 0.01555049 0.00246565 0.00526989
v 0.01555049 0.00245134 0.00527782
v 0.01555049 0.00246568 0.00527910
v 0.01555049 0.00249853 0.00528044
v 0.01721074 0.00248450 0.00438155
v 0.01718375 0.00249866 0.00439629
v 0.02105540 0.00000004 0.00138796
v 0.02071343 0.00085061 0.00207966
v 0.02082525 0.00113564 0.00182759
v 0.02071400 0.00113564 0.00208295
v 0.01890680 0.00068178 0.00344924
v 0.01889099 0.00104601 0.00343739
v 0.02069592 0.00139221 0.00206649
v 0.02057281 0.00201681 0.00180061
v 0.02028366 0.00236966 0.00214350
v 0.02020120 0.00267271 0.00198620
v 0.01987817 0.00249866 0.00257655
v 0.01805007 0.00204432 0.00392309
v 0.01801562 0.00236255 0.00390532
v 0.01470547 0.00128211 0.00572850
v 0.01470428 0.00128261 0.00572966
v 0.01477490 0.00128273 0.00566042
v 0.01477502 0.00128260 0.00566021
v 0.01477506 0.00128258 0.00566014
v 0.01478533 0.00135008 0.00569120
v 0.01478702 0.00230006 0.00569120
v 0.01496633 0.00247017 0.00558539
v 0.01555049 0.00279013 0.00524300
v 0.01555049 0.00286206 0.00523450
v 0.01555050 0.00295255 0.00522141
v 0.01555050 0.00295205 0.00522159
v 0.01555050 0.00338864 0.00506503
v 0.01555049 0.00338907 0.00506484
v 0.01472726 0.00403691 0.00520448
v 0.01557860 0.00391811 0.00479879
v 0.01555049 0.00394836 0.00479914
v 0.01530972 0.00412313 0.00481922
v 0.01555049 0.00399185 0.00475725
v 0.01558049 0.00399185 0.00475725
v 0.01555049 0.00409890 0.00468095
v 0.01711880 0.00295205 0.00436141
v 0.01640609 0.00295205 0.00479644
v 0.01623158 0.00324798 0.00482671
v 0.01707984 0.00410117 0.00388558
v 0.01464352 0.00507078 0.00152552
v 0.01500834 0.00524206 0.00182721
v 0.01546253 0.00518924 0.00137304
v 0.01555049 0.00520050 0.00137304
v 0.01555049 0.00520170 0.00139584
v 0.01591702 0.00524698 0.00137348
v 0.01555049 0.00524730 0.00172661
v 0.01555049 0.00524957 0.00183814
v 0.01500834 0.00524983 0.00319027
v 0.01555049 0.00524668 0.00276523
v 0.01591702 0.00524935 0.00273516
v 0.01555049 0.00523589 0.00299967
v 0.01546253 0.00522613 0.00319027
v 0.01555049 0.00523079 0.00310237
v 0.01555049 0.00522191 0.00314023
v 0.01555050 0.00521947 0.00314913
v 0.01684829 0.00500535 0.00297439
v 0.01637164 0.00521852 0.00273516
v 0.01727976 0.00514170 0.00228105
v 0.01705950 0.00508597 0.00268415
v 0.01752373 0.00500511 0.00251995
v 0.01555049 0.00427529 0.00451617
v 0.01523304 0.00499505 0.00386963
v 0.01493025 0.00505719 0.00395157
v 0.01555050 0.00492390 0.00377684
v 0.01555050 0.00496764 0.00372697
v 0.01555049 0.00496747 0.00372746
v 0.01555049 0.00508709 0.00355708
v 0.01555050 0.00509593 0.00353611
v 0.01896271 0.00340639 0.00301816
v 0.01935521 0.00412536 0.00165187
v 0.01840191 0.00407746 0.00294839
v 0.01929535 0.00360083 0.00246335
v 0.01888421 0.00364731 0.00297669
v 0.02025034 0.00321099 0.00118722
v 0.01982621 0.00280408 0.00255220
v 0.01972682 0.00310666 0.00242057
v 0.01984428 0.00372272 0.00137348
v 0.01809469 0.00375259 0.00348872
v 0.01791962 0.00405565 0.00338671
v 0.01885908 0.00453227 0.00182200
v 0.01794051 0.00476632 0.00249823
v 0.01800320 0.00501934 0.00209677
f 7 136 22
f 7 22 17
f 20 22 136
f 1 3 10
f 1 6 11
f 3 60 9
f 9 60 61
f 1 2 3
f 5 6 7
f 8 10 9
f 6 10 8
f 7 145 136
f 8 4 145
f 7 8 145
f 6 8 7
f 8 9 4
f 9 61 197
f 1 10 6
f 3 9 10
f 6 17 11
f 11 28 30
f 11 17 28
f 2 30 3
f 1 30 2
f 1 11 30
f 3 30 14
f 5 17 6
f 5 7 17
f 16 31 32
f 13 30 31
f 13 14 30
f 13 31 15
f 12 14 13
f 12 13 15
f 12 15 108
f 15 118 108
f 15 31 16
f 15 16 118
f 16 32 290
f 16 290 275
f 118 16 301
f 16 275 301
f 17 18 28
f 17 23 18
f 18 23 19
f 23 24 19
f 20 21 22
f 21 25 24
f 21 27 25
f 17 22 23
f 21 23 22
f 21 24 23
f 24 278 19
f 279 19 278
f 24 25 26
f 27 26 25
f 26 281 24
f 27 282 26
f 26 280 281
f 280 26 282
f 281 278 24
f 18 30 28
f 18 29 30
f 29 31 30
f 19 31 29
f 18 19 29
f 19 32 31
f 19 279 32
f 32 291 290
f 41 68 65
f 36 33 68
f 37 36 68
f 37 68 41
f 36 34 33
f 38 14 65
f 14 39 65
f 41 65 39
f 105 39 40
f 14 40 39
f 41 39 105
f 41 43 42
f 41 105 43
f 45 44 43
f 42 43 44
f 35 34 53
f 36 53 34
f 37 41 53
f 37 53 36
f 35 53 55
f 35 55 46
f 46 49 47
f 55 48 46
f 48 49 46
f 438 48 55
f 50 54 52
f 52 53 56
f 51 52 56
f 50 52 51
f 438 55 54
f 51 57 433
f 55 53 54
f 52 54 53
f 124 433 58
f 433 124 125
f 44 53 42
f 44 56 53
f 56 120 57
f 42 53 41
f 44 120 56
f 57 120 121
f 51 56 57
f 57 58 433
f 57 121 58
f 3 38 64
f 3 64 60
f 59 61 60
f 59 62 63
f 61 59 63
f 59 60 64
f 62 59 69
f 62 70 63
f 63 70 66
f 38 65 64
f 59 65 68
f 59 64 65
f 63 66 61
f 66 72 67
f 69 207 70
f 207 69 71
f 59 68 69
f 69 68 33
f 62 69 70
f 71 33 34
f 35 71 34
f 69 33 71
f 66 70 72
f 67 72 77
f 197 61 195
f 61 66 195
f 67 195 66
f 195 67 74
f 195 74 201
f 74 202 201
f 78 202 74
f 202 79 203
f 202 78 79
f 84 204 203
f 83 203 79
f 207 72 70
f 71 87 207
f 207 205 72
f 84 77 72
f 72 73 84
f 84 73 204
f 84 203 83
f 205 73 72
f 3 14 38
f 67 77 74
f 74 76 75
f 74 85 76
f 74 77 85
f 74 75 78
f 78 80 79
f 78 81 80
f 79 80 83
f 133 78 75
f 78 133 81
f 80 81 82
f 80 82 86
f 84 83 77
f 85 77 83
f 80 86 83
f 83 86 85
f 46 87 71
f 46 230 87
f 88 230 47
f 46 47 230
f 35 46 71
f 88 47 49
f 88 49 89
f 48 90 49
f 49 90 89
f 88 89 91
f 90 48 92
f 88 91 230
f 87 230 207
f 89 90 92
f 89 92 91
f 233 91 92
f 93 233 92
f 93 237 233
f 93 95 237
f 93 94 95
f 97 96 113
f 96 120 45
f 96 97 120
f 97 98 120
f 98 99 120
f 113 115 97
f 113 114 115
f 99 97 116
f 97 99 98
f 97 115 116
f 99 116 129
f 40 14 100
f 12 102 14
f 14 102 100
f 40 100 106
f 101 106 100
f 12 103 102
f 12 108 103
f 100 102 101
f 101 102 104
f 102 103 104
f 101 104 109
f 106 113 105
f 40 106 105
f 107 101 109
f 106 107 113
f 107 109 113
f 101 107 106
f 103 110 104
f 111 109 104
f 108 110 103
f 110 111 104
f 108 118 110
f 112 111 110
f 112 117 111
f 112 110 117
f 109 114 113
f 109 111 119
f 109 119 114
f 105 113 43
f 96 45 43
f 96 43 113
f 45 120 44
f 119 297 114
f 115 114 298
f 114 297 298
f 115 299 116
f 115 298 299
f 116 299 328
f 110 118 117
f 111 117 119
f 302 117 118
f 302 118 301
f 117 302 119
f 119 302 297
f 120 123 121
f 121 123 122
f 121 122 125
f 99 123 120
f 99 129 123
f 123 129 130
f 123 130 122
f 122 130 132
f 121 124 58
f 121 125 124
f 122 126 125
f 125 126 127
f 122 128 126
f 122 131 128
f 122 132 131
f 129 116 328
f 329 129 328
f 129 329 130
f 132 130 329
f 329 330 132
f 75 76 133
f 133 76 134
f 76 85 346
f 81 133 342
f 342 82 81
f 86 345 85
f 86 82 345
f 133 134 135
f 76 346 134
f 135 134 340
f 134 341 340
f 134 346 341
f 342 133 135
f 342 343 82
f 82 343 347
f 346 85 345
f 82 347 345
f 136 146 138
f 137 138 139
f 138 146 144
f 138 144 140
f 136 138 137
f 147 148 150
f 148 164 150
f 139 140 141
f 138 140 139
f 140 144 147
f 140 150 141
f 141 150 149
f 140 147 150
f 137 142 171
f 136 137 171
f 137 139 142
f 20 136 171
f 139 143 142
f 141 149 177
f 142 143 175
f 141 177 143
f 139 141 143
f 146 4 144
f 4 253 144
f 136 145 146
f 145 4 146
f 4 9 217
f 9 197 215
f 9 215 214
f 214 217 9
f 144 253 147
f 147 253 148
f 4 217 253
f 150 164 165
f 149 150 156
f 149 156 151
f 151 152 154
f 151 155 152
f 154 152 153
f 153 152 155
f 150 165 156
f 151 156 155
f 155 156 157
f 156 165 157
f 157 165 166
f 153 158 154
f 153 155 159
f 157 159 155
f 157 166 169
f 157 169 159
f 153 159 158
f 159 629 160
f 158 159 160
f 149 151 181
f 149 181 177
f 151 161 181
f 161 154 184
f 151 154 161
f 162 184 154
f 158 634 162
f 158 162 154
f 158 160 163
f 158 163 634
f 148 167 164
f 164 167 165
f 165 167 166
f 148 253 167
f 253 168 167
f 166 170 169
f 169 631 628
f 159 169 629
f 169 628 629
f 166 167 170
f 167 168 170
f 169 170 631
f 168 271 170
f 170 271 631
f 20 172 173
f 20 171 172
f 142 175 172
f 172 175 174
f 142 172 171
f 20 173 21
f 21 173 27
f 172 174 173
f 174 179 173
f 173 179 178
f 175 177 176
f 143 177 175
f 174 175 176
f 176 177 182
f 174 176 179
f 176 180 179
f 176 182 180
f 180 182 189
f 173 282 27
f 173 369 282
f 173 178 369
f 178 179 368
f 179 180 370
f 179 370 368
f 189 371 180
f 189 190 371
f 370 180 371
f 371 190 378
f 177 181 182
f 181 184 182
f 161 184 181
f 184 185 182
f 185 183 182
f 182 183 186
f 182 190 189
f 182 191 190
f 182 186 191
f 186 192 191
f 162 185 184
f 185 634 187
f 183 188 186
f 183 185 188
f 185 187 188
f 162 634 185
f 187 634 635
f 186 188 192
f 188 193 192
f 188 194 193
f 187 635 188
f 188 635 194
f 191 378 190
f 191 379 378
f 192 379 191
f 379 192 380
f 194 635 382
f 193 380 192
f 193 381 380
f 382 381 193
f 193 194 382
f 196 198 195
f 201 204 205
f 201 205 196
f 199 196 205
f 197 198 215
f 197 195 198
f 200 214 199
f 199 214 215
f 215 198 199
f 199 210 200
f 200 210 218
f 196 199 198
f 195 201 196
f 202 204 201
f 202 203 204
f 199 205 209
f 206 209 205
f 206 208 209
f 206 205 207
f 206 207 208
f 208 207 230
f 199 209 210
f 208 210 209
f 208 211 210
f 210 211 222
f 211 212 222
f 208 230 211
f 230 213 211
f 211 213 212
f 212 213 223
f 213 231 224
f 204 73 205
f 217 216 219
f 200 217 214
f 200 216 217
f 200 218 216
f 216 218 219
f 210 221 218
f 217 219 253
f 219 220 253
f 218 220 219
f 218 221 254
f 221 222 255
f 218 254 220
f 221 255 254
f 210 222 221
f 213 224 223
f 223 224 225
f 212 261 222
f 212 223 261
f 223 225 261
f 226 263 225
f 229 270 269
f 91 234 230
f 230 234 235
f 230 235 236
f 213 230 231
f 224 231 232
f 230 236 231
f 231 236 232
f 224 232 240
f 91 233 234
f 233 238 234
f 238 235 234
f 237 238 233
f 232 236 239
f 232 239 240
f 240 239 241
f 240 241 244
f 224 240 225
f 225 240 226
f 227 226 242
f 227 242 228
f 226 240 242
f 229 242 243
f 243 247 270
f 228 242 229
f 229 243 270
f 248 272 270
f 247 248 270
f 250 272 248
f 240 244 242
f 242 246 243
f 242 245 246
f 242 244 245
f 243 246 247
f 246 249 247
f 247 249 248
f 244 511 245
f 245 519 246
f 246 518 249
f 248 249 251
f 250 248 251
f 250 251 252
f 220 254 253
f 254 255 256
f 254 257 253
f 222 260 255
f 222 261 260
f 168 253 258
f 253 257 258
f 254 256 257
f 256 259 257
f 256 260 259
f 257 259 260
f 255 260 256
f 261 262 260
f 262 263 265
f 226 227 263
f 227 228 264
f 225 262 261
f 225 263 262
f 227 264 263
f 229 266 228
f 229 269 267
f 264 265 263
f 264 266 265
f 228 266 264
f 229 267 266
f 265 266 268
f 266 267 268
f 270 272 269
f 269 272 273
f 269 273 267
f 267 274 268
f 267 273 274
f 168 258 271
f 260 654 257
f 260 262 654
f 258 257 657
f 262 265 646
f 265 268 649
f 268 274 661
f 249 518 251
f 268 661 660
f 252 251 523
f 250 404 272
f 404 250 252
f 404 417 272
f 404 252 405
f 273 272 418
f 273 420 274
f 272 417 418
f 273 418 419
f 273 419 420
f 274 420 754
f 252 525 405
f 661 274 754
f 276 290 291
f 275 290 276
f 276 291 292
f 276 306 301
f 275 276 301
f 277 292 293
f 276 292 277
f 276 277 306
f 296 312 310
f 277 296 310
f 296 317 312
f 296 319 317
f 279 278 286
f 279 286 283
f 278 281 284
f 280 284 281
f 280 282 284
f 278 284 286
f 283 286 287
f 283 287 295
f 287 294 295
f 284 285 286
f 285 287 286
f 287 289 294
f 285 288 287
f 287 288 289
f 289 377 296
f 32 279 291
f 291 279 292
f 279 283 292
f 283 293 292
f 283 295 293
f 293 295 294
f 277 293 294
f 294 289 296
f 277 294 296
f 377 319 296
f 377 348 319
f 298 297 305
f 305 299 298
f 300 328 299
f 305 300 299
f 301 303 302
f 301 306 303
f 303 308 304
f 303 306 308
f 303 304 302
f 297 302 304
f 297 304 307
f 297 307 314
f 297 314 305
f 305 324 323
f 300 305 332
f 305 323 332
f 308 307 304
f 277 308 306
f 307 308 311
f 309 311 308
f 277 309 308
f 277 310 309
f 309 310 311
f 310 312 311
f 307 311 314
f 305 314 311
f 311 315 324
f 311 316 315
f 311 312 316
f 312 313 316
f 316 321 315
f 312 317 313
f 317 318 313
f 317 319 318
f 316 313 318
f 318 319 321
f 316 318 321
f 311 324 305
f 315 325 324
f 325 315 322
f 315 320 322
f 315 321 320
f 320 326 322
f 323 324 325
f 323 325 332
f 325 322 333
f 322 326 339
f 326 327 339
f 319 357 321
f 320 321 357
f 328 331 329
f 300 331 328
f 329 334 330
f 329 331 334
f 334 337 330
f 330 337 336
f 300 332 331
f 325 333 332
f 331 332 333
f 331 333 334
f 334 335 337
f 333 335 334
f 333 339 335
f 335 339 338
f 335 338 337
f 338 339 563
f 322 339 333
f 327 565 339
f 565 327 566
f 340 341 350
f 350 341 351
f 346 351 341
f 346 353 351
f 353 346 358
f 135 340 342
f 340 350 360
f 340 360 342
f 342 344 343
f 342 360 344
f 343 344 347
f 346 345 347
f 346 347 364
f 346 364 358
f 344 364 347
f 348 349 319
f 319 349 357
f 348 359 349
f 355 359 348
f 353 350 351
f 352 350 353
f 354 352 353
f 355 348 394
f 353 358 354
f 355 354 359
f 349 356 357
f 349 359 356
f 354 358 359
f 359 366 356
f 352 360 350
f 352 354 360
f 355 394 354
f 344 360 361
f 360 362 361
f 360 394 362
f 354 394 360
f 394 348 397
f 394 395 362
f 344 361 364
f 361 362 364
f 365 362 395
f 366 395 396
f 364 365 358
f 366 358 365
f 359 358 366
f 356 366 363
f 362 365 364
f 365 395 366
f 366 396 367
f 366 367 363
f 367 398 363
f 407 326 320
f 326 407 327
f 320 357 407
f 356 407 357
f 356 363 407
f 327 407 574
f 178 368 369
f 284 282 369
f 369 368 370
f 369 370 373
f 370 371 373
f 371 378 375
f 371 375 373
f 375 378 383
f 285 369 372
f 284 369 285
f 285 374 288
f 369 373 372
f 285 372 374
f 289 374 377
f 289 288 374
f 373 375 372
f 372 375 376
f 372 376 374
f 375 383 376
f 374 376 377
f 376 384 377
f 348 377 397
f 377 398 397
f 398 377 421
f 378 379 383
f 380 385 379
f 379 386 383
f 379 385 386
f 380 381 391
f 381 382 391
f 380 391 385
f 382 735 391
f 376 383 384
f 387 384 383
f 384 388 377
f 383 386 387
f 384 387 388
f 377 388 389
f 389 390 377
f 385 391 386
f 386 391 392
f 386 392 387
f 387 392 388
f 389 393 390
f 388 737 389
f 388 392 737
f 391 735 392
f 392 735 736
f 389 737 393
f 392 736 737
f 390 763 377
f 394 396 395
f 394 397 396
f 367 396 397
f 367 397 398
f 421 399 398
f 417 412 418
f 418 412 422
f 404 411 417
f 411 412 417
f 404 405 406
f 404 406 411
f 406 413 411
f 363 398 407
f 408 398 399
f 398 408 407
f 409 410 408
f 409 414 410
f 399 400 409
f 412 415 423
f 399 409 408
f 403 415 409
f 415 424 423
f 412 423 422
f 415 401 424
f 409 402 403
f 409 400 402
f 401 415 403
f 412 413 416
f 411 413 412
f 412 416 415
f 409 415 414
f 415 416 414
f 413 590 416
f 416 590 414
f 419 418 422
f 422 423 419
f 419 423 424
f 419 428 420
f 424 425 419
f 419 425 428
f 420 428 754
f 428 427 758
f 430 421 431
f 401 425 424
f 401 403 426
f 399 430 400
f 400 430 402
f 402 430 403
f 399 421 430
f 401 426 425
f 425 426 427
f 425 427 428
f 426 431 427
f 403 430 429
f 403 429 426
f 426 429 431
f 430 431 429
f 421 377 764
f 427 431 759
f 421 761 431
f 405 586 406
f 406 586 413
f 428 755 754
f 428 758 755
f 50 433 436
f 50 436 432
f 54 435 437
f 50 432 435
f 434 440 439
f 435 436 441
f 437 434 438
f 432 436 435
f 435 434 437
f 48 438 434
f 434 439 48
f 93 439 440
f 50 435 54
f 50 51 433
f 438 54 437
f 94 440 446
f 127 441 436
f 433 125 436
f 125 127 436
f 127 451 441
f 434 444 440
f 440 444 446
f 435 442 434
f 435 451 442
f 442 443 444
f 442 452 443
f 434 442 444
f 443 445 444
f 444 448 446
f 444 445 448
f 443 454 445
f 445 454 448
f 448 454 456
f 446 448 447
f 448 449 447
f 435 441 451
f 442 451 452
f 443 452 450
f 443 450 454
f 450 452 453
f 450 453 454
f 475 452 451
f 452 476 453
f 453 455 454
f 453 479 455
f 456 491 448
f 454 491 456
f 92 48 439
f 92 439 93
f 94 93 440
f 446 458 94
f 447 457 459
f 446 459 458
f 95 497 237
f 95 458 497
f 458 95 94
f 458 460 497
f 457 464 459
f 458 459 460
f 459 461 460
f 459 462 461
f 459 463 462
f 459 466 463
f 459 464 466
f 465 468 464
f 464 468 466
f 465 467 468
f 446 447 459
f 447 449 465
f 447 464 457
f 447 465 464
f 449 469 465
f 449 470 469
f 465 469 471
f 465 471 467
f 469 470 473
f 469 472 471
f 469 473 472
f 470 474 473
f 448 487 449
f 449 487 470
f 487 448 490
f 448 491 490
f 470 487 474
f 474 487 488
f 128 131 451
f 127 126 451
f 126 128 451
f 132 475 131
f 131 475 451
f 475 132 330
f 330 336 475
f 475 336 478
f 478 336 480
f 452 475 476
f 453 476 477
f 475 478 476
f 476 481 477
f 476 478 481
f 478 480 481
f 477 481 486
f 453 477 479
f 477 486 479
f 454 455 495
f 455 479 571
f 481 482 486
f 480 483 481
f 481 483 482
f 482 484 486
f 480 568 483
f 482 483 568
f 480 559 560
f 480 560 568
f 482 568 485
f 479 486 576
f 454 494 491
f 454 495 494
f 455 496 495
f 487 489 488
f 491 492 490
f 487 490 489
f 493 492 491
f 493 491 494
f 455 571 496
f 571 479 572
f 237 497 498
f 237 498 238
f 497 499 500
f 460 499 497
f 497 500 498
f 238 501 235
f 498 501 238
f 498 500 503
f 498 503 501
f 460 502 499
f 499 502 500
f 460 461 502
f 461 504 502
f 461 462 504
f 500 502 503
f 502 505 503
f 502 504 505
f 503 505 506
f 236 235 529
f 235 501 528
f 236 515 239
f 239 515 241
f 241 513 244
f 501 503 507
f 503 506 507
f 528 501 507
f 463 541 462
f 462 538 504
f 468 467 531
f 467 471 531
f 463 466 541
f 468 541 466
f 506 527 507
f 504 539 505
f 505 539 506
f 506 539 527
f 471 472 536
f 472 473 536
f 473 474 535
f 474 488 553
f 241 515 513
f 244 513 508
f 244 508 511
f 245 511 519
f 246 519 518
f 251 518 520
f 235 528 529
f 236 529 515
f 514 517 645
f 510 514 647
f 510 650 509
f 509 652 512
f 512 651 521
f 522 521 662
f 522 662 524
f 508 513 510
f 517 516 645
f 509 512 511
f 511 508 510
f 511 510 509
f 510 513 514
f 513 517 514
f 513 515 517
f 515 516 517
f 512 521 519
f 518 519 521
f 520 518 521
f 520 521 522
f 511 512 519
f 520 522 523
f 522 524 523
f 251 520 523
f 252 523 525
f 524 662 526
f 525 523 524
f 525 524 526
f 507 527 528
f 527 539 528
f 515 529 516
f 584 526 662
f 526 584 525
f 405 525 583
f 525 584 583
f 462 541 538
f 538 539 504
f 468 542 541
f 468 531 542
f 542 534 530
f 542 531 534
f 531 532 534
f 531 533 532
f 471 536 531
f 473 535 536
f 474 553 535
f 531 536 533
f 536 537 533
f 535 537 536
f 535 553 537
f 539 538 540
f 540 544 539
f 541 542 543
f 541 543 538
f 542 530 543
f 488 489 553
f 489 490 545
f 490 492 545
f 489 554 550
f 489 550 553
f 489 545 554
f 492 493 545
f 493 494 556
f 493 548 545
f 493 556 548
f 545 546 554
f 545 547 546
f 545 548 547
f 548 549 547
f 548 556 549
f 553 552 537
f 550 551 552
f 550 552 553
f 550 554 551
f 554 555 551
f 546 555 554
f 494 495 556
f 495 496 556
f 571 556 496
f 549 556 558
f 556 557 558
f 556 571 604
f 556 605 557
f 556 604 605
f 546 1584 555
f 546 547 1584
f 336 337 559
f 337 338 559
f 338 563 559
f 336 559 480
f 560 563 564
f 559 563 560
f 560 564 568
f 561 562 568
f 561 568 564
f 563 339 565
f 563 565 564
f 561 564 562
f 327 569 566
f 565 567 564
f 565 566 567
f 564 573 562
f 564 567 569
f 562 485 568
f 482 578 484
f 482 485 578
f 562 578 485
f 484 578 486
f 569 327 574
f 567 566 569
f 572 479 576
f 577 486 578
f 576 486 577
f 570 571 572
f 569 580 564
f 564 578 573
f 562 573 578
f 564 580 578
f 574 575 569
f 569 575 580
f 574 581 575
f 577 578 579
f 579 578 580
f 574 407 581
f 407 408 582
f 408 410 596
f 410 414 594
f 408 599 582
f 408 598 599
f 407 618 581
f 407 612 620
f 407 620 618
f 582 611 407
f 611 612 407
f 405 583 585
f 405 585 586
f 413 586 588
f 584 757 587
f 587 757 589
f 583 584 585
f 585 584 587
f 585 587 586
f 586 587 588
f 587 589 588
f 414 590 592
f 413 588 590
f 414 592 594
f 408 596 597
f 410 594 596
f 598 408 600
f 408 601 600
f 408 597 602
f 602 601 408
f 760 591 589
f 591 760 593
f 593 762 595
f 590 588 589
f 590 589 591
f 590 591 592
f 591 593 592
f 592 593 594
f 593 595 594
f 596 594 595
f 582 1182 611
f 582 599 1182
f 599 598 1184
f 598 600 1198
f 600 601 1198
f 601 602 1199
f 603 1199 602
f 603 897 1463
f 570 604 571
f 570 572 604
f 572 576 604
f 576 606 604
f 576 608 606
f 604 607 605
f 604 606 607
f 608 607 606
f 608 610 607
f 576 577 608
f 577 579 608
f 575 617 580
f 579 580 617
f 575 581 618
f 579 609 608
f 579 614 609
f 575 618 617
f 579 617 614
f 608 609 610
f 609 613 610
f 614 613 609
f 614 615 613
f 615 614 616
f 614 619 616
f 614 617 619
f 618 619 617
f 618 620 619
f 620 612 621
f 622 621 612
f 616 619 621
f 619 620 621
f 621 622 623
f 607 610 1628
f 610 613 1624
f 615 1624 613
f 615 616 1624
f 616 621 1624
f 622 624 623
f 1205 622 612
f 623 624 625
f 624 626 625
f 625 626 627
f 611 1222 612
f 622 1205 624
f 626 624 1205
f 626 1206 627
f 1205 612 1207
f 621 623 1624
f 623 625 1624
f 625 627 1624
f 610 1624 1625
f 627 1206 1624
f 160 636 163
f 163 636 634
f 160 629 630
f 629 666 630
f 160 630 632
f 628 631 665
f 629 628 664
f 160 632 636
f 628 665 664
f 629 664 666
f 630 666 632
f 636 632 639
f 633 639 632
f 634 636 635
f 635 636 637
f 635 735 382
f 635 640 735
f 636 639 637
f 635 637 638
f 635 638 640
f 637 639 671
f 637 671 638
f 638 671 673
f 638 673 640
f 271 642 631
f 631 642 641
f 271 644 642
f 258 657 271
f 642 644 643
f 271 657 644
f 631 641 665
f 641 642 669
f 643 644 653
f 262 646 645
f 265 648 646
f 257 654 656
f 262 645 654
f 265 649 648
f 257 656 658
f 257 658 657
f 268 660 649
f 509 650 652
f 512 652 651
f 510 647 650
f 646 650 647
f 646 647 645
f 654 645 655
f 646 648 650
f 648 649 650
f 649 651 652
f 649 652 650
f 521 651 663
f 521 663 662
f 660 651 649
f 651 660 663
f 644 657 653
f 653 657 670
f 654 655 656
f 657 658 670
f 661 662 663
f 661 663 660
f 641 669 665
f 642 643 683
f 664 668 666
f 633 632 666
f 664 665 669
f 633 666 667
f 664 669 668
f 666 668 676
f 666 676 667
f 642 677 669
f 642 683 677
f 643 653 688
f 653 670 688
f 643 688 683
f 661 754 662
f 754 756 662
f 584 662 756
f 633 672 639
f 639 672 671
f 671 672 673
f 672 674 673
f 673 675 640
f 673 714 675
f 673 674 714
f 640 675 777
f 675 714 777
f 668 678 676
f 668 669 678
f 676 678 679
f 669 677 678
f 676 679 680
f 678 681 679
f 678 677 681
f 677 683 681
f 679 681 682
f 667 676 672
f 633 667 672
f 676 680 709
f 680 679 709
f 672 676 709
f 679 682 709
f 682 684 712
f 682 712 709
f 681 683 682
f 670 691 688
f 670 783 691
f 683 688 685
f 682 683 685
f 682 687 686
f 682 686 684
f 682 685 687
f 685 693 687
f 686 687 699
f 688 690 685
f 688 691 690
f 691 689 690
f 691 701 689
f 691 783 701
f 690 692 685
f 690 689 692
f 692 693 685
f 687 693 699
f 694 695 696
f 693 694 699
f 696 695 698
f 694 696 699
f 689 701 692
f 692 701 697
f 692 697 693
f 697 694 693
f 697 695 694
f 698 695 703
f 695 697 703
f 696 698 700
f 699 696 700
f 698 703 700
f 697 701 702
f 697 702 703
f 684 686 712
f 686 699 722
f 686 722 712
f 699 705 722
f 705 725 722
f 699 700 705
f 700 703 705
f 703 704 705
f 704 708 705
f 705 706 725
f 705 726 706
f 706 726 707
f 705 708 726
f 672 709 710
f 672 710 674
f 674 710 714
f 709 711 710
f 709 712 711
f 710 715 714
f 710 711 715
f 711 717 715
f 711 712 713
f 711 713 717
f 713 716 717
f 713 719 716
f 713 712 718
f 712 721 718
f 713 718 719
f 719 718 720
f 712 722 721
f 718 721 723
f 721 722 725
f 721 725 723
f 723 725 724
f 718 733 720
f 718 723 724
f 718 724 733
f 724 732 733
f 724 734 732
f 706 707 725
f 725 707 728
f 707 727 728
f 726 727 707
f 724 725 728
f 728 729 730
f 724 728 730
f 726 799 727
f 708 800 726
f 727 801 728
f 801 729 728
f 724 730 731
f 731 734 724
f 729 801 730
f 730 801 731
f 727 799 801
f 731 801 734
f 734 801 804
f 390 393 743
f 735 743 736
f 393 737 743
f 736 743 737
f 739 765 390
f 390 741 739
f 740 741 390
f 765 763 390
f 735 640 738
f 735 738 776
f 640 777 738
f 390 743 740
f 735 776 743
f 739 744 765
f 765 744 745
f 738 777 776
f 742 740 743
f 743 776 742
f 739 741 748
f 739 748 744
f 740 749 741
f 741 749 748
f 748 752 744
f 744 746 745
f 744 752 746
f 740 750 747
f 740 747 749
f 740 751 750
f 740 753 751
f 740 742 753
f 749 747 752
f 748 749 752
f 747 750 752
f 746 752 1333
f 746 1351 745
f 767 745 1351
f 751 1335 750
f 752 750 1335
f 753 1340 751
f 377 763 764
f 427 759 758
f 755 757 756
f 755 756 754
f 755 758 757
f 584 756 757
f 589 757 760
f 758 760 757
f 759 760 758
f 421 764 761
f 431 761 759
f 593 760 762
f 761 760 759
f 760 761 762
f 761 764 762
f 775 895 763
f 765 766 768
f 745 767 765
f 765 767 766
f 766 769 768
f 768 769 770
f 763 765 768
f 768 770 775
f 770 771 775
f 768 775 763
f 771 772 775
f 772 773 775
f 773 774 775
f 766 767 1351
f 766 1352 769
f 769 1353 770
f 770 1355 771
f 771 1355 772
f 772 1359 773
f 773 1359 774
f 775 774 1358
f 895 775 1358
f 742 776 779
f 776 777 778
f 777 779 778
f 742 779 753
f 776 778 779
f 777 714 1367
f 779 777 1367
f 779 1340 753
f 714 715 1413
f 715 717 1413
f 716 1413 717
f 719 1424 716
f 719 720 1425
f 733 1427 720
f 732 1427 733
f 1427 732 734
f 1505 734 804
f 514 645 647
f 516 655 645
f 516 656 655
f 516 658 656
f 780 782 781
f 529 658 516
f 658 529 780
f 658 780 659
f 659 780 781
f 528 825 529
f 529 825 780
f 658 791 670
f 658 659 827
f 659 781 827
f 780 825 782
f 781 782 825
f 528 539 825
f 544 825 539
f 544 1875 825
f 783 670 791
f 701 783 787
f 701 784 702
f 701 787 784
f 783 786 787
f 783 791 786
f 827 791 658
f 827 781 825
f 702 784 788
f 702 785 703
f 703 785 704
f 702 788 785
f 784 789 788
f 784 787 790
f 784 790 789
f 785 788 792
f 789 792 788
f 704 785 708
f 785 800 708
f 785 792 800
f 792 807 800
f 786 794 787
f 786 791 821
f 786 793 794
f 787 794 790
f 789 790 792
f 790 795 792
f 790 794 796
f 790 796 795
f 786 821 793
f 791 822 821
f 795 796 797
f 794 793 823
f 794 823 796
f 793 821 823
f 796 823 834
f 796 834 797
f 795 809 792
f 792 809 807
f 795 797 809
f 797 834 798
f 809 797 798
f 798 834 839
f 726 800 799
f 801 805 804
f 799 802 801
f 801 802 805
f 799 800 807
f 799 807 802
f 802 807 803
f 802 806 805
f 805 806 952
f 803 807 808
f 803 808 810
f 807 809 811
f 807 810 808
f 807 811 810
f 802 803 812
f 802 812 806
f 803 810 812
f 810 815 812
f 798 811 809
f 798 839 860
f 798 860 811
f 810 811 815
f 811 860 862
f 811 862 815
f 815 862 816
f 816 862 817
f 806 812 813
f 812 815 818
f 806 813 949
f 812 814 813
f 949 813 814
f 814 818 949
f 812 818 814
f 815 816 818
f 816 817 819
f 816 819 818
f 819 817 820
f 817 870 820
f 818 819 961
f 819 820 961
f 845 1921 851
f 851 1921 852
f 791 827 822
f 821 824 823
f 822 824 821
f 823 824 835
f 823 835 834
f 822 827 824
f 824 827 832
f 824 832 836
f 824 836 835
f 826 828 825
f 827 825 828
f 828 826 830
f 828 830 829
f 829 846 831
f 829 830 846
f 827 828 832
f 828 833 832
f 832 833 836
f 833 837 836
f 828 829 833
f 831 833 829
f 831 846 833
f 833 847 837
f 847 838 837
f 834 835 839
f 836 841 835
f 835 841 840
f 835 840 839
f 840 841 842
f 836 837 843
f 836 843 841
f 857 837 838
f 837 844 843
f 837 857 844
f 841 843 842
f 825 845 826
f 826 845 830
f 830 851 846
f 830 845 851
f 846 851 848
f 846 847 833
f 847 846 848
f 838 847 856
f 847 850 856
f 848 854 847
f 847 854 850
f 850 854 849
f 850 855 856
f 850 849 858
f 848 851 852
f 848 852 854
f 852 1925 853
f 854 852 853
f 849 853 1926
f 849 854 853
f 850 858 855
f 849 1926 1933
f 838 856 857
f 855 858 856
f 856 880 857
f 856 858 880
f 849 859 858
f 858 859 880
f 849 1933 859
f 839 840 861
f 839 861 860
f 842 861 840
f 842 864 861
f 861 862 860
f 861 863 862
f 817 862 868
f 862 863 869
f 862 869 868
f 861 864 863
f 863 872 869
f 842 843 864
f 843 865 864
f 844 857 865
f 843 844 865
f 857 866 865
f 864 867 863
f 864 865 867
f 863 867 872
f 867 865 866
f 867 866 873
f 866 885 873
f 817 868 870
f 868 869 871
f 869 872 871
f 868 871 870
f 820 870 961
f 870 871 961
f 871 962 961
f 872 874 871
f 871 874 963
f 871 963 962
f 872 867 964
f 873 875 867
f 873 885 875
f 874 872 964
f 874 964 963
f 867 875 964
f 875 885 877
f 876 875 877
f 875 876 964
f 878 857 880
f 866 857 878
f 878 880 879
f 879 880 882
f 878 884 866
f 866 884 885
f 878 886 884
f 879 883 886
f 878 879 886
f 859 1933 880
f 880 1934 881
f 880 1933 1934
f 881 1934 883
f 880 881 882
f 881 883 882
f 879 882 883
f 883 891 886
f 883 892 891
f 883 1936 892
f 885 884 887
f 884 886 890
f 890 886 891
f 877 885 887
f 884 890 888
f 888 887 884
f 877 976 876
f 877 887 976
f 890 891 889
f 890 889 978
f 887 888 977
f 888 890 977
f 891 892 893
f 892 1936 894
f 889 891 893
f 893 892 894
f 889 893 978
f 893 894 978
f 978 894 1939
f 595 762 764
f 596 595 764
f 597 596 764
f 602 764 763
f 597 764 602
f 763 896 602
f 763 895 896
f 602 896 603
f 603 896 897
f 897 896 898
f 898 896 899
f 895 899 896
f 898 899 897
f 902 945 932
f 934 947 903
f 947 948 903
f 945 903 948
f 945 902 903
f 895 1357 899
f 1463 897 899
f 903 909 1482
f 921 1482 909
f 921 923 1482
f 902 904 903
f 905 909 904
f 901 906 900
f 901 910 906
f 900 906 908
f 908 906 907
f 904 909 903
f 922 905 907
f 906 922 907
f 909 905 921
f 905 904 958
f 910 913 912
f 913 910 915
f 915 910 916
f 912 914 911
f 913 914 912
f 2002 910 901
f 910 912 906
f 906 911 924
f 912 911 906
f 911 914 920
f 927 919 917
f 918 917 920
f 917 919 920
f 917 1460 927
f 905 922 921
f 906 924 922
f 921 922 924
f 921 924 923
f 923 924 925
f 924 929 925
f 925 930 928
f 925 929 930
f 926 930 927
f 926 928 930
f 927 930 929
f 925 1460 923
f 925 928 1460
f 928 926 1460
f 927 1460 926
f 911 927 929
f 911 929 924
f 911 919 927
f 911 920 919
f 914 913 1468
f 913 915 1470
f 915 916 1471
f 914 1468 920
f 932 944 931
f 931 944 947
f 947 934 933
f 939 938 933
f 939 933 941
f 935 936 937
f 935 938 936
f 931 935 932
f 935 937 932
f 940 936 938
f 939 940 938
f 939 941 940
f 936 940 943
f 942 943 941
f 941 943 940
f 931 933 935
f 934 941 933
f 935 933 938
f 931 947 933
f 932 945 944
f 944 945 948
f 944 946 947
f 946 948 947
f 944 948 946
f 903 942 941
f 934 903 941
f 932 951 902
f 904 902 958
f 959 902 951
f 959 958 902
f 949 952 806
f 949 950 952
f 804 805 1486
f 950 953 952
f 954 953 957
f 954 956 953
f 954 955 956
f 950 957 953
f 955 958 959
f 818 960 949
f 950 960 961
f 949 960 950
f 950 961 957
f 818 961 960
f 957 961 962
f 954 963 965
f 954 962 963
f 954 965 973
f 954 973 955
f 955 973 958
f 954 957 962
f 936 1477 937
f 943 1477 936
f 943 942 1477
f 942 903 1478
f 937 1477 1479
f 942 1478 1477
f 937 1483 932
f 805 952 1486
f 932 1484 951
f 952 953 1486
f 956 1485 953
f 956 955 1488
f 959 951 1495
f 955 959 1488
f 901 900 971
f 905 958 907
f 907 958 908
f 900 908 971
f 908 958 971
f 916 910 2002
f 971 2002 901
f 958 973 974
f 958 974 971
f 963 964 965
f 964 969 965
f 964 876 966
f 964 966 967
f 964 967 968
f 964 968 969
f 965 969 970
f 965 970 975
f 965 975 972
f 965 972 973
f 973 972 974
f 876 976 966
f 967 976 968
f 966 976 967
f 887 977 976
f 969 968 979
f 969 979 970
f 970 979 975
f 979 972 975
f 976 979 968
f 976 977 979
f 977 978 2008
f 890 978 977
f 971 974 2005
f 974 972 2009
f 977 2008 979
f 972 979 2009
f 980 992 981
f 980 981 995
f 980 996 993
f 981 992 994
f 981 994 982
f 981 1000 995
f 981 982 1000
f 983 991 984
f 983 984 985
f 984 991 986
f 985 989 988
f 983 985 987
f 985 988 987
f 987 988 1041
f 984 990 989
f 984 989 985
f 983 992 991
f 980 993 991
f 980 991 992
f 986 991 993
f 983 987 992
f 987 994 992
f 995 997 1002
f 980 995 996
f 995 1002 996
f 997 1001 998
f 997 998 999
f 995 1000 1001
f 995 1001 997
f 996 1002 1137
f 997 1240 1002
f 986 993 1187
f 993 996 1187
f 984 1003 1005
f 984 986 1003
f 986 1010 1003
f 1003 1004 1005
f 1003 1009 1004
f 984 1005 990
f 1004 1006 1005
f 1004 1007 1006
f 1004 1008 1007
f 1004 1009 1024
f 1004 1024 1008
f 1003 1012 1009
f 1003 1010 1011
f 1003 1011 1012
f 1010 1014 1011
f 1011 1014 1012
f 1012 1014 1013
f 1013 1015 1012
f 1009 1012 1015
f 1014 1010 1018
f 1014 1018 1017
f 1018 1020 1019
f 1013 1021 1015
f 1015 1021 1016
f 1016 1021 1022
f 1022 1023 1016
f 1021 1331 1022
f 1021 1329 1330
f 1021 1330 1331
f 1009 1015 1024
f 1015 1016 1024
f 1024 1016 1023
f 1023 1075 1024
f 1023 1025 1075
f 1022 1025 1023
f 1022 1026 1025
f 1022 1027 1026
f 1022 1331 1027
f 1075 1025 1026
f 1010 1175 1018
f 986 1175 1010
f 1175 986 1176
f 986 1187 1176
f 1018 1175 1020
f 1029 1031 1028
f 1028 1020 1179
f 1029 1030 1031
f 1030 1034 1031
f 1030 1032 1034
f 1033 1034 1032
f 1031 1034 1345
f 1033 1345 1034
f 1028 1031 1342
f 1035 1033 1032
f 1033 1035 1036
f 1033 1036 1347
f 1028 1179 1029
f 1029 1177 1030
f 1030 1157 1032
f 1020 1175 1179
f 1030 1159 1160
f 1030 1160 1157
f 1032 1158 1161
f 1032 1157 1158
f 1032 1161 1035
f 1035 1161 1169
f 1169 1170 1035
f 1033 1347 1348
f 982 994 1037
f 994 1049 1037
f 1060 1000 1037
f 982 1037 1000
f 1038 1049 1050
f 1038 1037 1049
f 1038 1050 1051
f 1038 1062 1060
f 1060 1037 1038
f 1038 1039 1062
f 1038 1051 1039
f 1039 1051 1052
f 1039 1052 1040
f 989 1041 988
f 987 1041 1043
f 1042 1041 990
f 989 990 1041
f 1043 1041 1047
f 1043 1047 1044
f 1042 1045 1041
f 1045 1046 1048
f 1041 1045 1047
f 1045 1048 1047
f 1044 1047 1048
f 987 1043 994
f 994 1050 1049
f 994 1043 1050
f 1043 1051 1050
f 1043 1052 1051
f 1043 1044 1052
f 1044 1048 1093
f 1046 1093 1048
f 1044 1053 1052
f 1040 1052 1054
f 1052 1053 1054
f 1044 1055 1053
f 1044 1093 1055
f 1053 1055 1056
f 1055 1093 1056
f 1056 1093 1097
f 1056 1097 1057
f 1053 1056 1057
f 998 1059 999
f 998 1058 1059
f 1000 1060 1001
f 1001 1060 998
f 1060 1058 998
f 1059 1058 1061
f 1058 1064 1061
f 1060 1062 1058
f 1058 1062 1064
f 1039 1063 1062
f 1039 1040 1063
f 1062 1063 1064
f 997 999 1240
f 999 1059 1240
f 1059 1061 1252
f 1061 1064 1252
f 1063 1248 1064
f 1040 1248 1063
f 1040 1065 1248
f 1065 1066 1248
f 1066 1067 1249
f 1040 1054 1065
f 1053 1066 1054
f 1054 1066 1065
f 1053 1067 1066
f 1053 1057 1067
f 1057 1119 1067
f 1067 1119 1250
f 990 1005 1069
f 1005 1006 1069
f 990 1069 1042
f 1007 1068 1006
f 1007 1008 1068
f 1008 1024 1068
f 1068 1024 1074
f 1069 1006 1068
f 1042 1069 1045
f 1045 1069 1046
f 1069 1071 1070
f 1046 1069 1070
f 1046 1070 1092
f 1070 1072 1092
f 1068 1071 1069
f 1068 1074 1083
f 1068 1083 1071
f 1070 1071 1072
f 1071 1083 1072
f 1072 1083 1073
f 1074 1024 1076
f 1024 1075 1076
f 1076 1075 1077
f 1075 1026 1077
f 1077 1026 1078
f 1079 1078 1026
f 1026 1080 1079
f 1026 1027 1080
f 1027 1332 1080
f 1074 1081 1083
f 1076 1081 1074
f 1076 1077 1081
f 1083 1082 1084
f 1073 1083 1084
f 1083 1081 1082
f 1082 1086 1084
f 1082 1085 1086
f 1088 1089 1084
f 1086 1085 1084
f 1088 1084 1085
f 1088 1085 1087
f 1088 1090 1089
f 1077 1078 1091
f 1079 1091 1078
f 1079 1080 1091
f 1077 1091 1081
f 1081 1091 1082
f 1080 1368 1091
f 1082 1091 1085
f 1085 1091 1087
f 1087 1091 1369
f 1088 1087 1100
f 1088 1100 1090
f 1087 1369 1100
f 1091 1368 1369
f 1072 1094 1092
f 1046 1092 1093
f 1092 1094 1093
f 1072 1073 1096
f 1072 1096 1094
f 1093 1095 1097
f 1093 1094 1095
f 1094 1096 1095
f 1095 1102 1098
f 1095 1096 1102
f 1095 1098 1097
f 1057 1097 1118
f 1097 1098 1118
f 1098 1122 1118
f 1073 1084 1096
f 1084 1089 1103
f 1089 1090 1106
f 1099 1104 1090
f 1084 1103 1096
f 1089 1105 1103
f 1090 1104 1106
f 1089 1106 1105
f 1090 1100 1099
f 1099 1100 1104
f 1100 1369 1101
f 1100 1109 1104
f 1100 1101 1109
f 1101 1111 1109
f 1096 1107 1102
f 1096 1103 1107
f 1102 1107 1112
f 1107 1103 1105
f 1106 1108 1105
f 1107 1105 1108
f 1107 1108 1114
f 1107 1114 1112
f 1098 1102 1112
f 1104 1109 1110
f 1104 1110 1106
f 1106 1110 1108
f 1114 1108 1116
f 1108 1110 1116
f 1109 1111 1110
f 1110 1111 1377
f 1098 1112 1124
f 1113 1112 1114
f 1112 1113 1124
f 1098 1124 1122
f 1113 1115 1124
f 1110 1377 1116
f 1116 1377 1379
f 1114 1117 1113
f 1114 1116 1117
f 1116 1379 1380
f 1113 1117 1115
f 1116 1380 1117
f 1115 1117 1135
f 1117 1380 1135
f 1035 1120 1036
f 1120 1121 1036
f 1036 1121 1386
f 1270 1035 1170
f 1036 1386 1347
f 1035 1270 1120
f 1057 1118 1119
f 1123 1119 1122
f 1118 1122 1119
f 1119 1123 1279
f 1124 1125 1122
f 1122 1125 1126
f 1123 1122 1126
f 1132 1127 1133
f 1120 1129 1121
f 1120 1128 1129
f 1128 1130 1129
f 1128 1134 1130
f 1128 1131 1134
f 1131 1133 1134
f 1131 1132 1133
f 1115 1135 1124
f 1124 1135 1125
f 1125 1384 1126
f 1125 1135 1384
f 1121 1129 1386
f 1129 1130 1386
f 1126 1396 1123
f 1395 1127 1123
f 1130 1134 1388
f 1127 1391 1133
f 1134 1133 1388
f 1120 1274 1128
f 1128 1274 1131
f 1131 1274 1132
f 1123 1127 1279
f 1132 1278 1127
f 1120 1270 1273
f 1120 1273 1274
f 1132 1274 1275
f 1132 1275 1276
f 1132 1276 1277
f 1277 1280 1132
f 1002 1136 1137
f 1002 1138 1136
f 1002 1237 1138
f 1136 1140 1139
f 1136 1138 1140
f 1136 1139 1141
f 1139 1140 1141
f 1140 1236 1141
f 996 1137 1187
f 1136 1148 1137
f 1136 1141 1148
f 1148 1147 1137
f 1137 1147 1156
f 1137 1156 1185
f 1141 1153 1152
f 1141 1152 1155
f 1143 1154 1151
f 1142 1143 1151
f 1141 1236 1153
f 1241 1151 1153
f 1142 1151 1241
f 1142 1144 1143
f 1143 1144 1145
f 599 1181 1182
f 599 1184 1181
f 598 1183 1184
f 598 1197 1183
f 1197 598 1198
f 601 1199 1198
f 603 1200 1199
f 603 1201 1200
f 603 1464 1201
f 1137 1185 1187
f 1146 1190 1147
f 1141 1155 1148
f 1155 1149 1148
f 1148 1146 1147
f 1148 1149 1150
f 1148 1150 1146
f 1151 1154 1153
f 1154 1152 1153
f 1147 1190 1156
f 1146 1191 1190
f 1146 1216 1191
f 1185 1156 1186
f 1156 1194 1186
f 1156 1190 1189
f 1156 1192 1194
f 1156 1189 1192
f 1029 1179 1178
f 1030 1177 1159
f 1029 1178 1177
f 1159 1167 1160
f 1157 1160 1162
f 1158 1157 1162
f 1158 1164 1161
f 1161 1164 1169
f 1177 1167 1159
f 1177 1178 1167
f 1167 1178 1180
f 1162 1168 1344
f 1162 1346 1163
f 1163 1346 1165
f 1165 1346 1171
f 1168 1234 1344
f 1158 1162 1163
f 1160 1167 1162
f 1169 1164 1165
f 1158 1163 1164
f 1162 1167 1168
f 1164 1163 1165
f 1167 1166 1168
f 1169 1172 1170
f 1171 1346 1172
f 1173 1172 1350
f 1173 1350 1174
f 1169 1165 1171
f 1169 1171 1172
f 1172 1173 1170
f 1173 1174 1170
f 1175 1180 1179
f 1180 1178 1179
f 1175 1176 1196
f 1175 1202 1180
f 1167 1180 1203
f 1176 1187 1188
f 1176 1188 1194
f 1193 1176 1194
f 1176 1193 1196
f 1180 1202 1203
f 1175 1196 1195
f 1175 1195 1202
f 1181 1189 1182
f 1190 1182 1189
f 1182 1190 1191
f 1184 1193 1181
f 1184 1196 1193
f 1183 1195 1184
f 1184 1195 1196
f 1183 1202 1195
f 1183 1197 1202
f 1185 1186 1188
f 1185 1188 1187
f 1186 1194 1188
f 1181 1192 1189
f 1193 1194 1192
f 1181 1193 1192
f 1166 1203 1204
f 1199 1203 1198
f 1197 1198 1202
f 1198 1203 1202
f 1199 1200 1203
f 1200 1201 1203
f 1201 1204 1203
f 1167 1203 1166
f 1166 1234 1168
f 1234 1235 1344
f 1166 1204 1234
f 611 1218 1217
f 611 1217 1225
f 1214 1218 611
f 1182 1215 611
f 611 1215 1214
f 1207 612 1219
f 626 1205 1206
f 1222 611 1225
f 1219 612 1222
f 1206 1205 1207
f 1207 1209 1206
f 1219 1221 1207
f 1207 1221 1227
f 1212 1624 1206
f 1625 1624 1212
f 1212 1230 1628
f 1230 1232 1626
f 603 1463 1464
f 1150 1217 1146
f 1149 1225 1150
f 1150 1225 1217
f 1149 1222 1225
f 1155 1152 1220
f 1152 1154 1220
f 1143 1224 1154
f 1155 1220 1149
f 1149 1220 1222
f 1143 1226 1224
f 1143 1228 1226
f 1143 1208 1228
f 1220 1154 1224
f 1143 1210 1208
f 1143 1211 1210
f 1143 1213 1211
f 1208 1229 1228
f 1208 1209 1229
f 1208 1210 1209
f 1209 1210 1212
f 1210 1211 1212
f 1211 1213 1212
f 1146 1214 1216
f 1146 1218 1214
f 1146 1217 1218
f 1182 1191 1216
f 1215 1182 1216
f 1215 1216 1214
f 1207 1227 1229
f 1207 1229 1209
f 1209 1212 1206
f 1219 1222 1223
f 1220 1221 1222
f 1219 1223 1221
f 1223 1222 1221
f 1220 1224 1221
f 1224 1227 1221
f 1226 1227 1224
f 1226 1229 1227
f 1226 1228 1229
f 1143 1145 1213
f 1145 1231 1213
f 1213 1230 1212
f 1213 1231 1230
f 1230 1231 1232
f 1231 1233 1232
f 1233 1627 1232
f 1201 1234 1204
f 1201 1235 1234
f 1201 1464 1465
f 1201 1465 1235
f 1235 1465 1466
f 1002 1240 1237
f 1059 1252 1240
f 1138 1237 1140
f 1140 1237 1236
f 1236 1239 1238
f 1153 1236 1238
f 1153 1238 1241
f 1236 1237 1240
f 1236 1240 1239
f 1239 1240 1251
f 1238 1239 1241
f 1239 1251 1241
f 1241 1253 1242
f 1142 1241 1144
f 1241 1242 1144
f 1242 1253 1243
f 1243 1244 1245
f 1244 1246 1245
f 1243 1253 1244
f 1244 1253 1247
f 1247 1253 1260
f 1260 1253 1262
f 1253 1263 1262
f 1244 1247 1246
f 1247 1260 1246
f 1246 1260 1261
f 1064 1248 1252
f 1066 1249 1248
f 1067 1250 1249
f 1240 1252 1251
f 1251 1252 1254
f 1252 1255 1254
f 1241 1251 1253
f 1251 1254 1253
f 1248 1256 1252
f 1248 1249 1256
f 1252 1256 1255
f 1255 1256 1257
f 1249 1257 1256
f 1254 1255 1258
f 1255 1257 1258
f 1257 1259 1258
f 1249 1259 1257
f 1119 1249 1250
f 1249 1264 1259
f 1119 1264 1249
f 1259 1264 1265
f 1253 1254 1266
f 1263 1253 1267
f 1267 1253 1266
f 1259 1298 1258
f 1254 1258 1300
f 1254 1268 1266
f 1260 1262 1261
f 1170 1174 1270
f 1174 1350 1271
f 1271 1350 1272
f 1283 1272 1350
f 1174 1271 1270
f 1119 1297 1264
f 1297 1119 1279
f 1264 1297 1265
f 1259 1265 1297
f 1259 1297 1295
f 1259 1295 1298
f 1254 1300 1268
f 1258 1298 1300
f 1267 1266 1268
f 1267 1268 1269
f 1268 1300 1269
f 1300 1321 1269
f 1270 1271 1272
f 1283 1270 1272
f 1132 1280 1278
f 1127 1278 1279
f 1270 1283 1273
f 1274 1273 1283
f 1274 1285 1275
f 1277 1281 1280
f 1278 1282 1279
f 1280 1281 1282
f 1280 1282 1278
f 1275 1287 1276
f 1277 1288 1281
f 1276 1288 1277
f 1281 1288 1282
f 1282 1291 1279
f 1283 1387 1284
f 1284 1387 1285
f 1285 1389 1286
f 1286 1389 1287
f 1287 1389 1289
f 1289 1389 1290
f 1290 1393 1292
f 1274 1283 1284
f 1274 1284 1285
f 1275 1285 1286
f 1286 1287 1275
f 1276 1287 1288
f 1282 1288 1291
f 1279 1291 1294
f 1292 1393 1294
f 1287 1289 1288
f 1288 1289 1290
f 1288 1290 1291
f 1290 1292 1291
f 1291 1292 1294
f 1295 1297 1296
f 1295 1299 1298
f 1279 1294 1297
f 1297 1303 1296
f 1298 1301 1300
f 1298 1299 1301
f 1300 1301 1321
f 1301 1299 1321
f 1295 1323 1299
f 1296 1327 1295
f 1297 1294 1293
f 1293 1502 1297
f 1502 1303 1297
f 1303 1302 1296
f 1302 1303 1304
f 1145 1144 1305
f 1144 1242 1305
f 1242 1243 1305
f 1243 1245 1305
f 1245 1246 1306
f 1145 1305 1231
f 1231 1305 1233
f 1305 1307 1233
f 1245 1306 1305
f 1306 1308 1307
f 1305 1306 1307
f 1246 1261 1309
f 1261 1262 1312
f 1262 1263 1312
f 1246 1309 1306
f 1306 1311 1308
f 1309 1311 1306
f 1261 1312 1309
f 1263 1315 1312
f 1309 1310 1311
f 1309 1313 1310
f 1312 1313 1309
f 1312 1314 1313
f 1312 1316 1314
f 1263 1267 1317
f 1263 1317 1315
f 1312 1315 1316
f 1316 1315 1318
f 1315 1317 1318
f 1267 1269 1322
f 1269 1321 1323
f 1317 1267 1319
f 1267 1322 1319
f 1269 1323 1322
f 1319 1320 1317
f 1317 1320 1318
f 1320 1319 1326
f 1321 1299 1323
f 1295 1327 1323
f 1319 1325 1326
f 1319 1322 1325
f 1323 1325 1322
f 1323 1324 1325
f 1324 1326 1325
f 1323 1326 1324
f 1296 1328 1327
f 1296 1302 2318
f 1323 1327 1326
f 1326 1327 1328
f 1296 2304 1328
f 1296 2316 2304
f 752 1335 1333
f 746 1333 1334
f 746 1334 1351
f 1335 751 1337
f 1337 751 1340
f 1018 1335 1017
f 1333 1018 1019
f 1013 1014 1337
f 1013 1337 1021
f 1014 1017 1337
f 1021 1338 1329
f 1329 1339 1330
f 1330 1339 1331
f 1331 1332 1027
f 1331 1341 1332
f 1020 1364 1019
f 1335 1018 1333
f 1334 1019 1351
f 1019 1334 1333
f 1351 1019 1352
f 1353 1352 1019
f 1017 1335 1336
f 1017 1336 1337
f 1021 1337 1338
f 1329 1338 1339
f 1331 1339 1366
f 1335 1337 1336
f 1337 1340 1338
f 1339 1338 1340
f 1331 1366 1341
f 1341 1367 1373
f 766 1351 1352
f 1352 1353 769
f 1353 1354 770
f 770 1354 1355
f 772 1355 1359
f 1359 1358 774
f 895 1358 1357
f 1357 1360 899
f 1028 1364 1020
f 1353 1019 1363
f 1019 1364 1363
f 1028 1342 1364
f 1031 1345 1342
f 1162 1344 1343
f 1162 1343 1346
f 1343 1342 1346
f 1342 1343 1344
f 1342 1345 1346
f 1342 1344 1365
f 1342 1365 1364
f 1033 1348 1345
f 1346 1349 1172
f 1172 1349 1350
f 1345 1348 1346
f 1346 1348 1349
f 1347 1349 1348
f 1347 1350 1349
f 1354 1356 1355
f 1359 1355 1356
f 1353 1363 1354
f 1354 1361 1356
f 1359 1357 1358
f 1356 1360 1359
f 1359 1360 1357
f 1354 1363 1361
f 1356 1361 1360
f 1361 1363 1362
f 1362 1363 1364
f 1362 1364 1365
f 1340 779 1366
f 779 1367 1366
f 1367 714 1412
f 1339 1340 1366
f 1341 1366 1367
f 1412 714 1413
f 716 1414 1413
f 716 1415 1414
f 1415 716 1416
f 716 1423 1416
f 716 1424 1423
f 1424 719 1425
f 720 1427 1425
f 734 1429 1427
f 734 1428 1429
f 1505 1428 734
f 1080 1332 1368
f 1332 1371 1368
f 1368 1370 1369
f 1368 1375 1370
f 1341 1371 1332
f 1341 1372 1371
f 1341 1373 1372
f 1368 1374 1375
f 1368 1371 1374
f 1370 1375 1376
f 1371 1372 1408
f 1371 1408 1374
f 1374 1408 1410
f 1374 1410 1375
f 1375 1410 1376
f 1101 1369 1370
f 1101 1370 1111
f 1111 1370 1378
f 1370 1381 1378
f 1111 1378 1377
f 1378 1402 1377
f 1377 1401 1379
f 1379 1405 1380
f 1370 1376 1381
f 1376 1403 1381
f 1378 1381 1402
f 1377 1402 1401
f 1379 1401 1405
f 1347 1386 1350
f 1283 1350 1387
f 1386 1387 1350
f 1135 1380 1383
f 1380 1382 1383
f 1135 1383 1384
f 1384 1400 1126
f 1383 1385 1384
f 1380 1405 1382
f 1382 1406 1383
f 1384 1385 1394
f 1130 1388 1386
f 1133 1390 1388
f 1133 1391 1390
f 1395 1391 1127
f 1123 1396 1395
f 1126 1400 1396
f 1285 1387 1389
f 1387 1386 1389
f 1386 1388 1389
f 1388 1392 1389
f 1388 1390 1392
f 1391 1393 1390
f 1390 1393 1392
f 1391 1395 1393
f 1394 1397 1384
f 1384 1399 1400
f 1398 1384 1397
f 1384 1398 1399
f 1400 1399 1503
f 1382 1405 1406
f 1383 1446 1385
f 1381 1403 1402
f 1401 1402 1404
f 1401 1406 1405
f 1402 1403 1439
f 1401 1404 1406
f 1402 1439 1404
f 1383 1406 1444
f 1383 1444 1446
f 1385 1457 1394
f 1394 1457 1397
f 1398 1397 1517
f 1385 1446 1457
f 1457 1458 1397
f 1373 1367 1407
f 1367 1412 1407
f 1372 1373 1408
f 1373 1407 1408
f 1408 1407 1412
f 1408 1412 1409
f 1408 1411 1410
f 1376 1410 1411
f 1408 1409 1411
f 1376 1411 1403
f 1409 1412 1417
f 1409 1417 1411
f 1411 1417 1418
f 1412 1413 1417
f 1413 1414 1417
f 1414 1415 1420
f 1414 1420 1417
f 1415 1416 1420
f 1417 1420 1418
f 1418 1420 1419
f 1416 1423 1421
f 1423 1424 1421
f 1416 1421 1420
f 1420 1421 1422
f 1419 1420 1422
f 1424 1425 1426
f 1424 1426 1421
f 1421 1426 1422
f 1422 1426 1431
f 1425 1427 1426
f 1426 1430 1433
f 1426 1427 1430
f 1427 1429 1430
f 1426 1433 1431
f 1422 1431 1432
f 1431 1436 1432
f 1430 1436 1433
f 1431 1433 1436
f 1429 1428 1434
f 1429 1434 1430
f 1428 1507 1434
f 1434 1435 1430
f 1430 1435 1436
f 1437 1438 1436
f 1435 1437 1436
f 1434 1508 1435
f 1435 1508 1437
f 1508 1438 1437
f 1438 1508 1459
f 1428 1505 1507
f 1434 1507 1508
f 1411 1418 1439
f 1403 1411 1439
f 1418 1441 1439
f 1418 1442 1441
f 1418 1419 1442
f 1419 1422 1445
f 1419 1445 1442
f 1404 1439 1440
f 1439 1441 1442
f 1404 1440 1406
f 1439 1442 1440
f 1406 1440 1444
f 1440 1442 1443
f 1440 1443 1444
f 1444 1443 1446
f 1442 1445 1443
f 1422 1432 1447
f 1422 1447 1445
f 1447 1432 1449
f 1449 1432 1450
f 1443 1445 1446
f 1397 1458 1517
f 1445 1448 1446
f 1445 1447 1449
f 1445 1449 1448
f 1448 1449 1451
f 1446 1448 1457
f 1448 1451 1456
f 1449 1452 1451
f 1449 1450 1452
f 1450 1453 1452
f 1451 1452 1453
f 1456 1451 1453
f 1456 1453 1454
f 1450 1455 1453
f 1453 1455 1454
f 1455 1518 1454
f 1448 1456 1457
f 1457 1456 1458
f 1456 1454 1458
f 1458 1454 1517
f 1436 1450 1432
f 1436 1438 1450
f 1438 1459 1450
f 1450 1459 1455
f 899 1360 1361
f 899 1361 1362
f 899 1362 1466
f 923 1460 1482
f 1482 1460 1461
f 1482 1461 1473
f 1235 1365 1344
f 1235 1362 1365
f 1362 1235 1466
f 1482 1473 1474
f 1482 1474 1475
f 1463 899 1466
f 917 1476 1460
f 917 918 1468
f 918 920 1468
f 917 1467 1476
f 917 1468 1467
f 1460 1462 1461
f 1460 1475 1462
f 1461 1462 1473
f 1460 1476 1475
f 1462 1474 1473
f 1462 1475 1474
f 913 1470 1468
f 915 1471 1470
f 1463 1466 1464
f 1464 1466 1465
f 1467 1469 1476
f 1476 1469 1472
f 1467 1468 1469
f 1470 1469 1468
f 1470 1471 1469
f 1472 2506 1476
f 1475 1476 2526
f 1479 1481 937
f 1477 1478 1479
f 1478 1480 1479
f 903 1482 1478
f 937 1481 1483
f 1478 1482 1480
f 1480 1481 1479
f 932 1483 1484
f 804 1486 1506
f 953 1485 1486
f 956 1492 1485
f 956 1488 1491
f 956 1491 1492
f 1484 1493 951
f 951 1493 1495
f 959 1494 1488
f 959 1495 1494
f 1505 804 1506
f 1482 1481 1480
f 1481 1482 1483
f 1482 1475 1483
f 1483 1475 1484
f 1484 1475 1493
f 1486 1485 1487
f 1488 1489 1491
f 1485 1492 1487
f 1489 1490 1491
f 1488 1494 1489
f 1487 1492 1496
f 1492 1491 1496
f 1490 1496 1491
f 1486 1487 1506
f 1506 1487 1510
f 1487 1496 1510
f 1490 1512 1496
f 1490 1497 1512
f 1490 1498 1497
f 1493 1475 2526
f 2526 1495 1493
f 1495 2529 1494
f 1489 2538 1490
f 1489 1494 2538
f 1490 1499 1498
f 1490 2538 1499
f 1495 2526 2529
f 1494 2529 2531
f 1494 2531 2532
f 1494 2532 2535
f 2535 2538 1494
f 1498 1499 1500
f 1498 1500 1534
f 1500 1501 1534
f 1290 1389 1392
f 1290 1392 1393
f 1294 1393 1395
f 1293 1395 1396
f 1293 1396 1400
f 1503 1504 1502
f 1294 1395 1293
f 1293 1400 1502
f 1400 1503 1502
f 1398 1524 1399
f 1399 1546 1503
f 1502 1504 2577
f 1304 2561 1302
f 1304 1303 2582
f 2576 1303 1502
f 1503 2549 1504
f 1503 1554 2549
f 1506 1510 1505
f 1505 1510 1509
f 1505 1509 1507
f 1507 1509 1508
f 1508 1509 1514
f 1496 1512 1510
f 1509 1510 1511
f 1510 1512 1511
f 1497 1513 1512
f 1511 1512 1513
f 1509 1511 1515
f 1509 1515 1514
f 1514 1515 1516
f 1511 1516 1515
f 1511 1513 1530
f 1511 1530 1516
f 1514 1516 1522
f 1516 1542 1522
f 1398 1517 1524
f 1454 1518 1521
f 1454 1521 1517
f 1517 1521 1524
f 1399 1524 1546
f 1503 1546 1554
f 1459 1508 1519
f 1455 1459 1519
f 1514 1523 1519
f 1508 1514 1519
f 1455 1520 1518
f 1455 1519 1520
f 1518 1520 1521
f 1519 1523 1520
f 1514 1522 1523
f 1522 1542 1549
f 1522 1526 1523
f 1522 1549 1526
f 1521 1520 1525
f 1520 1523 1526
f 1520 1526 1525
f 1525 1526 1546
f 1521 1546 1524
f 1521 1525 1546
f 1497 1530 1513
f 1497 1532 1530
f 1497 1498 1532
f 1529 1498 1527
f 1528 1529 1527
f 1529 1532 1498
f 1516 1530 1531
f 1530 1532 1531
f 1516 1531 1542
f 1531 1543 1542
f 1531 1532 1533
f 1532 1539 1533
f 1531 1533 1544
f 1531 1544 1543
f 1498 1534 1527
f 1527 1534 1528
f 1528 1534 1535
f 1528 1535 1529
f 1534 1536 1535
f 1501 1537 1534
f 1534 1537 1538
f 1537 2592 1538
f 1534 1538 1536
f 1529 1535 1532
f 1532 1535 1536
f 1532 1536 1539
f 1536 1540 1539
f 1533 1539 1541
f 1533 1541 1544
f 1536 1538 1540
f 1538 2592 1540
f 1540 2595 1541
f 1539 1540 1541
f 1542 1543 1550
f 1542 1550 1549
f 1543 1544 1550
f 1544 1551 1550
f 1526 1549 1550
f 1526 1545 1546
f 1526 1550 1545
f 1547 1550 1551
f 1546 1545 1548
f 1545 1547 1548
f 1545 1550 1547
f 1548 1547 1552
f 1546 1548 1554
f 1553 2595 2597
f 1541 1551 1544
f 1541 1553 1551
f 1541 2595 1553
f 1547 1551 1553
f 1547 1555 1552
f 1547 1553 1555
f 1548 1552 1557
f 1548 1557 1554
f 1552 1556 1557
f 1552 1555 1556
f 1555 2598 1556
f 1553 2597 1555
f 1565 533 1566
f 1582 1566 537
f 549 558 1585
f 558 557 1585
f 557 605 1647
f 1582 537 1583
f 552 1579 1583
f 1584 1587 555
f 555 1586 1579
f 555 1587 1586
f 547 1585 1584
f 557 1647 1585
f 1573 1590 1575
f 1573 1576 1717
f 1571 1611 1558
f 1563 1571 1558
f 1559 1567 1561
f 1561 1567 1568
f 1561 1568 1563
f 1563 1558 1560
f 1560 1562 1561
f 1559 1561 1562
f 1560 1561 1563
f 1567 1564 1590
f 1565 1566 1564
f 1582 1564 1566
f 1565 1564 1567
f 1559 1565 1567
f 1568 1570 1572
f 1567 1569 1568
f 1568 1569 1570
f 1570 1708 1572
f 1571 1710 1611
f 1563 1568 1572
f 1563 1572 1571
f 1710 1713 1613
f 1571 1572 1708
f 1567 1590 1569
f 1569 1590 1573
f 1570 1573 1717
f 1569 1573 1570
f 1574 1581 1586
f 1587 1588 1574
f 1588 1589 1642
f 1574 1588 1642
f 1574 1590 1581
f 1574 1577 1590
f 1575 1590 1577
f 1573 1575 1576
f 1575 1577 1576
f 1574 1578 1577
f 1576 1577 1729
f 1577 1578 1729
f 1574 1766 1578
f 1574 1642 1766
f 1583 1580 1582
f 1582 1581 1564
f 1582 1580 1581
f 1583 1579 1580
f 1564 1581 1590
f 1581 1580 1586
f 1579 1586 1580
f 1587 1574 1586
f 1584 1588 1587
f 1584 1585 1588
f 1585 1647 1588
f 1589 1588 1645
f 540 538 1558
f 530 1562 543
f 530 534 1562
f 534 532 1562
f 538 543 1558
f 532 533 1565
f 1566 533 537
f 540 1609 1608
f 540 1558 1609
f 543 1562 1560
f 1559 1562 532
f 543 1560 1558
f 1610 544 1608
f 1610 1611 544
f 1559 532 1565
f 540 1608 544
f 544 1613 1591
f 544 1591 1875
f 1613 1592 1591
f 1592 1619 1594
f 1592 1593 1591
f 1592 1594 1593
f 1591 1593 1874
f 1594 1595 1598
f 1595 1596 1597
f 1595 1597 1598
f 1594 1598 1593
f 1597 1599 1598
f 1596 1600 1597
f 1596 1601 1600
f 1597 1600 1599
f 1599 1600 1602
f 1599 1878 1598
f 1593 1598 1876
f 1601 1602 1600
f 1601 1603 1602
f 1602 1604 1888
f 1603 1604 1602
f 1603 1605 1604
f 1604 1605 1606
f 1605 1607 1606
f 1604 1606 1888
f 551 1579 552
f 552 1583 537
f 551 555 1579
f 549 1585 547
f 1663 1889 1606
f 1607 1664 1606
f 1609 1558 1611
f 1608 1609 1610
f 1609 1611 1610
f 1611 1710 544
f 544 1710 1613
f 1592 1613 1615
f 1613 1612 1615
f 1612 1614 1615
f 1614 1616 1615
f 1614 1617 1616
f 1618 1619 1617
f 1618 1621 1619
f 1618 1620 1621
f 1620 1623 1621
f 1621 1623 1622
f 1613 1713 1612
f 1612 1713 1614
f 1614 1714 1617
f 1618 1716 1620
f 1620 1722 1623
f 1617 1716 1618
f 1592 1615 1616
f 1592 1616 1617
f 1592 1617 1619
f 1596 1619 1621
f 1594 1619 1595
f 1595 1619 1596
f 1596 1622 1601
f 1596 1621 1622
f 1599 1602 1888
f 1601 1622 1603
f 1623 1793 1622
f 1603 1677 1605
f 1603 1622 1676
f 1605 1677 1607
f 1676 1679 1603
f 1603 1679 1677
f 605 607 1647
f 607 1626 1653
f 607 1653 1647
f 607 1628 1626
f 1626 1627 1630
f 1627 1632 1630
f 1626 1630 1653
f 1630 1631 1653
f 1631 1629 1652
f 1634 1656 1629
f 1630 1632 1631
f 1631 1633 1629
f 1631 1632 1633
f 1633 1635 1629
f 1629 1635 1634
f 1634 1635 1637
f 1634 1637 1636
f 1636 1637 1639
f 1636 1639 1638
f 1638 1639 1641
f 1634 1636 1648
f 1636 1638 1648
f 1638 1640 1649
f 1638 1641 1640
f 1650 1640 1661
f 1589 1645 1643
f 1645 1646 1643
f 1589 1643 1642
f 1643 1646 1660
f 1642 1643 1766
f 1643 1644 1766
f 1643 1660 1644
f 1588 1647 1645
f 1645 1647 1646
f 1647 1654 1646
f 1647 1653 1654
f 1631 1652 1653
f 1649 1657 1648
f 1649 1650 1657
f 1652 1629 1655
f 1650 1651 1658
f 1653 1652 1654
f 1656 1648 1657
f 1650 1658 1657
f 1651 1659 1658
f 1651 1694 1659
f 1646 1654 2141
f 1654 1652 2150
f 1646 2141 2143
f 1654 2147 2141
f 1652 2151 2150
f 1654 2150 2147
f 1655 2154 2151
f 1644 1660 1770
f 1646 2146 1660
f 1777 1660 2162
f 1646 2144 2146
f 2143 2145 1646
f 1646 2145 2144
f 2146 2142 1660
f 1660 2142 2162
f 1629 1656 1655
f 1634 1648 1656
f 1638 1649 1648
f 1640 1650 1649
f 1652 1655 2151
f 1656 2154 1655
f 1656 1657 2154
f 1657 1658 2154
f 1658 1659 2155
f 1650 1692 1651
f 2159 1659 1695
f 1658 2155 2154
f 1659 2159 2155
f 2158 2159 1695
f 1695 2164 2158
f 1683 2167 2164
f 1607 1703 1666
f 1664 1663 1606
f 1666 1664 1607
f 610 1625 1628
f 1640 1641 1662
f 1640 1662 1661
f 1661 1662 1687
f 1666 1703 1672
f 1672 1703 1705
f 1664 1665 1663
f 1664 1666 1665
f 1665 1666 1667
f 1666 1672 1667
f 1665 1667 1672
f 1665 1672 1671
f 1663 1665 1969
f 1665 1671 1969
f 1674 1673 1668
f 1672 1668 1673
f 1668 1669 1670
f 1672 1669 1668
f 1672 1673 1671
f 1673 1674 1671
f 1674 1970 1671
f 1668 1970 1674
f 1670 1970 1668
f 1672 1705 1669
f 1651 1696 1694
f 1659 1694 1695
f 1677 1679 1678
f 1677 1678 1680
f 1696 1681 1683
f 1682 1683 1681
f 1684 1701 1680
f 1677 1680 1704
f 1622 2389 1676
f 1607 1677 1703
f 1692 1696 1651
f 1650 1661 1685
f 1650 1685 1686
f 1650 1686 1692
f 1695 1697 2164
f 1697 1683 2164
f 1684 1690 1691
f 1696 1690 1681
f 1682 1681 1690
f 1684 1691 1701
f 1661 1687 1685
f 1685 1688 1686
f 1685 1687 1688
f 1686 1688 1692
f 1692 1688 1689
f 1689 1693 1692
f 1692 1693 1690
f 1690 1693 1691
f 1691 1702 1701
f 1693 1702 1691
f 1692 1690 1696
f 1695 1694 1697
f 1696 1697 1694
f 1696 1683 1697
f 1684 1682 1690
f 1688 1699 1689
f 1689 1699 1693
f 1688 1700 1699
f 1693 1699 2212
f 1693 2212 1702
f 1700 2211 1699
f 1680 2219 1684
f 1676 2398 1679
f 1678 1679 2219
f 1678 2219 1680
f 1684 2220 1682
f 1683 1682 2220
f 1683 2215 2167
f 1679 2398 2219
f 1684 2219 2220
f 2215 1698 2217
f 1698 2220 2217
f 1683 1698 2215
f 2220 1698 1683
f 1677 1704 1703
f 1701 1704 1680
f 1701 1705 1704
f 1701 1702 1705
f 1703 1704 1705
f 1702 2230 1705
f 1576 1725 1717
f 1706 1717 1725
f 1706 1726 1707
f 1707 1726 1727
f 1570 1717 1707
f 1570 1707 1708
f 1708 1709 1710
f 1707 1709 1708
f 1707 1718 1709
f 1571 1708 1710
f 1710 1711 1713
f 1709 1711 1710
f 1709 1712 1711
f 1712 1713 1711
f 1712 1714 1713
f 1715 1714 1712
f 1706 1707 1717
f 1709 1718 1720
f 1718 1719 1720
f 1709 1720 1712
f 1712 1720 1715
f 1715 1721 1714
f 1715 1720 1721
f 1714 1721 1716
f 1716 1721 1722
f 1721 1723 1722
f 1707 1731 1718
f 1718 1773 1719
f 1720 1733 1721
f 1723 1721 1734
f 1722 1732 1724
f 1722 1723 1732
f 1706 1725 1729
f 1706 1729 1726
f 1576 1729 1725
f 1726 1729 1730
f 1726 1730 1727
f 1707 1727 1731
f 1727 1730 1728
f 1727 1728 1731
f 1729 1766 1767
f 1731 1767 1768
f 1578 1766 1729
f 1729 1767 1730
f 1728 1730 1767
f 1728 1767 1731
f 1718 1731 1773
f 1719 1789 1720
f 1719 1773 1776
f 1720 1789 1733
f 1721 1733 1734
f 1723 1734 1735
f 1723 1735 1732
f 1719 1776 1789
f 1733 1789 1734
f 1724 1732 1793
f 1732 1735 1791
f 1614 1713 1714
f 1617 1714 1716
f 1620 1716 1722
f 1623 1722 1724
f 1736 1745 1901
f 1745 1739 1901
f 1742 1902 1739
f 1737 1902 1742
f 1737 1740 1902
f 1743 1736 1898
f 1737 1742 1745
f 1736 1743 1745
f 1741 1740 1744
f 1741 1738 1740
f 1745 1742 1739
f 1737 1744 1740
f 1623 1724 1793
f 1743 1898 1811
f 1743 1811 1758
f 1746 1747 1744
f 1737 1746 1744
f 1737 1745 1746
f 1745 1757 1746
f 1745 1743 1757
f 1744 1747 1748
f 1747 1755 1748
f 1747 1749 1755
f 1741 1744 1750
f 1744 1752 1750
f 1750 1752 1751
f 1744 1748 1752
f 1751 1752 1753
f 1748 1754 1752
f 1748 1755 1754
f 1752 1754 1756
f 1754 1755 1759
f 1752 1756 1753
f 1754 1762 1756
f 1746 1757 1763
f 1743 1758 1757
f 1746 1763 1747
f 1747 1815 1749
f 1749 1764 1755
f 1754 1759 1760
f 1754 1760 1761
f 1754 1761 1762
f 1756 1762 2074
f 1761 1765 1762
f 1757 1758 1812
f 1763 1757 1814
f 1747 1763 1814
f 1747 1814 1815
f 1755 1825 1759
f 1757 1816 1814
f 1757 1812 1816
f 1749 1815 1823
f 1749 1823 1764
f 1759 1826 1760
f 1761 1760 1827
f 1762 1765 2074
f 1755 1764 1825
f 1761 1827 1765
f 1759 1825 1826
f 1760 1826 1827
f 1765 1828 2076
f 1828 2078 2076
f 1827 1828 1765
f 1766 1768 1767
f 1766 1770 1768
f 1768 1769 1772
f 1644 1770 1766
f 1768 1771 1769
f 1768 1770 1771
f 1731 1768 1772
f 1769 1774 1772
f 1731 1772 1774
f 1731 1774 1773
f 1773 1775 1776
f 1775 1789 1776
f 1769 1771 1774
f 1773 1774 1780
f 1774 1779 1780
f 1773 1780 1775
f 1775 1788 1790
f 1775 1782 1788
f 1775 1780 1782
f 1732 1791 1793
f 1793 2383 1622
f 1770 1660 1777
f 1770 1783 1771
f 1778 1771 1783
f 2162 2350 1777
f 1770 1777 2351
f 1770 2351 1783
f 1777 2350 2351
f 1774 1771 1778
f 1774 1778 1779
f 1778 1784 1779
f 1779 1781 1780
f 1780 1781 1782
f 1779 1784 1781
f 1782 1795 1788
f 1781 1796 1782
f 1782 1796 1795
f 1778 1783 1784
f 1783 1785 1784
f 1783 2353 1785
f 1781 1784 1785
f 1781 1785 1786
f 1781 1786 1787
f 1781 1787 1796
f 1622 2383 2389
f 1775 1790 1789
f 1734 1794 1735
f 1734 1789 1794
f 1735 1794 1791
f 1789 1790 1792
f 1788 1792 1790
f 1789 1792 1794
f 1791 1794 1801
f 1791 1801 1793
f 1788 1795 1798
f 1795 1799 1798
f 1795 1796 1799
f 1787 2377 1796
f 1796 1803 1799
f 1796 2377 1803
f 1788 1798 1792
f 1792 1797 1794
f 1792 1798 1797
f 1797 1798 1799
f 1794 1797 1801
f 1797 1800 1801
f 1797 1799 1802
f 1797 1802 1800
f 1793 1801 2383
f 1799 1803 1802
f 1800 1802 2380
f 1801 1800 2386
f 1676 2389 2398
f 1811 1986 1810
f 1804 1805 1806
f 1804 1807 1805
f 1805 1807 1808
f 1807 1809 1808
f 1807 2088 1809
f 1804 1806 1810
f 1814 1817 1815
f 1814 1816 1817
f 1815 1817 1819
f 1816 1820 1817
f 1815 1819 1818
f 1816 1842 1820
f 1812 1842 1816
f 1817 1821 1819
f 1818 1819 1830
f 1817 1820 1821
f 1812 1813 1846
f 1820 1843 1821
f 1819 1821 1855
f 1758 1811 1813
f 1758 1813 1812
f 1815 1822 1823
f 1815 1824 1822
f 1764 1823 1829
f 1822 1829 1823
f 1822 1824 1829
f 1815 1818 1824
f 1818 1830 1824
f 1824 1830 1832
f 1824 1832 1831
f 1824 1831 1829
f 1764 1829 1825
f 1825 1829 1826
f 1826 1836 1827
f 1827 1836 1828
f 1826 1829 1839
f 1828 1836 1838
f 1828 1838 1837
f 1819 1832 1830
f 1819 1834 1832
f 1831 1832 1835
f 1819 1833 1834
f 1834 1833 1835
f 1819 1855 1833
f 1833 1855 1835
f 1832 1834 1835
f 1829 1831 1839
f 1826 1839 1836
f 1831 1835 1839
f 1836 1839 1840
f 1836 1840 1838
f 1835 1861 1839
f 1838 1840 1863
f 1837 1838 1863
f 1837 1863 1841
f 1812 1846 1842
f 1820 1842 1843
f 1821 1843 1852
f 1844 1847 1813
f 1813 1847 1846
f 1842 1846 1845
f 1842 1845 1848
f 1842 1848 1850
f 1842 1849 1843
f 1842 1850 1849
f 1848 1849 1850
f 1821 1852 1855
f 1843 1849 1851
f 1843 1851 1852
f 1852 1853 1855
f 1846 1847 2410
f 1844 2410 1847
f 1845 1846 2411
f 1845 2411 1848
f 1848 2411 1849
f 1813 2426 1844
f 1846 2410 2411
f 1849 1854 1851
f 1851 1854 1852
f 1849 2411 1854
f 1811 2426 1813
f 1835 1855 1861
f 1853 1856 1855
f 1853 1857 1856
f 1855 1856 1861
f 1856 1857 1861
f 1857 1858 1861
f 1858 1860 1861
f 1857 1859 1858
f 1858 1859 1860
f 1840 1862 1863
f 1839 1861 1865
f 1840 1839 1865
f 1840 1865 1862
f 1862 1865 1863
f 1841 1863 2118
f 1863 1865 1864
f 1863 1864 2118
f 1861 1860 1873
f 1861 1873 1865
f 1864 1867 2118
f 1864 1865 1866
f 1864 1866 1867
f 1867 1866 2121
f 1852 1869 1853
f 1852 1854 1869
f 1853 1869 1857
f 1854 1868 1869
f 1857 1869 1859
f 1859 1869 1860
f 1860 1869 1870
f 1860 1870 1871
f 1854 2413 1868
f 1869 1868 2419
f 1869 2419 1870
f 1870 2417 1871
f 1866 1865 1873
f 1860 1871 1873
f 1872 2121 1866
f 1866 1873 1872
f 1871 2420 1873
f 1872 1873 2420
f 1591 1874 1875
f 1593 1876 1874
f 1875 1874 1876
f 1875 1876 1877
f 1598 1877 1876
f 1877 1598 1880
f 1875 1914 845
f 1663 1919 1889
f 1920 1960 1961
f 1878 1879 1598
f 1598 1879 1880
f 1599 1888 1878
f 1878 1888 1879
f 1877 1880 1884
f 1879 1884 1880
f 1879 1888 1892
f 1875 1877 1881
f 1877 1882 1881
f 1875 1881 1903
f 1875 1903 1914
f 1877 1884 1882
f 1879 1892 1884
f 1884 1893 1885
f 1893 1886 1885
f 1884 1892 1893
f 1882 1884 1885
f 1885 1886 1882
f 1888 1606 1887
f 1887 1606 1890
f 1890 1606 1889
f 1889 1919 1891
f 1888 1887 1892
f 1887 1894 1892
f 1887 1896 1894
f 1894 1893 1892
f 1894 1896 1897
f 1894 1895 1893
f 1894 1897 1895
f 1896 1898 1897
f 1895 1897 1736
f 1895 1736 1901
f 1901 1739 1902
f 1881 1882 1899
f 1883 1881 1899
f 1883 1899 1900
f 1902 1899 1886
f 1886 1901 1902
f 1886 1893 1901
f 1895 1901 1893
f 1886 1899 1882
f 1738 1900 1899
f 1741 1914 1900
f 1897 1898 1736
f 1883 1900 1903
f 1881 1883 1903
f 1907 1906 1908
f 1905 1906 1915
f 1907 1914 1906
f 1906 1905 1908
f 1905 1915 1910
f 1907 1908 1904
f 1905 1910 1908
f 1909 1908 1910
f 1909 1910 1918
f 1912 1909 1911
f 1909 1918 1911
f 1912 1911 1913
f 1903 1900 1914
f 1906 2035 1915
f 1906 1914 2035
f 1916 1915 2036
f 2038 1918 1916
f 1917 1918 2038
f 1913 1917 2039
f 1910 1915 1916
f 1910 1916 1918
f 1911 1918 1917
f 1911 1917 1913
f 1913 2039 1941
f 1891 1919 1920
f 1889 1891 1974
f 1891 1920 1974
f 1887 1890 1975
f 1890 1889 1975
f 1887 1975 1896
f 1896 1975 1898
f 1919 1960 1920
f 1920 1961 1974
f 1889 1974 1975
f 1898 1975 1977
f 1941 2051 1957
f 825 1875 845
f 852 1921 1922
f 852 1922 1925
f 1923 1925 1922
f 1907 1921 845
f 1904 1922 1921
f 1914 1907 845
f 1907 1904 1921
f 1904 1908 1922
f 1912 1923 1922
f 1923 1913 1924
f 1924 1941 1930
f 853 1923 1926
f 853 1925 1923
f 1923 1924 1926
f 1924 1927 1926
f 1927 1928 1926
f 1924 1930 1927
f 1928 1934 1926
f 1928 1927 1929
f 1926 1934 1933
f 1927 1930 1929
f 1928 1929 1934
f 1938 1947 1956
f 1929 1930 1934
f 1930 1931 1934
f 1932 1935 1931
f 883 1934 1935
f 1934 1931 1935
f 883 1935 1936
f 1935 1938 1937
f 1935 1937 1936
f 1932 1938 1935
f 1940 1938 2013
f 1936 1937 1939
f 1938 1940 1937
f 1936 1939 894
f 1939 1937 1940
f 1939 1940 2007
f 1930 1948 1931
f 1932 1931 1947
f 1932 1947 1938
f 1938 1956 2013
f 1909 1922 1908
f 1922 1909 1912
f 1912 1913 1923
f 1924 1913 1941
f 1941 1945 1948
f 1945 1943 1948
f 1943 1945 1946
f 1944 1946 1942
f 1944 1943 1946
f 1942 1955 1944
f 1942 1949 1955
f 1930 1941 1948
f 1943 1931 1948
f 1943 1947 1931
f 1944 1955 1947
f 1947 1955 1956
f 1944 1947 1943
f 1949 1950 1955
f 1951 1952 1953
f 1953 1952 1954
f 1955 2021 1956
f 1950 2023 1955
f 1951 2023 1950
f 1951 1953 2023
f 1941 1957 1945
f 1945 1957 1946
f 1946 1957 2053
f 1946 2138 1942
f 1942 2138 1949
f 1946 2137 2138
f 1960 1919 1965
f 1958 1959 1961
f 1958 1961 1960
f 1958 1960 1962
f 1958 1963 1959
f 1958 1962 1963
f 1919 1967 1965
f 1959 1971 1961
f 1959 1963 1971
f 1663 1967 1919
f 1963 1962 1964
f 1962 1960 1965
f 1963 1964 1971
f 1962 1965 1964
f 1964 1965 1966
f 1966 1972 1964
f 1966 1968 1972
f 1663 1969 1967
f 1965 1968 1966
f 1965 1967 1968
f 1967 1969 1968
f 1671 1970 1969
f 1968 2200 1972
f 1968 1969 2200
f 1969 1970 2200
f 2200 1980 1972
f 916 2002 1471
f 1971 1978 1961
f 1971 1972 1978
f 1972 1973 1978
f 1974 1961 1976
f 1961 1978 1976
f 1973 1979 1978
f 1974 1977 1975
f 1974 1976 1977
f 1971 1964 1972
f 1972 1980 1973
f 1979 1973 1981
f 1976 1978 1986
f 1976 1986 1977
f 1978 1979 1986
f 1898 1977 1811
f 1980 1981 1973
f 1979 1981 1983
f 1980 1983 1981
f 1980 1982 1983
f 1982 1984 1983
f 1986 1979 1983
f 1986 1983 1987
f 1982 1985 1984
f 1984 2511 1983
f 1983 2511 1987
f 1977 1986 1811
f 1986 1987 1810
f 1987 1988 1807
f 1807 1988 1989
f 1989 1990 1807
f 1807 1990 1991
f 1991 1992 1807
f 1992 1994 2090
f 1991 1993 1992
f 1992 1993 1995
f 1994 1992 1995
f 1994 1995 1996
f 1996 2090 1994
f 1996 1998 1997
f 1997 1998 2000
f 1987 2511 1988
f 1988 2508 1989
f 1989 2507 1990
f 1990 2507 1991
f 1991 2514 1993
f 1993 2514 1995
f 1996 1995 2516
f 1996 2517 1998
f 1998 2517 2000
f 1997 2000 1999
f 1999 2000 2001
f 2094 1999 2001
f 2094 2001 2095
f 2000 2517 2001
f 2013 1956 2014
f 2020 2027 2014
f 971 2003 2002
f 2003 971 2004
f 971 2005 2004
f 974 2009 2005
f 1940 2013 2007
f 2004 2005 2006
f 979 2012 2010
f 979 2010 2009
f 2007 2013 2008
f 979 2011 2012
f 978 1939 2007
f 978 2007 2008
f 979 2008 2011
f 2005 2009 2006
f 2013 2011 2008
f 1472 2002 2003
f 2003 2004 2528
f 2027 2533 2014
f 2004 2006 2530
f 2006 2009 2534
f 2010 2012 2536
f 2011 2536 2012
f 2009 2010 2534
f 2013 2536 2011
f 2013 2014 2536
f 1953 1954 2016
f 1953 2016 2015
f 2016 1954 2019
f 2015 2016 2019
f 2015 2018 2017
f 2015 2019 2018
f 2024 2020 1956
f 1956 2020 2014
f 1955 2023 2022
f 1955 2022 2021
f 1956 2021 2024
f 1953 2015 2023
f 2023 2025 2022
f 2015 2017 2023
f 2017 2025 2023
f 2018 2019 2025
f 2017 2018 2025
f 2024 2030 2020
f 2022 2028 2021
f 2021 2030 2024
f 1949 2026 1950
f 1950 2026 1951
f 2026 1952 1951
f 2026 1954 1952
f 1949 2138 2026
f 1954 2029 2019
f 2022 2025 2028
f 2019 2029 2025
f 2026 2029 1954
f 2021 2028 2030
f 2025 2029 2028
f 2026 2138 2029
f 2029 2138 2031
f 2020 2032 2027
f 2020 2030 2031
f 2020 2031 2032
f 2030 2028 2029
f 2139 2034 2033
f 2139 2140 2034
f 2029 2031 2030
f 2033 2034 2031
f 2031 2541 2032
f 2031 2034 2541
f 1902 1740 1899
f 1738 1899 1740
f 1741 1900 1738
f 1750 2035 1914
f 1741 1750 1914
f 1751 2036 2035
f 1750 1751 2035
f 1751 2041 2036
f 2036 2041 2037
f 2036 2037 2038
f 2037 2039 2038
f 2037 2042 2039
f 2039 2042 2040
f 2037 2041 2042
f 2040 2042 2044
f 2041 2056 2042
f 2042 2056 2044
f 2043 2044 2056
f 2039 2040 2046
f 2043 2045 2044
f 2040 2050 2046
f 2044 2045 2040
f 2040 2045 2050
f 2045 2082 2050
f 2035 2036 1915
f 2038 1916 2036
f 2038 2039 1917
f 2039 2046 1941
f 1941 2046 2051
f 2046 2050 2047
f 2046 2047 2051
f 1957 2051 2048
f 1957 2048 2053
f 2048 2051 2053
f 1946 2053 2049
f 2049 2054 2085
f 2047 2050 2051
f 2050 2082 2051
f 2051 2082 2083
f 2053 2051 2083
f 2052 2083 2084
f 2052 2053 2083
f 2049 2053 2054
f 2053 2055 2054
f 2052 2055 2053
f 2054 2055 2087
f 2052 2086 2055
f 1751 1753 2041
f 1753 1756 2056
f 1756 2058 2056
f 1753 2056 2041
f 2056 2057 2062
f 2056 2058 2057
f 2057 2058 2059
f 2057 2059 2069
f 1756 2066 2058
f 1756 2074 2066
f 2058 2061 2059
f 2058 2066 2060
f 2058 2060 2061
f 2059 2061 2069
f 2043 2056 2063
f 2056 2062 2063
f 2062 2064 2063
f 2043 2063 2045
f 2057 2064 2062
f 2063 2064 2068
f 2057 2068 2064
f 2057 2069 2068
f 2045 2063 2065
f 2063 2068 2065
f 2045 2065 2082
f 2060 2070 2061
f 2060 2066 2067
f 2060 2067 2070
f 2066 2070 2067
f 2066 2075 2070
f 2065 2068 2082
f 2071 2083 2082
f 2068 2069 2071
f 2068 2071 2082
f 2072 2084 2083
f 2071 2072 2083
f 2061 2071 2069
f 2061 2070 2071
f 2070 2075 2079
f 2070 2079 2071
f 2071 2079 2081
f 2071 2081 2072
f 2072 2073 2116
f 2072 2081 2073
f 2066 2074 2075
f 2074 2076 2075
f 1765 2076 2074
f 2076 2078 2075
f 2075 2077 2079
f 2077 2075 2080
f 2078 2108 2075
f 2075 2108 2080
f 2077 2080 2079
f 2079 2080 2081
f 2052 2084 2072
f 2052 2072 2116
f 1946 2049 2137
f 2049 2085 2137
f 2085 2087 2031
f 2052 2116 2086
f 2086 2116 2117
f 2087 2086 2117
f 2054 2087 2085
f 2055 2086 2087
f 2087 2117 2031
f 1807 1804 1987
f 1804 1810 1987
f 1992 2088 1807
f 2090 2088 1992
f 1809 2088 2089
f 2088 2090 2089
f 2089 2090 2091
f 1996 1997 2090
f 2090 1997 2092
f 2092 2091 2090
f 2092 2093 2091
f 1997 1999 2092
f 2094 2092 1999
f 2096 2092 2094
f 2095 2097 2094
f 2094 2097 2096
f 2096 2097 2098
f 2098 2097 2100
f 2107 2139 2033
f 2031 2117 2033
f 2098 2103 2096
f 2098 2139 2103
f 2095 2001 2616
f 2095 2616 2097
f 2097 2617 2100
f 2100 2617 2099
f 2096 2101 2092
f 2096 2103 2101
f 2092 2101 2093
f 2101 2102 2093
f 2103 2102 2101
f 2103 2104 2102
f 2103 2105 2104
f 2105 2106 2104
f 2105 2130 2106
f 2033 2117 2107
f 2139 2105 2103
f 2105 2139 2130
f 2107 2129 2139
f 2130 2139 2129
f 2073 2111 2116
f 2111 2133 2117
f 1828 2109 2078
f 2078 2109 2108
f 2080 2108 2110
f 2108 2109 2110
f 2109 2112 2110
f 1828 2112 2109
f 1837 2113 1828
f 1828 2113 2112
f 2080 2110 2081
f 2073 2081 2111
f 2081 2114 2111
f 2081 2110 2114
f 2110 2112 2113
f 2110 2113 2114
f 1837 1841 2114
f 1837 2114 2113
f 2115 2114 2120
f 2111 2114 2115
f 2111 2115 2133
f 2115 2120 2133
f 2111 2117 2116
f 2133 2120 2135
f 2136 2135 2120
f 2136 2655 2135
f 1841 2118 2114
f 2118 2119 2114
f 2114 2119 2120
f 1867 2121 2118
f 2121 2123 2118
f 2118 2123 2119
f 2119 2123 2122
f 2119 2122 2120
f 2120 2122 2126
f 2122 2124 2126
f 2124 2125 2126
f 2126 2136 2120
f 2125 2136 2126
f 1872 2123 2121
f 2123 2654 2122
f 1872 2654 2123
f 2122 2654 2124
f 2124 2654 2125
f 2136 2125 2655
f 2117 2133 2135
f 2117 2134 2127
f 2117 2127 2129
f 2117 2135 2134
f 2117 2129 2107
f 2129 2132 2130
f 2127 2134 2128
f 2127 2128 2129
f 2106 2130 2131
f 2130 2132 2131
f 2134 2135 2658
f 2128 2134 2658
f 2085 2138 2137
f 2085 2031 2138
f 2139 2100 2099
f 2098 2100 2139
f 2139 2099 2140
f 2099 2620 2140
f 2140 2667 2034
f 1628 1230 1626
f 1232 1627 1626
f 1627 2172 1632
f 1635 1633 2188
f 1635 2188 1637
f 1632 2170 1633
f 1639 1637 2180
f 1639 2184 1641
f 1662 1641 2184
f 1627 1233 2173
f 2176 2173 1307
f 2157 2183 2153
f 2148 2149 2187
f 2141 2148 2170
f 2149 2152 2187
f 2153 2187 2152
f 2153 2182 2189
f 2153 2189 2187
f 2142 2352 2162
f 2146 2144 2145
f 2142 2146 2163
f 2147 2150 2149
f 2147 2149 2148
f 2150 2152 2149
f 2151 2153 2150
f 2150 2153 2152
f 2147 2148 2141
f 2157 2153 2151
f 2154 2157 2151
f 2154 2155 2156
f 2155 2159 2160
f 2154 2156 2157
f 2155 2160 2156
f 2158 2161 2159
f 2159 2161 2160
f 2142 2163 2364
f 2163 2179 2364
f 2143 2141 2171
f 2143 2171 2145
f 2146 2176 2163
f 2146 2145 2176
f 2188 1633 2187
f 2187 1633 2169
f 1639 2181 2184
f 1637 2188 2180
f 1639 2180 2181
f 1632 2172 2170
f 2170 2169 1633
f 1627 2173 2172
f 2156 2186 2157
f 2156 2160 2186
f 2161 2205 2160
f 2161 2165 2206
f 2157 2186 2183
f 2153 2183 2182
f 2160 2205 2186
f 1662 2184 2185
f 2165 2166 2208
f 2161 2206 2205
f 2165 2208 2206
f 2166 2210 2208
f 2204 2186 2205
f 2158 2165 2161
f 2158 2164 2165
f 2164 2166 2165
f 2164 2167 2166
f 2167 2168 2166
f 2166 2168 2210
f 2148 2187 2169
f 2148 2169 2170
f 2141 2170 2171
f 2145 2171 2174
f 2171 2170 2172
f 2145 2174 2176
f 2163 2176 2175
f 2173 2171 2172
f 2174 2171 2173
f 2174 2173 2176
f 2175 2176 2177
f 2177 2250 2175
f 2175 2250 2251
f 2175 2251 2178
f 2163 2175 2179
f 2175 2367 2179
f 2175 2178 2367
f 2184 2181 2182
f 2189 2182 2180
f 2188 2189 2180
f 2181 2180 2182
f 2184 2183 2186
f 2184 2186 2185
f 2184 2182 2183
f 2188 2187 2189
f 2185 2186 2204
f 1625 1212 1628
f 1669 2231 1675
f 1675 2232 1669
f 1669 2200 1670
f 1970 1670 2200
f 2197 1669 2196
f 2195 1669 2197
f 2200 1669 2195
f 1669 2224 2196
f 2191 2192 2202
f 2191 2196 2241
f 2190 2191 2241
f 2190 2192 2191
f 2241 2196 2242
f 2193 2194 2191
f 2191 2194 2196
f 2191 2202 2193
f 2193 2202 2203
f 2194 2197 2196
f 2194 2199 2198
f 2194 2198 2197
f 2197 2198 2195
f 2198 2199 2195
f 2195 2201 2200
f 2193 2203 2194
f 2203 2199 2194
f 2190 2285 2192
f 2190 2241 2285
f 2192 2288 2202
f 2202 2289 2203
f 2203 2289 2199
f 1662 2185 1687
f 1687 2185 1688
f 1688 2204 2207
f 1688 2234 1700
f 1699 2211 2212
f 1688 2207 2209
f 1702 2212 2214
f 1702 2214 2230
f 2226 1688 2209
f 1688 2185 2204
f 2204 2205 2207
f 2205 2206 2207
f 2207 2206 2208
f 2207 2208 2209
f 2208 2210 2209
f 2209 2210 2213
f 1705 2230 2231
f 2226 2227 1688
f 2228 1688 2227
f 1700 2236 2211
f 1688 2228 2234
f 2211 2214 2212
f 2209 2213 2229
f 2209 2229 2226
f 1700 2234 2236
f 2211 2236 2214
f 2215 2168 2167
f 2215 2216 2168
f 2215 2217 2216
f 2217 2218 2216
f 2217 2221 2218
f 2217 2220 2221
f 2219 2223 2220
f 2222 2223 2219
f 2220 2223 2221
f 2168 2213 2210
f 2229 2168 2216
f 2216 2218 2229
f 2213 2168 2229
f 2218 2221 2228
f 2223 2228 2221
f 2222 2234 2223
f 2222 2399 2237
f 2218 2227 2229
f 2218 2228 2227
f 2223 2234 2228
f 1669 1705 2231
f 1675 2231 2232
f 1669 2232 2224
f 2233 2225 2224
f 2226 2229 2227
f 2230 2236 2231
f 2224 2232 2233
f 2214 2236 2230
f 2231 2236 2232
f 2233 2232 2236
f 2233 2236 2225
f 2235 2225 2236
f 2235 2236 2238
f 2234 2237 2236
f 2236 2237 2238
f 2235 2238 2239
f 2235 2239 2240
f 2237 2399 2238
f 2222 2237 2234
f 2399 2239 2238
f 2224 2225 2242
f 2196 2224 2242
f 2241 2242 2235
f 2235 2242 2225
f 2235 2285 2241
f 1233 1307 2173
f 1307 1308 2248
f 2176 1307 2177
f 2177 1307 2248
f 1311 2249 2248
f 2249 1311 2253
f 2253 1311 2254
f 2254 1313 2255
f 2255 1313 2256
f 1314 2260 2256
f 1314 2262 2260
f 1318 2264 2262
f 1318 2265 2264
f 1318 2266 2265
f 2251 2252 2178
f 2178 2252 2244
f 2244 2252 2253
f 2244 2253 2259
f 2178 2244 2367
f 2243 2367 2244
f 2244 2259 2261
f 2244 2261 2245
f 2245 2261 2246
f 2243 2244 2245
f 2243 2245 2439
f 2245 2442 2439
f 2245 2247 2442
f 2245 2246 2247
f 2246 2278 2247
f 2248 2249 2252
f 2249 2253 2252
f 2177 2248 2250
f 2248 2251 2250
f 2252 2251 2248
f 2253 2254 2259
f 2255 2256 2257
f 2254 2255 2259
f 2255 2257 2258
f 2255 2258 2259
f 2256 2263 2257
f 2263 2256 2260
f 2257 2263 2258
f 2246 2261 2278
f 2247 2278 2454
f 2260 2262 2263
f 2264 2263 2262
f 2264 2265 2263
f 2258 2263 2265
f 2266 2267 2265
f 2259 2258 2279
f 2267 2279 2265
f 2258 2265 2279
f 2266 2269 2267
f 2266 2268 2269
f 2267 2269 2270
f 2267 2270 2279
f 2269 2271 2270
f 2271 2272 2270
f 2270 2272 2273
f 2270 2273 2280
f 2273 2275 2280
f 2273 2274 2275
f 2274 2277 2275
f 2277 2276 2275
f 2284 2276 2332
f 2276 2284 2275
f 2259 2279 2261
f 2261 2279 2281
f 2261 2281 2278
f 2278 2282 2454
f 2278 2281 2282
f 2279 2280 2281
f 2280 2283 2282
f 2280 2282 2281
f 2282 2283 2456
f 2270 2280 2279
f 2275 2283 2280
f 2275 2284 2283
f 2284 2332 2459
f 2283 2284 2456
f 2345 2460 2459
f 2345 2463 2460
f 1308 1311 2248
f 1310 2254 1311
f 1313 2254 1310
f 1313 1314 2256
f 2285 2286 2192
f 2192 2286 2299
f 2192 2297 2288
f 2202 2288 2289
f 2290 2287 2286
f 2192 2299 2297
f 2288 2297 2289
f 2289 2297 2296
f 1314 1316 2262
f 1316 1318 2262
f 1320 2268 1318
f 1320 1326 2271
f 1326 1328 2276
f 1328 2304 2330
f 1318 2268 2266
f 1320 2269 2268
f 1320 2271 2269
f 2271 1326 2272
f 2272 1326 2273
f 1326 2274 2273
f 2274 1326 2277
f 1326 2276 2277
f 1328 2330 2276
f 2330 2304 2346
f 2316 1296 2318
f 1302 2317 2318
f 2287 2290 2291
f 2290 2292 2291
f 2286 2287 2302
f 2287 2291 2302
f 2292 2295 2291
f 2292 2293 2295
f 2291 2295 2302
f 2294 2295 2293
f 2294 2293 2349
f 2286 2302 2299
f 2296 2297 2298
f 2297 2300 2298
f 2295 2322 2302
f 2297 2299 2300
f 2299 2301 2300
f 2299 2302 2301
f 2303 2302 2322
f 2304 2316 2305
f 2305 2316 2307
f 2306 2307 2316
f 2306 2338 2307
f 2306 2311 2338
f 2308 2310 2309
f 2308 2315 2310
f 2308 2313 2315
f 2314 2315 2313
f 2314 2312 2315
f 2306 2320 2311
f 2315 2312 2320
f 2311 2320 2312
f 2294 2308 2295
f 2308 2309 2295
f 2294 2349 2308
f 2309 2322 2295
f 2308 2349 2313
f 2314 2313 2349
f 2309 2310 2324
f 2310 2315 2324
f 2304 2305 2346
f 2305 2307 2333
f 2315 2320 2321
f 2309 2324 2322
f 2315 2321 2324
f 2320 2319 2321
f 2303 2322 2323
f 2323 2322 2325
f 2324 2321 2325
f 2322 2324 2325
f 2306 2316 2320
f 2316 2318 2320
f 2318 2317 2319
f 2318 2319 2320
f 2317 2326 2319
f 2292 2240 2327
f 2235 2286 2285
f 2235 2240 2286
f 2240 2290 2286
f 2240 2292 2290
f 2329 2349 2327
f 2329 2327 2328
f 2330 2331 2276
f 2330 2332 2331
f 2330 2345 2332
f 2330 2346 2345
f 2276 2331 2332
f 2307 2342 2333
f 2307 2338 2342
f 2314 2337 2340
f 2311 2340 2338
f 2333 2334 2346
f 2305 2333 2346
f 2334 2342 2348
f 2339 2348 2338
f 2342 2338 2348
f 2329 2336 2349
f 2334 2333 2342
f 2314 2336 2337
f 2329 2328 2343
f 2329 2335 2336
f 2335 2337 2336
f 2329 2343 2335
f 2337 2341 2340
f 2338 2340 2339
f 2339 2340 2341
f 2335 2343 2341
f 2335 2341 2337
f 2344 2347 2345
f 2345 2346 2344
f 2344 2346 2347
f 2334 2347 2346
f 2345 2347 2348
f 2334 2348 2347
f 2328 2327 2467
f 2339 2464 2348
f 2332 2345 2459
f 2345 2348 2463
f 2328 2473 2343
f 2341 2343 2458
f 2339 2341 2458
f 2292 2327 2293
f 2293 2327 2349
f 2312 2314 2340
f 2312 2340 2311
f 2314 2349 2336
f 2162 2352 2350
f 2142 2364 2352
f 2350 2364 2351
f 2351 2365 2355
f 2350 2352 2364
f 2360 2355 2365
f 2351 2364 2365
f 1783 2354 2353
f 1783 2351 2354
f 2351 2355 2354
f 2360 2358 2355
f 2353 2354 2356
f 2354 2355 2358
f 2354 2358 2356
f 2353 2356 1785
f 1785 2357 1786
f 1785 2356 2357
f 2359 1787 1786
f 2357 2359 1786
f 2356 2358 2357
f 2357 2358 2359
f 2359 2361 2378
f 1787 2359 2377
f 2359 2378 2377
f 2360 2361 2358
f 2360 2365 2371
f 2360 2371 2361
f 2358 2361 2359
f 2361 2371 2362
f 2361 2362 2363
f 2361 2363 2378
f 2363 2379 2378
f 2363 2390 2379
f 2389 2399 2398
f 2179 2367 2364
f 2364 2369 2365
f 2365 2369 2366
f 2367 2368 2369
f 2364 2367 2369
f 2366 2369 2370
f 2366 2370 2373
f 2368 2370 2369
f 2365 2366 2371
f 2362 2371 2375
f 2362 2372 2363
f 2363 2372 2390
f 2362 2375 2372
f 2372 2393 2390
f 2372 2396 2393
f 2366 2373 2371
f 2371 2373 2374
f 2371 2374 2375
f 2370 2447 2373
f 2373 2447 2374
f 2372 2376 2396
f 2372 2375 2376
f 2392 2449 2451
f 2389 2395 2452
f 1803 2377 2382
f 2377 2378 2382
f 2378 2379 2382
f 2379 2387 2382
f 2379 2390 2387
f 1802 1803 2380
f 1803 2382 2380
f 2380 2386 1800
f 1801 2386 2383
f 2382 2381 2380
f 2381 2386 2380
f 2381 2382 2388
f 2381 2388 2386
f 2384 2383 2385
f 2383 2386 2385
f 2385 2386 2388
f 2382 2387 2388
f 2383 2384 2389
f 2384 2385 2395
f 2385 2388 2392
f 2387 2390 2391
f 2387 2391 2388
f 2388 2391 2392
f 2385 2392 2395
f 2384 2395 2389
f 2390 2393 2391
f 2391 2393 2394
f 2392 2391 2396
f 2394 2396 2391
f 2393 2396 2394
f 2392 2396 2397
f 2392 2450 2395
f 2392 2397 2449
f 2392 2451 2450
f 2222 2398 2399
f 2398 2222 2219
f 1805 2402 1806
f 1805 1808 2402
f 1806 2409 1810
f 1808 2401 2402
f 1808 2623 2622
f 1808 2622 2401
f 2402 2403 1806
f 1806 2403 2405
f 1806 2407 2408
f 2407 1806 2405
f 1806 2408 2409
f 1810 2474 1811
f 2239 2399 2389
f 2239 2389 2240
f 2400 2406 2404
f 2403 2404 2405
f 2404 2406 2405
f 2406 2407 2405
f 2400 2408 2406
f 2407 2406 2408
f 2400 2409 2408
f 2474 1810 2409
f 2426 1811 2474
f 2410 2415 2411
f 2426 2410 1844
f 2411 2415 2412
f 2411 2413 1854
f 2411 2412 2413
f 2412 2414 2413
f 2410 2426 2415
f 2412 2415 2416
f 2415 2427 2416
f 2412 2416 2414
f 2414 2416 2423
f 1868 2413 2419
f 1870 2419 2417
f 2413 2414 2419
f 2419 2418 2417
f 2418 2419 2424
f 1871 2417 2420
f 2417 2418 2420
f 1872 2420 2422
f 2418 2421 2420
f 2418 2424 2421
f 2420 2421 2422
f 2414 2423 2419
f 2419 2423 2424
f 2423 2432 2424
f 2421 2425 2422
f 2421 2424 2432
f 2421 2432 2433
f 2421 2433 2425
f 2415 2429 2427
f 2416 2428 2423
f 2415 2426 2429
f 2416 2427 2430
f 2416 2430 2428
f 2427 2429 2430
f 2423 2428 2432
f 2428 2431 2432
f 2431 2435 2432
f 2428 2435 2431
f 2425 2433 2434
f 2432 2437 2433
f 2428 2430 2435
f 2430 2488 2435
f 2432 2435 2437
f 2434 2437 2661
f 2433 2437 2434
f 2435 2488 2436
f 2435 2436 2437
f 2367 2439 2438
f 2367 2438 2368
f 2368 2447 2370
f 2368 2438 2441
f 2243 2439 2367
f 2439 2442 2440
f 2438 2439 2440
f 2438 2440 2441
f 2368 2441 2444
f 2368 2444 2447
f 2440 2442 2453
f 2247 2443 2442
f 2442 2443 2453
f 2440 2453 2445
f 2440 2445 2441
f 2441 2446 2444
f 2444 2446 2447
f 2441 2445 2446
f 2374 2447 2375
f 2375 2447 2468
f 2446 2465 2447
f 2449 2397 2448
f 2376 2469 2396
f 2396 2471 2397
f 2395 2450 2452
f 2389 2452 2467
f 2375 2469 2376
f 2397 2471 2448
f 2396 2469 2471
f 2450 2451 2466
f 2450 2466 2452
f 2448 2471 2449
f 2449 2472 2451
f 2247 2454 2443
f 2443 2454 2453
f 2445 2453 2455
f 2445 2455 2446
f 2447 2465 2468
f 2453 2454 2455
f 2446 2455 2465
f 2282 2455 2454
f 2282 2456 2455
f 2465 2455 2468
f 2455 2456 2457
f 2455 2457 2468
f 2456 2459 2457
f 2284 2459 2456
f 2457 2462 2470
f 2460 2461 2459
f 2460 2463 2461
f 2457 2459 2461
f 2457 2461 2462
f 2461 2463 2462
f 2464 2462 2463
f 2375 2468 2469
f 2471 2472 2449
f 2451 2472 2466
f 2452 2473 2467
f 2452 2466 2473
f 2468 2471 2469
f 2457 2470 2468
f 2468 2470 2471
f 2462 2472 2470
f 2464 2472 2462
f 2471 2470 2472
f 2466 2472 2473
f 2464 2458 2472
f 2458 2473 2472
f 2240 2389 2327
f 2327 2389 2467
f 2400 2474 2409
f 2426 2474 2484
f 2328 2467 2473
f 2339 2458 2464
f 2343 2473 2458
f 2348 2464 2463
f 2474 2478 2475
f 2474 2476 2477
f 2476 2480 2477
f 2474 2477 2478
f 2477 2480 2478
f 2476 2482 2480
f 2476 2479 2482
f 2478 2480 2481
f 2481 2480 2482
f 2475 2478 2483
f 2478 2481 2483
f 2694 2695 2485
f 2485 2695 2696
f 2475 2484 2474
f 2475 2483 2484
f 2483 2493 2484
f 2493 2485 2496
f 2482 2493 2481
f 2481 2493 2483
f 2493 2694 2485
f 2493 2482 2694
f 2485 2696 2697
f 2485 2697 2486
f 2485 2486 2496
f 2426 2490 2429
f 2429 2490 2430
f 2426 2484 2490
f 2430 2490 2487
f 2430 2487 2495
f 2436 2497 2491
f 2436 2488 2497
f 2437 2489 2726
f 2436 2491 2437
f 2430 2497 2488
f 2437 2492 2489
f 2489 2492 2729
f 2437 2491 2492
f 2487 2490 2494
f 2487 2494 2495
f 2430 2495 2497
f 2492 2503 2729
f 2491 2502 2492
f 2484 2493 2490
f 2493 2494 2490
f 2494 2496 2495
f 2493 2496 2494
f 2496 2498 2495
f 2495 2502 2497
f 2495 2498 2502
f 2498 2501 2499
f 2486 2500 2496
f 2496 2500 2498
f 2498 2500 2501
f 2491 2497 2502
f 2498 2503 2502
f 2492 2502 2503
f 2498 2499 2503
f 1980 2200 1982
f 1982 2201 1985
f 1982 2200 2201
f 2201 2504 1985
f 2504 2518 1985
f 1471 2002 1469
f 1469 2002 1472
f 1472 2003 2505
f 2195 2199 2522
f 2195 2522 2201
f 1472 2505 2506
f 1476 2506 2526
f 2506 2505 2526
f 1985 2518 1984
f 1984 2518 2519
f 2519 2511 1984
f 1989 2508 2507
f 1988 2513 2508
f 2511 2512 1988
f 1988 2512 2513
f 2507 2513 1991
f 2513 2514 1991
f 1995 2514 2515
f 1995 2515 2516
f 1996 2516 2517
f 2510 2621 2512
f 2512 2621 2513
f 2513 2621 2514
f 2514 2621 2515
f 2516 2515 2621
f 2511 2509 2510
f 2510 2512 2511
f 2507 2508 2513
f 2001 2517 2614
f 2201 2522 2504
f 2520 2518 2504
f 2521 2520 2504
f 2518 2520 2519
f 2511 2519 2520
f 2509 2520 2521
f 2504 2522 2521
f 2511 2520 2509
f 2521 2522 2523
f 2522 2525 2523
f 2522 2524 2525
f 2199 2289 2522
f 2289 2524 2522
f 2524 2550 2525
f 2521 2523 2509
f 2525 2509 2523
f 2474 2510 2509
f 2474 2509 2525
f 2003 2528 2505
f 2004 2527 2528
f 2004 2530 2527
f 2530 2006 2531
f 2006 2532 2531
f 2006 2534 2532
f 2010 2538 2534
f 2010 2536 2538
f 2014 2537 2536
f 2014 2533 2537
f 2505 2528 2526
f 2528 2529 2526
f 2528 2527 2529
f 2527 2530 2529
f 2530 2531 2529
f 1499 2538 2539
f 1501 2539 2590
f 2533 2591 2590
f 1499 2539 1500
f 1500 2539 1501
f 2532 2534 2535
f 2534 2538 2535
f 2536 2537 2539
f 2536 2539 2538
f 2537 2533 2539
f 2539 2533 2590
f 2032 2546 2027
f 2546 2533 2027
f 2540 2034 2668
f 2540 2541 2034
f 2544 2543 2541
f 2542 2543 2544
f 2032 2541 2546
f 2541 2543 2546
f 2542 2547 2546
f 2547 2601 2546
f 2533 2546 2601
f 2547 2545 2601
f 2545 2547 2542
f 2542 2544 2599
f 2544 2548 2599
f 2541 2673 2544
f 2540 2673 2541
f 2544 2673 2548
f 2542 2546 2543
f 2545 2542 2599
f 2548 2673 2599
f 1302 2561 2317
f 1304 2566 2561
f 1304 2582 2566
f 2582 1303 2576
f 1504 2549 2577
f 2576 1502 2577
f 2289 2296 2524
f 2296 2298 2524
f 2298 2300 2524
f 2300 2301 2524
f 2301 2302 2524
f 2302 2550 2524
f 2525 2550 2562
f 2474 2525 2562
f 2608 2679 2681
f 2608 2681 2684
f 2302 2303 2550
f 2303 2323 2550
f 2550 2551 2562
f 2562 2551 2552
f 2321 2319 2555
f 2321 2553 2325
f 2323 2325 2550
f 2561 2326 2317
f 2319 2326 2560
f 2325 2551 2550
f 2325 2553 2551
f 2321 2555 2553
f 2319 2557 2555
f 2551 2553 2552
f 2552 2553 2554
f 2553 2555 2554
f 2555 2556 2554
f 2555 2557 2556
f 2319 2560 2557
f 2326 2561 2560
f 2556 2557 2558
f 2560 2559 2557
f 2557 2559 2558
f 2560 2561 2559
f 2562 2552 2476
f 2552 2563 2476
f 2563 2564 2692
f 2554 2694 2564
f 2476 2563 2692
f 2552 2554 2563
f 2554 2564 2563
f 2556 2558 2565
f 2558 2559 2565
f 2554 2556 2694
f 2556 2565 2694
f 2559 2693 2565
f 2561 2698 2559
f 2559 2698 2693
f 2698 2561 2566
f 2698 2566 2582
f 2611 2613 2572
f 2570 2611 2572
f 2568 2613 2569
f 2572 2613 2568
f 2575 2574 2571
f 2570 2572 2574
f 2572 2568 2573
f 2574 2573 2571
f 2572 2573 2574
f 2581 2574 2575
f 2567 2581 2575
f 2578 2579 2580
f 2577 2578 2580
f 2581 2578 2577
f 2567 2579 2578
f 2567 2580 2579
f 2567 2578 2581
f 2609 2608 2716
f 2609 2716 2610
f 2610 2716 2612
f 2716 2613 2612
f 2576 2584 2582
f 2576 2589 2584
f 2583 2704 2586
f 2583 2571 2720
f 2715 2719 2571
f 2700 2582 2584
f 2584 2589 2700
f 2589 2580 2705
f 2586 2704 2580
f 2567 2586 2580
f 2575 2571 2586
f 2567 2575 2586
f 2583 2586 2571
f 2568 2588 2573
f 2613 2588 2569
f 2568 2569 2588
f 2573 2587 2571
f 2573 2588 2587
f 2585 2587 2588
f 2576 2577 2589
f 2577 2580 2589
f 2585 2588 2714
f 2716 2588 2613
f 2587 2715 2571
f 2585 2715 2587
f 2591 2601 2605
f 1501 2590 1537
f 1537 2590 2592
f 2590 2591 2592
f 2596 2595 2593
f 1540 2592 2594
f 2591 2594 2592
f 1540 2594 2595
f 2593 2595 2594
f 2533 2601 2591
f 2591 2605 2594
f 2593 2594 2605
f 2596 2593 2606
f 1554 1557 2549
f 1556 2581 1557
f 2570 2597 2596
f 1556 2574 2581
f 1557 2577 2549
f 1557 2581 2577
f 2570 2598 2597
f 1556 2598 2574
f 2596 2597 2595
f 1555 2597 2598
f 2545 2599 2601
f 2599 2600 2601
f 2603 2604 2602
f 2602 2604 2606
f 2604 2609 2606
f 2593 2605 2602
f 2593 2602 2606
f 2600 2605 2601
f 2600 2602 2605
f 2600 2599 2673
f 2673 2602 2600
f 2602 2673 2603
f 2603 2673 2674
f 2678 2603 2674
f 2603 2608 2604
f 2604 2608 2609
f 2607 2603 2677
f 2603 2679 2608
f 2603 2607 2679
f 2609 2610 2606
f 2570 2610 2611
f 2610 2612 2611
f 2611 2612 2613
f 2596 2606 2610
f 2570 2596 2610
f 2570 2574 2598
f 1808 1809 2627
f 1808 2625 2623
f 1809 2089 2628
f 2089 2091 2634
f 2401 2621 2510
f 2516 2621 2623
f 2516 2623 2517
f 2517 2623 2614
f 2623 2624 2614
f 1808 2627 2625
f 2093 2635 2091
f 2001 2614 2616
f 2097 2616 2615
f 2097 2615 2617
f 2617 2619 2099
f 2099 2619 2620
f 2614 2624 2616
f 2615 2616 2624
f 2615 2624 2617
f 2617 2624 2618
f 1809 2628 2627
f 2089 2634 2628
f 2091 2635 2634
f 2093 2637 2636
f 2093 2636 2635
f 2617 2618 2619
f 2093 2102 2637
f 2102 2104 2638
f 2104 2106 2641
f 2106 2131 2641
f 2132 2641 2131
f 2646 2132 2129
f 2129 2128 2646
f 2102 2638 2637
f 2104 2640 2638
f 2104 2641 2640
f 2642 2641 2132
f 2642 2132 2643
f 2132 2644 2643
f 2644 2132 2645
f 2132 2646 2645
f 2128 2653 2646
f 2401 2510 2402
f 2510 2403 2402
f 2403 2510 2404
f 2400 2404 2510
f 2401 2622 2621
f 2622 2623 2621
f 2624 2623 2625
f 2625 2627 2624
f 2400 2510 2474
f 2624 2627 2626
f 2624 2626 2618
f 2619 2618 2631
f 2633 2670 2671
f 2619 2632 2620
f 2620 2633 2671
f 2618 2626 2629
f 2627 2628 2626
f 2628 2629 2626
f 2618 2629 2630
f 2618 2630 2631
f 2619 2631 2632
f 2620 2632 2633
f 2628 2634 2629
f 2629 2634 2635
f 2629 2635 2630
f 2630 2636 2631
f 2636 2632 2631
f 2630 2635 2636
f 2636 2637 2632
f 2632 2638 2633
f 2632 2637 2638
f 2633 2639 2670
f 2670 2639 2642
f 2633 2638 2639
f 2638 2640 2639
f 2642 2643 2672
f 2643 2644 2672
f 2639 2640 2642
f 2642 2640 2641
f 2644 2645 2672
f 2645 2646 2672
f 2672 2646 2649
f 2647 2673 2651
f 2649 2650 2672
f 2650 2651 2672
f 2649 2648 2650
f 2648 2651 2650
f 2648 2675 2651
f 2651 2675 2647
f 2647 2676 2674
f 2674 2676 2678
f 2675 2676 2647
f 2646 2689 2649
f 2689 2648 2649
f 2648 2689 2675
f 2128 2652 2653
f 2652 2665 2666
f 2653 2666 2688
f 2653 2652 2666
f 2646 2653 2689
f 2135 2657 2658
f 2657 2659 2658
f 1872 2422 2654
f 2125 2654 2655
f 2422 2656 2654
f 2654 2657 2655
f 2135 2655 2657
f 2422 2425 2656
f 2654 2656 2657
f 2425 2660 2656
f 2656 2660 2657
f 2128 2658 2652
f 2658 2659 2665
f 2659 2664 2665
f 2664 2727 2666
f 2425 2434 2660
f 2434 2661 2660
f 2660 2661 2662
f 2657 2664 2659
f 2657 2660 2664
f 2437 2663 2662
f 2662 2663 2728
f 2437 2662 2661
f 2660 2727 2664
f 2660 2662 2727
f 2662 2728 2727
f 2652 2658 2665
f 2664 2666 2665
f 2620 2671 2140
f 2667 2140 2669
f 2670 2669 2140
f 2670 2140 2671
f 2667 2668 2034
f 2667 2669 2668
f 2669 2670 2672
f 2668 2669 2672
f 2540 2668 2672
f 2642 2672 2670
f 2651 2540 2672
f 2651 2673 2540
f 2647 2674 2673
f 2689 2676 2675
f 2676 2689 2678
f 2677 2678 2690
f 2678 2689 2690
f 2679 2677 2690
f 2686 2691 2713
f 2679 2680 2681
f 2680 2683 2681
f 2681 2683 2684
f 2685 2680 2682
f 2680 2685 2683
f 2679 2690 2682
f 2679 2682 2680
f 2682 2686 2685
f 2685 2713 2687
f 2683 2687 2684
f 2685 2687 2683
f 2685 2686 2713
f 2682 2691 2686
f 2688 2730 2690
f 2653 2688 2689
f 2688 2690 2689
f 2690 2730 2691
f 2691 2730 2731
f 2682 2690 2691
f 2476 2474 2562
f 2482 2692 2564
f 2564 2694 2482
f 2476 2692 2479
f 2479 2692 2482
f 2565 2693 2694
f 2693 2695 2694
f 2693 2696 2695
f 2693 2698 2696
f 2698 2697 2696
f 2698 2582 2700
f 2707 2720 2709
f 2700 2699 2698
f 2700 2701 2699
f 2699 2701 2703
f 2699 2706 2702
f 2699 2703 2705
f 2705 2706 2699
f 2700 2703 2701
f 2706 2707 2702
f 2700 2705 2703
f 2704 2706 2705
f 2702 2707 2709
f 2708 2731 2712
f 2712 2731 2733
f 2486 2698 2699
f 2486 2697 2698
f 2486 2699 2702
f 2501 2702 2709
f 2501 2709 2710
f 2486 2702 2500
f 2500 2702 2501
f 2709 2711 2710
f 2709 2720 2711
f 2708 2711 2720
f 2708 2712 2711
f 2712 2733 2734
f 2710 2711 2734
f 2711 2712 2734
f 2716 2684 2713
f 2713 2691 2716
f 2691 2717 2716
f 2716 2608 2684
f 2687 2713 2684
f 2714 2719 2715
f 2720 2707 2583
f 2585 2714 2715
f 2716 2714 2588
f 2720 2571 2719
f 2589 2705 2700
f 2704 2705 2580
f 2704 2583 2706
f 2707 2706 2583
f 2716 2718 2714
f 2714 2718 2719
f 2717 2719 2718
f 2716 2717 2718
f 2708 2719 2717
f 2708 2720 2719
f 2691 2708 2717
f 2691 2731 2708
f 2666 2727 2721
f 2725 2727 2728
f 2724 2725 2728
f 2721 2727 2725
f 2722 2732 2724
f 2722 2724 2729
f 2721 2725 2730
f 2723 2725 2732
f 2725 2731 2730
f 2723 2731 2725
f 2724 2732 2725
f 2437 2726 2663
f 2663 2726 2728
f 2726 2729 2728
f 2489 2729 2726
f 2724 2728 2729
f 2666 2721 2688
f 2688 2721 2730
f 2503 2722 2729
f 2503 2732 2722
f 2723 2733 2731
f 2723 2734 2733
f 2723 2732 2734
f 2499 2501 2710
f 2503 2734 2732
f 2499 2734 2503
f 2499 2710 2734
f 2678 2677 2603
f 2607 2677 2679
