# https://github.com/mikedh/trimesh

o geometry_0
v -0.06664743 -0.00002118 0.02376981
v -0.06477275 -0.00002118 0.02376981
v -0.06654008 -0.00002118 0.02452793
v -0.06664743 0.01317367 0.02376981
v -0.06299878 -0.00002118 0.02377230
v -0.06299878 0.00077592 0.02376981
v -0.06642719 -0.00002118 0.02532411
v -0.06642719 0.01317367 0.02532411
v -0.06620698 0.01484245 0.02541598
v -0.06645154 0.01472280 0.02377478
v -0.06645265 0.01471814 0.02376981
v -0.06018345 -0.00002118 0.03222408
v -0.05940104 0.00392546 0.02376981
v -0.05605008 0.00393013 0.03222408
v -0.06629108 -0.00002118 0.02602098
v -0.06614722 0.01317367 0.02675591
v -0.06609852 0.01440428 0.02653742
v -0.06594912 0.01543755 0.02599284
v -0.06605979 0.01555253 0.02495995
v -0.06612840 0.01560692 0.02377478
v -0.06645154 0.01472280 0.02376981
v -0.06435554 -0.00002118 0.03222408
v -0.05899047 0.00542488 0.02376981
v -0.05534846 0.00542488 0.03222408
v -0.06614722 -0.00002118 0.02675591
v -0.06597237 0.01317367 0.02753140
v -0.06500957 0.01472280 0.02997292
v -0.06572447 0.01317367 0.02842359
v -0.06449166 0.01553544 0.03086428
v -0.06461782 0.01561313 0.02997292
v -0.06479931 0.01567373 0.02842359
v -0.06612951 0.01560381 0.02376981
v -0.06522427 0.01578405 0.02377478
v -0.06522427 0.01578405 0.02376981
v -0.06438874 -0.00002118 0.03215456
v -0.06435554 0.01317367 0.03222408
v -0.05897940 0.00697557 0.02376981
v -0.05534182 0.00697557 0.03222408
v -0.06597237 -0.00002118 0.02753140
v -0.06461007 0.01472280 0.03115147
v -0.06523422 0.01317367 0.02997292
v -0.06572447 -0.00002118 0.02842359
v -0.06395271 0.01495898 0.03222408
v -0.06342927 0.01564731 0.03222408
v -0.06408884 0.01472280 0.03222408
v -0.06367494 0.01579027 0.02997292
v -0.06367494 0.01585086 0.02842359
v -0.06367494 0.01585242 0.02687426
v -0.06367494 0.01585242 0.02376981
v -0.06470746 -0.00002118 0.03137990
v -0.06438874 0.01317367 0.03215456
v -0.06433562 0.01329020 0.03222408
v -0.05897940 0.01162764 0.02376981
v -0.05534182 0.01162298 0.03222408
v -0.06470746 0.01317367 0.03137990
v -0.06523422 -0.00002118 0.02997292
v -0.06212452 0.01583222 0.03222408
v -0.06212452 0.01585242 0.03152308
v -0.06212452 0.01585242 0.02376981
v -0.05898494 0.01317833 0.02376981
v -0.05534625 0.01317367 0.03222408
v -0.06057631 0.01585242 0.03222408
v -0.06057631 0.01585242 0.02687426
v -0.06057631 0.01584776 0.02532411
v -0.06057631 0.01582600 0.02376981
v -0.05919741 0.01472280 0.02376981
v -0.05539383 0.01344869 0.03222408
v -0.05902588 0.01585242 0.03222408
v -0.05902588 0.01585242 0.03152308
v -0.05902588 0.01584309 0.02997292
v -0.05742787 0.01577783 0.03222408
v -0.05629465 0.01564110 0.03222408
v -0.05960245 0.01564887 0.02376981
v -0.05561959 0.01474300 0.03222408
v -0.05589515 0.01515476 0.03222408
f 1 2 5
f 1 5 12
f 1 12 22
f 1 22 35
f 1 35 50
f 1 50 56
f 1 56 42
f 1 42 39
f 1 39 25
f 1 25 15
f 1 15 7
f 1 7 3
f 1 3 4
f 1 4 11
f 1 11 21
f 1 21 32
f 1 32 34
f 1 34 49
f 1 49 59
f 1 59 65
f 1 65 73
f 1 73 66
f 1 66 60
f 1 60 53
f 1 53 37
f 1 37 23
f 1 23 13
f 1 13 6
f 1 6 2
f 2 6 5
f 3 7 8
f 3 8 4
f 4 8 9
f 4 9 10
f 4 10 11
f 5 6 13
f 5 13 14
f 5 14 12
f 7 15 8
f 8 16 17
f 8 17 9
f 8 15 16
f 9 18 19
f 9 19 10
f 9 17 18
f 10 19 20
f 10 20 21
f 10 21 11
f 12 14 24
f 12 24 38
f 12 38 54
f 12 54 61
f 12 61 67
f 12 67 74
f 12 74 75
f 12 75 72
f 12 72 71
f 12 71 68
f 12 68 62
f 12 62 57
f 12 57 44
f 12 44 43
f 12 43 45
f 12 45 52
f 12 52 36
f 12 36 22
f 13 23 24
f 13 24 14
f 15 25 16
f 16 26 17
f 16 25 39
f 16 39 26
f 17 27 18
f 17 26 28
f 17 28 27
f 18 29 19
f 18 27 29
f 19 29 30
f 19 30 31
f 19 31 20
f 20 32 21
f 20 31 33
f 20 33 34
f 20 34 32
f 22 36 51
f 22 51 35
f 23 37 24
f 24 37 38
f 26 39 42
f 26 42 28
f 27 40 29
f 27 28 41
f 27 41 40
f 28 42 56
f 28 56 41
f 29 43 44
f 29 44 30
f 29 40 45
f 29 45 43
f 30 44 46
f 30 46 31
f 31 46 47
f 31 47 33
f 33 47 48
f 33 48 49
f 33 49 34
f 35 51 55
f 35 55 50
f 36 52 40
f 36 40 51
f 37 53 54
f 37 54 38
f 40 41 55
f 40 55 51
f 40 52 45
f 41 56 50
f 41 50 55
f 44 57 46
f 46 57 47
f 47 58 48
f 47 57 58
f 48 58 62
f 48 62 68
f 48 68 69
f 48 69 63
f 48 63 59
f 48 59 49
f 53 60 61
f 53 61 54
f 57 62 58
f 59 63 64
f 59 64 65
f 60 66 61
f 61 66 67
f 63 69 64
f 64 69 70
f 64 70 65
f 65 70 71
f 65 71 72
f 65 72 73
f 66 73 74
f 66 74 67
f 68 71 69
f 69 71 70
f 72 75 73
f 73 75 74

o geometry_1
v -0.03114328 0.01596292 0.04547160
v -0.03114328 0.01596135 0.04702152
v -0.03114328 0.01596292 0.04237297
v -0.04915596 0.01585196 0.04392169
v -0.03114328 0.01595979 0.04703356
v -0.04817554 0.01584415 0.04547160
v -0.04352557 0.01584102 0.04702152
v -0.03114328 0.01596135 0.04082305
v -0.04915596 0.01585196 0.04082305
v -0.04915596 0.01575975 0.04552696
v -0.03114328 0.01572850 0.04834882
v -0.04197734 0.01567536 0.04812861
v -0.04915596 0.01561598 0.04643429
v -0.04817554 0.01566755 0.04658350
v -0.04507556 0.01577226 0.04702152
v -0.04352557 0.01566442 0.04804919
v -0.03114328 0.01573163 0.03960045
v -0.04915596 0.01565661 0.03793862
v -0.04915596 0.01584258 0.03927314
v -0.03114328 0.01572068 0.04835604
v -0.04042735 0.01567536 0.04819479
v -0.03887912 0.01567536 0.04823931
v -0.04042735 0.01472206 0.04891440
v -0.04915596 0.01476269 0.04682658
v -0.04595371 0.01552377 0.04782416
v -0.04507556 0.01559566 0.04792163
v -0.04197734 0.01472206 0.04876157
v -0.03114328 0.01572850 0.03958962
v -0.04915596 0.01472206 0.03730445
v -0.03114328 0.01472206 0.03888927
v -0.03114328 0.01474707 0.04912258
v -0.03732913 0.01473613 0.04902871
v -0.03814028 0.01395473 0.04934760
v -0.03874511 0.01457203 0.04907204
v -0.04915596 0.01317334 0.04707086
v -0.04817554 0.01317334 0.04747519
v -0.04629403 0.01472206 0.04793246
v -0.04507556 0.01472206 0.04824894
v -0.04352557 0.01472206 0.04855099
v -0.04197734 0.01317334 0.04906121
v -0.04915596 0.01444076 0.03725752
v -0.03114328 0.01317334 0.03864860
v -0.03114328 0.01474082 0.04912619
v -0.04042735 0.01317334 0.04923569
v -0.03893379 0.01317334 0.04932354
v -0.03815791 0.01317334 0.04934760
v -0.03732913 0.01317334 0.04935121
v -0.03732913 0.01396254 0.04934881
v -0.04895318 -0.00000256 0.04715510
v -0.04866751 -0.00000256 0.04727302
v -0.04915596 -0.00000256 0.04707086
v -0.04817554 -0.00000256 0.04747519
v -0.04776820 -0.00000256 0.04762801
v -0.04735734 0.01317334 0.04778204
v -0.04658146 0.01317334 0.04802512
v -0.04507556 0.01317334 0.04845231
v -0.04352557 0.01317334 0.04880128
v -0.04197734 -0.00000256 0.04906121
v -0.04915596 0.01317334 0.03706258
v -0.03114328 0.00542501 0.03864860
v -0.04915596 0.01162305 0.03705897
v -0.03114328 0.01397192 0.04934881
v -0.03577914 0.01396567 0.04934881
v -0.04042735 -0.00000256 0.04923569
v -0.03893379 -0.00000256 0.04932354
v -0.03854761 -0.00000256 0.04933557
v -0.03815791 -0.00000256 0.04934760
v -0.03732913 0.00387472 0.04935121
v -0.03577914 0.01317334 0.04935241
v -0.04915596 -0.00000256 0.04135975
v -0.04735734 -0.00000256 0.04778204
v -0.04697116 -0.00000256 0.04790358
v -0.04583203 -0.00000256 0.04823811
v -0.04658146 -0.00000256 0.04802512
v -0.04507556 -0.00000256 0.04845231
v -0.04352557 -0.00000256 0.04880128
v -0.03114328 0.00390129 0.03934775
v -0.04915596 0.00384347 0.03773886
v -0.04915596 0.00540001 0.03707220
v -0.04915596 0.00542501 0.03706378
v -0.04915596 0.00697530 0.03705897
v -0.03114328 0.01317334 0.04935241
v -0.03807503 -0.00000256 0.04934760
v -0.03577914 0.00542501 0.04935241
v -0.03114328 0.00542501 0.04935241
v -0.03732913 -0.00000256 0.04268103
v -0.03114328 0.00314959 0.04082305
v -0.03631521 -0.00000256 0.04293975
v -0.03681953 -0.00000256 0.04281099
v -0.03729916 -0.00000256 0.04918636
v -0.03114328 0.00464206 0.04934881
v -0.03114328 0.00314803 0.04235853
v -0.03589200 -0.00000256 0.04547160
v -0.03593785 -0.00000256 0.04469905
v -0.03598545 -0.00000256 0.04392169
v -0.03614945 -0.00000256 0.04343192
v -0.03623409 -0.00000256 0.04841140
v -0.03114328 0.00463424 0.04934159
v -0.03114328 0.00314803 0.04702152
v -0.03589729 -0.00000256 0.04624897
v -0.03590258 -0.00000256 0.04702152
v -0.03114328 0.00389035 0.04857144
f 76 77 80
f 76 80 86
f 76 86 95
f 76 95 106
f 76 106 118
f 76 118 137
f 76 137 157
f 76 157 160
f 76 160 166
f 76 166 173
f 76 173 177
f 76 177 174
f 76 174 167
f 76 167 162
f 76 162 152
f 76 152 135
f 76 135 117
f 76 117 105
f 76 105 103
f 76 103 92
f 76 92 83
f 76 83 78
f 76 78 84
f 76 84 79
f 76 79 77
f 77 79 81
f 77 81 82
f 77 82 80
f 78 83 84
f 79 84 94
f 79 94 93
f 79 93 104
f 79 104 116
f 79 116 134
f 79 134 136
f 79 136 156
f 79 156 155
f 79 155 154
f 79 154 153
f 79 153 145
f 79 145 126
f 79 126 110
f 79 110 99
f 79 99 88
f 79 88 85
f 79 85 81
f 80 82 87
f 80 87 86
f 81 85 88
f 81 88 89
f 81 89 90
f 81 90 82
f 82 90 91
f 82 91 87
f 83 92 93
f 83 93 94
f 83 94 84
f 86 87 96
f 86 96 97
f 86 97 95
f 87 91 98
f 87 98 96
f 88 99 100
f 88 100 101
f 88 101 89
f 89 101 90
f 90 101 91
f 91 102 98
f 91 101 102
f 92 103 93
f 93 103 105
f 93 105 104
f 95 97 107
f 95 107 106
f 96 98 107
f 96 107 97
f 98 108 109
f 98 109 107
f 98 102 108
f 99 110 111
f 99 111 112
f 99 112 100
f 100 112 113
f 100 113 114
f 100 114 101
f 101 114 102
f 102 114 115
f 102 115 108
f 104 105 116
f 105 117 116
f 106 107 118
f 107 109 108
f 107 108 118
f 108 115 119
f 108 119 120
f 108 120 121
f 108 121 122
f 108 122 123
f 108 123 118
f 110 124 125
f 110 125 111
f 110 126 124
f 111 125 127
f 111 127 128
f 111 128 129
f 111 129 112
f 112 130 131
f 112 131 113
f 112 129 130
f 113 131 132
f 113 132 114
f 114 132 115
f 115 132 151
f 115 151 133
f 115 133 139
f 115 139 119
f 116 117 134
f 117 135 156
f 117 156 136
f 117 136 134
f 118 123 138
f 118 138 137
f 119 139 140
f 119 140 120
f 120 140 141
f 120 141 121
f 121 141 142
f 121 142 143
f 121 143 122
f 122 143 159
f 122 159 144
f 122 144 123
f 123 144 138
f 124 126 145
f 124 145 161
f 124 161 164
f 124 164 163
f 124 163 171
f 124 171 170
f 124 170 169
f 124 169 168
f 124 168 175
f 124 175 176
f 124 176 172
f 124 172 165
f 124 165 158
f 124 158 142
f 124 142 141
f 124 141 140
f 124 140 139
f 124 139 133
f 124 133 151
f 124 151 150
f 124 150 148
f 124 148 149
f 124 149 147
f 124 147 146
f 124 146 128
f 124 128 127
f 124 127 125
f 128 146 129
f 129 146 147
f 129 147 130
f 130 148 131
f 130 147 149
f 130 149 148
f 131 148 150
f 131 150 151
f 131 151 132
f 135 152 153
f 135 153 154
f 135 154 155
f 135 155 156
f 137 138 144
f 137 144 157
f 142 158 143
f 143 158 160
f 143 160 159
f 144 159 160
f 144 160 157
f 145 153 152
f 145 152 161
f 152 162 163
f 152 163 164
f 152 164 161
f 158 165 166
f 158 166 160
f 162 167 168
f 162 168 169
f 162 169 170
f 162 170 171
f 162 171 163
f 165 172 173
f 165 173 166
f 167 174 168
f 168 174 175
f 172 176 174
f 172 174 177
f 172 177 173
f 174 176 175

o geometry_2
v -0.06435453 0.00003067 0.03222553
v -0.06018154 0.00003067 0.03222553
v -0.06394839 0.00003067 0.03307432
v -0.06435453 0.01317313 0.03222553
v -0.04915772 0.00003067 0.04135869
v -0.05605021 0.00393035 0.03222553
v -0.04915772 0.00384362 0.03773827
v -0.06323429 0.00003067 0.03444923
v -0.06394839 0.01317313 0.03307432
v -0.06312867 0.01472340 0.03426901
v -0.06433519 0.01328928 0.03222553
v -0.04915772 0.00003067 0.04707200
v -0.05534802 0.00542487 0.03222553
v -0.04915772 0.00540009 0.03707262
v -0.05013663 0.00423545 0.03675868
v -0.06300816 0.00003067 0.03485183
v -0.06323429 0.01317313 0.03444923
v -0.06408823 0.01472340 0.03222553
v -0.06279840 0.01317313 0.03522390
v -0.06146394 0.01439507 0.03710750
v -0.06129285 0.01542807 0.03689094
v -0.06298139 0.01556126 0.03400885
v -0.04929608 0.00003067 0.04701532
v -0.04915772 0.01317313 0.04707200
v -0.05534654 0.00572067 0.03222553
v -0.04915772 0.00542487 0.03706390
v -0.06279840 0.00003067 0.03522390
v -0.06395285 0.01495880 0.03222553
v -0.06219588 0.01317313 0.03617296
v -0.06005063 0.01472340 0.03880216
v -0.06089564 0.01483645 0.03766415
v -0.06152196 0.01317313 0.03718599
v -0.06094324 0.01317313 0.03796210
v -0.06016815 0.01317313 0.03894314
v -0.05988847 0.01555816 0.03860741
v -0.06159634 0.01561546 0.03585758
v -0.06211703 0.01567741 0.03456405
v -0.06315991 0.01563405 0.03307432
v -0.06342918 0.01564798 0.03222553
v -0.04972751 0.00003067 0.04683655
v -0.04972751 0.01317313 0.04683655
v -0.04915772 0.01476366 0.04682638
v -0.04981529 0.01478999 0.04657639
v -0.05066327 0.01431918 0.04632786
v -0.05534207 0.00697514 0.03222553
v -0.04915772 0.00695810 0.03705954
v -0.06219588 0.00003067 0.03617296
v -0.05950464 0.01317313 0.03971635
v -0.05937522 0.01472340 0.03957828
v -0.06152196 0.00003067 0.03718599
v -0.06094324 0.00003067 0.03796210
v -0.06016815 0.00003067 0.03894314
v -0.05982301 0.00003067 0.03934573
v -0.05839631 0.01558294 0.04019743
v -0.05895717 0.01565573 0.03918441
v -0.06020981 0.01563095 0.03772374
v -0.06069480 0.01570993 0.03629360
v -0.05902560 0.01580750 0.03772374
v -0.06212447 0.01581060 0.03307432
v -0.06212447 0.01583228 0.03222553
v -0.05021548 0.00003067 0.04661273
v -0.05074361 0.01317313 0.04636856
v -0.04915772 0.01561701 0.04643396
v -0.04935857 0.01560617 0.04640344
v -0.05039103 0.01535218 0.04614473
v -0.05286209 0.01463822 0.04501108
v -0.05363717 0.01406519 0.04472040
v -0.05151870 0.01317313 0.04596742
v -0.05534207 0.01162286 0.03222553
v -0.04915772 0.01162286 0.03705954
v -0.05872956 0.01317313 0.04053897
v -0.05860012 0.01472340 0.04040672
v -0.05950464 0.00003067 0.03971635
v -0.05782057 0.01472340 0.04118137
v -0.05684018 0.01557365 0.04171913
v -0.05740402 0.01566502 0.04075698
v -0.05747543 0.01582609 0.03927306
v -0.06057430 0.01585242 0.03462364
v -0.06057430 0.01585242 0.03222553
v -0.05074361 0.00003067 0.04636856
v -0.05111702 0.00003067 0.04617671
v -0.04915772 0.01576104 0.04552704
v -0.05127769 0.01566812 0.04513462
v -0.05236817 0.01560617 0.04486574
v -0.05340063 0.01509819 0.04450675
v -0.05282638 0.01317313 0.04522764
v -0.05519479 0.01552254 0.04317835
v -0.05535993 0.01472340 0.04330625
v -0.05550274 0.01317313 0.04341670
v -0.05443012 0.01317313 0.04419136
v -0.05365503 0.01317313 0.04473203
v -0.05214651 0.00003067 0.04561279
v -0.05151870 0.00003067 0.04596742
v -0.05534654 0.01317313 0.03222553
v -0.04915772 0.01317313 0.03706244
v -0.05795595 0.01317313 0.04131364
v -0.05872956 0.00003067 0.04053897
v -0.05832788 0.00003067 0.04094157
v -0.05704548 0.01472340 0.04190372
v -0.05579730 0.01562940 0.04229032
v -0.05437656 0.01578118 0.04237171
v -0.05592674 0.01581989 0.04082239
v -0.05282638 0.01585242 0.04237171
v -0.05592674 0.01585242 0.03927306
v -0.05902560 0.01585242 0.03617296
v -0.05902560 0.01585242 0.03222553
v -0.04915772 0.01585242 0.04392103
v -0.04972751 0.01585242 0.04392103
v -0.05127769 0.01584467 0.04392103
v -0.05286209 0.01570529 0.04396318
v -0.05322509 0.00003067 0.04498928
v -0.05282638 0.00003067 0.04522764
v -0.05613501 0.01472340 0.04267838
v -0.05627783 0.01317313 0.04280192
v -0.05587615 0.00003067 0.04312166
v -0.05550274 0.00003067 0.04341670
v -0.05443012 0.00003067 0.04419136
v -0.05365503 0.00003067 0.04473203
v -0.05539414 0.01344880 0.03222553
v -0.05562027 0.01474198 0.03222553
v -0.04915772 0.01443998 0.03725720
v -0.05718086 0.01317313 0.04202725
v -0.05795595 0.00003067 0.04131364
v -0.05747543 0.01585242 0.03307432
v -0.05742633 0.01577808 0.03222553
v -0.04915772 0.01585242 0.04082239
v -0.05671224 0.00003067 0.04242985
v -0.05627783 0.00003067 0.04280192
v -0.05589550 0.01515549 0.03222553
v -0.04915772 0.01472340 0.03730516
v -0.05718086 0.00003067 0.04202725
v -0.04972751 0.01585242 0.03927306
v -0.04915772 0.01584158 0.03927306
v -0.04915772 0.01565728 0.03793884
v -0.05629420 0.01564179 0.03222553
f 178 179 182
f 178 182 189
f 178 189 200
f 178 200 217
f 178 217 238
f 178 238 257
f 178 257 258
f 178 258 270
f 178 270 269
f 178 269 289
f 178 289 288
f 178 288 295
f 178 295 294
f 178 294 293
f 178 293 292
f 178 292 305
f 178 305 304
f 178 304 308
f 178 308 300
f 178 300 275
f 178 275 274
f 178 274 250
f 178 250 230
f 178 230 229
f 178 229 228
f 178 228 227
f 178 227 224
f 178 224 204
f 178 204 193
f 178 193 185
f 178 185 180
f 178 180 186
f 178 186 181
f 178 181 188
f 178 188 195
f 178 195 205
f 178 205 216
f 178 216 237
f 178 237 256
f 178 256 283
f 178 283 302
f 178 302 312
f 178 312 306
f 178 306 297
f 178 297 296
f 178 296 271
f 178 271 246
f 178 246 222
f 178 222 202
f 178 202 190
f 178 190 183
f 178 183 179
f 179 183 184
f 179 184 182
f 180 185 194
f 180 194 186
f 181 186 187
f 181 187 188
f 182 184 191
f 182 191 203
f 182 203 223
f 182 223 247
f 182 247 272
f 182 272 298
f 182 298 307
f 182 307 311
f 182 311 310
f 182 310 303
f 182 303 284
f 182 284 259
f 182 259 240
f 182 240 219
f 182 219 201
f 182 201 189
f 183 190 191
f 183 191 192
f 183 192 184
f 184 192 191
f 185 193 194
f 186 194 187
f 187 195 188
f 187 194 196
f 187 196 197
f 187 197 198
f 187 198 199
f 187 199 195
f 189 201 200
f 190 202 203
f 190 203 191
f 193 204 196
f 193 196 194
f 195 199 205
f 196 206 197
f 196 204 224
f 196 224 206
f 197 207 208
f 197 208 198
f 197 206 209
f 197 209 210
f 197 210 211
f 197 211 207
f 198 208 207
f 198 207 212
f 198 212 199
f 199 212 213
f 199 213 214
f 199 214 215
f 199 215 216
f 199 216 205
f 200 201 218
f 200 218 217
f 201 219 220
f 201 220 221
f 201 221 218
f 202 222 223
f 202 223 203
f 206 224 227
f 206 227 209
f 207 211 225
f 207 225 226
f 207 226 212
f 209 227 228
f 209 228 210
f 210 228 229
f 210 229 211
f 211 229 230
f 211 230 225
f 212 231 232
f 212 232 233
f 212 233 213
f 212 226 231
f 213 233 214
f 214 234 235
f 214 235 236
f 214 236 215
f 214 233 234
f 215 236 216
f 216 236 237
f 217 218 238
f 218 221 239
f 218 239 238
f 219 240 241
f 219 241 242
f 219 242 220
f 220 242 221
f 221 243 244
f 221 244 245
f 221 245 239
f 221 242 243
f 222 246 247
f 222 247 223
f 225 248 249
f 225 249 226
f 225 230 250
f 225 250 274
f 225 274 248
f 226 249 231
f 231 249 251
f 231 251 252
f 231 252 253
f 231 253 232
f 232 253 254
f 232 254 235
f 232 235 233
f 233 235 234
f 235 254 255
f 235 255 236
f 236 255 237
f 237 255 256
f 238 239 257
f 239 245 258
f 239 258 257
f 240 259 260
f 240 260 241
f 241 260 261
f 241 261 242
f 242 261 262
f 242 262 243
f 243 262 244
f 244 263 245
f 244 262 264
f 244 264 265
f 244 265 266
f 244 266 267
f 244 267 268
f 244 268 263
f 245 263 269
f 245 269 270
f 245 270 258
f 246 271 272
f 246 272 247
f 248 273 249
f 248 274 275
f 248 275 273
f 249 273 251
f 251 276 252
f 251 273 276
f 252 264 277
f 252 277 253
f 252 276 264
f 253 278 279
f 253 279 254
f 253 277 278
f 254 279 280
f 254 280 281
f 254 281 282
f 254 282 255
f 255 282 281
f 255 281 280
f 255 280 285
f 255 285 284
f 255 284 303
f 255 303 309
f 255 309 301
f 255 301 283
f 255 283 256
f 259 284 285
f 259 285 286
f 259 286 260
f 260 286 287
f 260 287 261
f 261 277 264
f 261 264 262
f 261 287 277
f 263 268 288
f 263 288 289
f 263 289 269
f 264 276 290
f 264 290 265
f 265 290 291
f 265 291 266
f 266 291 292
f 266 292 293
f 266 293 294
f 266 294 267
f 267 294 295
f 267 295 268
f 268 295 288
f 271 296 272
f 272 296 297
f 272 297 298
f 273 299 276
f 273 275 300
f 273 300 308
f 273 308 299
f 276 299 291
f 276 291 290
f 277 287 278
f 278 286 279
f 278 287 286
f 279 286 280
f 280 286 285
f 283 301 302
f 291 299 304
f 291 304 305
f 291 305 292
f 297 306 307
f 297 307 298
f 299 308 304
f 301 309 310
f 301 310 302
f 302 310 311
f 302 311 312
f 303 310 309
f 306 312 307
f 307 312 311

o geometry_3
v -0.06367514 -0.01882081 0.00052721
v -0.06272782 -0.01870647 0.00052721
v -0.06280953 -0.01865484 0.00207682
v -0.06288353 -0.01860689 0.00290518
v -0.06367514 -0.01871385 0.00207682
v -0.06522447 -0.01870463 0.00207682
v -0.06522447 -0.01880974 0.00052721
v -0.06474965 -0.01879868 -0.00054871
v -0.06367514 -0.01880605 -0.00054871
v -0.06273784 -0.01869909 -0.00054871
v -0.06220059 -0.01825282 -0.00054871
v -0.06195239 -0.01806103 0.00052721
v -0.05960220 -0.01564895 0.02376899
v -0.06367514 -0.01861427 0.00293851
v -0.06057573 -0.01582598 0.02376899
v -0.06212582 -0.01585180 0.02376899
v -0.06522447 -0.01860874 0.00291471
v -0.06600607 -0.01860136 0.00287424
v -0.06606619 -0.01864377 0.00207682
v -0.06613711 -0.01869541 0.00052721
v -0.06584882 -0.01872491 -0.00054871
v -0.06522447 -0.01879499 -0.00054871
v -0.06196318 -0.01805366 -0.00054871
v -0.06170573 -0.01781761 -0.00054871
v -0.06111915 -0.01727914 -0.00054871
v -0.06111221 -0.01728651 0.00052721
v -0.05919598 -0.01472321 0.02376899
v -0.06033755 -0.01651014 0.00052721
v -0.05960297 -0.01573562 0.00052721
v -0.06367977 -0.01585180 0.02376899
v -0.06522447 -0.01578357 0.02376899
v -0.06612863 -0.01560653 0.02376899
v -0.06649245 -0.01782314 0.00207682
v -0.06656259 -0.01782314 0.00052721
v -0.06655411 -0.01782314 -0.00054871
v -0.06612785 -0.01868987 -0.00054871
v -0.06034449 -0.01650277 -0.00054871
v -0.05919521 -0.01471767 0.02376899
v -0.05939254 -0.01503302 -0.00054871
v -0.05929850 -0.01472321 -0.00054871
v -0.05960836 -0.01572824 -0.00054871
v -0.06645083 -0.01472505 0.02376899
v -0.06657415 -0.01472321 0.02222414
v -0.06685241 -0.01627225 -0.00054871
v -0.06682543 -0.01627225 0.00517604
v -0.06685241 -0.01627225 0.00362643
v -0.05898401 -0.01317232 0.02376899
v -0.05924300 -0.01364809 -0.00054871
v -0.05917594 -0.01317232 0.00207682
v -0.06664738 -0.01317232 0.02376899
v -0.06678150 -0.01317232 0.02222414
v -0.06684008 -0.01317232 0.02067215
v -0.06662580 -0.01472321 0.02067215
v -0.06685241 -0.00697612 -0.00054871
v -0.06685241 -0.01317232 0.01912254
v -0.05897861 -0.01162327 0.02376899
v -0.05914819 -0.01007238 -0.00054871
v -0.05922142 -0.01317232 -0.00054871
v -0.06664738 0.00001856 0.02376899
v -0.06678150 0.00001856 0.02222414
v -0.06684008 0.00001856 0.02067215
v -0.06642616 -0.00564284 -0.00054871
v -0.06685241 0.00001856 0.00827764
v -0.06684624 0.00001856 0.00672803
v -0.06685241 0.00001856 0.01912254
v -0.05897861 -0.00697059 0.02376899
v -0.05914819 -0.00697612 -0.00054871
v -0.06299914 0.00001856 0.02376899
v -0.06559291 -0.00521685 -0.00054871
v -0.06641999 0.00001856 0.00550215
v -0.05898941 -0.00542523 0.02376899
v -0.05937481 -0.00607620 -0.00054871
v -0.05947424 -0.00396470 0.00517604
v -0.05922681 -0.00542523 0.00362643
v -0.05914819 -0.00542523 0.00517604
v -0.05940102 -0.00392598 0.02376899
v -0.05947424 -0.00394995 0.00672803
v -0.06313866 0.00001856 0.00827764
v -0.06522447 -0.00504166 -0.00054871
v -0.06583649 0.00001856 0.00529030
v -0.05947424 -0.00569263 -0.00054871
v -0.06320804 0.00001856 0.00672803
v -0.06317412 0.00001856 0.00748261
v -0.05955287 -0.00422841 0.00362643
v -0.06414919 -0.00501031 -0.00054871
v -0.06522447 0.00001856 0.00506893
v -0.06057573 -0.00509145 -0.00054871
v -0.06386323 0.00001856 0.00551881
v -0.06354333 0.00001856 0.00610676
v -0.06367514 -0.00499740 -0.00054871
v -0.06456080 0.00001856 0.00528792
v -0.06105055 -0.00506194 -0.00054871
v -0.06212582 -0.00499740 -0.00054871
f 313 314 315
f 313 315 316
f 313 316 317
f 313 317 318
f 313 318 319
f 313 319 320
f 313 320 321
f 313 321 322
f 313 322 314
f 314 322 323
f 314 323 324
f 314 324 325
f 314 325 315
f 315 325 316
f 316 326 317
f 316 325 327
f 316 327 328
f 316 328 326
f 317 326 329
f 317 329 318
f 318 329 330
f 318 330 319
f 319 330 331
f 319 331 332
f 319 332 333
f 319 333 334
f 319 334 320
f 320 334 333
f 320 333 348
f 320 348 347
f 320 347 356
f 320 356 366
f 320 366 374
f 320 374 381
f 320 381 391
f 320 391 397
f 320 397 402
f 320 402 405
f 320 405 404
f 320 404 399
f 320 399 393
f 320 393 384
f 320 384 379
f 320 379 369
f 320 369 370
f 320 370 360
f 320 360 352
f 320 352 351
f 320 351 353
f 320 353 349
f 320 349 337
f 320 337 336
f 320 336 335
f 320 335 323
f 320 323 322
f 320 322 321
f 323 335 324
f 324 335 336
f 324 336 337
f 324 337 338
f 324 338 325
f 325 339 350
f 325 350 359
f 325 359 368
f 325 368 378
f 325 378 383
f 325 383 388
f 325 388 380
f 325 380 371
f 325 371 362
f 325 362 354
f 325 354 344
f 325 344 343
f 325 343 342
f 325 342 328
f 325 328 327
f 325 338 340
f 325 340 341
f 325 341 339
f 326 328 342
f 326 342 329
f 329 342 330
f 330 342 343
f 330 343 344
f 330 344 331
f 331 345 332
f 331 344 345
f 332 345 346
f 332 346 347
f 332 347 348
f 332 348 333
f 337 349 340
f 337 340 338
f 339 341 351
f 339 351 352
f 339 352 350
f 340 349 353
f 340 353 341
f 341 353 351
f 344 354 355
f 344 355 345
f 345 355 346
f 346 356 347
f 346 355 357
f 346 357 358
f 346 358 356
f 350 352 359
f 352 360 361
f 352 361 359
f 354 362 363
f 354 363 355
f 355 363 364
f 355 364 365
f 355 365 357
f 356 358 367
f 356 367 377
f 356 377 375
f 356 375 366
f 357 365 364
f 357 364 358
f 358 364 367
f 359 361 369
f 359 369 368
f 360 370 361
f 361 370 369
f 362 371 372
f 362 372 363
f 363 372 373
f 363 373 364
f 364 373 377
f 364 377 367
f 366 375 376
f 366 376 374
f 368 369 379
f 368 379 378
f 371 380 390
f 371 390 395
f 371 395 394
f 371 394 401
f 371 401 400
f 371 400 403
f 371 403 398
f 371 398 392
f 371 392 382
f 371 382 376
f 371 376 375
f 371 375 377
f 371 377 373
f 371 373 372
f 374 376 382
f 374 382 381
f 378 379 383
f 379 384 385
f 379 385 386
f 379 386 387
f 379 387 383
f 380 388 389
f 380 389 385
f 380 385 390
f 381 382 391
f 382 392 391
f 383 387 385
f 383 385 388
f 384 393 385
f 385 394 395
f 385 395 390
f 385 389 388
f 385 387 386
f 385 393 396
f 385 396 394
f 391 392 398
f 391 398 397
f 393 399 400
f 393 400 401
f 393 401 394
f 393 394 396
f 397 398 402
f 398 403 399
f 398 399 404
f 398 404 405
f 398 405 402
f 399 403 400

o geometry_4
v -0.06664743 -0.01317307 0.02376981
v -0.06645046 -0.01472582 0.02376981
v -0.06645156 -0.01472272 0.02377478
v -0.06620702 -0.01484204 0.02541598
v -0.06642722 -0.01317307 0.02532411
v -0.06654009 -0.00002118 0.02452793
v -0.06664743 -0.00002118 0.02376981
v -0.06612846 -0.01560602 0.02376981
v -0.06612846 -0.01560602 0.02377478
v -0.06605986 -0.01555179 0.02495995
v -0.06594920 -0.01543711 0.02599284
v -0.06609859 -0.01440504 0.02653742
v -0.06614728 -0.01317307 0.02675591
v -0.06629112 -0.00002118 0.02602098
v -0.06642722 -0.00002118 0.02532411
v -0.06477296 -0.00002118 0.02376981
v -0.06522443 -0.01578423 0.02376981
v -0.06522443 -0.01578423 0.02377478
v -0.06479841 -0.01567421 0.02842359
v -0.06461804 -0.01561377 0.02997292
v -0.06449191 -0.01553474 0.03086428
v -0.06500976 -0.01472272 0.02997292
v -0.06572458 -0.01317307 0.02842359
v -0.06597244 -0.01317307 0.02753140
v -0.06614728 -0.00002118 0.02675591
v -0.06299920 -0.00077121 0.02376981
v -0.06299920 -0.00002118 0.02377230
v -0.06367417 -0.01585242 0.02376981
v -0.06367417 -0.01585242 0.02687426
v -0.06367417 -0.01585087 0.02842359
v -0.06367417 -0.01579043 0.02997292
v -0.06342963 -0.01564786 0.03222408
v -0.06408802 -0.01472272 0.03222408
v -0.06461030 -0.01472272 0.03115147
v -0.06523328 -0.01317307 0.02997292
v -0.06572458 -0.00002118 0.02842359
v -0.06597244 -0.00002118 0.02753140
v -0.05940076 -0.00392630 0.02376981
v -0.06018308 -0.00002118 0.03222408
v -0.05605019 -0.00392940 0.03222408
v -0.06212503 -0.01585242 0.02376981
v -0.06212503 -0.01585242 0.03152308
v -0.06212503 -0.01583227 0.03222408
v -0.06293169 -0.01573309 0.03222408
v -0.06435580 -0.01317307 0.03222408
v -0.06438900 -0.01317307 0.03215456
v -0.06470767 -0.01317307 0.03137990
v -0.06497767 -0.00002118 0.03065737
v -0.06523328 -0.00002118 0.02997292
v -0.05543053 -0.00517067 0.03222408
v -0.05534975 -0.00542482 0.03222408
v -0.05899134 -0.00542017 0.02376981
v -0.06435580 -0.00002118 0.03222408
v -0.06057590 -0.01582607 0.02376981
v -0.06057590 -0.01584777 0.02532411
v -0.06057590 -0.01585242 0.02687426
v -0.06142460 -0.01585242 0.03222408
v -0.06438900 -0.00002118 0.03215456
v -0.06470767 -0.00002118 0.03137990
v -0.05534311 -0.00697447 0.03222408
v -0.05897806 -0.00696982 0.02376981
v -0.05899024 -0.00542482 0.02376981
v -0.05667980 -0.01570830 0.03222408
v -0.05742782 -0.01577803 0.03222408
v -0.05832521 -0.01585242 0.03222408
v -0.05960215 -0.01564941 0.02376981
v -0.05629473 -0.01564166 0.03222408
v -0.05534311 -0.01162342 0.03222408
v -0.05897806 -0.01162342 0.02376981
v -0.05919605 -0.01472272 0.02376981
v -0.05562085 -0.01474287 0.03222408
v -0.05534643 -0.01287864 0.03222408
v -0.05898360 -0.01317307 0.02376981
v -0.05553233 -0.01423613 0.03222408
v -0.05534754 -0.01317307 0.03222408
f 406 407 408
f 406 408 409
f 406 409 410
f 406 410 411
f 406 411 412
f 406 412 421
f 406 421 431
f 406 431 443
f 406 443 457
f 406 457 467
f 406 467 466
f 406 466 474
f 406 474 478
f 406 478 475
f 406 475 471
f 406 471 459
f 406 459 446
f 406 446 433
f 406 433 422
f 406 422 413
f 406 413 407
f 407 413 414
f 407 414 408
f 408 414 415
f 408 415 409
f 409 415 416
f 409 416 417
f 409 417 410
f 410 417 418
f 410 418 419
f 410 419 420
f 410 420 411
f 411 420 419
f 411 419 430
f 411 430 442
f 411 442 441
f 411 441 454
f 411 454 453
f 411 453 464
f 411 464 463
f 411 463 458
f 411 458 444
f 411 444 432
f 411 432 421
f 411 421 412
f 413 422 423
f 413 423 414
f 414 423 424
f 414 424 415
f 415 424 425
f 415 425 416
f 416 425 426
f 416 426 427
f 416 427 417
f 417 427 428
f 417 428 429
f 417 429 418
f 418 429 442
f 418 442 430
f 418 430 419
f 421 432 431
f 422 433 434
f 422 434 423
f 423 434 435
f 423 435 424
f 424 435 436
f 424 436 425
f 425 437 426
f 425 436 437
f 426 437 438
f 426 438 439
f 426 439 427
f 427 439 440
f 427 440 428
f 428 440 454
f 428 454 441
f 428 441 442
f 428 442 429
f 431 432 443
f 432 444 445
f 432 445 443
f 433 446 461
f 433 461 470
f 433 470 462
f 433 462 447
f 433 447 434
f 434 447 435
f 435 448 436
f 435 447 448
f 436 448 449
f 436 449 437
f 437 449 448
f 437 448 462
f 437 462 470
f 437 470 469
f 437 469 468
f 437 468 472
f 437 472 476
f 437 476 479
f 437 479 480
f 437 480 477
f 437 477 473
f 437 473 465
f 437 465 456
f 437 456 455
f 437 455 445
f 437 445 444
f 437 444 458
f 437 458 450
f 437 450 438
f 438 450 439
f 439 450 451
f 439 451 452
f 439 452 440
f 440 452 453
f 440 453 454
f 443 445 455
f 443 455 456
f 443 456 457
f 446 459 460
f 446 460 461
f 447 462 448
f 450 458 463
f 450 463 451
f 451 463 464
f 451 464 452
f 452 464 453
f 456 465 466
f 456 466 467
f 456 467 457
f 459 468 469
f 459 469 470
f 459 470 460
f 459 471 472
f 459 472 468
f 460 470 461
f 465 473 474
f 465 474 466
f 471 475 476
f 471 476 472
f 473 477 474
f 474 477 478
f 475 479 476
f 475 478 480
f 475 480 479
f 477 480 478

o geometry_5
v -0.06212589 -0.00499745 -0.00055050
v -0.06367500 -0.00499745 -0.00055050
v -0.06105041 -0.00506195 -0.00055050
v -0.06064767 0.00001856 -0.00505381
v -0.06212589 0.00001856 -0.00502336
v -0.06524447 0.00001856 -0.00502157
v -0.06414939 -0.00501035 -0.00055050
v -0.06057602 -0.00509143 -0.00055050
v -0.05999906 0.00001856 -0.00546760
v -0.05947415 -0.00569217 -0.00055050
v -0.06642554 0.00001856 -0.00576496
v -0.06642554 -0.00564242 -0.00055050
v -0.06559291 -0.00521674 -0.00055050
v -0.06522486 -0.00504168 -0.00055050
v -0.05947415 0.00001856 -0.00580437
v -0.05937460 -0.00607547 -0.00055050
v -0.06685241 0.00001856 -0.00722307
v -0.06685241 -0.00697474 -0.00055050
v -0.05914834 0.00001856 -0.00722307
v -0.05914834 -0.00697474 -0.00055050
v -0.06685241 0.00001856 -0.01652168
v -0.06685241 -0.01627334 -0.00055050
v -0.05914834 0.00001856 -0.01342095
v -0.05914834 -0.01007243 -0.00055050
v -0.06642554 0.00001856 -0.01802815
v -0.06685241 -0.00232544 -0.01652168
v -0.06685241 -0.01627334 -0.00412413
v -0.06655451 -0.01782311 -0.00055050
v -0.05926448 0.00001856 -0.01421449
v -0.05914834 -0.00387521 -0.01342095
v -0.05922149 -0.01317197 -0.00055050
v -0.05914834 -0.01317197 -0.00257466
v -0.06574450 0.00001856 -0.01843836
v -0.06642554 -0.00077567 -0.01802815
v -0.06684186 -0.00387521 -0.01652168
v -0.06685241 -0.00697474 -0.01497041
v -0.06680188 -0.01627334 -0.00567360
v -0.06654999 -0.01782311 -0.00102340
v -0.06685241 -0.01472173 -0.00722307
v -0.06680490 -0.01472173 -0.00877433
v -0.06612764 -0.01868921 -0.00055050
v -0.05937610 -0.00077567 -0.01497041
v -0.05937610 0.00001856 -0.01497041
v -0.05920566 -0.00542497 -0.01342095
v -0.05914834 -0.00852451 -0.01032201
v -0.05924261 -0.01364740 -0.00055050
v -0.05914834 -0.01317197 -0.00412413
v -0.05929842 -0.01472173 -0.00055050
v -0.06514643 0.00001856 -0.01879841
v -0.06514643 -0.00064668 -0.01879841
v -0.06642554 -0.00232544 -0.01794217
v -0.06641573 -0.00387521 -0.01781320
v -0.06676266 -0.00542497 -0.01652168
v -0.06679057 -0.00852451 -0.01497041
v -0.06684563 -0.01007243 -0.01342095
v -0.06685241 -0.01162220 -0.01187148
v -0.06637577 -0.01746377 -0.00567360
v -0.06642554 -0.01766832 -0.00412413
v -0.06637878 -0.01605405 -0.00877433
v -0.06612387 -0.01868737 -0.00102340
v -0.06684940 -0.01317197 -0.01032201
v -0.06650925 -0.01332676 -0.01202553
v -0.06647155 -0.01481019 -0.01038649
v -0.06584858 -0.01872422 -0.00055050
v -0.05950733 -0.00241573 -0.01511193
v -0.05970267 -0.00077567 -0.01585532
v -0.05954278 0.00001856 -0.01542361
v -0.05947415 -0.00387521 -0.01483069
v -0.05945529 -0.00705214 -0.01352663
v -0.05953222 -0.00542497 -0.01460141
v -0.05921018 -0.01007243 -0.01032201
v -0.05924412 -0.00852451 -0.01187148
v -0.05914834 -0.01007243 -0.00877433
v -0.05918529 -0.01317197 -0.00567360
v -0.05914834 -0.01162220 -0.00722307
v -0.05929993 -0.01472173 -0.00102340
v -0.05939269 -0.01503316 -0.00055050
v -0.06457777 0.00001856 -0.01884857
v -0.06457777 -0.00004409 -0.01884857
v -0.06352416 -0.00064668 -0.01881632
v -0.06367500 -0.00232544 -0.01867123
v -0.06522486 -0.00232544 -0.01863899
v -0.06633654 -0.00542497 -0.01763228
v -0.06636445 -0.00852451 -0.01623328
v -0.06645722 -0.01011297 -0.01504207
v -0.06650624 -0.01176962 -0.01356783
v -0.06621663 -0.01725001 -0.00695796
v -0.06606504 -0.01864314 -0.00213579
v -0.06622116 -0.01572604 -0.00991359
v -0.06522486 -0.01879056 -0.00102340
v -0.06522486 -0.01879609 -0.00055050
v -0.06628074 -0.01435134 -0.01161353
v -0.06628376 -0.01291398 -0.01314867
v -0.05974641 -0.00196057 -0.01580695
v -0.06046516 -0.00077567 -0.01663095
v -0.06009259 0.00001856 -0.01625298
v -0.05970267 0.00001856 -0.01585532
v -0.05981655 -0.00299436 -0.01572097
v -0.05965968 -0.00658592 -0.01438108
v -0.05957069 -0.00852451 -0.01306627
v -0.06013558 -0.00542497 -0.01537704
v -0.05991761 -0.00387521 -0.01560632
v -0.05953599 -0.01001531 -0.01184819
v -0.05923507 -0.01162220 -0.00877433
v -0.05952845 -0.01160193 -0.01027722
v -0.05935423 -0.01472173 -0.00257466
v -0.05951186 -0.01442505 -0.00567360
v -0.05943946 -0.01330464 -0.00734667
v -0.05960840 -0.01572789 -0.00055050
v -0.05961141 -0.01572420 -0.00102340
v -0.06394047 0.00001856 -0.01884857
v -0.06394047 -0.00004409 -0.01884857
v -0.06352416 0.00001856 -0.01881632
v -0.06290723 0.00001856 -0.01852793
v -0.06212589 -0.00077567 -0.01816071
v -0.06222016 -0.00387521 -0.01784186
v -0.06367500 -0.00387521 -0.01840791
v -0.06522486 -0.00387521 -0.01837925
v -0.06617817 -0.00660066 -0.01744957
v -0.06620231 -0.00962280 -0.01594309
v -0.06627546 -0.01134947 -0.01457454
v -0.06583199 -0.01704362 -0.00799153
v -0.06522486 -0.01791709 -0.00567360
v -0.06522486 -0.01833171 -0.00412413
v -0.06522486 -0.01855469 -0.00312280
v -0.06522486 -0.01867262 -0.00234717
v -0.06522486 -0.01585688 -0.01011243
v -0.06598736 -0.01394777 -0.01264532
v -0.06522486 -0.01534643 -0.01088806
v -0.06367500 -0.01879978 -0.00102340
v -0.06367500 -0.01880715 -0.00055050
v -0.06474973 -0.01879978 -0.00055050
v -0.06128874 -0.00201217 -0.01735821
v -0.06135812 -0.00304596 -0.01728835
v -0.06123971 -0.00077567 -0.01740658
v -0.06086186 0.00001856 -0.01702861
v -0.06046516 0.00001856 -0.01663095
v -0.06069217 -0.00387521 -0.01642316
v -0.06144485 -0.00387521 -0.01719700
v -0.05971172 -0.00946063 -0.01277071
v -0.05985878 -0.00761971 -0.01411418
v -0.06032940 -0.00705214 -0.01492743
v -0.06119295 -0.00697474 -0.01591443
v -0.06091088 -0.00542497 -0.01620820
v -0.05966647 -0.01107121 -0.01131438
v -0.05956163 -0.01286607 -0.00877433
v -0.05969890 -0.01254358 -0.00973088
v -0.05968080 -0.01563759 -0.00257466
v -0.05951261 -0.01481203 -0.00408472
v -0.05963328 -0.01417812 -0.00691138
v -0.05975546 -0.01554914 -0.00354196
v -0.05988443 -0.01538697 -0.00457554
v -0.06011898 -0.01626597 -0.00055050
v -0.06034750 -0.01649816 -0.00102340
v -0.06212589 0.00001856 -0.01816071
v -0.06169374 0.00001856 -0.01779349
v -0.06197505 -0.00244706 -0.01787769
v -0.06243134 -0.00542497 -0.01765019
v -0.06267267 -0.00661909 -0.01746031
v -0.06367500 -0.00542497 -0.01801741
v -0.06522486 -0.00542497 -0.01799949
v -0.06522486 -0.00681995 -0.01753555
v -0.06522486 -0.00759391 -0.01721849
v -0.06522486 -0.00980154 -0.01605594
v -0.06522486 -0.01057735 -0.01555617
v -0.06522486 -0.01161114 -0.01478233
v -0.06522486 -0.01238510 -0.01418583
v -0.06522486 -0.00852451 -0.01675276
v -0.06527917 -0.01671192 -0.00862565
v -0.06479875 -0.01705283 -0.00800945
v -0.06527917 -0.01730529 -0.00737354
v -0.06367500 -0.01793920 -0.00567360
v -0.06367500 -0.01835751 -0.00412413
v -0.06367500 -0.01856759 -0.00315683
v -0.06367500 -0.01867815 -0.00238120
v -0.06367500 -0.01586609 -0.01012496
v -0.06367500 -0.01664190 -0.00878687
v -0.06495411 -0.01395883 -0.01265786
v -0.06537268 -0.01445269 -0.01202553
v -0.06367500 -0.01535564 -0.01089880
v -0.06367500 -0.01459458 -0.01187148
v -0.06281673 -0.01865051 -0.00218058
v -0.06274206 -0.01869658 -0.00102340
v -0.06273754 -0.01870027 -0.00055050
v -0.06123971 0.00001856 -0.01740658
v -0.06165603 -0.00542497 -0.01698383
v -0.06115675 -0.00963201 -0.01442407
v -0.06008580 -0.00852451 -0.01384011
v -0.06002169 -0.01049442 -0.01234796
v -0.06145692 -0.01066580 -0.01406044
v -0.06095840 -0.00836971 -0.01495250
v -0.06135058 -0.00775054 -0.01574605
v -0.06214399 -0.00707241 -0.01678321
v -0.06001264 -0.01210500 -0.01076446
v -0.06053379 -0.01169591 -0.01194313
v -0.05982560 -0.01390907 -0.00794496
v -0.06004507 -0.01364003 -0.00877433
v -0.06113488 -0.01420391 -0.00991001
v -0.06144184 -0.01382983 -0.01094359
v -0.06042895 -0.01641155 -0.00257466
v -0.06006016 -0.01520085 -0.00567360
v -0.06026002 -0.01470699 -0.00734667
v -0.06129175 -0.01710812 -0.00360107
v -0.06141318 -0.01698281 -0.00463286
v -0.06083547 -0.01604300 -0.00567360
v -0.06156854 -0.01681696 -0.00567360
v -0.06034449 -0.01650185 -0.00055050
v -0.06112206 -0.01727581 -0.00102340
v -0.06120351 -0.01719657 -0.00257466
v -0.06212212 -0.00836971 -0.01615446
v -0.06263648 -0.00963938 -0.01595563
v -0.06367500 -0.00760865 -0.01723282
v -0.06367500 -0.00683285 -0.01754451
v -0.06367500 -0.00852451 -0.01677604
v -0.06367500 -0.00981260 -0.01606490
v -0.06367500 -0.01058841 -0.01556692
v -0.06367500 -0.01161851 -0.01479129
v -0.06367500 -0.01239432 -0.01419299
v -0.06367500 -0.01705468 -0.00801303
v -0.06367500 -0.01738084 -0.00722307
v -0.06289516 -0.01705099 -0.00800586
v -0.06268022 -0.01721131 -0.00722307
v -0.06260480 -0.01574078 -0.00992971
v -0.06367500 -0.01396067 -0.01266144
v -0.06367500 -0.01317197 -0.01343349
v -0.06289064 -0.01395514 -0.01265427
v -0.06234385 -0.01748588 -0.00567360
v -0.06200824 -0.01760014 -0.00412055
v -0.06222996 -0.01808294 -0.00264810
v -0.06196751 -0.01805161 -0.00102340
v -0.06220055 -0.01825248 -0.00055050
v -0.06160323 -0.00878434 -0.01545765
v -0.06140337 -0.01232061 -0.01257008
v -0.06105494 -0.01128681 -0.01302686
v -0.06204670 -0.01015167 -0.01502236
v -0.06194639 -0.01183964 -0.01360903
v -0.06249017 -0.01136053 -0.01458708
v -0.06104589 -0.01279604 -0.01153650
v -0.06131287 -0.01553992 -0.00807573
v -0.06157156 -0.01523771 -0.00910930
v -0.06202332 -0.01480097 -0.01043665
v -0.06257388 -0.01426657 -0.01187148
v -0.06174125 -0.01325673 -0.01198075
v -0.06113111 -0.01573526 -0.00722307
v -0.06190491 -0.01651106 -0.00722307
v -0.06111904 -0.01727949 -0.00055050
v -0.06223299 -0.01615725 -0.00855758
v -0.06254522 -0.01317197 -0.01303761
v -0.06196298 -0.01805346 -0.00055050
f 481 482 487
f 481 487 494
f 481 494 493
f 481 493 492
f 481 492 498
f 481 498 502
f 481 502 508
f 481 508 521
f 481 521 544
f 481 544 571
f 481 571 612
f 481 612 611
f 481 611 664
f 481 664 711
f 481 711 729
f 481 729 726
f 481 726 687
f 481 687 633
f 481 633 589
f 481 589 557
f 481 557 528
f 481 528 526
f 481 526 511
f 481 511 504
f 481 504 500
f 481 500 496
f 481 496 490
f 481 490 488
f 481 488 483
f 481 483 484
f 481 484 485
f 481 485 486
f 481 486 482
f 482 486 487
f 483 488 484
f 484 489 495
f 484 495 499
f 484 499 503
f 484 503 509
f 484 509 523
f 484 523 547
f 484 547 577
f 484 577 576
f 484 576 617
f 484 617 616
f 484 616 665
f 484 665 636
f 484 636 635
f 484 635 594
f 484 594 593
f 484 593 591
f 484 591 558
f 484 558 529
f 484 529 513
f 484 513 505
f 484 505 501
f 484 501 497
f 484 497 491
f 484 491 486
f 484 486 485
f 484 488 490
f 484 490 489
f 486 491 492
f 486 492 493
f 486 493 494
f 486 494 487
f 489 490 495
f 490 496 495
f 491 497 498
f 491 498 492
f 495 496 500
f 495 500 499
f 497 501 506
f 497 506 516
f 497 516 536
f 497 536 519
f 497 519 507
f 497 507 502
f 497 502 498
f 499 500 504
f 499 504 512
f 499 512 527
f 499 527 555
f 499 555 553
f 499 553 525
f 499 525 510
f 499 510 503
f 501 505 514
f 501 514 506
f 502 507 508
f 503 510 509
f 504 511 512
f 505 513 514
f 506 514 515
f 506 515 516
f 507 517 518
f 507 518 508
f 507 519 520
f 507 520 517
f 508 518 521
f 509 522 523
f 509 510 522
f 510 524 522
f 510 525 524
f 511 526 512
f 512 526 528
f 512 528 527
f 513 529 530
f 513 530 514
f 514 531 515
f 514 530 531
f 515 532 533
f 515 533 534
f 515 534 516
f 515 531 532
f 516 534 535
f 516 535 536
f 517 537 538
f 517 538 518
f 517 520 539
f 517 539 537
f 518 540 521
f 518 538 540
f 519 536 541
f 519 541 520
f 520 541 542
f 520 542 543
f 520 543 539
f 521 540 544
f 522 545 546
f 522 546 547
f 522 547 523
f 522 524 548
f 522 548 545
f 524 549 550
f 524 550 548
f 524 525 551
f 524 551 552
f 524 552 549
f 525 553 551
f 527 554 555
f 527 528 556
f 527 556 554
f 528 557 556
f 529 558 559
f 529 559 530
f 530 559 560
f 530 560 561
f 530 561 562
f 530 562 531
f 531 562 532
f 532 563 533
f 532 562 563
f 533 563 564
f 533 564 534
f 534 564 565
f 534 565 566
f 534 566 535
f 535 566 536
f 536 566 542
f 536 542 541
f 537 567 568
f 537 568 538
f 537 539 567
f 538 568 540
f 539 543 569
f 539 569 567
f 540 568 570
f 540 570 571
f 540 571 544
f 542 572 543
f 542 566 573
f 542 573 572
f 543 572 569
f 545 548 546
f 546 548 574
f 546 574 575
f 546 575 576
f 546 576 577
f 546 577 547
f 548 550 578
f 548 578 574
f 549 579 550
f 549 552 580
f 549 580 579
f 550 579 581
f 550 581 582
f 550 582 578
f 551 583 552
f 551 553 555
f 551 555 584
f 551 584 585
f 551 585 583
f 552 583 580
f 554 584 555
f 554 556 586
f 554 586 587
f 554 587 588
f 554 588 584
f 556 557 589
f 556 589 590
f 556 590 586
f 558 591 592
f 558 592 559
f 559 592 560
f 560 592 591
f 560 591 593
f 560 593 594
f 560 594 595
f 560 595 596
f 560 596 561
f 561 596 597
f 561 597 598
f 561 598 562
f 562 598 563
f 563 598 599
f 563 599 564
f 564 600 565
f 564 599 600
f 565 600 601
f 565 601 566
f 566 601 573
f 567 602 603
f 567 603 568
f 567 569 602
f 568 603 604
f 568 604 605
f 568 605 606
f 568 606 570
f 569 607 602
f 569 572 608
f 569 608 609
f 569 609 607
f 570 610 611
f 570 611 612
f 570 612 571
f 570 606 610
f 572 573 608
f 573 601 608
f 574 613 575
f 574 578 614
f 574 614 613
f 575 613 615
f 575 615 616
f 575 616 617
f 575 617 576
f 578 582 618
f 578 618 619
f 578 619 614
f 579 580 620
f 579 620 621
f 579 621 622
f 579 622 623
f 579 623 581
f 580 583 620
f 581 623 624
f 581 624 582
f 582 624 618
f 583 585 625
f 583 625 620
f 584 588 626
f 584 626 585
f 585 626 627
f 585 627 625
f 586 590 628
f 586 628 629
f 586 629 587
f 587 630 588
f 587 629 628
f 587 628 631
f 587 631 632
f 587 632 630
f 588 630 626
f 589 633 590
f 590 633 634
f 590 634 628
f 594 635 595
f 595 635 636
f 595 636 615
f 595 615 613
f 595 613 637
f 595 637 596
f 596 637 614
f 596 614 619
f 596 619 638
f 596 638 597
f 597 638 639
f 597 639 640
f 597 640 641
f 597 641 598
f 598 641 599
f 599 641 642
f 599 642 643
f 599 643 600
f 600 644 645
f 600 645 646
f 600 646 647
f 600 647 601
f 600 643 648
f 600 648 644
f 601 647 608
f 602 649 650
f 602 650 651
f 602 651 603
f 602 607 649
f 603 652 653
f 603 653 604
f 603 651 652
f 604 653 605
f 605 653 654
f 605 654 606
f 606 655 610
f 606 654 655
f 607 609 656
f 607 656 657
f 607 657 649
f 608 658 659
f 608 659 609
f 608 647 658
f 609 660 656
f 609 659 661
f 609 661 660
f 610 655 662
f 610 662 663
f 610 663 611
f 611 663 664
f 613 614 637
f 615 636 665
f 615 665 616
f 618 624 666
f 618 666 619
f 619 666 638
f 620 667 668
f 620 668 621
f 620 625 669
f 620 669 670
f 620 670 667
f 621 668 671
f 621 671 672
f 621 672 622
f 622 672 623
f 623 673 666
f 623 666 624
f 623 672 673
f 625 627 674
f 625 674 675
f 625 675 669
f 626 630 627
f 627 630 676
f 627 676 677
f 627 677 678
f 627 678 679
f 627 679 674
f 628 634 680
f 628 680 631
f 630 632 681
f 630 681 682
f 630 682 676
f 631 680 683
f 631 683 684
f 631 684 632
f 632 685 681
f 632 684 686
f 632 686 685
f 633 687 634
f 634 687 726
f 634 726 688
f 634 688 689
f 634 689 680
f 638 666 639
f 639 666 673
f 639 673 690
f 639 690 691
f 639 691 692
f 639 692 693
f 639 693 640
f 640 693 642
f 640 642 641
f 642 693 692
f 642 692 643
f 643 692 694
f 643 694 648
f 644 648 694
f 644 694 695
f 644 695 696
f 644 696 645
f 645 696 646
f 646 696 697
f 646 697 647
f 647 697 698
f 647 698 658
f 649 657 650
f 650 699 700
f 650 700 651
f 650 657 699
f 651 700 652
f 652 700 701
f 652 701 702
f 652 702 662
f 652 662 653
f 653 662 654
f 654 662 655
f 656 660 703
f 656 703 701
f 656 701 657
f 657 701 699
f 658 704 661
f 658 661 659
f 658 698 705
f 658 705 704
f 660 661 706
f 660 706 703
f 661 704 706
f 662 702 707
f 662 707 708
f 662 708 709
f 662 709 710
f 662 710 663
f 663 710 664
f 664 710 711
f 667 712 668
f 667 670 712
f 668 712 671
f 669 675 713
f 669 713 714
f 669 714 670
f 670 715 712
f 670 714 713
f 670 713 716
f 670 716 717
f 670 717 715
f 671 712 672
f 672 712 690
f 672 690 673
f 674 718 713
f 674 713 675
f 674 679 718
f 676 682 719
f 676 719 720
f 676 720 677
f 677 720 678
f 678 720 679
f 679 720 721
f 679 721 722
f 679 722 706
f 679 706 723
f 679 723 713
f 679 713 718
f 680 689 683
f 681 685 724
f 681 724 682
f 682 724 719
f 683 689 709
f 683 709 708
f 683 708 684
f 684 708 707
f 684 707 686
f 685 686 724
f 686 707 702
f 686 702 725
f 686 725 724
f 688 726 710
f 688 710 689
f 689 710 709
f 690 712 691
f 691 695 694
f 691 694 692
f 691 712 715
f 691 715 717
f 691 717 697
f 691 697 696
f 691 696 695
f 697 717 698
f 698 717 706
f 698 706 705
f 699 701 700
f 701 703 727
f 701 727 719
f 701 719 725
f 701 725 702
f 703 706 722
f 703 722 721
f 703 721 720
f 703 720 727
f 704 705 706
f 706 717 728
f 706 728 713
f 706 713 723
f 710 729 711
f 710 726 729
f 713 728 716
f 716 728 717
f 719 724 725
f 719 727 720

o geometry_6
v -0.03589200 -0.00000256 0.04547105
v -0.03593785 -0.00000256 0.04469863
v -0.03589729 -0.00000256 0.04624949
v -0.03114328 -0.00314901 0.04702071
v -0.03114328 -0.00314745 0.04548669
v -0.03114328 -0.00314745 0.04393584
v -0.03114328 -0.00314901 0.04237294
v -0.03114328 -0.00315058 0.04082329
v -0.03598545 -0.00000256 0.04392140
v -0.03590258 -0.00000256 0.04702071
v -0.03114328 -0.00315526 0.04703635
v -0.03623409 -0.00000256 0.04841155
v -0.03114328 -0.00390048 0.03934822
v -0.03631521 -0.00000256 0.04293963
v -0.03614945 -0.00000256 0.04343171
v -0.03114328 -0.00389110 0.04857157
v -0.03729916 -0.00000256 0.04918638
v -0.03114328 -0.00464256 0.04934881
v -0.03732913 -0.00000256 0.04268095
v -0.03681953 -0.00000256 0.04281089
v -0.03114328 -0.00542527 0.03864799
v -0.04915596 -0.00384267 0.03773841
v -0.04915596 -0.00000256 0.04135989
v -0.03807503 -0.00000256 0.04934760
v -0.03114328 -0.00542527 0.04935241
v -0.03114328 -0.01317267 0.03864799
v -0.04915596 -0.00697506 0.03706224
v -0.04915596 -0.00545183 0.03706465
v -0.04915596 -0.00542527 0.03706585
v -0.04915596 -0.00000256 0.04707124
v -0.03815791 -0.00000256 0.04934760
v -0.03732913 -0.00387548 0.04935121
v -0.03577914 -0.00542527 0.04935241
v -0.03114328 -0.01317267 0.04935241
v -0.03114328 -0.01470840 0.03888622
v -0.04915596 -0.01319923 0.03706826
v -0.04915596 -0.01317267 0.03706465
v -0.04915596 -0.01164319 0.03706224
v -0.04895318 -0.00000256 0.04715547
v -0.04915596 -0.01317267 0.04707124
v -0.03854761 -0.00000256 0.04933557
v -0.03815791 -0.01317267 0.04934760
v -0.03732913 -0.01317267 0.04935121
v -0.03577914 -0.01317267 0.04935241
v -0.03114328 -0.01397256 0.04934881
v -0.03114328 -0.01472246 0.03888983
v -0.04915596 -0.01472246 0.03730528
v -0.04817554 -0.01317267 0.04747550
v -0.04817554 -0.00000256 0.04747550
v -0.04915596 -0.01414129 0.04693769
v -0.03893379 -0.00000256 0.04932354
v -0.03893379 -0.01317267 0.04932354
v -0.03814028 -0.01395538 0.04934760
v -0.03732913 -0.01396162 0.04934881
v -0.03577914 -0.01396631 0.04934881
v -0.03114328 -0.01474745 0.04912261
v -0.03114328 -0.01571920 0.03958284
v -0.04915596 -0.01489119 0.03739912
v -0.04735734 -0.01317267 0.04778231
v -0.04776820 -0.00000256 0.04762830
v -0.04629403 -0.01472246 0.04793150
v -0.04915596 -0.01476308 0.04682700
v -0.04042735 -0.00000256 0.04923571
v -0.04042735 -0.01317267 0.04923571
v -0.04197734 -0.01317267 0.04906125
v -0.04197734 -0.01472246 0.04876167
v -0.04042735 -0.01472246 0.04891447
v -0.03874511 -0.01457248 0.04907208
v -0.03732913 -0.01473652 0.04902877
v -0.03114328 -0.01475683 0.04911539
v -0.03114328 -0.01572857 0.03959006
v -0.04915596 -0.01565671 0.03793934
v -0.04658146 -0.01317267 0.04802534
v -0.04697116 -0.00000256 0.04790382
v -0.04735734 -0.00000256 0.04778231
v -0.04595371 -0.01552391 0.04782442
v -0.04507556 -0.01472246 0.04824913
v -0.04507556 -0.01317267 0.04845246
v -0.04915596 -0.01545674 0.04653825
v -0.04197734 -0.00000256 0.04906125
v -0.04352557 -0.01317267 0.04880017
v -0.04352557 -0.01472246 0.04855112
v -0.04507556 -0.01559578 0.04792187
v -0.04352557 -0.01566452 0.04804941
v -0.04197734 -0.01567389 0.04812881
v -0.04042735 -0.01567389 0.04819498
v -0.03887912 -0.01567389 0.04823950
v -0.03114328 -0.01572857 0.04834779
v -0.03114328 -0.01595979 0.04081246
v -0.04915596 -0.01572857 0.03835563
v -0.04583203 -0.00000256 0.04823830
v -0.04658146 -0.00000256 0.04802534
v -0.04915596 -0.01561609 0.04643477
v -0.04507556 -0.00000256 0.04845246
v -0.04352557 -0.00000256 0.04880017
v -0.04507556 -0.01577232 0.04702071
v -0.04817554 -0.01566765 0.04658397
v -0.04352557 -0.01584106 0.04702071
v -0.03114328 -0.01596136 0.04702071
v -0.03114328 -0.01596136 0.04082329
v -0.04915596 -0.01584262 0.03927363
v -0.04915596 -0.01568952 0.04597397
v -0.04817554 -0.01584418 0.04547105
v -0.03114328 -0.01596292 0.04547105
v -0.04915596 -0.01584887 0.04449049
v -0.04915596 -0.01585200 0.04392140
v -0.03114328 -0.01596292 0.04237294
v -0.04915596 -0.01585200 0.03984152
v -0.04915596 -0.01575982 0.04552760
f 730 731 738
f 730 738 744
f 730 744 743
f 730 743 749
f 730 749 748
f 730 748 752
f 730 752 759
f 730 759 768
f 730 768 778
f 730 778 789
f 730 789 804
f 730 804 803
f 730 803 821
f 730 821 820
f 730 820 823
f 730 823 824
f 730 824 809
f 730 809 792
f 730 792 780
f 730 780 770
f 730 770 760
f 730 760 753
f 730 753 746
f 730 746 741
f 730 741 739
f 730 739 732
f 730 732 733
f 730 733 734
f 730 734 735
f 730 735 736
f 730 736 737
f 730 737 731
f 731 737 738
f 732 739 733
f 733 740 745
f 733 745 747
f 733 747 754
f 733 754 763
f 733 763 774
f 733 774 785
f 733 785 799
f 733 799 817
f 733 817 828
f 733 828 833
f 733 833 836
f 733 836 829
f 733 829 818
f 733 818 800
f 733 800 786
f 733 786 775
f 733 775 764
f 733 764 755
f 733 755 750
f 733 750 742
f 733 742 737
f 733 737 736
f 733 736 735
f 733 735 734
f 733 739 741
f 733 741 740
f 737 742 743
f 737 743 744
f 737 744 738
f 740 741 745
f 741 746 747
f 741 747 745
f 742 748 749
f 742 749 743
f 742 750 751
f 742 751 752
f 742 752 748
f 746 753 747
f 747 753 754
f 750 755 767
f 750 767 756
f 750 756 757
f 750 757 758
f 750 758 751
f 751 758 757
f 751 757 756
f 751 756 767
f 751 767 766
f 751 766 765
f 751 765 776
f 751 776 787
f 751 787 801
f 751 801 819
f 751 819 830
f 751 830 837
f 751 837 835
f 751 835 834
f 751 834 838
f 751 838 831
f 751 831 822
f 751 822 808
f 751 808 791
f 751 791 779
f 751 779 769
f 751 769 759
f 751 759 752
f 753 760 761
f 753 761 754
f 754 762 773
f 754 773 763
f 754 761 762
f 755 764 765
f 755 765 766
f 755 766 767
f 759 769 768
f 760 770 771
f 760 771 772
f 760 772 761
f 761 772 773
f 761 773 762
f 763 773 774
f 764 775 776
f 764 776 765
f 768 769 777
f 768 777 778
f 769 779 777
f 770 780 781
f 770 781 771
f 771 781 782
f 771 782 772
f 772 782 783
f 772 783 773
f 773 783 784
f 773 784 774
f 774 784 785
f 775 786 787
f 775 787 776
f 777 788 789
f 777 789 778
f 777 779 790
f 777 790 788
f 779 791 790
f 780 792 793
f 780 793 781
f 781 793 782
f 782 793 794
f 782 794 795
f 782 795 796
f 782 796 797
f 782 797 798
f 782 798 785
f 782 785 783
f 783 785 784
f 785 798 799
f 786 800 801
f 786 801 787
f 788 802 803
f 788 803 804
f 788 804 789
f 788 790 802
f 790 805 806
f 790 806 807
f 790 807 802
f 790 791 805
f 791 808 805
f 792 809 794
f 792 794 793
f 794 809 824
f 794 824 810
f 794 810 811
f 794 811 795
f 795 811 812
f 795 812 813
f 795 813 796
f 796 813 814
f 796 814 815
f 796 815 798
f 796 798 797
f 798 815 816
f 798 816 817
f 798 817 799
f 800 818 801
f 801 818 819
f 802 807 820
f 802 820 821
f 802 821 803
f 805 812 811
f 805 811 806
f 805 808 822
f 805 822 812
f 806 811 810
f 806 810 807
f 807 810 824
f 807 824 823
f 807 823 820
f 812 825 813
f 812 822 826
f 812 826 825
f 813 825 827
f 813 827 814
f 814 827 828
f 814 828 817
f 814 817 815
f 815 817 816
f 818 829 819
f 819 829 830
f 822 831 826
f 825 826 832
f 825 832 827
f 826 831 832
f 827 832 828
f 828 832 834
f 828 834 835
f 828 835 833
f 829 836 837
f 829 837 830
f 831 838 832
f 832 838 834
f 833 835 837
f 833 837 836

o geometry_7
v -0.06435453 -0.01317362 0.03222553
v -0.06408823 -0.01472213 0.03222553
v -0.06312867 -0.01472213 0.03426901
v -0.06394839 -0.01317362 0.03307432
v -0.06435453 0.00002911 0.03222553
v -0.06298139 -0.01556013 0.03400885
v -0.06342918 -0.01564875 0.03222553
v -0.06129285 -0.01542797 0.03689094
v -0.06146394 -0.01439408 0.03710750
v -0.06279840 -0.01317362 0.03522390
v -0.06323429 -0.01317362 0.03444923
v -0.06394839 0.00002911 0.03307432
v -0.06018154 0.00002911 0.03222553
v -0.06315991 -0.01563320 0.03307432
v -0.06211703 -0.01567673 0.03456405
v -0.06159634 -0.01561610 0.03585758
v -0.05988847 -0.01555702 0.03860741
v -0.06293229 -0.01573270 0.03222553
v -0.06212447 -0.01581044 0.03307432
v -0.06005063 -0.01472213 0.03880216
v -0.06089564 -0.01483563 0.03766415
v -0.06016815 -0.01317362 0.03894314
v -0.06094324 -0.01317362 0.03796210
v -0.06152196 -0.01317362 0.03718599
v -0.06219588 -0.01317362 0.03617296
v -0.06279840 0.00002911 0.03522390
v -0.06300816 0.00002911 0.03485183
v -0.06323429 0.00002911 0.03444923
v -0.04915772 0.00002911 0.04135869
v -0.04915772 -0.00384215 0.03773973
v -0.05605021 -0.00392922 0.03222553
v -0.05902560 -0.01580733 0.03772374
v -0.06069480 -0.01570938 0.03629360
v -0.06020981 -0.01563164 0.03772374
v -0.05895717 -0.01565496 0.03918441
v -0.05839631 -0.01558189 0.04019743
v -0.05937522 -0.01472213 0.03957828
v -0.06212447 -0.01583220 0.03222553
v -0.06057430 -0.01585242 0.03462364
v -0.05950464 -0.01317362 0.03971635
v -0.05982301 0.00002911 0.03934573
v -0.06016815 0.00002911 0.03894314
v -0.06094324 0.00002911 0.03796210
v -0.06152196 0.00002911 0.03718599
v -0.06219588 0.00002911 0.03617296
v -0.04915772 0.00002911 0.04707200
v -0.04915772 -0.00542487 0.03706535
v -0.05013812 -0.00423395 0.03675723
v -0.05543133 -0.00516989 0.03222553
v -0.05747543 -0.01582599 0.03927306
v -0.05740402 -0.01566585 0.04075698
v -0.05684018 -0.01557412 0.04171913
v -0.05782057 -0.01472213 0.04118137
v -0.05860012 -0.01472213 0.04040672
v -0.06142377 -0.01585242 0.03222553
v -0.05902560 -0.01585242 0.03617296
v -0.05872956 -0.01317362 0.04053897
v -0.05950464 0.00002911 0.03971635
v -0.04929608 0.00002911 0.04701532
v -0.04915772 -0.01317362 0.04707200
v -0.04915772 -0.00697493 0.03706244
v -0.05534356 -0.00697493 0.03222553
v -0.05534951 -0.00542487 0.03222553
v -0.05592674 -0.01582132 0.04082239
v -0.05592674 -0.01585242 0.03927306
v -0.05282638 -0.01585242 0.04237171
v -0.05437656 -0.01578090 0.04237171
v -0.05579730 -0.01562854 0.04229032
v -0.05519479 -0.01552126 0.04317835
v -0.05704548 -0.01472213 0.04190372
v -0.05795595 -0.01317362 0.04131364
v -0.05832490 -0.01585242 0.03222553
v -0.05832788 0.00002911 0.04094157
v -0.05872956 0.00002911 0.04053897
v -0.04972751 0.00002911 0.04683655
v -0.04972751 -0.01317362 0.04683655
v -0.05066327 -0.01431790 0.04632786
v -0.04915772 -0.01414066 0.04693684
v -0.04915772 -0.01164222 0.03706244
v -0.05534356 -0.01162356 0.03222553
v -0.05127769 -0.01584464 0.04392103
v -0.04972751 -0.01585242 0.04392103
v -0.05286209 -0.01570472 0.04396318
v -0.05236817 -0.01560677 0.04486574
v -0.05340063 -0.01509837 0.04450675
v -0.05363717 -0.01406448 0.04472040
v -0.05535993 -0.01472213 0.04330625
v -0.05613501 -0.01472213 0.04267838
v -0.05627783 -0.01317362 0.04280192
v -0.05718086 -0.01317362 0.04202725
v -0.05795595 0.00002911 0.04131364
v -0.05742633 -0.01577779 0.03222553
v -0.04915772 -0.01584153 0.03927306
v -0.04972751 -0.01585242 0.03927306
v -0.05021548 0.00002911 0.04661273
v -0.05074361 -0.01317362 0.04636856
v -0.05151870 -0.01317362 0.04596742
v -0.05286209 -0.01463818 0.04501108
v -0.05039103 -0.01535179 0.04614473
v -0.04981529 -0.01479054 0.04657639
v -0.04915772 -0.01476255 0.04682638
v -0.04915772 -0.01317362 0.03706390
v -0.05534654 -0.01287822 0.03222553
v -0.04915772 -0.01584931 0.04449077
v -0.04915772 -0.01576069 0.04552704
v -0.05127769 -0.01566740 0.04513462
v -0.04915772 -0.01585242 0.04392103
v -0.04935857 -0.01560677 0.04640344
v -0.05282638 -0.01317362 0.04522764
v -0.05365503 -0.01317362 0.04473203
v -0.05443012 -0.01317362 0.04419136
v -0.05550274 -0.01317362 0.04341670
v -0.05587615 0.00002911 0.04312166
v -0.05627783 0.00002911 0.04280192
v -0.05671224 0.00002911 0.04242985
v -0.05718086 0.00002911 0.04202725
v -0.05667951 -0.01570783 0.03222553
v -0.04915772 -0.01585242 0.03984134
v -0.04915772 -0.01572804 0.03835597
v -0.05074361 0.00002911 0.04636856
v -0.05111702 0.00002911 0.04617671
v -0.05151870 0.00002911 0.04596742
v -0.05214651 0.00002911 0.04561279
v -0.04915772 -0.01545596 0.04653861
v -0.04915772 -0.01472213 0.03730662
v -0.05562176 -0.01474390 0.03222553
v -0.05553250 -0.01423706 0.03222553
v -0.05534802 -0.01317362 0.03222553
v -0.04915772 -0.01561610 0.04643396
v -0.05282638 0.00002911 0.04522764
v -0.05322509 0.00002911 0.04498928
v -0.05365503 0.00002911 0.04473203
v -0.05443012 0.00002911 0.04419136
v -0.05550274 0.00002911 0.04341670
v -0.05629420 -0.01564097 0.03222553
v -0.04915772 -0.01565652 0.03793884
v -0.04915772 -0.01489160 0.03739963
f 839 840 841
f 839 841 842
f 839 842 850
f 839 850 843
f 839 843 851
f 839 851 869
f 839 869 887
f 839 887 901
f 839 901 900
f 839 900 918
f 839 918 941
f 839 941 966
f 839 966 965
f 839 965 964
f 839 964 973
f 839 973 955
f 839 955 930
f 839 930 910
f 839 910 893
f 839 893 876
f 839 876 856
f 839 856 845
f 839 845 840
f 840 844 841
f 840 845 844
f 841 844 846
f 841 846 847
f 841 847 848
f 841 848 849
f 841 849 842
f 842 849 866
f 842 866 850
f 843 850 866
f 843 866 865
f 843 865 864
f 843 864 883
f 843 883 882
f 843 882 881
f 843 881 880
f 843 880 879
f 843 879 896
f 843 896 912
f 843 912 911
f 843 911 929
f 843 929 954
f 843 954 953
f 843 953 952
f 843 952 951
f 843 951 972
f 843 972 971
f 843 971 970
f 843 970 969
f 843 969 968
f 843 968 961
f 843 961 960
f 843 960 959
f 843 959 958
f 843 958 933
f 843 933 913
f 843 913 897
f 843 897 884
f 843 884 867
f 843 867 851
f 844 852 853
f 844 853 854
f 844 854 855
f 844 855 846
f 844 845 852
f 845 856 857
f 845 857 852
f 846 855 858
f 846 858 859
f 846 859 847
f 847 858 860
f 847 860 861
f 847 861 862
f 847 862 863
f 847 863 848
f 847 859 858
f 848 863 883
f 848 883 864
f 848 864 865
f 848 865 849
f 849 865 866
f 851 867 868
f 851 868 869
f 852 857 853
f 853 857 870
f 853 870 871
f 853 871 872
f 853 872 854
f 854 872 855
f 855 872 873
f 855 873 874
f 855 874 875
f 855 875 858
f 856 876 857
f 857 876 877
f 857 877 870
f 858 875 878
f 858 878 860
f 860 878 879
f 860 879 880
f 860 880 881
f 860 881 861
f 861 881 882
f 861 882 862
f 862 882 883
f 862 883 863
f 867 884 898
f 867 898 916
f 867 916 939
f 867 939 962
f 867 962 967
f 867 967 943
f 867 943 942
f 867 942 945
f 867 945 956
f 867 956 931
f 867 931 957
f 867 957 974
f 867 974 975
f 867 975 963
f 867 963 940
f 867 940 917
f 867 917 899
f 867 899 885
f 867 885 868
f 868 885 886
f 868 886 869
f 869 886 887
f 870 877 888
f 870 888 873
f 870 873 872
f 870 872 871
f 873 888 889
f 873 889 874
f 874 890 891
f 874 891 892
f 874 892 875
f 874 889 890
f 875 892 878
f 876 893 877
f 877 893 910
f 877 910 932
f 877 932 956
f 877 956 945
f 877 945 920
f 877 920 904
f 877 904 903
f 877 903 894
f 877 894 888
f 878 892 895
f 878 895 912
f 878 912 896
f 878 896 879
f 884 897 898
f 885 899 900
f 885 900 901
f 885 901 887
f 885 887 886
f 888 902 889
f 888 894 903
f 888 903 904
f 888 904 902
f 889 902 905
f 889 905 906
f 889 906 890
f 890 906 907
f 890 907 908
f 890 908 891
f 891 908 909
f 891 909 892
f 892 909 895
f 895 909 911
f 895 911 912
f 897 913 914
f 897 914 898
f 898 914 915
f 898 915 916
f 899 917 918
f 899 918 900
f 902 904 919
f 902 919 905
f 904 920 919
f 905 919 921
f 905 921 906
f 906 922 907
f 906 921 922
f 907 922 923
f 907 923 924
f 907 924 925
f 907 925 926
f 907 926 908
f 908 926 927
f 908 927 928
f 908 928 909
f 909 928 954
f 909 954 929
f 909 929 911
f 910 930 931
f 910 931 932
f 913 933 914
f 914 934 915
f 914 933 934
f 915 934 935
f 915 935 924
f 915 924 936
f 915 936 937
f 915 937 938
f 915 938 916
f 916 938 939
f 917 940 918
f 918 940 941
f 919 942 943
f 919 943 944
f 919 944 921
f 919 920 942
f 920 945 942
f 921 944 922
f 922 946 937
f 922 937 923
f 922 944 946
f 923 937 936
f 923 936 924
f 924 935 947
f 924 947 948
f 924 948 949
f 924 949 950
f 924 950 925
f 925 950 927
f 925 927 926
f 927 950 951
f 927 951 952
f 927 952 953
f 927 953 928
f 928 953 954
f 930 955 931
f 931 956 932
f 931 955 957
f 933 958 934
f 934 958 959
f 934 959 935
f 935 959 960
f 935 960 961
f 935 961 947
f 937 946 962
f 937 962 939
f 937 939 938
f 940 963 964
f 940 964 965
f 940 965 966
f 940 966 941
f 943 967 946
f 943 946 944
f 946 967 962
f 947 961 968
f 947 968 969
f 947 969 948
f 948 969 970
f 948 970 971
f 948 971 949
f 949 971 972
f 949 972 950
f 950 972 951
f 955 973 974
f 955 974 957
f 963 975 964
f 964 975 973
f 973 975 974

o geometry_8
v 0.02373643 0.01453002 0.04702144
v 0.02395920 0.01406171 0.04796719
v 0.02399418 0.01411882 0.04702144
v 0.02373643 0.01453002 0.04082290
v 0.02301104 0.01453002 0.04861544
v 0.02420222 0.01317363 0.04831063
v 0.02550755 0.01099912 0.04797450
v 0.02518536 0.01185008 0.04702144
v 0.02451336 0.01317363 0.04702144
v 0.02399418 0.01411882 0.04082290
v 0.02370697 0.01453002 0.04042205
v 0.02299447 0.01453002 0.04863110
v 0.02370145 0.01220845 0.04934407
v 0.02569350 0.01007392 0.04829601
v 0.02704301 0.00640595 0.04794527
v 0.02649621 0.00852335 0.04702144
v 0.02594572 0.01007392 0.04702144
v 0.02554253 0.01107479 0.04702144
v 0.02518536 0.01185008 0.04082290
v 0.02451336 0.01317363 0.04082290
v 0.02395920 0.01406171 0.03990742
v 0.02327432 0.01453002 0.03953684
v 0.02298158 0.01453002 0.04863945
v 0.02234825 0.01398175 0.04934824
v 0.02336637 0.01317363 0.04908518
v 0.02389844 0.01117617 0.04934824
v 0.02544495 0.00780803 0.04934824
v 0.02586471 0.00840484 0.04870939
v 0.02714427 0.00542507 0.04818432
v 0.02756219 0.00387592 0.04702144
v 0.02730076 0.00542507 0.04702144
v 0.02706878 0.00650875 0.04702144
v 0.02686810 0.00728261 0.04702144
v 0.02649621 0.00852335 0.04082290
v 0.02594572 0.01007392 0.04082290
v 0.02554253 0.01107479 0.04082290
v 0.02550755 0.01099912 0.03990116
v 0.02420222 0.01317363 0.03961096
v 0.02319699 0.01453002 0.03946377
v 0.02151976 0.01453002 0.04934929
v 0.02259127 0.01317363 0.04934929
v 0.02156579 0.01317363 0.04935241
v 0.02466433 0.00697564 0.04935241
v 0.02544863 0.00697564 0.04934929
v 0.02637653 0.00077621 0.04932528
v 0.02630842 0.00232535 0.04929500
v 0.02625503 0.00387592 0.04919792
v 0.02727498 0.00387592 0.04842232
v 0.02773525 0.00232535 0.04702144
v 0.02756219 0.00387592 0.04082290
v 0.02730076 0.00542507 0.04082290
v 0.02706878 0.00650875 0.04082290
v 0.02686810 0.00728261 0.04082290
v 0.02704301 0.00640595 0.03992517
v 0.02569350 0.01007392 0.03962871
v 0.02311598 0.01317363 0.03891157
v 0.02311782 0.01453002 0.03941263
v 0.02471772 0.01155881 0.03941472
v 0.02001560 0.01453002 0.04935241
v 0.02311598 0.01007392 0.04935241
v 0.02560144 0.00077621 0.04934929
v 0.02466433 -0.00005618 0.04935241
v 0.02637653 -0.00005618 0.04932528
v 0.02685338 -0.00005618 0.04896618
v 0.02740570 0.00077621 0.04854967
v 0.02736151 0.00232535 0.04851940
v 0.02782178 0.00077621 0.04702144
v 0.02773525 0.00232535 0.04082290
v 0.02727498 0.00387592 0.03952536
v 0.02714427 0.00542507 0.03972579
v 0.02596782 0.00852335 0.03939279
v 0.02466433 0.01007392 0.03892827
v 0.02466433 0.00852335 0.03869966
v 0.02311598 0.01162306 0.03868818
v 0.02175911 0.01453002 0.03874246
v 0.01536871 0.01453002 0.04935241
v 0.02560144 -0.00005618 0.04934929
v 0.02001560 -0.00005618 0.04935241
v 0.02740570 -0.00005618 0.04854967
v 0.02782178 0.00077621 0.04082290
v 0.02782178 -0.00005618 0.04702144
v 0.02736151 0.00232535 0.03943768
v 0.02621452 0.00387592 0.03882492
v 0.02621452 0.00542507 0.03902639
v 0.02621452 0.00232535 0.03873828
v 0.02621452 0.00077621 0.03870801
v 0.02156579 0.01453002 0.03873619
v 0.02621452 -0.00005618 0.03870801
v 0.01357734 0.01453002 0.04935137
v 0.01536871 0.01317363 0.04935241
v 0.01229411 0.01453002 0.04934929
v 0.01920368 -0.00005618 0.04934929
v 0.02782178 -0.00005618 0.04082290
v 0.02740570 0.00077621 0.03940741
v 0.02685338 -0.00005618 0.03908276
v 0.02156579 0.01317363 0.03885728
v 0.02001744 0.01453002 0.03922160
v 0.01846541 -0.00005618 0.04179580
v 0.01061504 0.01453002 0.04225823
v 0.01246164 0.01453002 0.04165905
v 0.01207502 0.01453002 0.04934824
v 0.01842859 -0.00005618 0.04921567
v 0.01166261 0.01411740 0.04934407
v 0.02740570 -0.00005618 0.03940741
v 0.01740311 -0.00005618 0.04254530
v 0.01058558 0.01453002 0.04227493
v 0.01059847 0.01453002 0.04884614
v 0.01787810 -0.00005618 0.04880021
v 0.01027260 0.01453002 0.04870626
v 0.01726687 -0.00005618 0.04318415
v 0.00902434 0.01453002 0.04392321
v 0.00905932 0.01453002 0.04381361
v 0.00951039 0.01453002 0.04312570
v 0.01740311 -0.00005618 0.04844111
v 0.00902802 0.01453002 0.04702144
v 0.01711221 -0.00005618 0.04392321
v 0.00901330 0.01453002 0.04547128
v 0.01724661 -0.00005618 0.04768013
v 0.00902618 0.01453002 0.04685546
v 0.01711221 -0.00005618 0.04702144
v 0.01711037 -0.00005618 0.04464036
v 0.01711037 -0.00005618 0.04619052
f 976 977 978
f 976 978 985
f 976 985 979
f 976 979 986
f 976 986 997
f 976 997 1014
f 976 1014 1032
f 976 1032 1050
f 976 1050 1062
f 976 1062 1072
f 976 1072 1075
f 976 1075 1074
f 976 1074 1081
f 976 1081 1088
f 976 1088 1087
f 976 1087 1086
f 976 1086 1092
f 976 1092 1094
f 976 1094 1090
f 976 1090 1084
f 976 1084 1082
f 976 1082 1076
f 976 1076 1066
f 976 1066 1064
f 976 1064 1051
f 976 1051 1034
f 976 1034 1015
f 976 1015 998
f 976 998 987
f 976 987 980
f 976 980 977
f 977 981 982
f 977 982 983
f 977 983 984
f 977 984 978
f 977 980 981
f 978 984 995
f 978 995 985
f 979 985 986
f 980 987 981
f 981 987 988
f 981 988 989
f 981 989 982
f 982 989 990
f 982 990 991
f 982 991 992
f 982 992 993
f 982 993 983
f 983 993 1011
f 983 1011 994
f 983 994 995
f 983 995 984
f 985 996 986
f 985 995 996
f 986 996 997
f 987 998 999
f 987 999 1000
f 987 1000 988
f 988 1000 999
f 988 999 1001
f 988 1001 1002
f 988 1002 989
f 989 1002 1003
f 989 1003 990
f 990 1004 1005
f 990 1005 1006
f 990 1006 1007
f 990 1007 1008
f 990 1008 991
f 990 1003 1004
f 991 1009 1010
f 991 1010 992
f 991 1008 1028
f 991 1028 1009
f 992 1010 1011
f 992 1011 993
f 994 1011 1012
f 994 1012 996
f 994 996 995
f 996 1012 1013
f 996 1013 997
f 997 1013 1014
f 998 1015 999
f 999 1016 1001
f 999 1015 1017
f 999 1017 1016
f 1001 1016 1018
f 1001 1018 1002
f 1002 1018 1019
f 1002 1019 1020
f 1002 1020 1021
f 1002 1021 1022
f 1002 1022 1023
f 1002 1023 1004
f 1002 1004 1003
f 1004 1023 1005
f 1005 1024 1043
f 1005 1043 1025
f 1005 1025 1026
f 1005 1026 1006
f 1005 1023 1024
f 1006 1026 1027
f 1006 1027 1007
f 1007 1027 1028
f 1007 1028 1008
f 1009 1012 1010
f 1009 1028 1029
f 1009 1029 1012
f 1010 1012 1011
f 1012 1029 1030
f 1012 1030 1013
f 1013 1031 1032
f 1013 1032 1014
f 1013 1030 1033
f 1013 1033 1031
f 1015 1034 1017
f 1016 1017 1035
f 1016 1035 1018
f 1017 1034 1051
f 1017 1051 1065
f 1017 1065 1053
f 1017 1053 1037
f 1017 1037 1018
f 1017 1018 1035
f 1018 1036 1019
f 1018 1037 1052
f 1018 1052 1036
f 1019 1036 1020
f 1020 1036 1052
f 1020 1052 1038
f 1020 1038 1039
f 1020 1039 1040
f 1020 1040 1041
f 1020 1041 1021
f 1021 1041 1022
f 1022 1041 1023
f 1023 1041 1024
f 1024 1042 1055
f 1024 1055 1043
f 1024 1041 1042
f 1025 1043 1044
f 1025 1044 1045
f 1025 1045 1029
f 1025 1029 1026
f 1026 1029 1027
f 1027 1029 1028
f 1029 1045 1046
f 1029 1046 1030
f 1030 1046 1047
f 1030 1047 1033
f 1031 1033 1047
f 1031 1047 1048
f 1031 1048 1049
f 1031 1049 1050
f 1031 1050 1032
f 1037 1053 1067
f 1037 1067 1077
f 1037 1077 1083
f 1037 1083 1089
f 1037 1089 1093
f 1037 1093 1095
f 1037 1095 1097
f 1037 1097 1096
f 1037 1096 1091
f 1037 1091 1085
f 1037 1085 1080
f 1037 1080 1073
f 1037 1073 1063
f 1037 1063 1070
f 1037 1070 1079
f 1037 1079 1068
f 1037 1068 1056
f 1037 1056 1054
f 1037 1054 1039
f 1037 1039 1038
f 1037 1038 1052
f 1039 1054 1040
f 1040 1042 1041
f 1040 1054 1056
f 1040 1056 1042
f 1042 1056 1068
f 1042 1068 1055
f 1043 1055 1057
f 1043 1057 1044
f 1044 1057 1058
f 1044 1058 1059
f 1044 1059 1046
f 1044 1046 1045
f 1046 1059 1047
f 1047 1059 1048
f 1048 1059 1058
f 1048 1058 1060
f 1048 1060 1061
f 1048 1061 1049
f 1049 1062 1050
f 1049 1061 1063
f 1049 1063 1062
f 1051 1064 1065
f 1053 1065 1064
f 1053 1064 1066
f 1053 1066 1067
f 1055 1068 1079
f 1055 1079 1069
f 1055 1069 1057
f 1057 1069 1060
f 1057 1060 1058
f 1060 1069 1061
f 1061 1069 1070
f 1061 1070 1063
f 1062 1063 1071
f 1062 1071 1072
f 1063 1073 1074
f 1063 1074 1075
f 1063 1075 1071
f 1066 1076 1067
f 1067 1076 1078
f 1067 1078 1077
f 1069 1079 1070
f 1071 1075 1072
f 1073 1080 1081
f 1073 1081 1074
f 1076 1082 1078
f 1077 1078 1084
f 1077 1084 1083
f 1078 1082 1084
f 1080 1085 1086
f 1080 1086 1087
f 1080 1087 1088
f 1080 1088 1081
f 1083 1084 1089
f 1084 1090 1089
f 1085 1091 1086
f 1086 1091 1092
f 1089 1090 1093
f 1090 1094 1095
f 1090 1095 1093
f 1091 1096 1092
f 1092 1097 1095
f 1092 1095 1094
f 1092 1096 1097

o geometry_9
v -0.06367500 0.01865038 -0.00257812
v -0.06367500 0.01856830 -0.00315625
v -0.06478140 0.01864308 -0.00257812
v -0.06231594 0.01816525 -0.00257812
v -0.06522486 0.01855371 -0.00312280
v -0.06522486 0.01863761 -0.00257812
v -0.06367500 0.01835674 -0.00412457
v -0.06221941 0.01808135 -0.00257812
v -0.06222996 0.01808318 -0.00264819
v -0.06200824 0.01760170 -0.00411980
v -0.06234385 0.01748497 -0.00567422
v -0.06522486 0.01833121 -0.00412457
v -0.06568794 0.01860296 -0.00257812
v -0.06268022 0.01721141 -0.00722386
v -0.06367500 0.01793910 -0.00567422
v -0.06522486 0.01791721 -0.00567422
v -0.06127139 0.01725518 -0.00257812
v -0.06129175 0.01710745 -0.00360059
v -0.06141318 0.01698161 -0.00463263
v -0.06156854 0.01681747 -0.00567422
v -0.06621663 0.01724971 -0.00695789
v -0.06637577 0.01746309 -0.00567422
v -0.06635238 0.01801387 -0.00257812
v -0.06190491 0.01651107 -0.00722386
v -0.06289516 0.01705091 -0.00800585
v -0.06367500 0.01738102 -0.00722386
v -0.06527917 0.01730442 -0.00737357
v -0.06583199 0.01704362 -0.00799151
v -0.06120427 0.01719499 -0.00257812
v -0.06042518 0.01640712 -0.00257812
v -0.05975546 0.01554811 -0.00354167
v -0.05988443 0.01538762 -0.00457529
v -0.06083547 0.01604236 -0.00567422
v -0.06113111 0.01573596 -0.00722386
v -0.06622116 0.01572684 -0.00991384
v -0.06637878 0.01605330 -0.00877350
v -0.06680188 0.01627216 -0.00567422
v -0.06642554 0.01766918 -0.00412457
v -0.06637953 0.01795369 -0.00262112
v -0.06638405 0.01795004 -0.00257812
v -0.06131287 0.01554082 -0.00807592
v -0.06367500 0.01705456 -0.00801222
v -0.06223299 0.01615726 -0.00855690
v -0.06260480 0.01574143 -0.00993136
v -0.06367500 0.01586727 -0.01012566
v -0.06367500 0.01664238 -0.00878784
v -0.06479875 0.01705274 -0.00801063
v -0.06527917 0.01671169 -0.00862539
v -0.06522486 0.01585633 -0.01011451
v -0.05968155 0.01563565 -0.00257812
v -0.05951186 0.01442648 -0.00567422
v -0.05963328 0.01417845 -0.00691170
v -0.06006016 0.01519977 -0.00567422
v -0.06026002 0.01470552 -0.00734649
v -0.06522486 0.01534750 -0.01088694
v -0.06598736 0.01394683 -0.01264681
v -0.06628074 0.01435171 -0.01161319
v -0.06647155 0.01480948 -0.01038844
v -0.06680490 0.01472194 -0.00877350
v -0.06685241 0.01627216 -0.00412457
v -0.06685241 0.01627216 -0.00257812
v -0.05982560 0.01390853 -0.00794373
v -0.06157156 0.01523807 -0.00910955
v -0.06202332 0.01480036 -0.01043782
v -0.06257388 0.01426599 -0.01187120
v -0.06289064 0.01395595 -0.01265478
v -0.06367500 0.01535661 -0.01089968
v -0.05935499 0.01472376 -0.00257812
v -0.05951261 0.01481130 -0.00408476
v -0.05918529 0.01317354 -0.00567422
v -0.05943946 0.01330485 -0.00734649
v -0.05956163 0.01286532 -0.00877350
v -0.05969890 0.01254251 -0.00973227
v -0.06537268 0.01445384 -0.01202568
v -0.06495411 0.01395777 -0.01265796
v -0.06537268 0.01332674 -0.01326476
v -0.06522486 0.01238567 -0.01418531
v -0.06627546 0.01134975 -0.01457391
v -0.06628376 0.01291456 -0.01314849
v -0.06650925 0.01332674 -0.01202568
v -0.06684940 0.01317354 -0.01032315
v -0.06685241 0.01472194 -0.00722386
v -0.06685241 0.00697449 -0.00257812
v -0.06004507 0.01364043 -0.00877350
v -0.06113488 0.01420398 -0.00991224
v -0.06144184 0.01382828 -0.01094428
v -0.06367500 0.01396142 -0.01266115
v -0.06367500 0.01459427 -0.01187120
v -0.06174125 0.01325744 -0.01198109
v -0.06140337 0.01232001 -0.01257036
v -0.06254522 0.01317354 -0.01303701
v -0.06249017 0.01136070 -0.01458665
v -0.06367500 0.01239478 -0.01419327
v -0.06367500 0.01317354 -0.01343199
v -0.05914834 0.01317354 -0.00257812
v -0.05914834 0.01317354 -0.00412457
v -0.05914834 0.01162332 -0.00722386
v -0.05923507 0.01162332 -0.00877350
v -0.05952845 0.01160144 -0.01027855
v -0.05966647 0.01107071 -0.01131536
v -0.06001264 0.01210480 -0.01076431
v -0.06367500 0.01161967 -0.01479210
v -0.06522486 0.01161055 -0.01478255
v -0.06620231 0.00962263 -0.01594359
v -0.06645722 0.01011323 -0.01504374
v -0.06650624 0.01176923 -0.01356736
v -0.06685241 0.01162332 -0.01187120
v -0.06685241 0.00001856 -0.00722386
v -0.06642554 0.00001856 -0.00576500
v -0.06685166 0.00697084 -0.00257812
v -0.06104589 0.01279602 -0.01153674
v -0.06053379 0.01169627 -0.01194286
v -0.06002169 0.01049440 -0.01234740
v -0.06105494 0.01128592 -0.01302745
v -0.06145692 0.01066583 -0.01405949
v -0.06194639 0.01184035 -0.01361036
v -0.06204670 0.01015153 -0.01502304
v -0.06263648 0.00963904 -0.01595633
v -0.05914834 0.00697449 -0.00257812
v -0.05914834 0.00852471 -0.01032315
v -0.05921018 0.01007310 -0.01032315
v -0.05953599 0.01001656 -0.01184730
v -0.05971172 0.00946213 -0.01277104
v -0.06367500 0.01058923 -0.01556613
v -0.06522486 0.01057647 -0.01555657
v -0.06522486 0.00980136 -0.01605507
v -0.06522486 0.00852471 -0.01675265
v -0.06522486 0.00759458 -0.01721929
v -0.06617817 0.00660061 -0.01745023
v -0.06636445 0.00852471 -0.01623345
v -0.06679057 0.00852471 -0.01497048
v -0.06684563 0.01007310 -0.01342084
v -0.06685241 0.00697449 -0.01497048
v -0.06685241 0.00001856 -0.01652172
v -0.06524447 0.00001856 -0.00502123
v -0.06585990 0.00452149 -0.00257812
v -0.06642932 0.00513246 -0.00257812
v -0.06647758 0.00523824 -0.00257812
v -0.06649794 0.00532578 -0.00257812
v -0.06115675 0.00963175 -0.01442420
v -0.06160323 0.00878369 -0.01545783
v -0.06367500 0.00760734 -0.01723363
v -0.06367500 0.00852471 -0.01677654
v -0.06367500 0.00981412 -0.01606463
v -0.06212212 0.00837151 -0.01615541
v -0.06267267 0.00661885 -0.01745979
v -0.05941532 0.00534220 -0.00257812
v -0.05947415 0.00001856 -0.00580481
v -0.05914834 0.00001856 -0.00722386
v -0.05914834 0.00387587 -0.01342084
v -0.05920566 0.00542609 -0.01342084
v -0.05924412 0.00852471 -0.01187120
v -0.05957069 0.00852471 -0.01306568
v -0.05965968 0.00658602 -0.01438120
v -0.05985878 0.00762011 -0.01411523
v -0.06008580 0.00852471 -0.01384130
v -0.06522486 0.00681947 -0.01753623
v -0.06522486 0.00542609 -0.01799969
v -0.06522486 0.00387587 -0.01837874
v -0.06633654 0.00542609 -0.01763338
v -0.06676266 0.00542609 -0.01652172
v -0.06684186 0.00387587 -0.01652172
v -0.06685241 0.00232565 -0.01652172
v -0.06642554 0.00001856 -0.01802836
v -0.06212589 0.00001856 -0.00502283
v -0.06341254 0.00431176 -0.00257812
v -0.06367500 0.00431176 -0.00257812
v -0.06493601 0.00433364 -0.00257812
v -0.06522486 0.00433911 -0.00257812
v -0.06095840 0.00837151 -0.01495296
v -0.06135058 0.00775142 -0.01574610
v -0.06367500 0.00683223 -0.01754420
v -0.06214399 0.00707115 -0.01678291
v -0.06165603 0.00542609 -0.01698358
v -0.06243134 0.00542609 -0.01765090
v -0.06367500 0.00387587 -0.01840741
v -0.06367500 0.00542609 -0.01801721
v -0.05945982 0.00517988 -0.00257812
v -0.06064767 0.00001856 -0.00505309
v -0.05914834 0.00001856 -0.01342084
v -0.05926448 0.00001856 -0.01421557
v -0.05937610 0.00077543 -0.01497048
v -0.05947415 0.00387587 -0.01483192
v -0.05953222 0.00542609 -0.01460099
v -0.05945529 0.00705109 -0.01352755
v -0.06013558 0.00542609 -0.01537661
v -0.06119295 0.00697449 -0.01591492
v -0.06032940 0.00705109 -0.01492748
v -0.06367500 0.00232565 -0.01867178
v -0.06522486 0.00232565 -0.01863834
v -0.06641573 0.00387587 -0.01781176
v -0.06642554 0.00232565 -0.01794235
v -0.06642554 0.00077543 -0.01802836
v -0.06514643 0.00001856 -0.01879920
v -0.06057602 0.00436647 -0.00257812
v -0.06212589 0.00431358 -0.00257812
v -0.06091088 0.00542609 -0.01620956
v -0.06069217 0.00387587 -0.01642297
v -0.06144485 0.00387587 -0.01719859
v -0.06222016 0.00387587 -0.01784042
v -0.05937610 0.00001856 -0.01497048
v -0.05954278 0.00001856 -0.01542438
v -0.05970267 0.00077543 -0.01585599
v -0.05981655 0.00299316 -0.01572062
v -0.05974641 0.00196090 -0.01580662
v -0.05991761 0.00387587 -0.01560595
v -0.06352416 0.00064594 -0.01881672
v -0.06514643 0.00064594 -0.01879920
v -0.06457777 0.00001856 -0.01884857
v -0.06135812 0.00304605 -0.01728937
v -0.06197505 0.00244785 -0.01787706
v -0.06212589 0.00077543 -0.01816214
v -0.05970267 0.00001856 -0.01585599
v -0.06046516 0.00077543 -0.01663161
v -0.06128874 0.00201196 -0.01735786
v -0.06352416 0.00001856 -0.01881672
v -0.06394047 0.00004409 -0.01884857
v -0.06457777 0.00004409 -0.01884857
v -0.06394047 0.00001856 -0.01884857
v -0.06123971 0.00077543 -0.01740723
v -0.06212589 0.00001856 -0.01816214
v -0.06046516 0.00001856 -0.01663161
v -0.06123971 0.00001856 -0.01740723
f 1098 1099 1100
f 1098 1100 1103
f 1098 1103 1110
f 1098 1110 1120
f 1098 1120 1137
f 1098 1137 1158
f 1098 1158 1180
f 1098 1180 1207
f 1098 1207 1236
f 1098 1236 1235
f 1098 1235 1234
f 1098 1234 1233
f 1098 1233 1266
f 1098 1266 1265
f 1098 1265 1264
f 1098 1264 1263
f 1098 1263 1293
f 1098 1293 1292
f 1098 1292 1275
f 1098 1275 1244
f 1098 1244 1216
f 1098 1216 1192
f 1098 1192 1165
f 1098 1165 1147
f 1098 1147 1127
f 1098 1127 1126
f 1098 1126 1114
f 1098 1114 1105
f 1098 1105 1101
f 1098 1101 1099
f 1099 1102 1103
f 1099 1103 1100
f 1099 1101 1104
f 1099 1104 1102
f 1101 1105 1106
f 1101 1106 1107
f 1101 1107 1108
f 1101 1108 1104
f 1102 1104 1109
f 1102 1109 1110
f 1102 1110 1103
f 1104 1108 1111
f 1104 1111 1112
f 1104 1112 1113
f 1104 1113 1109
f 1105 1114 1106
f 1106 1114 1115
f 1106 1115 1107
f 1107 1115 1116
f 1107 1116 1108
f 1108 1116 1117
f 1108 1117 1111
f 1109 1113 1110
f 1110 1113 1118
f 1110 1118 1119
f 1110 1119 1120
f 1111 1117 1121
f 1111 1121 1122
f 1111 1122 1112
f 1112 1123 1113
f 1112 1122 1123
f 1113 1123 1124
f 1113 1124 1125
f 1113 1125 1118
f 1114 1126 1115
f 1115 1126 1127
f 1115 1127 1128
f 1115 1128 1116
f 1116 1128 1129
f 1116 1129 1117
f 1117 1129 1130
f 1117 1130 1131
f 1117 1131 1121
f 1118 1125 1132
f 1118 1132 1133
f 1118 1133 1119
f 1119 1133 1134
f 1119 1134 1135
f 1119 1135 1120
f 1120 1135 1136
f 1120 1136 1137
f 1121 1131 1138
f 1121 1138 1122
f 1122 1139 1123
f 1122 1138 1140
f 1122 1140 1141
f 1122 1141 1142
f 1122 1142 1143
f 1122 1143 1139
f 1123 1139 1144
f 1123 1144 1124
f 1124 1144 1125
f 1125 1144 1145
f 1125 1145 1146
f 1125 1146 1132
f 1127 1147 1128
f 1128 1147 1148
f 1128 1148 1129
f 1129 1148 1149
f 1129 1149 1150
f 1129 1150 1130
f 1130 1150 1131
f 1131 1150 1151
f 1131 1151 1138
f 1132 1152 1153
f 1132 1153 1154
f 1132 1154 1155
f 1132 1155 1133
f 1132 1146 1152
f 1133 1155 1156
f 1133 1156 1134
f 1134 1156 1157
f 1134 1157 1135
f 1135 1137 1136
f 1135 1157 1137
f 1137 1157 1158
f 1138 1151 1159
f 1138 1159 1160
f 1138 1160 1140
f 1139 1143 1144
f 1140 1160 1141
f 1141 1160 1161
f 1141 1161 1162
f 1141 1162 1163
f 1141 1163 1164
f 1141 1164 1142
f 1142 1146 1143
f 1142 1164 1152
f 1142 1152 1146
f 1143 1145 1144
f 1143 1146 1145
f 1147 1165 1166
f 1147 1166 1148
f 1148 1166 1165
f 1148 1165 1167
f 1148 1167 1168
f 1148 1168 1149
f 1149 1168 1169
f 1149 1169 1170
f 1149 1170 1159
f 1149 1159 1151
f 1149 1151 1150
f 1152 1164 1171
f 1152 1171 1153
f 1153 1171 1172
f 1153 1172 1173
f 1153 1173 1174
f 1153 1174 1175
f 1153 1175 1176
f 1153 1176 1154
f 1154 1176 1177
f 1154 1177 1155
f 1155 1177 1156
f 1156 1177 1178
f 1156 1178 1179
f 1156 1179 1157
f 1157 1179 1204
f 1157 1204 1230
f 1157 1230 1260
f 1157 1260 1231
f 1157 1231 1205
f 1157 1205 1180
f 1157 1180 1158
f 1159 1181 1160
f 1159 1170 1181
f 1160 1181 1182
f 1160 1182 1183
f 1160 1183 1161
f 1161 1183 1162
f 1162 1183 1163
f 1163 1184 1185
f 1163 1185 1164
f 1163 1183 1186
f 1163 1186 1187
f 1163 1187 1188
f 1163 1188 1189
f 1163 1189 1190
f 1163 1190 1191
f 1163 1191 1184
f 1164 1185 1171
f 1165 1192 1193
f 1165 1193 1167
f 1167 1193 1194
f 1167 1194 1195
f 1167 1195 1168
f 1168 1195 1169
f 1169 1195 1196
f 1169 1196 1170
f 1170 1196 1197
f 1170 1197 1198
f 1170 1198 1183
f 1170 1183 1182
f 1170 1182 1181
f 1171 1185 1172
f 1172 1184 1191
f 1172 1191 1190
f 1172 1190 1174
f 1172 1174 1173
f 1172 1185 1184
f 1174 1190 1199
f 1174 1199 1200
f 1174 1200 1201
f 1174 1201 1175
f 1175 1202 1203
f 1175 1203 1176
f 1175 1201 1202
f 1176 1203 1177
f 1177 1203 1204
f 1177 1204 1178
f 1178 1204 1179
f 1180 1205 1206
f 1180 1206 1207
f 1183 1198 1208
f 1183 1208 1187
f 1183 1187 1186
f 1187 1208 1198
f 1187 1198 1209
f 1187 1209 1210
f 1187 1210 1211
f 1187 1211 1212
f 1187 1212 1213
f 1187 1213 1188
f 1188 1213 1189
f 1189 1213 1212
f 1189 1212 1214
f 1189 1214 1215
f 1189 1215 1199
f 1189 1199 1190
f 1192 1216 1246
f 1192 1246 1277
f 1192 1277 1247
f 1192 1247 1217
f 1192 1217 1194
f 1192 1194 1193
f 1194 1217 1218
f 1194 1218 1195
f 1195 1218 1196
f 1196 1218 1219
f 1196 1219 1197
f 1197 1210 1209
f 1197 1209 1198
f 1197 1219 1220
f 1197 1220 1210
f 1199 1215 1221
f 1199 1221 1200
f 1200 1221 1222
f 1200 1222 1201
f 1201 1223 1224
f 1201 1224 1225
f 1201 1225 1226
f 1201 1226 1227
f 1201 1227 1202
f 1201 1222 1223
f 1202 1227 1228
f 1202 1228 1203
f 1203 1228 1229
f 1203 1229 1204
f 1204 1229 1230
f 1205 1231 1261
f 1205 1261 1291
f 1205 1291 1306
f 1205 1306 1316
f 1205 1316 1313
f 1205 1313 1318
f 1205 1318 1320
f 1205 1320 1319
f 1205 1319 1310
f 1205 1310 1299
f 1205 1299 1298
f 1205 1298 1278
f 1205 1278 1277
f 1205 1277 1246
f 1205 1246 1245
f 1205 1245 1276
f 1205 1276 1262
f 1205 1262 1232
f 1205 1232 1206
f 1206 1232 1233
f 1206 1233 1234
f 1206 1234 1235
f 1206 1235 1236
f 1206 1236 1207
f 1210 1212 1211
f 1210 1220 1212
f 1212 1220 1237
f 1212 1237 1238
f 1212 1238 1214
f 1214 1238 1215
f 1215 1239 1240
f 1215 1240 1241
f 1215 1241 1221
f 1215 1238 1242
f 1215 1242 1243
f 1215 1243 1239
f 1216 1244 1245
f 1216 1245 1246
f 1217 1247 1248
f 1217 1248 1218
f 1218 1248 1249
f 1218 1249 1219
f 1219 1249 1250
f 1219 1250 1220
f 1220 1250 1251
f 1220 1251 1252
f 1220 1252 1253
f 1220 1253 1237
f 1221 1241 1223
f 1221 1223 1222
f 1223 1241 1240
f 1223 1240 1224
f 1224 1240 1225
f 1225 1240 1239
f 1225 1239 1254
f 1225 1254 1226
f 1226 1254 1255
f 1226 1255 1256
f 1226 1256 1257
f 1226 1257 1227
f 1227 1257 1258
f 1227 1258 1228
f 1228 1258 1259
f 1228 1259 1230
f 1228 1230 1229
f 1230 1259 1260
f 1231 1260 1290
f 1231 1290 1261
f 1232 1262 1263
f 1232 1263 1264
f 1232 1264 1265
f 1232 1265 1266
f 1232 1266 1233
f 1237 1253 1238
f 1238 1253 1267
f 1238 1267 1268
f 1238 1268 1242
f 1239 1243 1269
f 1239 1269 1254
f 1242 1268 1270
f 1242 1270 1243
f 1243 1271 1272
f 1243 1272 1273
f 1243 1273 1274
f 1243 1274 1269
f 1243 1270 1271
f 1244 1275 1245
f 1245 1275 1276
f 1247 1277 1278
f 1247 1278 1279
f 1247 1279 1248
f 1248 1279 1280
f 1248 1280 1281
f 1248 1281 1282
f 1248 1282 1249
f 1249 1282 1250
f 1250 1282 1251
f 1251 1281 1283
f 1251 1283 1284
f 1251 1284 1285
f 1251 1285 1252
f 1251 1282 1281
f 1252 1285 1268
f 1252 1268 1267
f 1252 1267 1253
f 1254 1269 1274
f 1254 1274 1255
f 1255 1274 1273
f 1255 1273 1256
f 1256 1273 1286
f 1256 1286 1287
f 1256 1287 1257
f 1257 1287 1288
f 1257 1288 1258
f 1258 1288 1259
f 1259 1288 1289
f 1259 1289 1290
f 1259 1290 1260
f 1261 1290 1305
f 1261 1305 1291
f 1262 1276 1292
f 1262 1292 1293
f 1262 1293 1263
f 1268 1285 1284
f 1268 1284 1270
f 1270 1284 1271
f 1271 1284 1294
f 1271 1294 1295
f 1271 1295 1296
f 1271 1296 1272
f 1272 1296 1297
f 1272 1297 1273
f 1273 1297 1286
f 1275 1292 1276
f 1278 1298 1279
f 1279 1298 1299
f 1279 1299 1300
f 1279 1300 1280
f 1280 1301 1281
f 1280 1300 1302
f 1280 1302 1301
f 1281 1301 1303
f 1281 1303 1283
f 1283 1294 1284
f 1283 1303 1294
f 1286 1297 1304
f 1286 1304 1305
f 1286 1305 1287
f 1287 1289 1288
f 1287 1305 1289
f 1289 1305 1290
f 1291 1305 1315
f 1291 1315 1306
f 1294 1303 1295
f 1295 1303 1301
f 1295 1301 1296
f 1296 1301 1307
f 1296 1307 1297
f 1297 1307 1308
f 1297 1308 1309
f 1297 1309 1304
f 1299 1310 1300
f 1300 1311 1302
f 1300 1310 1319
f 1300 1319 1311
f 1301 1302 1307
f 1302 1311 1312
f 1302 1312 1307
f 1304 1309 1318
f 1304 1318 1313
f 1304 1313 1316
f 1304 1316 1314
f 1304 1314 1315
f 1304 1315 1305
f 1306 1315 1314
f 1306 1314 1316
f 1307 1312 1308
f 1308 1312 1309
f 1309 1312 1317
f 1309 1317 1320
f 1309 1320 1318
f 1311 1317 1312
f 1311 1319 1320
f 1311 1320 1317

o geometry_10
v -0.06212097 0.01585221 0.02376899
v -0.06367474 0.01629855 0.00982644
v -0.06522465 0.01630173 0.00982644
v -0.06367474 0.01585221 0.02376899
v -0.06057568 0.01582671 0.02376899
v -0.06367474 0.01629855 0.00982371
v -0.06522465 0.01630173 0.00982371
v -0.06636146 0.01588250 0.00982644
v -0.06618343 0.01564339 0.02222376
v -0.06612948 0.01560354 0.02376899
v -0.06522465 0.01578367 0.02376899
v -0.06057568 0.01579164 0.00982371
v -0.06212559 0.01606263 0.00982371
v -0.05960226 0.01564977 0.02376899
v -0.06636224 0.01588091 0.00982371
v -0.06662583 0.01472204 0.02067444
v -0.06657419 0.01472204 0.02222376
v -0.06645241 0.01472204 0.02376899
v -0.05967240 0.01560832 0.00982371
v -0.05919686 0.01472204 0.02376899
v -0.06678768 0.01472044 0.00982371
v -0.06678768 0.01472204 0.00982644
v -0.06684008 0.01317262 0.02067444
v -0.06678151 0.01317262 0.02222376
v -0.06664740 0.01317262 0.02376899
v -0.05934639 0.01472204 0.00982371
v -0.05898415 0.01317262 0.02376899
v -0.06685241 0.01317103 0.00982371
v -0.06685241 0.01317262 0.00982644
v -0.06685241 0.01317262 0.01912375
v -0.06684008 0.00002016 0.02067444
v -0.06678151 0.00002016 0.02222376
v -0.06664740 0.00002016 0.02376899
v -0.05914831 0.01317262 0.00982371
v -0.05897875 0.01162321 0.02376899
v -0.06685241 0.00002016 0.00982371
v -0.06685241 0.00002016 0.01912375
v -0.06299882 0.00002016 0.02376899
v -0.05914831 0.00852279 0.00982371
v -0.05897875 0.00697498 0.02376899
v -0.06313832 0.00002016 0.00982371
v -0.05947432 0.00394948 0.00982371
v -0.05940110 0.00392557 0.02376899
v -0.05899031 0.00542556 0.02376899
v -0.05919224 0.00542556 0.00982371
f 1321 1322 1323
f 1321 1323 1324
f 1321 1324 1331
f 1321 1331 1330
f 1321 1330 1338
f 1321 1338 1345
f 1321 1345 1353
f 1321 1353 1358
f 1321 1358 1363
f 1321 1363 1364
f 1321 1364 1360
f 1321 1360 1355
f 1321 1355 1347
f 1321 1347 1340
f 1321 1340 1334
f 1321 1334 1325
f 1321 1325 1322
f 1322 1326 1327
f 1322 1327 1323
f 1322 1325 1326
f 1323 1327 1328
f 1323 1328 1329
f 1323 1329 1330
f 1323 1330 1331
f 1323 1331 1324
f 1325 1332 1333
f 1325 1333 1326
f 1325 1334 1332
f 1326 1333 1332
f 1326 1332 1339
f 1326 1339 1346
f 1326 1346 1354
f 1326 1354 1359
f 1326 1359 1365
f 1326 1365 1362
f 1326 1362 1361
f 1326 1361 1356
f 1326 1356 1348
f 1326 1348 1341
f 1326 1341 1335
f 1326 1335 1327
f 1327 1335 1328
f 1328 1335 1329
f 1329 1336 1337
f 1329 1337 1330
f 1329 1335 1336
f 1330 1337 1338
f 1332 1334 1339
f 1334 1340 1339
f 1335 1341 1342
f 1335 1342 1336
f 1336 1342 1343
f 1336 1343 1337
f 1337 1343 1344
f 1337 1344 1338
f 1338 1344 1345
f 1339 1340 1346
f 1340 1347 1346
f 1341 1348 1349
f 1341 1349 1342
f 1342 1349 1350
f 1342 1350 1343
f 1343 1350 1357
f 1343 1357 1351
f 1343 1351 1352
f 1343 1352 1344
f 1344 1352 1353
f 1344 1353 1345
f 1346 1347 1354
f 1347 1355 1354
f 1348 1356 1357
f 1348 1357 1350
f 1348 1350 1349
f 1351 1357 1356
f 1351 1356 1361
f 1351 1361 1358
f 1351 1358 1353
f 1351 1353 1352
f 1354 1355 1360
f 1354 1360 1359
f 1358 1361 1362
f 1358 1362 1363
f 1359 1360 1364
f 1359 1364 1365
f 1362 1365 1364
f 1362 1364 1363

o geometry_11
v 0.00547007 0.02728391 0.04702183
v 0.00592068 0.02667592 0.04868474
v 0.00761943 0.02655982 0.04826954
v 0.00606910 0.02716655 0.04702183
v 0.00547007 0.02728391 0.04082292
v 0.00547007 0.02675083 0.04864823
v 0.00547007 0.02643623 0.04916881
v 0.00996192 0.02480079 0.04934824
v 0.01057525 0.02515410 0.04865553
v 0.00859040 0.02641500 0.04797952
v 0.00606910 0.02716655 0.04082292
v 0.00761943 0.02677205 0.04702183
v 0.00547007 0.02703172 0.03996851
v 0.00761943 0.02655982 0.03965346
v 0.00547007 0.02610290 0.04934720
v 0.01187882 0.02498431 0.04819547
v 0.00916798 0.02480579 0.04934929
v 0.00916798 0.02402178 0.04935241
v 0.01226864 0.02247249 0.04935241
v 0.01305722 0.02325150 0.04934824
v 0.00946302 0.02617780 0.04702183
v 0.00868875 0.02644871 0.04702183
v 0.01071831 0.02568468 0.04702183
v 0.00761943 0.02677205 0.04082292
v 0.00859040 0.02641500 0.03989653
v 0.00606910 0.02675707 0.03943229
v 0.00547007 0.02681450 0.03940725
v 0.00761943 0.02557232 0.03895345
v 0.01071831 0.02524024 0.03945733
v 0.00547007 0.02547869 0.04934929
v 0.00592068 0.02543499 0.04934929
v 0.01207194 0.02507919 0.04702183
v 0.01367055 0.02361354 0.04861798
v 0.01483465 0.02340256 0.04813287
v 0.01284621 0.02469842 0.04702183
v 0.00547007 0.02402178 0.04935241
v 0.01846639 0.01782336 0.04935241
v 0.01769749 0.02015292 0.04934824
v 0.00946302 0.02617780 0.04082292
v 0.00868875 0.02644871 0.04082292
v 0.01071831 0.02568468 0.04082292
v 0.01187882 0.02498431 0.03971605
v 0.00606910 0.02557232 0.03873228
v 0.00547007 0.02608667 0.03897744
v 0.01071831 0.02402178 0.03875836
v 0.01381718 0.02370218 0.03949488
v 0.01234374 0.02413788 0.03929354
v 0.01207194 0.02507919 0.04082292
v 0.01657452 0.02202805 0.04829353
v 0.01679089 0.02219284 0.04702183
v 0.01573230 0.02296811 0.04702183
v 0.01495624 0.02348121 0.04702183
v 0.01381718 0.02415661 0.04702183
v 0.01284621 0.02469842 0.04082292
v 0.00547007 0.01937390 0.04935241
v 0.02001494 0.01472478 0.04935241
v 0.02152056 0.01453002 0.04934929
v 0.01986473 0.01766856 0.04934824
v 0.01924603 0.01860487 0.04934824
v 0.01831440 0.01922284 0.04934929
v 0.01885442 0.01976216 0.04857103
v 0.01808015 0.02048999 0.04857103
v 0.01483465 0.02340256 0.03976925
v 0.00547007 0.02557232 0.03871037
v 0.00916798 0.02402178 0.03869577
v 0.01381718 0.02247249 0.03879487
v 0.01536573 0.02092195 0.03870098
v 0.01535679 0.02251493 0.03934779
v 0.01923351 0.02014293 0.04702183
v 0.01845924 0.02082332 0.04702183
v 0.01756695 0.02159734 0.04702183
v 0.01679089 0.02219284 0.04082292
v 0.01573230 0.02296811 0.04082292
v 0.01495624 0.02348121 0.04082292
v 0.01381718 0.02415661 0.04082292
v 0.00547007 0.01821412 0.04934929
v 0.00761943 0.01782336 0.04935241
v 0.02001494 0.01453002 0.04935241
v 0.02298149 0.01453002 0.04863989
v 0.02185852 0.01501691 0.04928878
v 0.02079100 0.01704934 0.04934616
v 0.01961439 0.01898814 0.04857103
v 0.01657452 0.02202805 0.03962633
v 0.00547007 0.02448245 0.03911619
v 0.02001494 0.01627407 0.03870516
v 0.02156527 0.01472478 0.03871872
v 0.02156527 0.01453002 0.03873541
v 0.01702156 0.02103680 0.03924451
v 0.01861839 0.01952621 0.03922468
v 0.01923351 0.02014293 0.04082292
v 0.02038866 0.01819165 0.04857103
v 0.01997917 0.01936766 0.04702183
v 0.01845924 0.02082332 0.04082292
v 0.01756695 0.02159734 0.04082292
v 0.00547007 0.01758366 0.04926374
v 0.00576690 0.01752124 0.04930443
v 0.00680046 0.01704435 0.04934824
v 0.01071831 0.01523413 0.04934929
v 0.01381718 0.01472478 0.04935241
v 0.01536573 0.01453002 0.04935241
v 0.02299580 0.01453002 0.04863049
v 0.02260240 0.01587333 0.04825598
v 0.02109856 0.01741637 0.04857103
v 0.01820353 0.02059860 0.03959712
v 0.00547007 0.01782336 0.04176183
v 0.02015620 0.01796319 0.03922886
v 0.02165647 0.01634273 0.03927059
v 0.02175839 0.01453002 0.03874271
v 0.02001672 0.01453002 0.03922155
v 0.00547007 0.01702937 0.04222190
v 0.01973420 0.01911173 0.03959399
v 0.01997917 0.01936766 0.04082292
v 0.02075523 0.01855868 0.04702183
v 0.00547007 0.01734646 0.04908013
v 0.00992616 0.01549381 0.04934824
v 0.01207552 0.01453002 0.04934824
v 0.01229367 0.01453002 0.04934929
v 0.01357578 0.01453002 0.04935137
v 0.02301010 0.01453002 0.04861485
v 0.02373609 0.01453002 0.04702183
v 0.02350900 0.01489456 0.04702183
v 0.02273472 0.01605934 0.04702183
v 0.02217861 0.01683461 0.04702183
v 0.02140434 0.01778341 0.04702183
v 0.02120049 0.01753872 0.03960338
v 0.02260240 0.01587333 0.03966285
v 0.02311739 0.01463739 0.03945211
v 0.02311739 0.01453002 0.03941351
v 0.01246176 0.01453002 0.04165960
v 0.01061460 0.01453002 0.04225842
v 0.00547007 0.01662737 0.04251192
v 0.02075523 0.01855868 0.04082292
v 0.00547007 0.01669729 0.04855226
v 0.01059850 0.01453002 0.04884645
v 0.02373609 0.01453002 0.04082292
v 0.02350900 0.01489456 0.04082292
v 0.02273472 0.01605934 0.04082292
v 0.02217861 0.01683461 0.04082292
v 0.02140434 0.01778341 0.04082292
v 0.02370569 0.01453002 0.04042232
v 0.02327475 0.01453002 0.03953661
v 0.02319785 0.01453002 0.03946463
v 0.01058599 0.01453002 0.04227510
v 0.00916798 0.01497696 0.04250671
v 0.00547007 0.01630653 0.04342058
v 0.00803071 0.01531154 0.04279047
v 0.00547007 0.01620416 0.04702183
v 0.00803250 0.01531403 0.04817773
v 0.01027306 0.01453002 0.04870665
v 0.00951130 0.01453002 0.04312534
v 0.00547007 0.01620291 0.04392238
v 0.00905890 0.01453002 0.04381388
v 0.00547007 0.01620166 0.04642301
v 0.00902671 0.01453002 0.04702183
v 0.00547007 0.01620041 0.04487381
v 0.00902492 0.01453002 0.04392238
v 0.00901419 0.01453002 0.04547158
v 0.00547007 0.01619916 0.04547158
f 1366 1367 1368
f 1366 1368 1369
f 1366 1369 1376
f 1366 1376 1370
f 1366 1370 1378
f 1366 1378 1392
f 1366 1392 1409
f 1366 1409 1429
f 1366 1429 1449
f 1366 1449 1470
f 1366 1470 1475
f 1366 1475 1496
f 1366 1496 1510
f 1366 1510 1516
f 1366 1516 1520
f 1366 1520 1523
f 1366 1523 1518
f 1366 1518 1512
f 1366 1512 1498
f 1366 1498 1479
f 1366 1479 1460
f 1366 1460 1441
f 1366 1441 1420
f 1366 1420 1401
f 1366 1401 1395
f 1366 1395 1380
f 1366 1380 1372
f 1366 1372 1371
f 1366 1371 1367
f 1367 1371 1372
f 1367 1372 1368
f 1368 1373 1374
f 1368 1374 1375
f 1368 1375 1369
f 1368 1372 1373
f 1369 1375 1377
f 1369 1377 1389
f 1369 1389 1376
f 1370 1376 1379
f 1370 1379 1378
f 1372 1380 1373
f 1373 1381 1374
f 1373 1380 1382
f 1373 1382 1383
f 1373 1383 1384
f 1373 1384 1385
f 1373 1385 1381
f 1374 1381 1375
f 1375 1386 1387
f 1375 1387 1377
f 1375 1381 1388
f 1375 1388 1386
f 1376 1389 1390
f 1376 1390 1379
f 1377 1387 1405
f 1377 1405 1389
f 1378 1379 1391
f 1378 1391 1392
f 1379 1393 1391
f 1379 1390 1394
f 1379 1394 1393
f 1380 1395 1396
f 1380 1396 1383
f 1380 1383 1382
f 1381 1397 1388
f 1381 1385 1398
f 1381 1398 1399
f 1381 1399 1400
f 1381 1400 1397
f 1383 1396 1395
f 1383 1395 1401
f 1383 1401 1420
f 1383 1420 1442
f 1383 1442 1464
f 1383 1464 1465
f 1383 1465 1443
f 1383 1443 1421
f 1383 1421 1402
f 1383 1402 1384
f 1384 1402 1403
f 1384 1403 1385
f 1385 1403 1399
f 1385 1399 1398
f 1386 1404 1405
f 1386 1405 1387
f 1386 1388 1406
f 1386 1406 1404
f 1388 1397 1413
f 1388 1413 1406
f 1389 1405 1390
f 1390 1405 1404
f 1390 1404 1406
f 1390 1406 1407
f 1390 1407 1394
f 1391 1393 1408
f 1391 1408 1392
f 1392 1408 1409
f 1393 1394 1410
f 1393 1410 1408
f 1394 1407 1411
f 1394 1411 1412
f 1394 1412 1410
f 1397 1400 1419
f 1397 1419 1413
f 1399 1403 1414
f 1399 1414 1415
f 1399 1415 1416
f 1399 1416 1417
f 1399 1417 1418
f 1399 1418 1400
f 1400 1418 1440
f 1400 1440 1419
f 1402 1421 1422
f 1402 1422 1423
f 1402 1423 1424
f 1402 1424 1425
f 1402 1425 1403
f 1403 1425 1424
f 1403 1424 1426
f 1403 1426 1427
f 1403 1427 1414
f 1406 1413 1407
f 1407 1413 1419
f 1407 1419 1428
f 1407 1428 1411
f 1408 1429 1409
f 1408 1410 1430
f 1408 1430 1429
f 1410 1412 1431
f 1410 1431 1432
f 1410 1432 1430
f 1411 1428 1433
f 1411 1433 1431
f 1411 1431 1412
f 1414 1427 1434
f 1414 1434 1435
f 1414 1435 1436
f 1414 1436 1415
f 1415 1436 1459
f 1415 1459 1437
f 1415 1437 1438
f 1415 1438 1416
f 1416 1438 1439
f 1416 1439 1417
f 1417 1439 1440
f 1417 1440 1418
f 1419 1440 1428
f 1420 1441 1442
f 1421 1443 1422
f 1422 1444 1445
f 1422 1445 1446
f 1422 1446 1423
f 1422 1443 1465
f 1422 1465 1483
f 1422 1483 1482
f 1422 1482 1481
f 1422 1481 1499
f 1422 1499 1514
f 1422 1514 1519
f 1422 1519 1522
f 1422 1522 1521
f 1422 1521 1517
f 1422 1517 1515
f 1422 1515 1508
f 1422 1508 1495
f 1422 1495 1494
f 1422 1494 1474
f 1422 1474 1452
f 1422 1452 1473
f 1422 1473 1493
f 1422 1493 1507
f 1422 1507 1506
f 1422 1506 1505
f 1422 1505 1500
f 1422 1500 1485
f 1422 1485 1484
f 1422 1484 1466
f 1422 1466 1444
f 1423 1446 1424
f 1424 1446 1426
f 1426 1434 1427
f 1426 1446 1447
f 1426 1447 1434
f 1428 1440 1439
f 1428 1439 1438
f 1428 1438 1437
f 1428 1437 1448
f 1428 1448 1433
f 1429 1430 1450
f 1429 1450 1451
f 1429 1451 1452
f 1429 1452 1449
f 1430 1432 1450
f 1431 1433 1453
f 1431 1453 1432
f 1432 1453 1454
f 1432 1454 1450
f 1433 1448 1453
f 1434 1455 1458
f 1434 1458 1435
f 1434 1447 1456
f 1434 1456 1457
f 1434 1457 1477
f 1434 1477 1455
f 1435 1458 1459
f 1435 1459 1436
f 1437 1459 1448
f 1441 1460 1461
f 1441 1461 1462
f 1441 1462 1442
f 1442 1462 1463
f 1442 1463 1464
f 1444 1466 1445
f 1445 1466 1446
f 1446 1456 1447
f 1446 1466 1467
f 1446 1467 1468
f 1446 1468 1456
f 1448 1459 1458
f 1448 1458 1469
f 1448 1469 1453
f 1449 1452 1470
f 1450 1454 1471
f 1450 1471 1451
f 1451 1472 1473
f 1451 1473 1452
f 1451 1471 1472
f 1452 1474 1475
f 1452 1475 1470
f 1453 1469 1454
f 1454 1469 1476
f 1454 1476 1471
f 1455 1469 1458
f 1455 1477 1476
f 1455 1476 1469
f 1456 1468 1478
f 1456 1478 1457
f 1457 1478 1497
f 1457 1497 1477
f 1460 1479 1480
f 1460 1480 1462
f 1460 1462 1461
f 1462 1480 1463
f 1463 1480 1481
f 1463 1481 1482
f 1463 1482 1483
f 1463 1483 1464
f 1464 1483 1465
f 1466 1484 1467
f 1467 1484 1485
f 1467 1485 1486
f 1467 1486 1487
f 1467 1487 1488
f 1467 1488 1489
f 1467 1489 1478
f 1467 1478 1468
f 1471 1476 1490
f 1471 1490 1472
f 1472 1490 1491
f 1472 1491 1492
f 1472 1492 1493
f 1472 1493 1473
f 1474 1494 1475
f 1475 1495 1496
f 1475 1494 1495
f 1476 1477 1497
f 1476 1497 1490
f 1478 1489 1504
f 1478 1504 1497
f 1479 1498 1499
f 1479 1499 1480
f 1480 1499 1481
f 1485 1500 1501
f 1485 1501 1486
f 1486 1501 1502
f 1486 1502 1487
f 1487 1502 1503
f 1487 1503 1488
f 1488 1503 1504
f 1488 1504 1489
f 1490 1504 1491
f 1490 1497 1504
f 1491 1504 1503
f 1491 1503 1502
f 1491 1502 1505
f 1491 1505 1506
f 1491 1506 1507
f 1491 1507 1492
f 1492 1507 1493
f 1495 1508 1509
f 1495 1509 1496
f 1496 1509 1511
f 1496 1511 1510
f 1498 1512 1513
f 1498 1513 1514
f 1498 1514 1499
f 1500 1505 1501
f 1501 1505 1502
f 1508 1515 1509
f 1509 1515 1511
f 1510 1511 1517
f 1510 1517 1516
f 1511 1515 1517
f 1512 1518 1519
f 1512 1519 1513
f 1513 1519 1514
f 1516 1517 1521
f 1516 1521 1522
f 1516 1522 1520
f 1518 1523 1522
f 1518 1522 1519
f 1520 1522 1523

o geometry_12
v -0.01717034 0.00075781 0.04392246
v -0.01753840 0.00075781 0.04243765
v -0.01717415 0.00075781 0.04393503
v -0.01167232 -0.01253645 0.04702095
v -0.01167042 -0.01253645 0.04678623
v -0.01166088 -0.01253645 0.04547118
v -0.01166851 -0.01253645 0.04392246
v -0.01171618 -0.01253645 0.04380615
v -0.01258198 -0.01253645 0.04243451
v -0.01298818 -0.01253645 0.04217045
v -0.01871696 0.00075781 0.04169682
v -0.01758608 0.00075781 0.04502689
v -0.01237793 -0.01253645 0.04853509
v -0.02246621 -0.01253645 0.03871674
v -0.02492821 0.00075781 0.03939575
v -0.01873031 0.00075781 0.04168844
v -0.01759943 0.00075781 0.04503108
v -0.01795032 -0.00464526 0.04934823
v -0.01320559 -0.01253645 0.04934823
v -0.02337778 -0.01253645 0.03865177
v -0.02337778 -0.01162292 0.03865596
v -0.02492821 -0.00697332 0.03866225
v -0.02492821 -0.00542475 0.03872303
v -0.02492821 -0.00387488 0.03884667
v -0.02647864 -0.00387488 0.03874608
v -0.03114328 -0.00542475 0.03864758
v -0.02588746 0.00075781 0.03966085
v -0.01873031 0.00075781 0.04536115
v -0.01873031 -0.00464266 0.04934927
v -0.01873031 -0.00542475 0.04935241
v -0.01414958 -0.01253645 0.04935032
v -0.02401474 -0.01253645 0.03864758
v -0.02492821 -0.00852319 0.03864758
v -0.02647864 -0.00542475 0.03864758
v -0.03114328 -0.01253645 0.03864758
v -0.03114328 -0.00390091 0.03934859
v -0.02589699 0.00075781 0.03966400
v -0.02028074 0.00075781 0.04536535
v -0.02028074 -0.00464136 0.04934927
v -0.01563135 -0.01162292 0.04935241
v -0.03114328 -0.00542475 0.04935241
v -0.01563135 -0.01253645 0.04935241
v -0.03114328 -0.01253645 0.04935241
v -0.03114328 -0.00389310 0.03936221
v -0.02610867 0.00075781 0.04082292
v -0.03114328 -0.00315005 0.04082292
v -0.02337778 0.00075781 0.04536535
v -0.03114328 -0.00464136 0.04934927
v -0.02612393 0.00075781 0.04235592
v -0.03114328 -0.00314875 0.04237269
v -0.02492821 0.00075781 0.04519979
v -0.03114328 -0.00389830 0.04857910
v -0.02612393 0.00075781 0.04237269
v -0.03114328 -0.00314744 0.04393713
v -0.02587602 0.00075781 0.04486552
v -0.03114328 -0.00389050 0.04857072
v -0.02608770 0.00075781 0.04390569
v -0.03114328 -0.00314744 0.04548585
v -0.03114328 -0.00314875 0.04702095
v -0.02608579 0.00075781 0.04392246
v -0.03114328 -0.00315525 0.04703667
f 1524 1525 1534
f 1524 1534 1539
f 1524 1539 1538
f 1524 1538 1550
f 1524 1550 1560
f 1524 1560 1568
f 1524 1568 1572
f 1524 1572 1576
f 1524 1576 1580
f 1524 1580 1583
f 1524 1583 1578
f 1524 1578 1574
f 1524 1574 1570
f 1524 1570 1561
f 1524 1561 1551
f 1524 1551 1540
f 1524 1540 1535
f 1524 1535 1526
f 1524 1526 1527
f 1524 1527 1528
f 1524 1528 1529
f 1524 1529 1530
f 1524 1530 1525
f 1525 1530 1531
f 1525 1531 1532
f 1525 1532 1533
f 1525 1533 1534
f 1526 1535 1527
f 1527 1536 1542
f 1527 1542 1554
f 1527 1554 1565
f 1527 1565 1566
f 1527 1566 1558
f 1527 1558 1555
f 1527 1555 1543
f 1527 1543 1537
f 1527 1537 1533
f 1527 1533 1532
f 1527 1532 1531
f 1527 1531 1530
f 1527 1530 1529
f 1527 1529 1528
f 1527 1535 1536
f 1533 1537 1538
f 1533 1538 1539
f 1533 1539 1534
f 1535 1540 1541
f 1535 1541 1536
f 1536 1541 1542
f 1537 1543 1544
f 1537 1544 1545
f 1537 1545 1546
f 1537 1546 1547
f 1537 1547 1538
f 1538 1547 1548
f 1538 1548 1549
f 1538 1549 1550
f 1540 1551 1541
f 1541 1551 1552
f 1541 1552 1553
f 1541 1553 1542
f 1542 1553 1554
f 1543 1555 1556
f 1543 1556 1544
f 1544 1556 1545
f 1545 1556 1557
f 1545 1557 1546
f 1546 1557 1548
f 1546 1548 1547
f 1548 1557 1549
f 1549 1558 1566
f 1549 1566 1564
f 1549 1564 1571
f 1549 1571 1575
f 1549 1575 1579
f 1549 1579 1584
f 1549 1584 1582
f 1549 1582 1581
f 1549 1581 1577
f 1549 1577 1573
f 1549 1573 1569
f 1549 1569 1567
f 1549 1567 1559
f 1549 1559 1560
f 1549 1560 1550
f 1549 1557 1556
f 1549 1556 1555
f 1549 1555 1558
f 1551 1561 1552
f 1552 1561 1562
f 1552 1562 1553
f 1553 1563 1554
f 1553 1562 1571
f 1553 1571 1564
f 1553 1564 1566
f 1553 1566 1565
f 1553 1565 1563
f 1554 1563 1565
f 1559 1567 1560
f 1560 1567 1569
f 1560 1569 1568
f 1561 1570 1571
f 1561 1571 1562
f 1568 1569 1572
f 1569 1573 1572
f 1570 1574 1571
f 1571 1574 1575
f 1572 1573 1577
f 1572 1577 1581
f 1572 1581 1576
f 1574 1578 1579
f 1574 1579 1575
f 1576 1581 1582
f 1576 1582 1580
f 1578 1583 1582
f 1578 1582 1584
f 1578 1584 1579
f 1580 1582 1583

o geometry_13
v -0.01166308 -0.01253645 0.04547118
v -0.01166308 -0.01253645 0.04523018
v -0.01167052 -0.01253645 0.04678623
v -0.00581108 -0.01608529 0.04702095
v -0.00581108 -0.01608098 0.04547118
v -0.01167052 -0.01253645 0.04392246
v -0.00581108 -0.01608098 0.04495145
v -0.00581108 -0.01608385 0.04392246
v -0.01167300 -0.01253645 0.04702095
v -0.00581108 -0.01664972 0.04859587
v -0.01237970 -0.01253645 0.04853509
v -0.01171515 -0.01253645 0.04380615
v -0.00581108 -0.01618726 0.04347188
v -0.00581108 -0.01737643 0.04918266
v -0.01320542 -0.01253645 0.04934823
v -0.01258303 -0.01253645 0.04243451
v -0.00581108 -0.01656785 0.04247747
v -0.00581108 -0.01753298 0.04930212
v -0.01415018 -0.01253645 0.04935032
v -0.00581108 -0.01816203 0.04934927
v -0.00703355 -0.01704323 0.04934823
v -0.00599953 -0.01749133 0.04932413
v -0.01298722 -0.01253645 0.04217045
v -0.00581108 -0.01692977 0.04222599
v -0.00788160 -0.01782452 0.04935241
v -0.01563053 -0.01253645 0.04935241
v -0.00581108 -0.01937418 0.04935241
v -0.02246447 -0.01253645 0.03871674
v -0.00581108 -0.01782452 0.04172826
v -0.03114328 -0.01253645 0.04935241
v -0.00581108 -0.02402171 0.04935241
v -0.02337699 -0.01253645 0.03865177
v -0.00581108 -0.02434342 0.03915160
v -0.00581108 -0.02557137 0.03873036
v -0.03114328 -0.01253645 0.03864758
v -0.03114328 -0.01317412 0.04935241
v -0.00581108 -0.02521232 0.04934927
v -0.00788160 -0.02402171 0.04935241
v -0.02337699 -0.01317412 0.03864758
v -0.02401426 -0.01253645 0.03864758
v -0.00943138 -0.02402171 0.03868635
v -0.00581108 -0.02601084 0.03896299
v -0.00633181 -0.02557137 0.03875551
v -0.03114328 -0.01317412 0.03864758
v -0.03114328 -0.01397408 0.04934927
v -0.01331701 -0.02325191 0.04934823
v -0.01021992 -0.02480013 0.04934823
v -0.01253096 -0.02247205 0.04935241
v -0.00581108 -0.02595770 0.04930841
v -0.00943138 -0.02480444 0.04934927
v -0.00943138 -0.02402171 0.04935137
v -0.02337699 -0.01472378 0.03864758
v -0.02182720 -0.01472378 0.03865073
v -0.01098117 -0.02402171 0.03879952
v -0.02492677 -0.01472378 0.03864758
v -0.00581108 -0.02677777 0.03942823
v -0.00633181 -0.02672463 0.03945547
v -0.00788160 -0.02557137 0.03901643
v -0.03114328 -0.01470941 0.03888649
v -0.03114328 -0.01474963 0.04912294
v -0.03114328 -0.01573055 0.04834858
v -0.01205486 -0.02494518 0.04813377
v -0.01083487 -0.02511035 0.04861892
v -0.00788160 -0.02652069 0.04819454
v -0.00633181 -0.02672463 0.04849632
v -0.00581108 -0.02640867 0.04893118
v -0.01098117 -0.02518503 0.03949948
v -0.03114328 -0.01472378 0.03888963
v -0.00581108 -0.02695730 0.03991443
v -0.00788160 -0.02652069 0.03971639
v -0.03114328 -0.01596321 0.04702095
v -0.01220612 -0.02501843 0.04702095
v -0.01098117 -0.02557424 0.04702095
v -0.00876931 -0.02638569 0.04790848
v -0.00633181 -0.02710235 0.04702095
v -0.00581108 -0.02720719 0.04702095
v -0.00581108 -0.02674187 0.04857386
v -0.00876931 -0.02638569 0.03995530
v -0.01205486 -0.02494518 0.03976773
v -0.03114328 -0.01573055 0.03958960
v -0.03114328 -0.01572193 0.03958226
v -0.00581108 -0.02720719 0.04082292
v -0.00633181 -0.02710235 0.04082292
v -0.03114328 -0.01596321 0.04082292
v -0.01220612 -0.02501843 0.04082292
v -0.00960000 -0.02612717 0.04702095
v -0.01098117 -0.02557424 0.04082292
v -0.00882635 -0.02640580 0.04702095
v -0.00788160 -0.02669304 0.04702095
v -0.00788160 -0.02669304 0.04082292
v -0.00882635 -0.02640580 0.04082292
v -0.00960000 -0.02612717 0.04082292
f 1585 1586 1590
f 1585 1590 1596
f 1585 1596 1600
f 1585 1600 1607
f 1585 1607 1612
f 1585 1612 1616
f 1585 1616 1624
f 1585 1624 1619
f 1585 1619 1614
f 1585 1614 1610
f 1585 1610 1603
f 1585 1603 1599
f 1585 1599 1595
f 1585 1595 1593
f 1585 1593 1587
f 1585 1587 1588
f 1585 1588 1589
f 1585 1589 1591
f 1585 1591 1586
f 1586 1591 1592
f 1586 1592 1590
f 1587 1593 1588
f 1588 1594 1598
f 1588 1598 1602
f 1588 1602 1604
f 1588 1604 1611
f 1588 1611 1615
f 1588 1615 1621
f 1588 1621 1633
f 1588 1633 1650
f 1588 1650 1661
f 1588 1661 1660
f 1588 1660 1666
f 1588 1666 1653
f 1588 1653 1640
f 1588 1640 1626
f 1588 1626 1618
f 1588 1618 1617
f 1588 1617 1613
f 1588 1613 1608
f 1588 1608 1601
f 1588 1601 1597
f 1588 1597 1592
f 1588 1592 1591
f 1588 1591 1589
f 1588 1593 1595
f 1588 1595 1594
f 1590 1592 1597
f 1590 1597 1596
f 1594 1595 1599
f 1594 1599 1598
f 1596 1597 1600
f 1597 1601 1600
f 1598 1599 1602
f 1599 1603 1604
f 1599 1604 1605
f 1599 1605 1606
f 1599 1606 1602
f 1600 1601 1607
f 1601 1608 1607
f 1602 1606 1604
f 1603 1609 1604
f 1603 1610 1609
f 1604 1606 1605
f 1604 1609 1611
f 1607 1608 1612
f 1608 1613 1612
f 1609 1610 1614
f 1609 1614 1620
f 1609 1620 1632
f 1609 1632 1622
f 1609 1622 1615
f 1609 1615 1611
f 1612 1613 1617
f 1612 1617 1618
f 1612 1618 1616
f 1614 1619 1628
f 1614 1628 1643
f 1614 1643 1652
f 1614 1652 1665
f 1614 1665 1664
f 1614 1664 1668
f 1614 1668 1655
f 1614 1655 1645
f 1614 1645 1644
f 1614 1644 1629
f 1614 1629 1620
f 1615 1622 1621
f 1616 1623 1624
f 1616 1618 1625
f 1616 1625 1623
f 1618 1626 1627
f 1618 1627 1625
f 1619 1624 1623
f 1619 1623 1636
f 1619 1636 1639
f 1619 1639 1628
f 1620 1629 1630
f 1620 1630 1631
f 1620 1631 1632
f 1621 1622 1634
f 1621 1634 1631
f 1621 1631 1633
f 1622 1635 1634
f 1622 1632 1635
f 1623 1625 1637
f 1623 1637 1636
f 1625 1627 1638
f 1625 1638 1628
f 1625 1628 1639
f 1625 1639 1636
f 1625 1636 1637
f 1626 1640 1627
f 1627 1640 1641
f 1627 1641 1642
f 1627 1642 1638
f 1628 1638 1643
f 1629 1644 1630
f 1630 1644 1631
f 1631 1634 1632
f 1631 1644 1645
f 1631 1645 1646
f 1631 1646 1647
f 1631 1647 1648
f 1631 1648 1649
f 1631 1649 1650
f 1631 1650 1633
f 1632 1634 1635
f 1638 1642 1651
f 1638 1651 1652
f 1638 1652 1643
f 1640 1653 1641
f 1641 1653 1654
f 1641 1654 1651
f 1641 1651 1642
f 1645 1655 1646
f 1646 1656 1657
f 1646 1657 1658
f 1646 1658 1647
f 1646 1655 1656
f 1647 1658 1648
f 1648 1658 1659
f 1648 1659 1660
f 1648 1660 1649
f 1649 1660 1661
f 1649 1661 1650
f 1651 1654 1662
f 1651 1662 1663
f 1651 1663 1664
f 1651 1664 1665
f 1651 1665 1652
f 1653 1666 1654
f 1654 1666 1667
f 1654 1667 1662
f 1655 1668 1669
f 1655 1669 1656
f 1656 1669 1671
f 1656 1671 1657
f 1657 1670 1658
f 1657 1671 1676
f 1657 1676 1670
f 1658 1672 1673
f 1658 1673 1659
f 1658 1670 1672
f 1659 1673 1674
f 1659 1674 1667
f 1659 1667 1666
f 1659 1666 1660
f 1662 1667 1674
f 1662 1674 1675
f 1662 1675 1676
f 1662 1676 1671
f 1662 1671 1663
f 1663 1671 1669
f 1663 1669 1668
f 1663 1668 1664
f 1670 1676 1675
f 1670 1675 1672
f 1672 1675 1674
f 1672 1674 1673

o geometry_14
v -0.00581016 -0.01909201 0.04935137
v 0.00363301 -0.01937390 0.04935137
v -0.00581016 -0.01816233 0.04934928
v -0.00581016 -0.02402228 0.04935137
v 0.00363301 -0.01857424 0.04934928
v 0.00363301 -0.02557212 0.04935137
v -0.00581016 -0.01753296 0.04930225
v -0.00581016 -0.02468732 0.04935033
v -0.00323071 -0.02557212 0.04935137
v 0.00363301 -0.01824057 0.04925627
v 0.00363301 -0.02601740 0.04935033
v 0.00363301 -0.01779874 0.04895004
v -0.00581016 -0.01737648 0.04918206
v -0.00581016 -0.02521314 0.04934928
v -0.00428468 -0.02635107 0.04934824
v -0.00323071 -0.02635337 0.04934928
v -0.00013168 -0.02635567 0.04934928
v 0.00296735 -0.02635337 0.04934928
v 0.00363301 -0.02635222 0.04934824
v 0.00363301 -0.01736957 0.04861664
v -0.00581016 -0.01664931 0.04859574
v -0.00581016 -0.02595872 0.04930852
v -0.00531831 -0.02610945 0.04934301
v -0.00581016 -0.02640860 0.04893123
v -0.00581016 -0.02674227 0.04857379
v -0.00479317 -0.02677794 0.04872429
v -0.00323071 -0.02700230 0.04857170
v -0.00168120 -0.02707249 0.04857170
v -0.00013168 -0.02709895 0.04857170
v 0.00141783 -0.02708054 0.04857170
v 0.00363301 -0.02673192 0.04890510
v 0.00363301 -0.01688288 0.04817455
v -0.00581016 -0.01608552 0.04702176
v -0.00581016 -0.02720826 0.04702176
v -0.00478023 -0.02741767 0.04702176
v -0.00323071 -0.02764433 0.04702176
v -0.00168120 -0.02778240 0.04702176
v -0.00013168 -0.02783418 0.04702176
v 0.00141783 -0.02779966 0.04702176
v 0.00296735 -0.02701956 0.04857170
v 0.00363301 -0.02697354 0.04857170
v 0.00363301 -0.01676667 0.04760076
v -0.00581016 -0.01608322 0.04650128
v 0.00363301 -0.01671259 0.04702176
v -0.00581016 -0.02720826 0.04082304
v -0.00478023 -0.02741767 0.04082304
v -0.00323071 -0.02764433 0.04082304
v -0.00168120 -0.02778240 0.04237298
v -0.00013168 -0.02783418 0.04237298
v 0.00141783 -0.02779966 0.04237298
v 0.00296735 -0.02767770 0.04702176
v 0.00363301 -0.02734863 0.04768751
v -0.00581016 -0.01607976 0.04547181
v 0.00363301 -0.01670914 0.04547181
v -0.00581016 -0.02695743 0.03991377
v -0.00581016 -0.02677794 0.03942778
v -0.00478023 -0.02688264 0.03937343
v -0.00168120 -0.02778125 0.04082304
v -0.00013168 -0.02783188 0.04082304
v 0.00141783 -0.02779851 0.04082304
v 0.00296735 -0.02767770 0.04082304
v 0.00363301 -0.02758795 0.04702176
v -0.00581016 -0.01608091 0.04495134
v 0.00363301 -0.01671144 0.04392292
v -0.00581016 -0.02601165 0.03896269
v -0.00323071 -0.02699540 0.03935462
v -0.00168120 -0.02706329 0.03934835
v -0.00013168 -0.02708860 0.03934835
v 0.00141783 -0.02707134 0.03934835
v 0.00296735 -0.02701266 0.03935253
v 0.00363301 -0.02696779 0.03935879
v 0.00363301 -0.02758795 0.04082304
v -0.00581016 -0.01608322 0.04392292
v 0.00363301 -0.01688172 0.04279312
v -0.00581016 -0.02557212 0.03873067
v -0.00478023 -0.02557212 0.03868050
v -0.00323071 -0.02557212 0.03867527
v 0.00363301 -0.02557212 0.03867632
v -0.00581016 -0.01618677 0.04347247
v -0.00581016 -0.01656761 0.04247749
v 0.00363301 -0.01782406 0.04204376
v -0.00581016 -0.02434329 0.03915186
v -0.00581016 -0.01782406 0.04172813
v -0.00581016 -0.01693005 0.04222666
f 1677 1678 1679
f 1677 1679 1683
f 1677 1683 1689
f 1677 1689 1697
f 1677 1697 1709
f 1677 1709 1719
f 1677 1719 1729
f 1677 1729 1739
f 1677 1739 1749
f 1677 1749 1755
f 1677 1755 1756
f 1677 1756 1760
f 1677 1760 1759
f 1677 1759 1758
f 1677 1758 1751
f 1677 1751 1741
f 1677 1741 1732
f 1677 1732 1731
f 1677 1731 1721
f 1677 1721 1710
f 1677 1710 1701
f 1677 1701 1700
f 1677 1700 1698
f 1677 1698 1690
f 1677 1690 1684
f 1677 1684 1680
f 1677 1680 1685
f 1677 1685 1682
f 1677 1682 1678
f 1678 1681 1679
f 1678 1682 1687
f 1678 1687 1695
f 1678 1695 1707
f 1678 1707 1717
f 1678 1717 1728
f 1678 1728 1738
f 1678 1738 1748
f 1678 1748 1747
f 1678 1747 1754
f 1678 1754 1757
f 1678 1757 1750
f 1678 1750 1740
f 1678 1740 1730
f 1678 1730 1720
f 1678 1720 1718
f 1678 1718 1708
f 1678 1708 1696
f 1678 1696 1688
f 1678 1688 1686
f 1678 1686 1681
f 1679 1681 1683
f 1680 1684 1685
f 1681 1686 1683
f 1682 1685 1687
f 1683 1688 1689
f 1683 1686 1688
f 1684 1690 1685
f 1685 1690 1691
f 1685 1691 1692
f 1685 1692 1687
f 1687 1692 1693
f 1687 1693 1694
f 1687 1694 1695
f 1688 1696 1689
f 1689 1696 1697
f 1690 1698 1699
f 1690 1699 1691
f 1691 1699 1700
f 1691 1700 1701
f 1691 1701 1702
f 1691 1702 1703
f 1691 1703 1704
f 1691 1704 1705
f 1691 1705 1692
f 1692 1705 1693
f 1693 1705 1694
f 1694 1705 1695
f 1695 1705 1706
f 1695 1706 1707
f 1696 1708 1697
f 1697 1708 1709
f 1698 1700 1699
f 1701 1703 1702
f 1701 1710 1711
f 1701 1711 1712
f 1701 1712 1703
f 1703 1712 1713
f 1703 1713 1704
f 1704 1713 1714
f 1704 1714 1705
f 1705 1714 1706
f 1706 1714 1715
f 1706 1715 1716
f 1706 1716 1707
f 1707 1716 1717
f 1708 1718 1709
f 1709 1718 1720
f 1709 1720 1719
f 1710 1721 1722
f 1710 1722 1711
f 1711 1722 1723
f 1711 1723 1712
f 1712 1723 1724
f 1712 1724 1713
f 1713 1724 1725
f 1713 1725 1714
f 1714 1725 1726
f 1714 1726 1715
f 1715 1726 1737
f 1715 1737 1727
f 1715 1727 1728
f 1715 1728 1717
f 1715 1717 1716
f 1719 1720 1729
f 1720 1730 1729
f 1721 1731 1722
f 1722 1731 1723
f 1723 1731 1732
f 1723 1732 1733
f 1723 1733 1734
f 1723 1734 1724
f 1724 1734 1725
f 1725 1734 1735
f 1725 1735 1736
f 1725 1736 1726
f 1726 1736 1737
f 1727 1738 1728
f 1727 1737 1748
f 1727 1748 1738
f 1729 1730 1740
f 1729 1740 1739
f 1732 1741 1733
f 1733 1742 1734
f 1733 1741 1742
f 1734 1742 1743
f 1734 1743 1735
f 1735 1743 1744
f 1735 1744 1745
f 1735 1745 1736
f 1736 1745 1746
f 1736 1746 1747
f 1736 1747 1737
f 1737 1747 1748
f 1739 1740 1749
f 1740 1750 1749
f 1741 1751 1742
f 1742 1751 1752
f 1742 1752 1743
f 1743 1752 1744
f 1744 1752 1753
f 1744 1753 1754
f 1744 1754 1745
f 1745 1754 1746
f 1746 1754 1747
f 1749 1750 1755
f 1750 1756 1755
f 1750 1757 1756
f 1751 1758 1752
f 1752 1758 1753
f 1753 1758 1754
f 1754 1758 1759
f 1754 1759 1757
f 1756 1757 1760
f 1757 1759 1760

o geometry_15
v 0.02466484 -0.00852374 0.03869889
v 0.02466484 -0.00905021 0.03877710
v 0.02305320 -0.00905021 0.03920675
v 0.02466484 -0.00697426 0.03870306
v 0.02621535 -0.00005618 0.03870827
v 0.02621535 -0.00077546 0.03870827
v 0.02621535 -0.00232494 0.03873747
v 0.02621535 -0.00387530 0.03882507
v 0.02621535 -0.00542390 0.03902634
v 0.02596820 -0.00852374 0.03939237
v 0.02587455 -0.00905021 0.03947267
v 0.01691753 -0.00905021 0.04166886
v 0.01691753 -0.00852374 0.04167929
v 0.02466484 -0.00542390 0.03883446
v 0.02685402 -0.00005618 0.03908265
v 0.01846673 -0.00005618 0.04179609
v 0.02740554 -0.00077546 0.03940801
v 0.02736262 -0.00232494 0.03943826
v 0.02727547 -0.00387530 0.03952481
v 0.02714539 -0.00542390 0.03972607
v 0.02704263 -0.00640465 0.03992525
v 0.02631030 -0.00905021 0.04082313
v 0.01535662 -0.00905021 0.04231958
v 0.02740554 -0.00005618 0.03940801
v 0.01740141 -0.00005618 0.04254588
v 0.02782178 -0.00077546 0.04082313
v 0.02773463 -0.00232494 0.04082313
v 0.02756163 -0.00387530 0.04082313
v 0.02730018 -0.00542390 0.04082313
v 0.02706864 -0.00650766 0.04082313
v 0.02686833 -0.00728240 0.04082313
v 0.02649761 -0.00852374 0.04082313
v 0.02631030 -0.00905021 0.04702170
v 0.01473356 -0.00905021 0.04287646
v 0.02782178 -0.00005618 0.04082313
v 0.01711134 -0.00005618 0.04392241
v 0.02782178 -0.00077546 0.04702170
v 0.02773463 -0.00232494 0.04702170
v 0.02756163 -0.00387530 0.04702170
v 0.02730018 -0.00542390 0.04702170
v 0.02706864 -0.00650766 0.04702170
v 0.02686833 -0.00728240 0.04702170
v 0.02649761 -0.00852374 0.04702170
v 0.02622445 -0.00905021 0.04745447
v 0.01454104 -0.00905021 0.04392241
v 0.02782178 -0.00005618 0.04702170
v 0.01711134 -0.00005618 0.04702170
v 0.01453454 -0.00905021 0.04531146
v 0.02740554 -0.00077546 0.04855048
v 0.02736262 -0.00232494 0.04852024
v 0.02727547 -0.00387530 0.04842221
v 0.02714539 -0.00542390 0.04818445
v 0.02704263 -0.00640465 0.04794460
v 0.02579910 -0.00905021 0.04854944
v 0.02740554 -0.00005618 0.04855048
v 0.01740141 -0.00005618 0.04844099
v 0.01453454 -0.00905021 0.04547101
v 0.01454104 -0.00905021 0.04702170
v 0.01459958 -0.00905021 0.04778818
v 0.02637664 -0.00077546 0.04932531
v 0.02630770 -0.00232494 0.04929506
v 0.02625567 -0.00387530 0.04919808
v 0.02544530 -0.00780887 0.04934825
v 0.02586544 -0.00840489 0.04870899
v 0.02493930 -0.00905021 0.04927629
v 0.02637664 -0.00005618 0.04932531
v 0.01787879 -0.00005618 0.04880076
v 0.01480510 -0.00905021 0.04814795
v 0.01520573 -0.00905021 0.04860471
v 0.01536052 -0.00905021 0.04874340
v 0.02560139 -0.00077546 0.04934929
v 0.02544920 -0.00697426 0.04934929
v 0.02466484 -0.00697426 0.04935138
v 0.02399365 -0.00905021 0.04935033
v 0.02431234 -0.00905021 0.04934929
v 0.02480793 -0.00905021 0.04932322
v 0.02498353 -0.00884244 0.04931800
v 0.02560139 -0.00005618 0.04934929
v 0.01843031 -0.00005618 0.04921581
v 0.01621902 -0.00905021 0.04934303
v 0.02311564 -0.00905021 0.04935138
v 0.02466484 -0.00005618 0.04935138
v 0.01920556 -0.00005618 0.04934929
v 0.01768888 -0.00455584 0.04934825
v 0.01641934 -0.00905021 0.04934825
v 0.01794123 -0.00905021 0.04935138
v 0.02001724 -0.00005618 0.04935138
v 0.01958148 -0.00005618 0.04935033
v 0.01664437 -0.00905021 0.04934929
v 0.01700208 -0.00905021 0.04935033
v 0.01846673 -0.00542390 0.04935138
f 1761 1762 1763
f 1761 1763 1764
f 1761 1764 1765
f 1761 1765 1766
f 1761 1766 1767
f 1761 1767 1768
f 1761 1768 1769
f 1761 1769 1762
f 1762 1769 1770
f 1762 1770 1771
f 1762 1771 1782
f 1762 1782 1793
f 1762 1793 1804
f 1762 1804 1814
f 1762 1814 1825
f 1762 1825 1836
f 1762 1836 1835
f 1762 1835 1834
f 1762 1834 1841
f 1762 1841 1846
f 1762 1846 1850
f 1762 1850 1849
f 1762 1849 1845
f 1762 1845 1840
f 1762 1840 1830
f 1762 1830 1829
f 1762 1829 1828
f 1762 1828 1819
f 1762 1819 1818
f 1762 1818 1817
f 1762 1817 1808
f 1762 1808 1805
f 1762 1805 1794
f 1762 1794 1783
f 1762 1783 1772
f 1762 1772 1763
f 1763 1772 1773
f 1763 1773 1764
f 1764 1773 1774
f 1764 1774 1765
f 1765 1775 1766
f 1765 1774 1776
f 1765 1776 1785
f 1765 1785 1796
f 1765 1796 1807
f 1765 1807 1816
f 1765 1816 1827
f 1765 1827 1839
f 1765 1839 1843
f 1765 1843 1848
f 1765 1848 1847
f 1765 1847 1842
f 1765 1842 1838
f 1765 1838 1826
f 1765 1826 1815
f 1765 1815 1806
f 1765 1806 1795
f 1765 1795 1784
f 1765 1784 1775
f 1766 1775 1777
f 1766 1777 1767
f 1767 1777 1778
f 1767 1778 1768
f 1768 1778 1779
f 1768 1779 1769
f 1769 1779 1770
f 1770 1779 1780
f 1770 1780 1781
f 1770 1781 1771
f 1771 1781 1782
f 1772 1783 1773
f 1773 1783 1776
f 1773 1776 1774
f 1775 1784 1777
f 1776 1783 1785
f 1777 1784 1795
f 1777 1795 1786
f 1777 1786 1778
f 1778 1786 1787
f 1778 1787 1779
f 1779 1787 1788
f 1779 1788 1780
f 1780 1788 1781
f 1781 1788 1789
f 1781 1789 1790
f 1781 1790 1791
f 1781 1791 1792
f 1781 1792 1782
f 1782 1792 1803
f 1782 1803 1793
f 1783 1794 1785
f 1785 1794 1796
f 1786 1795 1806
f 1786 1806 1797
f 1786 1797 1798
f 1786 1798 1787
f 1787 1798 1799
f 1787 1799 1788
f 1788 1799 1800
f 1788 1800 1789
f 1789 1800 1801
f 1789 1801 1790
f 1790 1801 1802
f 1790 1802 1791
f 1791 1802 1803
f 1791 1803 1792
f 1793 1803 1804
f 1794 1805 1796
f 1796 1805 1808
f 1796 1808 1817
f 1796 1817 1807
f 1797 1806 1815
f 1797 1815 1809
f 1797 1809 1810
f 1797 1810 1798
f 1798 1810 1811
f 1798 1811 1799
f 1799 1811 1812
f 1799 1812 1813
f 1799 1813 1800
f 1800 1813 1801
f 1801 1813 1802
f 1802 1813 1803
f 1803 1813 1804
f 1804 1813 1814
f 1807 1817 1818
f 1807 1818 1819
f 1807 1819 1816
f 1809 1815 1826
f 1809 1826 1820
f 1809 1820 1810
f 1810 1820 1821
f 1810 1821 1822
f 1810 1822 1811
f 1811 1822 1823
f 1811 1823 1812
f 1812 1823 1824
f 1812 1824 1813
f 1813 1824 1814
f 1814 1824 1823
f 1814 1823 1825
f 1816 1819 1828
f 1816 1828 1829
f 1816 1829 1830
f 1816 1830 1827
f 1820 1826 1838
f 1820 1838 1831
f 1820 1831 1832
f 1820 1832 1823
f 1820 1823 1821
f 1821 1823 1822
f 1823 1832 1833
f 1823 1833 1834
f 1823 1834 1835
f 1823 1835 1836
f 1823 1836 1837
f 1823 1837 1825
f 1825 1837 1836
f 1827 1830 1839
f 1830 1840 1839
f 1831 1838 1842
f 1831 1842 1833
f 1831 1833 1832
f 1833 1841 1834
f 1833 1842 1847
f 1833 1847 1851
f 1833 1851 1846
f 1833 1846 1841
f 1839 1840 1844
f 1839 1844 1843
f 1840 1845 1844
f 1843 1844 1849
f 1843 1849 1850
f 1843 1850 1848
f 1844 1845 1849
f 1846 1851 1850
f 1847 1848 1851
f 1848 1850 1851

o geometry_16
v 0.01183311 -0.01627428 0.04935241
v 0.01183311 -0.01507772 0.04935033
v 0.01071741 -0.01627428 0.04935241
v 0.01183311 -0.02247161 0.04935241
v 0.01071741 -0.01523419 0.04934928
v 0.00363393 -0.01937369 0.04935241
v 0.01183311 -0.01481398 0.04934928
v 0.00916747 -0.02402131 0.04935241
v 0.01183311 -0.02283221 0.04935137
v 0.01183311 -0.01406893 0.04934510
v 0.00363393 -0.01857350 0.04934928
v 0.00363393 -0.02490643 0.04935241
v 0.00451846 -0.02557102 0.04935137
v 0.00916747 -0.02480660 0.04934928
v 0.00996130 -0.02480064 0.04934824
v 0.01183311 -0.02342229 0.04934928
v 0.01183311 -0.01378134 0.04916010
v 0.01166053 -0.01411810 0.04934406
v 0.00363393 -0.01824121 0.04925626
v 0.00363393 -0.02557102 0.04935137
v 0.00363393 -0.02601805 0.04935033
v 0.00451846 -0.02635034 0.04934824
v 0.00530507 -0.02634736 0.04934719
v 0.01057373 -0.02515379 0.04865527
v 0.01183311 -0.02498988 0.04821107
v 0.01183311 -0.02420758 0.04887163
v 0.01099433 -0.02429847 0.04922804
v 0.01183311 -0.02361749 0.04930747
v 0.00761834 -0.02655896 0.04826960
v 0.01183311 -0.01326576 0.04868454
v 0.00363393 -0.01688224 0.04817449
v 0.00363393 -0.01736950 0.04861660
v 0.00363393 -0.01779865 0.04895002
v 0.00363393 -0.02635183 0.04934824
v 0.00363393 -0.02673181 0.04890507
v 0.00363393 -0.02697320 0.04857166
v 0.00451846 -0.02691211 0.04857166
v 0.00591991 -0.02667519 0.04868454
v 0.00858875 -0.02641442 0.04797903
v 0.01183311 -0.02501074 0.04815044
v 0.00451846 -0.02746792 0.04702163
v 0.00606840 -0.02716692 0.04702163
v 0.01183311 -0.01245068 0.04725053
v 0.00363393 -0.01676750 0.04760067
v 0.01183311 -0.01237468 0.04702163
v 0.00363393 -0.02734871 0.04768742
v 0.00363393 -0.02758862 0.04702163
v 0.00761834 -0.02677204 0.04702163
v 0.00868748 -0.02644869 0.04702163
v 0.00946205 -0.02617749 0.04702163
v 0.01071741 -0.02568427 0.04702163
v 0.01183311 -0.02518508 0.04702163
v 0.00451846 -0.02746792 0.04082260
v 0.00606840 -0.02716692 0.04082260
v 0.00363393 -0.01671386 0.04702163
v 0.01183311 -0.01236574 0.04547162
v 0.00363393 -0.02758862 0.04237261
v 0.00761834 -0.02677204 0.04082260
v 0.00868748 -0.02644869 0.04082260
v 0.00946205 -0.02617749 0.04082260
v 0.01071741 -0.02568427 0.04082260
v 0.01183311 -0.02518508 0.04082260
v 0.00363393 -0.02758713 0.04082260
v 0.00606840 -0.02675714 0.03943249
v 0.00761834 -0.02655896 0.03965407
v 0.00858875 -0.02641442 0.03989655
v 0.00363393 -0.01671088 0.04635585
v 0.01183311 -0.01237170 0.04427487
v 0.00363393 -0.01671237 0.04392264
v 0.00363393 -0.01670939 0.04547162
v 0.01183311 -0.02499435 0.03970633
v 0.00363393 -0.02696725 0.03935932
v 0.00451846 -0.02690764 0.03936769
v 0.00606840 -0.02557102 0.03873221
v 0.00761834 -0.02557102 0.03895379
v 0.01071741 -0.02524022 0.03945757
v 0.01183311 -0.01237468 0.04392264
v 0.00363393 -0.01688224 0.04279279
v 0.01183311 -0.02410178 0.03912625
v 0.00451846 -0.02557102 0.03867472
v 0.00363393 -0.02557102 0.03867577
v 0.00916747 -0.02402131 0.03869563
v 0.01071741 -0.02402131 0.03875834
v 0.01183311 -0.01321510 0.04238411
v 0.00363393 -0.01782398 0.04204338
v 0.01183311 -0.02243585 0.03886704
v 0.01183311 -0.01468583 0.04181135
f 1852 1853 1854
f 1852 1854 1857
f 1852 1857 1863
f 1852 1863 1859
f 1852 1859 1855
f 1852 1855 1860
f 1852 1860 1867
f 1852 1867 1879
f 1852 1879 1877
f 1852 1877 1876
f 1852 1876 1891
f 1852 1891 1903
f 1852 1903 1913
f 1852 1913 1922
f 1852 1922 1930
f 1852 1930 1937
f 1852 1937 1938
f 1852 1938 1935
f 1852 1935 1928
f 1852 1928 1919
f 1852 1919 1907
f 1852 1907 1896
f 1852 1896 1894
f 1852 1894 1881
f 1852 1881 1868
f 1852 1868 1861
f 1852 1861 1858
f 1852 1858 1853
f 1853 1856 1857
f 1853 1857 1854
f 1853 1858 1856
f 1855 1859 1860
f 1856 1858 1861
f 1856 1861 1862
f 1856 1862 1857
f 1857 1862 1870
f 1857 1870 1884
f 1857 1884 1883
f 1857 1883 1882
f 1857 1882 1895
f 1857 1895 1906
f 1857 1906 1918
f 1857 1918 1921
f 1857 1921 1920
f 1857 1920 1929
f 1857 1929 1936
f 1857 1936 1932
f 1857 1932 1923
f 1857 1923 1914
f 1857 1914 1908
f 1857 1908 1898
f 1857 1898 1897
f 1857 1897 1887
f 1857 1887 1886
f 1857 1886 1885
f 1857 1885 1872
f 1857 1872 1871
f 1857 1871 1863
f 1859 1863 1864
f 1859 1864 1865
f 1859 1865 1866
f 1859 1866 1860
f 1860 1866 1867
f 1861 1868 1869
f 1861 1869 1862
f 1862 1869 1870
f 1863 1871 1864
f 1864 1871 1872
f 1864 1872 1873
f 1864 1873 1865
f 1865 1873 1874
f 1865 1874 1866
f 1866 1875 1876
f 1866 1876 1877
f 1866 1877 1878
f 1866 1878 1879
f 1866 1879 1867
f 1866 1874 1880
f 1866 1880 1875
f 1868 1881 1882
f 1868 1882 1883
f 1868 1883 1884
f 1868 1884 1869
f 1869 1884 1870
f 1872 1885 1873
f 1873 1885 1886
f 1873 1886 1874
f 1874 1886 1887
f 1874 1887 1888
f 1874 1888 1889
f 1874 1889 1880
f 1875 1880 1890
f 1875 1890 1876
f 1876 1890 1891
f 1877 1879 1878
f 1880 1889 1892
f 1880 1892 1893
f 1880 1893 1890
f 1881 1894 1882
f 1882 1894 1896
f 1882 1896 1895
f 1887 1897 1888
f 1888 1897 1898
f 1888 1898 1892
f 1888 1892 1889
f 1890 1893 1899
f 1890 1899 1900
f 1890 1900 1901
f 1890 1901 1902
f 1890 1902 1891
f 1891 1902 1903
f 1892 1898 1908
f 1892 1908 1904
f 1892 1904 1905
f 1892 1905 1893
f 1893 1905 1909
f 1893 1909 1899
f 1895 1896 1906
f 1896 1907 1906
f 1899 1909 1910
f 1899 1910 1900
f 1900 1910 1911
f 1900 1911 1901
f 1901 1911 1912
f 1901 1912 1902
f 1902 1912 1913
f 1902 1913 1903
f 1904 1908 1914
f 1904 1914 1915
f 1904 1915 1916
f 1904 1916 1905
f 1905 1916 1917
f 1905 1917 1909
f 1906 1907 1918
f 1907 1919 1920
f 1907 1920 1921
f 1907 1921 1918
f 1909 1917 1910
f 1910 1917 1911
f 1911 1917 1912
f 1912 1917 1922
f 1912 1922 1913
f 1914 1923 1924
f 1914 1924 1915
f 1915 1924 1925
f 1915 1925 1926
f 1915 1926 1916
f 1916 1926 1927
f 1916 1927 1917
f 1917 1927 1922
f 1919 1928 1920
f 1920 1928 1929
f 1922 1927 1930
f 1923 1931 1925
f 1923 1925 1924
f 1923 1932 1931
f 1925 1931 1933
f 1925 1933 1934
f 1925 1934 1926
f 1926 1934 1927
f 1927 1934 1930
f 1928 1935 1929
f 1929 1935 1936
f 1930 1934 1937
f 1931 1932 1933
f 1932 1937 1933
f 1932 1936 1935
f 1932 1935 1938
f 1932 1938 1937
f 1933 1937 1934

o geometry_17
v -0.00581108 0.02720721 0.04702095
v -0.00581108 0.02720721 0.04082292
v -0.00633181 0.02710225 0.04702095
v -0.00788160 0.02652073 0.04819454
v -0.00581108 0.02695758 0.04800174
v -0.00581108 0.02677745 0.03942823
v -0.00633181 0.02672498 0.03945547
v -0.00788160 0.02652073 0.03971639
v -0.00633181 0.02710225 0.04082292
v -0.00788160 0.02669377 0.04702095
v -0.00876931 0.02638599 0.04790848
v -0.00633181 0.02672498 0.04849632
v -0.01083487 0.02510948 0.04861892
v -0.01021992 0.02480028 0.04934823
v -0.00581108 0.02674199 0.04857386
v -0.00581108 0.02557186 0.03873036
v -0.00633181 0.02557186 0.03875551
v -0.00788160 0.02557186 0.03901643
v -0.01098117 0.02518607 0.03949948
v -0.00876931 0.02638599 0.03995530
v -0.00788160 0.02669377 0.04082292
v -0.00882635 0.02640585 0.04702095
v -0.00960000 0.02612643 0.04702095
v -0.01098117 0.02557470 0.04702095
v -0.01205486 0.02494495 0.04813377
v -0.00581108 0.02595765 0.04930841
v -0.03114328 0.01572995 0.04834858
v -0.03114328 0.01572144 0.04835591
v -0.03114328 0.01474846 0.04912294
v -0.01331701 0.02325144 0.04934823
v -0.03114328 0.01317409 0.04935241
v -0.01253096 0.02247277 0.04935241
v -0.00943138 0.02480453 0.04934927
v -0.00581108 0.02558179 0.04934613
v -0.00943138 0.02402161 0.03868635
v -0.00581108 0.02394218 0.03933811
v -0.02179992 0.01271880 0.03891269
v -0.02182720 0.01317409 0.03875865
v -0.02337699 0.01271880 0.03865073
v -0.01098117 0.02402161 0.03879952
v -0.01205486 0.02494495 0.03976773
v -0.03114328 0.01472434 0.03888963
v -0.03114328 0.01572995 0.03958960
v -0.00882635 0.02640585 0.04082292
v -0.01098117 0.02557470 0.04082292
v -0.00960000 0.02612643 0.04082292
v -0.01220612 0.02501870 0.04702095
v -0.03114328 0.01596114 0.04703353
v -0.03114328 0.01474136 0.04912608
v -0.03114328 0.01397404 0.04934927
v -0.03114328 0.01271880 0.04935241
v -0.00788160 0.02402161 0.04935241
v -0.00943138 0.02402161 0.04935137
v -0.00581108 0.02521302 0.04934927
v -0.02337699 0.01317409 0.03864758
v -0.02182720 0.01472434 0.03865073
v -0.02337699 0.01472434 0.03864758
v -0.02492677 0.01472434 0.03864758
v -0.03114328 0.01317409 0.03864758
v -0.00581108 0.01782343 0.04172826
v -0.00581108 0.01656820 0.04247747
v -0.01408075 0.01271880 0.04175970
v -0.02492677 0.01271880 0.03864758
v -0.01220612 0.02501870 0.04082292
v -0.03114328 0.01573279 0.03960112
v -0.03114328 0.01596256 0.04082292
v -0.03114328 0.01596398 0.04548585
v -0.03114328 0.01596256 0.04702095
v -0.01563053 0.01271880 0.04935241
v -0.03114328 0.01271880 0.03864758
v -0.00581108 0.02402161 0.04935241
v -0.00581108 0.02455065 0.04935137
v -0.00581108 0.01608312 0.04392246
v -0.01145231 0.01271880 0.04392246
v -0.01251360 0.01271880 0.04236849
v -0.03114328 0.01596398 0.04237269
v -0.01413034 0.01271880 0.04935137
v -0.01253096 0.01472434 0.04935241
v -0.00581108 0.01937369 0.04935241
v -0.00581108 0.01608028 0.04547118
v -0.01144487 0.01271880 0.04547118
v -0.01328973 0.01271880 0.04934927
v -0.00581108 0.01816242 0.04934927
v -0.00581108 0.01848154 0.04935032
v -0.00788160 0.01782343 0.04935241
v -0.00581108 0.01608170 0.04599091
v -0.00581108 0.01608454 0.04702095
v -0.01145479 0.01271880 0.04702095
v -0.01308392 0.01271880 0.04934823
v -0.00703355 0.01704334 0.04934823
v -0.00581108 0.01765181 0.04932832
v -0.00581108 0.01618808 0.04748515
v -0.01222844 0.01271880 0.04856024
v -0.01239210 0.01271880 0.04872894
v -0.00581108 0.01664904 0.04859587
v -0.00581108 0.01753267 0.04930212
v -0.00599953 0.01749154 0.04932413
f 1939 1940 1947
f 1939 1947 1941
f 1939 1941 1942
f 1939 1942 1943
f 1939 1943 1953
f 1939 1953 1964
f 1939 1964 1972
f 1939 1972 1992
f 1939 1992 2010
f 1939 2010 2009
f 1939 2009 2017
f 1939 2017 2022
f 1939 2022 2021
f 1939 2021 2029
f 1939 2029 2034
f 1939 2034 2033
f 1939 2033 2030
f 1939 2030 2025
f 1939 2025 2024
f 1939 2024 2018
f 1939 2018 2011
f 1939 2011 1999
f 1939 1999 1998
f 1939 1998 1974
f 1939 1974 1954
f 1939 1954 1944
f 1939 1944 1940
f 1940 1944 1945
f 1940 1945 1946
f 1940 1946 1947
f 1941 1947 1959
f 1941 1959 1948
f 1941 1948 1949
f 1941 1949 1942
f 1942 1950 1943
f 1942 1949 1951
f 1942 1951 1952
f 1942 1952 1950
f 1943 1950 1953
f 1944 1954 1955
f 1944 1955 1945
f 1945 1955 1956
f 1945 1956 1957
f 1945 1957 1946
f 1946 1958 1947
f 1946 1957 1958
f 1947 1958 1959
f 1948 1959 1982
f 1948 1982 1960
f 1948 1960 1949
f 1949 1960 1961
f 1949 1961 1962
f 1949 1962 1963
f 1949 1963 1951
f 1950 1964 1953
f 1950 1952 1964
f 1951 1963 1952
f 1952 1963 1965
f 1952 1965 1966
f 1952 1966 1967
f 1952 1967 1968
f 1952 1968 1969
f 1952 1969 1970
f 1952 1970 1971
f 1952 1971 1972
f 1952 1972 1964
f 1954 1973 1955
f 1954 1974 1975
f 1954 1975 1976
f 1954 1976 1977
f 1954 1977 1973
f 1955 1973 1978
f 1955 1978 1956
f 1956 1978 1957
f 1957 1979 1958
f 1957 1978 1980
f 1957 1980 1981
f 1957 1981 1979
f 1958 1982 1959
f 1958 1979 1983
f 1958 1983 1984
f 1958 1984 1982
f 1960 1982 1984
f 1960 1984 1961
f 1961 1984 1983
f 1961 1983 1962
f 1962 1983 2002
f 1962 2002 1985
f 1962 1985 1963
f 1963 1985 1986
f 1963 1986 1965
f 1965 1986 2006
f 1965 2006 2005
f 1965 2005 2014
f 1965 2014 2004
f 1965 2004 2003
f 1965 2003 1981
f 1965 1981 1980
f 1965 1980 1997
f 1965 1997 2008
f 1965 2008 1989
f 1965 1989 1969
f 1965 1969 1988
f 1965 1988 1987
f 1965 1987 1967
f 1965 1967 1966
f 1967 1987 1968
f 1968 1987 1988
f 1968 1988 1969
f 1969 1989 2007
f 1969 2007 2016
f 1969 2016 2023
f 1969 2023 2017
f 1969 2017 2009
f 1969 2009 1990
f 1969 1990 1970
f 1970 1990 1991
f 1970 1991 1971
f 1971 1991 1990
f 1971 1990 1992
f 1971 1992 1972
f 1973 1977 1993
f 1973 1993 1994
f 1973 1994 1995
f 1973 1995 1996
f 1973 1996 1997
f 1973 1997 1978
f 1974 1998 1975
f 1975 1977 1976
f 1975 1998 1999
f 1975 1999 2000
f 1975 2000 2013
f 1975 2013 2012
f 1975 2012 2019
f 1975 2019 2026
f 1975 2026 2031
f 1975 2031 2032
f 1975 2032 2027
f 1975 2027 2020
f 1975 2020 2015
f 1975 2015 2007
f 1975 2007 1989
f 1975 1989 2008
f 1975 2008 2001
f 1975 2001 1977
f 1977 2001 1993
f 1978 1997 1980
f 1979 2002 1983
f 1979 1981 2003
f 1979 2003 2004
f 1979 2004 2002
f 1985 2002 2014
f 1985 2014 2005
f 1985 2005 2006
f 1985 2006 1986
f 1990 2009 2010
f 1990 2010 1992
f 1993 2001 2008
f 1993 2008 1997
f 1993 1997 1996
f 1993 1996 1995
f 1993 1995 1994
f 1999 2011 2012
f 1999 2012 2013
f 1999 2013 2000
f 2002 2004 2014
f 2007 2015 2016
f 2011 2018 2019
f 2011 2019 2012
f 2015 2020 2021
f 2015 2021 2022
f 2015 2022 2023
f 2015 2023 2016
f 2017 2023 2022
f 2018 2024 2019
f 2019 2024 2025
f 2019 2025 2026
f 2020 2027 2028
f 2020 2028 2021
f 2021 2028 2029
f 2025 2030 2026
f 2026 2030 2031
f 2027 2032 2033
f 2027 2033 2034
f 2027 2034 2035
f 2027 2035 2029
f 2027 2029 2028
f 2029 2035 2034
f 2030 2033 2031
f 2031 2033 2032

o geometry_18
v -0.00580998 0.01607976 0.04547162
v -0.00580998 0.01608322 0.04392264
v 0.00547007 0.01620058 0.04487376
v 0.00547007 0.01619943 0.04547162
v 0.00547007 0.01620173 0.04642379
v -0.00580998 0.01608552 0.04702163
v 0.00547007 0.01630643 0.04342094
v 0.00547007 0.01620288 0.04392264
v -0.00580998 0.01656761 0.04247714
v 0.00547007 0.01620403 0.04702163
v -0.00580998 0.01618792 0.04748465
v 0.00547007 0.01662744 0.04251163
v -0.00580998 0.01782406 0.04172773
v 0.00547007 0.01702900 0.04222211
v 0.00547007 0.01669763 0.04855284
v -0.00580998 0.01664931 0.04859570
v 0.00547007 0.01782406 0.04176118
v -0.00580998 0.02394289 0.03933738
v -0.00478080 0.02557212 0.03867995
v -0.00323042 0.02557212 0.03867577
v 0.00451709 0.02557212 0.03867472
v 0.00547007 0.01734656 0.04907962
v -0.00580998 0.01753296 0.04930225
v 0.00547007 0.02448251 0.03911580
v -0.00580998 0.02557212 0.03873012
v -0.00323042 0.02699540 0.03935410
v -0.00168114 0.02706329 0.03934887
v -0.00013186 0.02708860 0.03934783
v 0.00547007 0.02557212 0.03871026
v 0.00141742 0.02707134 0.03934783
v 0.00296781 0.02701266 0.03935201
v 0.00547007 0.01758358 0.04926357
v -0.00580998 0.01765262 0.04932838
v -0.00580998 0.02677794 0.03942831
v -0.00478080 0.02688264 0.03937396
v -0.00168114 0.02778125 0.04082260
v -0.00013186 0.02783188 0.04082260
v 0.00547007 0.02608759 0.03897783
v 0.00141742 0.02779851 0.04082260
v 0.00451709 0.02690796 0.03936769
v 0.00547007 0.01821411 0.04934928
v -0.00580998 0.01816233 0.04934928
v -0.00580998 0.02720826 0.04082260
v -0.00478080 0.02741767 0.04082260
v -0.00323042 0.02764433 0.04082260
v -0.00168114 0.02778240 0.04237261
v -0.00013186 0.02783418 0.04237261
v 0.00547007 0.02681476 0.03940740
v 0.00141742 0.02779966 0.04237261
v 0.00296781 0.02767770 0.04082260
v 0.00547007 0.01937390 0.04935241
v -0.00580998 0.01848104 0.04935033
v -0.00580998 0.02720826 0.04702163
v -0.00478080 0.02741767 0.04702163
v -0.00323042 0.02764433 0.04702163
v -0.00168114 0.02778240 0.04702163
v -0.00013186 0.02783418 0.04702163
v 0.00547007 0.02703107 0.03996867
v 0.00141742 0.02779966 0.04702163
v 0.00451709 0.02746829 0.04082260
v 0.00296781 0.02767770 0.04702163
v -0.00580998 0.01937390 0.04935241
v 0.00547007 0.02402228 0.04935241
v -0.00580998 0.02695743 0.04800203
v -0.00580998 0.02674227 0.04857375
v -0.00323042 0.02700230 0.04857166
v -0.00168114 0.02707249 0.04857166
v -0.00013186 0.02709895 0.04857166
v 0.00141742 0.02708054 0.04857166
v 0.00547007 0.02728305 0.04082260
v 0.00296781 0.02701956 0.04857166
v 0.00451709 0.02691141 0.04857166
v 0.00451709 0.02746829 0.04702163
v -0.00580998 0.02402228 0.04935241
v 0.00547007 0.02547892 0.04934928
v 0.00451709 0.02557212 0.04935137
v 0.00296781 0.02557212 0.04935241
v -0.00479295 0.02677794 0.04872426
v -0.00580998 0.02595872 0.04930852
v -0.00531858 0.02610945 0.04934301
v -0.00428499 0.02635107 0.04934824
v -0.00323042 0.02635337 0.04934928
v -0.00013186 0.02635567 0.04934928
v 0.00296781 0.02635337 0.04934928
v 0.00451709 0.02635107 0.04934824
v 0.00530443 0.02634762 0.04934719
v 0.00547007 0.02728305 0.04702163
v 0.00547007 0.02643622 0.04916846
v 0.00547007 0.02675148 0.04864796
v -0.00323042 0.02557212 0.04935241
v -0.00580998 0.02455040 0.04935137
v 0.00547007 0.02610254 0.04934719
v -0.00580998 0.02558133 0.04934615
v -0.00580998 0.02521314 0.04934928
f 2036 2037 2038
f 2036 2038 2039
f 2036 2039 2040
f 2036 2040 2041
f 2036 2041 2046
f 2036 2046 2051
f 2036 2051 2058
f 2036 2058 2068
f 2036 2068 2077
f 2036 2077 2087
f 2036 2087 2097
f 2036 2097 2109
f 2036 2109 2126
f 2036 2126 2129
f 2036 2129 2128
f 2036 2128 2114
f 2036 2114 2100
f 2036 2100 2099
f 2036 2099 2088
f 2036 2088 2078
f 2036 2078 2069
f 2036 2069 2060
f 2036 2060 2053
f 2036 2053 2048
f 2036 2048 2044
f 2036 2044 2037
f 2037 2042 2043
f 2037 2043 2038
f 2037 2044 2042
f 2038 2043 2042
f 2038 2042 2047
f 2038 2047 2049
f 2038 2049 2052
f 2038 2052 2059
f 2038 2059 2064
f 2038 2064 2073
f 2038 2073 2083
f 2038 2083 2093
f 2038 2093 2105
f 2038 2105 2122
f 2038 2122 2124
f 2038 2124 2123
f 2038 2123 2127
f 2038 2127 2110
f 2038 2110 2098
f 2038 2098 2086
f 2038 2086 2076
f 2038 2076 2067
f 2038 2067 2057
f 2038 2057 2050
f 2038 2050 2045
f 2038 2045 2040
f 2038 2040 2039
f 2040 2045 2041
f 2041 2045 2046
f 2042 2044 2047
f 2044 2048 2049
f 2044 2049 2047
f 2045 2050 2046
f 2046 2050 2051
f 2048 2052 2049
f 2048 2053 2054
f 2048 2054 2055
f 2048 2055 2056
f 2048 2056 2052
f 2050 2057 2051
f 2051 2057 2058
f 2052 2056 2059
f 2053 2060 2054
f 2054 2060 2061
f 2054 2061 2062
f 2054 2062 2063
f 2054 2063 2055
f 2055 2063 2056
f 2056 2064 2059
f 2056 2063 2065
f 2056 2065 2066
f 2056 2066 2064
f 2057 2067 2058
f 2058 2067 2068
f 2060 2069 2070
f 2060 2070 2061
f 2061 2070 2071
f 2061 2071 2062
f 2062 2071 2072
f 2062 2072 2063
f 2063 2072 2065
f 2064 2066 2073
f 2065 2072 2074
f 2065 2074 2066
f 2066 2074 2075
f 2066 2075 2073
f 2067 2076 2068
f 2068 2076 2077
f 2069 2078 2079
f 2069 2079 2080
f 2069 2080 2070
f 2070 2080 2071
f 2071 2081 2082
f 2071 2082 2072
f 2071 2080 2081
f 2072 2082 2074
f 2073 2075 2083
f 2074 2082 2084
f 2074 2084 2085
f 2074 2085 2075
f 2075 2085 2083
f 2076 2086 2087
f 2076 2087 2077
f 2078 2088 2089
f 2078 2089 2079
f 2079 2089 2090
f 2079 2090 2080
f 2080 2090 2091
f 2080 2091 2081
f 2081 2091 2092
f 2081 2092 2082
f 2082 2092 2094
f 2082 2094 2084
f 2083 2085 2093
f 2084 2094 2096
f 2084 2096 2085
f 2085 2095 2093
f 2085 2096 2108
f 2085 2108 2095
f 2086 2097 2087
f 2086 2098 2112
f 2086 2112 2125
f 2086 2125 2109
f 2086 2109 2097
f 2088 2099 2089
f 2089 2099 2090
f 2090 2099 2100
f 2090 2100 2101
f 2090 2101 2091
f 2091 2101 2102
f 2091 2102 2092
f 2092 2102 2103
f 2092 2103 2104
f 2092 2104 2094
f 2093 2095 2105
f 2094 2104 2106
f 2094 2106 2107
f 2094 2107 2096
f 2095 2108 2122
f 2095 2122 2105
f 2096 2107 2108
f 2098 2110 2111
f 2098 2111 2112
f 2100 2113 2101
f 2100 2114 2115
f 2100 2115 2116
f 2100 2116 2113
f 2101 2113 2116
f 2101 2116 2102
f 2102 2116 2103
f 2103 2116 2117
f 2103 2117 2118
f 2103 2118 2119
f 2103 2119 2120
f 2103 2120 2121
f 2103 2121 2104
f 2104 2121 2106
f 2106 2121 2107
f 2107 2121 2123
f 2107 2123 2124
f 2107 2124 2108
f 2108 2124 2122
f 2109 2125 2126
f 2110 2127 2121
f 2110 2121 2111
f 2111 2121 2120
f 2111 2120 2119
f 2111 2119 2112
f 2112 2119 2118
f 2112 2118 2125
f 2114 2128 2115
f 2115 2128 2116
f 2116 2128 2129
f 2116 2129 2126
f 2116 2126 2125
f 2116 2125 2117
f 2117 2125 2118
f 2121 2127 2123

o geometry_19
v 0.01183391 -0.02518519 0.04082290
v 0.01207197 -0.02507779 0.04082290
v 0.01183391 -0.02518519 0.04702144
v 0.01183391 -0.02499408 0.03970595
v 0.01187925 -0.02498461 0.03971639
v 0.01284569 -0.02469716 0.04082290
v 0.01207197 -0.02507779 0.04702144
v 0.01187925 -0.02498461 0.04819475
v 0.01183391 -0.02501146 0.04815092
v 0.01183391 -0.02410173 0.03912556
v 0.01234405 -0.02413806 0.03929362
v 0.01381779 -0.02370215 0.03949509
v 0.01483665 -0.02340364 0.03976963
v 0.01284569 -0.02469716 0.04702144
v 0.01381779 -0.02415701 0.04082290
v 0.01483665 -0.02340364 0.04813213
v 0.01367041 -0.02361370 0.04861753
v 0.01305683 -0.02325202 0.04934824
v 0.01183391 -0.02499092 0.04821042
v 0.01183391 -0.02243548 0.03886668
v 0.01226753 -0.02247181 0.03872680
v 0.01381779 -0.02247181 0.03879569
v 0.01535954 -0.02251603 0.03934791
v 0.01573364 -0.02296773 0.04082290
v 0.01495852 -0.02348103 0.04082290
v 0.01657679 -0.02202800 0.03962662
v 0.01679360 -0.02219226 0.04082290
v 0.01381779 -0.02415701 0.04702144
v 0.01495852 -0.02348103 0.04702144
v 0.01573364 -0.02296773 0.04702144
v 0.01679360 -0.02219226 0.04702144
v 0.01657679 -0.02202800 0.04829393
v 0.01769768 -0.02015170 0.04934824
v 0.01183391 -0.02342102 0.04934929
v 0.01183391 -0.02361686 0.04930753
v 0.01183391 -0.02420755 0.04887223
v 0.01226753 -0.02247181 0.04935241
v 0.01183391 -0.01468545 0.04181146
v 0.01536804 -0.01007523 0.04192210
v 0.01691689 -0.00905179 0.04166844
v 0.02305274 -0.00905179 0.03920698
v 0.02311509 -0.01007523 0.03887294
v 0.01536804 -0.02092243 0.03870070
v 0.02466535 -0.00905179 0.03877690
v 0.02311509 -0.01162461 0.03868818
v 0.01702317 -0.02103773 0.03924456
v 0.01756873 -0.02159683 0.04082290
v 0.01820499 -0.02059708 0.03959739
v 0.01846148 -0.02082293 0.04082290
v 0.01756873 -0.02159683 0.04702144
v 0.01846148 -0.02082293 0.04702144
v 0.01923519 -0.02014064 0.04702144
v 0.01808171 -0.02048810 0.04857159
v 0.01885542 -0.01976159 0.04857159
v 0.01924653 -0.01860390 0.04934824
v 0.01831552 -0.01922144 0.04934929
v 0.01846715 -0.01782210 0.04935241
v 0.01183391 -0.02283191 0.04935137
v 0.01183391 -0.02247181 0.04935241
v 0.01183391 -0.01321504 0.04238350
v 0.01535671 -0.00905179 0.04231878
v 0.02001599 -0.01627431 0.03870488
v 0.01862019 -0.01952468 0.03922473
v 0.02587551 -0.00905179 0.03947317
v 0.02466535 -0.01007523 0.03892827
v 0.02311509 -0.01317398 0.03891157
v 0.02156625 -0.01472493 0.03871845
v 0.01923519 -0.02014064 0.04082290
v 0.01973400 -0.01910930 0.03959426
v 0.01998056 -0.01936674 0.04702144
v 0.02039009 -0.01819010 0.04857159
v 0.01961496 -0.01898611 0.04857159
v 0.02079112 -0.01704979 0.04934615
v 0.02234847 -0.01398262 0.04934824
v 0.02259220 -0.01317398 0.04934929
v 0.02156625 -0.01317398 0.04935241
v 0.01183391 -0.01627431 0.04935241
v 0.01183391 -0.01237323 0.04392321
v 0.01452773 -0.00919551 0.04300565
v 0.01473320 -0.00905179 0.04287621
v 0.02015628 -0.01796109 0.03922890
v 0.02631055 -0.00905179 0.04082290
v 0.02569272 -0.01007523 0.03962871
v 0.02471778 -0.01155985 0.03941472
v 0.02420197 -0.01317398 0.03961096
v 0.02311793 -0.01463807 0.03945229
v 0.02165694 -0.01634380 0.03927066
v 0.01998056 -0.01936674 0.04082290
v 0.02075427 -0.01855652 0.04082290
v 0.02120065 -0.01753782 0.03960365
v 0.02075427 -0.01855652 0.04702144
v 0.02109862 -0.01741462 0.04857159
v 0.02260353 -0.01587315 0.04825530
v 0.02420197 -0.01317398 0.04831063
v 0.02370175 -0.01221056 0.04934407
v 0.02389872 -0.01117764 0.04934824
v 0.02311509 -0.01007523 0.04935241
v 0.01183391 -0.01507714 0.04935033
v 0.01691689 -0.01007523 0.04935241
v 0.01183391 -0.01237165 0.04427396
v 0.01453340 -0.00905179 0.04547128
v 0.01454190 -0.00905179 0.04392321
v 0.02631055 -0.00905179 0.04702144
v 0.02594495 -0.01007523 0.04082290
v 0.02550850 -0.01100075 0.03990116
v 0.02395966 -0.01406317 0.03990742
v 0.02260353 -0.01587315 0.03966315
v 0.02140470 -0.01778262 0.04082290
v 0.02140470 -0.01778262 0.04702144
v 0.02217983 -0.01683499 0.04702144
v 0.02273532 -0.01605951 0.04702144
v 0.02395966 -0.01406317 0.04796719
v 0.02550850 -0.01100075 0.04797450
v 0.02569272 -0.01007523 0.04829601
v 0.02579900 -0.00905179 0.04854967
v 0.02493884 -0.00905179 0.04927621
v 0.02480847 -0.00905179 0.04932319
v 0.02431250 -0.00905179 0.04934929
v 0.02399367 -0.00905179 0.04935033
v 0.02311509 -0.00905179 0.04935241
v 0.01551825 -0.01022527 0.04934929
v 0.01458866 -0.01084281 0.04934824
v 0.01183391 -0.01481338 0.04934929
v 0.01794142 -0.00905179 0.04935241
v 0.01700191 -0.00905179 0.04935033
v 0.01183391 -0.01236692 0.04547128
v 0.01454048 -0.00905179 0.04685129
v 0.01183391 -0.01236850 0.04582829
v 0.01183391 -0.01237481 0.04702144
v 0.02622411 -0.00905179 0.04745360
v 0.02594495 -0.01007523 0.04702144
v 0.02554251 -0.01107656 0.04082290
v 0.02518541 -0.01185204 0.04082290
v 0.02451372 -0.01317398 0.04082290
v 0.02399367 -0.01412003 0.04082290
v 0.02350903 -0.01489551 0.04082290
v 0.02273532 -0.01605951 0.04082290
v 0.02217983 -0.01683499 0.04082290
v 0.02350903 -0.01489551 0.04702144
v 0.02399367 -0.01412003 0.04702144
v 0.02451372 -0.01317398 0.04702144
v 0.02518541 -0.01185204 0.04702144
v 0.02554251 -0.01107656 0.04702144
v 0.01664481 -0.00905179 0.04934929
v 0.01613467 -0.00923974 0.04934824
v 0.01621970 -0.00905179 0.04934302
v 0.01535954 -0.00905179 0.04874384
v 0.01183391 -0.01378204 0.04916034
v 0.01183391 -0.01406949 0.04934511
v 0.01454190 -0.00905179 0.04702144
v 0.01183391 -0.01245062 0.04725005
v 0.01452915 -0.00919551 0.04794841
v 0.01460000 -0.00905179 0.04778869
v 0.01641950 -0.00905179 0.04934824
v 0.01520508 -0.00905179 0.04860500
v 0.01183391 -0.01326716 0.04868434
v 0.01480547 -0.00905179 0.04814778
f 2130 2131 2136
f 2130 2136 2132
f 2130 2132 2138
f 2130 2138 2148
f 2130 2148 2165
f 2130 2165 2164
f 2130 2164 2163
f 2130 2163 2187
f 2130 2187 2188
f 2130 2188 2206
f 2130 2206 2227
f 2130 2227 2252
f 2130 2252 2278
f 2130 2278 2277
f 2130 2277 2285
f 2130 2285 2280
f 2130 2280 2258
f 2130 2258 2257
f 2130 2257 2255
f 2130 2255 2229
f 2130 2229 2207
f 2130 2207 2189
f 2130 2189 2167
f 2130 2167 2149
f 2130 2149 2139
f 2130 2139 2133
f 2130 2133 2134
f 2130 2134 2131
f 2131 2134 2135
f 2131 2135 2143
f 2131 2143 2136
f 2132 2136 2137
f 2132 2137 2138
f 2133 2139 2140
f 2133 2140 2141
f 2133 2141 2134
f 2134 2141 2142
f 2134 2142 2135
f 2135 2142 2144
f 2135 2144 2157
f 2135 2157 2143
f 2136 2143 2137
f 2137 2143 2145
f 2137 2145 2146
f 2137 2146 2147
f 2137 2147 2148
f 2137 2148 2138
f 2139 2149 2150
f 2139 2150 2151
f 2139 2151 2140
f 2140 2151 2141
f 2141 2151 2152
f 2141 2152 2142
f 2142 2153 2154
f 2142 2154 2144
f 2142 2152 2155
f 2142 2155 2156
f 2142 2156 2153
f 2143 2157 2145
f 2144 2154 2158
f 2144 2158 2157
f 2145 2147 2146
f 2145 2157 2158
f 2145 2158 2159
f 2145 2159 2160
f 2145 2160 2161
f 2145 2161 2162
f 2145 2162 2147
f 2147 2163 2164
f 2147 2164 2165
f 2147 2165 2148
f 2147 2162 2166
f 2147 2166 2163
f 2149 2167 2168
f 2149 2168 2169
f 2149 2169 2170
f 2149 2170 2171
f 2149 2171 2150
f 2150 2172 2151
f 2150 2171 2173
f 2150 2173 2174
f 2150 2174 2172
f 2151 2172 2175
f 2151 2175 2152
f 2152 2175 2155
f 2153 2156 2160
f 2153 2160 2159
f 2153 2159 2158
f 2153 2158 2154
f 2155 2176 2156
f 2155 2175 2177
f 2155 2177 2178
f 2155 2178 2176
f 2156 2176 2179
f 2156 2179 2160
f 2160 2179 2161
f 2161 2179 2180
f 2161 2180 2181
f 2161 2181 2182
f 2161 2182 2162
f 2162 2182 2183
f 2162 2183 2184
f 2162 2184 2185
f 2162 2185 2186
f 2162 2186 2166
f 2163 2166 2187
f 2166 2188 2187
f 2166 2186 2205
f 2166 2205 2226
f 2166 2226 2249
f 2166 2249 2253
f 2166 2253 2228
f 2166 2228 2206
f 2166 2206 2188
f 2167 2189 2190
f 2167 2190 2168
f 2168 2190 2169
f 2169 2190 2209
f 2169 2209 2231
f 2169 2231 2230
f 2169 2230 2256
f 2169 2256 2279
f 2169 2279 2282
f 2169 2282 2286
f 2169 2286 2284
f 2169 2284 2276
f 2169 2276 2275
f 2169 2275 2283
f 2169 2283 2273
f 2169 2273 2254
f 2169 2254 2253
f 2169 2253 2249
f 2169 2249 2248
f 2169 2248 2247
f 2169 2247 2246
f 2169 2246 2245
f 2169 2245 2244
f 2169 2244 2259
f 2169 2259 2232
f 2169 2232 2211
f 2169 2211 2193
f 2169 2193 2173
f 2169 2173 2170
f 2170 2173 2171
f 2172 2174 2191
f 2172 2191 2192
f 2172 2192 2175
f 2173 2193 2194
f 2173 2194 2195
f 2173 2195 2174
f 2174 2195 2196
f 2174 2196 2191
f 2175 2192 2177
f 2176 2178 2180
f 2176 2180 2179
f 2177 2197 2178
f 2177 2192 2198
f 2177 2198 2197
f 2178 2197 2181
f 2178 2181 2180
f 2181 2199 2200
f 2181 2200 2201
f 2181 2201 2183
f 2181 2183 2182
f 2181 2197 2217
f 2181 2217 2199
f 2183 2201 2202
f 2183 2202 2184
f 2184 2186 2185
f 2184 2202 2203
f 2184 2203 2204
f 2184 2204 2186
f 2186 2204 2205
f 2189 2207 2208
f 2189 2208 2209
f 2189 2209 2190
f 2191 2210 2192
f 2191 2196 2210
f 2192 2210 2198
f 2193 2211 2212
f 2193 2212 2194
f 2194 2212 2213
f 2194 2213 2195
f 2195 2213 2214
f 2195 2214 2215
f 2195 2215 2216
f 2195 2216 2196
f 2196 2216 2210
f 2197 2198 2217
f 2198 2218 2217
f 2198 2210 2219
f 2198 2219 2218
f 2199 2217 2218
f 2199 2218 2220
f 2199 2220 2200
f 2200 2220 2221
f 2200 2221 2202
f 2200 2202 2201
f 2202 2221 2222
f 2202 2222 2223
f 2202 2223 2224
f 2202 2224 2203
f 2203 2224 2225
f 2203 2225 2204
f 2204 2225 2226
f 2204 2226 2205
f 2206 2228 2227
f 2207 2229 2230
f 2207 2230 2231
f 2207 2231 2208
f 2208 2231 2209
f 2210 2216 2219
f 2211 2232 2260
f 2211 2260 2233
f 2211 2233 2234
f 2211 2234 2212
f 2212 2234 2214
f 2212 2214 2213
f 2214 2235 2236
f 2214 2236 2215
f 2214 2234 2235
f 2215 2236 2216
f 2216 2236 2219
f 2218 2219 2237
f 2218 2237 2238
f 2218 2238 2220
f 2219 2236 2237
f 2220 2238 2222
f 2220 2222 2221
f 2222 2238 2239
f 2222 2239 2240
f 2222 2240 2241
f 2222 2241 2223
f 2223 2241 2242
f 2223 2242 2243
f 2223 2243 2224
f 2224 2243 2244
f 2224 2244 2245
f 2224 2245 2246
f 2224 2246 2225
f 2225 2246 2247
f 2225 2247 2226
f 2226 2247 2248
f 2226 2248 2249
f 2227 2228 2250
f 2227 2250 2251
f 2227 2251 2252
f 2228 2253 2254
f 2228 2254 2250
f 2229 2255 2230
f 2230 2255 2257
f 2230 2257 2258
f 2230 2258 2256
f 2232 2259 2242
f 2232 2242 2260
f 2233 2261 2234
f 2233 2260 2272
f 2233 2272 2261
f 2234 2261 2262
f 2234 2262 2235
f 2235 2262 2263
f 2235 2263 2264
f 2235 2264 2265
f 2235 2265 2266
f 2235 2266 2267
f 2235 2267 2236
f 2236 2267 2237
f 2237 2267 2239
f 2237 2239 2238
f 2239 2267 2266
f 2239 2266 2240
f 2240 2266 2265
f 2240 2265 2268
f 2240 2268 2241
f 2241 2268 2269
f 2241 2269 2270
f 2241 2270 2271
f 2241 2271 2242
f 2242 2272 2260
f 2242 2259 2243
f 2242 2271 2272
f 2243 2259 2244
f 2250 2254 2273
f 2250 2273 2251
f 2251 2273 2274
f 2251 2274 2275
f 2251 2275 2276
f 2251 2276 2277
f 2251 2277 2278
f 2251 2278 2252
f 2256 2258 2279
f 2258 2280 2281
f 2258 2281 2282
f 2258 2282 2279
f 2261 2272 2271
f 2261 2271 2262
f 2262 2271 2270
f 2262 2270 2263
f 2263 2270 2269
f 2263 2269 2264
f 2264 2269 2268
f 2264 2268 2265
f 2273 2283 2274
f 2274 2283 2275
f 2276 2284 2277
f 2277 2284 2285
f 2280 2285 2281
f 2281 2286 2282
f 2281 2285 2286
f 2284 2286 2285

o geometry_20
v -0.01144359 0.01271880 0.04547118
v -0.01145323 0.01271880 0.04392246
v -0.01145516 0.01271880 0.04702095
v -0.01716877 0.00075781 0.04392246
v -0.01251188 0.01271880 0.04236849
v -0.01753900 0.00075781 0.04243765
v -0.01222842 0.01271880 0.04856024
v -0.01758528 0.00075781 0.04502689
v -0.01408153 0.01271880 0.04175970
v -0.01871721 0.00075781 0.04169682
v -0.01873070 0.00075781 0.04168844
v -0.01626439 0.00582390 0.04812539
v -0.01239232 0.01271880 0.04872894
v -0.01795166 0.00464607 0.04934823
v -0.01761035 0.00433463 0.04857072
v -0.01759878 0.00075781 0.04503108
v -0.02492831 0.00232552 0.03906358
v -0.02492831 0.00387568 0.03884667
v -0.02180059 0.01271880 0.03891269
v -0.02492831 0.00075781 0.03939575
v -0.01308459 0.01271880 0.04934823
v -0.01873070 0.00542466 0.04935241
v -0.01873070 0.00464256 0.04934927
v -0.01873070 0.00075781 0.04536115
v -0.01328899 0.01271880 0.04934927
v -0.02647868 0.00387568 0.03874608
v -0.02492831 0.00542466 0.03872303
v -0.02337795 0.01162292 0.03865596
v -0.02337795 0.01271880 0.03865073
v -0.02588669 0.00075781 0.03966085
v -0.03114328 0.00390026 0.03934859
v -0.03114328 0.00391548 0.03934126
v -0.03114328 0.00542466 0.03864758
v -0.02028107 0.00464139 0.04934927
v -0.01412974 0.01271880 0.04935137
v -0.01562997 0.01162292 0.04935241
v -0.03114328 0.00542466 0.04935241
v -0.02028107 0.00075781 0.04536535
v -0.02647868 0.00542466 0.03864758
v -0.02492831 0.00697364 0.03866225
v -0.02492831 0.00852379 0.03864758
v -0.02492831 0.01271880 0.03864758
v -0.02589633 0.00075781 0.03966400
v -0.03114328 0.00314977 0.04082292
v -0.03114328 0.01271880 0.03864758
v -0.03114328 0.00464139 0.04934927
v -0.01562997 0.01271880 0.04935241
v -0.03114328 0.01271880 0.04935241
v -0.02337795 0.00075781 0.04536535
v -0.02610652 0.00075781 0.04081034
v -0.03114328 0.00314860 0.04235802
v -0.02610845 0.00075781 0.04082292
v -0.02612387 0.00075781 0.04235592
v -0.03114328 0.00389090 0.04857072
v -0.02492831 0.00075781 0.04519979
v -0.03114328 0.00314743 0.04547118
v -0.02612387 0.00075781 0.04237269
v -0.03114328 0.00314860 0.04702095
v -0.02587512 0.00075781 0.04486552
v -0.02608723 0.00075781 0.04392246
v -0.02587898 0.00075781 0.04485504
f 2287 2288 2291
f 2287 2291 2295
f 2287 2295 2305
f 2287 2305 2315
f 2287 2315 2328
f 2287 2328 2331
f 2287 2331 2334
f 2287 2334 2333
f 2287 2333 2321
f 2287 2321 2311
f 2287 2311 2307
f 2287 2307 2299
f 2287 2299 2293
f 2287 2293 2289
f 2287 2289 2290
f 2287 2290 2288
f 2288 2290 2292
f 2288 2292 2291
f 2289 2293 2294
f 2289 2294 2290
f 2290 2294 2302
f 2290 2302 2310
f 2290 2310 2324
f 2290 2324 2335
f 2290 2335 2341
f 2290 2341 2345
f 2290 2345 2347
f 2290 2347 2346
f 2290 2346 2343
f 2290 2343 2339
f 2290 2339 2338
f 2290 2338 2336
f 2290 2336 2329
f 2290 2329 2316
f 2290 2316 2306
f 2290 2306 2297
f 2290 2297 2296
f 2290 2296 2292
f 2291 2292 2296
f 2291 2296 2297
f 2291 2297 2295
f 2293 2298 2294
f 2293 2299 2300
f 2293 2300 2298
f 2294 2301 2300
f 2294 2300 2302
f 2294 2298 2301
f 2295 2297 2303
f 2295 2303 2304
f 2295 2304 2305
f 2297 2306 2303
f 2298 2300 2301
f 2299 2307 2300
f 2300 2308 2309
f 2300 2309 2310
f 2300 2310 2302
f 2300 2307 2311
f 2300 2311 2308
f 2303 2306 2312
f 2303 2312 2304
f 2304 2312 2313
f 2304 2313 2305
f 2305 2313 2314
f 2305 2314 2315
f 2306 2316 2317
f 2306 2317 2318
f 2306 2318 2319
f 2306 2319 2312
f 2308 2320 2309
f 2308 2311 2321
f 2308 2321 2322
f 2308 2322 2333
f 2308 2333 2334
f 2308 2334 2323
f 2308 2323 2332
f 2308 2332 2320
f 2309 2320 2324
f 2309 2324 2310
f 2312 2325 2313
f 2312 2319 2325
f 2313 2325 2326
f 2313 2326 2314
f 2314 2326 2327
f 2314 2327 2315
f 2315 2327 2328
f 2316 2329 2317
f 2317 2330 2337
f 2317 2337 2342
f 2317 2342 2344
f 2317 2344 2340
f 2317 2340 2332
f 2317 2332 2323
f 2317 2323 2334
f 2317 2334 2331
f 2317 2331 2319
f 2317 2319 2318
f 2317 2329 2330
f 2319 2331 2328
f 2319 2328 2327
f 2319 2327 2325
f 2320 2332 2335
f 2320 2335 2324
f 2321 2333 2322
f 2325 2327 2326
f 2329 2336 2330
f 2330 2336 2338
f 2330 2338 2339
f 2330 2339 2337
f 2332 2340 2335
f 2335 2340 2341
f 2337 2339 2342
f 2339 2343 2342
f 2340 2344 2345
f 2340 2345 2341
f 2342 2343 2344
f 2343 2346 2344
f 2344 2346 2347
f 2344 2347 2345

o geometry_21
v -0.06685241 0.00697457 -0.00257812
v -0.06685166 0.00697031 -0.00257812
v -0.06685241 0.00697457 0.00168298
v -0.06685241 0.01627289 -0.00257812
v -0.06649794 0.00532567 -0.00257812
v -0.06647758 0.00523762 -0.00257812
v -0.06642704 0.00543503 0.00168298
v -0.06685241 0.01627289 0.00168298
v -0.06656280 0.01782238 0.00052636
v -0.06654999 0.01782238 -0.00102317
v -0.06638405 0.01795020 -0.00257812
v -0.06642932 0.00513110 -0.00257812
v -0.06585990 0.00452182 -0.00257812
v -0.06522486 0.00483143 0.00168298
v -0.06651001 0.01782238 0.00168298
v -0.06613668 0.01869582 0.00052636
v -0.06612387 0.01868730 -0.00102317
v -0.06637274 0.01797292 -0.00257812
v -0.06522486 0.00433860 -0.00257812
v -0.06367500 0.00479592 0.00168298
v -0.06608389 0.01865748 0.00168298
v -0.06522486 0.01880944 0.00052636
v -0.06522486 0.01878956 -0.00102317
v -0.06606504 0.01864328 -0.00213474
v -0.06635238 0.01801269 -0.00257812
v -0.06493601 0.00433292 -0.00257812
v -0.06212589 0.00479592 0.00168298
v -0.06367500 0.00431162 -0.00257812
v -0.06585235 0.01868588 0.00168298
v -0.06367500 0.01882081 0.00052636
v -0.06522486 0.01873133 0.00168298
v -0.06367500 0.01880092 -0.00102317
v -0.06522486 0.01867310 -0.00234704
v -0.06568794 0.01860351 -0.00257812
v -0.06206781 0.00479734 0.00168298
v -0.06212589 0.00431304 -0.00257812
v -0.06272773 0.01870719 0.00052636
v -0.06274206 0.01869725 -0.00102317
v -0.06483117 0.01873417 0.00168298
v -0.06367500 0.01874127 0.00168298
v -0.06278882 0.01866742 0.00168298
v -0.06281673 0.01865038 -0.00217895
v -0.06367500 0.01867736 -0.00237999
v -0.06478140 0.01864328 -0.00257812
v -0.06522486 0.01863760 -0.00257812
v -0.06057602 0.00436701 -0.00257812
v -0.06057602 0.00486409 0.00168298
v -0.06195242 0.01806098 0.00052636
v -0.06196751 0.01805104 -0.00102317
v -0.06201427 0.01801837 0.00168298
v -0.06367500 0.01864896 -0.00257812
v -0.06231594 0.01816607 -0.00257812
v -0.05945982 0.00517939 -0.00257812
v -0.05947264 0.00546628 0.00168298
v -0.06115600 0.01724292 0.00168298
v -0.06111225 0.01728695 0.00052636
v -0.06112206 0.01727700 -0.00102317
v -0.06120351 0.01719605 -0.00257311
v -0.06120427 0.01719605 -0.00257812
v -0.05941532 0.00534129 -0.00257812
v -0.05938742 0.00579293 0.00168298
v -0.06057753 0.01666772 0.00168298
v -0.06033694 0.01651007 0.00052636
v -0.06034750 0.01649871 -0.00102317
v -0.06042518 0.01640782 -0.00257812
v -0.05914834 0.00697457 -0.00257812
v -0.05914834 0.00697457 0.00168298
v -0.06038069 0.01647031 0.00168298
v -0.05963177 0.01569627 0.00168298
v -0.05960236 0.01573604 0.00052636
v -0.05961141 0.01572468 -0.00102317
v -0.05968080 0.01563662 -0.00257311
v -0.05968155 0.01563662 -0.00257812
v -0.05914834 0.01317251 -0.00257812
v -0.05914834 0.01007496 0.00168298
v -0.05938817 0.01498047 0.00168298
v -0.05929163 0.01472341 0.00052636
v -0.05929993 0.01472341 -0.00102317
v -0.05935423 0.01472341 -0.00257311
v -0.05935499 0.01472341 -0.00257812
v -0.05914909 0.01317819 -0.00257812
v -0.05918454 0.01356591 0.00168298
v -0.05914834 0.01317251 -0.00257311
v -0.05916644 0.01317251 0.00168298
v -0.05930973 0.01472341 0.00168298
f 2348 2349 2350
f 2348 2350 2355
f 2348 2355 2351
f 2348 2351 2358
f 2348 2358 2365
f 2348 2365 2372
f 2348 2372 2381
f 2348 2381 2392
f 2348 2392 2391
f 2348 2391 2398
f 2348 2398 2399
f 2348 2399 2406
f 2348 2406 2412
f 2348 2412 2420
f 2348 2420 2427
f 2348 2427 2428
f 2348 2428 2421
f 2348 2421 2413
f 2348 2413 2407
f 2348 2407 2400
f 2348 2400 2393
f 2348 2393 2383
f 2348 2383 2375
f 2348 2375 2373
f 2348 2373 2366
f 2348 2366 2360
f 2348 2360 2359
f 2348 2359 2353
f 2348 2353 2352
f 2348 2352 2349
f 2349 2352 2350
f 2350 2352 2353
f 2350 2353 2354
f 2350 2354 2361
f 2350 2361 2367
f 2350 2367 2374
f 2350 2374 2382
f 2350 2382 2394
f 2350 2394 2401
f 2350 2401 2408
f 2350 2408 2414
f 2350 2414 2422
f 2350 2422 2431
f 2350 2431 2429
f 2350 2429 2432
f 2350 2432 2423
f 2350 2423 2416
f 2350 2416 2415
f 2350 2415 2409
f 2350 2409 2402
f 2350 2402 2397
f 2350 2397 2388
f 2350 2388 2387
f 2350 2387 2386
f 2350 2386 2378
f 2350 2378 2376
f 2350 2376 2368
f 2350 2368 2362
f 2350 2362 2355
f 2351 2355 2356
f 2351 2356 2357
f 2351 2357 2358
f 2353 2359 2354
f 2354 2359 2360
f 2354 2360 2361
f 2355 2362 2356
f 2356 2362 2363
f 2356 2363 2357
f 2357 2363 2364
f 2357 2364 2358
f 2358 2364 2365
f 2360 2366 2361
f 2361 2366 2367
f 2362 2368 2363
f 2363 2368 2369
f 2363 2369 2364
f 2364 2369 2370
f 2364 2370 2371
f 2364 2371 2365
f 2365 2371 2372
f 2366 2373 2367
f 2367 2373 2375
f 2367 2375 2374
f 2368 2376 2369
f 2369 2377 2379
f 2369 2379 2370
f 2369 2376 2378
f 2369 2378 2377
f 2370 2379 2380
f 2370 2380 2371
f 2371 2380 2381
f 2371 2381 2372
f 2374 2375 2383
f 2374 2383 2382
f 2377 2384 2385
f 2377 2385 2379
f 2377 2378 2386
f 2377 2386 2387
f 2377 2387 2388
f 2377 2388 2384
f 2379 2385 2389
f 2379 2389 2390
f 2379 2390 2380
f 2380 2390 2391
f 2380 2391 2392
f 2380 2392 2381
f 2382 2383 2393
f 2382 2393 2394
f 2384 2395 2385
f 2384 2388 2395
f 2385 2395 2396
f 2385 2396 2389
f 2388 2397 2395
f 2389 2398 2390
f 2389 2396 2399
f 2389 2399 2398
f 2390 2398 2391
f 2393 2400 2401
f 2393 2401 2394
f 2395 2397 2402
f 2395 2402 2403
f 2395 2403 2404
f 2395 2404 2396
f 2396 2404 2405
f 2396 2405 2399
f 2399 2405 2406
f 2400 2407 2401
f 2401 2407 2408
f 2402 2409 2403
f 2403 2409 2410
f 2403 2410 2404
f 2404 2410 2411
f 2404 2411 2405
f 2405 2411 2412
f 2405 2412 2406
f 2407 2413 2414
f 2407 2414 2408
f 2409 2415 2410
f 2410 2415 2416
f 2410 2416 2417
f 2410 2417 2418
f 2410 2418 2411
f 2411 2418 2419
f 2411 2419 2412
f 2412 2419 2420
f 2413 2421 2430
f 2413 2430 2422
f 2413 2422 2414
f 2416 2423 2417
f 2417 2423 2424
f 2417 2424 2425
f 2417 2425 2418
f 2418 2425 2426
f 2418 2426 2419
f 2419 2426 2427
f 2419 2427 2420
f 2421 2428 2425
f 2421 2425 2424
f 2421 2424 2429
f 2421 2429 2430
f 2422 2430 2431
f 2423 2432 2424
f 2424 2432 2429
f 2425 2428 2426
f 2426 2428 2427
f 2429 2431 2430

o geometry_22
v -0.06522486 0.01630252 0.00982291
v -0.06636219 0.01588099 0.00982291
v -0.06367500 0.01629885 0.00982291
v -0.06367500 0.01716758 0.00776223
v -0.06522486 0.01716208 0.00775107
v -0.06609143 0.01711809 0.00765704
v -0.06625509 0.01729220 0.00672552
v -0.06639914 0.01752863 0.00517642
v -0.06668121 0.01627319 0.00672552
v -0.06678756 0.01472086 0.00982291
v -0.06212589 0.01606243 0.00982291
v -0.06278505 0.01712725 0.00767218
v -0.06367500 0.01757811 0.00672552
v -0.06522486 0.01756162 0.00672552
v -0.06522486 0.01805646 0.00517642
v -0.06600621 0.01860078 0.00287349
v -0.06606579 0.01864477 0.00207663
v -0.06634409 0.01790067 0.00348469
v -0.06649191 0.01782187 0.00207663
v -0.06682526 0.01627319 0.00517642
v -0.06684788 0.01472269 0.00827541
v -0.06685241 0.01317035 0.00982291
v -0.06057602 0.01579118 0.00982291
v -0.06288385 0.01860811 0.00290377
v -0.06367500 0.01808578 0.00517642
v -0.05967250 0.01560791 0.00982291
v -0.06522486 0.01843217 0.00368948
v -0.06522486 0.01860995 0.00291493
v -0.06522486 0.01870525 0.00207663
v -0.06522486 0.01873091 0.00168298
v -0.06585235 0.01868692 0.00168298
v -0.06608389 0.01865760 0.00168298
v -0.06651001 0.01782187 0.00168298
v -0.06685241 0.01627319 0.00362653
v -0.06685241 0.01472269 0.00672552
v -0.06685241 0.00001856 0.00982291
v -0.06280994 0.01865393 0.00207663
v -0.06367500 0.01874191 0.00168298
v -0.06367500 0.01871441 0.00207663
v -0.06367500 0.01861361 0.00293804
v -0.06367500 0.01845050 0.00371259
v -0.05963177 0.01569588 0.00168298
v -0.06038069 0.01647113 0.00168298
v -0.06057753 0.01666724 0.00168298
v -0.06115600 0.01724272 0.00168298
v -0.06201427 0.01801797 0.00168298
v -0.06278882 0.01866676 0.00168298
v -0.05934593 0.01472269 0.00982291
v -0.06483117 0.01873457 0.00168298
v -0.06685241 0.01627319 0.00168298
v -0.06685241 0.00001856 0.00827541
v -0.06314707 0.00001856 0.00982291
v -0.05938817 0.01497927 0.00168298
v -0.05914834 0.01317219 0.00982291
v -0.05930973 0.01472269 0.00168298
v -0.06685241 0.00697567 0.00168298
v -0.06684638 0.00001856 0.00672552
v -0.06313877 0.00001856 0.00903163
v -0.06313877 0.00002040 0.00982291
v -0.05914834 0.01317219 0.00207663
v -0.05918454 0.01356623 0.00168298
v -0.05914834 0.00852434 0.00982291
v -0.06642704 0.00543616 0.00168298
v -0.06642026 0.00001856 0.00550154
v -0.06313877 0.00001856 0.00827541
v -0.05947415 0.00394980 0.00982291
v -0.05916644 0.01317219 0.00168298
v -0.05914834 0.01007301 0.00168298
v -0.05919208 0.00542517 0.00982291
v -0.05914834 0.00542517 0.00827541
v -0.06522486 0.00483136 0.00168298
v -0.06522486 0.00001856 0.00506725
v -0.06317422 0.00001856 0.00748174
v -0.05947415 0.00396447 0.00517642
v -0.05947415 0.00394980 0.00672552
v -0.05914834 0.00697567 0.00168298
v -0.05914834 0.00542517 0.00517642
v -0.06367500 0.00479653 0.00168298
v -0.06212589 0.00479653 0.00168298
v -0.06206781 0.00479837 0.00168298
v -0.06057602 0.00486435 0.00168298
v -0.06386355 0.00001856 0.00551668
v -0.06320816 0.00001856 0.00672552
v -0.05955334 0.00422838 0.00362653
v -0.05922677 0.00542517 0.00362653
v -0.05938742 0.00579355 0.00168298
v -0.05947264 0.00546732 0.00168298
v -0.05968834 0.00453445 0.00261929
v -0.06354377 0.00001856 0.00610635
f 2433 2434 2442
f 2433 2442 2454
f 2433 2454 2468
f 2433 2468 2484
f 2433 2484 2491
f 2433 2491 2498
f 2433 2498 2501
f 2433 2501 2494
f 2433 2494 2486
f 2433 2486 2480
f 2433 2480 2458
f 2433 2458 2455
f 2433 2455 2443
f 2433 2443 2435
f 2433 2435 2436
f 2433 2436 2437
f 2433 2437 2438
f 2433 2438 2434
f 2434 2438 2439
f 2434 2439 2440
f 2434 2440 2441
f 2434 2441 2442
f 2435 2443 2444
f 2435 2444 2436
f 2436 2444 2445
f 2436 2445 2437
f 2437 2445 2446
f 2437 2446 2438
f 2438 2446 2447
f 2438 2447 2448
f 2438 2448 2439
f 2439 2448 2440
f 2440 2448 2449
f 2440 2449 2450
f 2440 2450 2451
f 2440 2451 2452
f 2440 2452 2441
f 2441 2452 2442
f 2442 2453 2454
f 2442 2452 2453
f 2443 2455 2444
f 2444 2456 2457
f 2444 2457 2445
f 2444 2455 2458
f 2444 2458 2456
f 2445 2457 2446
f 2446 2457 2447
f 2447 2457 2459
f 2447 2459 2448
f 2448 2459 2460
f 2448 2460 2461
f 2448 2461 2462
f 2448 2462 2463
f 2448 2463 2449
f 2449 2464 2451
f 2449 2451 2450
f 2449 2463 2464
f 2451 2464 2465
f 2451 2465 2452
f 2452 2465 2466
f 2452 2466 2453
f 2453 2467 2454
f 2453 2466 2467
f 2454 2467 2466
f 2454 2466 2482
f 2454 2482 2488
f 2454 2488 2483
f 2454 2483 2468
f 2456 2469 2470
f 2456 2470 2471
f 2456 2471 2472
f 2456 2472 2473
f 2456 2473 2457
f 2456 2458 2469
f 2457 2473 2459
f 2458 2474 2475
f 2458 2475 2476
f 2458 2476 2477
f 2458 2477 2478
f 2458 2478 2479
f 2458 2479 2469
f 2458 2480 2474
f 2459 2473 2460
f 2460 2473 2472
f 2460 2472 2471
f 2460 2471 2461
f 2461 2471 2470
f 2461 2470 2481
f 2461 2481 2462
f 2462 2481 2470
f 2462 2470 2479
f 2462 2479 2478
f 2462 2478 2477
f 2462 2477 2476
f 2462 2476 2475
f 2462 2475 2474
f 2462 2474 2485
f 2462 2485 2487
f 2462 2487 2493
f 2462 2493 2499
f 2462 2499 2500
f 2462 2500 2508
f 2462 2508 2518
f 2462 2518 2519
f 2462 2519 2513
f 2462 2513 2512
f 2462 2512 2511
f 2462 2511 2510
f 2462 2510 2503
f 2462 2503 2495
f 2462 2495 2488
f 2462 2488 2482
f 2462 2482 2465
f 2462 2465 2464
f 2462 2464 2463
f 2465 2482 2466
f 2468 2483 2489
f 2468 2489 2496
f 2468 2496 2504
f 2468 2504 2514
f 2468 2514 2521
f 2468 2521 2515
f 2468 2515 2505
f 2468 2505 2497
f 2468 2497 2490
f 2468 2490 2484
f 2469 2479 2470
f 2474 2480 2485
f 2480 2486 2487
f 2480 2487 2485
f 2483 2488 2489
f 2484 2490 2491
f 2486 2492 2493
f 2486 2493 2487
f 2486 2494 2502
f 2486 2502 2509
f 2486 2509 2508
f 2486 2508 2500
f 2486 2500 2492
f 2488 2495 2496
f 2488 2496 2489
f 2490 2497 2507
f 2490 2507 2498
f 2490 2498 2491
f 2492 2499 2493
f 2492 2500 2499
f 2494 2501 2502
f 2495 2503 2504
f 2495 2504 2496
f 2497 2505 2506
f 2497 2506 2507
f 2498 2507 2509
f 2498 2509 2502
f 2498 2502 2501
f 2503 2510 2504
f 2504 2511 2512
f 2504 2512 2513
f 2504 2513 2514
f 2504 2510 2511
f 2505 2515 2506
f 2506 2515 2516
f 2506 2516 2517
f 2506 2517 2509
f 2506 2509 2507
f 2508 2509 2517
f 2508 2517 2518
f 2513 2519 2520
f 2513 2520 2514
f 2514 2520 2521
f 2515 2521 2520
f 2515 2520 2516
f 2516 2520 2519
f 2516 2519 2517
f 2517 2519 2518

