# https://github.com/mikedh/trimesh

o geometry_0
v 0.00183467 -0.00006967 -0.00496312
v 0.00194865 -0.00006967 -0.00515639
v 0.00186932 -0.00082827 -0.00496312
v 0.00183815 0.00017944 -0.00496312
v 0.00195911 0.00068813 -0.00513078
v 0.00265431 -0.00006967 -0.00536452
v 0.00196891 -0.00082827 -0.00512264
v 0.00202056 -0.00158647 -0.00496312
v 0.00185581 0.00068813 -0.00496312
v 0.00188348 0.00091426 -0.00496312
v 0.00198613 0.00144633 -0.00496312
v 0.00205151 0.00144633 -0.00505498
v 0.00265431 0.00068813 -0.00531328
v 0.00341229 -0.00082827 -0.00522217
v 0.00265431 -0.00082827 -0.00529706
v 0.00341229 0.00068813 -0.00523796
v 0.00341229 -0.00006967 -0.00528770
v 0.00207527 -0.00158647 -0.00503719
v 0.00219142 -0.00202664 -0.00496312
v 0.00203059 0.00159265 -0.00496312
v 0.00265431 0.00144633 -0.00516174
v 0.00218118 0.00190343 -0.00498344
v 0.00390460 -0.00082827 -0.00504776
v 0.00384205 -0.00140186 -0.00499114
v 0.00363959 -0.00182873 -0.00496312
v 0.00344301 -0.00162718 -0.00504512
v 0.00265431 -0.00158647 -0.00512618
v 0.00219883 -0.00201777 -0.00497554
v 0.00346611 0.00150639 -0.00506823
v 0.00370214 0.00174623 -0.00496312
v 0.00379149 0.00162046 -0.00496312
v 0.00385905 0.00129397 -0.00500587
v 0.00391484 0.00068813 -0.00505546
v 0.00393925 -0.00006967 -0.00507958
v 0.00222782 -0.00204357 -0.00496312
v 0.00216898 0.00191754 -0.00496312
v 0.00265431 0.00194253 -0.00500104
v 0.00324905 0.00190343 -0.00498344
v 0.00265431 0.00202637 -0.00496312
v 0.00399177 -0.00082827 -0.00496312
v 0.00406085 -0.00006967 -0.00496312
v 0.00386493 -0.00141718 -0.00496312
v 0.00322486 -0.00203470 -0.00496312
v 0.00321070 -0.00201777 -0.00497554
v 0.00265431 -0.00204357 -0.00498921
v 0.00265431 -0.00209154 -0.00496312
v 0.00348399 0.00185506 -0.00496312
v 0.00389392 0.00131815 -0.00496312
v 0.00391854 0.00121093 -0.00496312
v 0.00401160 0.00068813 -0.00496312
v 0.00317060 0.00195865 -0.00496312
v 0.00327542 0.00193648 -0.00496312
f 1 2 3
f 1 3 8
f 1 8 19
f 1 19 35
f 1 35 46
f 1 46 43
f 1 43 25
f 1 25 42
f 1 42 40
f 1 40 41
f 1 41 50
f 1 50 49
f 1 49 48
f 1 48 31
f 1 31 30
f 1 30 47
f 1 47 52
f 1 52 51
f 1 51 39
f 1 39 36
f 1 36 20
f 1 20 11
f 1 11 10
f 1 10 9
f 1 9 4
f 1 4 2
f 2 4 5
f 2 5 6
f 2 6 7
f 2 7 3
f 3 7 8
f 4 9 5
f 5 9 10
f 5 10 11
f 5 11 12
f 5 12 13
f 5 13 6
f 6 14 15
f 6 15 7
f 6 13 16
f 6 16 17
f 6 17 14
f 7 15 18
f 7 18 8
f 8 18 19
f 11 20 12
f 12 21 13
f 12 20 22
f 12 22 21
f 13 21 16
f 14 23 24
f 14 24 25
f 14 25 26
f 14 26 15
f 14 17 23
f 15 27 28
f 15 28 18
f 15 26 27
f 16 21 29
f 16 29 30
f 16 30 31
f 16 31 32
f 16 32 33
f 16 33 17
f 17 33 34
f 17 34 23
f 18 28 19
f 19 28 35
f 20 36 22
f 21 22 37
f 21 37 38
f 21 38 29
f 22 36 39
f 22 39 37
f 23 40 24
f 23 34 41
f 23 41 40
f 24 40 42
f 24 42 25
f 25 43 44
f 25 44 26
f 26 44 27
f 27 44 45
f 27 45 28
f 28 45 46
f 28 46 35
f 29 38 30
f 30 38 47
f 31 48 32
f 32 48 49
f 32 49 50
f 32 50 33
f 33 50 34
f 34 50 41
f 37 39 51
f 37 51 38
f 38 51 52
f 38 52 47
f 43 46 44
f 44 46 45

o geometry_1
v -0.00471151 -0.00006986 -0.00424771
v -0.00467368 -0.00006986 -0.00433757
v -0.00464499 -0.00082789 -0.00430106
v -0.00467215 -0.00074567 -0.00424771
v -0.00468527 0.00068818 -0.00424771
v -0.00465750 0.00068818 -0.00431472
v -0.00431849 -0.00006986 -0.00471669
v -0.00466727 -0.00082789 -0.00424771
v -0.00428371 -0.00082789 -0.00468029
v -0.00460136 -0.00126858 -0.00424771
v -0.00461417 0.00125477 -0.00424771
v -0.00461082 0.00124835 -0.00425853
v -0.00429408 0.00068818 -0.00469384
v -0.00393920 -0.00006986 -0.00507952
v -0.00390442 -0.00082789 -0.00504771
v -0.00384186 -0.00140156 -0.00499108
v -0.00458366 -0.00134824 -0.00424771
v -0.00445367 0.00170574 -0.00424771
v -0.00419064 0.00152394 -0.00459917
v -0.00385895 0.00129396 -0.00500584
v -0.00391479 0.00068818 -0.00505536
v -0.00341223 -0.00006986 -0.00528767
v -0.00341223 -0.00082789 -0.00522207
v -0.00417416 -0.00162383 -0.00458507
v -0.00371615 -0.00190713 -0.00493107
v -0.00442560 -0.00179214 -0.00424771
v -0.00424404 0.00220489 -0.00424771
v -0.00405058 0.00220489 -0.00446318
v -0.00375459 0.00179953 -0.00493970
v -0.00341223 0.00068818 -0.00523793
v -0.00265426 -0.00006986 -0.00536452
v -0.00265426 -0.00082789 -0.00529707
v -0.00344305 -0.00162704 -0.00504509
v -0.00401244 -0.00234460 -0.00443126
v -0.00432307 -0.00203111 -0.00424771
v -0.00321053 -0.00201762 -0.00497545
v -0.00344305 -0.00230028 -0.00477146
v -0.00341223 -0.00299921 -0.00436086
v -0.00387695 -0.00286881 -0.00427602
v -0.00394622 0.00279975 -0.00424771
v -0.00391144 0.00277277 -0.00430991
v -0.00346593 0.00150660 -0.00506815
v -0.00345800 0.00314472 -0.00424771
v -0.00346593 0.00217534 -0.00481595
v -0.00324898 0.00190360 -0.00498332
v -0.00265426 0.00144621 -0.00516162
v -0.00265426 0.00068818 -0.00531325
v -0.00194877 -0.00006986 -0.00515626
v -0.00196891 -0.00082789 -0.00512259
v -0.00195915 0.00068818 -0.00513068
v -0.00207541 -0.00158657 -0.00503711
v -0.00219868 -0.00201762 -0.00497545
v -0.00265426 -0.00158657 -0.00512609
v -0.00417660 -0.00234460 -0.00424771
v -0.00265426 -0.00204332 -0.00498911
v -0.00265426 -0.00242298 -0.00478185
v -0.00265426 -0.00305767 -0.00440262
v -0.00265426 -0.00329279 -0.00424771
v -0.00300029 -0.00323690 -0.00424771
v -0.00341223 -0.00316688 -0.00424771
v -0.00380006 -0.00295296 -0.00424771
v -0.00389282 -0.00288165 -0.00424771
v -0.00393096 -0.00281356 -0.00424771
v -0.00314584 0.00323787 -0.00424771
v -0.00334876 0.00300018 -0.00436818
v -0.00265426 0.00232116 -0.00482951
v -0.00265426 0.00194214 -0.00500092
v -0.00205161 0.00144621 -0.00505492
v -0.00218129 0.00190360 -0.00498332
v -0.00162288 -0.00082789 -0.00456911
v -0.00161312 0.00068818 -0.00456911
v -0.00160275 -0.00006986 -0.00456911
v -0.00172938 -0.00158657 -0.00456911
v -0.00170558 0.00144621 -0.00456911
v -0.00196281 -0.00230028 -0.00457840
v -0.00206168 -0.00294589 -0.00433178
v -0.00202750 -0.00298508 -0.00424771
v -0.00297069 0.00326613 -0.00424771
v -0.00265426 0.00296292 -0.00445553
v -0.00219746 0.00318455 -0.00424771
v -0.00194725 0.00217534 -0.00459742
v -0.00210257 0.00296292 -0.00432270
v -0.00160610 -0.00114909 -0.00424771
v -0.00167262 -0.00190777 -0.00424771
v -0.00160030 0.00068818 -0.00424771
v -0.00165370 0.00144621 -0.00424771
v -0.00159451 -0.00006986 -0.00424771
v -0.00159451 -0.00039106 -0.00424771
v -0.00192192 -0.00270242 -0.00424771
v -0.00178827 0.00218819 -0.00424771
v -0.00265426 0.00326999 -0.00424771
v -0.00204672 0.00296228 -0.00424771
f 53 54 55
f 53 55 56
f 53 56 60
f 53 60 62
f 53 62 69
f 53 69 78
f 53 78 87
f 53 87 106
f 53 106 115
f 53 115 114
f 53 114 113
f 53 113 112
f 53 112 111
f 53 111 110
f 53 110 129
f 53 129 141
f 53 141 136
f 53 136 135
f 53 135 140
f 53 140 139
f 53 139 137
f 53 137 138
f 53 138 142
f 53 142 144
f 53 144 132
f 53 132 143
f 53 143 130
f 53 130 116
f 53 116 95
f 53 95 92
f 53 92 79
f 53 79 70
f 53 70 63
f 53 63 57
f 53 57 58
f 53 58 54
f 54 58 59
f 54 59 55
f 55 60 56
f 55 59 61
f 55 61 62
f 55 62 60
f 57 63 64
f 57 64 58
f 58 64 65
f 58 65 59
f 59 65 66
f 59 66 67
f 59 67 61
f 61 67 68
f 61 68 69
f 61 69 62
f 63 70 64
f 64 70 71
f 64 71 72
f 64 72 65
f 65 72 73
f 65 73 66
f 66 73 74
f 66 74 67
f 67 74 75
f 67 75 68
f 68 76 69
f 68 75 77
f 68 77 76
f 69 76 78
f 70 79 80
f 70 80 71
f 71 80 81
f 71 81 72
f 72 81 82
f 72 82 73
f 73 82 74
f 74 82 83
f 74 83 75
f 75 83 84
f 75 84 85
f 75 85 77
f 76 77 86
f 76 86 87
f 76 87 78
f 77 85 88
f 77 88 89
f 77 89 90
f 77 90 91
f 77 91 86
f 79 92 93
f 79 93 80
f 80 93 81
f 81 94 82
f 81 93 95
f 81 95 96
f 81 96 97
f 81 97 94
f 82 94 98
f 82 98 99
f 82 99 83
f 83 100 101
f 83 101 84
f 83 99 102
f 83 102 100
f 84 101 103
f 84 103 104
f 84 104 105
f 84 105 85
f 85 105 88
f 86 91 106
f 86 106 87
f 88 105 107
f 88 107 108
f 88 108 109
f 88 109 90
f 88 90 89
f 90 109 110
f 90 110 111
f 90 111 112
f 90 112 91
f 91 113 114
f 91 114 115
f 91 115 106
f 91 112 113
f 92 95 93
f 94 97 98
f 95 116 117
f 95 117 96
f 96 117 118
f 96 118 97
f 97 118 119
f 97 119 98
f 98 120 99
f 98 119 121
f 98 121 120
f 99 120 102
f 100 122 101
f 100 102 123
f 100 123 124
f 100 124 122
f 101 122 125
f 101 125 103
f 102 120 126
f 102 126 123
f 103 125 127
f 103 127 104
f 104 127 128
f 104 128 109
f 104 109 108
f 104 108 107
f 104 107 105
f 109 128 110
f 110 128 129
f 116 130 117
f 117 130 131
f 117 131 118
f 118 121 119
f 118 131 132
f 118 132 121
f 120 121 133
f 120 133 126
f 121 132 134
f 121 134 133
f 122 135 136
f 122 136 125
f 122 124 135
f 123 137 124
f 123 126 138
f 123 138 137
f 124 137 139
f 124 139 140
f 124 140 135
f 125 136 141
f 125 141 127
f 126 133 142
f 126 142 138
f 127 141 129
f 127 129 128
f 130 143 131
f 131 143 132
f 132 144 134
f 133 134 144
f 133 144 142

o geometry_2
v -0.00390776 0.03101985 -0.00457529
v -0.00390776 0.03058406 -0.00461423
v 0.00000124 0.03101985 -0.00507172
v 0.00000124 0.03177873 -0.00508199
v 0.00000124 0.03253762 -0.00510470
v -0.00390776 0.03181442 -0.00468453
v -0.00390776 0.02512161 -0.00523827
v 0.00000124 0.03026097 -0.00516797
v 0.00000124 0.03316313 -0.00541619
v -0.00390776 0.03329838 -0.00530911
v -0.00390776 0.03253762 -0.00495437
v -0.00390776 0.02444538 -0.00532480
v -0.00390776 0.01509648 -0.00657451
v 0.00000124 0.01509648 -0.00782854
v 0.00000124 0.03327584 -0.00575254
v -0.00390776 0.03334158 -0.00543349
v -0.00390776 0.01438831 -0.00690383
v 0.00000124 0.01468510 -0.00794589
v 0.00000124 0.01489173 -0.00788695
v 0.00000124 0.03338666 -0.00608619
v -0.00390776 0.03352191 -0.00608619
v -0.00390776 0.01433196 -0.00760196
v 0.00000124 0.01468510 -0.00813029
v 0.00000124 0.03314059 -0.00668753
v -0.00390776 0.03346931 -0.00621111
v -0.00390776 0.01456864 -0.00826765
v -0.00341224 0.01456676 -0.00827684
v -0.00265386 0.01457615 -0.00827197
v 0.00000124 0.01477527 -0.00850937
v 0.00000124 0.03283816 -0.00686111
v -0.00390776 0.03324954 -0.00665130
v -0.00390776 0.01478278 -0.00864672
v -0.00341224 0.01476587 -0.00865592
v -0.00265386 0.01476587 -0.00865105
v 0.00000124 0.01507394 -0.00911881
v 0.00000124 0.01492366 -0.00881220
v 0.00000124 0.03253762 -0.00703308
v -0.00265386 0.03253762 -0.00703470
v -0.00390776 0.03300346 -0.00678378
v -0.00390776 0.01517913 -0.00906365
v -0.00316965 0.01544399 -0.00952709
v -0.00265386 0.01540642 -0.00956657
v -0.00189586 0.01506454 -0.00911881
v -0.00189586 0.01539139 -0.00959306
v 0.00000124 0.01539702 -0.00959577
v 0.00000124 0.03204171 -0.00718990
v -0.00341224 0.03253762 -0.00701739
v -0.00189586 0.03204359 -0.00719044
v -0.00265386 0.03203608 -0.00719098
v -0.00390776 0.03253762 -0.00696386
v -0.00390776 0.01585536 -0.00936486
v -0.00367167 0.01585536 -0.00946436
v -0.00329248 0.01585536 -0.00958387
v -0.00265386 0.01585536 -0.00974556
v -0.00189586 0.01585536 -0.00985371
v -0.00113748 0.01585536 -0.00990022
v -0.00037948 0.01585536 -0.00991482
v 0.00000124 0.01585536 -0.00991482
v -0.00113748 0.01539515 -0.00959523
v 0.00000124 0.03166415 -0.00730076
v -0.00265386 0.03165664 -0.00729156
v -0.00265386 0.03101985 -0.00745596
v -0.00341224 0.03191210 -0.00717584
v -0.00189586 0.03166415 -0.00730076
v -0.00189586 0.03101985 -0.00748245
v -0.00390776 0.03231972 -0.00701848
v -0.00390776 0.01661424 -0.00934269
v -0.00368545 0.01661424 -0.00945409
v -0.00330625 0.01661424 -0.00960712
v -0.00265386 0.01661424 -0.00982019
v -0.00189586 0.01661424 -0.00998025
v -0.00113748 0.01661424 -0.01006569
v -0.00037948 0.01661424 -0.01009814
v 0.00000124 0.01661424 -0.01009922
v 0.00000124 0.03101985 -0.00748191
v -0.00037948 0.03101985 -0.00748245
v -0.00113748 0.03101985 -0.00748299
v -0.00189586 0.03026097 -0.00768145
v -0.00152854 0.02912640 -0.00798212
v -0.00265386 0.03026097 -0.00764144
v -0.00265386 0.02950397 -0.00780908
v -0.00113748 0.03026097 -0.00768686
v -0.00380062 0.03141244 -0.00722613
v -0.00390776 0.03151951 -0.00717962
v -0.00390776 0.01696175 -0.00930862
v -0.00359247 0.01737312 -0.00941786
v -0.00321327 0.01737312 -0.00956819
v -0.00304606 0.01855465 -0.00950276
v -0.00265386 0.01737312 -0.00974286
v -0.00244648 0.01964789 -0.00954494
v -0.00189586 0.01737312 -0.00989968
v -0.00113748 0.01888901 -0.00982397
v -0.00037948 0.01813013 -0.00994510
v -0.00037948 0.01737312 -0.01002243
v 0.00000124 0.01737312 -0.01002514
v 0.00000124 0.03064041 -0.00758412
v -0.00182699 0.02878077 -0.00804377
v -0.00203361 0.02905878 -0.00796644
v -0.00113748 0.02950772 -0.00788370
v -0.00113748 0.02912828 -0.00798266
v -0.00113748 0.02874508 -0.00807730
v -0.00113748 0.02798620 -0.00825575
v -0.00189586 0.02798620 -0.00821681
v -0.00252683 0.02855348 -0.00802214
v -0.00272924 0.02878077 -0.00794427
v -0.00303267 0.02836564 -0.00798104
v 0.00000124 0.03026097 -0.00768578
v 0.00000124 0.02912828 -0.00798212
v -0.00390776 0.02923723 -0.00754843
v -0.00317233 0.02786035 -0.00802592
v -0.00341990 0.02806322 -0.00791182
v -0.00303497 0.02382174 -0.00874028
v -0.00312068 0.02343854 -0.00877380
v -0.00328253 0.02267966 -0.00883815
v -0.00390776 0.01737312 -0.00926374
v -0.00348571 0.01813013 -0.00937568
v -0.00334414 0.01884017 -0.00935296
v -0.00390776 0.01778638 -0.00921831
v -0.00390776 0.01964789 -0.00900417
v -0.00341224 0.01964789 -0.00923129
v -0.00295194 0.01905994 -0.00947518
v -0.00268103 0.01884017 -0.00957414
v -0.00265386 0.01813013 -0.00965958
v -0.00282567 0.01964789 -0.00944003
v -0.00233207 0.02013252 -0.00951357
v -0.00189586 0.01888901 -0.00973420
v -0.00189586 0.01964789 -0.00964552
v -0.00113748 0.01964789 -0.00973258
v -0.00037948 0.01888901 -0.00986291
v 0.00000124 0.01813013 -0.00994727
v 0.00000124 0.01775069 -0.00998674
v 0.00000124 0.02893668 -0.00803025
v -0.00037948 0.02874508 -0.00807784
v 0.00000124 0.02836564 -0.00817031
v -0.00037948 0.02798620 -0.00826116
v -0.00037948 0.02722920 -0.00843691
v -0.00037948 0.02647032 -0.00860562
v -0.00113748 0.02722920 -0.00842230
v -0.00113748 0.02647032 -0.00858345
v -0.00189586 0.02722920 -0.00837418
v -0.00272924 0.02806322 -0.00808919
v -0.00265386 0.02722920 -0.00825845
v -0.00213425 0.02522868 -0.00872135
v -0.00237301 0.02472338 -0.00876623
v -0.00265386 0.02343854 -0.00891386
v -0.00265386 0.02267966 -0.00904202
v -0.00390776 0.02850652 -0.00766415
v -0.00375623 0.02220442 -0.00872513
v -0.00265386 0.02192266 -0.00915937
v -0.00341224 0.02040489 -0.00912692
v -0.00341224 0.02116378 -0.00901498
v -0.00346696 0.02193956 -0.00887925
v -0.00390776 0.02026777 -0.00892522
v -0.00390776 0.02115814 -0.00880463
v -0.00390776 0.02119383 -0.00879976
v -0.00383620 0.02169725 -0.00876245
v -0.00265386 0.02116378 -0.00927131
v -0.00261254 0.02039362 -0.00939677
v -0.00211818 0.02063782 -0.00947626
v -0.00189586 0.02267966 -0.00920317
v -0.00187788 0.02039362 -0.00954548
v -0.00161310 0.02087450 -0.00951087
v -0.00113748 0.02040489 -0.00962713
v -0.00077819 0.02155637 -0.00950005
v -0.00037948 0.01964789 -0.00976881
v 0.00000124 0.01964789 -0.00976827
v 0.00000124 0.01888901 -0.00986183
v 0.00000124 0.01850769 -0.00990563
v 0.00000124 0.02874508 -0.00807784
v 0.00000124 0.02798620 -0.00826170
v 0.00000124 0.02760676 -0.00834984
v 0.00000124 0.02722920 -0.00843745
v 0.00000124 0.02647032 -0.00860562
v -0.00037948 0.02596502 -0.00871378
v -0.00037948 0.02558558 -0.00879165
v -0.00113748 0.02589364 -0.00870080
v -0.00113748 0.02551608 -0.00877651
v -0.00189586 0.02647032 -0.00852289
v -0.00188745 0.02568138 -0.00867052
v -0.00188745 0.02496758 -0.00880084
v -0.00189586 0.02419555 -0.00893982
v -0.00189586 0.02343854 -0.00907447
v -0.00390776 0.02175924 -0.00871486
v -0.00189586 0.02192266 -0.00931944
v -0.00113748 0.02267966 -0.00929078
v -0.00107358 0.02185316 -0.00942597
v -0.00128365 0.02137979 -0.00947410
v -0.00107358 0.02114123 -0.00952925
v -0.00113748 0.02343854 -0.00916207
v -0.00037948 0.02343854 -0.00919668
v -0.00037948 0.02267966 -0.00932484
v -0.00037948 0.02194896 -0.00944273
v -0.00037948 0.02156952 -0.00950168
v -0.00037948 0.02116378 -0.00956008
v -0.00037948 0.02040489 -0.00966661
v 0.00000124 0.02040489 -0.00966769
v 0.00000124 0.02621673 -0.00865970
v 0.00000124 0.02596502 -0.00871324
v 0.00000124 0.02577530 -0.00875271
v 0.00000124 0.02558558 -0.00879165
v -0.00037948 0.02495443 -0.00891819
v -0.00162917 0.02540713 -0.00875380
v -0.00113748 0.02495443 -0.00888574
v -0.00113748 0.02419555 -0.00902688
v -0.00037948 0.02419555 -0.00906203
v 0.00000124 0.02343854 -0.00919668
v 0.00000124 0.02381611 -0.00912963
v 0.00000124 0.02267966 -0.00932376
v 0.00000124 0.02194332 -0.00944165
v 0.00000124 0.02156388 -0.00950113
v 0.00000124 0.02136477 -0.00953142
v 0.00000124 0.02078434 -0.00961469
v 0.00000124 0.02495443 -0.00891819
v 0.00000124 0.02419555 -0.00906203
f 145 146 147
f 145 147 148
f 145 148 149
f 145 149 150
f 145 150 155
f 145 155 154
f 145 154 160
f 145 160 165
f 145 165 169
f 145 169 175
f 145 175 183
f 145 183 194
f 145 194 210
f 145 210 228
f 145 228 253
f 145 253 291
f 145 291 327
f 145 327 299
f 145 299 298
f 145 298 297
f 145 297 263
f 145 263 262
f 145 262 259
f 145 259 229
f 145 229 211
f 145 211 195
f 145 195 184
f 145 184 176
f 145 176 170
f 145 170 166
f 145 166 161
f 145 161 157
f 145 157 156
f 145 156 151
f 145 151 146
f 146 151 147
f 147 151 152
f 147 152 158
f 147 158 163
f 147 163 162
f 147 162 167
f 147 167 173
f 147 173 180
f 147 180 179
f 147 179 189
f 147 189 202
f 147 202 218
f 147 218 239
f 147 239 275
f 147 275 274
f 147 274 312
f 147 312 311
f 147 311 310
f 147 310 340
f 147 340 356
f 147 356 355
f 147 355 354
f 147 354 353
f 147 353 352
f 147 352 350
f 147 350 351
f 147 351 358
f 147 358 357
f 147 357 344
f 147 344 343
f 147 343 342
f 147 342 341
f 147 341 317
f 147 317 316
f 147 316 315
f 147 315 314
f 147 314 278
f 147 278 313
f 147 313 276
f 147 276 252
f 147 252 251
f 147 251 240
f 147 240 219
f 147 219 204
f 147 204 190
f 147 190 181
f 147 181 174
f 147 174 168
f 147 168 164
f 147 164 159
f 147 159 153
f 147 153 149
f 147 149 148
f 149 153 154
f 149 154 155
f 149 155 150
f 151 156 152
f 152 156 157
f 152 157 158
f 153 159 160
f 153 160 154
f 157 161 162
f 157 162 163
f 157 163 158
f 159 164 160
f 160 164 165
f 161 166 162
f 162 166 167
f 164 168 165
f 165 168 169
f 166 170 171
f 166 171 172
f 166 172 173
f 166 173 167
f 168 174 175
f 168 175 169
f 170 176 177
f 170 177 171
f 171 177 178
f 171 178 172
f 172 178 179
f 172 179 180
f 172 180 173
f 174 181 175
f 175 181 182
f 175 182 183
f 176 184 185
f 176 185 186
f 176 186 177
f 177 187 178
f 177 186 188
f 177 188 187
f 178 187 179
f 179 187 189
f 181 190 182
f 182 191 183
f 182 190 192
f 182 192 193
f 182 193 191
f 183 191 194
f 184 195 185
f 185 195 196
f 185 196 197
f 185 197 198
f 185 198 199
f 185 199 186
f 186 199 200
f 186 200 188
f 187 188 189
f 188 200 201
f 188 201 202
f 188 202 203
f 188 203 189
f 189 203 202
f 190 204 192
f 191 193 205
f 191 205 206
f 191 206 207
f 191 207 194
f 192 204 208
f 192 208 193
f 193 208 209
f 193 209 205
f 194 207 210
f 195 211 212
f 195 212 196
f 196 212 213
f 196 213 214
f 196 214 197
f 197 214 198
f 198 214 215
f 198 215 199
f 199 215 216
f 199 216 200
f 200 216 217
f 200 217 201
f 201 217 218
f 201 218 202
f 204 219 220
f 204 220 221
f 204 221 208
f 205 209 222
f 205 222 206
f 206 222 223
f 206 223 224
f 206 224 207
f 207 224 225
f 207 225 210
f 208 221 209
f 209 221 226
f 209 226 223
f 209 223 222
f 210 225 227
f 210 227 228
f 211 229 212
f 212 229 230
f 212 230 213
f 213 230 231
f 213 231 214
f 214 231 232
f 214 232 233
f 214 233 215
f 215 233 234
f 215 234 235
f 215 235 216
f 216 235 236
f 216 236 237
f 216 237 238
f 216 238 217
f 217 238 239
f 217 239 218
f 219 240 220
f 220 240 221
f 221 240 226
f 223 241 242
f 223 242 224
f 223 226 243
f 223 243 244
f 223 244 245
f 223 245 246
f 223 246 241
f 224 242 225
f 225 242 247
f 225 247 248
f 225 248 249
f 225 249 250
f 225 250 227
f 226 240 251
f 226 251 252
f 226 252 243
f 227 250 228
f 228 250 254
f 228 254 255
f 228 255 256
f 228 256 257
f 228 257 258
f 228 258 253
f 229 259 230
f 230 260 261
f 230 261 231
f 230 259 262
f 230 262 263
f 230 263 264
f 230 264 260
f 231 261 232
f 232 261 264
f 232 264 265
f 232 265 233
f 233 265 266
f 233 266 267
f 233 267 234
f 234 265 268
f 234 268 269
f 234 269 270
f 234 270 235
f 234 267 266
f 234 266 265
f 235 270 236
f 236 270 271
f 236 271 272
f 236 272 273
f 236 273 237
f 237 273 274
f 237 274 275
f 237 275 238
f 238 275 239
f 241 246 247
f 241 247 242
f 243 252 244
f 244 252 276
f 244 276 313
f 244 313 277
f 244 277 245
f 245 277 278
f 245 278 279
f 245 279 246
f 246 279 280
f 246 280 281
f 246 281 282
f 246 282 247
f 247 282 283
f 247 283 284
f 247 284 248
f 248 284 285
f 248 285 250
f 248 250 249
f 250 285 286
f 250 286 287
f 250 287 288
f 250 288 289
f 250 289 290
f 250 290 254
f 253 258 292
f 253 292 291
f 254 290 256
f 254 256 255
f 256 290 257
f 257 290 293
f 257 293 258
f 258 293 268
f 258 268 294
f 258 294 295
f 258 295 296
f 258 296 292
f 260 264 261
f 263 297 264
f 264 297 298
f 264 298 299
f 264 299 300
f 264 300 294
f 264 294 268
f 264 268 265
f 268 301 302
f 268 302 269
f 268 293 301
f 269 303 271
f 269 271 270
f 269 302 293
f 269 293 290
f 269 290 304
f 269 304 303
f 271 303 305
f 271 305 306
f 271 306 272
f 272 306 307
f 272 307 308
f 272 308 309
f 272 309 273
f 273 309 310
f 273 310 311
f 273 311 312
f 273 312 274
f 277 313 278
f 278 314 279
f 279 314 315
f 279 315 280
f 280 316 281
f 280 315 316
f 281 316 317
f 281 317 318
f 281 318 282
f 282 318 283
f 283 318 319
f 283 319 320
f 283 320 284
f 284 320 321
f 284 321 322
f 284 322 285
f 285 322 287
f 285 287 286
f 287 323 324
f 287 324 325
f 287 325 326
f 287 326 288
f 287 322 323
f 288 326 304
f 288 304 290
f 288 290 289
f 291 292 300
f 291 300 327
f 292 296 294
f 292 294 300
f 293 302 301
f 294 296 295
f 299 327 300
f 303 304 328
f 303 328 305
f 304 326 333
f 304 333 329
f 304 329 330
f 304 330 328
f 305 328 306
f 306 328 331
f 306 331 307
f 307 331 332
f 307 332 308
f 308 331 330
f 308 330 329
f 308 329 333
f 308 333 334
f 308 334 335
f 308 335 336
f 308 336 337
f 308 337 338
f 308 338 339
f 308 339 309
f 308 332 331
f 309 339 340
f 309 340 310
f 317 341 318
f 318 341 342
f 318 342 343
f 318 343 344
f 318 344 319
f 319 321 320
f 319 344 357
f 319 357 345
f 319 345 321
f 321 346 322
f 321 345 347
f 321 347 346
f 322 346 323
f 323 346 324
f 324 346 325
f 325 346 348
f 325 348 333
f 325 333 326
f 328 330 331
f 333 348 349
f 333 349 334
f 334 350 335
f 334 349 351
f 334 351 350
f 335 350 352
f 335 352 336
f 336 352 353
f 336 353 354
f 336 354 337
f 337 354 355
f 337 355 338
f 338 356 339
f 338 355 356
f 339 356 340
f 345 357 358
f 345 358 349
f 345 349 347
f 346 347 348
f 347 349 348
f 349 358 351

o geometry_3
v 0.00568697 0.03813502 -0.00496312
v 0.00587310 0.03806534 -0.00496312
v 0.00644555 0.03767611 -0.00506586
v 0.00568697 0.03781547 -0.00514157
v 0.00510813 0.03770735 -0.00508118
v 0.00505276 0.03776261 -0.00496312
v 0.00644555 0.03784911 -0.00496312
v 0.00681697 0.03758722 -0.00496312
v 0.00686808 0.03752235 -0.00497980
v 0.00644555 0.03708747 -0.00533803
v 0.00568697 0.03708747 -0.00549485
v 0.00341632 0.03253686 -0.00701657
v 0.00341632 0.03314713 -0.00668717
v 0.00341632 0.03314953 -0.00668582
v 0.00341632 0.03340902 -0.00608830
v 0.00494244 0.03745988 -0.00496312
v 0.00687915 0.03753196 -0.00496312
v 0.00689960 0.03749592 -0.00496312
v 0.00698776 0.03708747 -0.00507217
v 0.00645152 0.03635706 -0.00559083
v 0.00620277 0.03612401 -0.00575981
v 0.00568697 0.03662616 -0.00568095
v 0.00568697 0.03624654 -0.00580487
v 0.00568697 0.03556900 -0.00600990
v 0.00341632 0.03191217 -0.00717473
v 0.00341632 0.03317837 -0.00541103
v 0.00483127 0.03708747 -0.00496312
v 0.00710404 0.03708747 -0.00496312
v 0.00725610 0.03669824 -0.00496312
v 0.00739709 0.03632823 -0.00496312
v 0.00713386 0.03632823 -0.00520015
v 0.00673093 0.03556900 -0.00566518
v 0.00635185 0.03556900 -0.00583010
v 0.00568697 0.03481216 -0.00619690
v 0.00417108 0.03253686 -0.00693411
v 0.00380179 0.03141483 -0.00722610
v 0.00341632 0.03153255 -0.00725449
v 0.00341632 0.03254167 -0.00509020
v 0.00341632 0.03253686 -0.00508839
v 0.00341632 0.03168632 -0.00496312
v 0.00749974 0.03588855 -0.00496312
v 0.00752529 0.03577082 -0.00496312
v 0.00727101 0.03555939 -0.00522538
v 0.00681611 0.03508126 -0.00570213
v 0.00651626 0.03482177 -0.00586795
v 0.00563799 0.03404091 -0.00633794
v 0.00535304 0.03378143 -0.00648259
v 0.00341632 0.03026156 -0.00751269
v 0.00341632 0.03102079 -0.00735994
v 0.00341632 0.02949992 -0.00766004
v 0.00341632 0.03007415 -0.00496312
v 0.00758918 0.03530471 -0.00496312
v 0.00600429 0.01585530 -0.00791734
v 0.00562521 0.01585530 -0.00826432
v 0.00518096 0.01585530 -0.00864328
v 0.00513198 0.01661453 -0.00860768
v 0.00475290 0.01661453 -0.00887445
v 0.00469582 0.01737137 -0.00883660
v 0.00463406 0.01813060 -0.00879469
v 0.00458508 0.01871685 -0.00876224
v 0.00454121 0.01922381 -0.00873431
v 0.00424135 0.01893789 -0.00892582
v 0.00411357 0.01964667 -0.00891005
v 0.00401731 0.02040591 -0.00885777
v 0.00341632 0.01964427 -0.00922998
v 0.00341632 0.02040591 -0.00912544
v 0.00341632 0.02806554 -0.00791284
v 0.00341632 0.02874549 -0.00779658
v 0.00341632 0.02116514 -0.00901369
v 0.00341632 0.02214542 -0.00886769
v 0.00341632 0.02254666 -0.00880640
v 0.00341632 0.02268121 -0.00878477
v 0.00341632 0.02571335 -0.00553090
v 0.00511622 0.01433923 -0.00496312
v 0.00759472 0.03506684 -0.00496312
v 0.00698180 0.01509846 -0.00671511
v 0.00672582 0.01509846 -0.00709407
v 0.00633098 0.01585530 -0.00753838
v 0.00634674 0.01509846 -0.00753658
v 0.00597618 0.01509846 -0.00791599
v 0.00559710 0.01509846 -0.00819943
v 0.00473288 0.01529068 -0.00886003
v 0.00480188 0.01585530 -0.00890599
v 0.00417108 0.01661453 -0.00921060
v 0.00417108 0.01737137 -0.00913535
v 0.00417108 0.01813060 -0.00905199
v 0.00359266 0.01737137 -0.00941744
v 0.00348618 0.01813060 -0.00937598
v 0.00341632 0.01848139 -0.00936471
v 0.00341632 0.01509846 -0.00691833
v 0.00341632 0.01458430 -0.00709002
v 0.00523122 0.01389234 -0.00496312
v 0.00759813 0.03481216 -0.00496312
v 0.00759727 0.03481216 -0.00496673
v 0.00732723 0.01509846 -0.00608605
v 0.00693495 0.01454345 -0.00664256
v 0.00625559 0.01454826 -0.00742032
v 0.00547187 0.01463956 -0.00807236
v 0.00417108 0.01517295 -0.00900152
v 0.00367657 0.01585530 -0.00946655
v 0.00417108 0.01585530 -0.00925386
v 0.00368722 0.01661453 -0.00945484
v 0.00341632 0.01737137 -0.00948773
v 0.00341632 0.01661453 -0.00956434
v 0.00341632 0.01819788 -0.00939626
v 0.00341632 0.01457949 -0.00709227
v 0.00452247 0.01394520 -0.00642221
v 0.00542672 0.01378662 -0.00496312
v 0.00776722 0.01509846 -0.00496312
v 0.00768587 0.01509846 -0.00523755
v 0.00754957 0.01509846 -0.00561651
v 0.00746822 0.01433923 -0.00548719
v 0.00758450 0.01396201 -0.00496312
v 0.00694176 0.01388993 -0.00585939
v 0.00666704 0.01403650 -0.00636498
v 0.00570954 0.01444735 -0.00764472
v 0.00568697 0.01405812 -0.00697511
v 0.00492923 0.01458670 -0.00818276
v 0.00417108 0.01479333 -0.00864058
v 0.00341632 0.01519697 -0.00918717
v 0.00341632 0.01585530 -0.00954721
v 0.00341632 0.01639109 -0.00956659
v 0.00341632 0.01443053 -0.00759831
v 0.00452247 0.01394520 -0.00652855
v 0.00605157 0.01361844 -0.00496312
v 0.00568697 0.01370493 -0.00496312
v 0.00773741 0.01478612 -0.00496312
v 0.00768587 0.01433923 -0.00496312
v 0.00763944 0.01433923 -0.00510777
v 0.00758876 0.01397643 -0.00496312
v 0.00757683 0.01395481 -0.00496312
v 0.00719818 0.01384188 -0.00525647
v 0.00720073 0.01376500 -0.00496312
v 0.00680973 0.01365928 -0.00496312
v 0.00644555 0.01365928 -0.00532767
v 0.00642681 0.01385149 -0.00610182
v 0.00616146 0.01393318 -0.00654162
v 0.00568697 0.01391636 -0.00659570
v 0.00492923 0.01403409 -0.00696520
v 0.00492923 0.01428397 -0.00760191
v 0.00417108 0.01457229 -0.00826116
v 0.00341632 0.01476690 -0.00865365
v 0.00341632 0.01493989 -0.00886859
v 0.00341632 0.01443053 -0.00760191
v 0.00492923 0.01392597 -0.00658578
v 0.00568697 0.01378902 -0.00608605
v 0.00341632 0.01456748 -0.00827423
v 0.00417108 0.01428637 -0.00760191
v 0.00644555 0.01358960 -0.00496312
v 0.00739410 0.01385870 -0.00496312
f 359 360 361
f 359 361 362
f 359 362 363
f 359 363 364
f 359 364 374
f 359 374 385
f 359 385 398
f 359 398 409
f 359 409 432
f 359 432 450
f 359 450 466
f 359 466 484
f 359 484 483
f 359 483 507
f 359 507 492
f 359 492 491
f 359 491 508
f 359 508 489
f 359 489 471
f 359 471 488
f 359 488 486
f 359 486 485
f 359 485 467
f 359 467 451
f 359 451 433
f 359 433 410
f 359 410 400
f 359 400 399
f 359 399 388
f 359 388 387
f 359 387 386
f 359 386 376
f 359 376 375
f 359 375 366
f 359 366 365
f 359 365 360
f 360 365 361
f 361 365 366
f 361 366 367
f 361 367 368
f 361 368 369
f 361 369 362
f 362 369 363
f 363 369 370
f 363 370 371
f 363 371 372
f 363 372 364
f 364 372 373
f 364 373 374
f 366 375 367
f 367 376 377
f 367 377 378
f 367 378 368
f 367 375 376
f 368 378 379
f 368 379 380
f 368 380 369
f 369 380 370
f 370 380 381
f 370 381 382
f 370 382 383
f 370 383 395
f 370 395 407
f 370 407 406
f 370 406 408
f 370 408 426
f 370 426 425
f 370 425 430
f 370 430 429
f 370 429 428
f 370 428 427
f 370 427 424
f 370 424 423
f 370 423 447
f 370 447 463
f 370 463 461
f 370 461 462
f 370 462 480
f 370 480 479
f 370 479 478
f 370 478 501
f 370 501 500
f 370 500 505
f 370 505 502
f 370 502 481
f 370 481 464
f 370 464 449
f 370 449 448
f 370 448 431
f 370 431 409
f 370 409 398
f 370 398 397
f 370 397 396
f 370 396 384
f 370 384 373
f 370 373 372
f 370 372 371
f 373 384 374
f 374 384 385
f 376 386 377
f 377 386 387
f 377 387 388
f 377 388 389
f 377 389 390
f 377 390 378
f 378 390 379
f 379 381 380
f 379 390 391
f 379 391 392
f 379 392 382
f 379 382 381
f 382 392 393
f 382 393 383
f 383 393 394
f 383 394 395
f 384 396 385
f 385 396 397
f 385 397 398
f 388 399 389
f 389 399 400
f 389 400 401
f 389 401 402
f 389 402 390
f 390 402 391
f 391 402 403
f 391 403 404
f 391 404 392
f 392 404 405
f 392 405 393
f 393 405 394
f 394 406 407
f 394 407 395
f 394 405 408
f 394 408 406
f 400 410 401
f 401 410 402
f 402 410 411
f 402 411 412
f 402 412 413
f 402 413 414
f 402 414 415
f 402 415 416
f 402 416 417
f 402 417 418
f 402 418 419
f 402 419 420
f 402 420 421
f 402 421 422
f 402 422 423
f 402 423 403
f 403 423 404
f 404 423 424
f 404 424 405
f 405 425 426
f 405 426 408
f 405 424 427
f 405 427 428
f 405 428 429
f 405 429 430
f 405 430 425
f 409 431 432
f 410 433 434
f 410 434 435
f 410 435 436
f 410 436 411
f 411 436 437
f 411 437 438
f 411 438 412
f 412 438 413
f 413 438 439
f 413 439 440
f 413 440 441
f 413 441 415
f 413 415 414
f 415 442 416
f 415 441 442
f 416 442 443
f 416 443 417
f 417 443 418
f 418 443 419
f 419 443 444
f 419 444 420
f 420 444 421
f 421 444 445
f 421 445 423
f 421 423 422
f 423 445 446
f 423 446 447
f 431 448 432
f 432 448 449
f 432 449 450
f 433 451 452
f 433 452 434
f 434 453 454
f 434 454 435
f 434 452 453
f 435 454 437
f 435 437 436
f 437 454 455
f 437 455 438
f 438 455 456
f 438 456 439
f 439 456 440
f 440 456 457
f 440 457 458
f 440 458 459
f 440 459 441
f 441 459 442
f 442 460 443
f 442 459 460
f 443 460 444
f 444 460 445
f 445 461 446
f 445 460 462
f 445 462 461
f 446 461 463
f 446 463 447
f 449 464 450
f 450 465 466
f 450 464 465
f 451 467 452
f 452 467 468
f 452 468 469
f 452 469 453
f 453 469 470
f 453 470 454
f 454 470 471
f 454 471 472
f 454 472 473
f 454 473 455
f 455 473 474
f 455 474 456
f 456 474 475
f 456 475 476
f 456 476 477
f 456 477 457
f 457 478 479
f 457 479 458
f 457 477 478
f 458 480 460
f 458 460 459
f 458 479 480
f 460 480 462
f 464 481 465
f 465 482 483
f 465 483 484
f 465 484 466
f 465 481 502
f 465 502 482
f 467 485 468
f 468 485 486
f 468 486 487
f 468 487 469
f 469 487 470
f 470 487 471
f 471 487 488
f 471 489 472
f 472 489 490
f 472 490 491
f 472 491 492
f 472 492 493
f 472 493 494
f 472 494 495
f 472 495 473
f 473 495 474
f 474 495 475
f 475 495 496
f 475 496 497
f 475 497 498
f 475 498 476
f 476 499 477
f 476 498 499
f 477 499 500
f 477 500 501
f 477 501 478
f 482 503 504
f 482 504 483
f 482 502 505
f 482 505 506
f 482 506 497
f 482 497 503
f 483 504 507
f 486 488 487
f 489 508 490
f 490 508 491
f 492 507 493
f 493 507 504
f 493 504 495
f 493 495 494
f 495 504 496
f 496 503 497
f 496 504 503
f 497 506 498
f 498 505 499
f 498 506 505
f 499 505 500

o geometry_4
v -0.00568843 0.03904706 -0.00424821
v -0.00610535 0.03898432 -0.00424821
v -0.00522133 0.03900942 -0.00424821
v -0.00568764 0.03860289 -0.00460486
v -0.00617529 0.03896174 -0.00424821
v -0.00568764 0.03818633 -0.00492545
v -0.00497474 0.03860289 -0.00424821
v -0.00507156 0.03860289 -0.00440800
v -0.00510594 0.03770201 -0.00508674
v -0.00644560 0.03804329 -0.00483979
v -0.00641280 0.03862297 -0.00442453
v -0.00653846 0.03876600 -0.00424821
v -0.00568764 0.03780740 -0.00514434
v -0.00644560 0.03766437 -0.00505969
v -0.00475107 0.03788018 -0.00424821
v -0.00390776 0.03325029 -0.00665109
v -0.00517114 0.03616875 -0.00578451
v -0.00568764 0.03708720 -0.00549749
v -0.00390776 0.03300437 -0.00678383
v -0.00697355 0.03838206 -0.00431834
v -0.00685935 0.03751129 -0.00497403
v -0.00701031 0.03841468 -0.00424821
v -0.00644560 0.03708720 -0.00533369
v -0.00460051 0.03708720 -0.00424821
v -0.00390776 0.03352131 -0.00608606
v -0.00390776 0.03346861 -0.00621129
v -0.00568764 0.03662546 -0.00568082
v -0.00390776 0.03253761 -0.00696316
v -0.00716917 0.03777227 -0.00452422
v -0.00734937 0.03792284 -0.00424821
v -0.00698343 0.03708720 -0.00506971
v -0.00736241 0.03708720 -0.00471657
v -0.00620256 0.03612358 -0.00575947
v -0.00645152 0.03635696 -0.00559216
v -0.00426500 0.03179733 -0.00424821
v -0.00390776 0.03101941 -0.00457531
v -0.00390776 0.03181490 -0.00468451
v -0.00390776 0.03253761 -0.00495450
v -0.00390776 0.03329797 -0.00530914
v -0.00390776 0.03334063 -0.00543337
v -0.00568764 0.03624654 -0.00580505
v -0.00390776 0.03231930 -0.00701826
v -0.00568764 0.03556900 -0.00600892
v -0.00759636 0.03750627 -0.00424821
v -0.00757423 0.03754392 -0.00424821
v -0.00673091 0.03556900 -0.00566479
v -0.00713597 0.03632684 -0.00520195
v -0.00751495 0.03632684 -0.00486283
v -0.00568764 0.03481115 -0.00619576
v -0.00635154 0.03556900 -0.00583009
v -0.00425393 0.03101941 -0.00424821
v -0.00390776 0.03058528 -0.00461438
v -0.00526164 0.01415107 -0.00424821
v -0.00417095 0.03253761 -0.00693461
v -0.00390776 0.03151879 -0.00717905
v -0.00762086 0.03743601 -0.00424821
v -0.00767223 0.03708720 -0.00433737
v -0.00681588 0.03507464 -0.00570186
v -0.00727073 0.03556147 -0.00522549
v -0.00756830 0.03580739 -0.00492545
v -0.00773348 0.03632684 -0.00448364
v -0.00535174 0.03377978 -0.00648228
v -0.00563785 0.03404076 -0.00633802
v -0.00651594 0.03481868 -0.00586766
v -0.00390776 0.02512227 -0.00523852
v -0.00528654 0.01390765 -0.00424821
v -0.00390776 0.01509712 -0.00657445
v -0.00390776 0.02444723 -0.00532467
v -0.00390776 0.02923772 -0.00754873
v -0.00767539 0.03720514 -0.00424821
v -0.00759240 0.03530049 -0.00496051
v -0.00390776 0.02026904 -0.00892523
v -0.00401722 0.02040706 -0.00885761
v -0.00411364 0.01964670 -0.00891021
v -0.00424168 0.01893905 -0.00892573
v -0.00454162 0.01922512 -0.00873439
v -0.00458549 0.01871822 -0.00876244
v -0.00463410 0.01813101 -0.00879500
v -0.00469614 0.01737317 -0.00883657
v -0.00475304 0.01661532 -0.00887514
v -0.00513202 0.01661532 -0.00860715
v -0.00518102 0.01585497 -0.00864222
v -0.00562402 0.01585497 -0.00826303
v -0.00600260 0.01585497 -0.00791639
v -0.00773348 0.03632684 -0.00424821
v -0.00772637 0.03655520 -0.00424821
v -0.00770384 0.03556147 -0.00463141
v -0.00773190 0.03481115 -0.00456930
v -0.00794451 0.01509712 -0.00424821
v -0.00390776 0.02850497 -0.00766393
v -0.00390776 0.02175964 -0.00871535
v -0.00390776 0.02119502 -0.00879950
v -0.00391210 0.02116491 -0.00880201
v -0.00390776 0.02040706 -0.00890670
v -0.00567342 0.01361405 -0.00424821
v -0.00452305 0.01394529 -0.00642367
v -0.00390776 0.01438946 -0.00690305
v -0.00759715 0.03481115 -0.00496652
v -0.00633099 0.01585497 -0.00753720
v -0.00672696 0.01509712 -0.00709139
v -0.00697790 0.01509712 -0.00671270
v -0.00732408 0.01509712 -0.00608606
v -0.00390776 0.01964670 -0.00900438
v -0.00390776 0.01778471 -0.00921827
v -0.00417095 0.01813101 -0.00905196
v -0.00417095 0.01737317 -0.00913562
v -0.00417095 0.01661532 -0.00921075
v -0.00480165 0.01585497 -0.00890770
v -0.00473289 0.01529035 -0.00886162
v -0.00559517 0.01509712 -0.00819741
v -0.00597375 0.01509712 -0.00791639
v -0.00634799 0.01509712 -0.00753720
v -0.00768685 0.01509712 -0.00523952
v -0.00788484 0.01509712 -0.00456930
v -0.00789432 0.01433927 -0.00424821
v -0.00644560 0.01341079 -0.00424821
v -0.00452305 0.01394529 -0.00652686
v -0.00390776 0.01433426 -0.00760182
v -0.00755012 0.01509712 -0.00561871
v -0.00693285 0.01454003 -0.00664107
v -0.00747148 0.01433927 -0.00548847
v -0.00390776 0.01737317 -0.00926385
v -0.00390776 0.01696162 -0.00930843
v -0.00390776 0.01661532 -0.00934249
v -0.00417095 0.01585497 -0.00925383
v -0.00390776 0.01585497 -0.00936453
v -0.00417095 0.01517240 -0.00900137
v -0.00546990 0.01464291 -0.00807017
v -0.00625709 0.01454254 -0.00742199
v -0.00763943 0.01433927 -0.00510928
v -0.00781173 0.01433927 -0.00456930
v -0.00758608 0.01395784 -0.00495600
v -0.00780541 0.01407578 -0.00424821
v -0.00720394 0.01352371 -0.00424821
v -0.00644560 0.01365420 -0.00532768
v -0.00568764 0.01378218 -0.00608606
v -0.00417095 0.01428156 -0.00760182
v -0.00492929 0.01392522 -0.00658447
v -0.00390776 0.01456763 -0.00826753
v -0.00668152 0.01403563 -0.00637208
v -0.00694589 0.01388507 -0.00586666
v -0.00390776 0.01517742 -0.00906348
v -0.00417095 0.01479348 -0.00864222
v -0.00492929 0.01458771 -0.00818138
v -0.00570859 0.01444718 -0.00764590
v -0.00617569 0.01393024 -0.00655491
v -0.00769001 0.01377214 -0.00424821
v -0.00765682 0.01388005 -0.00456930
v -0.00744224 0.01364165 -0.00424821
v -0.00643532 0.01384492 -0.00610610
v -0.00568764 0.01391267 -0.00660551
v -0.00492929 0.01403563 -0.00696316
v -0.00492929 0.01428407 -0.00760182
v -0.00417095 0.01457014 -0.00826303
v -0.00390776 0.01478344 -0.00864673
v -0.00568764 0.01405571 -0.00698420
f 509 510 513
f 509 513 520
f 509 520 530
f 509 530 538
f 509 538 553
f 509 553 552
f 509 552 564
f 509 564 578
f 509 578 594
f 509 594 593
f 509 593 597
f 509 597 623
f 509 623 641
f 509 641 655
f 509 655 657
f 509 657 642
f 509 642 624
f 509 624 603
f 509 603 574
f 509 574 561
f 509 561 559
f 509 559 543
f 509 543 532
f 509 532 523
f 509 523 515
f 509 515 511
f 509 511 512
f 509 512 510
f 510 512 514
f 510 514 513
f 511 515 516
f 511 516 517
f 511 517 514
f 511 514 512
f 513 514 518
f 513 518 519
f 513 519 520
f 514 517 521
f 514 521 522
f 514 522 518
f 515 523 524
f 515 524 516
f 516 524 517
f 517 525 526
f 517 526 521
f 517 524 527
f 517 527 525
f 518 528 519
f 518 522 529
f 518 529 528
f 519 528 520
f 520 528 530
f 521 526 522
f 522 526 531
f 522 531 529
f 523 532 533
f 523 533 534
f 523 534 524
f 524 534 533
f 524 533 548
f 524 548 547
f 524 547 546
f 524 546 545
f 524 545 544
f 524 544 560
f 524 560 573
f 524 573 576
f 524 576 575
f 524 575 605
f 524 605 626
f 524 626 647
f 524 647 663
f 524 663 650
f 524 650 634
f 524 634 632
f 524 632 631
f 524 631 630
f 524 630 612
f 524 612 611
f 524 611 580
f 524 580 602
f 524 602 600
f 524 600 599
f 524 599 598
f 524 598 577
f 524 577 563
f 524 563 550
f 524 550 536
f 524 536 527
f 525 535 526
f 525 527 536
f 525 536 535
f 526 535 531
f 528 529 537
f 528 537 538
f 528 538 530
f 529 531 539
f 529 539 540
f 529 540 537
f 531 535 541
f 531 541 542
f 531 542 539
f 532 543 544
f 532 544 545
f 532 545 546
f 532 546 547
f 532 547 548
f 532 548 533
f 535 536 549
f 535 549 541
f 536 550 551
f 536 551 549
f 537 540 552
f 537 552 553
f 537 553 538
f 539 542 554
f 539 554 555
f 539 555 556
f 539 556 540
f 540 556 552
f 541 549 551
f 541 551 557
f 541 557 558
f 541 558 554
f 541 554 542
f 543 559 544
f 544 559 561
f 544 561 560
f 550 562 551
f 550 563 562
f 551 562 557
f 552 556 565
f 552 565 564
f 554 558 566
f 554 566 555
f 555 566 567
f 555 567 568
f 555 568 556
f 556 568 569
f 556 569 565
f 557 562 570
f 557 570 571
f 557 571 558
f 558 571 572
f 558 572 566
f 560 561 573
f 561 574 575
f 561 575 576
f 561 576 573
f 562 563 570
f 563 577 570
f 564 565 578
f 565 569 578
f 566 579 568
f 566 568 567
f 566 572 580
f 566 580 581
f 566 581 582
f 566 582 583
f 566 583 584
f 566 584 585
f 566 585 586
f 566 586 587
f 566 587 588
f 566 588 589
f 566 589 590
f 566 590 591
f 566 591 592
f 566 592 579
f 568 579 569
f 569 593 594
f 569 594 578
f 569 579 595
f 569 595 596
f 569 596 597
f 569 597 593
f 570 577 598
f 570 598 599
f 570 599 600
f 570 600 571
f 571 600 601
f 571 601 602
f 571 602 572
f 572 602 580
f 574 603 604
f 574 604 605
f 574 605 575
f 579 606 595
f 579 592 607
f 579 607 608
f 579 608 609
f 579 609 610
f 579 610 606
f 580 611 582
f 580 582 581
f 582 611 612
f 582 612 613
f 582 613 583
f 583 613 614
f 583 614 584
f 584 614 585
f 585 614 586
f 586 614 587
f 587 614 615
f 587 615 588
f 588 615 616
f 588 616 590
f 588 590 589
f 590 616 617
f 590 617 618
f 590 618 619
f 590 619 591
f 591 619 592
f 592 619 620
f 592 620 607
f 595 606 596
f 596 606 621
f 596 621 622
f 596 622 597
f 597 622 623
f 600 602 601
f 603 624 625
f 603 625 604
f 604 625 626
f 604 626 605
f 606 610 627
f 606 627 621
f 607 620 608
f 608 620 628
f 608 628 609
f 609 628 610
f 610 628 629
f 610 629 627
f 612 630 613
f 613 630 614
f 614 630 631
f 614 631 615
f 615 631 632
f 615 632 633
f 615 633 616
f 616 633 617
f 617 634 635
f 617 635 636
f 617 636 618
f 617 633 634
f 618 636 619
f 619 636 637
f 619 637 620
f 620 637 628
f 621 627 638
f 621 638 639
f 621 639 622
f 622 639 623
f 623 639 640
f 623 640 641
f 624 642 643
f 624 643 644
f 624 644 625
f 625 645 626
f 625 644 646
f 625 646 645
f 626 645 647
f 627 629 638
f 628 637 648
f 628 648 649
f 628 649 640
f 628 640 629
f 629 640 638
f 632 634 633
f 634 650 635
f 635 650 651
f 635 651 636
f 636 651 652
f 636 652 653
f 636 653 637
f 637 653 654
f 637 654 648
f 638 640 639
f 640 649 655
f 640 655 656
f 640 656 641
f 641 656 655
f 642 657 649
f 642 649 658
f 642 658 643
f 643 658 654
f 643 654 644
f 644 659 646
f 644 654 659
f 645 646 660
f 645 660 661
f 645 661 647
f 646 659 660
f 647 662 663
f 647 661 662
f 648 654 649
f 649 654 658
f 649 657 655
f 650 663 651
f 651 663 662
f 651 662 652
f 652 662 661
f 652 661 664
f 652 664 653
f 653 664 654
f 654 664 659
f 659 664 660
f 660 664 661

o geometry_5
v 0.00341590 0.03168670 -0.00496312
v 0.00341590 0.03253583 -0.00508835
v 0.00000124 0.03253583 -0.00510444
v 0.00000124 0.03177775 -0.00508181
v 0.00318894 0.03110327 -0.00496312
v 0.00341590 0.03007576 -0.00496312
v 0.00341590 0.03254141 -0.00508986
v 0.00000124 0.03316200 -0.00541626
v 0.00000124 0.03140056 -0.00507678
v 0.00000124 0.03101966 -0.00507175
v 0.00316287 0.03101966 -0.00496312
v 0.00333935 0.03026157 -0.00496312
v 0.00000124 0.03026157 -0.00516832
v 0.00341590 0.02571119 -0.00553092
v 0.00341590 0.03317686 -0.00541072
v 0.00341590 0.03317872 -0.00541525
v 0.00341222 0.03341098 -0.00608615
v 0.00000124 0.03327534 -0.00575221
v 0.00328721 0.03046967 -0.00496312
v 0.00000124 0.01509797 -0.00782877
v 0.00341590 0.01509797 -0.00691848
v 0.00341590 0.03340912 -0.00608816
v 0.00000124 0.03338682 -0.00608615
v 0.00341590 0.03314899 -0.00668613
v 0.00341222 0.03314899 -0.00668613
v 0.00000124 0.03313970 -0.00668764
v 0.00000124 0.01468362 -0.00794595
v 0.00341590 0.01458515 -0.00708998
v 0.00341590 0.03314713 -0.00668714
v 0.00265382 0.03253583 -0.00703415
v 0.00000124 0.03283684 -0.00686115
v 0.00113767 0.03253583 -0.00703415
v 0.00037927 0.03253583 -0.00703365
v 0.00000124 0.01468362 -0.00813002
v 0.00341590 0.01442907 -0.00759843
v 0.00341590 0.01457957 -0.00709249
v 0.00341590 0.03253583 -0.00701655
v 0.00341222 0.03253583 -0.00701705
v 0.00265382 0.03203416 -0.00719106
v 0.00189574 0.03204530 -0.00719106
v 0.00000124 0.03253583 -0.00703315
v 0.00113767 0.03204530 -0.00719056
v 0.00265382 0.01457586 -0.00826882
v 0.00000124 0.01477467 -0.00850922
v 0.00341222 0.01456657 -0.00827435
v 0.00341590 0.01456657 -0.00827435
v 0.00341590 0.03253211 -0.00701756
v 0.00341222 0.03191153 -0.00717497
v 0.00265382 0.03101966 -0.00745610
v 0.00265382 0.03165511 -0.00729114
v 0.00189574 0.03101966 -0.00748175
v 0.00189574 0.03166626 -0.00730020
v 0.00113767 0.03166626 -0.00730020
v 0.00037927 0.03166441 -0.00730070
v 0.00037927 0.03204345 -0.00719006
v 0.00000124 0.03228871 -0.00711160
v 0.00000124 0.01492331 -0.00881248
v 0.00000124 0.01507382 -0.00911876
v 0.00265382 0.01476909 -0.00864803
v 0.00341222 0.01476724 -0.00865356
v 0.00341590 0.01476724 -0.00865356
v 0.00341590 0.03190781 -0.00717547
v 0.00265382 0.03026157 -0.00764118
v 0.00189574 0.02950349 -0.00786649
v 0.00189574 0.03026157 -0.00768041
v 0.00113767 0.03026157 -0.00768594
v 0.00000124 0.03064062 -0.00758435
v 0.00037927 0.03101966 -0.00748225
v 0.00000124 0.03101966 -0.00748225
v 0.00000124 0.03166255 -0.00730070
v 0.00000124 0.03134110 -0.00739173
v 0.00000124 0.03204159 -0.00718955
v 0.00000124 0.03185207 -0.00724538
v 0.00189574 0.01506824 -0.00911876
v 0.00000124 0.01539712 -0.00959603
v 0.00341590 0.01494004 -0.00886881
v 0.00189574 0.01539154 -0.00959352
v 0.00265382 0.01540827 -0.00956636
v 0.00341590 0.03153248 -0.00725443
v 0.00265382 0.02950349 -0.00780815
v 0.00189574 0.02798731 -0.00821702
v 0.00189574 0.02869151 -0.00805961
v 0.00138669 0.02912444 -0.00798115
v 0.00113533 0.02942730 -0.00790370
v 0.00000124 0.02912816 -0.00798216
v 0.00000124 0.02950720 -0.00788308
v 0.00000124 0.03026157 -0.00768544
v 0.00000124 0.01562566 -0.00975495
v 0.00341590 0.01519087 -0.00917961
v 0.00000124 0.01585606 -0.00991488
v 0.00037927 0.01585606 -0.00991488
v 0.00113767 0.01585606 -0.00990130
v 0.00189574 0.01585606 -0.00985705
v 0.00317357 0.01544357 -0.00952663
v 0.00341590 0.03101966 -0.00736055
v 0.00303218 0.02836450 -0.00798115
v 0.00252680 0.02854844 -0.00802239
v 0.00113767 0.02798731 -0.00825675
v 0.00189574 0.02722922 -0.00837393
v 0.00113767 0.02646928 -0.00858315
v 0.00113767 0.02722922 -0.00842272
v 0.00113533 0.02881972 -0.00805810
v 0.00037927 0.02874540 -0.00807771
v 0.00000124 0.02874540 -0.00807771
v 0.00341590 0.01519831 -0.00918716
v 0.00000124 0.01661414 -0.01009945
v 0.00037927 0.01661414 -0.01010046
v 0.00113767 0.01661414 -0.01007079
v 0.00189574 0.01661414 -0.00998479
v 0.00265382 0.01585606 -0.00974741
v 0.00329691 0.01585606 -0.00958396
v 0.00341590 0.01585606 -0.00954674
v 0.00341590 0.03025971 -0.00751344
v 0.00341222 0.03026157 -0.00751394
v 0.00237338 0.02472456 -0.00876621
v 0.00213273 0.02522996 -0.00872145
v 0.00272936 0.02806163 -0.00808878
v 0.00341222 0.02950349 -0.00766029
v 0.00341590 0.02950349 -0.00765928
v 0.00341590 0.02874540 -0.00779658
v 0.00317190 0.02785910 -0.00802541
v 0.00265382 0.02268070 -0.00904181
v 0.00265382 0.02343879 -0.00891357
v 0.00037927 0.02646928 -0.00860578
v 0.00037927 0.02722922 -0.00843730
v 0.00037927 0.02798731 -0.00826178
v 0.00189574 0.02646928 -0.00852280
v 0.00113767 0.02551238 -0.00877577
v 0.00113767 0.02589142 -0.00870033
v 0.00037927 0.02558484 -0.00879136
v 0.00037927 0.02596389 -0.00871340
v 0.00000124 0.02836450 -0.00817025
v 0.00000124 0.01737223 -0.01002502
v 0.00037927 0.01737223 -0.01002754
v 0.00113767 0.01737223 -0.00999183
v 0.00189574 0.01737223 -0.00990181
v 0.00244692 0.01964649 -0.00954473
v 0.00265382 0.01737223 -0.00974288
v 0.00265382 0.01661414 -0.00982235
v 0.00341590 0.01639118 -0.00956636
v 0.00189574 0.02268070 -0.00920074
v 0.00189574 0.02343879 -0.00907350
v 0.00189574 0.02419502 -0.00893871
v 0.00188605 0.02496797 -0.00880041
v 0.00188605 0.02567960 -0.00867066
v 0.00341590 0.02805978 -0.00791376
v 0.00303486 0.02382155 -0.00874006
v 0.00312042 0.02343879 -0.00877376
v 0.00265382 0.02192261 -0.00915950
v 0.00233227 0.02013145 -0.00951355
v 0.00000124 0.02684832 -0.00852179
v 0.00000124 0.02596574 -0.00871340
v 0.00000124 0.02646928 -0.00860578
v 0.00000124 0.02722922 -0.00843730
v 0.00000124 0.02798731 -0.00826178
v 0.00162735 0.02540461 -0.00875314
v 0.00113767 0.02495310 -0.00888490
v 0.00037927 0.02495310 -0.00891809
v 0.00000124 0.02558484 -0.00879186
v 0.00000124 0.01774942 -0.00998680
v 0.00037927 0.01813032 -0.00994858
v 0.00113767 0.01813032 -0.00990734
v 0.00189574 0.01888841 -0.00973132
v 0.00282595 0.01964649 -0.00943962
v 0.00295196 0.01906121 -0.00947483
v 0.00268122 0.01884010 -0.00957390
v 0.00265382 0.01813032 -0.00965940
v 0.00304622 0.01855581 -0.00950299
v 0.00330794 0.01661414 -0.00960760
v 0.00321334 0.01737223 -0.00956787
v 0.00341590 0.01661414 -0.00956435
v 0.00189574 0.02192261 -0.00931641
v 0.00161464 0.02087281 -0.00951104
v 0.00126402 0.02137820 -0.00947332
v 0.00113767 0.02268070 -0.00928623
v 0.00113767 0.02343879 -0.00916100
v 0.00211969 0.02063869 -0.00947634
v 0.00341590 0.02268070 -0.00878482
v 0.00328253 0.02268070 -0.00883813
v 0.00265382 0.02116453 -0.00927165
v 0.00189574 0.01964649 -0.00964481
v 0.00187836 0.02039343 -0.00954674
v 0.00261270 0.02039343 -0.00939687
v 0.00113767 0.02419502 -0.00902572
v 0.00037927 0.02419502 -0.00906193
v 0.00000124 0.02495310 -0.00891809
v 0.00000124 0.02526897 -0.00885523
v 0.00000124 0.01813032 -0.00994707
v 0.00000124 0.01850936 -0.00990583
v 0.00037927 0.01888841 -0.00986057
v 0.00113767 0.01964649 -0.00973081
v 0.00341222 0.02040458 -0.00912731
v 0.00341590 0.01964463 -0.00922990
v 0.00334437 0.01884010 -0.00935312
v 0.00341590 0.01848149 -0.00936469
v 0.00341590 0.01737223 -0.00948790
v 0.00113767 0.02040458 -0.00963224
v 0.00106180 0.02184643 -0.00942202
v 0.00106180 0.02114037 -0.00952965
v 0.00075864 0.02154357 -0.00949796
v 0.00037927 0.02343879 -0.00919671
v 0.00341590 0.02254692 -0.00880645
v 0.00341590 0.02214558 -0.00886780
v 0.00341590 0.02121283 -0.00900661
v 0.00341222 0.02116453 -0.00901516
v 0.00000124 0.02419502 -0.00906193
v 0.00000124 0.01888841 -0.00986157
v 0.00037927 0.01964649 -0.00976753
v 0.00037927 0.02040458 -0.00966946
v 0.00341590 0.02040458 -0.00912530
v 0.00037927 0.02155843 -0.00950048
v 0.00037927 0.02193748 -0.00944063
v 0.00037927 0.02268070 -0.00932295
v 0.00037927 0.02116453 -0.00956032
v 0.00000124 0.02268070 -0.00932395
v 0.00000124 0.02343879 -0.00919671
v 0.00000124 0.01964649 -0.00976803
v 0.00000124 0.02040458 -0.00966795
v 0.00000124 0.02078362 -0.00961464
v 0.00000124 0.02116453 -0.00956032
v 0.00000124 0.02156401 -0.00950098
v 0.00000124 0.02175353 -0.00947181
v 0.00000124 0.02194305 -0.00944163
v 0.00000124 0.02136520 -0.00953115
f 665 666 667
f 665 667 668
f 665 668 669
f 665 669 675
f 665 675 683
f 665 683 676
f 665 676 670
f 665 670 678
f 665 678 685
f 665 685 692
f 665 692 700
f 665 700 699
f 665 699 710
f 665 710 725
f 665 725 740
f 665 740 753
f 665 753 769
f 665 769 776
f 665 776 804
f 665 804 835
f 665 835 860
f 665 860 859
f 665 859 857
f 665 857 874
f 665 874 868
f 665 868 867
f 665 867 866
f 665 866 842
f 665 842 810
f 665 810 784
f 665 784 783
f 665 783 777
f 665 777 759
f 665 759 743
f 665 743 726
f 665 726 711
f 665 711 701
f 665 701 693
f 665 693 688
f 665 688 686
f 665 686 680
f 665 680 679
f 665 679 671
f 665 671 666
f 666 671 667
f 667 671 672
f 667 672 682
f 667 682 687
f 667 687 690
f 667 690 695
f 667 695 705
f 667 705 720
f 667 720 736
f 667 736 737
f 667 737 734
f 667 734 735
f 667 735 733
f 667 733 731
f 667 731 751
f 667 751 750
f 667 750 749
f 667 749 768
f 667 768 796
f 667 796 819
f 667 819 818
f 667 818 815
f 667 815 817
f 667 817 816
f 667 816 823
f 667 823 851
f 667 851 850
f 667 850 870
f 667 870 880
f 667 880 879
f 667 879 887
f 667 887 886
f 667 886 885
f 667 885 888
f 667 888 884
f 667 884 883
f 667 883 882
f 667 882 881
f 667 881 871
f 667 871 853
f 667 853 852
f 667 852 824
f 667 824 797
f 667 797 770
f 667 770 754
f 667 754 752
f 667 752 739
f 667 739 722
f 667 722 721
f 667 721 708
f 667 708 698
f 667 698 691
f 667 691 684
f 667 684 677
f 667 677 674
f 667 674 673
f 667 673 668
f 668 673 669
f 669 673 674
f 669 674 675
f 670 676 674
f 670 674 677
f 670 677 678
f 671 679 672
f 672 679 680
f 672 680 681
f 672 681 682
f 674 676 683
f 674 683 675
f 677 684 685
f 677 685 678
f 680 686 681
f 681 687 682
f 681 686 688
f 681 688 689
f 681 689 690
f 681 690 687
f 684 691 685
f 685 691 692
f 688 693 694
f 688 694 696
f 688 696 689
f 689 695 690
f 689 696 697
f 689 697 695
f 691 698 699
f 691 699 700
f 691 700 692
f 693 701 702
f 693 702 694
f 694 702 703
f 694 703 704
f 694 704 696
f 695 697 705
f 696 704 697
f 697 704 706
f 697 706 705
f 698 707 699
f 698 708 707
f 699 709 710
f 699 707 709
f 701 711 702
f 702 711 726
f 702 726 712
f 702 712 713
f 702 713 714
f 702 714 703
f 703 714 715
f 703 715 716
f 703 716 704
f 704 716 717
f 704 717 718
f 704 718 706
f 705 706 719
f 705 719 720
f 706 718 719
f 707 708 721
f 707 721 722
f 707 722 723
f 707 723 709
f 709 723 724
f 709 724 725
f 709 725 710
f 712 726 727
f 712 727 713
f 713 727 728
f 713 728 729
f 713 729 714
f 714 729 715
f 715 729 730
f 715 730 731
f 715 731 732
f 715 732 716
f 716 732 733
f 716 733 717
f 717 733 718
f 718 734 737
f 718 737 719
f 718 733 735
f 718 735 734
f 719 736 720
f 719 737 736
f 722 738 724
f 722 724 723
f 722 739 738
f 724 738 725
f 725 738 741
f 725 741 742
f 725 742 740
f 726 743 744
f 726 744 727
f 727 744 745
f 727 745 746
f 727 746 728
f 728 747 729
f 728 746 747
f 729 747 730
f 730 747 748
f 730 748 749
f 730 749 750
f 730 750 751
f 730 751 731
f 731 733 732
f 738 739 741
f 739 752 741
f 740 742 753
f 741 752 754
f 741 754 755
f 741 755 756
f 741 756 742
f 742 756 757
f 742 757 758
f 742 758 753
f 743 759 760
f 743 760 744
f 744 760 761
f 744 761 745
f 745 762 746
f 745 761 763
f 745 763 764
f 745 764 765
f 745 765 762
f 746 762 747
f 747 766 749
f 747 749 748
f 747 762 766
f 749 766 767
f 749 767 768
f 753 758 769
f 754 770 771
f 754 771 755
f 755 771 756
f 756 771 772
f 756 772 757
f 757 772 773
f 757 773 774
f 757 774 758
f 758 774 775
f 758 775 776
f 758 776 769
f 759 777 778
f 759 778 760
f 760 779 780
f 760 780 781
f 760 781 761
f 760 778 777
f 760 777 782
f 760 782 783
f 760 783 784
f 760 784 785
f 760 785 786
f 760 786 787
f 760 787 779
f 761 781 763
f 762 765 788
f 762 788 789
f 762 789 790
f 762 790 766
f 763 791 792
f 763 792 793
f 763 793 764
f 763 781 791
f 764 793 794
f 764 794 795
f 764 795 765
f 765 795 788
f 766 790 767
f 767 790 796
f 767 796 768
f 770 797 798
f 770 798 771
f 771 798 772
f 772 798 825
f 772 825 799
f 772 799 773
f 773 799 800
f 773 800 801
f 773 801 802
f 773 802 803
f 773 803 774
f 774 803 775
f 775 803 776
f 776 803 804
f 777 783 782
f 779 787 786
f 779 786 805
f 779 805 806
f 779 806 780
f 780 806 807
f 780 807 808
f 780 808 809
f 780 809 791
f 780 791 781
f 784 810 785
f 785 810 811
f 785 811 786
f 786 811 812
f 786 812 813
f 786 813 814
f 786 814 805
f 788 815 789
f 788 795 816
f 788 816 817
f 788 817 815
f 789 815 818
f 789 818 819
f 789 819 790
f 790 819 796
f 791 809 820
f 791 820 821
f 791 821 792
f 792 821 822
f 792 822 793
f 793 822 794
f 794 823 795
f 794 822 851
f 794 851 823
f 795 823 816
f 797 824 798
f 798 824 825
f 799 825 826
f 799 826 800
f 800 826 827
f 800 827 814
f 800 814 801
f 801 814 828
f 801 828 829
f 801 829 830
f 801 830 831
f 801 831 802
f 802 831 830
f 802 830 829
f 802 829 832
f 802 832 803
f 803 833 804
f 803 832 834
f 803 834 833
f 804 833 835
f 805 836 837
f 805 837 838
f 805 838 839
f 805 839 840
f 805 840 806
f 805 814 841
f 805 841 836
f 806 840 807
f 807 820 808
f 807 840 820
f 808 820 809
f 810 842 843
f 810 843 812
f 810 812 811
f 812 843 813
f 813 843 828
f 813 828 844
f 813 844 814
f 814 827 845
f 814 845 846
f 814 846 841
f 814 844 847
f 814 847 828
f 820 840 848
f 820 848 821
f 821 848 849
f 821 849 822
f 822 850 851
f 822 849 870
f 822 870 850
f 824 852 825
f 825 852 853
f 825 853 854
f 825 854 826
f 826 854 855
f 826 855 845
f 826 845 827
f 828 856 829
f 828 847 844
f 828 843 856
f 829 856 857
f 829 857 832
f 832 858 859
f 832 859 860
f 832 860 834
f 832 857 858
f 833 834 860
f 833 860 835
f 836 841 846
f 836 846 837
f 837 846 861
f 837 861 838
f 838 862 839
f 838 861 863
f 838 863 862
f 839 862 864
f 839 864 840
f 840 864 865
f 840 865 849
f 840 849 848
f 842 866 843
f 843 866 867
f 843 867 868
f 843 868 869
f 843 869 856
f 845 855 861
f 845 861 846
f 849 865 880
f 849 880 870
f 853 871 854
f 854 871 872
f 854 872 855
f 855 872 873
f 855 873 861
f 856 874 857
f 856 869 868
f 856 868 874
f 857 859 858
f 861 873 864
f 861 864 863
f 862 863 864
f 864 875 876
f 864 876 877
f 864 877 865
f 864 873 878
f 864 878 875
f 865 877 879
f 865 879 880
f 871 881 872
f 872 881 873
f 873 882 883
f 873 883 884
f 873 884 878
f 873 881 882
f 875 885 886
f 875 886 876
f 875 878 885
f 876 886 877
f 877 886 887
f 877 887 879
f 878 888 885
f 878 884 888

o geometry_6
v 0.00000124 0.00358274 0.00231607
v 0.00000124 0.01219021 0.00721221
v 0.00000124 0.00358274 0.00453086
v 0.00000124 0.00360460 0.00528884
v 0.00000124 0.00386425 0.00591755
v 0.00000124 0.00448011 0.00624574
v 0.00000124 0.01054583 0.00701660
v 0.00000124 0.01130472 0.00711105
v 0.00000124 0.01181035 0.00717067
v -0.00189585 0.01218661 0.00721361
v -0.00189585 0.01282140 0.00727799
v -0.00113772 0.01282140 0.00727705
v 0.00000124 0.01282140 0.00727519
v 0.00000124 0.01625699 0.00338712
v 0.00000124 0.00898430 0.00231607
v -0.00189585 0.02267938 0.00370110
v -0.00130979 0.02267938 0.00393203
v -0.00189585 0.02343777 0.00382986
v -0.00265398 0.02343777 0.00373049
v -0.00398491 0.01999618 0.00324903
v -0.00398491 0.01934099 0.00317625
v -0.00425743 0.00956919 0.00231607
v -0.00398491 0.02343777 0.00372442
v -0.00341212 0.02402457 0.00394836
v -0.00265398 0.02401737 0.00395162
v -0.00341212 0.02421897 0.00453105
v -0.00265398 0.02420337 0.00453105
v -0.00341212 0.02418657 0.00528917
v -0.00398491 0.02419977 0.00510349
v -0.00398491 0.02416497 0.00586113
v -0.00425868 0.01196341 0.00693312
v -0.00398491 0.02422257 0.00453105
v -0.00398491 0.02402577 0.00394696
v -0.00425868 0.01196341 0.00313082
v -0.00425868 0.00265621 0.00231607
v -0.00398491 0.01875899 0.00312260
v -0.00154995 0.00265894 0.00231607
v -0.00166128 0.00265621 0.00231607
v -0.00341220 0.00265621 0.00590372
v -0.00265371 0.00265621 0.00598338
v -0.00341220 0.00448011 0.00626005
v -0.00265371 0.00296323 0.00603585
v -0.00265371 0.00372213 0.00615749
v -0.00192232 0.00265621 0.00580784
v -0.00159165 0.00265621 0.00528884
v -0.00155036 0.00265621 0.00453086
v -0.00155036 0.00265621 0.00301443
v -0.00265371 0.00448011 0.00627007
v -0.00341220 0.00523901 0.00636452
v -0.00189605 0.01130472 0.00711152
v -0.00265371 0.01130472 0.00710389
v -0.00189605 0.01180580 0.00717067
v -0.00113755 0.01180671 0.00717067
v -0.00265398 0.01222021 0.00720987
v -0.00314250 0.01231741 0.00719914
v -0.00265398 0.01282140 0.00727332
v -0.00265398 0.01433820 0.00742168
v -0.00341212 0.01433820 0.00737922
v -0.00341212 0.01357980 0.00730085
v -0.00382688 0.01311660 0.00719448
v -0.00341212 0.01509660 0.00745200
v -0.00265398 0.01509660 0.00749026
v -0.00341212 0.01585500 0.00751918
v -0.00398491 0.01661339 0.00750146
v -0.00398491 0.01737179 0.00756817
v -0.00341212 0.01661339 0.00758217
v -0.00265398 0.01585500 0.00755277
v -0.00189585 0.01585500 0.00755277
v -0.00265398 0.01661339 0.00760829
v -0.00341212 0.01737179 0.00763675
v -0.00341212 0.01812899 0.00768480
v -0.00265398 0.01737179 0.00765541
v -0.00113772 0.01585500 0.00754811
v 0.00000124 0.01509660 0.00748419
v 0.00000124 0.01585500 0.00752105
v -0.00265398 0.01812899 0.00769600
v -0.00341212 0.01888739 0.00772492
v -0.00398491 0.01964579 0.00772399
v -0.00398491 0.02040418 0.00776085
v -0.00341212 0.01964579 0.00775991
v -0.00265398 0.01964579 0.00776365
v -0.00341212 0.02040418 0.00778837
v -0.00265398 0.02040418 0.00778884
v -0.00189585 0.02040418 0.00775432
v -0.00265398 0.02116258 0.00780610
v -0.00189585 0.02116258 0.00777018
v -0.00189585 0.02192098 0.00778417
v -0.00265398 0.02192098 0.00781963
v -0.00265398 0.02267938 0.00782849
v -0.00189585 0.02267938 0.00778277
v -0.00131447 0.02267938 0.00746040
v -0.00139173 0.02326138 0.00736196
v 0.00000124 0.01647059 0.00735403
v -0.00111041 0.02267938 0.00680539
v 0.00000124 0.01663019 0.00709977
v 0.00000124 0.01680779 0.00681519
v 0.00000124 0.01686779 0.00453105
v -0.00110416 0.02267938 0.00453105
v -0.00132306 0.02341858 0.00528917
v -0.00132735 0.02337297 0.00680539
v -0.00160009 0.02375217 0.00680539
v -0.00152166 0.02381217 0.00484503
v -0.00150879 0.02382417 0.00433931
v -0.00135505 0.02350977 0.00456791
v -0.00150879 0.02382417 0.00414103
v -0.00182328 0.02396937 0.00456791
v -0.00197935 0.02395137 0.00680539
v -0.00208743 0.02390217 0.00732744
v -0.00265398 0.02410017 0.00680539
v -0.00265398 0.02395017 0.00740488
v -0.00341212 0.02411457 0.00680539
v -0.00398491 0.02411697 0.00680539
v -0.00398491 0.02395617 0.00741002
v -0.00341212 0.02395617 0.00741142
v -0.00265398 0.02343777 0.00772772
v -0.00341212 0.02343777 0.00773379
v -0.00341212 0.02267938 0.00782709
v -0.00398491 0.02343777 0.00772959
v -0.00398491 0.02267938 0.00781776
v -0.00341212 0.02192098 0.00782010
v -0.00341212 0.02116258 0.00780797
v -0.00398491 0.02192098 0.00780563
v -0.00398491 0.02116258 0.00778791
v -0.00398491 0.01888739 0.00767920
v -0.00398491 0.01812899 0.00762789
v -0.00425868 0.00523901 0.00630632
v -0.00398491 0.01387500 0.00723600
v -0.00392326 0.01357980 0.00722014
v -0.00417070 0.00523901 0.00632540
v -0.00417070 0.00448011 0.00616608
v -0.00425868 0.00447282 0.00613745
v -0.00425868 0.00265621 0.00537995
v -0.00425868 0.00378590 0.00585745
v -0.00388381 0.00265621 0.00574821
v -0.00358650 0.00265621 0.00585697
v -0.00185917 0.02348337 0.00750612
v -0.00265398 0.02416977 0.00528917
v -0.00191848 0.02398377 0.00528917
v -0.00189585 0.02391897 0.00404540
v -0.00141202 0.02343777 0.00403886
v 0.00000124 0.01666139 0.00376314
f 890 891 889
f 890 892 891
f 890 893 892
f 890 894 893
f 890 895 894
f 890 896 895
f 890 897 896
f 890 898 897
f 890 899 898
f 890 900 899
f 890 901 900
f 890 902 901
f 890 889 902
f 903 902 889
f 904 902 903
f 904 905 902
f 904 906 905
f 904 907 906
f 904 908 907
f 904 903 908
f 908 903 909
f 908 909 910
f 908 910 911
f 908 911 907
f 912 907 911
f 912 913 907
f 914 913 912
f 914 915 913
f 914 916 915
f 917 916 914
f 917 918 916
f 917 919 918
f 917 920 919
f 917 914 920
f 914 912 920
f 912 921 920
f 912 911 921
f 922 921 911
f 922 920 921
f 922 919 920
f 922 923 919
f 922 910 923
f 922 911 910
f 910 889 923
f 903 889 910
f 924 903 910
f 924 909 903
f 924 910 909
f 925 923 889
f 926 923 925
f 926 927 923
f 928 927 926
f 928 929 927
f 930 929 928
f 930 931 929
f 930 894 931
f 930 928 894
f 932 894 928
f 932 893 894
f 932 892 893
f 933 892 932
f 933 934 892
f 933 932 934
f 932 928 934
f 934 928 926
f 935 934 926
f 935 889 934
f 935 925 889
f 935 926 925
f 891 934 889
f 891 892 934
f 936 931 894
f 936 929 931
f 936 937 929
f 936 896 937
f 936 895 896
f 936 894 895
f 938 937 896
f 938 939 937
f 938 940 939
f 938 941 940
f 938 896 941
f 896 897 941
f 898 941 897
f 940 941 898
f 942 940 898
f 942 939 940
f 942 943 939
f 942 944 943
f 942 898 944
f 944 898 899
f 944 899 945
f 944 945 943
f 946 943 945
f 946 947 943
f 946 948 947
f 946 949 948
f 946 945 949
f 950 949 945
f 951 949 950
f 951 952 949
f 951 953 952
f 951 954 953
f 951 950 954
f 950 955 954
f 956 955 950
f 957 955 956
f 957 954 955
f 957 958 954
f 957 959 958
f 957 960 959
f 957 961 960
f 957 956 961
f 956 962 961
f 956 950 962
f 950 945 962
f 901 962 945
f 901 902 962
f 962 902 963
f 964 962 963
f 961 962 964
f 961 964 960
f 964 959 960
f 965 959 964
f 965 966 959
f 965 967 966
f 965 968 967
f 965 964 968
f 969 968 964
f 969 970 968
f 969 971 970
f 969 963 971
f 969 964 963
f 972 971 963
f 972 973 971
f 972 974 973
f 972 963 974
f 975 974 963
f 975 973 974
f 975 976 973
f 975 977 976
f 975 978 977
f 975 963 978
f 979 978 963
f 979 980 978
f 981 980 979
f 981 982 980
f 981 983 982
f 981 963 983
f 981 979 963
f 983 963 984
f 982 983 984
f 982 984 985
f 982 985 986
f 987 982 986
f 988 982 987
f 988 980 982
f 988 989 980
f 988 990 989
f 988 991 990
f 988 992 991
f 988 987 992
f 987 986 992
f 993 992 986
f 991 992 993
f 991 993 994
f 991 994 990
f 990 994 995
f 990 995 989
f 995 996 989
f 997 996 995
f 997 998 996
f 997 999 998
f 916 999 997
f 918 999 916
f 918 1000 999
f 918 919 1000
f 1000 919 1001
f 1002 1000 1001
f 1002 999 1000
f 1002 998 999
f 1002 1003 998
f 1004 1003 1002
f 1004 977 1003
f 1004 1005 977
f 1004 1006 1005
f 1004 1001 1006
f 1004 1002 1001
f 1006 1001 919
f 1006 919 1007
f 1005 1006 1007
f 1008 1005 1007
f 1008 977 1005
f 1008 976 977
f 1008 1009 976
f 1010 1009 1008
f 1010 1011 1009
f 1010 919 1011
f 1010 1007 919
f 1010 1008 1007
f 1011 919 967
f 1011 967 970
f 1011 970 1009
f 1009 970 971
f 973 1009 971
f 973 976 1009
f 967 968 970
f 966 967 919
f 1012 966 919
f 1012 959 966
f 1012 958 959
f 1012 1013 958
f 1012 919 1013
f 953 1013 919
f 953 954 1013
f 958 1013 954
f 953 919 952
f 1014 952 919
f 1015 952 1014
f 1015 1016 952
f 1015 1014 1016
f 948 1016 1014
f 948 952 1016
f 948 949 952
f 948 1014 1017
f 947 948 1017
f 947 1017 943
f 943 1017 937
f 943 937 939
f 1017 929 937
f 1017 927 929
f 1017 1018 927
f 1014 1018 1017
f 1014 1019 1018
f 1014 919 1019
f 1019 919 1020
f 1021 1019 1020
f 1021 1022 1019
f 1021 1020 1022
f 1020 923 1022
f 1020 919 923
f 1022 923 927
f 1023 1022 927
f 1019 1022 1023
f 1019 1023 1018
f 1023 927 1018
f 977 978 1003
f 1024 1003 978
f 1024 996 1003
f 1024 980 996
f 1024 978 980
f 980 989 996
f 998 1003 996
f 916 997 1025
f 915 916 1025
f 915 1025 995
f 915 995 1026
f 915 1026 994
f 993 915 994
f 993 1027 915
f 993 906 1027
f 993 1028 906
f 993 986 1028
f 986 902 1028
f 1029 902 986
f 1029 985 902
f 1029 986 985
f 985 984 902
f 984 963 902
f 905 1028 902
f 905 906 1028
f 913 1027 906
f 915 1027 913
f 913 906 907
f 1026 995 994
f 997 995 1025
f 901 945 900
f 899 900 945

o geometry_7
v 0.00338201 0.00056161 0.00553846
v 0.00161119 0.00056161 -0.00456807
v 0.00540409 0.00056161 0.00225536
v 0.00465999 0.00056161 -0.00431844
v 0.00536030 0.00056161 -0.00276751
v 0.00540732 0.00056161 -0.00229323
v 0.00540594 0.00068846 0.00225536
v 0.00536168 0.00056161 0.00273724
v 0.00512905 0.00511178 0.00603990
v 0.00540409 0.00220489 0.00073916
v 0.00540502 0.00220489 -0.00077703
v 0.00536260 0.00270535 -0.00001839
v 0.00536168 0.00269062 -0.00077703
v 0.00537274 0.00219853 -0.00152808
v 0.00534324 0.00264583 -0.00126977
v 0.00534416 0.00194194 -0.00202298
v 0.00537136 0.00143165 -0.00228238
v 0.00540824 0.00068846 -0.00229323
v 0.00535983 0.00068846 -0.00276534
v 0.00534093 0.00116899 -0.00272627
v 0.00496893 0.00511178 -0.00077689
v 0.00504823 0.00511178 -0.00001879
v 0.00510094 0.00511178 0.00069962
v 0.00473051 0.00511178 -0.00140678
v 0.00492923 0.00220489 -0.00305187
v 0.00461250 0.00268859 -0.00351964
v 0.00468949 0.00220489 -0.00366074
v 0.00461066 0.00124874 -0.00425766
v 0.00452260 0.00175412 -0.00415456
v 0.00442947 0.00220489 -0.00404060
v 0.00391127 0.00277268 -0.00430976
v 0.00405050 0.00220489 -0.00446279
v 0.00419066 0.00152412 -0.00459846
v 0.00389375 0.00131838 -0.00496204
v 0.00375452 0.00179978 -0.00493925
v 0.00379140 0.00162091 -0.00496204
v 0.00370196 0.00174632 -0.00496204
v 0.00348390 0.00185554 -0.00496204
v 0.00327505 0.00193674 -0.00496204
v 0.00346592 0.00217570 -0.00481552
v 0.00317040 0.00195899 -0.00496204
v 0.00265450 0.00202660 -0.00496204
v 0.00265450 0.00232162 -0.00482854
v 0.00334835 0.00300066 -0.00436728
v 0.00355904 0.00327835 -0.00413611
v 0.00368848 0.00407128 -0.00339920
v 0.00337126 0.00370880 -0.00379708
v 0.00318303 0.00412728 -0.00345924
v 0.00305329 0.00334596 -0.00419254
v 0.00281159 0.00511178 -0.00259735
v 0.00265450 0.00334769 -0.00419471
v 0.00189606 0.00511178 -0.00260244
v 0.00000124 0.00511178 -0.00260244
v 0.00226677 0.00334596 -0.00419254
v 0.00265450 0.00296310 -0.00445519
v 0.00216903 0.00191796 -0.00496204
v 0.00391865 0.00121118 -0.00496204
v 0.00429393 0.00068846 -0.00469288
v 0.00401178 0.00068846 -0.00496204
v 0.00401962 0.00056161 -0.00496204
v 0.00429808 0.00056161 -0.00469722
v 0.00465722 0.00068846 -0.00431410
v 0.00185138 0.00056161 -0.00496204
v 0.00185599 0.00068846 -0.00496204
v 0.00000124 0.00447975 -0.00304712
v 0.00000124 0.00384162 -0.00303389
v 0.00000124 0.00358255 -0.00229309
v 0.00166928 0.00056161 -0.00466683
v 0.00158306 0.00056161 -0.00381051
v 0.00000124 0.00358255 0.00452980
v 0.00158306 0.00056161 0.00377156
v 0.00158537 0.00056161 0.00453020
v 0.00196941 0.00056161 0.00531271
v 0.00189703 0.00056161 0.00517271
v 0.00000124 0.00386368 0.00591677
v 0.00000124 0.00447975 0.00624545
v 0.00000124 0.00373445 0.00560437
v 0.00000124 0.00360460 0.00528892
v 0.00203072 0.00159318 -0.00496204
v 0.00198647 0.00144668 -0.00496204
v 0.00188366 0.00091471 -0.00496204
v 0.00000124 0.00511178 0.00632584
v 0.00404385 0.00511178 0.00631566
v 0.00493831 0.00511178 0.00612029
v 0.00512905 0.00446426 0.00586792
v 0.00512905 0.00408160 0.00565220
v 0.00472868 0.00056161 0.00442601
v 0.00445114 0.00056161 0.00480478
v 0.00407217 0.00056161 0.00518682
v 0.00480228 0.00511178 0.00616099
v 0.00417034 0.00511178 0.00629938
v 0.00309479 0.00102278 0.00567521
v 0.00321696 0.00056161 0.00555583
v 0.00265450 0.00056161 0.00560358
v 0.00265450 0.00144668 0.00576529
v 0.00224049 0.00100949 0.00567847
v 0.00265450 0.00220489 0.00590313
v 0.00265450 0.00296310 0.00603554
v 0.00265398 0.00372162 0.00615794
v 0.00265398 0.00447975 0.00626987
v 0.00341241 0.00447975 0.00625969
v 0.00341241 0.00511178 0.00634822
v 0.00328593 0.00511178 0.00635026
v 0.00338631 0.00511178 -0.00252001
v 0.00329546 0.00511178 -0.00253833
v 0.00404938 0.00511178 -0.00217200
v 0.00394347 0.00356581 -0.00363019
v 0.00441529 0.00511178 -0.00177412
v 0.00418052 0.00298333 -0.00382788
v 0.00512905 0.00511178 0.00158695
f 1031 1032 1030
f 1033 1032 1031
f 1034 1032 1033
f 1035 1032 1034
f 1036 1032 1035
f 1036 1037 1032
f 1036 1038 1037
f 1036 1039 1038
f 1040 1039 1036
f 1040 1041 1039
f 1040 1042 1041
f 1043 1042 1040
f 1043 1044 1042
f 1043 1045 1044
f 1043 1046 1045
f 1043 1047 1046
f 1043 1040 1047
f 1047 1040 1036
f 1047 1036 1035
f 1047 1035 1034
f 1047 1034 1048
f 1047 1048 1049
f 1047 1049 1046
f 1046 1049 1045
f 1045 1049 1050
f 1045 1050 1044
f 1051 1044 1050
f 1051 1052 1044
f 1051 1050 1052
f 1050 1053 1052
f 1054 1053 1050
f 1054 1055 1053
f 1054 1056 1055
f 1054 1049 1056
f 1054 1050 1049
f 1056 1049 1057
f 1058 1056 1057
f 1058 1055 1056
f 1059 1055 1058
f 1059 1060 1055
f 1059 1061 1060
f 1059 1058 1061
f 1058 1062 1061
f 1058 1057 1062
f 1063 1062 1057
f 1063 1064 1062
f 1065 1064 1063
f 1065 1066 1064
f 1065 1063 1066
f 1066 1063 1067
f 1066 1067 1064
f 1068 1064 1067
f 1068 1069 1064
f 1068 1070 1069
f 1068 1067 1070
f 1070 1067 1071
f 1070 1071 1072
f 1070 1072 1069
f 1073 1069 1072
f 1074 1069 1073
f 1074 1064 1069
f 1074 1060 1064
f 1074 1075 1060
f 1076 1075 1074
f 1076 1077 1075
f 1078 1077 1076
f 1078 1079 1077
f 1080 1079 1078
f 1080 1081 1079
f 1080 1082 1081
f 1080 1083 1082
f 1080 1084 1083
f 1080 1078 1084
f 1078 1073 1084
f 1078 1074 1073
f 1078 1076 1074
f 1084 1073 1072
f 1084 1072 1083
f 1072 1085 1083
f 1071 1085 1072
f 1071 1067 1085
f 1067 1086 1085
f 1063 1086 1067
f 1063 1057 1086
f 1087 1086 1057
f 1088 1086 1087
f 1088 1089 1086
f 1090 1089 1088
f 1090 1033 1089
f 1091 1033 1090
f 1091 1048 1033
f 1091 1049 1048
f 1091 1057 1049
f 1091 1087 1057
f 1091 1090 1087
f 1090 1088 1087
f 1048 1034 1033
f 1089 1033 1031
f 1092 1089 1031
f 1092 1093 1089
f 1092 1094 1093
f 1095 1094 1092
f 1095 1096 1094
f 1095 1031 1096
f 1095 1097 1031
f 1095 1092 1097
f 1097 1092 1031
f 1098 1096 1031
f 1098 1099 1096
f 1100 1099 1098
f 1100 1101 1099
f 1100 1098 1101
f 1098 1031 1101
f 1101 1031 1030
f 1102 1101 1030
f 1103 1101 1102
f 1103 1104 1101
f 1103 1102 1104
f 1104 1102 1105
f 1104 1105 1106
f 1104 1106 1101
f 1107 1101 1106
f 1107 1099 1101
f 1107 1106 1099
f 1106 1105 1099
f 1099 1105 1094
f 1096 1099 1094
f 1094 1105 1082
f 1083 1094 1082
f 1083 1085 1094
f 1108 1094 1085
f 1108 1109 1094
f 1108 1085 1109
f 1109 1085 1093
f 1110 1109 1093
f 1110 1094 1109
f 1110 1093 1094
f 1093 1085 1089
f 1089 1085 1086
f 1111 1082 1105
f 1111 1038 1082
f 1112 1038 1111
f 1113 1038 1112
f 1114 1038 1113
f 1114 1037 1038
f 1114 1115 1037
f 1114 1116 1115
f 1117 1116 1114
f 1117 1118 1116
f 1117 1114 1118
f 1114 1030 1118
f 1114 1113 1030
f 1119 1030 1113
f 1119 1120 1030
f 1119 1113 1120
f 1120 1113 1112
f 1120 1112 1121
f 1120 1121 1030
f 1122 1030 1121
f 1122 1123 1030
f 1122 1121 1123
f 1123 1121 1124
f 1125 1123 1124
f 1125 1102 1123
f 1125 1105 1102
f 1125 1126 1105
f 1125 1124 1126
f 1126 1124 1121
f 1126 1121 1127
f 1126 1127 1105
f 1128 1105 1127
f 1128 1129 1105
f 1128 1130 1129
f 1128 1127 1130
f 1127 1121 1130
f 1121 1112 1130
f 1131 1130 1112
f 1131 1132 1130
f 1131 1112 1132
f 1132 1112 1111
f 1132 1111 1129
f 1132 1129 1130
f 1129 1111 1105
f 1123 1102 1030
f 1118 1030 1116
f 1116 1030 1032
f 1037 1116 1032
f 1115 1116 1037
f 1053 1082 1038
f 1133 1082 1053
f 1079 1082 1133
f 1081 1082 1079
f 1134 1079 1133
f 1134 1077 1079
f 1134 1133 1077
f 1077 1133 1075
f 1135 1075 1133
f 1135 1136 1075
f 1137 1136 1135
f 1137 1053 1136
f 1137 1135 1053
f 1135 1133 1053
f 1138 1136 1053
f 1060 1136 1138
f 1060 1075 1136
f 1060 1138 1055
f 1138 1053 1055
f 1052 1053 1038
f 1139 1052 1038
f 1042 1052 1139
f 1042 1044 1052
f 1041 1042 1139
f 1041 1139 1038
f 1041 1038 1039
f 1060 1061 1064
f 1062 1064 1061

o geometry_8
v -0.00398491 0.02343747 0.00772912
v -0.00398491 0.01196341 0.00700402
v -0.00398491 0.01196341 0.00316811
v -0.00425906 0.01080349 0.00680896
v -0.00398491 0.01225804 0.00704395
v -0.00398491 0.01296879 0.00713297
v -0.00398491 0.01357971 0.00720310
v -0.00454421 0.01473196 0.00718298
v -0.00463825 0.01080349 0.00667681
v -0.00491925 0.01080349 0.00657180
v -0.00527691 0.01710037 0.00717118
v -0.00516361 0.01080349 0.00646561
v -0.00527880 0.01080349 0.00641252
v -0.00534112 0.01760611 0.00720186
v -0.00540079 0.01812843 0.00723254
v -0.00492944 0.01812843 0.00741188
v -0.00498610 0.01736015 0.00731041
v -0.00482483 0.01661398 0.00728917
v -0.00471115 0.01585536 0.00724787
v -0.00492944 0.01888704 0.00748739
v -0.00425868 0.01649002 0.00743833
v -0.00417073 0.01661388 0.00747502
v -0.00417073 0.01737153 0.00754569
v -0.00398491 0.01661388 0.00750145
v -0.00398491 0.01387435 0.00723601
v -0.00417073 0.01585504 0.00739840
v -0.00424306 0.01502885 0.00729320
v -0.00398491 0.01888681 0.00767895
v -0.00398491 0.01812917 0.00762770
v -0.00398491 0.01737153 0.00756781
v -0.00417073 0.01812917 0.00760881
v -0.00417073 0.01888681 0.00766438
v -0.00492944 0.02040426 0.00761364
v -0.00492944 0.01964565 0.00755464
v -0.00556773 0.01964565 0.00731277
v -0.00548652 0.01888704 0.00727501
v -0.00594692 0.01964565 0.00711691
v -0.00606627 0.02078564 0.00718416
v -0.00564666 0.02040426 0.00734816
v -0.00568745 0.02192010 0.00746143
v -0.00576299 0.02108826 0.00735642
v -0.00610554 0.02129138 0.00721012
v -0.00630269 0.01812843 0.00663787
v -0.00625171 0.01737259 0.00658478
v -0.00620185 0.01080349 0.00578246
v -0.00645301 0.01080349 0.00553351
v -0.00658105 0.01080349 0.00540136
v -0.00680614 0.01080349 0.00515004
v -0.00634197 0.01888704 0.00668979
v -0.00614973 0.02192010 0.00724079
v -0.00568745 0.02267871 0.00751571
v -0.00619241 0.02267871 0.00727383
v -0.00672117 0.01888704 0.00623789
v -0.00691303 0.01080349 0.00502262
v -0.00743498 0.01080349 0.00420614
v -0.00724048 0.01080349 0.00453061
v -0.00674723 0.01964565 0.00628509
v -0.00713019 0.01080349 0.00470051
v -0.00676309 0.02040426 0.00631223
v -0.00749994 0.02491724 0.00553823
v -0.00616257 0.02329223 0.00725495
v -0.00712075 0.02491724 0.00596888
v -0.00672041 0.02491724 0.00634762
v -0.00634122 0.02491724 0.00659894
v -0.00605305 0.02379797 0.00717590
v -0.00575506 0.02350227 0.00739890
v -0.00554733 0.02391128 0.00730451
v -0.00492944 0.02395688 0.00738592
v -0.00492944 0.02343732 0.00766909
v -0.00492944 0.02267871 0.00773516
v -0.00492944 0.02192010 0.00770331
v -0.00417073 0.02040450 0.00775178
v -0.00492944 0.02116287 0.00766437
v -0.00417073 0.01964565 0.00771186
v -0.00398491 0.01964565 0.00772373
v -0.00398491 0.02040450 0.00776096
v -0.00398491 0.02192098 0.00780573
v -0.00398491 0.02116214 0.00778793
v -0.00417073 0.02116214 0.00778146
v -0.00417073 0.02192098 0.00780088
v -0.00417073 0.02267863 0.00781491
v -0.00417073 0.02343747 0.00772805
v -0.00417073 0.02395580 0.00740973
v -0.00562853 0.02491724 0.00660130
v -0.00398491 0.02395580 0.00740973
v -0.00398491 0.02267863 0.00781760
v -0.00398491 0.02411694 0.00680548
v -0.00522139 0.02491724 0.00614704
v -0.00551787 0.02491724 0.00652933
v -0.00771484 0.02491724 0.00515830
v -0.00770276 0.02419593 0.00513353
v -0.00748484 0.02419593 0.00551227
v -0.00768576 0.02343732 0.00509931
v -0.00791237 0.02343732 0.00453061
v -0.00793881 0.02419593 0.00453061
v -0.00795694 0.02491724 0.00453061
v -0.00792257 0.01080349 0.00301328
v -0.00770087 0.01080349 0.00366221
v -0.00753129 0.01080349 0.00404214
v -0.00758643 0.01997867 0.00491525
v -0.00806420 0.01080349 0.00225580
v -0.00805929 0.02267871 0.00377194
v -0.00807591 0.02343732 0.00377194
v -0.00808611 0.02419593 0.00377194
v -0.00810952 0.01080349 0.00149831
v -0.00809177 0.02491724 0.00377194
v -0.00481501 0.02491724 -0.00424771
v -0.00514397 0.02491724 0.00528809
v -0.00398491 0.02422157 0.00453091
v -0.00398491 0.02402555 0.00394716
v -0.00398491 0.02419151 0.00528892
v -0.00398491 0.02416505 0.00586134
v -0.00520289 0.02491724 0.00607743
v -0.00398491 0.01815563 0.00308125
v -0.00398491 0.02343747 0.00372434
v -0.00398491 0.01999561 0.00324903
v -0.00398491 0.01875933 0.00312279
v -0.00398491 0.01712860 0.00306290
v -0.00526180 0.01414884 -0.00424771
v -0.00528673 0.01390702 -0.00424771
v -0.00511451 0.01080349 -0.00168265
v -0.00520780 0.01080349 -0.00203661
v -0.00534640 0.01080349 -0.00213100
v -0.00805363 0.01080349 -0.00153516
v -0.00720384 0.01080349 -0.00236698
v -0.00644546 0.01080349 -0.00243541
v -0.00594314 0.01080349 -0.00237288
v -0.00568745 0.01080349 -0.00229737
v -0.00567348 0.01361408 -0.00424771
v -0.00644546 0.01341095 -0.00424771
v -0.00720384 0.01352426 -0.00424771
v -0.00744216 0.01364033 -0.00424771
v -0.00768992 0.01377022 -0.00424771
v -0.00778698 0.01080349 -0.00210623
v -0.00780511 0.01407422 -0.00424771
v -0.00789424 0.01433814 -0.00424771
v -0.00800679 0.01433814 -0.00380998
v -0.00794485 0.01509675 -0.00424771
v -0.00761136 0.02491724 -0.00424771
v -0.00810574 0.02491724 -0.00153516
v -0.00811708 0.02491724 0.00301328
v -0.00811632 0.02343732 0.00301328
v -0.00811368 0.02267871 0.00301328
v -0.00811594 0.01433814 0.00149831
v -0.00811708 0.01080349 0.00073965
v -0.00811708 0.01080349 -0.00077650
v -0.00810159 0.01433814 -0.00305131
v -0.00811708 0.01433814 -0.00229383
v -0.00811708 0.01509675 0.00149831
v -0.00811708 0.02491724 -0.00077650
v -0.00811632 0.02192010 -0.00153516
v -0.00811594 0.01661398 -0.00229383
v -0.00806005 0.02491724 -0.00229383
v -0.00808271 0.01661398 -0.00305131
v -0.00802643 0.01509675 -0.00380998
v -0.00806798 0.01812843 -0.00305131
v -0.00806005 0.01888704 -0.00305131
v -0.00805098 0.01964565 -0.00305131
v -0.00804003 0.02040426 -0.00305131
v -0.00795241 0.02491724 -0.00305131
v -0.00795920 0.01888704 -0.00380998
v -0.00797318 0.01812843 -0.00380998
v -0.00792408 0.01617732 -0.00424771
v -0.00794296 0.01964565 -0.00380998
v -0.00792257 0.02040426 -0.00380998
v -0.00786856 0.01845039 -0.00424771
v -0.00788782 0.01769316 -0.00424771
v -0.00784741 0.01920900 -0.00424771
v -0.00782248 0.01996623 -0.00424771
v -0.00775790 0.02491724 -0.00380998
v -0.00789651 0.02116287 -0.00380998
v -0.00425906 0.01080349 0.00304986
v -0.00566706 0.01080349 0.00616238
v -0.00599186 0.01080349 0.00593466
v -0.00746218 0.02343732 0.00547805
f 1141 1142 1140
f 1141 1143 1142
f 1144 1143 1141
f 1144 1145 1143
f 1144 1141 1145
f 1145 1141 1146
f 1145 1146 1147
f 1145 1147 1143
f 1148 1143 1147
f 1148 1149 1143
f 1148 1147 1149
f 1150 1149 1147
f 1150 1151 1149
f 1150 1152 1151
f 1153 1152 1150
f 1153 1154 1152
f 1153 1155 1154
f 1156 1155 1153
f 1156 1157 1155
f 1156 1150 1157
f 1156 1153 1150
f 1158 1157 1150
f 1158 1155 1157
f 1158 1159 1155
f 1158 1160 1159
f 1158 1147 1160
f 1158 1150 1147
f 1161 1160 1147
f 1161 1159 1160
f 1161 1162 1159
f 1161 1163 1162
f 1161 1164 1163
f 1161 1165 1164
f 1161 1147 1165
f 1166 1165 1147
f 1166 1164 1165
f 1166 1147 1164
f 1164 1147 1146
f 1164 1146 1163
f 1146 1141 1163
f 1163 1141 1167
f 1168 1163 1167
f 1169 1163 1168
f 1169 1162 1163
f 1169 1170 1162
f 1169 1168 1170
f 1170 1168 1171
f 1170 1171 1172
f 1170 1172 1173
f 1170 1173 1162
f 1159 1162 1173
f 1159 1173 1174
f 1159 1174 1175
f 1159 1175 1154
f 1159 1154 1155
f 1175 1176 1154
f 1175 1177 1176
f 1174 1177 1175
f 1174 1178 1177
f 1174 1173 1178
f 1178 1173 1179
f 1180 1178 1179
f 1180 1177 1178
f 1181 1177 1180
f 1182 1177 1181
f 1182 1183 1177
f 1182 1184 1183
f 1185 1184 1182
f 1185 1186 1184
f 1185 1182 1186
f 1182 1187 1186
f 1182 1188 1187
f 1182 1181 1188
f 1181 1189 1188
f 1181 1179 1189
f 1181 1180 1179
f 1189 1179 1190
f 1189 1190 1191
f 1188 1189 1191
f 1192 1188 1191
f 1187 1188 1192
f 1187 1192 1193
f 1187 1193 1186
f 1186 1193 1184
f 1193 1194 1184
f 1195 1194 1193
f 1195 1196 1194
f 1197 1196 1195
f 1192 1196 1197
f 1192 1191 1196
f 1198 1196 1191
f 1198 1199 1196
f 1198 1191 1199
f 1200 1199 1191
f 1200 1201 1199
f 1202 1201 1200
f 1202 1203 1201
f 1202 1204 1203
f 1202 1200 1204
f 1205 1204 1200
f 1206 1204 1205
f 1206 1203 1204
f 1206 1207 1203
f 1206 1208 1207
f 1206 1205 1208
f 1205 1190 1208
f 1205 1200 1190
f 1190 1200 1191
f 1190 1209 1208
f 1210 1209 1190
f 1210 1211 1209
f 1210 1212 1211
f 1210 1190 1212
f 1172 1212 1190
f 1172 1171 1212
f 1213 1212 1171
f 1213 1211 1212
f 1214 1211 1213
f 1214 1215 1211
f 1214 1167 1215
f 1214 1213 1167
f 1213 1171 1167
f 1168 1167 1171
f 1215 1167 1216
f 1217 1215 1216
f 1217 1218 1215
f 1217 1219 1218
f 1217 1216 1219
f 1219 1216 1220
f 1219 1220 1209
f 1219 1209 1218
f 1218 1209 1211
f 1215 1218 1211
f 1208 1209 1220
f 1221 1208 1220
f 1221 1207 1208
f 1222 1207 1221
f 1222 1203 1207
f 1222 1223 1203
f 1222 1224 1223
f 1222 1140 1224
f 1222 1221 1140
f 1225 1140 1221
f 1225 1167 1140
f 1216 1167 1225
f 1216 1225 1220
f 1225 1221 1220
f 1167 1141 1140
f 1224 1140 1226
f 1224 1226 1227
f 1228 1224 1227
f 1228 1223 1224
f 1228 1227 1223
f 1223 1227 1203
f 1203 1227 1229
f 1201 1203 1229
f 1199 1201 1229
f 1230 1199 1229
f 1230 1231 1199
f 1230 1232 1231
f 1230 1233 1232
f 1230 1234 1233
f 1230 1229 1234
f 1234 1229 1235
f 1236 1234 1235
f 1236 1233 1234
f 1237 1233 1236
f 1237 1232 1233
f 1238 1232 1237
f 1238 1239 1232
f 1238 1194 1239
f 1238 1237 1194
f 1237 1236 1194
f 1236 1240 1194
f 1236 1241 1240
f 1236 1235 1241
f 1242 1241 1235
f 1242 1240 1241
f 1243 1240 1242
f 1243 1244 1240
f 1243 1245 1244
f 1243 1235 1245
f 1243 1242 1235
f 1235 1229 1245
f 1229 1227 1245
f 1227 1246 1245
f 1247 1246 1227
f 1248 1246 1247
f 1248 1249 1246
f 1248 1226 1249
f 1250 1226 1248
f 1251 1226 1250
f 1251 1252 1226
f 1251 1247 1252
f 1251 1250 1247
f 1250 1248 1247
f 1252 1247 1227
f 1252 1227 1226
f 1249 1226 1253
f 1254 1249 1253
f 1254 1246 1249
f 1255 1246 1254
f 1256 1246 1255
f 1256 1253 1246
f 1256 1255 1253
f 1255 1254 1253
f 1257 1246 1253
f 1257 1142 1246
f 1257 1253 1142
f 1142 1253 1140
f 1226 1140 1253
f 1258 1246 1142
f 1258 1259 1246
f 1258 1142 1259
f 1260 1259 1142
f 1261 1259 1260
f 1261 1262 1259
f 1261 1260 1262
f 1262 1260 1263
f 1264 1262 1263
f 1265 1262 1264
f 1266 1262 1265
f 1267 1262 1266
f 1267 1268 1262
f 1267 1266 1268
f 1266 1269 1268
f 1266 1265 1269
f 1265 1264 1269
f 1264 1270 1269
f 1271 1270 1264
f 1271 1272 1270
f 1271 1264 1272
f 1273 1272 1264
f 1274 1272 1273
f 1274 1275 1272
f 1274 1273 1275
f 1273 1263 1275
f 1273 1264 1263
f 1275 1263 1276
f 1275 1276 1277
f 1275 1277 1272
f 1272 1277 1270
f 1270 1277 1259
f 1269 1270 1259
f 1268 1269 1259
f 1268 1259 1262
f 1259 1277 1246
f 1278 1246 1277
f 1278 1245 1246
f 1279 1245 1278
f 1280 1245 1279
f 1281 1245 1280
f 1281 1282 1245
f 1244 1282 1281
f 1244 1245 1282
f 1244 1281 1283
f 1244 1283 1284
f 1244 1284 1240
f 1284 1263 1240
f 1285 1263 1284
f 1285 1286 1263
f 1285 1287 1286
f 1285 1284 1287
f 1284 1288 1287
f 1284 1283 1288
f 1281 1288 1283
f 1281 1280 1288
f 1288 1280 1287
f 1289 1287 1280
f 1290 1287 1289
f 1290 1291 1287
f 1290 1279 1291
f 1290 1289 1279
f 1289 1280 1279
f 1291 1279 1286
f 1291 1286 1287
f 1292 1286 1279
f 1293 1286 1292
f 1293 1294 1286
f 1293 1295 1294
f 1293 1292 1295
f 1296 1295 1292
f 1296 1294 1295
f 1297 1294 1296
f 1297 1298 1294
f 1297 1292 1298
f 1297 1296 1292
f 1298 1292 1299
f 1300 1298 1299
f 1300 1301 1298
f 1300 1277 1301
f 1300 1302 1277
f 1300 1303 1302
f 1300 1299 1303
f 1304 1303 1299
f 1305 1303 1304
f 1305 1306 1303
f 1305 1307 1306
f 1305 1304 1307
f 1307 1304 1308
f 1307 1308 1306
f 1306 1308 1277
f 1302 1306 1277
f 1302 1303 1306
f 1308 1278 1277
f 1309 1278 1308
f 1309 1299 1278
f 1310 1299 1309
f 1310 1304 1299
f 1310 1308 1304
f 1310 1309 1308
f 1299 1279 1278
f 1292 1279 1299
f 1301 1277 1294
f 1298 1301 1294
f 1294 1277 1276
f 1294 1276 1286
f 1276 1263 1286
f 1240 1263 1194
f 1263 1260 1194
f 1260 1311 1194
f 1260 1142 1311
f 1142 1143 1311
f 1143 1194 1311
f 1184 1194 1143
f 1151 1184 1143
f 1312 1184 1151
f 1313 1184 1312
f 1313 1177 1184
f 1313 1312 1177
f 1312 1176 1177
f 1152 1176 1312
f 1152 1154 1176
f 1152 1312 1151
f 1183 1184 1177
f 1149 1151 1143
f 1239 1194 1196
f 1314 1239 1196
f 1232 1239 1314
f 1232 1314 1231
f 1314 1196 1231
f 1199 1231 1196
f 1172 1190 1179
f 1172 1179 1173
f 1192 1197 1193
f 1197 1195 1193

o geometry_9
v 0.00811670 0.02476799 0.00174842
v 0.00811670 0.02476799 -0.00077761
v 0.00528319 0.02476799 0.00174842
v 0.00811670 0.01888788 0.00174842
v 0.00811632 0.02192065 -0.00153640
v 0.00810577 0.02476799 -0.00153640
v 0.00811670 0.02116174 -0.00153640
v 0.00426619 0.02476799 -0.00496312
v 0.00436231 0.02116174 0.00174842
v 0.00811519 0.01812898 0.00174842
v 0.00811180 0.01008425 0.00149746
v 0.00811670 0.01509765 0.00149746
v 0.00811632 0.01661403 -0.00229388
v 0.00808504 0.02192065 -0.00229388
v 0.00806054 0.02476799 -0.00229388
v 0.00811331 0.01737150 -0.00229388
v 0.00810200 0.01433874 -0.00305202
v 0.00809634 0.01509765 -0.00305202
v 0.00811670 0.01585512 -0.00229388
v 0.00429748 0.01812898 0.00149746
v 0.00429069 0.01812898 0.00174842
v 0.00429107 0.01837907 0.00174842
v 0.00429484 0.01913798 0.00174842
v 0.00429974 0.01989689 0.00174842
v 0.00430539 0.02040427 0.00174842
v 0.00726254 0.02476799 -0.00496312
v 0.00511621 0.01433874 -0.00496312
v 0.00476866 0.01008425 -0.00153640
v 0.00809823 0.01008425 0.00174842
v 0.00811444 0.01008425 0.00120117
v 0.00811670 0.01008425 0.00073867
v 0.00808353 0.01661403 -0.00305202
v 0.00806054 0.01888788 -0.00305202
v 0.00805149 0.01964536 -0.00305202
v 0.00804056 0.02040427 -0.00305202
v 0.00802623 0.02116174 -0.00305202
v 0.00795424 0.02476799 -0.00305202
v 0.00807637 0.01737150 -0.00305202
v 0.00800739 0.01433874 -0.00381015
v 0.00802699 0.01509765 -0.00381015
v 0.00811670 0.01433874 -0.00229388
v 0.00811670 0.01008425 -0.00077761
v 0.00809031 0.01008425 -0.00107390
v 0.00804885 0.01008425 -0.00153640
v 0.00476753 0.01008425 -0.00139055
v 0.00476338 0.01008425 -0.00077761
v 0.00475660 0.01008425 0.00174842
v 0.00743970 0.02476799 -0.00463661
v 0.00755731 0.02071904 -0.00496312
v 0.00523117 0.01389173 -0.00496312
v 0.00501707 0.01008425 -0.00213555
v 0.00801455 0.01585512 -0.00381015
v 0.00797346 0.01812898 -0.00381015
v 0.00795951 0.01888788 -0.00381015
v 0.00776124 0.02476799 -0.00381015
v 0.00794331 0.01964536 -0.00381015
v 0.00792257 0.02040427 -0.00381015
v 0.00789656 0.02116174 -0.00381015
v 0.00781175 0.01433874 -0.00456894
v 0.00788375 0.01509765 -0.00456894
v 0.00778197 0.01008425 -0.00209679
v 0.00758860 0.01397510 -0.00496312
v 0.00768585 0.01433874 -0.00496312
v 0.00761197 0.02476799 -0.00425754
v 0.00758973 0.02025622 -0.00496312
v 0.00756221 0.02065149 -0.00496312
v 0.00542681 0.01378537 -0.00496312
v 0.00568766 0.01008425 -0.00237271
v 0.00777745 0.01888788 -0.00456894
v 0.00774880 0.01964536 -0.00456894
v 0.00761951 0.01964536 -0.00496312
v 0.00759501 0.02016423 -0.00496312
v 0.00786716 0.01585512 -0.00456894
v 0.00784794 0.01661403 -0.00456894
v 0.00782494 0.01737150 -0.00456894
v 0.00780157 0.01812898 -0.00456894
v 0.00773749 0.01478575 -0.00496312
v 0.00776689 0.01509765 -0.00496312
v 0.00720374 0.01008425 -0.00234775
v 0.00757654 0.01395354 -0.00496312
v 0.00758445 0.01396216 -0.00496312
v 0.00568766 0.01370488 -0.00496312
v 0.00644570 0.01008425 -0.00241673
v 0.00605179 0.01361720 -0.00496312
v 0.00772656 0.01661403 -0.00496312
v 0.00770168 0.01737150 -0.00496312
v 0.00767605 0.01812898 -0.00496312
v 0.00765004 0.01888788 -0.00496312
v 0.00762252 0.01957493 -0.00496312
v 0.00774805 0.01585512 -0.00496312
v 0.00690783 0.01008425 -0.00237469
v 0.00644570 0.01358989 -0.00496312
v 0.00680983 0.01365888 -0.00496312
v 0.00720072 0.01376381 -0.00496312
v 0.00739409 0.01385867 -0.00496312
f 1315 1316 1320
f 1315 1320 1329
f 1315 1329 1351
f 1315 1351 1369
f 1315 1369 1378
f 1315 1378 1362
f 1315 1362 1340
f 1315 1340 1322
f 1315 1322 1317
f 1315 1317 1323
f 1315 1323 1339
f 1315 1339 1338
f 1315 1338 1337
f 1315 1337 1336
f 1315 1336 1335
f 1315 1335 1361
f 1315 1361 1343
f 1315 1343 1324
f 1315 1324 1318
f 1315 1318 1326
f 1315 1326 1345
f 1315 1345 1356
f 1315 1356 1355
f 1315 1355 1333
f 1315 1333 1321
f 1315 1321 1316
f 1316 1319 1320
f 1316 1321 1319
f 1317 1322 1323
f 1318 1324 1325
f 1318 1325 1326
f 1319 1321 1333
f 1319 1333 1327
f 1319 1327 1320
f 1320 1328 1329
f 1320 1327 1330
f 1320 1330 1331
f 1320 1331 1332
f 1320 1332 1328
f 1322 1334 1335
f 1322 1335 1336
f 1322 1336 1337
f 1322 1337 1338
f 1322 1338 1339
f 1322 1339 1323
f 1322 1340 1363
f 1322 1363 1380
f 1322 1380 1379
f 1322 1379 1386
f 1322 1386 1385
f 1322 1385 1403
f 1322 1403 1402
f 1322 1402 1401
f 1322 1401 1400
f 1322 1400 1399
f 1322 1399 1404
f 1322 1404 1392
f 1322 1392 1391
f 1322 1391 1377
f 1322 1377 1376
f 1322 1376 1395
f 1322 1395 1394
f 1322 1394 1409
f 1322 1409 1408
f 1322 1408 1407
f 1322 1407 1406
f 1322 1406 1398
f 1322 1398 1396
f 1322 1396 1381
f 1322 1381 1364
f 1322 1364 1341
f 1322 1341 1342
f 1322 1342 1334
f 1324 1343 1325
f 1325 1343 1361
f 1325 1361 1360
f 1325 1360 1359
f 1325 1359 1342
f 1325 1342 1365
f 1325 1365 1382
f 1325 1382 1397
f 1325 1397 1405
f 1325 1405 1393
f 1325 1393 1375
f 1325 1375 1358
f 1325 1358 1357
f 1325 1357 1356
f 1325 1356 1345
f 1325 1345 1344
f 1325 1344 1326
f 1326 1344 1345
f 1327 1333 1331
f 1327 1331 1330
f 1328 1332 1346
f 1328 1346 1329
f 1329 1347 1348
f 1329 1348 1349
f 1329 1349 1350
f 1329 1350 1351
f 1329 1346 1352
f 1329 1352 1347
f 1331 1353 1354
f 1331 1354 1332
f 1331 1333 1355
f 1331 1355 1356
f 1331 1356 1357
f 1331 1357 1358
f 1331 1358 1353
f 1332 1354 1346
f 1334 1342 1335
f 1335 1342 1359
f 1335 1359 1360
f 1335 1360 1361
f 1340 1362 1363
f 1341 1364 1365
f 1341 1365 1342
f 1346 1354 1352
f 1347 1352 1354
f 1347 1354 1348
f 1348 1354 1349
f 1349 1354 1366
f 1349 1366 1367
f 1349 1367 1368
f 1349 1368 1350
f 1350 1368 1351
f 1351 1368 1370
f 1351 1370 1371
f 1351 1371 1372
f 1351 1372 1369
f 1353 1373 1374
f 1353 1374 1354
f 1353 1358 1373
f 1354 1374 1366
f 1358 1375 1376
f 1358 1376 1377
f 1358 1377 1373
f 1362 1378 1379
f 1362 1379 1380
f 1362 1380 1363
f 1364 1381 1365
f 1365 1381 1382
f 1366 1374 1367
f 1367 1374 1368
f 1368 1374 1370
f 1369 1372 1383
f 1369 1383 1384
f 1369 1384 1385
f 1369 1385 1386
f 1369 1386 1378
f 1370 1374 1387
f 1370 1387 1388
f 1370 1388 1371
f 1371 1388 1389
f 1371 1389 1390
f 1371 1390 1383
f 1371 1383 1372
f 1373 1377 1391
f 1373 1391 1374
f 1374 1391 1392
f 1374 1392 1387
f 1375 1393 1394
f 1375 1394 1395
f 1375 1395 1376
f 1378 1386 1379
f 1381 1396 1382
f 1382 1396 1398
f 1382 1398 1397
f 1383 1390 1399
f 1383 1399 1400
f 1383 1400 1401
f 1383 1401 1402
f 1383 1402 1384
f 1384 1402 1403
f 1384 1403 1385
f 1387 1392 1404
f 1387 1404 1388
f 1388 1404 1399
f 1388 1399 1389
f 1389 1399 1390
f 1393 1405 1406
f 1393 1406 1407
f 1393 1407 1408
f 1393 1408 1409
f 1393 1409 1394
f 1397 1406 1405
f 1397 1398 1406

o geometry_10
v 0.00341236 0.02267947 0.00782917
v 0.00265399 0.02267947 0.00782917
v 0.00341236 0.02192107 0.00782101
v 0.00398251 0.02249125 0.00781861
v 0.00398251 0.02267947 0.00782053
v 0.00398251 0.02324827 0.00775379
v 0.00341236 0.02343648 0.00773459
v 0.00265399 0.02343648 0.00772834
v 0.00189600 0.02267947 0.00778212
v 0.00189600 0.02192107 0.00778356
v 0.00265399 0.02192107 0.00781957
v 0.00341236 0.02116267 0.00780709
v 0.00398251 0.02192107 0.00780949
v 0.00398251 0.02343648 0.00773026
v 0.00398251 0.02382675 0.00749019
v 0.00341236 0.02395546 0.00741145
v 0.00265399 0.02395131 0.00740521
v 0.00208618 0.02390287 0.00732791
v 0.00185859 0.02348354 0.00750604
v 0.00139211 0.02326072 0.00736152
v 0.00131456 0.02267947 0.00745995
v 0.00000124 0.01585527 0.00752092
v 0.00189600 0.02116267 0.00776916
v 0.00265399 0.02116267 0.00780469
v 0.00398251 0.02173285 0.00780565
v 0.00265399 0.02040427 0.00778788
v 0.00341236 0.02040427 0.00778836
v 0.00398251 0.02395546 0.00741001
v 0.00398251 0.02407725 0.00695580
v 0.00341236 0.02411461 0.00680552
v 0.00265399 0.02410216 0.00680552
v 0.00159826 0.02375202 0.00680552
v 0.00197745 0.02395407 0.00680552
v 0.00132781 0.02337282 0.00680552
v 0.00111074 0.02267947 0.00680552
v 0.00000124 0.01647112 0.00735432
v 0.00000124 0.01547746 0.00750268
v 0.00265399 0.01812908 0.00769618
v 0.00265399 0.01888748 0.00773074
v 0.00265399 0.01964588 0.00776291
v 0.00189600 0.01964588 0.00773026
v 0.00189600 0.02040427 0.00775379
v 0.00398251 0.02097446 0.00778500
v 0.00341236 0.01964588 0.00776147
v 0.00398251 0.02411599 0.00680552
v 0.00398251 0.02414644 0.00623559
v 0.00398251 0.02415613 0.00604737
v 0.00341236 0.02418658 0.00528923
v 0.00265399 0.02413676 0.00604737
v 0.00152188 0.02381153 0.00484510
v 0.00265399 0.02416997 0.00528923
v 0.00265399 0.02420180 0.00453109
v 0.00191822 0.02398452 0.00528923
v 0.00182313 0.02396930 0.00456758
v 0.00132469 0.02339496 0.00604737
v 0.00150863 0.02382398 0.00433952
v 0.00132274 0.02341849 0.00528923
v 0.00110801 0.02267947 0.00604737
v 0.00000124 0.01686693 0.00453109
v 0.00000124 0.01680742 0.00681512
v 0.00000124 0.01663028 0.00709984
v 0.00000124 0.01509687 0.00748395
v 0.00265399 0.01737068 0.00765584
v 0.00341236 0.01888748 0.00772594
v 0.00113763 0.01585527 0.00754685
v 0.00398251 0.02021606 0.00775523
v 0.00398251 0.02418243 0.00547697
v 0.00398251 0.02419073 0.00528923
v 0.00341236 0.02421841 0.00453109
v 0.00265399 0.02401774 0.00395204
v 0.00189600 0.02391948 0.00404519
v 0.00150863 0.02382398 0.00414074
v 0.00135509 0.02350983 0.00456758
v 0.00110372 0.02267947 0.00453109
v 0.00000124 0.01666072 0.00376335
v 0.00265399 0.01509687 0.00749067
v 0.00189600 0.01585527 0.00755213
v 0.00000124 0.01471906 0.00744986
v 0.00341236 0.01737068 0.00763760
v 0.00341236 0.01812908 0.00768561
v 0.00265399 0.01661367 0.00760783
v 0.00398251 0.01945766 0.00771730
v 0.00398251 0.02422256 0.00453109
v 0.00341236 0.02402466 0.00394868
v 0.00265399 0.02343648 0.00373022
v 0.00189600 0.02343648 0.00383009
v 0.00141198 0.02343648 0.00403895
v 0.00000124 0.01625800 0.00338740
v 0.00000124 0.01645590 0.00357177
v 0.00265399 0.01433847 0.00742153
v 0.00341236 0.01509687 0.00745370
v 0.00341236 0.01585527 0.00752188
v 0.00265399 0.01585527 0.00755309
v 0.00000124 0.01433847 0.00741481
v 0.00398251 0.01794086 0.00761647
v 0.00398251 0.01869926 0.00767121
v 0.00341236 0.01661367 0.00758286
v 0.00398251 0.02402604 0.00394676
v 0.00398251 0.02358318 0.00377919
v 0.00189600 0.02267947 0.00370141
v 0.00341236 0.02343648 0.00372686
v 0.00398251 0.02040427 0.00330962
v 0.00398251 0.01964588 0.00322079
v 0.00130949 0.02267947 0.00393188
v 0.00000124 0.01605594 0.00337492
v 0.00398251 0.01888748 0.00314157
v 0.00398251 0.01815953 0.00308251
v 0.00000124 0.01282168 0.00727509
v 0.00265399 0.01358008 0.00734759
v 0.00314424 0.01231516 0.00719923
v 0.00398251 0.01642545 0.00748827
v 0.00341236 0.01433847 0.00737976
v 0.00382818 0.01311369 0.00719491
v 0.00398251 0.01718247 0.00755549
v 0.00398251 0.02343648 0.00372446
v 0.00000124 0.01585527 0.00336291
v 0.00398251 0.01008425 0.00292455
v 0.00000124 0.01008425 0.00307723
v 0.00000124 0.01219060 0.00721219
v 0.00265399 0.01282168 0.00727029
v 0.00113763 0.01219475 0.00721123
v 0.00189600 0.01219752 0.00721027
v 0.00265399 0.01222520 0.00720835
v 0.00265399 0.01184600 0.00716706
v 0.00265399 0.01130488 0.00710416
v 0.00265399 0.01054648 0.00701150
v 0.00341236 0.01008425 0.00690682
v 0.00341236 0.01054648 0.00696156
v 0.00341236 0.01130488 0.00704895
v 0.00364969 0.01260717 0.00716562
v 0.00340301 0.01284521 0.00722420
v 0.00341236 0.01358008 0.00730198
v 0.00398251 0.01566705 0.00741433
v 0.00398251 0.01326454 0.00716898
v 0.00398251 0.01366173 0.00721411
v 0.00392483 0.01358008 0.00722084
v 0.00398251 0.01008425 0.00679879
v 0.00000124 0.01008425 0.00695436
v 0.00000124 0.01181140 0.00717090
v 0.00113763 0.01181556 0.00717090
v 0.00189600 0.01181832 0.00717042
v 0.00189600 0.01130488 0.00711088
v 0.00189600 0.01054648 0.00701678
v 0.00265399 0.01008425 0.00695148
v 0.00398251 0.01385548 0.00723572
v 0.00113763 0.01008425 0.00695484
v 0.00000124 0.01016867 0.00696588
v 0.00000124 0.01130488 0.00711136
v 0.00000124 0.01054648 0.00701678
v 0.00189600 0.01008425 0.00695484
v 0.00000124 0.01092707 0.00706431
f 1410 1411 1412
f 1410 1412 1413
f 1410 1413 1414
f 1410 1414 1415
f 1410 1415 1416
f 1410 1416 1411
f 1411 1416 1417
f 1411 1417 1418
f 1411 1418 1419
f 1411 1419 1420
f 1411 1420 1412
f 1412 1420 1421
f 1412 1421 1422
f 1412 1422 1413
f 1413 1422 1434
f 1413 1434 1452
f 1413 1452 1475
f 1413 1475 1491
f 1413 1491 1505
f 1413 1505 1504
f 1413 1504 1523
f 1413 1523 1520
f 1413 1520 1542
f 1413 1542 1554
f 1413 1554 1544
f 1413 1544 1543
f 1413 1543 1546
f 1413 1546 1526
f 1413 1526 1516
f 1413 1516 1515
f 1413 1515 1512
f 1413 1512 1511
f 1413 1511 1524
f 1413 1524 1508
f 1413 1508 1507
f 1413 1507 1492
f 1413 1492 1477
f 1413 1477 1476
f 1413 1476 1456
f 1413 1456 1455
f 1413 1455 1454
f 1413 1454 1438
f 1413 1438 1437
f 1413 1437 1424
f 1413 1424 1423
f 1413 1423 1415
f 1413 1415 1414
f 1415 1423 1416
f 1416 1423 1424
f 1416 1424 1425
f 1416 1425 1417
f 1417 1425 1426
f 1417 1426 1427
f 1417 1427 1428
f 1417 1428 1418
f 1418 1428 1429
f 1418 1429 1430
f 1418 1430 1431
f 1418 1431 1419
f 1419 1432 1420
f 1419 1431 1432
f 1420 1432 1433
f 1420 1433 1421
f 1421 1434 1422
f 1421 1433 1435
f 1421 1435 1436
f 1421 1436 1434
f 1424 1437 1425
f 1425 1437 1438
f 1425 1438 1439
f 1425 1439 1426
f 1426 1439 1440
f 1426 1440 1427
f 1427 1441 1429
f 1427 1429 1428
f 1427 1440 1442
f 1427 1442 1441
f 1429 1441 1443
f 1429 1443 1444
f 1429 1444 1445
f 1429 1445 1430
f 1430 1445 1431
f 1431 1445 1470
f 1431 1470 1469
f 1431 1469 1468
f 1431 1468 1484
f 1431 1484 1498
f 1431 1498 1497
f 1431 1497 1514
f 1431 1514 1525
f 1431 1525 1527
f 1431 1527 1547
f 1431 1547 1556
f 1431 1556 1558
f 1431 1558 1560
f 1431 1560 1557
f 1431 1557 1548
f 1431 1548 1528
f 1431 1528 1517
f 1431 1517 1503
f 1431 1503 1487
f 1431 1487 1471
f 1431 1471 1446
f 1431 1446 1447
f 1431 1447 1448
f 1431 1448 1449
f 1431 1449 1450
f 1431 1450 1451
f 1431 1451 1432
f 1432 1451 1433
f 1433 1451 1435
f 1434 1436 1452
f 1435 1451 1450
f 1435 1450 1449
f 1435 1449 1436
f 1436 1449 1453
f 1436 1453 1452
f 1438 1454 1439
f 1439 1454 1455
f 1439 1455 1456
f 1439 1456 1457
f 1439 1457 1440
f 1440 1457 1458
f 1440 1458 1442
f 1441 1442 1459
f 1441 1459 1443
f 1442 1458 1460
f 1442 1460 1461
f 1442 1461 1462
f 1442 1462 1463
f 1442 1463 1459
f 1443 1464 1444
f 1443 1459 1465
f 1443 1465 1464
f 1444 1464 1466
f 1444 1466 1467
f 1444 1467 1468
f 1444 1468 1469
f 1444 1469 1470
f 1444 1470 1445
f 1446 1471 1447
f 1447 1472 1489
f 1447 1489 1473
f 1447 1473 1453
f 1447 1453 1448
f 1447 1471 1474
f 1447 1474 1472
f 1448 1453 1449
f 1452 1453 1475
f 1453 1473 1475
f 1456 1476 1457
f 1457 1476 1477
f 1457 1477 1492
f 1457 1492 1478
f 1457 1478 1461
f 1457 1461 1460
f 1457 1460 1458
f 1459 1463 1465
f 1461 1478 1479
f 1461 1479 1480
f 1461 1480 1481
f 1461 1481 1463
f 1461 1463 1462
f 1463 1481 1465
f 1464 1465 1482
f 1464 1482 1466
f 1465 1481 1482
f 1466 1482 1483
f 1466 1483 1467
f 1467 1483 1468
f 1468 1483 1484
f 1471 1485 1486
f 1471 1486 1474
f 1471 1487 1485
f 1472 1488 1489
f 1472 1474 1490
f 1472 1490 1488
f 1473 1491 1475
f 1473 1489 1491
f 1474 1486 1490
f 1478 1492 1493
f 1478 1493 1479
f 1479 1493 1494
f 1479 1494 1495
f 1479 1495 1480
f 1480 1495 1481
f 1481 1495 1496
f 1481 1496 1483
f 1481 1483 1482
f 1483 1496 1497
f 1483 1497 1498
f 1483 1498 1484
f 1485 1487 1499
f 1485 1499 1500
f 1485 1500 1501
f 1485 1501 1502
f 1485 1502 1486
f 1486 1502 1490
f 1487 1503 1499
f 1488 1504 1505
f 1488 1505 1489
f 1488 1490 1502
f 1488 1502 1506
f 1488 1506 1504
f 1489 1505 1491
f 1492 1507 1493
f 1493 1507 1508
f 1493 1508 1494
f 1494 1509 1495
f 1494 1508 1510
f 1494 1510 1511
f 1494 1511 1512
f 1494 1512 1509
f 1495 1509 1513
f 1495 1513 1496
f 1496 1513 1497
f 1497 1513 1509
f 1497 1509 1515
f 1497 1515 1516
f 1497 1516 1514
f 1499 1503 1517
f 1499 1517 1518
f 1499 1518 1519
f 1499 1519 1500
f 1500 1520 1501
f 1500 1519 1521
f 1500 1521 1522
f 1500 1522 1520
f 1501 1520 1523
f 1501 1523 1504
f 1501 1504 1506
f 1501 1506 1502
f 1508 1524 1510
f 1509 1512 1515
f 1510 1524 1511
f 1514 1516 1525
f 1516 1526 1527
f 1516 1527 1525
f 1517 1528 1518
f 1518 1529 1519
f 1518 1528 1530
f 1518 1530 1531
f 1518 1531 1529
f 1519 1532 1533
f 1519 1533 1534
f 1519 1534 1535
f 1519 1535 1536
f 1519 1536 1537
f 1519 1537 1538
f 1519 1538 1539
f 1519 1539 1540
f 1519 1540 1541
f 1519 1541 1521
f 1519 1529 1532
f 1520 1522 1542
f 1521 1541 1522
f 1522 1543 1544
f 1522 1544 1545
f 1522 1545 1542
f 1522 1541 1539
f 1522 1539 1536
f 1522 1536 1546
f 1522 1546 1543
f 1526 1546 1536
f 1526 1536 1553
f 1526 1553 1559
f 1526 1559 1555
f 1526 1555 1547
f 1526 1547 1527
f 1528 1548 1549
f 1528 1549 1550
f 1528 1550 1530
f 1529 1531 1532
f 1530 1550 1531
f 1531 1550 1532
f 1532 1550 1533
f 1533 1550 1551
f 1533 1551 1534
f 1534 1551 1535
f 1535 1552 1553
f 1535 1553 1536
f 1535 1551 1552
f 1536 1539 1537
f 1537 1539 1538
f 1539 1541 1540
f 1542 1545 1554
f 1544 1554 1545
f 1547 1555 1556
f 1548 1557 1551
f 1548 1551 1549
f 1549 1551 1550
f 1551 1557 1552
f 1552 1558 1555
f 1552 1555 1559
f 1552 1559 1553
f 1552 1557 1560
f 1552 1560 1558
f 1555 1558 1556

o geometry_11
v -0.00495815 0.03477522 -0.00322350
v -0.00569010 0.03201969 0.00042760
v -0.00498572 0.03175147 0.00042760
v -0.00644546 0.03198110 0.00042760
v -0.00644546 0.03477522 -0.00303358
v -0.00704597 0.03477522 -0.00323540
v -0.00568745 0.03477522 -0.00302214
v -0.00499441 0.03477522 -0.00321023
v -0.00772278 0.03477522 -0.00424771
v -0.00771900 0.03477522 -0.00400745
v -0.00742516 0.03477522 -0.00362806
v -0.00709620 0.03167622 0.00042760
v -0.00747502 0.03130476 0.00042760
v -0.00783721 0.03092558 0.00042760
v -0.00794712 0.03066991 0.00042760
v -0.00810423 0.03026179 0.00042760
v -0.00811708 0.03026179 -0.00153616
v -0.00811481 0.02995015 0.00042760
v -0.00811708 0.02950441 0.00042760
v -0.00811708 0.02491862 0.00042760
v -0.00460917 0.03102014 0.00042760
v -0.00459557 0.03477522 -0.00381066
v -0.00458840 0.03477522 -0.00424771
v -0.00426473 0.03179682 -0.00424771
v -0.00481501 0.02491862 -0.00424771
v -0.00425362 0.03102103 -0.00424771
v -0.00468962 0.03026179 0.00042760
v -0.00528295 0.02491862 0.00042760
v -0.00761136 0.02491862 -0.00424771
v -0.00776017 0.03253683 -0.00424771
v -0.00788820 0.03177849 -0.00381066
v -0.00775790 0.02491862 -0.00381066
v -0.00795241 0.02491862 -0.00305234
v -0.00806005 0.02491862 -0.00229402
v -0.00801737 0.03102014 -0.00305234
v -0.00786894 0.03253683 -0.00381066
v -0.00805174 0.03102014 -0.00229402
v -0.00809328 0.03026179 -0.00229402
v -0.00810574 0.02491862 -0.00153616
v -0.00811594 0.02874702 -0.00153616
v -0.00811708 0.02491862 -0.00077784
f 1562 1563 1561
f 1562 1564 1563
f 1565 1564 1562
f 1565 1566 1564
f 1565 1567 1566
f 1565 1562 1567
f 1568 1567 1562
f 1568 1561 1567
f 1568 1562 1561
f 1567 1561 1566
f 1566 1561 1569
f 1570 1566 1569
f 1571 1566 1570
f 1571 1572 1566
f 1573 1572 1571
f 1573 1574 1572
f 1573 1571 1574
f 1571 1570 1574
f 1575 1574 1570
f 1575 1576 1574
f 1575 1570 1576
f 1570 1569 1576
f 1577 1576 1569
f 1578 1576 1577
f 1578 1579 1576
f 1578 1577 1579
f 1579 1577 1580
f 1579 1580 1576
f 1576 1580 1564
f 1574 1576 1564
f 1572 1574 1564
f 1572 1564 1566
f 1564 1580 1581
f 1563 1564 1581
f 1582 1563 1581
f 1582 1561 1563
f 1582 1583 1561
f 1584 1583 1582
f 1584 1585 1583
f 1584 1586 1585
f 1584 1581 1586
f 1584 1582 1581
f 1586 1581 1585
f 1587 1585 1581
f 1587 1588 1585
f 1587 1581 1588
f 1588 1581 1580
f 1588 1580 1585
f 1589 1585 1580
f 1589 1569 1585
f 1590 1569 1589
f 1590 1591 1569
f 1592 1591 1590
f 1592 1593 1591
f 1592 1589 1593
f 1592 1590 1589
f 1593 1589 1594
f 1595 1593 1594
f 1595 1591 1593
f 1596 1591 1595
f 1596 1569 1591
f 1596 1595 1569
f 1597 1569 1595
f 1597 1577 1569
f 1597 1598 1577
f 1597 1595 1598
f 1595 1594 1598
f 1599 1598 1594
f 1600 1598 1599
f 1600 1577 1598
f 1601 1577 1600
f 1601 1580 1577
f 1601 1599 1580
f 1601 1600 1599
f 1599 1594 1580
f 1594 1589 1580
f 1583 1585 1569
f 1583 1569 1561

o geometry_12
v -0.00425868 0.00062775 -0.00424771
v -0.00159523 -0.00001066 -0.00424771
v -0.00192211 -0.00270266 -0.00424771
v -0.00167276 -0.00190821 -0.00424771
v -0.00187575 -0.00316067 -0.00387146
v -0.00159576 -0.00234526 -0.00381058
v -0.00160597 -0.00114992 -0.00424771
v -0.00158292 -0.00158697 -0.00381058
v -0.00159445 -0.00039164 -0.00424771
v -0.00158292 -0.00001066 -0.00381058
v -0.00158292 -0.00001066 -0.00305215
v -0.00158292 -0.00386131 -0.00153614
v -0.00159000 -0.00310302 -0.00305215
v -0.00187523 -0.00391476 -0.00310077
v -0.00159523 -0.00386131 -0.00229372
v -0.00161147 -0.00461960 -0.00001929
v -0.00163452 -0.00461960 -0.00077771
v -0.00177465 -0.00461960 -0.00153614
v -0.00206066 -0.00438011 -0.00288051
v -0.00199414 -0.00462746 -0.00222777
v -0.00225186 -0.00500687 -0.00193142
v -0.00212064 -0.00506713 -0.00153614
v -0.00198052 -0.00514941 -0.00077771
v -0.00195747 -0.00518137 -0.00001929
v -0.00161409 -0.00461960 0.00007119
v -0.00196009 -0.00517823 0.00007119
v -0.00158292 -0.00386131 0.00007119
v -0.00158292 -0.00310302 0.00007119
v -0.00160362 -0.00234526 0.00007119
v -0.00160519 -0.00001066 -0.00229372
v -0.00194856 -0.00172532 0.00007119
v -0.00265417 -0.00535745 0.00007119
v -0.00265417 -0.00536374 -0.00001929
v -0.00265417 -0.00530033 -0.00077771
v -0.00265417 -0.00513526 -0.00153614
v -0.00265417 -0.00501054 -0.00193945
v -0.00308869 -0.00500687 -0.00193142
v -0.00336973 -0.00507499 -0.00154375
v -0.00341242 -0.00522749 -0.00077771
v -0.00383516 -0.00503517 -0.00129644
v -0.00388335 -0.00507709 -0.00077771
v -0.00426275 -0.00471353 -0.00077759
v -0.00429379 -0.00474369 -0.00001918
v -0.00391452 -0.00510591 -0.00001929
v -0.00341242 -0.00528827 -0.00001929
v -0.00341242 -0.00528199 0.00007119
v -0.00391112 -0.00510277 0.00007119
v -0.00425868 -0.00477052 0.00007119
v -0.00465645 -0.00436379 0.00000706
v -0.00465735 -0.00436485 -0.00001918
v -0.00463331 -0.00433416 -0.00077759
v -0.00535333 -0.00280242 -0.00077759
v -0.00536236 -0.00281987 0.00000706
v -0.00541158 -0.00234474 0.00000706
v -0.00540537 -0.00234474 -0.00077759
v -0.00533211 -0.00276432 -0.00121823
v -0.00536609 -0.00231987 -0.00149685
v -0.00536722 -0.00155215 -0.00227068
v -0.00540322 -0.00082886 -0.00229400
v -0.00540650 0.00062775 -0.00229400
v -0.00535446 0.00062775 -0.00181796
v -0.00535740 -0.00189183 0.00000706
v -0.00425868 -0.00151623 0.00007119
v -0.00492927 -0.00166908 0.00000706
v -0.00489303 0.00062775 -0.00148394
v -0.00425868 0.00062775 -0.00136275
v -0.00417068 -0.00149946 0.00007119
v -0.00265417 -0.00149370 0.00007119
v -0.00341242 -0.00148898 0.00007119
v -0.00195406 -0.00001066 -0.00169468
v -0.00495399 0.00062775 -0.00151310
v -0.00468738 0.00062775 -0.00424771
v -0.00536022 0.00062775 -0.00276712
v -0.00536259 -0.00007013 -0.00277628
v -0.00535480 -0.00082886 -0.00275629
v -0.00471153 -0.00007013 -0.00424771
v -0.00425868 -0.00001066 -0.00424771
v -0.00425868 -0.00216971 -0.00424771
v -0.00460159 -0.00126961 -0.00424771
v -0.00466751 -0.00082886 -0.00424771
v -0.00533414 -0.00127596 -0.00271673
v -0.00534442 -0.00205109 -0.00200288
v -0.00489292 -0.00310294 -0.00229400
v -0.00467033 -0.00366379 -0.00229400
v -0.00458771 -0.00353257 -0.00273214
v -0.00467519 -0.00306908 -0.00301160
v -0.00490274 -0.00234474 -0.00305199
v -0.00459685 -0.00279395 -0.00349097
v -0.00467756 -0.00234474 -0.00362757
v -0.00472711 -0.00159130 -0.00385622
v -0.00459448 -0.00134156 -0.00423896
v -0.00450644 -0.00184686 -0.00413901
v -0.00442574 -0.00179289 -0.00424771
v -0.00432325 -0.00203204 -0.00424771
v -0.00439187 -0.00234474 -0.00400699
v -0.00417670 -0.00234526 -0.00424771
v -0.00458387 -0.00134844 -0.00424771
v -0.00389278 -0.00288136 -0.00424771
v -0.00414606 -0.00308416 -0.00379621
v -0.00390981 -0.00363545 -0.00359582
v -0.00380006 -0.00295315 -0.00424771
v -0.00341242 -0.00337867 -0.00410482
v -0.00341242 -0.00316696 -0.00424771
v -0.00265417 -0.00329273 -0.00424771
v -0.00265417 -0.00343684 -0.00415259
v -0.00341242 -0.00375860 -0.00372561
v -0.00265417 -0.00380472 -0.00377338
v -0.00205359 -0.00369729 -0.00365923
v -0.00202766 -0.00298564 -0.00424771
v -0.00265417 -0.00418360 -0.00336330
v -0.00341242 -0.00413748 -0.00330877
v -0.00387890 -0.00432561 -0.00280780
v -0.00341242 -0.00440946 -0.00292955
v -0.00265417 -0.00444981 -0.00298409
v -0.00265417 -0.00482922 -0.00231824
v -0.00336973 -0.00480721 -0.00222777
v -0.00359420 -0.00496023 -0.00180163
v -0.00400541 -0.00446501 -0.00229372
v -0.00438476 -0.00404263 -0.00229400
v -0.00449504 -0.00417967 -0.00177506
v -0.00459064 -0.00428496 -0.00126946
v -0.00416492 -0.00462274 -0.00153572
v -0.00472429 -0.00390083 -0.00152767
v -0.00414711 -0.00383668 -0.00302256
v -0.00441546 -0.00329977 -0.00323774
f 1603 1604 1602
f 1605 1604 1603
f 1605 1606 1604
f 1605 1607 1606
f 1608 1607 1605
f 1608 1609 1607
f 1610 1609 1608
f 1610 1611 1609
f 1610 1603 1611
f 1610 1608 1603
f 1608 1605 1603
f 1611 1603 1602
f 1611 1602 1612
f 1611 1612 1609
f 1609 1612 1613
f 1614 1609 1613
f 1614 1607 1609
f 1614 1606 1607
f 1614 1615 1606
f 1614 1616 1615
f 1614 1613 1616
f 1616 1613 1617
f 1618 1616 1617
f 1619 1616 1618
f 1619 1620 1616
f 1621 1620 1619
f 1621 1622 1620
f 1621 1623 1622
f 1621 1619 1623
f 1619 1624 1623
f 1619 1618 1624
f 1618 1625 1624
f 1618 1617 1625
f 1626 1625 1617
f 1626 1627 1625
f 1626 1628 1627
f 1626 1617 1628
f 1613 1628 1617
f 1613 1612 1628
f 1629 1628 1612
f 1629 1630 1628
f 1629 1612 1630
f 1630 1612 1631
f 1630 1631 1632
f 1630 1632 1628
f 1628 1632 1633
f 1627 1628 1633
f 1627 1633 1634
f 1625 1627 1634
f 1625 1634 1624
f 1635 1624 1634
f 1635 1623 1624
f 1622 1623 1635
f 1636 1622 1635
f 1636 1637 1622
f 1636 1638 1637
f 1636 1639 1638
f 1636 1635 1639
f 1640 1639 1635
f 1640 1641 1639
f 1642 1641 1640
f 1642 1643 1641
f 1642 1644 1643
f 1642 1645 1644
f 1642 1646 1645
f 1642 1640 1646
f 1646 1640 1634
f 1646 1634 1647
f 1646 1647 1648
f 1646 1648 1645
f 1644 1645 1648
f 1644 1648 1649
f 1644 1649 1650
f 1651 1644 1650
f 1651 1652 1644
f 1651 1653 1652
f 1651 1654 1653
f 1651 1650 1654
f 1654 1650 1649
f 1655 1654 1649
f 1656 1654 1655
f 1656 1653 1654
f 1656 1657 1653
f 1656 1658 1657
f 1656 1659 1658
f 1656 1660 1659
f 1656 1655 1660
f 1655 1661 1660
f 1655 1662 1661
f 1655 1663 1662
f 1664 1663 1655
f 1664 1665 1663
f 1664 1666 1665
f 1664 1667 1666
f 1664 1668 1667
f 1664 1649 1668
f 1664 1655 1649
f 1649 1633 1668
f 1647 1633 1649
f 1647 1634 1633
f 1648 1647 1649
f 1633 1632 1668
f 1669 1668 1632
f 1670 1668 1669
f 1670 1667 1668
f 1670 1669 1667
f 1667 1669 1632
f 1667 1632 1671
f 1631 1667 1671
f 1631 1612 1667
f 1612 1602 1667
f 1667 1602 1662
f 1666 1667 1662
f 1672 1666 1662
f 1672 1663 1666
f 1672 1662 1663
f 1665 1666 1663
f 1661 1662 1602
f 1673 1661 1602
f 1674 1661 1673
f 1675 1661 1674
f 1675 1660 1661
f 1675 1676 1660
f 1675 1677 1676
f 1675 1674 1677
f 1674 1673 1677
f 1673 1602 1677
f 1677 1602 1678
f 1677 1678 1679
f 1680 1677 1679
f 1681 1677 1680
f 1676 1677 1681
f 1676 1681 1682
f 1676 1682 1659
f 1676 1659 1660
f 1659 1682 1683
f 1658 1659 1683
f 1658 1683 1657
f 1684 1657 1683
f 1684 1685 1657
f 1684 1686 1685
f 1684 1687 1686
f 1684 1683 1687
f 1688 1687 1683
f 1688 1689 1687
f 1688 1690 1689
f 1688 1682 1690
f 1688 1683 1682
f 1691 1690 1682
f 1692 1690 1691
f 1692 1693 1690
f 1694 1693 1692
f 1695 1693 1694
f 1695 1696 1693
f 1695 1697 1696
f 1695 1679 1697
f 1695 1694 1679
f 1694 1680 1679
f 1698 1680 1694
f 1698 1692 1680
f 1698 1694 1692
f 1692 1682 1680
f 1692 1691 1682
f 1681 1680 1682
f 1697 1679 1699
f 1697 1699 1696
f 1696 1699 1689
f 1693 1696 1689
f 1693 1689 1690
f 1700 1689 1699
f 1700 1701 1689
f 1700 1699 1701
f 1702 1701 1699
f 1702 1703 1701
f 1702 1704 1703
f 1702 1699 1704
f 1704 1699 1705
f 1706 1704 1705
f 1706 1703 1704
f 1706 1707 1703
f 1706 1708 1707
f 1706 1709 1708
f 1706 1710 1709
f 1706 1705 1710
f 1710 1705 1604
f 1710 1604 1606
f 1709 1710 1606
f 1709 1606 1615
f 1709 1615 1620
f 1709 1620 1711
f 1709 1711 1708
f 1707 1708 1711
f 1707 1711 1712
f 1707 1712 1701
f 1707 1701 1703
f 1712 1713 1701
f 1712 1714 1713
f 1712 1711 1714
f 1714 1711 1715
f 1714 1715 1716
f 1638 1714 1716
f 1638 1717 1714
f 1718 1717 1638
f 1718 1713 1717
f 1718 1641 1713
f 1718 1639 1641
f 1718 1638 1639
f 1719 1713 1641
f 1720 1713 1719
f 1720 1686 1713
f 1720 1685 1686
f 1721 1685 1720
f 1721 1722 1685
f 1721 1723 1722
f 1721 1719 1723
f 1721 1720 1719
f 1723 1719 1641
f 1723 1641 1722
f 1643 1722 1641
f 1652 1722 1643
f 1652 1657 1722
f 1652 1653 1657
f 1724 1722 1657
f 1724 1685 1722
f 1724 1657 1685
f 1652 1643 1644
f 1725 1713 1686
f 1725 1701 1713
f 1725 1686 1701
f 1726 1701 1686
f 1726 1689 1701
f 1726 1686 1689
f 1687 1689 1686
f 1714 1717 1713
f 1637 1638 1716
f 1637 1716 1622
f 1622 1716 1715
f 1622 1715 1620
f 1711 1620 1715
f 1615 1616 1620
f 1705 1699 1604
f 1699 1679 1604
f 1679 1678 1604
f 1602 1604 1678
f 1631 1671 1632
f 1640 1635 1634

o geometry_13
v -0.00425743 0.00956912 0.00231560
v -0.00425868 0.00957047 0.00231367
v -0.00425868 0.00950685 0.00231560
v 0.00000124 0.00898368 0.00231560
v -0.00425868 0.00955626 -0.00077782
v -0.00425868 0.00265621 0.00231560
v 0.00000124 0.00891668 -0.00153527
v -0.00425868 0.00954678 -0.00140678
v 0.00000124 0.00358276 0.00231560
v -0.00425868 0.00265621 -0.00394704
v -0.00166128 0.00265621 0.00231560
v 0.00000124 0.00878335 -0.00210192
v -0.00425868 0.00954272 -0.00153527
v -0.00154995 0.00265892 0.00231560
v -0.00155036 0.00265621 0.00225970
v 0.00000124 0.00358276 -0.00229401
v -0.00401058 0.00265621 -0.00424771
v -0.00425868 0.00835899 -0.00239166
v 0.00000124 0.00827100 -0.00235312
v -0.00425868 0.00914815 -0.00217323
v -0.00425868 0.00924561 -0.00211605
v -0.00425868 0.00945339 -0.00187641
v -0.00155036 0.00265621 -0.00229401
v 0.00000124 0.00384197 -0.00303412
v -0.00155328 0.00265621 -0.00305210
v -0.00165294 0.00265621 -0.00378900
v -0.00195693 0.00265621 -0.00424771
v -0.00394636 0.00280037 -0.00424771
v 0.00000124 0.00448020 -0.00304697
v -0.00204658 0.00296280 -0.00424771
v -0.00219711 0.00318547 -0.00424771
v -0.00265371 0.00327007 -0.00424771
v -0.00297020 0.00326669 -0.00424771
v -0.00314533 0.00323894 -0.00424771
v -0.00345807 0.00314554 -0.00424771
v 0.00000124 0.00416007 -0.00304054
f 1727 1728 1729
f 1727 1729 1732
f 1727 1732 1737
f 1727 1737 1740
f 1727 1740 1735
f 1727 1735 1730
f 1727 1730 1728
f 1728 1731 1734
f 1728 1734 1739
f 1728 1739 1748
f 1728 1748 1747
f 1728 1747 1746
f 1728 1746 1744
f 1728 1744 1736
f 1728 1736 1732
f 1728 1732 1729
f 1728 1730 1731
f 1730 1733 1734
f 1730 1734 1731
f 1730 1735 1742
f 1730 1742 1750
f 1730 1750 1762
f 1730 1762 1755
f 1730 1755 1745
f 1730 1745 1738
f 1730 1738 1733
f 1732 1736 1743
f 1732 1743 1753
f 1732 1753 1752
f 1732 1752 1751
f 1732 1751 1749
f 1732 1749 1741
f 1732 1741 1737
f 1733 1738 1739
f 1733 1739 1734
f 1735 1740 1741
f 1735 1741 1749
f 1735 1749 1742
f 1736 1744 1743
f 1737 1741 1740
f 1738 1745 1746
f 1738 1746 1747
f 1738 1747 1748
f 1738 1748 1739
f 1742 1749 1751
f 1742 1751 1752
f 1742 1752 1750
f 1743 1744 1746
f 1743 1746 1754
f 1743 1754 1761
f 1743 1761 1760
f 1743 1760 1759
f 1743 1759 1758
f 1743 1758 1757
f 1743 1757 1756
f 1743 1756 1753
f 1745 1755 1756
f 1745 1756 1757
f 1745 1757 1758
f 1745 1758 1746
f 1746 1758 1759
f 1746 1759 1760
f 1746 1760 1761
f 1746 1761 1754
f 1750 1752 1753
f 1750 1753 1762
f 1753 1756 1755
f 1753 1755 1762

o geometry_14
v 0.00000124 0.00511178 -0.00260223
v 0.00265461 0.00511178 -0.00260125
v 0.00281270 0.00511178 -0.00259783
v 0.00644561 0.01008425 -0.00241679
v 0.00000124 0.00751332 -0.00241679
v 0.00000124 0.00827117 -0.00235318
v 0.00000124 0.00878370 -0.00210217
v 0.00568693 0.01008425 -0.00237275
v 0.00501644 0.01008425 -0.00213545
v 0.00000124 0.01008425 0.00307694
v 0.00000124 0.01008425 0.00695429
v 0.00000124 0.00511178 0.00632592
v 0.00328662 0.00511178 0.00635002
v 0.00341292 0.00523834 0.00636608
v 0.00341292 0.00511178 0.00634823
v 0.00404363 0.00511178 0.00631565
v 0.00417072 0.00511178 0.00629959
v 0.00417072 0.00523834 0.00632681
v 0.00265433 0.01008425 0.00695161
v 0.00189653 0.01008425 0.00695518
v 0.00341292 0.01008425 0.00690654
v 0.00417072 0.01008425 0.00676462
v 0.00520954 0.01008425 0.00638215
v 0.00483064 0.01008425 0.00654505
v 0.00568711 0.00599667 0.00591935
v 0.00492852 0.00523834 0.00616079
v 0.00480222 0.00511178 0.00616124
v 0.00493800 0.00511178 0.00612107
v 0.00592550 0.00511178 0.00571584
v 0.00569501 0.00511178 0.00581269
v 0.00574474 0.00526024 0.00582295
v 0.00604312 0.00511178 0.00565559
v 0.00607864 0.00552697 0.00567702
v 0.00637703 0.00526024 0.00540121
v 0.00648202 0.00599667 0.00537265
v 0.00687986 0.00523834 0.00496786
v 0.00690275 0.00599667 0.00499375
v 0.00725481 0.00599667 0.00453095
v 0.00755557 0.00599667 0.00409537
v 0.00687197 0.00511178 0.00495894
v 0.00616469 0.00511178 0.00555607
v 0.00441506 0.00511178 -0.00177386
v 0.00719561 0.00511178 0.00303544
v 0.00706615 0.00511178 0.00465368
v 0.00767555 0.00549436 0.00360713
v 0.00728402 0.00511178 0.00400701
v 0.00771107 0.00546856 0.00301446
v 0.00729665 0.00511178 0.00381153
v 0.00777865 0.00618406 -0.00077717
v 0.00781599 0.00613684 -0.00001925
v 0.00804558 0.00675499 -0.00077717
v 0.00769206 0.00627313 -0.00132322
v 0.00720349 0.00592171 -0.00077717
v 0.00473044 0.00511178 -0.00140738
v 0.00405042 0.00511178 -0.00217263
v 0.00720349 0.00645517 -0.00184040
v 0.00768332 0.00697305 -0.00200089
v 0.00338707 0.00511178 -0.00252052
v 0.00329571 0.00511178 -0.00253911
v 0.00720349 0.00751332 -0.00229545
v 0.00720349 0.00827117 -0.00234780
v 0.00775720 0.00751332 -0.00207037
v 0.00802413 0.00751332 -0.00153557
v 0.00781519 0.00673407 -0.00155955
v 0.00811708 0.00751332 -0.00077717
v 0.00808292 0.00675499 -0.00001925
v 0.00789861 0.00599667 0.00225548
v 0.00810913 0.00675499 0.00149707
v 0.00811708 0.00751332 0.00149707
v 0.00808768 0.00675499 0.00225548
v 0.00811152 0.01008425 0.00149707
v 0.00808371 0.00827117 0.00225548
v 0.00796367 0.00675499 0.00301446
v 0.00806077 0.00813099 0.00239591
v 0.00806941 0.01008425 0.00225548
v 0.00811708 0.01008425 -0.00077717
v 0.00811708 0.01008425 0.00073916
v 0.00804876 0.01008425 -0.00153557
v 0.00690907 0.01008425 0.00501294
v 0.00770397 0.01008425 0.00366961
v 0.00792894 0.01008425 0.00301446
v 0.00795262 0.00827117 0.00301446
v 0.00772528 0.00675499 0.00371647
v 0.00772449 0.00599667 0.00371647
v 0.00755557 0.00675499 0.00409537
v 0.00726508 0.00751332 0.00453095
v 0.00726192 0.00827117 0.00453095
v 0.00691538 0.00827117 0.00501606
v 0.00723903 0.01008425 0.00453095
v 0.00755004 0.00827117 0.00408243
v 0.00771818 0.00827117 0.00370353
v 0.00753347 0.01008425 0.00404851
v 0.00655385 0.01008425 0.00539184
v 0.00691538 0.00751332 0.00501383
v 0.00726429 0.00675499 0.00453095
v 0.00691302 0.00675499 0.00500758
v 0.00617495 0.01008425 0.00575824
v 0.00568711 0.01008425 0.00609340
v 0.00613074 0.00675499 0.00571584
v 0.00610311 0.00599667 0.00569487
v 0.00650964 0.00675499 0.00538648
v 0.00778183 0.01008425 -0.00209679
v 0.00720349 0.01008425 -0.00234829
v 0.00644561 0.00827117 -0.00241679
v 0.00778183 0.00827117 -0.00209679
v 0.00804876 0.00827117 -0.00153557
v 0.00790289 0.00599667 0.00301446
f 1764 1765 1763
f 1764 1766 1765
f 1764 1763 1766
f 1767 1766 1763
f 1767 1768 1766
f 1767 1763 1768
f 1768 1763 1769
f 1770 1768 1769
f 1770 1766 1768
f 1770 1771 1766
f 1770 1769 1771
f 1772 1771 1769
f 1772 1773 1771
f 1772 1769 1773
f 1773 1769 1774
f 1775 1773 1774
f 1775 1776 1773
f 1777 1776 1775
f 1777 1778 1776
f 1777 1775 1778
f 1778 1775 1779
f 1778 1779 1780
f 1778 1780 1776
f 1781 1776 1780
f 1781 1782 1776
f 1781 1783 1782
f 1781 1780 1783
f 1784 1783 1780
f 1784 1785 1783
f 1786 1785 1784
f 1786 1787 1785
f 1786 1788 1787
f 1786 1784 1788
f 1784 1780 1788
f 1789 1788 1780
f 1789 1790 1788
f 1789 1779 1790
f 1789 1780 1779
f 1790 1779 1791
f 1792 1790 1791
f 1792 1788 1790
f 1792 1793 1788
f 1792 1791 1793
f 1794 1793 1791
f 1794 1795 1793
f 1796 1795 1794
f 1796 1797 1795
f 1798 1797 1796
f 1798 1799 1797
f 1798 1800 1799
f 1798 1801 1800
f 1798 1802 1801
f 1798 1796 1802
f 1803 1802 1796
f 1803 1794 1802
f 1803 1796 1794
f 1794 1791 1802
f 1791 1779 1802
f 1779 1774 1802
f 1775 1774 1779
f 1774 1763 1802
f 1774 1769 1763
f 1804 1802 1763
f 1805 1802 1804
f 1806 1802 1805
f 1806 1801 1802
f 1806 1807 1801
f 1808 1807 1806
f 1808 1809 1807
f 1810 1809 1808
f 1810 1805 1809
f 1810 1808 1805
f 1808 1806 1805
f 1811 1809 1805
f 1811 1812 1809
f 1811 1813 1812
f 1811 1814 1813
f 1811 1815 1814
f 1811 1805 1815
f 1816 1815 1805
f 1816 1814 1815
f 1816 1804 1814
f 1816 1805 1804
f 1817 1814 1804
f 1818 1814 1817
f 1818 1819 1814
f 1818 1820 1819
f 1818 1817 1820
f 1817 1804 1820
f 1820 1804 1763
f 1765 1820 1763
f 1821 1820 1765
f 1821 1822 1820
f 1821 1765 1822
f 1822 1765 1823
f 1822 1823 1824
f 1819 1822 1824
f 1819 1820 1822
f 1819 1824 1825
f 1819 1825 1826
f 1819 1826 1814
f 1826 1813 1814
f 1826 1825 1813
f 1827 1813 1825
f 1828 1813 1827
f 1828 1829 1813
f 1828 1830 1829
f 1828 1827 1830
f 1831 1830 1827
f 1831 1832 1830
f 1833 1832 1831
f 1834 1832 1833
f 1834 1835 1832
f 1834 1836 1835
f 1834 1837 1836
f 1834 1833 1837
f 1833 1838 1837
f 1839 1838 1833
f 1839 1831 1838
f 1839 1833 1831
f 1831 1827 1838
f 1838 1827 1840
f 1838 1840 1837
f 1837 1840 1841
f 1842 1837 1841
f 1843 1837 1842
f 1844 1837 1843
f 1844 1836 1837
f 1844 1835 1836
f 1845 1835 1844
f 1845 1846 1835
f 1845 1801 1846
f 1847 1801 1845
f 1847 1848 1801
f 1849 1848 1847
f 1849 1850 1848
f 1849 1841 1850
f 1849 1851 1841
f 1849 1852 1851
f 1849 1847 1852
f 1847 1845 1852
f 1845 1853 1852
f 1845 1844 1853
f 1844 1843 1853
f 1853 1843 1842
f 1852 1853 1842
f 1852 1842 1854
f 1851 1852 1854
f 1851 1854 1841
f 1854 1842 1841
f 1850 1841 1855
f 1856 1850 1855
f 1856 1857 1850
f 1856 1858 1857
f 1856 1859 1858
f 1856 1855 1859
f 1855 1841 1859
f 1859 1841 1785
f 1860 1859 1785
f 1860 1861 1859
f 1860 1785 1861
f 1862 1861 1785
f 1797 1861 1862
f 1797 1863 1861
f 1799 1863 1797
f 1799 1858 1863
f 1799 1800 1858
f 1800 1857 1858
f 1800 1801 1857
f 1848 1857 1801
f 1850 1857 1848
f 1863 1858 1859
f 1863 1859 1861
f 1797 1862 1795
f 1862 1787 1795
f 1862 1785 1787
f 1795 1787 1793
f 1787 1788 1793
f 1785 1841 1782
f 1783 1785 1782
f 1841 1840 1782
f 1766 1782 1840
f 1771 1782 1766
f 1773 1782 1771
f 1776 1782 1773
f 1864 1766 1840
f 1865 1766 1864
f 1866 1766 1865
f 1866 1765 1766
f 1866 1823 1765
f 1866 1865 1823
f 1865 1867 1823
f 1865 1864 1867
f 1867 1864 1840
f 1868 1867 1840
f 1868 1825 1867
f 1868 1827 1825
f 1868 1840 1827
f 1867 1825 1824
f 1867 1824 1823
f 1807 1846 1801
f 1869 1846 1807
f 1869 1835 1846
f 1869 1832 1835
f 1830 1832 1869
f 1830 1869 1829
f 1869 1809 1829
f 1869 1807 1809
f 1829 1809 1813
f 1812 1813 1809

o geometry_15
v 0.00568752 0.02950397 0.00663880
v 0.00515927 0.02950397 0.00654832
v 0.00561902 0.02497343 0.00657417
v 0.00633928 0.02497343 0.00659140
v 0.00635173 0.02722985 0.00657704
v 0.00634862 0.02798818 0.00656651
v 0.00632267 0.02874652 0.00654449
v 0.00627735 0.02950397 0.00651720
v 0.00568752 0.03026230 0.00659954
v 0.00512675 0.03026230 0.00654018
v 0.00481575 0.03026230 0.00604707
v 0.00530318 0.02497343 0.00640469
v 0.00560276 0.02497343 0.00657082
v 0.00634862 0.02497343 0.00658566
v 0.00673088 0.02722985 0.00636783
v 0.00672742 0.02798818 0.00636879
v 0.00670148 0.02874652 0.00635826
v 0.00665616 0.02950397 0.00634006
v 0.00659112 0.03026230 0.00631613
v 0.00621232 0.03026230 0.00648560
v 0.00612652 0.03102064 0.00644970
v 0.00607567 0.03143299 0.00642959
v 0.00568752 0.03102064 0.00651576
v 0.00525198 0.03158607 0.00645305
v 0.00517829 0.03102064 0.00649230
v 0.00497799 0.03401239 0.00589962
v 0.00482474 0.03102064 0.00604707
v 0.00459261 0.03329564 0.00528874
v 0.00458466 0.03253731 0.00528874
v 0.00458327 0.03177897 0.00528874
v 0.00460264 0.03102064 0.00528874
v 0.00523745 0.02497343 0.00608010
v 0.00671808 0.02497343 0.00634916
v 0.00715224 0.02722985 0.00598866
v 0.00715501 0.02798818 0.00598962
v 0.00715120 0.02874652 0.00597909
v 0.00714463 0.02950397 0.00596090
v 0.00713149 0.03026230 0.00593696
v 0.00711073 0.03102064 0.00590728
v 0.00708651 0.03177897 0.00587664
v 0.00705226 0.03253731 0.00584073
v 0.00650533 0.03102064 0.00628644
v 0.00700625 0.03329564 0.00579860
v 0.00637525 0.03172322 0.00627639
v 0.00568752 0.03156483 0.00644922
v 0.00644548 0.03253731 0.00616149
v 0.00644548 0.03329564 0.00607005
v 0.00644548 0.03401239 0.00597430
v 0.00640466 0.03401239 0.00598292
v 0.00568752 0.03401239 0.00612032
v 0.00568752 0.03329564 0.00622277
v 0.00568752 0.03253731 0.00632666
v 0.00568752 0.03194356 0.00640230
v 0.00461510 0.03401239 0.00528874
v 0.00458327 0.03401239 0.00453041
v 0.00458327 0.03177897 0.00301422
v 0.00458293 0.03253731 0.00377255
v 0.00461164 0.03102064 0.00174842
v 0.00515062 0.02497343 0.00453041
v 0.00515062 0.02497343 0.00454956
v 0.00517034 0.02497343 0.00530502
v 0.00523572 0.02497343 0.00606095
v 0.00672846 0.02497343 0.00633958
v 0.00714567 0.02647151 0.00598292
v 0.00753140 0.02722985 0.00558939
v 0.00753416 0.02798818 0.00559418
v 0.00753036 0.02874652 0.00559131
v 0.00752413 0.02950397 0.00558556
v 0.00751064 0.03026230 0.00557120
v 0.00748988 0.03102064 0.00555013
v 0.00746567 0.03177897 0.00552667
v 0.00743142 0.03253731 0.00549604
v 0.00738541 0.03329564 0.00546204
v 0.00730722 0.03401239 0.00544050
v 0.00694848 0.03401239 0.00575360
v 0.00691804 0.03401239 0.00576796
v 0.00458327 0.03401239 0.00448971
v 0.00459123 0.03177897 0.00225589
v 0.00460472 0.03127106 0.00174842
v 0.00458535 0.03329564 0.00377255
v 0.00528311 0.02497343 0.00174842
v 0.00712214 0.02497343 0.00596999
v 0.00713564 0.02571318 0.00597622
v 0.00752482 0.02647151 0.00557886
v 0.00774242 0.02722985 0.00521022
v 0.00774692 0.02798818 0.00521501
v 0.00774830 0.02874652 0.00521214
v 0.00774899 0.02950397 0.00520639
v 0.00774588 0.03026230 0.00519203
v 0.00773965 0.03102064 0.00517097
v 0.00773100 0.03177897 0.00514751
v 0.00771751 0.03253731 0.00511687
v 0.00770022 0.03329564 0.00508288
v 0.00767773 0.03401239 0.00504314
v 0.00766043 0.03401239 0.00506325
v 0.00732763 0.03401239 0.00542231
v 0.00459123 0.03401239 0.00377255
v 0.00470781 0.03177897 0.00174842
v 0.00811708 0.02497343 0.00174842
v 0.00713183 0.02497343 0.00595946
v 0.00751514 0.02571318 0.00556306
v 0.00772720 0.02571318 0.00518389
v 0.00773585 0.02647151 0.00519969
v 0.00799427 0.02722985 0.00453041
v 0.00800119 0.02798818 0.00453041
v 0.00798527 0.02647151 0.00453041
v 0.00800430 0.02874652 0.00453041
v 0.00800534 0.02950397 0.00453041
v 0.00800222 0.03026230 0.00453041
v 0.00799565 0.03102064 0.00453041
v 0.00798562 0.03177897 0.00453041
v 0.00797005 0.03253731 0.00453041
v 0.00793753 0.03329564 0.00453041
v 0.00786730 0.03401239 0.00453041
v 0.00460852 0.03401239 0.00372611
v 0.00480813 0.03203824 0.00174842
v 0.00811708 0.03026230 0.00174842
v 0.00811708 0.02497343 0.00301422
v 0.00750130 0.02497343 0.00554008
v 0.00750683 0.02497343 0.00553050
v 0.00771578 0.02497343 0.00516091
v 0.00797386 0.02571318 0.00453041
v 0.00795829 0.02497343 0.00453041
v 0.00809251 0.02497343 0.00377255
v 0.00809701 0.02571318 0.00377255
v 0.00810185 0.02722985 0.00377255
v 0.00810393 0.02798818 0.00377255
v 0.00810566 0.02874652 0.00377255
v 0.00810635 0.03026230 0.00377255
v 0.00810601 0.03102064 0.00377255
v 0.00810635 0.02950397 0.00377255
v 0.00809182 0.03177897 0.00377255
v 0.00777252 0.03401239 0.00392623
v 0.00800845 0.03253731 0.00377255
v 0.00495032 0.03401239 0.00311619
v 0.00504926 0.03236829 0.00174842
v 0.00793615 0.03106223 0.00174842
v 0.00810601 0.03102064 0.00301422
v 0.00811708 0.03026230 0.00301422
v 0.00746186 0.03401239 0.00356717
v 0.00770644 0.03155156 0.00174842
v 0.00501812 0.03401239 0.00308795
v 0.00568752 0.03401239 0.00285241
v 0.00569963 0.03256474 0.00174842
v 0.00707198 0.03401239 0.00314157
v 0.00764486 0.03162766 0.00174842
v 0.00575187 0.03401239 0.00285384
v 0.00644548 0.03254439 0.00174842
v 0.00700695 0.03233556 0.00174842
v 0.00644548 0.03401239 0.00287586
v 0.00737434 0.03193029 0.00174842
v 0.00682982 0.03241962 0.00174842
f 1870 1871 1872
f 1870 1872 1873
f 1870 1873 1874
f 1870 1874 1875
f 1870 1875 1876
f 1870 1876 1877
f 1870 1877 1878
f 1870 1878 1879
f 1870 1879 1871
f 1871 1879 1880
f 1871 1880 1881
f 1871 1881 1882
f 1871 1882 1872
f 1872 1882 1881
f 1872 1881 1901
f 1872 1901 1931
f 1872 1931 1930
f 1872 1930 1929
f 1872 1929 1928
f 1872 1928 1950
f 1872 1950 1968
f 1872 1968 1987
f 1872 1987 1993
f 1872 1993 1992
f 1872 1992 1990
f 1872 1990 1989
f 1872 1989 1988
f 1872 1988 1969
f 1872 1969 1951
f 1872 1951 1932
f 1872 1932 1902
f 1872 1902 1883
f 1872 1883 1873
f 1873 1883 1884
f 1873 1884 1885
f 1873 1885 1874
f 1874 1885 1875
f 1875 1885 1886
f 1875 1886 1876
f 1876 1886 1887
f 1876 1887 1877
f 1877 1887 1888
f 1877 1888 1889
f 1877 1889 1878
f 1878 1889 1890
f 1878 1890 1891
f 1878 1891 1892
f 1878 1892 1893
f 1878 1893 1894
f 1878 1894 1879
f 1879 1894 1895
f 1879 1895 1896
f 1879 1896 1880
f 1880 1896 1897
f 1880 1897 1898
f 1880 1898 1899
f 1880 1899 1900
f 1880 1900 1881
f 1881 1900 1901
f 1883 1902 1884
f 1884 1903 1904
f 1884 1904 1885
f 1884 1902 1903
f 1885 1904 1905
f 1885 1905 1906
f 1885 1906 1886
f 1886 1906 1907
f 1886 1907 1908
f 1886 1908 1909
f 1886 1909 1887
f 1887 1909 1910
f 1887 1910 1888
f 1888 1911 1889
f 1888 1910 1912
f 1888 1912 1911
f 1889 1911 1913
f 1889 1913 1890
f 1890 1913 1891
f 1891 1914 1892
f 1891 1913 1915
f 1891 1915 1916
f 1891 1916 1917
f 1891 1917 1918
f 1891 1918 1919
f 1891 1919 1920
f 1891 1920 1921
f 1891 1921 1922
f 1891 1922 1914
f 1892 1914 1893
f 1893 1914 1922
f 1893 1922 1921
f 1893 1921 1920
f 1893 1920 1919
f 1893 1919 1895
f 1893 1895 1894
f 1895 1919 1918
f 1895 1918 1917
f 1895 1917 1945
f 1895 1945 1944
f 1895 1944 1943
f 1895 1943 1965
f 1895 1965 1964
f 1895 1964 1963
f 1895 1963 1983
f 1895 1983 2002
f 1895 2002 2009
f 1895 2009 2014
f 1895 2014 2019
f 1895 2019 2016
f 1895 2016 2012
f 1895 2012 2011
f 1895 2011 2004
f 1895 2004 1984
f 1895 1984 1966
f 1895 1966 1946
f 1895 1946 1924
f 1895 1924 1923
f 1895 1923 1896
f 1896 1923 1897
f 1897 1923 1924
f 1897 1924 1898
f 1898 1924 1899
f 1899 1925 1900
f 1899 1924 1926
f 1899 1926 1925
f 1900 1925 1927
f 1900 1927 1928
f 1900 1928 1929
f 1900 1929 1930
f 1900 1930 1931
f 1900 1931 1901
f 1902 1932 1933
f 1902 1933 1903
f 1903 1933 1934
f 1903 1934 1935
f 1903 1935 1904
f 1904 1935 1936
f 1904 1936 1937
f 1904 1937 1905
f 1905 1937 1906
f 1906 1937 1938
f 1906 1938 1907
f 1907 1938 1939
f 1907 1939 1940
f 1907 1940 1908
f 1908 1940 1909
f 1909 1940 1941
f 1909 1941 1910
f 1910 1941 1942
f 1910 1942 1912
f 1911 1912 1915
f 1911 1915 1913
f 1912 1942 1943
f 1912 1943 1944
f 1912 1944 1915
f 1915 1944 1945
f 1915 1945 1916
f 1916 1945 1917
f 1924 1946 1926
f 1925 1947 1948
f 1925 1948 1927
f 1925 1926 1946
f 1925 1946 1949
f 1925 1949 1947
f 1927 1948 1967
f 1927 1967 1985
f 1927 1985 2005
f 1927 2005 2013
f 1927 2013 2017
f 1927 2017 2021
f 1927 2021 2018
f 1927 2018 2020
f 1927 2020 2015
f 1927 2015 2010
f 1927 2010 2006
f 1927 2006 1986
f 1927 1986 1968
f 1927 1968 1950
f 1927 1950 1928
f 1932 1951 1952
f 1932 1952 1933
f 1933 1952 1934
f 1934 1952 1953
f 1934 1953 1972
f 1934 1972 1954
f 1934 1954 1955
f 1934 1955 1935
f 1935 1955 1956
f 1935 1956 1957
f 1935 1957 1936
f 1936 1957 1937
f 1937 1957 1958
f 1937 1958 1959
f 1937 1959 1938
f 1938 1959 1960
f 1938 1960 1961
f 1938 1961 1939
f 1939 1961 1940
f 1940 1961 1962
f 1940 1962 1963
f 1940 1963 1941
f 1941 1963 1964
f 1941 1964 1942
f 1942 1964 1965
f 1942 1965 1943
f 1946 1966 1949
f 1947 1949 1966
f 1947 1966 1948
f 1948 1966 1967
f 1951 1969 1953
f 1951 1953 1952
f 1953 1969 1970
f 1953 1970 1971
f 1953 1971 1972
f 1954 1973 1974
f 1954 1974 1955
f 1954 1972 1975
f 1954 1975 1973
f 1955 1974 1976
f 1955 1976 1977
f 1955 1977 1956
f 1956 1977 1957
f 1957 1977 1978
f 1957 1978 1979
f 1957 1979 1958
f 1958 1979 1980
f 1958 1980 1959
f 1959 1980 1981
f 1959 1981 1960
f 1960 1981 1961
f 1961 1981 1962
f 1962 1981 1982
f 1962 1982 1963
f 1963 1982 1983
f 1966 1984 1967
f 1967 1984 1985
f 1968 1986 2008
f 1968 2008 1987
f 1969 1988 1970
f 1970 1988 1989
f 1970 1989 1990
f 1970 1990 1971
f 1971 1991 1972
f 1971 1990 1992
f 1971 1992 1991
f 1972 1991 1975
f 1973 1975 1993
f 1973 1993 1974
f 1974 1993 1994
f 1974 1994 1976
f 1975 1991 1993
f 1976 1994 1995
f 1976 1995 1996
f 1976 1996 1997
f 1976 1997 1977
f 1977 1998 1999
f 1977 1999 1978
f 1977 1997 2000
f 1977 2000 1998
f 1978 1999 1979
f 1979 1999 1980
f 1980 1999 2001
f 1980 2001 1981
f 1981 2001 1982
f 1982 2001 1983
f 1983 2001 2003
f 1983 2003 1986
f 1983 1986 2002
f 1984 2004 1985
f 1985 2004 2005
f 1986 2006 2002
f 1986 2003 2001
f 1986 2001 2007
f 1986 2007 1999
f 1986 1999 2008
f 1987 2000 1997
f 1987 1997 1996
f 1987 1996 1995
f 1987 1995 1994
f 1987 1994 1993
f 1987 2008 1998
f 1987 1998 2000
f 1991 1992 1993
f 1998 2008 1999
f 1999 2007 2001
f 2002 2006 2010
f 2002 2010 2009
f 2004 2011 2005
f 2005 2011 2012
f 2005 2012 2013
f 2009 2010 2014
f 2010 2015 2014
f 2012 2016 2017
f 2012 2017 2013
f 2014 2018 2019
f 2014 2015 2020
f 2014 2020 2018
f 2016 2019 2017
f 2017 2019 2021
f 2018 2021 2019

o geometry_16
v -0.00644550 0.03556807 0.00299733
v -0.00697744 0.03810681 0.00042760
v -0.00665612 0.03802385 0.00042760
v -0.00644550 0.03798469 0.00042760
v -0.00599928 0.03798005 0.00042760
v -0.00568752 0.03797954 0.00042760
v -0.00568752 0.03556807 0.00299733
v -0.00704189 0.03556807 0.00319767
v -0.00735643 0.03849635 0.00042760
v -0.00742088 0.03556807 0.00358821
v -0.00502883 0.03810165 0.00042760
v -0.00568474 0.03556807 0.00299786
v -0.00748410 0.03865196 0.00042760
v -0.00772494 0.03556807 0.00396699
v -0.00487989 0.03829642 0.00042760
v -0.00496407 0.03556807 0.00319767
v -0.00766234 0.03887507 0.00042760
v -0.00771322 0.03556807 0.00459580
v -0.00773326 0.03632964 0.00445957
v -0.00773326 0.03632964 0.00390235
v -0.00772741 0.03936252 0.00042760
v -0.00466618 0.03860404 0.00042760
v -0.00460143 0.03556807 0.00377199
v -0.00768608 0.03556807 0.00467220
v -0.00759450 0.03556807 0.00492276
v -0.00757723 0.03589888 0.00489872
v -0.00768269 0.03708760 0.00431532
v -0.00769688 0.03782186 0.00377306
v -0.00769934 0.03860919 0.00300534
v -0.00772679 0.03785020 0.00301443
v -0.00772586 0.03857570 0.00224084
v -0.00772926 0.03936252 0.00073960
v -0.00764815 0.03982574 0.00042760
v -0.00462240 0.03891578 0.00042760
v -0.00458323 0.03556807 0.00453062
v -0.00458323 0.03936252 0.00042760
v -0.00726885 0.03556807 0.00521446
v -0.00752480 0.03632964 0.00483888
v -0.00727626 0.03561599 0.00520057
v -0.00714581 0.03632964 0.00517012
v -0.00761701 0.03755289 0.00420099
v -0.00764784 0.03836032 0.00352089
v -0.00762811 0.03905490 0.00274623
v -0.00769904 0.03919248 0.00225633
v -0.00770921 0.03941044 0.00148808
v -0.00763921 0.03981389 0.00073960
v -0.00748842 0.03998135 0.00042760
v -0.00458323 0.03556807 0.00453329
v -0.00460574 0.03967374 0.00042760
v -0.00458323 0.03936252 0.00149770
v -0.00673475 0.03556807 0.00563331
v -0.00700273 0.03708760 0.00504350
v -0.00738203 0.03708760 0.00469464
v -0.00749674 0.03805837 0.00402629
v -0.00718899 0.03779868 0.00449964
v -0.00750723 0.03886580 0.00325110
v -0.00743784 0.03957120 0.00225633
v -0.00754732 0.03969590 0.00173490
v -0.00721335 0.03934912 0.00299947
v -0.00760560 0.03976958 0.00122897
v -0.00715692 0.04024930 0.00078501
v -0.00687321 0.04053167 0.00056276
v -0.00696572 0.04045952 0.00042760
v -0.00458323 0.03632964 0.00453062
v -0.00473649 0.03556807 0.00528872
v -0.00465878 0.04012048 0.00042760
v -0.00459958 0.03936252 0.00225633
v -0.00458385 0.03860404 0.00301443
v -0.00635823 0.03556807 0.00576847
v -0.00635514 0.03557117 0.00576901
v -0.00620713 0.03611941 0.00571505
v -0.00645413 0.03635541 0.00555851
v -0.00673414 0.03557117 0.00563277
v -0.00688092 0.03753846 0.00495054
v -0.00644550 0.03708760 0.00531597
v -0.00699101 0.03839742 0.00429235
v -0.00724912 0.03863186 0.00379817
v -0.00700180 0.03913786 0.00356951
v -0.00691947 0.03981132 0.00274730
v -0.00705854 0.03992725 0.00225633
v -0.00725837 0.04001176 0.00148808
v -0.00680352 0.04049147 0.00106816
v -0.00648065 0.04067182 0.00042760
v -0.00677392 0.04057443 0.00042760
v -0.00687753 0.04053424 0.00042760
v -0.00650871 0.04063626 0.00078501
v -0.00458416 0.03784608 0.00377199
v -0.00461407 0.03708760 0.00453062
v -0.00473680 0.03557117 0.00528872
v -0.00509914 0.03556807 0.00578397
v -0.00480773 0.04035441 0.00042760
v -0.00467328 0.04012048 0.00073960
v -0.00478799 0.04012048 0.00149770
v -0.00474451 0.03936252 0.00301443
v -0.00470843 0.03860404 0.00377199
v -0.00635576 0.03556807 0.00576901
v -0.00568752 0.03556807 0.00588547
v -0.00568752 0.03624101 0.00574604
v -0.00568752 0.03662025 0.00564239
v -0.00568752 0.03557117 0.00588494
v -0.00644550 0.03769768 0.00504190
v -0.00644550 0.03807692 0.00481805
v -0.00568752 0.03708760 0.00547143
v -0.00642730 0.03863186 0.00440668
v -0.00666814 0.03890290 0.00407491
v -0.00658735 0.03964334 0.00325217
v -0.00640078 0.04029103 0.00220504
v -0.00665797 0.04043737 0.00149770
v -0.00637889 0.03988449 0.00300588
v -0.00627898 0.04057186 0.00149770
v -0.00568752 0.04081094 0.00073960
v -0.00568752 0.04083207 0.00042760
v -0.00478028 0.03784608 0.00453062
v -0.00497672 0.03708760 0.00519897
v -0.00495205 0.03638478 0.00535924
v -0.00509945 0.03557117 0.00578343
v -0.00519782 0.03616888 0.00572520
v -0.00510161 0.03556807 0.00578450
v -0.00502143 0.04067439 0.00042760
v -0.00503592 0.04066409 0.00073960
v -0.00515064 0.04058525 0.00149770
v -0.00499738 0.04014882 0.00222374
v -0.00510654 0.03989222 0.00301443
v -0.00508804 0.03931975 0.00371910
v -0.00510531 0.03853757 0.00448628
v -0.00594963 0.03820831 0.00489925
v -0.00569307 0.03791203 0.00508250
v -0.00528725 0.03824078 0.00492062
v -0.00616241 0.03902759 0.00419298
v -0.00637488 0.03933521 0.00373833
v -0.00608193 0.03974742 0.00340122
v -0.00611862 0.04051724 0.00191815
v -0.00568752 0.04065739 0.00149770
v -0.00525117 0.04052806 0.00194914
v -0.00514200 0.03784608 0.00502480
v -0.00525888 0.03976906 0.00343114
v -0.00523143 0.03903841 0.00420366
v -0.00544421 0.03824078 0.00492062
v -0.00569307 0.03853757 0.00465670
v -0.00568752 0.03905799 0.00422236
v -0.00568752 0.03943723 0.00380672
v -0.00568752 0.03976649 0.00342740
v -0.00568752 0.04001845 0.00301443
v -0.00568752 0.04037245 0.00234127
v -0.00568752 0.04053373 0.00196249
f 2022 2023 2024
f 2022 2024 2025
f 2022 2025 2026
f 2022 2026 2027
f 2022 2027 2028
f 2022 2028 2033
f 2022 2033 2037
f 2022 2037 2044
f 2022 2044 2056
f 2022 2056 2069
f 2022 2069 2086
f 2022 2086 2111
f 2022 2111 2139
f 2022 2139 2118
f 2022 2118 2117
f 2022 2117 2090
f 2022 2090 2072
f 2022 2072 2058
f 2022 2058 2046
f 2022 2046 2045
f 2022 2045 2039
f 2022 2039 2035
f 2022 2035 2031
f 2022 2031 2029
f 2022 2029 2023
f 2023 2030 2034
f 2023 2034 2038
f 2023 2038 2042
f 2023 2042 2054
f 2023 2054 2068
f 2023 2068 2084
f 2023 2084 2106
f 2023 2106 2105
f 2023 2105 2104
f 2023 2104 2133
f 2023 2133 2140
f 2023 2140 2112
f 2023 2112 2087
f 2023 2087 2070
f 2023 2070 2057
f 2023 2057 2055
f 2023 2055 2043
f 2023 2043 2036
f 2023 2036 2032
f 2023 2032 2027
f 2023 2027 2026
f 2023 2026 2025
f 2023 2025 2024
f 2023 2029 2031
f 2023 2031 2030
f 2027 2032 2033
f 2027 2033 2028
f 2030 2031 2035
f 2030 2035 2034
f 2032 2036 2037
f 2032 2037 2033
f 2034 2035 2038
f 2035 2039 2040
f 2035 2040 2041
f 2035 2041 2042
f 2035 2042 2038
f 2036 2043 2037
f 2037 2043 2044
f 2039 2045 2040
f 2040 2045 2046
f 2040 2046 2047
f 2040 2047 2048
f 2040 2048 2049
f 2040 2049 2050
f 2040 2050 2051
f 2040 2051 2052
f 2040 2052 2053
f 2040 2053 2041
f 2041 2053 2042
f 2042 2053 2054
f 2043 2055 2044
f 2044 2055 2057
f 2044 2057 2056
f 2046 2058 2047
f 2047 2059 2048
f 2047 2058 2060
f 2047 2060 2061
f 2047 2061 2059
f 2048 2062 2049
f 2048 2059 2062
f 2049 2062 2063
f 2049 2063 2050
f 2050 2063 2064
f 2050 2064 2065
f 2050 2065 2052
f 2050 2052 2051
f 2052 2065 2066
f 2052 2066 2053
f 2053 2066 2054
f 2054 2066 2067
f 2054 2067 2068
f 2056 2057 2071
f 2056 2071 2085
f 2056 2085 2069
f 2057 2070 2071
f 2058 2072 2060
f 2059 2061 2073
f 2059 2073 2074
f 2059 2074 2062
f 2060 2072 2061
f 2061 2072 2073
f 2062 2075 2063
f 2062 2074 2076
f 2062 2076 2075
f 2063 2077 2064
f 2063 2075 2077
f 2064 2078 2079
f 2064 2079 2065
f 2064 2077 2080
f 2064 2080 2078
f 2065 2079 2081
f 2065 2081 2066
f 2066 2081 2067
f 2067 2081 2082
f 2067 2082 2083
f 2067 2083 2068
f 2068 2083 2084
f 2069 2085 2086
f 2070 2087 2071
f 2071 2087 2088
f 2071 2088 2089
f 2071 2089 2085
f 2072 2090 2091
f 2072 2091 2092
f 2072 2092 2093
f 2072 2093 2094
f 2072 2094 2073
f 2073 2095 2074
f 2073 2094 2093
f 2073 2093 2096
f 2073 2096 2095
f 2074 2095 2076
f 2075 2076 2097
f 2075 2097 2098
f 2075 2098 2077
f 2076 2095 2097
f 2077 2098 2099
f 2077 2099 2080
f 2078 2080 2100
f 2078 2100 2101
f 2078 2101 2079
f 2079 2101 2102
f 2079 2102 2081
f 2080 2099 2100
f 2081 2102 2082
f 2082 2102 2103
f 2082 2103 2083
f 2083 2104 2105
f 2083 2105 2106
f 2083 2106 2084
f 2083 2103 2107
f 2083 2107 2104
f 2085 2089 2108
f 2085 2108 2109
f 2085 2109 2086
f 2086 2110 2111
f 2086 2109 2110
f 2087 2112 2113
f 2087 2113 2088
f 2088 2113 2114
f 2088 2114 2115
f 2088 2115 2116
f 2088 2116 2089
f 2089 2116 2108
f 2090 2117 2091
f 2091 2118 2092
f 2091 2117 2118
f 2092 2119 2120
f 2092 2120 2096
f 2092 2096 2093
f 2092 2118 2121
f 2092 2121 2119
f 2095 2096 2122
f 2095 2122 2123
f 2095 2123 2097
f 2096 2120 2124
f 2096 2124 2122
f 2097 2125 2126
f 2097 2126 2099
f 2097 2099 2098
f 2097 2123 2125
f 2099 2127 2100
f 2099 2126 2127
f 2100 2128 2129
f 2100 2129 2101
f 2100 2127 2130
f 2100 2130 2128
f 2101 2129 2103
f 2101 2103 2102
f 2103 2129 2131
f 2103 2131 2107
f 2104 2107 2132
f 2104 2132 2133
f 2107 2131 2132
f 2108 2116 2109
f 2109 2134 2135
f 2109 2135 2110
f 2109 2116 2134
f 2110 2136 2111
f 2110 2135 2136
f 2111 2137 2138
f 2111 2138 2139
f 2111 2136 2135
f 2111 2135 2137
f 2112 2140 2141
f 2112 2141 2113
f 2113 2141 2114
f 2114 2142 2143
f 2114 2143 2115
f 2114 2141 2142
f 2115 2144 2145
f 2115 2145 2116
f 2115 2143 2144
f 2116 2145 2146
f 2116 2146 2134
f 2118 2139 2138
f 2118 2138 2121
f 2119 2138 2120
f 2119 2121 2138
f 2120 2138 2124
f 2122 2147 2123
f 2122 2124 2147
f 2123 2147 2125
f 2124 2148 2147
f 2124 2138 2149
f 2124 2149 2148
f 2125 2150 2126
f 2125 2147 2150
f 2126 2150 2151
f 2126 2151 2127
f 2127 2151 2152
f 2127 2152 2130
f 2128 2153 2129
f 2128 2130 2153
f 2129 2153 2131
f 2130 2152 2153
f 2131 2153 2132
f 2132 2141 2133
f 2132 2153 2154
f 2132 2154 2155
f 2132 2155 2142
f 2132 2142 2141
f 2133 2141 2140
f 2134 2146 2156
f 2134 2156 2135
f 2135 2138 2137
f 2135 2156 2138
f 2138 2156 2149
f 2142 2155 2143
f 2143 2155 2144
f 2144 2157 2145
f 2144 2155 2157
f 2145 2158 2146
f 2145 2157 2158
f 2146 2149 2156
f 2146 2158 2149
f 2147 2148 2159
f 2147 2159 2160
f 2147 2160 2150
f 2148 2149 2159
f 2149 2158 2161
f 2149 2161 2159
f 2150 2160 2161
f 2150 2161 2162
f 2150 2162 2152
f 2150 2152 2151
f 2152 2163 2164
f 2152 2164 2165
f 2152 2165 2153
f 2152 2162 2163
f 2153 2165 2166
f 2153 2166 2154
f 2154 2166 2155
f 2155 2166 2165
f 2155 2165 2157
f 2157 2165 2164
f 2157 2164 2163
f 2157 2163 2162
f 2157 2162 2161
f 2157 2161 2158
f 2159 2161 2160

o geometry_17
v -0.00511879 0.00406172 0.00403134
v -0.00511879 0.00406172 0.00558409
v -0.00546103 0.00406172 0.00457978
v -0.00699232 0.00473471 0.00377196
v -0.00690808 0.00480794 0.00330212
v -0.00720394 0.00592100 -0.00077714
v -0.00511879 0.00543870 -0.00041209
v -0.00511879 0.00424317 0.00575264
v -0.00525058 0.00406172 0.00559108
v -0.00644579 0.00444968 0.00453000
v -0.00540820 0.00406172 0.00513783
v -0.00695005 0.00474262 0.00453000
v -0.00771261 0.00546773 0.00301392
v -0.00777924 0.00618426 -0.00077714
v -0.00769206 0.00627333 -0.00132296
v -0.00720394 0.00618426 -0.00146095
v -0.00511879 0.00557198 -0.00077714
v -0.00511879 0.00428737 0.00579369
v -0.00529784 0.00410725 0.00563562
v -0.00685172 0.00481850 0.00493784
v -0.00767680 0.00549346 0.00360952
v -0.00790428 0.00599688 0.00301392
v -0.00789958 0.00599688 0.00225501
v -0.00804634 0.00675497 -0.00077714
v -0.00781622 0.00613675 -0.00001910
v -0.00781563 0.00673452 -0.00155963
v -0.00768326 0.00697336 -0.00200065
v -0.00720394 0.00645543 -0.00183996
v -0.00644579 0.00614599 -0.00151596
v -0.00644579 0.00639737 -0.00189498
v -0.00511879 0.00607473 -0.00157011
v -0.00552913 0.00461265 0.00577797
v -0.00511879 0.00445430 0.00587141
v -0.00603457 0.00502435 0.00564959
v -0.00637740 0.00526188 0.00540069
v -0.00688019 0.00523878 0.00496753
v -0.00755616 0.00599688 0.00409683
v -0.00716138 0.00523878 0.00453000
v -0.00772523 0.00599688 0.00371782
v -0.00796386 0.00675497 0.00301392
v -0.00808831 0.00675497 0.00225501
v -0.00810974 0.00675497 0.00149785
v -0.00808332 0.00675497 -0.00001910
v -0.00802462 0.00751307 -0.00153518
v -0.00811708 0.00751307 -0.00077714
v -0.00775781 0.00751307 -0.00207052
v -0.00720394 0.00751307 -0.00229671
v -0.00720394 0.00683481 -0.00208013
v -0.00511879 0.00641782 -0.00191682
v -0.00511879 0.00639077 -0.00190022
v -0.00511879 0.00614995 -0.00168277
v -0.00644579 0.00677609 -0.00211768
v -0.00511879 0.00504085 0.00603996
v -0.00574428 0.00526188 0.00582251
v -0.00607918 0.00552975 0.00567666
v -0.00648248 0.00599688 0.00537275
v -0.00690338 0.00599688 0.00499373
v -0.00725560 0.00599688 0.00453000
v -0.00755558 0.00675497 0.00409421
v -0.00772552 0.00675497 0.00371520
v -0.00726441 0.00675497 0.00453000
v -0.00726529 0.00751307 0.00453000
v -0.00772229 0.00751307 0.00371083
v -0.00795858 0.00751307 0.00301392
v -0.00807921 0.00902926 0.00225501
v -0.00808391 0.00827117 0.00225501
v -0.00808626 0.00751307 0.00225501
v -0.00811531 0.00902926 0.00149785
v -0.00811678 0.00827117 0.00149785
v -0.00811708 0.00751307 0.00149785
v -0.00804898 0.00827117 -0.00153518
v -0.00778217 0.00827117 -0.00209672
v -0.00811708 0.01080211 -0.00077714
v -0.00805397 0.01080211 -0.00153518
v -0.00720394 0.00827117 -0.00234823
v -0.00644579 0.00751307 -0.00236832
v -0.00511879 0.00671539 -0.00209061
v -0.00568763 0.00677609 -0.00211855
v -0.00568763 0.00751307 -0.00237007
v -0.00511879 0.00524406 0.00608188
v -0.00568763 0.00599688 0.00591770
v -0.00610325 0.00599688 0.00569500
v -0.00651007 0.00675497 0.00538585
v -0.00613084 0.00675497 0.00571596
v -0.00691277 0.00675497 0.00500683
v -0.00755352 0.00751307 0.00408985
v -0.00726235 0.00827117 0.00453000
v -0.00691571 0.00751307 0.00501294
v -0.00691600 0.00827117 0.00501556
v -0.00691307 0.01080211 0.00502255
v -0.00771848 0.00827117 0.00370210
v -0.00795241 0.00827117 0.00301392
v -0.00755000 0.00827117 0.00408199
v -0.00806424 0.01080211 0.00225501
v -0.00810974 0.01080211 0.00149785
v -0.00811708 0.01080211 0.00073981
v -0.00778687 0.01080211 -0.00210633
v -0.00720394 0.01080211 -0.00236745
v -0.00644579 0.01080211 -0.00243644
v -0.00644579 0.00827117 -0.00241635
v -0.00511879 0.00751307 -0.00236570
v -0.00568763 0.00827117 -0.00241635
v -0.00511879 0.00827117 -0.00241286
v -0.00511879 0.00770243 -0.00237793
v -0.00511879 0.00599688 0.00613865
v -0.00511879 0.01080211 0.00648535
v -0.00516341 0.01080211 0.00646527
v -0.00527905 0.01080211 0.00641199
v -0.00620217 0.01080211 0.00578321
v -0.00545986 0.01080211 0.00629759
v -0.00566708 0.01080211 0.00616310
v -0.00599171 0.01080211 0.00593429
v -0.00645342 0.01080211 0.00553344
v -0.00658110 0.01080211 0.00540157
v -0.00724063 0.01080211 0.00453000
v -0.00712998 0.01080211 0.00470030
v -0.00680623 0.01080211 0.00515093
v -0.00770087 0.01080211 0.00366280
v -0.00784851 0.01080211 0.00323225
v -0.00794361 0.00902926 0.00301392
v -0.00753151 0.01080211 0.00404182
v -0.00764422 0.01080211 0.00379030
v -0.00743523 0.01080211 0.00420687
v -0.00792247 0.01080211 0.00301392
v -0.00511879 0.00846052 -0.00241286
v -0.00594328 0.01080211 -0.00237269
v -0.00511879 0.00921862 -0.00238666
v -0.00511879 0.01080211 -0.00169849
v -0.00568763 0.01080211 -0.00229758
v -0.00511879 0.00998397 -0.00221549
v -0.00511879 0.01048013 -0.00200851
v -0.00520773 0.01080211 -0.00203733
v -0.00534627 0.01080211 -0.00213078
v -0.00511879 0.01038578 -0.00209235
f 2167 2168 2175
f 2167 2175 2177
f 2167 2177 2169
f 2167 2169 2170
f 2167 2170 2171
f 2167 2171 2172
f 2167 2172 2173
f 2167 2173 2183
f 2167 2183 2197
f 2167 2197 2217
f 2167 2217 2216
f 2167 2216 2215
f 2167 2215 2243
f 2167 2243 2267
f 2167 2267 2270
f 2167 2270 2269
f 2167 2269 2291
f 2167 2291 2293
f 2167 2293 2296
f 2167 2296 2300
f 2167 2300 2297
f 2167 2297 2294
f 2167 2294 2272
f 2167 2272 2271
f 2167 2271 2246
f 2167 2246 2219
f 2167 2219 2199
f 2167 2199 2184
f 2167 2184 2174
f 2167 2174 2168
f 2168 2174 2175
f 2169 2176 2170
f 2169 2177 2176
f 2170 2176 2178
f 2170 2178 2179
f 2170 2179 2180
f 2170 2180 2181
f 2170 2181 2171
f 2171 2181 2172
f 2172 2181 2182
f 2172 2182 2183
f 2172 2183 2173
f 2174 2184 2175
f 2175 2184 2185
f 2175 2185 2186
f 2175 2186 2178
f 2175 2178 2176
f 2175 2176 2177
f 2178 2187 2179
f 2178 2186 2187
f 2179 2187 2188
f 2179 2188 2189
f 2179 2189 2190
f 2179 2190 2191
f 2179 2191 2180
f 2180 2191 2190
f 2180 2190 2181
f 2181 2190 2192
f 2181 2192 2193
f 2181 2193 2194
f 2181 2194 2182
f 2182 2195 2183
f 2182 2194 2196
f 2182 2196 2195
f 2183 2195 2197
f 2184 2198 2185
f 2184 2199 2198
f 2185 2198 2186
f 2186 2198 2200
f 2186 2200 2201
f 2186 2201 2202
f 2186 2202 2203
f 2186 2203 2204
f 2186 2204 2187
f 2187 2204 2203
f 2187 2203 2205
f 2187 2205 2188
f 2188 2205 2206
f 2188 2206 2207
f 2188 2207 2208
f 2188 2208 2189
f 2189 2208 2209
f 2189 2209 2190
f 2190 2210 2192
f 2190 2209 2211
f 2190 2211 2210
f 2192 2210 2193
f 2193 2210 2212
f 2193 2212 2213
f 2193 2213 2214
f 2193 2214 2194
f 2194 2214 2196
f 2195 2196 2197
f 2196 2215 2216
f 2196 2216 2217
f 2196 2217 2197
f 2196 2214 2218
f 2196 2218 2215
f 2198 2199 2219
f 2198 2219 2220
f 2198 2220 2200
f 2200 2221 2201
f 2200 2220 2221
f 2201 2221 2222
f 2201 2222 2202
f 2202 2222 2223
f 2202 2223 2224
f 2202 2224 2203
f 2203 2225 2226
f 2203 2226 2205
f 2203 2224 2227
f 2203 2227 2228
f 2203 2228 2225
f 2205 2226 2206
f 2206 2226 2229
f 2206 2229 2230
f 2206 2230 2231
f 2206 2231 2232
f 2206 2232 2233
f 2206 2233 2207
f 2207 2233 2234
f 2207 2234 2235
f 2207 2235 2236
f 2207 2236 2208
f 2208 2236 2211
f 2208 2211 2209
f 2210 2211 2237
f 2210 2237 2238
f 2210 2238 2212
f 2211 2236 2262
f 2211 2262 2239
f 2211 2239 2240
f 2211 2240 2237
f 2212 2238 2241
f 2212 2241 2213
f 2213 2241 2242
f 2213 2242 2214
f 2214 2242 2218
f 2215 2218 2243
f 2218 2244 2243
f 2218 2242 2245
f 2218 2245 2244
f 2219 2246 2220
f 2220 2246 2247
f 2220 2247 2221
f 2221 2248 2222
f 2221 2247 2248
f 2222 2249 2223
f 2222 2248 2250
f 2222 2250 2249
f 2223 2249 2251
f 2223 2251 2224
f 2224 2251 2227
f 2225 2252 2226
f 2225 2228 2253
f 2225 2253 2252
f 2226 2252 2229
f 2227 2251 2254
f 2227 2254 2255
f 2227 2255 2228
f 2228 2255 2256
f 2228 2256 2253
f 2229 2257 2258
f 2229 2258 2230
f 2229 2252 2259
f 2229 2259 2257
f 2230 2258 2231
f 2231 2258 2260
f 2231 2260 2261
f 2231 2261 2232
f 2232 2261 2234
f 2232 2234 2233
f 2234 2261 2262
f 2234 2262 2235
f 2235 2262 2236
f 2237 2240 2263
f 2237 2263 2238
f 2238 2263 2264
f 2238 2264 2241
f 2239 2262 2261
f 2239 2261 2260
f 2239 2260 2290
f 2239 2290 2285
f 2239 2285 2284
f 2239 2284 2288
f 2239 2288 2287
f 2239 2287 2289
f 2239 2289 2281
f 2239 2281 2282
f 2239 2282 2256
f 2239 2256 2283
f 2239 2283 2280
f 2239 2280 2279
f 2239 2279 2275
f 2239 2275 2278
f 2239 2278 2277
f 2239 2277 2276
f 2239 2276 2274
f 2239 2274 2273
f 2239 2273 2272
f 2239 2272 2294
f 2239 2294 2298
f 2239 2298 2299
f 2239 2299 2295
f 2239 2295 2292
f 2239 2292 2265
f 2239 2265 2264
f 2239 2264 2263
f 2239 2263 2240
f 2241 2264 2265
f 2241 2265 2266
f 2241 2266 2242
f 2242 2266 2245
f 2243 2244 2267
f 2244 2245 2267
f 2245 2266 2268
f 2245 2268 2269
f 2245 2269 2270
f 2245 2270 2267
f 2246 2271 2247
f 2247 2271 2272
f 2247 2272 2273
f 2247 2273 2274
f 2247 2274 2248
f 2248 2274 2250
f 2249 2250 2275
f 2249 2275 2251
f 2250 2274 2276
f 2250 2276 2277
f 2250 2277 2278
f 2250 2278 2275
f 2251 2275 2279
f 2251 2279 2280
f 2251 2280 2254
f 2252 2253 2281
f 2252 2281 2259
f 2253 2256 2282
f 2253 2282 2281
f 2254 2280 2283
f 2254 2283 2255
f 2255 2283 2256
f 2257 2259 2284
f 2257 2284 2285
f 2257 2285 2286
f 2257 2286 2258
f 2258 2286 2260
f 2259 2287 2288
f 2259 2288 2284
f 2259 2281 2289
f 2259 2289 2287
f 2260 2286 2290
f 2265 2291 2269
f 2265 2269 2268
f 2265 2268 2266
f 2265 2292 2293
f 2265 2293 2291
f 2285 2290 2286
f 2292 2295 2293
f 2293 2295 2296
f 2294 2297 2298
f 2295 2299 2296
f 2296 2299 2298
f 2296 2298 2300
f 2297 2300 2298

o geometry_18
v -0.00154995 0.00265595 -0.00229402
v -0.00158310 -0.00001066 -0.00305206
v -0.00158310 -0.00001066 -0.00381052
v -0.00155340 0.00265595 -0.00305206
v -0.00155022 0.00265595 -0.00001947
v -0.00160510 -0.00001066 -0.00229402
v -0.00159503 -0.00001066 -0.00424771
v -0.00158310 0.00144651 -0.00381052
v -0.00158973 0.00220486 -0.00381052
v -0.00165310 0.00265595 -0.00378899
v -0.00160113 0.00265595 -0.00001822
v -0.00155048 0.00265543 -0.00001822
v -0.00162525 0.00220486 -0.00001947
v -0.00162579 0.00220407 -0.00001822
v -0.00195404 -0.00001066 -0.00169454
v -0.00425868 -0.00001066 -0.00424771
v -0.00160033 0.00068843 -0.00424771
v -0.00165363 0.00144651 -0.00424771
v -0.00178832 0.00218867 -0.00424771
v -0.00195669 0.00265595 -0.00424771
v -0.00425868 0.00265595 -0.00001822
v -0.00197127 0.00165796 -0.00001822
v -0.00265429 -0.00001066 -0.00148670
v -0.00425868 0.00216700 -0.00424771
v -0.00425868 -0.00001066 -0.00151320
v -0.00401077 0.00265595 -0.00424771
v -0.00425868 0.00151386 -0.00001822
v -0.00425868 0.00265595 -0.00394714
v -0.00265429 0.00148959 -0.00001822
v -0.00341234 -0.00001066 -0.00148960
v -0.00341234 0.00149115 -0.00001822
v -0.00424410 0.00220486 -0.00424771
v -0.00425868 0.00220486 -0.00423115
v -0.00417065 -0.00001066 -0.00149623
v -0.00417065 0.00149820 -0.00001822
f 2301 2302 2303
f 2301 2303 2304
f 2301 2304 2310
f 2301 2310 2320
f 2301 2320 2326
f 2301 2326 2328
f 2301 2328 2321
f 2301 2321 2311
f 2301 2311 2305
f 2301 2305 2302
f 2302 2305 2306
f 2302 2306 2315
f 2302 2315 2323
f 2302 2323 2330
f 2302 2330 2334
f 2302 2334 2325
f 2302 2325 2316
f 2302 2316 2307
f 2302 2307 2303
f 2303 2307 2304
f 2304 2307 2308
f 2304 2308 2309
f 2304 2309 2310
f 2305 2311 2312
f 2305 2312 2306
f 2306 2312 2313
f 2306 2313 2314
f 2306 2314 2315
f 2307 2316 2324
f 2307 2324 2332
f 2307 2332 2326
f 2307 2326 2320
f 2307 2320 2319
f 2307 2319 2318
f 2307 2318 2317
f 2307 2317 2308
f 2308 2317 2309
f 2309 2317 2318
f 2309 2318 2310
f 2310 2318 2319
f 2310 2319 2320
f 2311 2321 2327
f 2311 2327 2335
f 2311 2335 2331
f 2311 2331 2329
f 2311 2329 2322
f 2311 2322 2314
f 2311 2314 2312
f 2312 2314 2313
f 2314 2322 2315
f 2315 2322 2323
f 2316 2325 2327
f 2316 2327 2321
f 2316 2321 2328
f 2316 2328 2333
f 2316 2333 2324
f 2322 2329 2323
f 2323 2329 2331
f 2323 2331 2330
f 2324 2333 2332
f 2325 2334 2327
f 2326 2332 2333
f 2326 2333 2328
f 2327 2334 2335
f 2330 2331 2334
f 2331 2335 2334

o geometry_19
v 0.00265430 0.00056103 0.00560443
v 0.00265430 -0.00007005 0.00548944
v 0.00321738 0.00056103 0.00555547
v 0.00260216 0.00056103 0.00558298
v 0.00194943 -0.00082874 0.00512905
v 0.00205184 -0.00158685 0.00502561
v 0.00265430 -0.00082874 0.00534804
v 0.00338244 0.00056103 0.00553896
v 0.00196931 0.00056103 0.00531282
v 0.00160356 -0.00082874 0.00453043
v 0.00170559 -0.00158685 0.00453043
v 0.00193592 -0.00007005 0.00520003
v 0.00195318 -0.00230842 0.00454968
v 0.00218801 -0.00203116 0.00494253
v 0.00265430 -0.00158685 0.00514171
v 0.00345746 -0.00164486 0.00504487
v 0.00341245 -0.00082874 0.00527101
v 0.00341245 -0.00007005 0.00541461
v 0.00386973 -0.00143024 0.00497995
v 0.00394626 -0.00082874 0.00505147
v 0.00401679 -0.00007005 0.00512465
v 0.00407231 0.00056103 0.00518683
v 0.00189691 0.00056103 0.00517252
v 0.00158968 -0.00007005 0.00453043
v 0.00159230 -0.00234554 0.00377224
v 0.00187178 -0.00316456 0.00383552
v 0.00205672 -0.00295226 0.00430924
v 0.00265430 -0.00306711 0.00438847
v 0.00265430 -0.00244241 0.00476757
v 0.00265430 -0.00206364 0.00495904
v 0.00323463 -0.00203116 0.00494253
v 0.00373994 -0.00193604 0.00489797
v 0.00419235 -0.00165646 0.00456124
v 0.00461212 -0.00137746 0.00422396
v 0.00432552 -0.00082874 0.00467953
v 0.00439605 -0.00007005 0.00475326
v 0.00445119 0.00056103 0.00480498
v 0.00158518 0.00056103 0.00453043
v 0.00158292 -0.00158685 0.00377224
v 0.00158893 -0.00310308 0.00301406
v 0.00187440 -0.00392673 0.00307678
v 0.00205222 -0.00371792 0.00362479
v 0.00265430 -0.00344588 0.00411997
v 0.00341245 -0.00301433 0.00434721
v 0.00345746 -0.00230842 0.00475601
v 0.00389412 -0.00288208 0.00425477
v 0.00403217 -0.00234554 0.00440938
v 0.00451496 -0.00188267 0.00410952
v 0.00533800 -0.00129045 0.00268503
v 0.00467102 -0.00082874 0.00430044
v 0.00467890 -0.00234554 0.00360113
v 0.00471416 -0.00007005 0.00437417
v 0.00472879 0.00056103 0.00442589
v 0.00158405 0.00056103 0.00440388
v 0.00158292 0.00056103 0.00377224
v 0.00158292 -0.00234554 0.00301406
v 0.00158292 -0.00386119 0.00149768
v 0.00159530 -0.00386119 0.00225587
v 0.00206084 -0.00438264 0.00286550
v 0.00174873 -0.00461988 0.00149768
v 0.00197156 -0.00462916 0.00220580
v 0.00265430 -0.00421501 0.00336014
v 0.00265430 -0.00383566 0.00374088
v 0.00341245 -0.00339309 0.00407431
v 0.00341245 -0.00378926 0.00369521
v 0.00391850 -0.00365585 0.00356371
v 0.00415934 -0.00309379 0.00376454
v 0.00459862 -0.00279971 0.00345972
v 0.00441105 -0.00234554 0.00398022
v 0.00536952 -0.00156075 0.00223716
v 0.00535751 -0.00082874 0.00272630
v 0.00490998 -0.00234554 0.00301406
v 0.00534438 -0.00205552 0.00197196
v 0.00536239 -0.00007005 0.00274500
v 0.00536164 0.00056103 0.00273785
v 0.00158292 0.00056103 0.00301406
v 0.00158292 -0.00386119 -0.00001649
v 0.00161143 -0.00461988 -0.00001649
v 0.00163432 -0.00461988 0.00073950
v 0.00221427 -0.00502011 0.00191914
v 0.00198019 -0.00515409 0.00073950
v 0.00209461 -0.00507579 0.00149768
v 0.00265430 -0.00445399 0.00298104
v 0.00341245 -0.00441222 0.00292217
v 0.00341245 -0.00416861 0.00330126
v 0.00387874 -0.00432754 0.00278737
v 0.00415146 -0.00385423 0.00300305
v 0.00460087 -0.00354680 0.00271419
v 0.00442418 -0.00330551 0.00321873
v 0.00468452 -0.00307291 0.00298544
v 0.00540290 -0.00082874 0.00225587
v 0.00536727 -0.00232292 0.00146412
v 0.00540853 -0.00234554 0.00073950
v 0.00490698 -0.00310308 0.00225587
v 0.00533425 -0.00276781 0.00118847
v 0.00539840 0.00056103 0.00233785
v 0.00160056 0.00056103 0.00225587
v 0.00158292 -0.00310308 -0.00001649
v 0.00195618 -0.00517962 -0.00001649
v 0.00265430 -0.00483275 0.00231914
v 0.00265430 -0.00530896 0.00073950
v 0.00265430 -0.00515235 0.00149768
v 0.00265430 -0.00503055 0.00194005
v 0.00195993 -0.00518194 -0.00001649
v 0.00265430 -0.00536407 -0.00001649
v 0.00317686 -0.00502011 0.00191914
v 0.00342258 -0.00481883 0.00220580
v 0.00368179 -0.00497544 0.00179039
v 0.00401154 -0.00447777 0.00225587
v 0.00439079 -0.00405956 0.00225587
v 0.00450333 -0.00418717 0.00174087
v 0.00468077 -0.00368021 0.00225587
v 0.00540440 0.00056103 0.00225587
v 0.00541528 -0.00234670 -0.00001649
v 0.00535489 -0.00280551 0.00073950
v 0.00536239 -0.00282060 -0.00001649
v 0.00472241 -0.00390527 0.00149218
v 0.00458661 -0.00428055 0.00123578
v 0.00463200 -0.00433392 0.00073950
v 0.00197119 0.00056103 0.00153620
v 0.00160618 -0.00234264 -0.00001649
v 0.00160506 -0.00234554 -0.00001649
v 0.00341245 -0.00523530 0.00073950
v 0.00342258 -0.00508101 0.00152189
v 0.00341245 -0.00528808 -0.00001649
v 0.00416759 -0.00462800 0.00151309
v 0.00383222 -0.00503287 0.00128475
v 0.00535976 0.00056103 0.00186247
v 0.00536089 -0.00188905 -0.00001649
v 0.00535038 0.00056103 0.00179149
v 0.00465564 -0.00436292 -0.00001649
v 0.00426512 -0.00471326 0.00073950
v 0.00429138 -0.00474343 -0.00001649
v 0.00265430 0.00056103 0.00132492
v 0.00195131 -0.00174520 -0.00001649
v 0.00388587 -0.00508043 0.00073950
v 0.00391363 -0.00510537 -0.00001649
v 0.00535939 -0.00188615 -0.00001649
v 0.00498313 0.00056103 0.00152354
v 0.00341245 0.00056103 0.00133317
v 0.00417059 -0.00151667 -0.00001649
v 0.00341245 -0.00150623 -0.00001649
v 0.00340945 -0.00150623 -0.00001649
v 0.00265430 -0.00151435 -0.00001649
v 0.00492911 -0.00166632 -0.00001649
v 0.00488672 0.00056103 0.00148063
v 0.00417059 0.00056103 0.00134473
v 0.00426963 0.00056103 0.00136343
f 2336 2337 2338
f 2336 2338 2343
f 2336 2343 2357
f 2336 2357 2372
f 2336 2372 2388
f 2336 2388 2410
f 2336 2410 2431
f 2336 2431 2448
f 2336 2448 2463
f 2336 2463 2465
f 2336 2465 2474
f 2336 2474 2481
f 2336 2481 2483
f 2336 2483 2482
f 2336 2482 2475
f 2336 2475 2469
f 2336 2469 2455
f 2336 2455 2432
f 2336 2432 2411
f 2336 2411 2390
f 2336 2390 2389
f 2336 2389 2373
f 2336 2373 2358
f 2336 2358 2344
f 2336 2344 2339
f 2336 2339 2340
f 2336 2340 2341
f 2336 2341 2337
f 2337 2341 2342
f 2337 2342 2338
f 2338 2342 2343
f 2339 2344 2340
f 2340 2345 2346
f 2340 2346 2341
f 2340 2344 2347
f 2340 2347 2345
f 2341 2346 2348
f 2341 2348 2349
f 2341 2349 2342
f 2342 2349 2350
f 2342 2350 2351
f 2342 2351 2352
f 2342 2352 2343
f 2343 2352 2353
f 2343 2353 2354
f 2343 2354 2355
f 2343 2355 2356
f 2343 2356 2357
f 2344 2358 2345
f 2344 2345 2347
f 2345 2358 2359
f 2345 2359 2360
f 2345 2360 2346
f 2346 2360 2361
f 2346 2361 2348
f 2348 2361 2362
f 2348 2362 2349
f 2349 2362 2363
f 2349 2363 2364
f 2349 2364 2365
f 2349 2365 2350
f 2350 2365 2366
f 2350 2366 2351
f 2351 2366 2367
f 2351 2367 2352
f 2352 2367 2354
f 2352 2354 2353
f 2354 2368 2369
f 2354 2369 2370
f 2354 2370 2355
f 2354 2367 2368
f 2355 2370 2371
f 2355 2371 2356
f 2356 2371 2357
f 2357 2371 2372
f 2358 2373 2359
f 2359 2373 2374
f 2359 2374 2360
f 2360 2375 2361
f 2360 2374 2375
f 2361 2375 2376
f 2361 2376 2377
f 2361 2377 2362
f 2362 2377 2378
f 2362 2378 2363
f 2363 2379 2364
f 2363 2378 2379
f 2364 2379 2380
f 2364 2380 2366
f 2364 2366 2365
f 2366 2380 2367
f 2367 2380 2379
f 2367 2379 2381
f 2367 2381 2382
f 2367 2382 2368
f 2368 2382 2383
f 2368 2383 2369
f 2369 2384 2385
f 2369 2385 2370
f 2369 2383 2386
f 2369 2386 2384
f 2370 2385 2371
f 2371 2385 2372
f 2372 2385 2387
f 2372 2387 2388
f 2373 2389 2374
f 2374 2389 2390
f 2374 2390 2411
f 2374 2411 2433
f 2374 2433 2412
f 2374 2412 2392
f 2374 2392 2391
f 2374 2391 2375
f 2375 2391 2392
f 2375 2392 2393
f 2375 2393 2376
f 2376 2394 2377
f 2376 2393 2395
f 2376 2395 2396
f 2376 2396 2394
f 2377 2394 2397
f 2377 2397 2398
f 2377 2398 2378
f 2378 2399 2379
f 2378 2398 2400
f 2378 2400 2399
f 2379 2399 2381
f 2381 2399 2401
f 2381 2401 2402
f 2381 2402 2403
f 2381 2403 2404
f 2381 2404 2382
f 2382 2404 2383
f 2383 2404 2403
f 2383 2403 2386
f 2384 2405 2406
f 2384 2406 2387
f 2384 2387 2385
f 2384 2386 2407
f 2384 2407 2408
f 2384 2408 2405
f 2386 2403 2407
f 2387 2406 2388
f 2388 2406 2409
f 2388 2409 2410
f 2392 2412 2413
f 2392 2413 2393
f 2393 2413 2414
f 2393 2414 2395
f 2394 2396 2415
f 2394 2415 2397
f 2395 2414 2416
f 2395 2416 2417
f 2395 2417 2396
f 2396 2417 2415
f 2397 2415 2418
f 2397 2418 2419
f 2397 2419 2420
f 2397 2420 2400
f 2397 2400 2398
f 2399 2400 2401
f 2400 2420 2401
f 2401 2420 2421
f 2401 2421 2422
f 2401 2422 2423
f 2401 2423 2424
f 2401 2424 2403
f 2401 2403 2402
f 2403 2424 2423
f 2403 2423 2425
f 2403 2425 2407
f 2405 2426 2406
f 2405 2408 2427
f 2405 2427 2428
f 2405 2428 2426
f 2406 2426 2409
f 2407 2425 2408
f 2408 2425 2429
f 2408 2429 2430
f 2408 2430 2427
f 2409 2431 2410
f 2409 2426 2431
f 2411 2432 2433
f 2412 2433 2457
f 2412 2457 2456
f 2412 2456 2470
f 2412 2470 2479
f 2412 2479 2478
f 2412 2478 2477
f 2412 2477 2476
f 2412 2476 2480
f 2412 2480 2473
f 2412 2473 2464
f 2412 2464 2449
f 2412 2449 2451
f 2412 2451 2466
f 2412 2466 2468
f 2412 2468 2472
f 2412 2472 2460
f 2412 2460 2440
f 2412 2440 2439
f 2412 2439 2434
f 2412 2434 2413
f 2413 2434 2414
f 2414 2434 2416
f 2415 2435 2418
f 2415 2417 2436
f 2415 2436 2437
f 2415 2437 2438
f 2415 2438 2435
f 2416 2434 2439
f 2416 2439 2440
f 2416 2440 2436
f 2416 2436 2417
f 2418 2435 2441
f 2418 2441 2419
f 2419 2421 2420
f 2419 2441 2442
f 2419 2442 2443
f 2419 2443 2421
f 2421 2443 2444
f 2421 2444 2445
f 2421 2445 2423
f 2421 2423 2422
f 2423 2445 2446
f 2423 2446 2447
f 2423 2447 2429
f 2423 2429 2425
f 2426 2448 2431
f 2426 2428 2449
f 2426 2449 2448
f 2427 2430 2428
f 2428 2430 2450
f 2428 2450 2451
f 2428 2451 2449
f 2429 2447 2430
f 2430 2447 2452
f 2430 2452 2453
f 2430 2453 2454
f 2430 2454 2450
f 2432 2455 2456
f 2432 2456 2457
f 2432 2457 2433
f 2435 2438 2441
f 2436 2440 2458
f 2436 2458 2459
f 2436 2459 2437
f 2437 2459 2441
f 2437 2441 2438
f 2440 2460 2458
f 2441 2443 2442
f 2441 2459 2443
f 2443 2461 2444
f 2443 2459 2458
f 2443 2458 2462
f 2443 2462 2461
f 2444 2446 2445
f 2444 2461 2446
f 2446 2461 2453
f 2446 2453 2447
f 2447 2453 2452
f 2448 2449 2463
f 2449 2464 2465
f 2449 2465 2463
f 2450 2454 2466
f 2450 2466 2451
f 2453 2461 2462
f 2453 2462 2467
f 2453 2467 2454
f 2454 2467 2468
f 2454 2468 2466
f 2455 2469 2470
f 2455 2470 2456
f 2458 2460 2471
f 2458 2471 2462
f 2460 2472 2471
f 2462 2471 2467
f 2464 2473 2465
f 2465 2473 2474
f 2467 2471 2468
f 2468 2471 2472
f 2469 2475 2476
f 2469 2476 2477
f 2469 2477 2478
f 2469 2478 2479
f 2469 2479 2470
f 2473 2480 2481
f 2473 2481 2474
f 2475 2482 2476
f 2476 2482 2480
f 2480 2482 2483
f 2480 2483 2481

o geometry_20
v -0.00568765 0.04083170 0.00042760
v -0.00568765 0.04086149 -0.00001952
v -0.00644541 0.04071671 -0.00001952
v -0.00648057 0.04067202 0.00042760
v -0.00502148 0.04067440 0.00042760
v -0.00568765 0.04080667 -0.00077784
v -0.00500051 0.04068930 -0.00001952
v -0.00502858 0.04066427 -0.00077784
v -0.00650463 0.04063031 -0.00081262
v -0.00686732 0.04052724 -0.00058334
v -0.00689292 0.04054451 -0.00001952
v -0.00687781 0.04053438 0.00042760
v -0.00677387 0.04057430 0.00042760
v -0.00480775 0.04035445 0.00042760
v -0.00515903 0.04058443 -0.00153616
v -0.00568765 0.04065474 -0.00153616
v -0.00611819 0.04051651 -0.00195308
v -0.00627363 0.04057013 -0.00153616
v -0.00463782 0.04012029 -0.00001952
v -0.00466589 0.04012029 -0.00077784
v -0.00479634 0.04012029 -0.00153616
v -0.00679700 0.04048910 -0.00108904
v -0.00715352 0.04024541 -0.00081262
v -0.00727226 0.04022158 -0.00001952
v -0.00696570 0.04045931 0.00042760
v -0.00465879 0.04012029 0.00042760
v -0.00528178 0.04051293 -0.00195079
v -0.00501346 0.04014770 -0.00223956
v -0.00568765 0.04052188 -0.00197047
v -0.00568765 0.04036458 -0.00234940
v -0.00597910 0.03973778 -0.00342669
v -0.00644541 0.03990163 -0.00293152
v -0.00640039 0.04027878 -0.00224093
v -0.00665267 0.04043429 -0.00153616
v -0.00460575 0.03967403 0.00042760
v -0.00458323 0.03936241 0.00042760
v -0.00458323 0.03936241 -0.00153616
v -0.00459680 0.03936241 -0.00229402
v -0.00477136 0.03936241 -0.00305234
v -0.00704651 0.03991891 -0.00229402
v -0.00725653 0.04000828 -0.00152197
v -0.00760473 0.03976816 -0.00126020
v -0.00763773 0.03981106 -0.00077784
v -0.00766086 0.03984264 -0.00001952
v -0.00764821 0.03982596 0.00042760
v -0.00748846 0.03998147 0.00042760
v -0.00513282 0.03987482 -0.00305234
v -0.00529751 0.03974731 -0.00343951
v -0.00571078 0.03994036 -0.00312511
v -0.00547361 0.03974731 -0.00343951
v -0.00571078 0.03948694 -0.00373972
v -0.00568827 0.03904663 -0.00424771
v -0.00569382 0.03904603 -0.00424771
v -0.00613855 0.03901565 -0.00421980
v -0.00641272 0.03923789 -0.00383263
v -0.00644541 0.03965675 -0.00331091
v -0.00690618 0.03980153 -0.00276997
v -0.00462240 0.03891555 0.00042760
v -0.00459526 0.03477522 -0.00381066
v -0.00458817 0.03477522 -0.00424771
v -0.00458323 0.03708758 -0.00381066
v -0.00458447 0.03860394 -0.00305234
v -0.00471030 0.03860394 -0.00381066
v -0.00511123 0.03931773 -0.00373972
v -0.00742554 0.03956321 -0.00229402
v -0.00754428 0.03969190 -0.00176544
v -0.00769571 0.03918426 -0.00229402
v -0.00770805 0.03940829 -0.00152197
v -0.00772964 0.03936241 -0.00077784
v -0.00772748 0.03936241 0.00042760
v -0.00523089 0.03903531 -0.00423719
v -0.00567069 0.03904603 -0.00424771
v -0.00610585 0.03898586 -0.00424771
v -0.00617556 0.03896203 -0.00424771
v -0.00653855 0.03876779 -0.00424771
v -0.00664372 0.03888814 -0.00410035
v -0.00698698 0.03912647 -0.00359465
v -0.00719948 0.03933977 -0.00302259
v -0.00466619 0.03860394 0.00042760
v -0.00461315 0.03477522 -0.00377817
v -0.00772285 0.03477522 -0.00424771
v -0.00458601 0.03632971 -0.00424771
v -0.00458570 0.03784546 -0.00381066
v -0.00497491 0.03860394 -0.00424771
v -0.00522133 0.03900969 -0.00424771
v -0.00460050 0.03708758 -0.00424771
v -0.00475101 0.03788062 -0.00424771
v -0.00762508 0.03904782 -0.00276997
v -0.00769725 0.03859977 -0.00303449
v -0.00772593 0.03857057 -0.00226977
v -0.00772902 0.03784606 -0.00304868
v -0.00773364 0.03632971 -0.00424771
v -0.00773364 0.03632971 -0.00392141
v -0.00766240 0.03887504 0.00042760
v -0.00772902 0.03524055 -0.00424771
v -0.00772378 0.03481276 -0.00424771
v -0.00771884 0.03477522 -0.00400745
v -0.00701042 0.03841566 -0.00424771
v -0.00723309 0.03861645 -0.00382164
v -0.00749247 0.03885001 -0.00327521
v -0.00487992 0.03829590 0.00042760
v -0.00495795 0.03477522 -0.00322350
v -0.00764328 0.03834476 -0.00354294
v -0.00769078 0.03780673 -0.00380151
v -0.00772624 0.03655731 -0.00424771
v -0.00748383 0.03865220 0.00042760
v -0.00742523 0.03477522 -0.00362806
v -0.00735646 0.03849610 0.00042760
v -0.00734967 0.03792351 -0.00424771
v -0.00747921 0.03803195 -0.00404864
v -0.00502889 0.03810107 0.00042760
v -0.00499434 0.03477522 -0.00321023
v -0.00760781 0.03752730 -0.00422483
v -0.00767536 0.03720794 -0.00424771
v -0.00704589 0.03477522 -0.00323540
v -0.00697742 0.03810643 0.00042760
v -0.00757420 0.03754577 -0.00424771
v -0.00568765 0.03797892 0.00042760
v -0.00568765 0.03477522 -0.00302214
v -0.00759640 0.03750704 -0.00424771
v -0.00762077 0.03743792 -0.00424771
v -0.00644541 0.03477522 -0.00303358
v -0.00665606 0.03802361 0.00042760
v -0.00599914 0.03797952 0.00042760
v -0.00572497 0.03477522 -0.00302259
v -0.00644541 0.03798429 0.00042760
f 2484 2485 2486
f 2484 2486 2487
f 2484 2487 2496
f 2484 2496 2495
f 2484 2495 2508
f 2484 2508 2529
f 2484 2529 2528
f 2484 2528 2553
f 2484 2553 2577
f 2484 2577 2589
f 2484 2589 2591
f 2484 2591 2599
f 2484 2599 2606
f 2484 2606 2609
f 2484 2609 2607
f 2484 2607 2601
f 2484 2601 2594
f 2484 2594 2584
f 2484 2584 2562
f 2484 2562 2541
f 2484 2541 2519
f 2484 2519 2518
f 2484 2518 2509
f 2484 2509 2497
f 2484 2497 2488
f 2484 2488 2485
f 2485 2489 2486
f 2485 2488 2490
f 2485 2490 2491
f 2485 2491 2489
f 2486 2489 2492
f 2486 2492 2493
f 2486 2493 2494
f 2486 2494 2495
f 2486 2495 2496
f 2486 2496 2487
f 2488 2497 2490
f 2489 2491 2498
f 2489 2498 2499
f 2489 2499 2500
f 2489 2500 2501
f 2489 2501 2492
f 2490 2497 2502
f 2490 2502 2503
f 2490 2503 2491
f 2491 2503 2504
f 2491 2504 2498
f 2492 2501 2505
f 2492 2505 2493
f 2493 2505 2506
f 2493 2506 2507
f 2493 2507 2494
f 2494 2507 2495
f 2495 2507 2508
f 2497 2509 2502
f 2498 2510 2499
f 2498 2504 2511
f 2498 2511 2510
f 2499 2510 2512
f 2499 2512 2500
f 2500 2512 2513
f 2500 2513 2514
f 2500 2514 2515
f 2500 2515 2516
f 2500 2516 2517
f 2500 2517 2501
f 2501 2517 2505
f 2502 2509 2518
f 2502 2518 2519
f 2502 2519 2520
f 2502 2520 2521
f 2502 2521 2503
f 2503 2521 2504
f 2504 2521 2522
f 2504 2522 2511
f 2505 2517 2523
f 2505 2523 2524
f 2505 2524 2506
f 2506 2524 2525
f 2506 2525 2526
f 2506 2526 2507
f 2507 2526 2527
f 2507 2527 2528
f 2507 2528 2529
f 2507 2529 2508
f 2510 2513 2512
f 2510 2511 2530
f 2510 2530 2531
f 2510 2531 2513
f 2511 2522 2530
f 2513 2531 2532
f 2513 2532 2514
f 2514 2533 2534
f 2514 2534 2535
f 2514 2535 2536
f 2514 2536 2537
f 2514 2537 2538
f 2514 2538 2539
f 2514 2539 2515
f 2514 2532 2533
f 2515 2539 2540
f 2515 2540 2516
f 2516 2540 2517
f 2517 2540 2523
f 2519 2541 2542
f 2519 2542 2543
f 2519 2543 2544
f 2519 2544 2520
f 2520 2545 2521
f 2520 2544 2545
f 2521 2545 2546
f 2521 2546 2522
f 2522 2546 2547
f 2522 2547 2530
f 2523 2540 2548
f 2523 2548 2549
f 2523 2549 2524
f 2524 2549 2525
f 2525 2549 2550
f 2525 2550 2551
f 2525 2551 2526
f 2526 2551 2527
f 2527 2551 2552
f 2527 2552 2553
f 2527 2553 2528
f 2530 2547 2531
f 2531 2533 2532
f 2531 2547 2554
f 2531 2554 2555
f 2531 2555 2535
f 2531 2535 2533
f 2533 2535 2534
f 2535 2555 2568
f 2535 2568 2567
f 2535 2567 2570
f 2535 2570 2569
f 2535 2569 2565
f 2535 2565 2543
f 2535 2543 2564
f 2535 2564 2579
f 2535 2579 2578
f 2535 2578 2575
f 2535 2575 2588
f 2535 2588 2597
f 2535 2597 2604
f 2535 2604 2603
f 2535 2603 2600
f 2535 2600 2592
f 2535 2592 2581
f 2535 2581 2558
f 2535 2558 2557
f 2535 2557 2556
f 2535 2556 2536
f 2536 2556 2537
f 2537 2556 2557
f 2537 2557 2558
f 2537 2558 2559
f 2537 2559 2538
f 2538 2559 2560
f 2538 2560 2539
f 2539 2560 2540
f 2540 2560 2561
f 2540 2561 2548
f 2541 2562 2542
f 2542 2563 2585
f 2542 2585 2595
f 2542 2595 2602
f 2542 2602 2608
f 2542 2608 2605
f 2542 2605 2598
f 2542 2598 2590
f 2542 2590 2580
f 2542 2580 2564
f 2542 2564 2543
f 2542 2562 2563
f 2543 2565 2544
f 2544 2565 2566
f 2544 2566 2545
f 2545 2566 2546
f 2546 2567 2568
f 2546 2568 2554
f 2546 2554 2547
f 2546 2566 2569
f 2546 2569 2570
f 2546 2570 2567
f 2548 2561 2571
f 2548 2571 2549
f 2549 2571 2550
f 2550 2571 2572
f 2550 2572 2573
f 2550 2573 2551
f 2551 2573 2552
f 2552 2573 2574
f 2552 2574 2575
f 2552 2575 2576
f 2552 2576 2553
f 2553 2576 2578
f 2553 2578 2579
f 2553 2579 2580
f 2553 2580 2577
f 2554 2568 2555
f 2558 2581 2559
f 2559 2581 2560
f 2560 2581 2582
f 2560 2582 2583
f 2560 2583 2561
f 2561 2583 2571
f 2562 2584 2585
f 2562 2585 2563
f 2564 2580 2579
f 2565 2569 2566
f 2571 2583 2586
f 2571 2586 2572
f 2572 2586 2587
f 2572 2587 2588
f 2572 2588 2574
f 2572 2574 2573
f 2574 2588 2575
f 2575 2578 2576
f 2577 2580 2589
f 2580 2590 2591
f 2580 2591 2589
f 2581 2592 2593
f 2581 2593 2582
f 2582 2593 2583
f 2583 2593 2586
f 2584 2594 2585
f 2585 2594 2595
f 2586 2593 2596
f 2586 2596 2587
f 2587 2596 2597
f 2587 2597 2588
f 2590 2598 2599
f 2590 2599 2591
f 2592 2600 2596
f 2592 2596 2593
f 2594 2601 2602
f 2594 2602 2595
f 2596 2600 2603
f 2596 2603 2604
f 2596 2604 2597
f 2598 2605 2599
f 2599 2605 2606
f 2601 2607 2602
f 2602 2607 2609
f 2602 2609 2608
f 2605 2608 2609
f 2605 2609 2606

o geometry_21
v -0.00568752 0.02950530 0.00663976
v -0.00627908 0.02950530 0.00651874
v -0.00632440 0.02874642 0.00654610
v -0.00634896 0.02798857 0.00656678
v -0.00635242 0.02722968 0.00657773
v -0.00634170 0.02491966 0.00659901
v -0.00562836 0.02491966 0.00660205
v -0.00516030 0.02950530 0.00654732
v -0.00512709 0.03026211 0.00654002
v -0.00568752 0.03026211 0.00659962
v -0.00665789 0.02950530 0.00633994
v -0.00621301 0.03026211 0.00648590
v -0.00659181 0.03026211 0.00631562
v -0.00670321 0.02874642 0.00635819
v -0.00672777 0.02798857 0.00636853
v -0.00673157 0.02722968 0.00636792
v -0.00672050 0.02491966 0.00634846
v -0.00551801 0.02491966 0.00652968
v -0.00481540 0.03026211 0.00604682
v -0.00531632 0.02526470 0.00635636
v -0.00482439 0.03102100 0.00604682
v -0.00497937 0.03405342 0.00589600
v -0.00517829 0.03102100 0.00649198
v -0.00525232 0.03158600 0.00645306
v -0.00568752 0.03102100 0.00651570
v -0.00607601 0.03143276 0.00642995
v -0.00612652 0.03102100 0.00645002
v -0.00705226 0.03253669 0.00584066
v -0.00708651 0.03177884 0.00587654
v -0.00637525 0.03172255 0.00627609
v -0.00650533 0.03102100 0.00628643
v -0.00700625 0.03329558 0.00579870
v -0.00711107 0.03102100 0.00590695
v -0.00713148 0.03026211 0.00593674
v -0.00714498 0.02950530 0.00596107
v -0.00715120 0.02874642 0.00597871
v -0.00715397 0.02798857 0.00598965
v -0.00715051 0.02722968 0.00598904
v -0.00713460 0.02571295 0.00597627
v -0.00712145 0.02495510 0.00596958
v -0.00712076 0.02491966 0.00596898
v -0.00714394 0.02647184 0.00598296
v -0.00522153 0.02491966 0.00614777
v -0.00460057 0.03102100 0.00528907
v -0.00458327 0.03177884 0.00528907
v -0.00458465 0.03253669 0.00528907
v -0.00459261 0.03329558 0.00528907
v -0.00520285 0.02491966 0.00607723
v -0.00461648 0.03405342 0.00528907
v -0.00466387 0.03481231 0.00528907
v -0.00473652 0.03556807 0.00528907
v -0.00502642 0.03481231 0.00584127
v -0.00509907 0.03556807 0.00578410
v -0.00568752 0.03194354 0.00640197
v -0.00568752 0.03156410 0.00644880
v -0.00510149 0.03556807 0.00578471
v -0.00568752 0.03556807 0.00588505
v -0.00568752 0.03481231 0.00600242
v -0.00568752 0.03405342 0.00611493
v -0.00568752 0.03329558 0.00622257
v -0.00568752 0.03253669 0.00632656
v -0.00635554 0.03556807 0.00576951
v -0.00644548 0.03405342 0.00596837
v -0.00644548 0.03329558 0.00606993
v -0.00644548 0.03253669 0.00616176
v -0.00738541 0.03329558 0.00546179
v -0.00743142 0.03253669 0.00549645
v -0.00746567 0.03177884 0.00552625
v -0.00694364 0.03405342 0.00574944
v -0.00732279 0.03405342 0.00541739
v -0.00749023 0.03102100 0.00554997
v -0.00751064 0.03026211 0.00557125
v -0.00752413 0.02950530 0.00558524
v -0.00753312 0.02798857 0.00559315
v -0.00753036 0.02874642 0.00559132
v -0.00752966 0.02722968 0.00558646
v -0.00752309 0.02647184 0.00557612
v -0.00751375 0.02571295 0.00556152
v -0.00749991 0.02491966 0.00553841
v -0.00750061 0.02495510 0.00553963
v -0.00460230 0.03102100 0.00377237
v -0.00458327 0.03177884 0.00301463
v -0.00514404 0.02491966 0.00528907
v -0.00512329 0.02491966 0.00453072
v -0.00458292 0.03556807 0.00453072
v -0.00458327 0.03556807 0.00453316
v -0.00673469 0.03556807 0.00563328
v -0.00651605 0.03487486 0.00581877
v -0.00681598 0.03516882 0.00566430
v -0.00687895 0.03466325 0.00570444
v -0.00759436 0.03556807 0.00492297
v -0.00763552 0.03481231 0.00497953
v -0.00767427 0.03405342 0.00503852
v -0.00770021 0.03329558 0.00508292
v -0.00771751 0.03253669 0.00511697
v -0.00726882 0.03556807 0.00521488
v -0.00773100 0.03177884 0.00514738
v -0.00773965 0.03102100 0.00517110
v -0.00774899 0.02950530 0.00520637
v -0.00774588 0.03026211 0.00519238
v -0.00774692 0.02798857 0.00521427
v -0.00774865 0.02874642 0.00521245
v -0.00774242 0.02722968 0.00520758
v -0.00773585 0.02647184 0.00519664
v -0.00772720 0.02571295 0.00518265
v -0.00771578 0.02495510 0.00516015
v -0.00751029 0.02491966 0.00552017
v -0.00460403 0.03102100 0.00225628
v -0.00460506 0.03102100 0.00149793
v -0.00460922 0.03102100 0.00042760
v -0.00459157 0.03177884 0.00225628
v -0.00528311 0.02491966 0.00042760
v -0.00468982 0.03026211 0.00042760
v -0.00460126 0.03556807 0.00377480
v -0.00768603 0.03556807 0.00467181
v -0.00793546 0.03329558 0.00453072
v -0.00796901 0.03253669 0.00453072
v -0.00798527 0.03177884 0.00453072
v -0.00800499 0.02950530 0.00453072
v -0.00799530 0.03102100 0.00453072
v -0.00800188 0.03026211 0.00453072
v -0.00800084 0.02798857 0.00453072
v -0.00799461 0.02722968 0.00453072
v -0.00800361 0.02874642 0.00453072
v -0.00798527 0.02647184 0.00453072
v -0.00797386 0.02571295 0.00453072
v -0.00795794 0.02495510 0.00453072
v -0.00795690 0.02491966 0.00453072
v -0.00772616 0.02491966 0.00513035
v -0.00771509 0.02491966 0.00515893
v -0.00498560 0.03175174 0.00042760
v -0.00496415 0.03556807 0.00319829
v -0.00460161 0.03556807 0.00377237
v -0.00811708 0.02491966 0.00042760
v -0.00771336 0.03556807 0.00459579
v -0.00786834 0.03405342 0.00453072
v -0.00809009 0.03177884 0.00377237
v -0.00810566 0.03102100 0.00377237
v -0.00810601 0.03026211 0.00377237
v -0.00810601 0.02950530 0.00377237
v -0.00810531 0.02874642 0.00377237
v -0.00809667 0.02571295 0.00377237
v -0.00809217 0.02495510 0.00377237
v -0.00809182 0.02491966 0.00377237
v -0.00810393 0.02798857 0.00377237
v -0.00810220 0.02722968 0.00377237
v -0.00796382 0.02491966 0.00449484
v -0.00534988 0.03189142 0.00042760
v -0.00568475 0.03556807 0.00299821
v -0.00811708 0.02491966 0.00301463
v -0.00811708 0.02950530 0.00042760
v -0.00772478 0.03556807 0.00396698
v -0.00801814 0.03253669 0.00377237
v -0.00810428 0.03026211 0.00042760
v -0.00811362 0.03026211 0.00073957
v -0.00811708 0.03026211 0.00149793
v -0.00811708 0.03026211 0.00301463
v -0.00809355 0.02491966 0.00373649
v -0.00568994 0.03201964 0.00042760
v -0.00568752 0.03556807 0.00299760
v -0.00811500 0.02995146 0.00042760
v -0.00742104 0.03556807 0.00358811
v -0.00783721 0.03092614 0.00042760
v -0.00794687 0.03067074 0.00042760
v -0.00613413 0.03199775 0.00042760
v -0.00644548 0.03556807 0.00299760
v -0.00704189 0.03556807 0.00319829
v -0.00747535 0.03130558 0.00042760
v -0.00644548 0.03198107 0.00042760
v -0.00709620 0.03167564 0.00042760
f 2610 2611 2612
f 2610 2612 2613
f 2610 2613 2614
f 2610 2614 2615
f 2610 2615 2616
f 2610 2616 2617
f 2610 2617 2618
f 2610 2618 2619
f 2610 2619 2611
f 2611 2620 2612
f 2611 2619 2621
f 2611 2621 2622
f 2611 2622 2620
f 2612 2623 2613
f 2612 2620 2623
f 2613 2623 2624
f 2613 2624 2614
f 2614 2624 2615
f 2615 2624 2625
f 2615 2625 2626
f 2615 2626 2650
f 2615 2650 2688
f 2615 2688 2716
f 2615 2716 2739
f 2615 2739 2738
f 2615 2738 2737
f 2615 2737 2756
f 2615 2756 2753
f 2615 2753 2767
f 2615 2767 2759
f 2615 2759 2743
f 2615 2743 2721
f 2615 2721 2693
f 2615 2693 2692
f 2615 2692 2657
f 2615 2657 2652
f 2615 2652 2627
f 2615 2627 2616
f 2616 2627 2617
f 2617 2628 2618
f 2617 2627 2629
f 2617 2629 2628
f 2618 2628 2630
f 2618 2630 2631
f 2618 2631 2632
f 2618 2632 2619
f 2619 2632 2633
f 2619 2633 2634
f 2619 2634 2635
f 2619 2635 2636
f 2619 2636 2621
f 2620 2622 2637
f 2620 2637 2638
f 2620 2638 2623
f 2621 2636 2639
f 2621 2639 2640
f 2621 2640 2622
f 2622 2640 2641
f 2622 2641 2637
f 2623 2638 2642
f 2623 2642 2643
f 2623 2643 2644
f 2623 2644 2624
f 2624 2644 2645
f 2624 2645 2646
f 2624 2646 2625
f 2625 2646 2647
f 2625 2647 2626
f 2626 2648 2649
f 2626 2649 2650
f 2626 2647 2651
f 2626 2651 2648
f 2627 2652 2629
f 2628 2653 2654
f 2628 2654 2655
f 2628 2655 2656
f 2628 2656 2630
f 2628 2629 2652
f 2628 2652 2657
f 2628 2657 2653
f 2630 2656 2658
f 2630 2658 2659
f 2630 2659 2631
f 2631 2659 2660
f 2631 2660 2661
f 2631 2661 2632
f 2632 2661 2662
f 2632 2662 2633
f 2633 2663 2664
f 2633 2664 2634
f 2633 2662 2665
f 2633 2665 2666
f 2633 2666 2667
f 2633 2667 2668
f 2633 2668 2669
f 2633 2669 2670
f 2633 2670 2663
f 2634 2664 2635
f 2635 2664 2663
f 2635 2663 2670
f 2635 2670 2669
f 2635 2669 2668
f 2635 2668 2671
f 2635 2671 2672
f 2635 2672 2673
f 2635 2673 2674
f 2635 2674 2639
f 2635 2639 2636
f 2637 2641 2675
f 2637 2675 2676
f 2637 2676 2638
f 2638 2677 2642
f 2638 2676 2677
f 2639 2674 2640
f 2640 2674 2641
f 2641 2674 2678
f 2641 2678 2679
f 2641 2679 2675
f 2642 2677 2643
f 2643 2677 2680
f 2643 2680 2681
f 2643 2681 2644
f 2644 2681 2682
f 2644 2682 2645
f 2645 2682 2646
f 2646 2683 2647
f 2646 2682 2684
f 2646 2684 2683
f 2647 2683 2685
f 2647 2685 2651
f 2648 2651 2685
f 2648 2685 2686
f 2648 2686 2649
f 2649 2686 2687
f 2649 2687 2650
f 2650 2687 2689
f 2650 2689 2688
f 2653 2690 2691
f 2653 2691 2654
f 2653 2657 2692
f 2653 2692 2693
f 2653 2693 2690
f 2654 2691 2694
f 2654 2694 2655
f 2655 2694 2656
f 2656 2694 2658
f 2658 2694 2695
f 2658 2695 2659
f 2659 2695 2660
f 2660 2662 2661
f 2660 2695 2694
f 2660 2694 2723
f 2660 2723 2742
f 2660 2742 2741
f 2660 2741 2758
f 2660 2758 2769
f 2660 2769 2775
f 2660 2775 2776
f 2660 2776 2771
f 2660 2771 2761
f 2660 2761 2744
f 2660 2744 2724
f 2660 2724 2700
f 2660 2700 2705
f 2660 2705 2696
f 2660 2696 2671
f 2660 2671 2666
f 2660 2666 2665
f 2660 2665 2662
f 2666 2671 2667
f 2667 2671 2668
f 2671 2696 2697
f 2671 2697 2672
f 2672 2697 2698
f 2672 2698 2673
f 2673 2698 2699
f 2673 2699 2678
f 2673 2678 2674
f 2675 2679 2700
f 2675 2700 2701
f 2675 2701 2702
f 2675 2702 2676
f 2676 2702 2703
f 2676 2703 2677
f 2677 2703 2704
f 2677 2704 2680
f 2678 2699 2705
f 2678 2705 2679
f 2679 2705 2700
f 2680 2704 2681
f 2681 2704 2706
f 2681 2706 2707
f 2681 2707 2682
f 2682 2708 2684
f 2682 2707 2709
f 2682 2709 2708
f 2683 2710 2685
f 2683 2684 2708
f 2683 2708 2711
f 2683 2711 2710
f 2685 2712 2686
f 2685 2710 2712
f 2686 2712 2713
f 2686 2713 2714
f 2686 2714 2687
f 2687 2714 2715
f 2687 2715 2689
f 2688 2689 2716
f 2689 2715 2716
f 2690 2717 2691
f 2690 2693 2717
f 2691 2717 2718
f 2691 2718 2719
f 2691 2719 2720
f 2691 2720 2694
f 2693 2721 2722
f 2693 2722 2719
f 2693 2719 2718
f 2693 2718 2717
f 2694 2720 2719
f 2694 2719 2723
f 2696 2705 2698
f 2696 2698 2697
f 2698 2705 2699
f 2700 2724 2725
f 2700 2725 2701
f 2701 2725 2702
f 2702 2725 2703
f 2703 2725 2726
f 2703 2726 2704
f 2704 2726 2706
f 2706 2726 2707
f 2707 2726 2727
f 2707 2727 2709
f 2708 2728 2711
f 2708 2709 2729
f 2708 2729 2730
f 2708 2730 2728
f 2709 2727 2729
f 2710 2731 2732
f 2710 2732 2712
f 2710 2711 2728
f 2710 2728 2733
f 2710 2733 2731
f 2712 2732 2734
f 2712 2734 2713
f 2713 2734 2735
f 2713 2735 2714
f 2714 2735 2736
f 2714 2736 2715
f 2715 2736 2737
f 2715 2737 2738
f 2715 2738 2739
f 2715 2739 2716
f 2719 2740 2741
f 2719 2741 2742
f 2719 2742 2723
f 2719 2722 2721
f 2719 2721 2743
f 2719 2743 2760
f 2719 2760 2770
f 2719 2770 2763
f 2719 2763 2773
f 2719 2773 2772
f 2719 2772 2777
f 2719 2777 2779
f 2719 2779 2778
f 2719 2778 2774
f 2719 2774 2768
f 2719 2768 2757
f 2719 2757 2740
f 2724 2744 2725
f 2725 2744 2745
f 2725 2745 2746
f 2725 2746 2726
f 2726 2746 2727
f 2727 2746 2747
f 2727 2747 2729
f 2728 2730 2747
f 2728 2747 2748
f 2728 2748 2749
f 2728 2749 2750
f 2728 2750 2733
f 2729 2747 2730
f 2731 2733 2751
f 2731 2751 2752
f 2731 2752 2732
f 2732 2752 2753
f 2732 2753 2734
f 2733 2750 2754
f 2733 2754 2755
f 2733 2755 2751
f 2734 2753 2735
f 2735 2753 2756
f 2735 2756 2736
f 2736 2756 2737
f 2740 2757 2741
f 2741 2757 2758
f 2743 2759 2766
f 2743 2766 2765
f 2743 2765 2760
f 2744 2761 2745
f 2745 2762 2746
f 2745 2761 2762
f 2746 2763 2764
f 2746 2764 2765
f 2746 2765 2747
f 2746 2762 2763
f 2747 2765 2766
f 2747 2766 2748
f 2748 2766 2759
f 2748 2759 2749
f 2749 2759 2750
f 2750 2759 2754
f 2751 2759 2767
f 2751 2767 2752
f 2751 2755 2759
f 2752 2767 2753
f 2754 2759 2755
f 2757 2768 2758
f 2758 2768 2769
f 2760 2765 2770
f 2761 2771 2772
f 2761 2772 2773
f 2761 2773 2763
f 2761 2763 2762
f 2763 2770 2764
f 2764 2770 2765
f 2768 2774 2775
f 2768 2775 2769
f 2771 2776 2772
f 2772 2776 2777
f 2774 2778 2775
f 2775 2778 2779
f 2775 2779 2776
f 2776 2779 2777

o geometry_22
v -0.00425880 -0.00153275 0.00000706
v -0.00492928 -0.00166920 0.00000706
v -0.00425880 0.00062775 0.00134635
v -0.00487556 0.00062775 0.00146686
v -0.00535745 -0.00189186 0.00000706
v -0.00465650 -0.00436334 0.00000706
v -0.00425902 -0.00477534 0.00000706
v -0.00463224 -0.00433425 0.00073941
v -0.00426523 -0.00471346 0.00073941
v -0.00388597 -0.00508031 0.00073931
v -0.00391112 -0.00510282 0.00007119
v -0.00341242 -0.00528182 0.00007119
v -0.00265417 -0.00535772 0.00007119
v -0.00341242 -0.00523576 0.00073931
v -0.00383228 -0.00503321 0.00128455
v -0.00458698 -0.00428083 0.00123564
v -0.00416780 -0.00462810 0.00151275
v -0.00450336 -0.00418722 0.00174118
v -0.00401143 -0.00447736 0.00225588
v -0.00368194 -0.00497511 0.00179043
v -0.00342238 -0.00508084 0.00152179
v -0.00317644 -0.00502012 0.00191916
v -0.00265417 -0.00515254 0.00149786
v -0.00265417 -0.00503059 0.00193990
v -0.00265417 -0.00483275 0.00231918
v -0.00221415 -0.00502012 0.00191916
v -0.00265417 -0.00530904 0.00073931
v -0.00198025 -0.00515411 0.00073931
v -0.00209471 -0.00507560 0.00149786
v -0.00197161 -0.00462914 0.00220534
v -0.00174846 -0.00461972 0.00149786
v -0.00163426 -0.00461972 0.00073931
v -0.00159550 -0.00386131 0.00225588
v -0.00187444 -0.00392674 0.00307667
v -0.00206093 -0.00438262 0.00286548
v -0.00265417 -0.00421513 0.00336019
v -0.00205202 -0.00371790 0.00362510
v -0.00265417 -0.00383567 0.00374106
v -0.00265417 -0.00344626 0.00411981
v -0.00205647 -0.00295269 0.00430971
v -0.00187182 -0.00316467 0.00383575
v -0.00158895 -0.00310291 0.00301390
v -0.00159209 -0.00234502 0.00377245
v -0.00158292 -0.00158714 0.00377245
v -0.00158292 -0.00386131 0.00149786
v -0.00161409 -0.00461972 0.00007119
v -0.00158292 -0.00386131 0.00007119
v -0.00158292 -0.00001118 0.00301390
v -0.00158292 -0.00310291 0.00007119
v -0.00160362 -0.00234502 0.00007119
v -0.00196009 -0.00517819 0.00007119
v -0.00194856 -0.00172532 0.00007119
v -0.00195459 -0.00001118 0.00166223
v -0.00163400 -0.00001118 0.00220055
v -0.00160624 -0.00001118 0.00225588
v -0.00425880 0.00062775 0.00501153
v -0.00158292 -0.00001118 0.00377245
v -0.00158921 -0.00001118 0.00453047
v -0.00193861 -0.00001118 0.00521295
v -0.00160335 -0.00082873 0.00453047
v -0.00170576 -0.00158714 0.00453047
v -0.00194935 -0.00082873 0.00512997
v -0.00205176 -0.00158714 0.00502571
v -0.00265417 -0.00001118 0.00550499
v -0.00340981 -0.00001118 0.00542839
v -0.00265417 -0.00082873 0.00535019
v -0.00341242 -0.00082873 0.00527199
v -0.00386973 -0.00143012 0.00497996
v -0.00374008 -0.00193572 0.00489804
v -0.00419242 -0.00165675 0.00456079
v -0.00403212 -0.00234502 0.00440972
v -0.00451521 -0.00188287 0.00410920
v -0.00461237 -0.00137725 0.00422432
v -0.00432561 -0.00082880 0.00467989
v -0.00394621 -0.00082873 0.00505177
v -0.00402217 -0.00001118 0.00513050
v -0.00439625 -0.00007038 0.00475337
v -0.00467117 -0.00082880 0.00430074
v -0.00533804 -0.00129051 0.00268467
v -0.00471451 -0.00007038 0.00437422
v -0.00448270 0.00062775 0.00478032
v -0.00473065 0.00062775 0.00443153
v -0.00445731 0.00062775 0.00481069
v -0.00536185 0.00062775 0.00273659
v -0.00536264 -0.00007038 0.00274443
v -0.00535779 -0.00082880 0.00272582
v -0.00540226 -0.00082880 0.00225603
v -0.00536964 -0.00156078 0.00223742
v -0.00534447 -0.00205528 0.00197191
v -0.00536750 -0.00232237 0.00146392
v -0.00540655 -0.00234458 0.00073941
v -0.00541162 -0.00234458 0.00000706
v -0.00540350 0.00062775 0.00225603
v -0.00534978 0.00062775 0.00179115
v -0.00536231 -0.00282005 0.00000706
v -0.00535508 -0.00280524 0.00073941
v -0.00533443 -0.00276822 0.00118862
v -0.00468088 -0.00368002 0.00225603
v -0.00490716 -0.00310301 0.00225603
v -0.00468460 -0.00307286 0.00298545
v -0.00491020 -0.00234458 0.00301386
v -0.00459872 -0.00279995 0.00345964
v -0.00460120 -0.00354674 0.00271357
v -0.00439095 -0.00405923 0.00225603
v -0.00387864 -0.00432766 0.00278729
v -0.00341242 -0.00441246 0.00292187
v -0.00341242 -0.00416855 0.00330115
v -0.00391871 -0.00365614 0.00356393
v -0.00415156 -0.00385399 0.00300273
v -0.00442436 -0.00330557 0.00321911
v -0.00415915 -0.00309401 0.00376447
v -0.00389409 -0.00288256 0.00425439
v -0.00441138 -0.00234458 0.00398036
v -0.00341242 -0.00301445 0.00434748
v -0.00341242 -0.00339339 0.00407406
v -0.00341242 -0.00378961 0.00369478
v -0.00265417 -0.00445380 0.00298092
v -0.00342238 -0.00481861 0.00220534
v -0.00265417 -0.00306679 0.00438844
v -0.00218796 -0.00203151 0.00494272
v -0.00265417 -0.00244290 0.00476771
v -0.00265417 -0.00206396 0.00495921
v -0.00265417 -0.00158714 0.00514167
v -0.00195328 -0.00230839 0.00454962
v -0.00345721 -0.00164471 0.00504486
v -0.00323458 -0.00203151 0.00494272
v -0.00345721 -0.00230839 0.00475601
v -0.00467919 -0.00234458 0.00360121
v -0.00265417 -0.00149345 0.00007119
f 2781 2782 2780
f 2781 2783 2782
f 2781 2784 2783
f 2781 2780 2784
f 2780 2785 2784
f 2786 2785 2780
f 2786 2787 2785
f 2786 2788 2787
f 2786 2789 2788
f 2790 2789 2786
f 2790 2791 2789
f 2790 2786 2791
f 2791 2786 2792
f 2791 2792 2793
f 2791 2793 2789
f 2794 2789 2793
f 2794 2788 2789
f 2794 2795 2788
f 2796 2795 2794
f 2796 2797 2795
f 2796 2798 2797
f 2796 2799 2798
f 2796 2794 2799
f 2794 2793 2799
f 2800 2799 2793
f 2800 2801 2799
f 2802 2801 2800
f 2803 2801 2802
f 2803 2804 2801
f 2803 2805 2804
f 2803 2802 2805
f 2802 2806 2805
f 2802 2800 2806
f 2806 2800 2793
f 2806 2793 2792
f 2806 2792 2807
f 2808 2806 2807
f 2808 2805 2806
f 2808 2809 2805
f 2808 2810 2809
f 2808 2807 2810
f 2810 2807 2811
f 2810 2811 2812
f 2810 2812 2813
f 2810 2813 2809
f 2814 2809 2813
f 2814 2805 2809
f 2814 2815 2805
f 2816 2815 2814
f 2816 2817 2815
f 2816 2818 2817
f 2816 2819 2818
f 2816 2820 2819
f 2816 2813 2820
f 2816 2814 2813
f 2821 2820 2813
f 2821 2822 2820
f 2821 2823 2822
f 2821 2824 2823
f 2821 2812 2824
f 2821 2813 2812
f 2824 2812 2825
f 2824 2825 2826
f 2824 2826 2823
f 2826 2827 2823
f 2828 2827 2826
f 2828 2829 2827
f 2828 2780 2829
f 2828 2826 2780
f 2826 2786 2780
f 2826 2825 2786
f 2786 2825 2830
f 2786 2830 2792
f 2807 2792 2830
f 2807 2830 2811
f 2830 2825 2811
f 2812 2811 2825
f 2829 2780 2831
f 2829 2831 2832
f 2829 2832 2833
f 2829 2833 2834
f 2829 2834 2827
f 2827 2834 2782
f 2827 2782 2835
f 2836 2827 2835
f 2836 2823 2827
f 2836 2837 2823
f 2836 2835 2837
f 2838 2837 2835
f 2839 2837 2838
f 2839 2822 2837
f 2839 2840 2822
f 2841 2840 2839
f 2841 2842 2840
f 2841 2843 2842
f 2841 2838 2843
f 2841 2839 2838
f 2838 2835 2843
f 2844 2843 2835
f 2844 2845 2843
f 2844 2846 2845
f 2847 2846 2844
f 2847 2848 2846
f 2849 2848 2847
f 2849 2850 2848
f 2849 2851 2850
f 2849 2852 2851
f 2849 2847 2852
f 2847 2853 2852
f 2847 2854 2853
f 2847 2844 2854
f 2844 2855 2854
f 2844 2835 2855
f 2856 2855 2835
f 2856 2854 2855
f 2856 2853 2854
f 2857 2853 2856
f 2857 2852 2853
f 2857 2858 2852
f 2857 2859 2858
f 2860 2859 2857
f 2860 2861 2859
f 2860 2862 2861
f 2860 2857 2862
f 2862 2857 2856
f 2862 2856 2835
f 2862 2835 2861
f 2861 2835 2863
f 2864 2861 2863
f 2864 2865 2861
f 2866 2865 2864
f 2867 2865 2866
f 2867 2858 2865
f 2867 2868 2858
f 2867 2869 2868
f 2867 2870 2869
f 2867 2866 2870
f 2866 2871 2870
f 2866 2872 2871
f 2866 2864 2872
f 2864 2863 2872
f 2872 2863 2873
f 2872 2873 2871
f 2871 2873 2784
f 2871 2784 2785
f 2874 2871 2785
f 2870 2871 2874
f 2875 2870 2874
f 2875 2876 2870
f 2875 2787 2876
f 2875 2785 2787
f 2875 2874 2785
f 2787 2795 2876
f 2788 2795 2787
f 2877 2876 2795
f 2878 2876 2877
f 2878 2868 2876
f 2879 2868 2878
f 2879 2880 2868
f 2879 2881 2880
f 2879 2882 2881
f 2879 2878 2882
f 2878 2877 2882
f 2797 2882 2877
f 2883 2882 2797
f 2883 2884 2882
f 2883 2798 2884
f 2883 2797 2798
f 2884 2798 2799
f 2884 2799 2885
f 2884 2885 2886
f 2884 2886 2887
f 2884 2887 2888
f 2884 2888 2882
f 2888 2887 2882
f 2889 2882 2887
f 2889 2881 2882
f 2889 2887 2881
f 2890 2881 2887
f 2891 2881 2890
f 2891 2892 2881
f 2891 2850 2892
f 2891 2848 2850
f 2891 2893 2848
f 2894 2893 2891
f 2894 2818 2893
f 2894 2895 2818
f 2894 2887 2895
f 2894 2891 2887
f 2891 2890 2887
f 2886 2895 2887
f 2886 2815 2895
f 2885 2815 2886
f 2885 2896 2815
f 2885 2801 2896
f 2897 2801 2885
f 2897 2799 2801
f 2897 2885 2799
f 2896 2801 2804
f 2896 2804 2805
f 2896 2805 2815
f 2817 2895 2815
f 2818 2895 2817
f 2818 2898 2893
f 2818 2819 2898
f 2899 2898 2819
f 2899 2900 2898
f 2899 2901 2900
f 2899 2902 2901
f 2899 2845 2902
f 2899 2842 2845
f 2899 2903 2842
f 2899 2819 2903
f 2820 2903 2819
f 2820 2840 2903
f 2820 2822 2840
f 2903 2840 2842
f 2845 2842 2843
f 2904 2902 2845
f 2905 2902 2904
f 2901 2902 2905
f 2901 2905 2900
f 2906 2900 2905
f 2906 2893 2900
f 2906 2848 2893
f 2906 2905 2848
f 2905 2904 2848
f 2904 2846 2848
f 2904 2845 2846
f 2893 2898 2900
f 2850 2851 2892
f 2851 2881 2892
f 2851 2907 2881
f 2851 2852 2907
f 2907 2852 2858
f 2907 2858 2880
f 2907 2880 2881
f 2880 2858 2868
f 2797 2877 2795
f 2869 2876 2868
f 2869 2870 2876
f 2783 2784 2873
f 2783 2873 2782
f 2782 2873 2835
f 2863 2835 2873
f 2859 2865 2858
f 2859 2861 2865
f 2823 2837 2822
f 2833 2782 2834
f 2833 2832 2782
f 2782 2832 2831
f 2908 2782 2831
f 2908 2780 2782
f 2908 2831 2780

o geometry_23
v 0.00729696 0.00511178 0.00381185
v 0.00699075 0.00473489 0.00377262
v 0.00719574 0.00511178 0.00303548
v 0.00728423 0.00511178 0.00400670
v 0.00694852 0.00474282 0.00453068
v 0.00690841 0.00480737 0.00330313
v 0.00644558 0.00445074 0.00453068
v 0.00512926 0.00382631 0.00462353
v 0.00717919 0.00511178 0.00300410
v 0.00706672 0.00511178 0.00465317
v 0.00685217 0.00481794 0.00493826
v 0.00512926 0.00395819 0.00546441
v 0.00512926 0.00511178 0.00158780
v 0.00512926 0.00391817 0.00532361
v 0.00512926 0.00389338 0.00523338
v 0.00512926 0.00382631 0.00465971
v 0.00687191 0.00511178 0.00495918
v 0.00616547 0.00511178 0.00555595
v 0.00603602 0.00502130 0.00565055
v 0.00553054 0.00461874 0.00577871
v 0.00528650 0.00411336 0.00560739
v 0.00512926 0.00408164 0.00565273
v 0.00512926 0.00511178 0.00604069
v 0.00604387 0.00511178 0.00565534
v 0.00592567 0.00511178 0.00571594
v 0.00569543 0.00511178 0.00581271
v 0.00512926 0.00446445 0.00586807
v 0.00512926 0.00427254 0.00576301
f 2909 2910 2911
f 2909 2911 2917
f 2909 2917 2921
f 2909 2921 2931
f 2909 2931 2934
f 2909 2934 2933
f 2909 2933 2932
f 2909 2932 2926
f 2909 2926 2925
f 2909 2925 2918
f 2909 2918 2912
f 2909 2912 2913
f 2909 2913 2910
f 2910 2914 2911
f 2910 2913 2915
f 2910 2915 2916
f 2910 2916 2914
f 2911 2914 2917
f 2912 2918 2919
f 2912 2919 2913
f 2913 2919 2920
f 2913 2920 2915
f 2914 2921 2917
f 2914 2916 2921
f 2915 2920 2922
f 2915 2922 2923
f 2915 2923 2924
f 2915 2924 2916
f 2916 2924 2923
f 2916 2923 2922
f 2916 2922 2920
f 2916 2920 2930
f 2916 2930 2936
f 2916 2936 2935
f 2916 2935 2931
f 2916 2931 2921
f 2918 2925 2919
f 2919 2925 2926
f 2919 2926 2927
f 2919 2927 2928
f 2919 2928 2929
f 2919 2929 2920
f 2920 2929 2930
f 2926 2932 2927
f 2927 2932 2933
f 2927 2933 2928
f 2928 2933 2934
f 2928 2934 2931
f 2928 2931 2935
f 2928 2935 2936
f 2928 2936 2929
f 2929 2936 2930

o geometry_24
v 0.00341255 -0.00150629 -0.00001649
v 0.00340955 -0.00150629 -0.00001649
v 0.00417073 -0.00151674 -0.00001649
v 0.00417073 0.00056161 -0.00135047
v 0.00409645 0.00056161 -0.00134999
v 0.00341255 0.00056161 -0.00134854
v 0.00265436 -0.00151442 -0.00001649
v 0.00265436 0.00056161 -0.00134999
v 0.00492892 -0.00166639 -0.00001649
v 0.00473309 0.00056161 -0.00145700
v 0.00265174 -0.00151500 -0.00001649
v 0.00258383 0.00056161 -0.00137178
v 0.00195133 -0.00174470 -0.00001649
v 0.00535959 -0.00188623 -0.00001649
v 0.00490191 0.00056161 -0.00149089
v 0.00197158 0.00056161 -0.00157030
v 0.00160618 -0.00234274 -0.00001649
v 0.00535509 0.00056161 -0.00181628
v 0.00536109 -0.00188913 -0.00001649
v 0.00189430 0.00056161 -0.00170201
v 0.00160506 -0.00234506 -0.00001649
v 0.00540761 0.00056161 -0.00229419
v 0.00541549 -0.00234506 -0.00001939
v 0.00541512 -0.00234680 -0.00001649
v 0.00159681 0.00056161 -0.00229419
v 0.00158330 -0.00310030 -0.00001649
v 0.00540349 -0.00082879 -0.00229419
v 0.00536260 -0.00007007 -0.00277597
v 0.00536034 0.00056161 -0.00276774
v 0.00536260 -0.00282013 -0.00001649
v 0.00536260 -0.00282013 -0.00001939
v 0.00540686 -0.00234506 -0.00077766
v 0.00159305 0.00056161 -0.00242105
v 0.00158330 -0.00386133 -0.00001649
v 0.00158330 0.00056161 -0.00305197
v 0.00536710 -0.00155212 -0.00227095
v 0.00535472 -0.00082879 -0.00275612
v 0.00467344 -0.00007007 -0.00433705
v 0.00465993 0.00056161 -0.00431816
v 0.00465543 -0.00436250 -0.00001649
v 0.00465581 -0.00436308 -0.00001939
v 0.00535322 -0.00280215 -0.00077766
v 0.00533183 -0.00276444 -0.00121828
v 0.00536597 -0.00232070 -0.00149719
v 0.00158330 -0.00386133 -0.00153592
v 0.00161144 -0.00461947 -0.00001649
v 0.00158330 0.00056161 -0.00381072
v 0.00533408 -0.00127601 -0.00271690
v 0.00534421 -0.00205097 -0.00200270
v 0.00464493 -0.00082879 -0.00430073
v 0.00431854 -0.00007007 -0.00471666
v 0.00429791 0.00056161 -0.00469729
v 0.00429416 -0.00474070 -0.00001649
v 0.00429303 -0.00474186 -0.00001939
v 0.00463142 -0.00433234 -0.00077766
v 0.00467006 -0.00366353 -0.00229419
v 0.00489290 -0.00310320 -0.00229419
v 0.00459015 -0.00428419 -0.00126913
v 0.00472408 -0.00390077 -0.00152769
v 0.00159005 -0.00310320 -0.00305197
v 0.00159530 -0.00386133 -0.00229419
v 0.00161144 -0.00461947 -0.00001939
v 0.00158330 -0.00158692 -0.00381072
v 0.00195733 -0.00518154 -0.00001939
v 0.00195620 -0.00517922 -0.00001649
v 0.00158630 0.00056161 -0.00393709
v 0.00472671 -0.00159156 -0.00385623
v 0.00459428 -0.00134156 -0.00423875
v 0.00490266 -0.00234506 -0.00305197
v 0.00467719 -0.00234506 -0.00362769
v 0.00467494 -0.00306897 -0.00301178
v 0.00428365 -0.00082879 -0.00467986
v 0.00406081 -0.00007007 -0.00496312
v 0.00399178 -0.00082879 -0.00496312
v 0.00412909 0.00056161 -0.00485854
v 0.00391375 -0.00510556 -0.00001649
v 0.00426152 -0.00471170 -0.00077766
v 0.00391375 -0.00510556 -0.00001939
v 0.00388262 -0.00507655 -0.00077766
v 0.00458753 -0.00353244 -0.00273191
v 0.00449487 -0.00417978 -0.00177464
v 0.00438457 -0.00404289 -0.00229419
v 0.00383460 -0.00503479 -0.00129576
v 0.00416473 -0.00462237 -0.00153544
v 0.00159605 -0.00234506 -0.00381072
v 0.00187554 -0.00316062 -0.00387124
v 0.00187517 -0.00391470 -0.00310087
v 0.00206087 -0.00438048 -0.00288056
v 0.00177463 -0.00461947 -0.00153592
v 0.00163470 -0.00461947 -0.00077766
v 0.00160281 -0.00007007 -0.00456898
v 0.00198059 -0.00514964 -0.00077766
v 0.00265436 -0.00536368 -0.00001939
v 0.00265436 -0.00536368 -0.00001649
v 0.00195995 -0.00518212 -0.00001649
v 0.00161144 0.00056161 -0.00456898
v 0.00386498 -0.00141755 -0.00496312
v 0.00450612 -0.00184679 -0.00413901
v 0.00417411 -0.00162463 -0.00458496
v 0.00459653 -0.00279402 -0.00349114
v 0.00402480 0.00048156 -0.00496312
v 0.00401955 0.00056161 -0.00496312
v 0.00341255 -0.00528769 -0.00001649
v 0.00341255 -0.00528827 -0.00001939
v 0.00341255 -0.00522737 -0.00077766
v 0.00387886 -0.00432596 -0.00280793
v 0.00414710 -0.00383697 -0.00302243
v 0.00390963 -0.00363569 -0.00359573
v 0.00441533 -0.00329925 -0.00323742
v 0.00400529 -0.00446517 -0.00229419
v 0.00359412 -0.00496054 -0.00180127
v 0.00337016 -0.00507481 -0.00154367
v 0.00162307 -0.00082879 -0.00456898
v 0.00172923 -0.00158692 -0.00456898
v 0.00196295 -0.00230097 -0.00457818
v 0.00206162 -0.00294600 -0.00433124
v 0.00205374 -0.00369717 -0.00365916
v 0.00265436 -0.00418384 -0.00336331
v 0.00265436 -0.00445009 -0.00298418
v 0.00225182 -0.00500637 -0.00193152
v 0.00199409 -0.00462759 -0.00222834
v 0.00212089 -0.00506727 -0.00153592
v 0.00165008 0.00056161 -0.00463483
v 0.00183503 -0.00007007 -0.00496312
v 0.00265436 -0.00530045 -0.00077766
v 0.00265699 -0.00536368 -0.00001649
v 0.00371605 -0.00190770 -0.00493068
v 0.00363952 -0.00182939 -0.00496312
v 0.00439170 -0.00234506 -0.00400682
v 0.00401242 -0.00234506 -0.00443098
v 0.00414597 -0.00308405 -0.00379619
v 0.00387699 -0.00286885 -0.00427555
v 0.00185153 0.00056161 -0.00496312
v 0.00337016 -0.00480741 -0.00222834
v 0.00341255 -0.00440891 -0.00292995
v 0.00341255 -0.00413744 -0.00330908
v 0.00341255 -0.00337872 -0.00410463
v 0.00341255 -0.00375866 -0.00372550
v 0.00308917 -0.00500637 -0.00193152
v 0.00265436 -0.00513514 -0.00153592
v 0.00186917 -0.00082879 -0.00496312
v 0.00202073 -0.00158692 -0.00496312
v 0.00219142 -0.00202719 -0.00496312
v 0.00265436 -0.00305737 -0.00440241
v 0.00265436 -0.00343673 -0.00415256
v 0.00222781 -0.00204401 -0.00496312
v 0.00265436 -0.00380449 -0.00377343
v 0.00265436 -0.00482945 -0.00231888
v 0.00265436 -0.00501043 -0.00193975
v 0.00166921 0.00056161 -0.00466679
v 0.00183840 0.00017936 -0.00496312
v 0.00341255 -0.00299936 -0.00436077
v 0.00344331 -0.00230097 -0.00477089
v 0.00322497 -0.00203531 -0.00496312
v 0.00265436 -0.00242279 -0.00478155
v 0.00265436 -0.00209157 -0.00496312
f 2937 2938 2943
f 2937 2943 2947
f 2937 2947 2949
f 2937 2949 2953
f 2937 2953 2957
f 2937 2957 2962
f 2937 2962 2970
f 2937 2970 2982
f 2937 2982 3001
f 2937 3001 3031
f 2937 3031 3030
f 2937 3030 3062
f 2937 3062 3039
f 2937 3039 3012
f 2937 3012 2989
f 2937 2989 2976
f 2937 2976 2966
f 2937 2966 2960
f 2937 2960 2955
f 2937 2955 2950
f 2937 2950 2945
f 2937 2945 2939
f 2937 2939 2940
f 2937 2940 2941
f 2937 2941 2942
f 2937 2942 2938
f 2938 2942 2944
f 2938 2944 2943
f 2939 2945 2940
f 2940 2946 2951
f 2940 2951 2954
f 2940 2954 2958
f 2940 2958 2965
f 2940 2965 2975
f 2940 2975 2988
f 2940 2988 3011
f 2940 3011 3038
f 2940 3038 3069
f 2940 3069 3086
f 2940 3086 3059
f 2940 3059 3032
f 2940 3032 3002
f 2940 3002 2983
f 2940 2983 2971
f 2940 2971 2969
f 2940 2969 2961
f 2940 2961 2956
f 2940 2956 2952
f 2940 2952 2948
f 2940 2948 2944
f 2940 2944 2942
f 2940 2942 2941
f 2940 2945 2946
f 2943 2944 2947
f 2944 2948 2949
f 2944 2949 2947
f 2945 2950 2951
f 2945 2951 2946
f 2948 2952 2949
f 2949 2952 2953
f 2950 2954 2951
f 2950 2955 2954
f 2952 2956 2957
f 2952 2957 2953
f 2954 2955 2959
f 2954 2959 2958
f 2955 2960 2959
f 2956 2961 2957
f 2957 2961 2962
f 2958 2963 2964
f 2958 2964 2965
f 2958 2959 2963
f 2959 2960 2966
f 2959 2966 2967
f 2959 2967 2968
f 2959 2968 2963
f 2961 2969 2962
f 2962 2969 2971
f 2962 2971 2983
f 2962 2983 2999
f 2962 2999 2981
f 2962 2981 2970
f 2963 2972 2973
f 2963 2973 2964
f 2963 2968 2972
f 2964 2974 2965
f 2964 2973 2974
f 2965 2974 2975
f 2966 2976 2977
f 2966 2977 2967
f 2967 2978 2968
f 2967 2977 2978
f 2968 2978 2979
f 2968 2979 2980
f 2968 2980 2972
f 2970 2981 2998
f 2970 2998 2982
f 2972 2984 2973
f 2972 2980 2985
f 2972 2985 2984
f 2973 2986 2974
f 2973 2984 2986
f 2974 2987 2975
f 2974 2986 2987
f 2975 2987 2988
f 2976 2989 2977
f 2977 2989 2990
f 2977 2990 2991
f 2977 2991 2978
f 2978 2991 2979
f 2979 2992 2993
f 2979 2993 2985
f 2979 2985 2980
f 2979 2991 2994
f 2979 2994 2995
f 2979 2995 2992
f 2981 2996 2997
f 2981 2997 2998
f 2981 2999 2996
f 2982 2998 3000
f 2982 3000 3001
f 2983 3002 2999
f 2984 3003 3004
f 2984 3004 2986
f 2984 2985 3005
f 2984 3005 3006
f 2984 3006 3003
f 2985 2993 3007
f 2985 3007 3005
f 2986 3008 2987
f 2986 3004 3008
f 2987 3009 2988
f 2987 3008 3010
f 2987 3010 3009
f 2988 3009 3011
f 2989 3012 2990
f 2990 3013 2991
f 2990 3012 3014
f 2990 3014 3015
f 2990 3015 3013
f 2991 3013 2994
f 2992 3016 2993
f 2992 2995 2994
f 2992 2994 3017
f 2992 3017 3018
f 2992 3018 3016
f 2993 3016 3007
f 2994 3013 3019
f 2994 3019 3020
f 2994 3020 3017
f 2996 3021 3022
f 2996 3022 3023
f 2996 3023 2997
f 2996 2999 3021
f 2997 3023 3024
f 2997 3024 3025
f 2997 3025 3026
f 2997 3026 2998
f 2998 3026 3000
f 2999 3002 3027
f 2999 3027 3021
f 3000 3026 3028
f 3000 3028 3029
f 3000 3029 3030
f 3000 3030 3031
f 3000 3031 3001
f 3002 3032 3027
f 3003 3006 3004
f 3004 3033 3008
f 3004 3006 3034
f 3004 3034 3035
f 3004 3035 3033
f 3005 3007 3036
f 3005 3036 3006
f 3006 3036 3034
f 3007 3016 3036
f 3008 3033 3010
f 3009 3037 3011
f 3009 3010 3033
f 3009 3033 3064
f 3009 3064 3090
f 3009 3090 3092
f 3009 3092 3082
f 3009 3082 3079
f 3009 3079 3078
f 3009 3078 3077
f 3009 3077 3060
f 3009 3060 3087
f 3009 3087 3069
f 3009 3069 3038
f 3009 3038 3037
f 3011 3037 3038
f 3012 3039 3040
f 3012 3040 3014
f 3013 3015 3019
f 3014 3040 3015
f 3015 3040 3041
f 3015 3041 3019
f 3016 3018 3042
f 3016 3042 3043
f 3016 3043 3044
f 3016 3044 3045
f 3016 3045 3036
f 3017 3020 3046
f 3017 3046 3018
f 3018 3046 3042
f 3019 3047 3042
f 3019 3042 3046
f 3019 3046 3020
f 3019 3041 3048
f 3019 3048 3047
f 3021 3027 3049
f 3021 3049 3050
f 3021 3050 3022
f 3022 3050 3051
f 3022 3051 3052
f 3022 3052 3053
f 3022 3053 3023
f 3023 3053 3024
f 3024 3053 3054
f 3024 3054 3055
f 3024 3055 3056
f 3024 3056 3057
f 3024 3057 3025
f 3025 3057 3058
f 3025 3058 3028
f 3025 3028 3026
f 3027 3032 3059
f 3027 3059 3060
f 3027 3060 3049
f 3028 3061 3029
f 3028 3058 3061
f 3029 3061 3062
f 3029 3062 3030
f 3033 3035 3063
f 3033 3063 3064
f 3034 3036 3065
f 3034 3065 3066
f 3034 3066 3035
f 3035 3066 3063
f 3036 3045 3044
f 3036 3044 3067
f 3036 3067 3068
f 3036 3068 3065
f 3039 3062 3040
f 3040 3062 3041
f 3041 3062 3061
f 3041 3061 3048
f 3042 3047 3070
f 3042 3070 3071
f 3042 3071 3072
f 3042 3072 3044
f 3042 3044 3043
f 3044 3073 3068
f 3044 3068 3067
f 3044 3072 3074
f 3044 3074 3073
f 3047 3048 3075
f 3047 3075 3070
f 3048 3061 3076
f 3048 3076 3075
f 3049 3060 3077
f 3049 3077 3050
f 3050 3077 3078
f 3050 3078 3051
f 3051 3079 3052
f 3051 3078 3079
f 3052 3080 3081
f 3052 3081 3053
f 3052 3079 3082
f 3052 3082 3080
f 3053 3083 3054
f 3053 3081 3083
f 3054 3083 3074
f 3054 3074 3072
f 3054 3072 3071
f 3054 3071 3055
f 3055 3071 3084
f 3055 3084 3056
f 3056 3085 3076
f 3056 3076 3061
f 3056 3061 3058
f 3056 3058 3057
f 3056 3084 3085
f 3059 3086 3087
f 3059 3087 3060
f 3063 3066 3068
f 3063 3068 3088
f 3063 3088 3089
f 3063 3089 3090
f 3063 3090 3064
f 3065 3068 3066
f 3068 3073 3088
f 3069 3087 3086
f 3070 3075 3071
f 3071 3075 3084
f 3073 3074 3081
f 3073 3081 3088
f 3074 3083 3081
f 3075 3085 3084
f 3075 3076 3085
f 3080 3091 3090
f 3080 3090 3088
f 3080 3088 3081
f 3080 3082 3091
f 3082 3092 3091
f 3088 3090 3089
f 3090 3091 3092

o geometry_25
v 0.00398251 0.02267942 0.00782100
v 0.00417110 0.02267942 0.00781803
v 0.00417110 0.02343729 0.00772887
v 0.00398251 0.02324928 0.00775383
v 0.00398251 0.02248995 0.00781862
v 0.00417110 0.02192009 0.00780555
v 0.00492913 0.02267942 0.00773778
v 0.00492913 0.02343729 0.00766942
v 0.00398251 0.02343729 0.00773005
v 0.00492913 0.02395759 0.00738589
v 0.00417110 0.02395613 0.00740966
v 0.00398251 0.02382788 0.00749050
v 0.00398251 0.02192009 0.00780911
v 0.00398251 0.02173209 0.00780555
v 0.00398251 0.02097422 0.00778534
v 0.00417110 0.02116223 0.00778415
v 0.00492913 0.02192009 0.00770806
v 0.00568757 0.02267942 0.00751606
v 0.00575516 0.02350141 0.00739956
v 0.00554713 0.02391095 0.00730445
v 0.00633876 0.02497343 0.00659115
v 0.00398251 0.02395613 0.00741026
v 0.00398251 0.02021489 0.00775561
v 0.00417110 0.02040436 0.00775324
v 0.00417110 0.01964504 0.00771460
v 0.00492913 0.02116223 0.00766764
v 0.00492913 0.02040436 0.00761474
v 0.00568757 0.02192009 0.00746138
v 0.00614895 0.02192009 0.00724025
v 0.00619225 0.02267942 0.00727414
v 0.00616190 0.02329154 0.00725511
v 0.00605262 0.02379727 0.00717606
v 0.00634847 0.02497343 0.00658580
v 0.00561917 0.02497343 0.00657391
v 0.00398251 0.02407710 0.00695612
v 0.00560299 0.02497343 0.00657034
v 0.00530309 0.02497343 0.00640450
v 0.00398251 0.01945703 0.00771757
v 0.00398251 0.01869916 0.00767121
v 0.00417110 0.01888717 0.00766645
v 0.00417110 0.01812930 0.00760998
v 0.00492913 0.01964504 0.00755589
v 0.00568757 0.02116223 0.00739896
v 0.00609512 0.02116223 0.00720399
v 0.00634078 0.01888717 0.00669042
v 0.00750110 0.02495302 0.00553962
v 0.00750150 0.02497343 0.00554022
v 0.00674711 0.01964504 0.00628443
v 0.00676371 0.02040436 0.00631356
v 0.00712229 0.02497343 0.00596998
v 0.00672850 0.02497343 0.00633971
v 0.00671798 0.02497343 0.00634922
v 0.00398251 0.02411645 0.00680573
v 0.00523753 0.02497343 0.00607995
v 0.00398251 0.01794129 0.00761652
v 0.00398251 0.01718342 0.00755530
v 0.00417110 0.01737143 0.00754638
v 0.00492913 0.01888717 0.00748872
v 0.00556858 0.01964504 0.00731337
v 0.00573128 0.02047869 0.00731515
v 0.00606638 0.02078184 0.00718438
v 0.00630233 0.01812930 0.00663870
v 0.00655447 0.01008425 0.00539221
v 0.00690941 0.01008425 0.00501297
v 0.00672000 0.01888717 0.00623569
v 0.00748491 0.02419515 0.00551287
v 0.00770265 0.02419515 0.00513423
v 0.00771560 0.02495302 0.00516038
v 0.00771600 0.02497343 0.00516098
v 0.00746225 0.02343729 0.00547840
v 0.00723965 0.01008425 0.00453089
v 0.00753388 0.01008425 0.00404882
v 0.00398251 0.02414706 0.00623509
v 0.00523550 0.02497343 0.00606093
v 0.00517034 0.02497343 0.00530483
v 0.00398251 0.01642556 0.00748813
v 0.00417110 0.01661357 0.00747683
v 0.00492913 0.01812930 0.00741263
v 0.00540144 0.01812930 0.00723253
v 0.00548724 0.01888717 0.00727473
v 0.00462115 0.01523483 0.00721291
v 0.00471261 0.01585570 0.00724858
v 0.00601337 0.02027611 0.00715466
v 0.00594780 0.01964504 0.00711721
v 0.00568757 0.01008425 0.00609303
v 0.00617525 0.01008425 0.00575837
v 0.00768605 0.02343729 0.00509916
v 0.00791229 0.02343729 0.00453089
v 0.00793900 0.02419515 0.00453089
v 0.00795802 0.02495302 0.00453089
v 0.00795843 0.02497343 0.00453089
v 0.00770427 0.01008425 0.00366958
v 0.00398251 0.02415580 0.00604726
v 0.00515051 0.02497343 0.00454991
v 0.00398251 0.02422139 0.00453089
v 0.00398251 0.02421410 0.00471932
v 0.00398251 0.02419078 0.00528878
v 0.00398251 0.01566769 0.00741442
v 0.00398251 0.01385610 0.00723550
v 0.00417110 0.01585570 0.00740134
v 0.00482553 0.01661357 0.00729018
v 0.00498620 0.01735977 0.00731040
v 0.00534154 0.01760317 0.00720162
v 0.00521041 0.01008425 0.00638251
v 0.00454506 0.01472910 0.00718319
v 0.00483119 0.01008425 0.00654478
v 0.00527719 0.01709889 0.00717190
v 0.00792929 0.01008425 0.00301453
v 0.00805961 0.02267942 0.00377301
v 0.00807580 0.02343729 0.00377301
v 0.00808591 0.02419515 0.00377301
v 0.00809239 0.02495302 0.00377301
v 0.00809239 0.02497343 0.00377301
v 0.00515051 0.02497343 0.00453089
v 0.00528326 0.02497343 0.00174842
v 0.00398251 0.02402609 0.00394717
v 0.00398251 0.01366226 0.00721410
v 0.00408368 0.01433851 0.00726225
v 0.00424395 0.01502788 0.00729494
v 0.00417110 0.01008425 0.00676472
v 0.00798473 0.01008425 0.00271851
v 0.00806972 0.01008425 0.00225605
v 0.00811384 0.02267942 0.00301453
v 0.00811667 0.02343729 0.00301453
v 0.00808713 0.01008425 0.00196003
v 0.00809846 0.01008425 0.00174842
v 0.00811667 0.02497343 0.00301453
v 0.00811667 0.02497343 0.00174842
v 0.00436213 0.02116223 0.00174842
v 0.00398251 0.02343729 0.00372427
v 0.00398251 0.01326438 0.00716892
v 0.00398251 0.01008425 0.00679860
v 0.00811627 0.01888717 0.00225605
v 0.00811667 0.01964504 0.00225605
v 0.00475673 0.01008425 0.00174842
v 0.00811546 0.01812930 0.00174842
v 0.00811667 0.01888717 0.00174842
v 0.00430547 0.02040436 0.00174842
v 0.00398251 0.02040436 0.00330996
v 0.00398251 0.01008425 0.00292477
v 0.00429090 0.01812930 0.00174842
v 0.00429980 0.01989572 0.00174842
v 0.00398251 0.01815991 0.00308229
v 0.00398251 0.01888717 0.00314174
v 0.00398251 0.01964504 0.00322079
v 0.00429090 0.01837998 0.00174842
v 0.00429454 0.01913785 0.00174842
f 3093 3094 3095
f 3093 3095 3096
f 3093 3096 3101
f 3093 3101 3104
f 3093 3104 3114
f 3093 3114 3127
f 3093 3127 3145
f 3093 3145 3165
f 3093 3165 3185
f 3093 3185 3189
f 3093 3189 3188
f 3093 3188 3187
f 3093 3187 3208
f 3093 3208 3222
f 3093 3222 3231
f 3093 3231 3237
f 3093 3237 3236
f 3093 3236 3235
f 3093 3235 3232
f 3093 3232 3224
f 3093 3224 3223
f 3093 3223 3209
f 3093 3209 3191
f 3093 3191 3190
f 3093 3190 3168
f 3093 3168 3148
f 3093 3148 3147
f 3093 3147 3131
f 3093 3131 3130
f 3093 3130 3115
f 3093 3115 3107
f 3093 3107 3106
f 3093 3106 3105
f 3093 3105 3097
f 3093 3097 3094
f 3094 3097 3098
f 3094 3098 3099
f 3094 3099 3100
f 3094 3100 3095
f 3095 3101 3096
f 3095 3100 3102
f 3095 3102 3103
f 3095 3103 3104
f 3095 3104 3101
f 3097 3105 3098
f 3098 3105 3106
f 3098 3106 3107
f 3098 3107 3108
f 3098 3108 3099
f 3099 3108 3109
f 3099 3109 3110
f 3099 3110 3100
f 3100 3111 3112
f 3100 3112 3113
f 3100 3113 3102
f 3100 3110 3111
f 3102 3113 3103
f 3103 3114 3104
f 3103 3113 3114
f 3107 3115 3108
f 3108 3116 3109
f 3108 3115 3116
f 3109 3116 3117
f 3109 3117 3118
f 3109 3118 3110
f 3110 3118 3119
f 3110 3119 3120
f 3110 3120 3121
f 3110 3121 3122
f 3110 3122 3123
f 3110 3123 3111
f 3111 3124 3112
f 3111 3123 3124
f 3112 3124 3113
f 3113 3125 3144
f 3113 3144 3143
f 3113 3143 3142
f 3113 3142 3139
f 3113 3139 3161
f 3113 3161 3183
f 3113 3183 3205
f 3113 3205 3219
f 3113 3219 3220
f 3113 3220 3207
f 3113 3207 3206
f 3113 3206 3186
f 3113 3186 3167
f 3113 3167 3166
f 3113 3166 3146
f 3113 3146 3129
f 3113 3129 3128
f 3113 3128 3126
f 3113 3126 3114
f 3113 3124 3125
f 3114 3126 3128
f 3114 3128 3129
f 3114 3129 3127
f 3115 3130 3116
f 3116 3130 3117
f 3117 3130 3131
f 3117 3131 3132
f 3117 3132 3118
f 3118 3132 3119
f 3119 3132 3133
f 3119 3133 3134
f 3119 3134 3120
f 3120 3134 3135
f 3120 3135 3136
f 3120 3136 3121
f 3121 3136 3137
f 3121 3137 3122
f 3122 3138 3139
f 3122 3139 3123
f 3122 3137 3140
f 3122 3140 3141
f 3122 3141 3138
f 3123 3139 3142
f 3123 3142 3143
f 3123 3143 3144
f 3123 3144 3124
f 3124 3144 3125
f 3127 3129 3145
f 3129 3146 3145
f 3131 3147 3132
f 3132 3147 3133
f 3133 3147 3148
f 3133 3148 3149
f 3133 3149 3134
f 3134 3149 3150
f 3134 3150 3151
f 3134 3151 3135
f 3135 3152 3153
f 3135 3153 3136
f 3135 3151 3152
f 3136 3153 3154
f 3136 3154 3137
f 3137 3154 3155
f 3137 3155 3156
f 3137 3156 3157
f 3137 3157 3140
f 3138 3158 3159
f 3138 3159 3160
f 3138 3160 3161
f 3138 3161 3139
f 3138 3141 3158
f 3140 3162 3158
f 3140 3158 3141
f 3140 3157 3156
f 3140 3156 3163
f 3140 3163 3164
f 3140 3164 3162
f 3145 3146 3166
f 3145 3166 3167
f 3145 3167 3165
f 3148 3168 3149
f 3149 3168 3169
f 3149 3169 3150
f 3150 3170 3171
f 3150 3171 3172
f 3150 3172 3151
f 3150 3169 3173
f 3150 3173 3174
f 3150 3174 3170
f 3151 3172 3153
f 3151 3153 3152
f 3153 3172 3175
f 3153 3175 3176
f 3153 3176 3177
f 3153 3177 3178
f 3153 3178 3154
f 3154 3178 3155
f 3155 3178 3177
f 3155 3177 3196
f 3155 3196 3198
f 3155 3198 3212
f 3155 3212 3224
f 3155 3224 3232
f 3155 3232 3227
f 3155 3227 3218
f 3155 3218 3217
f 3155 3217 3214
f 3155 3214 3213
f 3155 3213 3200
f 3155 3200 3184
f 3155 3184 3164
f 3155 3164 3163
f 3155 3163 3156
f 3158 3162 3179
f 3158 3179 3159
f 3159 3161 3160
f 3159 3179 3180
f 3159 3180 3181
f 3159 3181 3161
f 3161 3181 3182
f 3161 3182 3183
f 3162 3164 3179
f 3164 3184 3179
f 3165 3167 3185
f 3167 3186 3187
f 3167 3187 3188
f 3167 3188 3189
f 3167 3189 3185
f 3168 3190 3169
f 3169 3190 3191
f 3169 3191 3192
f 3169 3192 3173
f 3170 3174 3193
f 3170 3193 3194
f 3170 3194 3195
f 3170 3195 3171
f 3171 3176 3172
f 3171 3195 3196
f 3171 3196 3176
f 3172 3176 3175
f 3173 3192 3197
f 3173 3197 3198
f 3173 3198 3174
f 3174 3198 3199
f 3174 3199 3193
f 3176 3196 3177
f 3179 3184 3180
f 3180 3184 3200
f 3180 3200 3181
f 3181 3200 3182
f 3182 3200 3201
f 3182 3201 3202
f 3182 3202 3183
f 3183 3202 3203
f 3183 3203 3204
f 3183 3204 3205
f 3186 3206 3187
f 3187 3206 3207
f 3187 3207 3208
f 3191 3209 3210
f 3191 3210 3192
f 3192 3210 3211
f 3192 3211 3197
f 3193 3199 3194
f 3194 3199 3195
f 3195 3199 3196
f 3196 3199 3198
f 3197 3211 3210
f 3197 3210 3209
f 3197 3209 3212
f 3197 3212 3198
f 3200 3213 3201
f 3201 3213 3202
f 3202 3213 3214
f 3202 3214 3203
f 3203 3214 3204
f 3204 3215 3216
f 3204 3216 3219
f 3204 3219 3205
f 3204 3214 3217
f 3204 3217 3218
f 3204 3218 3215
f 3207 3220 3229
f 3207 3229 3228
f 3207 3228 3218
f 3207 3218 3227
f 3207 3227 3233
f 3207 3233 3238
f 3207 3238 3239
f 3207 3239 3234
f 3207 3234 3230
f 3207 3230 3221
f 3207 3221 3208
f 3208 3221 3222
f 3209 3223 3212
f 3212 3223 3224
f 3215 3218 3216
f 3216 3218 3225
f 3216 3225 3226
f 3216 3226 3229
f 3216 3229 3220
f 3216 3220 3219
f 3218 3228 3225
f 3221 3230 3222
f 3222 3230 3231
f 3225 3229 3226
f 3225 3228 3229
f 3227 3232 3233
f 3230 3234 3235
f 3230 3235 3236
f 3230 3236 3237
f 3230 3237 3231
f 3232 3235 3238
f 3232 3238 3233
f 3234 3239 3235
f 3235 3239 3238

o geometry_26
v 0.00483981 0.03711563 -0.00496312
v 0.00708996 0.03711563 -0.00496312
v 0.00462451 0.03711563 -0.00457092
v 0.00490005 0.03791534 -0.00464055
v 0.00494256 0.03746188 -0.00496312
v 0.00689975 0.03749639 -0.00496312
v 0.00733492 0.03711563 -0.00473319
v 0.00461381 0.03711563 -0.00454070
v 0.00470678 0.03860454 -0.00381015
v 0.00506825 0.03860454 -0.00441324
v 0.00505265 0.03776406 -0.00496312
v 0.00687926 0.03753348 -0.00496312
v 0.00717375 0.03777692 -0.00452361
v 0.00760617 0.03752429 -0.00422338
v 0.00735908 0.03711563 -0.00470822
v 0.00458323 0.03711563 -0.00381015
v 0.00458568 0.03784595 -0.00381015
v 0.00510861 0.03931981 -0.00373986
v 0.00522666 0.03903892 -0.00424178
v 0.00458445 0.03860454 -0.00305202
v 0.00459699 0.03936240 -0.00229388
v 0.00477130 0.03936240 -0.00305202
v 0.00568751 0.03819476 -0.00492962
v 0.00568751 0.03813528 -0.00496312
v 0.00681687 0.03758855 -0.00496312
v 0.00697345 0.03838790 -0.00431864
v 0.00747895 0.03802990 -0.00404732
v 0.00764042 0.03834201 -0.00354145
v 0.00766611 0.03711563 -0.00432981
v 0.00458323 0.03711563 -0.00378256
v 0.00458323 0.03936240 -0.00153640
v 0.00529760 0.03974757 -0.00343962
v 0.00513277 0.03987645 -0.00305202
v 0.00568751 0.03905250 -0.00425426
v 0.00568751 0.03860454 -0.00461493
v 0.00464409 0.04012063 -0.00001947
v 0.00467039 0.04012063 -0.00077761
v 0.00478965 0.04012063 -0.00153640
v 0.00500800 0.04014927 -0.00224789
v 0.00644562 0.03805634 -0.00484224
v 0.00587345 0.03806809 -0.00496312
v 0.00615112 0.03901982 -0.00422404
v 0.00644562 0.03785145 -0.00496312
v 0.00665663 0.03889351 -0.00410447
v 0.00698507 0.03912814 -0.00359861
v 0.00723216 0.03861776 -0.00382329
v 0.00642054 0.03862621 -0.00442901
v 0.00749057 0.03884761 -0.00327013
v 0.00767590 0.03780482 -0.00380095
v 0.00762238 0.03904626 -0.00276427
v 0.00768232 0.03859866 -0.00303099
v 0.00769516 0.03711563 -0.00376876
v 0.00466733 0.03711563 -0.00305202
v 0.00490158 0.03784301 0.00174842
v 0.00458873 0.03860454 0.00174842
v 0.00458323 0.03936240 0.00149746
v 0.00553553 0.03974757 -0.00343962
v 0.00574806 0.03949311 -0.00373986
v 0.00527283 0.04051792 -0.00196408
v 0.00568751 0.04036957 -0.00236417
v 0.00574806 0.03994438 -0.00312757
v 0.00604103 0.03974096 -0.00343043
v 0.00467314 0.04012063 0.00073867
v 0.00500678 0.04068976 -0.00001947
v 0.00458873 0.03936240 0.00174842
v 0.00503308 0.04066479 -0.00077761
v 0.00515234 0.04058841 -0.00153640
v 0.00642054 0.03924343 -0.00383512
v 0.00644562 0.03966018 -0.00331874
v 0.00691167 0.03980412 -0.00277609
v 0.00720097 0.03934000 -0.00302311
v 0.00770342 0.03785696 -0.00305990
v 0.00742421 0.03955444 -0.00229388
v 0.00753706 0.03968148 -0.00174531
v 0.00768629 0.03917514 -0.00229388
v 0.00770709 0.03857663 -0.00228205
v 0.00768568 0.03711563 -0.00363868
v 0.00770220 0.03873011 0.00174842
v 0.00467161 0.03711563 -0.00302377
v 0.00515357 0.03755881 0.00174842
v 0.00568751 0.04052746 -0.00198511
v 0.00568751 0.04066258 -0.00153640
v 0.00612758 0.04051865 -0.00195883
v 0.00644562 0.03990730 -0.00293902
v 0.00478445 0.04012063 0.00149746
v 0.00503583 0.04066699 0.00073867
v 0.00568751 0.04086637 -0.00001947
v 0.00485754 0.04012981 0.00174842
v 0.00568751 0.04081129 -0.00077761
v 0.00640617 0.04028439 -0.00224461
v 0.00667437 0.04044154 -0.00153640
v 0.00704501 0.03992235 -0.00229388
v 0.00725204 0.04001194 -0.00151012
v 0.00760158 0.03976446 -0.00124077
v 0.00763369 0.03980779 -0.00077761
v 0.00768966 0.03940242 -0.00151012
v 0.00769883 0.03936240 -0.00077761
v 0.00769944 0.03936240 0.00073867
v 0.00762360 0.03711563 -0.00337130
v 0.00741320 0.03823626 0.00174842
v 0.00701106 0.03767557 0.00174842
v 0.00769547 0.03912153 0.00174842
v 0.00503369 0.03711563 -0.00235695
v 0.00568751 0.03746665 0.00174842
v 0.00629547 0.04057409 -0.00153640
v 0.00514715 0.04058952 0.00149746
v 0.00568751 0.04081827 0.00073867
v 0.00644562 0.04072794 -0.00001947
v 0.00520341 0.04055647 0.00174842
v 0.00651626 0.04063651 -0.00084133
v 0.00681626 0.04049662 -0.00113697
v 0.00715846 0.04024767 -0.00084133
v 0.00728415 0.04022197 -0.00001947
v 0.00765846 0.03984267 -0.00001947
v 0.00768966 0.03940389 0.00147906
v 0.00768935 0.03932752 0.00174842
v 0.00695541 0.03711563 -0.00236220
v 0.00691045 0.03759626 0.00174842
v 0.00673644 0.03750740 0.00174842
v 0.00504286 0.03711563 -0.00234841
v 0.00644562 0.03748684 0.00174842
v 0.00568751 0.03711563 -0.00212110
v 0.00644562 0.03711563 -0.00214672
v 0.00651748 0.03711563 -0.00215657
v 0.00544501 0.04059098 0.00174842
v 0.00568751 0.04066662 0.00149746
v 0.00620525 0.04054472 0.00174842
v 0.00630495 0.04057703 0.00149746
v 0.00652054 0.04064239 0.00081225
v 0.00688079 0.04053591 0.00060859
v 0.00690495 0.04055133 -0.00001947
v 0.00687559 0.04053224 -0.00063110
v 0.00716183 0.04025391 0.00081225
v 0.00763767 0.03981366 0.00073867
v 0.00760434 0.03976813 0.00121365
v 0.00754012 0.03968441 0.00171951
v 0.00753461 0.03967781 0.00174842
v 0.00568751 0.04059906 0.00174842
v 0.00658782 0.04039234 0.00174842
v 0.00668415 0.04044448 0.00149746
v 0.00682330 0.04049919 0.00111445
v 0.00725388 0.04001671 0.00147906
v 0.00718537 0.03998661 0.00174842
f 3240 3241 3246
f 3240 3246 3254
f 3240 3254 3268
f 3240 3268 3291
f 3240 3291 3316
f 3240 3316 3338
f 3240 3338 3356
f 3240 3356 3363
f 3240 3363 3362
f 3240 3362 3361
f 3240 3361 3359
f 3240 3359 3342
f 3240 3342 3318
f 3240 3318 3292
f 3240 3292 3269
f 3240 3269 3255
f 3240 3255 3247
f 3240 3247 3242
f 3240 3242 3243
f 3240 3243 3244
f 3240 3244 3250
f 3240 3250 3263
f 3240 3263 3280
f 3240 3280 3282
f 3240 3282 3264
f 3240 3264 3251
f 3240 3251 3245
f 3240 3245 3241
f 3241 3245 3246
f 3242 3247 3248
f 3242 3248 3243
f 3243 3249 3250
f 3243 3250 3244
f 3243 3248 3249
f 3245 3251 3246
f 3246 3252 3253
f 3246 3253 3254
f 3246 3251 3252
f 3247 3255 3256
f 3247 3256 3248
f 3248 3257 3258
f 3248 3258 3249
f 3248 3256 3259
f 3248 3259 3260
f 3248 3260 3261
f 3248 3261 3257
f 3249 3258 3250
f 3250 3258 3262
f 3250 3262 3263
f 3251 3264 3265
f 3251 3265 3252
f 3252 3265 3266
f 3252 3266 3253
f 3253 3266 3267
f 3253 3267 3268
f 3253 3268 3254
f 3255 3259 3256
f 3255 3269 3295
f 3255 3295 3270
f 3255 3270 3259
f 3257 3271 3258
f 3257 3261 3272
f 3257 3272 3271
f 3258 3271 3273
f 3258 3273 3274
f 3258 3274 3262
f 3259 3270 3260
f 3260 3270 3275
f 3260 3275 3276
f 3260 3276 3277
f 3260 3277 3261
f 3261 3277 3278
f 3261 3278 3272
f 3262 3279 3280
f 3262 3280 3263
f 3262 3274 3281
f 3262 3281 3279
f 3264 3282 3279
f 3264 3279 3265
f 3265 3283 3284
f 3265 3284 3285
f 3265 3285 3266
f 3265 3279 3286
f 3265 3286 3283
f 3266 3285 3287
f 3266 3287 3267
f 3267 3288 3268
f 3267 3287 3289
f 3267 3289 3290
f 3267 3290 3288
f 3268 3288 3291
f 3269 3292 3293
f 3269 3293 3294
f 3269 3294 3295
f 3270 3295 3275
f 3271 3296 3297
f 3271 3297 3273
f 3271 3272 3298
f 3271 3298 3299
f 3271 3299 3300
f 3271 3300 3296
f 3272 3278 3298
f 3273 3297 3301
f 3273 3301 3281
f 3273 3281 3274
f 3275 3302 3303
f 3275 3303 3276
f 3275 3295 3304
f 3275 3304 3302
f 3276 3303 3305
f 3276 3305 3277
f 3277 3305 3306
f 3277 3306 3278
f 3278 3306 3298
f 3279 3281 3286
f 3279 3282 3280
f 3281 3301 3307
f 3281 3307 3283
f 3281 3283 3286
f 3283 3307 3308
f 3283 3308 3284
f 3284 3308 3309
f 3284 3309 3310
f 3284 3310 3287
f 3284 3287 3285
f 3287 3310 3289
f 3288 3290 3311
f 3288 3311 3291
f 3289 3310 3312
f 3289 3312 3313
f 3289 3313 3314
f 3289 3314 3290
f 3290 3314 3315
f 3290 3315 3311
f 3291 3311 3317
f 3291 3317 3316
f 3292 3318 3293
f 3293 3319 3343
f 3293 3343 3360
f 3293 3360 3358
f 3293 3358 3357
f 3293 3357 3340
f 3293 3340 3339
f 3293 3339 3317
f 3293 3317 3341
f 3293 3341 3355
f 3293 3355 3376
f 3293 3376 3382
f 3293 3382 3378
f 3293 3378 3366
f 3293 3366 3377
f 3293 3377 3364
f 3293 3364 3348
f 3293 3348 3327
f 3293 3327 3304
f 3293 3304 3294
f 3293 3318 3319
f 3294 3304 3295
f 3296 3300 3301
f 3296 3301 3297
f 3298 3320 3299
f 3298 3306 3321
f 3298 3321 3320
f 3299 3320 3322
f 3299 3322 3301
f 3299 3301 3300
f 3301 3308 3307
f 3301 3322 3323
f 3301 3323 3308
f 3302 3304 3324
f 3302 3324 3325
f 3302 3325 3303
f 3303 3325 3326
f 3303 3326 3305
f 3304 3327 3324
f 3305 3328 3306
f 3305 3326 3328
f 3306 3328 3321
f 3308 3323 3309
f 3309 3323 3329
f 3309 3329 3330
f 3309 3330 3331
f 3309 3331 3312
f 3309 3312 3310
f 3311 3315 3317
f 3312 3331 3313
f 3313 3331 3332
f 3313 3332 3333
f 3313 3333 3314
f 3314 3333 3334
f 3314 3334 3335
f 3314 3335 3315
f 3315 3335 3336
f 3315 3336 3337
f 3315 3337 3317
f 3316 3317 3339
f 3316 3339 3340
f 3316 3340 3338
f 3317 3337 3341
f 3318 3342 3319
f 3319 3342 3343
f 3320 3321 3322
f 3321 3328 3322
f 3322 3329 3323
f 3322 3328 3344
f 3322 3344 3330
f 3322 3330 3329
f 3324 3327 3345
f 3324 3345 3325
f 3325 3345 3346
f 3325 3346 3326
f 3326 3347 3328
f 3326 3346 3347
f 3327 3348 3345
f 3328 3349 3344
f 3328 3347 3349
f 3330 3344 3350
f 3330 3350 3331
f 3331 3350 3332
f 3332 3350 3333
f 3333 3350 3351
f 3333 3351 3334
f 3334 3351 3352
f 3334 3352 3353
f 3334 3353 3335
f 3335 3353 3336
f 3336 3353 3337
f 3337 3353 3354
f 3337 3354 3355
f 3337 3355 3341
f 3338 3340 3357
f 3338 3357 3358
f 3338 3358 3356
f 3342 3359 3343
f 3343 3359 3361
f 3343 3361 3362
f 3343 3362 3363
f 3343 3363 3360
f 3344 3349 3350
f 3345 3348 3346
f 3346 3348 3364
f 3346 3364 3365
f 3346 3365 3366
f 3346 3366 3367
f 3346 3367 3368
f 3346 3368 3347
f 3347 3368 3369
f 3347 3369 3370
f 3347 3370 3371
f 3347 3371 3349
f 3349 3371 3350
f 3350 3371 3351
f 3351 3371 3352
f 3352 3370 3369
f 3352 3369 3372
f 3352 3372 3373
f 3352 3373 3353
f 3352 3371 3370
f 3353 3373 3354
f 3354 3373 3355
f 3355 3373 3374
f 3355 3374 3375
f 3355 3375 3376
f 3356 3358 3360
f 3356 3360 3363
f 3364 3377 3365
f 3365 3377 3366
f 3366 3378 3379
f 3366 3379 3380
f 3366 3380 3367
f 3367 3380 3368
f 3368 3380 3369
f 3369 3380 3372
f 3372 3380 3374
f 3372 3374 3373
f 3374 3380 3381
f 3374 3381 3375
f 3375 3381 3382
f 3375 3382 3376
f 3378 3382 3379
f 3379 3382 3380
f 3380 3382 3381

o geometry_27
v -0.00425868 0.00062775 0.00501089
v -0.00425868 0.00062775 -0.00424771
v -0.00425868 0.00216726 -0.00424771
v -0.00468739 0.00062775 -0.00424771
v -0.00540348 0.00062775 0.00225501
v -0.00536029 0.00062775 -0.00276678
v -0.00536006 0.00068859 -0.00276578
v -0.00468528 0.00068859 -0.00424771
v -0.00511842 0.00921862 -0.00238713
v -0.00511842 0.00998397 -0.00221559
v -0.00425868 0.00914802 -0.00217294
v -0.00511842 0.01038578 -0.00209227
v -0.00540678 0.00068859 -0.00229380
v -0.00511842 0.01048013 -0.00200789
v -0.00511842 0.01080211 -0.00169912
v -0.00540242 0.00220524 -0.00077686
v -0.00546091 0.00406172 0.00457991
v -0.00540654 0.00062775 -0.00229380
v -0.00536182 0.00062775 0.00273599
v -0.00540796 0.00406172 0.00513788
v -0.00525026 0.00406172 0.00559086
v -0.00473058 0.00062775 0.00443091
v -0.00448263 0.00062775 0.00477990
v -0.00445733 0.00062775 0.00480990
v -0.00511842 0.00445430 0.00587177
v -0.00511842 0.00504085 0.00603960
v -0.00511842 0.00524406 0.00608225
v -0.00492905 0.00523878 0.00616014
v -0.00499848 0.00440811 0.00589959
v -0.00425868 0.00447277 0.00613696
v -0.00425868 0.00523878 0.00630572
v -0.00425868 0.01080211 0.00680921
v -0.00463801 0.01080211 0.00667661
v -0.00491903 0.01080211 0.00657184
v -0.00511842 0.00599688 0.00613882
v -0.00511842 0.01080211 0.00648468
v -0.00425868 0.01080211 0.00305019
v -0.00425868 0.00945350 -0.00187622
v -0.00425868 0.00924567 -0.00211545
v -0.00440387 0.00952806 -0.00203385
v -0.00445380 0.00170642 -0.00424771
v -0.00461455 0.00125498 -0.00424771
f 3384 3385 3383
f 3384 3386 3385
f 3384 3383 3386
f 3387 3386 3383
f 3388 3386 3387
f 3389 3386 3388
f 3389 3390 3386
f 3389 3391 3390
f 3392 3391 3389
f 3392 3385 3391
f 3392 3393 3385
f 3392 3394 3393
f 3392 3389 3394
f 3395 3394 3389
f 3395 3396 3394
f 3395 3397 3396
f 3395 3398 3397
f 3395 3399 3398
f 3395 3400 3399
f 3395 3388 3400
f 3395 3389 3388
f 3400 3388 3387
f 3400 3387 3399
f 3401 3399 3387
f 3401 3402 3399
f 3401 3403 3402
f 3401 3404 3403
f 3401 3387 3404
f 3404 3387 3383
f 3405 3404 3383
f 3405 3403 3404
f 3406 3403 3405
f 3406 3383 3403
f 3406 3405 3383
f 3407 3403 3383
f 3408 3403 3407
f 3408 3409 3403
f 3408 3410 3409
f 3408 3411 3410
f 3408 3407 3411
f 3411 3407 3383
f 3411 3383 3412
f 3410 3411 3412
f 3410 3412 3413
f 3410 3413 3414
f 3410 3414 3415
f 3410 3415 3416
f 3410 3416 3417
f 3410 3417 3409
f 3417 3402 3409
f 3417 3418 3402
f 3417 3416 3418
f 3416 3414 3418
f 3415 3414 3416
f 3418 3414 3397
f 3418 3397 3399
f 3402 3418 3399
f 3398 3399 3397
f 3419 3397 3414
f 3419 3420 3397
f 3419 3414 3420
f 3420 3414 3385
f 3393 3420 3385
f 3421 3420 3393
f 3421 3422 3420
f 3421 3394 3422
f 3421 3393 3394
f 3396 3422 3394
f 3396 3397 3422
f 3422 3397 3420
f 3385 3414 3383
f 3413 3383 3414
f 3412 3383 3413
f 3402 3403 3409
f 3423 3391 3385
f 3423 3424 3391
f 3423 3385 3424
f 3424 3385 3386
f 3390 3424 3386
f 3390 3391 3424

o geometry_28
v 0.00568767 0.03401327 0.00612021
v 0.00640467 0.03401327 0.00598283
v 0.00568767 0.03405453 0.00611465
v 0.00519767 0.03618770 0.00572519
v 0.00509929 0.03557141 0.00578382
v 0.00502662 0.03481265 0.00584117
v 0.00497904 0.03405453 0.00589638
v 0.00497775 0.03401327 0.00589937
v 0.00644550 0.03401327 0.00597427
v 0.00644550 0.03405453 0.00596913
v 0.00620693 0.03611679 0.00570978
v 0.00568767 0.03481265 0.00599781
v 0.00568767 0.03557141 0.00587669
v 0.00568767 0.03625346 0.00574231
v 0.00568767 0.03663252 0.00564815
v 0.00568767 0.03708765 0.00547653
v 0.00529349 0.03823578 0.00491716
v 0.00514784 0.03784576 0.00501945
v 0.00497775 0.03708765 0.00520049
v 0.00495203 0.03639593 0.00536226
v 0.00473661 0.03557141 0.00528908
v 0.00466395 0.03481265 0.00528908
v 0.00461508 0.03401327 0.00528908
v 0.00461668 0.03405453 0.00528908
v 0.00691814 0.03401327 0.00576841
v 0.00686798 0.03481265 0.00569737
v 0.00682586 0.03519751 0.00566869
v 0.00644550 0.03481265 0.00585358
v 0.00645386 0.03549856 0.00574273
v 0.00671204 0.03570292 0.00562804
v 0.00645386 0.03635338 0.00556170
v 0.00644550 0.03708765 0.00532289
v 0.00644550 0.03770910 0.00504684
v 0.00595614 0.03821451 0.00490347
v 0.00569700 0.03791539 0.00508022
v 0.00510926 0.03853491 0.00448619
v 0.00545071 0.03823578 0.00491716
v 0.00568767 0.03906030 0.00422427
v 0.00523143 0.03903838 0.00420415
v 0.00478613 0.03784576 0.00453070
v 0.00461508 0.03708765 0.00453070
v 0.00458325 0.03401327 0.00453070
v 0.00458325 0.03632953 0.00453070
v 0.00694836 0.03401327 0.00575343
v 0.00694514 0.03405453 0.00575087
v 0.00724705 0.03481265 0.00536526
v 0.00720140 0.03555143 0.00528480
v 0.00732422 0.03405453 0.00541961
v 0.00714191 0.03632953 0.00517267
v 0.00700462 0.03708765 0.00504684
v 0.00688823 0.03754729 0.00495483
v 0.00644550 0.03808816 0.00482215
v 0.00569700 0.03853491 0.00466081
v 0.00643457 0.03863483 0.00441130
v 0.00617478 0.03903065 0.00419602
v 0.00509286 0.03931945 0.00371583
v 0.00470864 0.03860388 0.00377275
v 0.00568767 0.03943936 0.00380528
v 0.00526680 0.03976362 0.00342524
v 0.00458421 0.03784576 0.00377275
v 0.00458325 0.03401327 0.00448962
v 0.00458292 0.03708765 0.00377275
v 0.00730718 0.03401327 0.00544015
v 0.00732775 0.03401327 0.00542218
v 0.00757661 0.03590534 0.00489534
v 0.00760812 0.03539993 0.00494113
v 0.00752099 0.03632953 0.00483414
v 0.00738370 0.03708765 0.00469034
v 0.00761359 0.03754535 0.00419816
v 0.00719111 0.03779871 0.00449860
v 0.00698855 0.03840211 0.00429360
v 0.00667989 0.03890816 0.00407961
v 0.00638473 0.03933750 0.00374279
v 0.00608957 0.03974944 0.00340512
v 0.00475108 0.03936200 0.00301438
v 0.00511279 0.03988675 0.00301438
v 0.00460029 0.03936200 0.00225600
v 0.00458389 0.03860388 0.00301438
v 0.00568767 0.03976427 0.00342609
v 0.00568767 0.04001826 0.00301438
v 0.00568767 0.04037476 0.00235187
v 0.00524912 0.04052947 0.00195128
v 0.00459096 0.03401327 0.00377275
v 0.00458357 0.03860388 0.00225600
v 0.00458871 0.03860388 0.00174842
v 0.00766053 0.03401327 0.00506353
v 0.00764092 0.03481265 0.00498607
v 0.00771358 0.03632953 0.00445495
v 0.00767757 0.03708765 0.00431115
v 0.00764574 0.03835633 0.00351853
v 0.00749398 0.03805077 0.00402398
v 0.00724577 0.03863225 0.00379929
v 0.00699755 0.03913959 0.00357460
v 0.00659501 0.03964501 0.00325875
v 0.00638345 0.03988998 0.00300924
v 0.00613362 0.04052174 0.00192988
v 0.00499640 0.04014719 0.00222476
v 0.00485750 0.04012979 0.00174842
v 0.00458871 0.03936200 0.00174842
v 0.00568767 0.04053850 0.00197268
v 0.00568767 0.04059910 0.00174842
v 0.00544492 0.04059072 0.00174842
v 0.00520346 0.04055655 0.00174842
v 0.00460833 0.03401327 0.00372610
v 0.00490155 0.03784254 0.00174842
v 0.00495010 0.03401327 0.00311624
v 0.00767757 0.03401327 0.00504299
v 0.00767628 0.03405453 0.00504085
v 0.00786727 0.03401327 0.00453070
v 0.00767982 0.03781676 0.00377190
v 0.00768529 0.03860711 0.00300154
v 0.00762613 0.03905450 0.00274047
v 0.00750330 0.03886175 0.00324591
v 0.00721361 0.03934975 0.00299983
v 0.00692392 0.03981326 0.00275331
v 0.00640981 0.04029611 0.00221192
v 0.00658761 0.04039216 0.00174842
v 0.00620564 0.04054495 0.00174842
v 0.00515363 0.03755825 0.00174842
v 0.00501794 0.03401327 0.00308799
v 0.00777917 0.03401327 0.00396791
v 0.00770233 0.03872959 0.00174842
v 0.00769525 0.03912090 0.00174842
v 0.00768914 0.03932719 0.00174842
v 0.00768882 0.03918343 0.00225600
v 0.00753449 0.03967788 0.00174842
v 0.00743578 0.03956249 0.00225600
v 0.00705639 0.03992995 0.00225600
v 0.00718564 0.03998667 0.00174842
v 0.00568767 0.03746606 0.00174842
v 0.00568767 0.03401327 0.00285217
v 0.00777242 0.03401327 0.00392640
v 0.00741296 0.03823578 0.00174842
v 0.00746183 0.03401327 0.00356732
v 0.00707182 0.03401327 0.00314149
v 0.00644550 0.03748605 0.00174842
v 0.00673648 0.03750667 0.00174842
v 0.00575198 0.03401327 0.00285389
v 0.00701106 0.03767493 0.00174842
v 0.00644550 0.03401327 0.00287571
v 0.00691042 0.03759564 0.00174842
f 3425 3426 3427
f 3425 3427 3428
f 3425 3428 3429
f 3425 3429 3430
f 3425 3430 3431
f 3425 3431 3432
f 3425 3432 3447
f 3425 3447 3466
f 3425 3466 3485
f 3425 3485 3507
f 3425 3507 3528
f 3425 3528 3530
f 3425 3530 3544
f 3425 3544 3555
f 3425 3555 3562
f 3425 3562 3564
f 3425 3564 3559
f 3425 3559 3558
f 3425 3558 3556
f 3425 3556 3545
f 3425 3545 3533
f 3425 3533 3531
f 3425 3531 3510
f 3425 3510 3488
f 3425 3488 3487
f 3425 3487 3468
f 3425 3468 3449
f 3425 3449 3433
f 3425 3433 3426
f 3426 3433 3434
f 3426 3434 3427
f 3427 3434 3435
f 3427 3435 3436
f 3427 3436 3428
f 3428 3436 3437
f 3428 3437 3438
f 3428 3438 3439
f 3428 3439 3440
f 3428 3440 3441
f 3428 3441 3442
f 3428 3442 3443
f 3428 3443 3429
f 3429 3443 3444
f 3429 3444 3445
f 3429 3445 3430
f 3430 3445 3431
f 3431 3445 3446
f 3431 3446 3432
f 3432 3446 3448
f 3432 3448 3447
f 3433 3449 3450
f 3433 3450 3451
f 3433 3451 3434
f 3434 3451 3452
f 3434 3452 3435
f 3435 3437 3436
f 3435 3452 3453
f 3435 3453 3454
f 3435 3454 3455
f 3435 3455 3456
f 3435 3456 3439
f 3435 3439 3438
f 3435 3438 3437
f 3439 3456 3440
f 3440 3456 3457
f 3440 3457 3458
f 3440 3458 3459
f 3440 3459 3441
f 3441 3460 3442
f 3441 3459 3461
f 3441 3461 3462
f 3441 3462 3463
f 3441 3463 3460
f 3442 3460 3464
f 3442 3464 3443
f 3443 3464 3465
f 3443 3465 3445
f 3443 3445 3444
f 3445 3465 3446
f 3446 3465 3448
f 3447 3448 3467
f 3447 3467 3466
f 3448 3465 3467
f 3449 3468 3469
f 3449 3469 3450
f 3450 3470 3471
f 3450 3471 3451
f 3450 3469 3472
f 3450 3472 3470
f 3451 3471 3473
f 3451 3473 3454
f 3451 3454 3452
f 3452 3454 3453
f 3454 3473 3474
f 3454 3474 3455
f 3455 3474 3475
f 3455 3475 3456
f 3456 3475 3457
f 3457 3475 3476
f 3457 3476 3458
f 3458 3477 3461
f 3458 3461 3459
f 3458 3476 3478
f 3458 3478 3479
f 3458 3479 3462
f 3458 3462 3477
f 3460 3463 3480
f 3460 3480 3481
f 3460 3481 3464
f 3461 3477 3462
f 3462 3479 3482
f 3462 3482 3483
f 3462 3483 3463
f 3463 3483 3480
f 3464 3481 3465
f 3465 3481 3484
f 3465 3484 3467
f 3466 3467 3486
f 3466 3486 3485
f 3467 3484 3486
f 3468 3487 3469
f 3469 3487 3488
f 3469 3488 3472
f 3470 3489 3471
f 3470 3472 3489
f 3471 3489 3473
f 3472 3488 3490
f 3472 3490 3489
f 3473 3489 3491
f 3473 3491 3474
f 3474 3492 3475
f 3474 3491 3492
f 3475 3493 3494
f 3475 3494 3495
f 3475 3495 3476
f 3475 3492 3493
f 3476 3495 3496
f 3476 3496 3478
f 3478 3496 3479
f 3479 3496 3497
f 3479 3497 3498
f 3479 3498 3482
f 3480 3499 3481
f 3480 3483 3500
f 3480 3500 3499
f 3481 3499 3501
f 3481 3501 3502
f 3481 3502 3484
f 3482 3498 3503
f 3482 3503 3483
f 3483 3503 3504
f 3483 3504 3505
f 3483 3505 3506
f 3483 3506 3500
f 3484 3502 3486
f 3485 3486 3508
f 3485 3508 3509
f 3485 3509 3507
f 3486 3502 3508
f 3488 3510 3511
f 3488 3511 3490
f 3489 3490 3512
f 3489 3512 3513
f 3489 3513 3491
f 3490 3511 3512
f 3491 3513 3492
f 3492 3513 3493
f 3493 3514 3515
f 3493 3515 3494
f 3493 3513 3514
f 3494 3515 3495
f 3495 3515 3516
f 3495 3516 3517
f 3495 3517 3496
f 3496 3517 3518
f 3496 3518 3497
f 3497 3518 3498
f 3498 3519 3520
f 3498 3520 3505
f 3498 3505 3504
f 3498 3504 3503
f 3498 3518 3519
f 3499 3500 3521
f 3499 3521 3522
f 3499 3522 3501
f 3500 3506 3521
f 3501 3523 3502
f 3501 3522 3523
f 3502 3523 3508
f 3505 3520 3524
f 3505 3524 3506
f 3506 3524 3525
f 3506 3525 3526
f 3506 3526 3527
f 3506 3527 3521
f 3507 3509 3528
f 3508 3523 3509
f 3509 3523 3522
f 3509 3522 3527
f 3509 3527 3526
f 3509 3526 3525
f 3509 3525 3542
f 3509 3542 3541
f 3509 3541 3553
f 3509 3553 3550
f 3509 3550 3548
f 3509 3548 3547
f 3509 3547 3546
f 3509 3546 3557
f 3509 3557 3563
f 3509 3563 3565
f 3509 3565 3561
f 3509 3561 3560
f 3509 3560 3554
f 3509 3554 3543
f 3509 3543 3529
f 3509 3529 3530
f 3509 3530 3528
f 3510 3531 3532
f 3510 3532 3511
f 3511 3532 3533
f 3511 3533 3512
f 3512 3533 3513
f 3513 3533 3534
f 3513 3534 3514
f 3514 3534 3535
f 3514 3535 3536
f 3514 3536 3537
f 3514 3537 3515
f 3515 3537 3516
f 3516 3537 3517
f 3517 3538 3539
f 3517 3539 3518
f 3517 3537 3538
f 3518 3539 3519
f 3519 3539 3540
f 3519 3540 3520
f 3520 3540 3541
f 3520 3541 3542
f 3520 3542 3525
f 3520 3525 3524
f 3521 3527 3522
f 3529 3543 3544
f 3529 3544 3530
f 3531 3533 3532
f 3533 3545 3546
f 3533 3546 3547
f 3533 3547 3548
f 3533 3548 3549
f 3533 3549 3535
f 3533 3535 3534
f 3535 3549 3536
f 3536 3549 3550
f 3536 3550 3551
f 3536 3551 3538
f 3536 3538 3537
f 3538 3551 3539
f 3539 3552 3541
f 3539 3541 3540
f 3539 3551 3552
f 3541 3552 3553
f 3543 3554 3555
f 3543 3555 3544
f 3545 3556 3546
f 3546 3556 3558
f 3546 3558 3559
f 3546 3559 3557
f 3548 3550 3549
f 3550 3553 3552
f 3550 3552 3551
f 3554 3560 3555
f 3555 3560 3561
f 3555 3561 3562
f 3557 3559 3563
f 3559 3564 3563
f 3561 3565 3564
f 3561 3564 3562
f 3563 3564 3565

o geometry_29
v 0.00569983 0.03256451 0.00174842
v 0.00642137 0.03360844 -0.00270163
v 0.00568600 0.03362578 -0.00270163
v 0.00504912 0.03236856 0.00174842
v 0.00644556 0.03254457 0.00174842
v 0.00644556 0.03360757 -0.00270163
v 0.00500178 0.03322173 -0.00270163
v 0.00480826 0.03203821 0.00174842
v 0.00682983 0.03241971 0.00174842
v 0.00706067 0.03319659 -0.00270163
v 0.00700711 0.03233561 0.00174842
v 0.00472601 0.03254630 -0.00270163
v 0.00470804 0.03177896 0.00174842
v 0.00722827 0.03294948 -0.00270163
v 0.00737410 0.03193070 0.00174842
v 0.00764503 0.03162723 0.00174842
v 0.00770654 0.03155179 0.00174842
v 0.00458710 0.03177896 -0.00270163
v 0.00459124 0.03177896 -0.00229391
v 0.00460472 0.03127174 0.00174842
v 0.00774455 0.03212231 -0.00270163
v 0.00793600 0.03106191 0.00174842
v 0.00460023 0.03102029 -0.00270163
v 0.00460023 0.03102029 -0.00229391
v 0.00460092 0.03102029 -0.00153554
v 0.00461163 0.03102029 0.00174842
v 0.00798818 0.03142781 -0.00270163
v 0.00811708 0.03026249 0.00174842
v 0.00464377 0.03061278 -0.00270163
v 0.00468213 0.03026249 -0.00229391
v 0.00527685 0.02476886 -0.00270163
v 0.00528307 0.02476886 0.00174842
v 0.00804347 0.03102029 -0.00229391
v 0.00803068 0.03102029 -0.00270163
v 0.00811708 0.03026249 -0.00153554
v 0.00811708 0.02476886 0.00174842
v 0.00800269 0.02476886 -0.00270163
v 0.00805418 0.03067001 -0.00270163
v 0.00809427 0.03026249 -0.00229391
v 0.00811708 0.02950382 -0.00153554
v 0.00811708 0.02476886 -0.00077717
v 0.00806075 0.02476886 -0.00229391
v 0.00811604 0.02874689 -0.00153554
v 0.00810567 0.02476886 -0.00153554
f 3566 3567 3568
f 3566 3568 3569
f 3566 3569 3573
f 3566 3573 3578
f 3566 3578 3585
f 3566 3585 3591
f 3566 3591 3597
f 3566 3597 3601
f 3566 3601 3593
f 3566 3593 3587
f 3566 3587 3582
f 3566 3582 3581
f 3566 3581 3580
f 3566 3580 3576
f 3566 3576 3574
f 3566 3574 3570
f 3566 3570 3567
f 3567 3571 3575
f 3567 3575 3579
f 3567 3579 3586
f 3567 3586 3592
f 3567 3592 3599
f 3567 3599 3603
f 3567 3603 3602
f 3567 3602 3596
f 3567 3596 3594
f 3567 3594 3588
f 3567 3588 3583
f 3567 3583 3577
f 3567 3577 3572
f 3567 3572 3568
f 3567 3570 3571
f 3568 3572 3569
f 3569 3572 3573
f 3570 3574 3571
f 3571 3574 3576
f 3571 3576 3575
f 3572 3577 3573
f 3573 3577 3578
f 3575 3576 3580
f 3575 3580 3581
f 3575 3581 3582
f 3575 3582 3579
f 3577 3583 3584
f 3577 3584 3585
f 3577 3585 3578
f 3579 3582 3586
f 3582 3587 3586
f 3583 3588 3589
f 3583 3589 3590
f 3583 3590 3585
f 3583 3585 3584
f 3585 3590 3591
f 3586 3587 3592
f 3587 3593 3592
f 3588 3594 3589
f 3589 3594 3590
f 3590 3594 3595
f 3590 3595 3596
f 3590 3596 3597
f 3590 3597 3591
f 3592 3593 3598
f 3592 3598 3599
f 3593 3600 3598
f 3593 3601 3606
f 3593 3606 3605
f 3593 3605 3600
f 3594 3596 3595
f 3596 3602 3607
f 3596 3607 3609
f 3596 3609 3606
f 3596 3606 3601
f 3596 3601 3597
f 3598 3603 3599
f 3598 3600 3604
f 3598 3604 3603
f 3600 3605 3604
f 3602 3603 3607
f 3603 3604 3607
f 3604 3605 3608
f 3604 3608 3609
f 3604 3609 3607
f 3605 3606 3608
f 3606 3609 3608

o geometry_30
v -0.00154995 0.00265595 0.00453060
v -0.00159158 0.00265595 0.00528903
v -0.00158919 -0.00001066 0.00453060
v -0.00158310 -0.00001066 0.00377217
v -0.00154995 0.00265595 0.00150158
v -0.00193866 -0.00001066 0.00521266
v -0.00192248 0.00265595 0.00580777
v -0.00158310 -0.00001066 0.00301374
v -0.00155022 0.00265595 -0.00001470
v -0.00201369 0.00220486 0.00578956
v -0.00213460 0.00144651 0.00572141
v -0.00223562 0.00100038 0.00568029
v -0.00265429 -0.00001066 0.00550522
v -0.00265429 0.00265595 0.00598343
v -0.00158442 -0.00001066 0.00295499
v -0.00155048 0.00265543 -0.00001822
v -0.00160113 0.00265595 -0.00001822
v -0.00160616 -0.00001066 0.00225589
v -0.00265429 0.00220486 0.00590588
v -0.00265429 0.00144651 0.00577017
v -0.00265429 0.00097506 0.00568499
v -0.00310556 0.00101161 0.00567794
v -0.00340995 -0.00001066 0.00542826
v -0.00296106 0.00265595 0.00595170
v -0.00162579 0.00220407 -0.00001822
v -0.00425868 0.00265595 -0.00001822
v -0.00163400 -0.00001066 0.00220067
v -0.00361093 0.00125438 0.00563329
v -0.00337972 0.00073072 0.00557513
v -0.00341234 0.00265595 0.00590353
v -0.00337972 0.00148280 0.00571319
v -0.00380369 0.00175977 0.00567794
v -0.00396967 -0.00001066 0.00515802
v -0.00197127 0.00165796 -0.00001822
v -0.00195457 -0.00001066 0.00166254
v -0.00425868 0.00265595 0.00537950
v -0.00425868 0.00151386 -0.00001822
v -0.00341234 0.00220486 0.00582833
v -0.00358654 0.00265595 0.00585653
v -0.00388377 0.00265595 0.00574785
v -0.00425868 0.00260661 0.00537069
v -0.00425868 0.00026344 0.00494888
v -0.00425868 -0.00001066 0.00489895
v -0.00424490 -0.00001066 0.00491246
v -0.00402217 -0.00001066 0.00513041
v -0.00265429 0.00148959 -0.00001822
v -0.00201210 -0.00001066 0.00164433
v -0.00265429 -0.00001066 0.00146398
v -0.00417065 0.00149820 -0.00001822
v -0.00417065 -0.00001066 0.00148924
v -0.00422050 -0.00001066 0.00149864
v -0.00425868 -0.00001066 0.00150628
v -0.00341234 0.00149115 -0.00001822
v -0.00271739 -0.00001066 0.00146456
v -0.00341234 -0.00001066 0.00147455
v -0.00347385 -0.00001066 0.00147573
f 3610 3611 3612
f 3610 3612 3613
f 3610 3613 3617
f 3610 3617 3614
f 3610 3614 3618
f 3610 3618 3626
f 3610 3626 3635
f 3610 3635 3645
f 3610 3645 3649
f 3610 3649 3648
f 3610 3648 3639
f 3610 3639 3633
f 3610 3633 3623
f 3610 3623 3616
f 3610 3616 3611
f 3611 3615 3612
f 3611 3616 3615
f 3612 3615 3622
f 3612 3622 3632
f 3612 3632 3642
f 3612 3642 3654
f 3612 3654 3653
f 3612 3653 3652
f 3612 3652 3661
f 3612 3661 3660
f 3612 3660 3659
f 3612 3659 3665
f 3612 3665 3664
f 3612 3664 3663
f 3612 3663 3657
f 3612 3657 3656
f 3612 3656 3644
f 3612 3644 3636
f 3612 3636 3627
f 3612 3627 3624
f 3612 3624 3617
f 3612 3617 3613
f 3614 3617 3618
f 3615 3616 3619
f 3615 3619 3620
f 3615 3620 3621
f 3615 3621 3622
f 3616 3623 3619
f 3617 3624 3618
f 3618 3625 3626
f 3618 3624 3627
f 3618 3627 3625
f 3619 3623 3620
f 3620 3623 3621
f 3621 3623 3628
f 3621 3628 3629
f 3621 3629 3630
f 3621 3630 3622
f 3622 3630 3631
f 3622 3631 3632
f 3623 3633 3631
f 3623 3631 3628
f 3625 3627 3634
f 3625 3634 3643
f 3625 3643 3655
f 3625 3655 3662
f 3625 3662 3658
f 3625 3658 3646
f 3625 3646 3635
f 3625 3635 3626
f 3627 3636 3634
f 3628 3631 3629
f 3629 3631 3630
f 3631 3637 3638
f 3631 3638 3632
f 3631 3633 3639
f 3631 3639 3640
f 3631 3640 3637
f 3632 3638 3637
f 3632 3637 3641
f 3632 3641 3642
f 3634 3636 3644
f 3634 3644 3643
f 3635 3646 3661
f 3635 3661 3652
f 3635 3652 3651
f 3635 3651 3650
f 3635 3650 3645
f 3637 3640 3647
f 3637 3647 3639
f 3637 3639 3641
f 3639 3648 3641
f 3639 3647 3640
f 3641 3648 3649
f 3641 3649 3645
f 3641 3645 3650
f 3641 3650 3651
f 3641 3651 3652
f 3641 3652 3653
f 3641 3653 3654
f 3641 3654 3642
f 3643 3644 3656
f 3643 3656 3657
f 3643 3657 3655
f 3646 3658 3659
f 3646 3659 3660
f 3646 3660 3661
f 3655 3657 3662
f 3657 3663 3658
f 3657 3658 3662
f 3658 3663 3664
f 3658 3664 3665
f 3658 3665 3659

o geometry_31
v 0.00568757 0.03711539 -0.00212153
v 0.00527697 0.02476800 -0.00270163
v 0.00800280 0.02476800 -0.00270163
v 0.00426622 0.02476800 -0.00496312
v 0.00316306 0.03102052 -0.00496312
v 0.00739700 0.03632908 -0.00496312
v 0.00483961 0.03711539 -0.00496312
v 0.00708999 0.03711539 -0.00496312
v 0.00725639 0.03669973 -0.00496312
v 0.00751305 0.03632908 -0.00485882
v 0.00756831 0.03580815 -0.00491862
v 0.00752533 0.03577252 -0.00496312
v 0.00758919 0.03530551 -0.00496312
v 0.00759840 0.03480546 -0.00496312
v 0.00759257 0.03530270 -0.00496006
v 0.00771537 0.03632908 -0.00447970
v 0.00767024 0.03708749 -0.00433728
v 0.00736691 0.03708749 -0.00471640
v 0.00766594 0.03711539 -0.00433005
v 0.00735924 0.03711539 -0.00470861
v 0.00733498 0.03711539 -0.00473337
v 0.00710411 0.03708749 -0.00496312
v 0.00503364 0.03711539 -0.00235712
v 0.00504315 0.03711539 -0.00234878
v 0.00460043 0.03102052 -0.00270163
v 0.00458702 0.03177846 -0.00270163
v 0.00467167 0.03711539 -0.00302441
v 0.00458325 0.03711539 -0.00378265
v 0.00461365 0.03711539 -0.00454089
v 0.00461487 0.03708749 -0.00456898
v 0.00462439 0.03711539 -0.00457121
v 0.00762357 0.03711539 -0.00337154
v 0.00769541 0.03711539 -0.00376902
v 0.00805451 0.03066980 -0.00270163
v 0.00768590 0.03711539 -0.00363884
v 0.00803057 0.03102052 -0.00270163
v 0.00798795 0.03142774 -0.00270163
v 0.00695552 0.03711539 -0.00236296
v 0.00651742 0.03711539 -0.00215713
v 0.00802003 0.03102052 -0.00305250
v 0.00788693 0.03177846 -0.00381090
v 0.00795396 0.02476800 -0.00305250
v 0.00776100 0.02476800 -0.00381090
v 0.00773754 0.03329531 -0.00450843
v 0.00759246 0.03429973 -0.00496025
v 0.00761162 0.02476800 -0.00425784
v 0.00726209 0.02476800 -0.00496312
v 0.00743973 0.02476800 -0.00463705
v 0.00758959 0.03429778 -0.00496312
v 0.00644558 0.03711539 -0.00214712
f 3667 3668 3666
f 3667 3669 3668
f 3670 3669 3667
f 3670 3671 3669
f 3672 3671 3670
f 3673 3671 3672
f 3674 3671 3673
f 3675 3671 3674
f 3676 3671 3675
f 3676 3677 3671
f 3678 3677 3676
f 3678 3679 3677
f 3678 3680 3679
f 3678 3676 3680
f 3676 3681 3680
f 3676 3682 3681
f 3676 3675 3682
f 3683 3682 3675
f 3683 3684 3682
f 3683 3685 3684
f 3683 3686 3685
f 3683 3687 3686
f 3683 3674 3687
f 3683 3675 3674
f 3687 3674 3673
f 3687 3673 3686
f 3673 3672 3686
f 3672 3666 3686
f 3688 3666 3672
f 3689 3666 3688
f 3689 3690 3666
f 3689 3691 3690
f 3689 3688 3691
f 3688 3670 3691
f 3692 3670 3688
f 3692 3693 3670
f 3692 3688 3693
f 3693 3688 3672
f 3694 3693 3672
f 3694 3670 3693
f 3695 3670 3694
f 3695 3672 3670
f 3696 3672 3695
f 3696 3694 3672
f 3696 3695 3694
f 3690 3691 3670
f 3690 3670 3667
f 3690 3667 3666
f 3686 3666 3697
f 3684 3686 3697
f 3685 3686 3684
f 3698 3684 3697
f 3698 3682 3684
f 3698 3681 3682
f 3698 3699 3681
f 3700 3699 3698
f 3700 3701 3699
f 3700 3697 3701
f 3700 3698 3697
f 3701 3697 3702
f 3701 3702 3703
f 3701 3703 3699
f 3699 3703 3704
f 3699 3704 3668
f 3705 3699 3668
f 3705 3681 3699
f 3705 3706 3681
f 3705 3707 3706
f 3705 3668 3707
f 3707 3668 3708
f 3709 3707 3708
f 3709 3706 3707
f 3709 3681 3706
f 3709 3679 3681
f 3709 3710 3679
f 3709 3711 3710
f 3709 3708 3711
f 3711 3708 3712
f 3713 3711 3712
f 3713 3710 3711
f 3713 3712 3710
f 3714 3710 3712
f 3714 3679 3710
f 3714 3712 3679
f 3679 3712 3677
f 3677 3712 3671
f 3712 3669 3671
f 3712 3668 3669
f 3708 3668 3712
f 3679 3680 3681
f 3715 3668 3704
f 3715 3666 3668
f 3715 3704 3666
f 3704 3703 3666
f 3703 3697 3666
f 3702 3697 3703

