<?xml version="1.0" encoding="utf-8"?>
<COLLADA xmlns="http://www.collada.org/2005/11/COLLADASchema" version="1.4.1" xmlns:xsi="http://www.w3.org/2001/XMLSchema-instance">
  <asset>
    <contributor>
      <author>Blender User</author>
      <authoring_tool>Blender 4.3.2 commit date:2024-12-16, commit time:21:10, hash:32f5fdce0a0a</authoring_tool>
    </contributor>
    <created>2025-07-17T17:34:15</created>
    <modified>2025-07-17T17:34:15</modified>
    <unit name="meter" meter="1"/>
    <up_axis>Z_UP</up_axis>
  </asset>
  <library_effects>
    <effect id="灰色_010-effect">
      <profile_COMMON>
        <technique sid="common">
          <lambert>
            <emission>
              <color sid="emission">0 0 0 1</color>
            </emission>
            <diffuse>
              <color sid="diffuse">0.09305826 0.1274378 0.1746475 1</color>
            </diffuse>
            <reflectivity>
              <float sid="specular">10</float>
            </reflectivity>
            <index_of_refraction>
              <float sid="ior">1.45</float>
            </index_of_refraction>
          </lambert>
        </technique>
      </profile_COMMON>
    </effect>
  </library_effects>
  <library_images/>
  <library_materials>
    <material id="灰色_010-material" name="灰色.010">
      <instance_effect url="#灰色_010-effect"/>
    </material>
  </library_materials>
  <library_geometries>
    <geometry id="L_thumb_prox-mesh" name="L_thumb_prox">
      <mesh>
        <source id="L_thumb_prox-mesh-positions">
          <float_array id="L_thumb_prox-mesh-positions-array" count="4419">0.007224023 0.002838194 0.01080852 0.007224023 0.003257334 0.01080852 0.007149279 0.002838194 0.01094645 0.00715816 0.003257334 0.01093012 0.007144331 0.003256916 0.01095557 0.007125616 0.003255069 0.01099014 0.007093489 0.003244936 0.01104944 0.00705868 0.003212571 0.01111382 0.007042407 0.00292629 0.01114368 0.007077038 0.002867937 0.0110799 0.007025778 0.003013372 0.01117449 0.007024407 0.003050506 0.01117712 0.007035017 0.003154695 0.01115739 0.007136106 0.002838194 0.01076096 0.007061362 0.002838194 0.01089876 0.007136106 0.003257334 0.01076096 0.007070243 0.003257334 0.01088243 0.007005572 0.003244936 0.01100188 0.007037699 0.003255069 0.01094245 0.007056415 0.003256916 0.01090788 0.00693649 0.003050506 0.01112943 0.0069471 0.003154695 0.0111097 0.006970763 0.003212571 0.01106613 0.006989121 0.002867937 0.01103228 0.006954491 0.00292629 0.01109606 0.006937861 0.003013372 0.01112687 -0.003462195 0.003799915 0.003242373 -0.002916157 0.00494641 0.00223428 -0.004052639 0.003799915 0.002922475 -0.004575788 0.003722012 0.002727687 -0.00104779 0.005299985 0.001934409 -0.001053631 0.005299985 0.002915382 -2.78265e-4 0.005299985 0.002182245 -1.47578e-4 0.005299985 0.003096461 5.28875e-4 0.005299985 0.002135396 7.71683e-4 0.005299985 0.003002405 0.001264572 0.005299985 0.001800119 0.001622319 0.005299985 0.002641499 0.001829445 0.005299985 0.001221776 -0.001573801 0.005299985 -0.001537144 -0.002607822 0.005299985 -0.001676023 -0.002022862 0.005299985 -8.64865e-4 -0.002985954 0.005299985 -8.32911e-4 -0.002198696 0.005299985 -7.57176e-5 -0.003098845 0.005299985 8.42354e-5 -0.00207746 0.005299985 7.23656e-4 -0.002936244 0.005299985 9.93897e-4 -0.001675844 0.005299985 0.001425266 -0.002512872 0.005299985 0.00181514 -0.001866221 0.005299985 0.002475202 6.74529e-4 0.005299985 -0.00209403 6.07437e-4 0.005299985 -0.003039896 -1.27476e-4 0.005299985 -0.002196252 -3.15578e-4 0.005299985 -0.003083825 -9.12264e-4 0.005299985 -0.002001941 -0.001210451 0.005299985 -0.002853751 -0.001997888 0.005299985 -0.002370238 0.002328813 0.005299985 0.002045989 0.002828419 0.005299985 0.001268625 0.002147257 0.005299985 4.78438e-4 0.003076732 0.005299985 3.78566e-4 0.002175152 0.005299985 -3.29581e-4 0.003051578 0.005299985 -5.45155e-4 0.001909196 0.005299985 -0.00109297 0.002755343 0.005299985 -0.001420319 0.001385331 0.005299985 -0.001708865 0.002214252 0.005299985 -0.00216943 0.001476407 0.005299985 -0.00272578 -0.00505954 0.002267897 0.002681851 -0.005069077 0.003623723 0.00268203 -0.005223751 0.003604233 0.002693057 -0.00557518 0.002585709 0.002763926 -0.005565047 0.003568649 0.002761006 -0.00557518 0.003567755 0.002763926 -0.004741609 0.003680706 0.002698481 -0.004540324 0.002068102 0.002735853 -0.004052639 0.001999974 0.002922475 -0.005733907 0.004558742 -2.92084e-4 -0.005639672 0.004642069 -4.56852e-4 -0.00647819 0.003799915 -5.31347e-4 -0.003552258 0.004999995 -0.00393331 -0.004356563 0.003799915 -0.004823863 -0.004121661 0.004999995 -0.00333184 -0.005183756 0.003799915 -0.003921449 -0.005827069 0.003799915 -0.002880096 -0.004836082 0.004799962 -0.002619445 -0.004693031 0.004814088 -0.002840518 -0.004510462 0.004857957 -0.003044784 -0.004272401 0.004939198 -0.003237903 -0.005107343 0.004999995 -0.001415908 -0.005042374 0.004999995 -0.001631975 -0.006263673 0.003799915 -0.001736462 -0.0050143 0.004857957 -0.002114415 -0.004943132 0.004814088 -0.002379 -0.005117893 0.004999995 -0.001376867 -0.005425453 0.004811227 -8.32586e-4 -0.005546808 0.004718959 -6.19318e-4 -0.006070077 0.00422281 2.93299e-4 -0.006462872 0.003799915 6.92678e-4 -0.006452322 0.003777027 9.57869e-4 -0.006462872 0.001999974 6.92678e-4 -0.006489396 0.001999974 0.001292943 -0.006488323 0.003733277 0.00128448 -0.006692945 0.00232172 0.001858294 -0.006692945 0.003692626 0.001858294 -0.00656265 0.001999974 0.001562893 -0.006590664 0.003706634 0.001638412 -0.006514549 0.003722906 0.001402378 -0.001259446 0.005099952 0.001553595 -0.001523435 0.005099952 0.001295626 -0.001735568 0.005099952 9.93717e-4 -0.001888692 0.005099952 6.57869e-4 -0.001977384 0.005099952 2.99619e-4 -0.001998782 0.005099952 -6.88341e-5 -0.001952052 0.005099952 -4.34943e-4 -0.001838862 0.005099952 -7.86241e-4 -0.001663148 0.005099952 -0.001110672 -0.00143069 0.005099952 -0.001397371 -0.001149535 0.005099952 -0.001636505 -8.29331e-4 0.005099952 -0.001819849 -4.80795e-4 0.005099952 -0.001941323 -1.15887e-4 0.005099952 -0.001996636 2.52968e-4 0.005099952 -0.001983821 6.13208e-4 0.005099952 -0.001903653 9.52566e-4 0.005099952 -0.001758575 0.001259446 0.005099952 -0.001553595 0.001523435 0.005099952 -0.001295626 0.001735568 0.005099952 -9.93717e-4 0.001888692 0.005099952 -6.57869e-4 0.001977384 0.005099952 -2.99619e-4 0.001998782 0.005099952 6.88341e-5 0.001952052 0.005099952 4.34943e-4 0.001838862 0.005099952 7.86241e-4 0.001663148 0.005099952 0.001110672 0.00143069 0.005099952 0.001397371 0.001149535 0.005099952 0.001636505 8.29331e-4 0.005099952 0.001819849 4.80795e-4 0.005099952 0.001941323 1.15887e-4 0.005099952 0.001996636 -2.52968e-4 0.005099952 0.001983821 -6.13208e-4 0.005099952 0.001903653 -9.52566e-4 0.005099952 0.001758575 -0.006692945 -0.003692626 0.001858294 -0.006692945 -0.00232172 0.001858294 -0.00657171 -0.003711163 0.001588404 -0.00656265 -0.001999974 0.001562893 -0.006513357 -0.00372529 0.001399338 -0.006489396 -0.001999974 0.001292943 -0.006487548 -0.003735601 0.001283586 -0.006452322 -0.003777027 9.57869e-4 -0.006462872 -0.001999974 6.92678e-4 -0.006462872 -0.003799915 6.92678e-4 0.004945993 0.001999974 -7.32743e-4 0.004066646 0.001999974 -0.001208961 0.00521934 0.001885712 -0.001237452 0.004340112 0.001885712 -0.001713693 0.005451083 0.001560628 -0.001665294 0.004571855 0.001560628 -0.002141654 0.005606055 0.001074016 -0.001951277 0.004726767 0.001074016 -0.002427518 0.005660355 5e-4 -0.002051651 0.004781067 5e-4 -0.002527952 0.004781067 -5e-4 -0.002527952 0.005660355 -5e-4 -0.002051651 0.004066646 -0.001999974 -0.001208961 0.004945993 -0.001999974 -7.32743e-4 0.004340112 -0.001885712 -0.001713693 0.00521934 -0.001885712 -0.001237452 0.004571855 -0.001560628 -0.002141654 0.005451083 -0.001560628 -0.001665294 0.004726767 -0.001074016 -0.002427518 0.005606055 -0.001074016 -0.001951277 0.007108271 -0.0020051 0.01081228 0.007066667 -0.001999974 0.01088899 0.007106781 -0.003498077 0.01081508 0.007033169 -0.002002835 0.01095092 0.006993114 -0.003257334 0.01102477 0.006763458 -0.003257334 0.01144874 0.006740987 -0.003376901 0.01149016 0.007138669 -0.00203377 0.01075619 0.007132112 -0.002019584 0.01076811 0.007140219 -0.002048552 0.01075321 0.007140219 -0.00340414 0.01075321 0.007136166 -0.003453195 0.01076078 0.007126629 -0.003479242 0.01077824 0.00675565 -0.00326091 0.01146328 0.006749868 -0.003271937 0.01147395 0.006743431 -0.003306448 0.01148569 0.006749749 -0.003484368 0.01147419 0.006754875 -0.003495097 0.01146453 0.006742954 -0.003442347 0.01148658 0.006763458 -0.003499925 0.01144874 0.007096469 -0.003499925 0.01083403 0.006993114 -0.002048552 0.01102477 0.006996214 -0.002029538 0.01101917 0.007003068 -0.002017438 0.01100647 0.006197333 0.001900494 0.0124939 0.006451725 0.00202018 0.01202428 0.005946934 0.002053022 0.0129562 0.006451725 0.002999961 0.01202428 0.005762577 0.002440094 0.01329654 0.005689918 0.002965748 0.01343071 0.00574696 0.003499925 0.01332545 0.006213605 0.003499925 0.01246386 0.006332695 0.003432989 0.01224404 0.006419897 0.003249943 0.01208317 0.006213605 -0.003499925 0.01246386 0.006197333 -0.001900494 0.0124939 0.005946934 -0.002053022 0.0129562 0.006451725 -0.00202018 0.01202428 0.006451725 -0.002999961 0.01202428 0.006419897 -0.003249943 0.01208317 0.006332695 -0.003432989 0.01224404 0.005762577 -0.002440094 0.01329654 0.005689918 -0.002965748 0.01343071 0.00574696 -0.003499925 0.01332545 0.006055653 -0.002060592 3.67989e-4 0.006210505 -0.00157392 8.20795e-5 0.00582391 -0.002385795 7.95884e-4 0.006264925 -9.99987e-4 -1.83186e-5 0.005550444 -0.002499938 0.001300573 0.002930939 -0.002499938 0.006136715 0.00242573 -0.002060592 0.007069349 0.002657473 -0.002385795 0.006641387 0.002270877 -0.00157392 0.007355213 0.002216458 -9.99987e-4 0.007455587 0.002216458 9.99987e-4 0.007455587 0.006264925 9.99987e-4 -1.83186e-5 0.006055653 0.002060592 3.67989e-4 0.00582391 0.002385795 7.95884e-4 0.006210505 0.00157392 8.20795e-5 0.005550444 0.002499938 0.001300573 0.002930939 0.002499938 0.006136715 0.002657473 0.002385795 0.006641387 0.00242573 0.002060592 0.007069349 0.002270877 0.00157392 0.007355213 0.008730828 0.002499938 0.008026719 0.008206725 0.002499938 0.0089944 0.009458661 0.002499938 0.003417432 0.009545803 0.002499938 0.004045248 0.009538173 0.002499938 0.005417466 0.009262979 0.002499938 0.006761789 0.007283151 0.002048552 0.0104894 0.007012546 0.002546072 0.01098901 0.007048904 0.0026021 0.01092171 0.00692743 0.002699255 0.01114606 0.007090926 0.002617537 0.01084429 0.007136106 0.002617537 0.01076096 0.007283151 0.00340414 0.0104894 0.007282376 0.003426671 0.01049083 0.007276356 0.003463149 0.01050192 0.006969869 0.002384305 0.01106762 0.00692445 0.002696037 0.01115167 0.006897032 0.002660751 0.01120215 0.006863415 0.00258857 0.01126432 0.006823182 0.002434611 0.01133859 0.0069049 0.002050638 0.01118767 0.006761491 0.002141237 0.01145249 0.006896138 0.002019882 0.01120382 0.006761074 0.002139449 0.01145321 0.006757557 0.002121508 0.01145952 0.006975173 0.003492057 0.01105797 0.006968617 0.003489792 0.01107019 0.006861329 0.003405869 0.01126801 0.006809473 0.003282189 0.01136386 0.006789386 0.00308907 0.01140099 0.006798744 0.002949595 0.01138371 0.006839573 0.002806723 0.01130819 0.007274091 0.002017915 0.01050621 0.007280588 0.002029836 0.01049423 0.006763339 0.002008438 0.01144886 0.006782591 0.002002358 0.01141351 0.006752789 0.002094507 0.01146847 0.006880939 0.00200659 0.01123178 0.006843626 0.002000451 0.01130092 0.006828606 0.001999974 0.01132851 0.00714004 0.002026677 0.01075363 0.007147908 0.002015531 0.01073902 0.007136642 0.002040505 0.01075983 0.007168233 0.002004981 0.01070153 0.007136106 0.002048552 0.01076096 0.007209897 0.001999974 0.01062452 0.007247388 0.002003908 0.01055544 0.007262349 0.003489196 0.01052767 0.007239997 0.003499925 0.01056903 0.007054746 0.003499925 0.01091092 0.007037878 0.003499746 0.01094216 0.00701493 0.003498256 0.01098448 0.006749451 0.00202471 0.0114746 0.006753683 0.002016127 0.0114668 0.006747484 0.002038538 0.01147812 0.006747305 0.00204581 0.0114786 0.00605607 0 0.01317471 0.006071031 -9.13741e-4 0.01356691 0.005986273 -9.72692e-4 0.01330357 0.005880117 -0.001746237 0.01391947 0.005782902 -0.00185889 0.01367884 0.005580723 -0.002423644 0.01447206 0.005464315 -0.002579987 0.01426714 0.005199611 -0.002885699 0.0151757 0.005058526 -0.003071784 0.01501619 0.004770517 -0.003091216 0.0159679 0.004601836 -0.003290772 0.01585954 0.004331648 -0.003022193 0.01677817 0.004134595 -0.00321722 0.01672202 0.003921926 -0.002684593 0.01753455 0.003698468 -0.002857804 0.01752722 0.003577888 -0.002108514 0.01816976 0.003332138 -0.002244532 0.01820337 0.003329873 -0.001345038 0.01862746 0.003068268 -0.001431763 0.01869064 0.003200173 -4.62031e-4 0.01886695 0.002930164 -4.91839e-4 0.01894563 0.003200173 4.62031e-4 0.01886695 0.002930164 4.91839e-4 0.01894563 0.003329873 0.001345038 0.01862746 0.003068268 0.001431763 0.01869064 0.003577888 0.002108514 0.01816976 0.003332138 0.002244532 0.01820337 0.003921926 0.002684593 0.01753455 0.003698468 0.002857804 0.01752722 0.004331648 0.003022193 0.01677817 0.004134595 0.00321722 0.01672202 0.004770517 0.003091216 0.0159679 0.004601836 0.003290772 0.01585954 0.005199611 0.002885699 0.0151757 0.005058526 0.003071784 0.01501619 0.005580723 0.002423644 0.01447206 0.005464315 0.002579987 0.01426714 0.005880117 0.001746237 0.01391947 0.005782902 0.00185889 0.01367884 0.006071031 9.13741e-4 0.01356691 0.005986273 9.72692e-4 0.01330357 0.006136715 0 0.01344579 0.00456351 -0.00219053 0.01635009 0.004946947 -0.002115905 0.01564222 0.0052917 -0.001755595 0.01500582 0.00555104 -0.001158118 0.0145269 0.005690217 -4.04249e-4 0.01427006 0.005690217 4.04249e-4 0.01427006 0.003612399 0 0.01810604 0.00368309 -7.94732e-4 0.01797538 0.003885865 -0.001482129 0.01760119 0.004193127 -0.001969337 0.01703387 0.00555104 0.001158118 0.0145269 0.0052917 0.001755595 0.01500582 0.004946947 0.002115905 0.01564222 0.004660189 0.002199888 0.01617163 0.00456351 0.00219053 0.01635009 0.004193127 0.001969337 0.01703387 0.003885865 0.001482129 0.01760119 0.00368309 7.94732e-4 0.01797538 0.009285569 0.003799915 0.002697885 0.009380817 0.002472758 0.003051996 0.009285569 0.002395391 0.002697885 0.009545803 0.003799915 0.004045248 0.009538173 0.003799915 0.005417466 0.009262979 0.003799915 0.006761789 0.008730828 0.003799915 0.008026719 -0.003066778 0.004999995 0.002140223 -0.002856016 0.004999995 0.002206087 -0.003341138 0.004999995 0.002131283 -0.003633618 0.004999995 0.002186775 -0.00681442 0.003707051 0.003132402 -0.00681442 0.004499912 0.003132402 -0.007254064 0.003707051 0.002894282 -0.007254064 0.004499912 0.002894282 -0.006801486 0.003609538 0.003128588 -0.007235944 0.00351572 0.002860844 -0.006762862 0.00351572 0.003117024 -0.007184386 0.003353536 0.002765536 -0.006615877 0.003353536 0.003073394 -0.006298184 0.004002988 0.001008868 -0.005887687 0.004478812 2.63778e-4 -0.005463719 0.00487709 -5.06891e-4 -0.00521779 0.004999995 -0.001040637 -0.005336344 0.004999995 -7.11752e-4 -0.005546987 0.004999995 -2.5736e-4 -0.005844235 0.004722595 2.91424e-4 -0.006215453 0.004311025 9.76846e-4 0.001571655 0.005099952 -0.002901554 0.002357125 0.005099952 -0.002309381 0.002933084 0.005099952 -0.001511991 0.003248572 0.005099952 -5.80326e-4 0.003275275 0.005099952 4.0299e-4 0.003010988 0.005099952 0.001350462 0.002479076 0.005099952 0.002177894 0.001726984 0.005099952 0.002811968 8.21469e-4 0.005099952 0.00319612 -1.57099e-4 0.005099952 0.003296256 -0.00112164 0.005099952 0.003103435 -0.001986563 0.005099952 0.002634882 -0.002675056 0.005099952 0.001932263 -0.003125727 0.005099952 0.001057982 -0.003298759 0.005099952 8.96698e-5 -0.003178656 0.005099952 -8.86647e-4 -0.002776086 0.005099952 -0.001784086 -0.002126753 0.005099952 -0.002523124 -0.001288533 0.005099952 -0.003037989 -3.35937e-4 0.005099952 -0.003282845 6.46626e-4 0.005099952 -0.003235936 -0.003577888 -0.002108514 0.009124875 -0.003921926 -0.002684593 0.009760141 -0.004028737 -0.001755595 0.009957253 -0.004373431 -0.002115905 0.01059365 -0.004331648 -0.003022193 0.01051646 -0.004756927 -0.00219053 0.01130145 -0.004770517 -0.003091216 0.01132673 -0.005127251 -0.001969337 0.0119853 -0.003200173 4.62031e-4 0.008427679 -0.003630161 4.04249e-4 0.009221494 -0.003329873 0.001345038 0.008667171 -0.003769338 0.001158118 0.00947833 -0.003577888 0.002108514 0.009124875 -0.004028737 0.001755595 0.009957253 -0.005199611 -0.002885699 0.01211881 -0.005580723 -0.002423644 0.01282244 -0.005434513 -0.001482129 0.01255249 -0.005880117 -0.001746237 0.01337516 -0.005637288 -7.94732e-4 0.01292675 -0.006071031 -9.13741e-4 0.01372772 -0.005707979 0 0.01305747 -0.006136715 0 0.01384884 -0.005637288 7.94732e-4 0.01292675 -0.006071031 9.13741e-4 0.01372772 -0.005434513 0.001482129 0.01255249 -0.005880117 0.001746237 0.01337516 -0.005580723 0.002423644 0.01282244 -0.005127251 0.001969337 0.0119853 -0.005199611 0.002885699 0.01211881 -0.004756927 0.00219053 0.01130145 -0.004770517 0.003091216 0.01132673 -0.004373431 0.002115905 0.01059365 -0.004331648 0.003022193 0.01051646 -0.003921926 0.002684593 0.009760141 -0.003329873 -0.001345038 0.008667171 -0.003769338 -0.001158118 0.00947833 -0.003200173 -4.62031e-4 0.008427679 -0.003630161 -4.04249e-4 0.009221494 -0.003612399 0 0.009188592 -0.003462195 0.001999974 0.003242373 -0.004356563 0.001999974 -0.004823863 -0.005183756 0.001999974 -0.003921449 -0.005827069 0.001999974 -0.002880096 -0.006263673 0.001999974 -0.001736462 -0.00647819 0.001999974 -5.31347e-4 9.52566e-4 0.001999974 -0.001758575 0.001523435 0.001999974 -0.001295626 0.001888692 0.001999974 -6.57869e-4 0.001998782 0.001999974 6.88341e-5 0.001838862 0.001999974 7.86241e-4 0.00143069 0.001999974 0.001397371 8.29331e-4 0.001999974 0.001819849 1.15887e-4 0.001999974 0.001996636 -6.13208e-4 0.001999974 0.001903653 -0.001259446 0.001999974 0.001553595 -0.001735568 0.001999974 9.93717e-4 -0.001977384 0.001999974 2.99619e-4 -0.001952052 0.001999974 -4.34943e-4 -0.001663148 0.001999974 -0.001110672 -0.001149535 0.001999974 -0.001636505 -4.80795e-4 0.001999974 -0.001941323 2.52968e-4 0.001999974 -0.001983821 -0.003929615 0.001999974 -0.001143634 -0.004433095 0.001999974 -0.001263976 -0.004189193 0.004799962 -0.001170635 -0.003929615 0.004799962 -0.001143634 -0.003671765 0.004799962 -0.001184642 -0.003433406 0.001999974 -0.001291096 -0.003433406 0.004799962 -0.001291096 -0.00323075 0.004799962 -0.001455605 -0.003077507 0.001999974 -0.001666963 -0.003077507 0.004799962 -0.001666963 -0.002984166 0.004799962 -0.001910746 -0.002957165 0.001999974 -0.002170383 -0.002957165 0.004799962 -0.002170383 -0.002998173 0.004799962 -0.002428174 -0.003104627 0.001999974 -0.002666532 -0.003104627 0.004799962 -0.002666532 -0.003269076 0.004799962 -0.002869248 -0.003480494 0.001999974 -0.003022491 -0.003480494 0.004799962 -0.003022491 -0.003724277 0.004799962 -0.003115773 -0.003983974 0.001999974 -0.003142893 -0.003983974 0.004799962 -0.003142893 -0.004241764 0.004799962 -0.003101766 -0.004480123 0.001999974 -0.002995312 -0.004480123 0.004799962 -0.002995312 -0.004682779 0.004799962 -0.002830803 -0.004836082 0.001999974 -0.002619445 -0.004929304 0.004799962 -0.002375662 -0.004956424 0.001999974 -0.002116084 -0.004956424 0.004799962 -0.002116084 -0.004915297 0.004799962 -0.001858294 -0.004808843 0.001999974 -0.001619875 -0.004808843 0.004799962 -0.001619875 -0.004644334 0.004799962 -0.00141716 -0.004433095 0.004799962 -0.001263976 0.001373887 -5e-4 0.005861878 -8.24336e-4 -5e-4 0.004671216 0.001373887 5e-4 0.005861878 -8.24336e-4 5e-4 0.004671216 -0.00605607 0 0.01411992 -0.005986273 -9.72692e-4 0.01399093 -0.005782902 -0.00185889 0.01361566 -0.005464315 -0.002579987 0.01302736 -0.005058526 -0.003071784 0.01227831 -0.004601836 -0.003290772 0.01143509 -0.004134595 -0.00321722 0.01057261 -0.003698468 -0.002857804 0.009767413 -0.003332138 -0.002244532 0.009091198 -0.003068268 -0.001431763 0.00860399 -0.002930164 -4.91839e-4 0.008349001 -0.002930164 4.91839e-4 0.008349001 -0.003068268 0.001431763 0.00860399 -0.003332138 0.002244532 0.009091198 -0.003698468 0.002857804 0.009767413 -0.004134595 0.00321722 0.01057261 -0.004601836 0.003290772 0.01143509 -0.005058526 0.003071784 0.01227831 -0.005464315 0.002579987 0.01302736 -0.005782902 0.00185889 0.01361566 -0.005986273 9.72692e-4 0.01399093 -0.00557518 -0.002585709 0.002763926 -0.00557518 -0.003567755 0.002763926 -0.005565047 -0.003568649 0.002761006 -0.00505954 -0.002267897 0.002681851 -0.005223751 -0.003604233 0.002693057 -0.005069077 -0.003623723 0.00268203 -0.004540324 -0.002068102 0.002735853 -0.004741609 -0.003680706 0.002698481 -0.004575788 -0.003722012 0.002727687 -0.004052639 -0.003799915 0.002922475 -0.004052639 -0.001999974 0.002922475 9.52566e-4 -0.001999974 -0.001758575 9.52566e-4 -0.005099952 -0.001758575 0.001523435 -0.001999974 -0.001295626 0.001523435 -0.005099952 -0.001295626 0.001888692 -0.001999974 -6.57869e-4 0.001888692 -0.005099952 -6.57869e-4 0.001998782 -0.001999974 6.88341e-5 0.001998782 -0.005099952 6.88341e-5 0.001838862 -0.001999974 7.86241e-4 0.001838862 -0.005099952 7.86241e-4 0.00143069 -0.001999974 0.001397371 0.00143069 -0.005099952 0.001397371 8.29331e-4 -0.001999974 0.001819849 8.29331e-4 -0.005099952 0.001819849 1.15887e-4 -0.001999974 0.001996636 1.15887e-4 -0.005099952 0.001996636 -6.13208e-4 -0.001999974 0.001903653 -6.13208e-4 -0.005099952 0.001903653 -0.001259446 -0.001999974 0.001553595 -0.001259446 -0.005099952 0.001553595 -0.001735568 -0.001999974 9.93717e-4 -0.001735568 -0.005099952 9.93717e-4 -0.001977384 -0.001999974 2.99619e-4 -0.001977384 -0.005099952 2.99619e-4 -0.001952052 -0.001999974 -4.34943e-4 -0.001952052 -0.005099952 -4.34943e-4 -0.001663148 -0.001999974 -0.001110672 -0.001663148 -0.005099952 -0.001110672 -0.001149535 -0.001999974 -0.001636505 -0.001149535 -0.005099952 -0.001636505 -4.80795e-4 -0.001999974 -0.001941323 -4.80795e-4 -0.005099952 -0.001941323 2.52968e-4 -0.001999974 -0.001983821 2.52968e-4 -0.005099952 -0.001983821 0.002088308 0.001999974 0.004543006 0.001583099 -0.001560628 0.005475521 0.001428186 -0.001074016 0.005761504 0.001814842 -0.001885712 0.005047738 0.002088308 -0.001999974 0.004543006 0.001583099 0.001560628 0.005475521 0.001814842 0.001885712 0.005047738 0.001428186 0.001074016 0.005761504 -0.007184386 -0.003353536 0.002765536 -0.006615877 -0.003353536 0.003073394 0.001675844 -0.005299985 -0.001425266 0.00207746 -0.005299985 -7.23656e-4 0.002198696 -0.005299985 7.57176e-5 0.002022862 -0.005299985 8.64865e-4 0.001573801 -0.005299985 0.001537144 9.12264e-4 -0.005299985 0.002001941 1.27476e-4 -0.005299985 0.002196252 -6.74529e-4 -0.005299985 0.00209403 -0.001385331 -0.005299985 0.001708865 -0.001909196 -0.005299985 0.00109297 -0.002175152 -0.005299985 3.29581e-4 -0.002147257 -0.005299985 -4.78438e-4 -0.001829445 -0.005299985 -0.001221776 -0.001264572 -0.005299985 -0.001800119 -5.28875e-4 -0.005299985 -0.002135396 2.78265e-4 -0.005299985 -0.002182245 0.00104779 -0.005299985 -0.001934409 -0.004356563 -0.001999974 -0.004823863 -0.004356563 -0.003799915 -0.004823863 -0.005183756 -0.003799915 -0.003921449 -0.005183756 -0.001999974 -0.003921449 -0.005827069 -0.003799915 -0.002880096 -0.005827069 -0.001999974 -0.002880096 -0.006263673 -0.003799915 -0.001736462 -0.006263673 -0.001999974 -0.001736462 -0.00647819 -0.003799915 -5.31347e-4 -0.00647819 -0.001999974 -5.31347e-4 0.005257368 -0.001999974 -0.00340718 0.005257368 0.001999974 -0.00340718 0.001375973 0.003799915 -0.005509555 0.001375973 0.001999974 -0.005509555 2.32773e-4 0.001999974 -0.005957484 2.32773e-4 0.003799915 -0.005957484 -9.8517e-4 0.001999974 -0.006113111 -9.8517e-4 0.003799915 -0.006113111 -0.002204239 0.001999974 -0.005967319 -0.002204239 0.003799915 -0.005967319 -0.003351092 0.001999974 -0.005528748 -0.003351092 0.003799915 -0.005528748 0.008902788 -9.99987e-4 0.001410484 0.008914411 -0.001292586 0.001449525 0.008948802 -0.00157392 0.001565217 0.009004652 -0.00183326 0.001753211 0.009079873 -0.002060592 0.002005994 0.009171485 -0.002247095 0.00231415 0.009285569 -0.002395391 0.002697885 0.009380817 -0.002472758 0.003051996 0.009458661 -0.002499938 0.003417432 0.009079873 0.002060592 0.002005994 0.009171485 0.002247095 0.00231415 0.009275972 0.002385795 0.002665758 0.008902788 9.99987e-4 0.001410484 0.008914411 0.001292586 0.001449525 0.008948802 0.00157392 0.001565217 0.009004652 0.00183326 0.001753211 0.008206725 -0.002499938 0.0089944 0.008730828 -0.002499938 0.008026719 0.009262979 -0.002499938 0.006761789 0.009545803 -0.002499938 0.004045248 0.009538173 -0.002499938 0.005417466 0.007081151 -0.003257334 0.01107233 0.006851494 -0.003257334 0.0114963 0.007081151 -0.002048552 0.01107233 0.007084131 -0.002029538 0.01106685 0.007091045 -0.002017438 0.01105403 0.007121086 -0.002002835 0.01099848 0.007154583 -0.001999974 0.01093655 0.007196128 -0.0020051 0.01085984 0.007220089 -0.002019584 0.01081573 0.007226586 -0.00203377 0.01080375 0.007228136 -0.002048552 0.01080077 0.007228136 -0.00340414 0.01080077 0.007224023 -0.003453195 0.01080834 0.007214546 -0.003479242 0.01082593 0.007194638 -0.003498077 0.01086264 0.007184386 -0.003499925 0.01088172 0.006851494 -0.003499925 0.0114963 0.006842792 -0.003495097 0.01151216 0.006837666 -0.003484368 0.01152181 0.006830871 -0.003442347 0.01153427 0.006828904 -0.003376901 0.01153784 0.006831347 -0.003306448 0.01153331 0.006837785 -0.003271937 0.01152151 0.006843507 -0.00326091 0.01151084 0.005834877 0.003499925 0.01337301 0.005777895 0.002965748 0.01347827 0.005850553 0.002440094 0.0133441 0.006034851 0.002053022 0.01300376 0.00628525 0.001900494 0.01254159 0.006539702 0.00202018 0.01207184 0.006301522 0.003499925 0.01251155 0.006539702 0.002999961 0.01207184 0.006507754 0.003249943 0.01213073 0.006420612 0.003432989 0.01229166 0.006539702 -0.00202018 0.01207184 0.00628525 -0.001900494 0.01254159 0.006034851 -0.002053022 0.01300376 0.005850553 -0.002440094 0.0133441 0.005777895 -0.002965748 0.01347827 0.005834877 -0.003499925 0.01337301 0.006539702 -0.002999961 0.01207184 0.006301522 -0.003499925 0.01251155 0.006420612 -0.003432989 0.01229166 0.006507754 -0.003249943 0.01213073 0.007492244 -9.99987e-4 0.01031333 0.007546663 -0.00157392 0.01021289 0.007701516 -0.002060592 0.009927034 0.007933318 -0.002385795 0.009499132 0.007492244 0 0.01031333 0.007492244 9.99987e-4 0.01031333 0.007933318 0.002385795 0.009499132 0.007701516 0.002060592 0.009927034 0.007546663 0.00157392 0.01021289 0.006911039 0.002434611 0.01138615 0.006849408 0.002141237 0.01150012 0.006951332 0.00258857 0.01131188 0.006984949 0.002660751 0.01124984 0.007012367 0.002696037 0.01119923 0.007015347 0.002699255 0.01119375 0.006927609 0.002806723 0.01135575 0.006886661 0.002949595 0.01143127 0.006877303 0.00308907 0.01144868 0.006897449 0.003282189 0.01141142 0.006949245 0.003405869 0.0113157 0.007056534 0.003489792 0.01111775 0.00706315 0.003492057 0.01110553 0.007102847 0.003498256 0.01103216 0.007125854 0.003499746 0.01098972 0.007142782 0.003499925 0.01095861 0.007327914 0.003499925 0.01061666 0.007350265 0.003489196 0.01057535 0.007364273 0.003463149 0.01054948 0.007370293 0.003426671 0.01053839 0.007371068 0.00340414 0.01053696 0.007371068 0.002048552 0.01053696 0.007368505 0.002029836 0.01054179 0.007362008 0.002017915 0.01055377 0.007335305 0.002003908 0.01060307 0.007297813 0.001999974 0.01067221 0.00725615 0.002004981 0.01074922 0.007235825 0.002015531 0.01078671 0.007227957 0.002026677 0.01080119 0.007224619 0.002040505 0.01080745 0.007224023 0.002048552 0.01080852 0.007224023 0.002617537 0.01080852 0.007178843 0.002617537 0.01089191 0.007057905 0.002384305 0.01111531 0.007100403 0.002546072 0.01103669 0.007136881 0.0026021 0.0109694 0.006992816 0.002050638 0.01123523 0.006984055 0.002019882 0.01125144 0.006968915 0.00200659 0.01127946 0.006931543 0.002000451 0.01134848 0.006916463 0.001999974 0.0113762 0.006870508 0.002002358 0.01146107 0.006851375 0.002008438 0.01149654 0.006841599 0.002016127 0.01151436 0.006837368 0.00202471 0.01152229 0.00683552 0.002038538 0.01152575 0.006835222 0.00204581 0.01152616 0.006840765 0.002094507 0.01151615 0.006845593 0.002121508 0.01150721 0.00684905 0.002139449 0.01150077 0.002842247 0 0.01889801 0.002842247 -4.91839e-4 0.01889801 0.002980351 -0.001431763 0.01864302 0.003244221 -0.002244532 0.01815581 0.003610551 -0.002857804 0.01747947 0.004046678 -0.00321722 0.01667433 0.0045138 -0.003290772 0.01581192 0.00497061 -0.003071784 0.01496863 0.005376338 -0.002579987 0.01421958 0.005694985 -0.00185889 0.01363128 0.005898356 -9.72692e-4 0.01325601 0.005968153 0 0.01312702 0.005898356 9.72692e-4 0.01325601 0.005694985 0.00185889 0.01363128 0.005376338 0.002579987 0.01421958 0.00497061 0.003071784 0.01496863 0.0045138 0.003290772 0.01581192 0.004046678 0.00321722 0.01667433 0.003610551 0.002857804 0.01747947 0.003244221 0.002244532 0.01815581 0.002980351 0.001431763 0.01864302 0.002842247 4.91839e-4 0.01889801 0.001807451 7.94355e-4 0.02064752 0.001935601 9.97775e-4 0.0205717 0.001989722 0.001347482 0.02047187 0.00160104 0 0.02076959 2.62832e-4 6.02683e-4 0.02114051 0.001622617 -2.62169e-4 0.02075678 2.62832e-4 -6.02683e-4 0.02114051 0.001673579 -4.77443e-4 0.02072668 4.00223e-4 0.00177294 0.02088683 0.0016734 4.76931e-4 0.02072674 0.001622617 2.62169e-4 0.02075678 0.001935601 -9.97775e-4 0.0205717 0.001807451 -7.94355e-4 0.02064752 4.00223e-4 -0.00177294 0.02088683 0.001689434 -5.26449e-4 0.02071726 0.002192497 0.002158582 0.02009749 6.67018e-4 0.00284028 0.02039432 0.002481818 0.002844274 0.01956331 0.001047611 0.003742516 0.01969146 0.002840936 0.003364682 0.01890045 0.001520097 0.004427254 0.01881927 0.00324887 0.003689467 0.01814723 0.002056956 0.004854679 0.01782828 0.003682017 0.003799915 0.01734769 0.002626836 0.004999995 0.01677614 0.001989722 -0.001347482 0.02047187 6.67018e-4 -0.00284028 0.02039432 0.002192497 -0.002158582 0.02009749 0.001047611 -0.003742516 0.01969146 0.002481818 -0.002844274 0.01956331 0.001520097 -0.004427254 0.01881927 0.002840936 -0.003364682 0.01890045 0.002056956 -0.004854679 0.01782828 0.00324887 -0.003689467 0.01814723 0.002626836 -0.004999995 0.01677614 0.003682017 -0.003799915 0.01734769 0.004396378 0.001991391 0.01623857 0.004059791 0.001790285 0.01686018 0.003780364 0.001347303 0.01737594 0.003596127 7.22483e-4 0.0177161 0.003531754 0 0.01783496 0.003596127 -7.22483e-4 0.0177161 0.003780364 -0.001347303 0.01737594 0.004059791 -0.001790285 0.01686018 0.004396378 -0.001991391 0.01623857 0.004745066 -0.001923561 0.01559501 0.005058348 -0.001595973 0.01501649 0.005294263 -0.001052856 0.0145812 0.005420625 -3.67499e-4 0.01434773 0.005420625 3.67499e-4 0.01434773 0.005294263 0.001052856 0.0145812 0.005058348 0.001595973 0.01501649 0.004745066 0.001923561 0.01559501 0.004484355 0.001999974 0.01607638 0.001740515 7.07107e-4 0.02051204 0.001664817 5e-4 0.02065169 0.001617193 2.58819e-4 0.02073961 0.001839101 8.66025e-4 0.02032995 0.001617193 -2.58819e-4 0.02073961 0.001664817 -5e-4 0.02065169 0.001740515 -7.07107e-4 0.02051204 0.001839101 -8.66025e-4 0.02032995 0.00196737 -0.001039147 0.02051305 0.001954019 -9.65926e-4 0.02011781 0.002105236 -0.001159012 0.02025866 0.002077281 -9.99987e-4 0.01989024 0.002253115 -0.001199901 0.01998549 0.002200484 -9.65926e-4 0.01966267 0.002400994 -0.001159012 0.01971238 0.002315402 -8.66025e-4 0.01945066 0.002538919 -0.001039147 0.01945799 0.002414107 -7.07107e-4 0.01926851 0.002657294 -8.48528e-4 0.01923942 0.002489686 -5e-4 0.01912873 0.002748072 -6e-4 0.01907169 0.00253731 -2.58819e-4 0.01904094 0.002805233 -3.10583e-4 0.01896631 0.002553582 0 0.01901102 0.002824664 0 0.01893037 0.00253731 2.58819e-4 0.01904094 0.002805233 3.10583e-4 0.01896631 0.002489686 5e-4 0.01912873 0.002748072 6e-4 0.01907169 0.002414107 7.07107e-4 0.01926851 0.002657294 8.48528e-4 0.01923942 0.002315402 8.66025e-4 0.01945066 0.002538919 0.001039147 0.01945799 0.002200484 9.65926e-4 0.01966267 0.002400994 0.001159012 0.01971238 0.002077281 9.99987e-4 0.01989024 0.002253115 0.001199901 0.01998549 0.001954019 9.65926e-4 0.02011781 0.002105236 0.001159012 0.02025866 0.00196737 0.001039147 0.02051305 -0.004979312 0.004999995 -0.00151515 -0.004781961 0.004999995 -0.001271963 -0.004528284 0.004999995 -0.001088023 -0.004235744 0.004999995 -9.76152e-4 -0.003924131 0.004999995 -9.43717e-4 -0.003614783 0.004999995 -9.9303e-4 -0.00332868 0.004999995 -0.001120626 -0.003085494 0.004999995 -0.001318097 -0.002901554 0.004999995 -0.001571655 -0.002789676 0.004999995 -0.001864194 -0.002757251 0.004999995 -0.002175807 -0.002806544 0.004999995 -0.002485156 -0.002934217 0.004999995 -0.002771258 -0.003131628 0.004999995 -0.003014445 -0.003385186 0.004999995 -0.003198385 -0.003677785 0.004999995 -0.003310382 -0.003989398 0.004999995 -0.003342807 8.04511e-4 0.004999995 -0.004454493 -6.438e-5 0.004999995 -0.004794836 -9.90017e-4 0.004999995 -0.004913151 -0.001916468 0.004999995 -0.004802227 -0.002788186 0.004999995 -0.004468977 0.005345702 0.003799915 -0.003359377 0.004774153 0.004999995 -0.002304196 0.00757128 0.004999995 0.00114274 0.00872153 0.003799915 8.00864e-4 0.008203446 0.003799915 -4.69814e-4 0.007142007 0.004999995 8.99805e-5 0.007447361 0.003799915 -0.001614928 0.006515622 0.004999995 -8.5889e-4 0.006482422 0.003799915 -0.002590656 0.005716085 0.004999995 -0.001667261 0.008135318 0.004999995 0.003039896 0.007675707 0.004999995 0.00745517 0.008116602 0.004999995 0.006407082 0.00834465 0.004999995 0.00529325 0.008350968 0.004999995 0.004156291 0.006684303 0.003799915 0.01180481 7.85453e-4 0.004945695 0.01891595 7.00979e-4 0.004794657 0.01907181 8.93341e-4 0.004999995 0.01871675 6.58252e-4 0.004579782 0.01915079 5.68147e-4 0.003997147 0.01931715 3.98299e-4 0.003499209 0.01963067 5.20139e-4 0.003742516 0.01940578 9.92611e-4 0.004427254 0.01853346 0.001529335 0.004854679 0.01754248 0.002099215 0.004999995 0.01649034 -0.003067076 0.003799915 0.003498375 -0.002253115 0.003799915 0.007309079 -0.001197934 0.004999995 0.007880628 -0.002062082 0.003799915 0.006878793 -9.30573e-4 0.004999995 0.007278203 -0.001940727 0.003799915 0.00642395 -7.60631e-4 0.004999995 0.006641507 -0.001891911 0.003799915 0.005955696 -6.92393e-4 0.004999995 0.005985975 -0.001917064 0.003799915 0.005485713 -7.27541e-4 0.004999995 0.00532788 -0.002015352 0.003799915 0.005025327 -8.65209e-4 0.004999995 0.004683375 -0.00218451 0.003799915 0.004585981 -0.001101911 0.004999995 0.004068315 -0.002420306 0.003799915 0.004178524 -0.001432061 0.004999995 0.003497838 -0.002716898 0.003799915 0.003813028 -0.001847267 0.004999995 0.002986133 -0.002337515 0.004999995 0.002545595 -0.006791353 0.004629373 0.003125548 -0.006136715 0.004999995 0.002930939 -0.006475508 0.00493294 0.003031671 -0.006723642 0.004749894 0.003105401 -0.007016003 0.004999995 0.002454638 -0.007134974 0.00493294 0.00267446 -0.007222235 0.004749894 0.002835333 0.001571655 0.004999995 -0.002901554 0.002357125 0.004999995 -0.002309381 0.002933084 0.004999995 -0.001511991 0.003248572 0.004999995 -5.80326e-4 0.003275275 0.004999995 4.0299e-4 0.003010988 0.004999995 0.001350462 0.002479076 0.004999995 0.002177894 0.001726984 0.004999995 0.002811968 8.21469e-4 0.004999995 0.00319612 -1.57099e-4 0.004999995 0.003296256 -0.00112164 0.004999995 0.003103435 -0.001986563 0.004999995 0.002634882 -0.002675056 0.004999995 0.001932263 -0.003125727 0.004999995 0.001057982 -0.003298759 0.004999995 8.96698e-5 -0.003178656 0.004999995 -8.86647e-4 -0.002776086 0.004999995 -0.001784086 -0.002126753 0.004999995 -0.002523124 -0.001288533 0.004999995 -0.003037989 -3.35937e-4 0.004999995 -0.003282845 6.46626e-4 0.004999995 -0.003235936 -0.005107223 0.003742516 0.01635754 -0.005229115 0.003499209 0.01658242 -0.005059242 0.003997147 0.01626884 -0.004634857 0.004427254 0.01548522 -0.00496912 0.004579782 0.01610255 -0.004926443 0.004794657 0.01602369 -0.003528118 0.004999995 0.01344209 -0.004097998 0.004854679 0.01449424 -0.004734039 0.004999995 0.01566857 -0.004841983 0.004945695 0.01586771 -3.29734e-4 0.002499938 0.01005685 1.46548e-4 0.002499938 0.009177565 -2.23679e-4 0.00318402 0.01011431 2.52604e-4 0.00318402 0.009235024 8.16962e-5 0.00378549 0.01027965 5.57979e-4 0.00378549 0.009400427 5.49558e-4 0.004231989 0.01053315 0.001025736 0.004231989 0.009653866 0.001123428 0.004469573 0.01084405 0.001599729 0.004469573 0.009964764 0.001734197 0.004469573 0.01117479 0.002210438 0.004469573 0.01029551 0.00230813 0.004231989 0.01148569 0.002784371 0.004231989 0.01060634 0.002775967 0.00378549 0.01173913 0.003252208 0.00378549 0.01085978 0.003081262 0.00318402 0.01190447 0.003557622 0.00318402 0.01102519 0.003187358 0.002499938 0.01196193 0.003663659 0.002499938 0.01108264 -0.003548026 -3.67499e-4 0.009489655 -0.003674387 -0.001052856 0.009723067 -0.003910303 -0.001595973 0.01015841 -0.004223704 -0.001923561 0.010737 -0.004572272 -0.001991391 0.01138055 -0.004908919 -0.001790285 0.01200217 -0.005188286 -0.001347303 0.0125178 -0.005372524 -7.22483e-4 0.01285809 -0.005436897 0 0.01297688 -0.005372524 7.22483e-4 0.01285809 -0.005188286 0.001347303 0.0125178 -0.004908919 0.001790285 0.01200217 -0.004572272 0.001991391 0.01138055 -0.004223704 0.001923561 0.010737 -0.003910303 0.001595973 0.01015841 -0.003674387 0.001052856 0.009723067 -0.003548026 3.67499e-4 0.009489655 -0.003531754 0 0.009459674 -0.004055619 0.004999995 0.01315635 -0.0051108 0.003799915 0.0125848 -0.002716898 0.001999974 0.003813028 -0.00218451 0.001999974 0.004585981 -0.001917064 0.001999974 0.005485713 -0.001940727 0.001999974 0.00642395 -0.002253115 0.001999974 0.007309079 -1.09912e-4 0.001999974 0.003352284 -7.69954e-4 0.001074016 0.004570782 -6.15086e-4 0.001560628 0.004284918 -3.8331e-4 0.001885712 0.003856956 -7.69954e-4 -0.001074016 0.004570782 -6.15086e-4 -0.001560628 0.004284918 -3.8331e-4 -0.001885712 0.003856956 -1.09912e-4 -0.001999974 0.003352284 -0.006700575 -7.07107e-4 0.01593971 -0.006843805 -4.76931e-4 0.01611322 -0.006776273 -5e-4 0.01607948 -0.006841242 -2.62169e-4 0.01617211 -0.006823897 -2.58819e-4 0.01616728 -0.00684005 0 0.01619726 -0.006601989 -8.66025e-4 0.01575762 -0.006857216 -9.97775e-4 0.01580888 -0.0068506 -7.94355e-4 0.01595765 -0.006841242 2.62169e-4 0.01617211 -0.006823897 2.58819e-4 0.01616728 -0.006843805 4.77443e-4 0.01611304 -0.006776273 5e-4 0.01607948 -0.00684458 5.26449e-4 0.01609456 -0.0068506 7.94355e-4 0.01595765 -0.006700575 7.07107e-4 0.01593971 -0.006857216 9.97775e-4 0.01580888 -0.006601989 8.66025e-4 0.01575762 -0.006825447 0.001039147 0.01575022 -0.006487131 9.65926e-4 0.01554548 -0.006687641 0.001159012 0.01549577 -0.006363809 9.99987e-4 0.01531791 -0.006539702 0.001199901 0.01522266 -0.006240487 9.65926e-4 0.01509034 -0.006391704 0.001159012 0.01494956 -0.006125628 8.66025e-4 0.01487833 -0.006253898 0.001039147 0.0146951 -0.006026983 7.07107e-4 0.01469624 -0.006135523 8.48528e-4 0.01447653 -0.005951285 5e-4 0.0145564 -0.006044745 6e-4 0.01430886 -0.00590378 2.58819e-4 0.01446861 -0.005987644 3.10583e-4 0.01420348 -0.005887508 0 0.01443862 -0.005968153 0 0.01416748 -0.00590378 -2.58819e-4 0.01446861 -0.005987644 -3.10583e-4 0.01420348 -0.005951285 -5e-4 0.0145564 -0.006044745 -6e-4 0.01430886 -0.006026983 -7.07107e-4 0.01469624 -0.006135523 -8.48528e-4 0.01447653 -0.006125628 -8.66025e-4 0.01487833 -0.006253898 -0.001039147 0.0146951 -0.006240487 -9.65926e-4 0.01509034 -0.006391704 -0.001159012 0.01494956 -0.006363809 -9.99987e-4 0.01531791 -0.006539702 -0.001199901 0.01522266 -0.006487131 -9.65926e-4 0.01554548 -0.006687641 -0.001159012 0.01549577 -0.006825447 -0.001039147 0.01575022 -0.006803095 -0.001347482 0.01570904 -0.006419718 -6.02683e-4 0.01752078 -0.006419718 6.02683e-4 0.01752078 -0.006282389 -0.00177294 0.0172671 -0.006282389 0.00177294 0.0172671 -0.00660032 -0.002158582 0.0153346 -0.006015539 -0.00284028 0.01677459 -0.006310999 -0.002844274 0.01480048 -0.005634844 -0.003742516 0.01607179 -0.005951941 -0.003364682 0.01413756 -0.005162358 -0.004427254 0.01519954 -0.005543947 -0.003689467 0.01338446 -0.004625618 -0.004854679 0.01420843 -0.0051108 -0.003799915 0.0125848 -0.004055619 -0.004999995 0.01315635 -0.006803095 0.001347482 0.01570904 -0.006015539 0.00284028 0.01677459 -0.00660032 0.002158582 0.0153346 -0.005634844 0.003742516 0.01607179 -0.006310999 0.002844274 0.01480048 -0.005162358 0.004427254 0.01519954 -0.005951941 0.003364682 0.01413756 -0.004625618 0.004854679 0.01420843 -0.005543947 0.003689467 0.01338446 -0.005898356 -9.72692e-4 0.01403868 -0.005694985 -0.00185889 0.01366335 -0.005376338 -0.002579987 0.01307505 -0.00497061 -0.003071784 0.012326 -0.0045138 -0.003290772 0.01148271 -0.004046678 -0.00321722 0.01062017 -0.003610551 -0.002857804 0.009815096 -0.003244221 -0.002244532 0.009138822 -0.002980351 -0.001431763 0.008651614 -0.002842247 -4.91839e-4 0.008396625 -0.002842247 4.91839e-4 0.008396625 -0.002980351 0.001431763 0.008651614 -0.003244221 0.002244532 0.009138822 -0.003610551 0.002857804 0.009815096 -0.004046678 0.00321722 0.01062017 -0.0045138 0.003290772 0.01148271 -0.00497061 0.003071784 0.012326 -0.005376338 0.002579987 0.01307505 -0.005694985 0.00185889 0.01366335 -0.005898356 9.72692e-4 0.01403868 -0.003462195 -0.003799915 0.003242373 -0.003462195 -0.001999974 0.003242373 -0.002916157 -0.00494641 0.00223428 -0.006007671 -0.004289448 1.8478e-4 -0.005107343 -0.004999995 -0.001415908 -0.005117893 -0.004999995 -0.001376867 -0.005346596 -0.004865944 -9.7161e-4 -0.005546808 -0.004718959 -6.19318e-4 -0.005659162 -0.00462532 -4.22652e-4 -0.004272401 -0.004939198 -0.003237903 -0.004510462 -0.004857957 -0.003044784 -0.004693031 -0.004814088 -0.002840518 -0.005042374 -0.004999995 -0.001631975 -0.0050143 -0.004857957 -0.002114415 -0.004922807 -0.004808545 -0.002433121 -0.004836082 -0.004799962 -0.002619445 -0.004121661 -0.004999995 -0.00333184 -0.003552258 -0.004999995 -0.00393331 -0.003480494 -0.001999974 -0.003022491 -0.003104627 -0.001999974 -0.002666532 -9.8517e-4 -0.001999974 -0.006113111 -0.004433095 -0.001999974 -0.001263976 -0.002957165 -0.001999974 -0.002170383 0.001375973 -0.001999974 -0.005509555 2.32773e-4 -0.001999974 -0.005957484 -0.003433406 -0.001999974 -0.001291096 -0.003077507 -0.001999974 -0.001666963 -0.003929615 -0.001999974 -0.001143634 -0.002716898 -0.001999974 0.003813028 -0.00218451 -0.001999974 0.004585981 -0.001917064 -0.001999974 0.005485713 -0.001940727 -0.001999974 0.00642395 -0.002253115 -0.001999974 0.007309079 -0.002204239 -0.001999974 -0.005967319 -0.003351092 -0.001999974 -0.005528748 -0.003983974 -0.001999974 -0.003142893 -0.004480123 -0.001999974 -0.002995312 -0.004836082 -0.001999974 -0.002619445 -0.004956424 -0.001999974 -0.002116084 -0.004808843 -0.001999974 -0.001619875 0.002607822 -0.005299985 0.001676023 0.001997888 -0.005299985 0.002370238 0.001210451 -0.005299985 0.002853751 3.15578e-4 -0.005299985 0.003083825 -6.07437e-4 -0.005299985 0.003039896 -0.002828419 -0.005299985 -0.001268625 -0.002328813 -0.005299985 -0.002045989 -0.001622319 -0.005299985 -0.002641499 -7.71683e-4 -0.005299985 -0.003002405 1.47578e-4 -0.005299985 -0.003096461 -0.001476407 -0.005299985 0.00272578 -0.002214252 -0.005299985 0.00216943 -0.002755343 -0.005299985 0.001420319 -0.003051578 -0.005299985 5.45155e-4 -0.003076732 -0.005299985 -3.78566e-4 0.001053631 -0.005299985 -0.002915382 0.001866221 -0.005299985 -0.002475202 0.002512872 -0.005299985 -0.00181514 0.002936244 -0.005299985 -9.93897e-4 0.003098845 -0.005299985 -8.42354e-5 0.002985954 -0.005299985 8.32911e-4 0.001375973 -0.003799915 -0.005509555 2.32773e-4 -0.003799915 -0.005957484 -9.8517e-4 -0.003799915 -0.006113111 -0.002204239 -0.003799915 -0.005967319 -0.003351092 -0.003799915 -0.005528748 0.005345702 -0.003799915 -0.003359377 0.00872153 -0.003799915 8.00864e-4 0.008203446 -0.003799915 -4.69814e-4 0.007447361 -0.003799915 -0.001614928 0.006482422 -0.003799915 -0.002590656 0.009285569 -0.003799915 0.002697885 0.009545803 -0.003799915 0.004045248 0.009538173 -0.003799915 0.005417466 0.009262979 -0.003799915 0.006761789 0.008730828 -0.003799915 0.008026719 0.006684303 0 0.01180481 0.006684303 -0.003799915 0.01180481 0.002824664 0 0.01893037 -6.56851e-4 0.003499209 0.01905918 -9.15707e-4 0.00284028 0.01953703 9.92611e-4 -0.004427254 0.01853346 0.001529335 -0.004854679 0.01754248 0.002099215 -0.004999995 0.01649034 3.98299e-4 -0.003499209 0.01963067 5.20139e-4 -0.003742516 0.01940578 -0.001182436 0.00177294 0.0200296 -0.001319885 6.02683e-4 0.02028322 -0.001319885 -6.02683e-4 0.02028322 -0.001182436 -0.00177294 0.0200296 -9.15707e-4 -0.00284028 0.01953703 -6.56851e-4 -0.003499209 0.01905918 -4.87003e-4 0.003997147 0.0187456 -3.96899e-4 0.004579782 0.01857924 -3.54171e-4 0.004794657 0.01850032 -2.69697e-4 0.004945695 0.0183444 -1.61809e-4 0.004999995 0.0181452 -3.96899e-4 -0.004579782 0.01857924 6.58252e-4 -0.004579782 0.01915079 -4.87003e-4 -0.003997147 0.0187456 5.68147e-4 -0.003997147 0.01931715 0.002019166 0.001923561 0.01411861 0.001670598 0.001991391 0.01476216 0.001333892 0.001790285 0.01538378 0.001054525 0.001347303 0.01589941 8.70343e-4 7.22483e-4 0.0162397 8.06018e-4 0 0.01635849 8.70343e-4 -7.22483e-4 0.0162397 0.001054525 -0.001347303 0.01589941 0.001333892 -0.001790285 0.01538378 0.001670598 -0.001991391 0.01476216 0.002019166 -0.001923561 0.01411861 0.002332568 -0.001595973 0.01354002 0.002568364 -0.001052856 0.01310467 0.002694845 -3.67499e-4 0.0128712 0.002694845 3.67499e-4 0.0128712 0.002568364 0.001052856 0.01310467 0.002332568 0.001595973 0.01354002 -7.97163e-4 -5e-4 0.01931816 -8.60973e-4 0 0.019436 -6.22832e-4 -8.66025e-4 0.01899629 -3.8469e-4 -9.99987e-4 0.01855671 -1.46549e-4 -8.66025e-4 0.01811707 2.77837e-5 -5e-4 0.0177952 9.15934e-5 0 0.01767742 0.002553582 0 0.01901102 2.77837e-5 5e-4 0.0177952 -1.46549e-4 8.66025e-4 0.01811707 -3.8469e-4 9.99987e-4 0.01855671 -6.22832e-4 8.66025e-4 0.01899629 -7.97163e-4 5e-4 0.01931816 0.003187358 -0.002499938 0.01196193 0.003663659 -0.002499938 0.01108264 0.003081262 -0.00318402 0.01190447 0.003557622 -0.00318402 0.01102519 0.002775967 -0.00378549 0.01173913 0.003252208 -0.00378549 0.01085978 0.00230813 -0.004231989 0.01148569 0.002784371 -0.004231989 0.01060634 0.001734197 -0.004469573 0.01117479 0.002210438 -0.004469573 0.01029551 0.001123428 -0.004469573 0.01084405 0.001599729 -0.004469573 0.009964764 5.49558e-4 -0.004231989 0.01053315 0.001025736 -0.004231989 0.009653866 8.16962e-5 -0.00378549 0.01027965 5.57979e-4 -0.00378549 0.009400427 -2.23679e-4 -0.00318402 0.01011431 2.52604e-4 -0.00318402 0.009235024 -3.29734e-4 -0.002499938 0.01005685 1.46548e-4 -0.002499938 0.009177565 0.003187358 0.004999995 0.01196193 -3.29734e-4 0.004999995 0.01005685 -0.003678917 0.004999995 0.01624006 -0.005107343 0.004999995 -0.001415908 -0.003914058 0.004579782 0.0166741 -0.003871262 0.004794657 0.01659524 -0.003786802 0.004945695 0.01643919 -0.004173994 0.003499209 0.01715397 -0.004004061 0.003997147 0.01684039 -8.22237e-4 3.67499e-4 0.01096612 -8.22237e-4 -3.67499e-4 0.01096612 -9.48696e-4 -0.001052856 0.01119959 -0.001184523 -0.001595973 0.01163488 -0.001497805 -0.001923561 0.0122134 -0.001846373 -0.001991391 0.01285696 -0.002183139 -0.001790285 0.01347857 -0.002462506 -0.001347303 0.01399427 -0.002646744 -7.22483e-4 0.01433449 -0.002711117 0 0.01445335 -0.002646744 7.22483e-4 0.01433449 -0.002462506 0.001347303 0.01399427 -0.002183139 0.001790285 0.01347857 -0.001846373 0.001991391 0.01285696 -0.001497805 0.001923561 0.0122134 -0.001184523 0.001595973 0.01163488 -9.48696e-4 0.001052856 0.01119959 -0.00437808 0 0.01753079 -0.004314303 -5e-4 0.01741302 -0.0041399 -8.66025e-4 0.01709121 -0.003901839 -9.99987e-4 0.01665157 -0.003663659 -8.66025e-4 0.01621186 -0.003489375 -5e-4 0.01589006 -0.003425478 0 0.01577228 -0.003489375 5e-4 0.01589006 -0.003663659 8.66025e-4 0.01621186 -0.003901839 9.99987e-4 0.01665157 -0.0041399 8.66025e-4 0.01709121 -0.004314303 5e-4 0.01741302 -0.00496912 -0.004579782 0.01610255 -0.003914058 -0.004579782 0.0166741 -0.005059242 -0.003997147 0.01626884 -0.004004061 -0.003997147 0.01684039 -0.005229115 -0.003499209 0.01658242 -0.004173994 -0.003499209 0.01715397 -0.005107223 -0.003742516 0.01635754 -0.004634857 -0.004427254 0.01548522 -0.004097998 -0.004854679 0.01449424 -0.003528118 -0.004999995 0.01344209 -0.004432857 0.00284028 0.01763182 -0.004699647 0.00177294 0.01812446 -0.004837036 6.02683e-4 0.01837801 -0.004837036 -6.02683e-4 0.01837801 -0.004699647 -0.00177294 0.01812446 -0.004432857 -0.00284028 0.01763182 -0.002253115 -0.003799915 0.007309079 -0.003067076 -0.003799915 0.003498375 -0.002716898 -0.003799915 0.003813028 -0.002420306 -0.003799915 0.004178524 -0.00218451 -0.003799915 0.004585981 -0.002015352 -0.003799915 0.005025327 -0.001917064 -0.003799915 0.005485713 -0.001891911 -0.003799915 0.005955696 -0.002062082 -0.003799915 0.006878793 -0.001940727 -0.003799915 0.00642395 -0.002856016 -0.004999995 0.002206087 -0.003066778 -0.004999995 0.002140223 -0.003341138 -0.004999995 0.002131283 -0.003633618 -0.004999995 0.002186775 -0.00681442 -0.004499912 0.003132402 -0.00681442 -0.003707051 0.003132402 -0.007254064 -0.004499912 0.002894282 -0.007254064 -0.003707051 0.002894282 -0.005393624 -0.004999995 -5.73718e-4 -0.005463719 -0.00487709 -5.06891e-4 -0.005300045 -0.004999995 -8.05717e-4 -0.006298184 -0.004002988 0.001008868 -0.006252527 -0.004266381 0.001045346 -0.005546987 -0.004999995 -2.5736e-4 -0.005898714 -0.004666388 3.92175e-4 -0.005887687 -0.004478812 2.63778e-4 -0.007235944 -0.00351572 0.002860844 -0.006762862 -0.00351572 0.003117024 -0.006801486 -0.003609538 0.003128588 -0.004189193 -0.004799962 -0.001170635 -0.003671765 -0.004799962 -0.001184642 -0.003929615 -0.004799962 -0.001143634 -0.00323075 -0.004799962 -0.001455605 -0.003433406 -0.004799962 -0.001291096 -0.002984166 -0.004799962 -0.001910746 -0.003077507 -0.004799962 -0.001666963 -0.002998173 -0.004799962 -0.002428174 -0.002957165 -0.004799962 -0.002170383 -0.003269076 -0.004799962 -0.002869248 -0.003104627 -0.004799962 -0.002666532 -0.003724277 -0.004799962 -0.003115773 -0.003480494 -0.004799962 -0.003022491 -0.004241764 -0.004799962 -0.003101766 -0.003983974 -0.004799962 -0.003142893 -0.004682779 -0.004799962 -0.002830803 -0.004480123 -0.004799962 -0.002995312 -0.004929304 -0.004799962 -0.002375662 -0.004915297 -0.004799962 -0.001858294 -0.004956424 -0.004799962 -0.002116084 -0.004433095 -0.004799962 -0.001263976 -0.004644334 -0.004799962 -0.00141716 -0.004808843 -0.004799962 -0.001619875 -0.001571655 -0.005099952 0.002901554 -6.46626e-4 -0.005099952 0.003235936 3.35937e-4 -0.005099952 0.003282845 0.001288533 -0.005099952 0.003037989 0.002126753 -0.005099952 0.002523124 0.002776086 -0.005099952 0.001784086 0.003178656 -0.005099952 8.86647e-4 0.003298759 -0.005099952 -8.96698e-5 0.003125727 -0.005099952 -0.001057982 0.002675056 -0.005099952 -0.001932263 0.001986563 -0.005099952 -0.002634882 0.00112164 -0.005099952 -0.003103435 1.57099e-4 -0.005099952 -0.003296256 -8.21469e-4 -0.005099952 -0.00319612 -0.001726984 -0.005099952 -0.002811968 -0.002479076 -0.005099952 -0.002177894 -0.003010988 -0.005099952 -0.001350462 -0.003275275 -0.005099952 -4.0299e-4 -0.003248572 -0.005099952 5.80326e-4 -0.002933084 -0.005099952 0.001511991 -0.002357125 -0.005099952 0.002309381 -0.002788186 -0.004999995 -0.004468977 -0.001916468 -0.004999995 -0.004802227 -9.90017e-4 -0.004999995 -0.004913151 -6.438e-5 -0.004999995 -0.004794836 8.04511e-4 -0.004999995 -0.004454493 0.004774153 -0.004999995 -0.002304196 0.005716085 -0.004999995 -0.001667261 0.006515622 -0.004999995 -8.5889e-4 0.007142007 -0.004999995 8.99805e-5 0.00757128 -0.004999995 0.00114274 0.008135318 -0.004999995 0.003039896 0.008350968 -0.004999995 0.004156291 0.00834465 -0.004999995 0.00529325 0.008116602 -0.004999995 0.006407082 0.007675707 -0.004999995 0.00745517 7.00979e-4 -0.004794657 0.01907181 8.93341e-4 -0.004999995 0.01871675 7.85453e-4 -0.004945695 0.01891595 -1.61809e-4 -0.004999995 0.0181452 -2.69697e-4 -0.004945695 0.0183444 -3.54171e-4 -0.004794657 0.01850032 0.003187358 -0.004999995 0.01196193 -3.29734e-4 -0.004999995 0.01005685 -0.003871262 -0.004794657 0.01659524 -0.003786802 -0.004945695 0.01643919 -0.003678917 -0.004999995 0.01624006 -0.004734039 -0.004999995 0.01566857 -0.004841983 -0.004945695 0.01586771 -0.004926443 -0.004794657 0.01602369 -0.001197934 -0.004999995 0.007880628 -0.002337515 -0.004999995 0.002545595 -0.001847267 -0.004999995 0.002986133 -0.001432061 -0.004999995 0.003497838 -0.001101911 -0.004999995 0.004068315 -8.65209e-4 -0.004999995 0.004683375 -7.27541e-4 -0.004999995 0.00532788 -6.92393e-4 -0.004999995 0.005985975 -7.60631e-4 -0.004999995 0.006641507 -9.30573e-4 -0.004999995 0.007278203 -0.006136715 -0.004999995 0.002930939 -0.006475508 -0.00493294 0.003031671 -0.006723642 -0.004749894 0.003105401 -0.006791353 -0.004629373 0.003125548 -0.007222235 -0.004749894 0.002835333 -0.007134974 -0.00493294 0.00267446 -0.007016003 -0.004999995 0.002454638 -0.003989398 -0.004999995 -0.003342807 -0.003677785 -0.004999995 -0.003310382 -0.003385186 -0.004999995 -0.003198385 -0.003131628 -0.004999995 -0.003014445 -0.002934217 -0.004999995 -0.002771258 -0.002806544 -0.004999995 -0.002485156 -0.002757251 -0.004999995 -0.002175807 -0.002789676 -0.004999995 -0.001864194 -0.002901554 -0.004999995 -0.001571655 -0.003085494 -0.004999995 -0.001318097 -0.00332868 -0.004999995 -0.001120626 -0.003614783 -0.004999995 -9.9303e-4 -0.003924131 -0.004999995 -9.43717e-4 -0.004235744 -0.004999995 -9.76152e-4 -0.004528284 -0.004999995 -0.001088023 -0.004781961 -0.004999995 -0.001271963 -0.004979312 -0.004999995 -0.00151515 -0.001571655 -0.004999995 0.002901554 -6.46626e-4 -0.004999995 0.003235936 3.35937e-4 -0.004999995 0.003282845 0.001288533 -0.004999995 0.003037989 0.002126753 -0.004999995 0.002523124 0.002776086 -0.004999995 0.001784086 0.003178656 -0.004999995 8.86647e-4 0.003298759 -0.004999995 -8.96698e-5 0.003125727 -0.004999995 -0.001057982 0.002675056 -0.004999995 -0.001932263 0.001986563 -0.004999995 -0.002634882 0.00112164 -0.004999995 -0.003103435 1.57099e-4 -0.004999995 -0.003296256 -8.21469e-4 -0.004999995 -0.00319612 -0.001726984 -0.004999995 -0.002811968 -0.002479076 -0.004999995 -0.002177894 -0.003010988 -0.004999995 -0.001350462 -0.003275275 -0.004999995 -4.0299e-4 -0.003248572 -0.004999995 5.80326e-4 -0.002933084 -0.004999995 0.001511991 -0.002357125 -0.004999995 0.002309381 -0.005107343 -0.004999995 -0.001415908</float_array>
          <technique_common>
            <accessor source="#L_thumb_prox-mesh-positions-array" count="1473" stride="3">
              <param name="X" type="float"/>
              <param name="Y" type="float"/>
              <param name="Z" type="float"/>
            </accessor>
          </technique_common>
        </source>
        <source id="L_thumb_prox-mesh-normals">
          <float_array id="L_thumb_prox-mesh-normals-array" count="9540">0.8792764 0 0.4763119 0.8792054 5.49386e-5 0.4764429 0.8793136 -2.268e-6 0.4762434 0.8793135 -2.23464e-6 0.4762434 0.8793135 -2.22304e-6 0.4762434 0.8793794 1.72444e-5 0.4761219 0.8791002 -5.5547e-5 0.4766369 0.8792946 -9.89639e-6 0.4762784 0.8792946 -9.90068e-6 0.4762784 0.8792946 -9.8872e-6 0.4762785 0.8792981 -1.41795e-5 0.4762719 0.8792981 -1.39996e-5 0.4762721 0.879298 -1.42102e-5 0.4762719 0.8792852 -3.73968e-5 0.4762959 0.8792852 -3.73894e-5 0.476296 0.8792852 -3.7375e-5 0.476296 0.8792691 -5.71713e-5 0.4763257 0.879269 -5.72013e-5 0.4763256 0.879269 -5.7184e-5 0.4763257 0.8793345 3.93396e-5 0.4762048 0.8792554 5.66171e-5 0.476351 0.8792554 5.66252e-5 0.476351 0.8792553 5.66179e-5 0.4763509 0 -1 0 0 -1 3.62332e-6 0.4762758 0 -0.879296 0.4762602 0 -0.8793045 0 1 0 0 1 -4.11287e-6 -0.07090622 0.9888563 0.1309036 -0.07090628 0.9888563 0.1309036 -0.07090222 0.9888589 0.1308859 -0.07090228 0.9888589 0.1308859 -0.07090228 0.9888589 0.1308859 -0.02264744 0.9988692 0.0418033 -0.02264708 0.9988692 0.04180347 -0.02264738 0.9988692 0.0418033 -0.02264064 0.9988695 0.04179847 -0.02264064 0.9988695 0.04179847 -0.0226407 0.9988695 0.04179847 -0.005894303 0.9999236 0.01087576 -0.005894899 0.9999234 0.01088362 -0.4656726 0.2104541 0.8595687 -0.4656882 0.2104622 0.8595582 -0.3618335 0.6503735 0.6679004 -0.3618429 0.6503711 0.6678977 -0.1925305 0.9146497 0.3554546 -0.1925305 0.9146497 0.3554546 -0.1925306 0.9146497 0.3554546 -0.1926144 0.9145732 0.3556061 -0.09151983 -0.9813484 0.1690546 -0.09169417 -0.981329 0.1690732 -0.2989271 -0.7789902 0.5511961 -0.2986393 -0.7790001 0.551338 -0.2986392 -0.7790001 0.551338 -0.4417306 -0.3737858 0.8155724 -0.4416984 -0.3742088 0.815396 -0.4416984 -0.3742087 0.8153959 -0.4416984 -0.3742088 0.8153959 -0.4748313 -0.07785707 0.8766263 -0.4748306 -0.07785707 0.8766266 -0.4748312 -0.07785707 0.8766263 -0.4749097 -0.07796114 0.8765745 -0.3368117 0.7071197 0.6217232 -0.3367402 0.7070909 0.6217947 0 1 -1.20249e-6 0 1 -6.32278e-7 0 1 5.68497e-7 0 1 -1.20558e-6 0 1 2.81573e-7 0 1 5.10958e-7 0 1 1.13734e-6 0 1 -1.12142e-6 0 1 6.20262e-7 0 1 1.05624e-6 0 1 -2.83336e-7 0 1 0 0 1 -2.71461e-7 0 1 1.31308e-6 0 1 -5.22601e-7 0.0707184 3.22347e-4 0.9974963 0.1644822 0.0119338 0.9863079 0.1952982 9.12643e-4 0.9807436 0.2824684 0 0.9592767 0.2824684 0 0.9592767 0.2824683 0 0.9592767 -0.05007433 -5.27492e-4 0.9987455 -0.09938895 0.01061618 0.9949921 -0.1737846 0.0010944 0.9847832 -0.3578095 -0.003108203 0.9337895 -0.3488414 0 0.9371818 -0.7058137 0.7068736 -0.04644209 -0.5142917 0.7060161 -0.486873 -0.5253021 0.7015488 -0.4815466 -0.6076087 0.6999514 -0.3753395 -0.6275688 0.6893534 -0.3618692 -0.5996566 0.7012001 -0.3856558 -0.5751188 0.7070244 -0.4115276 -0.5568267 0.7070393 -0.4359353 -0.6773029 0.707024 -0.2034155 -0.6686376 0.7018747 -0.245552 -0.6686362 0.6983849 -0.2553124 -0.6453884 0.7062894 -0.290911 -0.6293078 0.7074655 -0.3216586 -0.6976405 0.7056104 -0.1241435 -0.7489025 0.63032 -0.2045525 -0.7489026 0.63032 -0.2045525 -0.7489026 0.63032 -0.2045524 -0.6919052 0.7064949 -0.148769 -0.7155002 0.6901248 -0.1085696 -0.7268068 0.6804654 -0.0933758 -0.7128555 0.7012781 -0.006790518 -0.7282815 0.685218 0.009079277 -0.6858576 0.7221584 0.08992552 -0.9992008 0 0.039972 -0.9989513 0.01253443 -0.04403805 -0.9939833 8.10526e-5 -0.1095314 -0.9148826 0 -0.4037202 -0.9067385 0.003761112 -0.4216766 -0.9652125 -0.004330575 -0.2614312 -0.9652125 -0.004330635 -0.2614312 -0.9652124 -0.004330575 -0.2614312 -0.9518821 0.005533874 -0.3064145 -0.976028 -4.58466e-4 -0.2176448 0.488739 0.6306073 -0.6028837 0.4951752 0.7055441 -0.5069606 0.5798807 0.7055417 -0.4073689 0.673538 0.630599 -0.3856053 0.6449252 0.7054631 -0.2939274 0.6879826 0.705457 -0.1703245 0.7672892 0.6306652 -0.1163142 0.7074267 0.7055917 -0.04108393 0.7029287 0.705593 0.08960896 0.7574808 0.6306638 0.1687783 0.6744562 0.7056092 0.2173121 0.6230683 0.7056014 0.3375095 0.6453279 0.6306935 0.4310194 0.5505278 0.7055294 0.4462594 0.4591368 0.7055442 0.5398155 0.4461195 0.6306425 0.6350335 0.3520588 0.7055953 0.6149716 0.2331098 0.7055998 0.6691703 0.1865246 0.6306244 0.7533404 0.1062214 0.7054495 0.7007554 -0.02449601 0.7054449 0.7083413 -0.09811866 0.630684 0.7698121 -0.1540488 0.7055483 0.6917158 -0.2785675 0.705552 0.6516108 -0.3697039 0.6305615 0.6824305 -0.3936519 0.7054862 0.5893449 -0.4952151 0.7054883 0.5069993 -0.5912235 0.630575 0.5028221 -0.5797674 0.7057126 0.407234 -0.5797674 0.7057126 0.407234 -0.6448945 0.7054963 0.2939154 -0.7329311 0.6305721 0.2553249 -0.6878628 0.7055808 0.1702958 -0.7074378 0.7055804 0.041085 -0.7756139 0.6306419 -0.02671921 -0.7030013 0.7055197 -0.08961737 -0.6745415 0.7055195 -0.2173385 -0.7135577 0.6306951 -0.305056 -0.6230555 0.7056161 -0.3375025 -0.5504599 0.705618 -0.4462031 -0.5551627 0.6306482 -0.5422888 -0.459168 0.7054954 -0.5398529 -0.3521143 0.7054825 -0.6150692 -0.3218399 0.6306201 -0.7062134 -0.2331334 0.7055293 -0.6692364 -0.106209 0.7055327 -0.7006735 -0.04497337 0.6305683 -0.7748298 0.02449083 0.7055928 -0.7081943 0.1540387 0.7055907 -0.6916748 0.2379748 0.6305946 -0.7387277 0.2785991 0.7054703 -0.6516857 0.3936643 0.7054644 -0.5893627 -0.9121187 0 -0.409926 -0.9144009 -0.001193165 -0.4048081 -0.955594 6.66791e-4 -0.2946859 -0.9650938 -0.00271368 -0.2618906 -0.9759491 1.49112e-4 -0.2179988 -0.9759491 1.49135e-4 -0.2179988 -0.9759491 1.49106e-4 -0.2179988 -0.9941893 -4.40939e-4 -0.1076449 -0.9989513 -0.01253443 -0.04403805 -0.09293824 -0.9807767 0.1715795 -0.09293854 -0.980778 0.1715721 -0.2646116 -0.8314772 0.488494 -0.264612 -0.8314779 0.4884928 -0.3960094 -0.5556286 0.7310633 -0.395991 -0.5555652 0.7311213 -0.4671062 -0.1950394 0.8624219 -0.4671429 -0.1951276 0.862382 -0.4762991 0 0.8792834 -0.4762985 0 0.8792838 -0.0929352 0.980778 0.1715735 -0.09294164 0.9807767 0.171578 -0.2646112 0.8314778 0.4884933 -0.2646123 0.8314775 0.4884933 -0.39603 0.5555652 0.7311002 -0.3959704 0.5556289 0.7310841 -0.4670974 0.1951262 0.862407 -0.4671517 0.1950408 0.8623969 0.8793311 1.57093e-5 0.4762111 0.8792188 4.83683e-6 0.4764184 0.8792855 -1.18317e-5 0.4762951 0.8793407 -1.03047e-4 0.4761933 0.8793407 -1.03042e-4 0.4761933 0.8793407 -1.03073e-4 0.4761934 0.8792232 0 0.4764102 0.8792214 0 0.4764134 0.8793755 1.59759e-5 0.4761288 0.8792724 4.79593e-6 0.4763193 0.8792725 4.81977e-6 0.4763193 0.8792725 4.83934e-6 0.4763193 0.8793866 1.59454e-4 0.4761085 0.8793325 -1.81149e-5 0.4762085 0.8793325 -1.80308e-5 0.4762085 0.8793324 -1.82178e-5 0.4762085 0.8793007 3.76106e-4 0.4762669 0.8793024 -2.32976e-5 0.4762639 0.8793024 -2.33036e-5 0.4762639 0.8793024 -2.33109e-5 0.4762639 0.879235 3.5821e-7 0.4763885 0.879235 3.76254e-7 0.4763886 0.879235 2.7928e-7 0.4763885 0.8793249 8.11103e-5 0.4762225 0.8793249 8.11177e-5 0.4762225 0.8793249 8.11134e-5 0.4762225 0.8792823 1.24458e-5 0.4763011 0.8792822 1.2481e-5 0.4763011 0.8792822 1.24279e-5 0.4763011 0.8792821 1.05707e-5 0.4763014 0.8792827 1.62014e-5 0.4763002 0.8792591 -4.7824e-5 0.476344 0.8792591 -4.78233e-5 0.476344 0.879259 -4.77951e-5 0.476344 0.87925 0 0.4763607 0.8793209 2.40004e-5 0.47623 0.8793051 -1.05955e-4 0.4762591 0.879305 -1.06076e-4 0.4762591 0.879305 -1.06058e-4 0.4762592 0.8792738 1.07476e-4 0.4763168 0.8792738 1.07431e-4 0.4763169 0.8792737 1.07282e-4 0.476317 0.8792933 1.19651e-4 0.4762808 0.8792915 0 0.4762842 0.8792887 7.02543e-6 0.4762893 0.8792946 -2.58015e-5 0.4762784 0.8792996 5.21318e-5 0.4762693 0.8792937 7.57112e-5 0.47628 0.8792563 0 0.4763491 0.8793821 7.18512e-5 0.4761168 0.8793821 7.18178e-5 0.4761168 0.8793821 7.18076e-5 0.4761168 0.8792813 -3.27865e-5 0.4763031 0.879306 0 0.4762574 0.8792732 -3.309e-5 0.4763178 0.8793622 -8.19941e-5 0.4761536 0.8793622 -8.19996e-5 0.4761536 0.8793622 -8.19846e-5 0.4761536 0.8792678 -1.0181e-4 0.4763278 0.8792958 -2.10763e-5 0.4762761 0.8793144 1.49984e-5 0.4762417 0.8792995 -5.12629e-5 0.4762692 0.8793901 -2.22007e-4 0.4761019 0.8792649 4.47704e-5 0.4763331 0.8792626 4.48358e-5 0.4763373 0.879293 -1.49927e-5 0.4762814 0.879269 -5.01971e-5 0.4763258 0.879269 -5.01926e-5 0.4763258 0.879269 -5.01804e-5 0.4763258 0.8792859 2.43638e-5 0.4762943 0.8792542 -8.04417e-5 0.476353 0.8792915 0 0.4762841 0.8792915 0 0.4762842 0.8792915 0 0.4762842 0.8793901 2.22007e-4 0.4761019 0.8792625 -5.11686e-5 0.4763376 0.8792666 1.82153e-4 0.4763301 0.8793408 -1.94888e-4 0.476193 0.8792539 8.03594e-5 0.4763536 0.879293 -3.08673e-6 0.4762814 0.8792915 1.19839e-5 0.476284 0.8792641 -4.26919e-5 0.4763349 0 -1 -7.47394e-7 0 -1 3.79639e-7 0 -1 -1.63541e-7 0.8793596 0 0.4761582 0.8793405 3.5594e-4 0.4761934 0.8793034 1.5437e-4 0.4762623 0.8792942 -3.47296e-5 0.4762791 0.8792942 -3.47332e-5 0.4762791 0.8792942 -3.4692e-5 0.4762793 0.8792001 0 0.4764529 0.8792001 0 0.4764529 0.8792001 0 0.4764529 0.8793535 4.06236e-5 0.4761695 0.8792898 -6.50412e-7 0.4762873 0.8792899 -6.19933e-7 0.4762872 0.8792899 -5.74277e-7 0.4762871 0.8791786 -4.26915e-5 0.4764924 0.8792624 -4.5337e-5 0.4763378 0.8792624 -4.50911e-5 0.4763378 0.8792623 -4.53177e-5 0.4763379 0.879259 -2.32405e-5 0.4763441 0.879259 -2.3224e-5 0.4763441 0.8792589 -2.31988e-5 0.4763441 0.8793662 1.6357e-4 0.4761462 0.8792839 -1.53976e-5 0.4762982 0.8792932 6.63455e-5 0.4762809 0.8793179 8.85818e-5 0.4762353 0.8793058 6.46423e-5 0.4762577 0.8793059 6.46234e-5 0.4762576 0.8793059 6.46179e-5 0.4762576 0.8792735 2.2426e-4 0.4763174 0.8792735 2.2435e-4 0.4763174 0.8792735 2.24376e-4 0.4763174 0.8792874 -1.30695e-5 0.4762917 0.8792873 -1.30068e-5 0.4762918 0.8792873 -1.30213e-5 0.476292 0.879325 4.12035e-5 0.4762222 0.879325 4.12429e-5 0.4762222 0.879325 4.12205e-5 0.4762222 0.8793914 -7.14872e-5 0.4760996 0.8794502 -6.08966e-5 0.475991 0.8793665 7.63943e-5 0.4761458 0.8793665 7.63779e-5 0.4761458 0.8793665 7.63821e-5 0.4761458 0.8792566 9.94319e-6 0.4763485 0.8792449 -1.39988e-4 0.4763702 0.8792449 -1.39989e-4 0.4763702 0.8792449 -1.40009e-4 0.4763702 0.8793399 1.31037e-4 0.4761947 0.8792773 0 0.4763104 0.8792569 -3.8041e-4 0.4763479 0.8792723 -2.25648e-4 0.4763195 0.8792872 -3.28694e-4 0.476292 0.879293 -1.0932e-4 0.4762814 0.8792258 1.79914e-4 0.4764053 0.8792474 -7.57981e-5 0.4763655 0.8794018 -3.16645e-4 0.4760804 0.8793017 -8.36789e-5 0.4762651 0.8793017 -8.36734e-5 0.4762651 0.8793017 -8.36797e-5 0.4762651 0.8791061 0 0.4766261 0.8792015 0 0.4764503 0.8792015 0 0.4764503 0.8792015 0 0.4764503 0.8792592 -1.8859e-5 0.4763438 0.8792592 -1.88586e-5 0.4763437 0.8792592 -1.8786e-5 0.4763438 0.8792461 -5.32507e-6 0.4763679 0.8792462 -5.68456e-6 0.4763678 0.8792462 -5.18595e-6 0.4763678 0.8792368 -8.71204e-5 0.4763851 0.8792368 -8.71249e-5 0.476385 0.8792368 -8.7106e-5 0.4763851 0.8793247 6.98482e-5 0.4762228 0.8793247 6.98297e-5 0.4762228 0.8793247 6.97855e-5 0.4762228 0.879294 -2.80386e-5 0.4762794 0.879294 -2.80523e-5 0.4762795 0.879294 -2.81041e-5 0.4762796 0.8793271 2.30669e-4 0.4762184 0.879327 2.30672e-4 0.4762184 0.879327 2.30673e-4 0.4762185 0.8793035 6.11817e-5 0.476262 0.8793035 6.13475e-5 0.4762621 0.8793034 6.13134e-5 0.4762621 0.8792742 1.34732e-4 0.4763161 0.8793106 -1.79387e-5 0.4762488 0.8793104 -1.74874e-5 0.476249 0.8793104 -1.82586e-5 0.476249 0.8792914 -7.51077e-6 0.4762845 0.8792914 -7.54255e-6 0.4762844 0.8792915 -7.69785e-6 0.4762842 0.879283 5.3033e-6 0.4762998 0.879283 5.42949e-6 0.4763 0.879283 5.38846e-6 0.4763 0.8792952 9.55602e-5 0.4762773 0.8792952 9.55494e-5 0.4762772 0.8792952 9.55489e-5 0.4762772 0.8793582 0 0.476161 0.8792124 -7.17264e-5 0.4764302 0.8792702 -3.1672e-5 0.4763233 0.8792445 1.5576e-4 0.476371 0.8792445 1.55751e-4 0.476371 0.8792445 1.55747e-4 0.476371 0.8792915 1.40345e-4 0.476284 0.8792716 5.24487e-5 0.4763209 0.8792716 5.24668e-5 0.4763208 0.8792716 5.24719e-5 0.4763208 0.8792895 2.89194e-5 0.476288 0.8792964 6.20216e-6 0.4762751 0.8792964 6.16135e-6 0.476275 0.8792964 6.20337e-6 0.4762751 0.879268 -2.07805e-6 0.4763274 0.879268 -2.04081e-6 0.4763274 0.879268 -2.04923e-6 0.4763274 0.8793992 3.72985e-5 0.4760852 0.8793131 4.33845e-5 0.4762442 0.8791906 -7.00538e-5 0.4764704 0.8791906 -7.00512e-5 0.4764704 0.8791906 -7.00976e-5 0.4764704 0.8793001 8.42894e-6 0.4762684 0.8793001 9.48459e-6 0.4762681 0.8793002 6.7316e-6 0.4762681 0.8792769 1.56853e-5 0.4763111 0.8792767 1.60958e-5 0.4763113 0.8792769 1.62034e-5 0.4763111 0.8793944 -3.48454e-6 0.4760942 0.8793945 -2.88384e-6 0.4760938 0.8793944 -3.78973e-6 0.4760942 0.8793391 1.24639e-5 0.4761962 0.8793391 1.22658e-5 0.4761961 0.8793392 1.24896e-5 0.4761962 0.9531502 -0.1059482 -0.2833366 0.9233854 -0.3085429 -0.2283875 0.9233932 -0.3085334 -0.2283687 0.8665564 -0.4835844 -0.1233947 0.8665009 -0.4836657 -0.1234663 0.7875602 -0.6158366 0.02223569 0.7876046 -0.6157786 0.02226859 0.693621 -0.693229 0.1957637 0.6937204 -0.6931202 0.1957967 0.5930724 -0.7089409 0.3816649 0.5928649 -0.7091214 0.3816518 0.4944729 -0.6619794 0.5632759 0.4945027 -0.6619604 0.5632722 0.4070578 -0.5559351 0.7247346 0.4070826 -0.5559236 0.7247294 0.3384339 -0.4005452 0.8514847 0.3383651 -0.4005554 0.8515071 0.2945891 -0.2096037 0.9323537 0.2947587 -0.2096142 0.9322978 0.2797179 0 0.9600822 0.2796965 0 0.9600885 0.2947396 0.2095706 0.9323136 0.2946113 0.2096459 0.9323373 0.3383623 0.400576 0.8514986 0.3384293 0.4005275 0.8514949 0.4070787 0.5559179 0.724736 0.4070603 0.5559402 0.7247292 0.4945036 0.6619524 0.5632808 0.4944739 0.6619856 0.5632678 0.5928954 0.7091328 0.3815832 0.5930299 0.7089423 0.3817282 0.6937069 0.6931225 0.1958369 0.6936409 0.6932193 0.1957281 0.7875965 0.6157882 0.02228754 0.7875705 0.6158238 0.02222037 0.8665096 0.4836438 -0.1234899 0.8665444 0.4836105 -0.1233766 0.9233939 0.3085351 -0.2283638 0.9233859 0.3085392 -0.2283904 0.9531469 0.106012 -0.2833239 0.9530887 0.1059691 -0.283536 0.9530811 -0.1060346 -0.283537 0.8792863 3.93197e-5 0.4762938 0.879311 1.81334e-5 0.4762479 0.8792647 -4.93789e-5 0.4763337 0.8792886 -5.85815e-5 0.4762895 0.8793247 1.07964e-5 0.4762227 0.8792988 8.14377e-6 0.4762705 0.8792845 -2.82354e-5 0.476297 0.8793041 -1.56799e-5 0.4762607 0.8793103 0 0.4762496 0.8792874 7.81594e-6 0.4762917 0.879281 -3.22127e-5 0.4763034 0.8792775 -2.26163e-5 0.4763101 0.8792796 2.44087e-5 0.4763061 0.8792837 1.64399e-5 0.4762984 0.8792831 1.50718e-5 0.4762995 0.8793172 -3.99937e-5 0.4762365 0.8793107 -8.78741e-6 0.4762487 0.8792796 3.06955e-5 0.476306 0.8792944 -1.89414e-5 0.4762789 0.8793028 2.15754e-5 0.4762633 0.8792971 3.75082e-5 0.476274 0.8792935 6.16864e-6 0.4762802 0.8793107 -3.59778e-5 0.4762486 0.8793109 1.47739e-5 0.4762485 0.8792732 8.80694e-5 0.4763178 0.8792798 2.69332e-5 0.4763058 0.879296 3.58071e-6 0.4762759 0.8793094 -4.16999e-5 0.4762511 0.879262 -1.90816e-5 0.4763383 0.8792796 -3.06955e-5 0.476306 0.879319 1.86858e-5 0.4762334 0.879308 2.64668e-5 0.4762536 0.8792815 -1.57696e-5 0.4763024 0.8792846 -1.54327e-5 0.4762969 0.8792929 2.87777e-6 0.4762817 0.8792667 -6.13362e-6 0.4763298 0.8792709 -6.77642e-7 0.4763223 0.8792939 2.29938e-5 0.4762797 0.879288 0 0.4762905 0.9889664 0.0557003 -0.1372705 0.977744 0.01433181 -0.2093119 0.9656668 0 -0.2597839 0.981854 0 -0.1896383 0.9999846 0 0.005560457 0.9999846 0 0.005560457 0.9796837 0 0.2005491 0.9796836 0 0.2005491 0.9217465 0 0.3877931 0.9217464 0 0.3877933 -0.2866864 0.6584448 0.6958889 -0.2406952 0.6254321 0.7422267 -0.2289396 0.6412355 0.732396 -0.1335915 0.5252344 0.840406 -0.02998799 0.403638 0.9144273 0.02245134 0.3470753 0.9375686 0.0224514 0.3470753 0.9375686 0.0224514 0.3470753 0.9375686 0.1845352 0.1417956 0.9725435 0.1845353 0.1417956 0.9725434 0.1845353 0.1417956 0.9725435 0.2840931 -0.01982641 0.9585918 0.2840931 -0.01982688 0.9585918 0.2840932 -0.01982659 0.9585918 0.1779729 0.151309 0.972333 -0.4763441 0 0.8792591 -0.4763448 0 0.8792587 -0.4740549 -0.09793174 0.8750323 -0.4836826 -0.1949263 0.8532613 -0.45577 -0.2903002 0.841427 -0.45577 -0.2903002 0.8414272 -0.45577 -0.2903002 0.8414272 -0.3959396 -0.5556406 0.731092 -0.3960484 -0.5554842 0.7311518 -0.8147109 0.5739926 -0.08233249 -0.7970118 0.5668979 -0.2083243 -0.7701737 0.5954419 -0.2286516 -0.7846632 0.5516338 -0.2828498 -0.8289035 0.5213102 -0.2028667 -0.8822738 0.2330531 -0.4089978 -0.8984005 0.1928502 -0.3945701 -0.9002836 0.2042263 -0.3844232 -0.9066633 0.2036675 -0.3694336 -0.9068905 0.2052425 -0.3680018 -0.8245708 0.565554 -0.01523131 -0.8750134 0.4587833 -0.1544981 -0.91206 0.2081652 -0.3532899 -0.9223897 0.2672709 -0.278861 -0.90394 0.1081806 -0.4137505 -0.8046808 0.5609942 -0.1943566 -0.8057044 0.5659072 -0.1748987 -0.7988131 0.5858443 -0.1366901 -0.8137993 0.5629913 -0.1441242 -0.8161644 0.5713565 -0.08618366 0.4281004 0.7030538 -0.5678429 0.576471 0.7030651 -0.4163901 0.5764763 0.7030595 -0.4163923 0.6736159 0.7030352 -0.227998 0.6734942 0.7031493 -0.2280059 0.7107689 0.7031593 -0.01935416 0.7108952 0.703033 -0.01930582 0.6850011 0.7030308 0.1911053 0.6849403 0.7031033 0.1910564 0.5982055 0.7030932 0.384461 0.5982331 0.7030469 0.3845028 0.458346 0.7030274 0.5437569 0.4583194 0.7031081 0.5436748 0.2777041 0.7030827 0.6546412 0.2777041 0.7030816 0.6546425 0.07238036 0.7030863 0.7074113 0.0723865 0.7031028 0.7073943 -0.1393496 0.7031033 0.6973002 -0.1393439 0.703112 0.6972925 -0.3386711 0.703121 0.6252382 -0.3387372 0.7030401 0.6252933 -0.5079689 0.7030432 0.4976927 -0.5079347 0.703077 0.4976798 -0.6320779 0.7030739 0.3258293 -0.6320501 0.7030997 0.3258273 -0.6999769 0.7031279 0.1250745 -0.7000644 0.7030441 0.125055 -0.7058219 0.7030417 -0.08687877 -0.705708 0.7031639 -0.08681428 -0.6487718 0.7031585 -0.2909698 -0.6488247 0.7030856 -0.2910279 -0.5342383 0.7030747 -0.4693352 -0.5342836 0.7029798 -0.4694257 -0.3721839 0.7029772 -0.6060547 -0.3721576 0.703135 -0.6058878 -0.1770383 0.703161 -0.6886379 -0.1770225 0.7030635 -0.6887415 0.03385144 0.7030673 -0.7103171 0.03387093 0.703024 -0.7103591 0.2417479 0.7030239 -0.6688164 0.2417513 0.7030175 -0.6688219 0.4281324 0.7030199 -0.5678607 -0.8792991 1.17896e-5 -0.47627 -0.8792759 2.41497e-5 -0.4763131 -0.8792916 -3.03473e-5 -0.4762839 -0.8792845 -2.77981e-5 -0.4762971 -0.8792768 -1.31808e-5 -0.4763111 -0.8793268 -9.65159e-6 -0.4762191 -0.8792905 2.62922e-5 -0.4762859 -0.8792806 1.07614e-5 -0.4763041 -0.8792777 -1.70184e-5 -0.4763096 -0.8793025 5.10067e-6 -0.4762637 -0.8793095 1.56581e-5 -0.476251 -0.8792711 2.26383e-6 -0.4763217 -0.8792632 -3.1238e-5 -0.4763364 -0.8793081 -5.68629e-7 -0.4762536 -0.8793064 -9.63082e-6 -0.4762566 -0.8793024 -1.29768e-5 -0.4762639 -0.879305 2.08497e-5 -0.4762591 -0.8792833 -1.43771e-5 -0.4762992 -0.8792839 -3.05168e-5 -0.4762981 -0.8793018 2.14334e-5 -0.4762651 -0.8793027 2.68776e-6 -0.4762632 -0.8793058 1.85042e-5 -0.4762577 -0.8793081 5.68629e-7 -0.4762536 -0.8792635 3.1238e-5 -0.4763359 -0.8792711 -2.26383e-6 -0.4763217 -0.8793234 -2.07201e-5 -0.4762251 -0.8793116 1.11282e-5 -0.476247 -0.8792851 1.19513e-5 -0.476296 -0.8792764 2.7029e-5 -0.4763121 -0.8792642 2.44704e-5 -0.4763345 -0.8792995 -1.19561e-5 -0.4762693 -0.8792994 -1.19317e-5 -0.4762696 -0.8792948 4.11379e-5 -0.4762779 -0.8792831 -4.24805e-5 -0.4762996 -0.8792821 -3.09993e-5 -0.4763015 -0.8792904 -3.097e-6 -0.4762861 -0.8792896 0 -0.4762877 -0.8792889 -4.01704e-6 -0.4762889 -0.8792901 3.6387e-6 -0.4762867 -0.476332 0 0.8792656 -0.4763321 0 0.8792656 -0.3367273 -0.7072098 0.6216664 -0.3367783 -0.7071274 0.6217324 -0.3367447 -0.7071766 0.6216948 -0.3368501 -0.7070327 0.6218012 -0.3367272 -0.7071357 0.6217508 -0.336762 -0.7070924 0.6217811 -0.7371402 0 -0.6757398 -0.7371405 0 -0.6757395 -0.8507659 0 -0.525545 -0.850766 0 -0.5255448 -0.9342114 0 -0.3567197 -0.9342116 0 -0.3567196 -0.9845337 0 -0.1751955 -0.9845337 0 -0.1751955 -0.9999224 0 0.01246547 -0.9999224 0 0.01246547 -0.6297439 0.01098155 0.7767252 -0.8677616 0.01098251 0.4968594 -0.8182693 0 0.5748353 -0.698743 0 0.7153728 -0.9886593 0.01097726 0.1497744 -0.9706951 0 0.2403149 -0.9099509 0 0.4147161 -0.9760023 0.01099085 -0.2174829 -0.9919724 0 -0.1264552 -0.998318 0 0.05797773 -0.8315519 0.01097977 -0.5553386 -0.8792828 0 -0.4763001 -0.9518139 0 -0.3066765 -0.5747836 0.01098835 -0.8182317 -0.6478873 0 -0.7617362 -0.7768337 0 -0.6297059 -0.2404292 0.01098316 -0.9706045 -0.3289684 0 -0.944341 -0.4968257 0 -0.8678504 0.1264998 0.01097023 -0.991906 0.03408265 0 -0.999419 0.03408265 -7.07064e-7 -0.999419 0.03408265 0 -0.999419 -0.1498693 0 -0.9887058 0.4762675 0.01098972 -0.8792318 0.3930926 0 -0.9194989 0.2173791 0 -0.9760873 0.7617023 0.01098167 -0.6478341 0.698743 0 -0.7153728 0.5554382 0 -0.8315578 0.9442997 0.01099294 -0.3289031 0.9099509 0 -0.4147161 0.8182689 0 -0.5748358 0.9993484 0.01098477 0.03438305 0.998318 0 -0.05797773 0.970695 0 -0.2403149 0.9194149 0.01098084 0.3931357 0.9518139 0 0.3066765 0.9919724 0 0.1264552 0.7153664 0.01098549 0.6986631 0.7768338 0 0.6297057 0.8792828 0 0.4763001 0.4146341 0.01097965 0.909922 0.4968269 0 0.8678497 0.6478878 0 0.7617359 0.05789792 0.01099669 0.9982619 0.1498685 0 0.988706 0.3289677 0 0.9443412 -0.5554377 0 0.8315581 -0.3930926 0 0.9194989 -0.3065263 0.01098805 0.9517989 -0.2173791 0 0.9760873 -0.03422635 0 0.9994142 -0.03422635 -4.02138e-7 0.9994142 -0.03422635 0 0.9994142 0.2324543 0.01217651 -0.9725311 0.1034376 0 -0.994636 -0.1573196 0 -0.9875478 -0.2848744 0.01216995 -0.9584876 -0.4076016 0 -0.9131599 -0.6301382 0 -0.7764831 -0.7260214 0.01216596 -0.6875646 -0.8095951 0 -0.5869888 -0.9338856 0 -0.3575718 -0.9725309 0.01218175 -0.2324548 -0.9946385 0 -0.1034134 -0.9875478 0 0.15732 -0.9584563 0.01218003 0.2849792 -0.9130756 0 0.4077905 -0.7765955 0 0.6299996 -0.6876227 0.01217335 0.7259662 -0.58699 0 0.8095942 -0.3572946 0 0.9339918 -0.2324551 0.01215589 0.9725312 -0.1036637 0 0.9946124 0.1572151 0 0.9875645 0.1572151 0 0.9875645 0.157215 0 0.9875645 0.2849803 0.0121597 0.9584562 0.4076025 0 0.9131595 0.6301379 0 0.7764834 0.7260202 0.01216566 0.6875658 0.8095929 0 0.5869919 0.9339629 0 0.3573703 0.972525 0.01215809 0.2324805 0.9946124 0 0.1036645 0.987565 0 -0.157212 0.987565 0 -0.157212 0.987565 0 -0.157212 0.9584654 0.01215678 -0.28495 0.9131975 0 -0.4075174 0.7764834 0 -0.6301379 0.6875629 0.01216632 -0.726023 0.5869502 0 -0.8096232 0.3574952 0 -0.933915 0.4762886 0 -0.8792892 0.476288 0 -0.8792894 -0.9531459 -0.1059537 0.2833492 -0.9233832 -0.3085445 0.2283939 -0.9233924 -0.3085318 0.2283742 -0.8665542 -0.4835879 0.1233974 -0.8664997 -0.4836677 0.1234666 -0.7875612 -0.6158354 -0.02223557 -0.7876041 -0.6157792 -0.02226865 -0.6936182 -0.6932315 -0.1957654 -0.6937185 -0.6931215 -0.1957989 -0.5928521 -0.709175 -0.3815722 -0.5928521 -0.7091749 -0.3815722 -0.5928521 -0.709175 -0.3815721 -0.5928639 -0.7091221 -0.3816521 -0.4944514 -0.661969 -0.5633072 -0.4945898 -0.6618832 -0.5632863 -0.4071925 -0.5558809 -0.7247005 -0.4071021 -0.5559156 -0.7247246 -0.338459 -0.4005392 -0.8514775 -0.3383587 -0.4005538 -0.8515106 -0.2945922 -0.2096052 -0.9323525 -0.2947411 -0.2096152 -0.9323031 -0.2796986 0 -0.9600879 -0.2797021 0 -0.9600868 -0.2947396 0.2095719 -0.9323135 -0.2946035 0.209646 -0.9323398 -0.3383648 0.4005792 -0.8514961 -0.338446 0.4005163 -0.8514934 -0.4071108 0.5559334 -0.724706 -0.407179 0.5558656 -0.7247197 -0.4945712 0.6618637 -0.5633258 -0.4944767 0.6619823 -0.5632693 -0.5928958 0.709133 -0.3815824 -0.593031 0.7089416 -0.3817279 -0.693704 0.6931249 -0.1958386 -0.6936382 0.6932215 -0.1957296 -0.7875988 0.6157853 -0.0222873 -0.7875689 0.6158259 -0.02222043 -0.8665109 0.483642 0.1234881 -0.8665406 0.4836162 0.1233811 -0.9233922 0.3085351 0.2283703 -0.9233842 0.3085398 0.2283963 -0.9531434 0.1060132 0.2833353 -0.9531816 0.1059844 0.2832176 -0.9531817 0.1059843 0.2832176 -0.9531816 0.1059843 0.2832176 -0.9530811 -0.1060346 0.283537 0.2824684 1.97748e-7 0.9592767 0.2824683 0 0.9592767 0.2824684 1.60977e-7 0.9592767 0.1581105 -0.001313626 0.9874206 0.193807 -0.01558119 0.980916 0.0707184 -3.22347e-4 0.9974963 -0.1037824 9.04521e-4 0.9945996 -0.05301827 -0.01648414 0.9984575 -0.1737846 -0.0010944 0.9847832 -0.3484615 0.00289011 0.9373187 -0.3574324 0 0.9339391 -0.629782 0 0.776772 -0.6297816 0 0.7767723 -0.867814 0 0.4968892 -0.867814 0 0.4968894 -0.9887189 0 0.1497834 -0.9887188 0 0.1497834 -0.9760612 0 -0.217496 -0.9760612 0 -0.217496 -0.8316019 0 -0.5553722 -0.831602 0 -0.5553722 -0.5748181 0 -0.8182814 -0.5748176 0 -0.8182815 -0.2404441 0 -0.970663 -0.2404441 0 -0.9706631 0.1265074 0 -0.9919657 0.4762965 0 -0.8792847 0.4762961 0 -0.879285 0.7617481 0 -0.6478734 0.7617481 0 -0.6478734 0.9443567 0 -0.3289229 0.9994087 0 0.03438508 0.9994087 0 0.03438508 0.9194704 0 0.3931595 0.9194703 0 0.3931596 0.7154097 0 0.6987053 0.4146594 0 0.9099768 0.4146591 0 0.909977 0.05790102 0 0.9983224 0.05790138 0 0.9983223 -0.3065448 0 0.9518562 -0.3065447 0 0.9518563 -0.8792928 -8.69089e-6 -0.4762817 -0.8791837 1.92571e-4 -0.476483 -0.8792331 8.89358e-5 -0.4763919 -0.8792823 2.0439e-5 -0.4763011 -0.8792555 2.15126e-4 -0.4763505 -0.8793185 -1.0478e-4 -0.4762343 -0.8792783 2.17555e-5 -0.4763085 -0.8792747 -3.43218e-5 -0.4763152 -0.8792747 -3.43136e-5 -0.4763152 -0.8792747 -3.43291e-5 -0.4763151 -0.8792719 -4.02065e-5 -0.4763205 -0.8792783 -2.10962e-5 -0.4763085 -0.8792886 0 -0.4762893 -0.8791837 -1.92571e-4 -0.476483 -0.8792867 2.37569e-5 -0.4762931 -0.8792534 -8.10964e-5 -0.4763544 -0.8792921 0 -0.4762832 -0.8792923 4.59085e-6 -0.4762827 -0.8792928 -2.02114e-6 -0.4762817 -0.3367276 0.7072092 0.6216669 -0.3367952 0.7070925 0.621763 -0.3367511 0.707106 0.6217715 -0.3367272 0.7071357 0.6217508 -0.3368501 0.7070327 0.6218012 -0.3367448 0.7071764 0.6216949 -0.6189268 -0.7009583 0.3543828 -0.6190102 -0.7008827 0.3543866 -0.7052414 -0.700871 0.1068387 -0.7051019 -0.701004 0.1068867 -0.6960838 -0.7010055 -0.1551089 -0.6960664 -0.7010259 -0.1550948 -0.5930542 -0.7010149 -0.3960616 -0.593093 -0.700942 -0.3961327 -0.4099583 -0.7009646 -0.5835949 -0.4099522 -0.7010049 -0.5835508 -0.1714701 -0.7010208 -0.6922196 -0.1714318 -0.7008704 -0.6923813 0.09023749 -0.7008617 -0.7075664 0.09017306 -0.7009642 -0.707473 0.3396925 -0.7009654 -0.6271017 0.3397519 -0.7008997 -0.627143 0.5431559 -0.7011458 -0.4619268 0.5431559 -0.7011457 -0.4619268 0.543156 -0.7011457 -0.4619268 0.5433444 -0.700884 -0.4621024 0.6735542 -0.7009187 -0.2346014 0.6734753 -0.7009907 -0.2346128 0.7127422 -0.7009975 0.02452111 0.7128018 -0.7009355 0.02455615 0.6557896 -0.700935 0.2804107 0.6557235 -0.7010288 0.2803307 0.5101792 -0.7010348 0.4982644 0.5102183 -0.7009196 0.4983865 0.2957629 -0.7008917 0.6490572 0.2957659 -0.7009444 0.6489989 0.041296 -0.700942 0.7120217 0.04132437 -0.7010034 0.7119597 -0.2186139 -0.7010071 0.6788203 -0.2187042 -0.7008901 0.6789121 -0.4492129 -0.7008748 0.5540601 -0.4491275 -0.7009598 0.5540217 -0.9342116 0 -0.3567197 -0.9342116 0 -0.3567197 -0.9845337 0 -0.1751955 -0.9845337 0 -0.1751956 -0.8792927 -9.60465e-5 -0.4762818 -0.8792889 5.09686e-5 -0.4762891 -0.8792657 -8.73631e-5 -0.4763318 -0.8792926 9.73805e-5 -0.476282 -0.879289 -4.77831e-5 -0.4762887 -0.8792657 8.73631e-5 -0.4763317 -0.8793216 -5.30821e-5 -0.4762284 -0.8792835 0 -0.4762988 -0.8792836 0 -0.4762989 -0.8793216 5.30821e-5 -0.4762284 0.3647576 0 -0.9311025 0.3647585 0 -0.9311023 0.1267955 0 -0.9919289 0.1267963 0 -0.9919288 -0.1187889 0 -0.9929196 -0.3571864 0 -0.9340332 -0.3571857 0 -0.9340334 -0.5740613 0 -0.8188124 -0.5740619 0 -0.8188119 -0.4739752 0.09810519 0.8750559 -0.458743 0.1950767 0.8668911 -0.4557758 0.2902505 0.8414411 -0.4200217 0.4714735 0.7754319 -0.3882139 0.5555431 0.7352971 -0.3682164 0.6342548 0.679807 -0.3020839 0.7731122 0.5577124 -0.25769 0.8314481 0.4922297 -0.2217501 0.885623 0.4080427 -0.1321861 0.9603634 0.2454162 -0.08692026 0.9807528 0.1748396 -0.04542511 0.9954416 0.08386027 -0.04542511 -0.9954416 0.08386027 -0.2645989 -0.8314735 0.4885073 -0.2848952 -0.7801973 0.5568906 -0.2245398 -0.8818985 0.4145323 -0.09294098 -0.9807758 0.1715831 -0.1468728 -0.9350753 0.3225874 -0.1175401 -0.963111 0.2420778 -0.4671218 -0.1950848 0.8624032 -0.4573255 -0.09991759 0.8836686 -0.4557759 -0.2902505 0.8414411 -0.3960138 -0.5555652 0.7311091 -0.4032885 -0.4784206 0.7800462 -0.3682164 -0.6342553 0.6798066 -0.4762729 0 0.8792976 0 1 -1.63541e-7 0 1 0 0 1 4.18912e-7 0 -1 1.17843e-6 0 -1 -1.17846e-6 0.4764368 0 -0.8792088 0.4764368 0 -0.8792088 0.4764368 0 -0.8792088 0.4760037 0 -0.8794433 0.4522281 -0.3138124 -0.8348723 0.4522283 -0.3138124 -0.8348721 0.4522286 -0.3138124 -0.8348719 0.4522305 -0.3137967 -0.8348768 0.4522307 -0.3137967 -0.8348768 0.4522305 -0.3137966 -0.8348767 0.305059 -0.76796 -0.5631843 0.3050589 -0.76796 -0.5631844 0.305059 -0.76796 -0.5631843 0.3050608 -0.7679486 -0.5631986 0.3050608 -0.7679488 -0.5631987 0.305051 -0.7679488 -0.563204 0.1068859 -0.974492 -0.1973341 0.1068892 -0.9744908 -0.1973387 0.01972758 -0.9991421 -0.03641486 0.01972627 -0.9991418 -0.03642237 -0.02825731 -0.9982384 0.05217057 -0.02841627 -0.9982186 0.05246222 -0.02841627 -0.9982186 0.05246222 -0.02841681 -0.9982186 0.05246192 -0.1318461 -0.9609246 0.2433938 -0.1318462 -0.9609246 0.2433938 -0.1318461 -0.9609246 0.2433938 -0.1319564 -0.9608547 0.2436103 -0.1319564 -0.9608547 0.2436103 -0.3432946 -0.6931923 0.6337455 -0.3432947 -0.6931923 0.6337454 -0.3432947 -0.6931923 0.6337454 -0.3432924 -0.6931679 0.6337734 -0.3432924 -0.6931678 0.6337734 -0.3432847 -0.6931678 0.6337776 -0.4641132 -0.2245368 0.8568443 -0.4641127 -0.2245368 0.8568446 -0.4641133 -0.2245368 0.8568444 -0.4641107 -0.224583 0.8568336 -0.4641107 -0.224583 0.8568336 -0.4641107 -0.224583 0.8568336 -0.4762659 0 0.8793014 -0.4762764 0 0.8792957 -0.4690759 0.1733 0.8659878 -0.4690759 0.1733 0.8659879 -0.4690529 0.1734292 0.8659744 -0.4690529 0.1734292 0.8659744 -0.4690529 0.1734292 0.8659744 -0.3783084 0.6074866 0.6984575 -0.3783186 0.6076325 0.698325 -0.196117 0.9113188 0.3619893 -0.1961101 0.9112816 0.3620865 -0.04054945 0.9963687 0.07486808 -0.04053866 0.9963725 0.07482349 0 1 -8.13246e-7 0.1220888 0.9665947 -0.2253643 0.1220889 0.9665947 -0.2253643 0.122089 0.9665947 -0.2253642 0.1220834 0.966583 -0.2254175 0.1220836 0.966583 -0.2254174 0.1220834 0.966583 -0.2254175 0.3343594 0.7121463 -0.6172937 0.3343594 0.7121463 -0.6172938 0.3343593 0.7121463 -0.6172938 0.3343713 0.7121076 -0.6173319 0.3343715 0.7121076 -0.6173319 0.3343716 0.7121075 -0.6173317 0.4515153 0.3182119 -0.8335918 0.4515154 0.3182119 -0.8335917 0.4515154 0.3182119 -0.8335917 0.4514713 0.3180753 -0.8336678 0.4514712 0.3180753 -0.8336678 0.4514712 0.3180753 -0.8336677 0.4753672 0.06270956 -0.8775498 0.4753672 0.06270956 -0.8775498 0.4753672 0.06270956 -0.8775498 0.4755007 0.06291872 -0.8774626 0.4755006 0.06291866 -0.8774626 0.4755006 0.06291872 -0.8774626 0.4750744 -0.07261365 -0.8769446 0.4750744 -0.07261365 -0.8769445 0.4750096 -0.07285863 -0.8769593 0.4440653 -0.3615522 -0.8198085 0.4440577 -0.3615522 -0.8198127 0.4440652 -0.3615522 -0.8198086 0.4440397 -0.3616514 -0.8197786 0.4440397 -0.3616514 -0.8197786 0.4440398 -0.3616515 -0.8197786 0.3202763 -0.7401286 -0.5912976 0.3202959 -0.7400993 -0.5913236 0.1006969 -0.977391 -0.1859219 0.1008092 -0.9773503 -0.1860752 0.1008092 -0.9773503 -0.1860752 0.1008092 -0.9773503 -0.1860752 0.4647488 -0.2186501 -0.8580214 0.4647464 -0.2186542 -0.8580217 0.4573827 0.2787597 -0.8444491 0.4573953 0.2787634 -0.8444411 0.3367669 0.7071009 -0.6217688 0.3367845 0.7070946 -0.6217664 0.1327546 0.9603651 -0.2451024 0.1327912 0.9603626 -0.2450922 -0.104153 0.9758039 0.1922472 -0.1041309 0.975805 0.1922534 -0.4600538 -0.2587714 0.8493456 -0.4600423 -0.2587749 0.8493508 -0.3367984 -0.7070851 0.6217698 -0.3367818 -0.7070873 0.6217761 -0.123277 -0.9659203 0.2275981 -0.1232442 -0.965914 0.2276427 -0.4762821 0 0.8792926 -0.4762681 0 0.8793002 -0.1041367 -0.9758039 0.1922565 -0.1041473 -0.9758053 0.1922432 0.1327809 -0.9603645 -0.2450905 0.1327649 -0.960363 -0.245105 0.3367674 -0.7071018 -0.6217675 0.3367819 -0.7070974 -0.6217647 0.4573832 -0.278762 -0.844448 0.4573948 -0.2787631 -0.8444413 0.4647466 0.2186522 -0.858022 0.4647485 0.218651 -0.8580214 -0.4762825 0 0.8792924 -0.4762678 0 0.8793004 -0.1232349 0.9659198 0.2276227 -0.1232864 0.965915 0.2276155 -0.3367952 0.7070873 0.6217689 -0.3367848 0.7070848 0.6217773 -0.4600561 0.2587749 0.8493433 -0.4600397 0.2587735 0.8493526 0.4671272 0.1951344 -0.862389 0.4671326 0.1951044 -0.8623929 0.3960333 0.5555183 -0.7311341 0.3960251 0.5555391 -0.7311229 0.2646036 0.831477 -0.4884988 0.2645907 0.8314915 -0.4884812 0.09293395 0.9807785 -0.1715719 0.09293413 0.9807783 -0.1715725 0.476283 0 -0.8792921 0.4762831 0 -0.8792921 0.09293407 -0.9807785 -0.1715719 0.09293407 -0.9807783 -0.1715725 0.2646012 -0.8314769 -0.4885002 0.264593 -0.8314917 -0.4884796 0.3960315 -0.5555179 -0.7311354 0.3960269 -0.5555395 -0.7311215 0.46713 -0.1951341 -0.8623875 0.4671298 -0.1951048 -0.8623943 0.4356487 -0.4041116 -0.8043036 0.4356458 -0.4041194 -0.8043012 0.4175647 -0.4809991 -0.7708955 0.4175506 -0.4810042 -0.7708998 0.3405703 -0.6990582 -0.6287523 0.3403996 -0.6991599 -0.6287317 0.2493774 -0.8520133 -0.460309 0.2493773 -0.8520133 -0.460309 0.2493236 -0.8520469 -0.4602761 0.2493235 -0.8520469 -0.4602761 0.2160219 -0.8912239 -0.3988167 0.2160217 -0.8912239 -0.3988168 0.2160217 -0.8912239 -0.3988168 0.2159968 -0.8912622 -0.3987445 0.2159968 -0.8912622 -0.3987444 0.2160122 -0.8912622 -0.398736 0.2399157 0.8638929 -0.4428653 0.2397911 0.863848 -0.4430202 0.4079409 0.515334 -0.7536677 0.4081215 0.5154665 -0.7534794 0.4716001 0.1398257 -0.8706562 0.4716718 0.1398838 -0.870608 0.4653116 -0.2140051 -0.858887 0.4652175 -0.2140493 -0.8589271 0.3574073 -0.6609247 -0.6598777 0.3574944 -0.6608968 -0.6598585 0.1664285 -0.9369792 -0.3071993 0.1663948 -0.9369857 -0.3071983 0.07635986 -0.9870637 -0.1409777 0.0763598 -0.9870635 -0.1409777 0.07635986 -0.9870636 -0.1409777 0.07633548 -0.98707 -0.1409456 0.07633548 -0.98707 -0.1409456 0.07634264 -0.98707 -0.1409416 0.03558969 -0.9972041 -0.06570768 0.03560054 -0.9972034 -0.06571215 0.01494908 -0.9995074 -0.02759611 0.0149526 -0.9995074 -0.0275942 0.01494908 -0.9995074 -0.02759611 0.01499211 -0.9995046 -0.02767151 0.01499211 -0.9995046 -0.02767145 0.01499229 -0.9995048 -0.02767139 0.00197792 -0.9999915 -0.003642082 0.00197792 -0.9999915 -0.003642082 0.00197798 -0.9999915 -0.003642022 0.001987397 -0.9999914 -0.00366348 0.001987338 -0.9999914 -0.003663539 0.00198841 -0.9999914 -0.003662943 0 -1 -1.46129e-6 -0.1060852 -0.9748787 0.1958507 -0.1060802 -0.9748787 0.1958534 -0.1060852 -0.9748787 0.1958508 -0.1060611 -0.9748905 0.195805 -0.1060611 -0.9748905 0.195805 -0.1060611 -0.9748905 0.195805 -0.3157492 -0.7487588 0.5828059 -0.3158158 -0.7485532 0.5830338 -0.4501639 -0.3265862 0.83108 -0.4501639 -0.3265863 0.83108 -0.4501147 -0.3265194 0.8311329 -0.4501147 -0.3265194 0.8311329 -0.4750789 -0.07108187 0.8770676 -0.4750789 -0.07108187 0.8770676 -0.4750788 -0.07108187 0.8770676 -0.4750404 -0.07118976 0.8770797 -0.4750403 -0.07118976 0.8770797 -0.4750403 -0.07118976 0.8770797 -0.476008 0 0.879441 -0.4760288 0 0.8794298 -0.4568001 0.2812384 0.8439423 -0.4570581 0.2812715 0.8437916 -0.4570582 0.2812715 0.8437916 -0.4570582 0.2812715 0.8437916 -0.3135719 0.7526637 0.5789387 -0.3135692 0.752698 0.5788958 -0.115914 0.9699342 0.2139894 -0.1159063 0.9699321 0.2140032 -0.02381598 0.9987488 0.04397529 -0.02381819 0.9987493 0.04396045 0.02750593 0.9983314 -0.05077415 0.02750432 0.9983319 -0.05076605 0.1144678 0.9706977 -0.2112896 0.1144633 0.9706994 -0.2112839 0.2649001 0.8311134 -0.4889567 0.2649668 0.8309597 -0.4891816 0.424238 0.4545621 -0.7831957 0.424234 0.4545621 -0.7831979 0.424238 0.4545621 -0.7831957 0.4242404 0.4545448 -0.7832046 0.4242404 0.4545448 -0.7832046 0.4242404 0.4545447 -0.7832044 0.4705773 0.1544864 -0.8687295 0.4705774 0.1544864 -0.8687295 0.4705772 0.1544864 -0.8687297 0.4705765 0.1543914 -0.8687468 0.4705766 0.1543914 -0.8687468 0.4705498 0.1543913 -0.8687613 0.4762768 0 -0.8792954 0.4762526 0 -0.8793087 0 1 2.99882e-6 -0.4169617 0.4833211 0.7697687 -0.4169617 0.4833212 0.7697687 -0.4169617 0.4833211 0.7697687 -0.4169529 0.4833886 0.769731 -0.4169529 0.4833886 0.7697311 -0.4169529 0.4833886 0.769731 -0.2812373 0.8071134 0.5191087 -0.2812381 0.80711 0.5191134 -0.08271056 0.9848049 0.1527037 -0.0827105 0.9848049 0.1527037 -0.08249783 0.9848843 0.1523057 -0.4408267 0.3785589 0.8138581 -0.4409739 0.3787592 0.8136852 -0.4084807 0.5142325 0.7541278 -0.4084779 0.5142324 0.7541292 -0.4084808 0.5142325 0.7541278 -0.4084453 0.5141693 0.75419 -0.4084453 0.5141692 0.75419 -0.1829489 0.9232023 0.3379753 -0.1830716 0.9231709 0.3379946 -0.1830715 0.9231709 0.3379946 -0.1830715 0.9231709 0.3379946 -0.03747069 0.9969013 0.06916409 -0.03746891 0.9969009 0.06917226 -0.007216572 0.9998852 0.01332098 -0.006943941 0.9998939 0.01281172 -0.006944 0.9998939 0.01281172 -0.006941258 0.9998939 0.01281321 0.0119059 0.9996875 -0.02198415 0.0119059 0.9996875 -0.02198415 0.01190584 0.9996875 -0.02198415 0.01174837 0.9996953 -0.02171212 0.07046794 0.9889934 -0.1301017 0.070468 0.9889934 -0.1301017 0.07046788 0.9889934 -0.1301018 0.07039988 0.9890182 -0.1299501 0.07039982 0.9890182 -0.1299501 0.07039999 0.9890182 -0.1299501 0.1704121 0.9338029 -0.3145979 0.1704121 0.9338029 -0.3145979 0.1704121 0.933803 -0.3145979 0.1703906 0.933813 -0.3145796 0.1703907 0.9338131 -0.3145794 0.1703917 0.9338131 -0.3145789 0.3301135 0.7208356 -0.6094434 0.3300888 0.7208793 -0.6094051 0.3300888 0.7208793 -0.6094051 0.3300888 0.7208793 -0.6094051 0.4570972 0.2807492 -0.8439444 0.4570972 0.2807492 -0.8439444 0.4570972 0.2807491 -0.8439444 0.4571256 0.280668 -0.8439559 0.4571254 0.280668 -0.843956 0.4571253 0.2806681 -0.8439561 0.4753389 0.0636686 -0.877496 0.4753389 0.0636686 -0.877496 0.4753388 0.06366854 -0.877496 0.4753185 0.06375598 -0.8775007 0.4753186 0.06375592 -0.8775007 0.4753188 0.06375604 -0.8775006 0.4635866 -0.2293856 -0.8558445 0.4635866 -0.2293856 -0.8558446 0.4635751 -0.2294525 -0.8558327 0.4635751 -0.2294526 -0.8558328 0.4635751 -0.2294526 -0.8558328 0.4460023 -0.3507342 -0.8234486 0.4460023 -0.3507342 -0.8234485 0.4460023 -0.3507342 -0.8234485 0.4460387 -0.3506346 -0.8234713 0.4460386 -0.3506346 -0.8234713 0.4413323 -0.3764898 -0.8145437 0.4413323 -0.3764898 -0.8145436 0.4413323 -0.3764899 -0.8145437 0.4412395 -0.3764923 -0.8145927 0.4412395 -0.3764923 -0.8145927 0.4401738 -0.3819466 -0.8126279 0.4401736 -0.3819471 -0.8126277 0.4401733 -0.3819468 -0.8126279 0.4402213 -0.3818658 -0.81264 0.4402214 -0.3818655 -0.8126401 0.4402124 -0.3818656 -0.8126449 -0.4762696 0 0.8792994 -0.4550645 -0.2948179 0.8402373 -0.4551526 -0.2948023 0.8401951 -0.3935393 -0.5632934 0.7265173 -0.393507 -0.5633033 0.7265272 -0.296971 -0.7818282 0.5482269 -0.297006 -0.7818287 0.5482075 -0.1739067 -0.9308757 0.3212898 -0.1739067 -0.9308756 0.3212898 -0.1740003 -0.9308893 0.3211997 -0.03561824 -0.9972003 0.06574821 -0.03559243 -0.9972007 0.06575793 0.1059336 -0.9749225 -0.195715 0.1059969 -0.9749207 -0.1956893 0.2381443 -0.8660139 -0.4396672 0.2381446 -0.8660122 -0.4396705 0.349134 -0.6801843 -0.6445579 0.3491181 -0.6801922 -0.6445583 0.4291086 -0.4338895 -0.7922157 0.429109 -0.4338875 -0.7922165 0.4709588 -0.1490414 -0.8694738 0.4710019 -0.1490369 -0.8694511 0.4710158 0.149043 -0.8694425 0.4709449 0.1490347 -0.8694823 0.4291078 0.4338932 -0.7922142 0.4291091 0.433887 -0.7922168 0.3491351 0.6801863 -0.6445552 0.3491171 0.6801903 -0.6445606 0.238144 0.8660129 -0.4396691 0.2381452 0.8660129 -0.4396688 0.1059889 0.9749224 -0.1956853 0.1059417 0.9749206 -0.1957197 -0.03559148 0.9972006 0.06575983 -0.03561919 0.9972005 0.06574577 -0.1740174 0.930881 0.3212143 -0.1741807 0.9308872 0.3211079 -0.2972975 0.7818319 0.5480448 -0.2969856 0.7818034 0.5482544 -0.3935384 0.5632945 0.726517 -0.3935078 0.5633022 0.7265276 -0.4550645 0.2948179 0.8402373 -0.4551528 0.294802 0.8401952 0.1740397 0.2454963 0.9536466 0.2560902 -0.02608555 0.9663009 0.2715816 0 0.9624154 0.2862555 -0.06595951 0.9558803 0.254585 0.1317395 0.9580351 0.2912667 0.1698276 0.9414469 0.2862371 0.06587207 0.9558919 0.2770816 0.02407175 0.9605448 0.2815287 -0.17401 0.9436431 0.2801252 -0.1717902 0.9444671 0.2882583 -0.1203669 0.9499574 0.2876737 -0.08988761 0.953501 0.2970503 0.198701 0.9339588 0.3201815 0.3298419 0.8880813 0.3201839 0.3298298 0.8880848 0.366461 0.4705989 0.8026475 0.3664568 0.4706128 0.8026414 0.4274556 0.5840773 0.6900257 0.4274612 0.5840516 0.6900439 0.4996243 0.6635774 0.556813 0.4996258 0.6635563 0.5568368 0.5787257 0.7044923 0.4108127 0.5787293 0.7045167 0.4107661 0.3008994 -0.2186297 0.9282569 0.3201782 -0.329832 0.888086 0.3201879 -0.3298391 0.8880799 0.3664637 -0.4706093 0.8026403 0.366454 -0.4706032 0.8026481 0.4274459 -0.584061 0.6900456 0.4274768 -0.5840647 0.6900234 0.4996134 -0.6635665 0.5568357 0.499641 -0.6635636 0.5568144 0.578746 -0.7044993 0.4107723 0.5787034 -0.7045153 0.4108048 0.7093621 -0.6859294 0.1621923 0.7094015 -0.6858696 0.1622731 0.8211044 -0.5690823 -0.04396665 0.8211184 -0.5690671 -0.04390043 0.9052182 -0.3753991 -0.1991371 0.9052008 -0.3754046 -0.1992053 0.9502952 -0.1310348 -0.2824339 0.9502786 -0.1310201 -0.2824967 0.9502759 0.1310424 -0.2824956 0.9502962 0.1310132 -0.2824406 0.9051942 0.3754252 -0.1991968 0.9052228 0.3753807 -0.1991508 0.8211325 0.5690456 -0.04391545 0.8210915 0.5691023 -0.0439471 0.7094182 0.6858586 0.1622456 0.7093504 0.6859338 0.1622246 0.5850207 0.7101189 0.3917677 0.5850526 0.7100929 0.3917673 0.4649965 0.6384125 0.6133577 0.4647744 0.6385248 0.6134092 0.3651332 0.4805279 0.7973523 0.3654606 0.4804568 0.7972452 0.2997868 0.2576152 0.9185653 0.2996411 0.2576016 0.9186168 0.2766933 0 0.9609583 0.2767014 0 0.960956 0.2996454 -0.2576556 0.9186002 0.2997696 -0.2575649 0.9185851 0.3654396 -0.480361 0.7973126 0.3654418 -0.4803964 0.7972903 0.3654419 -0.4803964 0.7972902 0.3654419 -0.4803964 0.7972902 0.4648013 -0.6385712 0.6133406 0.4649518 -0.6383805 0.613425 0.5720061 -0.7036848 0.4214698 0.5719989 -0.7036983 0.421457 0.636902 -0.7067438 0.3080084 0.6369169 -0.7067437 0.3079777 0.8470396 -0.4730786 -0.2423238 0.9501916 -0.2503457 -0.1856427 0.9315243 -0.2717955 -0.2416393 0.9315243 -0.2717955 -0.2416393 0.9315245 -0.2717955 -0.2416393 0.9544937 -0.09263163 -0.2834806 0.8327978 -0.5526968 -0.03120905 0.8343847 -0.5479792 -0.05933982 0.8917256 -0.4191859 -0.1706127 0.9544913 0.09263402 -0.2834879 0.9351491 0.2553899 -0.2455044 0.9484037 0.2554597 -0.1878055 0.9173597 0.3386937 -0.2091361 0.9173596 0.3386937 -0.2091361 0.9173596 0.3386937 -0.2091361 0.8874667 0.432307 -0.15973 0.8874067 0.4323155 -0.1600398 0.8343847 0.5479792 -0.05933982 0.8327959 0.5526998 -0.03120917 0.7995664 0.6005232 0.008097887 0.7485358 0.6560568 0.09635162 0.7484068 0.6561995 0.09638249 0.6631286 0.7041686 0.2537856 0.6631363 0.7041625 0.2537823 0.5748654 0.7041556 0.4167671 0.5749415 0.7041159 0.4167289 0.4895697 0.6560744 0.5743587 0.4896121 0.6560631 0.5743356 0.4132142 0.5634625 0.715377 0.4132441 0.5634601 0.7153615 0.3507718 0.4323077 0.8307041 0.3507017 0.4322853 0.8307454 0.3065402 0.2717498 0.9122418 0.3064897 0.2717043 0.9122723 0.2836046 0.0925706 0.9544628 0.2838796 0.09280478 0.9543582 0.2836502 -0.0927729 0.9544296 0.2836502 -0.0927729 0.9544296 0.2836502 -0.0927729 0.9544296 0.2836413 -0.09282708 0.9544269 0.3064792 -0.2717692 0.9122567 0.3065452 -0.2716873 0.9122589 0.3507049 -0.4323368 0.8307172 0.3507484 -0.4322625 0.8307374 0.4132281 -0.5634527 0.7153766 0.4132336 -0.563468 0.7153614 0.4895948 -0.656053 0.5743618 0.4895969 -0.6560784 0.5743311 0.5749107 -0.7041074 0.4167858 0.5749005 -0.7041578 0.416715 0.6631378 -0.7041587 0.253789 0.6631286 -0.7041708 0.2537793 0.7484629 -0.6561525 0.09626698 0.7484694 -0.6561177 0.09645277 0.7995664 -0.6005232 0.008097887 0.2894786 0.7039957 0.6485308 0.4475296 0.703982 0.5514768 0.447483 0.7040506 0.5514271 0.5749632 0.704011 0.4168763 0.1091282 0.7212403 0.6840348 0.1452867 0.7078458 0.6912641 0.289517 0.7009749 0.6517776 0.6632093 0.7040824 0.2538138 0.6632093 0.7040824 0.2538137 0.6632093 0.7040824 0.2538136 0.7062171 0.7041742 0.07345801 0.7062171 0.7041743 0.07345801 0.7062171 0.7041743 0.07345801 0.7065716 0.7037993 0.07364284 0.6954232 0.6993021 -0.1654182 0.7689266 0.6274581 -0.1226717 0.6325163 0.7212839 -0.2822636 0.6224037 0.7066997 -0.336436 0.6224033 0.706699 -0.3364384 0.6224032 0.706699 -0.3364384 0.5514755 0.7039784 -0.4475368 0.5514802 0.7040438 -0.4474284 0.4168367 0.704024 -0.574976 0.4168494 0.7040469 -0.5749388 0.2538703 0.7040609 -0.6632105 0.2537649 0.7039485 -0.6633702 0.07346826 0.7039306 -0.7064589 0.0735405 0.7039903 -0.7063919 -0.1117299 0.7039901 -0.7013661 -0.1118112 0.7039384 -0.701405 -0.2895026 0.7039376 -0.6485832 -0.2893792 0.7040137 -0.6485557 -0.4474969 0.7040445 -0.5514235 -0.4475174 0.7040335 -0.551421 -0.5749337 0.7040498 -0.4168515 -0.5749377 0.7040485 -0.4168482 -0.6631842 0.7040663 -0.2539241 -0.6630948 0.7041802 -0.2538415 -0.6630948 0.7041802 -0.2538416 -0.6630948 0.7041802 -0.2538415 -0.706448 0.7039434 -0.07344961 -0.7063992 0.7039867 -0.0735042 -0.7013706 0.7039854 0.1117318 -0.7013864 0.7039649 0.1117611 -0.6485049 0.7039564 0.2896325 -0.6484666 0.7040719 0.289437 -0.5514832 0.7040693 0.4473842 -0.5513855 0.7041867 0.4473199 -0.5513855 0.7041869 0.4473199 -0.4169 0.7039636 0.5750042 -0.4169017 0.7039605 0.5750066 -0.2537688 0.7039517 0.6633652 -0.2538908 0.7040857 0.6631762 -0.07361471 0.7040727 0.7063021 -0.07350468 0.7039872 0.7063987 0.05848175 0.7064804 0.7053122 0.2589056 0.704402 -0.6608977 0.2588722 0.7044157 -0.6608961 0.0899977 0.7044168 -0.7040578 0.0899924 0.7044192 -0.7040562 -0.08431422 0.7044186 -0.7047592 -0.0843299 0.7044256 -0.7047504 -0.2535234 0.7044246 -0.662957 -0.2535092 0.7044168 -0.6629708 -0.4074636 0.7044131 -0.5811846 -0.4074575 0.7044081 -0.581195 0.3367869 0.7070906 -0.6217698 0.3367866 0.7071098 -0.621748 0.6563599 0.7053901 -0.2676125 0.6563511 0.705396 -0.2676188 0.5915336 0.7053946 -0.3905209 0.591556 0.7053826 -0.3905087 0.5039794 0.7053832 -0.498437 0.5039534 0.7053954 -0.4984459 0.3970711 0.7053961 -0.5871551 0.3970604 0.7054007 -0.5871567 0.6777896 0.7071004 -0.2015202 0.6777893 0.7071013 -0.2015179 0.6533569 0.7053844 0.2748777 0.6533545 0.7053937 0.2748594 0.6944162 0.7053927 0.1421526 0.6944217 0.7053837 0.1421702 0.708814 0.7053845 0.003941178 0.7088132 0.7053853 0.003938198 0.6959615 0.7053857 -0.13442 0.6959496 0.7053947 -0.1344338 0.6217502 0.7071098 0.3367825 0.62176 0.7071001 0.3367848 0.6217666 0.7070944 0.3367847 0.8793398 -2.10499e-4 0.4761949 0.8792595 1.1866e-4 0.476343 0.8793 1.70751e-6 0.4762684 0.8792197 5.33477e-5 0.4764166 0.8792948 -6.19096e-7 0.4762781 0.8792873 2.69037e-5 0.4762919 0.8792968 3.4357e-5 0.4762742 0.879298 6.55033e-5 0.4762722 -0.3851203 0.706026 0.5943145 -0.6472197 0.706021 -0.2874736 -0.6473 0.7059903 -0.2873681 -0.6842872 0.7059873 -0.1825731 -0.6842622 0.7059995 -0.1826199 -0.7044031 0.7060005 -0.07334625 -0.7044098 0.7059958 -0.07332617 -0.7072083 0.7059965 0.03775674 -0.7072116 0.7059924 0.03776985 -0.6925922 0.7059934 0.147951 -0.6925925 0.7059954 0.14794 -0.6609209 0.7059952 0.254469 -0.6609277 0.7060074 0.2544174 -0.6129444 0.7060047 0.3547626 -0.6129597 0.7060181 0.3547096 -0.5499475 0.7060189 0.4462008 -0.5499315 0.7060101 0.4462345 -0.4733421 0.7060091 0.5267812 -0.4733527 0.7060139 0.5267653 -0.3851587 0.7060168 0.5943007 -0.3771013 0.7252591 0.5760156 0.2849824 -2.3967e-5 0.9585328 0.2850149 0 0.9585231 0.2849557 -1.31317e-5 0.9585407 0.2850034 3.63888e-5 0.9585265 0.2850034 3.64653e-5 0.9585266 0.2850035 3.62889e-5 0.9585265 0.2849925 1.23855e-4 0.9585298 0.284984 -1.06191e-4 0.9585323 0.2849956 0 0.9585289 0.2849541 -1.45871e-5 0.9585412 0.2850193 3.41904e-5 0.9585219 0.2850562 7.23021e-5 0.9585109 -0.1232994 0.965911 0.2276248 -0.1233038 0.9659084 0.2276341 -0.3367894 0.7070937 0.6217648 -0.3367866 0.7071594 0.6216916 -0.4601181 0.2587713 0.8493109 -0.5264143 0.1382732 0.8389093 -0.4400117 0.3825209 0.8124455 -0.4400117 0.382521 0.8124454 -0.4400117 0.3825209 0.8124455 -0.8792956 0 -0.4762764 -0.8793728 -6.24233e-5 -0.4761338 -0.8792951 -2.19481e-6 -0.4762773 -0.8792958 0 -0.476276 -0.8792892 -4.46558e-5 -0.4762882 -0.8792876 -4.44113e-6 -0.4762912 -0.8792771 9.17357e-5 -0.4763109 -0.8792771 9.17347e-5 -0.4763109 -0.8792771 9.17477e-5 -0.4763109 -0.8792934 1.85162e-5 -0.4762805 -0.8792572 7.33251e-5 -0.4763473 -0.8793058 -2.87009e-5 -0.4762576 0.6019961 0 -0.7984991 0.8106483 0 -0.5855335 0.8106459 0 -0.5855368 0.9471928 0 -0.3206647 0.9471928 0 -0.3206647 0.9996315 0 -0.02714622 0.9996316 0 -0.02714622 0.9632287 0 0.2686829 0.9632294 0 0.2686808 0.8412261 0 0.5406836 0.8412281 0 0.5406804 0.6445358 0 0.7645741 0.6445382 0 0.7645722 0.3905237 0 0.9205929 0.1017977 0 0.9948052 -0.1959606 0 0.9806118 -0.1959618 0 0.9806116 -0.4763256 0 0.879269 -0.714281 0 0.6998591 -0.7142787 0 0.6998614 -0.888845 0 0.4582079 -0.8888453 0 0.4582077 -0.9844172 0 0.1758496 -0.9844172 0 0.1758496 -0.9925184 0 -0.1220957 -0.9925184 0 -0.1220957 -0.912417 0 -0.4092619 -0.7512325 0 -0.6600377 -0.75123 0 -0.6600406 -0.5233857 0 -0.8520959 -0.5233902 0 -0.8520932 -0.2489349 0 -0.9685203 -0.2489327 0 -0.9685209 0.0476275 0 -0.9988652 0.04762709 0 -0.9988652 0.3399372 0 -0.9404482 0.3399332 0 -0.9404496 -0.87924 -1.51076e-4 -0.476379 -0.8792707 -1.28774e-4 -0.4763224 -0.8793076 3.55741e-5 -0.4762543 -0.8793019 9.0155e-5 -0.4762649 -0.8792915 1.70554e-4 -0.4762839 -0.879298 5.69524e-5 -0.4762719 -0.8792681 7.89966e-5 -0.4763272 -0.8793413 -4.90453e-5 -0.4761921 0.8659309 -0.1736607 0.4690477 0.8659302 -0.1736611 0.4690487 0.7614898 -0.499997 0.4124759 0.7614876 -0.4999995 0.4124771 0.5652084 -0.7660334 0.3061574 0.5652476 -0.7660083 0.3061481 0.3007088 -0.9397063 0.1628692 0.3006761 -0.9397159 0.1628745 0 -1 -1.63672e-7 -0.300677 -0.9397158 -0.1628733 -0.3007238 -0.939702 -0.1628664 -0.565261 -0.7660032 -0.3061361 -0.5651857 -0.7660514 -0.3061544 -0.761495 -0.4999768 -0.4124906 -0.7614933 -0.4999788 -0.4124913 -0.8659163 -0.17371 -0.4690564 -0.8659515 -0.1736389 -0.4690175 -0.9330525 0.2577316 0.2509728 -0.9330526 0.2577316 0.2509729 -0.9330525 0.2577317 0.2509728 -0.9330728 0.2576837 0.2509469 -0.8673501 0.4805228 0.1296219 -0.8674027 0.4804441 0.1295608 -0.7677462 0.6384416 -0.05438983 -0.7677586 0.6384261 -0.05439758 -0.6477404 0.7101133 -0.275992 -0.6477094 0.7101427 -0.2759891 -0.5233981 0.6859579 -0.5054863 -0.5232695 0.6860338 -0.5055162 -0.5232695 0.6860338 -0.5055163 -0.5232695 0.6860338 -0.5055162 -0.4117847 0.5690422 -0.7117756 -0.4116624 0.5690845 -0.7118124 -0.3275693 0.3754596 -0.8670228 -0.327562 0.3754582 -0.8670262 -0.2824813 0.1310977 -0.9502725 -0.2824449 0.1310905 -0.9502843 -0.282444 -0.1311032 -0.9502828 -0.2824789 -0.1310853 -0.9502749 -0.3275618 -0.3754623 -0.8670246 -0.3275724 -0.3754553 -0.8670234 -0.4116752 -0.5691154 -0.7117803 -0.4117587 -0.5690191 -0.7118091 -0.5235269 -0.6858357 -0.5055187 -0.523432 -0.6859706 -0.5054337 -0.6477144 -0.7101438 -0.2759745 -0.6477331 -0.710115 -0.2760047 -0.7677554 -0.6384293 -0.05440479 -0.7677501 -0.6384374 -0.05438387 -0.8673929 -0.4804695 0.129533 -0.8673648 -0.4804909 0.1296409 -0.9330856 -0.257596 0.2509892 -0.933065 -0.2576202 0.2510409 -0.933065 -0.2576203 0.2510409 -0.9564301 -0.06537848 0.2845473 -0.9564301 -0.06537848 0.2845472 -0.9564301 -0.06537848 0.2845473 -0.9564957 -0.06531006 0.2843425 -0.95649 0.06539571 0.2843419 -0.9565274 0.06530267 0.2842379 -0.6217503 0.7071101 -0.3367819 -0.6217592 0.7071018 -0.3367828 -0.5438127 0 0.8392067 -0.6078383 0.02051073 0.793796 -0.6683701 0 0.7438289 -0.7765508 0 0.6300547 -0.8233792 0.0204969 0.5671214 -0.8654878 0 0.5009301 -0.9332183 0 0.3593102 -0.9583297 0.02051538 0.284927 -0.977936 0 0.2089051 -0.998578 0 0.05331081 -0.9994718 0.02051591 -0.02520585 -0.9946227 0 -0.1035652 -0.9662014 0 -0.2577885 -0.9427683 0.02053838 -0.3328157 -0.9139062 0 -0.4059258 0 -1 1.72084e-7 0 -1 -2.79941e-7 0 -1 0 0 -1 0 0 -1 0 0 -1 0 0 -1 2.30796e-7 0 -1 2.40362e-7 0 -1 -3.65388e-7 0 -1 0 0 -1 0 0 -1 -1.71142e-7 0 -1 0 0 -1 2.41866e-7 0 -1 0 0 -1 0 0 -1 1.614e-7 0 -1 -1.45665e-7 0 -1 0 0 -1 0 0 -1 1.40856e-7 0 -1 7.11099e-7 0 -1 -2.8619e-7 0 -1 3.80468e-7 0 -1 -2.88481e-7 0 -1 0 0 -1 0 0 -1 5.81079e-7 0 -1 -8.31327e-7 0 -1 -2.50431e-7 0.4671331 -0.1951251 -0.8623879 0.4671356 -0.1951452 -0.862382 0.3960149 -0.5555948 -0.7310859 0.3960186 -0.5555409 -0.7311249 0.2646087 -0.8314647 -0.4885169 0.2646012 -0.8314858 -0.488485 0.09293705 -0.9807781 -0.1715725 0.09293746 -0.9807778 -0.1715737 0.4671313 0.1951452 -0.8623844 0.4671375 0.1951252 -0.8623855 0.396032 0.5555408 -0.7311177 0.3960015 0.555595 -0.7310931 0.2645933 0.831486 -0.4884889 0.2646167 0.8314644 -0.488513 0.09293776 0.9807778 -0.1715741 0.09293675 0.9807782 -0.1715721 -0.2595138 0.4732018 -0.8418627 -0.2595137 0.4732017 -0.8418627 -0.3634468 0.2505084 -0.8973027 -0.3634468 0.2505084 -0.8973026 -0.3634468 0.2505084 -0.8973026 -0.306401 0.271659 -0.9123156 -0.2835316 0.09278899 -0.9544633 -0.4289004 0.5525876 -0.7146267 -0.4060488 0.5478389 -0.7314349 -0.3442194 0.4191762 -0.8401218 -0.2836015 -0.09278845 -0.9544426 -0.3047711 -0.255474 -0.9175226 -0.36077 -0.2554807 -0.8969808 -0.36077 -0.2554808 -0.8969809 -0.325977 -0.3386811 -0.8826291 -0.3259771 -0.3386811 -0.8826292 -0.325977 -0.3386811 -0.8826292 -0.3507839 -0.4323787 -0.830662 -0.3507976 -0.4323742 -0.8306585 -0.4060488 -0.5478389 -0.7314349 -0.4289056 -0.5525857 -0.7146252 -0.4438229 -0.6008458 -0.6648351 -0.4896348 -0.656125 -0.5742454 -0.4896458 -0.6561067 -0.574257 -0.574912 -0.704105 -0.4167882 -0.5749223 -0.7040688 -0.416835 -0.6631507 -0.7040753 -0.2539865 -0.6631284 -0.7041704 -0.2537811 -0.7484629 -0.6561522 -0.09626859 -0.7485656 -0.6559975 -0.09652364 -0.7485656 -0.6559976 -0.0965237 -0.7485656 -0.6559975 -0.09652364 -0.8248979 -0.5634959 0.04489862 -0.824907 -0.5634886 0.04482471 -0.8873631 -0.4323828 0.1600993 -0.887359 -0.4323734 0.1601475 -0.9315289 -0.2717072 0.2417213 -0.9315425 -0.2717626 0.2416065 -0.9543946 -0.09265863 0.283805 -0.9544242 -0.09277641 0.2836674 -0.9544363 0.09264558 0.2836695 -0.954389 0.09278774 0.2837817 -0.9315599 0.271681 0.2416313 -0.931518 0.2717808 0.2416804 -0.8873474 0.4324038 0.1601304 -0.8873713 0.4323582 0.1601209 -0.8249268 0.563457 0.0448572 -0.8248839 0.5635194 0.04485911 -0.748452 0.6561658 -0.09626066 -0.7484649 0.6561514 -0.09625852 -0.6630424 0.7042042 -0.2539123 -0.6632175 0.7040643 -0.2538427 -0.5749446 0.7040717 -0.4167994 -0.5748952 0.7040965 -0.4168258 -0.4896456 0.6561155 -0.574247 -0.4896389 0.6561138 -0.5742548 -0.4438229 0.6008458 -0.6648351 -0.8939769 -0.2454067 0.3749412 -0.8939769 -0.2454067 0.3749412 -0.8939769 -0.2454066 0.3749412 -0.9492983 0.02595651 0.3133033 -0.954479 0 0.2982785 -0.9570199 0.06584793 0.2824484 -0.9415181 -0.1316836 0.3101662 -0.9476745 -0.1698321 0.2703152 -0.9570212 -0.06601345 0.2824053 -0.9559112 -0.02394914 0.2926778 -0.9441905 0.1740301 0.279675 -0.9441123 0.1717976 0.2813143 -0.9531512 0.1203961 0.2775025 -0.9557959 0.08995699 0.2799323 -0.9557958 0.08995699 0.2799323 -0.9445574 -0.1987081 0.2613933 -0.9187875 -0.3297643 0.2169913 -0.9187673 -0.3298155 0.2169987 -0.8724612 -0.4706518 0.1315232 -0.8724898 -0.4705976 0.1315275 -0.8114904 -0.5840594 0.0189206 -0.8114938 -0.5840548 0.01892197 -0.7393532 -0.6635522 -0.11426 -0.7393354 -0.6635702 -0.1142711 -0.6602215 -0.7045103 -0.2603322 -0.6602191 -0.7045117 -0.2603346 -0.9418849 0.2186232 0.2550624 -0.918776 0.329807 0.2169751 -0.9187766 0.3297743 0.2170221 -0.8724796 0.4706103 0.1315501 -0.8724752 0.4706344 0.1314934 -0.8114929 0.5840558 0.01892423 -0.8114912 0.5840584 0.01891785 -0.7393421 0.6635616 -0.1142776 -0.7393444 0.6635635 -0.1142515 -0.6602203 0.7045105 -0.2603347 -0.6602208 0.7045114 -0.2603313 -0.4709848 -0.149041 0.8694598 -0.4709847 -0.1490411 0.8694598 -0.4709847 -0.1490411 0.8694598 -0.4292863 -0.433885 0.7921218 -0.4292864 -0.4338851 0.7921218 -0.4292864 -0.4338852 0.7921218 -0.4291558 -0.4339334 0.7921662 -0.3491761 -0.6801905 0.6445285 -0.3491755 -0.6801877 0.6445318 -0.2381975 -0.8660089 0.4396483 -0.2381792 -0.8660154 0.4396452 -0.1060163 -0.97492 0.1956825 -0.1060483 -0.9749187 0.1956714 0.03562861 -0.9972007 -0.06573885 0.03561168 -0.9972007 -0.06574684 0.1739898 -0.9308862 -0.3212144 0.1741735 -0.9308784 -0.3211372 0.2972611 -0.7818093 -0.5480969 0.2969684 -0.7818325 -0.5482225 0.3935443 -0.563299 -0.7265102 0.3935455 -0.5632965 -0.7265117 0.4551374 -0.2948087 -0.8402011 0.4551227 -0.294812 -0.8402079 0.4763125 0 -0.8792762 0.4762981 0 -0.8792839 0.4551373 0.2948098 -0.8402008 0.4551227 0.2948117 -0.840208 0.3935449 0.5632975 -0.7265112 0.3935446 0.5632974 -0.7265113 0.2969828 0.7818086 -0.5482487 0.2972469 0.7818327 -0.5480712 0.1738958 0.9308689 -0.321315 0.1738958 0.9308689 -0.3213151 0.173994 0.9308797 -0.3212308 0.03561246 0.9972006 -0.06574827 0.03562778 0.9972008 -0.06573784 -0.1060469 0.9749199 0.1956658 -0.1060179 0.9749188 0.1956877 -0.2381958 0.8660121 0.4396429 -0.2381807 0.8660123 0.4396505 -0.349175 0.6801885 0.6445312 -0.3491764 0.6801895 0.6445295 -0.4291514 0.4338904 0.7921922 -0.4290077 0.4338843 0.7922732 -0.4290078 0.4338843 0.7922733 -0.4290077 0.4338843 0.7922732 -0.4709116 0.1490433 0.869499 -0.4709116 0.1490433 0.8694989 -0.4709117 0.1490433 0.869499 -0.4709488 0.1489816 0.8694894 -0.4709587 -0.1490425 0.8694736 -0.33674 -0.7070903 0.6217954 -0.3368117 -0.7071197 0.6217232 -0.7274942 -0.6860539 0.009069144 -0.6808906 -0.7268182 0.09012961 -0.6821683 -0.7071037 -0.186148 -0.6821683 -0.7071036 -0.186148 -0.6821683 -0.7071036 -0.186148 -0.6906074 -0.7061766 -0.1561287 -0.7109506 -0.6938492 -0.1145533 -0.7028222 -0.7002854 -0.1250658 -0.7039988 -0.707207 -0.06514614 -0.7039989 -0.707207 -0.06514614 -0.7086599 -0.7053573 -0.01649981 -0.5751183 -0.7070248 -0.4115278 -0.5996571 -0.7011998 -0.3856558 -0.6101223 -0.6969243 -0.3768918 -0.7523592 -0.6187878 -0.2259588 -0.6685305 -0.7063705 -0.2326105 -0.6677941 -0.6823636 -0.2973735 -0.662059 -0.7055279 -0.252801 -0.6279318 -0.707041 -0.325261 -0.616594 -0.7032628 -0.3538832 -0.5568263 -0.70704 -0.4359348 -0.5253021 -0.7015488 -0.4815466 -0.5142917 -0.7060161 -0.4868731 0 1 -2.8619e-7 0 1 0 0 1 -1.73003e-7 0 1 0 0 1 0 0 1 -1.52026e-7 0 1 5.97582e-7 0 1 -5.71847e-7 0 1 0 0 1 0 0 1 0 0 1 -5.83728e-7 0 1 3.71327e-7 0 1 -2.50431e-7 0 1 5.41502e-7 0 1 0 0 1 0 0 1 0 0 1 0 0 1 1.72084e-7 0 1 -1.33595e-7 0 1 1.614e-7 0 1 4.28811e-7 0 1 -1.71052e-7 0 1 0 0 1 0 0 1 -3.65388e-7 0 1 -5.33985e-7 0 1 3.63161e-7 0 1 1.40856e-7 0 -1 -1.2519e-6 0 -1 1.04528e-6 0 -1 -1.27895e-6 0 -1 -1.24618e-7 0 -1 -3.02449e-7 0 -1 5.60705e-7 0 -1 -2.73621e-7 0 -1 0 0 -1 2.83336e-7 0 -1 5.82844e-7 0 -1 -1.13734e-6 0 -1 6.01213e-7 0 -1 -5.65112e-7 0 -1 6.11273e-7 0 -1 -5.5475e-7 0 -1 7.75412e-7 0 -1 -5.68497e-7 0.3647577 0 -0.9311025 0.3647583 0 -0.9311022 0.1267955 0 -0.9919289 0.1267963 0 -0.9919288 -0.5740614 0 -0.8188123 -0.5740618 0 -0.818812 0.4762749 0 -0.8792966 0.4762777 0 -0.879295 0.4762747 -7.62627e-6 -0.8792966 0.4763963 0 -0.8792307 0.4760997 0 -0.8793914 0.4760997 0 -0.8793914 0.4760997 0 -0.8793914 0.4762776 7.49853e-6 -0.879295 0.9259905 0 -0.3775469 0.9259905 0 -0.3775469 0.8345386 0 -0.5509494 0.7110055 0 -0.7031866 0.7110053 0 -0.7031868 0.5601911 0 -0.8283635 0.9585346 1.83351e-5 -0.2849762 0.9584996 -6.77857e-5 -0.2850939 0.9585563 3.00459e-5 -0.2849034 0.9585394 -1.29117e-5 -0.2849603 0.9585563 -3.00459e-5 -0.2849034 0.9585394 1.29117e-5 -0.2849603 0.9585347 4.54284e-6 -0.284976 0.9585277 0 -0.2849996 0.9585277 0 -0.2849997 0.9585347 -4.54284e-6 -0.284976 0.9585492 7.38317e-5 -0.2849271 0.9585306 -1.9497e-5 -0.2849902 0.9584959 0 -0.2851064 0.9584959 0 -0.2851064 0.9584959 0 -0.2851065 0.9585359 0 -0.2849722 0.9585305 -4.73499e-6 -0.2849902 0.9585346 -1.83351e-5 -0.2849762 0.9584997 6.83963e-5 -0.2850938 0.9796837 0 0.200549 0.9796836 0 0.2005491 0.9217466 0 0.387793 0.9217463 0 0.3877935 0.9656668 0 -0.2597839 0.977744 -0.01433181 -0.2093119 0.9815283 -0.0257588 -0.1895754 0.990504 0 -0.1374838 0.8792985 -2.98498e-5 0.4762714 0.8792674 0 0.4763285 0.8792722 1.26863e-4 0.4763196 0.8792778 8.06095e-5 0.4763092 0.8792779 8.06263e-5 0.4763092 0.8792779 8.06117e-5 0.4763092 0.8792464 5.26186e-5 0.4763672 0.8792765 2.42716e-5 0.4763119 0.8792877 0 0.4762911 0.8792817 -1.05792e-5 0.4763023 0.8792795 -2.29993e-5 0.4763063 0.879306 1.83482e-5 0.4762572 0.8793106 1.76897e-5 0.476249 0.8792786 -4.45184e-5 0.4763081 0.879297 -5.11663e-5 0.476274 0.8792899 -6.87995e-5 0.4762872 0.8792227 6.0819e-5 0.4764113 0.8793522 -5.97704e-5 0.476172 0.8792657 1.37531e-5 0.4763318 0.8792657 1.38053e-5 0.4763318 0.8792657 1.3878e-5 0.4763318 0.879293 -1.40436e-4 0.4762814 0.8792967 -2.35336e-5 0.4762745 0.8792938 5.49479e-5 0.4762799 0.8793033 2.16096e-4 0.4762623 0.8792963 -2.49536e-5 0.4762753 0.8793073 4.66328e-5 0.4762548 0.8793087 4.66775e-5 0.4762523 0.8792877 3.67726e-5 0.4762911 0.8793684 5.946e-5 0.476142 0.8792846 -1.80518e-5 0.4762969 0.8792659 1.52289e-4 0.4763314 0.8793059 -4.31031e-5 0.4762575 0.8793141 0 0.4762422 0.8792902 2.00628e-5 0.4762864 0.8792902 1.99871e-5 0.4762864 0.8792903 2.03382e-5 0.4762863 0.879246 1.36037e-5 0.4763681 0.8792459 1.35895e-5 0.4763681 0.879246 1.35483e-5 0.4763682 0.8793027 0 0.4762634 0.8792929 0 0.4762814 0.8792929 0 0.4762814 0.879293 0 0.4762814 0.8792775 7.03511e-5 0.47631 0.8792976 1.50931e-5 0.476273 0.8792811 -2.68907e-5 0.4763034 0.8793044 0 0.4762603 0.879304 1.77169e-5 0.476261 0.879189 -1.22861e-4 0.4764732 0.879256 -5.6255e-5 0.4763497 0.8790974 -1.40997e-4 0.4766424 0.8792675 -4.8525e-5 0.4763284 0.8793099 0 0.4762501 0.8792849 -5.61482e-5 0.4762963 0.8792925 -8.63411e-5 0.4762822 0.8792927 -8.62631e-5 0.4762821 0.8792926 -8.64067e-5 0.4762821 0.8792818 1.28529e-5 0.4763019 0.8792819 1.28354e-5 0.4763018 0.8792818 1.28219e-5 0.4763019 0.8793023 -1.74164e-5 0.4762641 0.8793022 -1.74326e-5 0.4762642 0.8793023 -1.7448e-5 0.4762641 0.8792894 6.79473e-5 0.4762879 0.8792895 6.79464e-5 0.476288 0.8792895 6.79436e-5 0.476288 0.8792814 -9.81197e-5 0.4763028 0.879247 -5.67139e-5 0.4763663 0.8792431 -5.31768e-5 0.4763736 0.8793461 4.39214e-5 0.4761831 0.8793462 4.39555e-5 0.4761831 0.8793462 4.39734e-5 0.4761831 0.8792659 0 0.4763314 0.8792659 0 0.4763314 0.8792659 0 0.4763314 0.8793172 -1.29845e-5 0.4762366 0.8793172 -1.29668e-5 0.4762366 0.8793172 -1.29407e-5 0.4762366 0.8792184 4.25762e-5 0.476419 0.8792183 4.25054e-5 0.4764191 0.8792183 4.25806e-5 0.476419 0.87935 -2.47276e-5 0.4761762 0.87935 -2.47695e-5 0.4761762 0.87935 -2.47682e-5 0.4761762 0.8791735 4.65562e-5 0.4765018 0.8791732 -2.15199e-4 0.4765022 0.8794021 1.66355e-4 0.47608 0.8793158 -3.39304e-5 0.4762392 0.8793157 -3.37824e-5 0.4762395 0.8793157 -3.37667e-5 0.4762395 0.8792973 -7.76247e-6 0.4762734 0.8792913 3.94171e-5 0.4762845 0.8792792 4.75773e-5 0.4763069 0.8793197 -2.72459e-5 0.4762319 0.8793111 -2.13892e-5 0.4762479 0.8792887 6.58664e-6 0.4762893 0.8792657 0 0.4763317 0.8793264 0 0.4762198 0.8792459 -5.86023e-5 0.4763681 0.8792459 -5.86091e-5 0.4763681 0.8792459 -5.85867e-5 0.4763682 0.8793004 1.6799e-5 0.4762677 0.8793408 8.64894e-5 0.4761931 0.8792511 -1.76336e-4 0.4763585 0.8806498 -2.51434e-6 0.4737678 0.8806489 -3.08611e-6 0.4737694 0.8806481 -3.79822e-6 0.4737712 0.8793635 -4.13377e-5 0.4761512 0.8793635 -4.13282e-5 0.4761512 0.8793635 -4.1342e-5 0.4761512 0.8793777 -1.21914e-4 0.4761249 0.87913 1.15364e-5 0.4765822 0.8791299 1.15776e-5 0.4765822 0.87913 1.15247e-5 0.4765822 0.8795408 -1.0327e-5 0.4758237 0.879541 -1.08283e-5 0.4758232 0.8795409 -1.05569e-5 0.4758235 0.879296 4.13055e-6 0.4762759 0.879296 4.18257e-6 0.4762759 0.879296 4.15717e-6 0.4762759 0.8793051 -6.34714e-6 0.4762589 0.879305 -6.57572e-6 0.4762591 0.8793051 -6.20348e-6 0.476259 0.8791512 8.34109e-5 0.476543 0.8791864 6.4682e-5 0.4764781 0.8791862 6.50914e-5 0.4764785 0.8791863 6.45526e-5 0.4764783 0.8794326 -1.71674e-5 0.4760233 0.8794327 -1.71984e-5 0.4760234 0.8794327 -1.71731e-5 0.4760234 0.8793401 7.92944e-5 0.4761945 0.8794097 1.29702e-4 0.4760657 0.8793579 7.88907e-5 0.4761614 0.8793494 4.488e-4 0.4761771 0.8793092 1.09957e-4 0.4762515 0.8793092 1.09958e-4 0.4762515 0.8793092 1.09948e-4 0.4762515 0.8793644 3.87366e-4 0.4761492 0.8792763 -2.15864e-5 0.4763121 0.8792762 -2.15254e-5 0.4763122 0.8792764 -2.16421e-5 0.476312 0.8793021 8.63759e-5 0.4762645 0.8793021 8.63657e-5 0.4762645 0.8793022 8.63504e-5 0.4762645 0.8792951 -7.33807e-5 0.4762774 0.8792861 1.05458e-4 0.4762942 0.8792861 1.05463e-4 0.4762941 0.8792861 1.05458e-4 0.4762942 0.8792929 -6.92373e-5 0.4762815 0.8792929 -6.92482e-5 0.4762816 0.8792929 -6.92431e-5 0.4762815 0.8792617 -8.74078e-6 0.4763389 0.8792617 -8.47116e-6 0.4763389 0.8792617 -8.52515e-6 0.476339 0.8792564 -4.08445e-5 0.4763489 0.8793218 5.73532e-6 0.4762283 0.8793217 5.63441e-6 0.4762282 0.8793218 5.62394e-6 0.4762282 0.879282 3.64758e-6 0.4763017 0.8792863 0 0.4762938 0.8792805 3.1339e-6 0.4763044 0.8792806 3.49991e-6 0.4763041 0.8792806 3.36114e-6 0.4763042 0.8793028 3.46617e-5 0.4762632 0.8793029 3.47529e-5 0.4762631 0.8793028 3.45751e-5 0.4762632 0.8792966 -3.13685e-5 0.4762747 0.8792966 -3.13941e-5 0.4762747 0.8792966 -3.13897e-5 0.4762747 0.8792896 -1.53798e-6 0.4762875 0.8792897 -1.63994e-6 0.4762874 0.8792897 -1.56852e-6 0.4762874 0.8793007 -8.29863e-6 0.476267 0.8793009 1.3627e-5 0.4762668 0.8793035 1.04032e-5 0.476262 0.8793035 1.05553e-5 0.476262 0.8793035 1.04474e-5 0.4762619 0.8792822 -1.39428e-5 0.4763014 0.8792893 -4.38791e-5 0.476288 0.8793016 1.98065e-4 0.4762652 0.8793017 1.98055e-4 0.4762653 0.8793017 1.98059e-4 0.4762653 0.8792968 2.25739e-5 0.4762744 0.8792967 2.25687e-5 0.4762744 0.8792968 2.25691e-5 0.4762744 0.8792954 -2.10379e-6 0.4762768 0.8793111 -4.81451e-5 0.4762479 0.8793112 -4.78313e-5 0.4762477 0.8793111 -4.80412e-5 0.4762479 0.8793147 -1.17106e-4 0.4762411 0.8792898 0 0.4762873 0.8792157 1.39423e-4 0.4764242 0.8793165 0 0.476238 0.879347 1.46195e-5 0.4761816 0.879347 1.46292e-5 0.4761817 0.879347 1.46438e-5 0.4761816 0.8792548 -1.77385e-5 0.4763521 0.8792243 5.2419e-5 0.4764083 0.8793227 -2.10596e-5 0.4762266 0.879293 0 0.4762814 0.8792327 8.70331e-5 0.4763926 0.8792541 5.52542e-5 0.4763532 0.8793298 -4.04598e-5 0.4762135 0.8793298 -4.04295e-5 0.4762135 0.8793298 -4.04303e-5 0.4762135 0.8792876 -3.81707e-5 0.4762915 0.8792895 -4.0842e-4 0.4762878 0.8792856 4.58724e-5 0.4762948 0.8792816 0 0.4763023 0.8792833 4.39723e-5 0.4762994 0.8792833 4.39573e-5 0.4762994 0.8792833 4.39728e-5 0.4762994 0.8792459 -5.3968e-5 0.4763684 0.8792985 2.98498e-5 0.4762714 0.8793346 2.32957e-4 0.4762045 0.8792722 -1.26863e-4 0.4763196 0.879293 1.40436e-4 0.4762814 0.8793072 -1.30459e-5 0.4762551 0.8792888 5.09195e-6 0.476289 0.8792728 -6.30054e-6 0.4763187 0.8792849 -6.07634e-5 0.4762963 0.8793029 2.2647e-5 0.476263 0.8793053 -5.82732e-6 0.4762586 0.8792946 -1.94141e-5 0.4762786 0.8792918 -3.9417e-5 0.4762835 0.8793804 8.05823e-6 0.4761202 0.879294 5.58809e-5 0.4762794 0.8792954 6.55538e-5 0.476277 0.8793696 0 0.4761398 0.8793304 -1.2434e-5 0.4762122 0.8793216 0 0.4762284 0.8793829 4.50208e-6 0.4761152 0.8792954 -6.55538e-5 0.476277 0.8792812 -1.99003e-5 0.4763031 0.8792749 -3.04747e-5 0.4763148 0.8793059 4.31031e-5 0.4762575 0.8793682 -5.96544e-5 0.4761424 0.8792869 -3.67727e-5 0.4762926 0.8792628 -4.51601e-5 0.4763371 0.8792428 2.17601e-5 0.4763742 0.8793368 1.57279e-5 0.4762005 0.8793367 1.56596e-5 0.4762005 0.8793368 1.5663e-5 0.4762005 0.879302 -2.31491e-5 0.4762646 0.8792919 -1.12578e-4 0.4762832 0.8792967 2.35336e-5 0.4762745 0.8792899 6.87995e-5 0.4762872 0.8792815 9.32417e-5 0.4763025 0.8792912 2.02221e-5 0.4762845 0.8793068 -8.53495e-6 0.476256 0.8793092 -2.43689e-5 0.4762514 0.8792792 2.26455e-5 0.476307 0.8792817 1.05792e-5 0.4763023 0.8792877 -2.88587e-7 0.4762911 0.8792933 -2.13101e-5 0.4762809 0.8792186 7.53803e-5 0.4764187 -0.3674254 0.6362385 0.6783798 -0.2705615 -0.8229792 0.4995017 -0.1688834 -0.9350215 0.3117905 -0.1689078 -0.9350177 0.3117886 -0.05742573 -0.9927063 0.1060032 -0.05742698 -0.9927061 0.1060032 -0.3119138 -0.6622655 0.6812593 -0.3282165 -0.7246317 0.6059563 -0.2705563 -0.8229805 0.4995021 -0.1747655 0.7141793 0.6777943 -0.3565028 0.6631019 0.6581805 -0.2705594 0.8229793 0.4995025 -0.2705584 0.8229804 0.4995013 -0.1688907 0.9350174 0.3117987 -0.1689005 0.9350218 0.3117803 -0.05742698 0.9927062 0.1060026 -0.05742573 0.9927062 0.1060038 -0.3674323 0.636261 0.678355 -0.4217173 0.4647412 0.7785693 -0.4217154 0.4647439 0.7785687 -0.4624391 0.2393035 0.853747 -0.4624369 0.2393047 0.8537479 -0.4762772 0 0.8792952 -0.476276 0 0.879296 -0.4624397 -0.2393036 0.8537467 -0.4624364 -0.2393047 0.8537482 -0.4217187 -0.4647414 0.7785686 -0.4217141 -0.4647437 0.7785695 -0.3674417 -0.6362388 0.6783707 -0.3674113 -0.6362717 0.6783563 -0.3871905 0.5822704 0.7148739 -0.38724 0.5822135 0.7148934 -0.4530004 0.3088749 0.8362936 -0.4530002 0.3088757 0.8362934 -0.4395182 0.3853043 0.8113967 -0.4395158 0.3851081 0.811491 -0.3087354 0.761419 0.5700209 -0.3087068 0.7615112 0.569913 -0.1110182 0.9724549 0.2049549 -0.1108594 0.9725335 0.204668 -0.1108593 0.9725335 0.204668 -0.1108594 0.9725335 0.204668 -0.453 -0.3088747 0.836294 -0.4530007 -0.3088759 0.8362931 -0.3872225 -0.582269 0.7148578 -0.3872079 -0.5822147 0.71491 -0.212282 -0.8951749 0.3919162 -0.06579774 -0.9904112 0.1214758 -0.03671383 -0.9956992 0.08506053 0.02197724 -0.9989349 -0.04057222 0.1303527 -0.9618186 -0.2406514 0.1303554 -0.9618157 -0.2406619 0.2870268 -0.7980049 -0.5299094 0.2870249 -0.7980101 -0.5299025 0.4049371 -0.5264363 -0.74759 0.4049363 -0.5264531 -0.7475786 0.4681678 -0.1837904 -0.8643149 0.4681688 -0.1837963 -0.8643129 0.4681693 0.1837905 -0.864314 0.4681673 0.1837963 -0.8643139 0.4049412 0.5264363 -0.7475878 0.4049322 0.5264531 -0.7475808 0.287028 0.7980051 -0.5299084 0.2870237 0.7980099 -0.5299037 0.1303504 0.9618188 -0.2406522 0.1303578 0.9618156 -0.2406612 -0.0439527 0.9957329 0.08114355 -0.04395025 0.9957332 0.08114099 -0.2122726 0.895185 0.3918981 -0.2122869 0.8951752 0.3919129 -0.3520002 0.6736463 0.6498434 -0.3519841 0.673668 0.6498296 -0.4441094 0.3612665 0.8199106 -0.4441247 0.3612318 0.8199176 -0.4762843 0 0.8792913 -0.476285 0 0.879291 -0.4441177 -0.3612666 0.8199062 -0.4441165 -0.3612317 0.8199222 -0.3519935 -0.6736462 0.6498472 -0.3519908 -0.6736685 0.6498256 -0.2122775 -0.8951852 0.3918951 0.4707149 0.2588589 -0.8434569 0.4400265 0.382709 -0.8123487 0.3778814 0.6087143 -0.6976193 0.3474765 0.7070258 -0.615934 0.2899569 0.7933356 -0.5352977 0.1822645 0.923882 -0.3364847 0.1339552 0.9658598 -0.2217454 0.06214761 0.9914506 -0.1147319 -0.06214714 0.9914509 0.1147307 -0.1125527 0.9658597 0.2333388 -0.1822516 0.9238921 0.3364636 -0.2899058 0.7934131 0.5352106 -0.3260414 0.7070785 0.6274846 -0.3779016 0.6086651 0.6976513 -0.4400174 0.3827742 0.812323 -0.4493213 0.2587617 0.8550749 -0.4722256 0.1303601 0.8717851 -0.4722256 -0.13036 0.8717851 -0.4493213 -0.2587617 0.8550749 -0.4400174 -0.3827741 0.812323 -0.3779015 -0.6086652 0.6976513 -0.3260414 -0.7070785 0.6274846 -0.2899058 -0.7934131 0.5352106 -0.1822516 -0.9238921 0.3364638 -0.1125527 -0.9658597 0.2333388 -0.06214714 -0.9914509 0.1147305 0.06214767 -0.9914506 -0.1147317 0.1339551 -0.9658598 -0.2217454 0.1822645 -0.9238819 -0.3364848 0.2899569 -0.7933357 -0.5352978 0.3474764 -0.7070257 -0.6159341 0.3778813 -0.6087143 -0.6976193 0.4400265 -0.3827091 -0.8123488 0.4707154 -0.2588589 -0.8434568 0.4722064 -0.1305619 -0.8717654 0.4722064 0.1305619 -0.8717654 -0.8659395 0.1737112 -0.4690131 -0.8659284 0.1736376 -0.4690608 -0.761494 0.4999775 -0.4124917 -0.7614944 0.4999783 -0.4124903 -0.565237 0.7660028 -0.3061815 -0.5652098 0.7660518 -0.3061089 -0.3006904 0.9397159 -0.1628479 -0.3007104 0.9397019 -0.1628918 0.3006995 0.9397063 0.1628869 0.3006855 0.9397158 0.1628574 0.565222 0.7660327 0.3061342 0.5652341 0.766009 0.306171 0.7614888 0.4999972 0.4124774 0.7614884 0.4999992 0.4124758 0.8659304 0.1736609 0.4690485 0.8659307 0.1736608 0.4690479 -0.4762361 0 0.8793176 -0.476272 3.71835e-6 0.879298 -0.4763776 0 0.8792408 -0.4762669 8.06806e-6 0.8793008 -0.4763005 -6.51445e-6 0.8792827 -0.4763302 -4.99377e-5 0.8792666 -0.4762971 -8.33757e-5 0.8792845 -0.476297 -8.33792e-5 0.8792845 -0.4762971 -8.33698e-5 0.8792845 -0.4762856 4.6296e-5 0.8792906 -0.476291 5.44749e-5 0.8792877 -0.4762452 -1.03706e-5 0.8793126 0 1 0 0 1 -4.3113e-7 0 1 -5.71978e-7 0 1 2.35918e-7 0 1 2.65426e-7 0 1 5.05277e-7 0 1 2.67812e-6 0 1 -2.04385e-7 0 1 8.05798e-7 0 1 2.36319e-7 0 1 -9.54706e-7 0 1 8.33253e-7 0 1 -6.35186e-7 0 1 3.52852e-7 0 1 6.48815e-7 0 1 5.18369e-7 0 1 -5.58783e-7 0 1 3.22069e-7 0 1 -3.39589e-7 0 1 -8.63617e-7 0 1 8.59246e-7 0 1 0 0 1 -2.95197e-7 0 1 -1.15836e-6 0 1 -5.7051e-7 0 1 -2.67949e-7 0 1 1.37835e-7 0 1 -1.38203e-7 0 1 2.05604e-7 0 1 -4.09531e-7 0 1 1.25552e-7 0 1 -3.1231e-6 0 1 -2.06578e-6 0 1 5.95261e-7 0 1 -7.53012e-7 0 1 3.26602e-6 0 1 -8.37703e-6 0 1 2.47005e-7 0 1 -4.61305e-7 0 1 2.60278e-7 0 1 -1.33415e-7 0 1 3.41309e-6 0 1 -6.3675e-7 0 1 5.49988e-6 0 1 -1.84154e-6 -0.4395597 0.3851233 0.8114601 -0.4395592 0.3851277 0.8114582 -0.3087109 0.7615208 0.5698981 -0.3087178 0.7614993 0.569923 -0.1110441 0.9724424 0.2050001 -0.1110442 0.972443 0.2049971 -0.3872371 0.5822528 0.714863 -0.3872054 0.582284 0.7148548 -0.4529932 0.3088737 0.8362979 -0.4530161 0.3088331 0.8363005 -0.4762898 0 0.8792884 -0.4762896 1.40917e-5 0.8792886 -0.4762898 2.97507e-5 0.8792884 -0.4762844 -1.98979e-6 0.8792914 -0.4762803 -1.58893e-5 0.8792936 -0.4762396 -1.94321e-4 0.8793155 -0.4762856 -1.41496e-5 0.8792906 -0.4763054 4.64596e-5 0.87928 -0.4762955 2.825e-5 0.8792853 -0.476273 1.91455e-6 0.8792974 -0.4762726 7.1294e-6 0.8792977 -0.476285 -7.37891e-5 0.8792909 -0.4762855 1.38548e-5 0.8792907 -0.4762797 -5.51097e-6 0.8792939 -0.4762344 -4.06766e-5 0.8793184 -0.476267 -2.03717e-5 0.8793007 -0.4762413 -4.45421e-5 0.8793147 -0.4441328 -0.3611714 0.8199398 -0.4742469 -0.09234988 0.8755349 -0.4859206 0 0.874003 -0.4742469 0.09234988 0.8755349 -0.4441178 0.361253 0.819912 -0.4441515 0.3611713 0.8199297 -0.3520081 0.6736575 0.6498275 -0.3519756 0.6737034 0.6497976 -0.2122871 0.895175 0.3919134 -0.2122725 0.8951852 0.391898 -0.04395204 0.9957329 0.08114385 -0.04395204 0.9957328 0.08114451 0.1303504 0.9618187 -0.2406526 0.1303501 0.9618186 -0.2406525 0.2870247 0.7980089 -0.5299045 0.287042 0.7979909 -0.5299221 0.4049391 0.5264536 -0.7475768 0.404934 0.5264623 -0.7475734 0.4681677 0.183797 -0.8643135 0.4681719 0.183785 -0.8643137 0.4681708 -0.1837966 -0.8643118 0.4681687 -0.1837854 -0.8643153 0.4049371 -0.5264537 -0.7475778 0.4049358 -0.5264621 -0.7475726 0.2870308 -0.7980089 -0.5299012 0.287036 -0.797991 -0.5299254 0.1303504 -0.9618188 -0.2406523 0.1303501 -0.9618187 -0.2406529 -0.04395204 -0.9957329 0.08114427 -0.04395204 -0.9957329 0.08114409 -0.2122821 -0.8951748 0.3919165 -0.2122774 -0.8951852 0.3918949 -0.3519952 -0.6736585 0.6498335 -0.3519884 -0.6737027 0.6497914 -0.4441365 -0.3612528 0.819902 0.4493335 0.2587827 -0.855062 0.326052 0.7070754 -0.6274828 0.3778297 0.608841 -0.6975367 0.4400544 0.3825388 -0.8124138 0.1125538 0.9658582 -0.2333443 0.1822618 0.9238818 -0.3364867 0.2899513 0.7933363 -0.5352999 -0.1339482 0.9658635 0.2217332 -0.06213957 0.9914526 0.1147192 0.06214636 0.9914508 -0.1147316 -0.347459 0.7070457 0.6159209 -0.289952 0.7933358 0.5353003 -0.1822678 0.9238767 0.3364974 -0.4707167 0.2587887 0.8434775 -0.4400659 0.3825396 0.8124072 -0.3778304 0.6088622 0.6975178 -0.4707169 -0.2587886 0.8434774 -0.4722067 -0.1305587 0.8717657 -0.4722067 0.1305587 0.8717657 -0.347459 -0.7070457 0.6159209 -0.3778304 -0.6088622 0.6975178 -0.4400659 -0.3825396 0.8124072 -0.1339482 -0.9658635 0.2217332 -0.1822678 -0.9238767 0.3364974 -0.289952 -0.7933358 0.5353003 0.1125538 -0.9658582 -0.2333443 0.06214636 -0.9914508 -0.1147316 -0.06213957 -0.9914526 0.1147192 0.326052 -0.7070754 -0.6274828 0.2899513 -0.7933363 -0.5352999 0.1822618 -0.9238818 -0.3364867 0.4722108 0.1305639 -0.8717627 0.4722108 -0.1305634 -0.8717627 0.4493335 -0.2587827 -0.855062 0.4400544 -0.3825388 -0.8124138 0.3778297 -0.608841 -0.6975367 -0.4530105 -0.3088733 0.8362888 -0.4529988 -0.3088335 0.8363097 -0.3872201 -0.5822519 0.714873 -0.3872225 -0.5822846 0.714845 -0.05742508 0.9927066 0.1060009 -0.05742448 0.9927066 0.1060003 -0.1689024 0.9350226 0.3117769 -0.1688795 0.9350178 0.3118036 -0.2705468 0.8229803 0.4995077 -0.2705307 0.822975 0.4995251 -0.3281601 0.7246832 0.6059251 -0.4001905 0.6622745 0.6334352 -0.3674437 0.6362825 0.6783287 -0.4720372 -0.714098 0.5169573 -0.4720372 -0.714098 0.5169573 -0.4720372 -0.7140982 0.5169573 -0.3564646 -0.6631092 0.6581939 -0.2705293 -0.8229798 0.4995181 -0.2705484 -0.8229752 0.4995152 -0.1688753 -0.9350226 0.3117914 -0.1689064 -0.9350179 0.3117889 -0.05742502 -0.9927066 0.1060001 -0.05742454 -0.9927065 0.106001 -0.3674403 0.6362395 0.6783708 -0.4217126 0.464742 0.7785715 -0.4217152 0.4647468 0.7785671 -0.4624379 0.2393033 0.8537477 -0.4624336 0.2392969 0.8537518 -0.4762703 0 0.879299 -0.4762716 0 0.8792983 -0.4624355 -0.2393028 0.8537492 -0.462436 -0.2392976 0.8537503 -0.4217163 -0.4647422 0.7785693 -0.4217114 -0.4647469 0.7785692 -0.3674275 -0.636268 0.6783511 -0.3674631 -0.6362401 0.678358 -0.8792924 -1.59278e-5 -0.4762824 -0.8792982 1.19343e-4 -0.4762717 -0.8792982 1.19346e-4 -0.4762717 -0.8792983 1.19345e-4 -0.4762717 -0.8792942 2.70518e-5 -0.4762791 -0.8793013 -4.57944e-5 -0.4762661 -0.8793328 -5.44064e-5 -0.4762078 -0.8792973 -1.4951e-4 -0.4762736 -0.8792921 1.55406e-5 -0.476283 -0.8792836 -1.04807e-4 -0.4762988 -0.8792686 1.8504e-5 -0.4763265 -0.8792606 3.40329e-5 -0.4763411 -0.8792533 -4.70304e-4 -0.4763544 -0.8792978 1.01614e-4 -0.4762725 -0.8792978 1.01614e-4 -0.4762725 -0.8792978 1.01616e-4 -0.4762725 -0.8793063 6.3112e-5 -0.4762569 -0.8792835 1.75627e-6 -0.4762989 -0.8792786 -5.93923e-5 -0.4763082 -0.8792991 2.73806e-5 -0.4762702 -0.8792892 -4.14798e-5 -0.4762883 -0.8792926 9.87878e-6 -0.4762821 -0.8793026 8.99308e-6 -0.4762636 -0.8792991 5.53646e-6 -0.4762701 -0.8793023 1.62307e-5 -0.4762642 -0.8792923 8.94637e-6 -0.4762825 -0.8792802 -3.96052e-5 -0.4763049 -0.879271 -4.88887e-5 -0.476322 -0.8793088 1.49609e-4 -0.4762521 -0.8792926 -9.55873e-6 -0.4762821 -0.8792892 4.14798e-5 -0.4762883 -0.8792992 -2.72305e-5 -0.47627 -0.8792188 4.16376e-5 -0.4764183 -0.8792188 4.16474e-5 -0.4764183 -0.8792188 4.16492e-5 -0.4764183 -0.879231 4.95592e-5 -0.4763959 -0.8792932 3.75977e-5 -0.4762812 -0.8793042 -3.14498e-5 -0.4762607 -0.879293 0 -0.4762814 -0.8792948 3.06906e-5 -0.4762781 -0.879297 1.82135e-5 -0.476274 -0.8793052 -5.77596e-7 -0.4762587 -0.8793158 0 -0.4762393 -0.8793399 1.46546e-5 -0.4761947 -0.8792674 -2.99762e-5 -0.4763286 -0.879294 -5.70903e-6 -0.4762795 -0.8792952 0 -0.4762773 -0.8793545 -9.85407e-6 -0.4761678 -0.8793328 5.44064e-5 -0.4762078 -0.8793039 4.57939e-5 -0.4762611 -0.8793137 1.54842e-5 -0.476243 -0.8793182 1.52184e-5 -0.4762347 -0.8792474 5.01098e-7 -0.4763655 -0.8792872 -3.88589e-5 -0.4762919 -0.8792856 -3.67726e-5 -0.476295 -0.8792973 0 -0.4762736 -0.8793017 8.24296e-6 -0.4762653 -0.8793005 0 -0.4762677 -0.8792861 -1.87015e-5 -0.4762939 -0.8793042 3.16337e-5 -0.4762607 -0.8792932 -3.78387e-5 -0.4762812 -0.8792941 -2.70518e-5 -0.4762791 -0.8793086 -1.49609e-4 -0.4762526 -0.879271 4.88887e-5 -0.476322 -0.8792803 3.92779e-5 -0.4763048 -0.8792923 -8.94637e-6 -0.4762825 -0.8793022 -1.62307e-5 -0.4762642 -0.8792991 -5.53646e-6 -0.4762701 -0.879288 3.24598e-6 -0.4762906 -0.8793239 4.29392e-5 -0.4762244 -0.8793239 4.29203e-5 -0.4762244 -0.8793238 4.30204e-5 -0.4762244 -0.8793399 -1.46546e-5 -0.4761947 -0.6079661 0 0.7939631 -0.5433584 -0.04087054 0.8385054 -0.8233792 -0.02049702 0.5671214 -0.9583297 -0.02051538 0.2849271 -0.9994718 -0.02051591 -0.02520585 -0.9427683 -0.02053838 -0.3328157 -0.2870565 -0.6664258 0.6880955 -0.2870565 -0.6664257 0.6880955 -0.2870565 -0.6664257 0.6880955 -0.2289395 -0.641236 0.7323955 -0.2426275 -0.62279 0.7438176 -0.02972751 -0.4213129 0.906428 -0.1307882 -0.5055456 0.8528295 0.02265715 -0.3468274 0.9376553 0.1846979 -0.1422833 0.9724413 0.1781743 -0.1497467 0.9725378 0.2820355 -0.004309058 0.9593943 0.2820351 -0.004308342 0.9593944 0.2820347 -0.004307746 0.9593946 -0.4763439 0 0.8792592 -0.476345 0 0.8792585 -0.8818163 -0.3093971 -0.3559121 -0.8740503 -0.4608047 -0.1539328 -0.8740503 -0.4608047 -0.1539328 -0.8740503 -0.4608047 -0.1539328 -0.9075441 -0.131497 -0.3988387 -0.9008425 -0.2078735 -0.3811452 -0.9075992 -0.1990386 -0.3696585 -0.9075992 -0.1990386 -0.3696585 -0.9075992 -0.1990386 -0.3696585 -0.9067749 -0.207942 -0.3667691 -0.9209505 -0.2054651 -0.3311106 -0.9039251 -0.3450197 -0.2527469 -0.9039251 -0.3450197 -0.2527468 -0.9039251 -0.3450198 -0.2527469 -0.8043952 -0.5767436 -0.1425316 -0.8053053 -0.5604988 -0.1931957 -0.798814 -0.5655412 -0.2050841 -0.801077 -0.5552046 -0.2236596 -0.7779496 -0.5773126 -0.2480017 -0.8243072 -0.5658745 -0.01743066 -0.8138294 -0.5745113 -0.08728402 -0.8225671 -0.5606456 -0.09518402 -0.806504 -0.5724443 -0.1478474 -0.8984001 -0.1928511 -0.3945704 -0.8674446 -0.2661616 -0.4203548 -0.395999 0.5556415 0.7310591 -0.395998 0.5554525 0.7312032 -0.4672037 0.1949614 0.8623867 -0.5059203 0.101443 0.8565945 -0.4557954 0.2902111 0.8414441 -0.4557954 0.2902111 0.8414441 0.2324543 -0.01217651 -0.9725311 -0.2848744 -0.01216995 -0.9584876 -0.7260214 -0.01216596 -0.6875646 -0.9725309 -0.01218175 -0.2324548 -0.9584563 -0.01218003 0.2849792 -0.6876227 -0.01217335 0.7259662 -0.2324551 -0.01215589 0.9725312 0.2849803 -0.0121597 0.9584562 0.157215 0 0.9875645 0.1572151 3.81017e-7 0.9875645 0.1572151 0 0.9875645 0.7260202 -0.01216566 0.6875658 0.972525 -0.01215809 0.2324805 0.9584654 -0.01215678 -0.28495 0.987565 0 -0.157212 0.987565 1.84123e-7 -0.157212 0.987565 0 -0.157212 0.6875629 -0.01216632 -0.726023 -0.2417494 -0.7030223 0.6688175 -0.03385353 -0.7030237 0.7103603 -0.03386902 -0.7030655 0.7103182 0.1770621 -0.7030592 0.6887357 0.1770002 -0.7031595 0.6886492 0.3720994 -0.7031404 0.6059172 0.3719961 -0.7033181 0.6057745 0.3719961 -0.7033181 0.6057745 0.5341283 -0.7032154 0.4692496 0.5341283 -0.7032154 0.4692497 0.5342142 -0.7030721 0.4693665 0.6488392 -0.703083 0.2910018 0.6487611 -0.7031563 0.2909989 0.7056978 -0.7031681 0.08686435 0.7058243 -0.7030456 0.08682775 0.7000605 -0.703042 -0.1250894 0.6999861 -0.7031248 -0.1250402 0.6320538 -0.7031012 -0.3258169 0.6320731 -0.7030734 -0.3258396 0.5079432 -0.7030781 -0.4976696 0.5079587 -0.7030444 -0.4977013 0.3387096 -0.7030386 -0.62531 0.3387008 -0.7031171 -0.6252265 0.1393478 -0.7031127 -0.6972911 0.1393457 -0.7031034 -0.6973007 -0.07237803 -0.7031056 -0.7073923 -0.07238858 -0.7030842 -0.7074125 -0.2777043 -0.7030823 -0.6546416 -0.2777037 -0.7030813 -0.654643 -0.4582922 -0.7031103 -0.5436949 -0.4583699 -0.7030297 -0.5437338 -0.5982429 -0.703047 -0.3844873 -0.5981975 -0.70309 -0.3844791 -0.6849295 -0.7031062 -0.1910845 -0.6850079 -0.7030322 -0.1910756 -0.7108975 -0.7030292 0.01935768 -0.7107743 -0.7031553 0.01930254 -0.6735051 -0.7031539 0.2279596 -0.6735984 -0.7030377 0.228042 -0.5764759 -0.7030582 0.416395 -0.5764721 -0.7030651 0.4163887 -0.4281115 -0.7030552 0.5678327 -0.4281204 -0.7030211 0.5678683 -0.2417501 -0.7030189 0.668821 -0.4074659 -0.7044091 -0.5811878 -0.4074544 -0.7044135 -0.5811907 -0.2535258 -0.7044178 -0.6629633 -0.2535059 -0.7044256 -0.6629626 -0.08431386 -0.7044246 -0.7047533 -0.08433026 -0.7044174 -0.7047585 0.08999782 -0.704419 -0.7040556 0.08999216 -0.7044163 -0.704059 0.2589012 -0.7044141 -0.6608866 0.2588781 -0.7044001 -0.6609106 0.3367866 -0.7071098 -0.621748 0.3367868 -0.7070906 -0.6217697 0.3970687 -0.7054005 -0.5871512 0.3970633 -0.7053953 -0.5871613 0.5039712 -0.7053949 -0.4984286 0.5039633 -0.7053813 -0.4984558 0.5915424 -0.705384 -0.3905267 0.5915453 -0.7053955 -0.3905015 0.6563556 -0.7053949 -0.2676109 0.6563563 -0.7053903 -0.2676209 0.6777893 -0.7071013 -0.2015177 0.6777897 -0.7071002 -0.2015202 0.6959539 -0.7053934 -0.1344185 0.6959584 -0.7053858 -0.1344355 0.7088122 -0.7053863 0.003941178 0.7088152 -0.7053833 0.003938257 0.6944235 -0.7053852 0.142154 0.6944129 -0.7053927 0.1421684 0.6533497 -0.7053924 0.2748743 0.6533629 -0.7053845 0.274863 0.6217514 -0.7071099 0.3367801 0.6217553 -0.7071041 0.3367851 0.6217667 -0.7070943 0.3367846 0.8792248 -5.31717e-5 0.4764072 0.8792942 6.19096e-7 0.476279 0.8792899 -1.11978e-5 0.4762873 0.8792992 -8.31539e-5 0.47627 0.879298 -6.55033e-5 0.4762722 0.8792968 -3.4357e-5 0.4762742 0.8793085 -4.2714e-5 0.4762529 0.8792635 3.31824e-5 0.4763357 -0.1110189 -0.9724549 0.2049548 -0.1110183 -0.9724553 0.2049528 -0.3087601 -0.7614174 0.5700095 -0.3086822 -0.7615127 0.5699244 -0.4394793 -0.3853033 0.8114182 -0.4395547 -0.3851092 0.8114694 -0.8792971 5.33101e-5 -0.4762738 -0.8793 0 -0.4762685 -0.8792765 -4.33773e-5 -0.4763119 -0.8793015 3.09212e-5 -0.4762657 -0.879299 -1.24581e-5 -0.4762703 -0.8792862 -2.94264e-5 -0.4762939 -0.8792988 8.16099e-6 -0.4762707 -0.8792935 9.37647e-6 -0.4762805 -0.8792988 -8.19325e-6 -0.4762707 -0.8792912 -1.16929e-6 -0.4762847 -0.8792808 8.61746e-6 -0.4763038 -0.8793025 -7.97647e-7 -0.4762639 -0.8792799 -5.18193e-6 -0.4763054 -0.8792909 -4.58627e-6 -0.4762853 -0.8793032 7.85559e-7 -0.4762626 -0.8792955 2.11805e-5 -0.4762768 -0.8792977 5.67769e-5 -0.4762727 -0.8792799 -6.08094e-5 -0.4763055 -0.879291 2.22602e-5 -0.476285 -0.8792909 -2.31838e-5 -0.4762851 -0.8792914 -2.22385e-5 -0.4762844 -0.8792877 -7.65088e-5 -0.4762912 -0.879303 1.67064e-6 -0.4762629 -0.8792945 1.48351e-6 -0.4762785 -0.8793186 3.66998e-5 -0.4762341 -0.8792928 -1.6551e-6 -0.4762817 -0.8793092 1.01498e-5 -0.4762513 -0.8793017 0 -0.4762653 -0.879291 2.18059e-5 -0.476285 -0.8793088 -3.7081e-5 -0.4762523 -0.8792986 -1.79033e-5 -0.4762709 -0.8792936 0 -0.4762802 -0.8792773 1.89772e-5 -0.4763103 -0.8793034 -2.5578e-5 -0.4762622 -0.8793843 1.29479e-4 -0.4761127 -0.8793139 3.56358e-5 -0.4762428 -0.8793843 -1.29479e-4 -0.4761127 -0.8792981 -3.90743e-6 -0.4762718 -0.8793134 1.97684e-5 -0.4762437 -0.8792775 -3.08746e-5 -0.47631 -0.8792935 1.48924e-6 -0.4762805 -0.8792953 0 -0.4762771 -0.8792809 -1.45346e-5 -0.4763038 -0.8792893 0 -0.4762882 -0.8793022 9.57303e-6 -0.4762644 -0.8792773 -1.89772e-5 -0.4763103 -0.8793033 2.5484e-5 -0.4762623 -0.8792943 7.80213e-6 -0.476279 -0.879303 -1.67064e-6 -0.4762629 -0.8793046 -1.63066e-6 -0.47626 -0.8792923 -4.88464e-6 -0.4762828 -0.8792929 -4.94321e-6 -0.4762816 -0.8792981 1.8746e-5 -0.476272 -0.8792988 1.34694e-5 -0.4762707 -0.8793388 2.04317e-4 -0.4761967 -0.476273 -3.71835e-6 0.8792975 -0.4762452 1.03706e-5 0.8793126 -0.4762659 -8.06806e-6 0.8793014 -0.4762905 -5.47827e-5 0.8792881 -0.4762449 9.50401e-5 0.8793127 -0.4762758 2.29589e-4 0.879296 -0.4762758 2.2959e-4 0.879296 -0.4762758 2.29592e-4 0.879296 -0.4763304 4.99377e-5 0.8792664 -0.4763005 6.51445e-6 0.8792827 0.8792954 0 0.4762771 0.8792909 1.45888e-5 0.476285 0.8792903 1.67153e-5 0.4762862 0.8792963 -1.37738e-6 0.4762752 0.8793187 -7.94498e-5 0.476234 0.8793033 3.08621e-6 0.4762623 0.8792926 -1.52981e-5 0.4762822 0.8792706 9.22937e-7 0.4763227 0.8792948 1.80636e-5 0.476278 0.8792886 5.96694e-7 0.4762893 0.8792824 -7.26753e-6 0.4763008 0.8792793 -6.14417e-5 0.4763066 0.8792989 0 0.4762706 0.8792793 6.14417e-5 0.4763066 0.879283 -1.24221e-5 0.4763 0.8794746 2.49714e-4 0.4759458 0.8792492 -9.64417e-5 0.4763622 0.8792853 8.89025e-6 0.4762955 0.8792948 -1.80636e-5 0.476278 0.8793023 -2.38118e-5 0.4762644 0.8792762 1.15337e-5 0.4763125 0.8792794 1.0635e-5 0.4763063 0.8793006 -5.84243e-5 0.4762673 0.8793006 -5.8411e-5 0.4762673 0.8793006 -5.84116e-5 0.4762673 0.8793393 -1.33812e-4 0.4761959 0.8792934 1.0141e-5 0.4762805 0.8792858 1.00741e-5 0.4762946 0.8792617 3.49198e-6 0.4763391 0.8793823 5.2564e-6 0.4761164 0.8792794 -1.0635e-5 0.4763063 0.8792924 -1.69522e-5 0.4762824 0.8793095 -1.06748e-4 0.4762509 0.8792675 7.86481e-5 0.4763284 0.8792928 1.54511e-5 0.4762816 0.8792991 0 0.4762701 0.8793025 -4.02018e-5 0.4762638 0.8793007 -2.73001e-5 0.4762671 0.8792951 0 0.4762774 0.8792963 1.37738e-6 0.4762752 0.8792908 -1.55549e-5 0.4762853 0.8792902 -1.65444e-5 0.4762864 0.8792942 0 0.4762791 0.879305 1.1419e-5 0.4762592 0.879303 9.77988e-6 0.4762628 0.8792884 4.591e-5 0.4762897 0.8792912 6.86674e-5 0.4762846 0.879292 -4.36402e-5 0.4762832 0.8792866 -6.72675e-5 0.4762932 0.8792924 1.69522e-5 0.4762824 0.8792232 4.19525e-6 0.4764103 0.8792232 4.16268e-6 0.4764103 0.8792232 4.17449e-6 0.4764103 0.8792874 -3.83722e-6 0.4762916 0.8792644 -9.74815e-6 0.4763342 0.8792934 -1.01366e-5 0.4762806 0.8793187 7.94498e-5 0.476234 0.8792675 -7.86481e-5 0.4763284 0.8793095 1.06748e-4 0.4762509 -0.1110447 -0.9724425 0.2049998 -0.1108816 -0.9725211 0.2047145 -0.1108817 -0.9725211 0.2047145 -0.1108817 -0.9725211 0.2047145 -0.3087061 -0.7615177 0.5699047 -0.3087226 -0.7615024 0.5699164 -0.4395583 -0.3851236 0.8114607 -0.4395607 -0.3851273 0.8114576 -0.8792868 3.53066e-5 -0.4762926 -0.8792868 3.53126e-5 -0.4762926 -0.8792868 3.53251e-5 -0.4762926 -0.8793332 -1.20516e-4 -0.4762071 -0.8792966 -2.67774e-5 -0.4762749 -0.8792454 1.51073e-4 -0.4763691 -0.8792713 1.28774e-4 -0.4763215 -0.87931 -4.75548e-5 -0.47625 -0.879298 -5.69524e-5 -0.4762719 -0.8792915 -1.70554e-4 -0.4762839 -0.6217592 -0.7071018 -0.3367826 -0.6217503 -0.7071101 -0.3367819 -0.3771013 -0.7252591 0.5760156 -0.3851205 -0.7060257 0.5943147 -0.3851587 -0.7060168 0.5943007 -0.4733384 -0.7060149 0.526777 -0.4733552 -0.7060098 0.5267686 -0.549956 -0.7060085 0.4462068 -0.5499254 -0.7060175 0.4462302 -0.6129307 -0.7060204 0.3547554 -0.6129692 -0.706007 0.3547151 -0.6609078 -0.7060093 0.254464 -0.660937 -0.7059974 0.254421 -0.6925901 -0.7059958 0.1479492 -0.6925941 -0.7059936 0.1479414 -0.7072126 -0.7059921 0.03775584 -0.7072085 -0.7059955 0.0377705 -0.7044087 -0.7059949 -0.07334679 -0.7044059 -0.7059999 -0.07332575 -0.6842731 -0.7060022 -0.1825683 -0.6842723 -0.7059888 -0.1826234 -0.6472517 -0.7059863 -0.2874866 -0.6472769 -0.7060153 -0.2873587 0.2849557 1.32533e-5 0.9585407 0.2849164 -1.9202e-4 0.9585524 0.2849887 -1.1107e-6 0.9585309 0.2850565 -7.18036e-5 0.9585108 0.2849824 2.3967e-5 0.9585328 0.2849723 5.02584e-5 0.9585358 0.2849724 5.02569e-5 0.9585358 0.2849723 5.02584e-5 0.9585357 0.2849816 2.14346e-4 0.958533 0.284933 -2.25993e-4 0.9585475 0.284933 -2.25991e-4 0.9585475 0.284933 -2.25993e-4 0.9585475 -0.4722801 -0.1303687 0.8717543 -0.4888485 -0.2586278 0.83315 -0.4400386 -0.3828192 0.8122902 -0.336818 -0.7070919 0.6217513 -0.3367657 -0.7071446 0.6217197 -0.1232957 -0.9659125 0.2276207 -0.1233056 -0.9659079 0.227635 -0.8792983 -3.44658e-4 -0.4762715 -0.8792983 -3.44659e-4 -0.4762715 -0.8792983 -3.44656e-4 -0.4762714 -0.8793728 6.24233e-5 -0.4761338 -0.8792952 2.19481e-6 -0.4762774 -0.8791708 1.01815e-4 -0.4765068 -0.8792851 -3.19348e-5 -0.4762957 -0.87935 6.84136e-5 -0.4761761 -0.8792769 -1.02457e-5 -0.4763111 -0.8792817 1.30346e-5 -0.4763022 0.479225 -0.8583193 0.1833886 0.479225 -0.8583193 0.1833887 0.8566372 -0.4868863 0.1706296 0.8566372 -0.4868863 0.1706296 0.8566373 -0.4868864 0.1706296 0.6325172 -0.7212836 -0.2822625 0.7522705 -0.6426059 -0.1454192 0.7012668 -0.7040808 -0.1117815 0.7012668 -0.7040808 -0.1117815 0.7012668 -0.7040808 -0.1117815 0.7065731 -0.7037977 0.07364296 0.5749552 -0.7040162 0.4168787 0.4474804 -0.704049 0.5514312 0.4475309 -0.7039816 0.5514761 0.2869842 -0.7038093 0.6498405 0.2907453 -0.7008455 0.6513699 0.1452867 -0.7078458 0.6912641 0.1091282 -0.7212403 0.6840348 0.05848175 -0.7064804 0.7053122 -0.07362449 -0.7039775 0.7063959 -0.07349658 -0.7040665 0.7063206 -0.253716 -0.7040971 0.6632312 -0.2539349 -0.7039643 0.6632882 -0.4169028 -0.7039605 0.575006 -0.4167451 -0.7042 0.5748268 -0.4167451 -0.7042 0.5748268 -0.5515727 -0.7039545 0.4474546 -0.5514001 -0.7040622 0.4474979 -0.6483915 -0.7040822 0.2895804 -0.648562 -0.7039667 0.2894795 -0.7013912 -0.7039643 0.1117351 -0.7013692 -0.7039825 0.1117584 -0.7064023 -0.7039899 -0.07344478 -0.7064374 -0.7039481 -0.07350826 -0.6632958 -0.7039459 -0.2539664 -0.6632496 -0.7040554 -0.2537836 -0.5749364 -0.7040476 -0.4168516 -0.5749363 -0.70405 -0.4168477 -0.4475052 -0.7040314 -0.5514337 -0.4475106 -0.7040445 -0.5514125 -0.2894697 -0.7040191 -0.6485095 -0.2894065 -0.7039461 -0.6486169 -0.1117394 -0.7039316 -0.7014233 -0.1118033 -0.7039873 -0.7013573 0.07346141 -0.7039937 -0.7063966 0.07354623 -0.7039376 -0.7064438 0.2539146 -0.7039369 -0.6633251 0.2537282 -0.7040512 -0.6632751 0.4168221 -0.7040484 -0.5749568 0.4168617 -0.7040266 -0.5749548 0.5514212 -0.7040477 -0.4474946 0.5515257 -0.703985 -0.4474647 0.6224032 -0.706699 -0.3364384 0.6224033 -0.706699 -0.3364384 -0.3399342 0 0.9404493 -0.0476275 0 0.9988652 -0.04762709 0 0.9988652 0.2489349 0 0.9685203 0.2489327 0 0.9685209 0.5233861 0 0.8520957 0.5233898 0 0.8520934 0.7512323 0 0.6600379 0.7512303 0 0.6600403 0.912417 0 0.4092619 0.9925184 0 0.1220957 0.9925184 0 0.1220957 0.9844172 0 -0.1758496 0.9844172 0 -0.1758496 0.8888453 0 -0.4582077 0.888845 0 -0.4582079 0.714281 0 -0.6998591 0.7142787 0 -0.6998614 0.4763256 0 -0.879269 0.1959601 0 -0.9806119 0.1959623 0 -0.9806115 -0.1017977 0 -0.9948052 -0.3905237 0 -0.9205929 -0.6445358 0 -0.7645741 -0.6445382 0 -0.7645722 -0.8412261 0 -0.5406836 -0.8412281 0 -0.5406804 -0.9632288 0 -0.268683 -0.9632294 0 -0.2686808 -0.9996316 0 0.02714622 -0.9996315 0 0.02714622 -0.9471928 0 0.3206647 -0.9471928 0 0.3206647 -0.810648 0 0.5855338 -0.8106461 0 0.5855365 -0.6019961 0 0.7984991 -0.3399361 0 0.9404486 0 -1 1.68427e-7 0 -1 -4.3113e-7 0 -1 8.4211e-7 0 -1 -1.94058e-6 0 -1 -1.30974e-6 0 -1 0 0 -1 0 0 -1 -3.90281e-7 0 -1 2.61796e-7 0 -1 -5.19487e-7 0 -1 -2.29143e-7 0 -1 8.17996e-7 0 -1 -2.03992e-6 0 -1 -1.57042e-6 0 -1 1.07171e-6 0 -1 -3.32629e-5 0 -1 -2.2648e-5 0 -1 4.24461e-6 0 -1 -3.77766e-6 0 -1 1.36263e-6 0 -1 1.61061e-6 0 -1 1.5577e-6 0 -1 -1.068e-6 0 -1 3.5886e-7 0 -1 3.34239e-7 0 -1 4.7655e-7 0 -1 8.4225e-7 0 -1 0 0 -1 -3.18438e-7 0 -1 3.08669e-7 0 -1 -5.65705e-7 0 -1 7.7202e-7 0 -1 1.97974e-6 0 -1 -1.62178e-6 0 -1 -5.2544e-7 0 -1 3.88575e-7 0 -1 -5.65068e-7 0 -1 4.45068e-7 0 -1 6.98538e-7 0 -1 -1.15836e-6 0 -1 3.6768e-6 0 -1 -8.66011e-7 0 -1 -1.9052e-7 0 -1 5.94152e-6 0 -1 -1.07743e-6 0 -1 1.8633e-6 0 -1 -9.02273e-6 0 -1 2.67812e-6</float_array>
          <technique_common>
            <accessor source="#L_thumb_prox-mesh-normals-array" count="3180" stride="3">
              <param name="X" type="float"/>
              <param name="Y" type="float"/>
              <param name="Z" type="float"/>
            </accessor>
          </technique_common>
        </source>
        <vertices id="L_thumb_prox-mesh-vertices">
          <input semantic="POSITION" source="#L_thumb_prox-mesh-positions"/>
        </vertices>
        <triangles material="灰色_010-material" count="2967">
          <input semantic="VERTEX" source="#L_thumb_prox-mesh-vertices" offset="0"/>
          <input semantic="NORMAL" source="#L_thumb_prox-mesh-normals" offset="1"/>
          <p>0 0 1 0 2 0 2 1 1 1 3 1 2 2 3 3 4 4 4 5 5 5 2 5 2 6 5 6 6 6 2 7 6 8 7 9 8 10 9 11 10 12 10 13 9 14 2 15 10 16 2 17 11 18 11 19 2 19 7 19 11 20 7 21 12 22 0 23 2 23 13 23 13 24 2 24 14 24 1 25 0 25 15 25 15 26 0 26 13 26 3 27 1 27 16 27 16 28 1 28 15 28 17 29 6 29 5 30 17 31 5 32 18 33 18 34 5 35 4 36 18 37 4 38 19 39 19 40 4 40 3 40 19 41 3 41 16 41 20 42 11 42 12 42 20 43 12 43 21 43 21 44 12 44 7 44 21 45 7 45 22 45 22 46 7 47 6 48 22 49 6 49 17 49 14 50 2 50 9 50 14 51 9 51 23 51 23 52 9 52 8 52 23 53 8 54 24 54 24 55 8 55 10 55 24 56 10 57 25 58 25 59 10 60 11 61 25 62 11 62 20 62 26 63 27 63 28 63 28 64 27 64 29 64 30 65 31 65 32 65 32 27 31 27 33 27 32 27 33 27 34 27 34 27 33 27 35 27 34 66 35 66 36 66 36 27 35 27 37 27 36 27 37 27 38 27 39 27 40 27 41 27 41 67 40 67 42 67 41 68 42 68 43 68 43 69 42 69 44 69 43 27 44 27 45 27 45 27 44 27 46 27 45 27 46 27 47 27 47 27 46 27 48 27 47 27 48 27 30 27 30 70 48 70 49 70 30 71 49 71 31 71 50 27 51 27 52 27 52 72 51 72 53 72 52 73 53 73 54 73 54 27 53 27 55 27 54 27 55 27 39 27 39 74 55 74 56 74 39 27 56 27 40 27 37 27 57 27 38 27 38 27 57 27 58 27 38 27 58 27 59 27 59 75 58 75 60 75 59 27 60 27 61 27 61 76 60 76 62 76 61 27 62 27 63 27 63 77 62 77 64 77 63 78 64 78 65 78 65 79 64 79 66 79 65 27 66 27 50 27 50 27 66 27 67 27 50 27 67 27 51 27 68 80 69 80 70 80 68 81 70 81 71 81 71 82 70 82 72 82 71 83 72 84 73 85 69 86 68 86 74 86 74 87 68 87 75 87 74 88 75 88 29 88 29 89 75 89 76 89 29 90 76 90 28 90 77 91 78 91 79 91 80 92 81 92 82 92 82 93 81 93 83 93 84 94 85 94 83 94 83 95 85 95 86 95 86 96 87 96 83 96 83 97 87 97 88 97 83 98 88 98 82 98 89 99 90 99 91 99 91 100 90 100 92 100 91 101 92 101 84 101 84 102 92 102 93 102 84 103 93 103 85 103 79 104 78 104 91 104 94 105 89 106 95 107 95 108 89 108 91 108 95 109 91 109 96 109 96 110 91 110 78 110 77 111 79 111 97 111 97 112 79 112 98 112 97 113 98 113 99 113 98 114 100 114 99 114 99 115 100 115 101 115 99 116 101 116 102 116 103 117 104 117 105 117 105 118 104 118 106 118 105 119 106 120 101 121 101 122 106 122 107 122 101 123 107 123 102 123 47 124 30 124 108 124 108 125 109 125 47 125 47 126 109 126 110 126 47 127 110 127 45 127 110 128 111 128 45 128 45 129 111 129 112 129 45 130 112 130 43 130 112 131 113 131 43 131 43 132 113 132 114 132 43 133 114 133 41 133 114 134 115 134 41 134 41 135 115 135 116 135 41 136 116 136 39 136 116 137 117 137 39 137 39 138 117 138 118 138 39 139 118 139 54 139 118 140 119 140 54 140 54 141 119 141 120 141 54 142 120 142 52 142 120 143 121 143 52 143 52 144 121 144 122 144 52 145 122 145 50 145 122 146 123 146 50 146 50 147 123 147 124 147 50 148 124 148 65 148 124 149 125 149 65 149 65 150 125 150 126 150 65 151 126 151 63 151 126 152 127 152 63 153 63 154 127 154 128 154 63 155 128 155 61 155 128 156 129 156 61 156 61 157 129 157 130 157 61 158 130 158 59 158 130 159 131 159 59 159 59 160 131 160 132 160 59 161 132 161 38 161 132 162 133 162 38 162 38 163 133 163 134 163 38 164 134 164 36 164 134 165 135 165 36 165 36 166 135 166 136 166 36 167 136 167 34 167 136 168 137 168 34 168 34 169 137 169 138 169 34 170 138 170 32 170 138 171 139 171 32 171 32 172 139 172 140 172 32 173 140 173 30 173 30 174 140 174 141 174 30 175 141 175 108 175 142 176 143 176 144 176 144 177 143 177 145 177 144 178 145 178 146 178 146 179 145 179 147 179 146 180 147 181 148 182 148 183 147 183 149 183 149 184 147 184 150 184 149 114 150 114 151 114 152 185 153 185 154 185 154 186 153 186 155 186 154 187 155 187 156 187 156 188 155 188 157 188 156 189 157 189 158 189 158 190 157 190 159 190 158 191 159 191 160 191 160 192 159 192 161 192 162 193 163 193 161 193 161 194 163 194 160 194 164 195 165 195 166 195 166 196 165 196 167 196 166 197 167 197 168 197 168 198 167 198 169 198 168 199 169 199 170 199 170 200 169 200 171 200 170 201 171 201 162 201 162 202 171 202 163 202 172 203 173 203 174 203 174 204 173 204 175 204 176 205 177 205 178 205 179 206 180 207 181 208 181 209 180 209 172 209 181 210 172 210 182 210 182 211 172 211 174 211 182 212 174 213 183 214 183 215 174 215 184 215 185 216 186 217 177 218 177 219 186 219 187 219 177 220 187 221 178 222 188 223 189 224 190 225 190 226 189 227 191 228 190 229 191 230 178 231 178 232 191 232 192 232 178 233 192 233 176 233 176 234 192 235 174 236 176 237 174 237 193 237 193 238 174 238 175 238 193 239 175 240 194 241 194 242 175 243 195 244 196 245 197 245 198 245 198 246 197 246 199 246 198 247 199 247 200 247 200 248 199 248 201 248 202 249 201 249 203 249 203 250 201 250 199 250 203 251 199 251 204 251 204 252 199 253 205 254 206 255 207 255 208 255 209 256 207 256 210 256 210 257 207 257 206 257 210 258 206 259 211 260 211 261 206 261 212 261 208 262 213 262 206 262 206 263 213 263 214 263 206 264 214 264 215 264 216 265 217 265 218 265 218 266 217 266 219 266 218 267 219 267 220 267 220 268 219 268 221 268 222 269 223 270 224 271 224 272 223 272 221 272 224 273 221 273 225 273 225 274 221 274 219 274 225 275 219 275 226 275 226 276 219 276 227 276 228 277 229 277 230 277 230 278 229 278 231 278 232 279 233 279 234 279 234 280 235 280 232 280 232 281 235 281 226 281 232 282 226 282 231 282 231 283 226 283 227 283 231 284 227 284 230 284 236 23 237 23 232 23 231 23 238 23 232 23 232 285 238 285 239 285 239 23 240 23 232 23 232 286 240 286 241 286 232 287 241 287 236 287 15 288 13 288 242 288 243 289 244 289 245 289 245 290 244 290 246 290 245 291 246 292 247 293 242 294 248 295 15 296 15 297 248 297 249 297 15 298 249 299 250 300 243 301 245 301 251 301 251 302 245 303 252 304 251 305 252 306 253 307 253 308 254 308 251 308 251 309 254 309 255 309 251 310 255 310 256 310 256 311 255 311 257 311 256 312 257 313 258 314 258 315 257 316 259 317 258 318 259 319 260 320 18 321 261 322 17 323 17 324 261 324 262 324 17 325 262 325 22 325 22 326 262 327 263 328 22 329 263 329 21 329 21 330 263 331 264 332 21 333 264 333 20 333 20 334 264 334 265 334 20 335 265 335 25 335 25 336 265 336 266 336 25 337 266 337 24 337 24 338 266 338 267 338 24 339 267 339 23 339 23 340 267 340 245 340 23 341 245 341 14 341 14 342 245 343 247 344 14 345 247 345 13 345 13 346 247 347 242 348 242 349 247 350 268 351 242 352 268 353 269 354 270 355 271 356 272 357 272 358 271 359 260 360 273 361 258 362 274 363 274 364 258 365 260 366 274 367 260 368 275 369 275 370 260 370 271 370 276 371 277 372 278 373 278 374 277 375 279 376 278 377 279 378 280 379 280 380 279 381 281 382 280 383 281 383 247 383 247 384 281 384 282 384 247 385 282 385 268 385 250 386 283 387 15 388 15 389 283 389 284 389 15 390 284 391 16 392 16 393 284 393 285 393 16 394 285 395 19 396 19 397 285 398 286 399 19 400 286 400 18 400 18 401 286 401 287 401 18 402 287 403 261 404 288 405 289 406 290 407 290 408 289 409 270 410 290 411 270 412 291 413 291 414 270 415 272 416 292 417 293 417 294 417 294 418 293 418 295 418 294 419 295 419 296 419 296 420 295 420 297 420 296 421 297 421 298 421 298 422 297 422 299 422 298 423 299 423 300 423 300 424 299 424 301 424 300 425 301 425 302 425 302 426 301 426 303 426 302 427 303 427 304 427 304 428 303 428 305 428 304 429 305 429 306 429 306 430 305 430 307 430 306 431 307 431 308 431 308 432 307 432 309 432 308 433 309 433 310 433 310 434 309 434 311 434 310 435 311 435 312 435 312 436 311 436 313 436 312 437 313 437 314 437 314 438 313 438 315 438 314 439 315 439 316 439 316 440 315 440 317 440 316 441 317 441 318 441 318 442 317 442 319 442 318 443 319 443 320 443 320 444 319 444 321 444 320 445 321 445 322 445 322 446 321 446 323 446 322 447 323 447 324 447 324 448 323 448 325 448 324 449 325 449 326 449 326 450 325 450 327 450 326 451 327 451 328 451 328 452 327 452 329 452 328 453 329 453 330 453 330 454 329 454 331 454 330 455 331 455 332 455 332 456 331 456 333 456 332 457 333 457 292 457 292 458 333 458 293 458 334 459 301 459 335 459 335 460 301 460 299 460 335 461 299 461 336 461 336 462 299 462 297 462 336 463 297 463 337 463 337 464 297 464 295 464 337 465 295 465 338 465 338 466 295 466 293 466 338 467 293 467 339 467 340 468 311 468 341 468 341 469 311 469 309 469 341 470 309 470 342 470 342 471 309 471 307 471 342 472 307 472 343 472 343 473 307 473 305 473 343 474 305 474 334 474 334 475 305 475 303 475 334 476 303 476 301 476 293 477 333 477 339 477 339 478 333 478 331 478 339 479 331 479 344 479 344 480 331 480 329 480 344 481 329 481 345 481 345 482 329 482 327 482 345 483 327 483 346 483 346 484 327 484 325 484 346 485 325 485 347 485 347 486 325 486 323 486 347 487 323 487 348 487 348 488 323 488 321 488 348 489 321 489 349 489 349 490 321 490 319 490 349 491 319 491 350 491 350 492 319 492 317 492 350 493 317 493 351 493 351 494 317 494 315 494 351 495 315 495 340 495 340 496 315 496 313 496 340 497 313 497 311 497 239 498 238 498 352 498 352 499 238 499 353 499 352 500 353 500 354 500 352 501 355 501 239 501 239 502 355 502 356 502 239 503 356 503 240 503 240 504 356 504 357 504 240 505 357 505 241 505 241 506 357 506 358 506 241 507 358 507 236 507 74 508 29 508 359 508 359 509 29 509 27 509 359 510 27 510 360 510 74 511 359 511 69 511 69 512 359 512 361 512 69 513 361 514 70 515 362 516 73 517 361 518 361 519 73 520 72 521 361 522 72 522 70 522 363 523 364 523 365 523 365 524 364 524 366 524 363 525 365 525 367 525 367 526 365 526 368 526 367 527 368 528 369 529 369 530 368 530 370 530 369 531 370 531 371 531 99 532 372 532 373 532 95 533 96 533 374 533 375 534 94 534 95 534 375 535 95 535 376 535 376 536 95 536 374 536 376 537 374 537 377 537 377 538 374 538 373 538 377 539 373 539 378 539 378 540 373 540 372 540 378 541 372 541 379 541 99 542 102 542 372 542 372 543 102 543 107 543 372 544 107 544 379 544 379 545 107 545 106 545 379 546 106 546 104 546 96 547 78 547 374 547 374 548 78 548 77 548 374 549 77 549 373 549 373 550 77 550 97 550 373 551 97 551 99 551 380 552 66 552 381 552 381 553 66 553 64 553 381 554 64 554 382 554 382 555 64 555 62 555 382 556 62 556 383 556 383 557 62 557 60 557 383 558 60 558 384 558 384 559 60 559 58 559 384 560 58 560 385 560 385 561 58 561 57 561 385 562 57 562 386 562 386 563 57 563 37 563 386 564 37 564 387 564 387 565 37 565 35 565 387 566 35 566 388 566 388 567 35 567 33 567 388 568 33 568 389 568 389 569 33 569 31 569 389 570 31 570 390 570 390 571 31 571 49 571 390 572 49 572 391 572 391 573 49 573 48 573 391 574 48 574 392 574 392 575 48 575 46 575 392 576 46 576 393 576 393 577 46 577 44 577 393 578 44 578 394 578 394 579 44 579 42 579 394 580 42 580 395 580 395 581 42 581 40 581 395 582 40 582 396 582 396 583 40 583 56 583 396 584 56 584 397 584 397 585 56 585 55 585 397 586 55 586 398 586 398 587 55 587 53 587 398 588 53 588 399 588 399 589 53 589 51 589 399 590 51 590 400 590 400 591 51 591 67 591 400 592 67 592 380 592 380 593 67 593 66 593 401 594 402 594 403 594 403 595 402 595 404 595 404 596 402 596 405 596 404 597 405 597 406 597 406 598 405 598 407 598 406 599 407 599 408 599 409 600 410 600 411 600 411 601 410 601 412 601 411 602 412 602 413 602 413 603 412 603 414 603 407 604 415 604 408 604 408 605 415 605 416 605 408 606 416 606 417 606 417 607 416 607 418 607 417 608 418 608 419 608 419 609 418 609 420 609 419 610 420 610 421 610 421 611 420 611 422 611 421 612 422 612 423 612 423 613 422 613 424 613 423 614 424 614 425 614 424 615 426 615 425 615 425 616 426 616 427 616 425 617 427 617 428 617 428 618 427 618 429 618 428 619 429 619 430 619 430 620 429 620 431 620 430 621 431 621 432 621 432 622 431 622 433 622 432 623 433 623 414 623 414 624 433 624 434 624 414 625 434 625 413 625 401 626 403 626 435 626 435 627 403 627 436 627 435 628 436 628 437 628 437 629 436 629 438 629 437 630 438 630 409 630 409 631 438 631 439 631 409 632 439 632 410 632 440 633 26 633 76 633 76 634 26 634 28 634 105 635 76 635 75 635 71 636 371 636 370 636 75 637 68 637 105 637 105 638 68 638 71 638 105 639 71 639 103 639 103 640 71 640 370 640 81 641 441 641 442 641 81 642 442 642 83 642 83 643 442 643 443 643 83 644 443 644 84 644 84 645 443 645 444 645 84 646 444 646 91 646 91 647 444 647 445 647 91 648 445 648 79 648 79 649 445 649 100 649 79 650 100 650 98 650 446 651 447 651 125 651 448 652 127 652 447 652 447 653 127 653 126 653 447 654 126 654 125 654 449 655 129 655 448 655 448 656 129 656 128 656 448 657 128 657 127 657 450 658 131 658 449 658 449 659 131 659 130 659 449 660 130 660 129 660 451 661 133 661 450 661 450 662 133 662 132 662 450 663 132 663 131 663 452 664 135 664 451 664 451 665 135 665 134 665 451 666 134 666 133 666 453 667 137 667 452 667 452 668 137 668 136 668 452 669 136 669 135 669 454 670 139 670 453 670 453 671 139 672 138 673 453 674 138 674 137 674 455 675 141 675 454 675 454 676 141 676 140 676 454 677 140 677 139 677 456 678 109 678 455 678 455 679 109 679 108 679 455 680 108 680 141 680 457 681 111 681 456 681 456 682 111 682 110 682 456 683 110 683 109 683 458 684 113 684 457 684 457 685 113 685 112 685 457 686 112 686 111 686 459 687 115 687 458 687 458 688 115 688 114 688 458 689 114 689 113 689 460 690 117 690 459 690 459 691 117 691 116 691 459 692 116 692 115 692 461 693 119 693 460 693 460 694 119 694 118 694 460 695 118 695 117 695 462 696 121 696 461 696 461 697 121 697 120 697 461 698 120 698 119 698 125 699 124 699 446 699 446 700 124 700 123 700 446 701 123 701 462 701 462 702 123 702 122 702 462 703 122 704 121 705 463 706 464 706 465 706 465 707 466 707 463 707 463 708 466 708 467 708 463 709 467 709 468 709 467 710 469 710 468 710 468 711 469 711 470 711 468 712 470 712 471 712 470 713 472 713 471 713 471 714 472 714 473 714 471 715 473 715 474 715 473 716 475 716 474 716 474 717 475 717 476 717 474 718 476 718 477 718 476 719 478 719 477 719 477 720 478 720 479 720 477 721 479 721 480 721 479 722 481 722 480 722 480 723 481 723 482 723 480 724 482 724 483 724 482 725 484 725 483 725 483 726 484 727 485 728 483 729 485 729 486 729 485 730 487 730 486 730 486 731 487 731 488 731 486 732 488 732 489 732 488 733 85 733 489 733 489 734 85 734 490 734 489 735 490 735 491 735 490 736 492 736 491 736 491 737 492 738 493 739 491 740 493 740 494 740 493 741 495 741 494 741 494 742 495 742 496 742 494 743 496 743 464 743 464 744 496 744 497 744 464 745 497 745 465 745 498 746 499 746 500 746 500 747 499 747 501 747 502 748 420 748 503 748 503 749 420 749 418 749 503 750 418 750 504 750 504 751 418 751 416 751 504 752 416 752 505 752 505 753 416 753 415 753 505 754 415 754 506 754 506 755 415 755 407 755 506 756 407 756 507 756 507 757 407 758 405 759 507 760 405 760 508 760 508 761 405 761 402 761 508 762 402 762 509 762 509 763 402 763 401 763 509 764 401 764 510 764 510 765 401 765 435 765 510 766 435 766 511 766 511 767 435 767 437 767 511 768 437 768 512 768 512 769 437 769 409 769 512 770 409 770 513 770 513 771 409 771 411 771 513 772 411 772 514 772 514 773 411 773 413 773 514 774 413 774 515 774 515 775 413 775 434 775 515 776 434 776 516 776 516 777 434 777 433 777 516 778 433 778 517 778 517 779 433 779 431 779 517 780 431 780 518 780 518 781 431 781 429 781 518 782 429 782 519 782 519 783 429 783 427 783 519 784 427 784 520 784 520 785 427 785 426 785 520 786 426 786 521 786 521 787 426 787 424 787 521 788 424 788 522 788 522 789 424 789 422 789 522 790 422 791 502 792 502 793 422 793 420 793 523 794 524 795 525 796 523 797 525 797 526 797 525 798 527 798 526 798 526 799 527 799 528 799 526 800 528 800 529 800 529 801 528 801 530 801 530 802 531 802 529 802 529 803 531 803 532 803 529 804 532 804 533 804 534 805 535 805 536 805 536 806 535 806 537 806 536 807 537 807 538 807 538 808 537 808 539 808 538 809 539 809 540 809 540 810 539 810 541 810 540 811 541 811 542 811 542 812 541 812 543 812 542 813 543 813 544 813 544 814 543 814 545 814 544 815 545 815 546 815 546 816 545 816 547 816 546 817 547 817 548 817 548 818 547 818 549 818 548 819 549 819 550 819 550 819 549 819 551 819 550 820 551 820 552 820 552 821 551 821 553 821 552 822 553 822 554 822 554 823 553 823 555 823 554 824 555 824 556 824 556 824 555 824 557 824 556 825 557 825 558 825 558 826 557 826 559 826 558 827 559 827 560 827 560 828 559 828 561 828 560 829 561 829 562 829 562 829 561 829 563 829 562 830 563 830 564 830 564 831 563 831 565 831 564 832 565 832 566 832 566 833 565 833 567 833 566 834 567 834 534 834 534 835 567 835 535 835 568 836 152 836 160 836 569 837 570 837 571 837 571 838 570 838 498 838 571 839 498 839 572 839 154 840 156 840 152 840 152 841 156 841 158 841 152 842 158 842 160 842 169 843 167 844 171 845 171 846 167 846 165 846 171 847 165 847 163 847 163 848 165 848 160 848 573 849 574 849 575 849 575 850 574 850 568 850 575 851 568 851 500 851 500 852 568 852 160 852 500 852 160 852 498 852 498 853 160 853 165 853 498 854 165 854 572 854 529 855 533 855 145 855 576 856 577 856 143 856 143 857 577 857 523 857 143 858 523 858 145 858 145 859 523 859 526 859 145 860 526 860 529 860 537 861 578 861 539 861 539 862 578 862 579 862 539 863 579 863 541 863 541 864 579 864 580 864 541 865 580 865 543 865 543 866 580 866 581 866 543 867 581 867 545 867 545 868 581 868 582 868 545 869 582 869 547 869 547 870 582 870 583 870 547 871 583 871 549 871 549 872 583 872 584 872 549 873 584 873 551 873 551 874 584 874 585 874 551 875 585 875 553 875 553 876 585 876 586 876 553 877 586 878 555 879 555 880 586 880 587 880 555 881 587 881 557 881 557 882 587 882 588 882 557 883 588 883 559 883 559 884 588 884 589 884 559 885 589 885 561 885 561 886 589 886 590 886 561 887 590 887 563 887 563 888 590 888 591 888 563 889 591 889 565 889 565 890 591 890 592 890 565 891 592 891 567 891 567 892 592 892 593 892 567 893 593 893 535 893 535 894 593 894 594 894 535 895 594 895 537 895 537 896 594 896 578 896 595 642 596 642 597 642 595 641 597 641 598 641 598 644 597 644 599 644 598 643 599 643 600 643 600 897 599 897 601 897 600 898 601 898 602 898 602 899 601 899 603 899 602 900 603 900 604 900 604 650 603 650 151 650 604 649 151 649 150 649 168 901 605 901 166 901 166 902 605 902 164 902 159 903 157 903 606 903 606 904 157 904 155 904 606 905 155 905 153 905 168 906 170 906 605 906 605 907 170 907 162 907 605 908 162 908 606 908 606 909 162 909 161 909 606 910 161 910 159 910 607 911 608 911 609 911 607 912 609 912 610 912 610 913 609 913 611 913 610 914 611 914 612 914 612 915 611 915 613 915 612 915 613 915 614 915 614 916 613 916 615 916 614 917 615 917 616 917 616 918 615 918 441 918 616 919 441 919 81 919 617 920 219 920 618 920 618 921 219 921 217 921 618 922 217 922 619 922 619 923 217 923 620 923 620 924 217 924 216 924 620 925 216 925 621 925 621 926 216 926 622 926 622 927 216 927 218 927 622 928 218 928 623 928 623 929 218 929 624 929 624 930 218 930 220 930 624 931 220 931 625 931 353 932 238 932 231 932 229 933 228 933 626 933 626 934 627 934 229 934 229 935 627 935 628 935 229 936 628 936 231 936 231 937 628 937 354 937 231 938 354 938 353 938 230 939 227 939 629 939 629 940 630 940 230 940 230 941 630 941 631 941 230 942 631 942 228 942 228 943 631 943 632 943 228 944 632 944 626 944 617 945 629 945 219 945 219 945 629 945 227 945 633 27 634 27 221 27 221 946 634 946 635 946 625 27 220 27 636 27 636 947 220 947 221 947 636 27 221 27 637 27 637 948 221 948 635 948 638 949 639 949 176 949 176 950 639 950 177 950 640 951 638 952 193 953 193 954 638 954 176 954 640 955 193 956 194 957 640 958 194 959 641 960 641 961 194 962 195 963 641 964 195 965 642 966 642 967 195 967 175 967 642 968 175 968 643 968 643 969 175 969 173 969 643 970 173 970 644 970 644 971 173 971 172 971 644 972 172 973 645 974 645 975 172 976 180 977 645 978 180 979 646 978 646 980 180 981 179 982 646 983 179 984 647 985 647 986 179 987 181 988 647 989 181 990 648 991 649 992 648 992 182 992 182 993 648 993 181 993 649 994 182 995 183 994 649 996 183 997 650 998 650 999 183 999 184 999 650 1000 184 1000 651 1000 651 1001 184 1001 174 1001 651 1002 174 1002 652 1002 652 1003 174 1003 192 1003 652 1004 192 1004 653 1004 654 27 653 27 191 27 191 1005 653 1005 192 1005 654 1006 191 1007 189 1008 654 1009 189 1010 655 1011 655 1012 189 1013 188 1014 655 1015 188 1016 656 1017 656 1018 188 1019 190 1020 656 1021 190 1022 657 1023 657 1024 190 1025 178 1026 657 1027 178 1028 658 1029 658 1030 178 1031 187 1030 658 1032 187 1032 659 1032 659 1033 187 1034 186 1035 659 1036 186 1037 660 1038 660 1039 186 1039 185 1039 660 1040 185 1040 661 1040 661 1041 185 1041 177 1041 661 1042 177 1043 639 1044 202 1045 662 1045 201 1045 201 1046 662 1046 663 1046 201 1047 663 1047 200 1047 200 1048 663 1048 664 1048 200 1049 664 1049 198 1049 198 1050 664 1050 665 1050 198 1051 665 1051 196 1051 196 1052 665 1052 666 1052 196 1053 666 1053 197 1053 197 1054 666 1054 667 1054 662 23 202 23 668 23 668 23 202 23 203 23 199 1055 669 1055 205 1055 205 1056 669 1056 670 1056 205 1057 670 1057 204 1057 204 1058 670 1058 671 1058 204 1059 671 1059 203 1059 203 1060 671 1060 668 1060 669 1061 199 1061 667 1061 667 1062 199 1062 197 1062 209 1063 672 1063 207 1063 207 1064 672 1064 673 1064 207 1065 673 1065 208 1065 208 1066 673 1066 674 1066 208 1067 674 1067 213 1067 213 1068 674 1068 675 1068 213 1069 675 1069 214 1069 214 1070 675 1070 676 1070 214 1071 676 1071 215 1071 215 1072 676 1072 677 1072 672 1073 209 1073 678 1073 678 1074 209 1074 210 1074 206 1075 679 1075 212 1075 212 1076 679 1076 680 1076 212 1077 680 1077 211 1077 211 1078 680 1078 681 1078 211 1079 681 1079 210 1079 210 1080 681 1080 678 1080 679 27 206 27 677 27 677 27 206 27 215 27 225 1081 682 1081 224 1081 224 1082 682 1082 683 1082 224 1083 683 1083 222 1083 222 1084 683 1084 684 1084 222 1085 684 1085 223 1085 223 1086 684 1086 685 1086 223 1087 685 1087 221 1087 221 1088 685 1088 633 1088 682 1089 225 1089 686 1089 686 1090 225 1090 226 1090 686 1089 226 1089 687 1089 232 1091 237 1091 233 1091 233 1092 237 1092 688 1092 233 1093 688 1093 234 1093 234 1094 688 1094 689 1094 234 1095 689 1095 235 1095 235 1096 689 1096 690 1096 235 1097 690 1097 226 1097 226 1098 690 1098 687 1098 691 1099 692 1099 255 1099 255 1100 692 1100 257 1100 691 1101 255 1101 254 1101 691 1102 254 1102 693 1102 693 1103 254 1103 253 1103 693 1104 253 1104 694 1104 694 1105 253 1106 252 1106 694 1107 252 1108 695 1107 695 1109 252 1110 245 1111 695 1112 245 1113 696 1114 696 1115 245 1115 267 1115 696 1116 267 1116 697 1116 697 1117 267 1117 266 1117 697 1118 266 1118 698 1118 698 1119 266 1119 265 1119 698 1120 265 1120 699 1120 699 1121 265 1121 264 1121 699 1122 264 1122 700 1122 700 1123 264 1123 263 1123 700 1124 263 1124 701 1124 701 1125 263 1125 262 1125 701 1126 262 1126 702 1126 702 1127 262 1128 261 1129 702 1130 261 1131 703 1132 703 1133 261 1133 287 1133 703 1134 287 1134 704 1134 704 1135 287 1136 286 1137 704 1138 286 1139 705 1140 705 1141 286 1142 285 1143 705 1144 285 1145 706 1146 707 23 706 23 284 23 284 1147 706 1147 285 1147 707 1148 284 1149 283 1150 707 1151 283 1152 708 1153 708 1154 283 1154 250 1154 708 1155 250 1155 709 1155 709 1156 250 1156 249 1157 709 1158 249 1159 710 1159 710 1160 249 1161 248 1162 710 1163 248 1164 711 1165 712 1166 711 1166 242 1166 242 1167 711 1167 248 1167 712 1168 242 1168 269 1168 712 1169 269 1170 713 1171 713 1172 269 1172 268 1172 713 1173 268 1173 714 1173 714 1174 268 1174 282 1174 714 1175 282 1175 715 1175 715 1176 282 1176 281 1176 715 1177 281 1177 716 1177 716 1178 281 1178 279 1178 716 1179 279 1179 717 1179 717 1180 279 1180 277 1180 717 1181 277 1181 718 1181 718 1182 277 1182 276 1182 718 1183 276 1183 719 1183 719 1184 276 1185 278 1186 719 1187 278 1188 720 1189 720 1190 278 1191 280 1192 720 1193 280 1194 721 1195 722 1196 721 1196 247 1196 247 1197 721 1197 280 1197 723 27 722 27 246 27 246 1198 722 1198 247 1198 251 1199 724 1200 725 1201 251 1202 725 1203 243 1204 243 1205 725 1205 726 1205 243 1206 726 1206 244 1206 244 1207 726 1207 723 1208 244 1209 723 1209 246 1209 727 1210 724 1210 256 1210 256 1211 724 1211 251 1211 727 1212 256 1213 258 1214 727 1215 258 1215 728 1216 728 1217 258 1217 273 1217 728 1218 273 1219 729 1220 729 1221 273 1221 274 1221 729 1222 274 1222 730 1222 730 1223 274 1223 275 1223 730 1224 275 1225 731 1226 731 1227 275 1228 271 1229 731 1230 271 1230 732 1230 732 1231 271 1232 270 1233 732 1234 270 1235 733 1236 733 1237 270 1238 289 1239 733 1240 289 1241 734 1242 734 1243 289 1243 288 1243 734 1244 288 1245 735 1246 735 1247 288 1248 290 1249 735 1250 290 1251 736 1252 736 1253 290 1254 291 1255 736 1256 291 1257 737 1258 737 1259 291 1260 272 1260 737 1261 272 1262 738 1263 738 1264 272 1265 260 1266 738 1267 260 1267 739 1268 739 1269 260 1270 259 1271 739 1272 259 1272 740 1273 740 1274 259 1275 257 1276 740 1277 257 1278 692 1279 741 1280 742 1280 312 1280 312 1281 742 1281 743 1281 312 1282 743 1282 310 1282 310 1283 743 1283 744 1283 310 1284 744 1284 308 1284 308 1285 744 1285 745 1285 308 1286 745 1286 306 1286 306 1287 745 1287 746 1288 306 1289 746 1289 304 1289 304 1290 746 1290 747 1290 304 1291 747 1291 302 1291 302 1292 747 1292 748 1292 302 1293 748 1293 300 1293 300 1294 748 1294 749 1294 300 1295 749 1295 298 1295 298 1296 749 1296 750 1296 298 1297 750 1297 296 1297 296 1298 750 1298 751 1298 296 1299 751 1299 294 1299 294 1300 751 1300 752 1300 294 1301 752 1301 292 1301 292 1302 752 1302 753 1302 292 1303 753 1303 332 1303 332 1304 753 1304 754 1304 332 1305 754 1305 330 1305 330 1306 754 1306 755 1306 330 1307 755 1307 328 1307 328 1308 755 1308 756 1308 328 1309 756 1309 326 1309 326 1310 756 1310 757 1310 326 1311 757 1311 324 1311 324 1312 757 1312 758 1312 324 1313 758 1313 322 1313 322 1314 758 1314 759 1314 322 1315 759 1315 320 1315 320 1316 759 1316 760 1316 320 1317 760 1317 318 1317 318 1318 760 1318 761 1318 318 1319 761 1319 316 1319 316 1320 761 1320 762 1320 316 1321 762 1321 314 1321 314 1280 762 1280 741 1280 314 1280 741 1280 312 1280 763 1322 764 1322 765 1322 766 1323 767 1323 768 1323 768 1324 767 1324 769 1324 768 1325 769 1325 770 1325 763 1326 771 1326 772 1326 772 1327 771 1327 767 1327 772 1328 767 1328 773 1328 773 1329 767 1329 766 1329 774 1330 775 1330 776 1330 776 1331 775 1331 769 1331 769 1332 775 1332 777 1332 769 1333 777 1333 770 1333 763 1334 765 1334 771 1334 771 1335 765 1335 778 1335 771 1336 778 1336 779 1336 779 1337 778 1337 780 1337 779 1338 780 1338 781 1338 781 1339 780 1339 782 1339 781 1340 782 1340 783 1340 783 1341 782 1341 784 1341 783 1342 784 1342 785 1342 785 1343 784 1343 786 1343 785 1344 786 1344 787 1344 774 1345 776 1345 788 1345 788 1346 776 1346 789 1346 788 1347 789 1347 790 1347 790 1348 789 1348 791 1348 790 1349 791 1349 792 1349 792 1350 791 1350 793 1350 792 1351 793 1351 794 1351 794 1352 793 1352 795 1352 794 1353 795 1353 796 1353 796 1354 795 1354 797 1354 796 1355 797 1355 798 1355 799 1356 348 1356 800 1356 800 1357 348 1357 349 1357 800 1358 349 1358 801 1358 801 1359 349 1359 350 1359 801 1360 350 1360 802 1360 802 1361 350 1361 351 1361 802 1362 351 1362 803 1362 803 1363 351 1363 340 1363 803 1364 340 1364 804 1364 804 1365 340 1365 341 1365 804 1366 341 1366 805 1366 805 1367 341 1367 342 1367 805 1368 342 1368 806 1368 806 1369 342 1369 343 1369 806 1370 343 1370 807 1370 807 1371 343 1371 334 1371 807 1372 334 1372 808 1372 808 1373 334 1373 335 1373 808 1374 335 1374 809 1374 809 1375 335 1375 336 1375 809 1376 336 1376 810 1376 810 1377 336 1377 337 1377 810 1378 337 1378 811 1378 811 1379 337 1379 338 1379 811 1380 338 1380 812 1380 812 1381 338 1381 339 1381 812 1382 339 1382 813 1382 813 1383 339 1383 344 1383 813 1384 344 1384 814 1384 814 1385 344 1386 345 1387 814 1388 345 1388 815 1388 815 1389 345 1389 346 1389 815 1390 346 1390 816 1390 816 1391 346 1391 347 1391 816 1392 347 1392 799 1392 799 1393 347 1393 348 1393 817 1394 772 1394 818 1394 818 1395 772 1395 773 1395 818 1396 773 1397 819 1398 819 1399 773 1399 766 1399 820 1400 764 1400 817 1400 817 1401 764 1401 763 1401 817 1402 763 1402 772 1402 766 1403 768 1403 821 1403 821 1404 768 1404 770 1404 821 1405 770 1405 822 1405 770 1406 777 1407 822 1408 822 1409 777 1409 775 1409 822 1410 775 1410 823 1410 823 1411 775 1411 774 1411 823 1412 774 1412 824 1412 824 1413 774 1413 825 1413 824 1414 825 1414 826 1414 826 1415 825 1415 827 1415 826 1416 827 1416 828 1416 828 1417 827 1417 829 1417 828 1418 829 1418 830 1418 830 1419 829 1419 831 1419 830 1420 831 1420 832 1420 832 1421 831 1421 833 1421 832 1422 833 1422 834 1422 834 1423 833 1423 835 1423 834 1424 835 1424 836 1424 836 1425 835 1425 837 1425 836 1426 837 1426 838 1426 838 1427 837 1427 839 1427 838 1428 839 1428 840 1428 840 1429 839 1429 841 1429 840 1430 841 1431 842 1432 842 1433 841 1433 843 1433 842 1434 843 1434 844 1434 844 1435 843 1435 845 1435 844 1436 845 1436 846 1436 846 1437 845 1437 847 1437 846 1438 847 1438 848 1438 848 1439 847 1439 849 1439 848 1440 849 1440 850 1440 850 1441 849 1441 851 1441 850 1442 851 1442 852 1442 852 1443 851 1443 853 1443 852 1444 853 1444 854 1444 854 1445 853 1445 855 1445 854 1446 855 1446 820 1446 820 1447 855 1447 856 1447 820 1448 856 1448 764 1448 485 1449 87 1449 487 1449 487 1450 87 1450 86 1450 487 1451 86 1451 488 1451 488 1452 86 1452 85 1452 484 1453 82 1453 485 1453 485 1454 82 1454 88 1454 485 1455 88 1455 87 1455 85 1456 93 1457 490 1458 490 1459 93 1460 92 1461 490 1462 92 1462 492 1462 492 1463 92 1463 90 1463 492 1464 90 1464 493 1464 493 1465 90 1465 495 1465 495 1466 90 1467 857 1468 495 1469 857 1469 496 1469 496 1470 857 1470 858 1470 496 1471 858 1471 497 1471 497 1472 858 1472 859 1472 497 1473 859 1473 465 1473 465 1474 859 1474 860 1474 465 1475 860 1475 466 1475 466 1476 860 1476 861 1476 466 1477 861 1477 467 1477 467 1478 861 1478 862 1478 467 1479 862 1479 469 1479 469 1480 862 1480 863 1480 469 1481 863 1481 470 1481 470 1482 863 1482 864 1482 470 1483 864 1483 472 1483 472 1484 864 1484 865 1484 472 1485 865 1485 473 1485 473 1486 865 1487 866 1488 473 1489 866 1489 475 1489 475 1490 866 1490 867 1490 475 1491 867 1491 476 1491 476 1492 867 1492 868 1492 476 1493 868 1493 478 1493 478 1494 868 1494 869 1494 478 1495 869 1495 479 1495 479 1496 869 1497 870 1496 479 1498 870 1498 481 1498 481 1499 870 1499 871 1499 481 1500 871 1500 482 1500 482 1501 871 1501 872 1501 482 1502 872 1502 484 1502 484 1503 872 1503 873 1503 484 1504 873 1504 82 1504 874 1505 607 1505 610 1505 874 1506 610 1506 875 1506 875 1507 610 1507 612 1507 875 1508 612 1508 876 1508 876 1509 612 1509 614 1509 876 1510 614 1510 877 1510 877 1511 614 1511 616 1511 877 1512 616 1512 878 1512 878 1513 616 1513 81 1513 878 1514 81 1514 80 1514 607 1515 874 1515 879 1515 879 1516 874 1516 880 1516 881 1517 882 1517 883 1517 881 1518 883 1518 884 1518 884 1519 883 1519 885 1519 884 1520 885 1520 886 1520 886 1521 885 1521 887 1521 886 1522 887 1522 888 1522 888 1523 887 1523 879 1523 888 1524 879 1524 880 1524 882 1525 881 1525 352 1525 352 1526 881 1526 889 1526 890 1527 358 1527 357 1527 890 1528 357 1528 891 1528 891 1529 357 1529 356 1529 891 1530 356 1530 892 1530 892 1531 356 1531 355 1531 892 1532 355 1532 893 1532 893 1533 355 1533 352 1533 893 1534 352 1534 889 1534 787 1535 786 1535 890 1535 890 1536 786 1536 894 1536 890 1537 894 1537 358 1537 895 1538 896 1538 897 1538 897 1539 896 1539 898 1539 897 1540 898 1540 899 1540 900 1541 901 1541 899 1541 899 1542 901 1542 902 1542 899 1543 902 1543 897 1543 897 1544 902 1544 903 1544 897 1545 903 1545 904 1545 27 1546 26 1546 905 1546 906 1547 907 1547 908 1547 908 1548 907 1548 909 1548 908 1549 909 1549 910 1549 910 1550 909 1550 911 1550 910 1551 911 1551 912 1551 912 1552 911 1552 913 1552 912 1553 913 1553 914 1553 914 1554 913 1554 915 1554 914 1555 915 1555 916 1555 916 1556 915 1556 917 1556 916 1557 917 1557 918 1557 918 1558 917 1558 919 1558 918 1559 919 1559 920 1559 920 1560 919 1560 921 1560 920 1561 921 1561 922 1561 922 1562 921 1562 923 1562 922 1563 923 1563 905 1563 905 1564 923 1564 924 1564 905 1565 924 1565 27 1565 27 1566 924 1566 360 1566 925 1567 364 1567 73 1567 371 1568 71 1568 73 1568 73 1569 362 1569 926 1569 369 1570 371 1571 367 1572 367 1573 371 1573 73 1573 367 1574 73 1574 363 1574 363 1575 73 1575 364 1575 926 1576 927 1576 73 1576 73 1577 927 1577 928 1577 73 1578 928 1578 925 1578 926 1579 929 1579 930 1579 926 1580 930 1580 927 1580 927 1581 930 1581 931 1581 927 1582 931 1582 928 1582 366 1583 364 1583 931 1583 931 1584 364 1584 925 1584 931 1585 925 1586 928 1587 365 1588 366 1588 104 1588 368 1589 365 1589 370 1589 370 1590 365 1590 104 1590 370 1591 104 1591 103 1591 377 1592 378 1592 929 1592 929 1593 378 1593 379 1593 929 1594 379 1595 930 1596 930 1597 379 1597 104 1597 930 1598 104 1598 931 1598 931 1599 104 1599 366 1599 932 1600 381 1600 933 1600 933 1601 381 1601 382 1601 933 1602 382 1602 934 1602 934 1603 382 1603 383 1603 934 1604 383 1604 935 1604 935 1605 383 1605 384 1605 935 1606 384 1606 936 1606 936 1607 384 1607 385 1607 936 1608 385 1608 937 1608 937 1609 385 1609 386 1609 937 1610 386 1610 938 1610 938 1611 386 1611 387 1611 938 1612 387 1612 939 1612 939 1613 387 1613 388 1613 939 1613 388 1613 940 1613 940 1614 388 1614 389 1614 940 1614 389 1614 941 1614 941 1615 389 1615 390 1615 941 1616 390 1616 942 1616 942 1617 390 1617 391 1617 942 1617 391 1617 943 1617 943 1618 391 1618 392 1618 943 1619 392 1619 944 1619 944 1620 392 1620 393 1620 944 1621 393 1621 945 1621 945 1622 393 1622 394 1622 945 1623 394 1623 946 1623 946 1624 394 1624 395 1624 946 1625 395 1625 947 1625 947 1626 395 1626 396 1626 947 1626 396 1626 948 1626 948 1627 396 1627 397 1627 948 1628 397 1628 949 1628 949 1629 397 1629 398 1629 949 1630 398 1630 950 1630 950 1631 398 1631 399 1631 950 1632 399 1632 951 1632 951 1633 399 1633 400 1633 951 1634 400 1634 952 1634 952 1635 400 1635 380 1635 952 1636 380 1636 932 1636 932 1600 380 1600 381 1600 953 1637 954 1637 955 1637 953 1638 955 1638 956 1638 956 1639 955 1639 957 1639 956 1640 957 1640 958 1640 959 1641 960 1641 961 1641 961 1642 960 1642 956 1642 961 1643 956 1643 962 1643 962 1644 956 1644 958 1644 963 1645 964 1645 965 1645 965 1646 964 1646 966 1646 965 1647 966 1647 967 1647 967 1648 966 1648 968 1648 967 1649 968 1649 969 1649 969 1650 968 1650 970 1650 969 1651 970 1651 971 1651 971 1652 970 1652 972 1652 971 1653 972 1653 973 1653 973 23 972 23 974 23 973 1654 974 1654 975 1654 975 1655 974 1655 976 1655 975 1656 976 1656 977 1656 977 1657 976 1657 978 1657 977 1658 978 1658 979 1658 979 1659 978 1659 980 1659 979 1660 980 1660 981 1660 981 1661 980 1661 982 1661 983 1662 438 1663 984 1664 984 1665 438 1665 436 1665 984 1666 436 1666 985 1666 985 1667 436 1667 403 1667 985 1668 403 1668 986 1668 986 1669 403 1669 404 1669 986 1670 404 1670 987 1670 987 1671 404 1671 406 1671 987 1672 406 1672 988 1672 988 1673 406 1674 408 1675 988 1676 408 1676 989 1676 989 1677 408 1677 417 1677 989 1678 417 1678 990 1678 990 1679 417 1679 419 1679 990 1680 419 1680 991 1680 991 1681 419 1681 421 1681 991 1682 421 1682 992 1682 992 1683 421 1683 423 1683 992 1684 423 1684 993 1684 993 1685 423 1685 425 1685 993 1686 425 1686 994 1686 994 1687 425 1687 428 1687 994 1688 428 1688 995 1688 995 1689 428 1689 430 1689 995 1690 430 1690 996 1690 996 1691 430 1691 432 1691 996 1692 432 1692 997 1692 997 1693 432 1693 414 1693 997 1694 414 1694 998 1694 998 1695 414 1695 412 1695 998 1696 412 1696 999 1696 999 1697 412 1698 410 1698 999 1699 410 1700 1000 1701 1000 1702 410 1702 439 1702 1000 1703 439 1703 983 1703 983 1704 439 1704 438 1704 907 1705 906 1705 1001 1705 1001 1706 906 1706 1002 1706 26 1707 440 1707 905 1707 905 1708 440 1708 1003 1708 905 1709 1003 1709 922 1709 922 1710 1003 1710 920 1710 920 1711 1003 1711 1004 1711 920 1712 1004 1712 918 1712 918 1713 1004 1713 916 1713 916 1714 1004 1714 1005 1714 916 1715 1005 1715 914 1715 914 1716 1005 1716 912 1716 912 1717 1005 1717 1006 1717 912 1718 1006 1718 910 1718 910 1719 1006 1719 908 1719 908 1720 1006 1720 1007 1720 908 1721 1007 1721 906 1721 1008 1722 1007 1722 1006 1722 1008 23 454 23 453 23 152 23 568 23 451 23 1008 1723 453 1723 568 1723 568 23 453 23 452 23 568 1724 452 1724 451 1724 105 1725 464 1725 76 1725 76 23 464 23 463 23 1006 23 1005 23 1008 23 1008 1726 1005 1726 1004 1726 1008 23 1004 23 454 23 454 1727 1004 1727 1003 1727 454 1728 1003 1728 455 1728 455 1729 1003 1729 456 1729 457 23 456 23 468 23 105 23 101 23 464 23 464 1730 101 1730 100 1730 464 23 100 23 494 23 494 1731 100 1731 445 1731 494 23 445 23 491 23 491 1732 445 1732 444 1732 491 23 444 23 489 23 489 23 444 23 443 23 489 23 443 23 486 23 486 1733 443 1733 442 1733 486 23 442 23 483 23 463 23 468 23 76 23 76 1734 468 1734 456 1734 76 1735 456 1735 440 1735 440 23 456 23 1003 23 442 1736 441 1736 483 1736 483 23 441 23 615 23 483 1737 615 1737 480 1737 480 1738 615 1738 613 1738 480 1739 613 1739 477 1739 477 23 613 23 611 23 477 1740 611 1740 609 1740 474 23 460 23 471 23 471 23 460 23 459 23 471 23 459 23 468 23 468 1741 459 1741 458 1741 468 1742 458 1742 457 1742 451 1743 450 1743 152 1743 152 1744 450 1744 449 1744 152 23 449 23 153 23 153 1745 449 1745 448 1745 153 23 448 23 606 23 606 1746 448 1746 447 1746 606 1747 447 1747 608 1747 608 23 447 23 446 23 608 23 446 23 462 23 609 23 608 23 477 23 477 1748 608 1748 462 1748 477 1749 462 1749 474 1749 474 1750 462 1750 461 1750 474 1751 461 1751 460 1751 500 1752 501 1752 575 1752 575 1753 501 1753 1009 1753 575 1754 1009 1754 573 1754 573 1755 1009 1755 1010 1755 573 1756 1010 1756 574 1756 574 1757 1010 1757 1011 1757 574 1758 1011 1758 568 1758 568 1759 1011 1759 1008 1759 499 1760 498 1760 1012 1760 1012 1761 498 1761 570 1761 1012 1762 570 1762 1013 1762 1013 1763 570 1763 569 1763 1013 1764 569 1764 1014 1764 1014 1765 569 1765 571 1765 1014 1766 571 1766 1015 1766 1015 1767 571 1767 572 1767 1016 1768 1017 1769 1018 1768 1018 1770 1017 1771 1019 1772 1018 1773 1019 1773 1020 1773 1020 1774 1019 1774 1021 1774 1022 1775 1023 1775 1016 1775 1016 1776 1023 1776 1024 1776 1016 1777 1024 1777 1017 1777 1021 1778 1025 1778 1026 1778 1026 1779 1025 1779 1027 1779 1026 1780 1027 1781 1028 1781 1027 1782 1029 1783 1028 1784 1028 1785 1029 1785 1030 1785 1028 1786 1030 1786 1031 1786 1031 1787 1030 1787 1032 1787 1031 1788 1032 1788 1033 1788 1033 1789 1032 1789 1034 1789 1033 1790 1034 1790 1035 1790 1035 1791 1034 1791 1036 1791 1035 1792 1036 1792 1037 1792 1037 1793 1036 1793 1038 1793 1037 1794 1038 1794 1039 1794 1039 1795 1038 1795 1040 1795 1039 1796 1040 1796 1041 1796 1041 1797 1040 1798 1042 1799 1041 1800 1042 1800 1043 1800 1043 1801 1042 1801 1044 1801 1043 1802 1044 1802 1045 1802 1045 1803 1044 1803 1046 1803 1045 1804 1046 1804 1047 1804 1047 1805 1046 1805 1048 1805 1047 1806 1048 1806 1049 1806 1049 1807 1048 1807 1050 1807 1049 1808 1050 1808 1051 1808 1051 1809 1050 1809 1052 1809 1051 1810 1052 1810 1053 1810 1053 1811 1052 1811 1054 1811 1053 1812 1054 1812 1055 1812 1055 1813 1054 1813 1056 1813 1055 1814 1056 1814 1057 1814 1057 1815 1056 1815 1058 1815 1057 1816 1058 1816 1059 1816 1059 1817 1058 1817 1060 1817 1059 1818 1060 1818 1061 1818 1061 1819 1060 1819 1062 1819 1061 1820 1062 1820 1063 1820 1063 1821 1062 1821 1064 1821 1063 1822 1064 1822 1022 1822 1022 1823 1064 1823 1065 1823 1022 1824 1065 1824 1023 1824 1024 1825 1023 1826 1066 1827 1021 1828 1067 1828 1025 1828 1025 1829 1067 1829 1068 1829 1025 1830 1068 1830 1027 1830 1024 1831 1069 1831 1017 1831 1017 1832 1069 1832 1067 1832 1017 1833 1067 1833 1019 1833 1019 1834 1067 1834 1021 1834 1032 1835 1030 1835 1070 1835 1070 1836 1030 1836 1068 1836 1068 1837 1030 1837 1029 1837 1068 1838 1029 1839 1027 1838 1024 1840 1066 1840 1069 1840 1069 1841 1066 1841 1071 1841 1069 1842 1071 1842 1072 1842 1072 1843 1071 1843 1073 1843 1072 1844 1073 1844 1074 1844 1074 1845 1073 1845 1075 1845 1074 1846 1075 1846 1076 1846 1076 1847 1075 1847 1077 1847 1076 1848 1077 1848 1078 1848 1078 1849 1077 1849 1079 1849 1078 1850 1079 1850 1080 1850 1032 1851 1070 1851 1081 1851 1081 1852 1070 1852 1082 1852 1081 1853 1082 1853 1083 1853 1083 1854 1082 1854 1084 1854 1083 1855 1084 1855 1085 1855 1085 1856 1084 1856 1086 1856 1085 1857 1086 1857 1087 1857 1087 1858 1086 1858 1088 1858 1087 1859 1088 1859 1089 1859 1089 1860 1088 1860 1001 1860 1089 1861 1001 1861 1002 1861 1050 1862 503 1863 1090 1864 1090 1865 503 1866 504 1867 1090 1868 504 1868 1091 1868 1091 1869 504 1869 505 1869 1091 1870 505 1870 1092 1870 1092 1871 505 1871 506 1871 1092 1872 506 1872 1093 1872 1093 1873 506 1873 507 1873 1093 1874 507 1874 1094 1874 1094 1875 507 1875 508 1875 1094 1876 508 1876 1095 1876 1095 1877 508 1877 509 1877 1095 1878 509 1878 1096 1878 1096 1879 509 1879 510 1879 1096 1880 510 1880 1097 1880 1097 1881 510 1881 511 1881 1097 1882 511 1882 1098 1882 1098 1883 511 1883 512 1883 1098 1884 512 1884 1099 1884 1099 1885 512 1885 513 1885 1099 1886 513 1886 1100 1886 1100 1887 513 1887 514 1887 1100 1888 514 1888 1101 1888 1101 1889 514 1889 515 1889 1101 1890 515 1890 1102 1890 1102 1891 515 1891 516 1891 1102 1892 516 1892 1103 1892 1103 1893 516 1894 517 1894 1103 1895 517 1895 1104 1895 1104 1896 517 1896 518 1896 1104 1897 518 1897 1105 1897 1105 1898 518 1898 519 1898 1105 1899 519 1899 1106 1899 1106 1900 519 1900 520 1900 1106 1901 520 1901 1107 1901 1107 1902 520 1902 521 1902 1107 1903 521 1903 1108 1903 1108 1904 521 1904 522 1904 1108 1905 522 1906 1109 1907 1109 1908 522 1909 502 1910 1109 1911 502 1911 1050 1911 1050 1912 502 1912 503 1912 1110 634 1111 634 532 634 532 633 1111 633 533 633 531 1913 1112 1913 532 1913 532 1914 1112 1914 1110 1914 1113 1915 151 1915 603 1915 151 1916 1113 1916 149 1916 601 1917 1114 1918 1115 1919 1115 1920 1116 1920 601 1920 601 1921 1116 1921 1117 1921 601 1922 1117 1922 603 1922 603 1923 1117 1923 1118 1924 603 1925 1118 1925 1113 1925 1119 1926 1120 1926 597 1926 597 1927 1120 1927 1121 1927 597 1928 1121 1928 599 1928 1122 1929 1114 1929 1123 1929 1123 1930 1114 1930 601 1930 1123 1931 601 1931 1124 1931 1124 1932 601 1932 599 1932 1124 1933 599 1933 1125 1933 1125 1934 599 1934 1121 1934 1119 1935 597 1935 1126 1935 1126 1936 597 1936 596 1936 1126 1937 596 1937 1127 1937 1128 27 1129 27 1130 27 165 1938 540 1938 542 1938 147 27 145 27 1131 27 165 1939 542 1939 572 1939 1132 27 1133 27 1129 27 1129 1940 1133 1940 1134 1940 1129 1941 1134 1941 1130 1941 542 27 544 27 572 27 572 1942 544 1942 546 1942 572 1943 546 1943 1015 1943 1015 27 546 27 548 27 1015 27 548 27 550 27 540 27 165 27 538 27 538 1944 165 1944 164 1944 538 1945 164 1945 536 1945 536 1946 164 1946 605 1946 536 27 605 27 534 27 534 1947 605 1947 1133 1947 534 27 1133 27 566 27 566 27 1133 27 1132 27 566 27 1132 27 564 27 1135 27 558 27 1136 27 1136 1948 558 1948 560 1948 1136 1949 560 1949 1132 1949 1132 1950 560 1950 562 1950 1132 1951 562 1951 564 1951 1131 1952 145 1952 1137 1952 1137 1953 145 1953 533 1953 1137 27 533 27 1135 27 1135 1954 533 1954 1111 1954 1135 27 1111 27 1015 27 1015 27 1111 27 1138 27 1015 1955 1138 1955 1139 1955 1139 27 1140 27 1015 27 1015 1956 1140 1956 1141 1956 1015 1957 1141 1957 1142 1957 1130 1958 1143 1958 1128 1958 1128 1959 1143 1959 1144 1959 1128 27 1144 27 1145 27 1145 27 1144 27 595 27 1145 27 595 27 1146 27 1146 27 595 27 598 27 1146 27 598 27 1147 27 1147 27 598 27 600 27 1147 1960 600 1960 1148 1960 1148 1961 600 1961 602 1961 1148 27 602 27 1149 27 1149 1962 602 1962 604 1962 1149 27 604 27 1131 27 1131 1963 604 1963 150 1963 1131 1964 150 1964 147 1964 550 27 552 27 1015 27 1015 1965 552 1965 554 1965 1015 27 554 27 1135 27 1135 1966 554 1966 556 1966 1135 1967 556 1967 558 1967 581 23 1150 23 582 23 582 23 1150 23 1151 23 582 23 1151 23 583 23 583 23 1151 23 1152 23 583 1968 1152 1968 584 1968 584 23 1152 23 1153 23 584 23 1153 23 585 23 585 1969 1153 1969 1154 1969 585 23 1154 23 586 23 589 23 1155 23 590 23 590 23 1155 23 1156 23 590 23 1156 23 591 23 591 23 1156 23 1157 23 591 23 1157 23 592 23 592 23 1157 23 1158 23 592 1970 1158 1970 593 1970 593 23 1158 23 1159 23 593 23 1159 23 594 23 1154 1971 1160 1971 586 1971 586 23 1160 23 1161 23 586 1972 1161 1972 587 1972 587 1973 1161 1973 1162 1973 587 23 1162 23 588 23 588 1974 1162 1974 1163 1974 588 23 1163 23 589 23 589 1975 1163 1975 1164 1975 589 1976 1164 1976 1155 1976 1159 1977 1165 1977 594 1977 594 1978 1165 1978 1166 1978 594 1979 1166 1979 578 1979 578 1980 1166 1980 1167 1980 578 1981 1167 1981 579 1981 579 1982 1167 1982 1168 1982 579 23 1168 23 580 23 580 23 1168 23 1169 23 580 23 1169 23 581 23 581 1983 1169 1983 1170 1983 581 1984 1170 1984 1150 1984 1133 1985 1171 1985 1172 1985 1133 1986 1172 1986 1134 1986 1134 1987 1172 1987 1173 1987 1134 1988 1173 1988 1130 1988 1130 915 1173 915 1174 915 1130 915 1174 915 1143 915 1143 916 1174 916 1175 916 1143 917 1175 917 1144 917 1144 1989 1175 1989 596 1989 1144 1990 596 1990 595 1990 606 1991 608 1991 607 1991 1176 1992 1171 1992 1133 1992 1133 1993 605 1993 1176 1993 1176 1994 605 1994 606 1994 1176 1995 606 1996 879 1997 879 1998 606 1998 607 1998 882 1999 1177 1999 1178 1999 882 2000 1178 2000 883 2000 883 2001 1178 2001 1179 2001 883 2001 1179 2001 885 2001 885 2002 1179 2002 1180 2002 885 2003 1180 2003 887 2003 887 2004 1180 2004 1176 2004 887 2004 1176 2004 879 2004 627 2005 626 2005 882 2005 882 2006 626 2006 632 2006 882 2007 632 2007 631 2007 618 2008 619 2008 1177 2008 1177 2009 619 2009 620 2009 631 2010 630 2010 882 2010 882 2011 630 2011 629 2011 882 2012 629 2012 1177 2012 1177 2013 629 2013 617 2013 1177 2014 617 2014 618 2014 627 2015 882 2015 628 2015 628 2016 882 2016 352 2016 628 2017 352 2018 354 2019 623 2020 1181 2020 622 2020 622 2021 1181 2021 1177 2021 622 2022 1177 2022 621 2022 621 2023 1177 2023 620 2023 1182 502 637 502 1183 502 1183 2024 637 2024 635 2024 1183 2025 635 2025 1184 2025 1184 2026 635 2026 634 2026 1184 2027 634 2027 1185 2027 623 2028 624 2028 1181 2028 1181 2029 624 2029 625 2029 1181 2030 625 2030 1182 2030 1182 2031 625 2031 636 2031 1182 503 636 503 637 503 670 2032 669 2032 894 2032 894 2033 669 2033 667 2033 662 2034 668 2034 894 2034 894 2035 668 2036 671 2037 894 2038 671 2038 670 2038 847 2039 762 2039 761 2039 778 2040 761 2040 780 2040 780 2041 761 2041 760 2041 780 2042 760 2042 782 2042 782 2043 760 2043 784 2043 784 2044 760 2044 759 2044 784 2045 759 2045 786 2045 786 2046 759 2046 758 2046 786 2047 758 2047 757 2047 855 2048 778 2048 856 2048 856 2049 778 2049 765 2049 856 2050 765 2051 764 2052 894 2053 786 2053 662 2053 662 2054 786 2054 757 2054 662 2055 757 2055 663 2055 663 2056 757 2056 756 2056 663 2057 756 2057 664 2057 664 2058 756 2058 755 2058 664 2059 755 2059 665 2059 855 2060 853 2060 778 2060 778 2061 853 2061 851 2061 778 2062 851 2062 761 2062 761 2063 851 2063 849 2063 761 2064 849 2064 847 2064 237 2065 236 2065 358 2065 734 2066 735 2067 1186 2068 734 2069 1186 2070 733 2071 711 2072 358 2072 710 2072 710 2073 358 2074 709 2075 237 2076 358 2076 688 2076 688 2077 358 2077 711 2077 688 2078 711 2078 689 2078 689 2079 711 2079 712 2079 689 2080 712 2080 690 2080 690 2081 712 2081 713 2081 690 2082 713 2082 687 2082 687 2083 713 2083 714 2083 687 2084 714 2084 715 2084 686 2085 687 2085 728 2085 728 2086 687 2086 718 2086 728 2087 718 2088 719 2089 719 2090 720 2091 728 2092 728 2093 720 2094 721 2095 728 2096 721 2097 727 2098 727 2099 721 2099 724 2099 715 2100 716 2100 687 2100 687 2101 716 2101 717 2101 687 2102 717 2103 718 2104 721 2105 722 2106 723 2107 729 2108 730 2109 1186 2110 730 2111 731 2112 1186 2113 1186 2114 731 2115 732 2116 1186 2117 732 2117 733 2117 693 2118 694 2118 697 2118 697 2119 694 2119 695 2119 697 2120 695 2121 696 2122 755 2123 754 2123 665 2123 665 2124 754 2124 753 2124 665 2125 753 2125 666 2125 666 2126 753 2126 752 2126 666 2127 752 2127 667 2127 667 2128 752 2128 1186 2128 667 2129 1186 2129 894 2129 894 2130 1186 2130 698 2130 894 2131 698 2132 699 2133 699 2134 700 2134 894 2134 894 2135 700 2135 701 2135 894 2136 701 2136 702 2136 740 2137 692 2138 697 2139 697 2140 692 2141 691 2142 697 2143 691 2143 693 2143 735 2144 736 2145 1186 2146 1186 2147 736 2148 737 2149 1186 2150 737 2151 698 2152 698 2153 737 2154 738 2155 698 2156 738 2156 697 2156 697 2157 738 2158 739 2159 697 2160 739 2161 740 2162 723 2163 726 2163 721 2163 721 2164 726 2164 725 2164 721 2165 725 2165 724 2165 702 2166 703 2166 894 2166 894 2167 703 2168 704 2169 894 2170 704 2170 705 2170 705 2171 706 2172 894 2173 894 2174 706 2175 707 2176 894 2177 707 2177 358 2177 358 2178 707 2179 708 2180 358 2181 708 2182 709 2183 1186 2184 661 2185 639 2186 1186 2187 641 2187 642 2187 641 2188 1186 2189 640 2190 640 2191 1186 2191 639 2191 640 2192 639 2192 638 2192 654 2193 655 2194 1187 2195 1187 2196 655 2197 656 2198 1187 2199 656 2200 657 2201 642 2202 643 2203 1186 2204 1186 2205 643 2205 686 2205 1186 2206 686 2206 729 2206 729 2207 686 2208 728 2209 685 2210 650 2210 633 2210 633 2211 650 2211 1185 2211 633 2065 1185 2065 634 2065 650 2212 651 2213 1185 2214 1185 2215 651 2216 652 2217 1185 2218 652 2218 1187 2218 1187 2219 652 2220 653 2221 1187 2222 653 2222 654 2222 657 2223 658 2223 1187 2223 1187 2224 658 2224 659 2224 1187 2225 659 2225 1186 2225 1186 2226 659 2227 660 2228 1186 2229 660 2229 661 2229 643 2230 644 2230 686 2230 686 2231 644 2231 645 2231 686 2232 645 2232 682 2232 682 2233 645 2233 646 2233 682 2234 646 2234 683 2234 683 2235 646 2236 647 2237 683 2238 647 2238 684 2238 684 2239 647 2239 648 2239 684 2240 648 2240 685 2240 685 2241 648 2241 649 2241 685 2242 649 2243 650 2244 680 2245 1187 2245 681 2245 681 2246 1187 2246 678 2246 680 2247 679 2247 1187 2247 1187 2248 679 2248 677 2248 1187 2249 677 2249 798 2249 678 2033 1187 2033 672 2033 672 2129 1187 2129 1186 2129 672 2250 1186 2250 673 2250 673 2251 1186 2251 752 2251 673 2252 752 2252 674 2252 677 2253 676 2253 749 2253 749 2254 676 2254 675 2254 749 2255 675 2255 750 2255 750 2256 675 2256 674 2256 750 2257 674 2257 751 2257 751 2258 674 2258 752 2258 847 2259 845 2259 762 2259 762 2260 845 2260 843 2260 762 2261 843 2261 741 2261 741 2262 843 2262 1188 2262 741 2263 1188 2263 742 2263 1188 2264 839 2264 742 2264 742 2265 839 2265 837 2265 742 2266 837 2266 743 2266 743 2267 837 2267 835 2267 743 2268 835 2268 833 2268 831 2269 829 2269 790 2269 790 2270 829 2270 827 2270 790 2271 827 2271 788 2271 788 2272 827 2272 825 2272 788 2273 825 2274 774 2275 749 2276 748 2276 677 2276 677 2277 748 2277 747 2277 677 2278 747 2278 798 2278 798 2279 747 2279 746 2279 798 2280 746 2280 796 2280 796 2281 746 2281 745 2281 796 2282 745 2282 794 2282 794 2283 745 2283 744 2283 794 2284 744 2284 792 2284 792 2285 744 2285 743 2285 792 2286 743 2286 790 2286 790 2287 743 2287 833 2287 790 2288 833 2288 831 2288 900 2289 1189 2289 1190 2289 791 2290 1191 2290 793 2290 793 2291 1191 2291 1192 2291 793 2292 1192 2292 795 2292 795 2293 1192 2293 1193 2293 795 2294 1193 2294 797 2294 789 2295 1194 2295 791 2295 791 2296 1194 2296 1195 2296 791 2297 1195 2297 1191 2297 901 2298 900 2298 779 2298 779 2299 781 2299 901 2299 901 2300 781 2300 783 2300 901 2301 783 2301 902 2301 902 2302 783 2302 785 2302 902 2303 785 2303 903 2303 903 2304 785 2304 787 2304 903 2305 787 2305 904 2305 900 2306 1190 2306 779 2306 779 2307 1190 2307 1196 2307 779 2308 1196 2308 771 2308 771 2309 1196 2309 1197 2309 771 2310 1197 2310 767 2310 767 2311 1197 2311 1198 2311 767 2312 1198 2312 769 2312 769 2313 1198 2313 1199 2313 769 2314 1199 2314 776 2314 776 2315 1199 2315 1200 2315 776 2316 1200 2316 789 2316 789 2317 1200 2317 1201 2317 789 2318 1201 2318 1194 2318 1189 2319 900 2319 1202 2319 1202 2320 900 2320 899 2320 1202 2321 899 2321 1203 2321 1203 2322 899 2322 898 2322 1203 2323 898 2323 896 2323 1203 2324 896 2324 1204 2324 1204 2325 896 2325 895 2325 1204 2326 895 2326 1205 2326 1205 2327 895 2327 897 2327 1205 2328 897 2329 1206 2330 1207 2331 1208 2331 1209 2331 1209 2332 1208 2332 1210 2332 1209 2333 1210 2333 1201 2333 1201 2334 1210 2334 1194 2334 814 2335 815 2335 1211 2335 1211 2336 815 2336 816 2336 1211 2337 816 2337 1212 2337 1212 2338 816 2338 799 2338 1212 2339 799 2339 1213 2339 1213 2340 799 2340 800 2340 1213 2341 800 2341 1214 2341 1214 2342 800 2342 801 2342 1214 2343 801 2343 1215 2343 1215 2344 801 2344 802 2344 1215 2345 802 2345 1216 2345 1216 2346 802 2346 803 2346 1216 2347 803 2347 1217 2347 1217 2348 803 2348 804 2348 1217 2349 804 2349 1218 2349 1218 2350 804 2350 805 2350 1218 2351 805 2351 1219 2351 1219 2352 805 2352 806 2352 1219 2353 806 2353 1220 2353 1220 2354 806 2354 807 2354 1220 2355 807 2355 1221 2355 1221 2356 807 2356 808 2356 1221 2357 808 2357 1222 2357 1222 2358 808 2358 809 2358 1222 2359 809 2359 1223 2359 1223 2360 809 2360 810 2360 1223 2361 810 2361 1224 2361 1224 2362 810 2362 811 2362 1224 2363 811 2363 1225 2363 1225 2364 811 2364 812 2364 1225 2365 812 2365 1226 2365 1226 2366 812 2366 813 2366 1226 2367 813 2367 1227 2367 1227 2368 813 2368 814 2368 1227 2369 814 2369 1211 2369 821 2370 1228 2370 1229 2370 821 2371 822 2371 1228 2371 1228 2372 822 2372 823 2372 1228 2373 823 2373 1230 2373 823 2374 824 2374 1230 2374 1230 2375 824 2375 826 2375 1230 2376 826 2376 1231 2376 826 2377 828 2377 1231 2377 1231 2378 828 2378 830 2378 1231 2379 830 2379 1232 2379 830 2380 832 2380 1232 2380 1232 2381 832 2381 834 2381 1232 2382 834 2382 1233 2382 834 2383 836 2383 1233 2383 1233 2384 836 2384 838 2384 1233 2385 838 2385 1234 2385 838 2386 1235 2386 1234 2386 1234 2387 1235 2387 842 2387 1234 2388 842 2388 1236 2388 842 2389 844 2389 1236 2389 1236 2390 844 2390 846 2390 1236 2391 846 2391 1237 2391 846 2392 848 2392 1237 2392 1237 2393 848 2393 850 2393 1237 2394 850 2394 1238 2394 850 2395 852 2395 1238 2395 1238 2396 852 2396 854 2396 1238 2397 854 2397 1239 2397 854 2398 820 2398 1239 2398 1239 2399 820 2399 817 2399 1239 2400 817 2400 1240 2400 817 2401 818 2401 1240 2401 1240 2402 818 2402 819 2402 1240 2403 819 2403 1229 2403 1229 2404 819 2404 766 2404 1229 2405 766 2405 821 2405 1241 2406 1242 2406 1243 2406 1243 2407 1242 2407 1244 2407 1243 2408 1244 2408 1245 2408 1245 2409 1244 2409 1246 2409 1245 2410 1246 2410 1247 2410 1247 2411 1246 2411 1248 2411 1247 2412 1248 2412 1249 2412 1249 2413 1248 2413 1250 2413 1249 27 1250 27 1251 27 1251 27 1250 27 1252 27 1251 2414 1252 2414 1253 2414 1253 2415 1252 2415 1254 2415 1253 2416 1254 2416 1255 2416 1255 2417 1254 2417 1256 2417 1255 2418 1256 2418 1257 2418 1257 2419 1256 2419 1258 2419 1257 2420 1258 2420 1259 2420 1259 2421 1258 2421 1260 2421 979 2422 981 2422 1261 2422 979 2423 1261 2423 977 2423 963 2424 965 2424 1262 2424 1262 2425 965 2425 967 2425 1262 2426 967 2426 969 2426 969 2427 971 2427 1262 2427 1262 2428 971 2429 973 2430 1262 2431 973 2431 1261 2431 1261 2432 973 2432 975 2432 1261 2433 975 2433 977 2433 961 2434 1263 2434 959 2434 959 2435 1263 2435 1262 2435 1206 27 897 27 904 27 787 2436 890 2436 904 2436 904 2437 890 2437 1261 2437 904 27 1261 27 1206 27 911 27 1262 27 913 27 913 27 1262 27 915 27 950 2438 951 2438 876 2438 863 27 862 27 947 27 1001 2439 959 2439 907 2439 907 27 959 27 1262 27 907 27 1262 27 909 27 909 27 1262 27 911 27 857 2440 90 2440 1264 2440 867 27 948 27 949 27 876 27 951 27 875 27 875 27 951 27 952 27 875 2441 952 2441 874 2441 874 27 952 27 932 27 874 2442 932 2442 880 2442 932 27 933 27 880 27 880 2443 933 2443 934 2443 880 27 934 27 888 27 888 27 934 27 935 27 936 2444 884 2444 935 2444 935 2445 884 2445 886 2445 935 2446 886 2446 888 2446 937 27 889 27 936 27 936 2447 889 2447 881 2447 936 2448 881 2448 884 2448 360 27 943 27 944 27 947 2449 862 2449 946 2449 938 2450 892 2450 937 2450 937 2451 892 2451 893 2451 937 2452 893 2452 889 2452 862 27 861 27 946 27 946 2453 861 2453 377 2453 946 2454 377 2454 945 2454 945 2455 377 2455 929 2455 945 2456 929 2456 926 2456 82 27 873 27 80 27 80 27 873 27 872 27 80 2457 872 2457 871 2457 870 27 869 27 949 27 949 2458 869 2458 868 2458 949 2459 868 2459 867 2459 917 27 915 27 941 27 941 27 915 27 1262 27 941 2460 1262 2460 940 2460 940 2461 1262 2461 1261 2461 940 2462 1261 2462 939 2462 939 27 1261 27 890 27 939 27 890 27 938 27 938 2463 890 2463 891 2463 938 2464 891 2464 892 2464 360 2465 924 2465 943 2465 943 27 924 27 923 27 943 27 923 27 942 27 942 27 923 27 921 27 942 2466 921 2466 941 2466 941 27 921 27 919 27 941 2467 919 2467 917 2467 926 27 362 27 945 27 945 2468 362 2468 361 2468 945 27 361 27 944 27 944 27 361 27 359 27 944 2469 359 2469 360 2469 867 27 866 27 948 27 948 27 866 27 865 27 948 2470 865 2470 947 2470 947 27 865 27 864 27 947 27 864 27 863 27 871 27 870 27 80 27 80 27 870 27 949 27 80 2471 949 2471 878 2471 878 2472 949 2472 950 2472 878 2473 950 2473 877 2473 877 2474 950 2474 876 2474 861 2475 860 2475 377 2475 377 2476 860 2476 859 2476 377 27 859 27 376 27 376 27 859 27 858 27 376 27 858 27 375 27 857 27 1264 27 858 27 858 2477 1264 2477 94 2477 858 2478 94 2478 375 2478 957 2479 1265 2479 1266 2479 957 2480 1266 2480 958 2480 958 2481 1266 2481 1267 2481 958 2482 1267 2482 962 2482 962 2483 1267 2483 1263 2483 962 2484 1263 2484 961 2484 954 2485 1268 2485 955 2485 955 2486 1268 2486 1269 2486 955 2487 1269 2487 957 2487 957 2488 1269 2488 1265 2488 982 2489 964 2489 1242 2489 1242 2489 964 2489 1260 2489 1242 2490 1260 2490 1258 2490 982 2491 980 2491 964 2491 964 2492 980 2492 978 2492 964 2493 978 2493 966 2493 974 2494 972 2494 970 2494 1258 2495 1256 2495 1242 2495 1242 2496 1256 2496 1254 2496 1242 2497 1254 2497 1252 2497 974 2498 970 2498 976 2498 976 2499 970 2499 978 2499 978 2500 970 2500 968 2500 978 2501 968 2501 966 2501 1246 2502 1244 2502 1248 2502 1248 2503 1244 2503 1242 2503 1248 2504 1242 2504 1250 2504 1250 2505 1242 2505 1252 2505 998 2506 999 2506 1270 2506 1270 2507 999 2507 1000 2507 1270 2508 1000 2508 1271 2508 1271 2509 1000 2509 983 2509 1271 2510 983 2510 1272 2510 1272 2511 983 2511 984 2511 1272 2512 984 2512 1273 2512 1273 2513 984 2513 985 2513 1273 2514 985 2514 1274 2514 1274 2515 985 2515 986 2515 1274 2516 986 2516 1275 2516 1275 2517 986 2517 987 2517 1275 2518 987 2518 1276 2518 1276 2519 987 2519 988 2519 1276 2520 988 2520 1277 2520 1277 2521 988 2521 989 2521 1277 2522 989 2522 1278 2522 1278 2523 989 2523 990 2523 1278 2524 990 2524 1279 2524 1279 2525 990 2525 991 2525 1279 2526 991 2526 1280 2526 1280 2527 991 2527 992 2527 1280 2528 992 2528 1281 2528 1281 2529 992 2529 993 2529 1281 2530 993 2530 1282 2530 1282 2531 993 2531 994 2531 1282 2532 994 2532 1283 2532 1283 2533 994 2533 995 2533 1283 2534 995 2534 1284 2534 1284 2535 995 2535 996 2535 1284 2536 996 2536 1285 2536 1285 2537 996 2537 997 2537 1285 2538 997 2538 1286 2538 1286 2539 997 2539 998 2539 1286 2540 998 2540 1270 2540 1287 2541 1288 2541 1020 2541 1289 2542 1016 2542 1288 2542 1288 2543 1016 2543 1018 2543 1288 2544 1018 2544 1020 2544 1290 2545 1063 2545 1289 2545 1289 2546 1063 2546 1022 2546 1289 2547 1022 2547 1016 2547 1291 2548 1059 2548 1290 2548 1290 2549 1059 2549 1061 2549 1290 2550 1061 2550 1063 2550 1292 2551 1055 2551 1291 2551 1291 2552 1055 2552 1057 2552 1291 2553 1057 2553 1059 2553 1293 2554 1051 2554 1292 2554 1292 2555 1051 2555 1053 2555 1292 2556 1053 2556 1055 2556 1294 2557 1047 2557 1293 2557 1293 2558 1047 2558 1049 2558 1293 2559 1049 2559 1051 2559 1295 2560 1043 2560 1294 2560 1294 2561 1043 2561 1045 2561 1294 2562 1045 2562 1047 2562 1296 2563 1039 2563 1295 2563 1295 2564 1039 2564 1041 2564 1295 2565 1041 2565 1043 2565 1297 2566 1035 2566 1296 2566 1296 2567 1035 2567 1037 2567 1296 2568 1037 2568 1039 2568 1298 2569 1031 2569 1297 2569 1297 2570 1031 2570 1033 2570 1297 2571 1033 2571 1035 2571 1020 2572 1021 2572 1287 2572 1287 2573 1021 2573 1026 2573 1287 2574 1026 2574 1298 2574 1298 2575 1026 2575 1028 2575 1298 2576 1028 2576 1031 2576 1299 2577 1300 2577 1301 2577 1301 2578 1300 2578 1302 2578 1301 2579 1302 2579 1303 2579 1303 2580 1302 2580 1304 2580 959 2581 1001 2581 1088 2581 959 2582 1088 2582 960 2582 960 2583 1088 2583 1086 2583 960 2584 1086 2584 956 2584 956 2585 1086 2585 1084 2585 956 2586 1084 2586 953 2586 953 2587 1084 2587 954 2587 954 2588 1084 2588 1082 2588 954 2589 1082 2589 1268 2589 1305 2590 1303 2591 1072 2592 1072 2593 1074 2593 1305 2593 1305 2594 1074 2594 1076 2594 1305 2595 1076 2595 1306 2595 1306 2596 1076 2596 1078 2596 1306 2597 1078 2597 1307 2597 1307 2598 1078 2598 1080 2598 1307 2599 1080 2599 1308 2599 1268 2600 1082 2600 1309 2600 1309 2601 1082 2601 1070 2601 1309 2602 1070 2602 1310 2602 1310 2603 1070 2603 1068 2603 1310 2604 1068 2604 1311 2604 1311 2605 1068 2605 1067 2605 1311 2606 1067 2606 1312 2606 1312 2607 1067 2607 1069 2607 1312 2608 1069 2608 1313 2608 1313 2609 1069 2609 1072 2609 1313 2610 1072 2610 1314 2610 1314 2611 1072 2611 1303 2611 1314 2612 1303 2612 1304 2612 1014 2613 1015 2613 1142 2613 1090 2614 1060 2615 1058 2616 1095 2617 1315 2617 1079 2617 1023 2618 1065 2618 1066 2618 1066 2619 1065 2619 1064 2619 1066 2620 1064 2620 1062 2620 1007 2621 1008 2621 1011 2621 1058 2622 1056 2622 1090 2622 1090 2623 1056 2623 1054 2623 1090 2624 1054 2624 1052 2624 1062 2625 1060 2625 1066 2625 1066 2626 1060 2627 1090 2628 1066 2629 1090 2629 1071 2629 1071 2630 1090 2630 1091 2630 1071 2631 1091 2631 1073 2631 499 2632 1012 2632 1142 2632 1142 2633 1012 2633 1013 2633 1142 2634 1013 2634 1014 2634 1073 2635 1091 2635 1075 2635 1075 2636 1091 2636 1092 2636 1075 2637 1092 2637 1077 2637 1077 2638 1092 2638 1093 2638 1077 2639 1093 2639 1079 2639 1079 2640 1093 2640 1094 2640 1079 2641 1094 2641 1095 2641 1011 2642 1010 2642 1007 2642 1007 2643 1010 2643 1009 2643 1007 2644 1009 2644 501 2644 1048 2645 1046 2646 1085 2647 1085 2648 1046 2648 1044 2648 1095 2649 1096 2649 1315 2649 1315 2650 1096 2650 1097 2650 1315 2651 1097 2651 1142 2651 1142 2652 1097 2652 1098 2652 1142 2653 1098 2653 499 2653 1085 2654 1087 2654 1048 2654 1048 2655 1087 2655 1109 2655 1048 2656 1109 2656 1050 2656 1099 2657 1007 2657 1098 2657 1098 2658 1007 2658 501 2658 1098 2659 501 2659 499 2659 1083 2660 1036 2660 1081 2660 1081 2661 1036 2661 1034 2661 1081 2662 1034 2662 1032 2662 1044 2663 1042 2663 1085 2663 1085 2664 1042 2664 1040 2664 1085 2665 1040 2665 1083 2665 1083 2666 1040 2666 1038 2666 1083 2667 1038 2667 1036 2667 1099 2668 1100 2668 1007 2668 1007 2669 1100 2669 1101 2669 1007 2670 1101 2670 906 2670 906 2671 1101 2671 1102 2671 1102 2672 1103 2672 906 2672 906 2673 1103 2673 1104 2673 906 2674 1104 2674 1002 2674 1104 2675 1105 2675 1002 2675 1002 2676 1105 2676 1106 2676 1002 2677 1106 2677 1089 2677 1089 2678 1106 2678 1107 2678 1089 2679 1107 2679 1087 2679 1087 2680 1107 2680 1108 2680 1087 2681 1108 2681 1109 2681 1050 2682 1109 2683 1052 2684 1052 2685 1050 2685 1090 2685 1111 2686 1110 2686 1138 2686 1138 2687 1110 2687 1316 2687 1316 1709 1317 1709 1138 1709 1138 1710 1317 1710 1318 1710 1138 2688 1318 2688 1139 2688 1318 1712 1319 1712 1139 1712 1139 1713 1319 1713 1320 1713 1139 2689 1320 2689 1140 2689 1320 1715 1321 1715 1140 1715 1140 1716 1321 1716 1322 1716 1140 2690 1322 2690 1141 2690 1315 1721 1142 1721 1323 1721 1323 2691 1142 2691 1141 2691 1323 1719 1141 1719 1324 1719 1324 1718 1141 1718 1322 1718 1112 2692 531 2693 530 2694 1325 2695 1112 2695 1326 2695 1326 2696 1112 2696 530 2696 1326 2697 530 2697 1327 2697 530 2698 528 2698 1327 2698 1327 2699 528 2699 527 2699 1327 2700 527 2700 1328 2700 1328 2701 527 2701 525 2701 1328 2702 525 2703 524 2704 1329 2705 1330 2705 1331 2705 1331 2706 1330 2706 1332 2706 1333 2707 1334 2707 1335 2707 1336 2708 146 2709 148 2710 1337 2711 142 2711 144 2711 1338 2712 1339 2712 1340 2712 1340 2713 1339 2714 1337 2715 1340 2716 1337 2716 1336 2716 1336 2717 1337 2717 144 2717 1336 2718 144 2719 146 2720 1113 2721 1118 2721 1334 2721 1334 2722 1118 2722 1117 2722 1334 2723 1117 2723 1335 2723 1335 2724 1117 2724 1116 2724 1335 2725 1116 2725 1115 2725 148 2726 149 2726 1336 2726 1336 2727 149 2727 1113 2727 1336 2728 1113 2728 1340 2728 1340 2729 1113 2729 1334 2729 1340 2730 1334 2730 1338 2730 1338 2731 1334 2731 1333 2731 576 2732 1341 2732 577 2732 577 2733 1341 2733 1342 2733 1332 2734 1330 2734 1341 2734 1341 2735 1330 2735 1343 2735 1341 2736 1343 2737 1342 2736 1131 2738 1137 2738 1344 2738 1135 2739 1345 2739 1137 2739 1137 708 1345 708 1346 708 1137 707 1346 707 1344 707 1136 2740 1347 2740 1135 2740 1135 711 1347 711 1348 711 1135 710 1348 710 1345 710 1132 2741 1349 2741 1136 2741 1136 714 1349 714 1350 714 1136 713 1350 713 1347 713 1129 2742 1351 2742 1132 2742 1132 717 1351 717 1352 717 1132 716 1352 716 1349 716 1128 2743 1353 2743 1129 2743 1129 720 1353 720 1354 720 1129 719 1354 719 1351 719 1145 2744 1355 2744 1128 2744 1128 723 1355 723 1356 723 1128 722 1356 722 1353 722 1146 2745 1357 2745 1145 2745 1145 2746 1357 2747 1358 2748 1145 725 1358 725 1355 725 1147 2749 1359 2749 1146 2749 1146 731 1359 731 1360 731 1146 730 1360 730 1357 730 1148 2750 1361 2750 1147 2750 1147 734 1361 734 1125 734 1147 733 1125 733 1359 733 1149 2751 1362 2751 1148 2751 1148 2752 1362 2753 1363 2754 1148 736 1363 736 1361 736 1344 745 1364 745 1131 745 1131 744 1364 744 1365 744 1131 2755 1365 2755 1149 2755 1149 742 1365 742 1366 742 1149 741 1366 741 1362 741 1367 2756 1154 2756 1368 2756 1368 2757 1154 2757 1153 2757 1368 2758 1153 2758 1369 2758 1369 2759 1153 2759 1152 2759 1369 2760 1152 2760 1370 2760 1370 2761 1152 2761 1151 2761 1370 2762 1151 2763 1371 2763 1371 2764 1151 2764 1150 2765 1371 2766 1150 2766 1372 2766 1372 2767 1150 2767 1170 2767 1372 2768 1170 2768 1373 2768 1373 2769 1170 2769 1169 2769 1373 2770 1169 2770 1374 2770 1374 2771 1169 2771 1168 2771 1374 2772 1168 2772 1375 2772 1375 2773 1168 2773 1167 2773 1375 2774 1167 2774 1376 2774 1376 2775 1167 2775 1166 2775 1376 2776 1166 2776 1377 2776 1377 2777 1166 2777 1165 2777 1377 2778 1165 2778 1378 2778 1378 2779 1165 2779 1159 2779 1378 2780 1159 2780 1379 2780 1379 2781 1159 2781 1158 2781 1379 2782 1158 2782 1380 2782 1380 2783 1158 2783 1157 2783 1380 2784 1157 2784 1381 2784 1381 2785 1157 2785 1156 2785 1381 2786 1156 2786 1382 2786 1382 2787 1156 2787 1155 2787 1382 2788 1155 2788 1383 2788 1383 2789 1155 2789 1164 2789 1383 2790 1164 2790 1384 2790 1384 2791 1164 2791 1163 2791 1384 2792 1163 2792 1385 2792 1385 2793 1163 2793 1162 2793 1385 2794 1162 2794 1386 2794 1386 2795 1162 2795 1161 2795 1386 2796 1161 2796 1387 2796 1387 2797 1161 2797 1160 2797 1387 2798 1160 2798 1367 2798 1367 2799 1160 2799 1154 2799 1127 2800 596 2800 1175 2800 1127 2801 1175 2801 1388 2801 1388 2802 1175 2802 1174 2802 1388 2803 1174 2803 1389 2803 1389 2804 1174 2804 1173 2804 1389 2805 1173 2805 1390 2805 1390 2806 1173 2806 1172 2806 1390 2807 1172 2807 1391 2807 1391 2808 1172 2808 1171 2808 1391 2809 1171 2809 1392 2809 1393 2810 1392 2810 1176 2810 1176 2811 1392 2811 1171 2811 1393 2812 1176 2812 1180 2812 1393 2813 1180 2813 1394 2813 1394 2814 1180 2814 1179 2814 1394 2815 1179 2815 1395 2815 1395 2816 1179 2816 1178 2816 1395 2817 1178 2817 1396 2817 1396 2818 1178 2818 1177 2818 1396 2819 1177 2819 1397 2819 1398 2820 1397 2820 1181 2820 1181 2821 1397 2821 1177 2821 1398 2822 1181 2822 1182 2822 1398 2823 1182 2823 1399 2823 1399 2824 1182 2824 1183 2824 1399 2825 1183 2825 1400 2825 1400 2826 1183 2826 1184 2826 1400 2827 1184 2827 1401 2827 1401 2828 1184 2828 1185 2828 1401 2829 1185 2829 1402 2829 798 2830 797 2830 1187 2830 1187 2831 797 2831 1402 2831 1187 2832 1402 2832 1185 2832 1195 2833 1194 2833 1210 2833 1195 2834 1210 2834 1191 2834 1191 2835 1210 2835 1208 2835 1191 2836 1208 2836 1403 2836 1193 2837 1192 2837 1404 2837 1404 2838 1192 2838 1191 2838 1404 2839 1191 2839 1405 2839 1405 2840 1191 2840 1403 2840 1406 2841 1404 2841 1405 2841 1406 2842 1405 2842 1407 2842 1407 2843 1405 2843 1403 2843 1407 2844 1403 2844 1408 2844 1408 2845 1403 2845 1208 2845 1408 2846 1208 2846 1207 2846 1239 2847 1240 2847 1197 2847 1197 2848 1240 2848 1198 2848 1240 2849 1229 2849 1198 2849 1198 2850 1229 2850 1228 2850 1198 2851 1228 2851 1199 2851 1199 2852 1228 2852 1230 2852 1199 2853 1230 2853 1200 2853 1197 2854 1196 2854 1239 2854 1239 2855 1196 2855 1190 2855 1239 2856 1190 2856 1238 2856 1238 2857 1190 2857 1189 2857 1238 2858 1189 2858 1202 2858 1200 2859 1230 2859 1201 2859 1201 2860 1230 2860 1231 2860 1201 2861 1231 2861 1209 2861 1216 2862 1217 2862 1232 2862 1232 2863 1217 2863 1231 2863 1232 2864 1233 2864 1216 2864 1216 2865 1233 2865 1234 2865 1216 2866 1234 2866 1215 2866 1215 2867 1234 2867 1236 2867 1215 2868 1236 2868 1214 2868 1209 2869 1231 2869 1207 2869 1207 2870 1231 2870 1217 2870 1207 2871 1217 2871 1218 2871 1409 2872 1406 2872 1220 2872 981 2873 982 2873 1224 2873 1224 2874 982 2874 1242 2874 1224 2875 1242 2875 1223 2875 1223 2876 1242 2876 1241 2876 1223 2877 1241 2877 1222 2877 1222 2878 1241 2878 1409 2878 1222 2879 1409 2879 1221 2879 1221 2880 1409 2880 1220 2880 1204 2881 1205 2881 1203 2881 1203 2882 1205 2882 1206 2882 1408 2883 1207 2883 1407 2883 1407 2884 1207 2884 1218 2884 1407 2885 1218 2885 1406 2885 1406 2886 1218 2886 1219 2886 1406 2887 1219 2887 1220 2887 1224 2888 1225 2888 981 2888 981 2889 1225 2889 1226 2889 981 2890 1226 2890 1261 2890 1261 2891 1226 2891 1227 2891 1227 2892 1211 2892 1261 2892 1261 2893 1211 2893 1212 2893 1261 2894 1212 2894 1213 2894 1202 2895 1203 2895 1238 2895 1238 2896 1203 2896 1206 2896 1238 2897 1206 2897 1237 2897 1237 2898 1206 2898 1261 2898 1237 2899 1261 2899 1236 2899 1236 2900 1261 2900 1213 2900 1236 2901 1213 2901 1214 2901 1257 2424 1259 2424 1410 2424 1241 2422 1243 2422 1409 2422 1409 2902 1243 2902 1245 2902 1409 2903 1245 2903 1247 2903 1257 2904 1410 2904 1255 2904 1247 2905 1249 2905 1409 2905 1409 2906 1249 2906 1251 2906 1409 2907 1251 2908 1410 2909 1410 2910 1251 2910 1253 2910 1410 2911 1253 2911 1255 2911 1260 2912 964 2912 1270 2912 963 2913 1285 2913 964 2913 964 2914 1285 2914 1286 2914 964 2915 1286 2915 1270 2915 1295 2916 1294 2916 1262 2916 1297 2917 1296 2917 1268 2917 1275 2918 1276 2918 1410 2918 1268 2919 1309 2919 1297 2919 1297 2920 1309 2920 1310 2920 1297 2921 1310 2921 1298 2921 1298 2922 1310 2922 1311 2922 1298 2923 1311 2923 1287 2923 1287 2924 1311 2924 1312 2924 1287 2925 1312 2925 1288 2925 1288 2926 1312 2926 1289 2926 1411 2927 1412 2927 1300 2927 1300 2928 1412 2928 1413 2928 1312 2929 1313 2929 1289 2929 1289 2930 1313 2930 1314 2930 1289 2931 1314 2931 1290 2931 1290 2932 1314 2932 1304 2932 1290 2933 1304 2933 1302 2933 1267 2934 1266 2935 1263 2936 1263 2937 1266 2937 1265 2937 1262 2938 1263 2938 1295 2938 1295 2939 1263 2939 1265 2939 1295 2940 1265 2940 1296 2940 1296 2941 1265 2941 1269 2941 1296 2942 1269 2942 1268 2942 1280 2943 1281 2943 1294 2943 1294 2944 1281 2944 1282 2944 1294 2945 1282 2945 1262 2945 1262 2946 1282 2946 1283 2946 1262 2947 1283 2947 963 2947 963 2948 1283 2948 1284 2948 963 2949 1284 2949 1285 2949 1270 2950 1271 2950 1260 2950 1260 2951 1271 2951 1272 2951 1260 2952 1272 2952 1259 2952 1259 2953 1272 2953 1273 2953 1259 2954 1273 2954 1410 2954 1410 2955 1273 2955 1274 2955 1410 2956 1274 2956 1275 2956 1280 2957 1294 2957 1279 2957 1279 2958 1294 2958 1293 2958 1279 2959 1293 2959 1278 2959 1278 2960 1293 2960 1292 2960 1278 2961 1292 2961 1277 2961 1302 2962 1300 2963 1290 2964 1290 2965 1300 2965 1413 2965 1290 2966 1413 2966 1291 2966 1291 2967 1413 2967 1410 2967 1291 2968 1410 2968 1292 2968 1292 2969 1410 2969 1276 2969 1292 2970 1276 2970 1277 2970 1414 2971 1413 2971 1412 2971 1414 2972 1412 2973 1415 2974 1415 2975 1412 2975 1411 2975 1415 2976 1411 2976 1416 2976 1416 2977 1411 2977 1300 2977 1416 2978 1300 2978 1299 2978 1415 2979 1416 2980 1414 2981 1414 2982 1416 2982 1299 2982 1414 2983 1299 2983 1301 2983 1303 2984 1305 2984 1301 2984 1301 2985 1305 2985 1306 2985 1301 2986 1306 2986 1414 2986 1414 2987 1306 2987 1307 2987 1414 2988 1307 2988 1308 2988 1079 2989 1315 2989 1080 2989 1080 2990 1315 2990 1417 2990 1112 2991 1325 2991 1418 2991 1110 2992 1112 2992 1316 2992 1316 2993 1112 2993 1418 2993 1316 2994 1418 2994 1317 2994 1317 2995 1418 2995 1419 2995 1317 2996 1419 2996 1318 2996 1318 2997 1419 2997 1420 2997 1318 2998 1420 2998 1319 2998 1319 2999 1420 2999 1421 2999 1319 3000 1421 3000 1320 3000 1320 3001 1421 3001 1422 3001 1320 3002 1422 3002 1321 3002 1321 3003 1422 3003 1423 3003 1321 3004 1423 3004 1322 3004 1322 3005 1423 3005 1424 3005 1322 3006 1424 3006 1324 3006 1324 3007 1424 3007 1425 3007 1324 3008 1425 3008 1323 3008 1323 3009 1425 3009 1426 3009 1323 3010 1426 3010 1315 3010 1315 3011 1426 3011 1417 3011 1330 1575 1329 1575 524 1575 1427 3012 1328 3012 524 3012 524 1568 523 1568 577 1568 1428 3013 1427 3013 1429 3013 1429 3014 1427 3014 524 3014 1429 3015 524 3015 1430 3015 1430 3016 524 3016 1329 3016 577 3017 1342 3018 524 3019 524 3020 1342 3020 1343 3020 524 3021 1343 3022 1330 3023 1329 3024 1331 3024 1430 3024 1430 3025 1331 3025 1431 3025 1430 3026 1431 3026 1429 3026 1429 3027 1431 3027 1432 3027 1429 3028 1432 3028 1428 3028 1428 3029 1432 3029 1433 3029 1428 3030 1433 3030 1427 3030 1339 3031 1338 3032 1433 3033 576 1591 143 1591 142 1591 1341 3034 576 3034 1332 3034 1332 3035 576 3035 142 3035 1332 1588 142 1588 1331 1588 1431 3036 1331 3036 1432 3036 1432 3037 1331 3037 142 3037 1432 3038 142 3038 1433 3038 1433 3039 142 3039 1337 3039 1433 3040 1337 3040 1339 3040 1125 3041 1361 3042 1124 3042 1124 3043 1361 3044 1123 3045 1366 3046 1122 3046 1362 3046 1362 3047 1122 3047 1123 3047 1362 3048 1123 3049 1363 3050 1363 3051 1123 3051 1361 3051 1125 3052 1121 3052 1359 3052 1359 3053 1121 3053 1120 3053 1359 3054 1120 3054 1360 3054 1360 3055 1120 3055 1119 3055 1360 3056 1119 3056 1357 3056 1357 3057 1119 3057 1126 3057 1357 3058 1126 3058 1358 3058 1358 3059 1126 3059 1434 3059 1358 3060 1434 3060 1355 3060 1355 3061 1434 3061 1435 3061 1355 3062 1435 3062 1356 3062 1356 3063 1435 3063 1436 3063 1356 3064 1436 3064 1353 3064 1353 3065 1436 3066 1437 3066 1353 3067 1437 3067 1354 3067 1354 3068 1437 3068 1438 3068 1354 3069 1438 3069 1351 3069 1351 3070 1438 3070 1439 3070 1351 3071 1439 3071 1352 3071 1352 3072 1439 3072 1440 3072 1352 3073 1440 3073 1349 3073 1349 3074 1440 3074 1441 3074 1349 3075 1441 3075 1350 3075 1350 3076 1441 3076 1442 3076 1350 3077 1442 3077 1347 3077 1347 3078 1442 3078 1443 3078 1347 3079 1443 3079 1348 3079 1348 3080 1443 3080 1444 3080 1348 3081 1444 3081 1345 3081 1345 3082 1444 3082 1445 3082 1345 3083 1445 3083 1346 3083 1346 3084 1445 3084 1446 3084 1346 3085 1446 3085 1344 3085 1344 3086 1446 3086 1447 3086 1344 3087 1447 3087 1364 3087 1364 3088 1447 3088 1448 3088 1364 3089 1448 3089 1365 3089 1365 3090 1448 3090 1449 3090 1365 3091 1449 3091 1366 3091 1366 3092 1449 3092 1450 3092 1366 3093 1450 3094 1122 3094 1451 3095 1368 3095 1452 3095 1452 3096 1368 3096 1369 3096 1452 3097 1369 3097 1453 3097 1453 3098 1369 3098 1370 3098 1453 3099 1370 3099 1454 3099 1454 3100 1370 3100 1371 3100 1454 3101 1371 3101 1455 3101 1455 3102 1371 3102 1372 3102 1455 3103 1372 3103 1456 3103 1456 3104 1372 3104 1373 3104 1456 3104 1373 3104 1457 3104 1457 3105 1373 3105 1374 3105 1457 3106 1374 3106 1458 3106 1458 3107 1374 3107 1375 3107 1458 3108 1375 3108 1459 3108 1459 3109 1375 3109 1376 3109 1459 3110 1376 3110 1460 3110 1460 3111 1376 3111 1377 3111 1460 3112 1377 3112 1461 3112 1461 3113 1377 3113 1378 3113 1461 3113 1378 3113 1462 3113 1462 3114 1378 3114 1379 3114 1462 3115 1379 3115 1463 3115 1463 3116 1379 3116 1380 3116 1463 3116 1380 3116 1464 3116 1464 3117 1380 3117 1381 3117 1464 3117 1381 3117 1465 3117 1465 3118 1381 3118 1382 3118 1465 3119 1382 3119 1466 3119 1466 3120 1382 3120 1383 3120 1466 3121 1383 3121 1467 3121 1467 3122 1383 3122 1384 3122 1467 3123 1384 3123 1468 3123 1468 3124 1384 3124 1385 3124 1468 3125 1385 3125 1469 3125 1469 3126 1385 3126 1386 3126 1469 3127 1386 3127 1470 3127 1470 3128 1386 3128 1387 3128 1470 3129 1387 3129 1471 3129 1471 3130 1387 3130 1367 3130 1471 3130 1367 3130 1451 3130 1451 3131 1367 3131 1368 3131 1417 23 1426 23 1410 23 1404 23 1406 23 1193 23 1193 23 1406 23 1409 23 1193 3132 1409 3132 797 3132 797 23 1409 23 1402 23 1413 23 1414 23 1308 23 1413 3133 1308 3133 1410 3133 1410 3134 1308 3134 1080 3134 1410 23 1080 23 1417 23 1434 23 1126 23 1127 23 1452 23 1421 23 1451 23 1451 3135 1421 3135 1420 3135 1451 23 1420 23 1471 23 1447 23 1446 23 1468 23 1470 3136 1326 3136 1327 3136 1426 23 1425 23 1410 23 1410 23 1425 23 1453 23 1410 3137 1453 3137 1409 3137 1409 3138 1453 3138 1454 3138 1409 23 1454 23 1402 23 1402 3139 1454 3139 1455 3139 1402 23 1455 23 1401 23 1401 3140 1455 3140 1456 3140 1401 3141 1456 3141 1400 3141 1458 3142 1396 3142 1397 3142 1393 3143 1394 3143 1459 3143 1467 23 1442 23 1466 23 1466 3144 1442 3144 1441 3144 1333 3145 1449 3145 1448 3145 1446 23 1445 23 1468 23 1468 3146 1445 3146 1444 3146 1468 23 1444 23 1467 23 1467 3147 1444 3147 1443 3147 1467 23 1443 23 1442 23 1420 3148 1419 3148 1471 3148 1471 3149 1419 3149 1418 3149 1471 3150 1418 3150 1470 3150 1470 3151 1418 3151 1325 3151 1470 3152 1325 3152 1326 3152 1327 23 1328 23 1470 23 1470 3153 1328 3153 1427 3153 1470 23 1427 23 1469 23 1425 23 1424 23 1453 23 1453 3154 1424 3154 1423 3154 1453 3155 1423 3155 1452 3155 1452 3156 1423 3156 1422 3156 1452 3157 1422 3157 1421 3157 1458 3158 1397 3158 1457 3158 1457 3159 1397 3159 1398 3159 1457 23 1398 23 1456 23 1456 3160 1398 3160 1399 3160 1456 3161 1399 3161 1400 3161 1459 23 1394 23 1458 23 1458 3162 1394 3162 1395 3162 1458 3163 1395 3163 1396 3163 1441 23 1440 23 1466 23 1466 3164 1440 3164 1439 3164 1466 23 1439 23 1465 23 1465 3165 1439 3165 1438 3165 1459 23 1460 23 1393 23 1393 3166 1460 3166 1461 3166 1393 3167 1461 3167 1392 3167 1392 23 1461 23 1462 23 1392 23 1462 23 1391 23 1391 23 1462 23 1463 23 1391 23 1463 23 1390 23 1390 23 1463 23 1464 23 1390 3168 1464 3168 1389 3168 1389 23 1464 23 1465 23 1389 23 1465 23 1388 23 1388 3169 1465 3169 1438 3169 1438 23 1437 23 1388 23 1388 23 1437 23 1436 23 1388 3170 1436 3170 1127 3170 1127 3171 1436 3171 1435 3171 1127 23 1435 23 1434 23 1448 3172 1447 3172 1333 3172 1333 3173 1447 3173 1468 3173 1333 23 1468 23 1338 23 1338 3174 1468 3174 1469 3174 1338 23 1469 23 1433 23 1433 23 1469 23 1427 23 1333 3175 1335 3175 1449 3175 1449 3176 1335 3176 1115 3176 1449 3177 1115 3177 1450 3177 1450 3178 1115 3178 1472 3178 1450 3179 1472 3179 1122 3179</p>
        </triangles>
      </mesh>
    </geometry>
  </library_geometries>
  <library_visual_scenes>
    <visual_scene id="Scene" name="Scene">
      <node id="L_thumb_prox" name="L_thumb_prox" type="NODE">
        <matrix sid="transform">1 0 0 0 0 1 0 0 0 0 1 0 0 0 0 1</matrix>
        <instance_geometry url="#L_thumb_prox-mesh" name="L_thumb_prox">
          <bind_material>
            <technique_common>
              <instance_material symbol="灰色_010-material" target="#灰色_010-material"/>
            </technique_common>
          </bind_material>
        </instance_geometry>
      </node>
    </visual_scene>
  </library_visual_scenes>
  <scene>
    <instance_visual_scene url="#Scene"/>
  </scene>
</COLLADA>