# https://github.com/mikedh/trimesh

o geometry_0
v 0.00160560 -0.00018610 -0.00471977
v 0.00163441 -0.00018610 -0.00489838
v 0.00161212 -0.00106104 -0.00471977
v 0.00160560 0.00003080 -0.00471977
v 0.00163441 0.00068831 -0.00487672
v 0.00218768 -0.00018610 -0.00529717
v 0.00163441 -0.00106104 -0.00484931
v 0.00165044 -0.00193598 -0.00471977
v 0.00160913 0.00088573 -0.00471977
v 0.00218768 0.00068831 -0.00525662
v 0.00162218 0.00156325 -0.00471977
v 0.00163794 0.00156325 -0.00480383
v 0.00306216 0.00068831 -0.00537250
v 0.00306216 -0.00018610 -0.00541121
v 0.00218768 -0.00106104 -0.00519842
v 0.00165723 -0.00193598 -0.00475368
v 0.00167653 -0.00215919 -0.00471977
v 0.00167462 0.00220077 -0.00471977
v 0.00168658 0.00223867 -0.00471977
v 0.00218768 0.00156325 -0.00508789
v 0.00306216 0.00156325 -0.00518292
v 0.00393718 0.00068831 -0.00503584
v 0.00393718 -0.00018610 -0.00507226
v 0.00306216 -0.00106104 -0.00531111
v 0.00218768 -0.00193598 -0.00497263
v 0.00214393 -0.00256086 -0.00471977
v 0.00212518 0.00258454 -0.00471977
v 0.00219665 0.00250084 -0.00476681
v 0.00396544 0.00149587 -0.00484992
v 0.00306216 0.00243820 -0.00484721
v 0.00364016 0.00249400 -0.00471977
v 0.00365756 0.00243820 -0.00473263
v 0.00421491 0.00129635 -0.00471977
v 0.00434290 0.00068831 -0.00471977
v 0.00433312 -0.00069832 -0.00471977
v 0.00430621 -0.00086889 -0.00471977
v 0.00401083 -0.00107736 -0.00491381
v 0.00438176 -0.00018610 -0.00471977
v 0.00379424 -0.00193598 -0.00483429
v 0.00306216 -0.00193598 -0.00505324
v 0.00218768 -0.00256928 -0.00472457
v 0.00218768 -0.00257665 -0.00471977
v 0.00229774 0.00263350 -0.00471977
v 0.00408637 0.00159168 -0.00471977
v 0.00273145 0.00270194 -0.00471977
v 0.00306216 0.00271352 -0.00471977
v 0.00367169 0.00243820 -0.00471977
v 0.00369397 0.00239713 -0.00471977
v 0.00421681 -0.00126056 -0.00471977
v 0.00364234 -0.00246926 -0.00471977
v 0.00393338 -0.00193598 -0.00471977
v 0.00360212 -0.00250927 -0.00471977
v 0.00345103 -0.00255717 -0.00471977
v 0.00306216 -0.00261192 -0.00475029
v 0.00220562 -0.00257928 -0.00471977
v 0.00306216 -0.00266404 -0.00471977
f 1 2 3
f 1 3 8
f 1 8 17
f 1 17 26
f 1 26 42
f 1 42 55
f 1 55 56
f 1 56 53
f 1 53 52
f 1 52 50
f 1 50 51
f 1 51 49
f 1 49 36
f 1 36 35
f 1 35 38
f 1 38 34
f 1 34 33
f 1 33 44
f 1 44 48
f 1 48 47
f 1 47 31
f 1 31 46
f 1 46 45
f 1 45 43
f 1 43 27
f 1 27 19
f 1 19 18
f 1 18 11
f 1 11 9
f 1 9 4
f 1 4 2
f 2 4 5
f 2 5 6
f 2 6 7
f 2 7 3
f 3 7 8
f 4 9 5
f 5 10 6
f 5 9 11
f 5 11 12
f 5 12 10
f 6 10 13
f 6 13 14
f 6 14 15
f 6 15 7
f 7 15 16
f 7 16 8
f 8 16 17
f 10 12 18
f 10 18 19
f 10 19 20
f 10 20 13
f 11 18 12
f 13 20 21
f 13 21 22
f 13 22 14
f 14 23 24
f 14 24 15
f 14 22 23
f 15 24 25
f 15 25 17
f 15 17 16
f 17 25 26
f 19 27 20
f 20 27 28
f 20 28 21
f 21 29 22
f 21 28 30
f 21 30 31
f 21 31 32
f 21 32 29
f 22 29 33
f 22 33 34
f 22 34 23
f 23 35 36
f 23 36 37
f 23 37 24
f 23 34 38
f 23 38 35
f 24 37 39
f 24 39 40
f 24 40 25
f 25 40 41
f 25 41 26
f 26 41 42
f 27 43 28
f 28 43 30
f 29 32 44
f 29 44 33
f 30 43 45
f 30 45 46
f 30 46 31
f 31 47 32
f 32 47 48
f 32 48 44
f 36 49 37
f 37 49 39
f 39 50 40
f 39 49 51
f 39 51 50
f 40 50 52
f 40 52 53
f 40 53 54
f 40 54 41
f 41 54 55
f 41 55 42
f 53 56 54
f 54 56 55

o geometry_1
v -0.00306573 0.00333916 -0.00426481
v -0.00408778 0.00244117 -0.00128317
v -0.00149959 0.00244117 -0.00128317
v -0.00306239 -0.00524697 -0.00128317
v -0.00408778 -0.00480372 -0.00128317
v -0.00368720 -0.00512280 -0.00128317
v -0.00346348 -0.00518150 -0.00128317
v -0.00353011 -0.00501744 -0.00203274
v -0.00306239 -0.00518677 -0.00155579
v -0.00214290 -0.00511603 -0.00162877
v -0.00240463 -0.00501744 -0.00203274
v -0.00182137 -0.00497906 -0.00196911
v -0.00214290 -0.00480673 -0.00236695
v -0.00306239 -0.00481576 -0.00248984
v -0.00306239 -0.00502647 -0.00205230
v -0.00306239 -0.00437777 -0.00319795
v -0.00371685 -0.00429348 -0.00308791
v -0.00391524 -0.00453204 -0.00236899
v -0.00408778 -0.00412190 -0.00284448
v -0.00408778 -0.00430402 -0.00251961
v -0.00462383 -0.00108773 -0.00426481
v -0.00408778 -0.00441690 -0.00228639
v -0.00408246 -0.00473900 -0.00155579
v -0.00408778 -0.00473373 -0.00155579
v -0.00364489 -0.00509270 -0.00155579
v -0.00468808 -0.00018603 -0.00426481
v -0.00440883 -0.00079652 -0.00465240
v -0.00435138 -0.00137959 -0.00459326
v -0.00440791 -0.00193589 -0.00426481
v -0.00423153 -0.00193589 -0.00447431
v -0.00379412 -0.00193589 -0.00483430
v -0.00401066 -0.00107728 -0.00491375
v -0.00306264 -0.00106096 -0.00531111
v -0.00306264 -0.00193589 -0.00505313
v -0.00218752 -0.00193589 -0.00497256
v -0.00218752 -0.00106096 -0.00519845
v -0.00170347 -0.00247522 -0.00467193
v -0.00165745 -0.00193589 -0.00475362
v -0.00163459 -0.00106096 -0.00484923
v -0.00218752 -0.00018603 -0.00529709
v -0.00306264 -0.00018603 -0.00541110
v -0.00393714 -0.00018603 -0.00507220
v -0.00443447 -0.00018603 -0.00467787
v -0.00441810 0.00068825 -0.00466115
v -0.00466924 0.00068825 -0.00426481
v -0.00438690 0.00115901 -0.00463007
v -0.00393714 0.00068825 -0.00503573
v -0.00306264 0.00068825 -0.00537250
v -0.00396556 0.00149593 -0.00484979
v -0.00427601 0.00174208 -0.00451550
v -0.00365759 0.00243811 -0.00473264
v -0.00306264 0.00156318 -0.00518285
v -0.00218752 0.00156318 -0.00508791
v -0.00219648 0.00250079 -0.00476686
v -0.00306264 0.00243811 -0.00484710
v -0.00249426 0.00289124 -0.00462861
v -0.00306264 0.00289843 -0.00463389
v -0.00351734 0.00289124 -0.00462861
v -0.00372678 0.00308451 -0.00426481
v -0.00413206 0.00249622 -0.00426481
v -0.00409499 0.00243811 -0.00433718
v -0.00416264 0.00243811 -0.00426481
v -0.00436868 0.00202546 -0.00426481
v -0.00453672 0.00154228 -0.00426481
v -0.00456823 0.00144957 -0.00426481
v -0.00219617 0.00326929 -0.00426481
v -0.00219648 0.00323469 -0.00429398
v -0.00191106 0.00283444 -0.00457912
v -0.00167753 0.00225072 -0.00471322
v -0.00218752 0.00068825 -0.00525658
v -0.00163459 0.00068825 -0.00487661
v -0.00163459 -0.00018603 -0.00489827
v -0.00152214 0.00156293 -0.00418045
v -0.00163799 0.00156318 -0.00480378
v -0.00160676 0.00244117 -0.00424029
v -0.00150846 0.00244117 -0.00330741
v -0.00161544 0.00248969 -0.00426481
v -0.00163057 0.00252103 -0.00426481
v -0.00215107 0.00324122 -0.00426481
v -0.00149984 0.00244117 -0.00243321
v -0.00151884 -0.00106199 -0.00418045
v -0.00151884 -0.00281094 -0.00330537
v -0.00151935 -0.00368617 -0.00243058
v -0.00152239 -0.00395859 -0.00128317
v -0.00158675 -0.00460956 -0.00128317
v -0.00163489 -0.00441239 -0.00243058
v -0.00161158 -0.00369369 -0.00331237
v -0.00162957 -0.00278460 -0.00417899
v -0.00167315 -0.00340697 -0.00388652
v -0.00167340 -0.00423629 -0.00302545
v -0.00168658 -0.00506862 -0.00138562
v -0.00215912 -0.00518752 -0.00128317
v -0.00168050 -0.00507614 -0.00128317
v -0.00218749 -0.00433563 -0.00315096
v -0.00218749 -0.00397289 -0.00358850
v -0.00218749 -0.00353566 -0.00400765
v -0.00155860 -0.00193589 -0.00426481
v -0.00154165 -0.00193571 -0.00418045
v -0.00218752 -0.00300670 -0.00444525
v -0.00218752 -0.00256924 -0.00472456
v -0.00306264 -0.00304980 -0.00449418
v -0.00306264 -0.00261233 -0.00475037
v -0.00362423 -0.00253267 -0.00470626
v -0.00373129 -0.00347244 -0.00395190
v -0.00306239 -0.00358457 -0.00405640
v -0.00306239 -0.00402256 -0.00363520
v -0.00401583 -0.00374788 -0.00337192
v -0.00408778 -0.00360339 -0.00344022
v -0.00408778 -0.00327301 -0.00377093
v -0.00408778 -0.00381786 -0.00320321
v -0.00408778 -0.00294414 -0.00401436
v -0.00396946 -0.00283879 -0.00420146
v -0.00408778 -0.00277482 -0.00412411
f 58 59 57
f 58 60 59
f 61 60 58
f 62 60 61
f 63 60 62
f 64 60 63
f 65 60 64
f 65 66 60
f 67 66 65
f 67 68 66
f 67 69 68
f 67 70 69
f 67 71 70
f 67 65 71
f 65 64 71
f 64 70 71
f 64 72 70
f 64 73 72
f 74 73 64
f 74 75 73
f 76 75 74
f 76 77 75
f 76 78 77
f 76 74 78
f 74 64 78
f 79 78 64
f 80 78 79
f 80 77 78
f 80 61 77
f 80 79 61
f 79 81 61
f 79 64 81
f 64 63 81
f 63 62 81
f 81 62 61
f 77 61 82
f 83 77 82
f 84 77 83
f 84 85 77
f 84 86 85
f 84 87 86
f 88 87 84
f 89 87 88
f 89 90 87
f 89 91 90
f 92 91 89
f 92 93 91
f 92 94 93
f 92 95 94
f 92 96 95
f 92 97 96
f 92 89 97
f 89 98 97
f 89 88 98
f 88 83 98
f 88 84 83
f 99 98 83
f 99 100 98
f 101 100 99
f 102 100 101
f 103 100 102
f 103 98 100
f 103 97 98
f 103 104 97
f 103 105 104
f 103 102 105
f 105 102 106
f 105 106 107
f 105 107 108
f 105 108 104
f 108 109 104
f 108 110 109
f 111 110 108
f 111 112 110
f 111 113 112
f 114 113 111
f 114 57 113
f 114 115 57
f 114 116 115
f 117 116 114
f 117 118 116
f 117 106 118
f 117 107 106
f 117 114 107
f 114 108 107
f 114 111 108
f 106 119 118
f 106 120 119
f 106 102 120
f 102 121 120
f 102 101 121
f 101 58 121
f 101 82 58
f 101 99 82
f 99 83 82
f 82 61 58
f 120 121 58
f 119 120 58
f 119 58 118
f 116 118 58
f 116 58 115
f 115 58 57
f 112 113 57
f 112 57 122
f 112 122 123
f 112 123 124
f 112 124 110
f 110 124 109
f 109 124 125
f 126 109 125
f 126 104 109
f 96 104 126
f 96 97 104
f 127 96 126
f 127 128 96
f 127 129 128
f 127 130 129
f 127 126 130
f 130 126 125
f 130 125 129
f 131 129 125
f 131 132 129
f 133 132 131
f 133 134 132
f 133 125 134
f 133 131 125
f 134 125 124
f 134 124 135
f 134 135 132
f 136 132 135
f 136 137 132
f 136 138 137
f 136 139 138
f 136 59 139
f 136 135 59
f 122 59 135
f 122 57 59
f 122 135 124
f 122 124 123
f 139 59 140
f 141 139 140
f 142 139 141
f 143 139 142
f 143 138 139
f 143 144 138
f 143 145 144
f 143 146 145
f 143 142 146
f 147 146 142
f 147 68 146
f 66 68 147
f 66 147 148
f 66 148 60
f 148 149 60
f 147 149 148
f 147 141 149
f 147 142 141
f 141 140 149
f 140 59 149
f 149 59 60
f 146 68 150
f 146 150 151
f 145 146 151
f 145 151 152
f 145 152 93
f 145 93 144
f 94 144 93
f 153 144 94
f 154 144 153
f 154 138 144
f 154 137 138
f 154 95 137
f 154 153 95
f 153 94 95
f 95 128 137
f 96 128 95
f 128 129 137
f 132 137 129
f 155 93 152
f 155 156 93
f 157 156 155
f 158 156 157
f 158 90 156
f 158 159 90
f 158 157 159
f 157 160 159
f 157 161 160
f 157 155 161
f 161 155 152
f 161 152 151
f 161 151 162
f 161 162 160
f 160 162 73
f 163 160 73
f 164 160 163
f 164 165 160
f 164 85 165
f 166 85 164
f 166 75 85
f 166 73 75
f 166 163 73
f 166 164 163
f 85 75 77
f 165 85 167
f 165 167 168
f 165 168 160
f 168 159 160
f 168 86 159
f 169 86 168
f 169 85 86
f 169 167 85
f 169 168 167
f 159 86 87
f 159 87 90
f 72 73 162
f 72 162 150
f 70 72 150
f 69 70 150
f 69 150 68
f 151 150 162
f 156 90 91
f 156 91 93

o geometry_2
v 0.00568693 0.04555352 -0.00471977
v 0.00623789 0.04534941 -0.00471977
v 0.00656210 0.04512960 -0.00479067
v 0.00568693 0.04528661 -0.00490319
v 0.00503305 0.04516101 -0.00481996
v 0.00499663 0.04520497 -0.00471977
v 0.00656210 0.04522695 -0.00471977
v 0.00685397 0.04502284 -0.00471977
v 0.00652339 0.04438854 -0.00522431
v 0.00620602 0.04406511 -0.00552384
v 0.00568693 0.04456125 -0.00534093
v 0.00517694 0.04409965 -0.00553617
v 0.00331095 0.04005835 -0.00664904
v 0.00488507 0.04485328 -0.00471977
v 0.00331095 0.04033154 -0.00614296
v 0.00331095 0.04043516 -0.00593076
v 0.00711215 0.04475907 -0.00471977
v 0.00678931 0.04371028 -0.00539848
v 0.00652339 0.04347477 -0.00558498
v 0.00656210 0.04268661 -0.00577508
v 0.00567053 0.04177284 -0.00625034
v 0.00568693 0.04268661 -0.00600834
v 0.00568693 0.04355956 -0.00574477
v 0.00568693 0.04412477 -0.00554850
v 0.00331095 0.03918540 -0.00705236
v 0.00462871 0.04389555 -0.00471977
v 0.00331095 0.04005521 -0.00517806
v 0.00725832 0.04444192 -0.00471977
v 0.00719684 0.04443565 -0.00480454
v 0.00700105 0.04312622 -0.00549404
v 0.00656210 0.04181052 -0.00594104
v 0.00612588 0.04050424 -0.00636902
v 0.00595103 0.04108830 -0.00633049
v 0.00536819 0.04145883 -0.00639266
v 0.00520017 0.04145883 -0.00639266
v 0.00393750 0.03918540 -0.00703900
v 0.00331095 0.03813661 -0.00730771
v 0.00331095 0.03947115 -0.00498077
v 0.00331095 0.03918540 -0.00489702
v 0.00331095 0.03864530 -0.00482407
v 0.00331095 0.03831245 -0.00479375
v 0.00376811 0.03918540 -0.00471977
v 0.00781383 0.04245738 -0.00471977
v 0.00728518 0.04347477 -0.00508661
v 0.00705341 0.04268661 -0.00553720
v 0.00755702 0.04268347 -0.00498283
v 0.00344801 0.02725303 -0.00897649
v 0.00332142 0.02781511 -0.00893847
v 0.00349263 0.03348612 -0.00811590
v 0.00437008 0.03786656 -0.00724246
v 0.00568693 0.04006149 -0.00655553
v 0.00712809 0.04181052 -0.00560399
v 0.00647558 0.04085279 -0.00611213
v 0.00450713 0.02168877 -0.00907565
v 0.00443792 0.02256486 -0.00903147
v 0.00439375 0.02311438 -0.00900372
v 0.00434002 0.02369844 -0.00897443
v 0.00427901 0.02431390 -0.00894361
v 0.00384142 0.02431390 -0.00915580
v 0.00374352 0.02518998 -0.00910751
v 0.00363060 0.02606607 -0.00905304
v 0.00354773 0.02667211 -0.00901451
v 0.00481267 0.03918540 -0.00692340
v 0.00567053 0.04085279 -0.00643890
v 0.00402219 0.03834071 -0.00720341
v 0.00378678 0.03807066 -0.00728870
v 0.00331095 0.03745835 -0.00745568
v 0.00361238 0.03831245 -0.00471977
v 0.00331095 0.03829989 -0.00479375
v 0.00786028 0.04181052 -0.00471977
v 0.00756522 0.04181052 -0.00510254
v 0.00331095 0.02713056 -0.00903352
v 0.00331095 0.02739119 -0.00899858
v 0.00331095 0.02606607 -0.00916197
v 0.00331095 0.02784651 -0.00893693
v 0.00331095 0.03330400 -0.00818937
v 0.00331095 0.03568733 -0.00778862
v 0.00331095 0.03656028 -0.00763396
v 0.00331095 0.03393516 -0.00808764
v 0.00331095 0.03399482 -0.00807788
v 0.00715814 0.04093757 -0.00563893
v 0.00556080 0.02081583 -0.00838204
v 0.00500118 0.02081583 -0.00881978
v 0.00494472 0.02168877 -0.00878331
v 0.00456360 0.02081583 -0.00911213
v 0.00393750 0.02081583 -0.00944661
v 0.00393750 0.02168877 -0.00937365
v 0.00331095 0.02231679 -0.00955758
v 0.00331095 0.02431390 -0.00935823
v 0.00331095 0.02518998 -0.00926524
v 0.00361330 0.03828733 -0.00471977
v 0.00331095 0.03781946 -0.00479940
v 0.00787030 0.04093757 -0.00471977
v 0.00718318 0.01556558 -0.00668963
v 0.00717681 0.01643853 -0.00667524
v 0.00692637 0.01556558 -0.00712737
v 0.00691635 0.01643853 -0.00711299
v 0.00690315 0.01731462 -0.00709346
v 0.00759527 0.04093757 -0.00510870
v 0.00646556 0.01731462 -0.00766068
v 0.00611905 0.01672114 -0.00811179
v 0.00610584 0.01731462 -0.00809791
v 0.00608171 0.01819070 -0.00807377
v 0.00605484 0.01906365 -0.00804654
v 0.00602752 0.01993974 -0.00801930
v 0.00599793 0.02081583 -0.00799002
v 0.00559039 0.01993974 -0.00841030
v 0.00516146 0.01731462 -0.00892819
v 0.00512549 0.01819070 -0.00890302
v 0.00504398 0.01993974 -0.00884804
v 0.00460640 0.01993974 -0.00914039
v 0.00393750 0.01819070 -0.00961153
v 0.00393750 0.01993974 -0.00950261
v 0.00331095 0.02081583 -0.00970247
v 0.00348489 0.01765061 -0.00986277
v 0.00343343 0.01819070 -0.00984685
v 0.00334419 0.01906365 -0.00981961
v 0.00331095 0.01938394 -0.00980934
v 0.00512139 0.01468950 -0.00471977
v 0.00331095 0.03743637 -0.00481122
v 0.00796227 0.01468950 -0.00471977
v 0.00793905 0.01468950 -0.00483896
v 0.00780882 0.01556558 -0.00526798
v 0.00755474 0.01556558 -0.00593076
v 0.00751740 0.01468950 -0.00593076
v 0.00715541 0.01468950 -0.00663003
v 0.00684350 0.01468950 -0.00706777
v 0.00613817 0.01510085 -0.00813182
v 0.00650245 0.01556558 -0.00768021
v 0.00641092 0.01643225 -0.00776395
v 0.00566826 0.01731462 -0.00849045
v 0.00612906 0.01613708 -0.00812206
v 0.00577117 0.01643225 -0.00843444
v 0.00564458 0.01819070 -0.00846579
v 0.00561771 0.01906365 -0.00843804
v 0.00518878 0.01643853 -0.00894772
v 0.00472388 0.01731462 -0.00921951
v 0.00468790 0.01819070 -0.00919485
v 0.00464783 0.01906365 -0.00916762
v 0.00398486 0.01643853 -0.00967524
v 0.00386191 0.01734288 -0.00969631
v 0.00351995 0.01706969 -0.00987665
v 0.00331095 0.01749674 -0.00992340
v 0.00331095 0.01819070 -0.00988332
v 0.00331095 0.01839167 -0.00987099
v 0.00331095 0.01906365 -0.00982938
v 0.00331095 0.01556558 -0.00710322
v 0.00331095 0.01543684 -0.00712326
v 0.00518969 0.01412114 -0.00471977
v 0.00792266 0.01417766 -0.00471977
v 0.00791856 0.01418708 -0.00476447
v 0.00779926 0.01468950 -0.00527620
v 0.00708301 0.01417138 -0.00649850
v 0.00568693 0.01490302 -0.00832861
v 0.00461232 0.01502235 -0.00909723
v 0.00518423 0.01556558 -0.00895594
v 0.00568693 0.01556558 -0.00853258
v 0.00613817 0.01556558 -0.00813182
v 0.00625383 0.01418080 -0.00734881
v 0.00475120 0.01643853 -0.00923801
v 0.00354317 0.01594867 -0.00988743
v 0.00354727 0.01643853 -0.00988898
v 0.00331095 0.01643853 -0.00996810
v 0.00331095 0.01464867 -0.00732364
v 0.00339428 0.01468950 -0.00717464
v 0.00348261 0.01424360 -0.00723064
v 0.00534906 0.01392645 -0.00471977
v 0.00747324 0.01380399 -0.00471977
v 0.00723737 0.01403950 -0.00593076
v 0.00656210 0.01374118 -0.00593076
v 0.00655208 0.01405520 -0.00679649
v 0.00474664 0.01556558 -0.00919742
v 0.00568693 0.01446655 -0.00794789
v 0.00568693 0.01412742 -0.00751066
v 0.00486731 0.01473974 -0.00862814
v 0.00481267 0.01428442 -0.00804859
v 0.00393750 0.01495326 -0.00919742
v 0.00331095 0.01525157 -0.00956323
v 0.00331095 0.01575085 -0.00985918
v 0.00331095 0.01587959 -0.00992700
v 0.00568693 0.01386993 -0.00680574
v 0.00331095 0.01618418 -0.00996656
v 0.00331095 0.01440375 -0.00748908
v 0.00348261 0.01424360 -0.00734727
v 0.00619782 0.01356220 -0.00471977
v 0.00566279 0.01370979 -0.00471977
v 0.00691180 0.01356534 -0.00471977
v 0.00656210 0.01354336 -0.00505578
v 0.00481267 0.01411172 -0.00761136
v 0.00331095 0.01446341 -0.00837998
v 0.00331095 0.01453877 -0.00855519
v 0.00393750 0.01454505 -0.00855519
v 0.00331095 0.01482452 -0.00906743
v 0.00331095 0.01494070 -0.00925034
v 0.00656210 0.01347428 -0.00471977
v 0.00568693 0.01370979 -0.00593076
v 0.00393750 0.01417452 -0.00750141
v 0.00393750 0.01428128 -0.00793864
f 170 171 172
f 170 172 173
f 170 173 174
f 170 174 175
f 170 175 183
f 170 183 195
f 170 195 211
f 170 211 237
f 170 237 260
f 170 260 288
f 170 288 318
f 170 318 336
f 170 336 355
f 170 355 354
f 170 354 364
f 170 364 356
f 170 356 337
f 170 337 319
f 170 319 290
f 170 290 262
f 170 262 239
f 170 239 212
f 170 212 197
f 170 197 186
f 170 186 177
f 170 177 176
f 170 176 171
f 171 176 172
f 172 176 177
f 172 177 178
f 172 178 179
f 172 179 173
f 173 179 180
f 173 180 181
f 173 181 174
f 174 181 182
f 174 182 175
f 175 182 184
f 175 184 185
f 175 185 183
f 177 186 178
f 178 187 179
f 178 186 187
f 179 187 188
f 179 188 189
f 179 189 190
f 179 190 191
f 179 191 192
f 179 192 193
f 179 193 180
f 180 193 181
f 181 193 192
f 181 192 194
f 181 194 182
f 182 194 206
f 182 206 236
f 182 236 247
f 182 247 246
f 182 246 249
f 182 249 248
f 182 248 245
f 182 245 244
f 182 244 242
f 182 242 241
f 182 241 243
f 182 243 259
f 182 259 258
f 182 258 257
f 182 257 283
f 182 283 287
f 182 287 315
f 182 315 314
f 182 314 313
f 182 313 312
f 182 312 332
f 182 332 351
f 182 351 349
f 182 349 348
f 182 348 347
f 182 347 363
f 182 363 362
f 182 362 360
f 182 360 359
f 182 359 352
f 182 352 333
f 182 333 317
f 182 317 316
f 182 316 289
f 182 289 261
f 182 261 238
f 182 238 210
f 182 210 209
f 182 209 208
f 182 208 207
f 182 207 196
f 182 196 185
f 182 185 184
f 183 185 196
f 183 196 195
f 186 197 198
f 186 198 187
f 187 198 199
f 187 199 188
f 188 199 189
f 189 199 200
f 189 200 201
f 189 201 202
f 189 202 190
f 190 202 203
f 190 203 191
f 191 203 192
f 192 203 204
f 192 204 194
f 194 203 205
f 194 205 206
f 194 204 203
f 195 196 207
f 195 207 208
f 195 208 209
f 195 209 210
f 195 210 211
f 197 212 213
f 197 213 198
f 198 213 199
f 199 214 200
f 199 213 215
f 199 215 214
f 200 214 201
f 201 216 217
f 201 217 218
f 201 218 219
f 201 219 220
f 201 220 202
f 201 214 221
f 201 221 222
f 201 222 223
f 201 223 224
f 201 224 225
f 201 225 226
f 201 226 227
f 201 227 228
f 201 228 229
f 201 229 230
f 201 230 231
f 201 231 216
f 202 220 219
f 202 219 232
f 202 232 233
f 202 233 203
f 203 233 232
f 203 232 234
f 203 234 235
f 203 235 205
f 205 235 236
f 205 236 206
f 210 237 211
f 210 238 237
f 212 239 240
f 212 240 215
f 212 215 213
f 214 215 221
f 215 240 221
f 216 241 242
f 216 242 217
f 216 231 243
f 216 243 241
f 217 242 244
f 217 244 245
f 217 245 218
f 218 245 219
f 219 246 247
f 219 247 235
f 219 235 234
f 219 234 232
f 219 245 248
f 219 248 249
f 219 249 246
f 221 240 250
f 221 250 251
f 221 251 252
f 221 252 253
f 221 253 223
f 221 223 222
f 223 253 252
f 223 252 254
f 223 254 255
f 223 255 256
f 223 256 224
f 224 256 225
f 225 256 226
f 226 256 227
f 227 256 228
f 228 256 257
f 228 257 229
f 229 257 258
f 229 258 259
f 229 259 230
f 230 259 231
f 231 259 243
f 235 247 236
f 237 238 260
f 238 261 260
f 239 262 263
f 239 263 264
f 239 264 265
f 239 265 266
f 239 266 267
f 239 267 268
f 239 268 240
f 240 268 269
f 240 269 270
f 240 270 250
f 250 270 271
f 250 271 272
f 250 272 273
f 250 273 274
f 250 274 275
f 250 275 251
f 251 275 274
f 251 274 276
f 251 276 277
f 251 277 278
f 251 278 279
f 251 279 252
f 252 279 280
f 252 280 254
f 254 280 281
f 254 281 282
f 254 282 255
f 255 283 256
f 255 282 284
f 255 284 285
f 255 285 286
f 255 286 287
f 255 287 283
f 256 283 257
f 260 261 288
f 261 289 288
f 262 290 291
f 262 291 292
f 262 292 293
f 262 293 263
f 263 293 294
f 263 294 295
f 263 295 265
f 263 265 264
f 265 295 296
f 265 296 297
f 265 297 298
f 265 298 266
f 266 298 269
f 266 269 267
f 267 269 268
f 269 298 299
f 269 299 270
f 270 300 271
f 270 299 301
f 270 301 302
f 270 302 300
f 271 300 272
f 272 300 303
f 272 303 273
f 273 303 274
f 274 303 304
f 274 304 276
f 276 304 277
f 277 300 305
f 277 305 306
f 277 306 307
f 277 307 278
f 277 304 303
f 277 303 300
f 278 307 308
f 278 308 279
f 279 308 280
f 280 308 281
f 281 308 307
f 281 307 309
f 281 309 310
f 281 310 284
f 281 284 282
f 284 310 311
f 284 311 312
f 284 312 313
f 284 313 285
f 285 313 314
f 285 314 286
f 286 314 315
f 286 315 287
f 288 316 317
f 288 317 318
f 288 289 316
f 290 319 320
f 290 320 291
f 291 320 321
f 291 321 292
f 292 321 293
f 293 321 294
f 294 320 322
f 294 322 295
f 294 321 320
f 295 322 296
f 296 322 297
f 297 323 324
f 297 324 325
f 297 325 326
f 297 326 327
f 297 327 298
f 297 322 328
f 297 328 323
f 298 327 299
f 299 327 301
f 300 302 305
f 301 327 302
f 302 327 326
f 302 326 305
f 305 329 306
f 305 326 325
f 305 325 329
f 306 329 309
f 306 309 307
f 309 311 310
f 309 329 325
f 309 325 330
f 309 330 331
f 309 331 311
f 311 331 332
f 311 332 312
f 317 333 334
f 317 334 318
f 318 334 335
f 318 335 336
f 319 337 320
f 320 337 338
f 320 338 322
f 322 338 339
f 322 339 340
f 322 340 328
f 323 328 324
f 324 341 325
f 324 328 342
f 324 342 343
f 324 343 344
f 324 344 345
f 324 345 346
f 324 346 347
f 324 347 348
f 324 348 349
f 324 349 330
f 324 330 341
f 325 341 330
f 328 340 339
f 328 339 350
f 328 350 343
f 328 343 342
f 330 349 351
f 330 351 332
f 330 332 331
f 333 352 335
f 333 335 334
f 335 352 353
f 335 353 354
f 335 354 355
f 335 355 336
f 337 356 339
f 337 339 338
f 339 356 357
f 339 357 350
f 343 350 358
f 343 358 345
f 343 345 344
f 345 358 359
f 345 359 360
f 345 360 361
f 345 361 362
f 345 362 363
f 345 363 346
f 346 363 347
f 350 357 364
f 350 364 365
f 350 365 366
f 350 366 358
f 352 359 353
f 353 359 366
f 353 366 365
f 353 365 364
f 353 364 354
f 356 364 357
f 358 366 367
f 358 367 359
f 359 367 366
f 360 362 361

o geometry_3
v -0.00218722 0.02518635 0.00823162
v -0.00306234 0.02518635 0.00823162
v -0.00218722 0.02431278 0.00822998
v 0.00000759 0.01993859 0.00811346
v -0.00218722 0.02606203 0.00822670
v -0.00393705 0.02518635 0.00821521
v -0.00306234 0.02431278 0.00822998
v -0.00306234 0.02606203 0.00822670
v -0.00393705 0.02606203 0.00821411
v -0.00306234 0.02343710 0.00822177
v -0.00218722 0.02343710 0.00822068
v 0.00000759 0.02038382 0.00805986
v -0.00142314 0.02956265 0.00788645
v -0.00218722 0.02956265 0.00814081
v -0.00218722 0.02868697 0.00817035
v -0.00218722 0.02781129 0.00819606
v -0.00218722 0.02693771 0.00821576
v -0.00218722 0.02256142 0.00820864
v -0.00218722 0.02168784 0.00819005
v -0.00218722 0.02081216 0.00816324
v -0.00131250 0.01993859 0.00812386
v 0.00000759 0.01951024 0.00809268
v -0.00408778 0.02518635 0.00819716
v -0.00393705 0.02431278 0.00820919
v -0.00408778 0.02606203 0.00819880
v -0.00306234 0.02693771 0.00821576
v -0.00393705 0.02693771 0.00820919
v -0.00408778 0.02693771 0.00819716
v -0.00306234 0.02256142 0.00820755
v 0.00000759 0.02081216 0.00800680
v -0.00106155 0.02956265 0.00719393
v -0.00153659 0.03043622 0.00780659
v -0.00218722 0.03043622 0.00802868
v -0.00306234 0.02956265 0.00814136
v -0.00393705 0.02868697 0.00817254
v -0.00306234 0.03043622 0.00807627
v -0.00306234 0.02781129 0.00819661
v -0.00306234 0.02168784 0.00818731
v -0.00306234 0.02081216 0.00815887
v -0.00218722 0.01993859 0.00812823
v -0.00218722 0.01906502 0.00808392
v 0.00000759 0.01906502 0.00807025
v -0.00408778 0.02431278 0.00818786
v -0.00393705 0.02343710 0.00819114
v -0.00393705 0.02781129 0.00819552
v -0.00408778 0.02781129 0.00818567
v 0.00000759 0.02143041 0.00775681
v -0.00102627 0.02956265 0.00631926
v -0.00125237 0.03043622 0.00631926
v -0.00128805 0.03043622 0.00719393
v 0.00000759 0.02154436 0.00747017
v 0.00000759 0.02165197 0.00719393
v -0.00167810 0.03093420 0.00769992
v -0.00218722 0.03101649 0.00778197
v -0.00306234 0.03106925 0.00782956
v -0.00393705 0.02956265 0.00814136
v -0.00408778 0.02868697 0.00816488
v -0.00408778 0.02956265 0.00813534
v -0.00393705 0.03043622 0.00807572
v -0.00393705 0.03106925 0.00782956
v -0.00393705 0.02256142 0.00816652
v -0.00306234 0.01993859 0.00812276
v -0.00393705 0.02168784 0.00813644
v -0.00306234 0.01906502 0.00807955
v -0.00218722 0.01818934 0.00803415
v 0.00000759 0.01863456 0.00804618
v -0.00408778 0.02343710 0.00816652
v -0.00102587 0.02956265 0.00544403
v -0.00124475 0.03043622 0.00544403
v 0.00000759 0.02170683 0.00631926
v 0.00000759 0.02173216 0.00544403
v 0.00000759 0.02173427 0.00499931
v -0.00159712 0.03100383 0.00456990
v -0.00160354 0.03099961 0.00544403
v -0.00161075 0.03099539 0.00631926
v -0.00162639 0.03097851 0.00719393
v -0.00218722 0.03119163 0.00719393
v -0.00306234 0.03129924 0.00719393
v -0.00408778 0.03132878 0.00718299
v -0.00408778 0.03043622 0.00807134
v -0.00408778 0.03106713 0.00782792
v -0.00408778 0.02256142 0.00813808
v -0.00393705 0.02081216 0.00809596
v -0.00408778 0.02168784 0.00810471
v -0.00306234 0.01818934 0.00802813
v -0.00393705 0.01993859 0.00804782
v -0.00218722 0.01731366 0.00798163
v 0.00000759 0.01644008 0.00792091
v 0.00000759 0.01688531 0.00794662
v 0.00000759 0.01775888 0.00799640
v -0.00106516 0.02956265 0.00456990
v -0.00125838 0.03043622 0.00456990
v 0.00000759 0.02173427 0.00456990
v -0.00218722 0.03124227 0.00456990
v -0.00218722 0.03124649 0.00544403
v -0.00164804 0.03096163 0.00404368
v -0.00218722 0.03123172 0.00631926
v -0.00306234 0.03134566 0.00631926
v -0.00408778 0.03138997 0.00631926
v -0.00408778 0.02081216 0.00806150
v -0.00393705 0.01906502 0.00799421
v -0.00306234 0.01731366 0.00797015
v -0.00218722 0.01644008 0.00792748
v -0.00408778 0.01993859 0.00800953
v 0.00000759 0.01556440 0.00786567
v -0.00151414 0.03043622 0.00396327
v 0.00000759 0.02160977 0.00424170
v 0.00000759 0.02148950 0.00392497
v 0.00000759 0.02081216 0.00361099
v -0.00218722 0.03105236 0.00396819
v -0.00306234 0.03135199 0.00456990
v -0.00306234 0.03136677 0.00544403
v -0.00218722 0.03043622 0.00376251
v -0.00408778 0.03141319 0.00544403
v -0.00408778 0.01888355 0.00794115
v -0.00408778 0.01818934 0.00789138
v -0.00393705 0.01818934 0.00793131
v -0.00306234 0.01644008 0.00790779
v -0.00218722 0.01556440 0.00786840
v 0.00000759 0.01468872 0.00779893
v -0.00408778 0.02781129 0.00287361
v 0.00000759 0.01993859 0.00349447
v -0.00408778 0.03114099 0.00388997
v -0.00306234 0.03110090 0.00393646
v -0.00408778 0.03139842 0.00456990
v -0.00408778 0.03059659 0.00371875
v -0.00408778 0.01797833 0.00787606
v -0.00408778 0.01706256 0.00780549
v -0.00393705 0.01731366 0.00786293
v -0.00359871 0.01400717 0.00765397
v -0.00306234 0.01556440 0.00784105
v -0.00218722 0.01468872 0.00779893
v 0.00000759 0.01381515 0.00772235
v -0.00408778 0.02695671 0.00279922
v 0.00000759 0.00985665 0.00324886
v -0.00408778 0.02614222 0.00273905
v -0.00408778 0.01626495 0.00774095
v -0.00393705 0.01644008 0.00779018
v -0.00373461 0.01468872 0.00768460
v -0.00393705 0.01206379 0.00739961
v -0.00393705 0.01119021 0.00731920
v -0.00393705 0.01031453 0.00723660
v -0.00344157 0.01342268 0.00762717
v -0.00306234 0.01468872 0.00776830
v -0.00285829 0.01320956 0.00764850
v -0.00218722 0.01381515 0.00772235
v 0.00000759 0.01347543 0.00769007
v 0.00000759 0.00985665 0.00728747
v -0.00408778 0.00985665 0.00264387
v -0.00408778 0.02606203 0.00273850
v -0.00408778 0.01567624 0.00769117
v -0.00397834 0.01559605 0.00770922
v -0.00408778 0.01468872 0.00760310
v -0.00408778 0.01550321 0.00767640
v -0.00408778 0.01438909 0.00757575
v -0.00408778 0.01103829 0.00726286
v -0.00408778 0.01017316 0.00718190
v -0.00401563 0.00985665 0.00716877
v -0.00393705 0.00985665 0.00718956
v -0.00306234 0.01119021 0.00742915
v -0.00306234 0.01206379 0.00752050
v -0.00311485 0.01292681 0.00760255
v -0.00311485 0.01375396 0.00768132
v -0.00218722 0.01312516 0.00765671
v -0.00218722 0.01268837 0.00761295
v -0.00131250 0.01312516 0.00765671
v 0.00000759 0.01312726 0.00765671
v 0.00000759 0.01031453 0.00734491
v -0.00218722 0.00985665 0.00728747
v -0.00408778 0.00985665 0.00714908
v -0.00351894 0.00985665 0.00723496
v -0.00218722 0.01206379 0.00754676
v -0.00306234 0.01031453 0.00733178
v 0.00000759 0.01268837 0.00761295
v -0.00218722 0.01031453 0.00734491
v 0.00000759 0.01119021 0.00744939
v -0.00264382 0.00985665 0.00728364
v -0.00306234 0.00985665 0.00727708
v -0.00218722 0.01119021 0.00744939
v 0.00000759 0.01163544 0.00749917
v 0.00000759 0.01206379 0.00754676
f 368 369 374
f 368 374 370
f 368 370 371
f 368 371 372
f 368 372 375
f 368 375 369
f 369 373 374
f 369 375 394
f 369 394 376
f 369 376 373
f 370 374 377
f 370 377 378
f 370 378 371
f 371 379 380
f 371 380 381
f 371 381 382
f 371 382 383
f 371 383 384
f 371 384 372
f 371 378 385
f 371 385 386
f 371 386 387
f 371 387 388
f 371 388 389
f 371 389 409
f 371 409 433
f 371 433 457
f 371 457 456
f 371 456 455
f 371 455 472
f 371 472 487
f 371 487 500
f 371 500 514
f 371 514 534
f 371 534 541
f 371 541 548
f 371 548 547
f 371 547 543
f 371 543 535
f 371 535 515
f 371 515 502
f 371 502 489
f 371 489 476
f 371 476 475
f 371 475 474
f 371 474 460
f 371 460 439
f 371 439 438
f 371 438 437
f 371 437 419
f 371 419 418
f 371 418 414
f 371 414 397
f 371 397 379
f 372 384 393
f 372 393 375
f 373 390 391
f 373 391 374
f 373 376 392
f 373 392 390
f 374 391 377
f 375 393 394
f 376 394 395
f 376 395 392
f 377 396 385
f 377 385 378
f 377 391 396
f 379 397 380
f 380 398 399
f 380 399 400
f 380 400 381
f 380 397 398
f 381 401 402
f 381 402 382
f 381 400 403
f 381 403 401
f 382 402 383
f 383 402 404
f 383 404 384
f 384 404 393
f 385 396 386
f 386 405 387
f 386 396 405
f 387 406 407
f 387 407 388
f 387 405 406
f 388 407 408
f 388 408 409
f 388 409 389
f 390 410 391
f 390 392 395
f 390 395 413
f 390 413 424
f 390 424 425
f 390 425 447
f 390 447 448
f 390 448 446
f 390 446 466
f 390 466 481
f 390 481 492
f 390 492 490
f 390 490 493
f 390 493 488
f 390 488 501
f 390 501 503
f 390 503 517
f 390 517 516
f 390 516 537
f 390 537 524
f 390 524 523
f 390 523 522
f 390 522 520
f 390 520 521
f 390 521 518
f 390 518 504
f 390 504 495
f 390 495 494
f 390 494 483
f 390 483 482
f 390 482 471
f 390 471 467
f 390 467 451
f 390 451 449
f 390 449 434
f 390 434 410
f 391 410 411
f 391 411 396
f 393 404 412
f 393 412 394
f 394 412 413
f 394 413 395
f 396 411 405
f 397 414 398
f 398 415 416
f 398 416 417
f 398 417 399
f 398 414 418
f 398 418 419
f 398 419 415
f 399 417 420
f 399 420 400
f 400 420 421
f 400 421 422
f 400 422 403
f 401 423 402
f 401 403 423
f 402 424 412
f 402 412 404
f 402 423 425
f 402 425 424
f 403 426 423
f 403 422 427
f 403 427 426
f 405 411 428
f 405 428 406
f 406 429 407
f 406 428 430
f 406 430 429
f 407 429 431
f 407 431 408
f 408 431 432
f 408 432 457
f 408 457 433
f 408 433 409
f 410 434 411
f 411 434 428
f 412 424 413
f 415 435 436
f 415 436 416
f 415 419 437
f 415 437 438
f 415 438 439
f 415 439 435
f 416 436 440
f 416 440 441
f 416 441 442
f 416 442 443
f 416 443 417
f 417 443 420
f 420 443 444
f 420 444 421
f 421 444 445
f 421 445 422
f 422 445 446
f 422 446 427
f 423 426 447
f 423 447 425
f 426 427 448
f 426 448 447
f 427 446 448
f 428 434 449
f 428 449 430
f 429 430 450
f 429 450 431
f 430 451 450
f 430 449 451
f 431 452 432
f 431 450 453
f 431 453 452
f 432 452 454
f 432 454 455
f 432 455 456
f 432 456 457
f 435 458 459
f 435 459 436
f 435 439 460
f 435 460 458
f 436 459 440
f 440 461 462
f 440 462 441
f 440 459 463
f 440 463 461
f 441 462 442
f 442 462 464
f 442 464 443
f 443 464 444
f 444 464 465
f 444 465 445
f 445 465 466
f 445 466 446
f 450 467 453
f 450 451 467
f 452 453 468
f 452 468 469
f 452 469 470
f 452 470 454
f 453 467 471
f 453 471 468
f 454 470 455
f 455 470 472
f 458 473 459
f 458 460 474
f 458 474 475
f 458 475 476
f 458 476 473
f 459 473 463
f 461 463 477
f 461 477 478
f 461 478 479
f 461 479 462
f 462 479 464
f 463 473 480
f 463 480 477
f 464 479 465
f 465 479 481
f 465 481 466
f 468 482 483
f 468 483 484
f 468 484 485
f 468 485 469
f 468 471 482
f 469 485 486
f 469 486 470
f 470 486 472
f 472 486 487
f 473 488 480
f 473 476 489
f 473 489 488
f 477 490 491
f 477 491 478
f 477 480 490
f 478 492 481
f 478 481 479
f 478 491 490
f 478 490 492
f 480 493 490
f 480 488 493
f 483 494 484
f 484 494 495
f 484 495 496
f 484 496 497
f 484 497 498
f 484 498 485
f 485 498 486
f 486 498 499
f 486 499 487
f 487 499 513
f 487 513 500
f 488 489 501
f 489 502 503
f 489 503 501
f 495 504 496
f 496 504 505
f 496 505 506
f 496 506 497
f 497 506 507
f 497 507 508
f 497 508 509
f 497 509 510
f 497 510 498
f 498 510 511
f 498 511 499
f 499 511 512
f 499 512 513
f 500 513 514
f 502 515 536
f 502 536 544
f 502 544 545
f 502 545 538
f 502 538 526
f 502 526 525
f 502 525 537
f 502 537 516
f 502 516 517
f 502 517 503
f 504 518 505
f 505 518 519
f 505 519 506
f 506 520 507
f 506 519 521
f 506 521 520
f 507 520 522
f 507 522 508
f 508 522 523
f 508 523 524
f 508 524 509
f 509 524 525
f 509 525 526
f 509 526 510
f 510 526 527
f 510 527 528
f 510 528 529
f 510 529 512
f 510 512 530
f 510 530 511
f 511 530 512
f 512 531 513
f 512 529 528
f 512 528 527
f 512 527 532
f 512 532 531
f 513 531 514
f 514 531 533
f 514 533 534
f 515 535 542
f 515 542 536
f 518 521 519
f 524 537 525
f 526 538 527
f 527 539 532
f 527 538 540
f 527 540 539
f 531 532 541
f 531 541 533
f 532 539 548
f 532 548 541
f 533 541 534
f 535 543 546
f 535 546 542
f 536 542 544
f 538 545 540
f 539 540 546
f 539 546 547
f 539 547 548
f 540 545 544
f 540 544 546
f 542 546 544
f 543 547 546

o geometry_4
v -0.00351725 0.03831249 -0.00474322
v -0.00351725 0.03743732 -0.00477163
v 0.00000759 0.03743732 -0.00487801
v 0.00000759 0.03788132 -0.00488637
v 0.00000759 0.03831249 -0.00489472
v -0.00351725 0.03918767 -0.00483457
v -0.00351725 0.01523719 -0.00697395
v 0.00000759 0.01556570 -0.00790690
v 0.00000759 0.03918767 -0.00501726
v 0.00000759 0.04001151 -0.00525620
v -0.00351725 0.04008850 -0.00511584
v -0.00351725 0.01469053 -0.00706641
v 0.00000759 0.01495488 -0.00802052
v 0.00000759 0.04041188 -0.00593071
v -0.00351725 0.04027329 -0.00542664
v -0.00351725 0.01423883 -0.00720955
v 0.00000759 0.01486505 -0.00828286
v 0.00000759 0.04002434 -0.00665535
v -0.00351725 0.04008594 -0.00664477
v -0.00351725 0.04045551 -0.00593071
v -0.00351725 0.01423626 -0.00725133
v -0.00348344 0.01424140 -0.00723127
v 0.00000759 0.01477266 -0.00855523
v 0.00000759 0.03918767 -0.00705805
v -0.00351725 0.03970866 -0.00682635
v -0.00351725 0.01423626 -0.00735604
v -0.00348344 0.01424140 -0.00734434
v -0.00306216 0.01453398 -0.00855523
v 0.00000759 0.01485735 -0.00891114
v -0.00043750 0.03918767 -0.00705861
v 0.00000759 0.03861021 -0.00720788
v -0.00043750 0.03861277 -0.00720900
v -0.00131250 0.03861791 -0.00720955
v -0.00351725 0.03918767 -0.00704914
v -0.00131250 0.03918767 -0.00705917
v -0.00306216 0.03918767 -0.00705917
v -0.00351725 0.01424396 -0.00738834
v -0.00218715 0.01494205 -0.00929045
v 0.00000759 0.01494718 -0.00927987
v -0.00351725 0.01453654 -0.00855523
v -0.00218715 0.03862047 -0.00720955
v 0.00000759 0.03779919 -0.00741341
v -0.00218715 0.03743732 -0.00751311
v -0.00218715 0.03818160 -0.00732373
v -0.00306216 0.03861277 -0.00720955
v -0.00351725 0.03891049 -0.00712099
v -0.00306216 0.01493691 -0.00926928
v -0.00131250 0.01523206 -0.00972100
v 0.00000759 0.01523206 -0.00971766
v 0.00000759 0.01508577 -0.00949486
v -0.00351725 0.01494461 -0.00923085
v 0.00000759 0.03656215 -0.00772643
v -0.00131250 0.03656215 -0.00772532
v -0.00218715 0.03656215 -0.00772309
v -0.00306216 0.03817647 -0.00731761
v -0.00306216 0.03743732 -0.00749250
v -0.00351725 0.03783512 -0.00736439
v -0.00218715 0.01524746 -0.00972824
v -0.00043750 0.01566836 -0.01014932
v 0.00000759 0.01566836 -0.01014988
v 0.00000759 0.01544508 -0.00992987
v -0.00351725 0.01551694 -0.00964971
v -0.00306216 0.01537835 -0.00970707
v 0.00000759 0.03568697 -0.00793642
v -0.00131250 0.03568697 -0.00793530
v -0.00131250 0.03506588 -0.00807678
v -0.00218715 0.03568697 -0.00791859
v -0.00218715 0.03499916 -0.00806508
v -0.00306216 0.03656215 -0.00767798
v -0.00351725 0.03701641 -0.00752481
v -0.00218715 0.01568376 -0.01007914
v -0.00131250 0.01566836 -0.01013484
v -0.00043750 0.01643831 -0.01043283
v 0.00000759 0.01643831 -0.01043227
v -0.00351725 0.01595068 -0.00988698
v -0.00306216 0.01581722 -0.00996440
v 0.00000759 0.03506588 -0.00807678
v -0.00043750 0.03462958 -0.00817425
v -0.00131250 0.03462702 -0.00817425
v -0.00131250 0.03393663 -0.00832074
v -0.00218715 0.03456029 -0.00815754
v -0.00270367 0.03445506 -0.00813359
v -0.00351725 0.03614124 -0.00767575
v -0.00218715 0.01643831 -0.01027631
v -0.00131250 0.01643831 -0.01039829
v -0.00043750 0.01731348 -0.01041500
v 0.00000759 0.01686948 -0.01042336
v -0.00351725 0.01643831 -0.00989367
v -0.00306216 0.01643831 -0.01004405
v 0.00000759 0.03462958 -0.00817425
v -0.00043750 0.03393663 -0.00832352
v -0.00218715 0.03393663 -0.00828175
v -0.00043750 0.03306146 -0.00850454
v -0.00043750 0.03218628 -0.00867832
v -0.00131250 0.03306146 -0.00849396
v -0.00218715 0.03306146 -0.00844383
v -0.00218715 0.03218628 -0.00859199
v -0.00289688 0.03393663 -0.00818149
v -0.00333404 0.03393663 -0.00808290
v -0.00349172 0.03348493 -0.00811577
v -0.00351725 0.03351059 -0.00810296
v -0.00218715 0.01731348 -0.01023732
v -0.00131250 0.01731348 -0.01037267
v -0.00043750 0.01818866 -0.01037100
v 0.00000759 0.01818866 -0.01036877
v 0.00000759 0.01731348 -0.01041166
v -0.00351725 0.01706197 -0.00987584
v -0.00348482 0.01764713 -0.00986303
v -0.00314082 0.01733915 -0.00998111
v 0.00000759 0.03393663 -0.00832352
v 0.00000759 0.03349262 -0.00841598
v -0.00131250 0.03218628 -0.00865883
v 0.00000759 0.03306146 -0.00850510
v 0.00000759 0.03218628 -0.00867832
v 0.00000759 0.03174228 -0.00876298
v -0.00043750 0.03131111 -0.00884486
v 0.00000759 0.03261745 -0.00859310
v -0.00131250 0.03131111 -0.00881757
v -0.00131250 0.03057710 -0.00894345
v -0.00177208 0.03002273 -0.00899636
v -0.00218715 0.03131111 -0.00872845
v -0.00306216 0.03218628 -0.00842155
v -0.00314496 0.03314102 -0.00825613
v -0.00306216 0.03131111 -0.00854242
v -0.00344790 0.02725349 -0.00897631
v -0.00351725 0.03278171 -0.00820266
v -0.00299591 0.01818866 -0.00997777
v -0.00290689 0.01906383 -0.00995048
v -0.00281580 0.01993900 -0.00992318
v -0.00218715 0.01818866 -0.01018608
v -0.00131250 0.01818866 -0.01032366
v 0.00000759 0.01906383 -0.01032087
v -0.00043750 0.01906383 -0.01032032
v -0.00351725 0.01762146 -0.00984855
v -0.00351725 0.01768562 -0.00984521
v -0.00351725 0.01833494 -0.00979898
v -0.00351725 0.02027778 -0.00965917
v -0.00343341 0.01818866 -0.00984688
v -0.00043750 0.03068232 -0.00895904
v 0.00000759 0.03131111 -0.00884430
v 0.00000759 0.03099287 -0.00890279
v 0.00000759 0.03068489 -0.00895904
v -0.00043750 0.03024602 -0.00903591
v -0.00131250 0.03014079 -0.00901697
v -0.00211332 0.03036408 -0.00888385
v -0.00131250 0.02956077 -0.00911110
v -0.00131250 0.02868559 -0.00924645
v -0.00131250 0.02781042 -0.00937623
v -0.00131250 0.02694038 -0.00949765
v -0.00218715 0.02694038 -0.00936174
v -0.00218715 0.02781042 -0.00924032
v -0.00194943 0.02956077 -0.00903257
v -0.00238693 0.02956077 -0.00894790
v -0.00257704 0.02905260 -0.00898244
v -0.00273023 0.02846744 -0.00902310
v -0.00288377 0.02781042 -0.00906877
v -0.00311874 0.02695321 -0.00911444
v -0.00306216 0.02606521 -0.00924700
v -0.00306216 0.02519004 -0.00935617
v -0.00351725 0.02663240 -0.00902922
v -0.00351725 0.02669143 -0.00902142
v -0.00334439 0.01906383 -0.00981959
v -0.00325330 0.01993900 -0.00979229
v -0.00272195 0.02081417 -0.00989534
v -0.00131250 0.01993900 -0.01021560
v -0.00218715 0.02081417 -0.01002177
v 0.00000759 0.01993900 -0.01026796
v -0.00043750 0.01993900 -0.01026629
v -0.00351725 0.02081417 -0.00961851
v -0.00315945 0.02081417 -0.00976444
v 0.00000759 0.03024602 -0.00903591
v 0.00000759 0.02989698 -0.00909495
v -0.00043750 0.02956077 -0.00915120
v -0.00224615 0.02873179 -0.00909662
v -0.00043750 0.02868559 -0.00928989
v -0.00043750 0.02781042 -0.00942134
v -0.00043750 0.02694038 -0.00954388
v -0.00131250 0.02606521 -0.00961127
v -0.00218715 0.02606521 -0.00947760
v -0.00218715 0.02519004 -0.00958844
v -0.00218715 0.02431486 -0.00968591
v -0.00306216 0.02431486 -0.00945309
v -0.00351725 0.02589069 -0.00911389
v -0.00265778 0.02134544 -0.00987696
v -0.00131250 0.02081417 -0.01015935
v -0.00222304 0.02165855 -0.00994602
v -0.00196081 0.02256452 -0.00991483
v -0.00131250 0.02168935 -0.01008861
v 0.00000759 0.02037017 -0.01023900
v -0.00043750 0.02081417 -0.01020725
v -0.00351725 0.02121711 -0.00958454
v -0.00351725 0.02395042 -0.00931663
v -0.00306216 0.02256452 -0.00963077
v -0.00299453 0.02165855 -0.00974383
v 0.00000759 0.02956077 -0.00915120
v 0.00000759 0.02911676 -0.00922194
v 0.00000759 0.02868559 -0.00929045
v 0.00000759 0.02781042 -0.00942134
v 0.00000759 0.02736642 -0.00948428
v 0.00000759 0.02694038 -0.00954443
v 0.00000759 0.02649381 -0.00960348
v 0.00000759 0.02606521 -0.00965917
v -0.00043750 0.02606521 -0.00965750
v -0.00131250 0.02519004 -0.00972267
v -0.00162303 0.02375024 -0.00985468
v -0.00182556 0.02316764 -0.00988420
v -0.00239831 0.02256452 -0.00981569
v -0.00253874 0.02192803 -0.00984744
v -0.00351725 0.02489746 -0.00922194
v -0.00351725 0.02519004 -0.00919019
v -0.00043750 0.02168935 -0.01013651
v -0.00131250 0.02256452 -0.01000339
v -0.00103958 0.02401715 -0.00988420
v -0.00043750 0.02256452 -0.01005408
v 0.00000759 0.02081417 -0.01020780
v 0.00000759 0.02124534 -0.01017327
v 0.00000759 0.02519004 -0.00976834
v -0.00043750 0.02519004 -0.00976779
v -0.00132388 0.02431230 -0.00982404
v -0.00132388 0.02345252 -0.00991427
v 0.00000759 0.02256452 -0.01005575
v 0.00000759 0.02168935 -0.01013707
v -0.00043750 0.02455611 -0.00984521
v -0.00043750 0.02411724 -0.00989534
v -0.00043750 0.02343969 -0.00996719
v 0.00000759 0.02455098 -0.00984465
v 0.00000759 0.02299312 -0.01001286
v 0.00000759 0.02411211 -0.00989422
v 0.00000759 0.02377333 -0.00993210
v 0.00000759 0.02343969 -0.00996719
f 549 550 551
f 549 551 552
f 549 552 553
f 549 553 554
f 549 554 559
f 549 559 563
f 549 563 568
f 549 568 567
f 549 567 573
f 549 573 582
f 549 582 594
f 549 594 605
f 549 605 618
f 549 618 631
f 549 631 649
f 549 649 674
f 549 674 709
f 549 709 708
f 549 708 731
f 549 731 758
f 549 758 757
f 549 757 740
f 549 740 739
f 549 739 717
f 549 717 685
f 549 685 684
f 549 684 683
f 549 683 682
f 549 682 655
f 549 655 636
f 549 636 623
f 549 623 610
f 549 610 599
f 549 599 588
f 549 588 585
f 549 585 574
f 549 574 569
f 549 569 564
f 549 564 560
f 549 560 555
f 549 555 550
f 550 555 551
f 551 555 556
f 551 556 561
f 551 561 565
f 551 565 571
f 551 571 577
f 551 577 587
f 551 587 598
f 551 598 597
f 551 597 609
f 551 609 608
f 551 608 622
f 551 622 635
f 551 635 654
f 551 654 653
f 551 653 680
f 551 680 715
f 551 715 737
f 551 737 763
f 551 763 764
f 551 764 770
f 551 770 769
f 551 769 775
f 551 775 778
f 551 778 777
f 551 777 776
f 551 776 774
f 551 774 765
f 551 765 750
f 551 750 749
f 551 749 748
f 551 748 747
f 551 747 746
f 551 746 745
f 551 745 744
f 551 744 743
f 551 743 720
f 551 720 719
f 551 719 690
f 551 690 689
f 551 689 688
f 551 688 663
f 551 663 662
f 551 662 665
f 551 665 661
f 551 661 659
f 551 659 658
f 551 658 638
f 551 638 625
f 551 625 612
f 551 612 600
f 551 600 590
f 551 590 579
f 551 579 572
f 551 572 566
f 551 566 562
f 551 562 558
f 551 558 557
f 551 557 553
f 551 553 552
f 553 557 554
f 554 557 558
f 554 558 559
f 555 560 556
f 556 560 561
f 558 562 563
f 558 563 559
f 560 564 561
f 561 564 565
f 562 566 567
f 562 567 568
f 562 568 563
f 564 569 570
f 564 570 571
f 564 571 565
f 566 572 567
f 567 572 573
f 569 574 575
f 569 575 570
f 570 575 571
f 571 575 574
f 571 574 576
f 571 576 577
f 572 578 573
f 572 579 580
f 572 580 581
f 572 581 578
f 573 578 583
f 573 583 584
f 573 584 582
f 574 585 576
f 576 586 587
f 576 587 577
f 576 585 588
f 576 588 586
f 578 581 589
f 578 589 583
f 579 590 580
f 580 590 591
f 580 591 592
f 580 592 581
f 581 592 589
f 582 584 593
f 582 593 594
f 583 589 584
f 584 589 593
f 586 595 596
f 586 596 597
f 586 597 598
f 586 598 587
f 586 588 595
f 588 599 595
f 589 592 593
f 590 600 591
f 591 600 601
f 591 601 613
f 591 613 602
f 591 602 603
f 591 603 593
f 591 593 592
f 593 603 594
f 594 603 604
f 594 604 605
f 595 599 606
f 595 606 596
f 596 606 607
f 596 607 608
f 596 608 609
f 596 609 597
f 599 610 611
f 599 611 606
f 600 612 613
f 600 613 601
f 602 613 614
f 602 614 615
f 602 615 604
f 602 604 603
f 604 615 616
f 604 616 617
f 604 617 605
f 605 617 618
f 606 611 619
f 606 619 620
f 606 620 607
f 607 620 621
f 607 621 608
f 608 621 622
f 610 623 624
f 610 624 611
f 611 624 619
f 612 625 614
f 612 614 613
f 614 625 638
f 614 638 626
f 614 626 627
f 614 627 615
f 615 627 616
f 616 627 628
f 616 628 629
f 616 629 617
f 617 629 630
f 617 630 618
f 618 630 631
f 619 624 632
f 619 632 633
f 619 633 620
f 620 633 621
f 621 634 622
f 621 633 634
f 622 634 635
f 623 636 637
f 623 637 632
f 623 632 624
f 626 638 658
f 626 658 639
f 626 639 627
f 627 639 628
f 628 640 629
f 628 639 641
f 628 641 642
f 628 642 643
f 628 643 640
f 629 640 630
f 630 640 644
f 630 644 645
f 630 645 646
f 630 646 631
f 631 646 647
f 631 647 648
f 631 648 649
f 632 637 650
f 632 650 651
f 632 651 633
f 633 651 634
f 634 651 652
f 634 652 653
f 634 653 654
f 634 654 635
f 636 655 637
f 637 655 656
f 637 656 657
f 637 657 650
f 639 658 659
f 639 659 641
f 640 643 660
f 640 660 644
f 641 659 661
f 641 661 642
f 642 662 663
f 642 663 664
f 642 664 643
f 642 661 665
f 642 665 662
f 643 664 660
f 644 660 666
f 644 666 667
f 644 667 668
f 644 668 645
f 645 669 646
f 645 668 669
f 646 669 670
f 646 670 671
f 646 671 647
f 647 671 648
f 648 671 670
f 648 670 672
f 648 672 673
f 648 673 674
f 648 674 649
f 650 657 675
f 650 675 676
f 650 676 677
f 650 677 678
f 650 678 679
f 650 679 651
f 651 679 652
f 652 680 653
f 652 679 681
f 652 681 680
f 655 682 656
f 656 682 683
f 656 683 684
f 656 684 685
f 656 685 686
f 656 686 675
f 656 675 657
f 660 664 687
f 660 687 666
f 663 688 664
f 664 688 689
f 664 689 690
f 664 690 687
f 666 687 691
f 666 691 667
f 667 691 692
f 667 692 668
f 668 693 669
f 668 692 694
f 668 694 695
f 668 695 696
f 668 696 697
f 668 697 698
f 668 698 699
f 668 699 700
f 668 700 693
f 669 693 701
f 669 701 670
f 670 701 702
f 670 702 703
f 670 703 672
f 672 703 704
f 672 704 673
f 673 704 705
f 673 705 706
f 673 706 707
f 673 707 708
f 673 708 709
f 673 709 674
f 675 686 710
f 675 710 676
f 676 710 711
f 676 711 677
f 677 711 718
f 677 718 712
f 677 712 678
f 678 713 679
f 678 712 714
f 678 714 713
f 679 713 716
f 679 716 681
f 680 681 715
f 681 716 715
f 685 711 710
f 685 710 686
f 685 717 718
f 685 718 711
f 687 690 691
f 690 719 691
f 691 719 720
f 691 720 721
f 691 721 692
f 692 721 694
f 693 700 722
f 693 722 701
f 694 721 723
f 694 723 695
f 695 723 724
f 695 724 696
f 696 724 725
f 696 725 697
f 697 725 751
f 697 751 726
f 697 726 727
f 697 727 698
f 698 727 703
f 698 703 702
f 698 702 699
f 699 702 722
f 699 722 700
f 701 722 702
f 703 727 704
f 704 727 706
f 704 706 705
f 706 727 728
f 706 728 707
f 707 728 729
f 707 729 730
f 707 730 731
f 707 731 708
f 712 718 732
f 712 732 714
f 713 714 733
f 713 733 716
f 714 732 734
f 714 734 735
f 714 735 736
f 714 736 733
f 715 716 737
f 716 733 738
f 716 738 737
f 717 739 718
f 718 739 740
f 718 740 741
f 718 741 742
f 718 742 732
f 720 743 721
f 721 743 744
f 721 744 745
f 721 745 723
f 723 745 724
f 724 746 747
f 724 747 748
f 724 748 725
f 724 745 746
f 725 748 749
f 725 749 750
f 725 750 751
f 726 751 752
f 726 752 727
f 727 752 728
f 728 752 753
f 728 753 754
f 728 754 729
f 729 754 735
f 729 735 755
f 729 755 756
f 729 756 730
f 730 757 758
f 730 758 731
f 730 756 732
f 730 732 742
f 730 742 741
f 730 741 757
f 732 756 734
f 733 736 759
f 733 759 738
f 734 756 755
f 734 755 735
f 735 754 736
f 736 754 753
f 736 753 760
f 736 760 761
f 736 761 762
f 736 762 759
f 737 738 763
f 738 759 764
f 738 764 763
f 740 757 741
f 750 765 766
f 750 766 751
f 751 766 752
f 752 766 761
f 752 761 767
f 752 767 753
f 753 768 760
f 753 767 761
f 753 761 768
f 759 762 769
f 759 769 770
f 759 770 764
f 760 768 761
f 761 766 771
f 761 771 772
f 761 772 773
f 761 773 762
f 762 773 769
f 765 774 771
f 765 771 766
f 769 773 775
f 771 774 772
f 772 774 776
f 772 776 777
f 772 777 773
f 773 777 778
f 773 778 775

o geometry_5
v 0.00331095 0.03831231 -0.00479339
v 0.00331095 0.03782045 -0.00479946
v 0.00331095 0.03864361 -0.00482375
v 0.00000792 0.03831231 -0.00489495
v 0.00000792 0.03743564 -0.00487784
v 0.00331095 0.03773126 -0.00480222
v 0.00331095 0.03918644 -0.00489716
v 0.00000792 0.03875575 -0.00495677
v 0.00331095 0.03743564 -0.00481160
v 0.00000792 0.01556461 -0.00790653
v 0.00331095 0.01556461 -0.00710285
v 0.00331095 0.03947187 -0.00498051
v 0.00000792 0.04000960 -0.00525594
v 0.00000792 0.03918644 -0.00501694
v 0.00000792 0.01495297 -0.00802079
v 0.00331095 0.01543718 -0.00712327
v 0.00331095 0.04005292 -0.00517812
v 0.00000792 0.04021348 -0.00559927
v 0.00000792 0.01477203 -0.00855510
v 0.00331095 0.01440250 -0.00748979
v 0.00331095 0.01464971 -0.00732364
v 0.00331095 0.04043774 -0.00593046
v 0.00000792 0.04040971 -0.00593046
v 0.00331095 0.01446112 -0.00838012
v 0.00000792 0.01494533 -0.00927984
v 0.00331095 0.04033070 -0.00614297
v 0.00000792 0.04002489 -0.00665520
v 0.00306229 0.01453502 -0.00855510
v 0.00331095 0.01453757 -0.00855510
v 0.00000792 0.01508549 -0.00949511
v 0.00218730 0.01494278 -0.00929088
v 0.00331095 0.04005802 -0.00664913
v 0.00000792 0.03918644 -0.00705759
v 0.00306229 0.01493768 -0.00927101
v 0.00331095 0.01482555 -0.00906733
v 0.00000792 0.01523076 -0.00971756
v 0.00131264 0.01523076 -0.00972087
v 0.00331095 0.03918644 -0.00705207
v 0.00306229 0.03918644 -0.00705759
v 0.00000792 0.03861048 -0.00720828
v 0.00331095 0.01494023 -0.00925003
v 0.00218730 0.01524605 -0.00972860
v 0.00000792 0.01544483 -0.00993007
v 0.00043765 0.01566910 -0.01015030
v 0.00331095 0.03813647 -0.00730763
v 0.00306229 0.03817215 -0.00731757
v 0.00306229 0.03860794 -0.00720828
v 0.00000792 0.03780007 -0.00741361
v 0.00218730 0.03743564 -0.00751297
v 0.00331095 0.01525115 -0.00956356
v 0.00306229 0.01537092 -0.00970817
v 0.00131264 0.01566910 -0.01013485
v 0.00218730 0.01568184 -0.01008131
v 0.00000792 0.01566910 -0.01014975
v 0.00000792 0.01604627 -0.01028940
v 0.00043765 0.01643874 -0.01043126
v 0.00331095 0.03745857 -0.00745667
v 0.00306229 0.03743564 -0.00749199
v 0.00218730 0.03656151 -0.00772493
v 0.00000792 0.03699220 -0.00761784
v 0.00131264 0.03656151 -0.00772934
v 0.00043765 0.03656151 -0.00772769
v 0.00306229 0.01580671 -0.00996981
v 0.00331095 0.01575065 -0.00985941
v 0.00131264 0.01643874 -0.01039373
v 0.00218730 0.01643874 -0.01027781
v 0.00000792 0.01643874 -0.01043236
v 0.00000792 0.01686943 -0.01042298
v 0.00000792 0.01731541 -0.01041194
v 0.00043765 0.01731541 -0.01040863
v 0.00331095 0.03656151 -0.00763385
v 0.00306229 0.03656151 -0.00767801
v 0.00218730 0.03568738 -0.00792033
v 0.00131264 0.03506555 -0.00807764
v 0.00131264 0.03568738 -0.00793689
v 0.00000792 0.03656151 -0.00772603
v 0.00000792 0.03568738 -0.00793633
v 0.00331095 0.01588062 -0.00992731
v 0.00131264 0.01731541 -0.01036282
v 0.00306229 0.01643874 -0.01005150
v 0.00331095 0.01618644 -0.00996650
v 0.00218730 0.01731541 -0.01023531
v 0.00000792 0.01818954 -0.01036889
v 0.00043765 0.01818954 -0.01036668
v 0.00331095 0.03568738 -0.00778896
v 0.00306229 0.03568738 -0.00784250
v 0.00270046 0.03445137 -0.00813284
v 0.00218730 0.03456095 -0.00815657
v 0.00218730 0.03499674 -0.00806660
v 0.00131264 0.03393658 -0.00831996
v 0.00131264 0.03462977 -0.00817313
v 0.00000792 0.03462977 -0.00817424
v 0.00000792 0.03506555 -0.00807709
v 0.00000792 0.03537137 -0.00800809
v 0.00043765 0.01906367 -0.01032197
v 0.00131264 0.01818954 -0.01031645
v 0.00331095 0.01643874 -0.00996815
v 0.00299536 0.01818954 -0.00997754
v 0.00314054 0.01734090 -0.00998250
v 0.00331095 0.01749635 -0.00992344
v 0.00131264 0.01906367 -0.01026843
v 0.00131264 0.01994034 -0.01021599
v 0.00218730 0.01818954 -0.01018287
v 0.00272180 0.02081447 -0.00989529
v 0.00281557 0.01994034 -0.00992289
v 0.00290644 0.01906367 -0.00995049
v 0.00000792 0.01906367 -0.01032087
v 0.00331095 0.03395442 -0.00808481
v 0.00302026 0.03476993 -0.00801251
v 0.00289479 0.03393658 -0.00818141
v 0.00218730 0.03218577 -0.00859208
v 0.00218730 0.03306245 -0.00844525
v 0.00218730 0.03393658 -0.00828077
v 0.00131264 0.03306245 -0.00849548
v 0.00043765 0.03306245 -0.00850487
v 0.00043765 0.03393658 -0.00832327
v 0.00000792 0.03393658 -0.00832327
v 0.00043765 0.01994034 -0.01026953
v 0.00331095 0.01818954 -0.00988315
v 0.00331095 0.01784295 -0.00990357
v 0.00131264 0.02081447 -0.01015969
v 0.00218730 0.02081447 -0.01002059
v 0.00315930 0.02081447 -0.00976447
v 0.00265778 0.02134455 -0.00987708
v 0.00325307 0.01994034 -0.00979207
v 0.00331095 0.01911973 -0.00982574
v 0.00000792 0.01994034 -0.01026788
v 0.00331095 0.03330455 -0.00818914
v 0.00314539 0.03314145 -0.00825648
v 0.00218730 0.03131165 -0.00872842
v 0.00177471 0.03002721 -0.00899723
v 0.00131264 0.03058023 -0.00894479
v 0.00131264 0.03131165 -0.00881784
v 0.00131264 0.03218577 -0.00865942
v 0.00043765 0.03131165 -0.00884433
v 0.00043765 0.03218577 -0.00867819
v 0.00000792 0.03261647 -0.00859318
v 0.00000792 0.03306245 -0.00850487
v 0.00000792 0.03349059 -0.00841600
v 0.00000792 0.02036849 -0.01023917
v 0.00000792 0.02081447 -0.01020826
v 0.00043765 0.02081447 -0.01020881
v 0.00131264 0.02168860 -0.01009014
v 0.00196225 0.02256527 -0.00991516
v 0.00222352 0.02165802 -0.00994607
v 0.00331095 0.02081447 -0.00970265
v 0.00299439 0.02165802 -0.00974350
v 0.00306229 0.02256527 -0.00963090
v 0.00331095 0.02231552 -0.00955748
v 0.00253911 0.02192816 -0.00984727
v 0.00306229 0.02431353 -0.00945316
v 0.00331095 0.01938478 -0.00980918
v 0.00331095 0.03218577 -0.00834259
v 0.00306229 0.03131165 -0.00854240
v 0.00306229 0.03218577 -0.00842152
v 0.00211487 0.03036616 -0.00888408
v 0.00131264 0.03014444 -0.00901765
v 0.00195158 0.02956084 -0.00903366
v 0.00218730 0.02781259 -0.00924065
v 0.00131264 0.02693846 -0.00949898
v 0.00131264 0.02781259 -0.00937588
v 0.00131264 0.02868672 -0.00924783
v 0.00131264 0.02956084 -0.00911259
v 0.00043765 0.02956084 -0.00915123
v 0.00043765 0.03024638 -0.00903587
v 0.00043765 0.03068472 -0.00895914
v 0.00000792 0.03174234 -0.00876264
v 0.00000792 0.03099309 -0.00890284
v 0.00000792 0.03131165 -0.00884433
v 0.00000792 0.03218577 -0.00867819
v 0.00000792 0.02168860 -0.01013706
v 0.00043765 0.02168860 -0.01013761
v 0.00043765 0.02256527 -0.01005702
v 0.00131264 0.02256527 -0.01000679
v 0.00182677 0.02317181 -0.00988481
v 0.00239974 0.02256527 -0.00981526
v 0.00331095 0.02256527 -0.00953265
v 0.00331095 0.02431353 -0.00935822
v 0.00218730 0.02431353 -0.00968665
v 0.00306229 0.02519020 -0.00935601
v 0.00331095 0.02519020 -0.00926549
v 0.00331095 0.02781259 -0.00894148
v 0.00288348 0.02781259 -0.00906843
v 0.00273021 0.02846755 -0.00902262
v 0.00257726 0.02905115 -0.00898233
v 0.00238907 0.02956084 -0.00894810
v 0.00224615 0.02873004 -0.00909714
v 0.00218730 0.02693846 -0.00936208
v 0.00131264 0.02606433 -0.00961544
v 0.00043765 0.02693846 -0.00954479
v 0.00043765 0.02781259 -0.00942115
v 0.00043765 0.02868672 -0.00929088
v 0.00000792 0.02911741 -0.00922244
v 0.00000792 0.02956084 -0.00915123
v 0.00000792 0.02989724 -0.00909493
v 0.00000792 0.03024638 -0.00903587
v 0.00000792 0.03068472 -0.00895914
v 0.00000792 0.02256527 -0.01005537
v 0.00000792 0.02299342 -0.01001286
v 0.00000792 0.02343940 -0.00996760
v 0.00043765 0.02343940 -0.00996760
v 0.00103262 0.02400262 -0.00988204
v 0.00131943 0.02345469 -0.00991461
v 0.00161594 0.02375541 -0.00985555
v 0.00218730 0.02519020 -0.00958840
v 0.00214591 0.02345469 -0.00978324
v 0.00306229 0.02606433 -0.00924727
v 0.00331095 0.02712960 -0.00903366
v 0.00331095 0.02606433 -0.00916227
v 0.00311855 0.02695375 -0.00911425
v 0.00218730 0.02606433 -0.00947800
v 0.00043765 0.02606433 -0.00966126
v 0.00131264 0.02519020 -0.00972418
v 0.00000792 0.02693846 -0.00954424
v 0.00000792 0.02736915 -0.00948407
v 0.00000792 0.02781259 -0.00942115
v 0.00000792 0.02868672 -0.00929033
v 0.00000792 0.02377325 -0.00993172
v 0.00000792 0.02411220 -0.00989474
v 0.00043765 0.02410710 -0.00989364
v 0.00043765 0.02454544 -0.00984396
v 0.00043765 0.02519020 -0.00976889
v 0.00131943 0.02430334 -0.00982354
v 0.00000792 0.02606433 -0.00965905
v 0.00000792 0.02649502 -0.00960330
v 0.00000792 0.02519020 -0.00976834
v 0.00000792 0.02455054 -0.00984451
f 779 780 784
f 779 784 787
f 779 787 789
f 779 789 794
f 779 794 799
f 779 799 798
f 779 798 802
f 779 802 807
f 779 807 813
f 779 813 819
f 779 819 828
f 779 828 842
f 779 842 856
f 779 856 859
f 779 859 875
f 779 875 878
f 779 878 898
f 779 898 897
f 779 897 904
f 779 904 930
f 779 930 924
f 779 924 927
f 779 927 955
f 779 955 956
f 779 956 959
f 779 959 987
f 779 987 986
f 779 986 960
f 779 960 931
f 779 931 906
f 779 906 886
f 779 886 863
f 779 863 849
f 779 849 835
f 779 835 823
f 779 823 816
f 779 816 810
f 779 810 804
f 779 804 800
f 779 800 795
f 779 795 790
f 779 790 785
f 779 785 781
f 779 781 782
f 779 782 783
f 779 783 780
f 780 783 784
f 781 785 782
f 782 785 786
f 782 786 792
f 782 792 791
f 782 791 796
f 782 796 801
f 782 801 805
f 782 805 811
f 782 811 818
f 782 818 826
f 782 826 838
f 782 838 854
f 782 854 855
f 782 855 872
f 782 872 871
f 782 871 870
f 782 870 895
f 782 895 917
f 782 917 916
f 782 916 915
f 782 915 948
f 782 948 945
f 782 945 947
f 782 947 946
f 782 946 975
f 782 975 974
f 782 974 973
f 782 973 972
f 782 972 971
f 782 971 995
f 782 995 994
f 782 994 993
f 782 993 992
f 782 992 1003
f 782 1003 1002
f 782 1002 1004
f 782 1004 1005
f 782 1005 997
f 782 997 996
f 782 996 978
f 782 978 977
f 782 977 976
f 782 976 949
f 782 949 919
f 782 919 918
f 782 918 905
f 782 905 885
f 782 885 861
f 782 861 847
f 782 847 846
f 782 846 845
f 782 845 833
f 782 833 832
f 782 832 821
f 782 821 814
f 782 814 808
f 782 808 803
f 782 803 797
f 782 797 793
f 782 793 788
f 782 788 783
f 783 787 784
f 783 788 789
f 783 789 787
f 785 790 791
f 785 791 792
f 785 792 786
f 788 793 794
f 788 794 789
f 790 795 791
f 791 795 796
f 793 797 798
f 793 798 799
f 793 799 794
f 795 800 801
f 795 801 796
f 797 802 798
f 797 803 802
f 800 804 801
f 801 804 805
f 802 806 807
f 802 803 806
f 803 808 809
f 803 809 806
f 804 810 805
f 805 810 811
f 806 809 812
f 806 812 813
f 806 813 807
f 808 814 809
f 809 814 815
f 809 815 812
f 810 816 817
f 810 817 811
f 811 817 818
f 812 819 813
f 812 815 820
f 812 820 819
f 814 821 815
f 815 821 822
f 815 822 820
f 816 823 824
f 816 824 825
f 816 825 817
f 817 825 818
f 818 825 827
f 818 827 826
f 819 820 828
f 820 829 828
f 820 822 830
f 820 830 831
f 820 831 829
f 821 832 822
f 822 832 833
f 822 833 834
f 822 834 830
f 823 835 836
f 823 836 824
f 824 836 837
f 824 837 827
f 824 827 825
f 826 827 838
f 827 837 839
f 827 839 840
f 827 840 838
f 828 829 841
f 828 841 842
f 829 831 841
f 830 834 843
f 830 843 831
f 831 843 844
f 831 844 841
f 833 845 834
f 834 845 846
f 834 846 847
f 834 847 848
f 834 848 843
f 835 849 850
f 835 850 836
f 836 850 851
f 836 851 837
f 837 851 852
f 837 852 853
f 837 853 839
f 838 840 854
f 839 853 855
f 839 855 840
f 840 855 854
f 841 856 842
f 841 844 856
f 843 848 857
f 843 857 844
f 844 858 859
f 844 859 856
f 844 857 860
f 844 860 858
f 847 861 862
f 847 862 848
f 848 862 857
f 849 863 864
f 849 864 850
f 850 864 865
f 850 865 866
f 850 866 867
f 850 867 851
f 851 867 868
f 851 868 869
f 851 869 852
f 852 869 870
f 852 870 871
f 852 871 872
f 852 872 853
f 853 872 855
f 857 862 873
f 857 873 874
f 857 874 860
f 858 875 859
f 858 860 876
f 858 876 877
f 858 877 878
f 858 878 875
f 860 874 879
f 860 879 880
f 860 880 881
f 860 881 882
f 860 882 883
f 860 883 884
f 860 884 876
f 861 885 873
f 861 873 862
f 863 886 887
f 863 887 864
f 864 887 865
f 865 887 888
f 865 888 889
f 865 889 890
f 865 890 891
f 865 891 866
f 866 891 892
f 866 892 868
f 866 868 867
f 868 892 893
f 868 893 894
f 868 894 869
f 869 894 870
f 870 894 895
f 873 885 896
f 873 896 880
f 873 880 879
f 873 879 874
f 876 884 897
f 876 897 898
f 876 898 878
f 876 878 877
f 880 896 899
f 880 899 900
f 880 900 881
f 881 900 882
f 882 901 903
f 882 903 883
f 882 900 902
f 882 902 901
f 883 903 884
f 884 903 904
f 884 904 897
f 885 905 896
f 886 906 907
f 886 907 888
f 886 888 887
f 888 907 908
f 888 908 889
f 889 908 909
f 889 909 890
f 890 909 910
f 890 910 911
f 890 911 912
f 890 912 892
f 890 892 891
f 892 912 913
f 892 913 914
f 892 914 893
f 893 914 915
f 893 915 916
f 893 916 917
f 893 917 894
f 894 917 895
f 896 905 918
f 896 918 919
f 896 919 920
f 896 920 899
f 899 921 900
f 899 920 921
f 900 921 922
f 900 922 923
f 900 923 902
f 901 924 903
f 901 902 925
f 901 925 926
f 901 926 927
f 901 927 924
f 902 926 925
f 902 923 928
f 902 928 929
f 902 929 926
f 903 930 904
f 903 924 930
f 906 931 932
f 906 932 933
f 906 933 907
f 907 933 908
f 908 933 934
f 908 934 909
f 909 935 910
f 909 934 936
f 909 936 937
f 909 937 938
f 909 938 939
f 909 939 940
f 909 940 941
f 909 941 935
f 910 935 942
f 910 942 943
f 910 943 911
f 911 943 944
f 911 944 912
f 912 944 913
f 913 945 914
f 913 944 946
f 913 946 947
f 913 947 945
f 914 945 948
f 914 948 915
f 919 949 950
f 919 950 920
f 920 950 921
f 921 951 952
f 921 952 953
f 921 953 922
f 921 950 951
f 922 928 923
f 922 953 954
f 922 954 928
f 926 955 927
f 926 929 956
f 926 956 955
f 928 954 957
f 928 957 929
f 929 957 958
f 929 958 959
f 929 959 956
f 931 960 932
f 932 960 961
f 932 961 962
f 932 962 963
f 932 963 933
f 933 963 964
f 933 964 934
f 934 964 936
f 935 941 942
f 936 964 965
f 936 965 937
f 937 965 963
f 937 963 966
f 937 966 938
f 938 966 967
f 938 967 990
f 938 990 968
f 938 968 939
f 939 969 940
f 939 968 969
f 940 969 970
f 940 970 941
f 941 970 942
f 942 970 971
f 942 971 972
f 942 972 973
f 942 973 943
f 943 973 974
f 943 974 975
f 943 975 944
f 944 975 946
f 949 976 951
f 949 951 950
f 951 976 977
f 951 977 978
f 951 978 979
f 951 979 980
f 951 980 952
f 952 980 981
f 952 981 982
f 952 982 953
f 953 982 983
f 953 983 957
f 953 957 984
f 953 984 954
f 954 984 957
f 957 983 958
f 958 983 985
f 958 985 986
f 958 986 987
f 958 987 959
f 960 986 961
f 961 986 988
f 961 988 985
f 961 985 989
f 961 989 962
f 962 989 966
f 962 966 963
f 963 965 964
f 966 989 967
f 967 989 983
f 967 983 991
f 967 991 990
f 968 992 993
f 968 993 969
f 968 990 992
f 969 994 970
f 969 993 994
f 970 994 995
f 970 995 971
f 978 996 979
f 979 996 997
f 979 997 998
f 979 998 980
f 980 982 981
f 980 998 999
f 980 999 1000
f 980 1000 991
f 980 991 1001
f 980 1001 982
f 982 1001 991
f 982 991 983
f 983 989 985
f 985 988 986
f 990 1002 1003
f 990 1003 992
f 990 991 1000
f 990 1000 1004
f 990 1004 1002
f 997 1005 999
f 997 999 998
f 999 1005 1000
f 1000 1005 1004

o geometry_6
v -0.00568781 0.04606741 -0.00426481
v -0.00568781 0.04572777 -0.00460202
v -0.00621548 0.04592001 -0.00426481
v -0.00483111 0.04539454 -0.00426481
v -0.00503376 0.04515744 -0.00481967
v -0.00656224 0.04557397 -0.00448135
v -0.00656224 0.04580787 -0.00426481
v -0.00568781 0.04529201 -0.00490728
v -0.00656224 0.04513501 -0.00479487
v -0.00457570 0.04443331 -0.00426481
v -0.00351725 0.04045382 -0.00593050
v -0.00351725 0.04008534 -0.00664460
v -0.00517432 0.04410329 -0.00553763
v -0.00675690 0.04567971 -0.00426481
v -0.00705887 0.04495238 -0.00466924
v -0.00568781 0.04457109 -0.00534478
v -0.00621504 0.04407125 -0.00552716
v -0.00652898 0.04439166 -0.00522796
v -0.00351725 0.04008855 -0.00511556
v -0.00351725 0.04027118 -0.00542633
v -0.00409237 0.03831027 -0.00426481
v -0.00351725 0.03831027 -0.00474363
v -0.00351725 0.03918499 -0.00483455
v -0.00351725 0.03971046 -0.00682643
v -0.00568781 0.04356180 -0.00574922
v -0.00568781 0.04413212 -0.00555196
v -0.00351725 0.03918499 -0.00704904
v -0.00723136 0.04520870 -0.00426481
v -0.00684514 0.04356180 -0.00542082
v -0.00719234 0.04443652 -0.00480424
v -0.00568781 0.04268707 -0.00600874
v -0.00566963 0.04177390 -0.00625008
v -0.00640748 0.04356180 -0.00561036
v -0.00351725 0.03743555 -0.00477173
v -0.00521733 0.01418657 -0.00426481
v -0.00520093 0.04145670 -0.00639224
v -0.00536632 0.04145670 -0.00639224
v -0.00351725 0.03890944 -0.00712067
v -0.00393762 0.03918499 -0.00703967
v -0.00756836 0.04443972 -0.00426481
v -0.00699457 0.04311322 -0.00549079
v -0.00761758 0.04429233 -0.00426481
v -0.00735552 0.04356180 -0.00498332
v -0.00594898 0.04108823 -0.00632998
v -0.00664693 0.04276718 -0.00571836
v -0.00351725 0.01523752 -0.00697355
v -0.00522709 0.01413210 -0.00426481
v -0.00351725 0.01468962 -0.00706667
v -0.00566963 0.04085112 -0.00643852
v -0.00402231 0.03834231 -0.00720277
v -0.00481249 0.03918499 -0.00692341
v -0.00351725 0.03783286 -0.00736366
v -0.00378685 0.03806996 -0.00728762
v -0.00656224 0.04181235 -0.00594097
v -0.00706995 0.04253007 -0.00555085
v -0.00746460 0.04276077 -0.00506762
v -0.00788984 0.04240832 -0.00464445
v -0.00788984 0.04240832 -0.00457282
v -0.00772312 0.04348490 -0.00426481
v -0.00437040 0.03786810 -0.00724189
v -0.00568781 0.04005971 -0.00655534
v -0.00612635 0.04050508 -0.00636910
v -0.00563060 0.01365469 -0.00426481
v -0.00351725 0.01423784 -0.00720883
v -0.00351725 0.03701581 -0.00752456
v -0.00712849 0.04181235 -0.00560430
v -0.00756570 0.04181235 -0.00510454
v -0.00790270 0.04181235 -0.00466704
v -0.00795414 0.04005971 -0.00426481
v -0.00790625 0.04100492 -0.00426481
v -0.00351725 0.03614109 -0.00767608
v -0.00351725 0.03351052 -0.00810311
v -0.00351725 0.03277999 -0.00820229
v -0.00361037 0.03290174 -0.00815766
v -0.00351725 0.02669219 -0.00902164
v -0.00354785 0.02667297 -0.00901448
v -0.00363077 0.02606419 -0.00905305
v -0.00374384 0.02518947 -0.00910760
v -0.00384139 0.02431475 -0.00915609
v -0.00427905 0.02431475 -0.00894340
v -0.00434024 0.02369956 -0.00897481
v -0.00439346 0.02311641 -0.00900401
v -0.00443780 0.02256531 -0.00903156
v -0.00450697 0.02169058 -0.00907564
v -0.00627756 0.01336632 -0.00426481
v -0.00351725 0.01423784 -0.00735540
v -0.00715820 0.04093763 -0.00563901
v -0.00494463 0.02169058 -0.00878361
v -0.00500139 0.02081586 -0.00881997
v -0.00556099 0.02081586 -0.00838247
v -0.00610418 0.01731378 -0.00809595
v -0.00644783 0.01818850 -0.00763641
v -0.00759585 0.04093763 -0.00510950
v -0.00690145 0.01731378 -0.00709036
v -0.00716706 0.01731378 -0.00665342
v -0.00718214 0.01556434 -0.00667546
v -0.00754752 0.01556434 -0.00593050
v -0.00780249 0.01556434 -0.00525827
v -0.00790492 0.04093763 -0.00467200
v -0.00797143 0.03926830 -0.00426481
v -0.00351725 0.02663452 -0.00902880
v -0.00351725 0.02589116 -0.00911366
v -0.00351725 0.02489789 -0.00922221
v -0.00351725 0.02394948 -0.00931643
v -0.00351725 0.02121638 -0.00958477
v -0.00393762 0.02169058 -0.00937318
v -0.00393762 0.02081586 -0.00944647
v -0.00456373 0.02081586 -0.00911256
v -0.00656224 0.01333749 -0.00426481
v -0.00568781 0.01370916 -0.00593050
v -0.00393762 0.01417376 -0.00750362
v -0.00351725 0.01424425 -0.00738791
v -0.00599776 0.02081586 -0.00799016
v -0.00602747 0.01994114 -0.00801936
v -0.00608201 0.01818850 -0.00807391
v -0.00460674 0.01994114 -0.00914066
v -0.00504396 0.01994114 -0.00884807
v -0.00508519 0.01906322 -0.00887562
v -0.00512555 0.01818850 -0.00890317
v -0.00516058 0.01731378 -0.00892742
v -0.00559070 0.01994114 -0.00841057
v -0.00566697 0.01731378 -0.00848992
v -0.00577028 0.01641022 -0.00843317
v -0.00611660 0.01668257 -0.00810917
v -0.00646380 0.01731378 -0.00765845
v -0.00649084 0.01556434 -0.00767994
v -0.00691564 0.01556434 -0.00711240
v -0.00715731 0.01468962 -0.00662421
v -0.00751338 0.01468962 -0.00593050
v -0.00779318 0.01468962 -0.00526378
v -0.00793729 0.01468962 -0.00482628
v -0.00804681 0.01468962 -0.00426481
v -0.00351725 0.02081586 -0.00961838
v -0.00351725 0.02027757 -0.00965916
v -0.00351725 0.01833589 -0.00979856
v -0.00351725 0.01768545 -0.00984484
v -0.00393762 0.01994114 -0.00950267
v -0.00393762 0.01818850 -0.00961177
v -0.00727216 0.01356177 -0.00426481
v -0.00656224 0.01373800 -0.00593050
v -0.00568781 0.01387257 -0.00680549
v -0.00393762 0.01427949 -0.00794112
v -0.00481249 0.01411288 -0.00761327
v -0.00351725 0.01453903 -0.00855494
v -0.00564479 0.01818850 -0.00846568
v -0.00468789 0.01818850 -0.00919521
v -0.00472292 0.01731378 -0.00921890
v -0.00518763 0.01643906 -0.00894670
v -0.00568781 0.01556434 -0.00853180
v -0.00613699 0.01556434 -0.00813121
v -0.00612812 0.01609942 -0.00812130
v -0.00613788 0.01510295 -0.00813177
v -0.00683627 0.01468962 -0.00706171
v -0.00708547 0.01416735 -0.00649803
v -0.00791689 0.01418978 -0.00475961
v -0.00804238 0.01461592 -0.00426481
v -0.00351725 0.01762137 -0.00984870
v -0.00386090 0.01733941 -0.00969552
v -0.00745351 0.01361945 -0.00426481
v -0.00723801 0.01403598 -0.00593050
v -0.00654982 0.01405520 -0.00679613
v -0.00625007 0.01418337 -0.00734768
v -0.00568781 0.01413210 -0.00750693
v -0.00481249 0.01428270 -0.00805077
v -0.00351725 0.01494595 -0.00923102
v -0.00393762 0.01454223 -0.00855494
v -0.00397797 0.01643906 -0.00967293
v -0.00474997 0.01643906 -0.00923543
v -0.00518363 0.01556434 -0.00895552
v -0.00461162 0.01502285 -0.00909548
v -0.00568781 0.01490429 -0.00832848
v -0.00749786 0.01365469 -0.00426481
v -0.00796345 0.01408084 -0.00426481
v -0.00351725 0.01706386 -0.00987570
v -0.00351814 0.01706386 -0.00987570
v -0.00568781 0.01446853 -0.00794442
v -0.00486703 0.01473768 -0.00862822
v -0.00393762 0.01495236 -0.00919521
v -0.00351725 0.01551628 -0.00964924
v -0.00354031 0.01643906 -0.00988617
v -0.00353588 0.01595844 -0.00988397
v -0.00474598 0.01556434 -0.00919466
v -0.00351725 0.01595203 -0.00988727
v -0.00351725 0.01643906 -0.00989388
f 1006 1007 1008
f 1006 1008 1012
f 1006 1012 1019
f 1006 1019 1033
f 1006 1033 1045
f 1006 1045 1047
f 1006 1047 1064
f 1006 1064 1075
f 1006 1075 1074
f 1006 1074 1105
f 1006 1105 1137
f 1006 1137 1161
f 1006 1161 1178
f 1006 1178 1177
f 1006 1177 1164
f 1006 1164 1144
f 1006 1144 1114
f 1006 1114 1090
f 1006 1090 1068
f 1006 1068 1052
f 1006 1052 1040
f 1006 1040 1026
f 1006 1026 1015
f 1006 1015 1009
f 1006 1009 1010
f 1006 1010 1007
f 1007 1011 1012
f 1007 1012 1008
f 1007 1010 1013
f 1007 1013 1014
f 1007 1014 1011
f 1009 1015 1016
f 1009 1016 1017
f 1009 1017 1010
f 1010 1018 1013
f 1010 1017 1018
f 1011 1019 1012
f 1011 1014 1020
f 1011 1020 1019
f 1013 1018 1021
f 1013 1021 1022
f 1013 1022 1014
f 1014 1023 1020
f 1014 1022 1023
f 1015 1024 1025
f 1015 1025 1016
f 1015 1026 1027
f 1015 1027 1028
f 1015 1028 1024
f 1016 1025 1024
f 1016 1024 1028
f 1016 1028 1027
f 1016 1027 1039
f 1016 1039 1051
f 1016 1051 1053
f 1016 1053 1069
f 1016 1069 1091
f 1016 1091 1117
f 1016 1117 1149
f 1016 1149 1170
f 1016 1170 1184
f 1016 1184 1188
f 1016 1188 1189
f 1016 1189 1179
f 1016 1179 1162
f 1016 1162 1141
f 1016 1141 1140
f 1016 1140 1139
f 1016 1139 1138
f 1016 1138 1110
f 1016 1110 1109
f 1016 1109 1108
f 1016 1108 1107
f 1016 1107 1106
f 1016 1106 1080
f 1016 1080 1078
f 1016 1078 1077
f 1016 1077 1076
f 1016 1076 1070
f 1016 1070 1057
f 1016 1057 1043
f 1016 1043 1032
f 1016 1032 1029
f 1016 1029 1017
f 1017 1029 1018
f 1018 1030 1031
f 1018 1031 1021
f 1018 1029 1032
f 1018 1032 1030
f 1019 1020 1033
f 1020 1023 1034
f 1020 1034 1035
f 1020 1035 1033
f 1021 1031 1022
f 1022 1030 1036
f 1022 1036 1037
f 1022 1037 1038
f 1022 1038 1034
f 1022 1034 1023
f 1022 1031 1030
f 1026 1039 1027
f 1026 1040 1039
f 1030 1032 1041
f 1030 1041 1042
f 1030 1042 1036
f 1032 1043 1044
f 1032 1044 1042
f 1032 1042 1041
f 1033 1035 1045
f 1034 1038 1046
f 1034 1046 1035
f 1035 1047 1045
f 1035 1046 1048
f 1035 1048 1047
f 1036 1042 1037
f 1037 1042 1049
f 1037 1049 1038
f 1038 1050 1046
f 1038 1049 1050
f 1039 1040 1051
f 1040 1052 1053
f 1040 1053 1051
f 1042 1054 1049
f 1042 1044 1055
f 1042 1055 1056
f 1042 1056 1054
f 1043 1057 1044
f 1044 1057 1058
f 1044 1058 1055
f 1046 1050 1059
f 1046 1059 1060
f 1046 1060 1061
f 1046 1061 1048
f 1047 1048 1062
f 1047 1062 1063
f 1047 1063 1064
f 1048 1061 1062
f 1049 1059 1050
f 1049 1054 1056
f 1049 1056 1065
f 1049 1065 1066
f 1049 1066 1067
f 1049 1067 1059
f 1052 1068 1069
f 1052 1069 1053
f 1055 1058 1070
f 1055 1070 1065
f 1055 1065 1056
f 1057 1070 1058
f 1059 1067 1060
f 1060 1067 1071
f 1060 1071 1061
f 1061 1071 1062
f 1062 1071 1072
f 1062 1072 1073
f 1062 1073 1074
f 1062 1074 1063
f 1063 1074 1075
f 1063 1075 1064
f 1065 1067 1066
f 1065 1070 1076
f 1065 1076 1077
f 1065 1077 1067
f 1067 1077 1078
f 1067 1078 1079
f 1067 1079 1080
f 1067 1080 1081
f 1067 1081 1082
f 1067 1082 1083
f 1067 1083 1084
f 1067 1084 1085
f 1067 1085 1086
f 1067 1086 1087
f 1067 1087 1088
f 1067 1088 1089
f 1067 1089 1071
f 1068 1090 1069
f 1069 1090 1091
f 1071 1092 1072
f 1071 1089 1093
f 1071 1093 1094
f 1071 1094 1095
f 1071 1095 1092
f 1072 1092 1096
f 1072 1096 1097
f 1072 1097 1098
f 1072 1098 1073
f 1073 1098 1099
f 1073 1099 1100
f 1073 1100 1101
f 1073 1101 1102
f 1073 1102 1103
f 1073 1103 1104
f 1073 1104 1105
f 1073 1105 1074
f 1078 1080 1079
f 1080 1106 1081
f 1081 1106 1107
f 1081 1107 1082
f 1082 1107 1083
f 1083 1107 1108
f 1083 1108 1109
f 1083 1109 1084
f 1084 1109 1110
f 1084 1110 1111
f 1084 1111 1085
f 1085 1111 1086
f 1086 1111 1087
f 1087 1111 1088
f 1088 1111 1089
f 1089 1111 1112
f 1089 1112 1113
f 1089 1113 1093
f 1090 1114 1115
f 1090 1115 1116
f 1090 1116 1091
f 1091 1116 1117
f 1092 1095 1118
f 1092 1118 1119
f 1092 1119 1120
f 1092 1120 1096
f 1093 1113 1094
f 1094 1113 1121
f 1094 1121 1122
f 1094 1122 1095
f 1095 1122 1123
f 1095 1123 1124
f 1095 1124 1125
f 1095 1125 1126
f 1095 1126 1119
f 1095 1119 1118
f 1096 1127 1128
f 1096 1128 1129
f 1096 1129 1130
f 1096 1130 1097
f 1096 1120 1127
f 1097 1130 1098
f 1098 1130 1099
f 1099 1130 1131
f 1099 1131 1132
f 1099 1132 1101
f 1099 1101 1100
f 1101 1132 1133
f 1101 1133 1134
f 1101 1134 1102
f 1102 1134 1135
f 1102 1135 1103
f 1103 1135 1136
f 1103 1136 1104
f 1104 1136 1137
f 1104 1137 1105
f 1110 1138 1111
f 1111 1138 1112
f 1112 1138 1139
f 1112 1139 1140
f 1112 1140 1141
f 1112 1141 1142
f 1112 1142 1113
f 1113 1142 1143
f 1113 1143 1121
f 1114 1144 1145
f 1114 1145 1146
f 1114 1146 1115
f 1115 1146 1116
f 1116 1147 1117
f 1116 1146 1148
f 1116 1148 1147
f 1117 1147 1149
f 1119 1126 1150
f 1119 1150 1120
f 1120 1150 1127
f 1121 1143 1151
f 1121 1151 1124
f 1121 1124 1123
f 1121 1123 1122
f 1124 1151 1125
f 1125 1127 1150
f 1125 1150 1126
f 1125 1151 1152
f 1125 1152 1153
f 1125 1153 1127
f 1127 1153 1128
f 1128 1154 1155
f 1128 1155 1156
f 1128 1156 1129
f 1128 1153 1154
f 1129 1156 1130
f 1130 1156 1155
f 1130 1155 1131
f 1131 1155 1157
f 1131 1157 1132
f 1132 1157 1133
f 1133 1158 1159
f 1133 1159 1134
f 1133 1157 1158
f 1134 1159 1160
f 1134 1160 1135
f 1135 1160 1136
f 1136 1160 1161
f 1136 1161 1137
f 1141 1162 1143
f 1141 1143 1142
f 1143 1162 1163
f 1143 1163 1152
f 1143 1152 1151
f 1144 1164 1145
f 1145 1164 1165
f 1145 1165 1159
f 1145 1159 1166
f 1145 1166 1167
f 1145 1167 1146
f 1146 1168 1148
f 1146 1167 1168
f 1147 1148 1169
f 1147 1169 1149
f 1148 1168 1169
f 1149 1169 1171
f 1149 1171 1170
f 1152 1172 1173
f 1152 1173 1153
f 1152 1163 1172
f 1153 1173 1174
f 1153 1174 1154
f 1154 1174 1157
f 1154 1157 1155
f 1157 1174 1175
f 1157 1175 1176
f 1157 1176 1167
f 1157 1167 1159
f 1157 1159 1158
f 1159 1167 1166
f 1159 1165 1160
f 1160 1165 1177
f 1160 1177 1178
f 1160 1178 1161
f 1162 1179 1180
f 1162 1180 1163
f 1163 1180 1172
f 1164 1177 1165
f 1167 1181 1182
f 1167 1182 1168
f 1167 1176 1175
f 1167 1175 1181
f 1168 1182 1169
f 1169 1182 1175
f 1169 1175 1183
f 1169 1183 1171
f 1170 1183 1184
f 1170 1171 1183
f 1172 1180 1185
f 1172 1185 1186
f 1172 1186 1174
f 1172 1174 1173
f 1174 1186 1187
f 1174 1187 1175
f 1175 1182 1181
f 1175 1187 1186
f 1175 1186 1188
f 1175 1188 1184
f 1175 1184 1183
f 1179 1189 1180
f 1180 1189 1185
f 1185 1189 1186
f 1186 1189 1188

o geometry_7
v 0.00818124 0.00986324 0.00106980
v 0.00818124 0.00768828 0.00106980
v 0.00818124 0.00986324 -0.00068045
v 0.00817244 0.00986324 0.00152000
v 0.00816604 0.00856316 0.00194492
v 0.00816684 0.00768828 0.00194492
v 0.00816684 0.00681340 0.00194492
v 0.00817484 0.00681340 0.00106980
v 0.00818124 0.00768828 -0.00068045
v 0.00809003 0.00986324 -0.00155461
v 0.00816364 0.00986324 0.00194492
v 0.00816444 0.00943804 0.00194492
v 0.00807403 0.00856316 0.00281907
v 0.00807403 0.00768828 0.00281907
v 0.00807323 0.00681340 0.00281907
v 0.00788361 0.00548973 0.00328483
v 0.00802042 0.00610282 0.00194492
v 0.00816124 0.00681340 0.00019467
v 0.00812523 0.00681340 -0.00068045
v 0.00807323 0.00768828 -0.00155461
v 0.00809003 0.00856316 -0.00155461
v 0.00793721 0.00986324 -0.00205829
v 0.00811563 0.00986324 0.00239415
v 0.00807163 0.00943804 0.00281907
v 0.00793401 0.00943804 0.00342485
v 0.00793561 0.00856316 0.00342583
v 0.00793561 0.00768828 0.00342194
v 0.00793401 0.00681340 0.00341416
v 0.00791001 0.00593852 0.00335387
v 0.00774999 0.00593852 0.00379143
v 0.00704752 0.00531520 0.00477546
v 0.00733075 0.00531520 0.00421927
v 0.00767719 0.00531520 0.00345208
v 0.00788361 0.00548973 0.00319927
v 0.00802122 0.00617494 0.00106980
v 0.00800762 0.00621368 0.00019467
v 0.00797242 0.00626221 -0.00068045
v 0.00792121 0.00632365 -0.00119969
v 0.00797482 0.00687841 -0.00151668
v 0.00789321 0.00721322 -0.00201162
v 0.00791961 0.00768828 -0.00203981
v 0.00793721 0.00856316 -0.00205829
v 0.00743716 0.00943804 -0.00230235
v 0.00743716 0.00986324 -0.00230138
v 0.00806923 0.00986324 0.00281907
v 0.00793241 0.00986324 0.00342096
v 0.00777000 0.00986324 0.00385853
v 0.00777080 0.00943804 0.00386144
v 0.00777000 0.00856316 0.00386339
v 0.00776600 0.00768828 0.00385950
v 0.00776040 0.00681340 0.00385172
v 0.00735235 0.00681340 0.00456932
v 0.00725874 0.00590202 0.00465197
v 0.00699232 0.00558590 0.00499910
v 0.00697391 0.00531520 0.00491062
v 0.00754117 0.00531520 0.00292311
v 0.00751237 0.00531520 0.00284435
v 0.00743716 0.00596747 -0.00068045
v 0.00743716 0.00620655 -0.00138736
v 0.00743716 0.00657832 -0.00182492
v 0.00743716 0.00701554 -0.00211080
v 0.00743716 0.00768828 -0.00226540
v 0.00743716 0.00856316 -0.00230235
v 0.00656187 0.00943804 -0.00248029
v 0.00656187 0.00986324 -0.00247932
v 0.00740676 0.00986324 0.00456932
v 0.00740516 0.00943804 0.00456932
v 0.00739156 0.00856316 0.00456932
v 0.00707152 0.00943804 0.00511579
v 0.00702832 0.00681340 0.00503897
v 0.00701392 0.00616915 0.00502244
v 0.00674749 0.00531520 0.00517607
v 0.00628984 0.00856316 0.00603467
v 0.00747717 0.00531520 0.00277921
v 0.00468168 0.00531520 -0.00162364
v 0.00740356 0.00531520 0.00265377
v 0.00394560 0.00531520 -0.00232083
v 0.00306311 0.00531520 -0.00263782
v 0.00656187 0.00768828 -0.00244626
v 0.00656187 0.00856316 -0.00248029
v 0.00568658 0.00986324 -0.00244723
v 0.00218782 0.00531520 -0.00264365
v 0.00202460 0.00531520 -0.00264462
v 0.00000759 0.00531520 -0.00264365
v 0.00000759 0.00768828 -0.00248029
v 0.00707393 0.00986324 0.00512162
v 0.00676989 0.00986324 0.00555918
v 0.00676029 0.00943804 0.00555335
v 0.00632265 0.00943804 0.00606092
v 0.00655707 0.00531520 0.00533651
v 0.00621864 0.00768828 0.00597244
v 0.00566978 0.00986324 0.00653252
v 0.00568658 0.00856316 0.00643528
v 0.00568658 0.00768828 0.00633707
v 0.00000759 0.00810992 -0.00236069
v 0.00000759 0.00854625 -0.00223623
v 0.00488730 0.00986324 -0.00223331
v 0.00000759 0.00531520 0.00657725
v 0.00633225 0.00986324 0.00607259
v 0.00596901 0.00531520 0.00579352
v 0.00560817 0.00946030 0.00654224
v 0.00527054 0.00986324 0.00676783
v 0.00526414 0.00976662 0.00676394
v 0.00521373 0.00918337 0.00674352
v 0.00514252 0.00856316 0.00671921
v 0.00553137 0.00531520 0.00602883
v 0.00560417 0.00593852 0.00609301
v 0.00502011 0.00768828 0.00668323
v 0.00000759 0.00875639 -0.00190174
v 0.00000759 0.00897411 -0.00155461
v 0.00000759 0.00986324 0.00325469
v 0.00218782 0.00531520 0.00657725
v 0.00000759 0.00543764 0.00661031
v 0.00484649 0.00986324 0.00692535
v 0.00470488 0.00856316 0.00686506
v 0.00478009 0.00677645 0.00664628
v 0.00481209 0.00593852 0.00645084
v 0.00481209 0.00531520 0.00631374
v 0.00458247 0.00768828 0.00681936
v 0.00446725 0.00704359 0.00678241
v 0.00000759 0.00986324 0.00728804
v 0.00306311 0.00531520 0.00657336
v 0.00218782 0.00579872 0.00670657
v 0.00131253 0.00579872 0.00670657
v 0.00000759 0.00579917 0.00670657
v 0.00393760 0.00986324 0.00717233
v 0.00425283 0.00646034 0.00674449
v 0.00394160 0.00531520 0.00650821
v 0.00393760 0.00943804 0.00713052
v 0.00393760 0.00856316 0.00703523
v 0.00393760 0.00768828 0.00693410
v 0.00000759 0.00943804 0.00723456
v 0.00218782 0.00986324 0.00728901
v 0.00306311 0.00580585 0.00670268
v 0.00306311 0.00624351 0.00677852
v 0.00218782 0.00623594 0.00677852
v 0.00043804 0.00623638 0.00677852
v 0.00000759 0.00623683 0.00677852
v 0.00306311 0.00986324 0.00726957
v 0.00395200 0.00597592 0.00666962
v 0.00395200 0.00677645 0.00681547
v 0.00367037 0.00629248 0.00677075
v 0.00306311 0.00943804 0.00721900
v 0.00306311 0.00856316 0.00710815
v 0.00218782 0.00943804 0.00723553
v 0.00000759 0.00856316 0.00711788
v 0.00306311 0.00681340 0.00686604
v 0.00131253 0.00681340 0.00686701
v 0.00000759 0.00681340 0.00686701
v 0.00306311 0.00768828 0.00699050
v 0.00218782 0.00856316 0.00711788
v 0.00000759 0.00768828 0.00699439
v 0.00218782 0.00768828 0.00699439
f 1190 1191 1198
f 1190 1198 1192
f 1190 1192 1199
f 1190 1199 1211
f 1190 1211 1233
f 1190 1233 1254
f 1190 1254 1270
f 1190 1270 1286
f 1190 1286 1300
f 1190 1300 1310
f 1190 1310 1322
f 1190 1322 1328
f 1190 1328 1315
f 1190 1315 1303
f 1190 1303 1291
f 1190 1291 1281
f 1190 1281 1288
f 1190 1288 1276
f 1190 1276 1275
f 1190 1275 1255
f 1190 1255 1236
f 1190 1236 1235
f 1190 1235 1234
f 1190 1234 1212
f 1190 1212 1200
f 1190 1200 1193
f 1190 1193 1194
f 1190 1194 1195
f 1190 1195 1196
f 1190 1196 1191
f 1191 1196 1197
f 1191 1197 1198
f 1192 1198 1210
f 1192 1210 1199
f 1193 1200 1201
f 1193 1201 1194
f 1194 1201 1202
f 1194 1202 1195
f 1195 1202 1203
f 1195 1203 1196
f 1196 1203 1204
f 1196 1204 1205
f 1196 1205 1197
f 1197 1205 1206
f 1197 1206 1207
f 1197 1207 1198
f 1198 1207 1208
f 1198 1208 1209
f 1198 1209 1210
f 1199 1210 1231
f 1199 1231 1211
f 1200 1212 1213
f 1200 1213 1202
f 1200 1202 1201
f 1202 1213 1214
f 1202 1214 1215
f 1202 1215 1203
f 1203 1215 1204
f 1204 1215 1216
f 1204 1216 1217
f 1204 1217 1218
f 1204 1218 1205
f 1205 1218 1219
f 1205 1219 1220
f 1205 1220 1221
f 1205 1221 1222
f 1205 1222 1223
f 1205 1223 1206
f 1206 1224 1207
f 1206 1223 1224
f 1207 1225 1208
f 1207 1224 1225
f 1208 1226 1227
f 1208 1227 1228
f 1208 1228 1209
f 1208 1225 1226
f 1209 1228 1229
f 1209 1229 1230
f 1209 1230 1231
f 1209 1231 1210
f 1211 1231 1252
f 1211 1252 1232
f 1211 1232 1233
f 1212 1234 1213
f 1213 1234 1214
f 1214 1234 1235
f 1214 1235 1236
f 1214 1236 1237
f 1214 1237 1215
f 1215 1237 1238
f 1215 1238 1216
f 1216 1238 1217
f 1217 1238 1239
f 1217 1239 1240
f 1217 1240 1219
f 1217 1219 1218
f 1219 1240 1241
f 1219 1241 1242
f 1219 1242 1243
f 1219 1243 1244
f 1219 1244 1220
f 1220 1244 1261
f 1220 1261 1279
f 1220 1279 1289
f 1220 1289 1295
f 1220 1295 1307
f 1220 1307 1317
f 1220 1317 1311
f 1220 1311 1301
f 1220 1301 1287
f 1220 1287 1273
f 1220 1273 1272
f 1220 1272 1271
f 1220 1271 1267
f 1220 1267 1266
f 1220 1266 1264
f 1220 1264 1265
f 1220 1265 1263
f 1220 1263 1246
f 1220 1246 1245
f 1220 1245 1222
f 1220 1222 1221
f 1222 1245 1223
f 1223 1245 1227
f 1223 1227 1226
f 1223 1226 1225
f 1223 1225 1224
f 1227 1245 1246
f 1227 1246 1247
f 1227 1247 1248
f 1227 1248 1249
f 1227 1249 1229
f 1227 1229 1228
f 1229 1250 1251
f 1229 1251 1230
f 1229 1249 1250
f 1230 1251 1252
f 1230 1252 1231
f 1232 1252 1269
f 1232 1269 1253
f 1232 1253 1254
f 1232 1254 1233
f 1236 1255 1237
f 1237 1255 1238
f 1238 1255 1256
f 1238 1256 1239
f 1239 1256 1240
f 1240 1256 1257
f 1240 1257 1241
f 1241 1257 1258
f 1241 1258 1259
f 1241 1259 1260
f 1241 1260 1242
f 1242 1260 1243
f 1243 1261 1244
f 1243 1260 1262
f 1243 1262 1261
f 1246 1263 1247
f 1247 1264 1248
f 1247 1263 1265
f 1247 1265 1264
f 1248 1264 1266
f 1248 1266 1249
f 1249 1266 1250
f 1250 1266 1267
f 1250 1267 1251
f 1251 1267 1268
f 1251 1268 1252
f 1252 1268 1269
f 1253 1269 1267
f 1253 1267 1254
f 1254 1267 1271
f 1254 1271 1272
f 1254 1272 1273
f 1254 1273 1274
f 1254 1274 1270
f 1255 1275 1256
f 1256 1275 1258
f 1256 1258 1257
f 1258 1275 1276
f 1258 1276 1277
f 1258 1277 1259
f 1259 1277 1260
f 1260 1277 1278
f 1260 1278 1262
f 1261 1262 1280
f 1261 1280 1279
f 1262 1278 1281
f 1262 1281 1282
f 1262 1282 1283
f 1262 1283 1280
f 1267 1269 1268
f 1270 1274 1284
f 1270 1284 1285
f 1270 1285 1286
f 1273 1287 1302
f 1273 1302 1314
f 1273 1314 1327
f 1273 1327 1338
f 1273 1338 1341
f 1273 1341 1335
f 1273 1335 1321
f 1273 1321 1310
f 1273 1310 1300
f 1273 1300 1299
f 1273 1299 1298
f 1273 1298 1285
f 1273 1285 1284
f 1273 1284 1274
f 1276 1288 1277
f 1277 1288 1278
f 1278 1288 1281
f 1279 1280 1289
f 1280 1283 1289
f 1281 1290 1282
f 1281 1291 1290
f 1282 1290 1291
f 1282 1291 1292
f 1282 1292 1293
f 1282 1293 1294
f 1282 1294 1283
f 1283 1295 1296
f 1283 1296 1289
f 1283 1294 1297
f 1283 1297 1295
f 1285 1298 1286
f 1286 1298 1299
f 1286 1299 1300
f 1287 1301 1302
f 1289 1296 1295
f 1291 1303 1292
f 1292 1303 1293
f 1293 1303 1294
f 1294 1303 1304
f 1294 1304 1297
f 1295 1297 1305
f 1295 1305 1306
f 1295 1306 1307
f 1297 1304 1308
f 1297 1308 1309
f 1297 1309 1305
f 1301 1311 1312
f 1301 1312 1302
f 1302 1312 1313
f 1302 1313 1314
f 1303 1315 1304
f 1304 1315 1308
f 1305 1309 1316
f 1305 1316 1307
f 1305 1307 1306
f 1307 1316 1317
f 1308 1315 1309
f 1309 1315 1318
f 1309 1318 1319
f 1309 1319 1320
f 1309 1320 1316
f 1310 1321 1334
f 1310 1334 1322
f 1311 1323 1312
f 1311 1317 1323
f 1312 1323 1324
f 1312 1324 1325
f 1312 1325 1313
f 1313 1325 1326
f 1313 1326 1314
f 1314 1326 1327
f 1315 1328 1318
f 1316 1329 1317
f 1316 1320 1330
f 1316 1330 1331
f 1316 1331 1329
f 1317 1329 1323
f 1318 1328 1319
f 1319 1328 1320
f 1320 1328 1332
f 1320 1332 1333
f 1320 1333 1330
f 1321 1335 1334
f 1322 1334 1332
f 1322 1332 1328
f 1323 1329 1331
f 1323 1331 1324
f 1324 1331 1336
f 1324 1336 1325
f 1325 1336 1337
f 1325 1337 1338
f 1325 1338 1326
f 1326 1338 1327
f 1330 1333 1331
f 1331 1333 1339
f 1331 1339 1336
f 1332 1334 1333
f 1333 1334 1340
f 1333 1340 1339
f 1334 1335 1340
f 1335 1341 1342
f 1335 1342 1340
f 1336 1339 1342
f 1336 1342 1337
f 1337 1342 1341
f 1337 1341 1338
f 1339 1340 1342

o geometry_8
v 0.00767792 0.00531476 0.00345160
v 0.00754052 0.00531476 0.00292276
v 0.00733104 0.00531476 0.00421842
v 0.00716211 0.00506334 0.00439082
v 0.00701345 0.00461477 0.00419304
v 0.00701345 0.00461477 0.00407035
v 0.00515443 0.00338359 -0.00067971
v 0.00504556 0.00338359 -0.00151951
v 0.00751199 0.00531476 0.00284449
v 0.00479704 0.00338359 -0.00242382
v 0.00704724 0.00531476 0.00477582
v 0.00695714 0.00506334 0.00482870
v 0.00636625 0.00445522 0.00521053
v 0.00490216 0.00338359 0.00456851
v 0.00498249 0.00338359 0.00369381
v 0.00512590 0.00338359 0.00114480
v 0.00517545 0.00338359 0.00019500
v 0.00747745 0.00531476 0.00277892
v 0.00448245 0.00338359 -0.00315151
v 0.00697441 0.00531476 0.00491015
v 0.00674691 0.00531476 0.00517668
v 0.00651941 0.00506334 0.00534062
v 0.00593978 0.00506334 0.00577850
v 0.00538268 0.00452479 0.00594350
v 0.00381723 0.00338359 0.00598792
v 0.00419339 0.00338359 0.00571927
v 0.00424669 0.00338359 0.00568120
v 0.00461459 0.00338359 0.00529091
v 0.00740387 0.00531476 0.00265411
v 0.00419639 0.00338359 -0.00353439
v 0.00468142 0.00531476 -0.00162316
v 0.00655695 0.00531476 0.00533639
v 0.00596906 0.00531476 0.00579331
v 0.00553134 0.00531476 0.00602917
v 0.00550206 0.00506334 0.00600379
v 0.00376017 0.00338359 0.00602600
v 0.00481206 0.00531476 0.00631369
v 0.00481206 0.00506334 0.00625869
v 0.00375491 0.00338359 -0.00398708
v 0.00394487 0.00531476 -0.00232017
v 0.00393736 0.00506334 0.00644696
v 0.00314074 0.00338359 0.00614975
v 0.00394111 0.00531476 0.00650830
v 0.00306266 0.00338359 -0.00422717
v 0.00357396 0.00381402 -0.00380093
v 0.00306266 0.00531476 -0.00263748
v 0.00306266 0.00338359 0.00616350
v 0.00306266 0.00531476 0.00657282
v 0.00297707 0.00338359 -0.00422188
v 0.00000759 0.00531476 -0.00264382
v 0.00218796 0.00531476 -0.00264382
v 0.00218796 0.00338359 0.00613177
v 0.00248378 0.00531476 0.00657600
v 0.00218796 0.00531476 0.00657705
v 0.00161209 0.00531476 0.00657811
v 0.00000759 0.00531476 0.00657705
v 0.00000759 0.00506334 0.00651042
v 0.00219472 0.00338359 -0.00416900
v 0.00206333 0.00338359 -0.00414890
v 0.00000759 0.00473178 -0.00295161
v 0.00000759 0.00463348 0.00638244
v 0.00000759 0.00418850 0.00624917
v 0.00000759 0.00363614 0.00600802
v 0.00127197 0.00338359 0.00601225
v 0.00000759 0.00418850 -0.00314199
v 0.00000759 0.00445541 -0.00304891
v 0.00166765 0.00338359 -0.00392256
v 0.00000759 0.00362593 -0.00305738
v 0.00000759 0.00357471 0.00573091
v 0.00000759 0.00351119 0.00544428
v 0.00074189 0.00338359 0.00544428
v 0.00163536 0.00338359 -0.00389823
v 0.00000759 0.00350079 -0.00243017
v 0.00000759 0.00350079 0.00456851
v 0.00070810 0.00338359 0.00456851
v 0.00116535 0.00338359 -0.00326257
v 0.00084025 0.00338359 -0.00271680
v 0.00070810 0.00338359 -0.00243017
f 1343 1344 1351
f 1343 1351 1360
f 1343 1360 1371
f 1343 1371 1373
f 1343 1373 1382
f 1343 1382 1388
f 1343 1388 1393
f 1343 1393 1392
f 1343 1392 1398
f 1343 1398 1397
f 1343 1397 1396
f 1343 1396 1395
f 1343 1395 1390
f 1343 1390 1385
f 1343 1385 1379
f 1343 1379 1376
f 1343 1376 1375
f 1343 1375 1374
f 1343 1374 1363
f 1343 1363 1362
f 1343 1362 1353
f 1343 1353 1345
f 1343 1345 1346
f 1343 1346 1347
f 1343 1347 1348
f 1343 1348 1349
f 1343 1349 1350
f 1343 1350 1344
f 1344 1350 1352
f 1344 1352 1351
f 1345 1353 1354
f 1345 1354 1346
f 1346 1354 1347
f 1347 1354 1355
f 1347 1355 1356
f 1347 1356 1357
f 1347 1357 1358
f 1347 1358 1359
f 1347 1359 1348
f 1348 1359 1349
f 1349 1359 1358
f 1349 1358 1357
f 1349 1357 1356
f 1349 1356 1370
f 1349 1370 1369
f 1349 1369 1368
f 1349 1368 1367
f 1349 1367 1378
f 1349 1378 1384
f 1349 1384 1389
f 1349 1389 1394
f 1349 1394 1406
f 1349 1406 1413
f 1349 1413 1417
f 1349 1417 1420
f 1349 1420 1419
f 1349 1419 1418
f 1349 1418 1414
f 1349 1414 1409
f 1349 1409 1401
f 1349 1401 1400
f 1349 1400 1391
f 1349 1391 1386
f 1349 1386 1381
f 1349 1381 1372
f 1349 1372 1361
f 1349 1361 1352
f 1349 1352 1350
f 1351 1352 1361
f 1351 1361 1360
f 1353 1362 1354
f 1354 1362 1363
f 1354 1363 1364
f 1354 1364 1355
f 1355 1364 1365
f 1355 1365 1366
f 1355 1366 1367
f 1355 1367 1368
f 1355 1368 1369
f 1355 1369 1370
f 1355 1370 1356
f 1360 1361 1371
f 1361 1372 1373
f 1361 1373 1371
f 1363 1374 1364
f 1364 1374 1375
f 1364 1375 1365
f 1365 1375 1376
f 1365 1376 1377
f 1365 1377 1366
f 1366 1378 1367
f 1366 1377 1379
f 1366 1379 1380
f 1366 1380 1378
f 1372 1381 1373
f 1373 1381 1382
f 1376 1379 1377
f 1378 1380 1383
f 1378 1383 1384
f 1379 1385 1380
f 1380 1385 1383
f 1381 1386 1387
f 1381 1387 1382
f 1382 1387 1388
f 1383 1389 1384
f 1383 1385 1389
f 1385 1390 1389
f 1386 1391 1392
f 1386 1392 1393
f 1386 1393 1388
f 1386 1388 1387
f 1389 1390 1395
f 1389 1395 1396
f 1389 1396 1397
f 1389 1397 1398
f 1389 1398 1399
f 1389 1399 1394
f 1391 1400 1392
f 1392 1400 1401
f 1392 1401 1402
f 1392 1402 1408
f 1392 1408 1407
f 1392 1407 1410
f 1392 1410 1415
f 1392 1415 1416
f 1392 1416 1412
f 1392 1412 1411
f 1392 1411 1405
f 1392 1405 1404
f 1392 1404 1403
f 1392 1403 1399
f 1392 1399 1398
f 1394 1399 1403
f 1394 1403 1404
f 1394 1404 1405
f 1394 1405 1406
f 1401 1407 1408
f 1401 1408 1402
f 1401 1409 1410
f 1401 1410 1407
f 1405 1411 1406
f 1406 1411 1412
f 1406 1412 1413
f 1409 1414 1410
f 1410 1414 1415
f 1412 1416 1413
f 1413 1416 1417
f 1414 1418 1415
f 1415 1418 1419
f 1415 1419 1420
f 1415 1420 1417
f 1415 1417 1416

o geometry_9
v 0.00546026 0.00243833 0.00019461
v 0.00534674 0.00305687 0.00019461
v 0.00530859 0.00298882 0.00091690
v 0.00537745 0.00252311 0.00115234
v 0.00542584 0.00156371 0.00194388
v 0.00544631 0.00043764 -0.00243037
v 0.00544165 0.00068881 -0.00243037
v 0.00544026 0.00243833 -0.00068003
v 0.00512621 0.00338330 0.00114382
v 0.00498245 0.00338330 0.00369422
v 0.00532627 0.00302515 -0.00068003
v 0.00515506 0.00338330 -0.00068003
v 0.00517553 0.00338330 0.00019461
v 0.00490243 0.00338330 0.00456886
v 0.00536535 0.00068881 0.00269387
v 0.00536535 0.00043764 0.00271198
v 0.00533278 0.00043764 -0.00302696
v 0.00536210 0.00152507 -0.00242824
v 0.00532767 0.00068881 -0.00301950
v 0.00536070 0.00243775 -0.00151418
v 0.00528161 0.00294614 -0.00119565
v 0.00504526 0.00338330 -0.00151951
v 0.00461490 0.00338330 0.00529115
v 0.00505922 0.00043764 0.00369422
v 0.00532627 0.00043764 0.00283769
v 0.00518251 0.00043764 -0.00333910
v 0.00511691 0.00068881 -0.00345735
v 0.00532534 0.00214564 -0.00213527
v 0.00528393 0.00120787 -0.00294279
v 0.00482473 0.00331323 -0.00243037
v 0.00479775 0.00338330 -0.00242398
v 0.00435064 0.00043764 0.00498221
v 0.00463584 0.00043764 0.00459656
v 0.00424642 0.00338330 0.00568106
v 0.00511691 0.00043764 -0.00346481
v 0.00472749 0.00043764 -0.00417964
v 0.00472284 0.00068881 -0.00417964
v 0.00459722 0.00149624 -0.00420628
v 0.00480147 0.00243833 -0.00330501
v 0.00506620 0.00152507 -0.00326239
v 0.00451208 0.00323970 -0.00324002
v 0.00448277 0.00338330 -0.00315053
v 0.00430830 0.00043764 0.00501523
v 0.00419339 0.00338330 0.00571941
v 0.00396495 0.00043764 0.00528263
v 0.00442275 0.00043764 -0.00466543
v 0.00441810 0.00068881 -0.00466011
v 0.00438693 0.00115943 -0.00462921
v 0.00450324 0.00243833 -0.00389946
v 0.00427574 0.00174279 -0.00451522
v 0.00439019 0.00289914 -0.00376203
v 0.00419618 0.00338330 -0.00353405
v 0.00381700 0.00338330 0.00598788
v 0.00352389 0.00192388 0.00589519
v 0.00306283 0.00043764 0.00563951
v 0.00435343 0.00043764 -0.00471977
v 0.00434273 0.00068881 -0.00471977
v 0.00421479 0.00129698 -0.00471977
v 0.00409475 0.00243833 -0.00433625
v 0.00408638 0.00159198 -0.00471977
v 0.00369371 0.00239738 -0.00471977
v 0.00351691 0.00289106 -0.00462815
v 0.00383700 0.00318664 -0.00407311
v 0.00375419 0.00338330 -0.00398788
v 0.00375931 0.00338330 0.00602623
v 0.00313959 0.00338330 0.00614981
v 0.00306283 0.00338330 0.00616366
v 0.00306283 0.00331323 0.00615194
v 0.00306283 0.00243833 0.00599960
v 0.00306283 0.00188784 0.00590159
v 0.00246033 0.00192677 0.00589413
v 0.00281159 0.00043764 0.00561182
v 0.00160752 0.00043764 -0.00471977
v 0.00367137 0.00243833 -0.00471977
v 0.00364020 0.00249398 -0.00471977
v 0.00306283 0.00289885 -0.00463347
v 0.00306283 0.00333630 -0.00426700
v 0.00306283 0.00338330 -0.00422652
v 0.00306283 0.00271343 -0.00471977
v 0.00218769 0.00338330 0.00613170
v 0.00187690 0.00207009 0.00584832
v 0.00218769 0.00043764 0.00552979
v 0.00217606 0.00239248 0.00594846
v 0.00070819 0.00338330 -0.00243037
v 0.00160845 0.00068881 -0.00471977
v 0.00155216 0.00043764 -0.00438525
v 0.00249429 0.00289106 -0.00462815
v 0.00297722 0.00338330 -0.00422226
v 0.00273157 0.00270218 -0.00471977
v 0.00127161 0.00338330 0.00601238
v 0.00202950 0.00043764 0.00545521
v 0.00070819 0.00338330 0.00456886
v 0.00083986 0.00338330 -0.00271694
v 0.00162241 0.00156371 -0.00471977
v 0.00160938 0.00088577 -0.00471977
v 0.00154378 0.00043764 -0.00433412
v 0.00151912 0.00043764 -0.00417964
v 0.00229795 0.00263355 -0.00471977
v 0.00212535 0.00258453 -0.00471977
v 0.00191087 0.00283426 -0.00457808
v 0.00206347 0.00338330 -0.00414981
v 0.00219420 0.00338330 -0.00416899
v 0.00074169 0.00338330 0.00544349
v 0.00163497 0.00043764 0.00521125
v 0.00151912 0.00043764 0.00456886
v 0.00116553 0.00338330 -0.00326239
v 0.00167777 0.00225118 -0.00471231
v 0.00167452 0.00220100 -0.00471977
v 0.00168661 0.00223907 -0.00471977
v 0.00163497 0.00338330 -0.00389840
v 0.00166707 0.00338330 -0.00392183
v 0.00160147 0.00043764 0.00503867
f 1421 1422 1423
f 1421 1423 1424
f 1421 1424 1425
f 1421 1425 1426
f 1421 1426 1427
f 1421 1427 1428
f 1421 1428 1422
f 1422 1429 1430
f 1422 1430 1423
f 1422 1428 1431
f 1422 1431 1432
f 1422 1432 1433
f 1422 1433 1429
f 1423 1430 1424
f 1424 1430 1434
f 1424 1434 1425
f 1425 1434 1435
f 1425 1435 1436
f 1425 1436 1426
f 1426 1437 1427
f 1426 1436 1445
f 1426 1445 1444
f 1426 1444 1453
f 1426 1453 1452
f 1426 1452 1463
f 1426 1463 1465
f 1426 1465 1475
f 1426 1475 1492
f 1426 1492 1502
f 1426 1502 1511
f 1426 1511 1524
f 1426 1524 1532
f 1426 1532 1525
f 1426 1525 1517
f 1426 1517 1516
f 1426 1516 1506
f 1426 1506 1493
f 1426 1493 1476
f 1426 1476 1466
f 1426 1466 1456
f 1426 1456 1455
f 1426 1455 1446
f 1426 1446 1437
f 1427 1438 1428
f 1427 1437 1439
f 1427 1439 1438
f 1428 1438 1440
f 1428 1440 1431
f 1429 1433 1432
f 1429 1432 1442
f 1429 1442 1451
f 1429 1451 1462
f 1429 1462 1472
f 1429 1472 1484
f 1429 1484 1498
f 1429 1498 1508
f 1429 1508 1522
f 1429 1522 1521
f 1429 1521 1531
f 1429 1531 1530
f 1429 1530 1526
f 1429 1526 1513
f 1429 1513 1504
f 1429 1504 1512
f 1429 1512 1523
f 1429 1523 1510
f 1429 1510 1500
f 1429 1500 1487
f 1429 1487 1486
f 1429 1486 1485
f 1429 1485 1473
f 1429 1473 1464
f 1429 1464 1454
f 1429 1454 1443
f 1429 1443 1434
f 1429 1434 1430
f 1431 1440 1441
f 1431 1441 1442
f 1431 1442 1432
f 1434 1443 1444
f 1434 1444 1445
f 1434 1445 1436
f 1434 1436 1435
f 1437 1446 1447
f 1437 1447 1439
f 1438 1448 1440
f 1438 1439 1449
f 1438 1449 1448
f 1439 1447 1449
f 1440 1448 1441
f 1441 1448 1442
f 1442 1448 1450
f 1442 1450 1451
f 1443 1452 1453
f 1443 1453 1444
f 1443 1454 1452
f 1446 1455 1447
f 1447 1455 1456
f 1447 1456 1457
f 1447 1457 1458
f 1447 1458 1449
f 1448 1449 1459
f 1448 1459 1450
f 1449 1458 1460
f 1449 1460 1459
f 1450 1459 1461
f 1450 1461 1451
f 1451 1461 1462
f 1452 1454 1463
f 1454 1464 1465
f 1454 1465 1463
f 1456 1466 1457
f 1457 1466 1467
f 1457 1467 1468
f 1457 1468 1458
f 1458 1469 1460
f 1458 1468 1470
f 1458 1470 1469
f 1459 1460 1469
f 1459 1469 1471
f 1459 1471 1461
f 1461 1471 1462
f 1462 1471 1472
f 1464 1473 1465
f 1465 1473 1474
f 1465 1474 1475
f 1466 1476 1477
f 1466 1477 1467
f 1467 1477 1468
f 1468 1477 1478
f 1468 1478 1470
f 1469 1470 1479
f 1469 1479 1471
f 1470 1478 1480
f 1470 1480 1481
f 1470 1481 1479
f 1471 1479 1482
f 1471 1482 1483
f 1471 1483 1484
f 1471 1484 1472
f 1473 1485 1474
f 1474 1485 1486
f 1474 1486 1487
f 1474 1487 1488
f 1474 1488 1489
f 1474 1489 1490
f 1474 1490 1475
f 1475 1490 1491
f 1475 1491 1492
f 1476 1493 1505
f 1476 1505 1515
f 1476 1515 1514
f 1476 1514 1528
f 1476 1528 1529
f 1476 1529 1519
f 1476 1519 1518
f 1476 1518 1509
f 1476 1509 1499
f 1476 1499 1495
f 1476 1495 1494
f 1476 1494 1481
f 1476 1481 1480
f 1476 1480 1478
f 1476 1478 1477
f 1479 1481 1494
f 1479 1494 1495
f 1479 1495 1482
f 1482 1496 1497
f 1482 1497 1498
f 1482 1498 1484
f 1482 1484 1483
f 1482 1495 1499
f 1482 1499 1496
f 1487 1500 1488
f 1488 1500 1491
f 1488 1491 1489
f 1489 1491 1490
f 1491 1501 1502
f 1491 1502 1492
f 1491 1500 1503
f 1491 1503 1501
f 1493 1504 1505
f 1493 1506 1504
f 1496 1507 1497
f 1496 1499 1507
f 1497 1507 1498
f 1498 1507 1508
f 1499 1509 1507
f 1500 1510 1503
f 1501 1503 1510
f 1501 1510 1502
f 1502 1510 1511
f 1504 1513 1514
f 1504 1514 1515
f 1504 1515 1505
f 1504 1506 1516
f 1504 1516 1517
f 1504 1517 1525
f 1504 1525 1512
f 1507 1509 1518
f 1507 1518 1519
f 1507 1519 1520
f 1507 1520 1521
f 1507 1521 1522
f 1507 1522 1508
f 1510 1523 1524
f 1510 1524 1511
f 1512 1525 1523
f 1513 1526 1527
f 1513 1527 1528
f 1513 1528 1514
f 1519 1529 1520
f 1520 1529 1527
f 1520 1527 1530
f 1520 1530 1531
f 1520 1531 1521
f 1523 1525 1532
f 1523 1532 1524
f 1526 1530 1527
f 1527 1529 1528

o geometry_10
v -0.00408778 0.00244117 -0.00426481
v -0.00408778 0.00255804 -0.00426481
v -0.00161116 0.00244117 -0.00426481
v -0.00408778 0.00244117 0.00555092
v -0.00372659 0.00308574 -0.00426481
v -0.00408778 0.00873082 -0.00238421
v -0.00160675 0.00244117 -0.00423993
v -0.00161557 0.00249053 -0.00426481
v 0.00000759 0.00418906 -0.00314188
v 0.00000759 0.00390235 -0.00309890
v 0.00000759 0.00362651 -0.00305706
v 0.00000759 0.00356264 -0.00273817
v 0.00000759 0.00350094 -0.00242944
v -0.00403647 0.00244117 0.00559729
v -0.00408778 0.00494614 0.00637644
v -0.00306514 0.00333980 -0.00426481
v -0.00306234 0.00334052 -0.00426481
v -0.00408778 0.00925853 -0.00218518
v 0.00000759 0.00854645 -0.00223607
v -0.00219564 0.00327011 -0.00426481
v -0.00151254 0.00244117 -0.00334543
v -0.00163080 0.00252174 -0.00426481
v 0.00000759 0.00768775 -0.00248033
v -0.00149971 0.00244117 -0.00155756
v -0.00150011 0.00244117 -0.00243284
v -0.00150853 0.00244117 -0.00330698
v 0.00000759 0.00350094 0.00456935
v -0.00359871 0.00244117 0.00594219
v -0.00408778 0.00506374 0.00641489
v -0.00408778 0.00937467 -0.00198842
v 0.00000759 0.00897399 -0.00155530
v 0.00000759 0.00810948 -0.00236046
v -0.00215074 0.00324253 -0.00426481
v -0.00149971 0.00244117 0.00456935
v 0.00000759 0.00350602 0.00501377
v -0.00306234 0.00244117 0.00600100
v -0.00366325 0.00629263 0.00677110
v -0.00408778 0.00620335 0.00670325
v -0.00408778 0.00953436 -0.00155530
v 0.00000759 0.00985592 0.00324852
v 0.00000759 0.00351110 0.00544349
v -0.00159953 0.00244117 0.00550682
v -0.00305953 0.00244117 0.00600100
v 0.00000759 0.00579904 0.00670665
v -0.00218722 0.00580049 0.00670665
v -0.00306234 0.00580775 0.00670212
v -0.00306234 0.00624472 0.00677789
v -0.00306234 0.00681308 0.00686609
v -0.00306234 0.00768775 0.00699275
v -0.00306234 0.00856315 0.00711262
v -0.00393705 0.00768775 0.00693960
v -0.00394788 0.00677679 0.00681634
v -0.00408778 0.00662943 0.00678241
v -0.00408778 0.00985592 0.00264352
v 0.00000759 0.00985592 0.00728677
v 0.00000759 0.00357498 0.00573073
v 0.00000759 0.00363668 0.00600778
v -0.00176830 0.00244117 0.00589131
v -0.00217559 0.00244117 0.00595803
v 0.00000759 0.00543756 0.00661052
v 0.00000759 0.00623601 0.00677789
v -0.00043778 0.00623601 0.00677789
v -0.00218722 0.00623746 0.00677789
v 0.00000759 0.00652999 0.00682312
v 0.00000759 0.00681308 0.00686609
v 0.00000759 0.00725804 0.00693168
v -0.00218722 0.00768775 0.00699501
v -0.00218722 0.00856315 0.00711714
v -0.00218722 0.00943782 0.00723475
v -0.00306234 0.00943782 0.00722683
v -0.00393705 0.00856315 0.00704590
v -0.00408778 0.00750701 0.00689550
v -0.00408778 0.00985592 0.00714881
v -0.00218722 0.00985592 0.00728790
v 0.00000759 0.00943782 0.00723475
v 0.00000759 0.00391759 0.00613105
v 0.00000759 0.00418906 0.00624978
v -0.00213430 0.00244117 0.00595237
v 0.00000759 0.00506374 0.00651101
v 0.00000759 0.00768775 0.00699388
v 0.00000759 0.00813343 0.00705721
v 0.00000759 0.00856315 0.00711714
v 0.00000759 0.00900810 0.00717708
v -0.00264382 0.00985592 0.00728338
v -0.00306234 0.00985592 0.00727659
v -0.00408778 0.00836136 0.00699388
v -0.00351894 0.00985592 0.00723475
v -0.00393705 0.00943782 0.00714654
v -0.00408778 0.00926942 0.00709340
v -0.00393705 0.00985592 0.00718952
f 1533 1534 1537
f 1533 1537 1548
f 1533 1548 1549
f 1533 1549 1552
f 1533 1552 1565
f 1533 1565 1554
f 1533 1554 1540
f 1533 1540 1535
f 1533 1535 1539
f 1533 1539 1553
f 1533 1553 1558
f 1533 1558 1557
f 1533 1557 1556
f 1533 1556 1566
f 1533 1566 1574
f 1533 1574 1590
f 1533 1590 1610
f 1533 1610 1591
f 1533 1591 1575
f 1533 1575 1568
f 1533 1568 1560
f 1533 1560 1546
f 1533 1546 1536
f 1533 1536 1547
f 1533 1547 1561
f 1533 1561 1570
f 1533 1570 1585
f 1533 1585 1604
f 1533 1604 1618
f 1533 1618 1621
f 1533 1621 1605
f 1533 1605 1586
f 1533 1586 1571
f 1533 1571 1562
f 1533 1562 1550
f 1533 1550 1538
f 1533 1538 1534
f 1534 1538 1537
f 1535 1540 1541
f 1535 1541 1542
f 1535 1542 1543
f 1535 1543 1544
f 1535 1544 1545
f 1535 1545 1539
f 1536 1546 1547
f 1537 1538 1548
f 1538 1549 1548
f 1538 1550 1551
f 1538 1551 1552
f 1538 1552 1549
f 1539 1545 1553
f 1540 1554 1555
f 1540 1555 1541
f 1541 1555 1564
f 1541 1564 1551
f 1541 1551 1563
f 1541 1563 1572
f 1541 1572 1587
f 1541 1587 1607
f 1541 1607 1615
f 1541 1615 1614
f 1541 1614 1613
f 1541 1613 1612
f 1541 1612 1598
f 1541 1598 1597
f 1541 1597 1596
f 1541 1596 1593
f 1541 1593 1576
f 1541 1576 1592
f 1541 1592 1611
f 1541 1611 1609
f 1541 1609 1608
f 1541 1608 1589
f 1541 1589 1588
f 1541 1588 1573
f 1541 1573 1567
f 1541 1567 1559
f 1541 1559 1545
f 1541 1545 1544
f 1541 1544 1543
f 1541 1543 1542
f 1545 1556 1557
f 1545 1557 1558
f 1545 1558 1553
f 1545 1559 1566
f 1545 1566 1556
f 1546 1560 1547
f 1547 1560 1561
f 1550 1562 1563
f 1550 1563 1551
f 1551 1564 1565
f 1551 1565 1552
f 1554 1565 1555
f 1555 1565 1564
f 1559 1567 1566
f 1560 1568 1569
f 1560 1569 1570
f 1560 1570 1561
f 1562 1571 1563
f 1563 1571 1572
f 1566 1567 1573
f 1566 1573 1574
f 1568 1575 1576
f 1568 1576 1577
f 1568 1577 1578
f 1568 1578 1569
f 1569 1578 1579
f 1569 1579 1580
f 1569 1580 1581
f 1569 1581 1582
f 1569 1582 1583
f 1569 1583 1584
f 1569 1584 1585
f 1569 1585 1570
f 1571 1586 1572
f 1572 1586 1605
f 1572 1605 1622
f 1572 1622 1619
f 1572 1619 1617
f 1572 1617 1616
f 1572 1616 1606
f 1572 1606 1587
f 1573 1588 1574
f 1574 1588 1589
f 1574 1589 1590
f 1575 1591 1576
f 1576 1593 1594
f 1576 1594 1577
f 1576 1591 1592
f 1577 1594 1595
f 1577 1595 1579
f 1577 1579 1578
f 1579 1595 1580
f 1580 1596 1597
f 1580 1597 1598
f 1580 1598 1599
f 1580 1599 1581
f 1580 1595 1596
f 1581 1599 1600
f 1581 1600 1582
f 1582 1600 1601
f 1582 1601 1602
f 1582 1602 1583
f 1583 1602 1603
f 1583 1603 1604
f 1583 1604 1585
f 1583 1585 1584
f 1587 1606 1607
f 1589 1608 1590
f 1590 1608 1609
f 1590 1609 1610
f 1591 1610 1609
f 1591 1609 1611
f 1591 1611 1592
f 1593 1596 1594
f 1594 1596 1595
f 1598 1612 1599
f 1599 1613 1600
f 1599 1612 1613
f 1600 1613 1614
f 1600 1614 1615
f 1600 1615 1601
f 1601 1615 1607
f 1601 1607 1606
f 1601 1606 1602
f 1602 1606 1616
f 1602 1616 1617
f 1602 1617 1603
f 1603 1618 1604
f 1603 1617 1619
f 1603 1619 1620
f 1603 1620 1618
f 1605 1621 1622
f 1618 1620 1621
f 1619 1622 1620
f 1620 1622 1621

o geometry_11
v -0.00408778 0.02606108 0.00819882
v -0.00408778 0.02693660 0.00819638
v -0.00481263 0.02781212 0.00813904
v -0.00481263 0.02693660 0.00813660
v -0.00408778 0.02518763 0.00819638
v -0.00408778 0.02781212 0.00818540
v -0.00481263 0.02868765 0.00812684
v -0.00568774 0.02956109 0.00793408
v -0.00481263 0.02606108 0.00812318
v -0.00408778 0.02431211 0.00818784
v -0.00568774 0.02868765 0.00793042
v -0.00568774 0.02781212 0.00791944
v -0.00408778 0.02868765 0.00816466
v -0.00481263 0.02956109 0.00810732
v -0.00624430 0.02956109 0.00771326
v -0.00568774 0.03043662 0.00787674
v -0.00619422 0.03043662 0.00768032
v -0.00481263 0.02518763 0.00810854
v -0.00408778 0.02343659 0.00816588
v -0.00623228 0.02868765 0.00770472
v -0.00621545 0.02781212 0.00769374
v -0.00568774 0.02693660 0.00789382
v -0.00481263 0.02431211 0.00808536
v -0.00408778 0.02956109 0.00813538
v -0.00481263 0.03043662 0.00804998
v -0.00728850 0.03215862 0.00618702
v -0.00730333 0.03215862 0.00616750
v -0.00772606 0.03215862 0.00560630
v -0.00772205 0.03131214 0.00559898
v -0.00771564 0.03043662 0.00558556
v -0.00568774 0.03097189 0.00772546
v -0.00613451 0.03088475 0.00764006
v -0.00408778 0.02256106 0.00813782
v -0.00769480 0.02868765 0.00554896
v -0.00688100 0.02343659 0.00653473
v -0.00770602 0.02956109 0.00556726
v -0.00644344 0.02343659 0.00712521
v -0.00618820 0.02693660 0.00767422
v -0.00568774 0.02606108 0.00785844
v -0.00562644 0.02431211 0.00780720
v -0.00481263 0.02343659 0.00804632
v -0.00408778 0.02168762 0.00810488
v -0.00408778 0.03043662 0.00807072
v -0.00481263 0.03106110 0.00781818
v -0.00681208 0.03215862 0.00662379
v -0.00794644 0.03215862 0.00516954
v -0.00794283 0.03131214 0.00516100
v -0.00793722 0.03043662 0.00514880
v -0.00792961 0.02956109 0.00513050
v -0.00792199 0.02868765 0.00511098
v -0.00637292 0.03215862 0.00690439
v -0.00791117 0.02781212 0.00508658
v -0.00789755 0.02693660 0.00505485
v -0.00767717 0.02781212 0.00552334
v -0.00686577 0.02256106 0.00650179
v -0.00642822 0.02256106 0.00708617
v -0.00615455 0.02606108 0.00765104
v -0.00576267 0.02521045 0.00779012
v -0.00556353 0.02343659 0.00778158
v -0.00481263 0.02256106 0.00800118
v -0.00613371 0.02551958 0.00763640
v -0.00610446 0.02493659 0.00761932
v -0.00408778 0.02081417 0.00806096
v -0.00408778 0.03106732 0.00782794
v -0.00809629 0.03215862 0.00456929
v -0.00809068 0.03131214 0.00456929
v -0.00808307 0.03043662 0.00456929
v -0.00807265 0.02956109 0.00456929
v -0.00806103 0.02868765 0.00456929
v -0.00804661 0.02781212 0.00456929
v -0.00564086 0.03215862 0.00689097
v -0.00802818 0.02693660 0.00456929
v -0.00788513 0.02624158 0.00502801
v -0.00798130 0.02599469 0.00465347
v -0.00792840 0.01096350 0.00341028
v -0.00756057 0.02431211 0.00544404
v -0.00684414 0.02168762 0.00645421
v -0.00640658 0.02168762 0.00704713
v -0.00740751 0.01096350 0.00456929
v -0.00716268 0.01096350 0.00499019
v -0.00707734 0.01096350 0.00513294
v -0.00686778 0.01096350 0.00545868
v -0.00679205 0.01096350 0.00557092
v -0.00606399 0.02431211 0.00759736
v -0.00549822 0.02256106 0.00775352
v -0.00481263 0.02168762 0.00795238
v -0.00637813 0.02081417 0.00700321
v -0.00634127 0.01993865 0.00695685
v -0.00408778 0.01993865 0.00800972
v -0.00408778 0.03132874 0.00718255
v -0.00562403 0.03215862 0.00688121
v -0.00809910 0.03215862 0.00454001
v -0.00817042 0.02956109 0.00369332
v -0.00816321 0.02781212 0.00369332
v -0.00815880 0.02693660 0.00369332
v -0.00815359 0.02606108 0.00369332
v -0.00814558 0.02518763 0.00369332
v -0.00813396 0.02431211 0.00369332
v -0.00806264 0.01096350 0.00281858
v -0.00787311 0.02565859 0.00500117
v -0.00780860 0.01096350 0.00373480
v -0.00776693 0.01096350 0.00384704
v -0.00750047 0.01096350 0.00438507
v -0.00646709 0.01096350 0.00596620
v -0.00600108 0.02343659 0.00756198
v -0.00543370 0.02168762 0.00772424
v -0.00635449 0.01096350 0.00610040
v -0.00594018 0.01096350 0.00642493
v -0.00481263 0.02081417 0.00789260
v -0.00408778 0.01888262 0.00794140
v -0.00408778 0.03139098 0.00631879
v -0.00503381 0.03215862 0.00548430
v -0.00514561 0.03215862 0.00628463
v -0.00514961 0.03215862 0.00629805
v -0.00817763 0.03215862 0.00369332
v -0.00817363 0.03043662 0.00369332
v -0.00816201 0.01096350 0.00194505
v -0.00593577 0.02256106 0.00752416
v -0.00578751 0.01096350 0.00653839
v -0.00536358 0.02081417 0.00768886
v -0.00528785 0.01993865 0.00765104
v -0.00525019 0.01950088 0.00763152
v -0.00481263 0.01993865 0.00782550
v -0.00466398 0.01818967 0.00773888
v -0.00456220 0.01731415 0.00770228
v -0.00408778 0.01818967 0.00789138
v -0.00408778 0.03141173 0.00544404
v -0.00503021 0.03215862 0.00544404
v -0.00817803 0.03215862 0.00366404
v -0.00818084 0.02431211 0.00281858
v -0.00818124 0.01096350 0.00107030
v -0.00587126 0.02168762 0.00748390
v -0.00546255 0.01096350 0.00674457
v -0.00534996 0.01096350 0.00681411
v -0.00486072 0.01915233 0.00774498
v -0.00494085 0.01096350 0.00698979
v -0.00481263 0.01096350 0.00704103
v -0.00439712 0.01590751 0.00764006
v -0.00408778 0.01797806 0.00787552
v -0.00408778 0.03139928 0.00456929
v -0.00478899 0.03215862 -0.00426358
v -0.00818124 0.03215862 0.00281858
v -0.00818124 0.02518763 0.00281858
v -0.00818124 0.01096350 -0.00068041
v -0.00416231 0.01096350 0.00723379
v -0.00408778 0.01567722 0.00769130
v -0.00408778 0.01626643 0.00774132
v -0.00408778 0.01706311 0.00780476
v -0.00408778 0.01731415 0.00782428
v -0.00408778 0.01096350 0.00725575
v -0.00429775 0.01532452 0.00761322
v -0.00408778 0.03113994 0.00388852
v -0.00772325 0.03215862 -0.00426358
v -0.00408778 0.03059844 0.00371772
v -0.00408778 0.02781212 0.00287226
v -0.00408778 0.02695735 0.00279906
v -0.00408778 0.02614199 0.00273805
v -0.00408778 0.02606108 0.00273805
v -0.00408778 0.01096350 0.00324558
v -0.00520291 0.01468966 -0.00426358
v -0.00818124 0.03215862 -0.00068041
v -0.00810671 0.01096350 -0.00155516
v -0.00818124 0.01468966 -0.00242991
v -0.00817162 0.01381414 -0.00242991
v -0.00815399 0.01468966 -0.00330466
v -0.00408778 0.01508593 0.00763884
v -0.00408778 0.01438883 0.00757540
v -0.00417273 0.01468966 0.00758394
v -0.00408778 0.01468966 0.00760346
v -0.00772766 0.03215862 -0.00425383
v -0.00793281 0.02313161 -0.00426358
v -0.00509752 0.01096350 -0.00193337
v -0.00521733 0.01418551 -0.00426358
v -0.00818084 0.03215862 -0.00155516
v -0.00818124 0.02606108 -0.00155516
v -0.00795365 0.01096350 -0.00207855
v -0.00806344 0.01468966 -0.00417940
v -0.00804220 0.01461704 -0.00426358
v -0.00796366 0.01408177 -0.00426358
v -0.00818124 0.01818967 -0.00242991
v -0.00818004 0.01906520 -0.00242991
v -0.00817803 0.01993865 -0.00242991
v -0.00814398 0.01818967 -0.00330466
v -0.00773928 0.03215862 -0.00422698
v -0.00794764 0.02241583 -0.00426358
v -0.00788954 0.03215862 -0.00378778
v -0.00788473 0.03215862 -0.00380242
v -0.00515723 0.01096350 -0.00209075
v -0.00522735 0.01413156 -0.00426358
v -0.00817964 0.03215862 -0.00158444
v -0.00743716 0.01096350 -0.00234451
v -0.00749806 0.01365646 -0.00426358
v -0.00745359 0.01361912 -0.00426358
v -0.00803940 0.01556518 -0.00426358
v -0.00804701 0.01468966 -0.00426358
v -0.00814077 0.01906520 -0.00330466
v -0.00813596 0.01993865 -0.00330466
v -0.00813035 0.02081417 -0.00330466
v -0.00812354 0.02168762 -0.00330466
v -0.00811553 0.02256106 -0.00330466
v -0.00804701 0.01643863 -0.00417940
v -0.00814277 0.03215862 -0.00242991
v -0.00796086 0.02170629 -0.00426358
v -0.00800453 0.03215862 -0.00330466
v -0.00797969 0.02067101 -0.00426358
v -0.00552025 0.01096350 -0.00229327
v -0.00563044 0.01365438 -0.00426358
v -0.00721237 0.01096350 -0.00239087
v -0.00727207 0.01356102 -0.00426358
v -0.00656205 0.01333488 -0.00426358
v -0.00803218 0.01632452 -0.00426358
v -0.00810551 0.02343659 -0.00330466
v -0.00803779 0.01731415 -0.00417940
v -0.00799572 0.02081417 -0.00417940
v -0.00800734 0.01993865 -0.00417940
v -0.00801776 0.01906520 -0.00417940
v -0.00799131 0.01980379 -0.00426358
v -0.00568774 0.01096350 -0.00235671
v -0.00627756 0.01336600 -0.00426358
v -0.00656205 0.01096350 -0.00252385
v -0.00633726 0.01096350 -0.00250677
v -0.00803098 0.01643863 -0.00426358
v -0.00802297 0.01719589 -0.00426358
v -0.00801255 0.01806519 -0.00426358
f 1623 1624 1625
f 1623 1625 1626
f 1623 1626 1627
f 1623 1627 1632
f 1623 1632 1641
f 1623 1641 1655
f 1623 1655 1664
f 1623 1664 1685
f 1623 1685 1711
f 1623 1711 1732
f 1623 1732 1748
f 1623 1748 1761
f 1623 1761 1771
f 1623 1771 1770
f 1623 1770 1769
f 1623 1769 1768
f 1623 1768 1788
f 1623 1788 1791
f 1623 1791 1789
f 1623 1789 1772
f 1623 1772 1781
f 1623 1781 1780
f 1623 1780 1779
f 1623 1779 1778
f 1623 1778 1777
f 1623 1777 1776
f 1623 1776 1774
f 1623 1774 1762
f 1623 1762 1749
f 1623 1749 1733
f 1623 1733 1712
f 1623 1712 1686
f 1623 1686 1665
f 1623 1665 1646
f 1623 1646 1635
f 1623 1635 1628
f 1623 1628 1624
f 1624 1628 1625
f 1625 1628 1629
f 1625 1629 1630
f 1625 1630 1626
f 1626 1631 1632
f 1626 1632 1627
f 1626 1630 1633
f 1626 1633 1634
f 1626 1634 1631
f 1628 1635 1636
f 1628 1636 1629
f 1629 1636 1630
f 1630 1637 1633
f 1630 1636 1647
f 1630 1647 1638
f 1630 1638 1639
f 1630 1639 1637
f 1631 1640 1632
f 1631 1634 1640
f 1632 1640 1641
f 1633 1637 1634
f 1634 1637 1642
f 1634 1642 1643
f 1634 1643 1644
f 1634 1644 1645
f 1634 1645 1640
f 1635 1646 1636
f 1636 1646 1647
f 1637 1639 1648
f 1637 1648 1649
f 1637 1649 1650
f 1637 1650 1651
f 1637 1651 1652
f 1637 1652 1642
f 1638 1647 1653
f 1638 1653 1654
f 1638 1654 1639
f 1639 1654 1648
f 1640 1645 1641
f 1641 1645 1655
f 1642 1656 1657
f 1642 1657 1643
f 1642 1652 1658
f 1642 1658 1656
f 1643 1657 1659
f 1643 1659 1660
f 1643 1660 1644
f 1644 1660 1661
f 1644 1661 1645
f 1645 1662 1663
f 1645 1663 1664
f 1645 1664 1655
f 1645 1661 1662
f 1646 1665 1647
f 1647 1665 1666
f 1647 1666 1653
f 1648 1654 1667
f 1648 1667 1673
f 1648 1673 1693
f 1648 1693 1713
f 1648 1713 1736
f 1648 1736 1735
f 1648 1735 1734
f 1648 1734 1750
f 1648 1750 1763
f 1648 1763 1775
f 1648 1775 1792
f 1648 1792 1806
f 1648 1806 1809
f 1648 1809 1808
f 1648 1808 1826
f 1648 1826 1824
f 1648 1824 1812
f 1648 1812 1796
f 1648 1796 1783
f 1648 1783 1764
f 1648 1764 1751
f 1648 1751 1737
f 1648 1737 1714
f 1648 1714 1687
f 1648 1687 1668
f 1648 1668 1650
f 1648 1650 1649
f 1650 1668 1651
f 1651 1668 1669
f 1651 1669 1670
f 1651 1670 1652
f 1652 1670 1671
f 1652 1671 1672
f 1652 1672 1658
f 1653 1666 1673
f 1653 1673 1654
f 1654 1673 1667
f 1656 1658 1672
f 1656 1672 1674
f 1656 1674 1675
f 1656 1675 1676
f 1656 1676 1657
f 1657 1677 1659
f 1657 1676 1677
f 1659 1677 1678
f 1659 1678 1660
f 1660 1678 1679
f 1660 1679 1680
f 1660 1680 1661
f 1661 1680 1662
f 1662 1681 1682
f 1662 1682 1663
f 1662 1680 1683
f 1662 1683 1684
f 1662 1684 1681
f 1663 1682 1685
f 1663 1685 1664
f 1665 1686 1666
f 1666 1686 1673
f 1668 1687 1688
f 1668 1688 1669
f 1669 1688 1689
f 1669 1689 1670
f 1670 1689 1690
f 1670 1690 1691
f 1670 1691 1671
f 1671 1691 1672
f 1672 1691 1692
f 1672 1692 1674
f 1673 1686 1693
f 1674 1692 1694
f 1674 1694 1675
f 1675 1695 1676
f 1675 1694 1696
f 1675 1696 1697
f 1675 1697 1695
f 1676 1695 1698
f 1676 1698 1677
f 1677 1699 1700
f 1677 1700 1678
f 1677 1698 1701
f 1677 1701 1702
f 1677 1702 1703
f 1677 1703 1704
f 1677 1704 1705
f 1677 1705 1699
f 1678 1700 1683
f 1678 1683 1679
f 1679 1683 1680
f 1681 1684 1706
f 1681 1706 1707
f 1681 1707 1708
f 1681 1708 1682
f 1682 1708 1685
f 1683 1700 1684
f 1684 1700 1709
f 1684 1709 1710
f 1684 1710 1706
f 1685 1708 1711
f 1686 1712 1713
f 1686 1713 1693
f 1687 1714 1715
f 1687 1715 1716
f 1687 1716 1717
f 1687 1717 1718
f 1687 1718 1688
f 1688 1718 1689
f 1689 1718 1719
f 1689 1719 1690
f 1690 1719 1720
f 1690 1720 1691
f 1691 1720 1721
f 1691 1721 1692
f 1692 1721 1694
f 1694 1721 1697
f 1694 1697 1696
f 1695 1722 1698
f 1695 1697 1723
f 1695 1723 1724
f 1695 1724 1722
f 1697 1721 1739
f 1697 1739 1753
f 1697 1753 1766
f 1697 1766 1784
f 1697 1784 1798
f 1697 1798 1813
f 1697 1813 1830
f 1697 1830 1842
f 1697 1842 1843
f 1697 1843 1840
f 1697 1840 1828
f 1697 1828 1810
f 1697 1810 1794
f 1697 1794 1781
f 1697 1781 1772
f 1697 1772 1767
f 1697 1767 1759
f 1697 1759 1758
f 1697 1758 1756
f 1697 1756 1755
f 1697 1755 1741
f 1697 1741 1730
f 1697 1730 1729
f 1697 1729 1726
f 1697 1726 1705
f 1697 1705 1704
f 1697 1704 1703
f 1697 1703 1702
f 1697 1702 1701
f 1697 1701 1725
f 1697 1725 1724
f 1697 1724 1723
f 1698 1722 1701
f 1699 1705 1700
f 1700 1705 1709
f 1701 1722 1725
f 1705 1726 1709
f 1706 1727 1728
f 1706 1728 1707
f 1706 1710 1729
f 1706 1729 1730
f 1706 1730 1727
f 1707 1728 1708
f 1708 1728 1731
f 1708 1731 1732
f 1708 1732 1711
f 1709 1726 1729
f 1709 1729 1710
f 1712 1733 1734
f 1712 1734 1735
f 1712 1735 1736
f 1712 1736 1713
f 1714 1737 1738
f 1714 1738 1715
f 1715 1738 1739
f 1715 1739 1716
f 1716 1739 1717
f 1717 1739 1718
f 1718 1739 1719
f 1719 1739 1721
f 1719 1721 1720
f 1722 1724 1725
f 1727 1740 1728
f 1727 1730 1741
f 1727 1741 1740
f 1728 1740 1742
f 1728 1742 1731
f 1731 1742 1743
f 1731 1743 1744
f 1731 1744 1745
f 1731 1745 1746
f 1731 1746 1747
f 1731 1747 1748
f 1731 1748 1732
f 1733 1749 1750
f 1733 1750 1734
f 1737 1751 1752
f 1737 1752 1738
f 1738 1752 1739
f 1739 1752 1753
f 1740 1754 1742
f 1740 1741 1754
f 1741 1755 1754
f 1742 1756 1743
f 1742 1754 1756
f 1743 1756 1744
f 1744 1747 1746
f 1744 1746 1757
f 1744 1757 1745
f 1744 1756 1758
f 1744 1758 1759
f 1744 1759 1747
f 1745 1757 1746
f 1747 1760 1748
f 1747 1759 1760
f 1748 1760 1761
f 1749 1762 1763
f 1749 1763 1750
f 1751 1764 1765
f 1751 1765 1752
f 1752 1765 1753
f 1753 1765 1764
f 1753 1764 1783
f 1753 1783 1797
f 1753 1797 1802
f 1753 1802 1785
f 1753 1785 1766
f 1754 1755 1756
f 1759 1767 1760
f 1760 1768 1769
f 1760 1769 1770
f 1760 1770 1771
f 1760 1771 1761
f 1760 1767 1772
f 1760 1772 1773
f 1760 1773 1768
f 1762 1774 1763
f 1763 1774 1776
f 1763 1776 1777
f 1763 1777 1778
f 1763 1778 1779
f 1763 1779 1780
f 1763 1780 1781
f 1763 1781 1782
f 1763 1782 1795
f 1763 1795 1811
f 1763 1811 1829
f 1763 1829 1841
f 1763 1841 1832
f 1763 1832 1831
f 1763 1831 1815
f 1763 1815 1814
f 1763 1814 1801
f 1763 1801 1800
f 1763 1800 1817
f 1763 1817 1816
f 1763 1816 1833
f 1763 1833 1844
f 1763 1844 1845
f 1763 1845 1846
f 1763 1846 1839
f 1763 1839 1827
f 1763 1827 1825
f 1763 1825 1807
f 1763 1807 1793
f 1763 1793 1775
f 1766 1785 1786
f 1766 1786 1787
f 1766 1787 1784
f 1768 1773 1788
f 1772 1789 1790
f 1772 1790 1773
f 1773 1790 1791
f 1773 1791 1788
f 1775 1793 1792
f 1781 1794 1795
f 1781 1795 1782
f 1783 1796 1797
f 1784 1787 1799
f 1784 1799 1800
f 1784 1800 1801
f 1784 1801 1798
f 1785 1787 1786
f 1785 1802 1787
f 1787 1802 1803
f 1787 1803 1804
f 1787 1804 1805
f 1787 1805 1799
f 1789 1791 1790
f 1792 1793 1806
f 1793 1807 1808
f 1793 1808 1809
f 1793 1809 1806
f 1794 1810 1811
f 1794 1811 1795
f 1796 1812 1804
f 1796 1804 1803
f 1796 1803 1802
f 1796 1802 1797
f 1798 1801 1814
f 1798 1814 1815
f 1798 1815 1813
f 1799 1816 1817
f 1799 1817 1800
f 1799 1805 1818
f 1799 1818 1819
f 1799 1819 1820
f 1799 1820 1821
f 1799 1821 1822
f 1799 1822 1823
f 1799 1823 1816
f 1804 1812 1824
f 1804 1824 1805
f 1805 1824 1818
f 1807 1825 1808
f 1808 1825 1827
f 1808 1827 1826
f 1810 1828 1829
f 1810 1829 1811
f 1813 1815 1831
f 1813 1831 1832
f 1813 1832 1830
f 1816 1823 1833
f 1818 1824 1819
f 1819 1824 1820
f 1820 1824 1821
f 1821 1824 1822
f 1822 1824 1834
f 1822 1834 1838
f 1822 1838 1835
f 1822 1835 1823
f 1823 1835 1833
f 1824 1826 1834
f 1826 1827 1836
f 1826 1836 1837
f 1826 1837 1838
f 1826 1838 1834
f 1827 1839 1836
f 1828 1840 1829
f 1829 1840 1841
f 1830 1832 1842
f 1832 1841 1843
f 1832 1843 1842
f 1833 1835 1844
f 1835 1838 1845
f 1835 1845 1844
f 1836 1839 1837
f 1837 1839 1846
f 1837 1846 1845
f 1837 1845 1838
f 1840 1843 1841

o geometry_12
v 0.00818124 0.03163365 0.00244413
v 0.00818124 0.03163365 -0.00068061
v 0.00520448 0.03163365 0.00244413
v 0.00818124 0.02518734 0.00244413
v 0.00818045 0.03163365 -0.00155506
v 0.00818124 0.02606105 -0.00155506
v 0.00449673 0.03163365 -0.00471977
v 0.00427652 0.02839451 0.00244413
v 0.00818084 0.02431149 0.00244413
v 0.00818124 0.01906494 0.00194415
v 0.00816659 0.03163365 -0.00187623
v 0.00818124 0.01731325 -0.00243021
v 0.00818084 0.01818910 -0.00243021
v 0.00818005 0.01906494 -0.00243021
v 0.00817767 0.01993866 -0.00243021
v 0.00815708 0.01468998 -0.00330536
v 0.00413949 0.02518734 0.00244413
v 0.00413513 0.02568599 0.00244413
v 0.00413553 0.02606105 0.00244413
v 0.00414147 0.02693690 0.00244413
v 0.00416088 0.02781274 0.00244413
v 0.00752656 0.03163365 -0.00471977
v 0.00512131 0.01468998 -0.00471977
v 0.00450980 0.00986324 -0.00155506
v 0.00817886 0.02343778 0.00244413
v 0.00816421 0.00986324 0.00194415
v 0.00817292 0.00986324 0.00151919
v 0.00817966 0.01818910 0.00194415
v 0.00818124 0.00986324 0.00106900
v 0.00814124 0.03163365 -0.00243021
v 0.00818124 0.01468998 -0.00243021
v 0.00818124 0.00986324 -0.00068061
v 0.00806876 0.01468998 -0.00417981
v 0.00814045 0.01906494 -0.00330536
v 0.00450703 0.00986324 -0.00143164
v 0.00449198 0.00986324 -0.00068061
v 0.00443732 0.00986324 0.00244413
v 0.00774360 0.03163365 -0.00422469
v 0.00783905 0.02192050 -0.00471977
v 0.00518943 0.01411887 -0.00471977
v 0.00488803 0.00986324 -0.00223316
v 0.00817569 0.02256193 0.00244413
v 0.00816896 0.02081237 0.00244413
v 0.00816183 0.01906494 0.00244413
v 0.00811074 0.00986324 0.00244413
v 0.00812262 0.02168609 -0.00330536
v 0.00811510 0.02256193 -0.00330536
v 0.00810520 0.02343778 -0.00330536
v 0.00809054 0.03163365 -0.00275068
v 0.00813569 0.01993866 -0.00330536
v 0.00812975 0.02081237 -0.00330536
v 0.00809015 0.00986324 -0.00155506
v 0.00792261 0.01417854 -0.00471977
v 0.00796262 0.01468998 -0.00471977
v 0.00795786 0.01541452 -0.00471977
v 0.00805965 0.01556369 -0.00417981
v 0.00788895 0.03163365 -0.00378711
v 0.00785212 0.02149856 -0.00471977
v 0.00534904 0.01392495 -0.00471977
v 0.00568767 0.00986324 -0.00244774
v 0.00566312 0.01370758 -0.00471977
v 0.00800262 0.03163365 -0.00330536
v 0.00800737 0.01993866 -0.00417981
v 0.00793727 0.00986324 -0.00205785
v 0.00747309 0.01380348 -0.00471977
v 0.00795628 0.01556369 -0.00471977
v 0.00788737 0.02081237 -0.00466297
v 0.00787034 0.02081237 -0.00471977
v 0.00656216 0.00986324 -0.00247929
v 0.00619779 0.01356054 -0.00471977
v 0.00656216 0.01347530 -0.00471977
v 0.00799588 0.02081237 -0.00417981
v 0.00797569 0.02256193 -0.00413984
v 0.00789608 0.01993866 -0.00469452
v 0.00743705 0.00986324 -0.00230118
v 0.00691188 0.01356480 -0.00471977
v 0.00794440 0.01643954 -0.00471977
v 0.00788895 0.01993866 -0.00471977
v 0.00790440 0.01906494 -0.00471977
v 0.00790321 0.01913953 -0.00471977
f 1847 1848 1851
f 1847 1851 1857
f 1847 1857 1876
f 1847 1876 1895
f 1847 1895 1908
f 1847 1908 1903
f 1847 1903 1884
f 1847 1884 1868
f 1847 1868 1853
f 1847 1853 1849
f 1847 1849 1854
f 1847 1854 1867
f 1847 1867 1866
f 1847 1866 1865
f 1847 1865 1864
f 1847 1864 1863
f 1847 1863 1883
f 1847 1883 1891
f 1847 1891 1890
f 1847 1890 1889
f 1847 1889 1888
f 1847 1888 1871
f 1847 1871 1855
f 1847 1855 1850
f 1847 1850 1856
f 1847 1856 1875
f 1847 1875 1878
f 1847 1878 1877
f 1847 1877 1858
f 1847 1858 1852
f 1847 1852 1848
f 1848 1852 1851
f 1849 1853 1854
f 1850 1855 1856
f 1851 1852 1858
f 1851 1858 1859
f 1851 1859 1860
f 1851 1860 1861
f 1851 1861 1862
f 1851 1862 1857
f 1853 1863 1864
f 1853 1864 1865
f 1853 1865 1866
f 1853 1866 1867
f 1853 1867 1854
f 1853 1868 1885
f 1853 1885 1904
f 1853 1904 1914
f 1853 1914 1924
f 1853 1924 1926
f 1853 1926 1925
f 1853 1925 1923
f 1853 1923 1912
f 1853 1912 1901
f 1853 1901 1900
f 1853 1900 1899
f 1853 1899 1911
f 1853 1911 1922
f 1853 1922 1917
f 1853 1917 1916
f 1853 1916 1907
f 1853 1907 1905
f 1853 1905 1886
f 1853 1886 1869
f 1853 1869 1870
f 1853 1870 1863
f 1855 1871 1872
f 1855 1872 1873
f 1855 1873 1874
f 1855 1874 1856
f 1856 1874 1873
f 1856 1873 1875
f 1857 1862 1876
f 1858 1877 1862
f 1858 1862 1859
f 1859 1862 1860
f 1860 1862 1861
f 1862 1877 1878
f 1862 1878 1879
f 1862 1879 1880
f 1862 1880 1876
f 1863 1870 1881
f 1863 1881 1882
f 1863 1882 1883
f 1868 1884 1885
f 1869 1886 1870
f 1870 1886 1887
f 1870 1887 1906
f 1870 1906 1915
f 1870 1915 1921
f 1870 1921 1910
f 1870 1910 1898
f 1870 1898 1878
f 1870 1878 1875
f 1870 1875 1873
f 1870 1873 1872
f 1870 1872 1891
f 1870 1891 1883
f 1870 1883 1882
f 1870 1882 1881
f 1871 1888 1872
f 1872 1889 1890
f 1872 1890 1891
f 1872 1888 1889
f 1876 1892 1893
f 1876 1893 1894
f 1876 1894 1895
f 1876 1880 1896
f 1876 1896 1897
f 1876 1897 1892
f 1878 1898 1879
f 1879 1899 1900
f 1879 1900 1901
f 1879 1901 1902
f 1879 1902 1893
f 1879 1893 1892
f 1879 1892 1897
f 1879 1897 1896
f 1879 1896 1880
f 1879 1898 1899
f 1884 1903 1904
f 1884 1904 1885
f 1886 1905 1887
f 1887 1905 1907
f 1887 1907 1906
f 1893 1902 1894
f 1894 1908 1895
f 1894 1902 1909
f 1894 1909 1908
f 1898 1910 1899
f 1899 1910 1911
f 1901 1912 1902
f 1902 1912 1909
f 1903 1908 1913
f 1903 1913 1914
f 1903 1914 1904
f 1906 1907 1916
f 1906 1916 1917
f 1906 1917 1915
f 1908 1909 1918
f 1908 1918 1919
f 1908 1919 1920
f 1908 1920 1913
f 1909 1912 1918
f 1910 1921 1911
f 1911 1921 1922
f 1912 1923 1918
f 1913 1920 1924
f 1913 1924 1914
f 1915 1917 1922
f 1915 1922 1921
f 1918 1923 1925
f 1918 1925 1920
f 1918 1920 1919
f 1920 1925 1926
f 1920 1926 1924

o geometry_13
v 0.00218743 0.02518736 0.00823154
v 0.00306235 0.02518736 0.00823101
v 0.00218743 0.02606104 0.00822575
v 0.00000796 0.01993897 0.00811357
v 0.00218743 0.02431157 0.00822944
v 0.00373653 0.02586104 0.00821627
v 0.00306235 0.02606104 0.00822522
v 0.00306235 0.02431157 0.00822838
v 0.00373653 0.02498525 0.00821627
v 0.00373653 0.02518736 0.00821680
v 0.00218743 0.02693682 0.00821469
v 0.00000796 0.02038528 0.00805985
v 0.00000796 0.01950950 0.00809251
v 0.00131250 0.01993897 0.00812358
v 0.00218743 0.02081265 0.00816255
v 0.00218743 0.02781261 0.00819468
v 0.00218743 0.02868629 0.00816676
v 0.00218743 0.02956207 0.00813780
v 0.00142237 0.02956207 0.00788606
v 0.00306235 0.02256211 0.00820890
v 0.00306235 0.02343789 0.00822101
v 0.00373653 0.02673682 0.00820995
v 0.00373653 0.02761050 0.00819784
v 0.00306235 0.02693682 0.00821258
v 0.00373653 0.02411157 0.00820679
v 0.00306235 0.02781261 0.00819415
v 0.00000796 0.02081265 0.00800666
v 0.00000796 0.01906318 0.00807039
v 0.00218743 0.01906318 0.00808513
v 0.00218743 0.01993897 0.00812779
v 0.00306235 0.02081265 0.00815412
v 0.00306235 0.02168633 0.00818678
v 0.00373653 0.02848629 0.00817414
v 0.00373653 0.02868629 0.00816782
v 0.00373653 0.02956207 0.00813569
v 0.00373653 0.03043785 0.00807249
v 0.00306235 0.03043785 0.00807302
v 0.00218743 0.03043785 0.00802825
v 0.00153443 0.03043785 0.00780706
v 0.00105918 0.02956207 0.00719404
v 0.00373653 0.02256211 0.00817572
v 0.00373653 0.02323579 0.00819204
v 0.00373653 0.02781261 0.00819310
v 0.00000796 0.02143159 0.00775703
v 0.00000796 0.01863371 0.00804616
v 0.00000796 0.01688425 0.00794662
v 0.00000796 0.01644004 0.00792134
v 0.00218743 0.01818950 0.00803405
v 0.00306235 0.01818950 0.00801983
v 0.00306235 0.01906318 0.00806933
v 0.00306235 0.01993897 0.00811410
v 0.00373653 0.02148633 0.00813780
v 0.00373653 0.02168633 0.00814570
v 0.00373653 0.02236211 0.00817045
v 0.00373653 0.03092206 0.00788501
v 0.00306235 0.03106943 0.00782918
v 0.00218743 0.03101680 0.00778284
v 0.00167678 0.03093469 0.00770068
v 0.00128476 0.03043785 0.00719404
v 0.00124935 0.03043785 0.00631928
v 0.00102451 0.02956207 0.00631928
v 0.00000796 0.02165264 0.00719404
v 0.00218743 0.01731372 0.00797928
v 0.00000796 0.01556426 0.00786605
v 0.00373653 0.01886319 0.00798349
v 0.00373653 0.01973897 0.00803879
v 0.00373653 0.02061265 0.00809251
v 0.00218743 0.01644004 0.00792398
v 0.00306235 0.01731372 0.00796348
v 0.00373653 0.03106732 0.00782865
v 0.00373653 0.03124837 0.00733992
v 0.00306235 0.03129890 0.00719404
v 0.00218743 0.03119153 0.00719404
v 0.00162604 0.03097890 0.00719404
v 0.00124278 0.03043785 0.00544451
v 0.00160925 0.03099575 0.00631928
v 0.00160195 0.03100206 0.00544451
v 0.00102524 0.02956207 0.00544451
v 0.00000796 0.02173475 0.00456975
v 0.00000796 0.02173475 0.00499949
v 0.00000796 0.02173054 0.00544451
v 0.00000796 0.02172001 0.00587373
v 0.00000796 0.02170738 0.00631928
v 0.00000796 0.01468847 0.00779916
v 0.00131250 0.01468847 0.00779969
v 0.00218743 0.01556426 0.00786657
v 0.00373653 0.01798740 0.00792345
v 0.00306235 0.01644004 0.00790133
v 0.00373653 0.03130101 0.00719404
v 0.00373653 0.03133890 0.00651993
v 0.00306235 0.03134732 0.00631928
v 0.00218743 0.03123153 0.00631928
v 0.00125848 0.03043785 0.00456975
v 0.00159684 0.03100417 0.00456975
v 0.00218743 0.03124627 0.00544451
v 0.00106539 0.02956207 0.00456975
v 0.00000796 0.02161054 0.00424164
v 0.00000796 0.01381479 0.00772227
v 0.00218743 0.01468847 0.00779969
v 0.00306235 0.01556426 0.00783550
v 0.00358213 0.01403585 0.00765117
v 0.00373653 0.01711372 0.00785815
v 0.00373653 0.03134943 0.00631928
v 0.00373653 0.03137048 0.00544451
v 0.00306235 0.03136627 0.00544451
v 0.00151435 0.03043785 0.00396304
v 0.00164794 0.03095995 0.00404362
v 0.00218743 0.03124206 0.00456975
v 0.00000796 0.02081265 0.00361124
v 0.00000796 0.02114528 0.00376555
v 0.00000796 0.02148843 0.00392513
v 0.00000796 0.01347585 0.00769015
v 0.00218743 0.01381479 0.00772227
v 0.00283167 0.01321059 0.00764801
v 0.00306235 0.01468847 0.00776440
v 0.00341495 0.01345269 0.00762484
v 0.00373653 0.01390743 0.00760167
v 0.00373653 0.01421690 0.00763011
v 0.00370477 0.01468847 0.00768014
v 0.00373653 0.01031376 0.00724249
v 0.00373653 0.01480637 0.00768277
v 0.00373653 0.03135785 0.00477040
v 0.00306235 0.03135364 0.00456975
v 0.00218743 0.03043785 0.00376239
v 0.00000796 0.01993897 0.00349433
v 0.00000796 0.02036844 0.00355173
v 0.00218743 0.03105259 0.00396778
v 0.00000796 0.01312638 0.00765644
v 0.00218743 0.01312638 0.00765644
v 0.00218743 0.01268848 0.00761273
v 0.00218743 0.01206533 0.00754690
v 0.00306235 0.01118955 0.00742208
v 0.00306235 0.01206533 0.00751477
v 0.00309886 0.01292638 0.00759904
v 0.00309886 0.01377269 0.00767961
v 0.00373653 0.00986324 0.00719352
v 0.00373653 0.01472847 0.00767593
v 0.00373653 0.03135364 0.00456975
v 0.00373653 0.03115995 0.00407838
v 0.00306235 0.03110101 0.00393619
v 0.00306235 0.03043785 0.00373079
v 0.00373653 0.02889260 0.00355226
v 0.00373653 0.02784208 0.00346378
v 0.00218743 0.02956207 0.00371131
v 0.00373653 0.02693682 0.00343166
v 0.00373653 0.00986324 0.00285181
v 0.00000796 0.00986324 0.00325575
v 0.00000796 0.01268848 0.00761273
v 0.00000796 0.01238112 0.00758060
v 0.00000796 0.01206533 0.00754690
v 0.00218743 0.01118955 0.00744999
v 0.00306235 0.01031376 0.00732360
v 0.00306235 0.00986324 0.00726988
v 0.00373653 0.03110101 0.00393303
v 0.00373653 0.03058943 0.00377187
v 0.00373653 0.03043785 0.00372447
v 0.00000796 0.00986324 0.00728831
v 0.00000796 0.01163376 0.00749897
v 0.00000796 0.01118955 0.00744947
v 0.00000796 0.01076008 0.00739838
v 0.00000796 0.01031376 0.00734519
v 0.00218743 0.01031376 0.00734519
v 0.00218743 0.00986324 0.00728884
v 0.00173774 0.00986324 0.00728884
f 1927 1928 1933
f 1927 1933 1929
f 1927 1929 1930
f 1927 1930 1931
f 1927 1931 1928
f 1928 1932 1933
f 1928 1931 1934
f 1928 1934 1935
f 1928 1935 1936
f 1928 1936 1932
f 1929 1933 1937
f 1929 1937 1930
f 1930 1938 1953
f 1930 1953 1970
f 1930 1970 1988
f 1930 1988 2009
f 1930 2009 2008
f 1930 2008 2007
f 1930 2007 2006
f 1930 2006 2005
f 1930 2005 2023
f 1930 2023 2037
f 1930 2037 2036
f 1930 2036 2035
f 1930 2035 2052
f 1930 2052 2051
f 1930 2051 2073
f 1930 2073 2083
f 1930 2083 2087
f 1930 2087 2086
f 1930 2086 2085
f 1930 2085 2084
f 1930 2084 2076
f 1930 2076 2075
f 1930 2075 2074
f 1930 2074 2054
f 1930 2054 2038
f 1930 2038 2024
f 1930 2024 2010
f 1930 2010 1990
f 1930 1990 1973
f 1930 1973 1972
f 1930 1972 1971
f 1930 1971 1954
f 1930 1954 1939
f 1930 1939 1940
f 1930 1940 1941
f 1930 1941 1931
f 1930 1937 1942
f 1930 1942 1943
f 1930 1943 1944
f 1930 1944 1945
f 1930 1945 1938
f 1931 1941 1946
f 1931 1946 1947
f 1931 1947 1934
f 1932 1948 1933
f 1932 1936 1935
f 1932 1935 1951
f 1932 1951 1968
f 1932 1968 1967
f 1932 1967 1980
f 1932 1980 1979
f 1932 1979 1978
f 1932 1978 1993
f 1932 1993 1992
f 1932 1992 1991
f 1932 1991 2013
f 1932 2013 2028
f 1932 2028 2047
f 1932 2047 2063
f 1932 2063 2044
f 1932 2044 2043
f 1932 2043 2046
f 1932 2046 2062
f 1932 2062 2072
f 1932 2072 2071
f 1932 2071 2069
f 1932 2069 2068
f 1932 2068 2082
f 1932 2082 2081
f 1932 2081 2080
f 1932 2080 2065
f 1932 2065 2064
f 1932 2064 2048
f 1932 2048 2030
f 1932 2030 2029
f 1932 2029 2016
f 1932 2016 2015
f 1932 2015 1997
f 1932 1997 1996
f 1932 1996 1981
f 1932 1981 1962
f 1932 1962 1961
f 1932 1961 1960
f 1932 1960 1959
f 1932 1959 1969
f 1932 1969 1949
f 1932 1949 1948
f 1933 1948 1949
f 1933 1949 1950
f 1933 1950 1937
f 1934 1947 1935
f 1935 1947 1951
f 1937 1950 1949
f 1937 1949 1952
f 1937 1952 1942
f 1938 1945 1953
f 1939 1954 1940
f 1940 1954 1955
f 1940 1955 1956
f 1940 1956 1941
f 1941 1956 1957
f 1941 1957 1958
f 1941 1958 1946
f 1942 1952 1959
f 1942 1959 1960
f 1942 1960 1943
f 1943 1960 1944
f 1944 1961 1962
f 1944 1962 1963
f 1944 1963 1964
f 1944 1964 1945
f 1944 1960 1961
f 1945 1964 1965
f 1945 1965 1966
f 1945 1966 1953
f 1946 1967 1968
f 1946 1968 1951
f 1946 1951 1947
f 1946 1958 1967
f 1949 1969 1952
f 1952 1969 1959
f 1953 1966 1970
f 1954 1971 1955
f 1955 1971 1972
f 1955 1972 1973
f 1955 1973 1974
f 1955 1974 1975
f 1955 1975 1976
f 1955 1976 1977
f 1955 1977 1956
f 1956 1977 1957
f 1957 1977 1978
f 1957 1978 1979
f 1957 1979 1958
f 1958 1979 1980
f 1958 1980 1967
f 1962 1981 1982
f 1962 1982 1963
f 1963 1982 1964
f 1964 1982 1983
f 1964 1983 1984
f 1964 1984 1965
f 1965 1985 1966
f 1965 1984 1985
f 1966 1985 1986
f 1966 1986 1987
f 1966 1987 1988
f 1966 1988 1970
f 1973 1989 1974
f 1973 1990 1989
f 1974 1989 1975
f 1975 1991 1992
f 1975 1992 1993
f 1975 1993 1976
f 1975 1989 1994
f 1975 1994 1995
f 1975 1995 1991
f 1976 1993 1978
f 1976 1978 1977
f 1981 1996 1982
f 1982 1996 1997
f 1982 1997 1998
f 1982 1998 1983
f 1983 1998 1999
f 1983 1999 1984
f 1984 1999 2000
f 1984 2000 1985
f 1985 2000 1986
f 1986 2001 1987
f 1986 2000 2002
f 1986 2002 2003
f 1986 2003 2001
f 1987 2001 2004
f 1987 2004 2005
f 1987 2005 2006
f 1987 2006 2007
f 1987 2007 2008
f 1987 2008 2009
f 1987 2009 1988
f 1989 1990 1994
f 1990 2010 2011
f 1990 2011 2012
f 1990 2012 1994
f 1991 1995 2013
f 1994 2012 1995
f 1995 2012 2014
f 1995 2014 2013
f 1997 2015 1998
f 1998 2015 2016
f 1998 2016 2017
f 1998 2017 1999
f 1999 2018 2000
f 1999 2017 2018
f 2000 2018 2002
f 2001 2019 2004
f 2001 2003 2020
f 2001 2020 2019
f 2002 2018 2021
f 2002 2021 2003
f 2003 2021 2020
f 2004 2019 2022
f 2004 2022 2005
f 2005 2022 2023
f 2010 2024 2011
f 2011 2024 2039
f 2011 2039 2025
f 2011 2025 2012
f 2012 2025 2026
f 2012 2026 2014
f 2013 2014 2027
f 2013 2027 2028
f 2014 2026 2027
f 2016 2029 2017
f 2017 2029 2030
f 2017 2030 2031
f 2017 2031 2018
f 2018 2031 2021
f 2019 2032 2022
f 2019 2020 2033
f 2019 2033 2032
f 2020 2021 2034
f 2020 2034 2033
f 2021 2031 2034
f 2022 2032 2035
f 2022 2035 2036
f 2022 2036 2037
f 2022 2037 2023
f 2024 2038 2039
f 2025 2039 2040
f 2025 2040 2041
f 2025 2041 2026
f 2026 2041 2042
f 2026 2042 2027
f 2027 2043 2044
f 2027 2044 2045
f 2027 2045 2028
f 2027 2042 2046
f 2027 2046 2043
f 2028 2045 2047
f 2030 2048 2049
f 2030 2049 2031
f 2031 2049 2034
f 2032 2033 2050
f 2032 2050 2051
f 2032 2051 2052
f 2032 2052 2035
f 2033 2034 2053
f 2033 2053 2050
f 2034 2049 2053
f 2038 2054 2055
f 2038 2055 2039
f 2039 2055 2040
f 2040 2055 2056
f 2040 2056 2057
f 2040 2057 2058
f 2040 2058 2059
f 2040 2059 2060
f 2040 2060 2042
f 2040 2042 2061
f 2040 2061 2041
f 2041 2061 2042
f 2042 2060 2059
f 2042 2059 2058
f 2042 2058 2062
f 2042 2062 2046
f 2044 2063 2045
f 2045 2063 2047
f 2048 2064 2049
f 2049 2064 2065
f 2049 2065 2066
f 2049 2066 2053
f 2050 2053 2066
f 2050 2066 2067
f 2050 2067 2068
f 2050 2068 2069
f 2050 2069 2070
f 2050 2070 2051
f 2051 2070 2069
f 2051 2069 2071
f 2051 2071 2072
f 2051 2072 2073
f 2054 2074 2056
f 2054 2056 2055
f 2056 2074 2075
f 2056 2075 2057
f 2057 2075 2076
f 2057 2076 2077
f 2057 2077 2058
f 2058 2077 2078
f 2058 2078 2062
f 2062 2078 2079
f 2062 2079 2089
f 2062 2089 2090
f 2062 2090 2083
f 2062 2083 2073
f 2062 2073 2072
f 2065 2080 2066
f 2066 2080 2081
f 2066 2081 2082
f 2066 2082 2067
f 2067 2082 2068
f 2076 2084 2077
f 2077 2084 2085
f 2077 2085 2086
f 2077 2086 2087
f 2077 2087 2088
f 2077 2088 2079
f 2077 2079 2078
f 2079 2088 2089
f 2083 2090 2087
f 2087 2090 2089
f 2087 2089 2088

o geometry_14
v -0.00408778 0.00396602 -0.00305796
v -0.00410942 0.00396602 -0.00303272
v -0.00792119 0.00632386 -0.00119914
v -0.00789354 0.00721370 -0.00201092
v -0.00743716 0.00768774 -0.00226536
v -0.00743716 0.00856319 -0.00230171
v -0.00743716 0.01096350 -0.00234513
v -0.00656205 0.01096350 -0.00252384
v -0.00633726 0.01096350 -0.00250668
v -0.00408778 0.00856319 -0.00241883
v -0.00408778 0.00396602 0.00599684
v -0.00446003 0.00396602 -0.00261168
v -0.00797528 0.00687873 -0.00151618
v -0.00451091 0.00396602 -0.00251677
v -0.00457142 0.00396602 -0.00237441
v -0.00481864 0.00396602 -0.00177769
v -0.00487915 0.00396602 -0.00154344
v -0.00797248 0.00626221 -0.00068017
v -0.00812554 0.00681365 -0.00068017
v -0.00807305 0.00768774 -0.00155455
v -0.00791999 0.00768774 -0.00203920
v -0.00793722 0.00856319 -0.00205838
v -0.00795365 0.01096350 -0.00207857
v -0.00568774 0.01096350 -0.00235623
v -0.00408778 0.00873102 -0.00238451
v -0.00408778 0.00417427 0.00612002
v -0.00481263 0.00438046 0.00603622
v -0.00538722 0.00452157 0.00594534
v -0.00636451 0.00445307 0.00521232
v -0.00415149 0.00396602 0.00595443
v -0.00499655 0.00396602 -0.00087806
v -0.00701443 0.00461474 0.00406734
v -0.00800814 0.00621357 0.00019522
v -0.00788353 0.00549019 0.00320003
v -0.00816120 0.00681365 0.00019522
v -0.00818124 0.00768774 -0.00068017
v -0.00809028 0.00856319 -0.00155455
v -0.00810671 0.01096350 -0.00155455
v -0.00552025 0.01096350 -0.00229363
v -0.00408778 0.00925849 -0.00218459
v -0.00408778 0.00494629 0.00637648
v -0.00481263 0.00506411 0.00625935
v -0.00478258 0.00677803 0.00664505
v -0.00550543 0.00506411 0.00600492
v -0.00594258 0.00506411 0.00577976
v -0.00482986 0.00396602 0.00548190
v -0.00482746 0.00396602 0.00548695
v -0.00651757 0.00506411 0.00534156
v -0.00695513 0.00506411 0.00482763
v -0.00701443 0.00461474 0.00419254
v -0.00661855 0.00445307 0.00451867
v -0.00522414 0.00396602 0.00456915
v -0.00501498 0.00396602 -0.00068017
v -0.00802177 0.00617521 0.00106961
v -0.00788353 0.00549019 0.00328484
v -0.00802177 0.00610260 0.00194500
v -0.00817483 0.00681365 0.00106961
v -0.00818124 0.00768774 0.00106961
v -0.00818124 0.01096350 -0.00068017
v -0.00515723 0.01096350 -0.00209069
v -0.00408778 0.00937425 -0.00198770
v -0.00408778 0.00506411 0.00641485
v -0.00424686 0.00646223 0.00674400
v -0.00447084 0.00704519 0.00678439
v -0.00502740 0.00768774 0.00668544
v -0.00622026 0.00768774 0.00597261
v -0.00568774 0.00768774 0.00633912
v -0.00699239 0.00559568 0.00499827
v -0.00629158 0.00856319 0.00603521
v -0.00775050 0.00593888 0.00378968
v -0.00716389 0.00506411 0.00439044
v -0.00790957 0.00593888 0.00335249
v -0.00807345 0.00681365 0.00281938
v -0.00816802 0.00681365 0.00194500
v -0.00818124 0.01096350 0.00106961
v -0.00509752 0.01096350 -0.00193318
v -0.00408778 0.00953386 -0.00155455
v -0.00408778 0.00620398 0.00670361
v -0.00408778 0.00663006 0.00678237
v -0.00408778 0.00750689 0.00689545
v -0.00408778 0.00836111 0.00699440
v -0.00408778 0.00926945 0.00709335
v -0.00459025 0.00768774 0.00682276
v -0.00471807 0.00856319 0.00687021
v -0.00515522 0.00856319 0.00672381
v -0.00568774 0.00856319 0.00644009
v -0.00701323 0.00617932 0.00502149
v -0.00725845 0.00590805 0.00465195
v -0.00632364 0.00943796 0.00606146
v -0.00676119 0.00943796 0.00555359
v -0.00574905 0.01031273 0.00652187
v -0.00578751 0.01096350 0.00653803
v -0.00776092 0.00681365 0.00385026
v -0.00793321 0.00681365 0.00341307
v -0.00807466 0.00768774 0.00281938
v -0.00793562 0.00768774 0.00342115
v -0.00807386 0.00856319 0.00281938
v -0.00816601 0.00856319 0.00194500
v -0.00816481 0.00943796 0.00194500
v -0.00816321 0.01031273 0.00194500
v -0.00816201 0.01096350 0.00194500
v -0.00408778 0.01096350 0.00324647
v -0.00408778 0.01017230 0.00718119
v -0.00408778 0.01031273 0.00719432
v -0.00408778 0.01096350 0.00725490
v -0.00416231 0.01096350 0.00723470
v -0.00481263 0.01031273 0.00698935
v -0.00488476 0.00942632 0.00689040
v -0.00522454 0.00912628 0.00674703
v -0.00527303 0.00970991 0.00676823
v -0.00531189 0.01031273 0.00679045
v -0.00534996 0.01096350 0.00681367
v -0.00546255 0.01096350 0.00674501
v -0.00702845 0.00681365 0.00503865
v -0.00735181 0.00681365 0.00456915
v -0.00634327 0.01031273 0.00608468
v -0.00594018 0.01096350 0.00642595
v -0.00635449 0.01096350 0.00610083
v -0.00646709 0.01096350 0.00596655
v -0.00678043 0.01031273 0.00556369
v -0.00707173 0.00943796 0.00511539
v -0.00705891 0.00856319 0.00508813
v -0.00739148 0.00856319 0.00456915
v -0.00740550 0.00943796 0.00456915
v -0.00776612 0.00768774 0.00385935
v -0.00793562 0.00856319 0.00342519
v -0.00776973 0.00856319 0.00386238
v -0.00807145 0.00943796 0.00281938
v -0.00793441 0.00943796 0.00342418
v -0.00806664 0.01031273 0.00281938
v -0.00806264 0.01096350 0.00281938
v -0.00481263 0.01096350 0.00704085
v -0.00494085 0.01096350 0.00698935
v -0.00679205 0.01096350 0.00557075
v -0.00686778 0.01096350 0.00545868
v -0.00707533 0.01031273 0.00512649
v -0.00707734 0.01096350 0.00513356
v -0.00716268 0.01096350 0.00499019
v -0.00740671 0.01031273 0.00456915
v -0.00777093 0.00943796 0.00386137
v -0.00740751 0.01096350 0.00456915
v -0.00776853 0.01031273 0.00385430
v -0.00776693 0.01096350 0.00384723
v -0.00780860 0.01096350 0.00373516
v -0.00793121 0.01031273 0.00341610
v -0.00792840 0.01096350 0.00341004
v -0.00750047 0.01096350 0.00438539
f 2091 2092 2093
f 2091 2093 2094
f 2091 2094 2095
f 2091 2095 2096
f 2091 2096 2097
f 2091 2097 2098
f 2091 2098 2099
f 2091 2099 2100
f 2091 2100 2115
f 2091 2115 2130
f 2091 2130 2151
f 2091 2151 2167
f 2091 2167 2192
f 2091 2192 2195
f 2091 2195 2194
f 2091 2194 2193
f 2091 2193 2172
f 2091 2172 2171
f 2091 2171 2170
f 2091 2170 2169
f 2091 2169 2168
f 2091 2168 2152
f 2091 2152 2131
f 2091 2131 2116
f 2091 2116 2101
f 2091 2101 2120
f 2091 2120 2137
f 2091 2137 2136
f 2091 2136 2142
f 2091 2142 2143
f 2091 2143 2121
f 2091 2121 2107
f 2091 2107 2106
f 2091 2106 2105
f 2091 2105 2104
f 2091 2104 2102
f 2091 2102 2092
f 2092 2102 2093
f 2093 2103 2094
f 2093 2102 2104
f 2093 2104 2105
f 2093 2105 2106
f 2093 2106 2107
f 2093 2107 2108
f 2093 2108 2109
f 2093 2109 2103
f 2094 2110 2111
f 2094 2111 2095
f 2094 2103 2110
f 2095 2111 2096
f 2096 2111 2112
f 2096 2112 2097
f 2097 2112 2113
f 2097 2113 2128
f 2097 2128 2149
f 2097 2149 2165
f 2097 2165 2191
f 2097 2191 2221
f 2097 2221 2236
f 2097 2236 2234
f 2097 2234 2233
f 2097 2233 2237
f 2097 2237 2231
f 2097 2231 2228
f 2097 2228 2227
f 2097 2227 2225
f 2097 2225 2224
f 2097 2224 2209
f 2097 2209 2208
f 2097 2208 2207
f 2097 2207 2182
f 2097 2182 2203
f 2097 2203 2202
f 2097 2202 2223
f 2097 2223 2222
f 2097 2222 2196
f 2097 2196 2195
f 2097 2195 2192
f 2097 2192 2166
f 2097 2166 2150
f 2097 2150 2129
f 2097 2129 2114
f 2097 2114 2099
f 2097 2099 2098
f 2099 2114 2100
f 2100 2114 2115
f 2101 2116 2117
f 2101 2117 2118
f 2101 2118 2119
f 2101 2119 2120
f 2103 2109 2110
f 2107 2121 2122
f 2107 2122 2108
f 2108 2123 2109
f 2108 2122 2124
f 2108 2124 2123
f 2109 2123 2125
f 2109 2125 2126
f 2109 2126 2110
f 2110 2127 2112
f 2110 2112 2111
f 2110 2126 2127
f 2112 2127 2113
f 2113 2127 2128
f 2114 2129 2115
f 2115 2129 2130
f 2116 2131 2117
f 2117 2131 2132
f 2117 2132 2118
f 2118 2132 2133
f 2118 2133 2134
f 2118 2134 2135
f 2118 2135 2119
f 2119 2136 2137
f 2119 2137 2120
f 2119 2135 2138
f 2119 2138 2139
f 2119 2139 2140
f 2119 2140 2141
f 2119 2141 2142
f 2119 2142 2136
f 2121 2143 2122
f 2122 2141 2140
f 2122 2140 2145
f 2122 2145 2124
f 2122 2143 2141
f 2123 2144 2125
f 2123 2124 2144
f 2124 2145 2146
f 2124 2146 2144
f 2125 2144 2146
f 2125 2146 2147
f 2125 2147 2126
f 2126 2147 2148
f 2126 2148 2165
f 2126 2165 2149
f 2126 2149 2128
f 2126 2128 2127
f 2129 2150 2130
f 2130 2150 2151
f 2131 2152 2132
f 2132 2152 2153
f 2132 2153 2133
f 2133 2153 2154
f 2133 2154 2155
f 2133 2155 2134
f 2134 2155 2135
f 2135 2156 2138
f 2135 2155 2157
f 2135 2157 2156
f 2138 2158 2139
f 2138 2156 2159
f 2138 2159 2158
f 2139 2158 2160
f 2139 2160 2145
f 2139 2145 2161
f 2139 2161 2140
f 2140 2161 2145
f 2141 2143 2142
f 2145 2160 2162
f 2145 2162 2163
f 2145 2163 2164
f 2145 2164 2146
f 2146 2164 2147
f 2147 2164 2148
f 2148 2164 2165
f 2150 2166 2151
f 2151 2166 2167
f 2152 2168 2153
f 2153 2168 2169
f 2153 2169 2170
f 2153 2170 2154
f 2154 2170 2171
f 2154 2171 2172
f 2154 2172 2173
f 2154 2173 2155
f 2155 2173 2174
f 2155 2174 2175
f 2155 2175 2157
f 2156 2157 2159
f 2157 2175 2176
f 2157 2176 2159
f 2158 2177 2178
f 2158 2178 2160
f 2158 2159 2177
f 2159 2179 2180
f 2159 2180 2177
f 2159 2176 2181
f 2159 2181 2182
f 2159 2182 2179
f 2160 2183 2184
f 2160 2184 2162
f 2160 2178 2183
f 2162 2184 2163
f 2163 2185 2164
f 2163 2184 2186
f 2163 2186 2185
f 2164 2185 2187
f 2164 2187 2188
f 2164 2188 2165
f 2165 2188 2189
f 2165 2189 2190
f 2165 2190 2191
f 2166 2192 2167
f 2172 2193 2173
f 2173 2193 2194
f 2173 2194 2195
f 2173 2195 2174
f 2174 2195 2196
f 2174 2196 2197
f 2174 2197 2198
f 2174 2198 2175
f 2175 2199 2176
f 2175 2198 2199
f 2176 2199 2200
f 2176 2200 2201
f 2176 2201 2202
f 2176 2202 2203
f 2176 2203 2181
f 2177 2204 2178
f 2177 2180 2204
f 2178 2204 2205
f 2178 2205 2183
f 2179 2206 2180
f 2179 2182 2207
f 2179 2207 2206
f 2180 2206 2208
f 2180 2208 2209
f 2180 2209 2210
f 2180 2210 2211
f 2180 2211 2212
f 2180 2212 2204
f 2181 2203 2182
f 2183 2205 2213
f 2183 2213 2214
f 2183 2214 2215
f 2183 2215 2184
f 2184 2215 2186
f 2185 2186 2216
f 2185 2216 2187
f 2186 2215 2217
f 2186 2217 2216
f 2187 2218 2191
f 2187 2191 2190
f 2187 2190 2189
f 2187 2189 2188
f 2187 2216 2219
f 2187 2219 2218
f 2191 2218 2220
f 2191 2220 2221
f 2196 2222 2197
f 2197 2222 2199
f 2197 2199 2198
f 2199 2222 2223
f 2199 2223 2200
f 2200 2223 2201
f 2201 2223 2202
f 2204 2212 2205
f 2205 2212 2211
f 2205 2211 2213
f 2206 2207 2208
f 2209 2224 2210
f 2210 2224 2211
f 2211 2224 2225
f 2211 2225 2226
f 2211 2226 2214
f 2211 2214 2213
f 2214 2226 2227
f 2214 2227 2228
f 2214 2228 2229
f 2214 2229 2217
f 2214 2217 2215
f 2216 2217 2230
f 2216 2230 2219
f 2217 2229 2231
f 2217 2231 2230
f 2218 2219 2220
f 2219 2230 2232
f 2219 2232 2233
f 2219 2233 2234
f 2219 2234 2235
f 2219 2235 2220
f 2220 2235 2221
f 2221 2235 2236
f 2225 2227 2226
f 2228 2231 2229
f 2230 2231 2237
f 2230 2237 2232
f 2232 2237 2233
f 2234 2236 2235

o geometry_15
v 0.00636577 0.03218112 0.00690063
v 0.00580902 0.03306360 0.00687446
v 0.00564195 0.03218112 0.00688492
v 0.00637294 0.03218112 0.00689845
v 0.00635287 0.03306360 0.00687446
v 0.00631630 0.03393864 0.00685046
v 0.00532898 0.03706823 0.00676583
v 0.00523290 0.03706823 0.00676583
v 0.00527126 0.03218112 0.00665983
v 0.00523541 0.03656375 0.00676496
v 0.00680673 0.03218112 0.00662930
v 0.00679024 0.03306360 0.00661970
v 0.00675368 0.03393864 0.00660705
v 0.00669954 0.03481367 0.00658785
v 0.00626252 0.03481367 0.00682036
v 0.00591227 0.03674233 0.00673050
v 0.00564733 0.03739116 0.00668731
v 0.00568748 0.03831382 0.00656473
v 0.00568748 0.03918886 0.00644608
v 0.00568748 0.04006241 0.00632437
v 0.00568748 0.04093745 0.00619612
v 0.00618509 0.03568871 0.00678328
v 0.00613311 0.03615897 0.00675973
v 0.00489268 0.03831382 0.00623713
v 0.00497693 0.03739116 0.00638632
v 0.00517160 0.04251787 0.00592566
v 0.00508484 0.04181248 0.00598019
v 0.00500095 0.04093745 0.00604475
v 0.00494144 0.04006241 0.00610975
v 0.00490595 0.03918886 0.00617387
v 0.00515475 0.03218112 0.00628119
v 0.00453059 0.03831382 0.00544407
v 0.00728462 0.03218112 0.00619132
v 0.00729000 0.03306360 0.00618216
v 0.00728390 0.03393864 0.00616951
v 0.00727207 0.03481367 0.00615032
v 0.00725343 0.03568871 0.00612371
v 0.00722654 0.03656375 0.00608925
v 0.00719535 0.03743878 0.00605260
v 0.00715592 0.03831382 0.00601203
v 0.00662210 0.03568871 0.00656124
v 0.00620301 0.04241965 0.00590909
v 0.00568748 0.04181248 0.00605915
v 0.00656223 0.03743878 0.00642863
v 0.00656223 0.03831382 0.00633964
v 0.00656223 0.03918886 0.00623844
v 0.00656223 0.04006241 0.00613331
v 0.00633638 0.04181248 0.00596056
v 0.00457576 0.04006241 0.00544407
v 0.00454027 0.03918886 0.00544407
v 0.00568748 0.04257888 0.00593526
v 0.00568748 0.04301640 0.00586328
v 0.00568748 0.04356256 0.00571540
v 0.00515797 0.04497780 0.00506455
v 0.00501027 0.04443610 0.00520414
v 0.00489627 0.04356256 0.00537645
v 0.00471916 0.04181248 0.00544407
v 0.00463563 0.04093745 0.00544407
v 0.00504433 0.03218112 0.00544407
v 0.00459261 0.03743878 0.00544407
v 0.00452593 0.03831382 0.00456943
v 0.00451876 0.04268752 0.00456943
v 0.00451876 0.03918886 0.00456943
v 0.00728856 0.03218112 0.00618740
v 0.00728892 0.03218856 0.00618696
v 0.00772737 0.03306360 0.00561201
v 0.00772164 0.03393864 0.00560940
v 0.00770945 0.03481367 0.00560198
v 0.00769081 0.03568871 0.00558977
v 0.00766392 0.03656375 0.00557057
v 0.00763309 0.03743878 0.00554658
v 0.00759365 0.03831382 0.00551430
v 0.00754346 0.03918886 0.00547635
v 0.00755744 0.04003711 0.00536206
v 0.00710573 0.03918886 0.00596623
v 0.00704872 0.04006241 0.00591912
v 0.00652137 0.04270091 0.00573372
v 0.00656223 0.04356256 0.00550732
v 0.00701216 0.04055648 0.00589076
v 0.00659701 0.04088387 0.00600767
v 0.00691178 0.04113983 0.00584060
v 0.00677339 0.04181248 0.00578389
v 0.00453059 0.04356256 0.00456943
v 0.00624245 0.04495547 0.00505582
v 0.00568748 0.04443610 0.00537689
v 0.00568748 0.04501202 0.00508723
v 0.00568748 0.04544954 0.00479801
v 0.00507372 0.04591683 0.00429374
v 0.00494287 0.04528584 0.00457903
v 0.00464460 0.04443610 0.00456943
v 0.00503465 0.03218112 0.00456943
v 0.00459190 0.03743878 0.00369480
v 0.00452593 0.03831382 0.00281972
v 0.00455389 0.03793880 0.00244413
v 0.00459154 0.03743878 0.00244413
v 0.00451876 0.04443610 0.00369480
v 0.00451876 0.03918886 0.00369480
v 0.00772630 0.03218112 0.00560722
v 0.00772630 0.03218856 0.00560765
v 0.00794929 0.03306360 0.00517448
v 0.00794965 0.03393864 0.00517186
v 0.00794893 0.03481367 0.00516444
v 0.00794642 0.03568871 0.00515223
v 0.00793997 0.03656375 0.00513304
v 0.00793029 0.03743878 0.00510904
v 0.00791451 0.03831382 0.00507676
v 0.00789372 0.03918886 0.00503881
v 0.00788010 0.03973204 0.00501569
v 0.00786360 0.04031391 0.00498036
v 0.00732764 0.04088387 0.00550688
v 0.00718926 0.04356256 0.00516881
v 0.00707705 0.04413103 0.00506804
v 0.00654503 0.04442867 0.00518146
v 0.00735166 0.04181248 0.00534635
v 0.00729358 0.04268752 0.00527437
v 0.00456931 0.04531114 0.00369480
v 0.00682538 0.04471439 0.00492278
v 0.00661386 0.04534686 0.00459909
v 0.00640234 0.04590343 0.00427541
v 0.00568748 0.04598974 0.00436092
v 0.00568748 0.04642726 0.00391160
v 0.00509201 0.04673829 0.00341256
v 0.00490308 0.04619958 0.00370047
v 0.00521641 0.03218112 0.00244413
v 0.00452916 0.03831382 0.00244413
v 0.00451876 0.04531114 0.00281972
v 0.00794463 0.03218112 0.00517404
v 0.00794642 0.03218112 0.00517012
v 0.00809663 0.03218112 0.00456943
v 0.00810058 0.03306360 0.00456943
v 0.00810165 0.03393864 0.00456943
v 0.00810093 0.03481367 0.00456943
v 0.00809807 0.03568871 0.00456943
v 0.00809054 0.03656375 0.00456943
v 0.00807907 0.03743878 0.00456943
v 0.00806114 0.03831382 0.00456943
v 0.00803784 0.03918886 0.00456943
v 0.00798980 0.04003711 0.00464141
v 0.00783779 0.04093745 0.00490489
v 0.00791200 0.04356256 0.00421478
v 0.00789085 0.04405216 0.00416112
v 0.00762699 0.04356256 0.00465231
v 0.00743017 0.04438402 0.00454195
v 0.00719965 0.04515637 0.00433954
v 0.00458508 0.04618618 0.00281972
v 0.00455748 0.04618618 0.00244413
v 0.00698563 0.04573973 0.00412361
v 0.00666297 0.04624422 0.00375718
v 0.00634068 0.04672192 0.00339118
v 0.00568748 0.04678293 0.00347407
v 0.00568748 0.04718474 0.00281972
v 0.00568748 0.04738266 0.00244413
v 0.00547166 0.04730379 0.00244413
v 0.00495040 0.04691835 0.00281972
v 0.00818088 0.03218112 0.00244413
v 0.00454099 0.04531114 0.00244413
v 0.00817730 0.03218112 0.00370265
v 0.00817801 0.03218112 0.00369480
v 0.00817909 0.03306360 0.00369480
v 0.00817981 0.03481367 0.00369480
v 0.00817945 0.03568871 0.00369480
v 0.00817837 0.03656375 0.00369480
v 0.00817694 0.03743878 0.00369480
v 0.00817443 0.03831382 0.00369480
v 0.00798263 0.04093745 0.00446779
v 0.00791057 0.04498523 0.00335672
v 0.00813822 0.03918886 0.00369480
v 0.00778330 0.04463552 0.00393996
v 0.00750044 0.04536323 0.00374016
v 0.00491849 0.04702104 0.00244413
v 0.00721758 0.04600016 0.00353994
v 0.00692361 0.04658352 0.00319837
v 0.00660382 0.04691835 0.00287164
v 0.00659880 0.04712968 0.00244413
v 0.00818088 0.03743878 0.00244413
v 0.00818088 0.03218112 0.00282801
v 0.00818088 0.03743878 0.00281972
v 0.00790734 0.04582009 0.00244413
v 0.00790734 0.04582009 0.00248688
v 0.00780087 0.04556859 0.00307012
v 0.00747642 0.04620255 0.00284241
v 0.00715233 0.04676061 0.00261470
v 0.00718962 0.04679930 0.00244413
v 0.00739755 0.04651655 0.00244413
f 2238 2239 2240
f 2238 2240 2246
f 2238 2246 2268
f 2238 2268 2296
f 2238 2296 2328
f 2238 2328 2361
f 2238 2361 2392
f 2238 2392 2413
f 2238 2413 2395
f 2238 2395 2394
f 2238 2394 2366
f 2238 2366 2365
f 2238 2365 2364
f 2238 2364 2335
f 2238 2335 2301
f 2238 2301 2270
f 2238 2270 2248
f 2238 2248 2241
f 2238 2241 2242
f 2238 2242 2243
f 2238 2243 2244
f 2238 2244 2245
f 2238 2245 2239
f 2239 2245 2240
f 2240 2245 2247
f 2240 2247 2246
f 2241 2248 2249
f 2241 2249 2250
f 2241 2250 2242
f 2242 2250 2243
f 2243 2250 2251
f 2243 2251 2252
f 2243 2252 2244
f 2244 2253 2254
f 2244 2254 2255
f 2244 2255 2256
f 2244 2256 2257
f 2244 2257 2258
f 2244 2258 2245
f 2244 2252 2259
f 2244 2259 2260
f 2244 2260 2253
f 2245 2261 2262
f 2245 2262 2247
f 2245 2258 2263
f 2245 2263 2264
f 2245 2264 2265
f 2245 2265 2266
f 2245 2266 2267
f 2245 2267 2261
f 2246 2247 2262
f 2246 2262 2269
f 2246 2269 2268
f 2248 2270 2271
f 2248 2271 2272
f 2248 2272 2249
f 2249 2272 2273
f 2249 2273 2274
f 2249 2274 2250
f 2250 2274 2275
f 2250 2275 2251
f 2251 2275 2276
f 2251 2276 2277
f 2251 2277 2278
f 2251 2278 2252
f 2252 2278 2259
f 2253 2255 2254
f 2253 2260 2279
f 2253 2279 2255
f 2255 2279 2256
f 2256 2279 2257
f 2257 2279 2258
f 2258 2279 2280
f 2258 2280 2263
f 2259 2278 2281
f 2259 2281 2282
f 2259 2282 2260
f 2260 2282 2283
f 2260 2283 2284
f 2260 2284 2285
f 2260 2285 2279
f 2261 2269 2262
f 2261 2267 2286
f 2261 2286 2287
f 2261 2287 2269
f 2263 2280 2288
f 2263 2288 2289
f 2263 2289 2290
f 2263 2290 2291
f 2263 2291 2292
f 2263 2292 2293
f 2263 2293 2264
f 2264 2293 2265
f 2265 2293 2294
f 2265 2294 2266
f 2266 2294 2295
f 2266 2295 2267
f 2267 2295 2286
f 2268 2269 2297
f 2268 2297 2296
f 2269 2298 2297
f 2269 2287 2299
f 2269 2299 2300
f 2269 2300 2298
f 2270 2301 2271
f 2271 2302 2303
f 2271 2303 2304
f 2271 2304 2272
f 2271 2301 2302
f 2272 2304 2305
f 2272 2305 2273
f 2273 2305 2306
f 2273 2306 2274
f 2274 2306 2307
f 2274 2307 2308
f 2274 2308 2275
f 2275 2308 2276
f 2276 2308 2309
f 2276 2309 2277
f 2277 2309 2310
f 2277 2310 2311
f 2277 2311 2312
f 2277 2312 2278
f 2278 2312 2313
f 2278 2313 2281
f 2279 2288 2280
f 2279 2285 2314
f 2279 2314 2315
f 2279 2315 2290
f 2279 2290 2289
f 2279 2289 2288
f 2281 2313 2316
f 2281 2316 2282
f 2282 2316 2283
f 2283 2316 2284
f 2284 2316 2317
f 2284 2317 2285
f 2285 2317 2318
f 2285 2318 2319
f 2285 2319 2314
f 2286 2295 2320
f 2286 2320 2287
f 2287 2320 2299
f 2290 2315 2321
f 2290 2321 2322
f 2290 2322 2291
f 2291 2322 2323
f 2291 2323 2324
f 2291 2324 2325
f 2291 2325 2326
f 2291 2326 2292
f 2292 2326 2327
f 2292 2327 2293
f 2293 2327 2320
f 2293 2320 2294
f 2294 2320 2295
f 2296 2297 2328
f 2297 2298 2329
f 2297 2329 2328
f 2298 2330 2331
f 2298 2331 2332
f 2298 2332 2329
f 2298 2300 2334
f 2298 2334 2330
f 2299 2320 2333
f 2299 2333 2363
f 2299 2363 2334
f 2299 2334 2300
f 2301 2335 2336
f 2301 2336 2303
f 2301 2303 2302
f 2303 2336 2337
f 2303 2337 2338
f 2303 2338 2339
f 2303 2339 2304
f 2304 2339 2340
f 2304 2340 2305
f 2305 2340 2341
f 2305 2341 2342
f 2305 2342 2306
f 2306 2342 2343
f 2306 2343 2307
f 2307 2343 2344
f 2307 2344 2308
f 2308 2344 2345
f 2308 2345 2309
f 2309 2345 2346
f 2309 2346 2310
f 2310 2346 2311
f 2311 2346 2347
f 2311 2347 2313
f 2311 2313 2312
f 2313 2347 2316
f 2314 2319 2348
f 2314 2348 2315
f 2315 2348 2349
f 2315 2349 2350
f 2315 2350 2321
f 2316 2347 2351
f 2316 2351 2352
f 2316 2352 2348
f 2316 2348 2318
f 2316 2318 2317
f 2318 2348 2319
f 2320 2327 2353
f 2320 2353 2333
f 2321 2323 2322
f 2321 2350 2354
f 2321 2354 2355
f 2321 2355 2356
f 2321 2356 2324
f 2321 2324 2323
f 2324 2356 2357
f 2324 2357 2325
f 2325 2357 2358
f 2325 2358 2359
f 2325 2359 2360
f 2325 2360 2326
f 2326 2360 2353
f 2326 2353 2327
f 2328 2329 2332
f 2328 2332 2361
f 2330 2362 2331
f 2330 2334 2363
f 2330 2363 2362
f 2331 2362 2393
f 2331 2393 2383
f 2331 2383 2407
f 2331 2407 2390
f 2331 2390 2389
f 2331 2389 2411
f 2331 2411 2420
f 2331 2420 2421
f 2331 2421 2415
f 2331 2415 2412
f 2331 2412 2392
f 2331 2392 2361
f 2331 2361 2332
f 2333 2353 2363
f 2335 2364 2336
f 2336 2364 2337
f 2337 2364 2365
f 2337 2365 2366
f 2337 2366 2367
f 2337 2367 2368
f 2337 2368 2338
f 2338 2368 2369
f 2338 2369 2339
f 2339 2369 2370
f 2339 2370 2340
f 2340 2370 2371
f 2340 2371 2372
f 2340 2372 2341
f 2341 2372 2342
f 2342 2372 2373
f 2342 2373 2374
f 2342 2374 2343
f 2343 2374 2375
f 2343 2375 2344
f 2344 2375 2345
f 2345 2375 2346
f 2346 2376 2352
f 2346 2352 2351
f 2346 2351 2347
f 2346 2375 2377
f 2346 2377 2378
f 2346 2378 2376
f 2348 2379 2378
f 2348 2378 2349
f 2348 2352 2379
f 2349 2380 2381
f 2349 2381 2354
f 2349 2354 2350
f 2349 2378 2380
f 2352 2376 2379
f 2353 2360 2382
f 2353 2382 2383
f 2353 2383 2363
f 2354 2381 2384
f 2354 2384 2355
f 2355 2384 2356
f 2356 2384 2385
f 2356 2385 2386
f 2356 2386 2358
f 2356 2358 2357
f 2358 2386 2387
f 2358 2387 2359
f 2359 2387 2388
f 2359 2388 2389
f 2359 2389 2390
f 2359 2390 2391
f 2359 2391 2360
f 2360 2391 2382
f 2362 2363 2393
f 2363 2383 2393
f 2366 2394 2367
f 2367 2394 2395
f 2367 2395 2368
f 2368 2395 2396
f 2368 2396 2397
f 2368 2397 2398
f 2368 2398 2369
f 2369 2398 2399
f 2369 2399 2400
f 2369 2400 2401
f 2369 2401 2370
f 2370 2401 2371
f 2371 2401 2372
f 2372 2401 2373
f 2373 2401 2374
f 2374 2377 2402
f 2374 2402 2375
f 2374 2401 2377
f 2375 2402 2377
f 2376 2378 2379
f 2377 2403 2378
f 2377 2401 2404
f 2377 2404 2403
f 2378 2403 2405
f 2378 2405 2380
f 2380 2405 2381
f 2381 2406 2384
f 2381 2405 2406
f 2382 2391 2407
f 2382 2407 2383
f 2384 2408 2409
f 2384 2409 2385
f 2384 2406 2408
f 2385 2409 2386
f 2386 2409 2410
f 2386 2410 2389
f 2386 2389 2388
f 2386 2388 2387
f 2389 2410 2411
f 2390 2407 2391
f 2392 2412 2414
f 2392 2414 2413
f 2395 2413 2396
f 2396 2413 2397
f 2397 2414 2398
f 2397 2413 2414
f 2398 2414 2399
f 2399 2414 2400
f 2400 2414 2401
f 2401 2414 2412
f 2401 2412 2415
f 2401 2415 2416
f 2401 2416 2403
f 2401 2403 2404
f 2403 2416 2417
f 2403 2417 2405
f 2405 2417 2406
f 2406 2417 2408
f 2408 2417 2418
f 2408 2418 2419
f 2408 2419 2409
f 2409 2419 2410
f 2410 2419 2411
f 2411 2419 2420
f 2415 2421 2416
f 2416 2421 2420
f 2416 2420 2419
f 2416 2419 2418
f 2416 2418 2417

o geometry_16
v -0.00637294 0.03215862 0.00690519
v -0.00631630 0.03393801 0.00685043
v -0.00635287 0.03306362 0.00687477
v -0.00675368 0.03393801 0.00660709
v -0.00679024 0.03306362 0.00661926
v -0.00681211 0.03215862 0.00662467
v -0.00564088 0.03215862 0.00689167
v -0.00580902 0.03306362 0.00687477
v -0.00523290 0.03706636 0.00676594
v -0.00532862 0.03706636 0.00676594
v -0.00626253 0.03481330 0.00682069
v -0.00669954 0.03481330 0.00658749
v -0.00722654 0.03656298 0.00608931
v -0.00725343 0.03568859 0.00612378
v -0.00727207 0.03481330 0.00615015
v -0.00728390 0.03393801 0.00616975
v -0.00728856 0.03215862 0.00618732
v -0.00729000 0.03306362 0.00618192
v -0.00562403 0.03215862 0.00688153
v -0.00523434 0.03656298 0.00676594
v -0.00497693 0.03738964 0.00638605
v -0.00489268 0.03831266 0.00623734
v -0.00490595 0.03918705 0.00617381
v -0.00494144 0.04006233 0.00610959
v -0.00500095 0.04093762 0.00604470
v -0.00504110 0.04135726 0.00601360
v -0.00539781 0.04135726 0.00609202
v -0.00568748 0.04135726 0.00613190
v -0.00568748 0.04093762 0.00619611
v -0.00568748 0.04006233 0.00632387
v -0.00568748 0.03918705 0.00644621
v -0.00568748 0.03831266 0.00656451
v -0.00564697 0.03738964 0.00668685
v -0.00591191 0.03674218 0.00673011
v -0.00613311 0.03615865 0.00675986
v -0.00618473 0.03568859 0.00678284
v -0.00662210 0.03568859 0.00656113
v -0.00715592 0.03831266 0.00601158
v -0.00719535 0.03743737 0.00605213
v -0.00763309 0.03743737 0.00554652
v -0.00769081 0.03568859 0.00558978
v -0.00766392 0.03656298 0.00557018
v -0.00770945 0.03481330 0.00560195
v -0.00772164 0.03393801 0.00560939
v -0.00772737 0.03306362 0.00561209
v -0.00772630 0.03218833 0.00560736
v -0.00772594 0.03215862 0.00560736
v -0.00514937 0.03215862 0.00629750
v -0.00531679 0.03245038 0.00655234
v -0.00524652 0.03610552 0.00675918
v -0.00453095 0.03831266 0.00544378
v -0.00454027 0.03918705 0.00544378
v -0.00457576 0.04006233 0.00544378
v -0.00463563 0.04093762 0.00544378
v -0.00467579 0.04135726 0.00544378
v -0.00486543 0.04135726 0.00575607
v -0.00647153 0.04135726 0.00598521
v -0.00656223 0.04006233 0.00613325
v -0.00656223 0.03918705 0.00623802
v -0.00656223 0.03831266 0.00633941
v -0.00656223 0.03743737 0.00642864
v -0.00704872 0.04006233 0.00591897
v -0.00710573 0.03918705 0.00596629
v -0.00755744 0.04003892 0.00536199
v -0.00754346 0.03918705 0.00547622
v -0.00759365 0.03831266 0.00551408
v -0.00788010 0.03973185 0.00501522
v -0.00789372 0.03918705 0.00503888
v -0.00791451 0.03831266 0.00507673
v -0.00793029 0.03743737 0.00510850
v -0.00793997 0.03656298 0.00513284
v -0.00794642 0.03568859 0.00515244
v -0.00794893 0.03481330 0.00516461
v -0.00794929 0.03306362 0.00517475
v -0.00794965 0.03393801 0.00517204
v -0.00794678 0.03218833 0.00517002
v -0.00773347 0.03215862 0.00559249
v -0.00514543 0.03215862 0.00628466
v -0.00459333 0.03743737 0.00544378
v -0.00452665 0.03831266 0.00456909
v -0.00451876 0.03918705 0.00456909
v -0.00451876 0.04135726 0.00456909
v -0.00457935 0.04135726 0.00502333
v -0.00673468 0.04135726 0.00588179
v -0.00659988 0.04088630 0.00600820
v -0.00701216 0.04056032 0.00589058
v -0.00732872 0.04088630 0.00550799
v -0.00786396 0.04031448 0.00498007
v -0.00798801 0.04003892 0.00464074
v -0.00803712 0.03918705 0.00456909
v -0.00806114 0.03831266 0.00456909
v -0.00807907 0.03743737 0.00456909
v -0.00809807 0.03568859 0.00456909
v -0.00809054 0.03656298 0.00456909
v -0.00810094 0.03481330 0.00456909
v -0.00810165 0.03393801 0.00456909
v -0.00810058 0.03306362 0.00456909
v -0.00809663 0.03218833 0.00456909
v -0.00809627 0.03215862 0.00456909
v -0.00795144 0.03215862 0.00514974
v -0.00794642 0.03215862 0.00516934
v -0.00503357 0.03215862 0.00548433
v -0.00459476 0.03743737 -0.00000035
v -0.00452665 0.03831266 0.00369373
v -0.00502999 0.03215862 0.00544378
v -0.00502102 0.03215862 0.00460965
v -0.00502067 0.03215862 0.00456909
v -0.00451876 0.03918705 0.00369373
v -0.00457505 0.04135726 0.00369373
v -0.00453454 0.03831266 0.00194505
v -0.00456501 0.03831266 0.00106969
v -0.00460265 0.03831266 -0.00000035
v -0.00687485 0.04135726 0.00582501
v -0.00691680 0.04114384 0.00584259
v -0.00734091 0.04135726 0.00542823
v -0.00760548 0.04135726 0.00510580
v -0.00783887 0.04093762 0.00487936
v -0.00796542 0.04093762 0.00444134
v -0.00817443 0.03831266 0.00369373
v -0.00817694 0.03743737 0.00369373
v -0.00817837 0.03656298 0.00369373
v -0.00817945 0.03568859 0.00369373
v -0.00817981 0.03481330 0.00369373
v -0.00817945 0.03393801 0.00369373
v -0.00817909 0.03306362 0.00369373
v -0.00817801 0.03218833 0.00369373
v -0.00809914 0.03215862 0.00454003
v -0.00459440 0.03763188 -0.00000035
v -0.00452701 0.03831266 0.00281973
v -0.00521892 0.03215862 -0.00000035
v -0.00494072 0.04135726 0.00303738
v -0.00468224 0.03845314 -0.00000035
v -0.00495972 0.03892140 -0.00000035
v -0.00782381 0.04135726 0.00474146
v -0.00789372 0.04135726 0.00449879
v -0.00792993 0.04135726 0.00434400
v -0.00812675 0.03918705 0.00369373
v -0.00814037 0.03743737 -0.00000035
v -0.00818088 0.03743737 0.00194505
v -0.00818088 0.03743737 0.00281973
v -0.00818088 0.03215862 0.00281973
v -0.00817801 0.03215862 0.00366467
v -0.00817765 0.03215862 0.00369373
v -0.00818088 0.03215862 -0.00000035
v -0.00568748 0.04135726 0.00282378
v -0.00568748 0.03909249 -0.00000035
v -0.00792993 0.04135726 0.00404793
v -0.00798693 0.03801009 -0.00000035
v -0.00818088 0.03656298 -0.00000035
v -0.00610801 0.04135726 0.00284541
v -0.00656223 0.03905197 -0.00000035
v -0.00763345 0.04135726 0.00364236
v -0.00789874 0.03810734 -0.00000035
v -0.00656223 0.04135726 0.00287448
v -0.00701072 0.03892410 -0.00000035
v -0.00683613 0.04135726 0.00295086
v -0.00716739 0.04135726 0.00308808
v -0.00714516 0.03887998 -0.00000035
v -0.00724268 0.03878452 -0.00000035
v -0.00758290 0.03844773 -0.00000035
f 2422 2423 2424
f 2422 2424 2425
f 2422 2425 2426
f 2422 2426 2427
f 2422 2427 2438
f 2422 2438 2468
f 2422 2468 2498
f 2422 2498 2522
f 2422 2522 2521
f 2422 2521 2520
f 2422 2520 2548
f 2422 2548 2564
f 2422 2564 2563
f 2422 2563 2562
f 2422 2562 2565
f 2422 2565 2551
f 2422 2551 2528
f 2422 2528 2527
f 2422 2527 2526
f 2422 2526 2523
f 2422 2523 2499
f 2422 2499 2469
f 2422 2469 2440
f 2422 2440 2428
f 2422 2428 2429
f 2422 2429 2430
f 2422 2430 2431
f 2422 2431 2423
f 2423 2432 2433
f 2423 2433 2425
f 2423 2425 2424
f 2423 2431 2432
f 2425 2433 2434
f 2425 2434 2435
f 2425 2435 2426
f 2426 2435 2436
f 2426 2436 2437
f 2426 2437 2427
f 2427 2437 2439
f 2427 2439 2438
f 2428 2440 2441
f 2428 2441 2430
f 2428 2430 2429
f 2430 2441 2442
f 2430 2442 2443
f 2430 2443 2444
f 2430 2444 2445
f 2430 2445 2446
f 2430 2446 2447
f 2430 2447 2448
f 2430 2448 2449
f 2430 2449 2450
f 2430 2450 2431
f 2431 2450 2451
f 2431 2451 2452
f 2431 2452 2453
f 2431 2453 2454
f 2431 2454 2455
f 2431 2455 2456
f 2431 2456 2457
f 2431 2457 2432
f 2432 2457 2458
f 2432 2458 2433
f 2433 2458 2459
f 2433 2459 2460
f 2433 2460 2434
f 2434 2460 2461
f 2434 2461 2435
f 2435 2462 2436
f 2435 2461 2463
f 2435 2463 2462
f 2436 2462 2464
f 2436 2464 2437
f 2437 2465 2439
f 2437 2464 2465
f 2438 2466 2467
f 2438 2467 2468
f 2438 2439 2466
f 2439 2465 2466
f 2440 2469 2470
f 2440 2470 2471
f 2440 2471 2441
f 2441 2471 2442
f 2442 2472 2443
f 2442 2471 2469
f 2442 2469 2472
f 2443 2472 2473
f 2443 2473 2474
f 2443 2474 2444
f 2444 2474 2475
f 2444 2475 2445
f 2445 2475 2476
f 2445 2476 2477
f 2445 2477 2446
f 2446 2477 2447
f 2447 2477 2476
f 2447 2476 2504
f 2447 2504 2503
f 2447 2503 2530
f 2447 2530 2552
f 2447 2552 2566
f 2447 2566 2571
f 2447 2571 2575
f 2447 2575 2577
f 2447 2577 2578
f 2447 2578 2573
f 2447 2573 2568
f 2447 2568 2557
f 2447 2557 2556
f 2447 2556 2555
f 2447 2555 2537
f 2447 2537 2536
f 2447 2536 2534
f 2447 2534 2505
f 2447 2505 2478
f 2447 2478 2449
f 2447 2449 2448
f 2449 2478 2450
f 2450 2478 2451
f 2451 2478 2452
f 2452 2478 2455
f 2452 2455 2453
f 2453 2455 2454
f 2455 2478 2456
f 2456 2478 2479
f 2456 2479 2480
f 2456 2480 2481
f 2456 2481 2482
f 2456 2482 2457
f 2457 2482 2458
f 2458 2482 2483
f 2458 2483 2484
f 2458 2484 2459
f 2459 2484 2485
f 2459 2485 2486
f 2459 2486 2487
f 2459 2487 2460
f 2460 2487 2461
f 2461 2487 2488
f 2461 2488 2489
f 2461 2489 2463
f 2462 2463 2490
f 2462 2490 2491
f 2462 2491 2464
f 2463 2489 2490
f 2464 2491 2492
f 2464 2492 2493
f 2464 2493 2465
f 2465 2493 2494
f 2465 2494 2466
f 2466 2495 2467
f 2466 2494 2496
f 2466 2496 2495
f 2467 2495 2497
f 2467 2497 2498
f 2467 2498 2468
f 2469 2499 2472
f 2469 2471 2470
f 2472 2500 2501
f 2472 2501 2502
f 2472 2502 2503
f 2472 2503 2473
f 2472 2499 2500
f 2473 2503 2474
f 2474 2503 2504
f 2474 2504 2475
f 2475 2504 2476
f 2478 2505 2506
f 2478 2506 2479
f 2479 2506 2507
f 2479 2507 2480
f 2480 2507 2481
f 2481 2507 2482
f 2482 2507 2483
f 2483 2507 2508
f 2483 2508 2484
f 2484 2508 2485
f 2485 2508 2509
f 2485 2509 2486
f 2486 2509 2487
f 2487 2509 2488
f 2488 2509 2510
f 2488 2510 2489
f 2489 2510 2490
f 2490 2510 2511
f 2490 2511 2491
f 2491 2511 2512
f 2491 2512 2513
f 2491 2513 2492
f 2492 2513 2493
f 2493 2514 2494
f 2493 2513 2515
f 2493 2515 2514
f 2494 2514 2516
f 2494 2516 2496
f 2495 2496 2517
f 2495 2517 2518
f 2495 2518 2497
f 2496 2516 2517
f 2497 2518 2519
f 2497 2519 2520
f 2497 2520 2521
f 2497 2521 2522
f 2497 2522 2498
f 2499 2523 2500
f 2500 2524 2525
f 2500 2525 2501
f 2500 2523 2526
f 2500 2526 2527
f 2500 2527 2528
f 2500 2528 2524
f 2501 2525 2529
f 2501 2529 2502
f 2502 2529 2503
f 2503 2529 2531
f 2503 2531 2532
f 2503 2532 2533
f 2503 2533 2530
f 2505 2534 2535
f 2505 2535 2506
f 2506 2535 2507
f 2507 2535 2536
f 2507 2536 2508
f 2508 2536 2509
f 2509 2536 2537
f 2509 2537 2538
f 2509 2538 2510
f 2510 2538 2539
f 2510 2539 2540
f 2510 2540 2511
f 2511 2540 2512
f 2512 2540 2513
f 2513 2540 2515
f 2514 2515 2540
f 2514 2540 2516
f 2516 2540 2541
f 2516 2541 2542
f 2516 2542 2543
f 2516 2543 2517
f 2517 2543 2544
f 2517 2544 2545
f 2517 2545 2546
f 2517 2546 2547
f 2517 2547 2518
f 2518 2547 2519
f 2519 2547 2548
f 2519 2548 2520
f 2524 2549 2531
f 2524 2531 2550
f 2524 2550 2525
f 2524 2528 2551
f 2524 2551 2565
f 2524 2565 2570
f 2524 2570 2559
f 2524 2559 2569
f 2524 2569 2574
f 2524 2574 2581
f 2524 2581 2580
f 2524 2580 2579
f 2524 2579 2576
f 2524 2576 2572
f 2524 2572 2567
f 2524 2567 2554
f 2524 2554 2553
f 2524 2553 2533
f 2524 2533 2549
f 2525 2550 2529
f 2529 2550 2531
f 2530 2533 2553
f 2530 2553 2554
f 2530 2554 2552
f 2531 2549 2532
f 2532 2549 2533
f 2534 2536 2535
f 2537 2555 2538
f 2538 2555 2539
f 2539 2555 2556
f 2539 2556 2557
f 2539 2557 2558
f 2539 2558 2540
f 2540 2559 2560
f 2540 2560 2561
f 2540 2561 2541
f 2540 2558 2559
f 2541 2561 2542
f 2542 2561 2543
f 2543 2561 2544
f 2544 2562 2545
f 2544 2561 2562
f 2545 2562 2546
f 2546 2562 2547
f 2547 2562 2563
f 2547 2563 2564
f 2547 2564 2548
f 2552 2554 2567
f 2552 2567 2566
f 2557 2568 2558
f 2558 2568 2559
f 2559 2568 2569
f 2559 2570 2560
f 2560 2570 2565
f 2560 2565 2562
f 2560 2562 2561
f 2566 2567 2571
f 2567 2572 2571
f 2568 2573 2569
f 2569 2573 2574
f 2571 2572 2575
f 2572 2576 2577
f 2572 2577 2575
f 2573 2578 2579
f 2573 2579 2580
f 2573 2580 2581
f 2573 2581 2574
f 2576 2579 2577
f 2577 2579 2578

o geometry_17
v -0.00568750 0.04135816 0.00613164
v -0.00647155 0.04135816 0.00598580
v -0.00539765 0.04135816 0.00609225
v -0.00517158 0.04251955 0.00592566
v -0.00568750 0.04181317 0.00606245
v -0.00621410 0.04243682 0.00591288
v -0.00634800 0.04181317 0.00596398
v -0.00673435 0.04135816 0.00588148
v -0.00504135 0.04135816 0.00601348
v -0.00508476 0.04181317 0.00597995
v -0.00489609 0.04356322 0.00537638
v -0.00500763 0.04443760 0.00520712
v -0.00515489 0.04498171 0.00506767
v -0.00568750 0.04356322 0.00571968
v -0.00568750 0.04302929 0.00586498
v -0.00568750 0.04259210 0.00593790
v -0.00678544 0.04181317 0.00578781
v -0.00656204 0.04356322 0.00551210
v -0.00652832 0.04271238 0.00573778
v -0.00687460 0.04135816 0.00582560
v -0.00486571 0.04135816 0.00575587
v -0.00453045 0.04356322 0.00456896
v -0.00464198 0.04443760 0.00456896
v -0.00471911 0.04181317 0.00544397
v -0.00494084 0.04528908 0.00457854
v -0.00507341 0.04591655 0.00429325
v -0.00568750 0.04546027 0.00480208
v -0.00568750 0.04502307 0.00509375
v -0.00568750 0.04443760 0.00538649
v -0.00625717 0.04496516 0.00506182
v -0.00718381 0.04356322 0.00516880
v -0.00655403 0.04443060 0.00518637
v -0.00707262 0.04413468 0.00506661
v -0.00734109 0.04135816 0.00542801
v -0.00729100 0.04268819 0.00527791
v -0.00467570 0.04135816 0.00544397
v -0.00451909 0.04268819 0.00456896
v -0.00451909 0.04443760 0.00369394
v -0.00456918 0.04531199 0.00369394
v -0.00457953 0.04135816 0.00502350
v -0.00490211 0.04619974 0.00370086
v -0.00568750 0.04599546 0.00436457
v -0.00509044 0.04674130 0.00341398
v -0.00568750 0.04643265 0.00391855
v -0.00640610 0.04591019 0.00428048
v -0.00684054 0.04471697 0.00492556
v -0.00662315 0.04535399 0.00460302
v -0.00788939 0.04404941 0.00415806
v -0.00719617 0.04515862 0.00434222
v -0.00742624 0.04438351 0.00454181
v -0.00760556 0.04135816 0.00510600
v -0.00735278 0.04181317 0.00535030
v -0.00451909 0.04135816 0.00456896
v -0.00451909 0.04531199 0.00281946
v -0.00452076 0.04618701 0.00194444
v -0.00458388 0.04618701 0.00281946
v -0.00494919 0.04692139 0.00281946
v -0.00512183 0.04757750 0.00176241
v -0.00568750 0.04746804 0.00229998
v -0.00568750 0.04719567 0.00281946
v -0.00568750 0.04678966 0.00348104
v -0.00634933 0.04672793 0.00339908
v -0.00698947 0.04574218 0.00412506
v -0.00666923 0.04624874 0.00376154
v -0.00793013 0.04135816 0.00434382
v -0.00789374 0.04135816 0.00449923
v -0.00782361 0.04135816 0.00474141
v -0.00777953 0.04463233 0.00390418
v -0.00780324 0.04553599 0.00305045
v -0.00789474 0.04495307 0.00332137
v -0.00749970 0.04534763 0.00372268
v -0.00457519 0.04135816 0.00369394
v -0.00451909 0.04618701 0.00069472
v -0.00451909 0.04618701 0.00106996
v -0.00454781 0.04656184 0.00069472
v -0.00461727 0.04706203 0.00069472
v -0.00463997 0.04706203 0.00106996
v -0.00488207 0.04714158 0.00201044
v -0.00500562 0.04766405 0.00106996
v -0.00568750 0.04781996 0.00106996
v -0.00568750 0.04761695 0.00186247
v -0.00633230 0.04757877 0.00172569
v -0.00660946 0.04692585 0.00287321
v -0.00693270 0.04658666 0.00320055
v -0.00721988 0.04600373 0.00354172
v -0.00793013 0.04135816 0.00404789
v -0.00789707 0.04580264 0.00246711
v -0.00747499 0.04619465 0.00283383
v -0.00494051 0.04135816 0.00303768
v -0.00472780 0.04558627 0.00069472
v -0.00477354 0.04734077 0.00069472
v -0.00498258 0.04768505 0.00069472
v -0.00568750 0.04785878 0.00069472
v -0.00623647 0.04774296 0.00069472
v -0.00659911 0.04763160 0.00102525
v -0.00691567 0.04745913 0.00128765
v -0.00659911 0.04736431 0.00198809
v -0.00714675 0.04676102 0.00261720
v -0.00763361 0.04135816 0.00364231
v -0.00789707 0.04580264 0.00224995
v -0.00789707 0.04569127 0.00224995
v -0.00785834 0.04656502 0.00069472
v -0.00781026 0.04639574 0.00069472
v -0.00775148 0.04623474 0.00069472
v -0.00729601 0.04691503 0.00194444
v -0.00779690 0.04669866 0.00069472
v -0.00568750 0.04135816 0.00282372
v -0.00516390 0.04512298 0.00069472
v -0.00486437 0.04527126 0.00069472
v -0.00658442 0.04766723 0.00069472
v -0.00701618 0.04751132 0.00070430
v -0.00716745 0.04135816 0.00308824
v -0.00730002 0.04532026 0.00069472
v -0.00742324 0.04704231 0.00096297
v -0.00702420 0.04750368 0.00069472
v -0.00568750 0.04488434 0.00069472
v -0.00566713 0.04488752 0.00069472
v -0.00610791 0.04135816 0.00284554
v -0.00656204 0.04493462 0.00069472
v -0.00700783 0.04751514 0.00069472
v -0.00701618 0.04751195 0.00069472
v -0.00683620 0.04135816 0.00295092
v -0.00656204 0.04135816 0.00287428
f 2582 2583 2589
f 2582 2589 2601
f 2582 2601 2615
f 2582 2615 2632
f 2582 2632 2648
f 2582 2648 2647
f 2582 2647 2646
f 2582 2646 2667
f 2582 2667 2680
f 2582 2680 2693
f 2582 2693 2703
f 2582 2703 2704
f 2582 2704 2699
f 2582 2699 2688
f 2582 2688 2670
f 2582 2670 2653
f 2582 2653 2634
f 2582 2634 2621
f 2582 2621 2617
f 2582 2617 2602
f 2582 2602 2590
f 2582 2590 2584
f 2582 2584 2585
f 2582 2585 2586
f 2582 2586 2587
f 2582 2587 2588
f 2582 2588 2583
f 2583 2588 2589
f 2584 2590 2591
f 2584 2591 2585
f 2585 2592 2593
f 2585 2593 2594
f 2585 2594 2595
f 2585 2595 2596
f 2585 2596 2597
f 2585 2597 2586
f 2585 2591 2592
f 2586 2597 2587
f 2587 2598 2588
f 2587 2597 2596
f 2587 2596 2595
f 2587 2595 2599
f 2587 2599 2600
f 2587 2600 2598
f 2588 2598 2601
f 2588 2601 2589
f 2590 2602 2592
f 2590 2592 2591
f 2592 2603 2604
f 2592 2604 2593
f 2592 2602 2605
f 2592 2605 2603
f 2593 2604 2606
f 2593 2606 2594
f 2594 2606 2607
f 2594 2607 2608
f 2594 2608 2609
f 2594 2609 2610
f 2594 2610 2595
f 2595 2610 2611
f 2595 2611 2599
f 2598 2600 2612
f 2598 2612 2601
f 2599 2611 2613
f 2599 2613 2614
f 2599 2614 2612
f 2599 2612 2600
f 2601 2612 2616
f 2601 2616 2615
f 2602 2617 2605
f 2603 2618 2619
f 2603 2619 2620
f 2603 2620 2604
f 2603 2605 2617
f 2603 2617 2621
f 2603 2621 2618
f 2604 2620 2606
f 2606 2620 2622
f 2606 2622 2607
f 2607 2623 2608
f 2607 2622 2624
f 2607 2624 2625
f 2607 2625 2623
f 2608 2623 2626
f 2608 2626 2611
f 2608 2611 2609
f 2609 2611 2610
f 2611 2627 2613
f 2611 2626 2628
f 2611 2628 2627
f 2612 2614 2629
f 2612 2629 2616
f 2613 2627 2614
f 2614 2627 2630
f 2614 2630 2631
f 2614 2631 2629
f 2615 2616 2633
f 2615 2633 2632
f 2616 2629 2632
f 2616 2632 2633
f 2618 2621 2634
f 2618 2634 2654
f 2618 2654 2655
f 2618 2655 2635
f 2618 2635 2619
f 2619 2635 2620
f 2620 2635 2636
f 2620 2636 2637
f 2620 2637 2622
f 2622 2637 2638
f 2622 2638 2624
f 2623 2625 2626
f 2624 2638 2639
f 2624 2639 2640
f 2624 2640 2641
f 2624 2641 2642
f 2624 2642 2625
f 2625 2642 2643
f 2625 2643 2626
f 2626 2644 2628
f 2626 2643 2645
f 2626 2645 2644
f 2627 2628 2644
f 2627 2644 2630
f 2629 2646 2647
f 2629 2647 2648
f 2629 2648 2632
f 2629 2631 2630
f 2629 2630 2649
f 2629 2649 2650
f 2629 2650 2651
f 2629 2651 2646
f 2630 2644 2652
f 2630 2652 2649
f 2634 2653 2654
f 2635 2655 2636
f 2636 2655 2656
f 2636 2656 2657
f 2636 2657 2658
f 2636 2658 2637
f 2637 2658 2659
f 2637 2659 2638
f 2638 2659 2639
f 2639 2659 2660
f 2639 2660 2661
f 2639 2661 2662
f 2639 2662 2640
f 2640 2662 2663
f 2640 2663 2664
f 2640 2664 2643
f 2640 2643 2641
f 2641 2643 2642
f 2643 2664 2665
f 2643 2665 2645
f 2644 2645 2665
f 2644 2665 2666
f 2644 2666 2652
f 2646 2651 2668
f 2646 2668 2681
f 2646 2681 2667
f 2649 2652 2650
f 2650 2652 2666
f 2650 2666 2669
f 2650 2669 2668
f 2650 2668 2651
f 2653 2670 2671
f 2653 2671 2654
f 2654 2671 2690
f 2654 2690 2689
f 2654 2689 2698
f 2654 2698 2697
f 2654 2697 2700
f 2654 2700 2694
f 2654 2694 2685
f 2654 2685 2684
f 2654 2684 2683
f 2654 2683 2687
f 2654 2687 2696
f 2654 2696 2702
f 2654 2702 2701
f 2654 2701 2691
f 2654 2691 2675
f 2654 2675 2674
f 2654 2674 2673
f 2654 2673 2672
f 2654 2672 2657
f 2654 2657 2656
f 2654 2656 2655
f 2657 2672 2658
f 2658 2672 2673
f 2658 2673 2660
f 2658 2660 2659
f 2660 2673 2674
f 2660 2674 2661
f 2661 2674 2675
f 2661 2675 2676
f 2661 2676 2663
f 2661 2663 2662
f 2663 2676 2677
f 2663 2677 2678
f 2663 2678 2664
f 2664 2679 2665
f 2664 2678 2679
f 2665 2679 2666
f 2666 2679 2669
f 2667 2681 2682
f 2667 2682 2683
f 2667 2683 2684
f 2667 2684 2685
f 2667 2685 2680
f 2668 2669 2686
f 2668 2686 2687
f 2668 2687 2683
f 2668 2683 2681
f 2669 2679 2686
f 2670 2688 2689
f 2670 2689 2690
f 2670 2690 2671
f 2675 2691 2676
f 2676 2691 2692
f 2676 2692 2677
f 2677 2692 2686
f 2677 2686 2679
f 2677 2679 2678
f 2680 2685 2694
f 2680 2694 2693
f 2681 2683 2682
f 2686 2695 2687
f 2686 2692 2695
f 2687 2695 2692
f 2687 2692 2696
f 2688 2697 2698
f 2688 2698 2689
f 2688 2699 2700
f 2688 2700 2697
f 2691 2701 2692
f 2692 2701 2702
f 2692 2702 2696
f 2693 2694 2703
f 2694 2700 2703
f 2699 2704 2700
f 2700 2704 2703

o geometry_18
v 0.00306265 0.00043764 0.00563913
v 0.00281190 0.00043764 0.00561262
v 0.00218768 -0.00106156 0.00529707
v 0.00306265 -0.00018655 0.00553041
v 0.00375846 -0.00106156 0.00518358
v 0.00385770 -0.00018655 0.00526737
v 0.00396490 0.00043764 0.00528328
v 0.00218768 0.00043764 0.00553041
v 0.00218768 -0.00018655 0.00543655
v 0.00169906 -0.00163192 0.00506055
v 0.00218768 -0.00174760 0.00511146
v 0.00306265 -0.00106156 0.00536018
v 0.00363271 -0.00169721 0.00509290
v 0.00419595 -0.00106156 0.00483304
v 0.00429519 -0.00018655 0.00492690
v 0.00435087 0.00043764 0.00498259
v 0.00202935 0.00043764 0.00545511
v 0.00165474 -0.00106156 0.00511994
v 0.00162709 -0.00192913 0.00458272
v 0.00166383 -0.00281102 0.00429263
v 0.00171232 -0.00330235 0.00417755
v 0.00218768 -0.00218511 0.00488130
v 0.00306265 -0.00223378 0.00493804
v 0.00306265 -0.00179628 0.00513585
v 0.00360657 -0.00334187 0.00421255
v 0.00379748 -0.00281102 0.00437536
v 0.00400277 -0.00203393 0.00461507
v 0.00449783 -0.00178711 0.00427089
v 0.00459935 -0.00106156 0.00439552
v 0.00463571 0.00043764 0.00459651
v 0.00465427 -0.00018655 0.00448938
v 0.00163467 0.00043764 0.00521169
v 0.00163504 -0.00018655 0.00517297
v 0.00153921 -0.00106156 0.00456893
v 0.00154831 -0.00281102 0.00369389
v 0.00165626 -0.00363048 0.00364139
v 0.00170853 -0.00417279 0.00331471
v 0.00218768 -0.00379598 0.00381110
v 0.00218768 -0.00335847 0.00422687
v 0.00218768 -0.00281102 0.00453870
v 0.00306265 -0.00281102 0.00462144
v 0.00306265 -0.00338825 0.00425286
v 0.00306265 -0.00382576 0.00384080
v 0.00361377 -0.00420715 0.00335449
v 0.00390202 -0.00362304 0.00363238
v 0.00442587 -0.00332125 0.00332744
v 0.00423496 -0.00281102 0.00396436
v 0.00437284 -0.00237007 0.00412982
v 0.00455920 -0.00281102 0.00352684
v 0.00468798 -0.00202190 0.00378034
v 0.00495994 -0.00106156 0.00369389
v 0.00507092 -0.00018655 0.00369389
v 0.00505918 0.00043764 0.00369389
v 0.00160171 0.00043764 0.00503880
v 0.00151952 -0.00018655 0.00456893
v 0.00151914 -0.00193658 0.00369389
v 0.00154565 -0.00368603 0.00281992
v 0.00166118 -0.00428903 0.00281992
v 0.00170247 -0.00504723 0.00163729
v 0.00218768 -0.00487715 0.00219095
v 0.00218768 -0.00453928 0.00281992
v 0.00218768 -0.00422318 0.00337358
v 0.00306265 -0.00424895 0.00340328
v 0.00306265 -0.00462175 0.00281992
v 0.00306265 -0.00493327 0.00224186
v 0.00362589 -0.00507815 0.00170517
v 0.00380202 -0.00437150 0.00281992
v 0.00437246 -0.00412068 0.00237709
v 0.00423951 -0.00395747 0.00281992
v 0.00455958 -0.00351996 0.00281992
v 0.00489366 -0.00281102 0.00281992
v 0.00532584 -0.00169320 0.00251763
v 0.00536447 -0.00106156 0.00266984
v 0.00522887 -0.00018655 0.00319539
v 0.00532622 0.00043764 0.00283848
v 0.00151914 0.00043764 0.00456893
v 0.00151914 -0.00281102 0.00281992
v 0.00151914 -0.00368603 0.00194488
v 0.00154452 -0.00456105 0.00106984
v 0.00162898 -0.00457651 0.00193533
v 0.00218768 -0.00509476 0.00175343
v 0.00166004 -0.00510049 0.00106984
v 0.00218768 -0.00525911 0.00106984
v 0.00306265 -0.00511824 0.00180434
v 0.00306265 -0.00531580 0.00106984
v 0.00373915 -0.00515718 0.00106984
v 0.00417663 -0.00481416 0.00106984
v 0.00450238 -0.00426384 0.00179374
v 0.00399899 -0.00460857 0.00204140
v 0.00469063 -0.00377193 0.00202920
v 0.00532622 -0.00250980 0.00170146
v 0.00538758 -0.00196578 0.00197405
v 0.00536523 -0.00018655 0.00275840
v 0.00536523 0.00043764 0.00271332
v 0.00151914 0.00043764 0.00281992
v 0.00151914 -0.00368603 0.00022185
v 0.00152293 -0.00453356 0.00022185
v 0.00152368 -0.00456105 0.00022185
v 0.00163580 -0.00511767 0.00022185
v 0.00163921 -0.00513427 0.00022185
v 0.00218768 -0.00534100 0.00022185
v 0.00221495 -0.00534329 0.00022185
v 0.00306265 -0.00541258 0.00022185
v 0.00308386 -0.00540743 0.00022185
v 0.00380089 -0.00520528 0.00022185
v 0.00422474 -0.00487830 0.00022185
v 0.00423837 -0.00486741 0.00022185
v 0.00425163 -0.00485367 0.00022185
v 0.00459707 -0.00437665 0.00106984
v 0.00495199 -0.00368603 0.00106984
v 0.00536485 -0.00264953 0.00106984
v 0.00536523 -0.00275432 0.00022185
v 0.00538834 -0.00186213 0.00099507
v 0.00538796 -0.00098483 0.00186798
v 0.00537357 0.00043764 0.00213527
v 0.00161914 0.00043764 0.00185738
v 0.00152028 -0.00278353 0.00022185
v 0.00151914 -0.00281102 0.00022185
v 0.00463495 -0.00442991 0.00022185
v 0.00503986 -0.00370779 0.00022185
v 0.00505123 -0.00368603 0.00022185
v 0.00523455 -0.00317809 0.00022185
v 0.00536599 -0.00201331 0.00022185
v 0.00537357 0.00043764 0.00193799
v 0.00172671 0.00043764 0.00146281
v 0.00164338 -0.00178540 0.00022185
v 0.00163164 -0.00186385 0.00022185
v 0.00535690 -0.00198926 0.00022185
v 0.00511941 0.00043764 0.00167282
v 0.00210056 0.00043764 0.00131803
v 0.00173883 -0.00147616 0.00022185
v 0.00505804 -0.00157752 0.00022185
v 0.00484782 0.00043764 0.00139069
v 0.00306265 0.00043764 0.00122470
v 0.00213124 -0.00136679 0.00022185
v 0.00462056 -0.00142863 0.00022185
v 0.00473078 0.00043764 0.00135410
v 0.00393725 0.00043764 0.00124008
v 0.00393725 -0.00136106 0.00022185
v 0.00306265 -0.00134159 0.00022185
v 0.00458609 -0.00142462 0.00022185
v 0.00413572 0.00043764 0.00125970
f 2705 2706 2707
f 2705 2707 2708
f 2705 2708 2709
f 2705 2709 2710
f 2705 2710 2711
f 2705 2711 2720
f 2705 2720 2734
f 2705 2734 2757
f 2705 2757 2779
f 2705 2779 2798
f 2705 2798 2819
f 2705 2819 2828
f 2705 2828 2833
f 2705 2833 2837
f 2705 2837 2841
f 2705 2841 2846
f 2705 2846 2842
f 2705 2842 2838
f 2705 2838 2834
f 2705 2834 2829
f 2705 2829 2820
f 2705 2820 2799
f 2705 2799 2780
f 2705 2780 2758
f 2705 2758 2736
f 2705 2736 2721
f 2705 2721 2712
f 2705 2712 2706
f 2706 2712 2713
f 2706 2713 2707
f 2707 2714 2715
f 2707 2715 2716
f 2707 2716 2708
f 2707 2713 2714
f 2708 2716 2717
f 2708 2717 2709
f 2709 2717 2718
f 2709 2718 2719
f 2709 2719 2710
f 2710 2719 2711
f 2711 2719 2720
f 2712 2721 2722
f 2712 2722 2714
f 2712 2714 2713
f 2714 2722 2723
f 2714 2723 2724
f 2714 2724 2725
f 2714 2725 2726
f 2714 2726 2715
f 2715 2726 2727
f 2715 2727 2728
f 2715 2728 2716
f 2716 2728 2717
f 2717 2728 2727
f 2717 2727 2729
f 2717 2729 2730
f 2717 2730 2731
f 2717 2731 2732
f 2717 2732 2718
f 2718 2732 2733
f 2718 2733 2719
f 2719 2733 2720
f 2720 2733 2735
f 2720 2735 2734
f 2721 2736 2737
f 2721 2737 2722
f 2722 2738 2723
f 2722 2737 2738
f 2723 2739 2724
f 2723 2738 2739
f 2724 2739 2725
f 2725 2739 2740
f 2725 2740 2741
f 2725 2741 2742
f 2725 2742 2743
f 2725 2743 2744
f 2725 2744 2726
f 2726 2744 2727
f 2727 2744 2745
f 2727 2745 2729
f 2729 2746 2747
f 2729 2747 2748
f 2729 2748 2749
f 2729 2749 2750
f 2729 2750 2751
f 2729 2751 2752
f 2729 2752 2730
f 2729 2745 2746
f 2730 2752 2731
f 2731 2752 2732
f 2732 2752 2753
f 2732 2753 2754
f 2732 2754 2755
f 2732 2755 2733
f 2733 2755 2756
f 2733 2756 2735
f 2734 2735 2756
f 2734 2756 2757
f 2736 2758 2759
f 2736 2759 2737
f 2737 2759 2738
f 2738 2759 2760
f 2738 2760 2739
f 2739 2760 2761
f 2739 2761 2740
f 2740 2761 2741
f 2741 2762 2763
f 2741 2763 2764
f 2741 2764 2765
f 2741 2765 2766
f 2741 2766 2742
f 2741 2761 2762
f 2742 2766 2747
f 2742 2747 2743
f 2743 2746 2745
f 2743 2745 2744
f 2743 2747 2746
f 2747 2766 2767
f 2747 2767 2748
f 2748 2767 2768
f 2748 2768 2769
f 2748 2769 2770
f 2748 2770 2771
f 2748 2771 2772
f 2748 2772 2773
f 2748 2773 2750
f 2748 2750 2749
f 2750 2773 2772
f 2750 2772 2774
f 2750 2774 2775
f 2750 2775 2753
f 2750 2753 2752
f 2750 2752 2751
f 2753 2775 2754
f 2754 2775 2776
f 2754 2776 2755
f 2755 2777 2756
f 2755 2776 2777
f 2756 2778 2757
f 2756 2777 2778
f 2757 2778 2779
f 2758 2780 2759
f 2759 2780 2760
f 2760 2781 2761
f 2760 2780 2799
f 2760 2799 2822
f 2760 2822 2800
f 2760 2800 2782
f 2760 2782 2781
f 2761 2781 2782
f 2761 2782 2783
f 2761 2783 2784
f 2761 2784 2762
f 2762 2784 2763
f 2763 2785 2764
f 2763 2784 2786
f 2763 2786 2787
f 2763 2787 2785
f 2764 2785 2769
f 2764 2769 2765
f 2765 2769 2768
f 2765 2768 2766
f 2766 2768 2767
f 2769 2785 2788
f 2769 2788 2770
f 2770 2788 2789
f 2770 2789 2790
f 2770 2790 2791
f 2770 2791 2792
f 2770 2792 2793
f 2770 2793 2771
f 2771 2793 2772
f 2772 2793 2792
f 2772 2792 2774
f 2774 2792 2794
f 2774 2794 2775
f 2775 2794 2795
f 2775 2795 2776
f 2776 2795 2796
f 2776 2796 2777
f 2777 2797 2778
f 2777 2796 2797
f 2778 2797 2779
f 2779 2797 2798
f 2782 2800 2801
f 2782 2801 2802
f 2782 2802 2783
f 2783 2802 2803
f 2783 2803 2804
f 2783 2804 2786
f 2783 2786 2784
f 2785 2787 2789
f 2785 2789 2788
f 2786 2804 2805
f 2786 2805 2787
f 2787 2805 2806
f 2787 2806 2807
f 2787 2807 2789
f 2789 2807 2790
f 2790 2807 2808
f 2790 2808 2809
f 2790 2809 2810
f 2790 2810 2791
f 2791 2810 2811
f 2791 2811 2812
f 2791 2812 2813
f 2791 2813 2792
f 2792 2813 2814
f 2792 2814 2794
f 2794 2814 2795
f 2795 2814 2815
f 2795 2815 2796
f 2796 2815 2816
f 2796 2816 2817
f 2796 2817 2818
f 2796 2818 2798
f 2796 2798 2797
f 2798 2818 2819
f 2799 2820 2821
f 2799 2821 2822
f 2800 2822 2821
f 2800 2821 2831
f 2800 2831 2830
f 2800 2830 2835
f 2800 2835 2839
f 2800 2839 2844
f 2800 2844 2843
f 2800 2843 2845
f 2800 2845 2840
f 2800 2840 2836
f 2800 2836 2832
f 2800 2832 2827
f 2800 2827 2816
f 2800 2816 2826
f 2800 2826 2825
f 2800 2825 2824
f 2800 2824 2823
f 2800 2823 2812
f 2800 2812 2811
f 2800 2811 2810
f 2800 2810 2809
f 2800 2809 2808
f 2800 2808 2807
f 2800 2807 2806
f 2800 2806 2805
f 2800 2805 2804
f 2800 2804 2803
f 2800 2803 2802
f 2800 2802 2801
f 2812 2823 2813
f 2813 2823 2824
f 2813 2824 2825
f 2813 2825 2814
f 2814 2825 2815
f 2815 2826 2816
f 2815 2825 2826
f 2816 2827 2817
f 2817 2827 2828
f 2817 2828 2818
f 2818 2828 2819
f 2820 2829 2830
f 2820 2830 2831
f 2820 2831 2821
f 2827 2832 2828
f 2828 2832 2833
f 2829 2834 2835
f 2829 2835 2830
f 2832 2836 2837
f 2832 2837 2833
f 2834 2838 2839
f 2834 2839 2835
f 2836 2840 2841
f 2836 2841 2837
f 2838 2842 2843
f 2838 2843 2844
f 2838 2844 2839
f 2840 2845 2842
f 2840 2842 2846
f 2840 2846 2841
f 2842 2845 2843

o geometry_19
v 0.00373653 0.02518719 0.00821699
v 0.00393753 0.02518719 0.00821246
v 0.00393753 0.02606097 0.00821190
v 0.00373653 0.02586000 0.00821642
v 0.00373653 0.02498622 0.00821585
v 0.00393753 0.02431122 0.00820229
v 0.00481246 0.02693694 0.00812827
v 0.00481246 0.02781291 0.00813392
v 0.00373653 0.02411025 0.00820681
v 0.00393753 0.02693694 0.00820512
v 0.00373653 0.02673597 0.00820964
v 0.00481246 0.02518719 0.00810114
v 0.00481246 0.02606097 0.00811584
v 0.00373653 0.02323647 0.00819212
v 0.00393753 0.02343744 0.00818704
v 0.00568740 0.02868669 0.00792540
v 0.00568740 0.02956265 0.00793219
v 0.00481246 0.02868669 0.00812431
v 0.00393753 0.02781291 0.00819325
v 0.00373653 0.02761194 0.00819777
v 0.00393753 0.02256148 0.00816556
v 0.00481246 0.02431122 0.00807685
v 0.00568740 0.02781291 0.00790958
v 0.00373653 0.02256148 0.00817573
v 0.00624168 0.02956265 0.00771180
v 0.00619382 0.03043644 0.00768016
v 0.00568740 0.03043644 0.00787737
v 0.00481246 0.02956265 0.00810453
v 0.00393753 0.02868669 0.00816839
v 0.00373653 0.02781291 0.00819325
v 0.00373653 0.02236051 0.00817065
v 0.00393753 0.02168769 0.00813335
v 0.00561996 0.02431122 0.00780335
v 0.00568740 0.02693694 0.00788133
v 0.00481246 0.02343744 0.00804068
v 0.00620731 0.02781291 0.00768807
v 0.00622689 0.02868669 0.00770163
v 0.00771528 0.03043644 0.00558654
v 0.00772180 0.03131240 0.00559897
v 0.00772615 0.03217963 0.00560745
v 0.00772224 0.03217963 0.00561310
v 0.00728847 0.03217963 0.00618722
v 0.00728455 0.03217963 0.00619118
v 0.00613422 0.03088643 0.00764004
v 0.00568740 0.03097163 0.00772593
v 0.00481246 0.03043644 0.00804916
v 0.00393753 0.02956265 0.00813561
v 0.00373653 0.02868669 0.00816782
v 0.00373653 0.02848572 0.00817404
v 0.00373653 0.02956265 0.00813561
v 0.00373653 0.02148672 0.00813787
v 0.00481246 0.02256148 0.00799660
v 0.00373653 0.02061294 0.00809267
v 0.00393753 0.02081391 0.00808645
v 0.00609854 0.02500151 0.00761687
v 0.00612769 0.02558476 0.00763382
v 0.00575962 0.02525054 0.00778357
v 0.00568740 0.02606097 0.00784686
v 0.00555905 0.02343744 0.00777961
v 0.00617946 0.02693694 0.00766829
v 0.00644268 0.02343744 0.00712186
v 0.00688037 0.02343744 0.00653418
v 0.00770614 0.02956265 0.00556789
v 0.00792194 0.02868669 0.00511187
v 0.00792977 0.02956265 0.00513109
v 0.00793716 0.03043644 0.00514917
v 0.00794282 0.03131240 0.00516217
v 0.00794456 0.03217963 0.00517460
v 0.00680684 0.03217963 0.00662911
v 0.00637307 0.03217963 0.00689865
v 0.00636568 0.03217963 0.00690035
v 0.00481246 0.03105901 0.00781804
v 0.00393753 0.03043644 0.00807233
v 0.00373653 0.03043644 0.00807289
v 0.00481246 0.02168769 0.00794575
v 0.00373653 0.01973916 0.00803899
v 0.00373653 0.01886319 0.00798304
v 0.00393753 0.01994013 0.00802994
v 0.00605721 0.02431122 0.00759370
v 0.00637829 0.02081391 0.00700320
v 0.00640657 0.02168769 0.00704614
v 0.00642702 0.02256148 0.00708457
v 0.00549466 0.02256148 0.00775136
v 0.00686471 0.02256148 0.00650140
v 0.00767699 0.02781291 0.00552438
v 0.00769483 0.02868669 0.00554924
v 0.00791106 0.02781291 0.00508701
v 0.00804680 0.02781291 0.00456940
v 0.00806159 0.02868669 0.00456940
v 0.00808291 0.03043644 0.00456940
v 0.00807291 0.02956265 0.00456940
v 0.00809074 0.03131240 0.00456940
v 0.00809509 0.03217963 0.00457505
v 0.00794630 0.03217963 0.00517064
v 0.00564215 0.03217963 0.00688509
v 0.00373653 0.03106774 0.00782878
v 0.00393753 0.03106774 0.00782878
v 0.00373653 0.03092357 0.00788472
v 0.00542896 0.02168769 0.00772085
v 0.00393753 0.01906416 0.00797231
v 0.00393753 0.01818820 0.00791184
v 0.00481246 0.02081391 0.00788472
v 0.00535892 0.02081391 0.00768694
v 0.00373653 0.01798941 0.00792371
v 0.00599630 0.02343744 0.00755923
v 0.00633261 0.00986324 0.00607251
v 0.00676986 0.00986324 0.00555942
v 0.00707398 0.00986324 0.00512205
v 0.00740681 0.00986324 0.00456940
v 0.00788495 0.02624010 0.00502881
v 0.00789757 0.02693694 0.00505593
v 0.00793281 0.00986324 0.00342172
v 0.00802853 0.02693694 0.00456940
v 0.00806899 0.00986324 0.00281991
v 0.00813382 0.02431122 0.00369465
v 0.00814556 0.02518719 0.00369465
v 0.00815339 0.02606097 0.00369465
v 0.00809640 0.03217963 0.00456940
v 0.00527147 0.03217963 0.00666019
v 0.00373653 0.03124687 0.00733998
v 0.00373653 0.01711345 0.00785816
v 0.00373653 0.01480448 0.00768242
v 0.00393753 0.01731442 0.00784516
v 0.00437957 0.01598408 0.00763326
v 0.00443613 0.01643845 0.00765360
v 0.00454446 0.01731442 0.00769203
v 0.00465192 0.01818820 0.00772876
v 0.00524971 0.01950324 0.00763156
v 0.00529844 0.02008649 0.00765643
v 0.00586621 0.02168769 0.00748351
v 0.00593191 0.02256148 0.00752194
v 0.00567043 0.00986324 0.00653305
v 0.00776966 0.00986324 0.00385909
v 0.00787321 0.02565685 0.00500281
v 0.00811076 0.00986324 0.00244470
v 0.00817732 0.02343744 0.00281991
v 0.00815862 0.02693694 0.00369465
v 0.00817776 0.03217963 0.00369465
v 0.00816340 0.02781291 0.00369465
v 0.00816732 0.02868669 0.00369465
v 0.00817080 0.02956265 0.00369465
v 0.00817384 0.03043644 0.00369465
v 0.00817602 0.03131240 0.00369465
v 0.00515617 0.03217963 0.00628554
v 0.00373653 0.03129930 0.00719419
v 0.00373653 0.01472802 0.00767620
v 0.00393753 0.01643845 0.00777396
v 0.00396451 0.01564112 0.00770107
v 0.00427428 0.01540083 0.00760670
v 0.00393753 0.01118920 0.00730212
v 0.00484727 0.00986324 0.00692521
v 0.00527103 0.00986324 0.00676812
v 0.00443700 0.00986324 0.00244470
v 0.00816210 0.01906416 0.00244470
v 0.00818080 0.02431122 0.00281991
v 0.00818124 0.03217963 0.00281991
v 0.00818124 0.02518719 0.00281991
v 0.00515487 0.03217963 0.00628102
v 0.00373653 0.03133862 0.00652005
v 0.00504436 0.03217963 0.00544414
v 0.00414245 0.01468870 0.00757449
v 0.00373653 0.01421686 0.00762987
v 0.00393753 0.01206517 0.00738406
v 0.00393753 0.01031542 0.00721793
v 0.00373653 0.01390885 0.00760161
v 0.00393753 0.00986324 0.00717272
v 0.00373653 0.00986324 0.00285212
v 0.00413984 0.02518719 0.00244470
v 0.00816558 0.01994013 0.00244470
v 0.00817906 0.02343744 0.00244470
v 0.00818080 0.02431122 0.00244470
v 0.00818124 0.03217963 0.00244470
v 0.00818124 0.02518719 0.00244470
v 0.00373653 0.03134954 0.00631888
v 0.00503479 0.03217963 0.00456940
v 0.00373653 0.03136920 0.00544414
v 0.00373653 0.03136483 0.00564474
v 0.00389968 0.01377341 0.00755019
v 0.00393753 0.01293895 0.00746430
v 0.00373653 0.01118920 0.00732981
v 0.00373653 0.00986324 0.00719363
v 0.00373653 0.01031542 0.00724222
v 0.00373653 0.02693694 0.00343189
v 0.00414158 0.02693694 0.00244470
v 0.00413549 0.02606097 0.00244470
v 0.00413549 0.02568743 0.00244470
v 0.00521621 0.03217963 0.00244470
v 0.00373653 0.03135391 0.00456940
v 0.00373653 0.03135828 0.00477057
v 0.00373653 0.02781291 0.00346297
v 0.00373653 0.02784130 0.00346410
v 0.00416116 0.02781291 0.00244470
v 0.00373653 0.03058935 0.00377207
v 0.00373653 0.03110269 0.00393312
v 0.00427645 0.02839397 0.00244470
v 0.00373653 0.03043644 0.00372460
v 0.00373653 0.02889203 0.00355225
f 2847 2848 2849
f 2847 2849 2850
f 2847 2850 2857
f 2847 2857 2866
f 2847 2866 2876
f 2847 2876 2895
f 2847 2895 2894
f 2847 2894 2896
f 2847 2896 2920
f 2847 2920 2944
f 2847 2944 2942
f 2847 2942 2966
f 2847 2966 2991
f 2847 2991 3005
f 2847 3005 3020
f 2847 3020 3023
f 2847 3023 3022
f 2847 3022 3035
f 2847 3035 3034
f 2847 3034 3040
f 2847 3040 3039
f 2847 3039 3042
f 2847 3042 3043
f 2847 3043 3037
f 2847 3037 3036
f 2847 3036 3029
f 2847 3029 3013
f 2847 3013 3027
f 2847 3027 3028
f 2847 3028 3026
f 2847 3026 3011
f 2847 3011 3008
f 2847 3008 2992
f 2847 2992 2968
f 2847 2968 2967
f 2847 2967 2950
f 2847 2950 2923
f 2847 2923 2922
f 2847 2922 2899
f 2847 2899 2897
f 2847 2897 2877
f 2847 2877 2870
f 2847 2870 2860
f 2847 2860 2855
f 2847 2855 2851
f 2847 2851 2848
f 2848 2852 2853
f 2848 2853 2854
f 2848 2854 2849
f 2848 2851 2855
f 2848 2855 2852
f 2849 2856 2857
f 2849 2857 2850
f 2849 2854 2856
f 2852 2858 2859
f 2852 2859 2853
f 2852 2855 2860
f 2852 2860 2861
f 2852 2861 2858
f 2853 2859 2862
f 2853 2862 2863
f 2853 2863 2854
f 2854 2863 2864
f 2854 2864 2856
f 2856 2864 2865
f 2856 2865 2866
f 2856 2866 2857
f 2858 2861 2867
f 2858 2867 2868
f 2858 2868 2869
f 2858 2869 2862
f 2858 2862 2859
f 2860 2870 2861
f 2861 2870 2867
f 2862 2869 2871
f 2862 2871 2863
f 2863 2871 2872
f 2863 2872 2873
f 2863 2873 2874
f 2863 2874 2864
f 2864 2874 2865
f 2865 2874 2875
f 2865 2875 2876
f 2865 2876 2866
f 2867 2870 2877
f 2867 2877 2878
f 2867 2878 2868
f 2868 2879 2880
f 2868 2880 2869
f 2868 2878 2881
f 2868 2881 2879
f 2869 2882 2883
f 2869 2883 2871
f 2869 2880 2882
f 2871 2883 2884
f 2871 2884 2885
f 2871 2885 2886
f 2871 2886 2887
f 2871 2887 2888
f 2871 2888 2872
f 2872 2888 2889
f 2872 2889 2890
f 2872 2890 2873
f 2873 2890 2891
f 2873 2891 2892
f 2873 2892 2874
f 2874 2892 2893
f 2874 2893 2875
f 2875 2894 2895
f 2875 2895 2876
f 2875 2893 2896
f 2875 2896 2894
f 2877 2897 2878
f 2878 2898 2881
f 2878 2897 2899
f 2878 2899 2900
f 2878 2900 2898
f 2879 2901 2902
f 2879 2902 2903
f 2879 2903 2904
f 2879 2904 2880
f 2879 2881 2898
f 2879 2898 2905
f 2879 2905 2901
f 2880 2904 2906
f 2880 2906 2882
f 2882 2906 2907
f 2882 2907 2908
f 2882 2908 2883
f 2883 2909 2884
f 2883 2908 2909
f 2884 2909 2910
f 2884 2910 2911
f 2884 2911 2912
f 2884 2912 2885
f 2885 2913 2886
f 2885 2912 2913
f 2886 2914 2940
f 2886 2940 2939
f 2886 2939 2964
f 2886 2964 2984
f 2886 2984 3002
f 2886 3002 3018
f 2886 3018 3033
f 2886 3033 3021
f 2886 3021 3006
f 2886 3006 3004
f 2886 3004 2990
f 2886 2990 2965
f 2886 2965 2941
f 2886 2941 2917
f 2886 2917 2916
f 2886 2916 2915
f 2886 2915 2889
f 2886 2889 2888
f 2886 2888 2887
f 2886 2913 2914
f 2889 2915 2890
f 2890 2915 2916
f 2890 2916 2891
f 2891 2916 2917
f 2891 2917 2918
f 2891 2918 2892
f 2892 2918 2919
f 2892 2919 2893
f 2893 2919 2920
f 2893 2920 2896
f 2898 2900 2921
f 2898 2921 2905
f 2899 2922 2900
f 2900 2922 2923
f 2900 2923 2924
f 2900 2924 2921
f 2901 2905 2925
f 2901 2925 2926
f 2901 2926 2927
f 2901 2927 2902
f 2902 2906 2903
f 2902 2927 2928
f 2902 2928 2906
f 2903 2906 2904
f 2905 2921 2929
f 2905 2929 2925
f 2906 2928 2907
f 2907 2928 2930
f 2907 2930 2908
f 2908 2930 2931
f 2908 2931 2932
f 2908 2932 2909
f 2909 2932 2910
f 2910 2932 2933
f 2910 2933 2934
f 2910 2934 2935
f 2910 2935 2911
f 2911 2935 2912
f 2912 2936 2913
f 2912 2935 2937
f 2912 2937 2936
f 2913 2938 2939
f 2913 2939 2940
f 2913 2940 2914
f 2913 2936 2938
f 2917 2941 2942
f 2917 2942 2943
f 2917 2943 2918
f 2918 2943 2919
f 2919 2943 2920
f 2920 2943 2944
f 2921 2945 2929
f 2921 2924 2946
f 2921 2946 2947
f 2921 2947 2948
f 2921 2948 2949
f 2921 2949 2945
f 2923 2946 2924
f 2923 2950 2946
f 2925 2929 2945
f 2925 2945 2951
f 2925 2951 2952
f 2925 2952 2926
f 2926 2952 2953
f 2926 2953 2927
f 2927 2930 2928
f 2927 2953 2930
f 2930 2953 2954
f 2930 2954 2955
f 2930 2955 2931
f 2931 2956 2957
f 2931 2957 2932
f 2931 2955 2956
f 2932 2957 2933
f 2933 2957 2958
f 2933 2958 2959
f 2933 2959 2934
f 2934 2959 2958
f 2934 2958 2960
f 2934 2960 2935
f 2935 2960 2961
f 2935 2961 2962
f 2935 2962 2937
f 2936 2937 2962
f 2936 2962 2963
f 2936 2963 2938
f 2938 2964 2939
f 2938 2963 2964
f 2941 2965 2942
f 2942 2944 2943
f 2942 2965 2966
f 2945 2949 2951
f 2946 2950 2947
f 2947 2950 2967
f 2947 2967 2968
f 2947 2968 2969
f 2947 2969 2970
f 2947 2970 2971
f 2947 2971 2972
f 2947 2972 2948
f 2948 2972 2973
f 2948 2973 2974
f 2948 2974 2975
f 2948 2975 2949
f 2949 2975 2976
f 2949 2976 2977
f 2949 2977 2951
f 2951 2977 2978
f 2951 2978 2952
f 2952 2978 2998
f 2952 2998 2997
f 2952 2997 3012
f 2952 3012 3027
f 2952 3027 3013
f 2952 3013 2999
f 2952 2999 2981
f 2952 2981 2960
f 2952 2960 2958
f 2952 2958 2979
f 2952 2979 2955
f 2952 2955 2954
f 2952 2954 2953
f 2955 2979 2980
f 2955 2980 2956
f 2956 2980 2979
f 2956 2979 2958
f 2956 2958 2957
f 2960 2981 2962
f 2960 2962 2961
f 2962 2981 2963
f 2963 2982 2983
f 2963 2983 2964
f 2963 2981 2982
f 2964 2983 2985
f 2964 2985 2986
f 2964 2986 2987
f 2964 2987 2988
f 2964 2988 2989
f 2964 2989 2984
f 2965 2990 2991
f 2965 2991 2966
f 2968 2992 2993
f 2968 2993 2969
f 2969 2993 2970
f 2970 2993 2994
f 2970 2994 2992
f 2970 2992 2995
f 2970 2995 2996
f 2970 2996 2997
f 2970 2997 2971
f 2971 2997 2972
f 2972 2997 2974
f 2972 2974 2973
f 2974 2997 2998
f 2974 2998 2975
f 2975 2998 2976
f 2976 2998 2978
f 2976 2978 2977
f 2981 2999 3014
f 2981 3014 3032
f 2981 3032 3031
f 2981 3031 3030
f 2981 3030 3038
f 2981 3038 3041
f 2981 3041 3033
f 2981 3033 3018
f 2981 3018 3019
f 2981 3019 3017
f 2981 3017 3016
f 2981 3016 3015
f 2981 3015 3000
f 2981 3000 2982
f 2982 3001 2986
f 2982 2986 2985
f 2982 2985 2983
f 2982 3000 3001
f 2984 2989 3001
f 2984 3001 3003
f 2984 3003 3002
f 2986 3001 2987
f 2987 3001 2988
f 2988 3001 2989
f 2990 3004 2991
f 2991 3004 3006
f 2991 3006 3005
f 2992 3007 2995
f 2992 2994 2993
f 2992 3008 3007
f 2995 3007 3009
f 2995 3009 2996
f 2996 3010 2997
f 2996 3009 3011
f 2996 3011 3010
f 2997 3010 3012
f 2999 3013 3014
f 3000 3015 3001
f 3001 3016 3017
f 3001 3017 3019
f 3001 3019 3003
f 3001 3015 3016
f 3002 3003 3019
f 3002 3019 3018
f 3005 3006 3020
f 3006 3021 3022
f 3006 3022 3023
f 3006 3023 3020
f 3007 3008 3024
f 3007 3024 3025
f 3007 3025 3009
f 3008 3011 3024
f 3009 3025 3024
f 3009 3024 3011
f 3010 3011 3026
f 3010 3026 3012
f 3012 3026 3028
f 3012 3028 3027
f 3013 3029 3030
f 3013 3030 3031
f 3013 3031 3032
f 3013 3032 3014
f 3021 3033 3034
f 3021 3034 3035
f 3021 3035 3022
f 3029 3036 3030
f 3030 3036 3037
f 3030 3037 3038
f 3033 3039 3040
f 3033 3040 3034
f 3033 3041 3042
f 3033 3042 3039
f 3037 3043 3038
f 3038 3043 3042
f 3038 3042 3041

o geometry_20
v -0.00568766 0.03909249 -0.00000035
v -0.00656221 0.03905197 -0.00000035
v -0.00495959 0.03892140 -0.00000035
v -0.00568766 0.04135726 -0.00288812
v -0.00642572 0.04135726 -0.00291484
v -0.00701090 0.03892410 -0.00000035
v -0.00656221 0.04135726 -0.00292360
v -0.00468222 0.03845314 -0.00000035
v -0.00486673 0.04135726 -0.00327258
v -0.00714538 0.03887998 -0.00000035
v -0.00700049 0.04135726 -0.00315736
v -0.00460297 0.03831266 -0.00000035
v -0.00470863 0.04135726 -0.00363783
v -0.00724264 0.03878452 -0.00000035
v -0.00736392 0.04135726 -0.00335523
v -0.00409224 0.03831266 -0.00426439
v -0.00418950 0.03918705 -0.00426439
v -0.00451131 0.04135726 -0.00418007
v -0.00459416 0.03763188 -0.00000035
v -0.00758286 0.03844773 -0.00000035
v -0.00762649 0.04135726 -0.00377015
v -0.00798712 0.03801009 -0.00000035
v -0.00789866 0.03810734 -0.00000035
v -0.00459496 0.03743737 -0.00000035
v -0.00409905 0.03824242 -0.00426439
v -0.00451131 0.04135726 -0.00426439
v -0.00777298 0.04135726 -0.00400349
v -0.00814041 0.03743737 -0.00000035
v -0.00786024 0.04135726 -0.00426439
v -0.00418430 0.03743737 -0.00426439
v -0.00521896 0.03215862 -0.00000035
v -0.00478908 0.03215862 -0.00426439
v -0.00817844 0.03743737 -0.00155569
v -0.00818084 0.03656298 -0.00000035
v -0.00790627 0.04100516 -0.00426439
v -0.00818084 0.03215862 -0.00000035
v -0.00772295 0.03215862 -0.00426439
v -0.00817604 0.03743737 -0.00243020
v -0.00818084 0.03656298 -0.00155569
v -0.00813481 0.03831266 -0.00330513
v -0.00795390 0.04006233 -0.00426439
v -0.00796790 0.04006233 -0.00418007
v -0.00818084 0.03215862 -0.00155569
v -0.00772775 0.03215862 -0.00425395
v -0.00797111 0.03927079 -0.00426439
v -0.00814282 0.03215862 -0.00243020
v -0.00817964 0.03215862 -0.00158491
v -0.00797831 0.03924738 -0.00423684
v -0.00800433 0.03215862 -0.00330513
v -0.00773936 0.03215862 -0.00422765
v -0.00788465 0.03215862 -0.00380355
v -0.00788945 0.03215862 -0.00378894
v -0.00800073 0.03215862 -0.00332141
f 3044 3045 3049
f 3044 3049 3053
f 3044 3053 3057
f 3044 3057 3063
f 3044 3063 3066
f 3044 3066 3065
f 3044 3065 3071
f 3044 3071 3077
f 3044 3077 3079
f 3044 3079 3074
f 3044 3074 3067
f 3044 3067 3062
f 3044 3062 3055
f 3044 3055 3051
f 3044 3051 3046
f 3044 3046 3047
f 3044 3047 3048
f 3044 3048 3045
f 3045 3048 3050
f 3045 3050 3049
f 3046 3051 3052
f 3046 3052 3047
f 3047 3052 3056
f 3047 3056 3061
f 3047 3061 3069
f 3047 3069 3072
f 3047 3072 3070
f 3047 3070 3064
f 3047 3064 3058
f 3047 3058 3054
f 3047 3054 3050
f 3047 3050 3048
f 3049 3050 3053
f 3050 3054 3053
f 3051 3055 3052
f 3052 3055 3056
f 3053 3054 3058
f 3053 3058 3057
f 3055 3059 3060
f 3055 3060 3061
f 3055 3061 3056
f 3055 3062 3059
f 3057 3058 3063
f 3058 3064 3065
f 3058 3065 3066
f 3058 3066 3063
f 3059 3062 3067
f 3059 3067 3068
f 3059 3068 3073
f 3059 3073 3075
f 3059 3075 3080
f 3059 3080 3088
f 3059 3088 3084
f 3059 3084 3078
f 3059 3078 3072
f 3059 3072 3069
f 3059 3069 3060
f 3060 3069 3061
f 3064 3070 3065
f 3065 3070 3072
f 3065 3072 3071
f 3067 3073 3068
f 3067 3074 3075
f 3067 3075 3073
f 3071 3076 3077
f 3071 3072 3078
f 3071 3078 3076
f 3074 3079 3086
f 3074 3086 3090
f 3074 3090 3089
f 3074 3089 3092
f 3074 3092 3096
f 3074 3096 3095
f 3074 3095 3094
f 3074 3094 3093
f 3074 3093 3087
f 3074 3087 3080
f 3074 3080 3075
f 3076 3081 3082
f 3076 3082 3077
f 3076 3078 3083
f 3076 3083 3081
f 3077 3082 3086
f 3077 3086 3079
f 3078 3084 3085
f 3078 3085 3083
f 3080 3087 3088
f 3081 3083 3089
f 3081 3089 3090
f 3081 3090 3086
f 3081 3086 3082
f 3083 3085 3091
f 3083 3091 3092
f 3083 3092 3089
f 3084 3088 3091
f 3084 3091 3085
f 3087 3093 3088
f 3088 3093 3094
f 3088 3094 3095
f 3088 3095 3091
f 3091 3095 3096
f 3091 3096 3092

o geometry_21
v 0.00306278 -0.00134139 0.00022185
v 0.00213128 -0.00136660 0.00022185
v 0.00393719 -0.00136145 0.00022185
v 0.00393719 0.00043764 -0.00130814
v 0.00306278 0.00043764 -0.00129749
v 0.00173900 -0.00147661 0.00022185
v 0.00218759 0.00043764 -0.00136038
v 0.00458635 -0.00142447 0.00022185
v 0.00457478 0.00043764 -0.00136425
v 0.00164335 -0.00178543 0.00022185
v 0.00209502 0.00043764 -0.00140923
v 0.00164142 0.00043764 -0.00164915
v 0.00462068 -0.00142848 0.00022185
v 0.00484440 0.00043764 -0.00140149
v 0.00163178 -0.00186393 0.00022185
v 0.00160285 0.00043764 -0.00186005
v 0.00505808 -0.00157802 0.00022185
v 0.00536318 0.00043764 -0.00176670
v 0.00151992 -0.00278353 0.00022185
v 0.00151915 0.00043764 -0.00243035
v 0.00535663 -0.00198941 0.00022185
v 0.00544650 0.00043764 -0.00243035
v 0.00536627 -0.00201347 0.00022185
v 0.00151915 -0.00281103 0.00022185
v 0.00151915 0.00043764 -0.00418043
v 0.00545884 -0.00018688 -0.00243035
v 0.00534544 -0.00018688 -0.00304709
v 0.00533310 0.00043764 -0.00302774
v 0.00536550 -0.00275431 0.00022185
v 0.00542991 -0.00193670 -0.00155580
v 0.00151915 -0.00368594 0.00022185
v 0.00155193 0.00043764 -0.00438600
v 0.00151915 -0.00106179 -0.00418043
v 0.00537707 -0.00114487 -0.00251452
v 0.00511748 -0.00018688 -0.00348485
v 0.00518267 0.00043764 -0.00333973
v 0.00530764 -0.00090881 -0.00297937
v 0.00513715 -0.00114487 -0.00328459
v 0.00536550 -0.00275775 0.00019428
v 0.00523474 -0.00317830 0.00022185
v 0.00533078 -0.00193670 -0.00225960
v 0.00536550 -0.00272451 -0.00068076
v 0.00533078 -0.00256580 -0.00155580
v 0.00528103 -0.00244319 -0.00206273
v 0.00151915 -0.00368594 -0.00243035
v 0.00152300 -0.00456085 0.00019428
v 0.00152300 -0.00453392 0.00022185
v 0.00160748 0.00043764 -0.00471977
v 0.00160593 0.00003084 -0.00471977
v 0.00160593 -0.00018688 -0.00471977
v 0.00161210 -0.00106179 -0.00471977
v 0.00154190 -0.00193670 -0.00418043
v 0.00151915 -0.00281103 -0.00330539
v 0.00473948 -0.00018688 -0.00418043
v 0.00511710 0.00043764 -0.00346501
v 0.00463341 -0.00107783 -0.00425298
v 0.00524824 -0.00149208 -0.00286279
v 0.00497014 -0.00193670 -0.00330539
v 0.00459985 -0.00193670 -0.00403676
v 0.00523050 -0.00319549 0.00019428
v 0.00505114 -0.00368594 0.00022185
v 0.00505423 -0.00368594 0.00019428
v 0.00521160 -0.00316168 -0.00068076
v 0.00502530 -0.00368594 -0.00068076
v 0.00487024 -0.00368594 -0.00155580
v 0.00504805 -0.00276519 -0.00238440
v 0.00161172 -0.00369339 -0.00331216
v 0.00163486 -0.00441245 -0.00243035
v 0.00152995 -0.00456085 -0.00068076
v 0.00163872 -0.00513552 0.00019428
v 0.00163563 -0.00511776 0.00022185
v 0.00152378 -0.00456085 0.00022185
v 0.00435377 0.00043764 -0.00471977
v 0.00165068 -0.00193670 -0.00471977
v 0.00162985 -0.00278467 -0.00417897
v 0.00440892 -0.00079708 -0.00465205
v 0.00443438 -0.00018688 -0.00467768
v 0.00472752 0.00043764 -0.00418043
v 0.00435107 -0.00138035 -0.00459303
v 0.00463997 -0.00283681 -0.00334070
v 0.00448105 -0.00256237 -0.00386746
v 0.00423150 -0.00193670 -0.00447404
v 0.00503995 -0.00370771 0.00022185
v 0.00463611 -0.00443193 0.00019428
v 0.00462608 -0.00441417 -0.00068076
v 0.00453467 -0.00430130 -0.00155580
v 0.00461065 -0.00371401 -0.00241971
v 0.00450728 -0.00344071 -0.00307224
v 0.00167343 -0.00423655 -0.00302532
v 0.00167305 -0.00340691 -0.00388633
v 0.00168655 -0.00506849 -0.00138601
v 0.00164566 -0.00512235 -0.00068076
v 0.00218759 -0.00534408 0.00019428
v 0.00163949 -0.00513438 0.00022185
v 0.00442281 0.00043764 -0.00466559
v 0.00438154 -0.00018688 -0.00471977
v 0.00167652 -0.00216015 -0.00471977
v 0.00170352 -0.00247585 -0.00467140
v 0.00433294 -0.00069911 -0.00471977
v 0.00421684 -0.00126118 -0.00471977
v 0.00430594 -0.00086927 -0.00471977
v 0.00393334 -0.00193670 -0.00471977
v 0.00431442 -0.00314564 -0.00365560
v 0.00396921 -0.00283911 -0.00420123
v 0.00362399 -0.00253257 -0.00470574
v 0.00364212 -0.00247012 -0.00471977
v 0.00463495 -0.00443021 0.00022185
v 0.00424037 -0.00486910 0.00019428
v 0.00421838 -0.00485191 -0.00068076
v 0.00443245 -0.00418728 -0.00212174
v 0.00408222 -0.00473904 -0.00155580
v 0.00430015 -0.00402398 -0.00270462
v 0.00218759 -0.00397299 -0.00358836
v 0.00218759 -0.00433567 -0.00315108
v 0.00182155 -0.00497911 -0.00196889
v 0.00218759 -0.00353525 -0.00400774
v 0.00214285 -0.00511604 -0.00162884
v 0.00218759 -0.00531257 -0.00068076
v 0.00218759 -0.00534122 0.00022185
v 0.00306278 -0.00541570 0.00019428
v 0.00214400 -0.00256065 -0.00471977
v 0.00218759 -0.00257669 -0.00471977
v 0.00218759 -0.00300698 -0.00444502
v 0.00401549 -0.00374839 -0.00337166
v 0.00373122 -0.00347280 -0.00395163
v 0.00345119 -0.00255721 -0.00471977
v 0.00360201 -0.00250908 -0.00471977
v 0.00306278 -0.00304938 -0.00449387
v 0.00425155 -0.00485363 0.00022185
v 0.00422494 -0.00487826 0.00022185
v 0.00380297 -0.00520714 0.00019428
v 0.00423844 -0.00486738 0.00022185
v 0.00378098 -0.00518823 -0.00068076
v 0.00364482 -0.00509313 -0.00155580
v 0.00352988 -0.00501749 -0.00203274
v 0.00391521 -0.00453163 -0.00236844
v 0.00371695 -0.00429327 -0.00308772
v 0.00306278 -0.00402226 -0.00363528
v 0.00306278 -0.00358510 -0.00405660
v 0.00306278 -0.00437807 -0.00319752
v 0.00306278 -0.00481581 -0.00248936
v 0.00214285 -0.00480665 -0.00236650
v 0.00240475 -0.00501749 -0.00203274
v 0.00306278 -0.00518709 -0.00155580
v 0.00306278 -0.00537846 -0.00068076
v 0.00306278 -0.00541226 0.00022185
v 0.00380104 -0.00520543 0.00022185
v 0.00308399 -0.00540711 0.00022185
v 0.00220572 -0.00257898 -0.00471977
v 0.00306278 -0.00266435 -0.00471977
v 0.00306278 -0.00502666 -0.00205257
f 3097 3098 3102
f 3097 3102 3106
f 3097 3106 3111
f 3097 3111 3115
f 3097 3115 3120
f 3097 3120 3127
f 3097 3127 3143
f 3097 3143 3168
f 3097 3168 3167
f 3097 3167 3190
f 3097 3190 3215
f 3097 3215 3242
f 3097 3242 3244
f 3097 3244 3243
f 3097 3243 3226
f 3097 3226 3228
f 3097 3228 3225
f 3097 3225 3203
f 3097 3203 3179
f 3097 3179 3157
f 3097 3157 3136
f 3097 3136 3125
f 3097 3125 3119
f 3097 3119 3117
f 3097 3117 3113
f 3097 3113 3109
f 3097 3109 3104
f 3097 3104 3099
f 3097 3099 3100
f 3097 3100 3101
f 3097 3101 3098
f 3098 3101 3103
f 3098 3103 3102
f 3099 3104 3100
f 3100 3105 3110
f 3100 3110 3114
f 3100 3114 3118
f 3100 3118 3124
f 3100 3124 3132
f 3100 3132 3151
f 3100 3151 3174
f 3100 3174 3191
f 3100 3191 3169
f 3100 3169 3144
f 3100 3144 3128
f 3100 3128 3121
f 3100 3121 3116
f 3100 3116 3112
f 3100 3112 3108
f 3100 3108 3107
f 3100 3107 3103
f 3100 3103 3101
f 3100 3104 3105
f 3102 3103 3107
f 3102 3107 3108
f 3102 3108 3106
f 3104 3109 3105
f 3105 3109 3110
f 3106 3108 3112
f 3106 3112 3111
f 3109 3113 3110
f 3110 3113 3114
f 3111 3112 3115
f 3112 3116 3115
f 3113 3117 3114
f 3114 3117 3119
f 3114 3119 3118
f 3115 3116 3120
f 3116 3121 3129
f 3116 3129 3149
f 3116 3149 3141
f 3116 3141 3127
f 3116 3127 3120
f 3118 3122 3123
f 3118 3123 3124
f 3118 3119 3122
f 3119 3125 3126
f 3119 3126 3122
f 3121 3128 3129
f 3122 3126 3130
f 3122 3130 3123
f 3123 3131 3132
f 3123 3132 3124
f 3123 3130 3133
f 3123 3133 3134
f 3123 3134 3131
f 3125 3135 3126
f 3125 3136 3135
f 3126 3137 3130
f 3126 3135 3138
f 3126 3138 3139
f 3126 3139 3140
f 3126 3140 3137
f 3127 3141 3142
f 3127 3142 3143
f 3128 3144 3145
f 3128 3145 3146
f 3128 3146 3129
f 3129 3146 3147
f 3129 3147 3148
f 3129 3148 3149
f 3130 3137 3133
f 3131 3150 3151
f 3131 3151 3132
f 3131 3134 3152
f 3131 3152 3150
f 3133 3137 3153
f 3133 3153 3134
f 3134 3153 3154
f 3134 3154 3155
f 3134 3155 3152
f 3135 3136 3156
f 3135 3156 3138
f 3136 3157 3158
f 3136 3158 3156
f 3137 3140 3153
f 3138 3156 3159
f 3138 3159 3139
f 3139 3159 3160
f 3139 3160 3161
f 3139 3161 3140
f 3140 3161 3162
f 3140 3162 3154
f 3140 3154 3153
f 3141 3163 3164
f 3141 3164 3165
f 3141 3165 3142
f 3141 3149 3163
f 3142 3165 3166
f 3142 3166 3167
f 3142 3167 3168
f 3142 3168 3143
f 3144 3169 3192
f 3144 3192 3195
f 3144 3195 3197
f 3144 3197 3196
f 3144 3196 3198
f 3144 3198 3202
f 3144 3202 3223
f 3144 3223 3222
f 3144 3222 3246
f 3144 3246 3245
f 3144 3245 3218
f 3144 3218 3217
f 3144 3217 3193
f 3144 3193 3170
f 3144 3170 3147
f 3144 3147 3146
f 3144 3146 3145
f 3147 3170 3148
f 3148 3170 3171
f 3148 3171 3163
f 3148 3163 3149
f 3150 3152 3172
f 3150 3172 3173
f 3150 3173 3174
f 3150 3174 3151
f 3152 3155 3175
f 3152 3175 3172
f 3154 3162 3176
f 3154 3176 3177
f 3154 3177 3155
f 3155 3177 3178
f 3155 3178 3175
f 3156 3158 3160
f 3156 3160 3159
f 3157 3179 3158
f 3158 3179 3180
f 3158 3180 3181
f 3158 3181 3160
f 3160 3181 3182
f 3160 3182 3161
f 3161 3182 3183
f 3161 3183 3162
f 3162 3184 3176
f 3162 3183 3184
f 3163 3185 3164
f 3163 3171 3186
f 3163 3186 3185
f 3164 3185 3187
f 3164 3187 3165
f 3165 3187 3188
f 3165 3188 3166
f 3166 3189 3190
f 3166 3190 3167
f 3166 3188 3189
f 3169 3191 3192
f 3170 3193 3171
f 3171 3193 3194
f 3171 3194 3186
f 3172 3195 3192
f 3172 3192 3173
f 3172 3175 3196
f 3172 3196 3197
f 3172 3197 3195
f 3173 3192 3191
f 3173 3191 3174
f 3175 3178 3198
f 3175 3198 3196
f 3176 3184 3177
f 3177 3184 3199
f 3177 3199 3200
f 3177 3200 3178
f 3178 3200 3201
f 3178 3201 3202
f 3178 3202 3198
f 3179 3203 3180
f 3180 3203 3204
f 3180 3204 3181
f 3181 3204 3205
f 3181 3205 3182
f 3182 3206 3183
f 3182 3205 3207
f 3182 3207 3206
f 3183 3206 3208
f 3183 3208 3184
f 3184 3208 3199
f 3185 3186 3209
f 3185 3209 3210
f 3185 3210 3211
f 3185 3211 3187
f 3186 3194 3212
f 3186 3212 3209
f 3187 3211 3213
f 3187 3213 3214
f 3187 3214 3188
f 3188 3214 3189
f 3189 3215 3190
f 3189 3214 3216
f 3189 3216 3215
f 3193 3217 3194
f 3194 3217 3218
f 3194 3218 3219
f 3194 3219 3212
f 3199 3208 3220
f 3199 3220 3221
f 3199 3221 3200
f 3200 3221 3201
f 3201 3222 3223
f 3201 3223 3202
f 3201 3221 3224
f 3201 3224 3222
f 3203 3225 3204
f 3204 3226 3227
f 3204 3227 3205
f 3204 3225 3228
f 3204 3228 3226
f 3205 3227 3229
f 3205 3229 3230
f 3205 3230 3207
f 3206 3207 3231
f 3206 3231 3232
f 3206 3232 3208
f 3207 3230 3231
f 3208 3232 3233
f 3208 3233 3220
f 3209 3234 3210
f 3209 3212 3235
f 3209 3235 3234
f 3210 3236 3237
f 3210 3237 3238
f 3210 3238 3211
f 3210 3234 3236
f 3211 3239 3213
f 3211 3238 3239
f 3212 3219 3235
f 3213 3239 3240
f 3213 3240 3241
f 3213 3241 3214
f 3214 3241 3216
f 3215 3216 3242
f 3216 3241 3229
f 3216 3229 3227
f 3216 3227 3243
f 3216 3243 3244
f 3216 3244 3242
f 3218 3245 3224
f 3218 3224 3219
f 3219 3224 3235
f 3220 3233 3221
f 3221 3235 3224
f 3221 3233 3234
f 3221 3234 3235
f 3222 3224 3246
f 3224 3245 3246
f 3226 3243 3227
f 3229 3241 3230
f 3230 3241 3231
f 3231 3241 3240
f 3231 3240 3247
f 3231 3247 3237
f 3231 3237 3236
f 3231 3236 3233
f 3231 3233 3232
f 3233 3236 3234
f 3237 3247 3239
f 3237 3239 3238
f 3239 3247 3240

o geometry_22
v -0.00408778 -0.00119213 -0.00064434
v -0.00408778 0.00056250 -0.00128437
v -0.00479012 -0.00129957 -0.00064434
v -0.00408778 -0.00495298 -0.00064434
v -0.00408778 0.00056250 -0.00426445
v -0.00485696 0.00056250 -0.00136127
v -0.00480389 -0.00130173 -0.00064434
v -0.00421891 -0.00485148 -0.00064434
v -0.00421810 -0.00485094 -0.00068084
v -0.00408778 -0.00495136 -0.00068084
v -0.00467345 0.00056250 -0.00426445
v -0.00408778 -0.00252403 -0.00426445
v -0.00494866 0.00056250 -0.00140947
v -0.00537929 -0.00189128 -0.00064434
v -0.00460930 -0.00443199 -0.00064434
v -0.00462524 -0.00441310 -0.00068084
v -0.00453490 -0.00430134 -0.00155583
v -0.00408778 -0.00473379 -0.00155583
v -0.00408778 -0.00474297 -0.00152217
v -0.00408778 -0.00490601 -0.00087965
v -0.00467412 0.00053982 -0.00426445
v -0.00468155 0.00056250 -0.00425205
v -0.00408778 -0.00277508 -0.00412411
v -0.00448142 -0.00256236 -0.00386753
v -0.00440823 -0.00193663 -0.00426445
v -0.00536511 0.00056250 -0.00174543
v -0.00542629 -0.00193663 -0.00155583
v -0.00534175 -0.00280639 -0.00064434
v -0.00537983 0.00056250 -0.00183332
v -0.00544033 0.00056250 -0.00243083
v -0.00546734 -0.00018686 -0.00243083
v -0.00462564 -0.00441417 -0.00064434
v -0.00464671 -0.00437638 -0.00064434
v -0.00480903 -0.00406973 -0.00064434
v -0.00505034 -0.00360434 -0.00064434
v -0.00485656 -0.00368587 -0.00155583
v -0.00461079 -0.00371394 -0.00242020
v -0.00443254 -0.00418688 -0.00212180
v -0.00408778 -0.00473055 -0.00156398
v -0.00468817 -0.00018686 -0.00426445
v -0.00473989 -0.00018686 -0.00418010
v -0.00471801 0.00056250 -0.00419251
v -0.00408778 -0.00294406 -0.00401425
v -0.00431478 -0.00314544 -0.00365596
v -0.00450748 -0.00344076 -0.00307263
v -0.00464023 -0.00283663 -0.00334055
v -0.00496526 -0.00193663 -0.00330547
v -0.00460012 -0.00193663 -0.00403658
v -0.00462402 -0.00108847 -0.00426445
v -0.00532231 -0.00193663 -0.00222811
v -0.00526937 -0.00241983 -0.00203958
v -0.00532231 -0.00253051 -0.00155583
v -0.00538294 -0.00113220 -0.00250312
v -0.00542372 0.00056250 -0.00252049
v -0.00535202 -0.00018686 -0.00305597
v -0.00531745 -0.00088710 -0.00299254
v -0.00504791 -0.00275132 -0.00237093
v -0.00430047 -0.00402384 -0.00270477
v -0.00408778 -0.00430458 -0.00251907
v -0.00408778 -0.00441687 -0.00228659
v -0.00468074 -0.00029592 -0.00426445
v -0.00463375 -0.00107768 -0.00425311
v -0.00511759 -0.00018686 -0.00349365
v -0.00472544 0.00056250 -0.00418010
v -0.00408778 -0.00327285 -0.00377078
v -0.00408778 -0.00360326 -0.00344013
v -0.00408778 -0.00381814 -0.00320305
v -0.00524209 -0.00147071 -0.00284334
v -0.00513352 -0.00113220 -0.00329271
v -0.00462713 -0.00106958 -0.00426445
v -0.00532501 0.00056250 -0.00301345
v -0.00511718 0.00056250 -0.00345077
v -0.00408778 -0.00412210 -0.00284440
f 3248 3249 3250
f 3248 3250 3254
f 3248 3254 3261
f 3248 3261 3275
f 3248 3275 3282
f 3248 3282 3281
f 3248 3281 3280
f 3248 3280 3279
f 3248 3279 3262
f 3248 3262 3255
f 3248 3255 3251
f 3248 3251 3257
f 3248 3257 3267
f 3248 3267 3266
f 3248 3266 3265
f 3248 3265 3286
f 3248 3286 3307
f 3248 3307 3306
f 3248 3306 3320
f 3248 3320 3314
f 3248 3314 3313
f 3248 3313 3312
f 3248 3312 3290
f 3248 3290 3270
f 3248 3270 3259
f 3248 3259 3252
f 3248 3252 3249
f 3249 3252 3258
f 3249 3258 3269
f 3249 3269 3289
f 3249 3289 3311
f 3249 3311 3319
f 3249 3319 3318
f 3249 3318 3301
f 3249 3301 3277
f 3249 3277 3276
f 3249 3276 3273
f 3249 3273 3260
f 3249 3260 3253
f 3249 3253 3254
f 3249 3254 3250
f 3251 3255 3256
f 3251 3256 3257
f 3252 3259 3272
f 3252 3272 3296
f 3252 3296 3317
f 3252 3317 3308
f 3252 3308 3287
f 3252 3287 3268
f 3252 3268 3258
f 3253 3260 3261
f 3253 3261 3254
f 3255 3262 3256
f 3256 3262 3263
f 3256 3263 3264
f 3256 3264 3265
f 3256 3265 3266
f 3256 3266 3267
f 3256 3267 3257
f 3258 3268 3269
f 3259 3270 3271
f 3259 3271 3272
f 3260 3273 3261
f 3261 3274 3275
f 3261 3273 3276
f 3261 3276 3277
f 3261 3277 3278
f 3261 3278 3274
f 3262 3279 3263
f 3263 3279 3280
f 3263 3280 3281
f 3263 3281 3282
f 3263 3282 3283
f 3263 3283 3264
f 3264 3283 3284
f 3264 3284 3285
f 3264 3285 3265
f 3265 3285 3286
f 3268 3287 3269
f 3269 3287 3288
f 3269 3288 3289
f 3270 3290 3291
f 3270 3291 3271
f 3271 3291 3292
f 3271 3292 3293
f 3271 3293 3294
f 3271 3294 3295
f 3271 3295 3272
f 3272 3295 3296
f 3274 3297 3298
f 3274 3298 3299
f 3274 3299 3275
f 3274 3278 3300
f 3274 3300 3297
f 3275 3299 3282
f 3277 3301 3302
f 3277 3302 3278
f 3278 3302 3303
f 3278 3303 3300
f 3282 3299 3283
f 3283 3299 3298
f 3283 3298 3304
f 3283 3304 3284
f 3284 3305 3285
f 3284 3304 3292
f 3284 3292 3305
f 3285 3305 3306
f 3285 3306 3307
f 3285 3307 3286
f 3287 3308 3288
f 3288 3308 3309
f 3288 3309 3310
f 3288 3310 3311
f 3288 3311 3289
f 3290 3312 3291
f 3291 3312 3313
f 3291 3313 3314
f 3291 3314 3305
f 3291 3305 3292
f 3292 3304 3293
f 3293 3304 3294
f 3294 3298 3315
f 3294 3315 3303
f 3294 3303 3316
f 3294 3316 3295
f 3294 3304 3298
f 3295 3316 3309
f 3295 3309 3296
f 3296 3309 3317
f 3297 3300 3303
f 3297 3303 3315
f 3297 3315 3298
f 3301 3318 3302
f 3302 3310 3309
f 3302 3309 3303
f 3302 3318 3319
f 3302 3319 3310
f 3303 3309 3316
f 3305 3314 3320
f 3305 3320 3306
f 3308 3317 3309
f 3310 3319 3311

o geometry_23
v -0.00306239 -0.00016467 0.00134317
v -0.00210692 -0.00016467 0.00138595
v -0.00393728 -0.00016467 0.00135386
v -0.00306239 0.00050439 -0.00128288
v -0.00172864 -0.00016467 0.00148150
v -0.00408778 -0.00016467 0.00136884
v -0.00392715 0.00052429 -0.00128288
v -0.00218749 0.00062300 -0.00128288
v -0.00166200 -0.00016467 0.00174888
v -0.00210211 0.00065999 -0.00128288
v -0.00169392 0.00094746 -0.00128288
v -0.00408778 0.00056459 -0.00128288
v -0.00408297 0.00056331 -0.00128288
v -0.00393728 0.00052480 -0.00128288
v -0.00408778 -0.00016467 0.00509151
v -0.00163362 -0.00016467 0.00186296
v -0.00158878 0.00156882 -0.00128288
v -0.00151884 -0.00016467 0.00281912
v -0.00152138 -0.00016467 0.00279274
v -0.00408778 0.00244117 -0.00128288
v -0.00386152 -0.00016467 0.00526763
v -0.00359852 0.00243837 0.00594214
v -0.00403584 0.00243837 0.00559775
v -0.00408778 0.00232868 0.00553287
v -0.00149959 0.00244117 -0.00128288
v -0.00151884 -0.00016467 0.00369399
v -0.00149934 0.00244117 0.00019164
v -0.00408778 0.00244117 0.00555141
v -0.00383796 -0.00016467 0.00527761
v -0.00352479 0.00192133 0.00589580
v -0.00306239 0.00244117 0.00600132
v -0.00359878 0.00244117 0.00594214
v -0.00403635 0.00244117 0.00559775
v -0.00149934 0.00244117 0.00369399
v -0.00149959 0.00244117 0.00456887
v -0.00151960 -0.00016467 0.00456887
v -0.00306239 -0.00016467 0.00553429
v -0.00306239 0.00188434 0.00590221
v -0.00245860 0.00192516 0.00589508
v -0.00217584 0.00244117 0.00595854
v -0.00159942 0.00244117 0.00550720
v -0.00163514 -0.00016467 0.00517422
v -0.00218749 -0.00016467 0.00544018
v -0.00187534 0.00207004 0.00584802
v -0.00217533 0.00239245 0.00594927
v -0.00213454 0.00244117 0.00595284
v -0.00176842 0.00244117 0.00589152
f 3321 3322 3325
f 3321 3325 3329
f 3321 3329 3336
f 3321 3336 3339
f 3321 3339 3338
f 3321 3338 3346
f 3321 3346 3356
f 3321 3356 3362
f 3321 3362 3363
f 3321 3363 3357
f 3321 3357 3349
f 3321 3349 3341
f 3321 3341 3335
f 3321 3335 3326
f 3321 3326 3323
f 3321 3323 3324
f 3321 3324 3322
f 3322 3324 3325
f 3323 3326 3327
f 3323 3327 3324
f 3324 3327 3334
f 3324 3334 3333
f 3324 3333 3332
f 3324 3332 3340
f 3324 3340 3345
f 3324 3345 3337
f 3324 3337 3331
f 3324 3331 3330
f 3324 3330 3328
f 3324 3328 3325
f 3325 3328 3330
f 3325 3330 3331
f 3325 3331 3329
f 3326 3332 3333
f 3326 3333 3334
f 3326 3334 3327
f 3326 3335 3344
f 3326 3344 3348
f 3326 3348 3340
f 3326 3340 3332
f 3329 3331 3336
f 3331 3337 3338
f 3331 3338 3339
f 3331 3339 3336
f 3335 3341 3342
f 3335 3342 3343
f 3335 3343 3344
f 3337 3345 3338
f 3338 3345 3347
f 3338 3347 3354
f 3338 3354 3346
f 3340 3348 3353
f 3340 3353 3352
f 3340 3352 3351
f 3340 3351 3360
f 3340 3360 3366
f 3340 3366 3367
f 3340 3367 3361
f 3340 3361 3355
f 3340 3355 3354
f 3340 3354 3347
f 3340 3347 3345
f 3341 3349 3350
f 3341 3350 3342
f 3342 3350 3351
f 3342 3351 3352
f 3342 3352 3353
f 3342 3353 3343
f 3343 3353 3348
f 3343 3348 3344
f 3346 3354 3355
f 3346 3355 3356
f 3349 3357 3350
f 3350 3358 3351
f 3350 3357 3358
f 3351 3358 3359
f 3351 3359 3360
f 3355 3361 3356
f 3356 3361 3362
f 3357 3363 3359
f 3357 3359 3358
f 3359 3364 3365
f 3359 3365 3360
f 3359 3363 3364
f 3360 3365 3364
f 3360 3364 3366
f 3361 3367 3362
f 3362 3367 3363
f 3363 3367 3364
f 3364 3367 3366

o geometry_24
v -0.00788313 0.04573451 -0.00212705
v -0.00788313 0.04573451 -0.00195115
v -0.00788313 0.04578032 -0.00212705
v -0.00780113 0.04551027 -0.00232037
v -0.00788313 0.04578032 -0.00195115
v -0.00734831 0.04452693 -0.00232037
v -0.00775140 0.04623522 0.00069472
v -0.00781035 0.04639596 0.00069472
v -0.00785843 0.04656515 0.00069472
v -0.00787556 0.04662181 0.00063806
v -0.00788017 0.04660734 0.00019417
v -0.00788116 0.04660453 -0.00032054
v -0.00774580 0.04600013 -0.00232037
v -0.00780113 0.04552634 -0.00232037
v -0.00788116 0.04663507 -0.00032054
v -0.00729726 0.04444977 -0.00232037
v -0.00729990 0.04532100 0.00069472
v -0.00779685 0.04669856 0.00069472
v -0.00787556 0.04662623 0.00063806
v -0.00788017 0.04663346 0.00019417
v -0.00763416 0.04622035 -0.00232037
v -0.00746851 0.04707108 0.00019417
v -0.00702491 0.04751794 -0.00041173
v -0.00743920 0.04705983 -0.00065758
v -0.00734996 0.04697986 -0.00155538
v -0.00673379 0.04395749 -0.00232037
v -0.00656221 0.04493521 0.00069472
v -0.00702426 0.04750388 0.00069472
v -0.00721296 0.04683278 -0.00232037
v -0.00703084 0.04752237 0.00019417
v -0.00656221 0.04772048 0.00019417
v -0.00663137 0.04765458 -0.00069418
v -0.00696926 0.04748499 -0.00099462
v -0.00682469 0.04741748 -0.00155538
v -0.00656221 0.04387270 -0.00232037
v -0.00612257 0.04383895 -0.00232037
v -0.00568753 0.04380640 -0.00232037
v -0.00568753 0.04488458 0.00069472
v -0.00701635 0.04751192 0.00069472
v -0.00655135 0.04724870 -0.00232037
v -0.00623651 0.04774299 0.00069472
v -0.00568753 0.04791096 0.00019417
v -0.00568753 0.04787681 -0.00068060
v -0.00700779 0.04751554 0.00069472
v -0.00658461 0.04766703 0.00069472
v -0.00638734 0.04760234 -0.00155538
v -0.00621346 0.04753201 -0.00206389
v -0.00484347 0.04441842 -0.00232037
v -0.00486422 0.04527157 0.00069472
v -0.00516391 0.04512369 0.00069472
v -0.00566711 0.04488819 0.00069472
v -0.00646408 0.04729452 -0.00232037
v -0.00568753 0.04785912 0.00069472
v -0.00495215 0.04771285 0.00019417
v -0.00496565 0.04769718 -0.00068060
v -0.00498278 0.04768512 0.00069472
v -0.00568753 0.04771285 -0.00155538
v -0.00508059 0.04760997 -0.00155538
v -0.00568753 0.04744441 -0.00232037
v -0.00592728 0.04743195 -0.00232037
v -0.00568753 0.04754407 -0.00209724
v -0.00454511 0.04531256 -0.00232037
v -0.00451909 0.04618740 0.00069472
v -0.00472788 0.04558703 0.00069472
v -0.00477366 0.04734113 0.00069472
v -0.00458660 0.04706224 0.00019417
v -0.00460010 0.04706224 -0.00068060
v -0.00471504 0.04706224 -0.00155538
v -0.00520342 0.04752679 -0.00206124
v -0.00492613 0.04709117 -0.00232037
v -0.00499496 0.04717918 -0.00232037
v -0.00453424 0.04618740 -0.00232037
v -0.00451909 0.04618740 -0.00155538
v -0.00454774 0.04656193 0.00069472
v -0.00461723 0.04706224 0.00069472
f 3368 3369 3372
f 3368 3372 3370
f 3368 3370 3381
f 3368 3381 3371
f 3368 3371 3369
f 3369 3371 3373
f 3369 3373 3374
f 3369 3374 3375
f 3369 3375 3376
f 3369 3376 3377
f 3369 3377 3378
f 3369 3378 3379
f 3369 3379 3382
f 3369 3382 3372
f 3370 3380 3381
f 3370 3372 3382
f 3370 3382 3380
f 3371 3381 3380
f 3371 3380 3388
f 3371 3388 3396
f 3371 3396 3407
f 3371 3407 3419
f 3371 3419 3427
f 3371 3427 3426
f 3371 3426 3438
f 3371 3438 3437
f 3371 3437 3439
f 3371 3439 3429
f 3371 3429 3415
f 3371 3415 3404
f 3371 3404 3403
f 3371 3403 3402
f 3371 3402 3393
f 3371 3393 3383
f 3371 3383 3373
f 3373 3383 3384
f 3373 3384 3374
f 3374 3384 3394
f 3374 3394 3405
f 3374 3405 3418
f 3374 3418 3417
f 3374 3417 3416
f 3374 3416 3431
f 3374 3431 3430
f 3374 3430 3441
f 3374 3441 3442
f 3374 3442 3432
f 3374 3432 3423
f 3374 3423 3420
f 3374 3420 3408
f 3374 3408 3412
f 3374 3412 3411
f 3374 3411 3406
f 3374 3406 3395
f 3374 3395 3385
f 3374 3385 3376
f 3374 3376 3375
f 3376 3385 3386
f 3376 3386 3377
f 3377 3386 3387
f 3377 3387 3378
f 3378 3387 3382
f 3378 3382 3379
f 3380 3382 3388
f 3382 3387 3389
f 3382 3389 3390
f 3382 3390 3391
f 3382 3391 3392
f 3382 3392 3388
f 3383 3393 3384
f 3384 3393 3394
f 3385 3395 3386
f 3386 3389 3387
f 3386 3395 3389
f 3388 3392 3396
f 3389 3395 3397
f 3389 3397 3390
f 3390 3397 3398
f 3390 3398 3399
f 3390 3399 3400
f 3390 3400 3391
f 3391 3400 3392
f 3392 3400 3401
f 3392 3401 3396
f 3393 3402 3394
f 3394 3402 3403
f 3394 3403 3404
f 3394 3404 3405
f 3395 3406 3397
f 3396 3401 3407
f 3397 3406 3398
f 3398 3408 3409
f 3398 3409 3410
f 3398 3410 3399
f 3398 3406 3411
f 3398 3411 3412
f 3398 3412 3408
f 3399 3410 3413
f 3399 3413 3400
f 3400 3413 3401
f 3401 3413 3414
f 3401 3414 3407
f 3404 3415 3416
f 3404 3416 3417
f 3404 3417 3418
f 3404 3418 3405
f 3407 3414 3419
f 3408 3420 3409
f 3409 3421 3422
f 3409 3422 3410
f 3409 3420 3423
f 3409 3423 3421
f 3410 3424 3413
f 3410 3422 3425
f 3410 3425 3424
f 3413 3424 3414
f 3414 3426 3427
f 3414 3427 3419
f 3414 3424 3428
f 3414 3428 3426
f 3415 3429 3430
f 3415 3430 3431
f 3415 3431 3416
f 3421 3423 3432
f 3421 3432 3433
f 3421 3433 3434
f 3421 3434 3422
f 3422 3434 3435
f 3422 3435 3425
f 3424 3425 3436
f 3424 3436 3428
f 3425 3435 3437
f 3425 3437 3438
f 3425 3438 3436
f 3426 3428 3436
f 3426 3436 3438
f 3429 3439 3440
f 3429 3440 3430
f 3430 3440 3441
f 3432 3442 3433
f 3433 3442 3441
f 3433 3441 3440
f 3433 3440 3434
f 3434 3440 3439
f 3434 3439 3435
f 3435 3439 3437

o geometry_25
v -0.00467346 0.00056250 -0.00426380
v -0.00408792 0.00056250 -0.00426380
v -0.00468155 0.00056250 -0.00425175
v -0.00466955 0.00068874 -0.00426380
v -0.00408792 0.00255704 -0.00426380
v -0.00408792 0.00056250 0.00520847
v -0.00471808 0.00056250 -0.00419248
v -0.00472307 0.00068874 -0.00418043
v -0.00456859 0.00144985 -0.00426380
v -0.00413240 0.00249641 -0.00426380
v -0.00408792 0.00268794 -0.00417741
v -0.00408792 0.00396534 0.00599699
v -0.00415127 0.00396534 0.00595480
v -0.00482713 0.00396534 0.00548671
v -0.00416084 0.00056250 0.00515121
v -0.00472549 0.00056250 -0.00418043
v -0.00511720 0.00056250 -0.00345017
v -0.00511707 0.00068874 -0.00344314
v -0.00459757 0.00149615 -0.00420554
v -0.00453692 0.00154278 -0.00426380
v -0.00416273 0.00243846 -0.00426380
v -0.00439067 0.00289912 -0.00376256
v -0.00408792 0.00305634 -0.00393232
v -0.00408792 0.00396534 -0.00305842
v -0.00482982 0.00396534 0.00548169
v -0.00463235 0.00056250 0.00461783
v -0.00450322 0.00056250 0.00479161
v -0.00439943 0.00098619 0.00503168
v -0.00532492 0.00056250 -0.00301322
v -0.00532047 0.00068874 -0.00300619
v -0.00507555 0.00152280 -0.00325229
v -0.00481338 0.00243846 -0.00330452
v -0.00450376 0.00243846 -0.00389917
v -0.00436883 0.00202609 -0.00426380
v -0.00415680 0.00348236 -0.00348734
v -0.00408792 0.00341840 -0.00361390
v -0.00451252 0.00323987 -0.00323923
v -0.00440118 0.00378347 -0.00290474
v -0.00408792 0.00395701 -0.00306847
v -0.00410922 0.00396534 -0.00303331
v -0.00522369 0.00396534 0.00456861
v -0.00506153 0.00056250 0.00369371
v -0.00469274 0.00056250 0.00450031
v -0.00542372 0.00056250 -0.00252002
v -0.00543572 0.00068874 -0.00242962
v -0.00535565 0.00152280 -0.00243765
v -0.00527545 0.00120403 -0.00292583
v -0.00532344 0.00214667 -0.00215037
v -0.00482780 0.00331315 -0.00242962
v -0.00408792 0.00361759 -0.00342305
v -0.00457142 0.00396534 -0.00237537
v -0.00451063 0.00396534 -0.00251701
v -0.00445995 0.00396534 -0.00261143
v -0.00501463 0.00396534 -0.00067981
v -0.00535094 0.00306233 0.00019510
v -0.00546484 0.00243846 0.00019510
v -0.00542763 0.00156377 0.00194390
v -0.00536549 0.00056250 0.00271333
v -0.00508431 0.00056250 0.00362038
v -0.00544030 0.00056250 -0.00242962
v -0.00543653 0.00243846 -0.00067981
v -0.00535484 0.00243812 -0.00150650
v -0.00527410 0.00293176 -0.00118305
v -0.00487875 0.00396534 -0.00154366
v -0.00481823 0.00396534 -0.00177771
v -0.00499643 0.00396534 -0.00087869
v -0.00532276 0.00301670 -0.00067981
v -0.00537749 0.00056250 0.00189669
f 3443 3444 3448
f 3443 3448 3457
f 3443 3457 3469
f 3443 3469 3468
f 3443 3468 3485
f 3443 3485 3484
f 3443 3484 3501
f 3443 3501 3500
f 3443 3500 3510
f 3443 3510 3502
f 3443 3502 3486
f 3443 3486 3471
f 3443 3471 3459
f 3443 3459 3458
f 3443 3458 3449
f 3443 3449 3445
f 3443 3445 3446
f 3443 3446 3451
f 3443 3451 3462
f 3443 3462 3476
f 3443 3476 3463
f 3443 3463 3452
f 3443 3452 3447
f 3443 3447 3444
f 3444 3447 3453
f 3444 3453 3465
f 3444 3465 3478
f 3444 3478 3492
f 3444 3492 3481
f 3444 3481 3466
f 3444 3466 3454
f 3444 3454 3448
f 3445 3449 3450
f 3445 3450 3446
f 3446 3450 3451
f 3447 3452 3453
f 3448 3454 3455
f 3448 3455 3456
f 3448 3456 3457
f 3449 3458 3450
f 3450 3458 3459
f 3450 3459 3460
f 3450 3460 3461
f 3450 3461 3451
f 3451 3461 3462
f 3452 3463 3464
f 3452 3464 3453
f 3453 3464 3465
f 3454 3466 3482
f 3454 3482 3495
f 3454 3495 3494
f 3454 3494 3493
f 3454 3493 3507
f 3454 3507 3506
f 3454 3506 3508
f 3454 3508 3496
f 3454 3496 3483
f 3454 3483 3467
f 3454 3467 3456
f 3454 3456 3455
f 3456 3467 3468
f 3456 3468 3469
f 3456 3469 3470
f 3456 3470 3457
f 3457 3470 3469
f 3459 3471 3460
f 3460 3471 3472
f 3460 3472 3473
f 3460 3473 3461
f 3461 3473 3474
f 3461 3474 3475
f 3461 3475 3462
f 3462 3475 3476
f 3463 3476 3475
f 3463 3475 3464
f 3464 3477 3478
f 3464 3478 3465
f 3464 3475 3474
f 3464 3474 3479
f 3464 3479 3480
f 3464 3480 3477
f 3466 3481 3482
f 3467 3483 3484
f 3467 3484 3485
f 3467 3485 3468
f 3471 3486 3472
f 3472 3486 3487
f 3472 3487 3488
f 3472 3488 3489
f 3472 3489 3473
f 3473 3489 3490
f 3473 3490 3474
f 3474 3490 3491
f 3474 3491 3479
f 3477 3480 3492
f 3477 3492 3478
f 3479 3491 3493
f 3479 3493 3494
f 3479 3494 3480
f 3480 3482 3481
f 3480 3481 3492
f 3480 3494 3495
f 3480 3495 3482
f 3483 3496 3497
f 3483 3497 3498
f 3483 3498 3499
f 3483 3499 3500
f 3483 3500 3501
f 3483 3501 3484
f 3486 3502 3487
f 3487 3502 3503
f 3487 3503 3488
f 3488 3503 3490
f 3488 3490 3489
f 3490 3503 3504
f 3490 3504 3505
f 3490 3505 3506
f 3490 3506 3507
f 3490 3507 3491
f 3491 3507 3493
f 3496 3508 3509
f 3496 3509 3497
f 3497 3509 3503
f 3497 3503 3498
f 3498 3503 3502
f 3498 3502 3499
f 3499 3502 3510
f 3499 3510 3500
f 3503 3509 3504
f 3504 3509 3505
f 3505 3508 3506
f 3505 3509 3508

o geometry_26
v 0.00361244 0.03831222 -0.00471977
v 0.00361334 0.03828958 -0.00471977
v 0.00454269 0.03831222 -0.00160284
v 0.00376853 0.03918767 -0.00471977
v 0.00368266 0.03746435 -0.00471977
v 0.00459100 0.03743678 -0.00160284
v 0.00490630 0.03919752 -0.00160284
v 0.00487991 0.04169386 -0.00332179
v 0.00451675 0.04169386 -0.00418034
v 0.00450870 0.04169386 -0.00429689
v 0.00451005 0.04169386 -0.00471977
v 0.00368579 0.03743678 -0.00471977
v 0.00521891 0.03163463 -0.00160284
v 0.00491435 0.03920933 -0.00160284
v 0.00556418 0.04169386 -0.00298770
v 0.00786118 0.04169386 -0.00471977
v 0.00449663 0.03163463 -0.00471977
v 0.00817827 0.03163463 -0.00160284
v 0.00568762 0.03954119 -0.00160284
v 0.00568762 0.04169386 -0.00293278
v 0.00789696 0.04169386 -0.00467309
v 0.00787058 0.04093757 -0.00471977
v 0.00752665 0.03163463 -0.00471977
v 0.00817917 0.03223532 -0.00160284
v 0.00816665 0.03163463 -0.00187651
v 0.00817559 0.03743678 -0.00243058
v 0.00656196 0.03948900 -0.00160284
v 0.00656196 0.04169386 -0.00299380
v 0.00790278 0.04169386 -0.00466546
v 0.00790501 0.04093757 -0.00467095
v 0.00784195 0.04006213 -0.00471977
v 0.00774356 0.03163463 -0.00422519
v 0.00789070 0.04006213 -0.00464715
v 0.00818096 0.03661057 -0.00160284
v 0.00814115 0.03163463 -0.00243058
v 0.00813534 0.03831222 -0.00330531
v 0.00818051 0.03743678 -0.00160284
v 0.00668540 0.03946832 -0.00160284
v 0.00733031 0.04169386 -0.00339257
v 0.00725652 0.03916896 -0.00160284
v 0.00790412 0.04169386 -0.00460596
v 0.00797925 0.03924675 -0.00423709
v 0.00788891 0.03163463 -0.00378768
v 0.00809062 0.03163463 -0.00275155
v 0.00790412 0.04169386 -0.00447812
v 0.00800251 0.03163463 -0.00330531
v 0.00817380 0.03749193 -0.00160284
v 0.00776100 0.04169386 -0.00405586
v 0.00726636 0.03916010 -0.00160284
v 0.00773864 0.03864015 -0.00160284
v 0.00802934 0.03817928 -0.00160284
v 0.00788399 0.04169386 -0.00441100
f 3511 3512 3513
f 3511 3513 3514
f 3511 3514 3521
f 3511 3521 3526
f 3511 3526 3532
f 3511 3532 3541
f 3511 3541 3533
f 3511 3533 3527
f 3511 3527 3522
f 3511 3522 3515
f 3511 3515 3512
f 3512 3515 3516
f 3512 3516 3513
f 3513 3516 3523
f 3513 3523 3528
f 3513 3528 3534
f 3513 3534 3544
f 3513 3544 3547
f 3513 3547 3557
f 3513 3557 3561
f 3513 3561 3560
f 3513 3560 3559
f 3513 3559 3550
f 3513 3550 3548
f 3513 3548 3537
f 3513 3537 3529
f 3513 3529 3524
f 3513 3524 3517
f 3513 3517 3518
f 3513 3518 3519
f 3513 3519 3514
f 3514 3519 3520
f 3514 3520 3521
f 3515 3522 3523
f 3515 3523 3516
f 3517 3524 3518
f 3518 3525 3530
f 3518 3530 3538
f 3518 3538 3549
f 3518 3549 3558
f 3518 3558 3562
f 3518 3562 3555
f 3518 3555 3551
f 3518 3551 3539
f 3518 3539 3531
f 3518 3531 3526
f 3518 3526 3521
f 3518 3521 3520
f 3518 3520 3519
f 3518 3524 3525
f 3522 3527 3523
f 3523 3527 3533
f 3523 3533 3542
f 3523 3542 3553
f 3523 3553 3556
f 3523 3556 3554
f 3523 3554 3545
f 3523 3545 3535
f 3523 3535 3528
f 3524 3529 3530
f 3524 3530 3525
f 3526 3531 3532
f 3528 3535 3536
f 3528 3536 3534
f 3529 3537 3530
f 3530 3537 3538
f 3531 3539 3532
f 3532 3539 3540
f 3532 3540 3541
f 3533 3541 3543
f 3533 3543 3542
f 3534 3536 3544
f 3535 3545 3536
f 3536 3546 3547
f 3536 3547 3544
f 3536 3545 3546
f 3537 3548 3538
f 3538 3548 3550
f 3538 3550 3549
f 3539 3551 3546
f 3539 3546 3540
f 3540 3543 3541
f 3540 3546 3552
f 3540 3552 3543
f 3542 3543 3553
f 3543 3552 3553
f 3545 3554 3546
f 3546 3551 3555
f 3546 3555 3547
f 3546 3554 3556
f 3546 3556 3552
f 3547 3555 3557
f 3549 3550 3559
f 3549 3559 3560
f 3549 3560 3561
f 3549 3561 3558
f 3552 3556 3553
f 3555 3562 3561
f 3555 3561 3557
f 3558 3561 3562

o geometry_27
v 0.00568767 0.04033893 0.00244413
v 0.00495479 0.03995288 0.00244413
v 0.00656212 0.04025711 0.00244413
v 0.00656212 0.03948928 -0.00160284
v 0.00568767 0.03954126 -0.00160284
v 0.00491439 0.03920890 -0.00160284
v 0.00484254 0.03977562 0.00244413
v 0.00490617 0.03919697 -0.00160284
v 0.00669332 0.04019831 0.00244413
v 0.00668545 0.03946797 -0.00160284
v 0.00454259 0.03831238 -0.00160284
v 0.00454331 0.03881177 0.00244413
v 0.00722492 0.03987192 0.00244413
v 0.00725638 0.03916885 -0.00160284
v 0.00459085 0.03743716 -0.00160284
v 0.00452901 0.03831238 0.00244413
v 0.00780372 0.03916544 0.00244413
v 0.00773865 0.03864048 -0.00160284
v 0.00726639 0.03915947 -0.00160284
v 0.00459085 0.03743716 0.00019485
v 0.00455403 0.03793741 0.00244413
v 0.00521898 0.03163365 -0.00160284
v 0.00520433 0.03163365 0.00244413
v 0.00796281 0.03893790 0.00244413
v 0.00802966 0.03817859 -0.00160284
v 0.00459157 0.03743716 0.00244413
v 0.00817838 0.03163365 -0.00160284
v 0.00818124 0.03163365 0.00244413
v 0.00810330 0.03831749 0.00244413
v 0.00817373 0.03749171 -0.00160284
v 0.00817909 0.03218843 -0.00160284
v 0.00818052 0.03163365 -0.00155530
v 0.00818124 0.03163365 -0.00068023
v 0.00818124 0.03743716 0.00244413
v 0.00818124 0.03743716 0.00194420
v 0.00818088 0.03743716 -0.00160284
v 0.00818088 0.03660967 -0.00160284
v 0.00818124 0.03306365 -0.00155530
v 0.00818088 0.03218843 -0.00155530
v 0.00818124 0.03656195 -0.00155530
f 3563 3564 3569
f 3563 3569 3574
f 3563 3574 3578
f 3563 3578 3583
f 3563 3583 3588
f 3563 3588 3585
f 3563 3585 3590
f 3563 3590 3596
f 3563 3596 3591
f 3563 3591 3586
f 3563 3586 3579
f 3563 3579 3575
f 3563 3575 3571
f 3563 3571 3565
f 3563 3565 3566
f 3563 3566 3567
f 3563 3567 3568
f 3563 3568 3564
f 3564 3568 3570
f 3564 3570 3569
f 3565 3571 3572
f 3565 3572 3566
f 3566 3572 3576
f 3566 3576 3581
f 3566 3581 3580
f 3566 3580 3587
f 3566 3587 3592
f 3566 3592 3598
f 3566 3598 3599
f 3566 3599 3593
f 3566 3593 3589
f 3566 3589 3584
f 3566 3584 3577
f 3566 3577 3573
f 3566 3573 3570
f 3566 3570 3568
f 3566 3568 3567
f 3569 3570 3573
f 3569 3573 3574
f 3571 3575 3576
f 3571 3576 3572
f 3573 3577 3578
f 3573 3578 3574
f 3575 3579 3580
f 3575 3580 3581
f 3575 3581 3576
f 3577 3582 3583
f 3577 3583 3578
f 3577 3584 3585
f 3577 3585 3582
f 3579 3586 3580
f 3580 3586 3587
f 3582 3588 3583
f 3582 3585 3588
f 3584 3589 3594
f 3584 3594 3595
f 3584 3595 3590
f 3584 3590 3585
f 3586 3591 3587
f 3587 3591 3592
f 3589 3593 3594
f 3590 3595 3600
f 3590 3600 3602
f 3590 3602 3597
f 3590 3597 3596
f 3591 3596 3597
f 3591 3597 3598
f 3591 3598 3592
f 3593 3599 3600
f 3593 3600 3601
f 3593 3601 3594
f 3594 3601 3595
f 3595 3601 3600
f 3597 3602 3598
f 3598 3602 3600
f 3598 3600 3599

o geometry_28
v -0.00788504 0.04395097 -0.00378022
v -0.00788504 0.04395097 -0.00372312
v -0.00788504 0.04415770 -0.00378022
v -0.00786027 0.04135816 -0.00426461
v -0.00788504 0.04415770 -0.00372312
v -0.00780115 0.04551011 -0.00232037
v -0.00780115 0.04552560 -0.00232037
v -0.00774566 0.04599984 -0.00232037
v -0.00770569 0.04531231 -0.00330534
v -0.00767233 0.04444427 -0.00411520
v -0.00761783 0.04429295 -0.00426461
v -0.00772320 0.04348567 -0.00426461
v -0.00451140 0.04135816 -0.00426461
v -0.00777307 0.04135816 -0.00400348
v -0.00734831 0.04452649 -0.00232037
v -0.00762642 0.04135816 -0.00377013
v -0.00736417 0.04135816 -0.00335539
v -0.00763402 0.04622027 -0.00232037
v -0.00767233 0.04611780 -0.00242372
v -0.00727366 0.04617440 -0.00326575
v -0.00711479 0.04587413 -0.00386739
v -0.00727267 0.04527121 -0.00416754
v -0.00756829 0.04444248 -0.00426461
v -0.00451107 0.04135816 -0.00418030
v -0.00452296 0.04268793 -0.00426461
v -0.00451900 0.04356312 -0.00418030
v -0.00729712 0.04444904 -0.00232037
v -0.00700051 0.04135816 -0.00315745
v -0.00656221 0.04135816 -0.00292391
v -0.00721289 0.04683273 -0.00232037
v -0.00719307 0.04681187 -0.00243057
v -0.00706095 0.04667723 -0.00294770
v -0.00675708 0.04567990 -0.00426461
v -0.00723106 0.04520924 -0.00426461
v -0.00656221 0.04648718 -0.00356895
v -0.00656221 0.04604988 -0.00404345
v -0.00726045 0.04514371 -0.00426461
v -0.00470859 0.04135816 -0.00363785
v -0.00452296 0.04531231 -0.00330534
v -0.00452923 0.04531231 -0.00243057
v -0.00454509 0.04531231 -0.00232037
v -0.00453485 0.04356312 -0.00426461
v -0.00453947 0.04443712 -0.00418030
v -0.00673363 0.04395752 -0.00232037
v -0.00642579 0.04135816 -0.00291516
v -0.00656221 0.04387292 -0.00232037
v -0.00655131 0.04724858 -0.00232037
v -0.00652786 0.04723428 -0.00238565
v -0.00656221 0.04680175 -0.00313156
v -0.00656221 0.04580919 -0.00426461
v -0.00568758 0.04660514 -0.00371836
v -0.00568758 0.04616785 -0.00416431
v -0.00621540 0.04592298 -0.00426461
v -0.00486680 0.04135816 -0.00327317
v -0.00483079 0.04539512 -0.00426423
v -0.00482848 0.04626853 -0.00338528
v -0.00453650 0.04618751 -0.00243057
v -0.00453419 0.04618751 -0.00232037
v -0.00484368 0.04441806 -0.00232037
v -0.00457548 0.04443474 -0.00426461
v -0.00568758 0.04135816 -0.00288832
v -0.00612258 0.04383896 -0.00232037
v -0.00646411 0.04729445 -0.00232037
v -0.00592738 0.04743208 -0.00232037
v -0.00568758 0.04691077 -0.00328117
v -0.00502963 0.04682320 -0.00314698
v -0.00501147 0.04603141 -0.00402860
v -0.00568758 0.04606716 -0.00426461
v -0.00483113 0.04539512 -0.00426461
v -0.00494376 0.04709368 -0.00238413
v -0.00492592 0.04709129 -0.00232037
v -0.00568758 0.04380620 -0.00232037
v -0.00568758 0.04744399 -0.00232037
v -0.00568758 0.04734867 -0.00253506
v -0.00499495 0.04717888 -0.00232037
f 3603 3604 3607
f 3603 3607 3605
f 3603 3605 3606
f 3603 3606 3604
f 3604 3606 3608
f 3604 3608 3609
f 3604 3609 3607
f 3605 3607 3609
f 3605 3609 3610
f 3605 3610 3611
f 3605 3611 3612
f 3605 3612 3613
f 3605 3613 3614
f 3605 3614 3606
f 3606 3615 3626
f 3606 3626 3640
f 3606 3640 3656
f 3606 3656 3663
f 3606 3663 3647
f 3606 3647 3631
f 3606 3631 3630
f 3606 3630 3619
f 3606 3619 3618
f 3606 3618 3616
f 3606 3616 3608
f 3606 3614 3613
f 3606 3613 3625
f 3606 3625 3639
f 3606 3639 3636
f 3606 3636 3635
f 3606 3635 3652
f 3606 3652 3655
f 3606 3655 3670
f 3606 3670 3671
f 3606 3671 3662
f 3606 3662 3644
f 3606 3644 3627
f 3606 3627 3615
f 3608 3617 3629
f 3608 3629 3646
f 3608 3646 3648
f 3608 3648 3664
f 3608 3664 3674
f 3608 3674 3661
f 3608 3661 3643
f 3608 3643 3660
f 3608 3660 3673
f 3608 3673 3677
f 3608 3677 3675
f 3608 3675 3666
f 3608 3666 3665
f 3608 3665 3649
f 3608 3649 3632
f 3608 3632 3620
f 3608 3620 3610
f 3608 3610 3609
f 3608 3616 3618
f 3608 3618 3619
f 3608 3619 3617
f 3610 3620 3621
f 3610 3621 3611
f 3611 3621 3622
f 3611 3622 3623
f 3611 3623 3624
f 3611 3624 3612
f 3612 3624 3625
f 3612 3625 3613
f 3615 3627 3628
f 3615 3628 3626
f 3617 3619 3630
f 3617 3630 3631
f 3617 3631 3629
f 3620 3632 3633
f 3620 3633 3621
f 3621 3633 3622
f 3622 3633 3634
f 3622 3634 3623
f 3623 3635 3636
f 3623 3636 3624
f 3623 3634 3637
f 3623 3637 3638
f 3623 3638 3635
f 3624 3636 3639
f 3624 3639 3625
f 3626 3628 3641
f 3626 3641 3642
f 3626 3642 3643
f 3626 3643 3640
f 3627 3644 3628
f 3628 3644 3645
f 3628 3645 3641
f 3629 3631 3646
f 3631 3647 3648
f 3631 3648 3646
f 3632 3649 3633
f 3633 3649 3634
f 3634 3649 3650
f 3634 3650 3651
f 3634 3651 3637
f 3635 3638 3652
f 3637 3651 3653
f 3637 3653 3638
f 3638 3653 3654
f 3638 3654 3655
f 3638 3655 3652
f 3640 3643 3656
f 3641 3645 3657
f 3641 3657 3658
f 3641 3658 3659
f 3641 3659 3660
f 3641 3660 3642
f 3642 3660 3643
f 3643 3661 3656
f 3644 3662 3645
f 3645 3662 3657
f 3647 3663 3648
f 3648 3663 3664
f 3649 3665 3650
f 3650 3665 3651
f 3651 3665 3666
f 3651 3666 3667
f 3651 3667 3653
f 3653 3667 3668
f 3653 3668 3669
f 3653 3669 3654
f 3654 3670 3655
f 3654 3669 3670
f 3656 3661 3663
f 3657 3669 3658
f 3657 3662 3671
f 3657 3671 3669
f 3658 3668 3672
f 3658 3672 3659
f 3658 3669 3668
f 3659 3672 3673
f 3659 3673 3660
f 3661 3674 3663
f 3663 3674 3664
f 3666 3675 3676
f 3666 3676 3667
f 3667 3676 3668
f 3668 3676 3677
f 3668 3677 3672
f 3669 3671 3670
f 3672 3677 3673
f 3675 3677 3676

o geometry_29
v 0.00451909 0.04618745 -0.00090873
v 0.00451909 0.04618745 0.00106932
v 0.00458313 0.04706226 0.00019467
v 0.00457649 0.04683423 -0.00090873
v 0.00455459 0.04595900 -0.00090873
v 0.00454099 0.04531264 0.00244413
v 0.00452075 0.04618745 0.00194429
v 0.00463820 0.04706226 0.00106932
v 0.00494841 0.04771365 0.00019467
v 0.00459673 0.04706226 -0.00068030
v 0.00462659 0.04706226 -0.00090873
v 0.00484656 0.04526276 -0.00090873
v 0.00476029 0.04444747 0.00244413
v 0.00455758 0.04618745 0.00244413
v 0.00491822 0.04702202 0.00244413
v 0.00488106 0.04714190 0.00200993
v 0.00500382 0.04766671 0.00106932
v 0.00568761 0.04790605 0.00019467
v 0.00496235 0.04769688 -0.00068030
v 0.00489699 0.04753131 -0.00090873
v 0.00494111 0.04510054 -0.00090873
v 0.00507615 0.04383087 0.00244413
v 0.00547162 0.04730454 0.00244413
v 0.00511994 0.04757994 0.00176214
v 0.00568761 0.04781677 0.00106932
v 0.00568761 0.04787000 -0.00068030
v 0.00659303 0.04762688 0.00102107
v 0.00656218 0.04771491 0.00019467
v 0.00499221 0.04767467 -0.00090873
v 0.00511530 0.04493413 -0.00090873
v 0.00541821 0.04367075 0.00244413
v 0.00524436 0.04485281 -0.00090873
v 0.00568761 0.04738251 0.00244413
v 0.00568761 0.04761557 0.00185108
v 0.00568761 0.04746424 0.00228857
v 0.00632164 0.04757407 0.00171061
v 0.00662820 0.04764952 -0.00068818
v 0.00586578 0.04779832 -0.00090873
v 0.00568761 0.04782767 -0.00090873
v 0.00690490 0.04745586 0.00128067
v 0.00701572 0.04751119 0.00069747
v 0.00703098 0.04752209 0.00019467
v 0.00702534 0.04751832 -0.00040166
v 0.00568761 0.04362422 0.00244413
v 0.00568761 0.04482305 -0.00090873
v 0.00659867 0.04713058 0.00244413
v 0.00659303 0.04735987 0.00197908
v 0.00656251 0.04763569 -0.00090873
v 0.00687737 0.04752586 -0.00090873
v 0.00718957 0.04679986 0.00244413
v 0.00729839 0.04691304 0.00194429
v 0.00742214 0.04704130 0.00096101
v 0.00787602 0.04662674 0.00064167
v 0.00746859 0.04707190 0.00019467
v 0.00788132 0.04663554 -0.00031600
v 0.00743840 0.04705932 -0.00065044
v 0.00707212 0.04738628 -0.00090873
v 0.00614148 0.04366404 0.00244413
v 0.00656218 0.04486077 -0.00090873
v 0.00739759 0.04651733 0.00244413
v 0.00790720 0.04582109 0.00244413
v 0.00788066 0.04663429 0.00019467
v 0.00788132 0.04660075 -0.00031600
v 0.00777947 0.04622853 -0.00090873
v 0.00741319 0.04703543 -0.00090873
v 0.00790720 0.04582109 0.00210806
v 0.00656218 0.04370344 0.00244413
v 0.00714212 0.04506491 -0.00090873
v 0.00790820 0.04558887 0.00244413
v 0.00790720 0.04566348 0.00210806
v 0.00790820 0.04550504 0.00244413
v 0.00764477 0.04482598 0.00244413
v 0.00733986 0.04529042 -0.00090873
v 0.00706316 0.04389836 0.00244413
v 0.00719985 0.04403123 0.00244413
f 3678 3679 3680
f 3678 3680 3681
f 3678 3681 3688
f 3678 3688 3697
f 3678 3697 3706
f 3678 3706 3716
f 3678 3716 3715
f 3678 3715 3725
f 3678 3725 3726
f 3678 3726 3734
f 3678 3734 3742
f 3678 3742 3741
f 3678 3741 3750
f 3678 3750 3745
f 3678 3745 3736
f 3678 3736 3722
f 3678 3722 3709
f 3678 3709 3707
f 3678 3707 3698
f 3678 3698 3689
f 3678 3689 3682
f 3678 3682 3683
f 3678 3683 3679
f 3679 3684 3680
f 3679 3683 3684
f 3680 3685 3686
f 3680 3686 3687
f 3680 3687 3681
f 3680 3684 3685
f 3681 3687 3688
f 3682 3689 3690
f 3682 3690 3683
f 3683 3690 3699
f 3683 3699 3708
f 3683 3708 3721
f 3683 3721 3735
f 3683 3735 3744
f 3683 3744 3751
f 3683 3751 3752
f 3683 3752 3749
f 3683 3749 3748
f 3683 3748 3746
f 3683 3746 3738
f 3683 3738 3737
f 3683 3737 3727
f 3683 3727 3723
f 3683 3723 3710
f 3683 3710 3700
f 3683 3700 3692
f 3683 3692 3691
f 3683 3691 3684
f 3684 3691 3685
f 3685 3691 3692
f 3685 3692 3693
f 3685 3693 3694
f 3685 3694 3686
f 3686 3694 3695
f 3686 3695 3696
f 3686 3696 3687
f 3687 3696 3688
f 3688 3696 3697
f 3689 3698 3699
f 3689 3699 3690
f 3692 3700 3701
f 3692 3701 3693
f 3693 3701 3694
f 3694 3701 3702
f 3694 3702 3695
f 3695 3703 3696
f 3695 3702 3704
f 3695 3704 3705
f 3695 3705 3703
f 3696 3703 3706
f 3696 3706 3697
f 3698 3707 3699
f 3699 3707 3709
f 3699 3709 3708
f 3700 3710 3701
f 3701 3711 3702
f 3701 3710 3712
f 3701 3712 3711
f 3702 3711 3713
f 3702 3713 3704
f 3703 3705 3714
f 3703 3714 3715
f 3703 3715 3716
f 3703 3716 3706
f 3704 3713 3717
f 3704 3717 3718
f 3704 3718 3705
f 3705 3718 3719
f 3705 3719 3720
f 3705 3720 3714
f 3708 3709 3721
f 3709 3722 3721
f 3710 3723 3712
f 3711 3712 3713
f 3712 3723 3713
f 3713 3723 3724
f 3713 3724 3717
f 3714 3725 3715
f 3714 3720 3726
f 3714 3726 3725
f 3717 3724 3727
f 3717 3727 3728
f 3717 3728 3718
f 3718 3728 3729
f 3718 3729 3730
f 3718 3730 3731
f 3718 3731 3719
f 3719 3731 3720
f 3720 3731 3732
f 3720 3732 3733
f 3720 3733 3734
f 3720 3734 3726
f 3721 3722 3736
f 3721 3736 3735
f 3723 3727 3724
f 3727 3737 3728
f 3728 3737 3738
f 3728 3738 3730
f 3728 3730 3729
f 3730 3739 3731
f 3730 3738 3739
f 3731 3739 3732
f 3732 3740 3741
f 3732 3741 3742
f 3732 3742 3733
f 3732 3739 3738
f 3732 3738 3743
f 3732 3743 3747
f 3732 3747 3740
f 3733 3742 3734
f 3735 3736 3744
f 3736 3745 3744
f 3738 3746 3743
f 3740 3747 3748
f 3740 3748 3741
f 3741 3748 3749
f 3741 3749 3750
f 3743 3746 3748
f 3743 3748 3747
f 3744 3745 3751
f 3745 3750 3752
f 3745 3752 3751
f 3749 3752 3750

o geometry_30
v -0.00218642 -0.00081694 -0.00128288
v -0.00161356 -0.00129496 -0.00128288
v -0.00168046 -0.00507646 -0.00128288
v -0.00152228 -0.00395851 -0.00128288
v -0.00158691 -0.00460923 -0.00128288
v -0.00152983 -0.00456092 -0.00068026
v -0.00152304 -0.00456092 0.00019465
v -0.00163871 -0.00513557 0.00019465
v -0.00154441 -0.00456092 0.00106956
v -0.00151876 -0.00368609 0.00194446
v -0.00151876 -0.00368609 -0.00128288
v -0.00152077 -0.00220936 -0.00128288
v -0.00151876 -0.00016518 0.00281937
v -0.00151876 -0.00193643 0.00369427
v -0.00154567 -0.00368609 0.00281937
v -0.00162916 -0.00457634 0.00193512
v -0.00166109 -0.00428901 0.00281937
v -0.00170862 -0.00417285 0.00331454
v -0.00165631 -0.00363058 0.00364155
v -0.00154818 -0.00281126 0.00369427
v -0.00153913 -0.00106160 0.00456918
v -0.00151951 -0.00016518 0.00456918
v -0.00408778 0.00056250 0.00520850
v -0.00408778 0.00056250 0.00122564
v -0.00163368 -0.00016518 0.00186304
v -0.00172874 -0.00016518 0.00148198
v -0.00163771 -0.00118136 -0.00128288
v -0.00306229 -0.00061442 -0.00128288
v -0.00393740 -0.00061905 -0.00128288
v -0.00479248 0.00056250 0.00132303
v -0.00516767 0.00056250 0.00150350
v -0.00408778 -0.00066787 -0.00128288
v -0.00368719 -0.00512272 -0.00128288
v -0.00408778 -0.00480353 -0.00128288
v -0.00537922 -0.00189100 -0.00064434
v -0.00534178 -0.00280624 -0.00064434
v -0.00534283 -0.00282090 -0.00059449
v -0.00536351 -0.00264329 0.00106981
v -0.00534283 -0.00285892 0.00011190
v -0.00525053 -0.00325055 -0.00024559
v -0.00506085 -0.00359981 -0.00059449
v -0.00509305 -0.00359981 0.00011190
v -0.00464664 -0.00437599 -0.00064434
v -0.00505024 -0.00360415 -0.00064434
v -0.00462570 -0.00441402 -0.00064434
v -0.00463525 -0.00443085 0.00019497
v -0.00424016 -0.00486811 0.00019497
v -0.00460933 -0.00443194 -0.00064434
v -0.00421896 -0.00485181 -0.00064434
v -0.00380262 -0.00520702 0.00019465
v -0.00378024 -0.00518851 -0.00068026
v -0.00306229 -0.00541519 0.00019465
v -0.00306229 -0.00537818 -0.00068026
v -0.00408778 -0.00490581 -0.00087913
v -0.00408778 -0.00495104 -0.00068026
v -0.00346338 -0.00518183 -0.00128288
v -0.00306229 -0.00524659 -0.00128288
v -0.00215926 -0.00518748 -0.00128288
v -0.00218767 -0.00531239 -0.00068026
v -0.00164550 -0.00512272 -0.00068026
v -0.00218767 -0.00534374 0.00019465
v -0.00218767 -0.00525893 0.00106956
v -0.00306229 -0.00531598 0.00106956
v -0.00218767 -0.00509496 0.00175360
v -0.00306229 -0.00511809 0.00180432
v -0.00306229 -0.00493357 0.00224143
v -0.00218767 -0.00487703 0.00219005
v -0.00170259 -0.00504716 0.00163748
v -0.00165984 -0.00510010 0.00106956
v -0.00218767 -0.00453933 0.00281937
v -0.00306229 -0.00462157 0.00281937
v -0.00361376 -0.00420728 0.00335459
v -0.00306229 -0.00424943 0.00340330
v -0.00218767 -0.00422322 0.00337327
v -0.00218767 -0.00379608 0.00381106
v -0.00306229 -0.00382590 0.00384042
v -0.00218767 -0.00335867 0.00422682
v -0.00171214 -0.00330213 0.00417744
v -0.00166386 -0.00281126 0.00429222
v -0.00169906 -0.00163214 0.00506035
v -0.00162714 -0.00192872 0.00458252
v -0.00165481 -0.00106160 0.00511975
v -0.00163519 -0.00016518 0.00517447
v -0.00218767 -0.00016518 0.00544008
v -0.00218767 -0.00106160 0.00529660
v -0.00218767 -0.00174728 0.00511174
v -0.00218767 -0.00218469 0.00488083
v -0.00306229 -0.00223352 0.00493756
v -0.00306229 -0.00179611 0.00513576
v -0.00306229 -0.00106160 0.00536066
v -0.00306229 -0.00018677 0.00553084
v -0.00363262 -0.00169691 0.00509305
v -0.00360672 -0.00334171 0.00421214
v -0.00306229 -0.00281126 0.00462123
v -0.00218767 -0.00281126 0.00453848
v -0.00306229 -0.00338848 0.00425285
v -0.00390195 -0.00362338 0.00363221
v -0.00442606 -0.00332116 0.00332764
v -0.00423519 -0.00281112 0.00396471
v -0.00437317 -0.00236953 0.00412971
v -0.00455946 -0.00281112 0.00352701
v -0.00449819 -0.00178671 0.00427122
v -0.00408778 -0.00211098 0.00450382
v -0.00379759 -0.00281126 0.00437498
v -0.00419631 -0.00106158 0.00483324
v -0.00459978 -0.00106158 0.00439554
v -0.00429541 -0.00018653 0.00492663
v -0.00375861 -0.00106160 0.00518315
v -0.00306229 -0.00016518 0.00553484
v -0.00383807 -0.00016518 0.00527791
v -0.00385769 -0.00018677 0.00526723
v -0.00434830 0.00040227 0.00497934
v -0.00465437 -0.00018653 0.00448950
v -0.00506359 -0.00018653 0.00369430
v -0.00469272 0.00056250 0.00450096
v -0.00463237 0.00056250 0.00461783
v -0.00450316 0.00056250 0.00479200
v -0.00416083 0.00056250 0.00515121
v -0.00506150 0.00056250 0.00369430
v -0.00536548 -0.00018653 0.00274385
v -0.00536364 -0.00106158 0.00264588
v -0.00542517 -0.00106158 0.00194464
v -0.00536548 0.00056250 0.00271348
v -0.00537752 0.00056250 0.00189766
v -0.00538550 -0.00197519 0.00198302
v -0.00532437 -0.00250749 0.00171719
v -0.00495023 -0.00368617 0.00106981
v -0.00459755 -0.00437654 0.00106981
v -0.00450264 -0.00426410 0.00179396
v -0.00417680 -0.00481379 0.00106981
v -0.00362608 -0.00507852 0.00170555
v -0.00373925 -0.00515716 0.00106956
v -0.00380237 -0.00437125 0.00281937
v -0.00399927 -0.00460872 0.00204123
v -0.00437265 -0.00412071 0.00237661
v -0.00423990 -0.00395721 0.00281890
v -0.00455959 -0.00351996 0.00281890
v -0.00469089 -0.00377199 0.00202943
v -0.00490113 -0.00281112 0.00281890
v -0.00468932 -0.00202190 0.00378024
v -0.00532437 -0.00170958 0.00251812
v -0.00495036 -0.00106158 0.00369430
v -0.00521872 -0.00229185 0.00229984
v -0.00154768 -0.00191330 -0.00128288
f 3754 3755 3753
f 3756 3755 3754
f 3757 3755 3756
f 3757 3758 3755
f 3757 3756 3758
f 3759 3758 3756
f 3759 3760 3758
f 3759 3761 3760
f 3759 3762 3761
f 3759 3763 3762
f 3759 3756 3763
f 3763 3756 3764
f 3763 3764 3765
f 3763 3765 3762
f 3766 3762 3765
f 3767 3762 3766
f 3767 3761 3762
f 3767 3768 3761
f 3767 3769 3768
f 3767 3770 3769
f 3767 3771 3770
f 3767 3772 3771
f 3767 3766 3772
f 3766 3773 3772
f 3766 3774 3773
f 3766 3765 3774
f 3765 3775 3774
f 3765 3776 3775
f 3777 3776 3765
f 3777 3778 3776
f 3777 3779 3778
f 3777 3765 3779
f 3779 3765 3754
f 3779 3754 3753
f 3779 3753 3778
f 3778 3753 3776
f 3780 3776 3753
f 3781 3776 3780
f 3782 3776 3781
f 3782 3783 3776
f 3782 3781 3783
f 3781 3784 3783
f 3781 3780 3784
f 3780 3753 3784
f 3784 3753 3785
f 3786 3784 3785
f 3786 3787 3784
f 3788 3787 3786
f 3789 3787 3788
f 3789 3790 3787
f 3789 3791 3790
f 3789 3792 3791
f 3789 3788 3792
f 3793 3792 3788
f 3793 3794 3792
f 3793 3795 3794
f 3793 3796 3795
f 3793 3788 3796
f 3796 3788 3786
f 3795 3796 3786
f 3797 3795 3786
f 3797 3794 3795
f 3797 3798 3794
f 3797 3799 3798
f 3797 3800 3799
f 3797 3786 3800
f 3801 3800 3786
f 3801 3799 3800
f 3801 3802 3799
f 3803 3802 3801
f 3803 3804 3802
f 3803 3805 3804
f 3803 3785 3805
f 3803 3806 3785
f 3807 3806 3803
f 3807 3801 3806
f 3807 3803 3801
f 3806 3801 3786
f 3806 3786 3785
f 3808 3805 3785
f 3808 3809 3805
f 3808 3785 3809
f 3809 3785 3755
f 3810 3809 3755
f 3810 3805 3809
f 3810 3811 3805
f 3810 3755 3811
f 3811 3755 3812
f 3811 3812 3813
f 3811 3813 3804
f 3805 3811 3804
f 3814 3804 3813
f 3814 3815 3804
f 3816 3815 3814
f 3816 3817 3815
f 3816 3818 3817
f 3816 3819 3818
f 3816 3820 3819
f 3816 3814 3820
f 3814 3821 3820
f 3814 3813 3821
f 3821 3813 3760
f 3761 3821 3760
f 3761 3768 3821
f 3821 3768 3820
f 3769 3820 3768
f 3769 3770 3820
f 3819 3820 3770
f 3822 3819 3770
f 3822 3818 3819
f 3823 3818 3822
f 3823 3824 3818
f 3823 3825 3824
f 3823 3826 3825
f 3823 3822 3826
f 3822 3770 3826
f 3827 3826 3770
f 3827 3828 3826
f 3827 3829 3828
f 3827 3830 3829
f 3827 3770 3830
f 3830 3770 3771
f 3772 3830 3771
f 3831 3830 3772
f 3831 3832 3830
f 3831 3833 3832
f 3831 3772 3833
f 3773 3833 3772
f 3773 3834 3833
f 3773 3835 3834
f 3773 3774 3835
f 3835 3774 3775
f 3836 3835 3775
f 3834 3835 3836
f 3834 3836 3832
f 3834 3832 3833
f 3837 3832 3836
f 3838 3832 3837
f 3838 3839 3832
f 3838 3840 3839
f 3838 3841 3840
f 3838 3842 3841
f 3838 3837 3842
f 3842 3837 3843
f 3842 3843 3844
f 3841 3842 3844
f 3841 3844 3840
f 3840 3844 3845
f 3846 3840 3845
f 3847 3840 3846
f 3847 3839 3840
f 3847 3830 3839
f 3847 3829 3830
f 3847 3846 3829
f 3829 3846 3848
f 3829 3848 3828
f 3828 3848 3845
f 3828 3845 3824
f 3825 3828 3824
f 3825 3826 3828
f 3849 3824 3845
f 3849 3850 3824
f 3849 3845 3850
f 3851 3850 3845
f 3852 3850 3851
f 3852 3853 3850
f 3852 3854 3853
f 3852 3855 3854
f 3852 3856 3855
f 3852 3845 3856
f 3852 3851 3845
f 3856 3845 3844
f 3855 3856 3844
f 3855 3844 3854
f 3857 3854 3844
f 3857 3858 3854
f 3857 3859 3858
f 3857 3860 3859
f 3857 3844 3860
f 3860 3844 3843
f 3860 3843 3861
f 3862 3860 3861
f 3862 3863 3860
f 3862 3775 3863
f 3862 3861 3775
f 3836 3775 3861
f 3837 3836 3861
f 3837 3861 3843
f 3859 3863 3775
f 3859 3860 3863
f 3864 3859 3775
f 3864 3858 3859
f 3865 3858 3864
f 3865 3866 3858
f 3865 3867 3866
f 3865 3868 3867
f 3869 3868 3865
f 3869 3775 3868
f 3870 3775 3869
f 3870 3864 3775
f 3870 3869 3864
f 3869 3865 3864
f 3868 3775 3871
f 3867 3868 3871
f 3867 3871 3866
f 3872 3866 3871
f 3872 3873 3866
f 3872 3874 3873
f 3872 3875 3874
f 3872 3871 3875
f 3875 3871 3876
f 3875 3876 3874
f 3874 3876 3787
f 3790 3874 3787
f 3790 3877 3874
f 3790 3878 3877
f 3790 3879 3878
f 3794 3879 3790
f 3880 3879 3794
f 3880 3881 3879
f 3882 3881 3880
f 3882 3883 3881
f 3882 3884 3883
f 3882 3799 3884
f 3882 3880 3799
f 3799 3880 3798
f 3880 3794 3798
f 3884 3799 3802
f 3884 3802 3804
f 3884 3804 3815
f 3884 3815 3883
f 3817 3883 3815
f 3817 3818 3883
f 3818 3824 3883
f 3885 3883 3824
f 3885 3886 3883
f 3885 3887 3886
f 3885 3824 3887
f 3888 3887 3824
f 3888 3850 3887
f 3888 3824 3850
f 3889 3887 3850
f 3889 3881 3887
f 3890 3881 3889
f 3890 3879 3881
f 3890 3878 3879
f 3890 3891 3878
f 3890 3889 3891
f 3889 3850 3891
f 3853 3891 3850
f 3892 3891 3853
f 3892 3893 3891
f 3892 3894 3893
f 3892 3854 3894
f 3892 3853 3854
f 3894 3854 3858
f 3866 3894 3858
f 3866 3873 3894
f 3873 3893 3894
f 3873 3877 3893
f 3873 3874 3877
f 3877 3878 3893
f 3895 3893 3878
f 3891 3893 3895
f 3891 3895 3878
f 3886 3887 3881
f 3886 3881 3883
f 3794 3790 3792
f 3791 3792 3790
f 3787 3876 3783
f 3787 3783 3784
f 3783 3876 3776
f 3775 3776 3876
f 3871 3775 3876
f 3846 3845 3848
f 3839 3830 3832
f 3812 3760 3813
f 3758 3760 3812
f 3758 3812 3755
f 3755 3785 3753
f 3896 3754 3765
f 3896 3764 3754
f 3896 3765 3764
f 3764 3756 3754

o geometry_31
v 0.00568757 0.04782715 -0.00090873
v 0.00586582 0.04779832 -0.00090873
v 0.00568757 0.04770706 -0.00155559
v 0.00507701 0.04761220 -0.00155559
v 0.00499220 0.04767464 -0.00090873
v 0.00656251 0.04763561 -0.00090873
v 0.00637063 0.04759479 -0.00155559
v 0.00619737 0.04752634 -0.00205211
v 0.00568757 0.04754195 -0.00209427
v 0.00519905 0.04752934 -0.00206927
v 0.00494099 0.04709524 -0.00238860
v 0.00471120 0.04706221 -0.00155559
v 0.00489676 0.04753114 -0.00090873
v 0.00687744 0.04752574 -0.00090873
v 0.00696357 0.04748251 -0.00098520
v 0.00680827 0.04741346 -0.00155559
v 0.00651795 0.04723033 -0.00237853
v 0.00656218 0.04679863 -0.00312388
v 0.00568757 0.04690911 -0.00327421
v 0.00568757 0.04734681 -0.00253185
v 0.00502978 0.04682504 -0.00314663
v 0.00482859 0.04626846 -0.00338501
v 0.00453628 0.04618740 -0.00243076
v 0.00462673 0.04706221 -0.00090873
v 0.00707198 0.04738584 -0.00090873
v 0.00734966 0.04697635 -0.00155559
v 0.00719669 0.04681003 -0.00243076
v 0.00706433 0.04667794 -0.00294631
v 0.00656218 0.04648221 -0.00356146
v 0.00568757 0.04660049 -0.00371180
v 0.00501149 0.04603129 -0.00403224
v 0.00483058 0.04539785 -0.00426652
v 0.00452297 0.04531199 -0.00330518
v 0.00451898 0.04618740 -0.00155559
v 0.00457651 0.04683405 -0.00090873
v 0.00741318 0.04703519 -0.00090873
v 0.00790602 0.04583856 -0.00220394
v 0.00767357 0.04615318 -0.00246955
v 0.00727750 0.04617419 -0.00326489
v 0.00712053 0.04587338 -0.00386661
v 0.00656218 0.04604450 -0.00403784
v 0.00568757 0.04616278 -0.00416206
v 0.00568757 0.04572628 -0.00459965
v 0.00499620 0.04520572 -0.00471977
v 0.00488512 0.04485447 -0.00471977
v 0.00462873 0.04389860 -0.00471977
v 0.00453894 0.04443778 -0.00418034
v 0.00451898 0.04356297 -0.00418034
v 0.00450967 0.04169386 -0.00471977
v 0.00451898 0.04618740 -0.00090873
v 0.00450901 0.04169386 -0.00429711
v 0.00777932 0.04622883 -0.00090873
v 0.00786013 0.04550172 -0.00278739
v 0.00790602 0.04583856 -0.00184918
v 0.00790602 0.04569506 -0.00184918
v 0.00790436 0.04169386 -0.00460599
v 0.00790502 0.04386318 -0.00383117
v 0.00790502 0.04421863 -0.00383117
v 0.00786212 0.04480163 -0.00350065
v 0.00727717 0.04527056 -0.00416729
v 0.00706201 0.04495114 -0.00466941
v 0.00656218 0.04556717 -0.00447542
v 0.00623828 0.04535041 -0.00471977
v 0.00568757 0.04555336 -0.00471977
v 0.00454459 0.04302379 -0.00471977
v 0.00452031 0.04214838 -0.00471977
v 0.00786113 0.04169386 -0.00471977
v 0.00455457 0.04595924 -0.00090873
v 0.00451167 0.04169386 -0.00425607
v 0.00451699 0.04169386 -0.00418034
v 0.00733969 0.04528977 -0.00090873
v 0.00733037 0.04169386 -0.00339247
v 0.00776103 0.04169386 -0.00405574
v 0.00788374 0.04169386 -0.00441088
v 0.00790436 0.04169386 -0.00447803
v 0.00790270 0.04169386 -0.00466567
v 0.00790236 0.04181274 -0.00466456
v 0.00788939 0.04239335 -0.00464217
v 0.00767490 0.04448161 -0.00414602
v 0.00685416 0.04502499 -0.00471977
v 0.00656218 0.04522733 -0.00471977
v 0.00711222 0.04476080 -0.00471977
v 0.00786013 0.04181274 -0.00471977
v 0.00789704 0.04169386 -0.00467314
v 0.00484655 0.04526215 -0.00090873
v 0.00487980 0.04169386 -0.00332159
v 0.00714215 0.04506462 -0.00090873
v 0.00656218 0.04169386 -0.00299331
v 0.00781391 0.04245999 -0.00471977
v 0.00725854 0.04444318 -0.00471977
v 0.00494099 0.04510004 -0.00090873
v 0.00556419 0.04169386 -0.00298734
v 0.00511525 0.04493373 -0.00090873
v 0.00656218 0.04485987 -0.00090873
v 0.00568757 0.04169386 -0.00293250
v 0.00524461 0.04485267 -0.00090873
v 0.00568757 0.04482265 -0.00090873
f 3897 3898 3899
f 3897 3899 3900
f 3897 3900 3901
f 3897 3901 3909
f 3897 3909 3920
f 3897 3920 3931
f 3897 3931 3946
f 3897 3946 3964
f 3897 3964 3981
f 3897 3981 3987
f 3897 3987 3989
f 3897 3989 3992
f 3897 3992 3993
f 3897 3993 3990
f 3897 3990 3983
f 3897 3983 3967
f 3897 3967 3948
f 3897 3948 3932
f 3897 3932 3921
f 3897 3921 3910
f 3897 3910 3902
f 3897 3902 3898
f 3898 3902 3903
f 3898 3903 3899
f 3899 3903 3904
f 3899 3904 3905
f 3899 3905 3906
f 3899 3906 3900
f 3900 3906 3907
f 3900 3907 3908
f 3900 3908 3901
f 3901 3908 3909
f 3902 3910 3903
f 3903 3910 3911
f 3903 3911 3912
f 3903 3912 3904
f 3904 3912 3913
f 3904 3913 3914
f 3904 3914 3915
f 3904 3915 3916
f 3904 3916 3905
f 3905 3916 3906
f 3906 3916 3915
f 3906 3915 3917
f 3906 3917 3907
f 3907 3917 3918
f 3907 3918 3919
f 3907 3919 3908
f 3908 3919 3920
f 3908 3920 3909
f 3910 3921 3911
f 3911 3921 3922
f 3911 3922 3923
f 3911 3923 3912
f 3912 3923 3924
f 3912 3924 3913
f 3913 3924 3914
f 3914 3924 3925
f 3914 3925 3926
f 3914 3926 3915
f 3915 3926 3917
f 3917 3926 3927
f 3917 3927 3918
f 3918 3927 3928
f 3918 3928 3929
f 3918 3929 3919
f 3919 3930 3931
f 3919 3931 3920
f 3919 3929 3930
f 3921 3932 3922
f 3922 3932 3933
f 3922 3933 3934
f 3922 3934 3923
f 3923 3934 3924
f 3924 3934 3935
f 3924 3935 3936
f 3924 3936 3925
f 3925 3936 3937
f 3925 3937 3926
f 3926 3937 3938
f 3926 3938 3927
f 3927 3939 3940
f 3927 3940 3928
f 3927 3938 3939
f 3928 3940 3941
f 3928 3941 3942
f 3928 3942 3943
f 3928 3943 3929
f 3929 3943 3944
f 3929 3944 3945
f 3929 3945 3930
f 3930 3946 3931
f 3930 3945 3947
f 3930 3947 3946
f 3932 3948 3933
f 3933 3949 3934
f 3933 3948 3950
f 3933 3950 3951
f 3933 3951 3952
f 3933 3952 3953
f 3933 3953 3954
f 3933 3954 3955
f 3933 3955 3949
f 3934 3949 3935
f 3935 3956 3936
f 3935 3949 3955
f 3935 3955 3956
f 3936 3956 3957
f 3936 3957 3958
f 3936 3958 3937
f 3937 3958 3939
f 3937 3939 3938
f 3939 3958 3959
f 3939 3959 3960
f 3939 3960 3940
f 3940 3960 3959
f 3940 3959 3977
f 3940 3977 3976
f 3940 3976 3978
f 3940 3978 3986
f 3940 3986 3985
f 3940 3985 3979
f 3940 3979 3963
f 3940 3963 3945
f 3940 3945 3962
f 3940 3962 3961
f 3940 3961 3942
f 3940 3942 3941
f 3942 3961 3943
f 3943 3961 3962
f 3943 3962 3945
f 3943 3945 3944
f 3945 3963 3980
f 3945 3980 3972
f 3945 3972 3952
f 3945 3952 3971
f 3945 3971 3970
f 3945 3970 3969
f 3945 3969 3968
f 3945 3968 3984
f 3945 3984 3991
f 3945 3991 3988
f 3945 3988 3982
f 3945 3982 3966
f 3945 3966 3965
f 3945 3965 3947
f 3946 3947 3965
f 3946 3965 3966
f 3946 3966 3964
f 3948 3967 3968
f 3948 3968 3969
f 3948 3969 3970
f 3948 3970 3971
f 3948 3971 3951
f 3948 3951 3950
f 3951 3971 3952
f 3952 3972 3973
f 3952 3973 3954
f 3952 3954 3953
f 3954 3973 3974
f 3954 3974 3975
f 3954 3975 3955
f 3955 3975 3956
f 3956 3975 3957
f 3957 3976 3977
f 3957 3977 3958
f 3957 3975 3978
f 3957 3978 3976
f 3958 3977 3959
f 3963 3979 3980
f 3964 3966 3982
f 3964 3982 3981
f 3967 3983 3968
f 3968 3983 3984
f 3972 3980 3973
f 3973 3980 3979
f 3973 3979 3974
f 3974 3979 3985
f 3974 3985 3975
f 3975 3986 3978
f 3975 3985 3986
f 3981 3982 3987
f 3982 3988 3989
f 3982 3989 3987
f 3983 3990 3984
f 3984 3990 3991
f 3988 3991 3989
f 3989 3991 3992
f 3990 3993 3991
f 3991 3993 3992

