# https://github.com/mikedh/trimesh

o collision
v -0.02176498 0.00520307 -0.01705375
v -0.02179725 0.00711687 -0.01709617
v -0.02213416 0.00711687 -0.01664309
v -0.02213466 0.00711857 -0.01663727
v -0.02179410 0.00711687 -0.01662992
v -0.02294245 0.00711985 -0.01550673
v -0.02330601 0.00711985 -0.01495178
v -0.02337994 0.00711985 -0.01483893
v -0.02238907 0.00398008 -0.01500998
v -0.02282348 0.00679726 -0.01524803
v -0.02179806 0.01974593 -0.01709539
v -0.02197228 0.01978286 -0.01686093
v -0.02213466 0.01979354 -0.01664241
v -0.02294298 0.01978228 -0.01550592
v -0.02337798 0.01977445 -0.01484566
v -0.02439645 0.00525559 -0.01304753
v -0.02427663 0.00691898 -0.01316991
v -0.02441152 0.00711985 -0.01307171
v -0.02451316 0.00700987 -0.01280664
v -0.02451878 0.00701129 -0.01279695
v -0.02479682 0.00711985 -0.01233469
v -0.02467895 0.00687405 -0.01240260
v -0.02534840 0.00636681 -0.01079687
v -0.02541853 0.00711985 -0.01100316
v -0.02404617 0.00711985 -0.01373544
v -0.02381862 0.00682401 -0.01384244
v -0.02349987 0.00679473 -0.01429663
v -0.02415407 0.00689733 -0.01335581
v -0.02587159 0.00497966 -0.00944246
v -0.02618619 0.00525364 -0.00847856
v -0.02569638 0.00711985 -0.01032722
v -0.02596041 0.00711985 -0.00966350
v -0.02637795 0.00598452 -0.00847856
v -0.02608473 0.00587647 -0.00903753
v -0.02635800 0.00585931 -0.00847856
v -0.02506378 0.00395872 -0.00977044
v -0.02642708 0.00598452 -0.00834011
v -0.02681392 0.00598452 -0.00701266
v -0.02170554 0.00000401 -0.00766975
v -0.02642861 0.00997597 -0.00834011
v -0.02596962 0.01528549 -0.00967164
v -0.02642708 0.01528379 -0.00834011
v -0.02681085 0.01528379 -0.00701266
v -0.02709271 0.00520158 -0.00540746
v -0.02709271 0.00523158 -0.00540746
v -0.02710098 0.00523158 -0.00540424
v -0.02708154 0.00523158 -0.00545555
v -0.02709547 0.00519417 -0.00539558
v -0.02713265 0.00523158 -0.00519057
v -0.02712565 0.00523158 -0.00440715
v -0.02727751 0.00523158 -0.00401164
v -0.02736830 0.00523158 -0.00305623
v -0.02740953 0.00523158 -0.00254574
v -0.02735119 0.00598452 -0.00435368
v -0.02753080 0.00598452 -0.00302623
v -0.02745691 0.00523158 -0.00172878
v -0.02747861 0.00523158 -0.00116128
v -0.02763979 0.00598452 -0.00169878
v -0.02749928 0.00523158 -0.00040132
v -0.02748628 0.00523158 0.00096020
v -0.02769352 0.00598452 -0.00037132
v -0.02767510 0.00598452 0.00096020
v -0.02714549 0.01571864 -0.00557934
v -0.02700887 0.00598452 -0.00623899
v -0.02650920 0.00386637 -0.00401996
v -0.02207297 -0.00028483 -0.00501610
v -0.02698335 0.00404839 0.00029798
v -0.02295238 0.00008100 -0.00202498
v -0.02700887 0.01528379 -0.00625121
v -0.02700734 0.01571864 -0.00624306
v -0.02441675 0.01977699 -0.01306175
v -0.02542160 0.01794533 -0.01103167
v -0.02480528 0.01978246 -0.01232011
v -0.02479832 0.01978202 -0.01233478
v -0.02549607 0.01981234 -0.01080303
v -0.02547018 0.01978154 -0.01088257
v -0.02547006 0.01978141 -0.01088284
v -0.02546930 0.01978088 -0.01088448
v -0.02546982 0.01978118 -0.01088336
v -0.02547056 0.01978201 -0.01088172
v -0.02547029 0.01975168 -0.01088233
v -0.02548527 0.01979936 -0.01083754
v -0.02404704 0.01976761 -0.01373387
v -0.02596809 0.01661371 -0.00967164
v -0.02571326 0.01794533 -0.01036794
v -0.02571019 0.01879133 -0.01035980
v -0.02666406 0.02131073 -0.00705146
v -0.02737115 0.01661540 -0.00435775
v -0.02710755 0.02184743 -0.00555686
v -0.02712540 0.02189996 -0.00548778
v -0.02734689 0.02214320 -0.00443412
v -0.02734689 0.02217320 -0.00443412
v -0.02753088 0.02238438 -0.00306295
v -0.02764133 0.02249391 -0.00169878
v -0.02769505 0.02252548 -0.00036725
v -0.02767663 0.02252466 0.00095613
v -0.02767571 0.02252378 0.00097227
v -0.03304558 0.04508050 -0.01608574
v -0.03305074 0.04688438 -0.01678529
v -0.03305074 0.04692228 -0.01680435
v -0.03302074 0.04692228 -0.01680435
v -0.03304558 0.04676219 -0.01672382
v -0.03305074 0.04716772 -0.01692781
v -0.03305074 0.04744733 -0.01700357
v -0.03302074 0.04744733 -0.01700357
v -0.03304558 0.04762970 -0.01705298
v -0.03304558 0.04847828 -0.01737496
v -0.03312884 0.04893299 -0.01735222
v -0.03431466 0.04678241 -0.01561766
v -0.03313778 0.04563458 -0.01607974
v -0.03304558 0.05364841 -0.01869772
v -0.03305074 0.05379952 -0.01872469
v -0.03305074 0.05374647 -0.01871031
v -0.03305074 0.05404568 -0.01877571
v -0.03305074 0.05465943 -0.01889185
v -0.03628908 0.05206792 -0.01559161
v -0.03620381 0.05651028 -0.01684205
v -0.03502595 0.05245776 -0.01699836
v -0.03304558 0.05847417 -0.01965728
v -0.03310385 0.05889461 -0.01965743
v -0.03305074 0.05908734 -0.01972970
v -0.03305074 0.05967256 -0.01980795
v -0.03305074 0.06154007 -0.02003807
v -0.03766272 0.05986471 -0.01564805
v -0.03511279 0.05941141 -0.01840077
v -0.03176676 0.04110418 -0.01507201
v -0.02997599 0.03862932 -0.01494304
v -0.02719791 0.03700275 -0.01623870
v -0.02750626 0.03938693 -0.01777530
v -0.02975260 0.04905682 -0.01969030
v -0.03074723 0.04278241 -0.01704427
v -0.02693717 0.04070472 -0.01892162
v -0.02187553 0.03519840 -0.01907149
v -0.02155694 0.03536735 -0.01918211
v -0.02147146 0.03533670 -0.01924278
v -0.02202886 0.03534093 -0.01884711
v -0.02202886 0.03537093 -0.01884711
v -0.02179776 0.04002401 -0.02168965
v -0.02308169 0.03721051 -0.01967173
v -0.02447232 0.03519840 -0.01707130
v -0.02467518 0.03525933 -0.01688134
v -0.02467518 0.03528933 -0.01688134
v -0.02488663 0.03525635 -0.01669341
v -0.02585197 0.03519840 -0.01579373
v -0.02665287 0.03548155 -0.01504227
v -0.02552342 0.03534574 -0.01610775
v -0.02516215 0.03519840 -0.01644697
v -0.02372832 0.03519840 -0.01767830
v -0.02357599 0.03533241 -0.01773148
v -0.02359853 0.03536121 -0.01771430
v -0.02298792 0.03519840 -0.01826217
v -0.02410867 0.03530408 -0.01732557
v -0.02410867 0.03533408 -0.01732557
v -0.02703678 0.04255513 -0.01965522
v -0.02467545 0.04594602 -0.02162336
v -0.03130827 0.05961748 -0.02069423
v -0.03940425 0.04854122 -0.00701216
v -0.03304558 0.04054860 -0.01301875
v -0.03305830 0.04063438 -0.01302422
v -0.03304669 0.04072630 -0.01316236
v -0.03634390 0.04120442 -0.00769020
v -0.03643965 0.04104903 -0.00701278
v -0.03600616 0.04038503 -0.00701278
v -0.03457204 0.03912747 -0.00847928
v -0.03429548 0.03876357 -0.00847928
v -0.03538651 0.04028564 -0.00847928
v -0.03546647 0.04040898 -0.00847970
v -0.03546698 0.04040967 -0.00847928
v -0.03546958 0.04040573 -0.00847928
v -0.03364595 0.03795388 -0.00848091
v -0.03359817 0.03795388 -0.00848091
v -0.03359817 0.03798388 -0.00848091
v -0.03346957 0.03790828 -0.00864278
v -0.03343629 0.03792090 -0.00867724
v -0.03350995 0.03792709 -0.00859796
v -0.03350995 0.03795709 -0.00859796
v -0.03391707 0.03826567 -0.00847928
v -0.03304558 0.03768096 -0.00903455
v -0.03305074 0.03767718 -0.00902881
v -0.03485368 0.03875306 -0.00701278
v -0.03427047 0.03795745 -0.00686762
v -0.03516356 0.03967433 -0.00804379
v -0.03534113 0.03941706 -0.00701278
v -0.03383002 0.03795745 -0.00805124
v -0.03365380 0.03795708 -0.00847634
v -0.03368403 0.03795418 -0.00838886
v -0.03394666 0.03823171 -0.00834156
v -0.03643592 0.04369996 -0.01052036
v -0.03570547 0.04696600 -0.01403778
v -0.03305074 0.04225846 -0.01445839
v -0.03304558 0.04227036 -0.01446438
v -0.03304427 0.04225846 -0.01445839
v -0.03509385 0.04241258 -0.01179685
v -0.03702807 0.04321000 -0.00847928
v -0.03725091 0.04368635 -0.00847928
v -0.03718674 0.04368635 -0.00847928
v -0.03718674 0.04371635 -0.00847928
v -0.03623596 0.04167397 -0.00847928
v -0.03647447 0.04210107 -0.00847928
v -0.03749812 0.04315905 -0.00714305
v -0.03761999 0.04368635 -0.00752643
v -0.03748439 0.04368635 -0.00789514
v -0.03780800 0.04356917 -0.00678201
v -0.03784108 0.04368635 -0.00683040
v -0.03788983 0.04368635 -0.00664801
v -0.03769430 0.04647417 -0.01039010
v -0.03272230 0.04249841 -0.00849033
v -0.03272230 0.04249841 -0.00846033
v -0.03267819 0.04307644 -0.00692644
v -0.03901900 0.04647417 -0.00642167
v -0.03550652 0.03910544 -0.00577705
v -0.03661722 0.04074675 -0.00568399
v -0.03631952 0.03991463 -0.00493586
v -0.03641702 0.03976858 -0.00405372
v -0.03674083 0.04043428 -0.00444082
v -0.03598353 0.03928374 -0.00444082
v -0.03498599 0.03858494 -0.00627953
v -0.03462562 0.03795745 -0.00579194
v -0.03488850 0.03795745 -0.00482047
v -0.03512352 0.03841002 -0.00539367
v -0.03499218 0.03795212 -0.00435398
v -0.03499817 0.03795745 -0.00435521
v -0.03524539 0.03825548 -0.00435521
v -0.03520754 0.03788254 -0.00305460
v -0.03759735 0.04268271 -0.00604876
v -0.03790898 0.04315905 -0.00563561
v -0.03731707 0.04197370 -0.00563561
v -0.03769833 0.04248147 -0.00516290
v -0.03792520 0.04371635 -0.00644874
v -0.03792520 0.04368635 -0.00644874
v -0.03795008 0.04374982 -0.00642819
v -0.03813181 0.04368635 -0.00565422
v -0.03744764 0.04163831 -0.00435521
v -0.03276949 0.04368953 -0.00580909
v -0.03276949 0.04365953 -0.00580909
v -0.03862941 0.05032157 -0.01074450
v -0.03899374 0.05452481 -0.01166660
v -0.03965530 0.04986487 -0.00701216
v -0.03995490 0.05452028 -0.00800861
v -0.03899137 0.06586643 -0.01431077
v -0.04006740 0.06581204 -0.01100230
v -0.04026870 0.06515022 -0.00996460
v -0.03766588 0.05054482 -0.01299086
v -0.03768483 0.05443415 -0.01435419
v -0.03055193 0.03624253 -0.01128547
v -0.03179460 0.03876477 -0.01281652
v -0.02901615 0.03571999 -0.01272970
v -0.02844200 0.03564014 -0.01328804
v -0.02934551 0.03580500 -0.01241566
v -0.03205240 0.03691468 -0.00990023
v -0.03228679 0.03730235 -0.01022053
v -0.03266749 0.03729313 -0.00934877
v -0.02926735 0.03796639 -0.00848300
v -0.02926556 0.03795865 -0.00848300
v -0.02850615 0.03791343 -0.00848300
v -0.02926528 0.03795744 -0.00845300
v -0.02926735 0.03796639 -0.00845300
v -0.03209243 0.04167466 -0.00848300
v -0.03264238 0.04368980 -0.00701824
v -0.03264124 0.04368975 -0.00680195
v -0.03240160 0.04782655 -0.00893262
v -0.02598212 0.03775862 -0.00867960
v -0.01572610 0.00711687 -0.02278522
v -0.01474787 0.00711687 -0.02343564
v -0.01408763 0.00711687 -0.02384645
v -0.01407551 0.00711687 -0.02385333
v -0.01409679 0.00710462 -0.02383615
v -0.01233131 0.00711687 -0.02478840
v -0.01041448 0.00711687 -0.02566221
v -0.01152788 0.00711687 -0.02518197
v -0.01267639 0.00503885 -0.02443736
v -0.01263705 0.00504063 -0.02445522
v -0.01305272 0.00711687 -0.02441631
v -0.01126880 0.00390442 -0.02438314
v -0.02058054 0.00711687 -0.01854009
v -0.02042094 0.00711687 -0.01856095
v -0.01934626 0.00390843 -0.01861301
v -0.01928369 0.00711687 -0.01987021
v -0.01995004 0.00711687 -0.01920370
v -0.01857727 0.00711687 -0.02053673
v -0.01791028 0.00711687 -0.02113391
v -0.01639936 0.00529654 -0.02230685
v -0.01637953 0.00711687 -0.02233850
v -0.02114511 0.00711687 -0.01787961
v -0.01684650 -0.00008367 -0.01545045
v -0.01584821 0.00391199 -0.02172678
v -0.01281013 -0.00003293 -0.01902163
v -0.01224344 -0.00053127 -0.01808513
v -0.01587162 0.01973842 -0.02268577
v -0.01572842 0.01973842 -0.02278368
v -0.01475019 0.01973846 -0.02343410
v -0.01474787 0.01976842 -0.02343564
v -0.01408521 0.01976842 -0.02384796
v -0.01219934 0.01977445 -0.02486019
v -0.01154255 0.01977445 -0.02518189
v -0.01155872 0.01977445 -0.02516718
v -0.01408517 0.02459655 -0.02384651
v -0.01308011 0.02459655 -0.02440380
v -0.01307390 0.02459655 -0.02440725
v -0.01220349 0.02459655 -0.02485816
v -0.01198318 0.02459655 -0.02496607
v -0.01041933 0.02459655 -0.02565592
v -0.01154255 0.02459655 -0.02518189
v -0.02059256 0.01979842 -0.01852061
v -0.01928369 0.01976842 -0.01987021
v -0.01983557 0.01977445 -0.01931819
v -0.02001046 0.01977445 -0.01914011
v -0.01857727 0.01976123 -0.02053673
v -0.01838160 0.01975454 -0.02071193
v -0.01763890 0.01976842 -0.02135168
v -0.01791092 0.01976842 -0.02113339
v -0.01640953 0.01976842 -0.02231799
v -0.01640849 0.01979842 -0.02231474
v -0.01641770 0.01979842 -0.02230827
v -0.02124473 0.01979260 -0.01776303
v -0.02075495 0.01979842 -0.01833604
v -0.01453596 0.01974293 -0.01593449
v -0.01453596 0.01977293 -0.01593449
v -0.01449152 0.01960829 -0.01540629
v -0.01219317 0.01977317 -0.01677159
v -0.01219317 0.01974317 -0.01677159
v -0.00756352 0.00711687 -0.02663724
v -0.00642904 0.00711687 -0.02693703
v -0.00509845 0.00711687 -0.02722226
v -0.00914581 0.00711687 -0.02614003
v -0.00905349 0.00708687 -0.02607006
v -0.00904325 0.00711687 -0.02607306
v -0.00852115 0.00522711 -0.02632391
v -0.00860190 0.00711687 -0.02633818
v -0.00586806 0.00395960 -0.02631307
v -0.00376785 0.00711687 -0.02743474
v -0.00186951 0.00529476 -0.02762499
v -0.00248787 0.00711687 -0.02758317
v -0.00192063 0.00711687 -0.02763265
v -0.00074282 0.00556241 -0.02765894
v -0.00074282 0.00556241 -0.02763848
v -0.00143994 0.00367166 -0.02660310
v -0.00086491 0.00621535 -0.02765481
v -0.00079087 0.00572391 -0.02764229
v -0.00074282 0.00598496 -0.02767554
v -0.00109592 0.00711680 -0.02761370
v -0.00099704 0.00692199 -0.02765035
v -0.00103348 0.00711687 -0.02764912
v -0.00091281 0.00684571 -0.02767114
v -0.00090805 0.00685344 -0.02767137
v -0.00091281 0.00687571 -0.02767114
v -0.00094837 0.00711687 -0.02767237
v -0.00103891 0.00761546 -0.02767097
v 0.00022635 0.00556241 -0.02767388
v 0.00082909 0.00556241 -0.02766558
v 0.00094929 0.00556241 -0.02764695
v 0.00022635 0.00598496 -0.02769380
v -0.00011070 -0.00027993 -0.02263482
v -0.00192063 0.01199766 -0.02763265
v -0.00254805 0.01496634 -0.02757595
v -0.00160064 0.01032630 -0.02764728
v -0.00825638 -0.00019137 -0.02120906
v -0.00908851 -0.00071563 -0.01897284
v -0.00396740 -0.00014976 -0.02246948
v -0.00070536 0.00792502 -0.02048626
v -0.00067536 0.00792502 -0.02048626
v -0.00070536 0.00795502 -0.02048626
v -0.00067536 0.00795502 -0.02048626
v -0.00067032 0.00857927 -0.02027119
v -0.00064032 0.00857927 -0.02027119
v -0.00070781 0.00794401 -0.01932989
v 0.00062500 0.00798406 -0.02002115
v 0.00062500 0.00801405 -0.02002115
v 0.00076020 0.00802019 -0.01997280
v -0.00065131 0.01361830 -0.01862559
v -0.00062131 0.01361830 -0.01862559
v -0.00073214 0.00794325 -0.01583648
v -0.00065275 0.01552347 -0.01801666
v -0.00068275 0.01552347 -0.01801666
v -0.00776114 0.02459655 -0.02658664
v -0.00643566 0.02459655 -0.02693350
v -0.00627692 0.02695259 -0.02657606
v -0.00606500 0.02655575 -0.02668699
v -0.00556846 0.02573977 -0.02693299
v -0.00566068 0.02584941 -0.02689020
v -0.00510295 0.02459655 -0.02721676
v -0.00524343 0.02526925 -0.02707481
v -0.00478538 0.02459802 -0.02726763
v -0.00858460 0.02459655 -0.02634385
v -0.00853043 0.02534238 -0.02632651
v -0.00801201 0.03075220 -0.02556797
v -0.00819148 0.03121469 -0.02545050
v -0.00861244 0.03231287 -0.02515054
v -0.00697731 0.02843030 -0.02618683
v -0.00740853 0.02937899 -0.02593202
v -0.00377386 0.02048034 -0.02743065
v -0.00510647 0.01974396 -0.01973594
v -0.00510647 0.01977396 -0.01973594
v -0.00507647 0.01974396 -0.01973594
v -0.00507647 0.01977396 -0.01973594
v -0.00507562 0.01977118 -0.01972536
v -0.00507647 0.01977399 -0.01856048
v -0.00498677 0.01944980 -0.01861694
v -0.00498677 0.01947980 -0.01861694
v -0.00486092 0.01977402 -0.01846619
v -0.00356586 0.01915828 -0.01807713
v -0.00353586 0.01915828 -0.01807713
v -0.00354444 0.01919001 -0.01808033
v -0.00323878 0.02013995 -0.01762452
v -0.00320878 0.02013995 -0.01762452
v -0.00257545 0.02035988 -0.01727596
v -0.00258376 0.02036742 -0.01726402
v -0.00188273 0.02066320 -0.01686118
v -0.00185489 0.02066229 -0.01686242
v -0.00075214 0.01729978 -0.01747383
v -0.00075137 0.01726346 -0.01747181
v -0.00075159 0.01725565 -0.01747011
v -0.00073407 0.01727472 -0.01747061
v -0.00082542 0.02390363 -0.01534468
v -0.00082527 0.02390409 -0.01534447
v -0.00082344 0.02394669 -0.01532981
v -0.00079542 0.02390363 -0.01534468
v -0.01981433 -0.00006520 -0.01147810
v -0.01705858 -0.00072854 -0.01232651
v -0.01495441 0.00748549 -0.01210517
v -0.01495441 0.00751549 -0.01210517
v -0.01495441 0.00751549 -0.01207517
v -0.01370556 0.00752568 -0.01214248
v -0.01370556 0.00755568 -0.01214248
v -0.01472127 0.00744283 -0.00667637
v -0.01472127 0.00741283 -0.00667637
v -0.01337468 0.00810760 -0.00569952
v -0.01425984 0.00812586 -0.00513170
v -0.01420460 0.00817451 -0.00458042
v -0.01373767 0.00812198 -0.00537993
v -0.01213255 0.00810986 -0.00625008
v -0.01392710 0.00842706 -0.00188881
v -0.01389710 0.00842706 -0.00188881
v -0.01395011 0.00832943 -0.00138490
v -0.01391909 0.00833376 -0.00140726
v -0.01321105 0.01450736 -0.00157220
v -0.01318105 0.01450736 -0.00157220
v -0.01318083 0.01450795 -0.00154338
v -0.01336457 0.01446430 -0.00136122
v -0.01323937 0.01443133 -0.00142829
v -0.01325715 0.01437516 -0.00138709
v -0.01336147 0.01438620 -0.00132263
v -0.01320937 0.01443133 -0.00142829
v -0.01322655 0.01437706 -0.00138848
v -0.01335182 0.01407006 -0.00120237
v -0.01335182 0.01407006 -0.00117237
v -0.01332182 0.01407006 -0.00120237
v -0.01332182 0.01407006 -0.00117237
v -0.01418440 0.01863396 -0.01157873
v -0.01417693 0.01977304 -0.01123741
v -0.01394756 0.02036822 -0.00799777
v -0.01394854 0.02034023 -0.00798548
v -0.01367528 0.01696591 -0.00523363
v -0.01466612 0.02179498 0.00092377
v -0.01466512 0.02182352 0.00091640
v -0.00833112 0.00768086 -0.01251394
v -0.00833112 0.00771086 -0.01251394
v -0.00512688 0.01473621 -0.00931062
v -0.00509688 0.01473621 -0.00928062
v -0.00075105 0.00790648 -0.01351199
v -0.00075105 0.00793648 -0.01351199
v -0.00071767 0.00843986 -0.01258443
v -0.00072052 0.00840935 -0.01251883
v -0.00063584 0.00904201 -0.01323683
v -0.00066737 0.00902317 -0.01322929
v -0.00063507 0.00905150 -0.01324016
v -0.00063737 0.00902317 -0.01322929
v -0.00061204 0.00971080 -0.01341546
v -0.00058204 0.00971080 -0.01341546
v -0.00061119 0.00972147 -0.01341713
v -0.00059508 0.01015095 -0.01350511
v -0.00056428 0.00993394 -0.01344744
v -0.00056324 0.00996257 -0.01345106
v -0.00059428 0.00993394 -0.01344744
v -0.00059508 0.01018095 -0.01347511
v -0.00072536 0.00836990 -0.01226600
v -0.00075030 0.00818451 -0.01079114
v -0.00066518 0.01240164 -0.01369823
v -0.00063518 0.01240164 -0.01369823
v -0.00071202 0.01380320 -0.01367634
v -0.00068160 0.01379250 -0.01367951
v -0.00072754 0.01420139 -0.01355818
v -0.00069754 0.01420139 -0.01355818
v -0.00075102 0.01452902 -0.01294938
v -0.00075092 0.01452769 -0.01292197
v -0.00072092 0.01452769 -0.01292197
v -0.00536474 0.00764596 -0.00506564
v -0.00536474 0.00767596 -0.00506564
v -0.00071938 0.02849847 -0.01381906
v -0.00071888 0.02851004 -0.01381637
v -0.00074888 0.02851004 -0.01381637
v -0.00071799 0.02989999 -0.01351069
v -0.00074783 0.02991376 -0.01350822
v -0.00074845 0.02994407 -0.01350586
v -0.00074851 0.02994493 -0.01350581
v -0.00071851 0.02994493 -0.01350581
v -0.00083489 0.03052969 -0.01348531
v -0.00121879 0.03256055 -0.01347036
v -0.00125715 0.03260497 -0.01347234
v -0.00090637 0.03085521 -0.01347391
v -0.00112674 0.03191528 -0.01344448
v -0.00109909 0.03192768 -0.01344495
v -0.00113537 0.03196081 -0.01344620
v -0.00464328 0.03181375 0.00131123
v -0.01792544 0.04085624 -0.02371428
v -0.01647524 0.03847779 -0.02366269
v -0.01564902 0.03519840 -0.02256893
v -0.01460625 0.03519933 -0.02296923
v -0.01460625 0.03522933 -0.02296923
v -0.01441462 0.03520529 -0.02304801
v -0.01437041 0.03520733 -0.02306234
v -0.01420561 0.03519840 -0.02310485
v -0.01420561 0.03522840 -0.02310485
v -0.01172621 0.03791303 -0.02495862
v -0.01445961 0.04194904 -0.02513608
v -0.01307679 0.04321632 -0.02571595
v -0.02037026 0.03657688 -0.02096869
v -0.01957490 0.03519840 -0.02056874
v -0.01868061 0.03523462 -0.02102331
v -0.01868061 0.03526462 -0.02102331
v -0.01924047 0.03521519 -0.02073671
v -0.01924047 0.03524519 -0.02073671
v -0.01897175 0.03519840 -0.02091560
v -0.02082815 0.03519840 -0.01981145
v -0.01985168 0.03525260 -0.02033097
v -0.01736413 0.03525462 -0.02166993
v -0.01832165 0.03519840 -0.02127979
v -0.01854998 0.03523946 -0.02108909
v -0.01702506 0.03519840 -0.02194459
v -0.01674069 0.03525344 -0.02197009
v -0.01668027 0.03528332 -0.02199917
v -0.01668027 0.03525332 -0.02199917
v -0.01633524 0.03519840 -0.02227410
v -0.01591592 0.03523927 -0.02236000
v -0.01838979 0.03739877 -0.02237837
v -0.01647020 0.06510980 -0.02717508
v -0.01647020 0.06558067 -0.02722396
v -0.01645192 0.06611212 -0.02727427
v -0.02137954 0.05897465 -0.02504116
v -0.02042739 0.06636711 -0.02629994
v -0.01030646 0.05598183 -0.02745076
v -0.01383496 0.05857439 -0.02704206
v -0.01307187 0.05857439 -0.02721336
v -0.01240898 0.06116064 -0.02762097
v -0.01174200 0.06581884 -0.02817191
v -0.01036343 0.06136432 -0.01868098
v -0.01033343 0.06136432 -0.01868098
v -0.01062405 0.06227688 -0.01851424
v -0.00915802 0.03384506 -0.02474369
v -0.00978040 0.03593681 -0.02452808
v -0.00978040 0.03688018 -0.02505930
v -0.00978040 0.03628075 -0.02476481
v -0.00978040 0.03629220 -0.02477702
v -0.00978382 0.03629220 -0.02477702
v -0.00978040 0.03661486 -0.02494973
v -0.00963991 0.03519840 -0.02437935
v -0.00963991 0.03522840 -0.02437935
v -0.00972140 0.03528455 -0.02416919
v -0.00972140 0.03525455 -0.02416919
v -0.00978040 0.03547987 -0.02414626
v -0.00978011 0.03532587 -0.02391567
v -0.00978040 0.03535689 -0.02381113
v -0.00978040 0.03538689 -0.02381113
v -0.00978040 0.03784320 -0.02531494
v -0.00978040 0.03859003 -0.02549921
v -0.00978040 0.03964384 -0.02571795
v -0.00978040 0.04055174 -0.02589098
v -0.00978040 0.04055319 -0.02589223
v -0.00978040 0.04054555 -0.02589098
v -0.00978040 0.04191146 -0.02611011
v -0.00978040 0.04310922 -0.02627015
v -0.00980253 0.03637835 -0.01566472
v -0.00977253 0.03637835 -0.01566472
v -0.00981193 0.03637941 -0.01565695
v -0.00976033 0.03637933 -0.01564020
v -0.00970292 0.03637988 -0.01558455
v -0.00963249 0.03637755 -0.01556064
v -0.00948536 0.05575240 -0.02757853
v -0.00978040 0.05571874 -0.02753267
v -0.00977971 0.05575240 -0.02753622
v -0.00977993 0.05576036 -0.02753620
v -0.00978382 0.05576200 -0.02750005
v -0.00884890 0.05575240 -0.02767554
v -0.00797498 0.05575240 -0.02778508
v -0.00797498 0.05578240 -0.02778508
v -0.00641994 0.05578240 -0.02796847
v -0.00517355 0.05576036 -0.02810972
v -0.00503083 0.05576036 -0.02812398
v -0.00978382 0.05574498 -0.02437875
v -0.00975382 0.05574498 -0.02437875
v -0.00978382 0.05577498 -0.02437875
v -0.00975382 0.05577498 -0.02437875
v -0.00975382 0.05574322 -0.02436995
v -0.00978382 0.05574026 -0.02435885
v -0.00975382 0.05574026 -0.02435885
v -0.00975382 0.05572711 -0.02433251
v -0.00975382 0.05566828 -0.02422106
v -0.00978382 0.05566828 -0.02422106
v -0.00975382 0.05648080 -0.02295701
v -0.00978382 0.05648080 -0.02295701
v -0.00651783 0.05559500 -0.02291044
v -0.00651783 0.05562500 -0.02291044
v -0.00775853 0.06515758 -0.02865430
v -0.00908226 0.06402242 -0.02839628
v -0.00376892 0.05576036 -0.02822925
v -0.00107021 0.05576050 -0.02837911
v -0.00090035 0.05575240 -0.02838770
v 0.00028755 0.05522525 -0.02840022
v 0.00043012 0.05518530 -0.02840151
v -0.00455252 0.06502533 -0.02895969
v -0.00975382 0.05239847 -0.01949347
v -0.00978382 0.05239847 -0.01949347
v -0.00986947 0.05722219 -0.02151047
v -0.00983947 0.05722219 -0.02151047
v -0.00978040 0.05114366 -0.01775838
v -0.00980657 0.05078643 -0.01760259
v -0.00977657 0.05078643 -0.01760259
v -0.00981040 0.05101679 -0.01770612
v -0.00978040 0.05101679 -0.01770612
v -0.00981040 0.05123369 -0.01788854
v -0.00978040 0.05123369 -0.01788854
v -0.00977233 0.04986158 -0.01734658
v -0.00979278 0.05014670 -0.01740166
v -0.00976278 0.05014670 -0.01740166
v -0.00979717 0.04997339 -0.01736508
v -0.00976717 0.04997339 -0.01736508
v -0.00979725 0.04997011 -0.01736439
v -0.00871876 0.05118297 -0.01538450
v -0.00774960 0.05118297 -0.01505581
v -0.00859890 0.05201333 -0.01549738
v -0.00766056 0.05247519 -0.01540774
v -0.00642084 0.05118297 -0.01500434
v -0.00715713 0.05325641 -0.01560694
v -0.00642084 0.05335468 -0.01553722
v -0.00642084 0.05250958 -0.01522845
v -0.00712289 0.05453880 -0.01812525
v -0.00642084 0.05459284 -0.01786462
v -0.00642084 0.05440614 -0.01719894
v -0.00642084 0.05392463 -0.01632575
v -0.01009445 0.06066003 -0.01910970
v -0.01013589 0.06097080 -0.01889870
v -0.01010589 0.06097080 -0.01889870
v 0.00000098 0.05512364 -0.02029343
v 0.00000098 0.05515364 -0.02029343
v 0.00051192 0.05508246 -0.02009683
v 0.00051192 0.05511246 -0.02009683
v -0.00310805 0.03612208 -0.01393330
v -0.00297290 0.03610349 -0.01389962
v -0.00296856 0.03609877 -0.01389107
v -0.00239065 0.03585596 -0.01374745
v -0.00236065 0.03585596 -0.01374745
v -0.00142235 0.03314399 -0.01351228
v -0.00139235 0.03314399 -0.01351228
v -0.02742488 0.00523158 0.00225765
v -0.02742488 0.00523158 0.00228765
v -0.02729030 0.00523158 0.00285375
v -0.02731589 0.00523158 0.00354588
v -0.02759988 0.00598452 0.00228765
v -0.02716326 0.00523599 0.00381280
v -0.02714606 0.00524079 0.00395552
v -0.02713455 0.00524519 0.00405591
v -0.02719462 0.00553445 0.00495070
v -0.02745405 0.00598452 0.00362732
v -0.02724988 0.00598452 0.00495070
v -0.02707335 0.00553445 0.00578952
v -0.02708409 0.00598452 0.00583432
v -0.02684314 0.00531991 0.00549576
v -0.02255253 -0.00012305 0.00310749
v -0.02700734 0.00553445 0.00605827
v -0.02671901 0.00536266 0.00612924
v -0.02608840 0.00395994 0.00635917
v -0.02691984 0.00598452 0.00650212
v -0.02638344 0.00552498 0.00802532
v -0.02633686 0.00549334 0.00816748
v -0.02633686 0.00552334 0.00816748
v -0.02607013 0.00545264 0.00882496
v -0.02607013 0.00548264 0.00882496
v -0.02599100 0.00547912 0.00901047
v -0.02663366 0.00598452 0.00760627
v -0.02663278 0.00598452 0.00760968
v -0.02621524 0.00598452 0.00893714
v -0.02178659 -0.00006987 0.00715709
v -0.02578514 0.00511852 0.00985140
v -0.02581304 0.00553445 0.00991440
v -0.02569484 0.00553445 0.01023201
v -0.02558739 0.00598452 0.01064328
v -0.02473743 0.00546821 0.01186598
v -0.02473743 0.00549821 0.01186598
v -0.02456349 0.00553445 0.01265075
v -0.02438696 0.00553445 0.01299686
v -0.02515296 0.00598452 0.01160019
v -0.02426722 0.00598452 0.01338370
v -0.02380748 0.00389908 0.01244271
v -0.02388319 0.00549964 0.01379131
v -0.02384451 0.00553058 0.01387144
v -0.02382127 0.00551782 0.01391958
v -0.02371967 0.00553362 0.01413004
v -0.02367882 0.00553241 0.01418251
v -0.02333335 0.00552185 0.01462118
v -0.02316043 0.00553445 0.01510206
v -0.02295166 0.00553445 0.01541560
v -0.02374529 0.00598452 0.01425102
v -0.02318499 0.00598452 0.01513870
v -0.02231410 0.00551787 0.01592832
v -0.02202447 0.00553445 0.01664532
v -0.02172820 0.00553445 0.01702401
v -0.02274442 0.00598452 0.01580650
v -0.02207820 0.00598452 0.01671454
v -0.02156087 0.00598452 0.01737827
v -0.02759988 0.02251992 0.00229580
v -0.02745558 0.02251544 0.00362325
v -0.02725078 0.02252067 0.00495007
v -0.02708421 0.02252010 0.00583369
v -0.02708348 0.02252014 0.00583681
v -0.02691890 0.02252110 0.00649973
v -0.02663220 0.02251940 0.00760746
v -0.02660875 0.02251964 0.00768255
v -0.02632871 0.02252419 0.00858538
v -0.02632700 0.02252570 0.00859070
v -0.02632625 0.02252662 0.00859305
v -0.02632738 0.02252527 0.00858952
v -0.02632070 0.02253411 0.00861034
v -0.02620501 0.02269484 0.00896730
v -0.02558930 0.02344266 0.01064190
v -0.02515356 0.02386178 0.01159661
v -0.02427046 0.02463886 0.01338011
v -0.02374868 0.02459654 0.01425632
v -0.02327677 0.02527598 0.01489050
v -0.02314623 0.02535718 0.01508370
v -0.02318774 0.02459654 0.01514950
v -0.02311484 0.02534537 0.01512735
v -0.02298659 0.02540856 0.01528244
v -0.02291566 0.02547184 0.01536474
v -0.02283277 0.02548074 0.01546091
v -0.02274198 0.02459654 0.01581443
v -0.02195565 0.02561415 0.01656470
v -0.02207836 0.02459654 0.01671952
v -0.02156609 0.02459654 0.01737857
v -0.03123697 0.03180567 0.02441234
v -0.02985370 0.03181456 0.02564945
v -0.02901941 0.03165080 0.02588069
v -0.02772282 0.03146746 0.02628535
v -0.02730387 0.03176295 0.02700796
v -0.02636122 0.03108832 0.02621598
v -0.02636122 0.03159918 0.02721029
v -0.02495628 0.03155290 0.02759761
v -0.02446510 0.03186797 0.02824507
v -0.02370665 0.03136066 0.02754558
v -0.02370665 0.03177719 0.02834912
v -0.02238478 0.03170777 0.02847631
v -0.04114689 0.04371635 0.00923422
v -0.03686324 0.03689650 0.00903439
v -0.03452696 0.04368635 0.00735391
v -0.03452696 0.04371635 0.00735391
v -0.03449696 0.04368635 0.00735391
v -0.03449696 0.04371635 0.00735391
v -0.03449811 0.04372247 0.00736473
v -0.03447513 0.04371635 0.00742015
v -0.04171809 0.04109149 0.01735569
v -0.04216661 0.04368635 0.01420983
v -0.04216661 0.04371635 0.01420983
v -0.04255199 0.04320660 0.01691276
v -0.04303258 0.04506893 0.01609937
v -0.04271306 0.04369143 0.01690010
v -0.04271563 0.04371287 0.01691276
v -0.04271563 0.04368635 0.01691276
v -0.04195660 0.04181917 0.01691276
v -0.04370282 0.04920758 0.01558270
v -0.03686341 0.03645872 0.01105400
v -0.03569796 0.04368635 0.01462894
v -0.03369571 0.04649963 0.01629307
v -0.04387729 0.05119758 0.01558270
v -0.04363059 0.05086893 0.01690261
v -0.04382045 0.05385393 0.01558270
v -0.04325047 0.05651028 0.01667684
v -0.03470413 0.05081704 0.01269215
v -0.03467413 0.05081704 0.01269215
v -0.02719274 0.03795664 0.00686242
v -0.02719274 0.03798664 0.00686242
v -0.02747168 0.03905849 0.00665950
v -0.02747965 0.03907924 0.00666009
v -0.02735345 0.03856178 0.00670860
v -0.02735458 0.03859602 0.00670752
v -0.02754954 0.03938815 0.00667138
v -0.02751954 0.03938815 0.00667138
v -0.02751936 0.03938729 0.00667123
v -0.02831981 0.04365638 0.00827132
v -0.02831981 0.04368638 0.00827132
v -0.02831177 0.04368637 0.00833071
v -0.02831177 0.04365637 0.00833071
v -0.02828177 0.04365637 0.00833071
v -0.02828177 0.04368637 0.00833071
v -0.02515249 0.04368680 0.00637896
v -0.02522610 0.04365679 0.00640226
v -0.02522610 0.04368679 0.00640226
v -0.02492132 0.04368680 0.00634276
v -0.02390553 0.04368684 0.00621204
v -0.02373134 0.04368684 0.00619942
v -0.02374601 0.04390197 0.00618808
v -0.02379520 0.04560012 0.00619739
v -0.02380514 0.04614134 0.00620887
v -0.02377514 0.04614134 0.00620887
v -0.02379845 0.04634671 0.00622874
v -0.02376845 0.04634671 0.00622874
v -0.02349852 0.04912127 0.00680864
v -0.02346852 0.04912127 0.00680864
v -0.03252425 0.04368635 0.01254871
v -0.03252425 0.04371635 0.01254871
v -0.03249007 0.04368635 0.01259456
v -0.03249007 0.04371635 0.01259456
v -0.03167252 0.04371635 0.01287733
v -0.03167252 0.04368635 0.01287733
v -0.03032775 0.04368635 0.01304491
v -0.03032775 0.04371635 0.01304491
v -0.02853036 0.04368635 0.01304093
v -0.02853036 0.04371635 0.01304093
v -0.02834206 0.04366716 0.01291647
v -0.02834206 0.04369716 0.01291647
v -0.02831206 0.04366716 0.01291647
v -0.02831206 0.04369716 0.01291647
v -0.02638623 0.03795566 0.01279117
v -0.02638621 0.03795658 0.01282291
v -0.02638623 0.03798566 0.01279117
v -0.02638540 0.03802070 0.01285713
v -0.02503689 0.03795566 0.01285703
v -0.02503689 0.03798566 0.01285703
v -0.02364624 0.03798566 0.01286615
v -0.02238865 0.03795566 0.01287071
v -0.02238865 0.03798566 0.01287071
v -0.02618633 0.03795566 0.01429843
v -0.02637345 0.03936052 0.01540858
v -0.02637345 0.03939052 0.01540858
v -0.02635952 0.03924480 0.01513984
v -0.02635980 0.03921772 0.01514523
v -0.02644434 0.03970424 0.01597995
v -0.02644434 0.03967424 0.01597995
v -0.02676559 0.04042874 0.01732756
v -0.02676559 0.04045874 0.01732756
v -0.02528905 0.05676405 0.00452097
v -0.02528195 0.05676641 0.00452048
v -0.02531442 0.05693323 0.00449299
v -0.02531222 0.05689834 0.00449312
v -0.02535743 0.05754001 0.00449052
v -0.02536728 0.05771734 0.00449473
v -0.02524858 0.05675193 0.00458589
v -0.02512191 0.05671408 0.00481040
v -0.02509191 0.05671408 0.00481040
v -0.02497365 0.05666978 0.00543625
v -0.02497116 0.05663903 0.00544872
v -0.02494365 0.05666978 0.00543625
v -0.02346254 0.04969454 0.00694494
v -0.02346271 0.04969887 0.00694624
v -0.02343271 0.04969887 0.00694624
v -0.02348747 0.04996468 0.00703560
v -0.02345798 0.04997018 0.00703744
v -0.02348413 0.05031950 0.00731661
v -0.02345413 0.05031950 0.00731661
v -0.02346859 0.05044626 0.00748078
v -0.02343859 0.05044626 0.00748078
v -0.02346321 0.05053194 0.00760395
v -0.02343321 0.05053194 0.00760395
v -0.02580700 0.06084536 0.00513647
v -0.02542499 0.05807289 0.00450490
v -0.02545894 0.05831088 0.00453251
v -0.02553083 0.05893739 0.00468292
v -0.02611887 0.06360068 0.00629405
v -0.02617052 0.06397171 0.00645171
v -0.02621919 0.06424199 0.00657461
v -0.02316658 0.05278804 0.01175620
v -0.02316663 0.05279949 0.01178251
v -0.02313663 0.05279949 0.01178251
v -0.02315015 0.05299560 0.01227551
v -0.02318104 0.05300787 0.01230647
v -0.02321724 0.05326939 0.01302488
v -0.02322760 0.05332320 0.01318251
v -0.02325770 0.05344166 0.01357038
v -0.02322621 0.05343578 0.01353549
v -0.02319760 0.05332320 0.01318251
v -0.02413700 0.05641976 0.01002707
v -0.02413374 0.05641878 0.01004835
v -0.02412144 0.05641511 0.01016887
v -0.02409144 0.05641511 0.01016887
v -0.02404077 0.05636100 0.01131959
v -0.02404077 0.05639100 0.01131959
v -0.02401077 0.05639100 0.01131959
v -0.02401201 0.05638241 0.01200670
v -0.02398201 0.05638241 0.01200670
v -0.02400523 0.05638038 0.01228506
v -0.02400442 0.05635014 0.01232058
v -0.02326883 0.05348581 0.01383218
v -0.02323883 0.05348581 0.01383218
v -0.02329296 0.05357388 0.01636898
v -0.02326296 0.05357388 0.01636898
v -0.02400525 0.05635039 0.01593775
v -0.02400525 0.05638039 0.01593775
v -0.02397525 0.05638039 0.01593775
v -0.02403501 0.05635928 0.01719633
v -0.02403501 0.05638928 0.01719633
v -0.02400501 0.05638928 0.01719633
v -0.02409156 0.05637618 0.01747377
v -0.02409156 0.05640618 0.01747377
v -0.02409931 0.05637849 0.01751181
v -0.02406156 0.05640618 0.01747377
v -0.04172157 0.04107620 0.01824155
v -0.04139776 0.04041221 0.01824155
v -0.04167805 0.04115262 0.01894130
v -0.03918332 0.03699372 0.01957033
v -0.03858793 0.03632972 0.01957033
v -0.04037411 0.03849153 0.01869936
v -0.04037411 0.03849153 0.01905668
v -0.03912413 0.03708712 0.01849837
v -0.04022091 0.03895260 0.01994254
v -0.03934000 0.03789037 0.02061624
v -0.03911891 0.03705400 0.02042641
v -0.03904753 0.04106007 0.02293137
v -0.04304837 0.04491481 0.01768414
v -0.04201927 0.04187776 0.01824155
v -0.04237267 0.04320660 0.01824155
v -0.04176683 0.04187776 0.01903063
v -0.04247164 0.04368635 0.01821134
v -0.04247164 0.04370568 0.01821134
v -0.04047682 0.04320660 0.02172542
v -0.04054713 0.04370822 0.02172908
v -0.04053001 0.04369996 0.02175677
v -0.04053079 0.04368635 0.02175891
v -0.03904753 0.04155255 0.02293137
v -0.03887518 0.04243986 0.02287926
v -0.03966459 0.04366989 0.02228331
v -0.03965439 0.04368336 0.02228647
v -0.03965774 0.04367732 0.02228647
v -0.03965474 0.04368331 0.02228647
v -0.03843076 0.04368635 0.02223327
v -0.03843299 0.04368635 0.02223534
v -0.04055370 0.04720852 0.02166560
v -0.03792290 0.03565468 0.01957033
v -0.03706662 0.03501191 0.01948645
v -0.03786546 0.03568865 0.02090283
v -0.03721087 0.03502295 0.02090283
v -0.03719622 0.03500972 0.02089178
v -0.03719622 0.03501191 0.02089178
v -0.03771922 0.03582960 0.02162120
v -0.03647750 0.03442943 0.02177626
v -0.03677871 0.03501191 0.02191152
v -0.03678088 0.03501191 0.02192245
v -0.03678088 0.03500972 0.02190922
v -0.03627252 0.03501191 0.02244785
v -0.03626802 0.03500972 0.02245262
v -0.03552098 0.03501191 0.02320083
v -0.03783086 0.03994161 0.02357377
v -0.03631778 0.03729005 0.02412988
v -0.03661419 0.03834522 0.02421616
v -0.03647447 0.03817567 0.02428993
v -0.03646228 0.03922091 0.02428249
v -0.03490642 0.03333115 0.02221561
v -0.03527481 0.03424253 0.02310008
v -0.03399989 0.03301252 0.02323882
v -0.03357733 0.03346287 0.02412330
v -0.03269247 0.03293955 0.02444703
v -0.03405768 0.03500972 0.02455108
v -0.03378824 0.03581177 0.02562244
v -0.03770852 0.04368635 0.02120122
v -0.03770852 0.04371635 0.02120122
v -0.03384918 0.03656067 0.02564477
v -0.04190682 0.04987393 0.02053238
v -0.04170472 0.05480586 0.02028055
v -0.04037213 0.06003697 0.02027621
v -0.03907742 0.06402603 0.02030660
v -0.03542906 0.06583096 0.02119832
v -0.03543201 0.06588469 0.02122596
v -0.03539906 0.06583096 0.02119832
v -0.03540201 0.06588469 0.02122596
v -0.03543592 0.06601714 0.02128313
v -0.03540592 0.06601714 0.02128313
v -0.03543975 0.06605997 0.02129383
v -0.03540975 0.06605997 0.02129383
v -0.03542246 0.06640942 0.02135728
v -0.03545246 0.06640942 0.02135728
v -0.02718506 0.04111873 0.01853303
v -0.02718506 0.04114873 0.01853303
v -0.02718865 0.04115741 0.01854144
v -0.02712067 0.04110258 0.01851567
v -0.02712067 0.04113258 0.01851567
v -0.02830884 0.04151732 0.01852995
v -0.02827884 0.04151732 0.01852995
v -0.02827884 0.04154733 0.01852995
v -0.02771543 0.04127741 0.01860887
v -0.02768227 0.04130631 0.01860883
v -0.02797400 0.04136752 0.01861236
v -0.02794556 0.04136822 0.01861198
v -0.02794400 0.04139752 0.01861236
v -0.03105267 0.04649207 0.02429585
v -0.03073907 0.04719917 0.02503882
v -0.03036223 0.04619335 0.02479824
v -0.02902652 0.04567153 0.02488669
v -0.02903942 0.04576984 0.02521571
v -0.02704369 0.04101350 0.01836427
v -0.02704369 0.04104350 0.01836427
v -0.02554158 0.03734425 0.01801880
v -0.02536456 0.03714669 0.01921292
v -0.02371788 0.03680227 0.02116942
v -0.02507880 0.03674952 0.02162016
v -0.02502990 0.03665435 0.02216113
v -0.02469035 0.03660494 0.02243746
v -0.02469230 0.03660387 0.02247392
v -0.02473609 0.03657649 0.02259754
v -0.02493611 0.03647016 0.02319346
v -0.02490611 0.03647016 0.02319346
v -0.02420646 0.03673416 0.02163370
v -0.03129540 0.03501191 0.02657953
v -0.03092998 0.03477832 0.02682875
v -0.03110028 0.03566911 0.02691400
v -0.03110028 0.03598923 0.02691400
v -0.03068796 0.03499672 0.02698153
v -0.03052830 0.03498191 0.02706715
v -0.02864996 0.03501191 0.02802185
v -0.02835847 0.03456649 0.02821039
v -0.02835847 0.03456293 0.02821039
v -0.02831785 0.03501191 0.02818329
v -0.02832353 0.03501191 0.02818695
v -0.02787785 0.03501191 0.02838050
v -0.02778210 0.03510022 0.02841400
v -0.02992474 0.04632191 0.02585961
v -0.03007444 0.04719917 0.02605066
v -0.02907685 0.04609503 0.02626647
v -0.02952080 0.04719917 0.02671225
v -0.02866903 0.04632569 0.02710850
v -0.02885616 0.04719917 0.02725709
v -0.02824045 0.04567153 0.02567765
v -0.02824052 0.04566918 0.02566699
v -0.02823687 0.04583955 0.02624110
v -0.02823541 0.04627654 0.02728893
v -0.02823063 0.04627435 0.02729097
v -0.02823063 0.04676925 0.02752654
v -0.02823541 0.04676956 0.02752486
v -0.02759532 0.04620124 0.02755170
v -0.02823063 0.04856327 0.02753798
v -0.02823541 0.04856285 0.02753671
v -0.02785965 0.04961192 0.02668918
v -0.02794109 0.04955887 0.02677864
v -0.02791109 0.04955887 0.02677864
v -0.02806985 0.04942223 0.02700396
v -0.02803985 0.04942223 0.02700396
v -0.02824051 0.04860877 0.02752764
v -0.02821040 0.04860947 0.02752733
v -0.02814803 0.04927994 0.02720305
v -0.02817803 0.04927994 0.02720305
v -0.02822914 0.04719764 0.02765994
v -0.02823541 0.04719917 0.02766042
v -0.02781499 0.04719854 0.02792449
v -0.02708492 0.04650306 0.02823553
v -0.02715169 0.04719854 0.02826526
v -0.02713661 0.04821647 0.02825840
v -0.02762547 0.04860451 0.02790848
v -0.02493592 0.03658142 0.02751598
v -0.02493835 0.03658061 0.02755215
v -0.02490835 0.03658061 0.02755215
v -0.02701403 0.03501082 0.02870593
v -0.02689197 0.03504156 0.02875061
v -0.02456261 0.03448283 0.02959780
v -0.02492285 0.03502407 0.02946887
v -0.02492285 0.03505407 0.02946887
v -0.02492522 0.03522916 0.02953807
v -0.02492522 0.03523166 0.02953905
v -0.02470130 0.03501057 0.02960234
v -0.02470130 0.03504057 0.02960234
v -0.02468749 0.03500976 0.02961054
v -0.02463537 0.03501171 0.02963169
v -0.02463123 0.03500972 0.02963248
v -0.02492506 0.03566742 0.02950457
v -0.02492522 0.03564933 0.02950718
v -0.02492522 0.03566523 0.02950596
v -0.02493049 0.03566742 0.02950457
v -0.02493811 0.03638017 0.02888770
v -0.02494401 0.03637101 0.02891723
v -0.02491401 0.03637101 0.02891723
v -0.02491801 0.03636646 0.02892613
v -0.02494801 0.03636646 0.02892613
v -0.02494874 0.03627945 0.02906729
v -0.02492366 0.03626705 0.02907822
v -0.02491874 0.03627945 0.02906729
v -0.02456686 0.03605227 0.02962507
v -0.02466699 0.03523166 0.02964824
v -0.02395585 0.03500972 0.02986372
v -0.02273150 0.03500972 0.03022213
v -0.02272817 0.03501366 0.03022286
v -0.02228726 0.03500972 0.03032041
v -0.02174742 0.03585981 0.03088569
v -0.02174742 0.03601843 0.03088569
v -0.02636563 0.04592005 0.02754713
v -0.02636563 0.04639058 0.02832473
v -0.02636563 0.04719854 0.02848253
v -0.02697294 0.04910129 0.02816463
v -0.02646254 0.04860451 0.02838877
v -0.02608351 0.04925876 0.02829500
v -0.02503903 0.04626498 0.02843222
v -0.02503903 0.04719854 0.02871124
v -0.02503903 0.04852390 0.02863119
v -0.02503903 0.04930562 0.02835446
v -0.02370812 0.04626498 0.02842993
v -0.02370812 0.04719854 0.02870438
v -0.02370812 0.04852390 0.02862662
v -0.02370812 0.04930375 0.02835217
v -0.02263133 0.04637371 0.02833617
v -0.02226307 0.04718354 0.02839105
v -0.02217105 0.04727804 0.02836433
v -0.02174406 0.04673364 0.02820123
v -0.02233844 0.04845267 0.02836361
v -0.02275624 0.04925876 0.02829271
v -0.02168807 0.04761658 0.02822410
v -0.02168807 0.04796151 0.02822410
v -0.02186897 0.04884634 0.02808230
v -0.02741919 0.06568856 0.01877255
v -0.02740806 0.06571623 0.01870769
v -0.02784493 0.06467424 0.02100771
v -0.02781493 0.06467424 0.02100771
v -0.02774016 0.06481417 0.02072227
v -0.02775776 0.06478828 0.02077668
v -0.03023256 0.05943341 0.02542780
v -0.03023256 0.05940341 0.02542780
v -0.03015264 0.05932863 0.02543652
v -0.03015264 0.05935863 0.02543652
v -0.03066827 0.06049454 0.02523325
v -0.03066827 0.06049450 0.02523326
v -0.03066827 0.06049187 0.02523916
v -0.03066809 0.06052113 0.02522772
v -0.03065740 0.06043582 0.02524406
v -0.03065534 0.06046174 0.02524547
v -0.03065296 0.06064304 0.02520199
v -0.03046522 0.06149974 0.02500586
v -0.03033853 0.06165214 0.02496249
v -0.02995538 0.06200256 0.02485464
v -0.02937755 0.05891430 0.02541876
v -0.02937755 0.05894430 0.02541876
v -0.02937406 0.05896293 0.02543615
v -0.02942454 0.05896181 0.02544957
v -0.02942454 0.05897731 0.02544957
v -0.02939511 0.05897771 0.02544995
v -0.02982217 0.05918238 0.02544451
v -0.02885310 0.05855116 0.02483915
v -0.02899691 0.05860252 0.02500751
v -0.02903715 0.05868310 0.02508587
v -0.02906715 0.05868310 0.02508587
v -0.02896949 0.05861277 0.02497691
v -0.02893949 0.05861277 0.02497691
v -0.02878126 0.05852901 0.02478962
v -0.02974021 0.06219945 0.02474667
v -0.02979084 0.06213984 0.02480846
v -0.02972974 0.06217645 0.02477051
v -0.02976084 0.06213984 0.02480846
v -0.02829280 0.06410243 0.02208330
v -0.02821360 0.06417945 0.02194720
v -0.02826281 0.06410243 0.02208330
v -0.02828521 0.06408065 0.02212179
v -0.02925730 0.06292736 0.02382501
v -0.02922730 0.06292736 0.02382501
v -0.02449833 0.05265828 0.02095146
v -0.02446833 0.05265828 0.02095146
v -0.02436637 0.05645830 0.01830268
v -0.02436637 0.05648830 0.01830268
v -0.02433637 0.05648830 0.01830268
v -0.02433694 0.05648847 0.01830435
v -0.02580616 0.05718631 0.02114447
v -0.02577616 0.05718631 0.02114447
v -0.02507724 0.05684088 0.02010196
v -0.02507515 0.05686989 0.02009810
v -0.02504515 0.05686989 0.02009810
v -0.02494050 0.05677623 0.01984938
v -0.02494050 0.05680623 0.01984938
v -0.02491050 0.05680623 0.01984938
v -0.02548086 0.05702193 0.02074577
v -0.02548139 0.05705217 0.02074662
v -0.02545139 0.05705217 0.02074662
v -0.02332912 0.05360013 0.01772411
v -0.02330057 0.05360013 0.01772411
v -0.02337979 0.05356912 0.01803711
v -0.02334979 0.05356912 0.01803711
v -0.02336037 0.05356137 0.01809679
v -0.02372747 0.05330003 0.01946705
v -0.02369747 0.05330003 0.01946705
v -0.02397976 0.05309351 0.02008411
v -0.02394976 0.05309351 0.02008411
v -0.02383764 0.05321050 0.01976120
v -0.02380764 0.05321050 0.01976120
v -0.02611397 0.05125352 0.02366837
v -0.02608397 0.05125352 0.02366837
v -0.02327112 0.06615285 0.01836601
v -0.02327112 0.06612285 0.01836601
v -0.02305184 0.06609148 0.01851198
v -0.02166742 0.06571200 0.01941467
v -0.02166742 0.06568200 0.01941467
v -0.02996774 0.05944155 0.02590805
v -0.03010832 0.06049187 0.02608370
v -0.02996774 0.06148991 0.02590805
v -0.02910279 0.05911861 0.02629544
v -0.02871440 0.05944155 0.02715682
v -0.02910279 0.06181592 0.02629544
v -0.02955552 0.06049187 0.02675019
v -0.02889073 0.06049187 0.02729156
v -0.02871440 0.06148683 0.02715682
v -0.02769457 0.05861421 0.02621604
v -0.02762548 0.05926931 0.02758030
v -0.02762548 0.06166060 0.02758030
v -0.02713701 0.05969221 0.02825882
v -0.02785422 0.06049187 0.02795806
v -0.02718943 0.06049187 0.02828288
v -0.02713701 0.06123309 0.02825882
v -0.02769457 0.06237876 0.02621604
v -0.02636737 0.05884795 0.02754661
v -0.02636737 0.06206043 0.02754661
v -0.02503779 0.05866496 0.02754661
v -0.02636737 0.05946615 0.02836709
v -0.02636737 0.06049187 0.02852590
v -0.02636737 0.06141148 0.02836709
v -0.02503779 0.05928315 0.02848980
v -0.02503779 0.06158832 0.02848980
v -0.02503779 0.06049187 0.02876651
v -0.02503779 0.06223882 0.02754661
v -0.02370820 0.05866649 0.02754661
v -0.02370820 0.06223574 0.02754661
v -0.02237862 0.06201430 0.02754661
v -0.02370820 0.05928469 0.02848740
v -0.02370820 0.06158525 0.02848740
v -0.02370820 0.06049187 0.02875688
v -0.02237862 0.05953997 0.02833822
v -0.02168523 0.05978909 0.02822273
v -0.02237862 0.06049187 0.02847056
v -0.02223565 0.06063181 0.02842003
v -0.02237862 0.06136534 0.02833822
v -0.02223565 0.06132690 0.02831656
v -0.02167808 0.06070870 0.02822754
v -0.02169000 0.06117619 0.02822273
v -0.02104091 -0.00073121 0.00228348
v -0.01904705 -0.00072988 0.00893523
v -0.01317071 0.00703298 0.00255542
v -0.01317071 0.00706298 0.00255542
v -0.01394524 0.00696730 0.00341520
v -0.01394064 0.00699793 0.00340497
v -0.01416125 0.00696770 0.00389548
v -0.01416125 0.00693770 0.00389548
v -0.01436852 0.00674981 0.00777729
v -0.01436852 0.00677981 0.00777729
v -0.01433852 0.00674981 0.00777729
v -0.01433852 0.00677981 0.00777729
v -0.01963197 0.00007121 0.01206323
v -0.01698563 -0.00004517 0.01534506
v -0.01920203 0.02250677 0.00847492
v -0.01920203 0.02253677 0.00847492
v -0.01920203 0.02250677 0.00850492
v -0.01920203 0.02253677 0.00850492
v -0.01885840 0.02248961 0.00850755
v -0.01885840 0.02251961 0.00850755
v -0.01873129 0.02263774 0.00845942
v -0.01873129 0.02263774 0.00848942
v -0.01795189 0.02244395 0.00857963
v -0.01795189 0.02247395 0.00857963
v -0.01502072 0.02230698 0.00351908
v -0.01502072 0.02233698 0.00351908
v -0.01545906 0.02234490 0.00411319
v -0.01548905 0.02237734 0.00415317
v -0.01281082 0.01698316 0.00519626
v -0.01284082 0.01698316 0.00519626
v -0.01283570 0.01701234 0.00526006
v -0.01333169 0.02385832 0.00855572
v -0.01332610 0.02386007 0.00855650
v -0.01338880 0.02384426 0.00857963
v -0.01332673 0.02385984 0.00858629
v -0.01332610 0.02386007 0.00858650
v -0.01604734 0.02234075 0.00991214
v -0.01604734 0.02237075 0.00991214
v -0.02135126 0.02614195 0.01710874
v -0.02135126 0.02617195 0.01710874
v -0.01427847 0.02224277 0.01128171
v -0.01427847 0.02227277 0.01128171
v -0.01322415 0.02215156 0.01217836
v -0.01322415 0.02218156 0.01217836
v -0.01234986 0.02003943 0.01281272
v -0.01231986 0.02003943 0.01281272
v -0.01292488 0.02202081 0.01268962
v -0.01292294 0.02204996 0.01269294
v -0.01292488 0.02205081 0.01268962
v -0.00674179 0.03039671 0.00844260
v -0.00674179 0.03039671 0.00847260
v -0.00671179 0.03039671 0.00847260
v -0.00688943 0.03024952 0.00889818
v -0.00688943 0.03024952 0.00892818
v -0.00644227 0.03205542 0.00801383
v -0.00644264 0.03205247 0.00801452
v -0.00644227 0.03205542 0.00804383
v -0.00642780 0.03217389 0.00801668
v -0.00639780 0.03217389 0.00801668
v -0.00639803 0.03217125 0.00801693
v -0.00638671 0.03269407 0.00793717
v -0.00638578 0.03266364 0.00794023
v -0.00638611 0.03271136 0.00796764
v -0.00635862 0.03272428 0.00796798
v -0.00923581 0.02204996 0.01504764
v -0.00920581 0.02201996 0.01504764
v -0.00920581 0.02204996 0.01504764
v -0.00892659 0.02211759 0.01500607
v -0.00893432 0.02214693 0.01500275
v -0.00890432 0.02211693 0.01500275
v -0.00830926 0.02574657 0.01050962
v -0.00831102 0.02574332 0.01051026
v -0.00830926 0.02574657 0.01053962
v -0.00825007 0.02585609 0.01051840
v -0.00781758 0.02668132 0.01037006
v -0.00781758 0.02668132 0.01040006
v -0.00734924 0.02872333 0.00974644
v -0.00734987 0.02872004 0.00977700
v -0.00723444 0.02932726 0.00964458
v -0.00723444 0.02932726 0.00967458
v -0.00715423 0.02992753 0.00969894
v -0.00715423 0.02994300 0.00969894
v -0.00715169 0.02999783 0.00968716
v -0.00715169 0.02996783 0.00971716
v -0.00715169 0.02999783 0.00971716
v -0.00712169 0.02999783 0.00971716
v -0.00706877 0.02991300 0.00974734
v -0.00706877 0.02994300 0.00974734
v -0.00703877 0.02994300 0.00974734
v -0.00615236 0.02923544 0.01029234
v -0.00611400 0.02922822 0.01029891
v -0.00558070 0.02874152 0.01074163
v -0.00555070 0.02874152 0.01074163
v -0.00075236 0.02385079 0.01604789
v -0.00076790 0.02385113 0.01604732
v -0.00076436 0.02384904 0.01605272
v -0.00073790 0.02385113 0.01604732
v -0.00074979 0.02383743 0.01609605
v -0.00075379 0.02384196 0.01607722
v -0.00072159 0.02383948 0.01608749
v -0.00420905 0.02744181 0.01205807
v -0.00419908 0.02746080 0.01203884
v -0.00136631 0.02456044 0.01517697
v -0.00133631 0.02456044 0.01517697
v -0.02082250 0.00553445 0.01807457
v -0.02041952 0.00395427 0.01761991
v -0.02043412 0.00553445 0.01851434
v -0.02022996 0.00553445 0.01873830
v -0.02090723 0.00598452 0.01814887
v -0.02089772 0.00598452 0.01816008
v -0.02031285 0.00598452 0.01882788
v -0.01993864 0.00553231 0.01898595
v -0.01966597 0.00553063 0.01922634
v -0.01956834 0.00553445 0.01942646
v -0.01965123 0.00598452 0.01951197
v -0.01913851 0.00553445 0.01987030
v -0.01891286 0.00553445 0.02009426
v -0.01900343 0.00598452 0.02017977
v -0.01834181 0.00598452 0.02074984
v -0.01755585 0.00598452 0.02141764
v -0.01634533 0.00402102 0.02152313
v -0.01682361 0.00553445 0.02189405
v -0.01593061 0.00553384 0.02253418
v -0.01588482 0.00553360 0.02255946
v -0.01689269 0.00598452 0.02194699
v -0.01599314 0.00598452 0.02261072
v -0.01308435 0.00000045 0.01890201
v -0.01174700 -0.00063597 0.01823249
v -0.01566384 0.00550241 0.02268146
v -0.01528393 0.00553445 0.02303420
v -0.01483108 0.00553445 0.02332331
v -0.01469139 0.00553445 0.02338439
v -0.01468753 0.00555121 0.02338937
v -0.01532845 0.00598452 0.02306270
v -0.01469139 0.00567832 0.02342718
v -0.01463584 0.00580706 0.02346493
v -0.01469139 0.00598452 0.02346583
v -0.01401961 0.00716073 0.02386148
v -0.01324376 0.00598612 0.02431697
v -0.01264127 0.00387149 0.02368075
v -0.01251147 0.00553336 0.02461172
v -0.01173354 0.00598612 0.02507489
v -0.01140388 0.00502327 0.02503332
v -0.01053865 0.00598612 0.02560455
v -0.01440586 0.00807584 0.02364499
v -0.01372649 0.00780461 0.02405010
v -0.01362443 0.00802585 0.02411339
v -0.01360302 0.00807584 0.02412609
v -0.01357302 0.00807584 0.02412609
v -0.01360302 0.00807584 0.02412955
v -0.01359979 0.00811211 0.02413127
v -0.01337168 0.00916763 0.02424700
v -0.01277681 0.01204322 0.02455634
v -0.01292144 0.01572202 0.02449195
v -0.01201267 0.01572202 0.02495209
v -0.01199433 0.01572202 0.02495209
v -0.01659629 0.02204996 0.02216608
v -0.01598782 0.02204996 0.02261487
v -0.01598556 0.02204996 0.02261653
v -0.02133486 0.02459654 0.01765037
v -0.02089636 0.02459654 0.01816450
v -0.02030786 0.02459654 0.01882942
v -0.01964424 0.02459654 0.01951817
v -0.01907082 0.02709763 0.01951521
v -0.01902978 0.02714457 0.01955798
v -0.01900066 0.02459654 0.02018508
v -0.01755070 0.02456654 0.02142164
v -0.01743663 0.02459654 0.02151273
v -0.01825153 0.02743583 0.02036902
v -0.01821523 0.02748041 0.02040600
v -0.01759144 0.02770100 0.02104162
v -0.01759144 0.02773100 0.02104162
v -0.01688708 0.02459654 0.02195160
v -0.01631464 0.02821034 0.02227236
v -0.01204300 0.02201996 0.01761015
v -0.01204300 0.02204996 0.01761015
v -0.01201862 0.02204996 0.01792909
v -0.01201862 0.02201996 0.01792909
v -0.01198862 0.02201996 0.01792909
v -0.01198862 0.02204996 0.01792909
v -0.01531196 0.02207695 0.02307296
v -0.01433026 0.02204996 0.02369232
v -0.01352890 0.02204996 0.02417265
v -0.01201267 0.01631423 0.02495615
v -0.01090376 0.01617057 0.02548266
v -0.01296351 0.02204996 0.02447325
v -0.01201267 0.02201588 0.02495218
v -0.01201058 0.02204996 0.02495324
v -0.01174589 0.02204996 0.02508966
v -0.01083184 0.02204996 0.02547598
v -0.01083184 0.02204996 0.02548266
v -0.01076191 0.02201996 0.02550686
v -0.01076526 0.02204996 0.02550923
v -0.01511685 0.02858577 0.02327158
v -0.01464808 0.02872316 0.02364269
v -0.01424085 0.02883544 0.02395027
v -0.01395010 0.02893012 0.02419253
v -0.01391882 0.02893084 0.02419349
v -0.01384772 0.02897044 0.02424719
v -0.01337304 0.02923575 0.02459937
v -0.01333639 0.02921743 0.02462625
v -0.01310184 0.02910015 0.02478133
v -0.01208162 0.02859005 0.02536459
v -0.01272934 0.02891391 0.02501012
v -0.01232895 0.02871372 0.02524109
v -0.02105930 0.03175583 0.02849365
v -0.01930301 0.03220067 0.02903887
v -0.01930253 0.03230511 0.02918559
v -0.01907308 0.03246855 0.02940461
v -0.01971937 0.03281494 0.02989840
v -0.01857229 0.03272402 0.02974040
v -0.01827711 0.03282335 0.02986632
v -0.01148066 0.02828958 0.02564864
v -0.01096846 0.02803349 0.02585009
v -0.01005843 0.00011215 0.02077230
v -0.00851575 0.00395427 0.02557815
v -0.00690822 -0.00015666 0.02173998
v -0.00443074 -0.00070674 0.02089428
v -0.00044301 -0.00004628 0.02294076
v -0.00993903 0.00553336 0.02576687
v -0.00984162 0.00553336 0.02581508
v -0.00926032 0.00550336 0.02599096
v -0.00926032 0.00553336 0.02599096
v -0.00907407 0.00598612 0.02616080
v -0.00609771 0.00533926 0.02696054
v -0.00612416 0.00553336 0.02697191
v -0.00653906 0.00598612 0.02690986
v -0.00514343 0.00550336 0.02708910
v -0.00514343 0.00553336 0.02708910
v -0.00496897 0.00553336 0.02711260
v -0.00965699 0.01595185 0.02596135
v -0.00774225 0.01528463 0.02660403
v -0.00690001 0.01528463 0.02683894
v -0.00363064 0.00553336 0.02734866
v -0.00442309 0.00598612 0.02732871
v -0.00286375 0.00400945 0.02686296
v -0.00243159 0.00598612 0.02758800
v -0.00243154 0.00598612 0.02758800
v -0.00243154 0.00601612 0.02758800
v -0.00142925 0.00553336 0.02741735
v -0.00074297 0.00553336 0.02756584
v -0.00056210 0.00553811 0.02742686
v -0.00019361 0.00556219 0.02743863
v 0.00010827 0.00560135 0.02745518
v 0.00013528 0.00560522 0.02745636
v -0.00110393 0.00598612 0.02767665
v 0.00022789 0.00626356 0.02769881
v -0.00177185 0.02273018 0.01807537
v -0.00177185 0.02276018 0.01807537
v -0.00124229 0.02277757 0.01834813
v -0.00124148 0.02280764 0.01834855
v -0.00074979 0.02283486 0.01889545
v -0.00074979 0.02286486 0.01889545
v -0.00048202 0.02294926 0.02042098
v -0.00048202 0.02291926 0.02042098
v -0.00074941 0.02294648 0.02070895
v -0.00074941 0.02291648 0.02070895
v -0.00071941 0.02294648 0.02070895
v -0.00071941 0.02291648 0.02070895
v -0.01006805 0.02204996 0.02572283
v -0.00908639 0.02326678 0.02611583
v -0.00509107 0.01661907 0.02724228
v -0.00615894 0.02326678 0.02699909
v -0.00532484 0.02201996 0.02708522
v -0.00532002 0.02204996 0.02708841
v -0.00532484 0.02204996 0.02708522
v -0.00597362 0.02240016 0.02696336
v -0.00509714 0.02326678 0.02723727
v -0.00984098 0.02746976 0.02616413
v -0.00744817 0.02627338 0.02680753
v -0.00638121 0.02573992 0.02702954
v -0.00568145 0.02539005 0.02714513
v -0.00377597 0.02201996 0.02745256
v -0.00377250 0.02204996 0.02745439
v -0.00376739 0.02204996 0.02745560
v -0.00376739 0.02326678 0.02745163
v -0.00376739 0.02443304 0.02744485
v -0.00232746 0.02204996 0.02759653
v -0.00309428 0.02409649 0.02752020
v -0.00239968 0.02374920 0.02759132
v -0.00114040 0.02204996 0.02766434
v -0.00111040 0.02204996 0.02767989
v -0.00086285 0.02204996 0.02768032
v -0.00111040 0.02310457 0.02767989
v -0.00077354 0.02293966 0.02768731
v -0.00077113 0.02293892 0.02768736
v -0.00079509 0.02294721 0.02768683
v -0.00074979 0.02293734 0.02768783
v -0.00079944 0.02294910 0.02768674
v -0.00051093 0.02292173 0.02768445
v 0.00022317 0.02292263 0.02770272
v 0.00031975 0.02291576 0.02767997
v 0.00091940 0.02292190 0.02767477
v 0.00086416 0.02292190 0.02767682
v -0.01041448 0.03795566 0.00836358
v -0.01041448 0.03798566 0.00836358
v -0.01922432 0.03732831 0.01751463
v -0.01868011 0.03737858 0.01715439
v -0.01837716 0.03739687 0.01701324
v -0.01689190 0.03747053 0.01641954
v -0.01172027 0.03795566 0.01286158
v -0.01172027 0.03798566 0.01286158
v -0.01107543 0.03795566 0.01285601
v -0.01107543 0.03798566 0.01285601
v -0.01045171 0.03794887 0.01283794
v -0.01045171 0.03797887 0.01283794
v -0.01115143 0.03775090 0.01412131
v -0.01118213 0.03775004 0.01415952
v -0.01706003 0.05118212 0.00541065
v -0.01706003 0.05251123 0.00534661
v -0.01845148 0.05472972 0.00553232
v -0.01759878 0.05447491 0.00541517
v -0.01706003 0.05431391 0.00534661
v -0.02011111 0.05522567 0.00709566
v -0.02011111 0.05519567 0.00709566
v -0.01955000 0.05502799 0.00597381
v -0.01955000 0.05505799 0.00597381
v -0.01992325 0.05513953 0.00655927
v -0.01992383 0.05516970 0.00656093
v -0.01896278 0.05488252 0.00561786
v -0.01912810 0.05493191 0.00567549
v -0.01193669 0.05278291 0.00534661
v -0.01041625 0.05118212 0.00541065
v -0.01044253 0.05278291 0.00534661
v -0.01041625 0.05251123 0.00534661
v -0.01041712 0.05517567 0.00534790
v -0.01041712 0.05650587 0.00538399
v -0.02082134 0.05540791 0.00996417
v -0.02082134 0.05543791 0.00996417
v -0.02089574 0.05546014 0.01045787
v -0.02090058 0.05543159 0.01049000
v -0.02112588 0.05549891 0.01671291
v -0.02112588 0.05552891 0.01671291
v -0.02114433 0.05550442 0.01752865
v -0.02114433 0.05553442 0.01752865
v -0.00905487 0.03795566 0.00856343
v -0.00910376 0.03795566 0.00855278
v -0.00905487 0.03798566 0.00856343
v -0.00910382 0.03798566 0.00855277
v -0.00831630 0.03795566 0.00896119
v -0.00831630 0.03798566 0.00896119
v -0.00800776 0.03795565 0.00913551
v -0.00787959 0.03795398 0.00921051
v -0.00786204 0.03795191 0.00922200
v -0.00784318 0.03795006 0.00924190
v -0.00784318 0.03798006 0.00924190
v -0.00786204 0.03798191 0.00922200
v -0.00775659 0.04055300 0.00837468
v -0.00775659 0.03922201 0.00861483
v -0.00643854 0.03308809 0.00805315
v -0.00643884 0.03309018 0.00808384
v -0.00640884 0.03309018 0.00808384
v -0.00645854 0.03317063 0.00814321
v -0.00642854 0.03317063 0.00814321
v -0.00657314 0.03354825 0.00847832
v -0.00657314 0.03354825 0.00850832
v -0.00654314 0.03354825 0.00850832
v -0.00706314 0.03851715 0.00951364
v -0.00690808 0.03922201 0.00924148
v -0.00672287 0.04055300 0.00900363
v -0.00682624 0.04320934 0.00910197
v -0.00670134 0.04188023 0.00899677
v -0.00753556 0.03795059 0.01020070
v -0.00752812 0.03794688 0.01023891
v -0.00752980 0.03794534 0.01033116
v -0.00752812 0.03797688 0.01023891
v -0.00752980 0.03797534 0.01033116
v -0.00753576 0.03797286 0.01047712
v -0.00760681 0.03794305 0.01150131
v -0.00760927 0.03794259 0.01153030
v -0.00760927 0.03797259 0.01153030
v -0.00904339 0.03794796 0.01269882
v -0.00904339 0.03797796 0.01269882
v -0.00902857 0.03794818 0.01269533
v -0.00898595 0.03797816 0.01268411
v -0.00763814 0.03795664 0.01168006
v -0.00763814 0.03795664 0.01169550
v -0.00766158 0.03793940 0.01176893
v -0.00766158 0.03796940 0.01176893
v -0.00761846 0.03796762 0.01159313
v -0.00761963 0.03793694 0.01160061
v -0.00762335 0.03793451 0.01162016
v -0.00809213 0.03794825 0.01244563
v -0.00810968 0.03797776 0.01245358
v -0.00809213 0.03797825 0.01244563
v -0.00798479 0.03793883 0.01237488
v -0.00801740 0.03794971 0.01240629
v -0.00798479 0.03796883 0.01237488
v -0.00801740 0.03797972 0.01240629
v -0.00803751 0.03797895 0.01241991
v -0.00829898 0.03780026 0.01331791
v -0.00828954 0.03779809 0.01334290
v -0.00825955 0.03779809 0.01334290
v -0.00830137 0.03780067 0.01334903
v -0.00831727 0.03780457 0.01336660
v -0.00798511 0.03767121 0.01309357
v -0.00799398 0.03767498 0.01313003
v -0.00798511 0.03767121 0.01312357
v -0.00796398 0.03767498 0.01313003
v -0.00704806 0.03849653 0.01026608
v -0.00706314 0.03851715 0.01126553
v -0.00672287 0.03922201 0.01026608
v -0.00635461 0.04055300 0.01026608
v -0.00684993 0.03910391 0.01166348
v -0.00711267 0.03858276 0.01215062
v -0.00693392 0.03946946 0.01240906
v -0.00681547 0.04055300 0.01250512
v -0.00644721 0.04055300 0.01159715
v -0.00927623 0.03780159 0.01361756
v -0.00927623 0.03780159 0.01364756
v -0.00631154 0.04188023 0.01026608
v -0.00655920 0.04320934 0.01026608
v -0.00640414 0.04188023 0.01159715
v -0.00070962 0.04004319 0.01339261
v -0.00008087 0.04004319 0.01339261
v -0.00965604 0.05040978 0.00556846
v -0.00955698 0.05118212 0.00551357
v -0.00950314 0.05251123 0.00548155
v -0.00950314 0.05274180 0.00548155
v -0.00949947 0.05275754 0.00548615
v -0.00950214 0.05277669 0.00548264
v -0.00950214 0.05517567 0.00548264
v -0.00962366 0.05737012 0.00555001
v -0.00953311 0.05650587 0.00550189
v -0.00901428 0.05277180 0.00627973
v -0.00901203 0.05276629 0.00628747
v -0.00884718 0.05275754 0.00735221
v -0.00881666 0.05275578 0.00761297
v -0.00881327 0.05276768 0.00766404
v -0.00880288 0.05278015 0.00784952
v -0.00672145 0.06580807 0.00900518
v 0.00087603 0.06513831 0.00825271
v -0.00832364 0.05274843 0.01690682
v -0.00832309 0.05274911 0.01690072
v -0.00832317 0.05274952 0.01689908
v -0.00832309 0.05277911 0.01690682
v -0.00832317 0.05277952 0.01689908
v -0.00840048 0.05277899 0.01749576
v -0.00840481 0.05277780 0.01750921
v -0.00840481 0.05277180 0.01750921
v -0.00821544 0.05291202 0.01690682
v -0.00792236 0.05384700 0.01690682
v -0.00634497 0.06580807 0.01026838
v -0.00643790 0.06580807 0.01159895
v -0.00840554 0.06643352 0.01457325
v -0.00847777 0.06640591 0.01465117
v -0.00575838 0.06623345 0.01554985
v -0.00572838 0.06623345 0.01554985
v -0.00074816 0.05225008 0.01681235
v -0.00071816 0.05225008 0.01681235
v -0.00074385 0.05218545 0.01684140
v -0.00074050 0.05219389 0.01683761
v -0.00074728 0.06615096 0.01056301
v -0.00069426 0.06606968 0.01049537
v -0.00073365 0.06603985 0.01061297
v -0.00074454 0.06599852 0.01063154
v -0.00073360 0.06599852 0.01063154
v -0.00071729 0.06599852 0.01063154
v -0.00074525 0.06608579 0.01059231
v -0.00073706 0.06605009 0.01060836
v -0.00071728 0.06245202 0.01532527
v -0.00074728 0.06227164 0.01545058
v -0.00071728 0.06227164 0.01545058
v -0.00071728 0.06240392 0.01539332
v -0.00074728 0.06240280 0.01539825
v -0.00071728 0.06240280 0.01539825
v -0.00074728 0.06239758 0.01544299
v -0.00071728 0.06239758 0.01544299
v -0.01105156 0.04650493 0.01893405
v -0.01241692 0.04660054 0.02023081
v -0.01028529 0.04371088 0.02511032
v -0.01029421 0.04368247 0.02511875
v -0.02105930 0.03293420 0.02973076
v -0.02104124 0.03570965 0.03101473
v -0.01964084 0.03482730 0.03078482
v -0.01872978 0.03482676 0.03096341
v -0.01971847 0.03548123 0.03114377
v -0.01839750 0.03288436 0.02995621
v -0.01784940 0.03315567 0.03016127
v -0.01747785 0.03354951 0.03047838
v -0.01802911 0.03434577 0.03095631
v -0.01834237 0.03495841 0.03107900
v -0.01744786 0.03500972 0.03122461
v -0.01718702 0.03380552 0.03068198
v -0.01706840 0.03387968 0.03073767
v -0.01706840 0.03424431 0.03104880
v -0.01634299 0.03429483 0.03103502
v -0.01623957 0.03485848 0.03131320
v -0.01706840 0.03500929 0.03127412
v -0.01778439 0.03720069 0.03221247
v -0.01783182 0.03788805 0.03223895
v -0.01780547 0.03876575 0.03223564
v -0.01713618 0.03921201 0.03243085
v -0.02104630 0.04617500 0.02732985
v -0.02016333 0.04636433 0.02705083
v -0.02007073 0.04852390 0.02712173
v -0.02023656 0.04926251 0.02699137
v -0.01934928 0.04719854 0.02662773
v -0.02001474 0.04719854 0.02716519
v -0.02116690 0.04718542 0.02789933
v -0.02116690 0.04845267 0.02779413
v -0.01572909 0.04054654 0.03281797
v -0.01355785 0.03715416 0.03222240
v -0.01198213 0.03821586 0.03231505
v -0.01162377 0.03909357 0.03245070
v -0.01090298 0.04368323 0.02582324
v -0.01472466 0.04368357 0.03130702
v -0.01516401 0.04368217 0.03231781
v -0.01516364 0.04368823 0.03231161
v -0.01516401 0.04368204 0.03231370
v -0.01516401 0.04368823 0.03231781
v -0.01513298 0.04371265 0.03196567
v -0.01513298 0.04368265 0.03196567
v -0.01514425 0.04368823 0.03198542
v -0.01514425 0.04368143 0.03198542
v -0.01514786 0.04368721 0.03204618
v -0.01495372 0.04367852 0.03252358
v -0.01495590 0.04368823 0.03252145
v -0.01439578 0.04187685 0.03315876
v -0.01439578 0.04320505 0.03305288
v -0.01440907 0.04367911 0.03290141
v -0.01440056 0.04368823 0.03290644
v -0.01391779 0.04368355 0.03316501
v -0.01391449 0.04369012 0.03316631
v -0.01391486 0.04369074 0.03316625
v -0.01307158 0.04365871 0.03326962
v -0.01305125 0.04368823 0.03327203
v -0.01253753 0.04505254 0.03356599
v -0.01234700 0.04505254 0.03356599
v -0.01040640 0.04187685 0.03280804
v -0.01258692 0.04586897 0.03359086
v -0.01251494 0.04695039 0.03357503
v -0.01232087 0.04562085 0.03358330
v -0.01095260 0.04852597 0.03361347
v -0.02113926 0.05550291 0.01779990
v -0.02113926 0.05553291 0.01779990
v -0.02109411 0.05548942 0.01815169
v -0.02109411 0.05551942 0.01815169
v -0.02108262 0.05551871 0.01821869
v -0.02100545 0.05552846 0.01855790
v -0.02100545 0.05549846 0.01855790
v -0.02019982 0.05538442 0.01984390
v -0.02019982 0.05541442 0.01984390
v -0.02020984 0.05541540 0.01982914
v -0.01943986 0.05534292 0.02095657
v -0.01943488 0.05531307 0.02096214
v -0.01937368 0.05531495 0.02103049
v -0.01937472 0.05534492 0.02102933
v -0.01906522 0.05532162 0.02124021
v -0.01905947 0.05529118 0.02124412
v -0.01852195 0.05524910 0.02159238
v -0.01852873 0.05527910 0.02158892
v -0.01834154 0.05524904 0.02168439
v -0.01833911 0.05524901 0.02168554
v -0.01833911 0.05527901 0.02168554
v -0.01818840 0.05524673 0.02175619
v -0.01818840 0.05527673 0.02175619
v -0.01798209 0.05525655 0.02180527
v -0.01797624 0.05522598 0.02180665
v -0.01766655 0.05518511 0.02185078
v -0.01766655 0.05521511 0.02185078
v -0.01750339 0.05516100 0.02186686
v -0.01750339 0.05519101 0.02186686
v -0.01718169 0.05512511 0.02188639
v -0.01718169 0.05515511 0.02188639
v -0.01679070 0.05510353 0.02189207
v -0.01659103 0.05505301 0.02189055
v -0.01659103 0.05508301 0.02189055
v -0.01604730 0.05490682 0.02170013
v -0.02033085 0.06533579 0.02023851
v -0.02033085 0.06536579 0.02023851
v -0.02045811 0.06539715 0.02016385
v -0.01924406 0.06512903 0.02073020
v -0.01924406 0.06515902 0.02073020
v -0.01811269 0.06493185 0.02119239
v -0.01758587 0.06484099 0.02140264
v -0.01758587 0.06487099 0.02140264
v -0.01718747 0.06478256 0.02149462
v -0.01717699 0.06481102 0.02149704
v -0.01630911 0.06469824 0.02138573
v -0.01630911 0.06472824 0.02138573
v -0.01602212 0.06467567 0.02132474
v -0.01602212 0.06470568 0.02132474
v -0.01576527 0.05482743 0.02159402
v -0.01576527 0.05485743 0.02159402
v -0.01480318 0.05453103 0.02111739
v -0.01492656 0.05454289 0.02117852
v -0.01492656 0.05457289 0.02117852
v -0.01170899 0.05349288 0.01950637
v -0.01170899 0.05352288 0.01950637
v -0.01130718 0.05341570 0.01928663
v -0.01229066 0.05366716 0.01981617
v -0.01229066 0.05369716 0.01981617
v -0.01491422 0.06461724 0.02090246
v -0.01489669 0.06464678 0.02089273
v -0.01418758 0.06459831 0.02049913
v -0.01418758 0.06462831 0.02049913
v -0.01383041 0.06464424 0.02017719
v -0.01383195 0.06461401 0.02017865
v -0.01383041 0.06464424 0.02020719
v -0.01391647 0.06463930 0.02025523
v -0.01354757 0.06465617 0.01990964
v -0.01354757 0.06468616 0.01990964
v -0.01354757 0.06468616 0.01993964
v -0.01238529 0.06118850 0.02025852
v -0.01163873 0.06523097 0.01796522
v -0.01163873 0.06526098 0.01796522
v -0.01163873 0.06526098 0.01799522
v -0.02116579 0.06159140 0.02753939
v -0.02011260 0.06142839 0.02708945
v -0.01873298 0.06148529 0.02584790
v -0.01997202 0.06049187 0.02719291
v -0.01931199 0.06049187 0.02665876
v -0.02101091 0.06049187 0.02785459
v -0.01144516 0.04985447 0.03365869
v -0.01128426 0.05118655 0.03361573
v -0.01083829 0.04985447 0.03365869
v -0.01151628 0.06301943 0.02910039
v -0.01041206 0.06182170 0.03267960
v -0.01178792 0.06290948 0.03014673
v -0.01178862 0.06290960 0.03014967
v -0.01190844 0.06287960 0.03155236
v -0.01190842 0.06290960 0.03155207
v -0.01190763 0.06290938 0.03155335
v -0.01190763 0.06290938 0.03155334
v -0.01190765 0.06290938 0.03155333
v -0.01126555 0.06287922 0.03229778
v -0.01126585 0.06287922 0.03229749
v -0.01126585 0.06290922 0.03229778
v -0.01125451 0.06289933 0.03230006
v -0.01126585 0.06290922 0.03229826
v -0.01126571 0.06290922 0.03229842
v -0.01125399 0.06315431 0.03228346
v -0.01115734 0.06391996 0.03223261
v -0.01096405 0.06391996 0.03223261
v -0.01052514 0.06302894 0.03239346
v -0.01046617 0.06289428 0.03241507
v -0.01046617 0.06290922 0.03241507
v -0.00968834 0.04647494 0.01763729
v -0.00910485 0.04371147 0.02443271
v -0.00910485 0.04368147 0.02443271
v -0.00314733 0.04371118 0.02148947
v -0.00317997 0.04368094 0.02150210
v -0.00316802 0.04368118 0.02149671
v -0.00049362 0.04234098 0.01797684
v -0.00074386 0.04243451 0.01816572
v -0.00073726 0.04243123 0.01815688
v -0.00075174 0.04371182 0.02065190
v -0.00075174 0.04368182 0.02065190
v -0.00080449 0.04371101 0.02557491
v -0.00074728 0.04368276 0.02551608
v -0.00074728 0.04371276 0.02551608
v -0.00075664 0.04371197 0.02552738
v -0.00075234 0.04371256 0.02552145
v -0.00075482 0.04371218 0.02552500
v -0.00076628 0.04371142 0.02553813
v -0.00074728 0.04446390 0.02553259
v -0.00074728 0.04469318 0.02553284
v -0.00074728 0.04852469 0.02553700
v -0.00074892 0.04852743 0.02553700
v -0.00992683 0.04368823 0.03287994
v -0.00902182 0.04368514 0.03272730
v -0.00900985 0.04368514 0.03272532
v -0.00908259 0.04454047 0.03290346
v -0.00856463 0.04368823 0.03256654
v -0.00817126 0.04367528 0.03239419
v -0.00817126 0.04370528 0.03239419
v -0.00817600 0.04370351 0.03239688
v -0.00815454 0.04371307 0.03238190
v -0.00815640 0.04368307 0.03238362
v -0.00847363 0.04370102 0.03252903
v -0.00847363 0.04367102 0.03252903
v -0.00799305 0.04454047 0.03251680
v -0.00766421 0.04582242 0.03260951
v -0.00775735 0.04720105 0.03289894
v -0.00775735 0.04852597 0.03297808
v -0.00697407 0.04623064 0.03232007
v -0.00680471 0.04720105 0.03245801
v -0.00658736 0.04852597 0.03257333
v -0.00579984 0.04929585 0.03215953
v -0.00872531 0.05276339 0.01784591
v -0.00869423 0.05277677 0.01782112
v -0.00869555 0.05277180 0.01782254
v -0.00871772 0.05276088 0.01784084
v -0.00872402 0.05279314 0.01784516
v -0.00873032 0.05279446 0.01784876
v -0.00825357 0.05300429 0.01776339
v -0.00820591 0.05476508 0.01782355
v -0.00813204 0.05384700 0.01790535
v -0.00965463 0.06127769 0.01766715
v -0.00854245 0.06444275 0.02076012
v -0.00914229 0.06411317 0.02187387
v -0.00970211 0.06376341 0.02305677
v -0.00978219 0.06373029 0.02322858
v -0.01022479 0.06362899 0.02419086
v -0.00074969 0.04985091 0.02550943
v -0.00074385 0.05118461 0.02544986
v -0.00074870 0.05118655 0.02545061
v -0.00074870 0.05214646 0.02534285
v -0.00074879 0.05247603 0.02530610
v -0.00074814 0.05287163 0.02524801
v -0.00074804 0.05288018 0.02524650
v -0.00074728 0.05420532 0.02501480
v -0.00074728 0.05683308 0.02446392
v -0.00074728 0.05683298 0.02446486
v -0.00074728 0.06183449 0.02324492
v -0.00074728 0.06241163 0.02309601
v -0.00074385 0.06239906 0.02309601
v -0.00070134 0.06239906 0.02308953
v -0.00074728 0.06447228 0.02253869
v -0.00964148 0.05384355 0.03360669
v -0.01003665 0.05517562 0.03361799
v -0.00961325 0.05517562 0.03361799
v -0.00990399 0.05650413 0.03358633
v -0.00964571 0.05650413 0.03358633
v -0.00984069 0.05700304 0.03356576
v -0.00980378 0.05738144 0.03355016
v -0.00969934 0.05738144 0.03355016
v -0.00972934 0.05738144 0.03355016
v -0.00631639 0.04978643 0.03260046
v -0.00642788 0.05118655 0.03282432
v -0.00642788 0.05251505 0.03286502
v -0.00642788 0.05278003 0.03286276
v -0.00567282 0.05018391 0.03229520
v -0.00556415 0.05118655 0.03239243
v -0.00544278 0.05251505 0.03247157
v -0.00642647 0.05384355 0.03285145
v -0.00466937 0.05384355 0.03191306
v -0.00533551 0.05384355 0.03251454
v -0.00525507 0.05517562 0.03252358
v -0.00519438 0.05650413 0.03250323
v -0.00517180 0.05783262 0.03246027
v -0.00525366 0.05916112 0.03239922
v -0.00543431 0.06048962 0.03232007
v -0.00561637 0.06143855 0.03225224
v -0.00477098 0.06048962 0.03200351
v -0.00467783 0.06070805 0.03186558
v -0.00514357 0.06185751 0.03187688
v -0.00643044 0.06448043 0.03158952
v -0.00640994 0.06582555 0.03116178
v -0.00500710 0.06317901 0.03136219
v -0.00503349 0.06290670 0.03146535
v -0.00503638 0.06290922 0.03146688
v -0.00470544 0.06448043 0.03055159
v -0.00511253 0.06578375 0.03018068
v -0.00537026 0.06448043 0.03119169
v -0.00595892 0.06627392 0.03072507
v -0.00561626 0.06538858 0.03100026
v -0.00643044 0.06315431 0.03188863
v -0.00643525 0.06290922 0.03192620
v -0.00335683 0.05650413 0.03050887
v -0.00332155 0.05783262 0.03055636
v -0.00402157 0.05650413 0.03144274
v -0.00398628 0.05783262 0.03147892
v -0.00286569 0.05783262 0.02989157
v -0.00459033 0.05517562 0.03202612
v -0.00452965 0.05650413 0.03210979
v -0.00450848 0.05783262 0.03214597
v -0.00235055 0.05916112 0.02887630
v -0.00268927 0.06190764 0.02899388
v -0.00241830 0.06048962 0.02887630
v -0.00274465 0.06558610 0.02705111
v -0.00435400 0.06529358 0.02963929
v -0.00400549 0.06576476 0.02889150
v -0.00460880 0.06618083 0.02934017
v -0.00342853 0.06460012 0.02887953
v -0.00274164 0.06315431 0.02856388
v -0.00295409 0.06423534 0.02843684
v -0.00274383 0.06347955 0.02838145
v -0.00275596 0.06296335 0.02869682
v -0.00278715 0.06315431 0.02869707
v -0.00289846 0.06290922 0.02896754
v -0.00312396 0.06240538 0.02951395
v -0.00324403 0.06315431 0.02936111
v -0.00320300 0.06290670 0.02940994
v -0.00276318 0.06456775 0.02774223
v -0.00311516 0.06512259 0.02819157
v -0.00333566 0.05916112 0.03054053
v -0.00400040 0.05916112 0.03143821
v -0.00340482 0.06048962 0.03044556
v -0.00346550 0.06190764 0.03014482
v -0.00406955 0.06048962 0.03133420
v -0.00409072 0.06070805 0.03130933
v -0.00420645 0.06182170 0.03115557
v -0.00287416 0.05916112 0.02987122
v -0.00293484 0.06048962 0.02978303
v -0.00301811 0.06152449 0.02965867
v -0.00458751 0.05916112 0.03210526
v -0.00434194 0.06275272 0.03097920
v -0.00458042 0.06291362 0.03111342
v -0.00458328 0.06290670 0.03112165
v -0.00420652 0.06290196 0.03073593
v -0.00450043 0.06364258 0.03079088
v -0.00416656 0.06448043 0.02988755
v -0.03866244 0.08169831 -0.01660314
v -0.03876727 0.08231830 -0.01658874
v -0.03890887 0.08052623 -0.01616690
v -0.03897629 0.08209708 -0.01612351
v -0.03916712 0.08186899 -0.01568769
v -0.03920718 0.08206607 -0.01564250
v -0.03920718 0.08206607 -0.01561250
v -0.03924188 0.08231830 -0.01568283
v -0.03304558 0.06847006 -0.02091400
v -0.03311386 0.06875621 -0.02088820
v -0.03499280 0.06797882 -0.01962951
v -0.03754983 0.06647839 -0.01682469
v -0.03632539 0.06661892 -0.01830091
v -0.03635027 0.08231830 -0.01966554
v -0.03635988 0.08234549 -0.01965669
v -0.03489418 0.08235919 -0.02087531
v -0.03488543 0.08232131 -0.02088430
v -0.03488556 0.08238265 -0.02088204
v -0.03311585 0.08184049 -0.02198781
v -0.03762781 0.08228420 -0.01825846
v -0.03762469 0.08231830 -0.01827056
v -0.03765927 0.08227748 -0.01821068
v -0.03926326 0.08387279 -0.01565374
v -0.03928181 0.08447047 -0.01562746
v -0.03955217 0.09392799 -0.01565283
v -0.03955217 0.09392799 -0.01568283
v -0.03902691 0.09746481 -0.01705201
v -0.03966329 0.09808505 -0.01568283
v -0.03966668 0.09821209 -0.01568000
v -0.03966793 0.09821068 -0.01567844
v -0.03966615 0.09851804 -0.01568283
v -0.03356414 0.08841594 -0.02223263
v -0.03600457 0.09439418 -0.02069320
v -0.03748296 0.09422889 -0.01916228
v -0.03411345 0.09505537 -0.02214493
v -0.02436490 0.06650487 -0.02495243
v -0.02703385 0.07575233 -0.02496274
v -0.02400748 0.07645025 -0.02617406
v -0.02882096 0.08775015 -0.02527022
v -0.02769303 0.08808763 -0.02584596
v -0.02974308 0.09416460 -0.02499886
v -0.02772379 0.09376054 -0.02599350
v -0.02162783 0.08756305 -0.02770860
v -0.02504166 0.09241062 -0.02692727
v -0.02160366 0.09241062 -0.02787136
v -0.03968866 0.07943264 -0.01432814
v -0.04060718 0.08126058 -0.01160147
v -0.04093737 0.07976468 -0.00967370
v -0.04028213 0.09505003 -0.01418052
v -0.04097803 0.09538321 -0.01166660
v -0.04156972 0.09571639 -0.00834510
v -0.03041557 0.07897574 -0.00199990
v -0.03041557 0.07900574 -0.00199990
v -0.03041557 0.07897569 -0.00199992
v -0.03041158 0.07903342 -0.00193889
v -0.03039155 0.07931106 -0.00152485
v -0.03036954 0.07960468 -0.00096311
v -0.03035794 0.07974304 -0.00051685
v -0.02997974 0.08656089 -0.00695223
v -0.02991177 0.08779220 -0.00821424
v -0.02993080 0.08745389 -0.00792033
v -0.02979738 0.08982116 -0.00993920
v -0.02968491 0.09305168 -0.01270626
v -0.02968491 0.09305168 -0.01267626
v -0.02956276 0.09306686 -0.01271762
v -0.02956276 0.09306686 -0.01268762
v -0.02780715 0.09369967 -0.01288340
v -0.02780715 0.09369967 -0.01291340
v -0.02710431 0.09423865 -0.01301418
v -0.02710097 0.09424186 -0.01301471
v -0.02755123 0.09380922 -0.01294329
v -0.02755020 0.09380965 -0.01291341
v -0.02710431 0.09423865 -0.01298418
v -0.02970883 0.09238167 -0.01212652
v -0.02589014 0.09581117 -0.01366523
v -0.02589014 0.09581117 -0.01363523
v -0.02558259 0.09625061 -0.01380567
v -0.02538295 0.09654048 -0.01394670
v -0.02538295 0.09654048 -0.01391670
v -0.03005658 0.08513162 -0.00518261
v -0.03007928 0.08469643 -0.00453895
v -0.03002284 0.08576050 -0.00597084
v -0.03011500 0.08388705 -0.00237855
v -0.03012011 0.08373583 -0.00174263
v -0.03012133 0.08366403 -0.00126117
v -0.03012003 0.08365764 -0.00100934
v -0.02993681 0.08650972 -0.00013070
v -0.02965850 0.09091959 0.00084024
v -0.02974545 0.09172052 0.00140494
v -0.02972598 0.09291296 0.00125525
v -0.02972598 0.09291296 0.00128525
v -0.02969598 0.09291296 0.00125525
v -0.02969598 0.09291296 0.00128525
v -0.02895934 0.09237521 0.00122352
v -0.02895934 0.09237521 0.00125352
v -0.02631098 0.09072779 0.00116847
v -0.02631098 0.09072779 0.00119847
v -0.02600130 0.09065856 0.00114715
v -0.02600130 0.09065856 0.00117715
v -0.02535927 0.09059448 0.00115603
v -0.02535927 0.09059448 0.00112741
v -0.02531769 0.09065507 0.00114485
v -0.02515508 0.09089588 0.00110057
v -0.02487842 0.09132932 0.00102160
v -0.02456546 0.09184071 0.00092906
v -0.03906024 0.10701188 -0.01711289
v -0.03964911 0.10833425 -0.01568283
v -0.03936785 0.11499206 -0.01568283
v -0.03936952 0.11498626 -0.01567844
v -0.03747820 0.10700728 -0.01943957
v -0.03450896 0.10634609 -0.02198500
v -0.03791180 0.11432628 -0.01867708
v -0.03536296 0.11366049 -0.02125243
v -0.03370183 0.11322889 -0.02231724
v -0.03886101 0.12030912 -0.01568283
v -0.03886427 0.12030803 -0.01567844
v -0.03846258 0.12230646 -0.01568283
v -0.03651433 0.12030912 -0.01983681
v -0.03634441 0.12233860 -0.01965935
v -0.03654070 0.12398239 -0.01860073
v -0.03509343 0.12076369 -0.02103885
v -0.03479460 0.12253604 -0.02087067
v -0.03369304 0.12363343 -0.02098416
v -0.03767156 0.12038488 -0.01832524
v -0.03766570 0.12363343 -0.01699526
v -0.03636492 0.12502009 -0.01778252
v -0.03761536 0.12485012 -0.01567844
v -0.03761297 0.12485480 -0.01568283
v -0.03740359 0.12503295 -0.01568283
v -0.03740359 0.12503295 -0.01565283
v -0.03339421 0.12647103 -0.01850580
v -0.03363445 0.12760057 -0.01695399
v -0.03409276 0.12771489 -0.01567153
v -0.03409441 0.12784851 -0.01568283
v -0.03379841 0.12794788 -0.01568251
v -0.03378981 0.12795469 -0.01568283
v -0.03378981 0.12795469 -0.01565283
v -0.03376455 0.12796350 -0.01567844
v -0.03375595 0.12796649 -0.01567899
v -0.03371309 0.12800510 -0.01567844
v -0.02970573 0.10203918 -0.02496894
v -0.03122917 0.11099738 -0.02374317
v -0.02728031 0.10964286 -0.02543711
v -0.02197427 0.10038162 -0.02768873
v -0.02304800 0.10701188 -0.02700981
v -0.02612271 0.10038162 -0.02644233
v -0.02309195 0.10975994 -0.02669873
v -0.02178998 0.10237377 -0.01599748
v -0.02178998 0.10237377 -0.01596748
v -0.02169038 0.10235273 -0.01574892
v -0.03229557 0.12217330 -0.02228835
v -0.03088200 0.12254063 -0.02245034
v -0.02837565 0.12289877 -0.02225326
v -0.03131413 0.12621850 -0.01958918
v -0.02779691 0.12618615 -0.01961464
v -0.02778494 0.12616588 -0.01962993
v -0.02776691 0.12618615 -0.01961464
v -0.02777305 0.12622251 -0.01958129
v -0.02826725 0.12631492 -0.01966967
v -0.02775494 0.12616588 -0.01962993
v -0.02775494 0.12620291 -0.01962993
v -0.02775494 0.12624016 -0.01960315
v -0.02744554 0.12610050 -0.01962993
v -0.02738147 0.12618428 -0.01955628
v -0.02775494 0.12677088 -0.01906976
v -0.02775494 0.12707815 -0.01875508
v -0.02776566 0.12708686 -0.01872917
v -0.03097282 0.12755236 -0.01822722
v -0.03165823 0.12869777 -0.01567916
v -0.03095963 0.12894131 -0.01568283
v -0.03096425 0.12893970 -0.01568283
v -0.03096425 0.12893970 -0.01567315
v -0.02778494 0.12737620 -0.01844075
v -0.02786255 0.12792656 -0.01756046
v -0.02775494 0.12737620 -0.01844075
v -0.02775494 0.12753688 -0.01827130
v -0.02774837 0.12754856 -0.01825728
v -0.02775748 0.12757637 -0.01822216
v -0.02744866 0.12753439 -0.01819492
v -0.02775494 0.12786493 -0.01778874
v -0.02788555 0.12840903 -0.01665034
v -0.02775494 0.12835376 -0.01689157
v -0.02788288 0.12876576 -0.01597767
v -0.02770962 0.12869361 -0.01623767
v -0.02775494 0.12872620 -0.01618635
v -0.02776383 0.12893003 -0.01567807
v -0.02775494 0.12895432 -0.01562618
v -0.02786277 0.12898013 -0.01546879
v -0.02792888 0.12902589 -0.01525700
v -0.02775494 0.12908468 -0.01509948
v -0.02770962 0.12909864 -0.01502584
v -0.02727677 0.12891242 -0.01549004
v -0.02548990 0.12376200 -0.02110591
v -0.02469322 0.12488332 -0.01962993
v -0.02467188 0.12488540 -0.01962993
v -0.02465963 0.12485886 -0.01962993
v -0.02465000 0.12491799 -0.01959422
v -0.02459062 0.12482022 -0.01962993
v -0.02394395 0.12417880 -0.01962993
v -0.02392806 0.12418707 -0.01962993
v -0.02302643 0.12499247 -0.01834667
v -0.02666009 0.12572394 -0.01962994
v -0.02636889 0.12665915 -0.01868144
v -0.02636889 0.12732489 -0.01792934
v -0.02636889 0.12780441 -0.01726428
v -0.02555007 0.12643103 -0.01844710
v -0.02565789 0.12765543 -0.01703218
v -0.02636889 0.12827462 -0.01632025
v -0.02638451 0.12874016 -0.01502584
v -0.02683767 0.12901950 -0.01460627
v -0.02540787 0.12781371 -0.01632025
v -0.02496253 0.12800924 -0.01499682
v -0.02288111 0.12525783 -0.01765037
v -0.02323114 0.12621222 -0.01686033
v -0.02290767 0.12642172 -0.01597433
v -0.02377180 0.12728764 -0.01499682
v -0.02266703 0.12571408 -0.01638051
v -0.02227481 0.12563029 -0.01499236
v -0.02275453 0.12658931 -0.01499236
v -0.04030265 0.10237086 -0.01425216
v -0.04127486 0.10270857 -0.01033583
v -0.04047633 0.10868309 -0.01320578
v -0.04019529 0.11546677 -0.01275206
v -0.04123657 0.10951604 -0.00933830
v -0.04082211 0.11498626 -0.00966936
v -0.04176077 0.10176343 -0.00641516
v -0.04165104 0.10758837 -0.00627405
v -0.04160682 0.10880775 -0.00455686
v -0.04133328 0.11200354 -0.00369067
v -0.04125473 0.11366262 -0.00635003
v -0.04113473 0.11167036 -0.00169777
v -0.04021265 0.11498626 -0.00002182
v -0.03905216 0.12246574 -0.01324702
v -0.04032120 0.11861948 -0.01000585
v -0.04076212 0.11765168 -0.00701216
v -0.04023318 0.12056188 -0.00701216
v -0.03804719 0.12477306 -0.01365950
v -0.03703827 0.12623270 -0.01365950
v -0.03782535 0.12524903 -0.01233090
v -0.03507806 0.12767872 -0.01401987
v -0.03375020 0.12899330 -0.01100230
v -0.03509858 0.12775126 -0.00872284
v -0.03369651 0.12895703 -0.00897901
v -0.04033107 0.11967341 -0.00364291
v -0.03980293 0.12089279 -0.00435496
v -0.03922742 0.12114210 -0.00302637
v -0.04035318 0.11844949 -0.00227523
v -0.03917610 0.11933796 -0.00084026
v -0.03920689 0.11733437 0.00048183
v -0.03640591 0.12369873 -0.00213195
v -0.03636171 0.12233882 0.00033421
v -0.03434702 0.12258361 0.00060340
v -0.03168815 0.12963699 -0.01100230
v -0.03097537 0.12971655 -0.01094378
v -0.03103221 0.12970056 -0.01085693
v -0.03102239 0.12973644 -0.01085693
v -0.03081298 0.12973845 -0.01097230
v -0.03023420 0.12979773 -0.01107878
v -0.03050047 0.12982024 -0.01085693
v -0.03035515 0.12983887 -0.01085693
v -0.03004532 0.12982744 -0.01097230
v -0.02824239 0.12922606 -0.01430414
v -0.02769556 0.12940125 -0.01366224
v -0.02869335 0.12956718 -0.01262247
v -0.02775494 0.12940590 -0.01366224
v -0.02969399 0.12973219 -0.01233090
v -0.02880872 0.12974918 -0.01161087
v -0.02969399 0.12986818 -0.01100230
v -0.02975670 0.12985186 -0.01088873
v -0.02972665 0.12985235 -0.01092123
v -0.02941764 0.12985201 -0.01098124
v -0.02941764 0.12985201 -0.01095124
v -0.02902379 0.12988077 -0.01085693
v -0.02775494 0.12964334 -0.01233435
v -0.02769556 0.12963867 -0.01233435
v -0.02769556 0.12975973 -0.01100423
v -0.03239392 0.12895703 -0.00765475
v -0.03106270 0.12921013 -0.00826648
v -0.03102239 0.12935469 -0.00834399
v -0.03102239 0.12921968 -0.00795789
v -0.03102239 0.12904277 -0.00751824
v -0.03102886 0.12882580 -0.00718444
v -0.03102952 0.12881792 -0.00717411
v -0.03102239 0.12884259 -0.00718571
v -0.03105607 0.12892492 -0.00746120
v -0.03105258 0.12852164 -0.00680984
v -0.03102239 0.12862377 -0.00685541
v -0.03035515 0.12907536 -0.00747137
v -0.03035515 0.12862843 -0.00680631
v -0.03102239 0.12971316 -0.01033917
v -0.03105284 0.12955940 -0.00960431
v -0.03102239 0.12967126 -0.00967411
v -0.03035515 0.12975973 -0.00967411
v -0.03119277 0.12947834 -0.00900506
v -0.03103754 0.12951091 -0.00917194
v -0.03103759 0.12949538 -0.00910327
v -0.03102239 0.12952229 -0.00900905
v -0.03035515 0.12942453 -0.00834399
v -0.02902379 0.12908001 -0.00746468
v -0.02902379 0.12860051 -0.00679962
v -0.02769556 0.12935469 -0.00834399
v -0.02769556 0.12904742 -0.00751601
v -0.02769556 0.12854929 -0.00685095
v -0.02902379 0.12979697 -0.00967411
v -0.02769556 0.12967592 -0.00967411
v -0.02902379 0.12944780 -0.00834399
v -0.02153881 0.12402413 -0.01100423
v -0.02638451 0.12909864 -0.01356181
v -0.02595167 0.12886120 -0.01394121
v -0.02567664 0.12896828 -0.01305520
v -0.02515785 0.12852135 -0.01356181
v -0.02636889 0.12932210 -0.01233435
v -0.02555476 0.12902881 -0.01233435
v -0.02489221 0.12860051 -0.01233435
v -0.02538131 0.12910795 -0.01100423
v -0.02537975 0.12911260 -0.01085693
v -0.02471719 0.12867498 -0.01100423
v -0.02636889 0.12946643 -0.01100423
v -0.02407339 0.12781838 -0.01366224
v -0.02341084 0.12739472 -0.01366224
v -0.02265765 0.12673365 -0.01366224
v -0.02210136 0.12563029 -0.01366224
v -0.02536256 0.12910329 -0.00967411
v -0.02469844 0.12870292 -0.00967411
v -0.02550632 0.12903346 -0.00874793
v -0.02638451 0.12913123 -0.00831944
v -0.02684080 0.12899622 -0.00760305
v -0.02595479 0.12889379 -0.00786416
v -0.02636889 0.12941986 -0.00967411
v -0.02416246 0.12803718 -0.00967411
v -0.03086537 0.12514684 -0.00415173
v -0.03083537 0.12514684 -0.00415173
v -0.03104899 0.12820107 -0.00641873
v -0.03102239 0.12828858 -0.00645593
v -0.03102239 0.12795804 -0.00610778
v -0.03102834 0.12793967 -0.00610072
v -0.03103756 0.12791236 -0.00607120
v -0.03100756 0.12791236 -0.00607120
v -0.02161382 0.12379135 -0.00303243
v -0.02440779 0.12234814 0.00033081
v -0.02371399 0.12056974 0.00140875
v -0.02238263 0.12069079 0.00148462
v -0.02146849 0.12028576 0.00100703
v -0.02344803 0.12366566 -0.00098145
v -0.02287642 0.12366566 -0.00098145
v -0.02150287 0.12276249 -0.00142111
v -0.02164663 0.12373084 -0.00210626
v -0.02199041 0.12351203 -0.00121802
v -0.02190915 0.12356789 -0.00142111
v -0.02366046 0.12255499 0.00027227
v -0.02371399 0.12243195 0.00041116
v -0.02371399 0.12163585 0.00086197
v -0.02238263 0.12241798 0.00039553
v -0.02157788 0.12163585 0.00053390
v -0.02160756 0.12256230 -0.00036996
v -0.02169976 0.12232953 0.00031742
v -0.02238263 0.12163585 0.00091999
v -0.01677114 0.06647272 -0.02724919
v -0.02105727 0.07644565 -0.02705625
v -0.01647020 0.07586262 -0.02807095
v -0.01647524 0.07510950 -0.02801478
v -0.01641899 0.07523306 -0.02803098
v -0.01647020 0.07535966 -0.02802964
v -0.01647020 0.08232827 -0.02844863
v -0.01647020 0.08232827 -0.02842214
v -0.01641251 0.08260739 -0.02844730
v -0.01635008 0.08284058 -0.02847067
v -0.01610002 0.08315169 -0.02852933
v -0.01506872 0.06647275 -0.02762097
v -0.01307187 0.06648010 -0.02799990
v -0.01174200 0.06913616 -0.02841061
v -0.01174200 0.07445561 -0.02875215
v -0.01306983 0.07512055 -0.02861192
v -0.01572752 0.07512055 -0.02815945
v -0.01439970 0.07645041 -0.02847855
v -0.01349539 0.08232827 -0.02891980
v -0.01349657 0.08268084 -0.02893036
v -0.01338920 0.08279335 -0.02895079
v -0.01185862 0.08237602 -0.02912080
v -0.01263753 0.07304826 -0.01789739
v -0.01292582 0.07465225 -0.01781935
v -0.01317687 0.07642978 -0.01781952
v -0.01344845 0.07827724 -0.01782132
v -0.01341845 0.07827724 -0.01782132
v -0.01344087 0.07848341 -0.01785342
v -0.01341087 0.07848341 -0.01785342
v -0.01343903 0.07919861 -0.01798301
v -0.01340903 0.07919861 -0.01798301
v -0.01772768 0.08775015 -0.02851726
v -0.01706411 0.09173565 -0.02877933
v -0.01805947 0.09987195 -0.02855208
v -0.01255615 0.08951620 -0.02928762
v -0.01134713 0.08775058 -0.02941715
v -0.01134713 0.09173650 -0.02954678
v -0.01137359 0.09275784 -0.02955117
v -0.01149223 0.09340120 -0.02953385
v -0.01134713 0.09372395 -0.02956548
v -0.01182809 0.09867254 -0.02942901
v -0.01213253 0.09937572 -0.02324951
v -0.01213104 0.09941565 -0.02326473
v -0.01210104 0.09941565 -0.02326473
v -0.01253412 0.09442651 -0.02185382
v -0.01250412 0.09442651 -0.02185382
v -0.00941422 0.06648194 -0.02855333
v -0.00842040 0.06785037 -0.02876025
v -0.00578009 0.06645806 -0.02895096
v -0.00642662 0.07312942 -0.02926882
v -0.00510084 0.07379068 -0.02943585
v -0.00642662 0.07711167 -0.02947013
v -0.00510084 0.07911014 -0.02966645
v -0.00377097 0.06714871 -0.02913918
v -0.00377097 0.07379068 -0.02952310
v -0.00377097 0.07645041 -0.02964900
v -0.00908226 0.08775058 -0.02966146
v -0.00775239 0.08808305 -0.02979483
v -0.00908226 0.09240144 -0.02979732
v -0.00908226 0.09372395 -0.02980231
v -0.00509879 0.09240144 -0.03010271
v -0.00509879 0.09372395 -0.03012266
v -0.00110918 0.09505382 -0.03034952
v 0.00088562 0.09172916 -0.03040436
v -0.00044425 0.09372395 -0.03038317
v -0.01110880 0.09970169 -0.00908030
v -0.01102498 0.09972838 -0.00785154
v -0.02096961 0.09813066 -0.00019761
v -0.02077138 0.09879457 -0.00030819
v -0.02060051 0.09937883 -0.00039503
v -0.02057608 0.09965995 -0.00043128
v -0.01030201 0.09984519 -0.00445243
v -0.00044342 0.07977661 -0.00103766
v -0.00044342 0.07976260 -0.00103766
v 0.00022344 0.07945214 -0.00128765
v 0.00022140 0.08030182 -0.00137418
v 0.00066394 0.08121452 -0.00126120
v -0.00908659 0.09957153 -0.00927083
v -0.00908659 0.09946808 -0.00834581
v -0.00643123 0.09957487 -0.00929568
v -0.00549721 0.09962493 -0.00922389
v -0.00499243 0.10000250 -0.00912427
v -0.00643123 0.09948476 -0.00834581
v -0.00500571 0.09977214 -0.00836320
v -0.00502072 0.09977413 -0.00826932
v -0.00499243 0.09977002 -0.00835622
v -0.00499438 0.09977613 -0.00824565
v -0.00475639 0.09986353 -0.00834780
v -0.00500145 0.09987808 -0.00704304
v -0.00908659 0.09975842 -0.00425914
v -0.00609370 0.09973172 -0.00497776
v -0.01945807 0.10419694 -0.02804741
v -0.01945421 0.10419522 -0.02804042
v -0.01913990 0.10419694 -0.02810762
v -0.01945807 0.10447565 -0.02802419
v -0.01903204 0.10481769 -0.02809842
v -0.01896474 0.10447548 -0.02812981
v -0.01946352 0.10701188 -0.02789715
v -0.01741221 0.10419694 -0.02843459
v -0.01825655 0.10636126 -0.02815680
v -0.01706016 0.10702691 -0.02838981
v -0.01945807 0.10990717 -0.02757168
v -0.01946352 0.10997804 -0.02756285
v -0.01945807 0.10999705 -0.02756419
v -0.01945807 0.11088642 -0.02734743
v -0.01945807 0.11095443 -0.02732217
v -0.01944848 0.11099391 -0.02731289
v -0.01945807 0.11112233 -0.02725981
v -0.01945807 0.11233979 -0.02680760
v -0.01946189 0.11240160 -0.02671571
v -0.01945807 0.11315408 -0.02639894
v -0.01948425 0.11320233 -0.02636559
v -0.01945785 0.11316294 -0.02639190
v -0.01945425 0.11320233 -0.02636559
v -0.01944093 0.11472305 -0.02516343
v -0.01941093 0.11472305 -0.02516343
v -0.01935589 0.11525743 -0.02470680
v -0.01932589 0.11525743 -0.02470680
v -0.01920407 0.11637726 -0.02363806
v -0.01917396 0.11637913 -0.02363567
v -0.01918915 0.11663347 -0.02330956
v -0.01915915 0.11663347 -0.02330956
v -0.01923638 0.11672547 -0.02296500
v -0.01920638 0.11672547 -0.02296500
v -0.01920666 0.11672603 -0.02296279
v -0.01922178 0.11675860 -0.02279605
v -0.01535079 0.10419694 -0.02882471
v -0.01520618 0.10419710 -0.02884341
v -0.01374183 0.10037243 -0.02924880
v -0.01421644 0.10418345 -0.02902593
v -0.01495096 0.10457939 -0.02886792
v -0.01465029 0.10466257 -0.02890496
v -0.01383751 0.10660309 -0.02896691
v -0.01178167 0.10005302 -0.02941257
v -0.01134713 0.10036593 -0.02953058
v -0.01134713 0.10169579 -0.02950191
v -0.01135336 0.10415263 -0.02938734
v -0.01134706 0.10418345 -0.02938706
v -0.01134713 0.10417919 -0.02938848
v -0.01137637 0.10420462 -0.02938062
v -0.01134637 0.10420462 -0.02938062
v -0.01191264 0.10458448 -0.02926081
v -0.01172888 0.10450111 -0.02929032
v -0.01154162 0.10439382 -0.02931693
v -0.01141522 0.10428522 -0.02933569
v -0.01137993 0.10422805 -0.02936603
v -0.01138051 0.10422999 -0.02936434
v -0.01135051 0.10422999 -0.02936434
v -0.01139113 0.10424777 -0.02933964
v -0.01136113 0.10424777 -0.02933964
v -0.01125441 0.10474993 -0.02934227
v -0.01116985 0.10494045 -0.02934897
v -0.01090927 0.10511148 -0.02937887
v -0.01033991 0.10644554 -0.02935508
v -0.01337354 0.10274969 -0.02274235
v -0.01337354 0.10274969 -0.02271235
v -0.01203436 0.10314589 -0.02478292
v -0.01200436 0.10314589 -0.02478292
v -0.01203436 0.10317589 -0.02478292
v -0.01200436 0.10317589 -0.02478292
v -0.01200436 0.10317589 -0.02475292
v -0.01207936 0.10079743 -0.02379120
v -0.01205048 0.10076744 -0.02377978
v -0.01298318 0.10283329 -0.02329039
v -0.01298318 0.10286329 -0.02329039
v -0.01302027 0.10285221 -0.02323705
v -0.01302027 0.10285221 -0.02320705
v -0.01131872 0.10274436 -0.02303718
v -0.01132263 0.10276174 -0.02301713
v -0.01131071 0.10275449 -0.02301676
v -0.01539832 0.11001958 -0.02836289
v -0.01211279 0.10972256 -0.02895379
v -0.02142599 0.10336854 -0.01620966
v -0.02142599 0.10336854 -0.01623966
v -0.01964663 0.10540103 -0.01718484
v -0.01961663 0.10540103 -0.01718484
v -0.01982132 0.10676073 -0.01722521
v -0.01979132 0.10676073 -0.01722521
v -0.01990595 0.10744946 -0.01462917
v -0.01987595 0.10744946 -0.01462917
v -0.01987181 0.10741717 -0.01452049
v -0.01802652 0.10350653 -0.01772131
v -0.01799652 0.10350653 -0.01772131
v -0.01748498 0.10312280 -0.01792276
v -0.01745498 0.10312280 -0.01792276
v -0.01728844 0.10298266 -0.01799835
v -0.01728844 0.10301266 -0.01799835
v -0.01755797 0.10319012 -0.01788397
v -0.01623500 0.10037243 -0.01823135
v -0.01668424 0.10265736 -0.01841085
v -0.01668424 0.10268736 -0.01841085
v -0.01665424 0.10268736 -0.01841085
v -0.01725844 0.10301266 -0.01799835
v -0.01991880 0.10852063 -0.01733052
v -0.01988879 0.10852063 -0.01733052
v -0.01991880 0.10852063 -0.01730052
v -0.01988879 0.10852063 -0.01730052
v -0.01516972 0.10223716 -0.02023994
v -0.01516972 0.10226717 -0.02023994
v -0.01516972 0.10226717 -0.02020994
v -0.01571178 0.10213379 -0.01949879
v -0.01571178 0.10216379 -0.01949879
v -0.01569479 0.10216703 -0.01949202
v -0.01390786 0.12784457 -0.02383096
v -0.01246192 0.12765436 -0.02499069
v -0.01110880 0.12632281 -0.02630505
v -0.01942821 0.11722855 -0.02005964
v -0.01948357 0.11729763 -0.01962993
v -0.01948110 0.11730880 -0.01961892
v -0.01948056 0.11731306 -0.01961119
v -0.01948018 0.11732171 -0.01958900
v -0.01945154 0.11730601 -0.01962323
v -0.01948287 0.11744156 -0.01921139
v -0.01945287 0.11744156 -0.01921139
v -0.01948308 0.11745099 -0.01918170
v -0.01950187 0.11783789 -0.01787268
v -0.01947187 0.11783789 -0.01787268
v -0.01952418 0.11822035 -0.01654537
v -0.01949418 0.11822035 -0.01654537
v -0.01953202 0.11829346 -0.01625983
v -0.01950202 0.11829346 -0.01625983
v -0.01955700 0.11857837 -0.01492940
v -0.01958700 0.11857837 -0.01492940
v -0.01516219 0.12909605 -0.02119672
v -0.01527445 0.12932298 -0.02031036
v -0.01503796 0.13027909 -0.01901946
v -0.01242450 0.13029744 -0.02231779
v -0.01041577 0.13164234 -0.02171031
v -0.01130638 0.13171577 -0.02114702
v -0.01234892 0.13158895 -0.02026756
v -0.01174345 0.13227975 -0.01904846
v -0.01041577 0.13235317 -0.02031036
v -0.01559328 0.12961999 -0.01764850
v -0.01523703 0.13049768 -0.01764850
v -0.01521308 0.13048433 -0.01678974
v -0.01116119 0.13297057 -0.01713766
v -0.01211017 0.13282040 -0.01499492
v -0.01093217 0.13320918 -0.01499492
v -0.00941473 0.10103086 -0.02971475
v -0.00908226 0.10302566 -0.02969138
v -0.00910170 0.10701525 -0.02948633
v -0.00952933 0.10752279 -0.02939749
v -0.00927323 0.10799386 -0.02939875
v -0.00912701 0.10762506 -0.02944222
v -0.00913563 0.10781659 -0.02942828
v -0.00908226 0.10834511 -0.02939970
v -0.00708848 0.10169579 -0.02989206
v -0.00642457 0.10302566 -0.02990577
v -0.00509879 0.10169579 -0.03002668
v -0.00921203 0.10855942 -0.02935702
v -0.00965987 0.11291379 -0.02893930
v -0.00927242 0.11308843 -0.02892609
v -0.00912114 0.11373805 -0.02889238
v -0.00912114 0.11425225 -0.02881628
v -0.00912114 0.11555829 -0.02862299
v -0.00827867 0.11652628 -0.02860652
v -0.00708950 0.11166611 -0.02928814
v -0.00543024 0.10901005 -0.02963840
v -0.00576168 0.11166611 -0.02938287
v -0.00738412 0.11450952 -0.02897589
v -0.00642457 0.11459033 -0.02899334
v -0.00443488 0.10435552 -0.02997682
v -0.00244008 0.10768018 -0.02988957
v -0.00110918 0.10302566 -0.03018374
v -0.00035371 0.10436103 -0.03016410
v -0.00377097 0.10967498 -0.02967642
v -0.00912267 0.10192613 -0.01977964
v -0.00910735 0.10195054 -0.01975700
v -0.00910735 0.10195054 -0.01972700
v -0.00784686 0.10151345 -0.01790659
v -0.00784686 0.10152844 -0.01790659
v -0.00784250 0.10152766 -0.01787318
v -0.00772955 0.10150750 -0.01781501
v -0.00772955 0.10150750 -0.01778501
v -0.00756599 0.10150727 -0.01781461
v -0.00755665 0.10150725 -0.01778458
v -0.00701778 0.10154732 -0.01781415
v -0.00701992 0.10154571 -0.01778415
v -0.00667384 0.10180937 -0.01781387
v -0.00667384 0.10180937 -0.01778387
v -0.00667470 0.10180660 -0.01778387
v -0.00657584 0.10212627 -0.01781379
v -0.00657584 0.10212627 -0.01778379
v -0.00638899 0.10291611 -0.01781362
v -0.00638899 0.10291611 -0.01778362
v -0.00614469 0.10294603 -0.01781343
v -0.00614469 0.10294603 -0.01778343
v -0.00614422 0.10294609 -0.01778343
v -0.00424493 0.10350556 -0.01778191
v -0.00424493 0.10350556 -0.01781191
v -0.00348075 0.10379624 -0.01778129
v -0.00348075 0.10379624 -0.01781129
v -0.00263867 0.10416835 -0.01778062
v -0.00259167 0.10418925 -0.01781058
v -0.00259167 0.10418925 -0.01778058
v -0.00229032 0.10432875 -0.01778033
v -0.00229032 0.10432875 -0.01781033
v -0.00149581 0.10485963 -0.01777969
v -0.00149581 0.10485963 -0.01780969
v -0.00024981 0.10605386 -0.01780868
v -0.00019675 0.10610472 -0.01780865
v -0.00017784 0.10612813 -0.01780890
v 0.00072273 0.10733915 -0.01787489
v -0.00914601 0.11772884 -0.02829150
v -0.00912114 0.11788193 -0.02827911
v -0.00911296 0.11789210 -0.02827195
v -0.00908659 0.11965334 -0.02801013
v -0.00775444 0.11788193 -0.02848478
v -0.00775741 0.11788961 -0.02848093
v -0.00908659 0.12430711 -0.02721627
v -0.00815033 0.12171408 -0.02780304
v -0.00645523 0.11784804 -0.02849844
v -0.00642823 0.11788961 -0.02849473
v -0.00544185 0.11789043 -0.02829164
v -0.00509538 0.11789043 -0.02821869
v -0.00509673 0.11789043 -0.02821920
v -0.00681591 0.12252169 -0.02766360
v -0.00555110 0.12129359 -0.02769121
v -0.00554821 0.12127192 -0.02769537
v -0.00555110 0.12139583 -0.02766592
v -0.00555801 0.12208513 -0.02750211
v -0.00555047 0.12267507 -0.02735848
v -0.00975118 0.12563199 -0.02678966
v -0.00908659 0.12658644 -0.02653700
v -0.00775741 0.12563199 -0.02700365
v -0.00642823 0.12563199 -0.02688492
v -0.00559596 0.12559284 -0.02664157
v -0.00556596 0.12559284 -0.02664157
v -0.00554821 0.12564699 -0.02665561
v -0.00969879 0.13027409 -0.02362663
v -0.00775741 0.13035418 -0.02370395
v -0.00709282 0.12658310 -0.02653424
v -0.00555047 0.12621370 -0.02648332
v -0.00556144 0.12630434 -0.02646021
v -0.00554821 0.12646173 -0.02641343
v -0.00555110 0.12646297 -0.02641274
v -0.00643722 0.13027909 -0.02362801
v -0.00555110 0.13014740 -0.02348713
v -0.00555161 0.13015249 -0.02348114
v -0.00555069 0.13034193 -0.02325771
v -0.00509673 0.13036154 -0.02308486
v -0.00400621 0.11787864 -0.02780610
v -0.00400575 0.11789043 -0.02780593
v -0.00334155 0.11789043 -0.02748215
v -0.00439273 0.11972856 -0.02764009
v -0.00248829 0.11890915 -0.02655419
v -0.00206791 0.11963904 -0.02598137
v -0.00182228 0.12009329 -0.02563255
v -0.00119969 0.12212694 -0.02429960
v -0.00454918 0.12611729 -0.02624759
v -0.00297103 0.12666045 -0.02508148
v -0.00322902 0.12754805 -0.02492617
v -0.00175105 0.12766728 -0.02366265
v -0.00908659 0.13156226 -0.02222667
v -0.00775741 0.13158561 -0.02226257
v -0.00842200 0.13255174 -0.02031036
v -0.00868123 0.13283841 -0.01915615
v -0.00872943 0.13286014 -0.01906741
v -0.00872784 0.13293327 -0.01904819
v -0.00860134 0.13282193 -0.01922538
v -0.00846214 0.13280596 -0.01929521
v -0.00834407 0.13280016 -0.01932492
v -0.00816940 0.13281482 -0.01927420
v -0.00876703 0.13291149 -0.01886109
v -0.00876126 0.13295482 -0.01868858
v -0.00642823 0.13152888 -0.02217697
v -0.00566873 0.13144256 -0.02193256
v -0.00566852 0.13143986 -0.02193581
v -0.00563852 0.13143986 -0.02193581
v -0.00554821 0.13140978 -0.02200429
v -0.00555780 0.13160332 -0.02169906
v -0.00555067 0.13165338 -0.02161968
v -0.00577922 0.13190012 -0.02119601
v -0.00566495 0.13177675 -0.02140785
v -0.00554821 0.13183039 -0.02134095
v -0.00642823 0.13250002 -0.02031036
v -0.00646030 0.13289012 -0.01904977
v -0.00644145 0.13288963 -0.01905122
v -0.00642374 0.13289021 -0.01904819
v -0.00582339 0.13235985 -0.02012360
v -0.00592537 0.13260543 -0.01961880
v -0.00532247 0.13226095 -0.02030908
v -0.00546176 0.13281901 -0.01862965
v -0.00993679 0.13298725 -0.01850725
v -0.00891071 0.13347282 -0.01632033
v -0.00873424 0.13343845 -0.01648129
v -0.00875050 0.13345993 -0.01625156
v -0.00872784 0.13347974 -0.01632374
v -0.00775351 0.13351285 -0.01632374
v -0.00875784 0.13354333 -0.01521208
v -0.00872784 0.13354333 -0.01521208
v -0.00873107 0.13355576 -0.01501688
v -0.00775351 0.13360228 -0.01499178
v -0.00642374 0.13341019 -0.01632374
v -0.00642374 0.13348968 -0.01499178
v 0.00080432 0.12037279 -0.02160264
v 0.00049352 0.12220497 -0.02159555
v -0.00012964 0.12472785 -0.02189505
v -0.00017381 0.12486313 -0.02192815
v -0.00414709 0.13046587 -0.02250443
v -0.00436117 0.13165155 -0.02103560
v -0.00342389 0.13140978 -0.02030908
v -0.00315903 0.13157868 -0.01951148
v -0.00049374 0.12543194 -0.02227999
v -0.00052158 0.12623134 -0.02188670
v -0.00050657 0.12630118 -0.02181563
v -0.00168655 0.12902187 -0.02240177
v -0.00144777 0.12922390 -0.02163840
v -0.00095649 0.12828992 -0.02163840
v -0.00073873 0.12828602 -0.02092180
v -0.00074184 0.12829398 -0.02092294
v -0.00074790 0.12829655 -0.02094610
v -0.00074705 0.12844306 -0.02070482
v -0.00049304 0.12791367 -0.02041661
v -0.00053632 0.12829308 -0.02024054
v -0.00075554 0.12909414 -0.01968799
v -0.00074862 0.12909414 -0.01968799
v -0.00074705 0.12917352 -0.01955334
v -0.00045448 0.12874861 -0.01944154
v -0.00074987 0.12919922 -0.01950971
v -0.00076505 0.12930669 -0.01938645
v -0.00075456 0.12934986 -0.01925416
v -0.00032907 0.12788297 -0.01972649
v -0.00035575 0.12825906 -0.01923737
v -0.00037851 0.12863950 -0.01868706
v -0.00043197 0.12901312 -0.01855529
v -0.00149169 0.13045262 -0.01897975
v -0.00078129 0.12949215 -0.01900748
v -0.00074705 0.12949803 -0.01900278
v -0.00077705 0.12958084 -0.01878917
v -0.00069305 0.12951930 -0.01867208
v -0.00453683 0.13291009 -0.01675018
v -0.00381637 0.13249774 -0.01698182
v -0.00281527 0.13187014 -0.01698709
v -0.00434333 0.13297963 -0.01542743
v -0.00364895 0.13267493 -0.01499178
v -0.00274460 0.13200924 -0.01499178
v -0.00054919 0.12936574 -0.01824751
v -0.00040754 0.12893488 -0.01831433
v -0.00125702 0.13060829 -0.01765043
v -0.00063544 0.12949844 -0.01843159
v -0.00059008 0.12982336 -0.01765043
v -0.00074705 0.12992935 -0.01789010
v -0.01984728 0.10700068 -0.01311760
v -0.01981830 0.10700068 -0.01311760
v -0.01982208 0.10703015 -0.01229403
v -0.01985208 0.10703015 -0.01229403
v -0.01980442 0.10796136 -0.00886914
v -0.01977442 0.10796136 -0.00886914
v -0.01982848 0.10850725 -0.00705681
v -0.01979834 0.10850406 -0.00706740
v -0.02051767 0.10034387 -0.00050536
v -0.02045082 0.10135320 -0.00061247
v -0.01971886 0.10037621 -0.00059694
v -0.02036412 0.10584436 -0.00106481
v -0.01910233 0.10477235 -0.00105177
v -0.02009683 0.11043672 -0.00145535
v -0.02031775 0.10841840 -0.00130884
v -0.02029415 0.10982420 -0.00142204
v -0.02029229 0.10999380 -0.00142416
v -0.02028619 0.11060796 -0.00145420
v -0.02025620 0.11060796 -0.00145420
v -0.02018731 0.11053357 -0.00145470
v -0.02028619 0.11060796 -0.00142420
v -0.02025620 0.11060796 -0.00142420
v -0.01987584 0.11021134 -0.00145695
v -0.01944787 0.10987193 -0.00145862
v -0.01880724 0.10944651 -0.00145803
v -0.01909521 0.10959934 -0.00145782
v -0.01894304 0.10951094 -0.00145784
v -0.01989751 0.11023344 -0.00142679
v -0.01944787 0.10987193 -0.00142862
v -0.01880724 0.10944651 -0.00142803
v -0.01909521 0.10959934 -0.00142782
v -0.01894304 0.10951094 -0.00142784
v -0.02029498 0.11461789 -0.00145414
v -0.02026498 0.11461789 -0.00145414
v -0.02023451 0.11467171 -0.00145436
v -0.02029498 0.11461789 -0.00142414
v -0.02026315 0.11462113 -0.00142415
v -0.02026411 0.11480386 -0.00164560
v -0.02029443 0.11479741 -0.00163635
v -0.02026443 0.11479741 -0.00163635
v -0.02026438 0.11477701 -0.00161544
v -0.02008562 0.11490664 -0.00145543
v -0.02041605 0.11501949 -0.00105148
v -0.02035961 0.11510149 -0.00142198
v -0.02037259 0.11508375 -0.00134004
v -0.02008562 0.11490664 -0.00142543
v -0.01993077 0.11505625 -0.00145635
v -0.01981333 0.11512464 -0.00145534
v -0.01992582 0.11505914 -0.00142631
v -0.01981333 0.11512464 -0.00142534
v -0.01920757 0.11526748 -0.00145269
v -0.01920757 0.11526748 -0.00142603
v -0.02069641 0.11440109 0.00095434
v -0.02051347 0.11483611 -0.00037681
v -0.01167310 0.10052264 -0.00436130
v -0.01145905 0.10071287 -0.00303314
v -0.01041727 0.10024565 -0.00303314
v -0.01120160 0.10093980 -0.00222409
v -0.01150462 0.10738370 -0.00148599
v -0.01150462 0.10738370 -0.00145599
v -0.01342559 0.11611630 -0.00142989
v -0.01252194 0.11625724 -0.00144982
v -0.01249194 0.11625724 -0.00144982
v -0.01245269 0.11626312 -0.00145067
v -0.01078134 0.11650947 -0.00148644
v -0.01078134 0.11650947 -0.00145674
v -0.01964296 0.11883386 -0.01367706
v -0.01961538 0.11884175 -0.01363224
v -0.01979294 0.11886787 -0.01077767
v -0.01976294 0.11886787 -0.01077767
v -0.01973526 0.11902782 -0.01228270
v -0.01974889 0.11904349 -0.01211508
v -0.01970526 0.11902782 -0.01228270
v -0.01979286 0.11907867 -0.01161963
v -0.01976286 0.11907867 -0.01161963
v -0.01976470 0.11907163 -0.01156365
v -0.01979724 0.11905773 -0.01146969
v -0.01976724 0.11905773 -0.01146969
v -0.01979861 0.11874638 -0.01039864
v -0.01976861 0.11874638 -0.01039864
v -0.01976887 0.11873643 -0.01036986
v -0.01980687 0.11843637 -0.00950234
v -0.01980951 0.11837253 -0.00932412
v -0.01981096 0.11834320 -0.00924385
v -0.01978096 0.11834320 -0.00924385
v -0.01981872 0.11821517 -0.00890310
v -0.01978765 0.11823276 -0.00894993
v -0.01299779 0.13213626 -0.01366676
v -0.01198893 0.13280371 -0.01366676
v -0.01114472 0.13296390 -0.01294331
v -0.01279572 0.13196272 -0.01233583
v -0.01210269 0.13218299 -0.01197686
v -0.01174345 0.13194938 -0.01125894
v -0.01041727 0.13279369 -0.01209008
v -0.01039332 0.13204281 -0.01090273
v -0.02127942 0.11897756 0.00095793
v -0.02137630 0.12163585 -0.00036996
v -0.01440031 0.12508135 -0.00290612
v -0.01512926 0.12377649 -0.00231245
v -0.01440031 0.12164066 -0.00184027
v -0.01440031 0.12297555 -0.00201147
v -0.01330913 0.12386660 -0.00227103
v -0.01242450 0.12360629 -0.00239252
v -0.01524901 0.12656975 -0.00464571
v -0.01511130 0.12766771 -0.00624448
v -0.01525200 0.12535167 -0.00342247
v -0.01440031 0.12624939 -0.00374554
v -0.01440031 0.12675330 -0.00441377
v -0.01307113 0.12576716 -0.00363095
v -0.00553097 0.10127547 -0.01293216
v -0.00499578 0.10016494 -0.00967187
v -0.00499243 0.10016824 -0.00967186
v -0.00404554 0.10060872 -0.00967713
v -0.00399065 0.10052923 -0.00834780
v -0.00908659 0.10011217 -0.00303314
v -0.00643123 0.10015222 -0.00303314
v -0.00499243 0.10010531 -0.00436247
v -0.00499578 0.10011179 -0.00434194
v -0.00499578 0.10011736 -0.00430206
v -0.00502243 0.10057885 -0.00289034
v -0.00499243 0.10056235 -0.00291469
v -0.00499243 0.10057885 -0.00289034
v -0.00499312 0.10058454 -0.00288477
v -0.00975193 0.10077461 -0.00209707
v -0.00975193 0.10171070 -0.00196315
v -0.00643123 0.10171070 -0.00201423
v -0.00590659 0.10081965 -0.00218819
v -0.00504917 0.10104498 -0.00243393
v -0.00507917 0.10104498 -0.00243393
v -0.00499243 0.10097634 -0.00230399
v -0.00502243 0.10128418 -0.00224657
v -0.00499379 0.10127875 -0.00225078
v -0.00499442 0.10142361 -0.00222526
v -0.00500077 0.10166597 -0.00219504
v -0.00499243 0.10162549 -0.00218290
v -0.00499417 0.10620162 -0.00164517
v -0.00584684 0.10690322 -0.00152154
v -0.00584684 0.10690322 -0.00149176
v -0.00568241 0.10691535 -0.00152312
v -0.00524695 0.10694748 -0.00152671
v -0.00524695 0.10694748 -0.00149671
v -0.00502279 0.10714491 -0.00153081
v -0.00502279 0.10714491 -0.00150081
v -0.00499279 0.10714491 -0.00153081
v -0.00499243 0.10713923 -0.00153075
v -0.00499279 0.10714491 -0.00150081
v -0.00499243 0.10713923 -0.00150075
v -0.00695506 0.11642012 -0.00151893
v -0.00695506 0.11642012 -0.00148893
v -0.00501937 0.11636034 -0.00156438
v -0.00501376 0.11633461 -0.00155640
v -0.00501556 0.11634240 -0.00155756
v -0.00498878 0.11617272 -0.00154090
v -0.00498878 0.11617272 -0.00151090
v -0.00498401 0.11632650 -0.00155563
v -0.00498722 0.11634598 -0.00155851
v -0.00498502 0.11633931 -0.00155703
v -0.00498551 0.11634190 -0.00155747
v -0.00407299 0.10067496 -0.00436247
v -0.00420198 0.10081406 -0.00328848
v -0.00448742 0.10112207 -0.00240139
v -0.00395488 0.10721614 -0.00153954
v -0.00395488 0.10721614 -0.00150954
v -0.00872874 0.13341793 -0.01366748
v -0.00872940 0.13341373 -0.01365192
v -0.00775351 0.13345656 -0.01366773
v -0.00873334 0.13335973 -0.01346270
v -0.00872784 0.13311873 -0.01255425
v -0.00992908 0.13224050 -0.01116753
v -0.01017313 0.13180293 -0.01057431
v -0.00899830 0.13199706 -0.01072770
v -0.00884603 0.13304023 -0.01243745
v -0.00873334 0.13299613 -0.01225350
v -0.00873334 0.13297592 -0.01220337
v -0.00873334 0.13298559 -0.01221848
v -0.00872784 0.13285047 -0.01188828
v -0.00837482 0.13223238 -0.01100053
v -0.00873334 0.13211958 -0.01086408
v -0.00642374 0.13336383 -0.01366773
v -0.00591736 0.13304919 -0.01269903
v -0.00642374 0.13283722 -0.01194355
v -0.00501988 0.13277760 -0.01234630
v -0.00604979 0.13192976 -0.01066688
v -0.00518044 0.13200924 -0.01094064
v -0.00968687 0.13147007 -0.01010357
v -0.00939663 0.13081761 -0.00948884
v -0.00942663 0.13081761 -0.00948884
v -0.00941312 0.13113116 -0.00973736
v -0.00941295 0.13113053 -0.00973681
v -0.00938312 0.13113116 -0.00973736
v -0.00945380 0.13128141 -0.00987090
v -0.00942380 0.13128141 -0.00987090
v -0.00939903 0.13037145 -0.00916282
v -0.00936846 0.13036214 -0.00915602
v -0.01001565 0.13162093 -0.01032591
v -0.00993135 0.13164492 -0.01031941
v -0.00442910 0.13295314 -0.01358744
v -0.00384107 0.13270806 -0.01362034
v -0.00276107 0.13199930 -0.01366773
v -0.00343555 0.13196121 -0.01200673
v -0.00376696 0.13182046 -0.01142236
v -0.00294633 0.13178733 -0.01233840
v -0.00730904 0.12439647 -0.00573913
v -0.00731844 0.12450897 -0.00580356
v -0.00670664 0.12113006 -0.00357158
v -0.00535881 0.11815917 -0.00235774
v -0.00519303 0.11752487 -0.00204040
v -0.00516303 0.11752487 -0.00204040
v -0.00530773 0.11807851 -0.00231738
v -0.00041992 0.12503429 -0.00364911
v -0.00429786 0.11688557 -0.00152624
v -0.00429786 0.11688557 -0.00149624
v -0.00243858 0.11767739 -0.00151843
v -0.00243858 0.11767739 -0.00148843
v -0.00243858 0.12164286 -0.00176963
v -0.00243858 0.12297095 -0.00194863
v -0.00321804 0.12385523 -0.00227240
v -0.00243858 0.12429903 -0.00238691
v -0.00150678 0.12386186 -0.00226977
v -0.00243858 0.12628619 -0.00370439
v -0.00110881 0.12658097 -0.00464413
v -0.00042129 0.12633920 -0.00496000
v -0.00110881 0.12567681 -0.00369386
v -0.03425568 0.07471204 0.01753582
v -0.03300951 0.08036739 0.01319476
v -0.03297951 0.08036739 0.01319476
v -0.03350411 0.07831068 0.01496933
v -0.03351493 0.07839083 0.01490428
v -0.03425969 0.07483873 0.01744698
v -0.03375592 0.07714809 0.01582765
v -0.03375790 0.07727753 0.01573212
v -0.03320832 0.07961033 0.01386645
v -0.03317832 0.07961033 0.01386645
v -0.02878416 0.07375608 0.00196256
v -0.02887588 0.07416330 0.00195478
v -0.02878416 0.07378608 0.00196256
v -0.02843147 0.07248189 0.00267648
v -0.02844836 0.07257067 0.00263706
v -0.02843153 0.07251208 0.00267636
v -0.02827881 0.07200161 0.00321130
v -0.02827881 0.07203161 0.00321130
v -0.02797489 0.07105153 0.00441566
v -0.02797489 0.07108153 0.00441566
v -0.02717623 0.06858542 0.00769155
v -0.02717623 0.06861542 0.00769155
v -0.03029550 0.08039898 0.00279196
v -0.03017455 0.08232372 0.00316771
v -0.03017398 0.08232372 0.00328270
v -0.03039113 0.08112755 0.00400370
v -0.03022871 0.08049507 0.00421659
v -0.03019871 0.08049507 0.00421659
v -0.03040844 0.08120988 0.00416036
v -0.03025988 0.08232372 0.00388427
v -0.03048917 0.08157398 0.00465640
v -0.03048917 0.08157398 0.00468640
v -0.03048962 0.08162329 0.00470571
v -0.03045962 0.08162329 0.00470571
v -0.03049627 0.08216093 0.00488664
v -0.03049627 0.08216093 0.00491664
v -0.03047037 0.08232372 0.00480700
v -0.03050927 0.08232372 0.00494088
v -0.03050927 0.08229372 0.00497088
v -0.03050927 0.08232372 0.00497088
v -0.03047927 0.08229372 0.00497088
v -0.03047927 0.08232372 0.00497088
v -0.02910182 0.07525625 0.00196695
v -0.02913182 0.07525625 0.00196695
v -0.02688224 0.06743913 0.00803115
v -0.02703483 0.06810207 0.00833366
v -0.02703483 0.06813207 0.00833366
v -0.02255695 0.06821093 0.00822387
v -0.02256252 0.06818084 0.00822401
v -0.03248997 0.08232372 0.01144024
v -0.03245997 0.08232372 0.01144024
v -0.03086411 0.08232372 0.01220323
v -0.03086138 0.08231615 0.01220554
v -0.03066827 0.08230482 0.01227500
v -0.03066827 0.08231240 0.01226720
v -0.03066827 0.08231658 0.01226967
v -0.02683772 0.06711951 0.01539806
v -0.02683772 0.06714951 0.01539806
v -0.02680772 0.06711951 0.01539806
v -0.02680772 0.06714951 0.01539806
v -0.02675554 0.08231658 0.01347510
v -0.02674876 0.08232372 0.01347341
v -0.02635724 0.08231658 0.01358577
v -0.02552549 0.08231658 0.01375029
v -0.02551570 0.08232372 0.01374784
v -0.02370971 0.08214179 0.01433954
v -0.02370971 0.08231658 0.01397462
v -0.02230533 0.08231845 0.01411978
v -0.02223365 0.08231848 0.01413016
v -0.02238008 0.08219879 0.01439338
v -0.02223365 0.08220069 0.01439937
v -0.02192613 0.08116145 0.01631969
v -0.03005590 0.08432824 0.00233285
v -0.03004850 0.08444966 0.00231097
v -0.03002484 0.08434591 0.00232701
v -0.03002590 0.08432824 0.00233285
v -0.03002482 0.08434624 0.00232692
v -0.02981305 0.08832768 0.00182065
v -0.03250660 0.08453806 0.01141233
v -0.03247660 0.08453806 0.01141233
v -0.03244096 0.08585764 0.01124823
v -0.03247096 0.08585764 0.01124823
v -0.03243992 0.08589628 0.01124341
v -0.03216105 0.09525485 0.00989775
v -0.03213105 0.09525485 0.00989775
v -0.03217758 0.09683774 0.00964983
v -0.03214758 0.09683774 0.00964983
v -0.03217918 0.09699660 0.00962482
v -0.03214918 0.09699660 0.00962482
v -0.03212456 0.09709325 0.00961740
v -0.03778430 0.06661892 0.02035436
v -0.03542246 0.06649238 0.02136846
v -0.03542246 0.06713421 0.02153627
v -0.03545246 0.06735093 0.02148419
v -0.03545246 0.06741907 0.02149430
v -0.03542246 0.06741907 0.02149430
v -0.03545246 0.06748142 0.02149268
v -0.03542246 0.06758248 0.02148985
v -0.03542246 0.06762009 0.02148806
v -0.03542098 0.06763489 0.02148738
v -0.03542541 0.06763431 0.02148758
v -0.03540698 0.06784618 0.02141220
v -0.03537698 0.06784618 0.02141220
v -0.03512693 0.06794341 0.02161411
v -0.03514065 0.06990752 0.02048161
v -0.03511065 0.06990752 0.02048161
v -0.03531724 0.06854956 0.02110353
v -0.03525788 0.06902458 0.02089380
v -0.03522788 0.06902458 0.02089380
v -0.03483139 0.06883201 0.02135584
v -0.03488979 0.07167448 0.01960405
v -0.03485978 0.07167448 0.01960405
v -0.03484346 0.07192620 0.01944476
v -0.03481346 0.07192620 0.01944476
v -0.03493747 0.07137349 0.01976957
v -0.03490747 0.07137349 0.01976957
v -0.03382864 0.07192890 0.02032277
v -0.03394479 0.06931224 0.02173440
v -0.03248260 0.07319942 0.02034045
v -0.03100751 0.07308598 0.02155043
v -0.02874183 0.06757320 0.02110935
v -0.02874084 0.06760295 0.02110737
v -0.02874249 0.06760336 0.02111048
v -0.02869899 0.06759249 0.02102410
v -0.02869899 0.06756250 0.02102410
v -0.02871249 0.06760336 0.02111048
v -0.03127723 0.06979624 0.02300805
v -0.03024732 0.06848438 0.02320492
v -0.03024732 0.06851438 0.02320492
v -0.03021732 0.06851438 0.02320492
v -0.03060876 0.06946673 0.02331736
v -0.03057876 0.06946673 0.02331736
v -0.03107590 0.07049578 0.02292314
v -0.03066534 0.07061897 0.02302585
v -0.03066809 0.06980197 0.02326813
v -0.03066809 0.06979624 0.02326985
v -0.03066190 0.06978393 0.02327245
v -0.03065021 0.06966896 0.02329257
v -0.03062021 0.06966896 0.02329257
v -0.03035717 0.06865127 0.02329623
v -0.03035717 0.06868128 0.02329623
v -0.03032717 0.06868128 0.02329623
v -0.03051879 0.06920192 0.02331890
v -0.03048879 0.06923193 0.02331890
v -0.03066809 0.07321455 0.02163887
v -0.03066534 0.07321773 0.02164245
v -0.02962459 0.06787568 0.02256721
v -0.02964624 0.06789196 0.02259112
v -0.02964624 0.06792196 0.02259112
v -0.02961624 0.06792196 0.02259112
v -0.02948919 0.06779264 0.02237909
v -0.02948919 0.06776264 0.02237909
v -0.02945920 0.06779264 0.02237909
v -0.02974937 0.06799950 0.02270501
v -0.02973798 0.06796094 0.02269244
v -0.02971937 0.06799950 0.02270501
v -0.02974216 0.06801919 0.02272927
v -0.02836632 0.07047458 0.02422530
v -0.02703962 0.07445674 0.02290022
v -0.02430130 0.07437885 0.02418941
v -0.02341391 0.07459734 0.02436588
v -0.02237715 0.07475313 0.02456928
v -0.02466153 0.07072726 0.02567601
v -0.02184120 0.07056198 0.02693229
v -0.03916584 0.11468709 0.00178003
v -0.03756483 0.10742518 0.00556176
v -0.03596856 0.12045309 0.00165846
v -0.03483333 0.12072054 0.00196456
v -0.03358284 0.12111491 0.00171057
v -0.03080892 0.10801848 0.00316617
v -0.03077892 0.10801848 0.00316617
v -0.03115457 0.10779080 0.00435638
v -0.03112457 0.10779080 0.00435638
v -0.03216584 0.10074038 0.00893125
v -0.03213584 0.10074038 0.00893125
v -0.03162022 0.10746395 0.00596339
v -0.03161014 0.10747835 0.00592731
v -0.03158014 0.10747835 0.00592731
v -0.03159101 0.10746282 0.00596624
v -0.03161094 0.10743080 0.00603822
v -0.03206179 0.10676818 0.00730992
v -0.03203351 0.10676612 0.00731336
v -0.03208953 0.10655753 0.00746041
v -0.03208051 0.10670563 0.00736890
v -0.03207985 0.10671160 0.00736480
v -0.03207827 0.10672574 0.00735509
v -0.03204743 0.10673167 0.00735077
v -0.03190354 0.10695875 0.00699221
v -0.03190036 0.10696312 0.00698435
v -0.03187354 0.10695875 0.00699221
v -0.03167344 0.10671194 0.00738951
v -0.03215262 0.10440260 0.00825244
v -0.03215164 0.10462993 0.00820998
v -0.03212262 0.10440260 0.00825244
v -0.03212177 0.10461953 0.00821209
v -0.03213639 0.10544880 0.00803306
v -0.03213182 0.10567550 0.00798338
v -0.03213125 0.10568874 0.00797911
v -0.03213182 0.10569357 0.00798016
v -0.03167344 0.10477990 0.00824521
v -0.03167344 0.10568554 0.00802781
v -0.03035017 0.10568554 0.00803244
v -0.03108946 0.11224969 0.00305232
v -0.03098904 0.11197833 0.00306054
v -0.03153594 0.11459805 0.00240509
v -0.03150594 0.11459805 0.00240509
v -0.03133653 0.11318576 0.00288855
v -0.03130653 0.11318576 0.00288855
v -0.03145130 0.11371718 0.00276082
v -0.03151217 0.11412553 0.00262541
v -0.03149128 0.11424314 0.00257492
v -0.03156149 0.11593325 0.00172580
v -0.03153149 0.11593325 0.00172580
v -0.03153167 0.11594267 0.00172100
v -0.02751059 0.11033276 0.00314192
v -0.02727223 0.11046739 0.00314104
v -0.02677571 0.11073168 0.00313964
v -0.02543329 0.11140216 0.00313701
v -0.02464641 0.11177347 0.00313604
v -0.02314807 0.11221474 0.00314114
v -0.02293394 0.11228494 0.00313126
v -0.02371399 0.11989935 0.00171003
v -0.02238263 0.11897756 0.00198230
v -0.02238263 0.12002505 0.00175243
v -0.02164819 0.11982952 0.00168325
v -0.01844128 0.08229372 0.00270428
v -0.01844128 0.08232372 0.00270428
v -0.01841978 0.08232770 0.00270179
v -0.01838758 0.08232508 0.00270184
v -0.01839558 0.08232372 0.00270248
v -0.01766065 0.08229508 0.00274207
v -0.01766065 0.08232508 0.00274207
v -0.01461877 0.06835192 0.00829392
v -0.01461877 0.06838193 0.00829392
v -0.02104460 0.08231848 0.01418999
v -0.02104213 0.08232372 0.01418417
v -0.02104460 0.08221019 0.01442928
v -0.02051541 0.08231848 0.01416401
v -0.02057965 0.08231848 0.01417412
v -0.02006297 0.08231848 0.01414424
v -0.02006297 0.08234139 0.01414424
v -0.02104460 0.08165732 0.01558985
v -0.01971790 0.08218929 0.01440535
v -0.01967886 0.08231848 0.01412224
v -0.01939431 0.08231038 0.01410376
v -0.01939497 0.08234040 0.01410381
v -0.01971790 0.08161932 0.01558985
v -0.02104460 0.08120514 0.01637652
v -0.01971790 0.08119375 0.01637951
v -0.01683551 0.08230575 0.01373481
v -0.01683551 0.08233575 0.01373481
v -0.01595825 0.08230603 0.01359501
v -0.01595825 0.08233603 0.01359501
v -0.01777325 0.08108736 0.01624192
v -0.01865772 0.08114436 0.01632268
v -0.00915906 0.06846510 0.00835113
v -0.00915906 0.06849509 0.00835113
v -0.00910394 0.06846413 0.00835545
v -0.00910394 0.06849413 0.00835545
v -0.00778072 0.06846457 0.00849156
v -0.00778072 0.06849457 0.00849156
v -0.00772486 0.06848694 0.00852500
v -0.00748007 0.06846111 0.00868893
v -0.00683937 0.06839352 0.00911797
v -0.00679282 0.06835154 0.00925255
v -0.00679282 0.06832154 0.00925255
v -0.00671191 0.06713673 0.00900036
v -0.00074525 0.07376553 0.00349220
v -0.00077524 0.07378504 0.00348094
v -0.00074525 0.07378446 0.00348133
v -0.00077520 0.07378608 0.00348039
v -0.00074525 0.07382781 0.00348063
v -0.00074525 0.07298962 0.00400067
v -0.00074525 0.07298617 0.00400293
v -0.00077525 0.07297496 0.00401718
v -0.00077525 0.07297736 0.00401439
v -0.00074525 0.07297496 0.00401718
v -0.00074525 0.07296807 0.00402022
v -0.00074525 0.08317249 0.00278631
v -0.00074525 0.08046291 0.00363281
v -0.00074525 0.08232569 0.00379213
v -0.00632591 0.06713673 0.01026838
v -0.00649764 0.06799038 0.01028722
v -0.00649764 0.06802038 0.01028722
v -0.00648630 0.06773183 0.01098279
v -0.00648630 0.06776182 0.01101279
v -0.00680260 0.06719311 0.01250069
v -0.00681478 0.06718392 0.01252732
v -0.00680260 0.06719311 0.01253069
v -0.00642122 0.06713673 0.01159895
v -0.00653278 0.06743921 0.01178168
v -0.00653278 0.06746921 0.01178168
v -0.00653278 0.06746921 0.01181168
v -0.00670088 0.06728481 0.01223303
v -0.00670088 0.06728481 0.01226303
v -0.00648982 0.06754049 0.01159895
v -0.00648982 0.06751049 0.01159895
v -0.00648982 0.06754049 0.01162895
v -0.00705977 0.06698796 0.01300549
v -0.00708059 0.06700832 0.01303260
v -0.00708059 0.06700832 0.01306260
v -0.00840554 0.06646352 0.01457325
v -0.00757825 0.06678002 0.01368011
v -0.00757825 0.06675002 0.01368011
v -0.00754547 0.06679492 0.01366749
v -0.00797387 0.06662856 0.01410753
v -0.00797387 0.06662856 0.01413753
v -0.00484651 0.06693293 0.01392943
v -0.00874423 0.08230392 0.01230950
v -0.00874423 0.08233391 0.01230950
v -0.00789632 0.08230380 0.01214902
v -0.00777063 0.08230303 0.01212318
v -0.00777063 0.08233303 0.01212318
v -0.00764839 0.08230105 0.01209466
v -0.00764839 0.08233105 0.01209466
v -0.00644517 0.08230123 0.01178310
v -0.00633765 0.08229998 0.01175046
v -0.00633765 0.08232998 0.01175046
v -0.00611130 0.08233004 0.01167746
v -0.00274525 0.06808716 0.01149807
v -0.00395420 0.06759202 0.01242564
v -0.00417802 0.06743775 0.01277202
v -0.00306010 0.06799763 0.01162964
v -0.00119604 0.06849868 0.01095419
v -0.00115124 0.06851832 0.01093989
v -0.00074728 0.06713570 0.01060597
v -0.00074728 0.06738636 0.01065798
v -0.00111955 0.06848881 0.01093975
v -0.00112124 0.06851832 0.01093989
v -0.00108169 0.06853330 0.01093561
v -0.00107406 0.06850905 0.01093600
v -0.00106428 0.06851105 0.01093649
v -0.00102316 0.06851677 0.01094287
v -0.00077525 0.06748559 0.01068255
v -0.00101754 0.06854755 0.01094374
v -0.00102316 0.06854676 0.01094287
v -0.00077525 0.06857727 0.01098757
v -0.00077525 0.06854728 0.01098757
v -0.00074525 0.06854728 0.01098757
v -0.00074525 0.06857727 0.01098757
v -0.00103584 0.08230028 0.00993968
v -0.00103785 0.08230032 0.00994056
v -0.00103858 0.08230034 0.00994085
v -0.00103980 0.08230034 0.00994132
v -0.00103584 0.08233029 0.00993968
v -0.00096705 0.08232871 0.00990820
v -0.00077525 0.08229861 0.00981465
v -0.00077525 0.08228747 0.00982955
v -0.00074525 0.08229861 0.00981465
v -0.00077525 0.08232860 0.00981465
v -0.00074525 0.08232860 0.00981465
v -0.00077525 0.08226367 0.00985691
v -0.00077525 0.08227853 0.00984035
v -0.00074525 0.08251487 0.01091869
v -0.00074525 0.08254488 0.01091869
v -0.00234030 0.07654945 0.01731575
v -0.00195920 0.07709231 0.01639434
v -0.00077525 0.07841809 0.01391378
v -0.00074525 0.07841809 0.01391378
v -0.00077525 0.07723712 0.01526867
v -0.00077525 0.07695501 0.01559041
v -0.00074525 0.07695501 0.01559041
v -0.00077525 0.07549570 0.01718081
v -0.00074525 0.07549570 0.01718081
v -0.00077525 0.07596461 0.01668510
v -0.00074525 0.07596461 0.01668510
v -0.00177614 0.07710481 0.01624987
v -0.00050231 0.08423597 0.00201124
v -0.00050296 0.08423700 0.00201158
v -0.00050296 0.08426544 0.00201158
v -0.00069840 0.08410544 0.00211383
v -0.00069840 0.08408740 0.00211383
v -0.00074010 0.08323551 0.00271202
v -0.02048815 0.07448904 0.02558328
v -0.01232296 0.07447384 0.02558627
v -0.02104460 0.06980202 0.02738097
v -0.01963590 0.06977542 0.02794928
v -0.01913802 0.06930994 0.02824541
v -0.01971790 0.07456884 0.02567900
v -0.01644070 0.06793062 0.02955852
v -0.01838535 0.07465243 0.02581360
v -0.01794604 0.07328071 0.02695921
v -0.01705865 0.07467713 0.02590334
v -0.01705865 0.07412806 0.02656737
v -0.01705865 0.07346310 0.02710279
v -0.01573488 0.06882928 0.02944785
v -0.01573488 0.07424016 0.02656139
v -0.01573488 0.07357330 0.02728525
v -0.01440819 0.07420976 0.02648362
v -0.01307563 0.07454034 0.02569096
v -0.01307563 0.07411286 0.02635500
v -0.01440819 0.07354480 0.02738097
v -0.01307563 0.07344601 0.02733909
v -0.01440819 0.07207999 0.02834113
v -0.01307563 0.07226807 0.02851760
v -0.01440819 0.07274114 0.02804500
v -0.01307563 0.07292923 0.02800612
v -0.01121885 0.07057717 0.02959442
v -0.01041931 0.07060947 0.02963031
v -0.01174894 0.07329971 0.02714466
v -0.01044274 0.07265945 0.02746472
v -0.01121885 0.07304703 0.02728824
v -0.01089962 0.07318192 0.02696819
v -0.01174894 0.07216738 0.02855948
v -0.01174894 0.07282664 0.02780870
v -0.01041931 0.07195079 0.02839198
v -0.01573196 0.06816241 0.02970808
v -0.01374045 0.06647721 0.03087164
v -0.01307563 0.06659500 0.03096736
v -0.00256909 0.07236802 0.02147782
v -0.00249256 0.07347423 0.02044678
v -0.00252933 0.07414733 0.01987327
v -0.00074728 0.06798366 0.02154589
v -0.00074728 0.07416148 0.01849438
v -0.00074728 0.07414702 0.01850879
v -0.00074728 0.07409386 0.01855439
v -0.00077525 0.07451239 0.01817042
v -0.00074525 0.07451239 0.01817042
v -0.00168017 0.07452659 0.01898816
v -0.00074728 0.07346432 0.01909572
v -0.00074728 0.07343972 0.01911479
v -0.00074728 0.07149223 0.02040719
v -0.00074728 0.07149002 0.02040818
v -0.00074728 0.07218025 0.02009879
v -0.00074728 0.07218113 0.02009840
v -0.00074728 0.07220534 0.02007961
v -0.00272001 0.07036456 0.02333415
v -0.00280175 0.06780267 0.02554539
v -0.00268375 0.07104900 0.02272232
v -0.00074728 0.06747884 0.02169671
v -0.00243806 0.07547910 0.01858115
v -0.00271263 0.07533201 0.01894045
v -0.00277946 0.07560236 0.01871656
v -0.00276342 0.07541394 0.01890056
v -0.00262681 0.07497388 0.01920279
v -0.00171828 0.07581928 0.01762920
v -0.00958171 0.07055058 0.02960638
v -0.00869725 0.07032259 0.02938205
v -0.00759606 0.06991981 0.02900217
v -0.00971350 0.07181590 0.02823344
v -0.00882318 0.07158981 0.02795527
v -0.00806172 0.07070256 0.02849666
v -0.00577148 0.07046318 0.02687546
v -0.00717726 0.07040618 0.02814371
v -0.00713040 0.06910476 0.02951067
v -0.00540540 0.06823461 0.02859238
v -0.00486652 0.06848919 0.02778477
v -0.00582713 0.06772733 0.02947776
v -0.00578027 0.06912376 0.02819755
v -0.00908676 0.06847019 0.03048578
v -0.00776007 0.06697688 0.03101222
v -0.00776007 0.06764375 0.03078789
v -0.00801779 0.06943534 0.02978286
v -0.00671452 0.06821561 0.02988456
v -0.00684339 0.06675079 0.03099128
v -0.00549619 0.06684199 0.02983969
v -0.00274519 0.06720749 0.02594872
v -0.00277743 0.06673139 0.02634457
v -0.00423392 0.06679829 0.02845778
v -0.00451801 0.06768554 0.02811380
v -0.01971886 0.11179864 0.00442620
v -0.02080186 0.11361625 0.00210012
v -0.02077731 0.11357403 0.00216052
v -0.02080965 0.11354373 0.00219503
v -0.02087609 0.11277354 0.00305648
v -0.02086402 0.11282427 0.00300151
v -0.02093950 0.11274672 0.00307237
v -0.01838807 0.11193448 0.00454029
v -0.01838807 0.11110808 0.00520634
v -0.01705727 0.11113827 0.00527727
v -0.01705727 0.11203259 0.00461430
v -0.01705727 0.11321747 0.00326678
v -0.01705727 0.11269673 0.00393283
v -0.01838807 0.11044771 0.00567813
v -0.01705727 0.11047413 0.00568584
v -0.01573400 0.11113450 0.00533277
v -0.01573400 0.11209674 0.00466826
v -0.01573400 0.11047036 0.00567351
v 0.00124827 0.00525292 -0.02764126
v 0.00132566 0.00556241 -0.02765064
v 0.00143525 0.00598496 -0.02765894
v 0.00209962 0.00598496 -0.02761246
v 0.00288386 0.00598496 -0.02754938
v 0.00421490 0.00556241 -0.02726219
v 0.00421604 0.00598496 -0.02737839
v 0.00554479 0.00556241 -0.02702148
v 0.00592982 0.00553241 -0.02685606
v 0.00592982 0.00556241 -0.02685606
v 0.00635452 0.00543161 -0.02680369
v 0.00554479 0.00598496 -0.02713935
v 0.00454167 0.00385280 -0.02642150
v 0.00655934 0.00553241 -0.02673516
v 0.00655934 0.00556241 -0.02673516
v 0.00737354 0.00556241 -0.02663801
v 0.00687355 0.00598496 -0.02683390
v 0.00805847 0.00556241 -0.02644212
v 0.00882216 0.00598496 -0.02627778
v 0.01021258 0.00397919 -0.02496321
v 0.00952763 0.00598496 -0.02600885
v 0.01127419 0.00556241 -0.02526016
v 0.01169312 0.00513632 -0.02503910
v 0.01172966 0.00556241 -0.02506428
v 0.01177449 0.00556241 -0.02500902
v 0.01085638 0.00598496 -0.02548095
v 0.01177076 0.00598496 -0.02508752
v 0.00512253 -0.00006008 -0.02236106
v 0.00553860 -0.00073033 -0.02030644
v 0.00409384 0.00812761 -0.01889331
v 0.00409384 0.00809761 -0.01889331
v 0.00613922 0.01360992 -0.01636923
v 0.00613922 0.01360992 -0.01633923
v 0.00546479 0.01472272 -0.01615734
v 0.00546479 0.01475272 -0.01618734
v 0.00546479 0.01475272 -0.01615734
v 0.00569173 0.01428008 -0.01627883
v 0.00569550 0.01427224 -0.01625035
v 0.00541641 0.01532285 -0.01599620
v 0.00541429 0.01534781 -0.01599859
v 0.00541400 0.01535122 -0.01599751
v 0.00541641 0.01532285 -0.01597651
v 0.00541429 0.01531781 -0.01596859
v 0.01167691 -0.00007699 -0.01973180
v 0.01086099 -0.00059147 -0.01897284
v 0.00693700 0.00818912 -0.01801036
v 0.00693700 0.00821912 -0.01801036
v 0.00747952 0.01169995 -0.01660657
v 0.00747952 0.01169995 -0.01657657
v 0.00756679 0.01160484 -0.01661197
v 0.00756880 0.01160265 -0.01658209
v 0.00822107 0.01100061 -0.01658504
v 0.00823302 0.01099053 -0.01661477
v 0.00823302 0.01099053 -0.01658477
v 0.00871892 0.01058060 -0.01660371
v 0.00870805 0.01058977 -0.01657396
v 0.01132937 0.00851052 -0.01659073
v 0.01132298 0.00851325 -0.01656163
v 0.01163257 0.00838057 -0.01654831
v 0.01163257 0.00838057 -0.01651831
v 0.01163309 0.00838043 -0.01651820
v 0.01174828 0.00836516 -0.01648946
v 0.01211159 0.00830757 -0.01642118
v 0.01211159 0.00830757 -0.01639118
v 0.01211159 0.00833757 -0.01642118
v 0.01211159 0.00833757 -0.01639118
v 0.01218222 0.00556241 -0.02476825
v 0.01229815 0.00598496 -0.02481361
v 0.01229815 0.00559927 -0.02470299
v 0.01433924 0.00710185 -0.02356848
v 0.01545661 0.00558181 -0.02292215
v 0.01547937 0.00818349 -0.02293736
v 0.01553678 0.00807892 -0.02288559
v 0.01570356 0.00784841 -0.02273620
v 0.01579086 0.00781324 -0.02265915
v 0.01597620 0.00836303 -0.02262400
v 0.01720868 0.00395738 -0.02068186
v 0.01551335 -0.00000578 -0.01698870
v 0.01628297 0.00772481 -0.02222633
v 0.01664400 0.00836303 -0.02216250
v 0.01684651 0.00769521 -0.02173165
v 0.01745906 0.00836303 -0.02149848
v 0.01950108 0.00529921 -0.01965048
v 0.02148685 0.00399477 -0.01630835
v 0.02290525 0.00557558 -0.01545045
v 0.01804072 0.00779339 -0.02068554
v 0.01812001 0.00836303 -0.02093904
v 0.01950698 0.00836303 -0.01966246
v 0.02014593 0.00818113 -0.01884432
v 0.02047848 0.00825663 -0.01856561
v 0.02048872 0.00825568 -0.01855417
v 0.02063970 0.00825630 -0.01836613
v 0.02081519 0.00836303 -0.01830951
v 0.02102310 0.00824784 -0.01786448
v 0.02126442 0.00832292 -0.01757724
v 0.02126442 0.00832292 -0.01754724
v 0.02128394 0.00835705 -0.01755106
v 0.02128394 0.00835705 -0.01752106
v 0.02139777 0.00836384 -0.01758010
v 0.02139737 0.00836303 -0.01758075
v 0.02137308 0.00836011 -0.01757594
v 0.02139775 0.00836380 -0.01755797
v 0.02146447 0.00849918 -0.01747295
v 0.02151608 0.00831968 -0.01721792
v 0.02224846 0.00836394 -0.01646671
v 0.02237608 0.00831460 -0.01609244
v 0.02234857 0.01148855 -0.01633101
v 0.02286047 0.01286286 -0.01558705
v 0.01032653 0.02409871 -0.01147118
v 0.01032980 0.02409413 -0.01146855
v 0.01047968 0.02391382 -0.01147009
v 0.01047630 0.02391567 -0.01146855
v 0.00684027 0.02897006 -0.01147406
v 0.00683984 0.02897066 -0.01146697
v 0.00681392 0.02975111 -0.01147340
v 0.00681380 0.02975468 -0.01146697
v 0.00686589 0.02983889 -0.01147347
v 0.00754620 0.03063306 -0.01147388
v 0.00754956 0.03063694 -0.01146697
v 0.01960375 -0.00008767 -0.01184403
v 0.01949298 -0.00062997 -0.00934082
v 0.02213796 0.00001202 -0.00629820
v 0.02320649 0.00027549 -0.00135953
v 0.02146832 -0.00065336 0.00088016
v 0.02148415 -0.00065355 0.00096207
v 0.01370148 0.02094883 -0.01147133
v 0.01370148 0.02097883 -0.01147133
v 0.01370254 0.02094925 -0.01144133
v 0.01788835 0.02258682 -0.01144031
v 0.01821952 0.02271272 -0.01147025
v 0.01821952 0.02271272 -0.01144025
v 0.01821952 0.02274272 -0.01147025
v 0.01821952 0.02274272 -0.01144025
v 0.01815686 0.02272651 -0.01133735
v 0.01815607 0.02272956 -0.01126842
v 0.01815686 0.02275651 -0.01133735
v 0.01815607 0.02275956 -0.01126842
v 0.01817750 0.02273167 -0.01117227
v 0.01883607 0.02275058 -0.00838045
v 0.01548526 0.02392806 -0.00051700
v 0.01548526 0.02392806 -0.00054700
v 0.01549284 0.02391967 -0.00054363
v 0.01548865 0.02392292 -0.00054764
v 0.01549098 0.02392087 -0.00051575
v 0.01551996 0.02391354 -0.00052046
v 0.01367317 0.02864044 -0.00054980
v 0.01367317 0.02864044 -0.00051980
v 0.01350499 0.02991610 -0.00054985
v 0.01350440 0.02991331 -0.00054948
v 0.01350490 0.02991597 -0.00051985
v 0.01400468 0.03065743 -0.00054975
v 0.01400487 0.03065767 -0.00054976
v 0.01400530 0.03065818 -0.00051977
v 0.01400527 0.03065815 -0.00051978
v 0.01401971 0.03066644 -0.00051360
v 0.01418185 0.03075465 -0.00047050
v 0.01626778 0.03182219 0.00039040
v 0.01626778 0.03182219 0.00042040
v 0.01710124 0.03218417 0.00078361
v 0.01710124 0.03218417 0.00081361
v 0.01742148 0.03229298 0.00095778
v 0.01910150 0.02280336 -0.00052046
v 0.01910150 0.02283336 -0.00052046
v 0.02047906 0.02279748 -0.00142300
v 0.02047906 0.02282748 -0.00142300
v 0.02066028 0.02279959 -0.00052085
v 0.02072800 0.02279907 -0.00052085
v 0.02087782 0.02279815 -0.00055085
v 0.02087782 0.02282815 -0.00055085
v 0.02087782 0.02279815 -0.00052085
v 0.02087782 0.02282815 -0.00052085
v 0.00163531 0.05518535 -0.02841721
v 0.00288386 0.05488765 -0.02842921
v 0.00396854 0.05489938 -0.02841316
v 0.00408708 0.05491853 -0.02841300
v 0.00422814 0.05491300 -0.02841040
v 0.00420620 0.05490073 -0.02841248
v 0.00439780 0.05490442 -0.02840061
v 0.00582219 0.05488765 -0.02834454
v 0.00518614 0.05497143 -0.02834937
v 0.00651919 0.05504982 -0.02825812
v 0.00424039 0.05543565 -0.02477232
v 0.00421039 0.05543565 -0.02477232
v 0.00421039 0.05546565 -0.02477232
v 0.00424039 0.05546565 -0.02477232
v 0.00287838 0.05851194 -0.02875402
v 0.00185029 0.06281012 -0.02907499
v 0.00155056 0.06582619 -0.02929125
v 0.00287838 0.06448898 -0.02924389
v 0.00443126 0.06241703 -0.02906689
v 0.00443126 0.06278715 -0.02909251
v 0.00443126 0.06307524 -0.02911887
v 0.00443126 0.06582619 -0.02933613
v 0.00427910 0.05813738 -0.02365136
v 0.00430910 0.05813738 -0.02365136
v 0.00429890 0.05900691 -0.02329362
v 0.00744798 0.05506229 -0.02818901
v 0.00819545 0.05488765 -0.02822668
v 0.00878018 0.05504223 -0.02808487
v 0.00952078 0.05488765 -0.02813704
v 0.01085296 0.05488765 -0.02801751
v 0.01121093 0.05495302 -0.02788795
v 0.01118921 0.06512054 -0.02903385
v 0.00281092 0.05511758 -0.02101545
v 0.00124564 0.05506657 -0.01992240
v 0.00123877 0.05503700 -0.01992403
v 0.00155755 0.05502878 -0.01995178
v 0.00159234 0.05502920 -0.01996465
v 0.00257823 0.05505121 -0.02041168
v 0.00258211 0.05508130 -0.02041344
v 0.00570023 0.05495412 -0.02091219
v 0.00646944 0.05335468 -0.01553390
v 0.00638040 0.05457319 -0.01765379
v 0.00620232 0.05450932 -0.01698645
v 0.00621602 0.05450932 -0.01698645
v 0.00443126 0.06487039 -0.02088439
v 0.00443126 0.06489308 -0.02075658
v 0.00443126 0.06550384 -0.02066357
v 0.00444974 0.06572410 -0.02061858
v 0.00441974 0.06572410 -0.02061858
v 0.00442163 0.06577557 -0.02061312
v 0.00445163 0.06577557 -0.02061312
v 0.00442127 0.06578830 -0.02061219
v 0.00445286 0.06583505 -0.02061103
v 0.00443135 0.06583505 -0.02061103
v 0.00442758 0.06587290 -0.02061144
v 0.00442933 0.06585836 -0.02061293
v 0.00445378 0.06582132 -0.02061077
v 0.00446126 0.06487039 -0.02088439
v 0.00446126 0.06550384 -0.02066357
v 0.00445398 0.06582402 -0.02061074
v 0.00445934 0.06585836 -0.02061293
v 0.00864203 0.05463136 -0.01940965
v 0.00867203 0.05463136 -0.01940965
v 0.00686670 0.05118297 -0.01501098
v 0.00689410 0.05256363 -0.01534133
v 0.01155150 0.05267007 -0.01808298
v 0.01158150 0.05267007 -0.01808298
v 0.01928628 0.04833987 -0.02447703
v 0.02089425 0.04728554 -0.02362973
v 0.02226912 0.04660413 -0.02292086
v 0.02286184 0.04640038 -0.02262163
v 0.02295422 0.04629279 -0.02254865
v 0.01663916 0.04940566 -0.01629223
v 0.01666916 0.04940566 -0.01629223
v 0.02299459 0.04622089 -0.02250811
v 0.02311732 0.04579423 -0.02231258
v 0.02305363 0.04606177 -0.02243007
v 0.01993578 0.04431411 -0.01513055
v 0.01451861 0.05264127 -0.02707254
v 0.01467429 0.05242062 -0.02698211
v 0.01218856 0.05488765 -0.02784653
v 0.01250602 0.05489745 -0.02778197
v 0.01319757 0.05488891 -0.02769055
v 0.01327151 0.05489011 -0.02767728
v 0.01319757 0.05491891 -0.02769055
v 0.01326580 0.05492002 -0.02767831
v 0.01373649 0.05488765 -0.02760748
v 0.01380945 0.05483178 -0.02756846
v 0.01380945 0.05486178 -0.02756846
v 0.01373649 0.05488765 -0.02759203
v 0.01362532 0.05489429 -0.02761352
v 0.01375221 0.05490561 -0.02758695
v 0.01408705 0.05414657 -0.02738654
v 0.01561346 0.05703177 -0.02763779
v 0.01655267 0.05061472 -0.02595164
v 0.01218875 0.05916742 -0.02836411
v 0.01551048 0.06548665 -0.02861412
v 0.01789929 0.05203588 -0.02622611
v 0.01940567 0.05333252 -0.02626706
v 0.02148957 0.05385118 -0.02573902
v 0.01955712 0.06577077 -0.02795030
v 0.02330289 0.06010940 -0.02623473
v 0.01527825 0.05035090 -0.01677138
v 0.01532930 0.05033629 -0.01676397
v 0.01257980 0.03342944 -0.01184358
v 0.01259049 0.03341870 -0.01184168
v 0.01773386 0.03627665 -0.01234868
v 0.01961644 0.03732359 -0.01253980
v 0.01983132 0.03746361 -0.01258905
v 0.01987793 0.03749172 -0.01260769
v 0.01989188 0.03748205 -0.01260127
v 0.02064738 0.03795592 -0.01294617
v 0.02067738 0.03795592 -0.01294617
v 0.02067738 0.03795592 -0.01291617
v 0.02071164 0.03797280 -0.01296311
v 0.02332734 0.03886067 -0.01386075
v 0.02329734 0.03886067 -0.01386075
v 0.02332734 0.03886067 -0.01383075
v 0.02318979 0.03924213 -0.01397334
v 0.02321979 0.03924213 -0.01397334
v 0.02337282 0.00836394 -0.01482233
v 0.02343455 0.00836140 -0.01470624
v 0.02345459 0.00836203 -0.01467943
v 0.02350233 0.00836203 -0.01461695
v 0.02353956 0.00836203 -0.01453085
v 0.02353973 0.01450218 -0.01455929
v 0.02457141 0.03280428 -0.01483016
v 0.02420208 0.00393602 -0.01177356
v 0.02477754 0.00554532 -0.01225875
v 0.02615812 0.00527873 -0.00904672
v 0.02605546 0.00410647 -0.00734448
v 0.02356383 0.00836169 -0.01448111
v 0.02462373 0.00836394 -0.01263500
v 0.02496942 0.00813102 -0.01127918
v 0.02539959 0.00836394 -0.01099062
v 0.02436342 0.01557957 -0.01311231
v 0.02489000 0.01589968 -0.01209358
v 0.02492862 0.01595853 -0.01201874
v 0.02516882 0.01601635 -0.01152144
v 0.02569909 0.00808221 -0.00960211
v 0.02615470 0.00836394 -0.00905815
v 0.02631482 0.00814409 -0.00816533
v 0.02639949 0.00836394 -0.00833125
v 0.02649890 0.00820147 -0.00772763
v 0.02672657 0.00836206 -0.00716749
v 0.02673408 0.00836203 -0.00714383
v 0.02677246 0.00836203 -0.00701379
v 0.02679032 0.00836203 -0.00701379
v 0.02681716 0.00836203 -0.00681949
v 0.02682112 0.00836205 -0.00680026
v 0.02751979 0.00519239 -0.00273108
v 0.02741289 0.00722158 -0.00287499
v 0.02654987 0.00358109 -0.00069544
v 0.02756122 0.00700361 -0.00186972
v 0.02759119 0.00657686 -0.00131487
v 0.02757628 0.00633695 -0.00095428
v 0.02758233 0.00643073 -0.00114896
v 0.02757406 0.00630501 -0.00084885
v 0.02757027 0.00626186 -0.00052156
v 0.02768566 0.00626186 -0.00052156
v 0.02760076 0.00674075 -0.00141681
v 0.02761770 0.00707511 -0.00143822
v 0.02767321 0.00626186 0.00096325
v 0.02708821 0.00836394 -0.00567631
v 0.02733300 0.00836394 -0.00434219
v 0.02758194 0.00836394 -0.00230113
v 0.02768592 0.00839187 -0.00052931
v 0.02519871 0.01607701 -0.01147341
v 0.02519871 0.01607701 -0.01145071
v 0.02519871 0.02192474 -0.01146981
v 0.02520119 0.02273062 -0.01146855
v 0.02541280 0.02273062 -0.01100283
v 0.02586456 0.02273062 -0.00988413
v 0.02596539 0.02273062 -0.00962347
v 0.02601849 0.02273062 -0.00947793
v 0.02602159 0.02273062 -0.00946943
v 0.02626250 0.02273062 -0.00876157
v 0.02626866 0.02273062 -0.00876157
v 0.02639078 0.02273062 -0.00838944
v 0.02640778 0.02272956 -0.00834012
v 0.02678534 0.02272956 -0.00701486
v 0.02678990 0.02273062 -0.00701568
v 0.02499896 0.02697055 -0.01257328
v 0.02465246 0.03244654 -0.01430664
v 0.02470565 0.03225323 -0.01395715
v 0.02470577 0.03230496 -0.01395715
v 0.02530036 0.03268800 -0.01395715
v 0.02532015 0.03270063 -0.01396061
v 0.02533314 0.03271200 -0.01395715
v 0.02710481 0.02272956 -0.00568518
v 0.02710569 0.02273062 -0.00568822
v 0.02734985 0.02273062 -0.00435917
v 0.02734960 0.02272956 -0.00435549
v 0.02753293 0.02272956 -0.00303350
v 0.02754844 0.02273062 -0.00292557
v 0.02768966 0.02211451 -0.00052047
v 0.02762498 0.02273062 -0.00200475
v 0.02764662 0.02273062 -0.00173395
v 0.02764417 0.02272956 -0.00169612
v 0.02768981 0.02272956 -0.00052599
v 0.02769493 0.02274125 -0.00052072
v 0.02778964 0.02289612 -0.00052075
v 0.02779332 0.02290213 -0.00052733
v 0.02779732 0.02292272 -0.00049136
v 0.02779638 0.02291635 -0.00049467
v 0.02779827 0.02292917 -0.00048830
v 0.02779992 0.02294063 -0.00048367
v 0.02779525 0.02290916 -0.00047038
v 0.02779525 0.02290916 -0.00050038
v 0.02781091 0.02301773 -0.00045602
v 0.02769035 0.02207876 -0.00036164
v 0.02767981 0.02207876 0.00096515
v 0.02767988 0.02207876 0.00095687
v 0.02783779 0.02320782 -0.00039426
v 0.02826807 0.02653881 0.00065950
v 0.02837091 0.02745769 0.00095171
v 0.02850086 0.02865947 0.00133456
v 0.02854989 0.02916051 0.00149494
v 0.02369360 0.03856817 -0.01953851
v 0.02383637 0.03761404 -0.01902867
v 0.02372336 0.03827622 -0.01941266
v 0.02417008 0.03475706 -0.01717707
v 0.02421548 0.03450795 -0.01692509
v 0.02400865 0.03593319 -0.01807288
v 0.02394548 0.03648554 -0.01842338
v 0.02396616 0.03628051 -0.01830867
v 0.02437937 0.03366895 -0.01601551
v 0.02443405 0.03345221 -0.01571202
v 0.02342899 0.04172255 -0.02077791
v 0.02793714 0.04442763 -0.01957718
v 0.02871457 0.04200596 -0.01826571
v 0.03003114 0.03868045 -0.01557058
v 0.03084693 0.04602174 -0.01862725
v 0.03140021 0.04264665 -0.01694778
v 0.03382992 0.04282017 -0.01503581
v 0.02417926 0.05459866 -0.02496206
v 0.02772916 0.05650549 -0.02377344
v 0.02348866 0.06614642 -0.02703163
v 0.02647518 0.05818349 -0.02475300
v 0.02943343 0.05928946 -0.02361395
v 0.03207364 0.06642481 -0.02360129
v 0.03705421 0.05251640 -0.01719994
v 0.03658977 0.05424017 -0.01820860
v 0.03814260 0.05109009 -0.01570205
v 0.03801538 0.05742076 -0.01825170
v 0.03958387 0.05799853 -0.01684217
v 0.03614957 0.05928183 -0.01990693
v 0.03727229 0.06315651 -0.01998452
v 0.03945312 0.06369805 -0.01834438
v 0.04072526 0.05867927 -0.01560722
v 0.02337897 0.03887264 -0.01390621
v 0.02340897 0.03887264 -0.01390621
v 0.02340897 0.03887264 -0.01387621
v 0.02484440 0.04027911 -0.01340617
v 0.02483826 0.04027309 -0.01337831
v 0.02625469 0.03339669 -0.01395715
v 0.02756087 0.03446397 -0.01395715
v 0.02803494 0.04183189 -0.01229394
v 0.03024225 0.03699805 -0.01395715
v 0.03029769 0.03705583 -0.01396061
v 0.03278458 0.03988434 -0.01395715
v 0.03278948 0.03989319 -0.01396061
v 0.03281971 0.03993044 -0.01395715
v 0.02916414 0.04240057 -0.01203227
v 0.02918834 0.04242830 -0.01203006
v 0.03025941 0.04360468 -0.01182793
v 0.03030321 0.04350853 -0.01184467
v 0.03025235 0.04385844 -0.01178377
v 0.03024973 0.04380461 -0.01178791
v 0.03024938 0.04380313 -0.01179339
v 0.03069277 0.04320418 -0.01189241
v 0.03069277 0.04323418 -0.01189241
v 0.03043296 0.04478773 -0.01161681
v 0.03043296 0.04481773 -0.01161681
v 0.03097074 0.04760648 -0.01132162
v 0.03120221 0.04878994 -0.01119655
v 0.03390360 0.04137938 -0.01395715
v 0.03445667 0.04216970 -0.01395715
v 0.03140474 0.04518036 0.00034719
v 0.03100649 0.04723514 -0.00041546
v 0.03104542 0.04720252 0.00078508
v 0.03112178 0.04586936 0.00066466
v 0.03152167 0.05042326 -0.01108814
v 0.03514415 0.04321288 -0.01395715
v 0.03515814 0.04321935 -0.01395350
v 0.03518828 0.04321935 -0.01391022
v 0.03528667 0.04321327 -0.01379860
v 0.03528667 0.04324327 -0.01379860
v 0.03571663 0.04321327 -0.01331084
v 0.03644333 0.04532949 -0.01395350
v 0.03667177 0.04407143 -0.01283689
v 0.03641983 0.04321327 -0.01239999
v 0.03728582 0.04321327 -0.01103609
v 0.03659987 0.04558317 -0.01396061
v 0.03665391 0.04566408 -0.01395350
v 0.03756738 0.04321327 -0.01052354
v 0.03756738 0.04324327 -0.01052354
v 0.03758512 0.04323286 -0.01049125
v 0.03805665 0.04795676 -0.01395350
v 0.03945650 0.04915946 -0.01301934
v 0.03952088 0.04639121 -0.01048689
v 0.03951339 0.04772845 -0.01178231
v 0.03762852 0.04322635 -0.01041225
v 0.03765150 0.04321981 -0.01037042
v 0.03767448 0.04321327 -0.01032859
v 0.03767448 0.04324327 -0.01032859
v 0.03792716 0.04321327 -0.00986862
v 0.03799227 0.04321327 -0.00972764
v 0.03805087 0.04263178 -0.00886906
v 0.03821039 0.04237913 -0.00798197
v 0.03850665 0.04312705 -0.00839384
v 0.03855548 0.04321327 -0.00838908
v 0.03874364 0.04321327 -0.00782072
v 0.03874364 0.04324327 -0.00782072
v 0.03836991 0.04212246 -0.00701568
v 0.03880616 0.04321327 -0.00763189
v 0.03878831 0.04322147 -0.00768581
v 0.03879058 0.04322127 -0.00767896
v 0.03884994 0.04321327 -0.00749718
v 0.03884994 0.04324327 -0.00749718
v 0.03903730 0.04321327 -0.00691588
v 0.03909590 0.04321327 -0.00670203
v 0.04062991 0.04901982 -0.01071678
v 0.04080695 0.04777737 -0.00912214
v 0.04074706 0.04657875 -0.00759683
v 0.04145522 0.04853161 -0.00767711
v 0.03841549 0.04072087 -0.00302853
v 0.03844154 0.04045017 -0.00166147
v 0.03812900 0.03984862 -0.00119416
v 0.03812900 0.03984461 0.00049289
v 0.03858478 0.04054842 -0.00037044
v 0.03844154 0.04044215 0.00094435
v 0.03807366 0.04126025 -0.00622839
v 0.03850665 0.04177357 -0.00574841
v 0.03921311 0.04294057 -0.00568822
v 0.03936611 0.04321327 -0.00568822
v 0.03957980 0.04321327 -0.00467388
v 0.03957980 0.04324327 -0.00467388
v 0.03960226 0.04321578 -0.00456724
v 0.03887453 0.04187784 -0.00435917
v 0.03935309 0.04268591 -0.00435917
v 0.03942471 0.04256159 -0.00360831
v 0.03964610 0.04321327 -0.00435917
v 0.03962553 0.04321742 -0.00445682
v 0.03965550 0.04321565 -0.00429695
v 0.03977251 0.04321327 -0.00351825
v 0.03977251 0.04324327 -0.00351825
v 0.03914474 0.04195804 -0.00311249
v 0.03979331 0.04321327 -0.00337710
v 0.03983890 0.04324327 -0.00301976
v 0.03948006 0.04245732 -0.00272281
v 0.03917404 0.04167732 -0.00169949
v 0.03954517 0.04234303 -0.00169949
v 0.03997032 0.04321327 -0.00193745
v 0.03999756 0.04321327 -0.00170847
v 0.03921636 0.04160915 -0.00037044
v 0.03958749 0.04227486 -0.00037044
v 0.04006640 0.04321327 -0.00042492
v 0.04006922 0.04321327 -0.00037231
v 0.04006932 0.04322042 -0.00037248
v 0.04005270 0.04322650 -0.00010066
v 0.04004402 0.04321327 0.00004020
v 0.03917404 0.04168735 0.00095861
v 0.03954192 0.04235105 0.00095861
v 0.03998793 0.04321327 0.00095069
v 0.04072011 0.04530267 -0.00463014
v 0.04079273 0.04581432 -0.00568472
v 0.04210499 0.04916354 -0.00507532
v 0.04155703 0.04720252 -0.00435646
v 0.04086833 0.04499282 -0.00169629
v 0.04201965 0.04814430 -0.00169629
v 0.04145672 0.04653594 -0.00036803
v 0.04200618 0.04820137 -0.00036803
v 0.03923343 0.05020519 -0.01395350
v 0.03930141 0.05038653 -0.01395350
v 0.03935442 0.05048355 -0.01395740
v 0.03939253 0.05054855 -0.01396061
v 0.03940934 0.05059753 -0.01393829
v 0.03940934 0.05059753 -0.01390829
v 0.03964337 0.05125986 -0.01396061
v 0.03964337 0.05125986 -0.01393061
v 0.03987309 0.05191127 -0.01395328
v 0.04003497 0.05234351 -0.01395350
v 0.03528737 0.06559515 -0.00980226
v 0.04059585 0.05383979 -0.01395350
v 0.04078487 0.05276042 -0.01302299
v 0.04065553 0.05413001 -0.01395350
v 0.04077776 0.05447662 -0.01396061
v 0.04086746 0.05474155 -0.01378008
v 0.04146028 0.05784027 -0.01396061
v 0.04153981 0.05450637 -0.01232967
v 0.04254067 0.05782704 -0.01099776
v 0.04154655 0.05152409 -0.01033180
v 0.04206307 0.05335056 -0.01020956
v 0.04207655 0.05059862 -0.00757128
v 0.04258259 0.05383979 -0.00834124
v 0.04269488 0.05318137 -0.00701298
v 0.04313953 0.05650204 -0.00701298
v 0.04154469 0.05812574 -0.01381766
v 0.04153072 0.05838609 -0.01395350
v 0.04152731 0.05835017 -0.01394551
v 0.04158847 0.05866690 -0.01395350
v 0.04207655 0.05867913 -0.01293176
v 0.04200856 0.06240138 -0.01395350
v 0.04206307 0.06240138 -0.01395350
v 0.04213946 0.06299132 -0.01381165
v 0.04215717 0.06309371 -0.01378702
v 0.04263199 0.06240138 -0.01232967
v 0.04272345 0.06306926 -0.01215395
v 0.04280556 0.06240138 -0.01168628
v 0.04281118 0.06240903 -0.01167282
v 0.04281630 0.06240903 -0.01164834
v 0.04299131 0.06240138 -0.01099776
v 0.04314713 0.06379373 -0.01076062
v 0.04292769 0.05849363 -0.00966585
v 0.04325332 0.06011421 -0.00863499
v 0.04344433 0.06236551 -0.00860674
v 0.04345928 0.06239682 -0.00856357
v 0.04350849 0.06302464 -0.00855526
v 0.04262750 0.05185636 -0.00568472
v 0.04278957 0.05185636 -0.00369050
v 0.04302350 0.05383979 -0.00502059
v 0.04349736 0.05772920 -0.00444403
v 0.04260729 0.05052523 -0.00169629
v 0.04271434 0.05118978 -0.00036803
v 0.04319194 0.05383979 -0.00169629
v 0.04316648 0.05383979 -0.00036803
v 0.04342849 0.05581711 -0.00099567
v 0.04407227 0.06448062 -0.00302455
v 0.04366354 0.05916021 -0.00036803
v 0.01152652 0.02284785 0.00695345
v 0.01152652 0.02287785 0.00695345
v 0.02247298 -0.00026703 0.00295299
v 0.01882836 -0.00073121 0.00893523
v 0.02217038 -0.00001513 0.00604169
v 0.02078305 -0.00024088 0.00880309
v 0.01750181 -0.00062619 0.01292519
v 0.01606585 0.00006431 0.01649637
v 0.01888780 -0.00004851 0.01300651
v 0.02310674 0.00625289 0.01495796
v 0.02157466 0.00392623 0.01603558
v 0.02143526 0.00626186 0.01751120
v 0.02224603 0.00513098 0.01637846
v 0.02229617 0.00626187 0.01643637
v 0.02223985 0.00626144 0.01649658
v 0.02236828 0.00623144 0.01631677
v 0.02236828 0.00626144 0.01631677
v 0.02234155 0.00626159 0.01636082
v 0.01452420 0.02286288 0.00398700
v 0.01504187 0.02283029 0.00347472
v 0.02177216 0.02207876 0.01710166
v 0.02138034 0.02210596 0.01758501
v 0.02166585 0.02207876 0.01723144
v 0.02236255 0.02207596 0.01635215
v 0.02234650 0.02207728 0.01636552
v 0.02284006 0.02207876 0.01565369
v 0.02305866 0.03192132 0.01597304
v 0.02255430 0.03219342 0.01693507
v 0.00487398 -0.00032221 0.02201103
v 0.00916971 -0.00005251 0.02097492
v 0.00952634 -0.00066735 0.01923405
v 0.00880768 0.00401301 0.02552936
v 0.01051000 0.00622753 0.02548010
v 0.01109400 0.00626356 0.02537186
v 0.01168594 0.00621101 0.02483668
v 0.00232355 0.00397385 0.02689549
v 0.00162561 0.00580852 0.02740383
v 0.00287907 0.00626356 0.02754811
v 0.00155555 0.00626356 0.02765448
v 0.00417059 0.00620943 0.02732761
v 0.00421088 0.00626356 0.02737082
v 0.00440027 0.00621131 0.02728884
v 0.00479223 0.00617638 0.02718724
v 0.00566725 0.00615831 0.02695806
v 0.00554270 0.00626356 0.02713591
v 0.00705533 0.00617142 0.02659372
v 0.00675212 0.00626356 0.02685446
v 0.00835919 0.00519506 0.02626935
v 0.00878312 0.00525310 0.02606621
v 0.00818143 0.00626356 0.02645334
v 0.00984957 0.00625524 0.02584818
v 0.00981586 0.00625797 0.02586745
v 0.00997170 0.00626356 0.02582838
v 0.01203843 0.02215939 0.02493283
v 0.00165479 0.02291475 0.02762746
v 0.00268160 0.02292190 0.02756139
v 0.00287264 0.02292834 0.02754909
v 0.00287394 0.02292854 0.02754900
v 0.00155648 0.02292263 0.02765309
v 0.00419339 0.02292190 0.02737371
v 0.00454478 0.02292190 0.02730815
v 0.00554059 0.02292263 0.02713363
v 0.00563953 0.02290989 0.02710000
v 0.00599850 0.02292263 0.02703095
v 0.00601955 0.02292189 0.02702556
v 0.00595629 0.02292190 0.02703976
v 0.00642595 0.02292263 0.02693510
v 0.00755687 0.02292190 0.02663199
v 0.00771126 0.02292190 0.02658768
v 0.00655892 0.02290282 0.02688750
v 0.00691605 0.02292263 0.02681599
v 0.00709246 0.02289386 0.02675091
v 0.00819666 0.02292263 0.02644873
v 0.00844243 0.02286937 0.02635143
v 0.00918215 0.02292263 0.02611455
v 0.00952569 0.02292190 0.02600124
v 0.00954625 0.02292190 0.02598747
v 0.00986420 0.02292190 0.02587303
v 0.01043846 0.02292190 0.02565072
v 0.01043846 0.02292190 0.02565552
v 0.01294131 -0.00004940 0.01896435
v 0.01771101 0.00623160 0.02087284
v 0.01743152 0.00626186 0.02150690
v 0.01428947 0.00518349 0.02362112
v 0.01486979 0.00623308 0.02311897
v 0.01274072 0.00621061 0.02426481
v 0.01264985 0.00626356 0.02462502
v 0.01379496 0.00626356 0.02400671
v 0.01497841 0.00390442 0.02232817
v 0.01584456 0.00625303 0.02259789
v 0.01600187 0.00625601 0.02251138
v 0.01593783 0.00622664 0.02255535
v 0.01594483 0.00625168 0.02255083
v 0.01554997 0.00626356 0.02292524
v 0.01685248 0.00623865 0.02169994
v 0.01873920 0.00407087 0.01948207
v 0.01974424 0.00494850 0.01915951
v 0.02052872 0.00626186 0.01857716
v 0.01974687 0.00623508 0.01890754
v 0.01852892 0.00626186 0.02056726
v 0.01953089 0.00626186 0.01961432
v 0.01494122 0.02207876 0.02331263
v 0.01314518 0.02207876 0.02437748
v 0.01343541 0.02204876 0.02421255
v 0.01343552 0.02207876 0.02421255
v 0.01351992 0.02207876 0.02416461
v 0.01218350 0.02207876 0.02486055
v 0.01218350 0.02207876 0.02486179
v 0.01379933 0.02207876 0.02400589
v 0.01603435 0.02207876 0.02257579
v 0.01542800 0.02207876 0.02300446
v 0.01556018 0.02210159 0.02292382
v 0.01717884 0.02209052 0.02171434
v 0.02053825 0.02209491 0.01858454
v 0.01955731 0.02207876 0.01959790
v 0.02042195 0.02207876 0.01870486
v 0.01987496 0.02207876 0.01928540
v 0.01854165 0.02207876 0.02057188
v 0.01776966 0.02208666 0.02124097
v 0.01944422 0.02207876 0.01970769
v 0.01922776 0.02207876 0.01992210
v 0.01953712 0.02208388 0.01961875
v 0.02123202 0.02207876 0.01776106
v 0.02194147 0.03271507 0.01811059
v 0.02219651 0.03244990 0.01761971
v 0.00256560 0.04108978 0.01583153
v 0.00259990 0.04110701 0.01581008
v 0.00389718 0.04062155 0.01505365
v 0.00389718 0.04065155 0.01505365
v 0.00445782 0.04050949 0.01489794
v 0.00445782 0.04053949 0.01489794
v 0.00450630 0.04050132 0.01488755
v 0.00457085 0.04049291 0.01487869
v 0.00500503 0.04046489 0.01488053
v 0.00516244 0.04045902 0.01488850
v 0.00367826 0.04134366 0.01496010
v 0.00346196 0.04222947 0.01487406
v 0.00168781 0.04141645 0.01638068
v 0.00168781 0.04144645 0.01638068
v 0.00415892 0.04182389 0.01482222
v 0.00702901 0.04044478 0.01509469
v 0.00448770 0.06222979 0.00495240
v 0.00519943 0.06222979 0.00495240
v 0.00475893 0.06243754 0.00425052
v 0.00495878 0.06243754 0.00425052
v 0.00219752 0.06512897 0.00558218
v 0.00426541 0.06203604 0.00628166
v 0.00540336 0.06203604 0.00628166
v 0.00322472 0.06139904 0.01429541
v 0.00319099 0.06140839 0.01429824
v 0.00341644 0.06134514 0.01428524
v 0.00440001 0.06106498 0.01426440
v 0.00515456 0.06101830 0.01426440
v 0.00546289 0.06105102 0.01426850
v 0.01771904 0.03599284 0.00745055
v 0.01774904 0.03599284 0.00745055
v 0.01883832 0.03335961 0.00269499
v 0.01977647 0.03307741 0.00221332
v 0.01977647 0.03307741 0.00224332
v 0.02030103 0.03367558 0.00221569
v 0.02030103 0.03367558 0.00224569
v 0.01847772 0.03447304 0.00447713
v 0.02086044 0.03427733 0.00220602
v 0.02098995 0.03441664 0.00223378
v 0.02169572 0.03515030 0.00221105
v 0.02171999 0.03516908 0.00220921
v 0.02171999 0.03516908 0.00223921
v 0.02183272 0.03524233 0.00222599
v 0.02190060 0.04453544 0.00529989
v 0.02207847 0.04524994 0.00554264
v 0.01695514 0.03677624 0.00994126
v 0.01691041 0.03680743 0.01004239
v 0.01689556 0.03683873 0.01014391
v 0.01587817 0.03836839 0.01560026
v 0.01590816 0.03836839 0.01560026
v 0.01536155 0.03864751 0.01624138
v 0.01584388 0.03840110 0.01575989
v 0.01587388 0.03840110 0.01575989
v 0.01586401 0.03846122 0.01632070
v 0.01589401 0.03846122 0.01632070
v 0.01628230 0.03962098 0.01621184
v 0.02058207 0.04871936 0.01549505
v 0.02008983 0.06499097 0.00414573
v 0.02009223 0.06498639 0.00414962
v 0.02006220 0.06498713 0.00414733
v 0.02010047 0.06579591 0.00386301
v 0.02008660 0.06581058 0.00385871
v 0.02009416 0.06476100 0.00490440
v 0.02190370 0.06223241 0.00495243
v 0.02281976 0.06221838 0.00492757
v 0.02209245 0.06243352 0.00424510
v 0.02237683 0.06243352 0.00424510
v 0.02174264 0.06205001 0.00628104
v 0.02282228 0.06187696 0.00628104
v 0.01744178 0.06234417 0.01426850
v 0.01766395 0.06237442 0.01426850
v 0.01798611 0.06239906 0.01426850
v 0.01798611 0.06242492 0.01426850
v 0.02033383 0.06239906 0.01426850
v 0.02033383 0.06242906 0.01426850
v 0.02039465 0.06233980 0.01426850
v 0.02006372 0.06239906 0.01593537
v 0.02006372 0.06242906 0.01593537
v 0.02009372 0.06239906 0.01593537
v 0.02009372 0.06242906 0.01593537
v 0.02174515 0.06141395 0.01426614
v 0.02274306 0.06102831 0.01426614
v 0.02282228 0.06099770 0.01426614
v 0.02285350 0.06100055 0.01426850
v 0.02320298 0.06103243 0.01427118
v 0.00148837 0.04307786 0.02545147
v 0.00155647 0.04320983 0.02545428
v 0.00155647 0.04453854 0.02547854
v 0.00288516 0.04453854 0.02543663
v 0.00522323 0.04209093 0.02526515
v 0.00878093 0.04118522 0.02497347
v 0.00942119 0.04102686 0.02490556
v 0.00983457 0.04092617 0.02485658
v 0.01213458 0.04037549 0.02455212
v 0.00677939 0.04169183 0.02514731
v 0.00687124 0.04320983 0.02526015
v 0.00687124 0.04453854 0.02530647
v 0.00819993 0.04320983 0.02518404
v 0.00819993 0.04453854 0.02525463
v 0.00819993 0.04586726 0.02526676
v 0.00819993 0.04719597 0.02527118
v 0.01085388 0.04453854 0.02511124
v 0.01085388 0.04852469 0.02516418
v 0.01216992 0.04034994 0.02454408
v 0.01316488 0.03963467 0.02431653
v 0.01316488 0.03966467 0.02431653
v 0.01482501 0.03867112 0.02388020
v 0.01482501 0.03864112 0.02388020
v 0.01358186 0.03937712 0.02421344
v 0.01598278 0.03815801 0.02352072
v 0.01772430 0.03752882 0.02294598
v 0.01503780 0.03854850 0.02381868
v 0.01546492 0.03835588 0.02368858
v 0.01557529 0.03832399 0.02365414
v 0.01218257 0.04453108 0.02503182
v 0.01351813 0.04453606 0.02494468
v 0.01351813 0.04719597 0.02507153
v 0.01218257 0.04851971 0.02511786
v 0.01351813 0.04852469 0.02507043
v 0.01484682 0.04719597 0.02501307
v 0.01617551 0.04719597 0.02494468
v 0.02046305 0.03519395 0.02098844
v 0.02014602 0.03594044 0.02160734
v 0.02030495 0.03556708 0.02129850
v 0.02156186 0.03314224 0.01884233
v 0.02101913 0.03398893 0.01989660
v 0.02086292 0.03424482 0.02020049
v 0.02013162 0.03599410 0.02163667
v 0.01987572 0.03698413 0.02215901
v 0.01987319 0.03698179 0.02216837
v 0.01986969 0.03697650 0.02217058
v 0.01866957 0.03728046 0.02260929
v 0.01930163 0.03711526 0.02237830
v 0.01995543 0.03705787 0.02217405
v 0.01987633 0.03764861 0.02246843
v 0.01987319 0.03770925 0.02249689
v 0.01987161 0.03773249 0.02250781
v 0.01986856 0.03777560 0.02252804
v 0.01955732 0.03851952 0.02290960
v 0.01986248 0.03878502 0.02293630
v 0.01987319 0.03861656 0.02287099
v 0.01987319 0.03887302 0.02296655
v 0.01987319 0.04026376 0.02345008
v 0.01987319 0.04159248 0.02383614
v 0.01987319 0.04172764 0.02387044
v 0.02002050 0.04201326 0.02391786
v 0.01987559 0.04320552 0.02420022
v 0.01987633 0.04320773 0.02420056
v 0.02013694 0.04311586 0.02414958
v 0.01987319 0.04425240 0.02438545
v 0.01882946 0.04586726 0.02468326
v 0.01882946 0.04719597 0.02478695
v 0.01986312 0.04586301 0.02460417
v 0.01987633 0.04595891 0.02461278
v 0.02035419 0.04579494 0.02455415
v 0.02068600 0.04409770 0.02426862
v 0.02142712 0.04539681 0.02440456
v 0.02113570 0.04731942 0.02464527
v 0.01351813 0.04985091 0.02501748
v 0.02009335 0.06242234 0.02132429
v 0.02006716 0.06240293 0.02133047
v 0.02006290 0.06240833 0.02132934
v 0.02006422 0.06240477 0.02133022
v 0.02009264 0.06240720 0.02132967
v 0.02009278 0.06240641 0.02132989
v 0.02006361 0.06241256 0.02132791
v 0.02644721 0.00368034 0.00328504
v 0.02749817 0.00524847 0.00314002
v 0.02755783 0.00626065 0.00198569
v 0.02752800 0.00626186 0.00304200
v 0.02744406 0.00625970 0.00311482
v 0.02731562 0.00626153 0.00438782
v 0.02731013 0.00626153 0.00442444
v 0.02727491 0.00626186 0.00473513
v 0.02672743 0.00625543 0.00645667
v 0.02697204 0.00626186 0.00626870
v 0.02618514 0.00454841 0.00772631
v 0.02663597 0.00626186 0.00760725
v 0.02607587 0.01573909 0.00938017
v 0.02663183 0.01528633 0.00759395
v 0.02476403 0.00404328 0.01082179
v 0.02588294 0.00626186 0.00982339
v 0.02563886 0.00625962 0.01025759
v 0.02560941 0.00625975 0.01033433
v 0.02559990 0.00622967 0.01035192
v 0.02462844 0.00625189 0.01214932
v 0.02413416 0.00626186 0.01353987
v 0.02481807 0.00529386 0.01228008
v 0.02498054 0.00626186 0.01193538
v 0.02498054 0.00626192 0.01193538
v 0.02340394 0.00626186 0.01480085
v 0.02340395 0.00629217 0.01480084
v 0.02717326 0.01617823 0.00538889
v 0.02755070 0.02207876 0.00278662
v 0.02752171 0.02207876 0.00317867
v 0.02759549 0.02207876 0.00226524
v 0.02757316 0.02207876 0.00252508
v 0.02743403 0.02207876 0.00389303
v 0.02742780 0.02206172 0.00394966
v 0.02742853 0.02208846 0.00394518
v 0.02742203 0.02208966 0.00397099
v 0.02742827 0.02208901 0.00394703
v 0.02725822 0.02326737 0.00495544
v 0.02606720 0.02326737 0.00925674
v 0.02689986 0.02326737 0.00628222
v 0.02856772 0.02940272 0.00157333
v 0.02856065 0.03134697 0.00222483
v 0.02856065 0.03134697 0.00222809
v 0.02864769 0.03138856 0.00222588
v 0.02817519 0.03136214 0.00369482
v 0.02788223 0.03137238 0.00479828
v 0.02664163 0.02459767 0.00761232
v 0.02762711 0.03137791 0.00572967
v 0.02697425 0.03137269 0.00794413
v 0.02694589 0.03134861 0.00803252
v 0.02669960 0.03136183 0.00880014
v 0.02669960 0.03134861 0.00880014
v 0.02650648 0.03134697 0.00930513
v 0.02651944 0.03134697 0.00929412
v 0.02767556 0.03181957 0.00941550
v 0.02894461 0.03238336 0.00893884
v 0.02928366 0.03166960 0.00222588
v 0.02984767 0.03196196 0.00222588
v 0.02994687 0.03200936 0.00222431
v 0.02994687 0.03200936 0.00222809
v 0.02573980 0.01661737 0.01026219
v 0.02569580 0.02204876 0.01015249
v 0.02569303 0.02207876 0.01016332
v 0.02566141 0.02207876 0.01027251
v 0.02526336 0.02207876 0.01134057
v 0.02521964 0.02207876 0.01144854
v 0.02520754 0.02207876 0.01148175
v 0.02572992 0.02326737 0.01027251
v 0.02464655 0.02207876 0.01262017
v 0.02462865 0.02207876 0.01266032
v 0.02482875 0.02207876 0.01229081
v 0.02380639 0.02207596 0.01414044
v 0.02379917 0.02210602 0.01415177
v 0.02340242 0.02209319 0.01480926
v 0.02507546 0.03140181 0.01214566
v 0.02496709 0.03141495 0.01235081
v 0.02632016 0.03137504 0.00979275
v 0.02632016 0.03134861 0.00979275
v 0.02740029 0.03194238 0.01077927
v 0.02629640 0.03212380 0.01304451
v 0.02374253 0.03168129 0.01467302
v 0.02340955 0.03177730 0.01530529
v 0.02617218 0.03252198 0.01427036
v 0.03166058 0.03308856 0.00222809
v 0.03166058 0.03308856 0.00222369
v 0.03181375 0.03320947 0.00222588
v 0.03317079 0.03428432 0.00222588
v 0.03314020 0.03425651 0.00222588
v 0.03448604 0.03553554 0.00222588
v 0.03126250 0.03338255 0.00628190
v 0.03275318 0.03460501 0.00671884
v 0.03397776 0.03603773 0.00822274
v 0.03166426 0.04563920 0.00236892
v 0.03166426 0.04563920 0.00239892
v 0.03166426 0.04560920 0.00239892
v 0.03140724 0.04626836 0.00266435
v 0.03140680 0.04626224 0.00270245
v 0.03138557 0.04753197 0.00313262
v 0.03142078 0.04822593 0.00335211
v 0.03144158 0.04847214 0.00345083
v 0.03192680 0.04535741 0.00222740
v 0.03190684 0.04540655 0.00221044
v 0.03192680 0.04538741 0.00222740
v 0.02878933 0.03324392 0.01291762
v 0.02603384 0.03329323 0.01613948
v 0.02853877 0.03382911 0.01465544
v 0.02780120 0.03438545 0.01653008
v 0.03018967 0.03320206 0.00979947
v 0.03004850 0.03328579 0.01068438
v 0.03157023 0.03449151 0.01120076
v 0.03147989 0.03521066 0.01358847
v 0.03286328 0.03583677 0.01242330
v 0.03426785 0.03707599 0.01208015
v 0.03406599 0.03727322 0.01344945
v 0.03029977 0.03445802 0.01382018
v 0.03154200 0.03584050 0.01502066
v 0.03030542 0.03577910 0.01642857
v 0.03274753 0.03626473 0.01378046
v 0.03297621 0.03707599 0.01517072
v 0.03417750 0.03849568 0.01568379
v 0.03203120 0.05035563 0.00737593
v 0.03206253 0.05035563 0.00759107
v 0.03440477 0.06495870 0.00338125
v 0.03440477 0.06498870 0.00338125
v 0.03455909 0.06577878 0.00325716
v 0.03393324 0.06245740 0.00425903
v 0.03393381 0.06243059 0.00425540
v 0.03392515 0.06238330 0.00451512
v 0.03392515 0.06238723 0.00451513
v 0.03419039 0.06383839 0.00377036
v 0.03392908 0.06227307 0.00551723
v 0.03394725 0.06198065 0.00826657
v 0.03394725 0.06201065 0.00826657
v 0.02415251 0.05035216 0.01567279
v 0.02417953 0.05035563 0.01567858
v 0.02752062 0.05038563 0.01604874
v 0.02754576 0.05035563 0.01605595
v 0.03234607 0.05035563 0.00964719
v 0.03301395 0.05035563 0.01428088
v 0.03348986 0.05115518 0.01757359
v 0.03340902 0.05303524 0.01712414
v 0.03343984 0.05300491 0.01713139
v 0.03343902 0.05303524 0.01712414
v 0.03339778 0.05458123 0.01676331
v 0.03342778 0.05458123 0.01676331
v 0.03342755 0.05461218 0.01675445
v 0.03407627 0.06195742 0.01525166
v 0.03410627 0.06195742 0.01525166
v 0.03411869 0.06199545 0.01524414
v 0.03411869 0.06202545 0.01524414
v 0.03349809 0.05854082 0.01583064
v 0.03349795 0.05853295 0.01586242
v 0.03346809 0.05857082 0.01586064
v 0.03349809 0.05857082 0.01586064
v 0.03352978 0.05875337 0.01582403
v 0.03510028 0.03617231 0.00222588
v 0.03516678 0.03624051 0.00222588
v 0.03514894 0.03621802 0.00222588
v 0.03570275 0.03686183 0.00222588
v 0.03682140 0.03823579 0.00222588
v 0.03695385 0.03840793 0.00222588
v 0.03759109 0.03934172 0.00222588
v 0.03813528 0.04018328 0.00222588
v 0.03841998 0.04063897 0.00222588
v 0.03843821 0.04066806 0.00222809
v 0.03847806 0.04073383 0.00222588
v 0.03847798 0.04073397 0.00222588
v 0.03534774 0.03734764 0.00761037
v 0.03775668 0.04074152 0.00844728
v 0.03469063 0.04332002 0.00222741
v 0.03477118 0.04318713 0.00219742
v 0.03477118 0.04318713 0.00222742
v 0.03480537 0.04320560 0.00219743
v 0.03480537 0.04320560 0.00222743
v 0.03478471 0.04324965 0.00219743
v 0.03480537 0.04323560 0.00219743
v 0.03480537 0.04323560 0.00222743
v 0.03916427 0.04193599 0.00222588
v 0.03990066 0.04321327 0.00169378
v 0.03989095 0.04324327 0.00177646
v 0.03961050 0.04276764 0.00222588
v 0.03966563 0.04287039 0.00222588
v 0.03975037 0.04302979 0.00222809
v 0.03978389 0.04309028 0.00221451
v 0.03984143 0.04321327 0.00219809
v 0.03919866 0.04301712 0.00761037
v 0.03982965 0.04458474 0.00893884
v 0.04052050 0.04463070 0.00219809
v 0.04053546 0.04466196 0.00222809
v 0.04053566 0.04466695 0.00219809
v 0.04148832 0.04719620 0.00222809
v 0.04149108 0.04720527 0.00221931
v 0.04156166 0.04743696 0.00222809
v 0.04192592 0.04863264 0.00222809
v 0.04191396 0.04862458 0.00222809
v 0.04199977 0.04896088 0.00222809
v 0.04061310 0.04560905 0.00561656
v 0.03548608 0.03851243 0.01241227
v 0.03668879 0.04001027 0.01245089
v 0.03560184 0.03971256 0.01523030
v 0.03612837 0.03989677 0.01425050
v 0.03682712 0.04113784 0.01503169
v 0.03537598 0.03996561 0.01611521
v 0.03952898 0.04501642 0.01338545
v 0.03997223 0.04586582 0.01292645
v 0.03695135 0.04230262 0.01653891
v 0.03814276 0.04248869 0.01371205
v 0.03792819 0.04283292 0.01509017
v 0.03939346 0.04529087 0.01472937
v 0.03811735 0.04385443 0.01626085
v 0.03945840 0.04648170 0.01629396
v 0.03943581 0.04786046 0.01757167
v 0.04074297 0.04792559 0.01335014
v 0.04080227 0.04908479 0.01504273
v 0.04235223 0.05035563 0.00222809
v 0.04233381 0.05036527 0.00222809
v 0.04233863 0.05035563 0.00222809
v 0.04213693 0.05035563 0.00499367
v 0.04213693 0.05038563 0.00499367
v 0.04203386 0.05029866 0.00613659
v 0.04203982 0.05035563 0.00624114
v 0.04316648 0.05916021 0.00893709
v 0.03945201 0.06384054 0.01758903
v 0.04151975 0.05035563 0.01292162
v 0.04151937 0.05036004 0.01292645
v 0.04151976 0.05035857 0.01292149
v 0.04151937 0.05035563 0.01292645
v 0.04148328 0.05035563 0.01316484
v 0.04205708 0.05205816 0.01159361
v 0.04208441 0.05301727 0.01310980
v 0.04285807 0.05650204 0.01026535
v 0.04260056 0.05517295 0.01159361
v 0.04248901 0.05583749 0.01292187
v 0.04282513 0.05783112 0.01159361
v 0.04257510 0.05783112 0.01292187
v 0.04132114 0.05035808 0.01423582
v 0.04132048 0.05185432 0.01557839
v 0.04167156 0.05185432 0.01425014
v 0.04068510 0.05035563 0.01641257
v 0.04067920 0.05035561 0.01642428
v 0.04062791 0.05031643 0.01650541
v 0.04063253 0.05035808 0.01658919
v 0.04070664 0.05251886 0.01744307
v 0.04207954 0.05396210 0.01407316
v 0.04169776 0.05450841 0.01557839
v 0.04204959 0.05517295 0.01470992
v 0.04214841 0.05783112 0.01440157
v 0.04167081 0.05783112 0.01557839
v 0.04075605 0.05694235 0.01755254
v 0.02477185 0.03459012 0.01888248
v 0.02472103 0.03596144 0.02018116
v 0.02607337 0.03858685 0.02154825
v 0.02638957 0.03444313 0.01775042
v 0.02742570 0.03592237 0.01887586
v 0.02681306 0.04054987 0.02233385
v 0.02537885 0.04646124 0.02423828
v 0.02857759 0.04265057 0.02285023
v 0.02813998 0.04453544 0.02352329
v 0.02897284 0.03581259 0.01771511
v 0.02950362 0.03720716 0.01891779
v 0.03147989 0.03854592 0.01892000
v 0.02904342 0.03840637 0.02036101
v 0.02992993 0.03870966 0.02010944
v 0.03283223 0.03852359 0.01761360
v 0.03419586 0.04113040 0.01897737
v 0.03283505 0.04116947 0.02026832
v 0.03028566 0.04109691 0.02162989
v 0.03344346 0.04391676 0.02154935
v 0.03013461 0.04496897 0.02328055
v 0.03165776 0.04234356 0.02167403
v 0.03131755 0.04461824 0.02286237
v 0.02946974 0.04719620 0.02394919
v 0.02995533 0.04932854 0.02421180
v 0.03079949 0.04786046 0.02387306
v 0.03287458 0.04642030 0.02293629
v 0.03212924 0.04786046 0.02355860
v 0.03427773 0.04889872 0.02297602
v 0.02882383 0.05451386 0.02422551
v 0.02415358 0.06581493 0.02073335
v 0.02548237 0.06581493 0.02092643
v 0.02559058 0.06581493 0.02093981
v 0.02681619 0.06581493 0.02108701
v 0.02811226 0.06453814 0.02152288
v 0.02814246 0.06581493 0.02115010
v 0.02756795 0.06240340 0.02195796
v 0.02872632 0.06239906 0.02201991
v 0.03349654 0.05035563 0.01776211
v 0.03349654 0.05038563 0.01776211
v 0.03352654 0.05035563 0.01776211
v 0.02946586 0.05118461 0.02435015
v 0.02946586 0.05251332 0.02434684
v 0.03038831 0.05031217 0.02424548
v 0.03039808 0.05030189 0.02424249
v 0.03047182 0.05035354 0.02424316
v 0.03037568 0.05035354 0.02425419
v 0.03072457 0.05019185 0.02417093
v 0.03096621 0.05035354 0.02417146
v 0.03056795 0.05118461 0.02427294
v 0.03123401 0.05118461 0.02419683
v 0.03066065 0.05251332 0.02427625
v 0.03046495 0.05349866 0.02425419
v 0.03132328 0.05251332 0.02421117
v 0.02946586 0.05783067 0.02358686
v 0.03079455 0.05783067 0.02349861
v 0.02934569 0.05390175 0.02426742
v 0.02934569 0.05504136 0.02413727
v 0.02970962 0.05438447 0.02421338
v 0.02946586 0.05650195 0.02389239
v 0.03086321 0.05390175 0.02418690
v 0.03079455 0.05517324 0.02405344
v 0.03079455 0.05650195 0.02382070
v 0.03332019 0.05035191 0.02357078
v 0.03340352 0.05035354 0.02354492
v 0.03350187 0.05035191 0.02350823
v 0.03345193 0.05118461 0.02361554
v 0.03424609 0.05027829 0.02316098
v 0.03432268 0.05034914 0.02313495
v 0.03432743 0.05035354 0.02316660
v 0.03432743 0.05035808 0.02316116
v 0.03432743 0.05122840 0.02325958
v 0.03432743 0.05209259 0.02330941
v 0.03432743 0.05251332 0.02332494
v 0.03432743 0.05251886 0.02332536
v 0.03432743 0.05339547 0.02331263
v 0.03207703 0.05035191 0.02394967
v 0.03212924 0.05036798 0.02394037
v 0.03212324 0.05035960 0.02394144
v 0.03224941 0.05035191 0.02390308
v 0.03212324 0.05118461 0.02401042
v 0.03259886 0.05032993 0.02379126
v 0.03262451 0.05035354 0.02379312
v 0.03212324 0.05251332 0.02404902
v 0.03345193 0.05251332 0.02367399
v 0.03212324 0.05783067 0.02329455
v 0.03345193 0.05517324 0.02351736
v 0.03432743 0.05384452 0.02330338
v 0.03432743 0.05487216 0.02321955
v 0.03432743 0.05514207 0.02318836
v 0.03432743 0.05517324 0.02318665
v 0.03345193 0.05650195 0.02329235
v 0.03336953 0.05773611 0.02301328
v 0.03432743 0.05653181 0.02298571
v 0.03415919 0.05723101 0.02291291
v 0.03432743 0.05735895 0.02279867
v 0.03432743 0.05739523 0.02278518
v 0.03433320 0.05739489 0.02278530
v 0.03212324 0.05384452 0.02400270
v 0.03212324 0.05517324 0.02386813
v 0.03212324 0.05650195 0.02363098
v 0.03345193 0.05384452 0.02363980
v 0.02947376 0.06490294 0.02151332
v 0.03027154 0.06480940 0.02147126
v 0.03163807 0.06393013 0.02159552
v 0.03080507 0.06474860 0.02144067
v 0.03432743 0.06206759 0.02107908
v 0.03349657 0.06240546 0.02127359
v 0.03356118 0.06240546 0.02124977
v 0.03432743 0.06238805 0.02096254
v 0.03345761 0.06448201 0.02092070
v 0.02946586 0.05915938 0.02319418
v 0.03032418 0.05988346 0.02291842
v 0.03072245 0.05931365 0.02306071
v 0.03120998 0.05972919 0.02286438
v 0.02947376 0.06240546 0.02201418
v 0.03005511 0.06240546 0.02198168
v 0.03080507 0.06240546 0.02191668
v 0.03080507 0.06408448 0.02162993
v 0.03120270 0.06240546 0.02186316
v 0.03212324 0.05880605 0.02299894
v 0.03212324 0.05947041 0.02277062
v 0.03287170 0.05856221 0.02291952
v 0.03336953 0.05906732 0.02258200
v 0.03432743 0.05866681 0.02236667
v 0.03432743 0.05918178 0.02217829
v 0.03375750 0.05811682 0.02278496
v 0.03199152 0.06240546 0.02170618
v 0.03220907 0.06240546 0.02165600
v 0.03220907 0.06239906 0.02165877
v 0.03546632 0.04252218 0.01892441
v 0.03683277 0.04311946 0.01764560
v 0.03680031 0.04449636 0.01892552
v 0.03535621 0.04401072 0.02015357
v 0.03543526 0.04655055 0.02155486
v 0.03681866 0.04645937 0.02027274
v 0.03813429 0.04515132 0.01761360
v 0.03806371 0.04662684 0.01884497
v 0.03810324 0.04919829 0.02023302
v 0.03636905 0.04930760 0.02171651
v 0.03688267 0.05028345 0.02141489
v 0.03685143 0.05035808 0.02161760
v 0.03736870 0.05517295 0.02148806
v 0.03678855 0.05717473 0.02156287
v 0.03968717 0.05035267 0.01839340
v 0.03943438 0.05035191 0.01889517
v 0.03943299 0.05037801 0.01889793
v 0.03943299 0.05035191 0.01889793
v 0.03963766 0.05251886 0.01916908
v 0.03827303 0.05035191 0.02032422
v 0.03823843 0.05035191 0.02036676
v 0.03823593 0.05035191 0.02036984
v 0.03822934 0.05035808 0.02037496
v 0.03808435 0.05251886 0.02089508
v 0.03969455 0.05450841 0.01922746
v 0.03958676 0.05704223 0.01908150
v 0.03830219 0.05701981 0.02040794
v 0.03881422 0.05384387 0.02024373
v 0.03879700 0.05517295 0.02022913
v 0.03517835 0.05035191 0.02274651
v 0.03518508 0.05035808 0.02274151
v 0.03513431 0.05035808 0.02276652
v 0.03538122 0.05318137 0.02285464
v 0.03562376 0.05583749 0.02247239
v 0.03708798 0.05384387 0.02178546
v 0.03690990 0.06333932 0.01948615
v 0.03534227 0.06270859 0.02050372
v 0.03550104 0.06276155 0.02042296
v 0.03565003 0.06276906 0.02034899
v 0.03585820 0.06284526 0.02022278
v 0.03560933 0.06398626 0.02031661
v 0.03483917 0.06250683 0.02074599
v 0.03627706 0.06305753 0.01994831
v 0.03785542 0.06396195 0.01872843
v 0.03848153 0.06533622 0.01787683
v 0.03824545 0.06443156 0.01834495
v 0.03825727 0.06442355 0.01834074
v 0.03826716 0.06449832 0.01830938
v 0.03779630 0.06448201 0.01869550
v 0.03488715 0.05924990 0.02193872
v 0.03568364 0.05886666 0.02169058
v 0.04079048 0.05426379 0.01761092
v 0.00287838 0.06648745 -0.02938225
v 0.00287838 0.07445928 -0.02985466
v 0.00443126 0.07445928 -0.02986339
v 0.00155056 0.07512055 -0.02983721
v 0.00302774 0.08065308 -0.03011892
v 0.00443126 0.07593341 -0.02993002
v 0.00443126 0.07632405 -0.02995298
v 0.00443126 0.07659334 -0.02996592
v 0.00443126 0.07675180 -0.02997176
v 0.00443126 0.07758452 -0.03001354
v 0.01086007 0.07411315 -0.02971437
v 0.00194952 0.08602396 -0.03029592
v 0.00287838 0.08940741 -0.03043490
v 0.00443126 0.08744843 -0.03040154
v 0.00443126 0.08868904 -0.03044633
v 0.00443126 0.09105877 -0.03051135
v 0.00287838 0.09502443 -0.03050533
v 0.00357780 0.09819422 -0.03041323
v 0.00443126 0.09195524 -0.03051817
v 0.00443126 0.09499443 -0.03054172
v 0.00443126 0.09502443 -0.03054272
v 0.00442970 0.09503591 -0.03053658
v 0.00442956 0.09503695 -0.03053311
v 0.00442956 0.09503695 -0.03047465
v 0.00440385 0.09521364 -0.03048043
v 0.00432294 0.09554686 -0.03049105
v 0.00429378 0.09565113 -0.03049434
v 0.00446010 0.09503298 -0.03053566
v 0.00445956 0.09503695 -0.03053311
v 0.00445956 0.09503695 -0.03047465
v 0.00475362 0.09522793 -0.03048376
v 0.00535037 0.09543081 -0.03049624
v 0.00442843 0.09500070 -0.02695132
v 0.00442843 0.09503070 -0.02695132
v 0.00445843 0.09500070 -0.02695132
v 0.00445843 0.09503070 -0.02695132
v 0.00409471 0.09641301 -0.03047191
v 0.00754037 0.09105723 -0.03054522
v 0.01123363 0.08620435 -0.03033939
v 0.00823289 0.09503330 -0.03050835
v 0.00837260 0.09503352 -0.03050831
v 0.00753888 0.09639787 -0.03054733
v 0.01024350 0.09503424 -0.03052327
v 0.01096857 0.09503424 -0.03048953
v 0.01099516 0.09503424 -0.03048830
v 0.00319983 0.09503070 -0.02149023
v 0.00269482 0.09560838 -0.01937624
v 0.00272492 0.09560819 -0.01937666
v 0.00199760 0.09637478 -0.01861249
v 0.00227274 0.09623308 -0.01874032
v 0.00202760 0.09637478 -0.01861249
v 0.00259370 0.09594917 -0.01901750
v 0.00201128 0.09679101 -0.01816454
v 0.00171358 0.09712575 -0.01844909
v 0.00168358 0.09712575 -0.01844909
v 0.00181073 0.09772253 -0.01806991
v 0.00121471 0.09911790 -0.01817919
v 0.00124471 0.09911790 -0.01817919
v 0.00122487 0.09919514 -0.01817123
v 0.00118855 0.09931209 -0.01816643
v 0.01351744 0.07494453 -0.02959583
v 0.01938548 0.07530683 -0.02893309
v 0.01358408 0.08698043 -0.03028443
v 0.01564980 0.09133182 -0.03029090
v 0.01218875 0.09502344 -0.03048056
v 0.01456394 0.09503424 -0.03032222
v 0.01219326 0.09705842 -0.03043281
v 0.01289527 0.09599680 -0.03039477
v 0.01426188 0.09612431 -0.03032983
v 0.01589181 0.09503420 -0.03023358
v 0.01597443 0.09503424 -0.03025658
v 0.01609459 0.09503423 -0.03020979
v 0.01646919 0.09531733 -0.03016360
v 0.01539785 0.09678747 -0.03027304
v 0.01597762 0.09630638 -0.03021325
v 0.01576249 0.09692117 -0.03022072
v 0.01579121 0.09703047 -0.03021327
v 0.01602741 0.09706184 -0.03020146
v 0.01588981 0.09855559 -0.03012211
v 0.01621841 0.09973660 -0.03002129
v 0.01677618 0.09587155 -0.03012322
v 0.02016492 0.08706052 -0.02964648
v 0.02115942 0.09156731 -0.02963624
v 0.01832202 0.09838290 -0.02983582
v 0.01924697 0.09845192 -0.02971222
v 0.02116144 0.09620758 -0.02960580
v 0.01774276 0.09500113 -0.01936096
v 0.01774276 0.09503113 -0.01936096
v 0.01774047 0.09503089 -0.01936221
v 0.01934667 0.09520061 -0.01848137
v 0.01959729 0.09521631 -0.01834811
v 0.01959729 0.09524632 -0.01834811
v 0.02029374 0.09533730 -0.01806098
v 0.02218872 0.09586213 -0.01731999
v 0.02335805 0.09702043 -0.01699070
v 0.00159388 0.08044422 -0.00146312
v 0.00155309 0.07935644 -0.00139822
v 0.00114785 0.08121452 -0.00126120
v 0.00893985 0.09847289 -0.00834547
v 0.00978191 0.09813212 -0.00935497
v 0.01085788 0.09800182 -0.00948374
v 0.00960558 0.09802855 -0.00834547
v 0.01086148 0.09762429 -0.00834547
v 0.00861598 0.09929475 -0.00435994
v 0.00912878 0.09862991 -0.00435994
v 0.00870415 0.09944844 -0.00329321
v 0.00987727 0.09821898 -0.00383214
v 0.01086148 0.09787486 -0.00435994
v 0.00890747 0.09995625 -0.00240612
v 0.00979631 0.09931814 -0.00221058
v 0.01033429 0.09843279 -0.00241725
v 0.01121954 0.09834260 -0.00226940
v 0.01484508 0.09793834 -0.00952349
v 0.01285238 0.09756082 -0.00701643
v 0.01484328 0.09748732 -0.00834547
v 0.01481328 0.09748933 -0.00831267
v 0.01484328 0.09748933 -0.00831267
v 0.01617474 0.09809536 -0.00940426
v 0.01691245 0.09830584 -0.00914671
v 0.01617294 0.09783477 -0.00834547
v 0.01693044 0.09828914 -0.00834547
v 0.01285238 0.09774791 -0.00435994
v 0.01285238 0.09774598 -0.00438720
v 0.01285238 0.09800182 -0.00302931
v 0.01484328 0.09773120 -0.00435994
v 0.01484328 0.09799848 -0.00302931
v 0.01612976 0.09807532 -0.00435994
v 0.01679369 0.09842277 -0.00435994
v 0.01719673 0.09908762 -0.00435994
v 0.01653100 0.09867001 -0.00302931
v 0.01705639 0.09933484 -0.00302931
v 0.01285238 0.09905421 -0.00196178
v 0.01417845 0.09829415 -0.00218991
v 0.01484328 0.09905421 -0.00197688
v 0.01559538 0.09834927 -0.00228530
v 0.01689265 0.09961214 -0.00231550
v 0.00228904 0.10171802 -0.03029129
v 0.00120491 0.10437417 -0.03019624
v 0.00120274 0.10511229 -0.03016379
v 0.00135797 0.10462826 -0.03018195
v 0.00159229 0.10556847 -0.03011196
v 0.00120274 0.10701525 -0.03005286
v 0.00120513 0.10832576 -0.02986524
v 0.00119374 0.10835759 -0.02986139
v 0.00120202 0.10834331 -0.02986365
v 0.00118707 0.10837141 -0.02985847
v 0.00123274 0.10834518 -0.02986337
v 0.00121707 0.10837141 -0.02985847
v 0.00121742 0.10837007 -0.02985882
v 0.00421731 0.10703057 -0.03008926
v 0.00120457 0.10866787 -0.02975790
v 0.00121856 0.10862522 -0.02977268
v 0.00123457 0.10866787 -0.02975790
v 0.00120274 0.10967498 -0.02943709
v 0.00122521 0.10958146 -0.02944095
v 0.00125521 0.10958146 -0.02944095
v 0.00123457 0.10996520 -0.02930164
v 0.00120274 0.10999921 -0.02928929
v 0.00118220 0.11012053 -0.02924230
v 0.00121220 0.11012053 -0.02924230
v 0.00121214 0.11012562 -0.02924001
v 0.00121196 0.11012220 -0.02924164
v 0.00120426 0.11027171 -0.02916244
v 0.00121738 0.11044965 -0.02905869
v 0.00124738 0.11044965 -0.02905869
v 0.00120274 0.11051992 -0.02905193
v 0.00121260 0.11164396 -0.02829994
v 0.00124056 0.11215352 -0.02797621
v 0.00120274 0.11238238 -0.02782618
v 0.00123274 0.11238238 -0.02782618
v 0.00119838 0.11249226 -0.02775374
v 0.00122838 0.11249226 -0.02775374
v 0.00122815 0.11249896 -0.02774922
v 0.00122812 0.11250839 -0.02774206
v 0.00121027 0.11300538 -0.02732310
v 0.00120274 0.11304740 -0.02731558
v 0.00124027 0.11300538 -0.02732310
v 0.00119646 0.11450046 -0.02600408
v 0.00122646 0.11450046 -0.02600408
v 0.00123120 0.11601846 -0.02435074
v 0.00126167 0.11602945 -0.02433780
v 0.00803659 0.10570237 -0.03013298
v 0.00919862 0.10935847 -0.02977418
v 0.01202614 0.11018505 -0.02952903
v 0.00121868 0.10005348 -0.01814439
v 0.00119011 0.10797041 -0.01790906
v 0.00122011 0.10797041 -0.01790906
v 0.00131713 0.10812801 -0.01787356
v 0.00134713 0.10812801 -0.01787356
v 0.00477150 0.10509465 -0.01772070
v 0.00482318 0.10501488 -0.01771914
v 0.00452074 0.10571733 -0.01772314
v 0.00453326 0.10568017 -0.01772314
v 0.00520804 0.10457535 -0.01770416
v 0.00524228 0.10454281 -0.01770269
v 0.00524228 0.10454281 -0.01767269
v 0.00355248 0.11106574 -0.01766700
v 0.00358248 0.11106574 -0.01766700
v 0.00695245 0.10400321 -0.01760539
v 0.00695245 0.10400321 -0.01757539
v 0.00698463 0.10399561 -0.01757350
v 0.00127448 0.11681433 -0.02337001
v 0.00130401 0.11682235 -0.02335826
v 0.00128889 0.11708499 -0.02297060
v 0.00125882 0.11708950 -0.02296142
v 0.00125705 0.11720873 -0.02271857
v 0.00128710 0.11720547 -0.02272520
v 0.00917669 0.12512600 -0.02509994
v 0.01092313 0.12418564 -0.02631093
v 0.00733415 0.12656754 -0.02260665
v 0.00859594 0.12645067 -0.02383136
v 0.01172741 0.12797721 -0.02363730
v 0.00122781 0.11773903 -0.02156975
v 0.00125781 0.11773903 -0.02156975
v 0.00118283 0.11802918 -0.02164188
v 0.00133972 0.11801028 -0.02139027
v 0.00136972 0.11801028 -0.02139027
v 0.00178482 0.11916680 -0.02042545
v 0.00180667 0.11922793 -0.02037416
v 0.00177667 0.11922793 -0.02037416
v 0.00183578 0.11937930 -0.02023924
v 0.00187766 0.11940975 -0.02021211
v 0.00231962 0.12043012 -0.01918614
v 0.00235420 0.12044141 -0.01917011
v 0.00243978 0.12072631 -0.01876580
v 0.00247120 0.12073089 -0.01875612
v 0.00249203 0.12079804 -0.01861418
v 0.00246203 0.12079804 -0.01861418
v 0.00355943 0.11824332 -0.01766658
v 0.00358943 0.11824332 -0.01766658
v 0.00343240 0.11859775 -0.01767426
v 0.00366974 0.11852803 -0.01766173
v 0.00249837 0.12095378 -0.01819783
v 0.00250946 0.12100437 -0.01805683
v 0.00253906 0.12100276 -0.01806154
v 0.00355941 0.11826468 -0.01566122
v 0.00358941 0.11826468 -0.01566122
v 0.00358857 0.11825672 -0.01560211
v 0.00253603 0.12109019 -0.01780238
v 0.00253668 0.12108846 -0.01781035
v 0.00256043 0.12108846 -0.01781035
v 0.00381587 0.11904589 -0.01766846
v 0.00630668 0.12730473 -0.01780774
v 0.00635864 0.12737961 -0.01783774
v 0.00630680 0.12730654 -0.01780774
v 0.00635864 0.12737961 -0.01780774
v 0.00630571 0.12734504 -0.01765035
v 0.00566877 0.12562782 -0.01631972
v 0.00737593 0.12774700 -0.02120229
v 0.00890511 0.12892289 -0.02092115
v 0.00717539 0.12794179 -0.02031497
v 0.00706258 0.12833849 -0.01891198
v 0.01032566 0.12888747 -0.02223911
v 0.01170025 0.12911415 -0.02250448
v 0.01021703 0.13027234 -0.01961553
v 0.00722694 0.12864132 -0.01780774
v 0.00747621 0.12899019 -0.01841551
v 0.00740456 0.12877682 -0.01780774
v 0.00743976 0.12881255 -0.01781048
v 0.00743976 0.12881255 -0.01778048
v 0.00753261 0.12894237 -0.01781071
v 0.00910984 0.13016255 -0.01781071
v 0.00931919 0.13023736 -0.01780774
v 0.00929753 0.13022962 -0.01780805
v 0.00929753 0.13022962 -0.01778076
v 0.00883819 0.13030677 -0.01646757
v 0.00943645 0.13032681 -0.01780774
v 0.01084529 0.13088974 -0.01780774
v 0.01151850 0.13102323 -0.01780774
v 0.01151850 0.13102323 -0.01781139
v 0.00952822 0.13083296 -0.01499068
v 0.01085788 0.13122718 -0.01565520
v 0.01219326 0.10569882 -0.02997818
v 0.01582512 0.10011166 -0.03003252
v 0.01597693 0.10017950 -0.03002580
v 0.01603617 0.10023130 -0.03000774
v 0.01622959 0.10020352 -0.02999117
v 0.01750778 0.10437062 -0.02962572
v 0.01684138 0.10769467 -0.02939531
v 0.01218909 0.11430204 -0.02894548
v 0.01352189 0.11437818 -0.02886148
v 0.01524744 0.11281091 -0.02892216
v 0.02016504 0.10503472 -0.02923965
v 0.02091919 0.10019830 -0.02943406
v 0.02172842 0.10031495 -0.02926615
v 0.02190186 0.10074279 -0.02921364
v 0.02223469 0.10077444 -0.02916802
v 0.02270213 0.10133228 -0.02902815
v 0.02062046 0.10743789 -0.02891531
v 0.01277569 0.10348728 -0.01724532
v 0.01280307 0.10348496 -0.01724375
v 0.01280307 0.10348496 -0.01721375
v 0.01833441 0.10301717 -0.01692582
v 0.01831999 0.10301808 -0.01689666
v 0.01870147 0.10299385 -0.01690450
v 0.01870147 0.10299385 -0.01687450
v 0.01878101 0.10298996 -0.01686985
v 0.02013689 0.10296692 -0.01681746
v 0.02013309 0.10296642 -0.01678770
v 0.02013689 0.10296692 -0.01678746
v 0.02029689 0.10298909 -0.01680722
v 0.02029352 0.10298773 -0.01677747
v 0.02039487 0.10302851 -0.01680021
v 0.02039487 0.10302851 -0.01677021
v 0.02043409 0.10307714 -0.01679644
v 0.02082168 0.10365659 -0.01675639
v 0.02083869 0.10368232 -0.01675462
v 0.02084626 0.10369661 -0.01675375
v 0.02107381 0.10439918 -0.01671971
v 0.02113435 0.10459650 -0.01671035
v 0.02193172 0.10807018 -0.01656347
v 0.02185876 0.10824922 -0.01656269
v 0.02182876 0.10824922 -0.01656269
v 0.02188080 0.10819265 -0.01653297
v 0.02210377 0.10767356 -0.01656468
v 0.02210377 0.10767356 -0.01653468
v 0.02187748 0.11680607 -0.01485265
v 0.01352189 0.11994602 -0.02781266
v 0.01218909 0.12296900 -0.02703506
v 0.01352189 0.12296900 -0.02712694
v 0.01617498 0.12164080 -0.02716808
v 0.01617498 0.12297255 -0.02686637
v 0.01551066 0.12412366 -0.02654065
v 0.01233741 0.12492766 -0.02627047
v 0.01551066 0.12478776 -0.02617584
v 0.01701059 0.12380843 -0.02636716
v 0.01352189 0.12827650 -0.02359752
v 0.01352189 0.12920624 -0.02262723
v 0.01484635 0.12788866 -0.02385604
v 0.01675155 0.12758052 -0.02360232
v 0.01836847 0.12509413 -0.02509034
v 0.01284922 0.13028297 -0.02098012
v 0.01484635 0.13022985 -0.02085395
v 0.01218909 0.13090634 -0.01898466
v 0.01484635 0.13068320 -0.01958810
v 0.01537069 0.12911238 -0.02250722
v 0.01678080 0.12893352 -0.02228436
v 0.01684138 0.12965961 -0.02098492
v 0.01691032 0.13031486 -0.01972662
v 0.01218935 0.13116036 -0.01780774
v 0.01409771 0.13117056 -0.01780774
v 0.01418412 0.13117376 -0.01781208
v 0.01218935 0.13152118 -0.01499068
v 0.01417935 0.13161473 -0.01565679
v 0.01567766 0.13098472 -0.01781095
v 0.01617498 0.13092759 -0.01781208
v 0.01620345 0.13091715 -0.01781029
v 0.01620345 0.13091715 -0.01778029
v 0.01626001 0.13089775 -0.01780774
v 0.01626167 0.13089728 -0.01780700
v 0.01754106 0.13043614 -0.01780774
v 0.01758596 0.13043420 -0.01772938
v 0.01761833 0.13042289 -0.01772749
v 0.01761833 0.13042289 -0.01769749
v 0.01747562 0.13048215 -0.01780774
v 0.01617474 0.13122885 -0.01565520
v 0.01750261 0.13083963 -0.01499068
v 0.02184832 0.11693175 -0.01656321
v 0.02184832 0.11693175 -0.01653321
v 0.02187832 0.11693175 -0.01656321
v 0.02187832 0.11693175 -0.01653321
v 0.02193208 0.11697944 -0.01656383
v 0.02193208 0.11697944 -0.01653383
v 0.02184112 0.11973342 -0.01672275
v 0.02199258 0.11702494 -0.01653407
v 0.02184804 0.11697996 -0.01631461
v 0.02187804 0.11697996 -0.01631461
v 0.02187804 0.11698063 -0.01631148
v 0.02184748 0.11684058 -0.01498384
v 0.02187748 0.11684058 -0.01498384
v 0.02182807 0.12430147 -0.01499068
v 0.01962147 0.12919365 -0.01746893
v 0.01984313 0.12905578 -0.01744635
v 0.01984313 0.12905578 -0.01741635
v 0.02023421 0.12875828 -0.01739834
v 0.01891872 0.12962414 -0.01756207
v 0.01823851 0.13032514 -0.01669968
v 0.02165521 0.12526646 -0.01704449
v 0.02154357 0.12639344 -0.01711288
v 0.02150107 0.12661241 -0.01712793
v 0.02143635 0.12686603 -0.01715169
v 0.02070328 0.12829198 -0.01732428
v 0.02124581 0.12746865 -0.01720968
v 0.02106005 0.12793986 -0.01727080
v 0.02104178 0.12792970 -0.01671717
v 0.02126772 0.12741037 -0.01720358
v 0.00480602 0.10493922 -0.01324989
v 0.00348186 0.11648743 -0.00635314
v 0.00351186 0.11648743 -0.00635314
v 0.00348002 0.11609321 -0.00460696
v 0.00351002 0.11609321 -0.00460696
v 0.00347776 0.11593653 -0.00393968
v 0.00350776 0.11593653 -0.00393968
v 0.00346645 0.11558539 -0.00255390
v 0.00349645 0.11558539 -0.00255390
v 0.00346645 0.11585359 -0.00340167
v 0.00163854 0.10843075 -0.00159530
v 0.00163854 0.10843075 -0.00156530
v 0.00314554 0.10888068 -0.00159538
v 0.00319861 0.10890744 -0.00159538
v 0.00314554 0.10888068 -0.00156538
v 0.00319861 0.10890744 -0.00156538
v 0.00324416 0.10894195 -0.00159538
v 0.00336288 0.10905397 -0.00159539
v 0.00324416 0.10894195 -0.00156538
v 0.00364756 0.10886618 -0.00159540
v 0.00373858 0.10874858 -0.00159541
v 0.00364756 0.10886618 -0.00156540
v 0.00373858 0.10874858 -0.00156541
v 0.00347673 0.10915034 -0.00165989
v 0.00347702 0.10914684 -0.00164789
v 0.00344673 0.10915034 -0.00165989
v 0.00340381 0.10909623 -0.00159539
v 0.00347900 0.10914657 -0.00159539
v 0.00344900 0.10914657 -0.00159539
v 0.00355399 0.10901130 -0.00159540
v 0.00340381 0.10909623 -0.00156539
v 0.00344900 0.10914657 -0.00156539
v 0.00347900 0.10914657 -0.00156539
v 0.00355399 0.10901130 -0.00156540
v 0.00235108 0.11628187 -0.00159500
v 0.00235108 0.11628187 -0.00156500
v 0.00271120 0.11608858 -0.00159516
v 0.00271120 0.11608858 -0.00156516
v 0.00328410 0.11558888 -0.00159524
v 0.00328410 0.11558888 -0.00156524
v 0.00345239 0.11531827 -0.00159528
v 0.00343698 0.11535788 -0.00159527
v 0.00341842 0.11539461 -0.00159527
v 0.00349442 0.11535606 -0.00159527
v 0.00350895 0.11539515 -0.00159527
v 0.00345239 0.11531827 -0.00156528
v 0.00348239 0.11531827 -0.00156528
v 0.00341842 0.11539461 -0.00156527
v 0.00350895 0.11539515 -0.00156527
v 0.00357497 0.11550855 -0.00159526
v 0.00357497 0.11550855 -0.00156526
v 0.00368284 0.11558415 -0.00159525
v 0.00368284 0.11558415 -0.00156525
v 0.00306693 0.11579475 -0.00159522
v 0.00306693 0.11579475 -0.00156522
v 0.00411809 0.10846735 -0.00159543
v 0.00411809 0.10846735 -0.00156543
v 0.00979711 0.10532321 -0.00159571
v 0.00979711 0.10532321 -0.00156571
v 0.00355301 0.11783113 -0.01305494
v 0.00358301 0.11783113 -0.01305494
v 0.00588288 0.12549752 -0.00701643
v 0.00869515 0.13041869 -0.01366323
v 0.00877432 0.13035187 -0.01279045
v 0.00952822 0.13081291 -0.01366323
v 0.01152361 0.13131237 -0.01366323
v 0.00996004 0.13036858 -0.01151705
v 0.01152361 0.13097160 -0.01233419
v 0.01085788 0.13047214 -0.01135331
v 0.00556081 0.12430147 -0.00568739
v 0.00607540 0.12508325 -0.00485912
v 0.00603042 0.12383375 -0.00353485
v 0.00608080 0.12128129 -0.00228848
v 0.00593866 0.12528037 -0.00568739
v 0.00687068 0.12297179 -0.00282900
v 0.00687068 0.12488112 -0.00442671
v 0.00687068 0.12394065 -0.00344424
v 0.00687068 0.12031577 -0.00202617
v 0.00687068 0.12214658 -0.00241407
v 0.02096622 0.10473376 -0.01233419
v 0.02184779 0.11518496 -0.00911513
v 0.02187509 0.11516430 -0.00905397
v 0.02184217 0.11491179 -0.00830643
v 0.02181217 0.11491179 -0.00830643
v 0.01712397 0.10524884 -0.00159608
v 0.01712397 0.10524884 -0.00156608
v 0.01727882 0.10526699 -0.00159609
v 0.01727882 0.10526699 -0.00156609
v 0.02104263 0.10758904 -0.00159628
v 0.02106903 0.10761742 -0.00159628
v 0.02104263 0.10758904 -0.00156628
v 0.02151919 0.10820121 -0.00177433
v 0.02151860 0.10820113 -0.00177640
v 0.02151633 0.10820343 -0.00171462
v 0.02154860 0.10820113 -0.00174640
v 0.02154633 0.10820343 -0.00171462
v 0.02134110 0.10791057 -0.00159630
v 0.02143366 0.10807145 -0.00159630
v 0.02134110 0.10791057 -0.00156630
v 0.02143366 0.10807145 -0.00156630
v 0.02150947 0.10821646 -0.00156631
v 0.02153947 0.10821646 -0.00156631
v 0.02152233 0.11246367 -0.00159595
v 0.02152552 0.11248117 -0.00163924
v 0.02150541 0.11257575 -0.00159593
v 0.02151593 0.11251371 -0.00159594
v 0.02155233 0.11246367 -0.00159595
v 0.02152233 0.11246367 -0.00156595
v 0.02150541 0.11257575 -0.00156593
v 0.02155233 0.11246367 -0.00156595
v 0.02143956 0.11289444 -0.00159589
v 0.02143956 0.11289444 -0.00156589
v 0.02262490 0.11382847 -0.00159580
v 0.01351541 0.13148110 -0.01366323
v 0.01484508 0.13140759 -0.01366323
v 0.01218935 0.13054563 -0.01124361
v 0.01418024 0.13107517 -0.01233419
v 0.01484508 0.13054229 -0.01123407
v 0.01683868 0.13099165 -0.01366323
v 0.01617474 0.13087639 -0.01233419
v 0.01617474 0.13047214 -0.01132151
v 0.01710497 0.13037191 -0.01149002
v 0.02173091 0.12430147 -0.01366323
v 0.02084566 0.12500307 -0.00735346
v 0.01838155 0.13041367 -0.01432696
v 0.01827990 0.13034518 -0.01276819
v 0.01799021 0.13018148 -0.01188270
v 0.01625227 0.12015454 -0.00159385
v 0.01625227 0.12015454 -0.00156385
v 0.01976610 0.12510329 -0.00479076
v 0.02036886 0.12432152 -0.00501969
v 0.01883227 0.12473245 -0.00401337
v 0.01883227 0.12406427 -0.00325982
v 0.01883227 0.12329920 -0.00259371
v 0.02041564 0.12163877 -0.00302931
v 0.01982727 0.12392729 -0.00339813
v 0.02060456 0.12297179 -0.00435994
v 0.01794622 0.12074382 -0.00159045
v 0.01794622 0.12074382 -0.00156045
v 0.01890562 0.12086532 -0.00159342
v 0.01881629 0.12087207 -0.00156786
v 0.01883607 0.12087315 -0.00156847
v 0.01882904 0.12087394 -0.00156364
v 0.01890647 0.12086523 -0.00156365
v 0.01890628 0.12086525 -0.00156365
v 0.01883227 0.12163877 -0.00175750
v 0.01883227 0.12263436 -0.00217561
v 0.01969593 0.12253747 -0.00222966
v 0.01987945 0.12163877 -0.00204683
v 0.02363733 0.07463800 -0.02794249
v 0.02747675 0.06646676 -0.02570939
v 0.02747675 0.07577209 -0.02691147
v 0.03198681 0.07569201 -0.02505042
v 0.03382133 0.07529920 -0.02405039
v 0.02371078 0.08706052 -0.02900422
v 0.02875192 0.08689081 -0.02760385
v 0.02483351 0.09163003 -0.02895465
v 0.02483351 0.09162928 -0.02895465
v 0.02483754 0.09583956 -0.02895465
v 0.03158195 0.08529480 -0.02634034
v 0.03284905 0.09111444 -0.02631232
v 0.02929107 0.09172081 -0.02767659
v 0.02919920 0.09637348 -0.02774986
v 0.03260169 0.09569464 -0.02657203
v 0.02338921 0.09704997 -0.01698223
v 0.02338921 0.09701997 -0.01698223
v 0.02450340 0.09794467 -0.01670986
v 0.02450340 0.09797467 -0.01670986
v 0.02452941 0.09797349 -0.01670504
v 0.02458196 0.09806170 -0.01669531
v 0.02469869 0.09820589 -0.01668326
v 0.02575642 0.09978421 -0.01657403
v 0.02575642 0.09981421 -0.01657403
v 0.02575642 0.09981421 -0.01654402
v 0.02604327 0.09843489 -0.01616548
v 0.02611149 0.09823704 -0.01608816
v 0.02610562 0.09822666 -0.01609481
v 0.02611149 0.09823704 -0.01605816
v 0.02604327 0.09846489 -0.01616548
v 0.02604327 0.09846489 -0.01613548
v 0.02601369 0.09825832 -0.01598434
v 0.02590919 0.09820496 -0.01499352
v 0.02699716 0.09753879 -0.01557248
v 0.02709055 0.09749833 -0.01551811
v 0.02709055 0.09749833 -0.01548811
v 0.02833156 0.09685476 -0.01486434
v 0.02844674 0.09682781 -0.01480367
v 0.02844674 0.09682781 -0.01477367
v 0.03838895 0.06780917 -0.01988322
v 0.03949956 0.07868572 -0.02037354
v 0.04075555 0.06914395 -0.01766655
v 0.04204184 0.06847275 -0.01554903
v 0.03545090 0.08905125 -0.02496313
v 0.03715517 0.09104960 -0.02395233
v 0.03654939 0.09504632 -0.02482951
v 0.04074344 0.09255219 -0.02095438
v 0.04119202 0.09503071 -0.02058864
v 0.04116948 0.09536336 -0.02065017
v 0.04124765 0.09503070 -0.02056731
v 0.04215643 0.09286777 -0.01909521
v 0.04202477 0.09503070 -0.01955381
v 0.04201737 0.09503070 -0.01948526
v 0.04246691 0.09503070 -0.01873837
v 0.04290558 0.09642273 -0.01811188
v 0.04329379 0.09501962 -0.01736374
v 0.04349710 0.09503041 -0.01684231
v 0.04350355 0.09503070 -0.01682653
v 0.04360602 0.09503070 -0.01656406
v 0.04364586 0.09503070 -0.01656406
v 0.04370765 0.09461957 -0.01623858
v 0.04417018 0.09502324 -0.01511919
v 0.04418740 0.09503494 -0.01507508
v 0.04421857 0.09506670 -0.01499189
v 0.04312807 0.09632840 -0.01769311
v 0.04368306 0.09585366 -0.01656269
v 0.04384138 0.09969618 -0.01656269
v 0.02539045 0.09904877 -0.01366214
v 0.02534940 0.09904877 -0.01233223
v 0.02971868 0.09635358 -0.01417297
v 0.02971868 0.09638357 -0.01417297
v 0.02971868 0.09638357 -0.01414297
v 0.03238179 0.09547206 -0.01288915
v 0.03238179 0.09547206 -0.01285915
v 0.03272282 0.09537494 -0.01272791
v 0.03272282 0.09537494 -0.01269791
v 0.03456050 0.09354923 -0.01164887
v 0.03454143 0.09359469 -0.01166434
v 0.03457019 0.09352631 -0.01161136
v 0.03391465 0.09508872 -0.01217300
v 0.03391465 0.09508872 -0.01214300
v 0.02866464 0.09286525 -0.00519682
v 0.02860120 0.09276853 -0.00436012
v 0.02862234 0.09280188 -0.00303021
v 0.02527620 0.09937804 -0.00156650
v 0.02531143 0.09930851 -0.00159650
v 0.02534407 0.09924518 -0.00156650
v 0.02865403 0.09286068 -0.00159667
v 0.02865403 0.09286068 -0.00156667
v 0.03079685 0.09150114 -0.00303021
v 0.03369536 0.09156471 -0.00473166
v 0.03372536 0.09156471 -0.00473166
v 0.03369832 0.09151384 -0.00454935
v 0.03372832 0.09151384 -0.00454935
v 0.03212668 0.09136773 -0.00303021
v 0.03369536 0.09146445 -0.00444526
v 0.03369536 0.09142399 -0.00415424
v 0.03372536 0.09142399 -0.00415424
v 0.03370526 0.09136594 -0.00373684
v 0.03370934 0.09135363 -0.00364823
v 0.03345775 0.09127434 -0.00303021
v 0.03369536 0.09131201 -0.00334903
v 0.03372536 0.09131201 -0.00334903
v 0.03369536 0.09126768 -0.00303021
v 0.03209915 0.09147187 -0.00156530
v 0.03212668 0.09146112 -0.00170177
v 0.03225722 0.09145933 -0.00156486
v 0.03369536 0.09131385 -0.00237445
v 0.03372536 0.09131385 -0.00237445
v 0.03346323 0.09137559 -0.00156496
v 0.03377827 0.09117621 -0.00148626
v 0.03370491 0.09136908 -0.00156482
v 0.03408306 0.09037518 -0.00092999
v 0.03428217 0.08977322 -0.00043719
v 0.03431217 0.08977322 -0.00043719
v 0.03431651 0.08968315 -0.00031070
v 0.03434651 0.08968316 -0.00030656
v 0.03431654 0.08968319 -0.00024638
v 0.03434654 0.08968319 -0.00024638
v 0.03011141 0.09172793 -0.00503535
v 0.02935506 0.09210481 -0.00436012
v 0.03001811 0.09168124 -0.00436012
v 0.02932023 0.09213817 -0.00303021
v 0.02998452 0.09166123 -0.00303021
v 0.03370496 0.09166737 -0.00501843
v 0.02959668 0.09207818 -0.00156671
v 0.03006538 0.09170459 -0.00197040
v 0.03001821 0.09178090 -0.00156673
v 0.03009592 0.09172750 -0.00156670
v 0.03010261 0.09172302 -0.00156645
v 0.03009846 0.09172580 -0.00156664
v 0.03012136 0.09171690 -0.00156577
v 0.03066291 0.09162735 -0.00156574
v 0.03690618 0.07208072 -0.00929339
v 0.03846469 0.07829153 -0.00885503
v 0.04277080 0.06780917 -0.01366534
v 0.04341091 0.06799223 -0.01160277
v 0.04368018 0.06655508 -0.00918135
v 0.04399741 0.06846787 -0.00834489
v 0.04404940 0.07185624 -0.00938744
v 0.04342706 0.07844165 -0.01433131
v 0.04459777 0.07675631 -0.00855288
v 0.04474899 0.07724146 -0.00754209
v 0.04476546 0.07433867 -0.00225094
v 0.04507088 0.07910055 -0.00435281
v 0.04512627 0.07976509 -0.00302455
v 0.04510232 0.08175872 -0.00036803
v 0.04002766 0.08438962 -0.00859057
v 0.04002766 0.08438962 -0.00856057
v 0.04005677 0.08445834 -0.00858340
v 0.04005677 0.08445834 -0.00855340
v 0.04002992 0.08442096 -0.00855288
v 0.04015512 0.08461165 -0.00855526
v 0.03737928 0.08907899 -0.00978699
v 0.03737928 0.08907899 -0.00975699
v 0.04419540 0.08374454 -0.01300153
v 0.04479008 0.08392950 -0.01051545
v 0.04020419 0.08499940 -0.00855526
v 0.04020419 0.08499940 -0.00852526
v 0.04031397 0.08484408 -0.00855526
v 0.04031246 0.08487542 -0.00855526
v 0.04029823 0.08488902 -0.00852526
v 0.04031246 0.08487542 -0.00852526
v 0.04029799 0.08486874 -0.00845888
v 0.04511211 0.08487348 -0.00855716
v 0.04511579 0.08486127 -0.00855288
v 0.04512101 0.08489127 -0.00847778
v 0.04512353 0.08486871 -0.00844155
v 0.04525677 0.08486871 -0.00705269
v 0.04477568 0.09504665 -0.01305543
v 0.04516602 0.09503081 -0.01100297
v 0.04545151 0.09502344 -0.00870762
v 0.04544282 0.09240808 -0.00844724
v 0.03540843 0.08766577 -0.00375058
v 0.03498293 0.09037901 0.00106601
v 0.03495117 0.09037650 0.00106240
v 0.03507479 0.09051060 0.00125486
v 0.03504479 0.09051060 0.00125486
v 0.04539680 0.08486871 -0.00451017
v 0.04540774 0.08486127 -0.00435281
v 0.04540503 0.08486127 -0.00431671
v 0.04540765 0.08486127 -0.00431073
v 0.04540475 0.08486127 -0.00302455
v 0.04546825 0.08642571 -0.00302907
v 0.04515329 0.08486127 0.00091015
v 0.04515329 0.08489127 0.00091015
v 0.04514938 0.08489127 0.00096303
v 0.04515023 0.08486127 0.00096388
v 0.04529023 0.08841851 0.00095788
v 0.04559186 0.09207528 -0.00634956
v 0.04567526 0.09573106 -0.00634956
v 0.04570069 0.09373925 -0.00369455
v 0.04578053 0.09971567 -0.00436002
v 0.04554928 0.09373529 -0.00037110
v 0.04540734 0.09506647 0.00095788
v 0.02398990 0.10064097 -0.02879690
v 0.02414676 0.10370475 -0.02863965
v 0.02567205 0.10058314 -0.02843413
v 0.02414676 0.10636470 -0.02834616
v 0.02592961 0.10518393 -0.02806239
v 0.02596534 0.10549814 -0.02801161
v 0.02637368 0.10098460 -0.02830227
v 0.02652496 0.10092405 -0.02822360
v 0.02682890 0.10127199 -0.02813232
v 0.02694750 0.10214547 -0.02804157
v 0.02876303 0.10267364 -0.02760762
v 0.02637368 0.10437062 -0.02808147
v 0.02637368 0.10524742 -0.02796064
v 0.02637624 0.10571694 -0.02792875
v 0.02637368 0.10611241 -0.02784143
v 0.02698437 0.10466274 -0.02786553
v 0.02637368 0.10682868 -0.02774272
v 0.03076476 0.10740592 -0.02639994
v 0.03122025 0.10776020 -0.02623687
v 0.03289448 0.10271940 -0.02632309
v 0.03179286 0.10763998 -0.02607756
v 0.03226025 0.10770145 -0.02593463
v 0.03240582 0.10762758 -0.02591899
v 0.03269233 0.10739313 -0.02584719
v 0.03278000 0.10763729 -0.02578832
v 0.03345970 0.10776020 -0.02557584
v 0.02815326 0.12158821 -0.01658445
v 0.02815326 0.12158821 -0.01655445
v 0.02776523 0.12207855 -0.01532232
v 0.02962995 0.12258179 -0.01658364
v 0.02962995 0.12258179 -0.01655364
v 0.02969737 0.12262365 -0.01655340
v 0.03076781 0.12326742 -0.01657846
v 0.03076781 0.12326742 -0.01654846
v 0.03109782 0.12343904 -0.01657542
v 0.03109782 0.12343904 -0.01654542
v 0.03152867 0.12364148 -0.01657021
v 0.03152867 0.12364148 -0.01654021
v 0.03162336 0.12367068 -0.01656827
v 0.03163040 0.12367281 -0.01656823
v 0.03026939 0.12356272 -0.01544856
v 0.03002059 0.12371280 -0.01455902
v 0.03074709 0.12336928 -0.01637186
v 0.03115512 0.12377951 -0.01596379
v 0.03074709 0.12392626 -0.01500086
v 0.03200378 0.12378136 -0.01657530
v 0.03200378 0.12378136 -0.01654530
v 0.03227387 0.12384402 -0.01657846
v 0.03227387 0.12384402 -0.01654846
v 0.03235248 0.12385507 -0.01654850
v 0.03346543 0.12399397 -0.01657636
v 0.03346543 0.12399397 -0.01654687
v 0.03402941 0.12398548 -0.01656639
v 0.03423276 0.12397628 -0.01657198
v 0.03423276 0.12397628 -0.01654206
v 0.03426036 0.12397396 -0.01654254
v 0.03215529 0.12389958 -0.01637186
v 0.03212668 0.12441654 -0.01499205
v 0.03345526 0.12410302 -0.01632196
v 0.03423276 0.12408301 -0.01632196
v 0.03345526 0.12459998 -0.01499205
v 0.03423276 0.12452090 -0.01514320
v 0.03423276 0.12457597 -0.01498394
v 0.03423276 0.12457813 -0.01498610
v 0.03674324 0.10168971 -0.02494589
v 0.03481372 0.10687919 -0.02517629
v 0.03607518 0.10776020 -0.02470908
v 0.03675512 0.10754330 -0.02442661
v 0.03700792 0.10749236 -0.02432291
v 0.03696340 0.10756165 -0.02434384
v 0.03902604 0.10135792 -0.02319530
v 0.03763711 0.10711899 -0.02397820
v 0.03744559 0.10776020 -0.02415913
v 0.03825614 0.10776020 -0.02373810
v 0.03847698 0.10681054 -0.02350277
v 0.03927213 0.10774599 -0.02295369
v 0.03933196 0.10774580 -0.02291565
v 0.03936746 0.10774580 -0.02288017
v 0.03975189 0.10776020 -0.02258471
v 0.03684604 0.11248151 -0.02366815
v 0.03809319 0.11028201 -0.02362564
v 0.04003398 0.10535952 -0.02220424
v 0.03959522 0.11167751 -0.02243248
v 0.03779655 0.11673176 -0.02221305
v 0.03825614 0.11584630 -0.02236665
v 0.04163412 0.10104303 -0.02056731
v 0.04163509 0.10136183 -0.02056522
v 0.04269640 0.10071098 -0.01898329
v 0.04074523 0.10790896 -0.02163875
v 0.04133787 0.10774580 -0.02091079
v 0.04163567 0.10775150 -0.02057458
v 0.04163567 0.10775150 -0.02054457
v 0.04168240 0.10774580 -0.02056644
v 0.04178358 0.10694670 -0.02036534
v 0.04174787 0.10747620 -0.02040750
v 0.04170163 0.10766880 -0.02049375
v 0.04170765 0.10766099 -0.02045637
v 0.04221696 0.10835523 -0.01982810
v 0.04222075 0.10832419 -0.01982122
v 0.04325303 0.10004700 -0.01794633
v 0.04325313 0.10004688 -0.01794614
v 0.04384650 0.10023262 -0.01656269
v 0.04385724 0.10051123 -0.01653406
v 0.04385724 0.10051123 -0.01656406
v 0.04387775 0.10104303 -0.01656406
v 0.04385922 0.10236751 -0.01656421
v 0.04385922 0.10236781 -0.01653430
v 0.04384962 0.10305425 -0.01656269
v 0.04384599 0.10331396 -0.01656269
v 0.04442022 0.10104486 -0.01499189
v 0.04342025 0.10802229 -0.01764408
v 0.04385539 0.10835048 -0.01656269
v 0.04097085 0.11134546 -0.02118858
v 0.04069614 0.11525834 -0.02090469
v 0.04207490 0.11280382 -0.01961690
v 0.04183258 0.11632445 -0.01920684
v 0.04292306 0.11067959 -0.01841071
v 0.04375136 0.11007924 -0.01656269
v 0.04419015 0.11233608 -0.01499189
v 0.04329700 0.11269580 -0.01736773
v 0.04360048 0.11293332 -0.01656269
v 0.04326743 0.11505552 -0.01656269
v 0.04324562 0.11522470 -0.01655358
v 0.04322973 0.11538637 -0.01656537
v 0.04322973 0.11538637 -0.01656425
v 0.04322973 0.11538637 -0.01653537
v 0.04311316 0.11657238 -0.01656543
v 0.04347923 0.11626225 -0.01579203
v 0.03932991 0.11820872 -0.02092389
v 0.03993364 0.11682208 -0.02109121
v 0.03684292 0.12364538 -0.01658524
v 0.03682762 0.12364869 -0.01655555
v 0.03684292 0.12364538 -0.01655524
v 0.03713510 0.12353358 -0.01656518
v 0.03713510 0.12353358 -0.01653518
v 0.03611935 0.12443154 -0.01499189
v 0.03784669 0.12218270 -0.01818648
v 0.03868692 0.12286108 -0.01656543
v 0.03868692 0.12286108 -0.01653543
v 0.03744559 0.12348966 -0.01656543
v 0.03901237 0.12269628 -0.01656543
v 0.03901239 0.12269626 -0.01656543
v 0.03902096 0.12269626 -0.01656269
v 0.03896178 0.12272190 -0.01656269
v 0.03818111 0.12367483 -0.01572913
v 0.04080059 0.11837519 -0.01968273
v 0.04093429 0.11977424 -0.01849506
v 0.04205402 0.11811663 -0.01825094
v 0.04293630 0.11725593 -0.01656315
v 0.04293630 0.11725593 -0.01653543
v 0.04290023 0.11739530 -0.01656269
v 0.04274526 0.11838282 -0.01656269
v 0.04213758 0.11972111 -0.01706601
v 0.04224621 0.11992300 -0.01656543
v 0.04224621 0.11992300 -0.01656269
v 0.04207988 0.12096098 -0.01562886
v 0.03367821 0.10431243 -0.00159673
v 0.03367821 0.10431243 -0.00156673
v 0.03370821 0.10431243 -0.00159673
v 0.03370821 0.10431243 -0.00156673
v 0.03419990 0.10933299 -0.00159231
v 0.03419990 0.10933299 -0.00156231
v 0.03416990 0.10933299 -0.00156231
v 0.03457220 0.11096781 -0.00111185
v 0.03454219 0.11096781 -0.00108185
v 0.03457220 0.11096781 -0.00108185
v 0.02744552 0.12234870 -0.01443572
v 0.02738457 0.12245876 -0.01366214
v 0.02738208 0.12246876 -0.01285480
v 0.02814092 0.12289901 -0.01366214
v 0.02982529 0.12383287 -0.01366214
v 0.03079685 0.12430982 -0.01366214
v 0.02967974 0.12398630 -0.01233370
v 0.02964118 0.12409636 -0.01100232
v 0.03092374 0.12466668 -0.01221627
v 0.03144994 0.12497018 -0.01169517
v 0.03068737 0.12476007 -0.01100232
v 0.03135291 0.12500355 -0.01100232
v 0.03219012 0.12477674 -0.01359755
v 0.03179080 0.12489347 -0.01257884
v 0.03267777 0.12499353 -0.01311315
v 0.03345526 0.12487680 -0.01389260
v 0.03423276 0.12486674 -0.01384402
v 0.03423276 0.12493203 -0.01354884
v 0.03345526 0.12501688 -0.01322911
v 0.03423276 0.12501329 -0.01317910
v 0.03219012 0.12504356 -0.01221627
v 0.03212668 0.12516697 -0.01100232
v 0.03345526 0.12518030 -0.01233370
v 0.03420577 0.12516819 -0.01236479
v 0.03422038 0.12517102 -0.01234924
v 0.03423276 0.12514777 -0.01245827
v 0.03423938 0.12517788 -0.01230143
v 0.03423276 0.12517972 -0.01227229
v 0.03423276 0.12519217 -0.01191041
v 0.03426276 0.12519217 -0.01191041
v 0.02960510 0.12412637 -0.00967388
v 0.03066996 0.12479008 -0.00967388
v 0.03133550 0.12500687 -0.00967388
v 0.03142631 0.12497686 -0.00897076
v 0.02970835 0.12402965 -0.00834985
v 0.02991983 0.12384288 -0.00740599
v 0.03090881 0.12468669 -0.00845553
v 0.03080804 0.12402965 -0.00698471
v 0.03212668 0.12515363 -0.00967388
v 0.03212668 0.12503356 -0.00877994
v 0.03345526 0.12510027 -0.00856416
v 0.03422100 0.12507007 -0.00850506
v 0.03423276 0.12509693 -0.00855828
v 0.03423232 0.12507972 -0.00855254
v 0.03423276 0.12510456 -0.00859718
v 0.03212544 0.12485012 -0.00811205
v 0.03212544 0.12438652 -0.00701700
v 0.03345526 0.12490015 -0.00790214
v 0.03369411 0.12489681 -0.00790361
v 0.03412603 0.12505680 -0.00842759
v 0.03412963 0.12497560 -0.00826318
v 0.03345526 0.12446657 -0.00701700
v 0.03369411 0.12446323 -0.00701700
v 0.03345526 0.12533373 -0.01100232
v 0.03423276 0.12533680 -0.01103100
v 0.03345526 0.12530038 -0.00967388
v 0.03423276 0.12530372 -0.00967388
v 0.03451299 0.12530710 -0.00967399
v 0.03423773 0.12524246 -0.00933316
v 0.03426220 0.12524246 -0.00933316
v 0.03423276 0.12522033 -0.00921003
v 0.02705740 0.11995400 -0.00302874
v 0.02727634 0.11978056 -0.00170030
v 0.02730670 0.11975957 -0.00159517
v 0.02732760 0.11977379 -0.00159516
v 0.02733324 0.11977632 -0.00159516
v 0.02734467 0.11977913 -0.00159516
v 0.02730670 0.11975957 -0.00156517
v 0.02732760 0.11977379 -0.00156516
v 0.02794891 0.11984687 -0.00159080
v 0.02794891 0.11984687 -0.00156702
v 0.02802936 0.11983781 -0.00156735
v 0.02807692 0.11983727 -0.00156673
v 0.02808121 0.11983727 -0.00156673
v 0.02807692 0.11983245 -0.00156518
v 0.02878367 0.11972301 -0.00156673
v 0.02878780 0.11973054 -0.00156673
v 0.02878367 0.11972301 -0.00156518
v 0.02886979 0.11963753 -0.00157213
v 0.02886979 0.11963753 -0.00154512
v 0.02846037 0.11963622 -0.00105639
v 0.02813707 0.11850417 0.00048539
v 0.02892653 0.11843625 0.00042372
v 0.02813707 0.11766268 0.00114836
v 0.03125837 0.12374616 -0.00625076
v 0.03212544 0.12383621 -0.00616269
v 0.03367830 0.12296193 -0.00571186
v 0.03367829 0.12295854 -0.00571038
v 0.03370830 0.12296193 -0.00571186
v 0.03370566 0.12293484 -0.00570318
v 0.03345526 0.12386956 -0.00612012
v 0.03383822 0.12401241 -0.00639059
v 0.03366950 0.12386657 -0.00612012
v 0.03369021 0.12387601 -0.00613475
v 0.03367805 0.12385269 -0.00610522
v 0.03367519 0.12387517 -0.00613317
v 0.03369917 0.12386896 -0.00612151
v 0.03370805 0.12385269 -0.00610522
v 0.03370784 0.12385319 -0.00610566
v 0.03370383 0.12390471 -0.00618858
v 0.02937912 0.11887610 -0.00159521
v 0.02937912 0.11887610 -0.00156521
v 0.02930753 0.11906279 -0.00158286
v 0.02930753 0.11906279 -0.00155286
v 0.02927862 0.11911181 -0.00157206
v 0.02927862 0.11911181 -0.00154206
v 0.02933516 0.11899577 -0.00155874
v 0.04480850 0.10104486 -0.01353955
v 0.04506370 0.10104486 -0.01233196
v 0.04452135 0.10835048 -0.01445519
v 0.04500042 0.10835048 -0.01233196
v 0.04520861 0.10829501 -0.01100297
v 0.04536061 0.10104486 -0.01033848
v 0.04563918 0.10568416 -0.00701209
v 0.04420967 0.11399608 -0.01432740
v 0.04483186 0.11299969 -0.01203215
v 0.04497972 0.11299969 -0.01100297
v 0.04549487 0.11100094 -0.00701209
v 0.04477094 0.11574325 -0.01043678
v 0.04512640 0.11499842 -0.00768051
v 0.03550531 0.11305144 0.00039428
v 0.03550531 0.11305144 0.00039443
v 0.03553480 0.11305194 0.00039352
v 0.03530804 0.11318757 0.00015821
v 0.03533804 0.11318757 0.00015821
v 0.03535657 0.11319907 0.00017472
v 0.03533804 0.11318757 0.00012821
v 0.03537295 0.11320747 0.00016223
v 0.03534792 0.11320766 0.00019195
v 0.03534947 0.11320611 0.00018940
v 0.04571666 0.10071009 -0.00634956
v 0.04565677 0.10784584 -0.00568704
v 0.04565870 0.10768092 -0.00436002
v 0.04562292 0.10336253 -0.00170009
v 0.04554159 0.10170649 -0.00037110
v 0.04531329 0.10203929 0.00095788
v 0.04541029 0.10668354 -0.00037110
v 0.04542330 0.11300562 -0.00568999
v 0.04522043 0.11499842 -0.00568900
v 0.04511161 0.11499842 -0.00302907
v 0.04545346 0.10901012 -0.00170009
v 0.04516188 0.11167445 -0.00103658
v 0.04483363 0.11580268 -0.00208345
v 0.04467868 0.11546988 -0.00119680
v 0.04417832 0.11425757 0.00028061
v 0.04475912 0.11300959 0.00029929
v 0.03686219 0.12499016 -0.01180508
v 0.03744772 0.12447116 -0.01366094
v 0.03918124 0.12347278 -0.01446993
v 0.03914013 0.12391452 -0.01251430
v 0.03921317 0.12405714 -0.01100494
v 0.03680542 0.12497431 -0.00898787
v 0.03478979 0.12499411 -0.00823196
v 0.03611935 0.12459397 -0.00757534
v 0.03818347 0.12457614 -0.00967399
v 0.03967509 0.12382538 -0.00967399
v 0.03948110 0.12366690 -0.00761957
v 0.03545457 0.12526353 -0.01100494
v 0.04238980 0.12136509 -0.01366094
v 0.04179245 0.12214953 -0.01233196
v 0.04245250 0.12148790 -0.01233196
v 0.04347569 0.11848483 -0.01448664
v 0.04398078 0.11699320 -0.01366094
v 0.04344966 0.11969715 -0.01308295
v 0.04424456 0.11699320 -0.01233196
v 0.04349816 0.11980215 -0.01196138
v 0.04476858 0.11700707 -0.00787908
v 0.03678412 0.12377784 -0.00619131
v 0.03815627 0.12365898 -0.00632794
v 0.03825090 0.11689218 0.00143561
v 0.03970170 0.11835805 0.00034844
v 0.04477686 0.11701500 -0.00615887
v 0.04078582 0.11832636 0.00031305
v 0.00332471 0.07016177 0.00167162
v 0.00337250 0.08437339 0.00205610
v 0.00337250 0.08440340 0.00205610
v 0.02005150 0.06643891 0.00381979
v 0.02210755 0.07800769 0.00292795
v 0.01958382 0.07255740 0.01677399
v 0.01778329 0.08461191 0.00240499
v 0.01779227 0.08461089 0.00240600
v 0.01779227 0.08464090 0.00240600
v 0.01794960 0.08460824 0.00242363
v 0.01794969 0.08462322 0.00242365
v 0.01864795 0.08441640 0.00258959
v 0.01903532 0.08428926 0.00269319
v 0.01924833 0.08430980 0.00268259
v 0.02050027 0.08447494 0.00261434
v 0.02282228 0.08441976 0.00250930
v 0.02282228 0.08477162 0.00249432
v 0.01714596 0.08379909 0.01115806
v 0.01714596 0.08382909 0.01115806
v 0.01729809 0.08380833 0.01115182
v 0.01740271 0.08381412 0.01114472
v 0.01740271 0.08384412 0.01114472
v 0.01746709 0.08381633 0.01113364
v 0.01746709 0.08384634 0.01113364
v 0.01770963 0.08385744 0.01109047
v 0.01906938 0.08393788 0.01082753
v 0.01903938 0.08393788 0.01082753
v 0.01906938 0.08396788 0.01082753
v 0.01903938 0.08396788 0.01082753
v 0.01979402 0.08402807 0.01123702
v 0.01993547 0.08402030 0.01131176
v 0.02124594 0.08428267 0.01199115
v 0.02127062 0.08425867 0.01200314
v 0.02127062 0.08428867 0.01200314
v 0.02179499 0.08443069 0.01226890
v 0.02188861 0.08446172 0.01231029
v 0.02191528 0.08445890 0.01230968
v 0.02190003 0.08445368 0.01230301
v 0.02192277 0.08444101 0.01231103
v 0.02007384 0.06714422 0.01956012
v 0.02009501 0.06716393 0.01955103
v 0.02010394 0.06714377 0.01956030
v 0.02015983 0.10833833 0.00631181
v 0.02281390 0.10652704 0.00700715
v 0.02281390 0.10718740 0.00673117
v 0.02015983 0.10927793 0.00582460
v 0.02503718 0.08486874 0.00250774
v 0.03008702 0.08506802 0.00255398
v 0.03009577 0.08507223 0.00255421
v 0.03418448 0.08953892 0.00272039
v 0.03418448 0.08953892 0.00275039
v 0.03502142 0.06822617 0.00306709
v 0.03524182 0.06939230 0.00298774
v 0.03523470 0.06954324 0.00298222
v 0.03555952 0.07106813 0.00294358
v 0.04289889 0.08144192 0.00778457
v 0.04339560 0.08302503 0.00661194
v 0.03878199 0.06667401 0.01721896
v 0.04010513 0.07294676 0.01420141
v 0.04007186 0.07278498 0.01427856
v 0.04181140 0.07806867 0.01031909
v 0.04089029 0.07534877 0.01242105
v 0.03573189 0.08605468 0.00260578
v 0.03573189 0.08605468 0.00263578
v 0.03613573 0.08498184 0.00259854
v 0.03616773 0.08490747 0.00259607
v 0.03620691 0.08487265 0.00259606
v 0.03529538 0.09089265 0.00177003
v 0.03532538 0.09089265 0.00177003
v 0.03551605 0.09125055 0.00222370
v 0.03554605 0.09125055 0.00222370
v 0.03476163 0.09029232 0.00278259
v 0.03519708 0.09088746 0.00277787
v 0.03519708 0.09088746 0.00280787
v 0.03833502 0.08484196 0.00212001
v 0.03829498 0.08487208 0.00235688
v 0.03829498 0.08484208 0.00235688
v 0.03823951 0.08477045 0.00261245
v 0.03825354 0.08487221 0.00261229
v 0.03825354 0.08484221 0.00261229
v 0.03560219 0.09180175 0.00281460
v 0.03560219 0.09180175 0.00284460
v 0.03571515 0.09193933 0.00263304
v 0.03574515 0.09193933 0.00263304
v 0.03581012 0.09322922 0.00286859
v 0.03582133 0.09324509 0.00285132
v 0.03585133 0.09324509 0.00285132
v 0.03581012 0.09322922 0.00289859
v 0.03583573 0.09356033 0.00288093
v 0.03586573 0.09356033 0.00288093
v 0.03583573 0.09356033 0.00291093
v 0.03586573 0.09356033 0.00291093
v 0.04493962 0.08486127 0.00226214
v 0.04495410 0.08486127 0.00229214
v 0.04487486 0.08486127 0.00266320
v 0.04487213 0.08486127 0.00268248
v 0.04487486 0.08489127 0.00266320
v 0.04469209 0.08486127 0.00331544
v 0.04468761 0.08487268 0.00332996
v 0.04462299 0.08484267 0.00349317
v 0.04462299 0.08487266 0.00349317
v 0.04462440 0.08484753 0.00352393
v 0.04463160 0.08487266 0.00352440
v 0.04462327 0.08486813 0.00352323
v 0.04463150 0.08486874 0.00352440
v 0.04479241 0.08486127 0.00306210
v 0.04464379 0.08534755 0.00352148
v 0.04401787 0.08437321 0.00510231
v 0.04401787 0.08440321 0.00510231
v 0.04456523 0.08463531 0.00367997
v 0.04460342 0.08476984 0.00359031
v 0.04446255 0.08451796 0.00395952
v 0.04456103 0.08486874 0.00372895
v 0.04506667 0.08841851 0.00228687
v 0.04470398 0.08782352 0.00349393
v 0.04470398 0.08782352 0.00352393
v 0.04472210 0.08840918 0.00352440
v 0.04473113 0.08911004 0.00352426
v 0.04473241 0.08917231 0.00349440
v 0.04473468 0.08997213 0.00352440
v 0.04473468 0.09019475 0.00350997
v 0.04473468 0.09045300 0.00352440
v 0.04459878 0.08840918 0.00386468
v 0.04460130 0.08973743 0.00388571
v 0.04459375 0.09106100 0.00388571
v 0.04469798 0.09554894 0.00352440
v 0.04469562 0.09577759 0.00352440
v 0.04456355 0.09505042 0.00384556
v 0.04512226 0.09638971 0.00228687
v 0.04468687 0.09638802 0.00352440
v 0.04469051 0.09638971 0.00352148
v 0.04467292 0.09673662 0.00352440
v 0.04466915 0.09683065 0.00352440
v 0.04463618 0.09760323 0.00349440
v 0.04463150 0.09771159 0.00352440
v 0.04454342 0.09638802 0.00383983
v 0.04451070 0.09771159 0.00377865
v 0.02382891 0.10646666 0.00699173
v 0.03369674 0.10468463 0.00546481
v 0.03371658 0.10470711 0.00542794
v 0.03374658 0.10470711 0.00542794
v 0.03160646 0.10350736 0.00703869
v 0.03163646 0.10350736 0.00703869
v 0.03137755 0.10338005 0.00719728
v 0.03139202 0.10337140 0.00720804
v 0.02969374 0.10153966 0.00854869
v 0.02973456 0.10159447 0.00853608
v 0.02984797 0.10182649 0.00847368
v 0.02947997 0.10108449 0.00864922
v 0.02987958 0.10224856 0.00832474
v 0.02991468 0.10237509 0.00827791
v 0.02991147 0.10237617 0.00827913
v 0.02994195 0.10237294 0.00828002
v 0.02998464 0.10237917 0.00828831
v 0.03001690 0.10245266 0.00819982
v 0.03012087 0.10252898 0.00812130
v 0.03004061 0.10244792 0.00820461
v 0.03080507 0.10242126 0.00833801
v 0.03213134 0.10169633 0.00882167
v 0.03213134 0.10247739 0.00840874
v 0.03346013 0.10169633 0.00896696
v 0.03346013 0.10250077 0.00845271
v 0.02813707 0.11699476 0.00163094
v 0.02880623 0.11699476 0.00163094
v 0.03613813 0.10535230 0.00338767
v 0.03613813 0.10535230 0.00341767
v 0.03610384 0.10570846 0.00343410
v 0.03610307 0.10570815 0.00343516
v 0.03612366 0.10571622 0.00340692
v 0.03612399 0.10570778 0.00343647
v 0.03612396 0.10570846 0.00343410
v 0.03616813 0.10535230 0.00338767
v 0.03616813 0.10535230 0.00341767
v 0.03617730 0.10555841 0.00339838
v 0.03617730 0.10555841 0.00342838
v 0.03614678 0.10615497 0.00337448
v 0.03617678 0.10615497 0.00337448
v 0.03661792 0.10593112 0.00341308
v 0.03661792 0.10593112 0.00344308
v 0.03616694 0.10697326 0.00334548
v 0.03616337 0.10706998 0.00333866
v 0.03616694 0.10701759 0.00334541
v 0.03619337 0.10706998 0.00333866
v 0.03618610 0.10821335 0.00311998
v 0.03616356 0.10816726 0.00313432
v 0.03615646 0.10820012 0.00312544
v 0.03616335 0.10817648 0.00313252
v 0.03616339 0.10817628 0.00313258
v 0.03618646 0.10820012 0.00312544
v 0.03574095 0.10556570 0.00392205
v 0.03576778 0.10557672 0.00389521
v 0.03577095 0.10556570 0.00392205
v 0.03543401 0.10543635 0.00416661
v 0.03549777 0.10545058 0.00413971
v 0.03871811 0.10690695 0.00351380
v 0.03877847 0.10701534 0.00351362
v 0.04003699 0.10751664 0.00351598
v 0.03479142 0.10169633 0.00901857
v 0.03479142 0.10248206 0.00845271
v 0.03611518 0.10036809 0.00941238
v 0.03617306 0.10042421 0.00938752
v 0.03611518 0.10169633 0.00894019
v 0.03617306 0.10169633 0.00893254
v 0.03866706 0.10170101 0.00846992
v 0.03744145 0.10036809 0.00920592
v 0.03744145 0.10169633 0.00876241
v 0.03815366 0.10236514 0.00828448
v 0.04005121 0.10170101 0.00796715
v 0.03957557 0.10126606 0.00834757
v 0.03904203 0.10215000 0.00818508
v 0.03615452 0.10883112 0.00285820
v 0.03615331 0.10885906 0.00284516
v 0.03618452 0.10883112 0.00285820
v 0.03877847 0.11232815 0.00315582
v 0.03827515 0.11366130 0.00292187
v 0.03802733 0.11600076 0.00178948
v 0.03949056 0.11435264 0.00295922
v 0.04005184 0.11559666 0.00238123
v 0.04432950 0.10316957 0.00352440
v 0.04428746 0.10369044 0.00349440
v 0.04428746 0.10369044 0.00352440
v 0.04470470 0.10303370 0.00281767
v 0.04428924 0.10302458 0.00362381
v 0.04367518 0.10302458 0.00463700
v 0.04422380 0.10447911 0.00352440
v 0.04422682 0.10448373 0.00352148
v 0.04421816 0.10451714 0.00352118
v 0.04399982 0.10598975 0.00352440
v 0.04410056 0.10531032 0.00349440
v 0.04410056 0.10531032 0.00352440
v 0.04317189 0.10840321 0.00349440
v 0.04317189 0.10840321 0.00352440
v 0.04343743 0.10768590 0.00348326
v 0.04343743 0.10768590 0.00351326
v 0.04350153 0.10796810 0.00352440
v 0.04378726 0.10654064 0.00348194
v 0.04378726 0.10654064 0.00351194
v 0.04383624 0.10697659 0.00352440
v 0.04386393 0.10684096 0.00352440
v 0.04380985 0.10762645 0.00340451
v 0.04362233 0.10434815 0.00454332
v 0.04353173 0.10540047 0.00441142
v 0.04334801 0.10629375 0.00426613
v 0.04418353 0.10434815 0.00362381
v 0.04123907 0.10169633 0.00729232
v 0.04104528 0.10264575 0.00713939
v 0.04190346 0.10169633 0.00678764
v 0.04248229 0.10302458 0.00599429
v 0.04232877 0.10399271 0.00580886
v 0.04271892 0.10875539 0.00350953
v 0.04274654 0.10876785 0.00351035
v 0.04274654 0.10876785 0.00352440
v 0.04296991 0.10866982 0.00352148
v 0.04296587 0.10868327 0.00352148
v 0.04292100 0.10869622 0.00352018
v 0.04300119 0.10862853 0.00352440
v 0.04343310 0.11035120 0.00295726
v 0.04475084 0.10893287 0.00160468
v 0.04351472 0.11309675 0.00167742
v 0.03913688 0.11706254 0.00168725
v 0.04078700 0.11700311 0.00164007
f 2 5 3
f 3 5 4
f 27 1 26
f 26 1 28
f 28 1 17
f 6 27 7
f 7 27 8
f 1 9 16
f 1 27 10
f 10 4 5
f 1 10 5
f 4 10 27
f 27 6 4
f 3 12 2
f 12 3 4
f 7 14 6
f 15 7 8
f 6 12 4
f 12 11 2
f 2 11 315
f 14 7 15
f 12 6 13
f 6 14 13
f 140 148 311
f 170 304 316
f 316 315 170
f 170 307 304
f 247 248 307
f 247 307 249
f 144 307 248
f 144 306 307
f 306 144 305
f 144 147 308
f 147 140 311
f 19 17 16
f 16 20 19
f 16 22 20
f 18 17 19
f 20 22 21
f 18 19 20
f 18 20 21
f 16 36 29
f 16 29 22
f 22 23 21
f 21 23 35
f 22 29 23
f 21 35 24
f 9 418 36
f 9 36 16
f 8 27 26
f 8 26 28
f 8 28 17
f 25 8 17
f 17 1 16
f 18 25 17
f 29 30 34
f 23 29 34
f 24 33 31
f 31 33 32
f 24 35 33
f 23 34 35
f 34 30 35
f 32 33 37
f 29 48 30
f 29 36 65
f 30 48 35
f 37 33 35
f 37 35 38
f 35 46 38
f 36 418 39
f 36 39 66
f 18 71 25
f 74 18 21
f 21 24 72
f 24 31 85
f 18 74 71
f 21 72 74
f 24 85 72
f 25 15 8
f 25 83 15
f 25 71 83
f 32 37 41
f 31 32 85
f 37 40 41
f 38 43 37
f 38 64 69
f 43 40 37
f 32 41 85
f 40 42 41
f 41 42 84
f 43 42 40
f 43 38 69
f 43 69 70
f 46 47 45
f 44 45 47
f 46 45 49
f 48 50 44
f 44 50 45
f 45 50 49
f 46 49 55
f 46 54 64
f 49 51 55
f 48 67 50
f 51 52 55
f 52 51 53
f 52 53 55
f 53 51 56
f 46 55 54
f 53 56 58
f 56 51 57
f 49 50 656
f 49 656 51
f 59 57 51
f 56 57 58
f 59 51 60
f 57 59 61
f 53 58 55
f 57 61 58
f 67 656 50
f 654 60 51
f 59 60 61
f 654 51 656
f 60 654 62
f 60 62 61
f 64 54 88
f 54 55 88
f 55 58 93
f 64 88 63
f 88 55 93
f 61 95 58
f 62 95 61
f 97 62 658
f 36 66 65
f 44 47 35
f 48 44 35
f 46 35 47
f 29 65 48
f 38 46 64
f 48 65 67
f 65 66 68
f 65 68 67
f 66 668 68
f 67 68 668
f 66 1232 668
f 63 69 64
f 71 170 83
f 73 78 170
f 71 74 170
f 74 73 170
f 178 252 307
f 250 307 252
f 245 307 250
f 179 307 170
f 178 307 179
f 185 78 186
f 185 170 78
f 184 186 78
f 184 79 181
f 181 79 218
f 218 77 219
f 76 221 219
f 79 77 218
f 76 219 77
f 80 221 76
f 184 78 79
f 80 82 224
f 72 73 74
f 72 81 73
f 72 85 86
f 72 86 81
f 73 81 78
f 81 86 75
f 77 79 81
f 76 77 81
f 80 76 81
f 79 78 81
f 80 81 82
f 81 75 82
f 41 84 85
f 84 86 85
f 42 86 84
f 86 42 87
f 75 86 87
f 43 89 42
f 42 89 87
f 12 13 170
f 11 12 170
f 14 170 13
f 14 15 170
f 315 11 170
f 170 15 83
f 245 249 307
f 69 63 89
f 63 88 91
f 63 91 89
f 90 89 92
f 89 91 92
f 88 93 91
f 91 93 92
f 58 94 93
f 58 95 94
f 95 62 96
f 62 97 96
f 80 224 221
f 82 752 224
f 936 82 75
f 75 87 939
f 43 70 89
f 70 69 89
f 87 89 90
f 109 190 189
f 191 110 98
f 109 110 190
f 191 190 110
f 103 109 118
f 98 102 101
f 105 104 106
f 99 101 102
f 100 101 99
f 103 104 100
f 104 105 101
f 100 104 101
f 104 118 106
f 103 118 104
f 106 108 107
f 109 189 116
f 110 109 102
f 100 99 109
f 100 109 103
f 99 102 109
f 98 110 102
f 114 125 115
f 115 125 120
f 119 115 120
f 116 117 118
f 117 244 124
f 116 244 117
f 108 118 113
f 107 108 111
f 106 118 108
f 114 112 118
f 112 113 118
f 108 113 111
f 109 116 118
f 114 118 125
f 117 125 118
f 125 2038 2036
f 119 120 121
f 121 122 119
f 119 122 123
f 120 125 121
f 121 125 122
f 123 2035 2034
f 122 125 2036
f 122 2036 123
f 119 123 2034
f 123 2036 2035
f 117 2038 125
f 117 124 2038
f 124 2037 2038
f 124 240 2037
f 126 131 129
f 128 145 248
f 129 131 132
f 127 128 248
f 126 129 127
f 127 129 128
f 107 130 154
f 131 154 132
f 130 155 154
f 98 101 131
f 107 154 131
f 126 192 131
f 191 131 192
f 98 131 191
f 105 106 131
f 106 107 131
f 101 105 131
f 129 132 139
f 132 154 138
f 139 137 150
f 134 137 139
f 133 149 136
f 135 133 136
f 134 135 137
f 136 137 135
f 138 517 139
f 132 138 139
f 128 139 143
f 152 141 142
f 140 141 148
f 152 142 153
f 143 141 140
f 142 141 143
f 140 147 143
f 128 146 145
f 128 143 146
f 144 145 146
f 144 248 145
f 144 146 147
f 147 146 143
f 128 129 139
f 139 150 153
f 139 153 142
f 139 142 143
f 148 152 149
f 149 153 150
f 137 149 150
f 148 149 151
f 148 141 152
f 149 152 153
f 133 151 149
f 149 137 136
f 138 154 155
f 138 155 505
f 155 2061 505
f 539 2061 540
f 107 111 130
f 111 113 130
f 113 112 130
f 112 114 130
f 114 115 130
f 115 119 130
f 119 155 130
f 119 156 155
f 119 2034 156
f 155 156 2061
f 157 236 206
f 157 206 210
f 157 238 236
f 158 160 192
f 159 160 158
f 158 178 159
f 159 178 193
f 161 182 183
f 161 198 168
f 161 169 182
f 161 168 169
f 161 213 162
f 161 163 213
f 183 211 163
f 161 183 163
f 165 167 170
f 176 172 167
f 170 167 172
f 174 176 167
f 179 167 193
f 168 167 165
f 168 165 166
f 168 166 169
f 165 164 166
f 158 252 178
f 177 170 185
f 175 170 171
f 171 172 175
f 171 170 172
f 175 174 173
f 174 175 176
f 173 179 170
f 176 175 172
f 175 173 170
f 165 170 177
f 179 174 167
f 179 173 174
f 178 179 193
f 165 177 182
f 182 177 187
f 180 182 187
f 180 217 183
f 180 187 181
f 180 181 217
f 182 169 166
f 182 166 164
f 164 165 182
f 180 183 182
f 184 187 185
f 184 185 186
f 184 181 187
f 185 187 177
f 189 193 206
f 188 206 193
f 189 206 243
f 206 236 243
f 189 190 193
f 160 190 192
f 190 191 192
f 190 160 193
f 159 193 160
f 195 196 194
f 188 231 206
f 167 188 193
f 168 198 196
f 168 197 188
f 198 199 194
f 168 196 197
f 198 194 196
f 167 168 188
f 161 201 194
f 200 225 203
f 161 200 201
f 200 161 225
f 196 201 230
f 194 202 195
f 196 195 201
f 188 197 231
f 195 202 201
f 230 197 196
f 194 201 202
f 201 203 204
f 200 203 201
f 230 229 197
f 197 229 231
f 230 201 204
f 203 205 204
f 230 204 205
f 199 161 194
f 161 199 198
f 161 162 225
f 206 231 210
f 207 259 208
f 209 208 259
f 209 260 234
f 231 229 751
f 230 751 229
f 210 231 751
f 230 232 760
f 157 210 763
f 157 763 238
f 212 215 233
f 211 220 213
f 162 213 212
f 211 213 163
f 213 216 214
f 213 214 215
f 212 213 215
f 213 220 216
f 183 217 211
f 211 217 220
f 217 218 220
f 181 218 217
f 219 222 223
f 219 221 222
f 218 219 220
f 216 220 223
f 219 223 220
f 203 225 226
f 226 225 228
f 162 227 225
f 225 233 228
f 227 233 225
f 212 233 227
f 203 232 205
f 230 205 232
f 203 226 232
f 162 212 227
f 209 234 235
f 236 237 243
f 236 238 237
f 237 238 239
f 124 237 240
f 237 241 240
f 239 242 241
f 237 239 241
f 116 243 244
f 237 244 243
f 116 189 243
f 124 244 237
f 238 768 239
f 239 772 242
f 242 772 2073
f 245 246 249
f 126 246 158
f 127 249 246
f 126 127 246
f 158 246 251
f 158 251 252
f 245 251 246
f 127 248 247
f 127 247 249
f 245 250 251
f 250 252 251
f 258 253 255
f 207 258 262
f 258 208 257
f 253 258 257
f 255 253 254
f 255 262 258
f 253 257 254
f 254 256 255
f 126 158 192
f 207 208 258
f 207 261 259
f 259 260 209
f 256 254 781
f 254 257 784
f 257 208 787
f 259 796 260
f 235 234 787
f 208 209 787
f 209 235 787
f 260 793 234
f 803 259 839
f 256 1574 255
f 207 2090 261
f 261 2106 259
f 207 262 2094
f 842 839 259
f 842 259 2079
f 263 283 290
f 283 289 290
f 271 286 282
f 263 265 283
f 282 265 267
f 264 265 263
f 271 274 286
f 282 267 271
f 266 267 265
f 267 266 272
f 267 272 271
f 273 269 266
f 326 272 266
f 273 268 269
f 272 328 274
f 268 270 269
f 266 269 325
f 266 325 327
f 326 266 327
f 271 272 274
f 264 291 265
f 263 290 264
f 265 293 266
f 265 291 292
f 264 290 291
f 299 273 266
f 265 292 293
f 296 270 268
f 299 268 273
f 268 294 296
f 269 270 302
f 296 295 270
f 1 282 277
f 275 278 280
f 1 276 282
f 275 279 278
f 277 286 285
f 280 265 275
f 277 282 286
f 265 282 276
f 265 280 281
f 265 281 283
f 275 265 276
f 9 277 285
f 1 277 9
f 275 2 284
f 275 276 5
f 1 5 276
f 275 5 2
f 275 307 279
f 279 305 278
f 278 305 280
f 275 304 307
f 280 305 308
f 279 307 306
f 279 306 305
f 283 281 310
f 280 311 281
f 280 308 309
f 280 309 311
f 281 311 310
f 310 312 283
f 283 312 289
f 275 284 316
f 315 284 2
f 316 284 315
f 316 304 275
f 274 287 286
f 285 286 287
f 274 357 287
f 287 357 288
f 285 287 288
f 285 288 419
f 288 358 419
f 293 518 297
f 293 297 266
f 297 298 266
f 298 299 266
f 268 300 294
f 299 300 268
f 294 295 296
f 295 302 270
f 294 303 295
f 300 301 294
f 294 301 303
f 295 303 302
f 297 527 298
f 298 527 299
f 299 527 300
f 303 301 529
f 300 529 301
f 300 527 529
f 303 529 533
f 303 533 507
f 302 507 385
f 302 303 507
f 385 512 549
f 508 509 385
f 385 510 512
f 509 510 385
f 507 508 385
f 314 312 310
f 312 314 313
f 289 312 313
f 308 305 144
f 309 147 311
f 147 309 308
f 148 310 311
f 148 314 310
f 133 314 151
f 148 151 314
f 313 133 524
f 289 313 524
f 289 524 290
f 133 313 314
f 291 524 292
f 291 290 524
f 524 293 292
f 293 524 518
f 297 518 523
f 297 523 527
f 317 318 319
f 319 321 317
f 317 320 318
f 319 449 321
f 450 318 320
f 317 321 320
f 321 449 398
f 450 320 395
f 324 329 322
f 327 341 328
f 327 325 334
f 329 334 325
f 322 323 324
f 328 332 330
f 334 329 324
f 274 330 357
f 326 328 272
f 326 327 328
f 274 328 330
f 330 359 357
f 322 376 323
f 323 376 324
f 269 384 325
f 329 325 384
f 329 384 322
f 334 343 327
f 332 328 344
f 328 342 344
f 328 341 342
f 324 331 333
f 341 327 343
f 330 332 337
f 324 333 334
f 332 339 336
f 332 336 3527
f 332 3527 337
f 332 338 339
f 332 344 338
f 343 334 347
f 334 348 347
f 339 338 335
f 338 345 340
f 335 336 339
f 338 340 335
f 342 341 343
f 342 343 347
f 338 344 345
f 344 346 345
f 340 345 347
f 342 346 344
f 342 347 346
f 345 346 347
f 336 335 349
f 349 351 336
f 336 351 3527
f 349 350 3528
f 349 3528 351
f 335 340 352
f 335 352 349
f 349 352 350
f 352 3529 350
f 330 337 359
f 337 353 359
f 391 331 324
f 333 331 391
f 333 354 334
f 333 355 354
f 333 391 355
f 334 356 348
f 354 356 334
f 288 357 359
f 288 359 358
f 358 3555 419
f 358 359 3555
f 353 3555 359
f 362 360 363
f 360 361 363
f 362 363 364
f 363 365 364
f 365 371 364
f 363 361 367
f 361 360 367
f 363 368 365
f 363 367 368
f 365 368 369
f 360 366 367
f 364 371 370
f 362 474 360
f 360 470 366
f 362 364 474
f 364 370 474
f 366 372 367
f 366 470 372
f 360 474 470
f 370 471 474
f 370 374 471
f 371 373 370
f 370 373 374
f 478 471 374
f 374 480 478
f 484 374 412
f 480 374 482
f 374 484 482
f 322 375 376
f 324 376 381
f 324 381 383
f 302 384 269
f 384 375 322
f 375 385 376
f 376 378 380
f 376 377 378
f 377 376 389
f 376 382 381
f 376 380 382
f 382 380 379
f 381 382 383
f 354 355 579
f 380 378 570
f 380 570 379
f 355 391 579
f 302 385 384
f 375 384 385
f 389 385 390
f 385 386 390
f 385 387 386
f 387 385 388
f 385 549 388
f 390 386 564
f 566 377 389
f 389 390 565
f 376 385 389
f 377 569 378
f 324 383 391
f 340 347 578
f 348 578 347
f 340 607 352
f 348 356 580
f 356 354 580
f 321 392 393
f 392 321 394
f 320 393 395
f 392 394 393
f 393 394 395
f 394 396 395
f 396 394 399
f 394 398 399
f 397 396 399
f 321 393 320
f 395 396 450
f 450 396 397
f 398 449 401
f 450 397 400
f 321 398 394
f 400 404 450
f 398 403 399
f 397 399 403
f 397 403 400
f 398 402 403
f 401 402 398
f 403 405 400
f 404 400 405
f 401 412 402
f 402 410 403
f 405 403 406
f 404 405 406
f 406 403 409
f 409 403 410
f 404 406 407
f 406 409 407
f 407 409 408
f 412 411 402
f 410 402 411
f 374 373 411
f 412 374 411
f 373 413 411
f 410 411 413
f 410 417 409
f 408 409 414
f 409 417 414
f 410 489 417
f 414 417 415
f 415 417 416
f 416 417 489
f 9 285 418
f 39 418 419
f 285 419 418
f 39 419 66
f 420 421 422
f 420 424 421
f 420 423 424
f 423 456 424
f 420 422 426
f 426 423 420
f 426 422 425
f 419 3555 1232
f 423 426 456
f 421 428 422
f 428 421 424
f 422 428 425
f 424 457 428
f 428 457 427
f 457 431 427
f 66 419 1232
f 426 1234 487
f 426 425 1240
f 425 434 1241
f 1236 1234 426
f 1236 426 1239
f 427 1237 1238
f 427 1235 1237
f 487 1234 1235
f 428 427 430
f 425 428 434
f 428 430 433
f 428 433 429
f 428 429 434
f 429 433 432
f 433 430 435
f 434 429 432
f 436 453 439
f 431 1235 427
f 436 437 459
f 437 438 459
f 427 1238 430
f 432 433 435
f 432 435 434
f 1243 435 430
f 436 443 437
f 436 440 443
f 437 443 438
f 442 446 445
f 441 445 447
f 439 442 441
f 436 439 440
f 439 441 440
f 440 441 444
f 441 442 445
f 441 447 444
f 440 444 443
f 445 448 447
f 445 446 448
f 443 444 1260
f 443 1260 438
f 442 1261 446
f 447 1260 444
f 447 448 1260
f 448 446 1260
f 439 1261 442
f 318 450 319
f 401 449 453
f 404 451 450
f 452 450 451
f 319 1262 449
f 450 1262 319
f 404 455 451
f 1262 453 449
f 452 451 454
f 450 452 1276
f 439 453 1262
f 451 455 454
f 456 457 424
f 460 426 487
f 456 426 460
f 456 460 457
f 436 459 458
f 457 477 431
f 431 477 488
f 412 436 458
f 461 457 460
f 461 477 457
f 412 458 484
f 458 459 486
f 458 485 484
f 458 486 485
f 372 461 460
f 372 476 461
f 372 465 462
f 463 372 462
f 476 372 463
f 372 468 465
f 470 468 372
f 462 465 467
f 465 464 467
f 465 466 464
f 468 466 465
f 469 466 468
f 468 470 469
f 471 478 475
f 475 478 473
f 473 478 479
f 470 474 472
f 469 470 472
f 472 474 473
f 474 475 473
f 474 471 475
f 461 476 477
f 481 479 478
f 481 478 480
f 481 480 482
f 481 482 483
f 482 485 483
f 482 484 485
f 483 485 486
f 3590 487 488
f 431 488 1235
f 488 487 1235
f 401 453 412
f 404 407 455
f 412 453 436
f 407 408 1263
f 408 414 1303
f 489 491 416
f 489 490 491
f 490 492 491
f 492 493 491
f 493 492 494
f 496 495 494
f 495 496 497
f 497 500 495
f 502 498 503
f 503 498 499
f 498 653 499
f 497 502 500
f 500 502 501
f 501 502 503
f 414 415 1306
f 415 416 1310
f 416 491 1281
f 493 494 504
f 495 504 494
f 407 1263 455
f 459 438 1277
f 408 1264 1263
f 408 1303 1264
f 415 1310 1308
f 416 1281 1284
f 416 1284 1310
f 491 493 1287
f 493 504 1286
f 504 495 1581
f 491 1287 1281
f 493 1286 1287
f 495 1586 1581
f 138 506 535
f 138 505 506
f 506 510 535
f 505 515 506
f 505 539 515
f 509 535 510
f 507 534 508
f 508 534 509
f 510 514 511
f 512 510 511
f 512 511 513
f 506 515 514
f 514 515 516
f 506 514 510
f 513 511 554
f 511 514 554
f 512 513 562
f 512 556 549
f 554 552 513
f 512 559 556
f 512 561 559
f 512 562 561
f 563 562 513
f 513 552 563
f 554 514 567
f 514 516 567
f 567 516 582
f 518 525 521
f 521 525 522
f 517 520 522
f 522 520 521
f 518 521 523
f 521 519 523
f 521 520 519
f 523 519 528
f 517 535 520
f 139 522 134
f 134 525 135
f 139 517 522
f 518 524 525
f 134 522 525
f 135 525 524
f 524 133 135
f 138 535 517
f 531 520 535
f 526 529 527
f 531 526 520
f 523 528 527
f 519 520 528
f 528 526 527
f 528 520 526
f 529 530 533
f 532 533 530
f 526 530 529
f 531 530 526
f 532 530 531
f 532 531 534
f 533 532 534
f 531 535 509
f 507 533 534
f 531 509 534
f 505 2061 539
f 515 539 540
f 516 515 540
f 536 2383 537
f 537 2383 538
f 537 2394 536
f 537 538 2394
f 516 540 2383
f 516 536 542
f 516 542 541
f 516 541 582
f 541 542 543
f 541 543 581
f 516 2383 536
f 536 543 542
f 543 2394 544
f 536 2394 543
f 544 2394 2395
f 543 544 581
f 544 545 581
f 544 2395 545
f 574 627 2407
f 546 548 625
f 625 2405 627
f 546 547 548
f 546 641 547
f 548 2405 625
f 574 2407 2408
f 627 2405 2406
f 391 383 579
f 382 379 579
f 382 579 383
f 348 580 578
f 354 579 580
f 340 578 583
f 340 583 584
f 340 584 586
f 387 388 555
f 387 555 551
f 552 388 549
f 390 564 565
f 549 550 552
f 551 553 564
f 553 552 554
f 555 553 551
f 551 564 386
f 388 553 555
f 552 553 388
f 557 550 549
f 386 387 551
f 377 566 569
f 378 569 568
f 389 565 566
f 378 568 570
f 379 570 571
f 556 557 549
f 556 559 557
f 559 561 558
f 558 561 560
f 557 558 560
f 558 557 559
f 557 560 550
f 552 550 563
f 560 563 550
f 560 562 563
f 560 561 562
f 564 553 565
f 553 554 567
f 565 553 566
f 566 553 567
f 566 567 569
f 568 569 567
f 571 579 379
f 571 568 579
f 570 568 571
f 568 567 582
f 586 587 340
f 587 588 340
f 588 605 340
f 340 605 606
f 340 606 607
f 352 607 608
f 352 608 609
f 352 609 3698
f 572 574 573
f 574 575 573
f 572 627 574
f 572 573 627
f 647 629 577
f 627 573 622
f 575 628 573
f 575 576 628
f 576 577 628
f 573 628 622
f 577 629 628
f 568 582 579
f 581 578 580
f 541 581 582
f 580 579 582
f 582 581 580
f 583 578 584
f 578 585 584
f 586 584 585
f 589 590 592
f 589 592 591
f 589 594 590
f 590 594 593
f 593 594 595
f 595 594 596
f 596 594 598
f 596 598 597
f 598 612 597
f 589 591 600
f 591 592 600
f 589 600 594
f 600 598 594
f 592 599 600
f 590 593 601
f 590 601 592
f 592 601 602
f 592 602 599
f 581 604 578
f 545 604 581
f 578 604 585
f 585 604 586
f 586 604 603
f 545 2429 604
f 603 604 2429
f 588 603 610
f 586 603 587
f 587 603 588
f 603 2431 610
f 606 610 607
f 588 610 605
f 605 610 606
f 610 2436 3714
f 607 610 608
f 608 610 3713
f 610 3714 3713
f 597 612 611
f 597 611 630
f 612 620 611
f 598 600 612
f 593 595 636
f 595 596 636
f 600 613 612
f 596 597 633
f 600 599 613
f 613 599 614
f 593 637 601
f 612 640 620
f 612 613 640
f 593 636 637
f 596 633 636
f 599 644 614
f 599 602 644
f 614 3731 642
f 616 623 617
f 611 620 621
f 618 621 620
f 621 619 615
f 621 618 619
f 616 619 618
f 616 617 619
f 623 625 624
f 627 622 626
f 626 624 625
f 625 627 626
f 623 624 617
f 622 628 626
f 626 628 624
f 621 615 630
f 624 628 617
f 617 628 619
f 619 628 615
f 623 641 625
f 611 621 630
f 597 630 633
f 615 628 630
f 628 629 630
f 630 631 633
f 629 631 630
f 616 640 623
f 616 618 640
f 618 620 640
f 546 625 641
f 640 641 623
f 629 632 635
f 633 634 639
f 629 635 631
f 631 635 633
f 633 635 634
f 636 638 637
f 633 638 636
f 633 639 638
f 613 614 640
f 640 614 642
f 640 642 641
f 547 641 642
f 548 547 3731
f 547 642 3731
f 548 3731 2405
f 602 601 644
f 614 644 646
f 601 643 644
f 614 646 3731
f 637 3740 601
f 643 601 3740
f 643 646 644
f 643 645 646
f 646 645 3731
f 635 3738 634
f 637 638 3740
f 638 639 3740
f 634 3740 639
f 3731 3733 2405
f 262 255 1574
f 262 1574 574
f 262 574 2571
f 574 1574 575
f 1574 576 575
f 576 1574 577
f 647 577 1574
f 649 650 651
f 647 649 648
f 649 651 648
f 652 651 650
f 647 648 629
f 629 648 651
f 651 653 629
f 499 653 652
f 652 653 651
f 629 653 3640
f 629 3644 632
f 632 3802 635
f 647 1574 649
f 649 1574 1575
f 649 1575 1576
f 501 503 1613
f 503 499 1612
f 499 652 1612
f 650 649 1595
f 652 650 1600
f 495 500 1613
f 500 501 1613
f 82 769 752
f 769 82 936
f 75 939 936
f 712 942 939
f 654 655 62
f 654 656 655
f 655 657 658
f 655 656 657
f 657 656 659
f 62 655 658
f 657 663 658
f 657 659 660
f 657 660 661
f 657 661 667
f 657 665 662
f 657 669 665
f 657 662 663
f 663 665 664
f 662 665 663
f 664 665 666
f 658 663 711
f 663 664 711
f 666 712 664
f 67 668 671
f 67 671 656
f 659 656 671
f 659 671 660
f 661 660 671
f 657 667 670
f 657 670 669
f 661 671 667
f 668 682 671
f 667 671 670
f 669 670 673
f 670 674 673
f 670 671 683
f 665 669 666
f 669 672 666
f 669 679 672
f 669 680 679
f 669 673 684
f 670 683 674
f 673 674 675
f 674 676 675
f 675 676 677
f 673 675 684
f 674 683 676
f 676 678 677
f 675 677 684
f 677 678 684
f 669 684 680
f 680 684 681
f 671 693 683
f 671 682 693
f 666 672 714
f 679 715 672
f 680 715 679
f 680 681 722
f 686 723 681
f 678 685 684
f 684 685 681
f 685 686 681
f 676 687 678
f 683 687 676
f 685 678 689
f 678 687 688
f 678 688 689
f 685 691 686
f 685 689 691
f 683 694 687
f 683 693 694
f 688 690 689
f 687 694 688
f 690 688 695
f 689 692 691
f 689 690 692
f 682 1244 693
f 688 694 695
f 693 696 694
f 696 693 697
f 690 695 697
f 694 696 695
f 695 696 697
f 690 697 700
f 697 698 700
f 698 699 700
f 699 704 700
f 690 700 692
f 692 700 702
f 700 703 702
f 700 707 703
f 700 701 707
f 697 693 1337
f 697 1337 698
f 704 701 700
f 698 1337 699
f 701 704 705
f 699 1337 704
f 704 706 705
f 706 704 1336
f 701 708 707
f 701 705 708
f 705 709 708
f 705 706 709
f 691 725 686
f 691 692 725
f 702 727 692
f 702 703 730
f 707 735 703
f 707 708 735
f 708 709 738
f 97 658 710
f 658 711 710
f 711 664 712
f 712 666 713
f 714 713 666
f 87 90 939
f 92 93 939
f 90 92 939
f 93 94 939
f 94 95 939
f 95 96 939
f 96 97 939
f 97 710 939
f 710 711 939
f 672 715 714
f 715 680 716
f 716 680 717
f 717 680 718
f 680 719 721
f 680 720 719
f 721 718 680
f 680 722 720
f 681 723 722
f 712 713 942
f 713 714 942
f 714 715 942
f 711 712 939
f 715 716 942
f 716 717 942
f 717 718 942
f 721 956 718
f 718 954 942
f 719 740 721
f 720 741 719
f 723 686 724
f 724 686 725
f 725 692 726
f 692 727 726
f 702 730 727
f 730 703 735
f 708 737 735
f 708 738 737
f 722 744 720
f 722 723 748
f 723 724 748
f 724 725 748
f 725 726 748
f 726 727 728
f 727 730 728
f 728 730 731
f 728 731 729
f 730 735 731
f 731 732 729
f 732 733 729
f 732 731 735
f 732 734 733
f 732 735 737
f 732 736 734
f 732 737 736
f 734 1270 733
f 734 736 1270
f 733 1270 1271
f 736 737 738
f 736 738 1391
f 718 956 954
f 721 739 956
f 720 742 741
f 721 740 739
f 719 741 740
f 739 958 956
f 739 740 958
f 720 744 742
f 722 746 744
f 722 748 746
f 726 728 748
f 728 729 748
f 729 733 748
f 733 1271 748
f 740 741 743
f 740 743 1017
f 741 742 743
f 742 745 743
f 742 744 745
f 744 746 745
f 743 745 747
f 743 747 1017
f 745 746 747
f 746 749 747
f 746 748 749
f 748 750 749
f 747 749 1704
f 749 750 1441
f 749 1441 1704
f 215 759 233
f 214 759 215
f 226 228 759
f 226 767 232
f 228 233 759
f 761 764 210
f 763 210 764
f 238 763 768
f 230 760 751
f 210 751 761
f 226 759 767
f 232 767 762
f 232 762 760
f 216 223 909
f 214 216 909
f 222 221 911
f 222 909 223
f 221 224 911
f 224 752 911
f 753 755 754
f 755 756 754
f 754 756 757
f 756 758 757
f 756 755 758
f 755 807 758
f 757 777 754
f 214 909 759
f 751 760 761
f 760 764 761
f 760 762 766
f 760 766 764
f 764 766 765
f 764 765 763
f 766 918 765
f 765 921 916
f 763 765 916
f 759 762 767
f 759 904 762
f 762 917 766
f 763 916 768
f 768 916 773
f 752 769 935
f 222 911 909
f 752 935 911
f 935 769 936
f 753 770 755
f 754 770 753
f 757 758 771
f 755 770 807
f 758 807 808
f 807 770 809
f 809 770 812
f 754 776 770
f 754 777 776
f 757 771 777
f 758 808 991
f 813 770 961
f 758 991 771
f 239 768 772
f 768 773 772
f 772 773 774
f 773 775 774
f 770 776 968
f 776 777 970
f 771 970 777
f 256 780 782
f 256 782 778
f 256 781 780
f 254 784 781
f 257 790 784
f 778 782 779
f 782 783 779
f 782 780 783
f 784 791 785
f 784 786 781
f 784 785 786
f 257 787 790
f 788 234 795
f 260 796 793
f 259 797 796
f 234 793 795
f 787 234 788
f 784 790 791
f 787 788 789
f 787 789 790
f 788 792 789
f 789 791 790
f 789 792 791
f 791 792 795
f 788 795 792
f 256 778 1526
f 781 786 797
f 781 798 780
f 785 794 786
f 779 1527 778
f 797 259 798
f 259 799 798
f 259 800 799
f 259 801 800
f 259 803 801
f 794 793 786
f 796 786 793
f 785 791 794
f 791 795 794
f 797 786 796
f 798 781 797
f 794 795 793
f 780 1554 783
f 780 798 1540
f 801 802 800
f 801 804 802
f 801 803 804
f 803 805 804
f 805 806 804
f 805 851 806
f 851 853 806
f 798 799 1540
f 802 1551 800
f 802 804 1551
f 799 800 1543
f 807 809 808
f 809 810 808
f 809 811 810
f 812 770 813
f 809 812 811
f 811 812 814
f 812 813 814
f 814 813 815
f 814 815 816
f 815 817 816
f 817 818 816
f 818 820 816
f 817 820 818
f 817 819 820
f 813 961 815
f 817 815 932
f 810 994 808
f 810 811 1029
f 811 814 1029
f 817 983 819
f 819 985 820
f 814 816 1029
f 983 984 819
f 819 984 985
f 820 1029 816
f 823 822 821
f 823 824 822
f 821 825 823
f 824 823 826
f 821 822 830
f 821 830 825
f 823 825 826
f 826 825 827
f 825 830 828
f 825 829 827
f 825 828 829
f 824 833 822
f 822 833 834
f 822 834 830
f 833 832 831
f 831 832 835
f 833 831 834
f 830 834 998
f 834 831 998
f 831 999 998
f 999 831 836
f 831 835 836
f 836 835 838
f 836 838 837
f 830 998 1530
f 844 2080 863
f 863 2080 864
f 864 2080 865
f 862 865 2081
f 803 839 845
f 845 846 851
f 842 840 839
f 839 840 845
f 845 847 846
f 840 847 845
f 846 847 848
f 847 850 848
f 849 846 848
f 847 840 1551
f 1548 850 847
f 846 849 854
f 849 848 879
f 848 850 882
f 848 882 879
f 803 845 805
f 851 852 853
f 852 854 853
f 854 855 853
f 854 856 855
f 856 857 855
f 856 858 857
f 857 858 859
f 860 859 858
f 859 860 861
f 805 845 851
f 846 852 851
f 852 846 854
f 849 856 854
f 849 858 856
f 849 860 858
f 804 806 1547
f 806 853 1547
f 853 855 1547
f 857 1549 855
f 857 859 1549
f 859 861 1549
f 860 869 861
f 860 849 869
f 882 850 1545
f 1548 1550 850
f 850 1550 1545
f 869 849 879
f 882 1545 1560
f 842 2079 841
f 841 2079 843
f 843 2079 844
f 862 866 3097
f 3097 867 868
f 866 867 3097
f 869 871 861
f 861 871 1559
f 871 872 1559
f 870 871 869
f 870 872 871
f 870 873 872
f 873 874 872
f 874 878 872
f 874 875 878
f 875 877 878
f 876 877 875
f 869 879 880
f 869 880 881
f 883 869 881
f 879 882 880
f 880 882 881
f 881 882 884
f 883 881 884
f 884 882 885
f 883 884 886
f 884 885 886
f 882 1561 885
f 1561 887 885
f 882 1560 1561
f 877 1562 1559
f 883 888 874
f 874 888 889
f 870 869 883
f 870 883 873
f 873 883 874
f 874 889 875
f 876 875 889
f 876 889 890
f 885 887 886
f 883 886 888
f 886 887 888
f 888 887 896
f 894 889 888
f 896 887 1561
f 872 878 1559
f 878 877 1559
f 877 891 1562
f 891 893 1562
f 876 890 877
f 877 890 891
f 890 892 891
f 892 893 891
f 893 892 1174
f 1173 1174 892
f 889 892 890
f 892 889 894
f 1561 899 896
f 895 894 888
f 895 888 896
f 893 1174 1562
f 1174 1176 1562
f 1176 1177 1562
f 1563 1562 1177
f 899 1561 1564
f 892 894 897
f 897 900 1173
f 900 902 1173
f 897 1173 892
f 894 895 897
f 895 896 899
f 897 895 898
f 895 899 898
f 897 898 900
f 898 899 901
f 898 901 900
f 899 903 901
f 899 1566 903
f 899 1564 1566
f 3105 1113 1187
f 759 909 905
f 904 905 910
f 759 905 904
f 904 910 906
f 907 911 908
f 908 911 935
f 907 908 937
f 907 937 914
f 905 909 910
f 907 910 909
f 906 910 912
f 907 909 911
f 910 914 912
f 906 912 915
f 907 914 910
f 912 914 913
f 914 915 913
f 912 913 915
f 914 941 915
f 915 949 926
f 765 918 920
f 765 920 921
f 762 904 917
f 904 906 917
f 906 918 917
f 766 917 918
f 906 920 918
f 906 919 920
f 921 920 923
f 916 921 923
f 906 922 919
f 919 923 920
f 773 916 964
f 916 923 964
f 906 915 922
f 919 922 925
f 919 925 923
f 923 924 964
f 964 924 934
f 915 925 922
f 925 926 928
f 925 924 923
f 924 925 928
f 924 928 934
f 934 928 930
f 929 934 931
f 934 930 931
f 915 926 925
f 926 930 928
f 927 931 930
f 926 927 930
f 908 935 938
f 908 938 937
f 936 940 935
f 935 940 938
f 936 939 940
f 937 938 941
f 914 937 941
f 938 943 941
f 939 945 940
f 943 938 940
f 943 940 945
f 939 942 945
f 941 943 944
f 944 946 941
f 942 955 945
f 945 955 947
f 947 955 948
f 943 946 944
f 943 945 946
f 945 947 946
f 946 960 941
f 941 960 950
f 915 941 950
f 915 951 949
f 926 949 953
f 915 950 951
f 949 951 952
f 949 952 953
f 950 952 951
f 950 960 952
f 952 963 953
f 926 953 1012
f 942 954 956
f 942 956 955
f 955 959 948
f 955 956 957
f 947 960 946
f 955 957 959
f 947 948 960
f 948 959 960
f 952 960 963
f 956 958 957
f 957 1010 959
f 960 959 1009
f 929 931 1078
f 929 1078 933
f 926 1072 927
f 927 1072 931
f 953 963 1012
f 770 962 961
f 962 932 961
f 815 961 932
f 933 983 932
f 960 1011 963
f 773 964 965
f 934 965 964
f 773 965 775
f 934 966 965
f 3145 934 929
f 934 3149 966
f 966 3149 967
f 770 969 962
f 771 991 971
f 3145 929 933
f 933 932 3145
f 962 3143 932
f 770 968 969
f 3145 3147 934
f 934 3147 3149
f 962 969 972
f 962 972 974
f 962 974 977
f 962 977 3142
f 962 3142 3143
f 967 3149 3139
f 771 971 970
f 776 970 968
f 969 968 971
f 968 970 971
f 969 971 973
f 969 973 972
f 972 973 974
f 974 973 975
f 974 976 977
f 974 975 976
f 3145 932 3143
f 971 991 973
f 975 973 991
f 975 992 976
f 976 992 3140
f 3140 992 3141
f 1123 3146 3141
f 1123 3147 3146
f 1122 3152 3147
f 980 987 986
f 978 980 986
f 996 997 982
f 996 982 981
f 978 979 980
f 978 981 979
f 979 982 980
f 981 982 979
f 957 958 1010
f 933 1073 988
f 817 932 983
f 933 988 983
f 808 994 993
f 810 1029 994
f 808 993 991
f 988 984 983
f 984 990 985
f 988 989 984
f 984 989 990
f 986 987 990
f 989 986 990
f 989 988 986
f 985 1029 820
f 985 990 1032
f 990 987 1032
f 980 1089 987
f 991 1023 992
f 991 993 1022
f 991 1022 1023
f 985 1028 1029
f 1030 1028 985
f 985 1032 1030
f 987 1035 1032
f 987 1089 1035
f 993 994 995
f 993 995 1022
f 994 1028 995
f 994 1029 1028
f 1000 999 1001
f 1001 1008 1000
f 837 838 996
f 838 997 996
f 1095 833 824
f 836 1001 999
f 998 999 1000
f 824 826 1095
f 826 827 1095
f 836 837 1054
f 996 981 1055
f 837 996 1054
f 836 1002 1001
f 836 1006 1002
f 827 829 1095
f 998 1000 1528
f 1001 1002 1003
f 1001 1003 1008
f 1002 1005 1003
f 1003 1005 1004
f 1006 1007 1005
f 1002 1006 1005
f 1005 1007 1004
f 1006 1054 1007
f 988 1073 986
f 978 986 1073
f 978 1073 981
f 836 1054 1006
f 981 1073 1055
f 996 1055 1054
f 1003 1004 1744
f 835 1089 838
f 833 1095 832
f 835 832 1095
f 838 1089 997
f 980 982 1089
f 997 1089 982
f 835 1095 1089
f 959 1010 1009
f 963 1011 1012
f 1009 1013 960
f 1014 960 1013
f 740 1010 958
f 1010 1013 1009
f 1010 1014 1013
f 1010 1017 1014
f 960 1014 1015
f 960 1019 1011
f 960 1015 1019
f 1011 1019 1012
f 926 1012 1021
f 926 1021 1072
f 740 1017 1010
f 1014 1016 1015
f 1017 1016 1014
f 1012 1019 1020
f 1012 1020 1021
f 1015 1016 1018
f 1018 1016 1020
f 1016 1057 1020
f 1017 1059 1016
f 1015 1018 1019
f 1019 1018 1020
f 1020 1057 1058
f 931 1072 1078
f 933 1077 1074
f 933 1074 1073
f 933 1078 1077
f 995 1024 1022
f 1022 1024 1026
f 1022 1025 1023
f 1022 1026 1025
f 995 1028 1030
f 995 1030 1024
f 1024 1030 1026
f 1025 1026 1027
f 1026 1048 1027
f 1026 1030 1031
f 1031 1030 1032
f 1026 1031 1034
f 1032 1033 1031
f 1034 1047 1026
f 1026 1047 1048
f 1031 1033 1034
f 1033 1047 1034
f 1036 1048 1047
f 1036 1037 1048
f 1036 1044 1037
f 1044 1043 1037
f 1045 1042 1046
f 1039 1041 1040
f 1039 1040 1038
f 1046 1042 1041
f 1040 1041 1042
f 1043 1045 1046
f 1043 1044 1045
f 1044 1092 1045
f 1045 1092 1042
f 1032 1050 1033
f 1033 1050 1047
f 1032 1035 1050
f 1047 1050 1049
f 1049 1050 1051
f 1049 1051 1052
f 1036 1047 1049
f 1036 1092 1044
f 1036 1049 1052
f 1036 1052 1053
f 1036 1053 1092
f 1052 1092 1053
f 1054 1056 1007
f 1054 1055 1056
f 1016 1066 1057
f 747 1059 1017
f 1016 1059 1066
f 1020 1070 1021
f 1058 1062 1020
f 1057 1061 1058
f 1063 1070 1020
f 1021 1070 1071
f 1021 1071 1072
f 1062 1063 1020
f 1066 1059 1067
f 1067 1059 1068
f 1055 1073 1056
f 1073 1075 1056
f 1057 1060 1061
f 1058 1061 1062
f 1057 1064 1060
f 1057 1066 1064
f 1060 1064 1061
f 1062 1061 1065
f 1062 1065 1063
f 1063 1082 1070
f 1061 1064 1065
f 1063 1065 1067
f 1063 1067 1082
f 1066 1067 1065
f 1064 1066 1065
f 1069 1079 1072
f 1071 1069 1072
f 1070 1082 1071
f 1069 1081 1079
f 1069 1071 1081
f 1074 1075 1073
f 1074 1077 1075
f 1075 1077 1076
f 1076 1077 1078
f 1076 1078 1080
f 1080 1078 1079
f 1072 1079 1078
f 747 1704 1059
f 1004 1007 1747
f 1007 1056 1740
f 1056 1075 1741
f 1059 1083 1068
f 1059 1084 1083
f 1067 1068 1087
f 1067 1087 1082
f 1071 1082 1088
f 1071 1088 1081
f 1068 1083 1087
f 1083 1084 1085
f 1059 1704 1084
f 1084 1704 1086
f 1083 1085 1087
f 1084 1086 1085
f 1082 1087 1088
f 1085 1086 1705
f 1085 1705 1087
f 1075 1076 1741
f 1076 1080 1741
f 1080 1079 1741
f 1079 1081 1741
f 1035 1089 1090
f 1035 1090 1050
f 1051 1050 1091
f 1051 1091 1052
f 1089 1095 1090
f 1050 1090 1096
f 1050 1096 1091
f 1052 1091 1093
f 1052 1093 1092
f 1092 1093 1094
f 1091 1096 1093
f 1093 1097 1094
f 1090 1095 1096
f 1095 1099 1096
f 1093 1096 1097
f 1094 1097 1098
f 1097 1102 1098
f 1096 1101 1097
f 1096 1099 1100
f 1099 1103 1100
f 1100 1103 1104
f 1097 1101 1102
f 1100 1107 1101
f 1101 1108 1102
f 1101 1107 1108
f 1096 1100 1101
f 1103 1106 1104
f 1103 1726 1106
f 1106 1731 1109
f 1104 1106 1105
f 1105 1110 1104
f 1105 1106 1109
f 1100 1104 1107
f 1107 1111 1108
f 1110 1109 1731
f 1110 1732 1111
f 1104 1110 1107
f 1105 1109 1110
f 1107 1110 1111
f 975 991 992
f 992 1023 3141
f 1023 1025 3141
f 1025 1027 3141
f 1140 1039 1184
f 1113 3173 1112
f 1116 1112 3173
f 1117 1114 1115
f 1115 1114 1152
f 1117 1116 3169
f 1114 1117 3169
f 1114 3169 1151
f 1027 1124 3141
f 1127 1126 1119
f 1118 1127 1119
f 1127 1191 1124
f 1118 1191 1127
f 1118 1119 1120
f 1118 1120 1121
f 1118 1121 1191
f 1120 1138 1121
f 1124 1122 1123
f 1127 1124 1126
f 1125 1122 1193
f 1122 1124 1193
f 1125 1193 1128
f 1128 1193 1129
f 1129 1193 1130
f 1130 1193 1131
f 1131 1193 1149
f 1125 3175 3152
f 1124 1123 3141
f 1123 1122 3147
f 1125 3152 1122
f 1128 3185 1125
f 1128 1129 3185
f 1129 1130 3185
f 1131 3186 1130
f 1131 1147 3186
f 1146 3186 1147
f 1140 1170 1139
f 1162 1145 1139
f 1135 1136 1138
f 1136 1137 1138
f 1132 1140 1133
f 1133 1141 1134
f 1132 1133 1135
f 1136 1133 1134
f 1135 1133 1136
f 1136 1134 1137
f 1134 1141 1194
f 1138 1120 1135
f 1139 1145 1144
f 1143 1142 1140
f 1142 1144 1141
f 1139 1143 1140
f 1139 1144 1143
f 1143 1144 1142
f 1133 1140 1142
f 1133 1142 1141
f 1145 1200 1144
f 1144 1200 1141
f 1149 1147 1131
f 1148 1146 1147
f 1148 1147 1149
f 1148 1149 1196
f 1150 1154 1153
f 1154 1155 1153
f 1151 3196 1150
f 1150 3203 1154
f 1151 1150 1152
f 1150 1153 1152
f 1114 1151 1152
f 1112 1116 1209
f 1115 1152 1207
f 1153 1207 1152
f 1117 1209 1116
f 1117 1115 1209
f 1146 1148 1155
f 1146 1155 1154
f 1148 1196 1155
f 1155 1196 1207
f 1146 1154 3188
f 1153 1155 1207
f 1115 1207 1209
f 1156 1157 1180
f 1167 1178 1158
f 901 1160 1159
f 1158 902 1159
f 1159 1160 1161
f 1158 1159 1168
f 1168 1159 1161
f 1169 1168 1161
f 1167 1158 1168
f 1162 1172 1163
f 1156 1180 1170
f 1170 1180 1182
f 1164 1178 1167
f 1170 1182 1164
f 1165 1167 1168
f 1165 1168 1169
f 1164 1167 1165
f 1165 1169 1166
f 1170 1165 1171
f 1170 1164 1165
f 1165 1166 1172
f 1171 1165 1172
f 1162 1170 1171
f 1162 1171 1172
f 1174 1173 1176
f 1173 1175 1176
f 1175 1178 1176
f 1178 1177 1176
f 1177 1178 1179
f 1178 1182 1179
f 1181 1157 1563
f 1182 1180 1181
f 1179 1182 1183
f 1183 1182 1181
f 1180 1157 1181
f 1157 1185 1766
f 1038 1772 1768
f 902 1175 1173
f 902 1178 1175
f 902 1158 1178
f 1179 1183 1563
f 1183 1181 1563
f 900 901 1159
f 900 1159 902
f 901 903 1160
f 1160 903 1566
f 1160 1770 1161
f 1169 1161 1771
f 1179 1563 1177
f 1563 1157 1565
f 1160 1566 1767
f 1767 1769 1160
f 1769 1770 1160
f 1161 1770 1771
f 1157 1766 1565
f 1169 1771 1775
f 1164 1182 1178
f 1172 1166 1775
f 1163 1172 1775
f 1166 1169 1775
f 1185 1768 1766
f 1163 1775 1774
f 1156 1184 1185
f 1156 1185 1157
f 1156 1170 1184
f 1038 1768 1185
f 1038 1185 1184
f 1038 1040 1777
f 1040 1042 1778
f 1042 1092 1778
f 1140 1184 1170
f 1163 1145 1162
f 1170 1162 1139
f 1145 1163 1774
f 1145 1776 1200
f 1038 1773 1772
f 1038 1777 1773
f 1040 1778 1777
f 1092 1781 1778
f 1092 1782 1781
f 1145 1774 1776
f 1200 1776 1779
f 1200 1779 1780
f 1200 1780 1783
f 1200 1783 1208
f 1113 1217 1187
f 1187 1190 1186
f 1186 1190 1188
f 1188 1190 1189
f 1113 1112 1217
f 1112 1209 1217
f 1187 1217 1190
f 1217 1804 1801
f 1217 1801 1190
f 3108 1854 3174
f 1856 3204 3198
f 3198 3201 1857
f 3174 1857 3201
f 1217 1219 1806
f 1027 1126 1124
f 1027 1048 1126
f 1043 1046 1140
f 1048 1037 1126
f 1037 1043 1119
f 1039 1038 1184
f 1039 1140 1041
f 1046 1041 1140
f 1043 1120 1119
f 1043 1135 1120
f 1043 1140 1132
f 1043 1132 1135
f 1037 1119 1126
f 1124 1191 1192
f 1124 1192 1193
f 1191 1197 1192
f 1192 1197 1193
f 1137 1134 1194
f 1121 1194 1191
f 1138 1194 1121
f 1138 1137 1194
f 1191 1194 1195
f 1191 1195 1197
f 1141 1200 1194
f 1194 1201 1195
f 1193 1197 1199
f 1149 1193 1196
f 1193 1199 1196
f 1195 1198 1197
f 1197 1198 1199
f 1196 1199 1202
f 1194 1200 1201
f 1195 1203 1198
f 1200 1208 1201
f 1198 1206 1199
f 1196 1202 1207
f 1202 1209 1207
f 1195 1201 1203
f 1198 1203 1204
f 1198 1204 1206
f 1199 1206 1202
f 1203 1205 1204
f 1204 1205 1206
f 1092 1094 1784
f 1094 1098 1787
f 1102 1791 1098
f 1208 1794 1210
f 1201 1208 1211
f 1201 1211 1203
f 1203 1211 1212
f 1208 1214 1211
f 1203 1212 1205
f 1205 1212 1206
f 1202 1213 1209
f 1202 1206 1213
f 1206 1212 1216
f 1206 1216 1213
f 1211 1216 1212
f 1209 1213 1215
f 1208 1210 1214
f 1211 1214 1216
f 1210 1218 1214
f 1214 1221 1216
f 1213 1216 1215
f 1209 1215 1217
f 1215 1219 1217
f 1215 1216 1222
f 1214 1218 1221
f 1221 1224 1223
f 1216 1221 1223
f 1215 1222 1219
f 1222 1223 1228
f 1220 1219 1222
f 1216 1223 1222
f 1223 1224 1225
f 1223 1226 1227
f 1223 1225 1226
f 1223 1229 1228
f 1223 1227 1231
f 1223 1231 1229
f 1220 1222 1228
f 1228 1229 1220
f 1226 1230 1227
f 1225 1230 1226
f 1227 1230 1231
f 1220 1229 1840
f 1229 1231 1840
f 1856 3205 3204
f 668 1232 1233
f 668 1233 682
f 425 1241 1240
f 426 1240 1242
f 426 1242 1239
f 430 1238 1242
f 430 1242 1243
f 1235 1234 1237
f 1236 1237 1234
f 1238 1237 1236
f 1236 1239 1238
f 434 1243 1241
f 1238 1239 1242
f 1241 1243 1240
f 1240 1243 1242
f 434 435 1243
f 446 1261 1260
f 682 1233 1245
f 682 1245 1244
f 693 1244 1337
f 1244 1245 1337
f 1336 704 1338
f 1337 1343 704
f 706 1340 709
f 1233 1359 1245
f 1245 1359 1358
f 1233 1449 1359
f 1246 1247 1248
f 1247 1249 1248
f 1247 1252 1249
f 1248 1249 1251
f 1246 1248 1250
f 1249 1253 1251
f 1248 1251 1250
f 1249 1252 1253
f 1258 1247 1246
f 1246 1250 1258
f 1247 1259 1252
f 1250 1254 1258
f 1247 1258 1259
f 1258 1254 1268
f 1250 1251 1255
f 1251 1253 1255
f 1250 1255 1254
f 1254 1255 1268
f 1252 1263 1253
f 1255 1253 1265
f 1268 1255 1269
f 450 1276 1262
f 454 455 1256
f 1256 455 1257
f 452 454 1406
f 1256 1257 1259
f 1258 1256 1259
f 1257 1263 1259
f 1257 455 1263
f 439 1262 1261
f 1262 1260 1261
f 438 1260 1277
f 1258 1274 1256
f 1252 1259 1263
f 1256 1278 454
f 1258 1268 1272
f 1263 1265 1253
f 1265 1269 1255
f 1258 1272 1274
f 1278 1256 1274
f 1264 1266 1263
f 1264 1267 1266
f 1263 1266 1265
f 1262 1277 1260
f 452 1406 1276
f 1264 1303 1267
f 1269 1273 1268
f 1268 1273 1272
f 454 1278 1406
f 1273 1275 1272
f 1275 1274 1272
f 1275 1280 1274
f 1262 1276 1277
f 1274 1280 1278
f 1278 1280 1279
f 1280 1296 1279
f 1269 1327 1273
f 1278 1279 1406
f 1276 1409 1277
f 1280 1300 1296
f 1279 1296 1407
f 1277 1410 1297
f 1279 1407 1406
f 1406 1408 1276
f 1277 1409 1410
f 1276 1408 1409
f 1407 1298 1408
f 1298 1411 1408
f 1297 1410 1411
f 1232 4131 1233
f 1233 4131 1449
f 459 1277 1297
f 459 1297 1301
f 414 1302 1303
f 414 1306 1302
f 415 1308 1306
f 1286 504 1293
f 1293 504 1292
f 504 1581 1292
f 1285 1283 1316
f 1282 1283 1285
f 1281 1282 1285
f 1281 1285 1284
f 1284 1285 1316
f 1283 1317 1316
f 1283 1320 1317
f 1284 1314 1310
f 1284 1316 1314
f 1281 1287 1282
f 1282 1291 1283
f 1287 1288 1282
f 1282 1288 1291
f 1286 1288 1287
f 1286 1289 1288
f 1289 1291 1288
f 1289 1290 1291
f 1286 1293 1289
f 1290 1289 1294
f 1292 1581 1294
f 1293 1294 1289
f 1290 1294 1295
f 1292 1294 1293
f 1295 1294 1583
f 1283 1291 3673
f 1291 1290 3676
f 1290 1295 3676
f 3676 1295 1583
f 1583 1585 3680
f 1588 3679 1585
f 1283 3666 1320
f 1320 3666 1322
f 1265 1327 1269
f 1266 1267 1334
f 1266 1326 1265
f 1273 1327 1275
f 1266 1334 1326
f 1265 1326 1327
f 1296 1300 1298
f 1298 1300 1297
f 1300 1299 1297
f 1297 1299 1301
f 1275 1330 1280
f 1280 1330 1300
f 1296 1298 1407
f 1297 1411 1298
f 1275 1327 1330
f 1299 1300 1479
f 1299 1479 1301
f 1267 1303 1304
f 1303 1302 1304
f 1302 1305 1304
f 1302 1307 1305
f 1302 1306 1307
f 1267 1304 1334
f 1306 1308 1307
f 1308 1309 1307
f 1305 1332 1304
f 1309 1323 1307
f 1305 1307 1332
f 1307 1323 1332
f 1323 1324 1332
f 1332 1324 1333
f 1308 1310 1309
f 1310 1311 1309
f 1311 1310 1313
f 1311 1321 1309
f 1311 1318 1321
f 1319 1321 1318
f 1310 1314 1313
f 1311 1313 1312
f 1313 1316 1312
f 1312 1318 1311
f 1312 1315 1318
f 1315 1316 1318
f 1312 1316 1315
f 1313 1314 1316
f 1316 1317 1320
f 1316 1319 1318
f 1316 1320 1319
f 1321 1320 1322
f 1309 1321 1323
f 1321 1319 1320
f 1321 1322 1323
f 1322 1324 1323
f 1330 1480 1300
f 1479 1300 1480
f 1328 1334 1335
f 1326 1334 1325
f 1325 1334 1328
f 1327 1325 1330
f 1327 1326 1325
f 1325 1328 1330
f 1329 1330 1331
f 1330 1482 1480
f 1329 1482 1330
f 1304 1332 1334
f 1333 1335 1332
f 1334 1332 1335
f 1338 704 1339
f 704 1343 1339
f 706 1336 1341
f 706 1341 1340
f 1336 1342 1341
f 1336 1338 1342
f 1338 1339 1342
f 1337 1344 1343
f 1339 1343 1345
f 1343 1344 1345
f 1345 1344 1347
f 1339 1345 1342
f 1342 1345 1346
f 1345 1347 1346
f 1344 1348 1347
f 1344 1337 1354
f 1346 1347 1349
f 1347 1348 1349
f 1349 1348 1350
f 1337 1245 1352
f 1348 1344 1353
f 1337 1352 1354
f 1353 1344 1354
f 1348 1353 1350
f 1350 1353 1351
f 1353 1354 1361
f 1351 1353 1356
f 1353 1361 1356
f 1356 1361 1357
f 709 1340 738
f 1340 1341 738
f 1342 1393 1341
f 1342 1346 1393
f 1394 1346 1349
f 1350 1398 1349
f 1350 1351 1398
f 1351 1356 1398
f 1357 1389 1356
f 1245 1358 1352
f 1352 1358 1371
f 1358 1359 1446
f 1358 1446 1371
f 1354 1360 1355
f 1352 1371 1354
f 1354 1355 1361
f 1361 1355 1362
f 1355 1363 1362
f 1354 1371 1360
f 1357 1361 1365
f 1361 1362 1365
f 1362 1368 1365
f 1362 1363 1366
f 1362 1366 1368
f 1364 1366 1363
f 1364 1367 1366
f 1366 1367 1368
f 1368 1376 1365
f 1363 1372 1364
f 1360 1451 1355
f 1451 1363 1355
f 1360 1371 1374
f 1364 1370 1367
f 1368 1367 1370
f 1368 1370 1369
f 1368 1369 1377
f 1368 1381 1376
f 1377 1378 1368
f 1368 1378 1381
f 1372 1370 1364
f 1369 1370 1380
f 1371 1446 1447
f 1363 1451 1372
f 1360 1374 1451
f 1370 1372 1373
f 1371 1447 1374
f 1374 1452 1451
f 1372 1375 1373
f 1372 1451 1375
f 1357 1365 1389
f 1369 1380 1377
f 1381 1382 1376
f 1377 1380 1378
f 1378 1379 1381
f 1378 1380 1379
f 1379 1383 1381
f 1379 1380 1383
f 1370 1383 1380
f 1383 1370 1384
f 1381 1415 1382
f 1365 1376 1412
f 1382 1413 1376
f 1382 1385 1417
f 1373 1384 1370
f 1381 1383 1415
f 1373 1387 1384
f 1373 1375 1416
f 1383 1384 1415
f 1415 1385 1382
f 1384 1387 1386
f 1384 1386 1415
f 1386 1387 1415
f 1373 1416 1387
f 1375 1462 1416
f 1391 738 1341
f 1391 1341 1392
f 1341 1393 1392
f 1394 1393 1346
f 1349 1397 1394
f 1397 1349 1398
f 1356 1399 1398
f 1388 1404 1356
f 1356 1389 1388
f 1399 1356 1404
f 736 1391 1395
f 736 1395 1270
f 1391 1392 1395
f 1270 1395 1271
f 1392 1393 1400
f 1392 1400 1395
f 1396 1271 1395
f 748 1271 1396
f 1393 1394 1402
f 1393 1402 1400
f 1395 1400 1396
f 1394 1397 1405
f 1400 1401 1396
f 1400 1402 1401
f 1402 1394 1405
f 1401 1402 1403
f 1402 1405 1403
f 748 1396 1401
f 748 1401 1403
f 748 1403 1405
f 1397 1398 1425
f 1398 1399 1425
f 1399 1404 1425
f 1397 1425 1405
f 748 1405 1425
f 748 1425 1426
f 748 1426 1427
f 750 1427 1428
f 1407 1408 1406
f 1408 1411 1409
f 1410 1409 1411
f 1389 1365 1390
f 1365 1412 1390
f 1376 1413 1412
f 1413 1382 1414
f 1382 1417 1414
f 1389 1430 1388
f 1390 1430 1389
f 1390 1412 1432
f 1412 1413 1435
f 1413 1414 1435
f 1385 1415 1417
f 1415 1387 1418
f 1417 1415 1418
f 1416 1418 1387
f 1416 1419 1418
f 1416 1421 1419
f 1421 1416 1422
f 1416 1423 1422
f 1417 1418 1419
f 1414 1417 1436
f 1417 1419 1444
f 1419 1420 1444
f 1419 1421 1420
f 1420 1421 1422
f 1422 1423 1424
f 1420 1422 1445
f 1422 1424 1445
f 1404 1388 1430
f 1425 1404 1426
f 1426 1404 1427
f 1404 1429 1427
f 1404 1430 1429
f 1390 1432 1430
f 1412 1433 1432
f 1412 1435 1433
f 1428 1427 1429
f 1428 1429 1430
f 1430 1431 1428
f 1430 1432 1431
f 1417 1434 1436
f 1417 1444 1434
f 1414 1436 1435
f 1420 1445 1444
f 748 1427 750
f 750 1428 1437
f 750 1437 1709
f 750 1709 1441
f 1437 1438 1439
f 1437 1439 1440
f 1437 1440 1442
f 1437 1442 1709
f 1428 1438 1437
f 1442 1443 1709
f 1416 1462 1423
f 1424 1492 1445
f 1431 1438 1428
f 1431 1432 1438
f 1432 1433 1438
f 1433 1435 1438
f 1438 1435 1436
f 1434 1438 1436
f 1434 1444 1438
f 1444 1445 1438
f 1438 1445 1500
f 1438 1520 1439
f 1500 1501 1438
f 1438 1501 1502
f 1502 1503 1438
f 1439 1518 1440
f 1442 1440 1518
f 1443 1442 1516
f 1443 1516 1710
f 1516 1711 1710
f 1516 1715 1711
f 1517 1716 1715
f 1716 1517 1718
f 1517 1719 1718
f 1519 1721 1719
f 1522 1734 1721
f 1359 1448 1446
f 1359 1449 1448
f 1446 1448 1447
f 1452 1374 1453
f 1447 1448 1450
f 1448 1449 1450
f 1447 1450 1467
f 1449 4156 1450
f 1450 4163 1467
f 1453 1454 1452
f 1374 1456 1453
f 1375 1451 1452
f 1375 1452 1455
f 1452 1454 1455
f 1374 1447 1456
f 1453 1460 1454
f 1454 1457 1455
f 1454 1460 1457
f 1453 1456 1459
f 1453 1459 1460
f 1455 1457 1458
f 1447 1467 1456
f 1459 1461 1460
f 1456 1467 1459
f 1460 1465 1457
f 1457 1466 1458
f 1457 1465 1466
f 1375 1455 1462
f 1455 1458 1463
f 1455 1463 1462
f 1458 1466 1493
f 1458 1464 1463
f 1458 1493 1464
f 1459 1467 1461
f 1461 1465 1460
f 1465 1468 1466
f 1467 1471 1461
f 1461 1472 1465
f 1472 1461 1471
f 1469 1470 1468
f 1465 1472 1468
f 1469 1477 1470
f 1468 1472 1469
f 1467 4163 1471
f 1472 1471 1473
f 1472 1473 1474
f 1469 1472 1477
f 1472 1474 1475
f 1473 1471 4163
f 1473 4163 1474
f 1474 4163 1475
f 1476 1475 4163
f 1472 1475 1476
f 1472 4166 1477
f 1472 1476 4164
f 1477 4166 1478
f 1466 1468 1504
f 1468 1470 1506
f 1493 1466 1504
f 1477 1514 1470
f 1477 1478 1514
f 1478 4166 1525
f 1479 1480 1481
f 1480 1482 1481
f 1329 1484 1482
f 1481 1482 1483
f 1488 1484 1329
f 1329 1331 1489
f 1482 1484 1483
f 1331 1485 1489
f 1483 1484 1488
f 1329 1487 1488
f 1329 1489 1487
f 1485 1490 1489
f 1485 1486 1490
f 1487 1489 1488
f 1488 1489 1490
f 1423 1462 1463
f 1423 1463 1424
f 1463 1495 1424
f 1424 1491 1492
f 1424 1497 1491
f 1491 1494 1492
f 1463 1464 1495
f 1464 1493 1504
f 1464 1504 1495
f 1424 1495 1497
f 1491 1496 1498
f 1497 1496 1491
f 1491 1498 1494
f 1495 1496 1497
f 1495 1504 1496
f 1494 1498 1496
f 1494 1499 1502
f 1494 1496 1505
f 1494 1505 1499
f 1499 1506 1503
f 1492 1500 1445
f 1492 1494 1500
f 1494 1501 1500
f 1438 1503 1508
f 1438 1511 1515
f 1508 1510 1438
f 1510 1511 1438
f 1494 1502 1501
f 1499 1503 1502
f 1438 1515 1520
f 1439 1520 1518
f 1442 1518 1516
f 1516 1517 1715
f 1519 1522 1721
f 1517 1519 1719
f 1734 4184 1735
f 1468 1505 1504
f 1505 1468 1506
f 1470 1511 1506
f 1509 1470 1512
f 1509 1511 1470
f 1496 1504 1505
f 1505 1506 1499
f 1503 1506 1507
f 1507 1508 1503
f 1506 1511 1507
f 1508 1507 1510
f 1507 1511 1510
f 1509 1515 1511
f 1514 1512 1470
f 1521 1514 1478
f 1523 1521 1478
f 1478 1525 1523
f 1512 1513 1509
f 1512 1514 1513
f 1519 1513 1514
f 1515 1509 1513
f 1520 1515 1513
f 1520 1513 1518
f 1513 1516 1518
f 1513 1519 1517
f 1513 1517 1516
f 1519 1514 1521
f 1519 1521 1522
f 1521 1523 1522
f 1522 1523 1525
f 1522 1525 1734
f 1525 1524 1734
f 1524 4186 1734
f 1734 4186 4184
f 1735 4184 4185
f 1761 4185 4187
f 4188 1761 4187
f 1761 4188 4189
f 1894 4189 4193
f 256 1526 1568
f 778 1527 1526
f 783 1647 779
f 1540 799 1541
f 780 1540 1554
f 256 1568 1567
f 256 1567 1571
f 256 1571 1573
f 256 1573 1574
f 779 1647 1527
f 783 1554 1647
f 828 830 1532
f 828 1533 829
f 1532 830 1534
f 998 1528 1529
f 998 1529 1530
f 1530 1534 830
f 828 1532 1533
f 1532 1534 1533
f 1533 1534 1535
f 1534 1536 1535
f 1535 1536 1537
f 1536 1538 1640
f 1530 1531 1536
f 1530 1536 1534
f 1538 1531 1539
f 1531 1538 1536
f 1538 1539 1641
f 1620 1726 1621
f 1619 1726 1620
f 1619 1636 1726
f 1539 1531 1874
f 1636 1637 1726
f 842 1553 840
f 847 1552 1548
f 1551 840 1542
f 1552 847 1551
f 1555 842 841
f 840 1543 1542
f 841 843 1557
f 863 864 1558
f 843 844 1558
f 844 863 1558
f 840 1544 1543
f 1543 1544 1541
f 840 1553 1544
f 842 1555 1553
f 800 1551 1542
f 804 1547 1552
f 855 1549 1547
f 804 1552 1551
f 861 1546 1549
f 799 1543 1541
f 800 1542 1543
f 861 1559 1546
f 1547 1548 1552
f 1548 1549 1550
f 1547 1549 1548
f 1545 1550 1549
f 1545 1549 1546
f 1546 1559 1545
f 1559 1560 1545
f 864 865 1654
f 862 1654 865
f 862 3097 3281
f 862 3281 3304
f 1541 1544 1553
f 1541 1556 1540
f 1555 1541 1553
f 1555 841 1557
f 843 1558 1557
f 864 1654 1558
f 1556 1554 1540
f 1556 1541 1555
f 1555 1557 1556
f 862 3304 1654
f 1560 1559 1561
f 1561 1559 1562
f 1564 1561 1562
f 1563 1564 1562
f 1563 1566 1564
f 1566 1563 1565
f 3350 1839 1838
f 1837 1677 1838
f 495 1613 1586
f 503 1612 1613
f 652 1600 1601
f 652 1601 1612
f 1576 1594 649
f 1595 649 1594
f 650 1595 1596
f 650 1596 1600
f 1526 1527 1568
f 1527 1570 1568
f 1567 1568 1569
f 1568 1570 1569
f 1567 1569 1572
f 1567 1572 1571
f 1571 1572 1578
f 1569 1580 1572
f 1571 1578 1573
f 1573 1578 1574
f 1574 1578 1575
f 1575 1577 1576
f 1575 1578 1577
f 1576 1577 1594
f 1572 1580 1578
f 1578 1589 1577
f 1578 1580 1589
f 1581 1582 1294
f 1294 1582 1583
f 1583 1584 1585
f 1582 1581 1584
f 1582 1584 1583
f 1581 1587 1584
f 1584 1588 1585
f 1584 1587 1588
f 1581 1586 1587
f 1580 1590 1589
f 1580 1591 1590
f 1579 1591 1580
f 1590 1591 1634
f 1527 1647 1570
f 1569 1570 1647
f 1579 1580 1647
f 1569 1647 1580
f 1579 1647 1591
f 1593 1591 1651
f 1591 1647 1648
f 1591 1648 1649
f 1649 1650 1591
f 1591 1650 1651
f 1593 1651 1656
f 1592 1593 1656
f 1643 1656 1657
f 1643 1657 1658
f 1643 1658 1659
f 1643 1659 1660
f 1591 1593 1642
f 1592 1642 1593
f 1592 1656 1642
f 1642 1656 1643
f 1586 1627 1629
f 1629 1630 1588
f 1577 1597 1594
f 1595 1594 1597
f 1595 1597 1596
f 1596 1597 1598
f 1596 1598 1599
f 1577 1589 1597
f 1600 1596 1599
f 1600 1599 1602
f 1600 1602 1601
f 1601 1611 1612
f 1601 1602 1611
f 1536 1604 1537
f 1536 1640 1603
f 1536 1603 1604
f 1603 1605 1604
f 1605 1606 1604
f 1603 1640 1605
f 1626 1640 1641
f 1614 1615 1606
f 1613 1607 1609
f 1609 1607 1610
f 1607 1608 1610
f 1613 1611 1607
f 1611 1613 1612
f 1609 1610 1619
f 1609 1619 1617
f 1614 1618 1616
f 1614 1616 1615
f 1618 1617 1619
f 1618 1619 1620
f 1618 1620 1621
f 1616 1618 1621
f 1609 1617 1627
f 1627 1613 1609
f 1608 1636 1610
f 1610 1636 1619
f 1605 1614 1606
f 1605 1640 1614
f 1614 1640 1618
f 1618 1640 1622
f 1640 1625 1622
f 1640 1626 1625
f 1622 1625 1623
f 1623 1624 1630
f 1622 1623 1628
f 1623 1625 1624
f 1625 1626 1624
f 1618 1627 1617
f 1618 1622 1627
f 1623 1630 1628
f 1622 1628 1627
f 1627 1628 1629
f 1629 1628 1630
f 1629 1587 1586
f 1629 1588 1587
f 1586 1613 1627
f 1589 1631 1597
f 1589 1590 1633
f 1589 1633 1631
f 1597 1631 1598
f 1599 1598 1631
f 1599 1631 1632
f 1631 1633 1632
f 1632 1633 1635
f 1602 1599 1632
f 1602 1632 1611
f 1611 1632 1607
f 1607 1632 1608
f 1590 1634 1633
f 1591 1642 1634
f 1633 1634 1635
f 1634 1639 1635
f 1634 1642 1639
f 1608 1632 1636
f 1632 1635 1636
f 1635 1637 1636
f 1626 1641 1645
f 1639 1637 1635
f 1639 1638 1637
f 1630 1645 1588
f 1624 1626 1645
f 1624 1645 1630
f 1538 1641 1640
f 1641 1539 1645
f 1539 1875 1645
f 1643 1660 1666
f 1639 1642 1644
f 1639 1644 1670
f 1642 1643 1665
f 1642 1665 1644
f 1637 1870 1700
f 1637 1700 1701
f 1643 1666 1665
f 1639 1670 1671
f 1644 1665 1664
f 1664 1669 1644
f 1644 1669 1670
f 1637 1671 1870
f 1637 1638 1671
f 1639 1671 1638
f 1645 1876 1646
f 1645 1877 1878
f 1645 1878 1876
f 1646 1876 4265
f 1683 4266 1876
f 1683 1876 1682
f 1681 4266 1683
f 1556 1648 1554
f 1554 1648 1647
f 1648 1556 1649
f 1649 1556 1650
f 1556 1652 1650
f 1556 1557 1652
f 1650 1652 1651
f 1557 1653 1652
f 1557 1655 1653
f 1557 1558 1655
f 1558 1654 1655
f 1652 1662 1651
f 1651 1662 1656
f 1656 1662 1657
f 1657 1674 1658
f 1658 1674 1659
f 1659 1674 1660
f 1652 1653 3315
f 1653 1655 3315
f 1654 3315 1655
f 1652 3315 1662
f 1654 3304 3306
f 1654 3306 3308
f 1654 3308 3310
f 1654 3311 3315
f 1654 3310 3311
f 1657 1662 1674
f 1663 1685 4273
f 1661 1668 1660
f 1660 1673 1661
f 1660 1674 1673
f 1660 1668 1666
f 1661 1672 1668
f 1661 1673 1672
f 1664 1667 1669
f 1666 1668 1667
f 1665 1666 1664
f 1664 1666 1667
f 1667 1668 1672
f 1667 1672 1669
f 1670 1669 1918
f 1669 1672 1918
f 1672 1673 1918
f 1673 1920 1918
f 1673 1675 1920
f 1673 1674 1675
f 1662 3330 1674
f 1674 3330 1675
f 1919 1920 3336
f 1919 3347 1921
f 3350 3355 1839
f 1921 3352 1676
f 1677 1676 3350
f 1921 3347 3352
f 1677 1836 1921
f 1677 3350 1838
f 1677 1921 1676
f 1922 3355 3353
f 1684 1702 3369
f 3335 1920 3338
f 1675 3338 1920
f 3335 3336 1920
f 1919 3336 3347
f 1678 1922 3353
f 1678 1679 1922
f 1684 1879 1873
f 1682 1680 1683
f 1683 1680 1681
f 1681 1694 4266
f 1687 1680 1879
f 1680 1693 1681
f 1690 1685 1691
f 1686 1688 1687
f 1686 1689 1688
f 1686 1687 1691
f 1684 1690 1687
f 1690 1691 1687
f 1663 1686 1691
f 1663 1691 1685
f 1663 1689 1686
f 1663 1692 1689
f 1688 1692 1687
f 1689 1692 1688
f 1663 1695 1692
f 1684 1687 1879
f 1687 1693 1680
f 1695 4277 1697
f 1699 1697 4277
f 1699 4277 1694
f 1681 1693 1694
f 1687 1692 1696
f 1693 1687 1696
f 1696 1698 1693
f 1693 1698 1694
f 1698 1699 1694
f 1695 1697 1696
f 1692 1695 1696
f 1696 1697 1698
f 1698 1697 1699
f 829 1533 1095
f 1000 1703 1528
f 1528 1703 1529
f 1000 1008 1738
f 1003 1744 1008
f 1095 1533 1099
f 1099 1604 1103
f 1621 1726 1725
f 1103 1621 1725
f 1701 1729 1726
f 1730 1912 1727
f 1729 1915 1730
f 1099 1533 1535
f 1099 1535 1537
f 1530 1872 1531
f 1099 1537 1604
f 1103 1604 1606
f 1103 1606 1615
f 1529 1703 1530
f 1103 1615 1616
f 1103 1616 1621
f 1637 1701 1726
f 1701 1915 1729
f 1700 1914 1701
f 1000 1737 1703
f 1530 1703 1872
f 1702 1703 1737
f 1086 1704 1712
f 1086 1706 1705
f 1081 1088 1723
f 1705 1706 1708
f 1088 1087 1723
f 1087 1705 1721
f 1441 1712 1704
f 1086 1712 1706
f 1706 1712 1707
f 1706 1707 1708
f 1705 1708 1721
f 1707 1713 1708
f 1087 1721 1722
f 1081 1723 1751
f 1087 1722 1723
f 1443 1710 1709
f 1441 1709 1717
f 1441 1717 1712
f 1709 1710 1717
f 1710 1711 1717
f 1707 1712 1713
f 1712 1714 1713
f 1712 1717 1714
f 1708 1713 1714
f 1708 1714 1721
f 1721 1714 1720
f 1711 1715 1717
f 1715 1716 1717
f 1716 1718 1717
f 1714 1717 1720
f 1717 1719 1720
f 1717 1718 1719
f 1720 1719 1721
f 1081 1739 1741
f 1081 1749 1739
f 1081 1748 1749
f 1722 1724 1723
f 1081 1752 1748
f 1081 1751 1752
f 1721 1733 1722
f 1722 1733 1724
f 1723 1724 1733
f 1721 1750 1733
f 1723 1733 1751
f 1103 1725 1726
f 1106 1726 1730
f 1111 1732 1728
f 1110 1730 1727
f 1728 1732 1727
f 1726 1729 1730
f 1106 1730 1731
f 1110 1731 1730
f 1110 1727 1732
f 1000 1738 1737
f 1008 1744 1738
f 1004 1746 1744
f 1004 1747 1746
f 1740 1747 1007
f 1056 1741 1740
f 1721 1734 1750
f 1735 1750 1734
f 1735 1736 1750
f 1736 1761 1750
f 1733 1750 1751
f 1741 1739 1740
f 1740 1739 1742
f 1738 1744 1743
f 1745 1744 1746
f 1743 1744 1745
f 1745 1746 1747
f 1739 1749 1742
f 1748 1752 1749
f 1750 1754 1751
f 1750 1757 1754
f 1751 1754 1752
f 1753 1752 1754
f 1756 1753 1754
f 1755 1756 1754
f 1753 1763 1752
f 1757 1755 1754
f 1755 1759 1756
f 1757 1758 1755
f 1755 1758 1759
f 1753 1756 1763
f 1750 1761 1757
f 1756 1759 1762
f 1758 1760 1759
f 1759 1760 1764
f 1758 1757 1892
f 1760 1758 1892
f 1761 1892 1757
f 1892 1893 1760
f 1756 1762 1763
f 1762 1759 1764
f 1764 1846 1762
f 1764 1760 1848
f 1762 1846 1763
f 1763 1846 1847
f 1760 1906 1765
f 1760 1765 1848
f 1764 1848 1846
f 1565 1766 1566
f 1566 1766 1767
f 1767 1766 1768
f 1767 1768 1769
f 1769 1768 1770
f 1770 1768 1771
f 1768 1772 1771
f 1771 1772 1775
f 1773 1775 1772
f 1773 1774 1775
f 1773 1777 1774
f 1777 1776 1774
f 1776 1777 1779
f 1778 1779 1777
f 1778 1780 1779
f 1778 1781 1780
f 1781 1783 1780
f 1781 1782 1783
f 1092 1784 1782
f 1094 1785 1784
f 1094 1787 1785
f 1787 1098 1790
f 1098 1791 1790
f 1111 1728 1800
f 1102 1793 1791
f 1102 1795 1793
f 1108 1798 1795
f 1208 1783 1786
f 1208 1788 1789
f 1208 1786 1788
f 1208 1789 1792
f 1208 1792 1794
f 1218 1210 1819
f 1210 1794 1796
f 1210 1796 1797
f 1797 1799 1210
f 1799 1816 1210
f 1218 1824 1221
f 1221 1821 1224
f 1728 1815 1800
f 1728 1818 1815
f 1111 1800 1798
f 1728 1727 1912
f 1782 1784 1783
f 1783 1784 1786
f 1785 1786 1784
f 1785 1787 1786
f 1786 1787 1788
f 1788 1787 1789
f 1787 1790 1789
f 1790 1792 1789
f 1790 1791 1792
f 1791 1793 1792
f 1792 1793 1794
f 1793 1795 1796
f 1793 1796 1794
f 1817 1218 1819
f 1816 1819 1210
f 1796 1795 1797
f 1795 1799 1797
f 1795 1798 1799
f 1800 1815 1816
f 1798 1800 1799
f 1800 1816 1799
f 1221 1824 1821
f 1817 1824 1218
f 1224 1917 1225
f 1190 1803 1189
f 1190 1801 1803
f 1803 1801 1802
f 1801 1804 1802
f 1802 1804 1805
f 1804 1806 1805
f 1806 1807 1805
f 1805 1807 1808
f 1807 1809 1808
f 1808 1809 1810
f 1809 1811 1810
f 1810 1811 1812
f 1811 1813 1812
f 1812 1813 1814
f 1217 1806 1804
f 1186 1854 3108
f 1219 1807 1806
f 1219 1809 1807
f 1186 1188 1854
f 1189 1851 1188
f 1220 1809 1219
f 1220 1840 1813
f 1825 1840 1841
f 1225 1920 1843
f 1836 1842 1844
f 1220 1811 1809
f 1220 1813 1811
f 1813 1840 1825
f 1803 1851 1189
f 1802 1849 1803
f 1827 1825 1841
f 1802 1805 1849
f 1827 1841 1842
f 1805 1808 1849
f 1728 1912 1820
f 1816 1818 1819
f 1815 1818 1816
f 1817 1819 1818
f 1818 1823 1824
f 1817 1818 1824
f 1820 1821 1824
f 1820 1822 1821
f 1820 1917 1822
f 1730 1915 1912
f 1820 1824 1823
f 1225 1917 1918
f 1225 1918 1920
f 1844 1920 1919
f 1728 1820 1823
f 1728 1823 1818
f 1224 1821 1822
f 1224 1822 1917
f 1738 1743 3370
f 1923 1922 1745
f 1844 1919 1836
f 1825 1826 1814
f 1813 1825 1814
f 1827 1826 1825
f 1828 1830 1832
f 1830 1829 1832
f 1829 1831 1832
f 1827 1830 1828
f 1829 1834 1831
f 1833 1829 1830
f 1829 1833 1834
f 1831 1834 1835
f 1827 1828 1826
f 1836 1837 1833
f 1833 1838 1834
f 1834 1838 1835
f 1833 1837 1838
f 1835 1838 1839
f 1836 1677 1837
f 1826 1828 1925
f 1832 1925 1828
f 1831 1925 1832
f 1831 1835 1925
f 1835 1839 1924
f 1844 1843 1920
f 1833 1830 1842
f 1827 1842 1830
f 1833 1842 1836
f 1808 1810 1849
f 1810 1812 1849
f 1812 1814 1849
f 1814 1826 1849
f 1925 1835 1924
f 1925 1926 1826
f 1849 1826 1926
f 1102 1108 1795
f 1108 1111 1798
f 1231 1841 1840
f 1231 1843 1841
f 1841 1844 1842
f 1841 1843 1844
f 1225 1845 1230
f 1230 1845 1231
f 1225 1843 1845
f 1231 1845 1843
f 1857 3174 1854
f 1856 3198 1857
f 1856 1855 3205
f 1855 1862 3205
f 1862 1863 3205
f 1863 1864 3206
f 1922 1743 1745
f 1925 1745 1926
f 1923 1745 1924
f 1745 1925 1924
f 1926 1745 1849
f 1745 1747 1853
f 1747 1740 1853
f 1740 1742 1853
f 1742 1749 1859
f 1749 1752 1858
f 1752 1763 1858
f 1848 1944 1846
f 1763 1847 1948
f 1846 1945 1847
f 1846 1944 1943
f 1745 1851 1849
f 1852 1851 1745
f 1745 1853 1852
f 1742 1859 1853
f 1749 1858 1859
f 1763 1948 1858
f 1943 1945 1846
f 1945 1947 1847
f 1847 1947 1948
f 1188 1851 1852
f 1803 1849 1851
f 1188 1852 1854
f 1948 1863 1858
f 1863 1948 1861
f 1861 1948 1850
f 1853 1854 1852
f 1856 1853 1855
f 1853 1856 1857
f 1853 1857 1854
f 1865 3457 3456
f 1865 1866 3498
f 1859 1855 1853
f 1864 1865 3456
f 1855 1859 1860
f 1855 1860 1862
f 1858 1863 1859
f 1863 1860 1859
f 1860 1863 1862
f 1863 1869 1864
f 1861 1868 1863
f 1867 1865 1864
f 1850 1868 1861
f 1863 1868 1869
f 1869 1867 1864
f 1865 1867 1866
f 1531 1872 1874
f 1700 1870 1914
f 1539 1874 1875
f 1702 1872 1703
f 1702 1871 1872
f 1873 1872 1871
f 1872 1873 1874
f 1874 1873 1875
f 1873 1880 1875
f 1645 1875 1877
f 1875 1880 1877
f 1877 1880 1879
f 1873 1879 1880
f 1877 1682 1878
f 1876 1878 1682
f 1877 1879 1682
f 1879 1680 1682
f 1882 1884 1887
f 1882 1885 1886
f 1882 1883 1885
f 1882 1886 1884
f 1882 1887 1881
f 1883 1888 1885
f 1882 4338 1883
f 1883 4338 1888
f 1888 4340 1889
f 1888 4338 4339
f 1888 4339 4340
f 1889 4340 1890
f 1735 4185 1736
f 1736 4185 1761
f 1761 1893 1892
f 1761 1894 1893
f 1760 1893 1895
f 1893 1894 1895
f 1894 1896 1895
f 1897 1898 1899
f 1897 1901 1898
f 1898 1901 1900
f 1899 1902 1903
f 1896 1903 1902
f 1899 1903 1897
f 1896 1902 1904
f 1899 1904 1902
f 1898 1904 1899
f 1898 1900 1908
f 1898 1908 1904
f 1895 1896 1904
f 1895 1904 1906
f 1760 1895 1906
f 1765 1907 1848
f 1904 1909 1905
f 1904 1905 1906
f 1765 1906 1907
f 1882 1900 1901
f 1881 1908 1900
f 1904 1908 1909
f 1905 1909 1906
f 1906 1909 1910
f 1908 1911 1909
f 1909 1911 1955
f 1909 1955 1910
f 1906 1952 1907
f 1906 1910 1952
f 1761 4189 1894
f 1894 4204 1896
f 1882 1881 1900
f 1882 1901 4338
f 1881 1887 1911
f 1887 1884 1959
f 1901 4342 4338
f 1903 1896 4363
f 1885 1986 1886
f 1886 1984 1884
f 1885 1888 1986
f 1888 1889 1986
f 1881 1911 1908
f 1887 1955 1911
f 1887 1956 1955
f 1887 1959 1956
f 1897 1903 4346
f 1897 4346 1901
f 1671 1914 1870
f 1701 1914 1915
f 1820 1912 1917
f 1914 1916 1915
f 1912 1915 1916
f 1914 1913 1916
f 1912 1916 1917
f 1671 1913 1914
f 1670 1913 1671
f 1913 1918 1916
f 1916 1918 1917
f 1670 1918 1913
f 1702 1737 3369
f 1684 1871 1702
f 3369 1737 1738
f 1921 1836 1919
f 1738 3370 3369
f 1743 3356 3370
f 3356 1743 1679
f 1839 3355 1922
f 1839 1922 1923
f 1839 1923 1924
f 1679 1743 1922
f 1684 1873 1871
f 1927 1928 1929
f 1928 1930 1929
f 1938 1937 1939
f 1935 1937 1936
f 1992 1936 1937
f 1938 1992 1937
f 1939 1940 1938
f 1941 3478 1992
f 1938 1941 1992
f 1992 3478 3461
f 1848 1907 1942
f 1848 1942 1944
f 1907 1952 1942
f 1942 1952 1953
f 1944 1953 1954
f 1946 1943 1944
f 1946 1945 1943
f 1945 1946 1947
f 1947 1946 1948
f 1946 1950 1948
f 1946 1949 1950
f 1942 1953 1944
f 1944 1954 1958
f 1946 1963 1949
f 1946 1944 1963
f 1910 1956 1951
f 1951 1956 1952
f 1910 1951 1952
f 1952 1960 1953
f 1910 1955 1956
f 1952 1956 1957
f 1952 1957 1960
f 1956 1959 1957
f 1944 1958 1962
f 1944 1962 1963
f 1953 1960 1961
f 1953 1961 1962
f 1957 1959 1987
f 1957 1988 1960
f 1957 1987 1988
f 1960 1988 1961
f 1953 1962 1954
f 1954 1962 1958
f 1961 1989 1962
f 1961 1988 1989
f 1962 1989 1963
f 1850 1948 1950
f 1949 1966 1950
f 1850 1966 1868
f 1850 1950 1966
f 1866 3503 3499
f 1866 3499 3500
f 1866 1970 3503
f 1866 1867 1970
f 1869 1970 1867
f 1869 1868 1966
f 1981 1980 1869
f 1869 1966 1981
f 1869 1980 1970
f 1968 2022 1969
f 1949 1964 1965
f 1949 1965 1966
f 1949 1963 1964
f 1963 2019 1964
f 1963 1989 2019
f 1965 2019 1967
f 1964 2019 1965
f 1967 1968 1969
f 1965 1967 1966
f 1966 1967 1969
f 1966 1969 1973
f 1970 1977 1971
f 1971 1979 3503
f 1978 3503 1979
f 1970 1971 3503
f 1974 1981 1973
f 1970 1980 1974
f 1970 1974 1977
f 1974 1973 1972
f 1969 2022 1973
f 1972 1973 2021
f 1973 2022 2021
f 1977 2021 2024
f 1972 1977 1974
f 1972 2021 1977
f 1976 3504 1979
f 1978 1979 3504
f 1975 1994 1979
f 1976 1996 3504
f 1976 1994 1996
f 1976 1979 1994
f 1971 1977 1979
f 1977 2024 1979
f 1975 1979 2024
f 1981 1974 1980
f 1966 1973 1981
f 1982 1886 1986
f 1886 1982 1984
f 1889 1990 1986
f 1889 1890 1990
f 1927 1929 1990
f 1890 1891 1990
f 1891 1927 1990
f 1929 1930 1990
f 1930 1931 1990
f 1931 1932 1990
f 1932 1933 1990
f 1933 1934 1992
f 1934 1936 1992
f 1933 1992 1990
f 1884 1987 1959
f 1884 1984 1987
f 1982 1983 1984
f 1983 1985 1984
f 1982 1986 1983
f 1984 1988 1987
f 1984 1985 1988
f 1985 1989 1988
f 1986 1990 2016
f 1992 2017 2016
f 1990 1992 2016
f 1991 2017 1992
f 1991 2004 2018
f 1991 2018 2017
f 2008 3505 3507
f 1991 1992 3471
f 1991 3471 2001
f 1998 2001 3473
f 1998 3473 2000
f 2008 3506 3505
f 1993 3506 2008
f 1997 2024 1999
f 1999 2024 2005
f 1995 2008 3507
f 1995 3507 1996
f 1994 1995 1996
f 1997 2008 2024
f 2008 2025 2024
f 1994 2025 2008
f 1994 2008 1995
f 1998 2000 2002
f 1999 2002 2000
f 1999 2000 2007
f 2002 2005 2003
f 1991 2001 2002
f 2002 2003 1991
f 1998 2002 2001
f 2003 2004 1991
f 2004 2003 2006
f 2006 2003 2005
f 1999 2005 2002
f 1993 2008 1999
f 1993 1999 2007
f 1997 1999 2008
f 2010 2013 2019
f 2013 2014 2019
f 1983 2009 1985
f 1985 2009 2010
f 2010 2011 2013
f 2009 2011 2010
f 2018 2014 2011
f 2018 2012 2015
f 2004 2015 2012
f 1968 2014 2015
f 1968 2020 2022
f 1968 2015 2020
f 2011 2014 2013
f 2018 2015 2014
f 1983 1986 2016
f 1983 2016 2009
f 2009 2016 2017
f 2009 2017 2011
f 2018 2011 2017
f 2018 2004 2012
f 1989 2010 2019
f 1985 2010 1989
f 1967 2019 2014
f 1967 2014 1968
f 2005 2024 2023
f 1975 2024 2025
f 2004 2006 2020
f 2006 2005 2023
f 2004 2020 2015
f 2020 2006 2023
f 2023 2024 2021
f 2022 2023 2021
f 2020 2023 2022
f 1975 2025 1994
f 240 2028 2037
f 240 2071 2028
f 2026 2027 2047
f 2026 2047 2028
f 2028 2071 2029
f 2030 2071 2032
f 2029 2030 2033
f 2031 2030 2032
f 2030 2031 2033
f 2027 2029 2033
f 2031 2032 2048
f 2031 2048 2033
f 2026 2028 2029
f 2026 2029 2027
f 2029 2071 2030
f 2036 2038 2039
f 2036 2044 2035
f 2034 2035 2044
f 2037 2045 2038
f 2038 2040 2039
f 2040 2038 2046
f 2036 2042 2044
f 2039 2041 2036
f 2036 2041 2042
f 2043 2042 2041
f 2043 2044 2042
f 2028 2045 2037
f 2038 2045 2046
f 2028 2047 2045
f 2027 2045 2047
f 2027 2046 2045
f 2060 2136 2066
f 2027 2052 2046
f 2032 2071 2074
f 2032 2049 2048
f 2027 2033 2052
f 2033 2048 2051
f 2048 2049 2051
f 2032 2074 2049
f 2049 2074 2050
f 2033 2051 2052
f 2049 2050 2051
f 2050 2074 2053
f 2050 2053 2051
f 2055 2053 2074
f 2055 2074 2245
f 2051 2053 2052
f 2055 2052 2053
f 2055 2054 2052
f 2054 2056 2052
f 2040 2046 2059
f 2039 2058 2041
f 2039 2040 2059
f 2039 2059 2058
f 2041 2058 2043
f 2043 2058 2057
f 2046 2052 2059
f 2058 2059 2135
f 2052 2135 2059
f 2057 2058 2060
f 2058 2136 2060
f 156 2062 2061
f 2034 2044 2064
f 2034 2064 2062
f 2061 2062 2063
f 540 2061 2063
f 540 2063 2384
f 2063 2068 2384
f 2062 2065 2063
f 156 2034 2062
f 2043 2064 2044
f 2043 2057 2064
f 2057 2066 2064
f 2062 2064 2065
f 2064 2067 2065
f 2057 2060 2066
f 2064 2066 2067
f 2066 2166 2067
f 2067 2166 2171
f 2063 2065 2068
f 2065 2069 2068
f 2068 2069 2070
f 2065 2067 2069
f 2069 2171 2169
f 2069 2169 2070
f 2067 2171 2069
f 2173 2104 2103
f 2571 2103 2100
f 240 241 2071
f 241 242 2072
f 241 2072 2071
f 242 2073 2072
f 772 2076 2073
f 772 2251 2076
f 2071 2072 2074
f 2072 2075 2074
f 2072 2076 2075
f 2072 2073 2076
f 2074 2075 2245
f 2075 2076 2246
f 772 2252 2251
f 261 2085 2086
f 261 2086 2084
f 261 2084 2107
f 261 2107 2105
f 207 2093 2090
f 261 2088 2089
f 261 2089 2099
f 261 2090 2088
f 207 2096 2093
f 2094 2096 207
f 261 2099 2087
f 261 2087 2085
f 2094 262 2095
f 2100 2095 262
f 2100 262 2571
f 2078 259 2106
f 2078 2079 259
f 261 2105 2106
f 844 2079 2077
f 844 2077 2080
f 865 2080 2081
f 866 2081 2082
f 2078 2106 2108
f 2078 2077 2079
f 2077 2078 2080
f 3071 3092 2083
f 2078 2108 2080
f 2080 2109 2081
f 2081 2110 2082
f 2082 2111 2083
f 2080 2108 2109
f 2081 2109 2110
f 2082 2110 2111
f 2111 3072 2083
f 2083 3092 3060
f 2083 3060 3059
f 2083 3059 2082
f 2085 2091 2092
f 2084 2086 2098
f 2084 2101 2107
f 2085 2087 2091
f 2085 2097 2086
f 2102 2105 2107
f 2104 2106 2105
f 2089 2091 2099
f 2088 2090 2089
f 2089 2090 2091
f 2093 2091 2090
f 2092 2091 2093
f 2094 2095 2098
f 2093 2096 2092
f 2096 2097 2092
f 2094 2097 2096
f 2094 2098 2097
f 2087 2099 2091
f 2085 2092 2097
f 2086 2097 2098
f 2084 2098 2101
f 2101 2102 2107
f 2095 2101 2098
f 2100 2101 2095
f 2102 2104 2105
f 2104 2175 2106
f 2101 2100 2102
f 2102 2100 2104
f 2103 2104 2100
f 2112 3122 2111
f 3072 2111 3121
f 2111 3122 3121
f 2113 3122 2112
f 2106 2130 2108
f 2108 2129 2109
f 2109 2128 2110
f 2110 2126 2111
f 2111 2121 2112
f 2112 2119 2113
f 2114 3126 2113
f 2120 3126 2114
f 2111 2123 2121
f 2123 2111 2126
f 2124 2125 3122
f 2112 2121 2119
f 2121 2122 2119
f 2115 2114 2113
f 2115 2113 2117
f 2115 2116 2114
f 2116 2118 2114
f 2113 2119 2117
f 2117 2119 2120
f 2118 2120 2114
f 2115 2118 2116
f 2115 2117 2118
f 2117 2120 2118
f 2119 2122 2120
f 2110 2127 2126
f 2110 2128 2127
f 2108 2130 2129
f 2109 2129 2128
f 2121 2124 2122
f 2121 2123 2124
f 2125 2124 2123
f 2125 2123 2126
f 2125 2126 2127
f 2106 2175 2130
f 2175 2450 2130
f 2052 2056 2131
f 2052 2131 2135
f 2055 2245 2132
f 2055 2132 2054
f 2054 2132 2056
f 2056 2132 2131
f 2131 2133 2137
f 2132 2247 2134
f 2131 2132 2133
f 2133 2149 2137
f 2132 2134 2133
f 2134 2141 2133
f 2058 2135 2136
f 2135 2138 2136
f 2135 2137 2138
f 2137 2143 2138
f 2136 2138 2139
f 2138 2146 2139
f 2139 2146 2167
f 2131 2137 2135
f 2133 2140 2149
f 2133 2141 2140
f 2134 2248 2141
f 2140 2142 2150
f 2141 2258 2140
f 2140 2258 2142
f 2258 2152 2142
f 2138 2143 2146
f 2137 2149 2143
f 2143 2144 2146
f 2143 2149 2144
f 2144 2149 2145
f 2144 2145 2148
f 2145 2151 2148
f 2146 2176 2167
f 2144 2147 2146
f 2146 2147 2176
f 2147 2148 2176
f 2144 2148 2147
f 2148 2151 2156
f 2145 2149 2150
f 2140 2150 2149
f 2145 2150 2153
f 2145 2153 2151
f 2150 2142 2153
f 2142 2152 2153
f 2151 2153 2154
f 2153 2155 2154
f 2148 2156 2179
f 2153 2152 2263
f 2153 2263 2155
f 2154 2155 2158
f 2151 2154 2159
f 2155 2263 2162
f 2151 2157 2156
f 2151 2159 2157
f 2154 2158 2159
f 2155 2162 2158
f 2162 2263 2165
f 2159 2160 2157
f 2157 2160 2161
f 2161 2163 2157
f 2163 2164 2157
f 2159 2158 2160
f 2158 2162 2160
f 2160 2162 2161
f 2161 2162 2163
f 2163 2162 2164
f 2164 2162 2165
f 2157 2164 2194
f 2164 2165 2194
f 2066 2136 2166
f 2136 2139 2166
f 2166 2168 2171
f 2166 2167 2168
f 2139 2167 2166
f 2167 2176 2168
f 2168 2176 2172
f 2169 2171 2170
f 2169 2170 2480
f 2170 2172 2480
f 2168 2170 2171
f 2168 2172 2170
f 2172 2176 2485
f 2485 2177 2486
f 2486 2177 2488
f 2488 2177 2489
f 2177 2490 2489
f 2178 2492 2490
f 2492 2178 2493
f 2178 2495 2493
f 2494 2495 2178
f 2173 2174 2104
f 2174 2175 2104
f 2556 2174 2173
f 2174 2556 2555
f 2174 2555 2175
f 2176 2177 2485
f 2177 2178 2490
f 2178 2218 2494
f 2218 2497 2494
f 2148 2177 2176
f 2148 2179 2177
f 2177 2179 2178
f 2178 2184 2218
f 2178 2179 2184
f 2156 2193 2179
f 2179 2193 2184
f 2184 2193 2201
f 2180 2181 2184
f 2180 2185 2181
f 2180 2182 2185
f 2180 2183 2182
f 2184 2181 2218
f 2182 2186 2185
f 2182 2183 2186
f 2186 2183 2187
f 2186 2187 2189
f 2186 2189 2188
f 2181 2185 2227
f 2227 2185 2186
f 2227 2186 2188
f 2184 2198 2180
f 2180 2198 2183
f 2198 2192 2183
f 2184 2201 2198
f 2198 2200 2192
f 2187 2183 2190
f 2187 2190 2189
f 2190 2183 2191
f 2183 2192 2191
f 2189 2190 2204
f 2191 2192 2200
f 2190 2191 2204
f 2156 2157 2193
f 2157 2196 2193
f 2196 2195 2193
f 2208 2193 2195
f 2157 2194 2196
f 2194 2197 2196
f 2195 2196 2197
f 2197 2291 2195
f 2201 2193 2202
f 2193 2203 2202
f 2193 2199 2203
f 2193 2206 2199
f 2193 2208 2206
f 2199 2205 2203
f 2198 2201 2200
f 2191 2200 2204
f 2200 2201 2204
f 2201 2202 2204
f 2202 2203 2204
f 2203 2205 2204
f 2204 2205 2230
f 2205 2199 2207
f 2199 2206 2207
f 2206 2210 2207
f 2205 2207 2230
f 2207 2209 2230
f 2195 2211 2208
f 2195 2213 2211
f 2214 2213 2195
f 2206 2208 2210
f 2211 2210 2208
f 2211 2213 2212
f 2207 2210 2209
f 2209 2217 2233
f 2210 2211 2212
f 2210 2212 2217
f 2209 2210 2217
f 2212 2213 2215
f 2213 2214 2215
f 2214 2287 2215
f 2212 2215 2216
f 2212 2216 2217
f 2215 2290 2216
f 2216 2288 2217
f 2217 2288 2235
f 2218 2227 2219
f 2219 2227 2220
f 2218 2219 2221
f 2220 2223 2219
f 2219 2223 2221
f 2220 2222 2223
f 2221 2223 2224
f 2218 2221 2501
f 2221 2224 2501
f 2224 2223 2225
f 2222 2226 2223
f 2223 2226 2225
f 2225 2590 2224
f 2225 2226 2590
f 2226 2238 2591
f 2238 2242 2592
f 2242 2243 2592
f 2181 2227 2218
f 2188 2189 2220
f 2188 2220 2227
f 2189 2204 2228
f 2189 2228 2222
f 2189 2222 2220
f 2222 2228 2231
f 2222 2231 2226
f 2204 2229 2228
f 2228 2229 2231
f 2229 2232 2231
f 2204 2230 2229
f 2209 2233 2230
f 2229 2230 2232
f 2230 2233 2232
f 2232 2233 2236
f 2226 2231 2232
f 2217 2234 2233
f 2233 2234 2236
f 2217 2235 2234
f 2234 2235 2334
f 2234 2334 2237
f 2232 2236 2240
f 2234 2237 2236
f 2236 2237 2241
f 2237 2336 2241
f 2226 2232 2239
f 2232 2240 2239
f 2226 2240 2238
f 2226 2239 2240
f 2238 2240 2242
f 2236 2241 2240
f 2240 2241 2244
f 2241 2345 2244
f 2240 2243 2242
f 2240 2244 2243
f 2243 2244 2347
f 2075 2246 2245
f 2245 2246 2247
f 2132 2245 2247
f 2246 2249 2247
f 2076 2251 2246
f 2246 2251 2249
f 2249 2251 2252
f 2247 2249 2248
f 2134 2247 2248
f 2248 2249 2250
f 2248 2250 2259
f 2249 2252 2255
f 2249 2255 2250
f 2250 2255 2260
f 2252 2253 2255
f 2253 2254 2255
f 2254 2260 2255
f 2254 2269 2260
f 2254 2256 2272
f 2254 2272 2269
f 2256 2257 2272
f 2257 3213 2274
f 2141 2248 2259
f 2141 2259 2258
f 2258 2261 2262
f 2261 2264 2262
f 2250 2260 2259
f 2258 2259 2261
f 2259 2260 2261
f 2261 2270 2264
f 2152 2258 2262
f 2264 2270 2267
f 2152 2262 2263
f 2262 2264 2263
f 2263 2264 2267
f 2165 2263 2265
f 2165 2265 2266
f 2263 2266 2265
f 2165 2266 2194
f 2263 2267 2266
f 2266 2267 2268
f 2266 2268 2278
f 2267 2275 2268
f 2260 2269 2261
f 2261 2269 2270
f 2269 2271 2270
f 2269 2273 2271
f 2257 2274 2272
f 2269 2272 2273
f 2272 2274 2273
f 2267 2270 2271
f 2267 2271 2275
f 2268 2275 2276
f 2271 2273 2276
f 2274 3213 3215
f 2273 2274 2276
f 2274 3215 2276
f 2271 2276 2275
f 2276 3215 3216
f 2308 2276 2277
f 2277 3217 2362
f 2276 3216 2277
f 2277 3216 3217
f 2268 2276 2302
f 2276 2307 2302
f 2276 2308 2307
f 2194 2266 2197
f 2197 2266 2278
f 2197 2278 2291
f 2278 2282 2291
f 2278 2280 2279
f 2278 2279 2282
f 2279 2280 2281
f 2280 2278 2316
f 2279 2281 2284
f 2279 2284 2282
f 2281 2315 2284
f 2282 2283 2291
f 2283 2286 2291
f 2282 2284 2283
f 2283 2284 2285
f 2283 2285 2286
f 2285 2294 2286
f 2214 2195 2291
f 2214 2291 2287
f 2215 2287 2290
f 2287 2289 2290
f 2216 2290 2288
f 2287 2291 2289
f 2290 2289 2292
f 2290 2300 2288
f 2290 2299 2300
f 2288 2300 2337
f 2292 2291 2293
f 2291 2292 2289
f 2290 2292 2298
f 2286 2293 2291
f 2292 2293 2296
f 2296 2297 2292
f 2286 2294 2293
f 2293 2294 2295
f 2285 2298 2294
f 2293 2295 2296
f 2294 2297 2295
f 2295 2297 2296
f 2294 2298 2297
f 2292 2297 2298
f 2290 2298 2299
f 2298 2300 2299
f 2298 2301 2300
f 2298 2330 2301
f 2300 2301 2343
f 2268 2319 2278
f 2268 2302 2319
f 2303 2321 2319
f 2304 2321 2303
f 2302 2310 2319
f 2302 2307 2310
f 2303 2319 2310
f 2303 2305 2304
f 2304 2305 2323
f 2303 2310 2305
f 2310 2306 2305
f 2305 2313 2323
f 2305 2306 2313
f 2323 2313 2331
f 2358 2359 2311
f 2307 2309 2310
f 2307 2308 2309
f 2308 2312 2309
f 2306 2310 2309
f 2309 2312 2313
f 2312 2314 2313
f 2306 2309 2313
f 2308 2311 2312
f 2312 2311 2359
f 2312 2359 2314
f 2313 2314 2324
f 2278 2319 2316
f 2280 2316 2281
f 2316 2315 2281
f 2284 2315 2317
f 2284 2317 2318
f 2316 2317 2315
f 2317 2316 2320
f 2284 2318 2285
f 2285 2318 2298
f 2316 2319 2320
f 2317 2320 2321
f 2317 2321 2322
f 2320 2319 2321
f 2317 2322 2318
f 2304 2318 2322
f 2304 2322 2321
f 2304 2323 2318
f 2323 2329 2318
f 2326 2351 2330
f 2313 2324 2331
f 2324 2327 2331
f 2314 2325 2324
f 2324 2325 2327
f 2326 2331 2327
f 2326 2327 2352
f 2325 2328 2327
f 2298 2318 2329
f 2298 2329 2330
f 2323 2331 2329
f 2326 2329 2331
f 2301 2330 2354
f 2326 2330 2329
f 2332 2347 2364
f 2235 2288 2337
f 2235 2337 2333
f 2235 2335 2334
f 2235 2333 2335
f 2333 2337 2335
f 2335 2337 2338
f 2237 2334 2335
f 2237 2335 2336
f 2241 2336 2344
f 2336 2335 2344
f 2335 2345 2344
f 2338 2339 2345
f 2335 2338 2345
f 2337 2343 2338
f 2338 2343 2340
f 2340 2343 2341
f 2341 2343 2348
f 2338 2340 2339
f 2339 2342 2345
f 2339 2340 2342
f 2340 2341 2342
f 2341 2349 2342
f 2300 2343 2337
f 2301 2354 2343
f 2244 2345 2346
f 2241 2344 2345
f 2342 2346 2345
f 2244 2346 2347
f 2342 2349 2346
f 2346 2349 2355
f 2343 2354 2348
f 2354 2350 2348
f 2354 2351 2350
f 2341 2348 2349
f 2348 2350 2349
f 2326 2352 2351
f 2351 2352 2353
f 2350 2351 2353
f 2330 2351 2354
f 2346 2364 2347
f 2346 2355 2372
f 2349 2350 2372
f 2349 2372 2355
f 2356 2362 3217
f 2357 2365 2363
f 2356 3217 3260
f 2357 3260 3262
f 2356 3260 2357
f 2357 3262 2365
f 2356 2357 2363
f 2356 2363 2362
f 2358 2360 2359
f 2358 2362 2361
f 2358 2361 2360
f 2362 2363 2361
f 2277 2362 2358
f 2277 2311 2308
f 2277 2358 2311
f 2314 2370 2325
f 2359 2360 2376
f 2360 2361 2365
f 2361 2363 2365
f 2314 2359 2376
f 2314 2375 2369
f 2346 2372 2364
f 2365 3262 2366
f 2360 2365 2376
f 2375 2314 2376
f 2366 3270 2367
f 2366 2367 2377
f 2367 3273 2381
f 2379 3273 2368
f 2369 2375 2370
f 2371 2372 2922
f 2372 2381 2380
f 2922 2372 2380
f 2370 2381 2373
f 2372 2374 2381
f 2374 2373 2381
f 2365 2377 2376
f 2375 2376 2370
f 2370 2376 2378
f 2365 2366 2377
f 2367 2376 2377
f 2370 2378 2381
f 2379 2368 2922
f 2379 2922 2381
f 2380 2381 2922
f 2378 2382 2381
f 2367 2382 2376
f 2376 2382 2378
f 2367 2381 2382
f 2379 2381 3273
f 2325 2370 2328
f 2327 2328 2370
f 2327 2370 2352
f 2352 2370 2353
f 2350 2353 2372
f 2314 2369 2370
f 2353 2373 2374
f 2353 2374 2372
f 2353 2370 2373
f 540 2384 2383
f 538 2387 2394
f 2383 2386 538
f 2383 2384 2386
f 538 2386 2387
f 2385 2394 2387
f 2068 2386 2384
f 2385 2387 2388
f 2386 2388 2387
f 2388 2386 2390
f 2385 2388 2390
f 2390 2389 2385
f 2386 2414 2390
f 2389 2390 2391
f 2389 2391 2392
f 2389 2392 2393
f 2394 2399 2395
f 2385 2399 2394
f 2395 2399 2398
f 2396 2397 2429
f 545 2395 2396
f 2395 2398 2396
f 545 2396 2429
f 2396 2398 2397
f 2398 2400 2401
f 2385 2400 2399
f 2385 2389 2400
f 2398 2399 2400
f 2389 2401 2400
f 2389 2393 2402
f 2389 2402 2401
f 2401 2402 2403
f 2397 2398 2404
f 2398 2401 2404
f 574 2408 2571
f 627 2406 2407
f 2407 2406 2409
f 2407 2409 2408
f 2408 2409 2411
f 2408 2411 2410
f 2413 2410 2411
f 2410 2413 2412
f 2068 2070 2415
f 2068 2415 2414
f 2068 2414 2386
f 2390 2414 2391
f 2391 2414 2392
f 2392 2414 2393
f 2403 2414 2415
f 2070 2416 2415
f 2070 2169 2416
f 2415 2416 2511
f 2393 2414 2402
f 2402 2414 2403
f 2403 2415 2417
f 2415 2420 2417
f 2401 2403 2418
f 2401 2418 2404
f 2404 2418 2439
f 2403 2417 2419
f 2403 2419 2418
f 2417 2420 2419
f 2418 2419 2439
f 2415 2511 2420
f 2420 2511 2421
f 2419 2420 2422
f 2420 2421 2422
f 2419 2422 2441
f 2421 2423 2422
f 2421 2511 2423
f 2423 2511 2516
f 2422 2517 2442
f 2422 2423 2517
f 2423 2516 2517
f 2424 2428 2426
f 2426 2428 2550
f 2424 2426 2425
f 2425 2426 2545
f 2428 2552 2550
f 2571 2173 2103
f 2427 2412 2413
f 2427 2571 2412
f 2427 2413 2428
f 2410 2412 2571
f 2408 2410 2571
f 2409 2406 2657
f 2409 2655 2411
f 2411 2655 2413
f 2424 2571 2427
f 2428 2413 2649
f 2424 2427 2428
f 2428 2649 2552
f 2397 2430 2429
f 603 2429 2430
f 2397 2432 2430
f 603 2430 2431
f 2430 2432 2431
f 610 2431 2433
f 2431 2432 2433
f 2432 2434 2433
f 2397 2404 2434
f 2397 2434 2432
f 2404 2439 2434
f 2433 2435 2438
f 2433 2434 2435
f 2434 2440 2435
f 610 2433 2436
f 2433 2437 2436
f 2433 2438 2437
f 2436 2437 4851
f 2436 4851 3714
f 2437 2438 4851
f 2435 4859 2438
f 2438 4859 4851
f 2405 4907 2406
f 3733 4907 2405
f 2434 2439 2440
f 2419 2441 2439
f 2439 2441 2440
f 2435 2440 2443
f 2440 2441 2443
f 2422 2442 2441
f 2441 2442 2444
f 2442 2517 2621
f 2442 2621 2444
f 2441 2444 2443
f 2444 2621 2629
f 2444 2629 2631
f 2435 2443 4859
f 2443 2446 4859
f 2443 2444 2447
f 2444 2445 2447
f 2444 2631 2445
f 2445 2631 2646
f 2443 2447 2446
f 2447 2445 4864
f 2445 2646 4864
f 2413 2652 2649
f 2406 2659 2657
f 2661 2659 2406
f 2409 2657 2655
f 2413 2655 2652
f 2406 2672 2661
f 2672 2406 2674
f 2676 2674 2406
f 2676 2406 2679
f 2679 2406 2681
f 2681 2406 2682
f 4907 2682 2406
f 2448 2461 2449
f 2175 2451 2450
f 2452 2453 2836
f 2451 2452 2836
f 2458 2456 2455
f 2456 2458 2457
f 2458 2455 2459
f 2457 2458 4944
f 2458 2459 4943
f 2456 3421 2455
f 2456 3327 3421
f 2455 3420 3416
f 2455 3421 3420
f 2459 2455 3416
f 2448 2460 2461
f 2460 2462 2461
f 2449 2461 2454
f 2461 2462 2465
f 2462 2463 2465
f 2936 2464 2463
f 2464 2936 2470
f 2463 2464 2466
f 2467 2463 2466
f 2466 2464 2470
f 2461 2465 2473
f 2463 2473 2465
f 2463 2467 2473
f 2467 2466 2469
f 2468 2466 2470
f 2466 2468 2469
f 2468 2470 2469
f 2467 2469 2471
f 2470 2471 2469
f 2467 2471 2473
f 2470 2942 2471
f 3125 5515 3123
f 2125 5514 3125
f 3123 5487 3276
f 2127 5512 2125
f 2127 2128 5512
f 2128 2129 5512
f 2454 2461 2472
f 2461 2473 2472
f 2454 2472 2882
f 2472 2941 2940
f 2471 2942 2473
f 2943 2944 2473
f 2473 2942 2943
f 2472 2473 2941
f 2473 2944 2941
f 2129 2130 5512
f 2130 2450 5512
f 3276 5487 3277
f 2450 2451 5512
f 2451 2836 5512
f 2836 2838 5513
f 2475 2169 2477
f 2475 2476 2169
f 2169 2480 2477
f 2169 2476 2416
f 2476 2479 2416
f 2474 2476 2475
f 2477 2474 2475
f 2474 2479 2476
f 2474 2477 2478
f 2478 2480 2482
f 2477 2480 2478
f 2480 2484 2482
f 2512 2416 2481
f 2509 2510 2481
f 2416 2479 2481
f 2481 2483 2509
f 2474 2483 2479
f 2474 2478 2483
f 2478 2482 2483
f 2479 2483 2481
f 2482 2484 2483
f 2172 2485 2480
f 2480 2485 2484
f 2487 2486 2488
f 2489 2490 2491
f 2491 2490 2492
f 2491 2492 2493
f 2484 2485 2483
f 2483 2485 2486
f 2483 2486 2553
f 2486 2487 2588
f 2487 2488 2588
f 2488 2489 2588
f 2489 2491 2588
f 2494 2496 2495
f 2494 2497 2496
f 2497 2498 2496
f 2497 2499 2498
f 2498 2499 2500
f 2499 2501 2500
f 2501 2502 2500
f 2503 2502 2501
f 2503 2504 2502
f 2503 2505 2504
f 2505 2506 2504
f 2505 2507 2506
f 2505 2508 2507
f 2416 2512 2511
f 2510 2512 2481
f 2511 2512 2521
f 2509 2513 2510
f 2483 2515 2509
f 2510 2513 2512
f 2512 2513 2514
f 2509 2515 2513
f 2513 2515 2514
f 2512 2514 2524
f 2514 2515 2533
f 2483 2554 2515
f 2511 2519 2516
f 2521 2519 2511
f 2512 2520 2521
f 2512 2522 2520
f 2517 2518 2621
f 2516 2518 2517
f 2516 2519 2518
f 2518 2519 2521
f 2522 2528 2523
f 2520 2522 2523
f 2518 2521 2621
f 2514 2533 2524
f 2512 2524 2522
f 2522 2524 2525
f 2515 2534 2533
f 2515 2535 2534
f 2515 2536 2535
f 2515 2554 2536
f 2522 2525 2526
f 2524 2533 2525
f 2526 2525 2533
f 2522 2526 2528
f 2528 2526 2527
f 2529 2527 2531
f 2526 2533 2527
f 2528 2529 2530
f 2528 2530 2523
f 2529 2531 2530
f 2528 2527 2529
f 2530 2531 2532
f 2520 2533 2521
f 2520 2523 2533
f 2523 2530 2533
f 2527 2533 2531
f 2531 2533 2532
f 2530 2532 2533
f 2521 2533 2534
f 2521 2534 2535
f 2521 2535 2624
f 2535 2536 2624
f 2536 2554 2624
f 2554 2626 2624
f 2546 2548 2537
f 2537 2548 2549
f 2537 2549 2538
f 2539 2540 2541
f 2541 2540 2542
f 2425 2545 2544
f 2544 2545 2540
f 2424 2425 2546
f 2425 2544 2546
f 2426 2550 2545
f 2539 2546 2544
f 2541 2547 2546
f 2541 2549 2547
f 2539 2544 2540
f 2539 2541 2546
f 2541 2542 2549
f 2549 2542 2543
f 2540 2550 2542
f 2542 2551 2543
f 2543 2551 2549
f 2540 2545 2550
f 2546 2547 2548
f 2547 2549 2548
f 2542 2550 2552
f 2542 2552 2551
f 2483 2553 2554
f 2486 2689 2553
f 2553 2633 2554
f 2554 2633 2632
f 2553 2689 2633
f 2571 2583 2572
f 2583 2584 2573
f 2584 2585 2574
f 2583 2573 2572
f 2573 2584 2574
f 2173 2571 2556
f 2557 2556 2564
f 2556 2566 2564
f 2556 2576 2555
f 2556 2557 2559
f 2556 2559 2576
f 2555 2576 2578
f 2558 2560 2559
f 2557 2558 2559
f 2564 2558 2557
f 2559 2560 2576
f 2576 2560 2577
f 2175 2555 2561
f 2555 2578 2561
f 2558 2563 2560
f 2560 2562 2577
f 2561 2578 2579
f 2577 2562 2579
f 2561 2579 2562
f 2560 2563 2562
f 2827 2563 2558
f 2561 2562 2563
f 2565 2558 2564
f 2566 2567 2570
f 2568 2569 2566
f 2566 2575 2567
f 2569 2575 2566
f 2564 2566 2565
f 2565 2566 2570
f 2571 2566 2556
f 2572 2568 2571
f 2571 2568 2566
f 2568 2573 2569
f 2569 2573 2575
f 2572 2573 2568
f 2573 2574 2575
f 2576 2577 2579
f 2576 2579 2578
f 2537 2581 2580
f 2537 2582 2581
f 2424 2546 2580
f 2424 2580 2583
f 2546 2537 2580
f 2537 2538 2582
f 2424 2583 2571
f 2582 2585 2584
f 2581 2584 2583
f 2580 2581 2583
f 2581 2582 2584
f 2551 2552 2651
f 2448 2574 2585
f 2575 2448 2567
f 2448 2570 2567
f 2448 2575 2574
f 2448 2585 2582
f 2538 2549 2460
f 2538 2460 2582
f 2460 2549 2551
f 2218 2499 2497
f 2218 2501 2499
f 2491 2493 2586
f 2493 2495 2606
f 2495 2496 2606
f 2496 2498 2606
f 2498 2500 2606
f 2502 2606 2500
f 2502 2504 2606
f 2493 2606 2586
f 2486 2588 2705
f 2486 2692 2689
f 2486 2705 2692
f 2491 2586 2587
f 2491 2587 2588
f 2587 2712 2588
f 2586 2609 2587
f 2587 2609 2712
f 2609 2610 2712
f 2224 2503 2501
f 2224 2505 2503
f 2224 2590 2505
f 2505 2589 2508
f 2590 2589 2505
f 2226 2591 2590
f 2238 2592 2591
f 2590 2594 2589
f 2591 2594 2590
f 2592 2594 2591
f 2593 2594 2592
f 2593 2595 2594
f 2594 2595 2596
f 2595 2597 2596
f 2597 2599 2596
f 2504 2506 2606
f 2506 2507 2606
f 2508 2615 2507
f 2507 2607 2606
f 2589 2615 2508
f 2589 2594 2615
f 2594 2596 2615
f 2243 2593 2592
f 2347 2595 2593
f 2347 2597 2595
f 2347 2598 2597
f 2597 2598 2599
f 2600 2599 2598
f 2600 2601 2599
f 2347 2600 2598
f 2347 2602 2600
f 2347 2605 2602
f 2600 2602 2601
f 2601 2602 2603
f 2602 2605 2603
f 2603 2605 2604
f 2605 2892 2604
f 2243 2347 2593
f 2596 2599 2615
f 2601 2615 2599
f 2601 2603 2615
f 2603 2604 2615
f 2604 2893 2615
f 2615 2893 2898
f 2507 2615 2607
f 2615 2901 2616
f 2616 2901 2617
f 2586 2606 2609
f 2606 2612 2609
f 2606 2607 2608
f 2607 2615 2616
f 2607 2616 2608
f 2606 2608 2612
f 2608 2616 2613
f 2609 2612 2611
f 2609 2611 2610
f 2610 2611 2614
f 2608 2613 2612
f 2611 2612 2613
f 2611 2613 2614
f 2613 2618 2614
f 2614 2618 2766
f 2616 2617 2913
f 2616 2913 2619
f 2613 2616 2619
f 2613 2619 2618
f 2619 2914 2620
f 2618 2619 2620
f 2618 2620 2767
f 2521 2622 2621
f 2621 2622 2629
f 2622 2630 2629
f 2521 2623 2622
f 2521 2624 2623
f 2554 2627 2626
f 2623 2624 2626
f 2623 2626 2628
f 2627 2628 2626
f 2625 2628 2627
f 2625 2632 2628
f 2622 2623 2630
f 2623 2628 2640
f 2629 2630 2631
f 2623 2644 2630
f 2623 2640 2644
f 2554 2625 2627
f 2554 2632 2625
f 2628 2632 2634
f 2632 2633 2634
f 2628 2634 2635
f 2628 2635 2639
f 2633 2636 2634
f 2634 2636 2635
f 2633 2638 2636
f 2633 2686 2637
f 2633 2637 2638
f 2635 2642 2639
f 2635 2636 2638
f 2635 2638 2690
f 2635 2690 2642
f 2633 2689 2686
f 2637 2687 2638
f 2628 2639 2640
f 2639 2641 2640
f 2640 2641 2648
f 2641 2643 2648
f 2639 2642 2641
f 2641 2642 2643
f 2642 2690 2643
f 2643 2690 2694
f 2694 2695 2643
f 2630 2646 2631
f 2630 2644 2646
f 2644 2647 2646
f 2640 2645 2644
f 2644 2645 2647
f 2646 2647 4864
f 2645 4986 2647
f 2645 2648 4989
f 2647 4987 4985
f 4986 4987 2647
f 2645 4989 4986
f 2640 2648 2645
f 2643 4989 2648
f 2643 2695 4991
f 4991 2695 2696
f 2696 2697 4991
f 5001 2697 2724
f 2726 5013 2724
f 2643 4992 4989
f 2643 4991 4992
f 2697 4993 4991
f 2697 5001 4993
f 2724 5005 5001
f 2724 5006 5005
f 2724 5013 5006
f 2726 2728 5013
f 2728 2729 5013
f 2729 2730 5013
f 5013 2788 5014
f 2788 5016 5014
f 2552 2649 2650
f 2552 2650 2651
f 2650 2649 2653
f 2650 2653 2651
f 2649 2652 2653
f 2460 2551 2651
f 2653 2654 2651
f 2653 2655 2654
f 2653 2652 2655
f 2654 2655 2656
f 2656 2655 2657
f 2658 2656 2657
f 2460 2651 2654
f 2460 2654 2656
f 2657 2659 2658
f 2658 2659 2660
f 2660 2659 2663
f 2661 2663 2659
f 2661 2662 2663
f 2661 2664 2662
f 2662 2664 2665
f 2664 2666 2665
f 2665 2666 2667
f 2666 2664 2668
f 2666 2669 2667
f 2666 2668 2669
f 2669 2668 2670
f 2664 2661 2672
f 2664 2672 2668
f 2668 2672 2670
f 2671 2670 2672
f 2662 2935 2663
f 2662 2665 2935
f 2665 2667 2935
f 2656 2658 2462
f 2462 2658 2660
f 2463 2660 2663
f 2667 2669 2935
f 2669 2670 2935
f 2671 2937 2670
f 2671 2672 2674
f 2671 2674 2673
f 2673 2674 2675
f 2676 2675 2674
f 2676 2677 2675
f 2671 2673 2937
f 2673 2675 2937
f 2677 2938 2675
f 2677 2678 2938
f 2678 2680 2938
f 2680 2682 2938
f 2677 2676 2678
f 2676 2679 2678
f 2678 2679 2680
f 4907 2683 2682
f 2683 4907 2684
f 2680 2679 2681
f 2680 2681 2682
f 2684 4907 2685
f 2938 2682 2683
f 2683 2684 2939
f 2637 2686 2687
f 2686 2689 2687
f 2687 2689 2688
f 2638 2687 2690
f 2687 2688 2690
f 2688 2689 2691
f 2688 2691 2690
f 2689 2693 2691
f 2692 2705 2707
f 2689 2692 2693
f 2692 2707 2693
f 2693 2707 2699
f 2690 2691 2694
f 2691 2695 2694
f 2691 2693 2695
f 2693 2699 2695
f 2695 2699 2700
f 2697 2696 2698
f 2697 2698 2727
f 2696 2695 2701
f 2696 2701 2698
f 2695 2700 2701
f 2698 2701 2727
f 2699 2707 2708
f 2699 2708 2700
f 2700 2708 2702
f 2708 2703 2702
f 2732 2701 2700
f 2700 2702 2732
f 2701 2732 2727
f 2703 2710 2704
f 2708 2709 2703
f 2703 2709 2710
f 2704 2710 2711
f 2702 2703 2732
f 2703 2704 2732
f 2704 2711 2732
f 2588 2706 2705
f 2705 2706 2707
f 2707 2706 2714
f 2707 2714 2708
f 2708 2714 2718
f 2708 2716 2709
f 2708 2717 2716
f 2708 2718 2717
f 2710 2715 2711
f 2709 2715 2710
f 2588 2712 2706
f 2706 2713 2714
f 2706 2712 2713
f 2712 2736 2713
f 2713 2736 2737
f 2713 2719 2714
f 2714 2719 2718
f 2715 2709 2716
f 2711 2715 2732
f 2715 2716 2732
f 2716 2717 2732
f 2718 2720 2717
f 2717 2720 2734
f 2718 2719 2720
f 2713 2737 2719
f 2719 2737 2748
f 2719 2748 2750
f 2720 2719 2721
f 2719 2722 2721
f 2720 2721 2723
f 2721 2722 2723
f 2719 2750 2722
f 2723 2722 2752
f 2723 2752 2782
f 2724 2697 2725
f 2697 2727 2725
f 2724 2725 2726
f 2725 2727 2726
f 2726 2727 2732
f 2726 2732 2733
f 2726 2733 2728
f 2728 2733 2729
f 2729 2733 2730
f 2730 2733 2735
f 2730 2731 5013
f 2788 5018 5016
f 2788 5023 5018
f 2780 5022 5023
f 2780 5025 5022
f 2731 2786 5013
f 2786 2787 5013
f 2781 2780 5023
f 2780 2779 5025
f 2730 2735 2731
f 2731 2735 2786
f 2787 2788 5013
f 2781 5023 2788
f 2717 2734 2732
f 2732 2734 2733
f 2733 2734 2735
f 2720 2723 2734
f 2734 2789 2735
f 2734 2782 2789
f 2723 2782 2734
f 2735 2787 2786
f 2735 2789 2791
f 2610 2736 2712
f 2610 2614 2736
f 2614 2738 2736
f 2736 2738 2737
f 2737 2738 2758
f 2614 2766 2738
f 2738 2766 2742
f 2742 2766 2739
f 2740 2739 2766
f 2740 2766 2746
f 2746 2766 2747
f 2743 2744 2738
f 2738 2742 2743
f 2738 2744 2760
f 2740 2741 2739
f 2741 2743 2742
f 2741 2742 2739
f 2741 2744 2743
f 2741 2745 2744
f 2740 2746 2741
f 2741 2746 2747
f 2745 2760 2744
f 2741 2759 2745
f 2737 2758 2748
f 2748 2758 2756
f 2722 2751 2752
f 2722 2750 2751
f 2748 2749 2750
f 2749 2751 2750
f 2749 2753 2751
f 2751 2753 2752
f 2752 2783 2782
f 2748 2753 2749
f 2753 2748 2754
f 2754 2748 2756
f 2752 2753 2754
f 2752 2754 2783
f 2754 2756 2757
f 2756 2755 2757
f 2756 2758 2755
f 2755 2758 2762
f 2755 2764 2757
f 2755 2762 2764
f 2754 2757 2783
f 2757 2764 2783
f 2738 2761 2758
f 2758 2763 2762
f 2738 2760 2761
f 2745 2759 2760
f 2761 2765 2758
f 2762 2763 2764
f 2763 2758 2765
f 2764 2763 2765
f 2764 2765 2783
f 2766 2768 2747
f 2618 2767 2766
f 2766 2767 2768
f 2741 2747 2770
f 2741 2771 2759
f 2747 2768 2770
f 2741 2770 2771
f 2767 2620 2772
f 2772 2620 2774
f 2767 2769 2768
f 2770 2768 2769
f 2767 2772 2769
f 2770 2769 2773
f 2769 2772 2773
f 2770 2773 2775
f 2770 2775 2771
f 2773 2772 2775
f 2772 2774 2775
f 2989 2775 2774
f 2771 2761 2760
f 2759 2771 2760
f 2761 2776 2765
f 2761 2771 2776
f 2765 2776 2814
f 2771 2775 2776
f 2775 2777 2776
f 2775 3004 2777
f 2776 2777 2814
f 2777 2817 2814
f 2777 3022 2817
f 2778 5049 2779
f 2780 5070 2779
f 2781 2788 5072
f 2781 5070 2780
f 2788 2791 5072
f 2782 2783 2789
f 2783 2784 2789
f 2784 2790 2789
f 2765 2785 2783
f 2783 2785 2784
f 2784 2785 2790
f 2785 2809 2790
f 2785 2822 2809
f 2735 2788 2787
f 2789 2790 2791
f 2735 2791 2788
f 2792 2794 2793
f 2793 2794 2795
f 2792 2796 2794
f 2792 2793 2797
f 2792 2797 2796
f 2791 2803 2794
f 2790 2803 2791
f 2797 2801 2796
f 2793 2795 2801
f 2794 2803 2795
f 2795 2798 2799
f 2793 2801 2797
f 2795 2799 2801
f 2795 2803 2798
f 2799 2798 2800
f 2799 2800 2801
f 2800 2798 2802
f 2798 2803 2802
f 2800 2802 2801
f 2804 2801 2802
f 2802 2803 2804
f 2801 2804 2811
f 2801 2811 2813
f 2801 2823 2808
f 2801 2813 2823
f 2791 2794 5072
f 2794 2796 5075
f 2796 2805 5075
f 2805 2806 5080
f 2806 2807 5081
f 2801 2805 2796
f 2801 2806 2805
f 2801 2807 2806
f 2801 2808 2807
f 2807 2808 2821
f 2790 2809 2803
f 2803 2809 2804
f 2809 2810 2804
f 2804 2810 2811
f 2809 2812 2810
f 2809 2825 2812
f 2810 2812 2811
f 2811 2825 2813
f 2811 2812 2825
f 2765 2814 2785
f 2785 2814 2815
f 2785 2815 2816
f 2785 2816 2822
f 2816 2819 2822
f 2814 2817 2815
f 2815 2818 2816
f 2815 2817 2818
f 2817 3022 2818
f 2816 2818 2819
f 2818 3024 2819
f 2819 3024 2822
f 2808 2820 2821
f 2808 2823 2820
f 2807 2821 5081
f 2820 5081 2821
f 2820 2824 5081
f 2809 2822 2824
f 2809 2824 2825
f 2813 2824 2823
f 2813 2825 2824
f 2820 2823 2824
f 2822 3024 2824
f 2828 2827 2558
f 2826 2561 2563
f 2826 2563 2827
f 2827 2828 2826
f 2826 2828 2829
f 2828 2831 2829
f 2880 2558 2565
f 2558 2880 2828
f 2452 2175 2561
f 2826 2452 2561
f 2452 2826 2829
f 2829 2831 2830
f 2829 2830 2834
f 2831 2833 2830
f 2830 2833 2832
f 2828 2880 2831
f 2831 2880 2833
f 2449 2565 2570
f 2448 2449 2570
f 2448 2582 2460
f 2449 2880 2565
f 2175 2452 2451
f 2453 2452 2829
f 2829 2834 2453
f 2832 2835 2834
f 2832 2834 2830
f 2832 2837 2835
f 2832 2840 2837
f 2833 2880 2844
f 2834 2836 2453
f 2834 2835 2836
f 2835 2837 2836
f 2837 2840 2836
f 2836 2840 2838
f 2838 2840 2841
f 2845 2844 2880
f 2845 2881 2839
f 2839 2883 2848
f 2849 2883 2851
f 2848 2883 2849
f 2851 2883 2852
f 2832 2833 2843
f 2832 2841 2840
f 2832 2842 2841
f 2842 2832 2846
f 2846 2832 2843
f 2833 2844 2843
f 2864 2863 2912
f 2846 2847 2842
f 2847 2853 2842
f 2845 2853 2844
f 2844 2853 2847
f 2843 2847 2846
f 2843 2844 2847
f 2842 2854 2841
f 2845 2839 2853
f 2839 2848 2853
f 2842 2853 2854
f 2848 2854 2853
f 2841 2854 2856
f 2848 2849 2854
f 2841 2856 2857
f 2841 2857 2855
f 2849 2851 2856
f 2849 2856 2854
f 2851 2852 2856
f 2852 2857 2856
f 2850 2855 2857
f 2850 2857 2852
f 2866 2858 2859
f 2866 2859 2860
f 2858 2864 2861
f 2858 2861 2859
f 2859 2861 2862
f 2859 2862 2860
f 2864 2866 2865
f 2864 2865 2863
f 2864 2858 2866
f 2864 2869 2861
f 2862 2861 2869
f 2860 2862 2867
f 2862 2869 2871
f 2862 2871 2867
f 2874 2871 2869
f 2867 2871 2874
f 2869 2875 2874
f 2867 2874 2872
f 2869 2870 2877
f 2872 2874 2873
f 2874 2875 2873
f 2869 2877 2875
f 2875 2876 2873
f 2875 2877 2876
f 2878 2922 3510
f 2922 3512 3510
f 2850 2885 2855
f 2870 2868 2886
f 2870 2886 2877
f 2877 2886 2876
f 2845 2880 2881
f 2449 2454 2880
f 2454 2881 2880
f 2454 2882 2881
f 2881 2882 2883
f 2839 2881 2883
f 2852 2883 2949
f 2850 2852 2950
f 2850 2950 2884
f 2850 2884 2885
f 2852 2949 2950
f 2882 2949 2883
f 2868 2888 2886
f 2868 2891 2888
f 2889 2890 2887
f 2886 2888 2887
f 2887 2888 2889
f 2889 2888 2891
f 2889 2891 2890
f 2604 2892 2893
f 2893 2892 2898
f 2896 2898 2892
f 2894 2905 2895
f 2894 2904 2905
f 2896 2897 2898
f 2897 2900 2898
f 2897 2899 2900
f 2900 2902 2901
f 2899 2902 2900
f 2901 2902 2903
f 2902 2894 2903
f 2894 2895 2903
f 2347 2892 2605
f 2332 2892 2347
f 2615 2898 2900
f 2615 2900 2901
f 2617 2901 2903
f 2364 2896 2892
f 2364 2897 2896
f 2372 2899 2897
f 2904 2906 2905
f 2904 2907 2906
f 2907 2908 2906
f 2908 2910 2906
f 2908 2909 2910
f 2909 2911 2910
f 2910 2911 2912
f 2372 2902 2899
f 2372 2894 2902
f 2372 2904 2894
f 2371 2909 2908
f 2371 2911 2909
f 2372 2907 2904
f 2372 2908 2907
f 2864 2912 2911
f 2332 2364 2892
f 2903 2895 2930
f 2895 2905 2930
f 2905 2906 2930
f 2906 2910 2930
f 2910 2912 2930
f 2617 2903 2930
f 2617 2930 2913
f 2913 2930 2916
f 2619 2913 2914
f 2913 2916 2914
f 2914 2916 2917
f 2914 2917 2915
f 2620 2914 2915
f 2774 2620 2915
f 2917 2918 2919
f 2915 2917 2919
f 2918 2920 2919
f 2918 2930 2933
f 2916 2930 2917
f 2934 3012 3014
f 2934 3018 3012
f 2917 2930 2918
f 2918 2933 2920
f 2932 3020 2995
f 2932 3010 3020
f 2920 2932 2995
f 2932 2996 3010
f 2932 3014 3013
f 2932 3013 3016
f 2932 3016 3003
f 2932 3003 2996
f 2864 2911 2922
f 2371 2922 2911
f 2364 2372 2897
f 2371 2908 2372
f 2863 2930 2912
f 2863 2865 2929
f 2865 2866 2929
f 2860 2929 2866
f 2863 2929 2930
f 2860 2931 2929
f 2868 2922 2879
f 2864 2922 2869
f 2869 2922 2870
f 2870 2922 2868
f 2879 2922 2878
f 2921 3512 2922
f 2921 2922 2368
f 2860 2867 2924
f 2872 2873 2925
f 2867 2872 2926
f 2873 2876 2925
f 2872 2925 2926
f 2867 2926 2924
f 2860 2924 2931
f 2923 2931 2924
f 2923 2924 2927
f 2923 2927 2934
f 2927 2928 2934
f 2928 3030 2934
f 2876 2886 2925
f 2886 2887 2925
f 2924 2926 2927
f 2887 2890 2925
f 2890 2973 2925
f 2925 2976 2926
f 2926 2977 2927
f 2929 2933 2930
f 2920 2933 2932
f 2929 2931 2932
f 2929 2932 2933
f 2923 2932 2931
f 2923 2934 2932
f 2932 2934 3014
f 2460 2656 2462
f 2935 2937 2663
f 2670 2937 2935
f 2462 2660 2463
f 2463 2663 2936
f 2663 2937 2936
f 2470 2936 2937
f 2675 2938 2937
f 2683 2939 2938
f 2470 2937 2938
f 2470 2938 2939
f 2470 2939 2984
f 2684 5259 2939
f 2882 2940 2949
f 2472 2940 2882
f 2940 2941 2949
f 2943 2942 2985
f 2943 2985 2944
f 2944 2985 2946
f 2944 2946 2941
f 2945 2952 2941
f 2941 2946 2947
f 2941 2947 2945
f 2945 2947 2948
f 2948 2954 2945
f 2952 2945 2954
f 2948 2953 2954
f 2948 2955 2953
f 2946 2986 2947
f 2947 2986 2948
f 2986 2955 2948
f 2949 2951 2950
f 2950 2962 2884
f 2885 2884 2963
f 2962 2963 2884
f 2941 2952 2949
f 2949 2952 2951
f 2951 2964 2950
f 2951 2952 2956
f 2956 2958 2951
f 2951 2958 2959
f 2952 2954 2956
f 2954 2953 2956
f 2955 2957 2953
f 2956 2953 2957
f 2956 2957 2958
f 2958 2960 2959
f 2951 2959 2965
f 2960 2961 2959
f 2950 2964 2962
f 2951 2965 2964
f 2965 2959 2961
f 2962 2964 2963
f 2964 2965 2963
f 2963 2965 2966
f 2965 2961 2967
f 2961 2970 2967
f 2965 2967 2968
f 2965 2968 2966
f 2966 2971 2972
f 2966 2968 2971
f 2967 2970 2969
f 2967 2969 2971
f 2967 2971 2968
f 2969 2970 2971
f 2970 2972 2971
f 2890 2891 2974
f 2890 2974 2973
f 2879 2878 5376
f 2878 3510 5376
f 3510 3511 5376
f 2891 3037 2974
f 2973 2974 2978
f 2974 2979 2978
f 2973 2978 2976
f 2974 3037 2979
f 2975 2981 3033
f 2975 2977 2981
f 2976 2982 2977
f 2978 2980 2976
f 2976 2980 2982
f 2977 2983 2981
f 2977 2982 2983
f 2978 2979 3036
f 2978 3036 2980
f 2980 3036 2982
f 5376 3511 3520
f 2470 2984 2942
f 2942 2984 2985
f 2946 2985 2986
f 2939 5260 2984
f 2984 5260 2985
f 2838 2841 5511
f 2841 2855 5511
f 2955 5247 2957
f 2957 5247 2958
f 5247 2960 2958
f 2955 2986 5247
f 2960 2987 2961
f 2970 2961 2987
f 2970 2987 2972
f 2972 2987 2988
f 2960 5244 2987
f 2987 5244 2988
f 2985 5250 2986
f 2855 2885 5511
f 2960 5246 5244
f 2985 5251 5250
f 5244 5245 2988
f 2985 5260 5251
f 2960 5247 5246
f 2986 5250 5247
f 2979 3037 3036
f 3038 5269 5268
f 2774 2915 2989
f 2915 2998 2997
f 2915 2997 2992
f 2989 2915 2990
f 2990 2915 2992
f 2989 2990 2775
f 2991 2990 2992
f 2990 2991 2775
f 2992 2993 2991
f 2992 2997 2993
f 2991 2993 3005
f 2915 2919 3000
f 2919 2920 3000
f 2915 3000 2998
f 2994 2999 3000
f 2994 3001 2999
f 2920 2994 3000
f 2920 2995 2996
f 2995 3021 2996
f 2920 3003 2994
f 3001 2994 3002
f 3002 2994 3003
f 2920 2996 3003
f 2993 2997 2998
f 2993 2998 3006
f 3006 2998 3000
f 3000 2999 3006
f 2999 3001 3006
f 3001 3002 3008
f 2775 2991 3004
f 2991 3005 3004
f 2777 3004 3022
f 3004 3005 3022
f 3005 3007 3022
f 3001 3008 3006
f 2993 3006 3005
f 3006 3009 3007
f 3005 3006 3007
f 3007 3009 3026
f 3006 3008 3009
f 3019 3028 3029
f 3018 3028 3019
f 3015 3012 3011
f 3016 3015 3017
f 3016 3013 3015
f 3013 3014 3015
f 3014 3012 3015
f 3018 3011 3012
f 3018 3019 3011
f 2995 3020 3021
f 3010 3021 3020
f 2996 3021 3010
f 3003 3016 3017
f 3011 3019 3045
f 3002 3003 3045
f 3003 3017 3045
f 3017 3015 3045
f 3015 3011 3045
f 3002 3045 3008
f 2824 3047 5243
f 2818 3022 3023
f 2818 3023 3024
f 3007 3025 3022
f 3022 3025 3023
f 3023 3025 3027
f 3023 3027 3024
f 3007 3026 3025
f 2824 3024 3047
f 3009 3046 3026
f 3024 3027 3047
f 3025 3047 3027
f 3025 3026 3046
f 3008 3045 3009
f 3025 3046 3047
f 2928 3032 3030
f 2934 3030 3028
f 3031 3034 3029
f 3030 3032 3031
f 3028 3031 3029
f 3028 3030 3031
f 3034 3042 3029
f 2925 2973 2976
f 2926 2976 2977
f 2928 2977 2975
f 2928 2975 3032
f 2927 2977 2928
f 2868 2879 5376
f 2891 3039 3037
f 3032 3033 3034
f 3032 2975 3033
f 3032 3034 3031
f 2934 3028 3018
f 3019 3029 3042
f 3019 3042 3045
f 3042 3043 3045
f 3043 3044 3045
f 3035 3048 3044
f 3035 3044 5276
f 3035 5275 3047
f 2982 3040 2983
f 2981 2983 3041
f 3036 3037 3038
f 2982 3036 3040
f 2868 5372 2891
f 3033 2981 3042
f 3034 3033 3042
f 2983 3040 3041
f 3037 3039 3038
f 3036 3038 3040
f 2981 3041 3042
f 3041 3043 3042
f 3041 3044 3043
f 3038 3039 5269
f 3040 3038 5268
f 3040 5287 3041
f 3040 5268 5270
f 3041 5272 3044
f 3009 3045 3046
f 3045 3048 3046
f 3046 3048 3047
f 3035 3047 3048
f 3044 3048 3045
f 772 774 2253
f 774 775 2256
f 775 965 2257
f 965 966 3213
f 966 967 3213
f 967 3139 3213
f 3099 3050 3051
f 3050 3057 3051
f 3050 3130 3057
f 3053 3057 3130
f 3139 3149 3214
f 3052 3058 3053
f 3056 3055 3052
f 3056 3052 3053
f 3054 3049 3055
f 3132 3155 3156
f 3132 3156 3153
f 3132 3153 3163
f 3054 3055 3056
f 3052 3055 3167
f 3051 3057 3058
f 3053 3058 3057
f 3056 3053 3130
f 3056 3130 3054
f 3132 3161 3054
f 3155 3241 3150
f 3132 3163 3159
f 3132 3159 3161
f 772 2253 2252
f 774 2254 2253
f 774 2256 2254
f 775 2257 2256
f 965 3213 2257
f 3139 3214 3213
f 3149 3215 3214
f 3054 3130 3132
f 3132 3134 3155
f 3136 3155 3134
f 3136 3222 3155
f 3155 3222 3240
f 3148 3150 3216
f 3148 3216 3149
f 3155 3240 3241
f 3150 3241 3244
f 3150 3244 3245
f 3150 3245 3216
f 866 862 2081
f 867 3059 3062
f 866 2082 867
f 868 3062 3065
f 868 3065 3067
f 3067 3068 3070
f 3061 3063 3062
f 3062 3059 3061
f 3059 3060 3061
f 867 2082 3059
f 3066 3065 3062
f 3062 3063 3064
f 3062 3064 3066
f 3065 3068 3067
f 3065 3066 3068
f 868 3067 3069
f 3069 3067 3070
f 3069 3070 3095
f 3069 3095 3094
f 3071 3075 3092
f 2083 3073 3071
f 3072 3073 2083
f 3071 3078 3074
f 3071 3073 3078
f 3071 3074 3075
f 3074 3077 3075
f 3075 3080 3076
f 3077 3079 3075
f 3074 3078 3077
f 3075 3079 3080
f 3081 3076 3080
f 3081 3082 3076
f 3077 3078 3079
f 3078 3083 3079
f 3083 3078 3085
f 3079 3081 3080
f 3083 3081 3079
f 3081 3084 3082
f 3083 3084 3081
f 3084 3089 3082
f 3085 3086 3083
f 3086 3084 3083
f 3086 3085 3090
f 3086 3087 3084
f 3084 3087 3089
f 3087 3090 3089
f 3086 3088 3087
f 3086 3090 3088
f 3087 3088 3090
f 3060 3092 3091
f 3076 3091 3092
f 3092 3075 3076
f 868 867 3062
f 3068 3066 3305
f 868 3069 3093
f 3070 3068 3096
f 3094 3093 3069
f 868 3093 3097
f 3093 3094 3097
f 3094 3095 3097
f 3070 3096 3095
f 3068 3282 3096
f 3096 3097 3095
f 3091 3274 3060
f 3076 3274 3091
f 3073 3072 3275
f 3072 3124 3276
f 3073 3275 3078
f 3076 3082 3274
f 3082 3089 3274
f 3085 3078 3275
f 3085 3275 3090
f 3090 3275 3089
f 3060 3274 3279
f 3072 3276 3275
f 3089 3275 3274
f 3173 3105 3106
f 3108 3174 3106
f 3099 3128 3098
f 3050 3099 3098
f 3050 3098 3127
f 3099 3100 3128
f 3101 3103 3100
f 3101 3102 3103
f 3103 3102 3104
f 3103 3110 3100
f 3104 3109 3103
f 3103 3109 3110
f 3099 3051 3193
f 3051 3058 3193
f 3052 3193 3058
f 3099 3193 3100
f 3193 3101 3100
f 3102 3194 3104
f 3101 3193 3102
f 3105 3107 3106
f 3106 3107 3108
f 1186 3108 3107
f 1187 3107 3105
f 1187 1186 3107
f 3110 3109 3111
f 3111 3120 3112
f 3112 3115 3113
f 3104 3422 3109
f 3109 3422 3111
f 3112 3118 3115
f 3112 3114 3118
f 3112 3120 3114
f 3115 3118 3116
f 3118 3117 3116
f 3117 3118 3119
f 3119 3283 3117
f 3114 3290 3118
f 3114 3120 3290
f 3118 3290 3119
f 3125 3123 3121
f 3121 3123 3124
f 3072 3121 3124
f 2125 3125 3121
f 3122 2125 3121
f 2113 3126 3122
f 2120 3122 3126
f 2122 3122 2120
f 2122 2124 3122
f 3136 3137 3223
f 3137 3138 3223
f 3136 3223 3222
f 3124 3123 3276
f 3098 3128 3127
f 3127 3128 3130
f 3100 3131 3129
f 3130 3128 3129
f 3130 3129 3131
f 3050 3127 3130
f 3100 3129 3128
f 3100 3110 3131
f 3130 3131 3132
f 3110 3133 3131
f 3110 3138 3133
f 3110 3111 3138
f 3111 3112 3243
f 3112 3113 3243
f 3132 3131 3133
f 3132 3133 3134
f 3111 3242 3138
f 3134 3133 3135
f 3133 3138 3135
f 3136 3134 3137
f 3134 3135 3137
f 3137 3135 3138
f 3111 3243 3242
f 3113 3248 3243
f 3116 3249 3248
f 3249 3284 3250
f 3113 3115 3248
f 3115 3116 3248
f 3116 3117 3249
f 3249 3117 3284
f 976 3140 977
f 977 3140 3142
f 3140 3144 3142
f 3140 3141 3144
f 3142 3144 3143
f 3143 3144 3146
f 3141 3146 3144
f 3145 3143 3147
f 3143 3146 3147
f 3149 3147 3148
f 3147 3152 3148
f 3148 3151 3150
f 3148 3152 3151
f 3155 3150 3151
f 3155 3151 3156
f 3152 3157 3151
f 3154 3158 3164
f 3153 3154 3164
f 3156 3151 3157
f 3156 3157 3154
f 3157 3158 3154
f 3152 3158 3157
f 3156 3154 3153
f 3152 3166 3158
f 3158 3166 3165
f 3159 3160 3162
f 3159 3162 3161
f 3161 3049 3054
f 3161 3162 3049
f 3162 3165 3049
f 3049 3165 3167
f 3153 3164 3163
f 3163 3164 3160
f 3163 3160 3159
f 3164 3165 3160
f 3164 3158 3165
f 3160 3165 3162
f 3165 3166 3168
f 3152 3181 3166
f 3055 3049 3167
f 3165 3168 3167
f 1113 3105 3173
f 3106 3172 3173
f 3106 3174 3172
f 3170 3171 3169
f 3170 3174 3171
f 3172 3170 3173
f 3169 3173 3170
f 3172 3174 3170
f 3171 3174 3201
f 3169 3171 3199
f 1116 3173 3169
f 3152 3175 3181
f 1154 3176 3188
f 3203 3202 3176
f 3177 3176 3202
f 3177 3202 3178
f 3202 3205 3178
f 3179 3191 3180
f 3179 3180 3186
f 3175 3184 3181
f 3181 3183 3182
f 3175 3185 3184
f 3181 3184 3183
f 3187 3185 3186
f 3186 3180 3187
f 3189 3192 3188
f 3191 3188 3192
f 3176 3177 3188
f 3177 3178 3190
f 3188 3177 3189
f 3177 3190 3189
f 3190 3192 3189
f 3180 3191 3192
f 3182 3183 3206
f 1125 3185 3175
f 1146 3191 3179
f 3185 1130 3186
f 1146 3179 3186
f 1146 3188 3191
f 3166 3181 3168
f 3181 3182 3193
f 3168 3181 3193
f 3182 3194 3193
f 1150 3196 3203
f 3169 3199 3200
f 3171 3201 3199
f 3195 3200 3199
f 3199 3201 3198
f 3195 3199 3196
f 3197 3196 3199
f 3197 3199 3198
f 1151 3169 3200
f 1151 3200 3195
f 1151 3195 3196
f 1154 3203 3176
f 3196 3202 3203
f 3202 3198 3204
f 3204 3205 3202
f 3197 3198 3202
f 3197 3202 3196
f 3182 3206 3207
f 3182 3207 3194
f 3052 3167 3168
f 3052 3168 3193
f 3102 3193 3194
f 3104 3194 3207
f 3206 3212 3211
f 3206 3211 3208
f 3206 3208 3207
f 3207 3208 3209
f 3208 3211 3212
f 3208 3212 3422
f 3208 3422 3209
f 3209 3422 3210
f 3104 3207 3209
f 3104 3209 3210
f 3104 3210 3422
f 3111 3422 3120
f 1863 3178 3205
f 1863 3192 3190
f 1863 3190 3178
f 3192 1863 3180
f 1863 3185 3187
f 3187 3180 1863
f 1863 3184 3185
f 1863 3183 3184
f 1863 3206 3183
f 3206 3424 3212
f 3206 3426 3424
f 3149 3216 3215
f 3213 3214 3215
f 3216 3247 3217
f 3245 3247 3216
f 3220 3225 3221
f 3225 3226 3221
f 3219 3220 3221
f 3218 3220 3219
f 3138 3242 3223
f 3223 3242 3222
f 3222 3242 3240
f 3237 3228 3224
f 3225 3224 3226
f 3224 3227 3226
f 3228 3227 3224
f 3229 3230 3238
f 3234 3230 3229
f 3233 3235 3234
f 3237 3238 3228
f 3237 3236 3238
f 3232 3231 3239
f 3233 3239 3235
f 3232 3239 3233
f 3229 3238 3236
f 3242 3241 3240
f 3241 3242 3243
f 3241 3243 3248
f 3248 3244 3241
f 3245 3246 3247
f 3245 3249 3246
f 3246 3231 3247
f 3244 3248 3245
f 3246 3249 3231
f 3245 3248 3249
f 3231 3249 3239
f 3238 3230 3266
f 3239 3249 3522
f 3235 3239 3522
f 3218 3252 3220
f 3236 3252 3251
f 3225 3252 3224
f 3224 3252 3237
f 3234 3257 3258
f 3236 3251 3255
f 3255 3257 3229
f 3217 3231 3232
f 3217 3232 3233
f 3233 3234 3217
f 3220 3252 3225
f 3221 3226 3263
f 3226 3227 3264
f 3227 3228 3265
f 3259 3253 3258
f 3259 3254 3253
f 3255 3256 3257
f 3217 3258 3253
f 3253 3261 3260
f 3253 3254 3261
f 3260 3261 3262
f 3255 3251 3256
f 3217 3234 3258
f 3218 3219 3263
f 3221 3263 3219
f 3252 3218 3263
f 3252 3263 3264
f 3252 3267 3251
f 3252 3264 3265
f 3252 3265 3266
f 3226 3264 3263
f 3227 3265 3264
f 3238 3266 3228
f 3228 3266 3265
f 3230 3267 3266
f 3257 3256 3270
f 3259 3258 3270
f 3258 3257 3270
f 2366 3254 3259
f 3251 3271 3256
f 3234 3229 3257
f 3229 3236 3255
f 3237 3252 3236
f 3217 3247 3231
f 3234 3235 3509
f 3234 3509 3230
f 3249 3250 3523
f 3252 3266 3267
f 3251 3267 3268
f 3230 3268 3267
f 3230 3269 3268
f 3230 3509 3269
f 3251 3268 3271
f 3235 3516 3509
f 3235 3519 3516
f 3268 3269 3271
f 3269 3515 3271
f 3235 3522 3517
f 3249 3523 3522
f 3235 3517 3519
f 3217 3253 3260
f 2366 3261 3254
f 2366 3262 3261
f 3256 3272 3270
f 2366 3259 3270
f 3256 3271 3272
f 3271 3513 3273
f 2367 3270 3272
f 3271 3273 3272
f 2367 3272 3273
f 3066 3064 3321
f 3061 3060 3319
f 3063 3317 3064
f 3061 3317 3063
f 3097 3096 3282
f 3068 3305 3282
f 3097 3282 3281
f 3274 3275 3276
f 3274 3276 3278
f 3277 3278 3276
f 3274 3278 3279
f 3279 3278 3280
f 3307 3066 3324
f 3066 3307 3305
f 3281 3282 3305
f 3281 3305 3304
f 3279 3319 3060
f 3278 3277 3418
f 3280 3278 3421
f 3279 3280 3329
f 3117 3283 3284
f 3119 3285 3283
f 3284 3283 3287
f 3283 3285 3287
f 3287 3285 3286
f 3287 3289 3284
f 3285 3291 3286
f 3286 3289 3287
f 3286 3288 3289
f 3286 3291 3288
f 3119 3290 3285
f 3285 3290 3291
f 3290 3295 3291
f 3288 3292 3289
f 3292 3294 3289
f 3291 3292 3288
f 3293 3292 3291
f 3293 3294 3292
f 3291 3295 3293
f 3120 3296 3290
f 3290 3297 3295
f 3290 3296 3297
f 3295 3297 3303
f 3298 3293 3295
f 3298 3294 3293
f 3300 3298 3295
f 3298 3299 3294
f 3300 3295 3303
f 3300 3299 3298
f 3300 3301 3299
f 3300 3357 3301
f 3303 3359 3357
f 3357 3358 3301
f 3302 3359 3303
f 3303 3357 3300
f 3321 3064 3317
f 3061 3319 3317
f 3066 3321 3324
f 3304 3305 3307
f 3304 3307 3306
f 3306 3307 3309
f 3306 3309 3308
f 3308 3309 3310
f 3307 3324 3309
f 3309 3324 3310
f 3311 3312 3315
f 3315 3312 3314
f 3312 3313 3314
f 1662 3315 3330
f 3314 3330 3315
f 3310 3368 3311
f 3279 3320 3319
f 3320 3279 3328
f 3278 3419 3421
f 3279 3329 3328
f 3421 3327 3280
f 3327 3329 3280
f 3310 3324 3323
f 3326 3322 4273
f 3318 3316 3317
f 3319 3318 3317
f 3319 3320 3318
f 2456 4273 3322
f 3321 3322 3324
f 3323 3324 3325
f 3322 3326 3325
f 3324 3322 3325
f 3316 3321 3317
f 3310 3323 3372
f 1685 3326 4273
f 1685 1690 3326
f 3326 1690 1684
f 1684 3374 3325
f 3374 3375 3325
f 3325 3375 3387
f 3323 3373 3372
f 3373 3323 3378
f 3323 3383 3384
f 3378 3323 3384
f 3323 3385 3383
f 3323 3388 3385
f 3325 3387 3388
f 1684 3325 3326
f 3325 3388 3323
f 2456 3316 3318
f 2456 3318 3320
f 2456 3322 3321
f 2456 3321 3316
f 2456 3320 3327
f 3320 3328 3327
f 3328 3329 3327
f 3314 3331 3330
f 3313 3332 3314
f 3314 3332 3331
f 3331 3334 3330
f 3331 3332 3334
f 3330 3333 3338
f 3333 3345 3338
f 1675 3330 3338
f 3330 3334 3333
f 3334 3346 3333
f 3333 3344 3345
f 3333 3346 3344
f 3311 3368 3312
f 3312 3368 3313
f 3313 3370 3332
f 3313 3369 3370
f 3335 3337 3336
f 3335 3343 3337
f 3338 3345 3339
f 3339 3344 3340
f 3340 3341 3343
f 3339 3340 3342
f 3338 3339 3342
f 3335 3338 3342
f 3340 3343 3342
f 3335 3342 3343
f 3339 3345 3344
f 3341 3344 3346
f 3340 3344 3341
f 3348 3336 3337
f 3347 3336 3348
f 3348 3337 3349
f 3348 3349 3353
f 3347 3348 3352
f 3351 3352 3348
f 3351 3348 3353
f 1678 3337 3343
f 3334 3356 3346
f 3341 3346 3356
f 3334 3332 3356
f 3332 3370 3356
f 3343 3341 3356
f 3350 1676 3354
f 3354 3351 3355
f 3352 3351 3354
f 3351 3353 3355
f 3352 3354 1676
f 3350 3354 3355
f 1678 3353 3349
f 1678 3349 3337
f 1678 3343 3356
f 1678 3356 1679
f 3357 3359 3358
f 3359 3360 3358
f 3358 3360 3361
f 3362 3361 3360
f 3362 3363 3361
f 3362 3364 3363
f 3364 3366 3363
f 3364 3365 3366
f 3365 3367 3366
f 3294 5952 3289
f 3294 3299 5951
f 3362 3438 3364
f 3359 3438 3360
f 3362 3360 3438
f 3364 3423 3365
f 3365 3423 3392
f 3310 3372 3368
f 3313 3368 3371
f 3313 3371 3369
f 3371 1684 3369
f 1684 3371 3368
f 1684 3368 3374
f 3368 3376 3374
f 3372 3373 3377
f 3372 3377 3368
f 3368 3377 3376
f 3375 3374 3376
f 3382 3375 3376
f 3376 3379 3382
f 3373 3378 3377
f 3377 3379 3376
f 3377 3378 3379
f 3378 3384 3379
f 3379 3384 3380
f 3380 3384 3381
f 3382 3379 3380
f 3380 3381 3382
f 3383 3382 3381
f 3382 3383 3386
f 3375 3382 3387
f 3382 3386 3387
f 3383 3381 3384
f 3386 3383 3385
f 3385 3388 3386
f 3386 3388 3387
f 3365 3392 3367
f 3392 3393 3367
f 3367 3393 3403
f 3301 5951 3299
f 3400 3407 3397
f 3407 3399 3397
f 3402 3399 3407
f 3389 3393 3390
f 3391 3393 3392
f 3390 3393 3391
f 3389 3394 3393
f 3389 3395 3394
f 3394 3395 3398
f 3398 3399 3394
f 3395 3396 3397
f 3395 3397 3399
f 3401 3397 3396
f 3395 3399 3398
f 3400 3397 3401
f 3393 3394 3403
f 3394 3399 3403
f 3402 3403 3399
f 3406 3407 3400
f 3400 3405 3406
f 3407 3410 3402
f 3301 3358 5951
f 3400 3481 3404
f 3401 3396 3489
f 3404 3415 3405
f 3404 3479 3415
f 3415 3479 3484
f 3400 3401 3490
f 3391 3392 3450
f 3390 3391 3451
f 3389 3390 3449
f 3395 3449 3396
f 3389 3449 3395
f 3400 3404 3405
f 3406 3408 3407
f 3410 3414 3402
f 3405 3415 3406
f 3407 3409 3410
f 3408 3409 3407
f 3406 3415 3408
f 3466 3402 3412
f 3414 3412 3402
f 3409 3415 3484
f 3409 3414 3410
f 3409 3413 3414
f 3411 3414 3413
f 3411 3412 3414
f 3411 3466 3412
f 3409 3484 3413
f 3408 3415 3409
f 3278 3418 3419
f 3416 3419 3417
f 3417 3419 3418
f 3420 3419 3416
f 3420 3421 3419
f 3417 3418 5918
f 3417 5918 3416
f 3250 3284 6064
f 3284 3289 6065
f 3120 3429 3296
f 3296 3435 3297
f 3297 3437 3303
f 3302 3303 3437
f 3120 3422 3427
f 3120 3427 3429
f 3296 3429 3431
f 3296 3431 3435
f 3297 3435 3437
f 3364 3438 3423
f 3302 3438 3359
f 3302 3437 3438
f 3206 3428 3426
f 3212 3424 3426
f 3212 3426 3425
f 3206 3456 3428
f 3212 3430 3422
f 3212 3425 3430
f 3422 3433 3427
f 1864 3456 3206
f 3425 3426 3428
f 3425 3434 3430
f 3425 3428 3455
f 3425 3455 3434
f 3422 3430 3433
f 3427 3432 3429
f 3427 3436 3432
f 3427 3433 3436
f 3429 3435 3431
f 3429 3432 3435
f 3432 3436 3435
f 3430 3434 3433
f 3434 3457 3442
f 3442 3457 3443
f 3433 3444 3436
f 3435 3436 3440
f 3435 3440 3437
f 3437 3439 3438
f 3437 3440 3441
f 3436 3445 3440
f 3440 3445 3441
f 3437 3441 3439
f 3433 3434 3442
f 3433 3442 3444
f 3442 3443 3444
f 3443 3445 3444
f 3436 3444 3445
f 3423 3438 3439
f 3423 3439 3448
f 3439 3441 3448
f 3441 3453 3448
f 3448 3453 3450
f 3449 3451 3450
f 3443 3452 3445
f 3445 3452 3453
f 3443 3447 3452
f 3441 3445 3453
f 3450 3453 3454
f 3452 3454 3453
f 3449 3450 3454
f 3443 3446 3447
f 3452 3485 3454
f 3447 3485 3452
f 3428 3456 3455
f 3434 3455 3456
f 3434 3456 3457
f 1865 3446 3457
f 3443 3457 3446
f 1865 3447 3446
f 3401 3489 3486
f 3401 3486 3490
f 3400 3492 3493
f 3400 3490 3492
f 3483 3491 3497
f 3392 3423 3448
f 3392 3448 3450
f 3391 3450 3451
f 3390 3451 3449
f 3396 3449 3488
f 3396 3488 3489
f 3460 3467 3483
f 3480 3482 3491
f 3481 3491 3482
f 3458 3477 3467
f 3458 3467 3459
f 3459 3467 3460
f 3462 3465 3467
f 3462 3466 3465
f 3462 3467 3463
f 3464 3463 3467
f 3467 3468 3464
f 3474 3473 3472
f 3474 3469 3476
f 3468 3476 3469
f 3467 3475 3468
f 3468 3475 3476
f 3460 3497 3495
f 3459 3495 3508
f 1993 3473 3506
f 1993 2007 3473
f 2000 3473 2007
f 3458 3507 3477
f 3473 3476 3505
f 3473 3505 3506
f 3475 3477 3507
f 3459 3460 3495
f 3400 3493 3491
f 3480 3491 3483
f 3460 3483 3497
f 3467 3477 3475
f 3458 3459 3508
f 1992 3461 3471
f 2001 3470 3472
f 2001 3472 3473
f 2001 3471 3470
f 3474 3476 3473
f 3400 3491 3481
f 3404 3481 3479
f 3467 3484 3479
f 3479 3481 3482
f 3467 3479 3482
f 3467 3482 3480
f 3467 3480 3483
f 3413 3484 3467
f 3411 3413 3467
f 3411 3465 3466
f 3411 3467 3465
f 3487 3492 3490
f 3485 3501 3486
f 3486 3487 3490
f 3486 3493 3487
f 3486 3501 3493
f 3449 3454 3488
f 3486 3489 3488
f 3454 3485 3488
f 3485 3486 3488
f 3493 3502 3496
f 3491 3493 3497
f 3487 3493 3492
f 3493 3496 3497
f 3494 3508 3495
f 3494 3497 3496
f 3496 3504 3508
f 1996 3508 3504
f 3494 3496 3508
f 3494 3495 3497
f 1865 3498 3447
f 1866 3500 3498
f 3447 3498 3500
f 3447 3500 3485
f 3500 3503 3501
f 3499 3503 3500
f 3485 3500 3501
f 3493 3501 3503
f 3493 3503 3502
f 1978 3496 3502
f 1978 3502 3503
f 1978 3504 3496
f 3475 3507 3476
f 3476 3507 3505
f 3458 3508 3507
f 1996 3507 3508
f 3509 3515 3269
f 3513 3515 3509
f 3513 3509 3514
f 3510 3512 3511
f 3509 3511 3512
f 3514 3509 3512
f 2921 3514 3512
f 3271 3515 3513
f 3273 3513 3514
f 3509 3521 3511
f 3509 3516 3521
f 3516 3519 3521
f 3517 3522 3518
f 3519 3525 3521
f 3517 3518 3525
f 3522 3523 3524
f 3518 3522 3524
f 3517 3525 3519
f 3523 3526 3524
f 3518 3524 3525
f 3511 3521 3520
f 2921 2368 3514
f 2368 3273 3514
f 3250 5959 3523
f 3520 3521 5376
f 3521 3525 5376
f 3524 6079 3525
f 3523 5959 3526
f 3524 3526 5959
f 337 3527 3539
f 3528 3532 351
f 350 3529 3528
f 3528 3529 3530
f 3528 3530 3531
f 351 3536 3527
f 351 3532 3536
f 3528 3531 3533
f 3528 3533 3532
f 3527 3536 3535
f 3527 3537 3539
f 3527 3535 3537
f 3533 3538 3532
f 3532 3538 3534
f 3532 3541 3536
f 3532 3534 3542
f 3535 3536 3541
f 3535 3540 3537
f 3532 3544 3541
f 3535 3541 3540
f 3532 3542 3544
f 3538 3542 3534
f 337 3539 353
f 353 3539 3554
f 3538 3543 3542
f 3543 3545 3542
f 3539 3546 3554
f 3537 3549 3539
f 3537 3540 3549
f 3540 3541 3549
f 3544 3550 3541
f 3539 3549 3546
f 3542 3545 3544
f 3549 3541 3551
f 3541 3550 3551
f 3544 3548 3550
f 3545 3548 3544
f 3545 3547 3548
f 3547 3552 3548
f 3549 3551 3593
f 3551 3550 3593
f 3552 3550 3548
f 3552 3553 3550
f 3550 3553 3594
f 3550 3594 3593
f 353 3554 3555
f 367 3557 368
f 368 3557 369
f 369 3557 3556
f 3556 3557 3573
f 367 372 3557
f 372 3572 3557
f 369 3556 3561
f 372 460 3572
f 365 369 3637
f 365 3637 371
f 481 3560 479
f 479 3560 3564
f 481 3569 3560
f 3557 3572 3573
f 3556 3576 3574
f 3556 3574 3558
f 469 3575 3577
f 472 3559 3575
f 464 3577 3578
f 460 3589 3572
f 467 3582 3584
f 467 3580 3582
f 467 3578 3580
f 369 3561 3566
f 369 3566 3567
f 3556 3563 3561
f 3556 3558 3563
f 473 3564 3559
f 3558 3559 3563
f 3561 3562 3566
f 3562 3560 3566
f 3563 3559 3564
f 3563 3564 3562
f 3561 3563 3562
f 3562 3564 3560
f 3565 3566 3560
f 3568 3560 3569
f 3565 3560 3568
f 369 3567 3637
f 3554 3571 3555
f 3546 3570 3554
f 3554 3604 3571
f 3554 3570 3604
f 3556 3573 3581
f 3556 3579 3576
f 3579 3556 3581
f 3574 3576 3575
f 3575 3576 3577
f 3576 3578 3577
f 3589 3573 3572
f 3573 3583 3581
f 3579 3581 3582
f 3576 3579 3578
f 3579 3580 3578
f 3580 3579 3582
f 467 3584 3586
f 467 3586 3587
f 463 3587 3588
f 3558 3574 3575
f 3558 3575 3559
f 3573 3585 3583
f 3573 3591 3585
f 3573 3589 3591
f 3581 3583 3584
f 3581 3584 3582
f 3583 3586 3584
f 3583 3585 3586
f 3585 3587 3586
f 3585 3588 3587
f 3585 3591 3588
f 3589 3590 3592
f 3589 3592 3591
f 3701 3529 352
f 3529 3726 3530
f 3530 3726 3531
f 3531 3778 3533
f 3533 3784 3538
f 3538 3784 3543
f 3543 3784 3545
f 3545 3784 3547
f 3547 3784 3552
f 3552 3784 3553
f 371 3637 373
f 373 3637 413
f 3637 410 413
f 3594 3595 3593
f 3546 3549 3597
f 3549 3593 3597
f 3594 3596 3595
f 3593 3595 3597
f 3546 3597 3603
f 3595 3596 3597
f 3594 3598 3596
f 3597 3596 3598
f 3597 3600 3601
f 3597 3598 3599
f 3597 3599 3600
f 3597 3601 3605
f 3599 3602 3600
f 3599 3598 3602
f 3546 3603 3570
f 3603 3604 3570
f 3597 3605 3607
f 3597 3609 3603
f 3597 3607 3612
f 3571 3604 3647
f 3600 3606 3601
f 3601 3606 3605
f 3600 3602 3606
f 3605 3606 3608
f 3605 3608 3607
f 3607 3608 3613
f 3597 3612 3615
f 3609 3597 3615
f 3603 3609 3610
f 3615 3616 3609
f 3609 3616 3617
f 3603 3610 3604
f 3604 3610 3646
f 3609 3611 3610
f 3609 3617 3611
f 3617 3618 3611
f 3611 3618 3620
f 3611 3620 3630
f 3610 3611 3825
f 3611 3630 3632
f 3632 3819 3611
f 3820 3611 3819
f 3611 3820 3821
f 3607 3613 3614
f 3607 3614 3612
f 3612 3614 3615
f 3615 3614 3619
f 3619 3616 3615
f 3617 3616 3619
f 3617 3619 3618
f 3619 3626 3618
f 3618 3626 3620
f 3620 3621 3622
f 3620 3627 3621
f 3620 3626 3627
f 3622 3630 3620
f 3621 3627 3623
f 3621 3623 3624
f 3623 3627 3624
f 3622 3621 3624
f 3628 3624 3627
f 3627 3626 3628
f 3625 3628 3626
f 3625 3629 3628
f 3626 3629 3625
f 3622 3624 3630
f 3628 3630 3624
f 3628 3629 3631
f 3628 3631 3630
f 3630 3631 3632
f 3629 3633 3631
f 3631 3633 3818
f 3631 3818 3632
f 3818 3819 3632
f 3818 3633 3634
f 3818 3634 3823
f 3553 3768 3594
f 3594 3769 3598
f 3598 3769 3602
f 3602 3769 3606
f 3606 3772 3608
f 3608 3772 3613
f 3613 3774 3614
f 3614 3773 3619
f 3619 3773 3626
f 3626 3773 3629
f 3629 3926 3633
f 3633 3926 3634
f 3634 3926 3823
f 3629 3773 3926
f 464 3578 467
f 466 3577 464
f 469 3577 466
f 469 472 3575
f 472 473 3559
f 462 467 3587
f 463 462 3587
f 463 3588 476
f 476 3588 477
f 3589 460 487
f 477 3588 488
f 473 479 3564
f 481 483 3569
f 3588 3591 488
f 3591 3592 488
f 3590 488 3592
f 3589 487 3590
f 3555 4131 1232
f 459 3654 486
f 410 3638 489
f 483 486 3654
f 483 3654 3569
f 489 3635 490
f 490 3635 492
f 497 3639 502
f 494 492 3639
f 494 3639 496
f 496 3639 497
f 498 502 3640
f 498 3640 653
f 492 3635 3639
f 3639 3640 502
f 3565 3652 3566
f 3567 3566 3652
f 3565 3568 3652
f 3568 3569 3654
f 459 3655 3654
f 410 3637 3638
f 3637 3567 3653
f 3568 3654 3652
f 3652 3653 3567
f 3655 459 3657
f 459 3660 3657
f 3636 3667 3635
f 3636 3638 3668
f 489 3638 3636
f 489 3636 3635
f 3635 3640 3639
f 3642 3641 3640
f 3643 3645 3644
f 3644 3803 3802
f 3640 3675 3642
f 3642 3675 3643
f 3635 3667 3640
f 3643 3678 3645
f 459 1301 3660
f 1479 3661 3660
f 1479 3664 3661
f 3640 3667 3672
f 3640 3672 3675
f 3643 3675 3674
f 3643 3674 3677
f 3643 3677 3678
f 3645 3678 3682
f 3571 3650 3555
f 3571 3647 3650
f 3604 3646 3647
f 3610 3825 3646
f 3646 3648 3647
f 3646 3825 3648
f 3650 3651 3555
f 3555 3651 4131
f 3647 3648 3650
f 3648 3651 3650
f 3648 3649 4130
f 3648 4130 3651
f 3653 3656 3637
f 3652 3654 3656
f 3652 3656 3653
f 3637 3656 3658
f 3658 3662 3637
f 3663 3637 3662
f 3654 3655 3656
f 3691 3638 3637
f 3637 3663 3691
f 3656 3655 3657
f 3657 3660 3662
f 3658 3659 3662
f 3657 3662 3659
f 3656 3657 3659
f 3656 3659 3658
f 3660 3661 3662
f 3661 3663 3662
f 3661 3664 3663
f 3663 3664 3691
f 3664 3665 3691
f 3636 3668 3669
f 3636 3669 3667
f 3638 3691 3668
f 3664 4147 3665
f 3664 4128 4147
f 3668 3670 3669
f 3669 3666 3667
f 3669 3670 3666
f 3668 3671 3670
f 3665 4147 3688
f 3670 3671 3689
f 3668 3691 3671
f 3670 3689 4146
f 3688 4147 3689
f 3645 3682 4293
f 3667 3666 3673
f 3667 3673 3672
f 3674 3675 3676
f 3676 3672 3673
f 3675 3672 3676
f 3680 3674 3676
f 3680 3677 3674
f 3677 3680 3678
f 3682 3678 3680
f 3682 3680 3679
f 3682 3679 3681
f 3682 3681 3683
f 3681 3684 3683
f 3684 3686 3683
f 3683 3686 3685
f 3685 3686 3687
f 3682 3683 4292
f 3665 3690 3691
f 3688 3692 3665
f 3665 3692 3690
f 3671 3692 3689
f 3671 3691 3697
f 3671 3697 3692
f 3689 3692 3688
f 3690 3695 3691
f 3692 3694 3690
f 3695 3697 3691
f 3690 3694 3695
f 3697 3693 3692
f 3694 3692 3693
f 3694 3697 3695
f 3694 3693 3696
f 3694 3696 3697
f 3693 3697 3696
f 3687 3686 4286
f 352 3698 3699
f 3699 3700 352
f 3700 3701 352
f 3701 3703 3529
f 3529 3703 3702
f 3529 3702 3704
f 3529 3704 3705
f 3529 3705 3724
f 3529 3724 3726
f 3531 3726 3727
f 3531 3727 3778
f 3778 3780 3533
f 3780 3781 3533
f 3533 3781 3784
f 608 3712 609
f 609 3712 3698
f 3698 3700 3699
f 3698 3712 3700
f 3700 3712 3701
f 3701 3712 3703
f 3705 3704 3706
f 3705 3706 3707
f 3710 3730 3709
f 3708 3711 3709
f 3709 3711 3710
f 3709 3730 3708
f 3710 3711 3720
f 3711 3708 3721
f 3711 3721 3720
f 3710 3720 3730
f 3708 3737 3721
f 608 3713 3712
f 3712 3713 3715
f 3715 3716 3712
f 3713 3714 4848
f 3713 4848 3715
f 3715 4848 3719
f 3703 3712 3716
f 3703 3729 3702
f 3715 3717 3716
f 3715 3718 3717
f 3715 3719 3718
f 3720 3721 3722
f 3722 3721 3755
f 3720 3722 3743
f 3705 3707 3724
f 3707 3723 3724
f 3704 3702 3793
f 3704 3793 3706
f 3723 3726 3724
f 3723 3725 3726
f 3706 3793 3707
f 3707 3793 3723
f 3725 3727 3726
f 3725 3778 3727
f 3778 3725 3728
f 3723 3793 3725
f 3725 3793 3728
f 3728 3779 3778
f 3728 3793 3779
f 3703 3716 3729
f 3702 3729 3793
f 3735 3730 3736
f 645 3732 3731
f 3732 3733 3731
f 3734 3735 3736
f 643 3741 645
f 645 3741 3732
f 3732 3741 3733
f 3734 3741 3735
f 3733 3741 3734
f 3730 3737 3708
f 3739 3737 3730
f 3735 3741 3730
f 3730 3741 3739
f 3738 3740 634
f 635 3762 3738
f 635 3761 3762
f 643 3740 3741
f 3740 3738 3741
f 3736 3730 3743
f 3733 3734 3749
f 3734 3736 3749
f 3720 3743 3730
f 3737 3755 3721
f 3736 3743 3744
f 3736 3744 3746
f 3736 3747 3749
f 3736 3746 3747
f 3737 3756 3755
f 3737 3745 3756
f 3737 3748 3745
f 3737 3760 3748
f 3722 3755 3742
f 3722 3742 3743
f 3742 3755 3744
f 3742 3744 3743
f 3744 3755 3756
f 3744 3756 3745
f 3744 3745 3746
f 3745 3747 3746
f 3745 3748 3747
f 3754 3747 3748
f 3747 3754 3749
f 3749 3754 3750
f 3749 3750 3751
f 3750 3754 3757
f 3749 3751 3753
f 3749 3753 3752
f 3751 3758 3753
f 3750 3758 3751
f 3759 3760 3737
f 3739 3759 3737
f 3760 3764 3748
f 3760 3763 3764
f 3759 3763 3760
f 3738 3800 3741
f 3739 3741 3759
f 3741 3763 3759
f 3741 3800 3763
f 3748 3764 3754
f 3553 3784 3785
f 3553 3785 3790
f 3553 3776 3777
f 3553 3777 3792
f 3553 3790 3776
f 3553 3792 3765
f 3553 3765 3766
f 3553 3766 3767
f 3553 3767 3768
f 3594 3768 3769
f 3766 3797 3767
f 3769 3768 3933
f 3767 3933 3768
f 3738 3775 3770
f 3770 3775 3771
f 3606 3769 3772
f 3613 3772 3774
f 3614 3774 3773
f 3771 3775 3951
f 3778 3779 3780
f 3781 3788 3784
f 3780 3782 3783
f 3780 3783 3781
f 3781 3783 3789
f 3781 3789 3788
f 3779 3793 3780
f 3793 3782 3780
f 3788 3787 3784
f 3785 3784 3787
f 3785 3789 3786
f 3785 3787 3789
f 3788 3789 3787
f 3782 3791 3783
f 3783 3791 3789
f 3786 3789 3791
f 3785 3786 3790
f 3786 3791 3790
f 3782 3793 3791
f 3776 3795 3777
f 3776 3790 3796
f 3790 3791 3796
f 3777 3795 3792
f 3776 3796 3795
f 3791 3793 3794
f 3729 3794 3793
f 3791 3794 3798
f 3765 3792 3795
f 3765 3795 3796
f 3765 3796 3766
f 3766 3796 3797
f 3767 3797 3933
f 3796 3799 3797
f 3797 3799 3933
f 3791 3798 3796
f 3796 3798 3935
f 3796 3935 3799
f 3763 3800 3764
f 3764 3800 3801
f 3738 3770 3800
f 3771 3801 3800
f 3770 3771 3800
f 3754 3764 4081
f 3771 3980 3801
f 3764 3801 4081
f 3641 629 3640
f 3641 3642 629
f 629 3642 3643
f 629 3643 3644
f 632 3644 3802
f 635 3804 3761
f 3802 3804 635
f 3761 3806 3762
f 3738 3762 3807
f 3802 3803 3804
f 3644 3645 4588
f 3761 3804 3805
f 3762 3806 3807
f 3761 3805 3806
f 3738 3807 3775
f 3805 3808 3806
f 3806 3808 3807
f 3809 3807 3808
f 3809 3808 3810
f 3810 3808 3811
f 3775 3807 3809
f 3809 3812 3775
f 3809 3810 3812
f 3810 3815 3812
f 3810 3811 3815
f 3812 3816 3775
f 3812 3813 3814
f 3812 3815 3813
f 3812 3814 3816
f 3948 3814 3813
f 3813 3815 3950
f 3816 3949 3817
f 3948 3816 3814
f 3948 3949 3816
f 3811 3952 3815
f 3816 3817 3775
f 3644 4588 3803
f 3803 4590 3804
f 3775 3817 3951
f 3771 3951 3955
f 3683 3685 4292
f 3687 4292 3685
f 3682 4292 4293
f 3645 4293 4588
f 3820 3822 3821
f 3818 3823 3819
f 3819 3823 3820
f 3820 3823 3822
f 3822 3823 3829
f 3833 3823 3916
f 3833 3916 3834
f 3835 3834 3918
f 3835 3918 3917
f 3823 3926 3916
f 3918 3834 3916
f 3919 3920 3867
f 3920 3924 3867
f 3922 3923 3867
f 3923 3921 3867
f 3867 3921 3919
f 3867 3917 3922
f 3880 3924 3925
f 3611 3826 3825
f 3611 3821 3826
f 3821 3822 3826
f 3822 3831 3826
f 3825 3826 3827
f 3826 3831 3837
f 3648 3825 3828
f 3825 3827 3828
f 3837 3839 3826
f 3826 3845 3827
f 3839 3841 3826
f 3826 3841 3843
f 3826 3843 3845
f 3822 3829 3831
f 3829 3830 3831
f 3829 3823 3830
f 3830 3832 3831
f 3831 3832 3837
f 3830 3834 3832
f 3830 3823 3833
f 3830 3833 3834
f 3832 3834 3835
f 3832 3835 3836
f 3832 3836 3866
f 3835 3865 3836
f 3832 3866 3867
f 3836 3865 3866
f 3832 3838 3837
f 3838 3839 3837
f 3832 3871 3838
f 3838 3840 3839
f 3839 3840 3841
f 3840 3842 3841
f 3841 3842 3843
f 3843 3844 3845
f 3844 3846 3845
f 3838 3877 3840
f 3840 3878 3842
f 3842 3878 3843
f 3843 3878 3844
f 3844 3887 3846
f 3648 3828 3850
f 3648 3850 3649
f 3827 3848 3828
f 3827 3845 3848
f 3828 3848 3850
f 3845 3849 3848
f 3849 3851 3848
f 3851 3849 3862
f 3649 3850 4130
f 3848 3851 3859
f 3854 3848 3852
f 3848 3854 3853
f 3848 3853 3855
f 3855 3856 3848
f 3848 3859 3858
f 3848 3858 3852
f 3851 3863 3859
f 3852 3858 3857
f 3854 3852 3857
f 3854 3857 3853
f 3853 3857 3855
f 3855 3857 3856
f 3857 3858 3859
f 3857 3859 3863
f 3848 4420 3850
f 3848 3856 4421
f 3848 4421 4420
f 3856 3857 4421
f 3857 3860 4421
f 3845 3846 3849
f 3846 3847 3849
f 3847 3861 3849
f 3849 3861 3862
f 3851 3862 3863
f 3887 3847 3846
f 3847 3887 3861
f 3861 3890 3862
f 3863 3862 3891
f 3857 3910 3860
f 3857 3863 3896
f 3893 3857 3864
f 3857 3896 3864
f 3832 3867 3868
f 3866 3865 3867
f 3868 3870 3832
f 3835 3917 3865
f 3867 3880 3868
f 3868 3869 3870
f 3870 3871 3832
f 3871 3872 3838
f 3872 3873 3838
f 3873 3874 3838
f 3874 3876 3838
f 3838 3876 3877
f 3840 3877 3878
f 3878 3888 3844
f 3873 3875 3874
f 3874 3875 3876
f 3877 3879 3878
f 3879 3888 3878
f 3865 3917 3867
f 3867 3924 3880
f 3868 3880 3884
f 3824 3881 3880
f 3824 3880 3925
f 3882 3881 3883
f 3880 3881 3882
f 3880 3882 3884
f 3868 3885 3886
f 3885 3868 3884
f 3886 3953 3868
f 3824 3885 3881
f 3881 3885 3883
f 3882 3883 3884
f 3883 3885 3884
f 3953 3954 3868
f 3868 3954 3956
f 3868 3956 3957
f 3868 4006 3869
f 3869 4006 3870
f 3870 4006 3871
f 3871 4006 3872
f 3872 4006 3873
f 3873 4006 3875
f 3876 3875 4007
f 3877 3876 4012
f 3879 3877 4012
f 3844 3888 3887
f 3889 3861 3887
f 3861 3889 3890
f 3862 3890 3891
f 3891 3892 3863
f 3863 3892 3894
f 3895 3863 3894
f 3863 3895 3896
f 3893 3908 3857
f 3864 3896 3897
f 3864 3897 3893
f 3908 3910 3857
f 3910 3909 3860
f 3909 4448 3860
f 3896 3900 3897
f 3893 3905 3908
f 3893 3897 3898
f 3893 3898 3899
f 3900 3898 3897
f 3893 3899 3905
f 3900 3899 3898
f 3906 3905 3900
f 3905 3899 3900
f 3902 3905 3906
f 3901 3905 3902
f 3901 3903 3905
f 3907 3905 3904
f 3904 3905 3903
f 3907 3911 3905
f 3908 3905 3912
f 3912 3905 3911
f 3908 3912 3910
f 3909 3910 3912
f 3913 4448 3909
f 3909 3912 3913
f 3913 3914 4448
f 3912 3911 4476
f 3912 4474 3913
f 3913 4474 3914
f 3879 4031 3888
f 3887 3888 4039
f 4039 3889 3887
f 3889 4024 3890
f 3891 3890 4024
f 4024 3892 3891
f 3894 3892 4026
f 3894 4026 3895
f 3907 4502 3911
f 3907 3904 4504
f 3904 3903 4506
f 3901 4575 3903
f 3901 3902 4574
f 3902 3906 4577
f 3906 3900 4027
f 3895 4028 3896
f 3896 4028 3900
f 4476 3911 4477
f 3911 4502 4477
f 3907 4503 4502
f 3907 4505 4503
f 3907 4504 4505
f 3904 4506 4504
f 3903 4573 4506
f 3901 4574 4575
f 3903 4575 4573
f 3902 4576 4574
f 3902 4577 4576
f 3773 3933 3926
f 3774 3772 3933
f 3769 3933 3772
f 3774 3933 3773
f 3922 3917 3928
f 3916 3928 3918
f 3917 3918 3928
f 3921 3923 3929
f 3919 3921 3929
f 3922 3928 3923
f 3924 3957 3925
f 3824 3925 3957
f 3919 3957 3920
f 3920 3957 3924
f 3919 3929 3957
f 3923 3928 3931
f 3923 3931 3929
f 3916 3926 3927
f 3926 3933 3927
f 3916 3927 3928
f 3927 3933 3930
f 3929 3958 3957
f 3929 3959 3958
f 3929 3932 3959
f 3927 3930 3928
f 3928 3930 3931
f 3929 3931 3932
f 3930 3940 3931
f 3931 3941 3932
f 3799 3936 3933
f 3933 3936 3937
f 3933 3937 3934
f 3799 5384 3936
f 3799 3935 5384
f 3936 5384 3938
f 3936 3938 3937
f 3930 3933 3934
f 3930 3934 3940
f 3934 3937 3940
f 3937 3944 3940
f 3937 3938 3944
f 3931 3939 3941
f 3932 3941 3991
f 3941 4072 3991
f 3940 3944 3942
f 3931 3940 3939
f 3939 3940 3942
f 3939 3942 3941
f 3941 3942 4074
f 3941 4073 4072
f 3941 4074 4073
f 3943 4077 4074
f 3942 3943 4074
f 3943 4084 4077
f 3942 3944 3945
f 3938 3945 3944
f 3942 3945 3946
f 3945 5422 3946
f 3942 3946 3943
f 3943 3946 5424
f 4084 3943 4085
f 3943 3947 4085
f 3947 4087 4085
f 3943 5424 3947
f 3947 5425 4087
f 3947 5424 5425
f 3948 3813 3949
f 3813 3950 3949
f 3817 3949 3951
f 3815 3952 3950
f 3949 3950 3951
f 3950 3952 3951
f 3886 3954 3953
f 3824 3957 3885
f 3885 3957 3886
f 3954 3886 3956
f 3886 3957 3956
f 3805 3804 4590
f 3805 4590 3808
f 3811 3808 4590
f 3811 4590 3952
f 3771 3955 3980
f 3961 3962 3955
f 3951 3952 4590
f 3957 3958 3868
f 3958 3960 3868
f 3868 3960 3974
f 3868 3974 3975
f 3975 3981 3868
f 3981 3984 3868
f 3984 3986 3868
f 3868 3986 3989
f 3868 3989 3990
f 3868 3990 3993
f 3868 3993 4001
f 3868 4001 4002
f 3868 4002 4004
f 3958 3959 3960
f 3868 4004 4006
f 3875 4006 4007
f 3876 4007 4012
f 3879 4012 4030
f 3955 3962 3971
f 3961 3968 3962
f 3962 3964 3963
f 3963 3967 3962
f 3962 3969 3964
f 3962 3968 3969
f 3967 3965 3962
f 3962 3965 3971
f 3963 3966 3967
f 3967 3966 3965
f 3955 3971 3972
f 3971 3965 3970
f 3972 3973 3955
f 3973 3980 3955
f 3970 3972 3971
f 3959 3987 3960
f 3987 3974 3960
f 3932 3987 3959
f 3951 4590 3955
f 3955 4590 3961
f 3961 4590 3968
f 3963 3964 3976
f 3964 3969 3976
f 3966 3977 3965
f 3966 3963 3979
f 3965 3977 3970
f 3968 4590 3969
f 3803 4588 4590
f 3879 4030 4031
f 3906 4578 4577
f 3906 4579 4578
f 3906 4580 4579
f 3963 3976 3979
f 3966 3978 3977
f 3966 3979 3978
f 3976 3969 4592
f 4593 3969 4590
f 4592 3969 4593
f 3976 4510 3979
f 3978 3979 4513
f 3801 3980 4081
f 3972 3970 4540
f 3972 5971 3973
f 3970 3977 4545
f 3973 5971 3980
f 3970 4547 4540
f 3970 4545 4544
f 4544 4547 3970
f 3972 4540 4542
f 3972 4542 5968
f 3972 5968 5969
f 5969 5971 3972
f 3975 3974 3987
f 3982 3983 3981
f 3983 3984 3981
f 3982 3985 3983
f 3983 3985 3984
f 3975 3987 3981
f 3981 3987 3982
f 3982 3988 3985
f 3932 3991 3987
f 3984 3985 3993
f 3986 3984 3993
f 3982 3987 3988
f 3987 3992 3988
f 3989 3986 3990
f 3985 3994 3993
f 3986 3993 3990
f 3988 3994 3985
f 3987 3991 3992
f 3988 3992 3996
f 3993 3994 3995
f 3988 3998 3994
f 3998 3995 3994
f 3991 4072 3992
f 3988 3996 3997
f 3988 3997 3999
f 3992 4072 3996
f 3996 4071 3997
f 3996 4072 4071
f 3988 3999 3998
f 3997 4020 3999
f 3999 4020 3998
f 3993 4000 4001
f 3995 4000 3993
f 4000 4003 4001
f 4001 4003 4002
f 4004 4002 4005
f 4004 4005 4006
f 4002 4003 4010
f 4002 4010 4005
f 4006 4005 4009
f 4008 4006 4009
f 4003 4011 4010
f 4005 4010 4009
f 3995 3998 4000
f 4000 3998 4003
f 4003 3998 4011
f 4011 3998 4014
f 4014 3998 4022
f 4006 4008 4007
f 4008 4013 4007
f 4008 4009 4010
f 4007 4016 4012
f 4010 4014 4008
f 4008 4014 4013
f 4011 4014 4010
f 4007 4013 4016
f 4016 4018 4012
f 4014 4015 4013
f 4013 4015 4016
f 4015 4017 4016
f 4018 4016 4019
f 4012 4018 4019
f 4017 4035 4016
f 4014 4022 4015
f 4015 4064 4017
f 4022 4064 4015
f 3998 4021 4022
f 3998 4020 4021
f 4020 4090 4021
f 4021 4090 4023
f 4022 4023 4066
f 4021 4023 4022
f 4023 4092 4065
f 3888 4031 4037
f 3888 4037 4039
f 3892 4024 4025
f 3889 4039 4024
f 3892 4025 4026
f 3895 4026 4028
f 3900 4028 4027
f 4027 4029 3906
f 4029 4580 3906
f 4024 4049 4025
f 4025 4049 4026
f 4026 4053 4028
f 4026 4049 4053
f 4027 4028 4053
f 4027 4060 4029
f 4029 4060 4583
f 4027 4053 4060
f 4012 4032 4030
f 4030 4032 4031
f 4012 4019 4032
f 4019 4016 4034
f 4019 4033 4032
f 4019 4034 4033
f 4016 4035 4034
f 4031 4032 4037
f 4032 4033 4038
f 4032 4038 4037
f 4033 4034 4038
f 4034 4036 4038
f 4034 4035 4036
f 4035 4041 4036
f 4017 4064 4035
f 4035 4064 4041
f 4041 4064 4042
f 4037 4038 4039
f 4038 4040 4039
f 4036 4040 4038
f 4036 4041 4040
f 4041 4042 4040
f 4039 4040 4042
f 4039 4042 4043
f 4042 4044 4043
f 4039 4043 4046
f 4043 4044 4046
f 4024 4039 4045
f 4024 4045 4049
f 4039 4049 4045
f 4039 4048 4049
f 4044 4047 4046
f 4039 4046 4050
f 4048 4039 4050
f 4051 4046 4047
f 4042 4063 4044
f 4044 4063 4047
f 4048 4050 4049
f 4046 4051 4050
f 4051 4047 4052
f 4050 4051 4052
f 4049 4050 4054
f 4049 4054 4053
f 4050 4052 4054
f 4052 4055 4054
f 4053 4054 4060
f 4054 4061 4060
f 4054 4055 4056
f 4054 4056 4059
f 4055 4057 4056
f 4057 4058 4056
f 4056 4058 4059
f 4054 4062 4061
f 4054 4059 4062
f 4060 4061 4595
f 4058 4597 4059
f 4059 4596 4062
f 4061 4062 4601
f 4059 4597 4596
f 4058 4605 4597
f 4042 4064 4063
f 4047 4063 4052
f 4052 4063 4067
f 4022 4066 4064
f 4063 4064 4066
f 4023 4065 4066
f 4063 4066 4067
f 4066 4068 4067
f 4065 4068 4066
f 4065 4121 4068
f 4052 4067 4055
f 4067 4057 4055
f 4057 4067 4069
f 4057 4069 4058
f 4058 4607 4605
f 4058 4069 4607
f 4067 4068 4069
f 4068 4070 4069
f 4068 4121 4070
f 4069 4608 4607
f 4069 4609 4608
f 4069 4070 4609
f 4070 4122 4613
f 4609 4070 4612
f 4612 4070 4613
f 4073 4074 4075
f 4073 4075 4072
f 4072 4075 4076
f 4074 4077 4075
f 4075 4077 4076
f 4076 4077 4078
f 4071 4072 4083
f 4077 4079 4078
f 4072 4076 4083
f 4076 4078 4083
f 3997 4071 4083
f 4079 4077 4080
f 4078 4079 4083
f 4080 4077 4084
f 4079 4080 4083
f 4080 4082 4083
f 4082 4080 4084
f 4083 4082 4088
f 3997 4083 4020
f 4020 4083 4090
f 4083 4088 4090
f 4088 4091 4090
f 4084 4085 4086
f 4085 4087 4086
f 4082 4084 4088
f 4084 4086 4088
f 4086 4096 4088
f 4087 4096 4086
f 4088 4096 4099
f 4088 4099 4100
f 4088 4100 4091
f 4089 4091 4100
f 4023 4090 4092
f 4090 4091 4092
f 4091 4093 4092
f 4092 4093 4094
f 4092 4094 4117
f 4089 4093 4091
f 4089 4112 4093
f 4093 4112 4113
f 4094 4093 4095
f 4093 4113 4095
f 4087 4098 4096
f 4087 4097 4098
f 4096 4098 4099
f 4098 4097 4099
f 4087 4101 4097
f 4101 4099 4097
f 4100 4099 4102
f 4099 4101 4102
f 4100 4102 4105
f 4089 4100 4105
f 4089 4110 4112
f 4089 4105 4107
f 4089 4107 4110
f 4087 5425 4101
f 4102 4101 4103
f 4102 4103 4105
f 4103 4104 4105
f 4105 4104 4106
f 4101 5425 4103
f 4103 5518 4104
f 4103 5425 5518
f 4104 5518 4106
f 4106 5518 4108
f 4105 4106 4107
f 4106 4108 4107
f 4108 4109 4107
f 4107 4109 4110
f 4108 4111 4109
f 4109 4111 4110
f 4108 5518 5519
f 4108 5519 4111
f 4110 4113 4112
f 4110 4114 4113
f 4114 4095 4113
f 4114 4115 4095
f 4095 4115 4116
f 4095 5521 4120
f 4110 4111 4114
f 4111 4115 4114
f 4111 5519 4115
f 4115 5519 4116
f 4116 5519 5520
f 4116 5520 5521
f 4095 4116 5521
f 4065 4092 4117
f 4065 4117 4118
f 4094 4119 4117
f 4117 4119 4118
f 4065 4118 4121
f 4094 4095 4119
f 4118 4119 4123
f 4095 4120 4119
f 4119 4120 4123
f 4070 4121 4122
f 4118 4123 4121
f 4121 4123 4122
f 4122 4633 4613
f 4122 4123 4124
f 4120 4125 4123
f 4123 4125 4124
f 4120 4126 4125
f 4125 5526 4127
f 4125 4126 5526
f 1449 4131 4158
f 1301 1479 3660
f 1481 3664 1479
f 1481 1483 3664
f 1483 1488 3664
f 1322 3666 1324
f 1324 3666 1333
f 1333 3666 1335
f 1486 4128 3664
f 1328 3666 3670
f 1330 4146 4129
f 1328 3670 4146
f 1283 3673 3666
f 1291 3676 3673
f 1583 3680 3676
f 1585 3679 3680
f 1588 3681 3679
f 1330 4129 1331
f 1328 1335 3666
f 1488 1490 3664
f 1486 3664 1490
f 1330 1328 4146
f 1331 4129 1485
f 1486 1485 4128
f 1485 4129 4128
f 3651 4130 4133
f 3651 4133 4131
f 4130 4132 4133
f 4132 4433 4133
f 4134 4208 4158
f 4131 4134 4158
f 4134 4136 4208
f 4135 4208 4136
f 4131 4133 4134
f 4133 4136 4134
f 4133 4433 4136
f 4136 4433 4138
f 4135 4136 4223
f 4136 4138 4223
f 4138 4433 4140
f 4140 4440 4143
f 4137 4443 4144
f 4138 4140 4224
f 4140 4142 4224
f 4139 4225 4142
f 4137 4144 4143
f 4143 4141 4140
f 4140 4141 4142
f 4143 4144 4145
f 4143 4145 4141
f 4141 4139 4142
f 4141 4150 4139
f 4144 4151 4145
f 4141 4145 4151
f 4144 4443 4151
f 4147 4129 4146
f 4147 4146 3689
f 4147 4128 4129
f 3687 4286 4285
f 4491 4153 4443
f 4148 4150 4141
f 4139 4150 4149
f 4141 4151 4152
f 4443 4153 4151
f 4141 4152 4148
f 4374 4486 4488
f 4486 4374 4487
f 4376 4490 4487
f 4383 4491 4490
f 4153 4491 4383
f 4252 4251 4488
f 4155 4252 4488
f 4251 4377 4488
f 4377 4378 4488
f 4378 4379 4488
f 1449 4158 4156
f 1450 4156 4163
f 4156 4159 4163
f 4156 4158 4157
f 4157 4158 4208
f 4156 4157 4159
f 4157 4216 4159
f 4175 4176 4213
f 4159 4211 4175
f 4175 4211 4176
f 4160 4175 4162
f 4160 4161 4180
f 4176 4212 4213
f 4162 4175 4213
f 4160 4162 4161
f 4161 4162 4214
f 4161 4207 4180
f 4161 4214 4181
f 1476 4163 4164
f 1472 4165 4166
f 1472 4164 4168
f 1472 4168 4165
f 4163 4167 4164
f 4163 4169 4167
f 4164 4167 4168
f 4163 4175 4169
f 4167 4169 4168
f 4168 4169 4172
f 4169 4170 4172
f 4159 4175 4163
f 4170 4171 4172
f 4175 4170 4169
f 4171 4174 4172
f 4170 4175 4171
f 4171 4173 4174
f 4166 4165 4184
f 4168 4185 4165
f 4172 4188 4168
f 4172 4174 4191
f 4175 4173 4171
f 4173 4177 4174
f 4175 4179 4173
f 4177 4173 4179
f 4175 4178 4179
f 4177 4179 4180
f 4160 4178 4175
f 4178 4180 4179
f 4160 4180 4178
f 4177 4196 4174
f 4177 4180 4203
f 4206 4207 4161
f 4206 4161 4181
f 4182 4166 4183
f 4183 4166 4184
f 4165 4185 4184
f 1524 1525 4166
f 4166 4182 1524
f 4186 4182 4183
f 4183 4184 4186
f 1524 4182 4186
f 4168 4187 4185
f 4187 4168 4188
f 4172 4193 4190
f 4191 4193 4172
f 4188 4172 4190
f 4192 4191 4174
f 4192 4174 4197
f 4189 4190 4193
f 4188 4190 4189
f 4192 4197 4194
f 1894 4196 4200
f 4192 1894 4191
f 1894 4193 4191
f 1894 4192 4194
f 1894 4194 4198
f 1894 4198 4195
f 1894 4195 4196
f 1894 4200 4202
f 1894 4203 4204
f 4202 4203 1894
f 4174 4199 4197
f 4174 4195 4199
f 4195 4174 4196
f 4196 4177 4201
f 4177 4202 4201
f 4177 4203 4202
f 4197 4198 4194
f 4198 4197 4199
f 4198 4199 4195
f 4196 4201 4200
f 4200 4201 4202
f 4180 4204 4203
f 4204 4180 4205
f 4180 4207 4205
f 4206 4204 4205
f 4206 4205 4207
f 4157 4208 4216
f 4135 4223 4208
f 4208 4223 4216
f 4210 4222 4209
f 4218 4224 4222
f 4212 4221 4215
f 4159 4216 4211
f 4211 4219 4176
f 4162 4213 4214
f 4176 4217 4212
f 4176 4219 4217
f 4213 4215 4214
f 4212 4215 4213
f 4211 4216 4224
f 4219 4220 4217
f 4218 4220 4219
f 4210 4221 4218
f 4211 4218 4219
f 4212 4217 4221
f 4218 4221 4220
f 4217 4220 4221
f 4211 4224 4218
f 4210 4218 4222
f 4215 4221 4238
f 4214 4215 4231
f 4221 4210 4237
f 4138 4224 4223
f 4225 4228 4226
f 4216 4223 4224
f 4224 4209 4222
f 4226 4209 4224
f 4228 4209 4226
f 4228 4227 4209
f 4209 4227 4210
f 4225 4226 4142
f 4224 4142 4226
f 4225 4243 4228
f 4227 4246 4210
f 4228 4249 4227
f 4139 4241 4225
f 4210 4246 4240
f 4214 4231 4234
f 4235 4181 4214
f 4235 4214 4234
f 4215 4233 4231
f 4215 4238 4233
f 4233 4238 4229
f 4234 4232 4230
f 4231 4232 4234
f 4231 4233 4232
f 4230 4235 4234
f 4233 4229 4236
f 4221 4239 4238
f 4239 4221 4237
f 4210 4240 4237
f 4206 4383 4204
f 4181 4383 4206
f 4181 4235 4383
f 4230 4232 4383
f 4233 4383 4232
f 4233 4236 4383
f 4229 4383 4236
f 4239 4237 4383
f 4240 4383 4237
f 4229 4238 4383
f 4238 4239 4383
f 4230 4383 4235
f 4204 4383 4385
f 4242 4228 4243
f 4249 4228 4242
f 4225 4241 4243
f 4247 4245 4227
f 4227 4245 4246
f 4249 4247 4227
f 4242 4243 4244
f 4248 4245 4247
f 4139 4250 4241
f 4139 4149 4250
f 4250 4383 4241
f 4245 4383 4246
f 4244 4383 4242
f 4249 4242 4383
f 4247 4383 4248
f 4247 4249 4383
f 4244 4243 4383
f 4243 4241 4383
f 4248 4383 4245
f 4153 4383 4151
f 4151 4383 4152
f 4148 4152 4383
f 4150 4148 4383
f 4149 4150 4383
f 4149 4383 4250
f 4374 4376 4487
f 4375 4490 4376
f 4375 4380 4490
f 4380 4383 4490
f 4374 4488 4379
f 4246 4383 4240
f 1588 1645 3681
f 1645 1646 3686
f 1645 3684 3681
f 1645 3686 3684
f 4284 3686 1646
f 4253 1646 4265
f 1646 4253 4255
f 4255 4257 1646
f 4257 4259 1646
f 4259 4260 1646
f 4253 4254 4255
f 4254 4263 4256
f 4254 4256 4255
f 4253 4265 4254
f 4255 4256 4257
f 4256 4263 4258
f 4256 4258 4257
f 4258 4263 4259
f 4259 4267 4260
f 4257 4258 4259
f 4267 4261 4260
f 4254 4264 4263
f 4254 4265 4266
f 4265 1876 4266
f 4254 4266 4264
f 1694 4264 4266
f 4264 4276 4267
f 4259 4263 4264
f 4259 4264 4267
f 4260 4289 1646
f 4260 4261 4289
f 4261 4262 4282
f 4262 4268 4282
f 4261 4267 4336
f 4269 4270 4274
f 5917 4272 4271
f 4271 4272 4270
f 4271 4269 4273
f 4271 4270 4269
f 1695 4269 4274
f 1663 4273 4269
f 1663 4269 1695
f 4275 4274 4270
f 4274 4275 4280
f 4272 4312 4270
f 4275 4270 4323
f 1694 4277 4264
f 4267 4276 4278
f 4264 4277 4276
f 4267 4278 4279
f 4279 4280 4267
f 4280 4281 4267
f 1695 4274 4277
f 4274 4276 4277
f 4274 4278 4276
f 4274 4279 4278
f 4274 4280 4279
f 4275 4281 4280
f 4281 4334 4267
f 4275 4322 4281
f 1646 4289 4284
f 4261 4282 4289
f 4282 4299 4283
f 4299 4298 4283
f 3686 4284 4286
f 3687 4285 4287
f 3687 4287 4290
f 4284 4288 4286
f 4285 4286 4287
f 4286 4288 4287
f 4284 4291 4288
f 4287 4288 4290
f 3687 4290 4292
f 4284 4289 4296
f 4288 4291 4290
f 4291 4292 4290
f 4291 4294 4292
f 4292 4294 4293
f 4294 4295 4293
f 4284 4296 4291
f 4291 4296 4294
f 4289 4282 4283
f 4296 4283 4298
f 4289 4283 4296
f 4296 4298 4300
f 4296 4300 4297
f 4268 4299 4282
f 4268 4301 4299
f 4298 4299 4300
f 4300 4299 4301
f 4268 4303 4301
f 4268 4308 4303
f 4300 4301 4302
f 4301 4305 4302
f 4301 4304 4305
f 4301 4303 4304
f 4304 4307 4305
f 4302 4305 4308
f 4305 4307 4308
f 4303 4306 4304
f 4304 4306 4307
f 4303 4308 4306
f 4306 4308 4307
f 4268 4309 4308
f 4261 4564 4262
f 4302 4308 4309
f 4564 4268 4262
f 4297 4300 4309
f 4297 4309 4551
f 4300 4302 4309
f 4270 4312 4311
f 4270 4311 4315
f 4272 4314 4313
f 4272 4313 4312
f 4270 4315 4323
f 4312 4313 4310
f 4312 4310 4311
f 4316 4317 4321
f 4310 4318 4311
f 4318 4316 4311
f 4311 4316 4320
f 4311 4320 4315
f 4310 4313 4318
f 4317 4318 4319
f 4316 4318 4317
f 4316 4321 4320
f 4320 4321 4335
f 4315 4320 4327
f 4334 4335 4267
f 4267 4335 4336
f 4261 4336 4337
f 4275 4323 4322
f 4322 4334 4281
f 4309 4268 4564
f 4261 4337 4564
f 4315 4325 4323
f 4315 4330 4325
f 4315 4327 4332
f 4315 4332 4330
f 4320 4333 4328
f 4320 4334 4333
f 4320 4335 4334
f 4320 4328 4327
f 4322 4328 4333
f 4323 4325 4324
f 4323 4326 4322
f 4323 4324 4326
f 4324 4325 4330
f 4322 4326 4328
f 4328 4326 4327
f 4324 4331 4326
f 4324 4329 4331
f 4329 4324 4330
f 4326 4331 4327
f 4327 4331 4332
f 4329 4332 4331
f 4329 4330 4332
f 4322 4333 4334
f 4339 4341 4340
f 4342 4339 4338
f 1890 4340 4353
f 1890 4355 1891
f 1891 4355 1927
f 4339 4342 4348
f 4339 4349 4341
f 4340 4341 4353
f 4339 4348 4349
f 4342 4347 4348
f 4341 4349 4353
f 1890 4353 4355
f 4348 4347 4350
f 4348 4351 4349
f 4348 4350 4354
f 4348 4354 4351
f 4349 4352 4353
f 1927 4355 4411
f 4347 4343 4368
f 4347 4368 4350
f 4349 4351 4369
f 4350 4367 4354
f 4350 4368 4367
f 4351 4354 4373
f 4349 4369 4352
f 4352 4369 4353
f 4353 4370 4355
f 4353 4371 4370
f 4353 4369 4371
f 1903 4357 4356
f 1903 4361 4357
f 1901 4347 4342
f 1901 4343 4347
f 1901 4344 4343
f 1901 4345 4344
f 1901 4346 4345
f 1903 4356 4346
f 1896 4204 4385
f 1903 4362 4365
f 1903 4360 4361
f 1903 4364 4360
f 1903 4365 4364
f 1903 4363 4362
f 4363 1896 4384
f 4384 1896 4385
f 1927 4411 1928
f 3478 4414 3461
f 1938 4415 1941
f 1938 1940 4413
f 1941 4415 3478
f 1928 4695 1930
f 4695 1931 1930
f 1931 4695 1932
f 1936 1934 4725
f 1933 1932 4725
f 1933 4725 1934
f 1936 4725 1935
f 1937 4720 1939
f 1935 4720 1937
f 1939 4778 1940
f 4357 4358 4356
f 4357 4361 4358
f 4361 4360 4359
f 4359 4360 4364
f 4365 4362 4366
f 4365 4366 4395
f 4362 4363 4391
f 4366 4362 4395
f 4356 4358 4400
f 4361 4399 4358
f 4361 4359 4397
f 4359 4364 4396
f 4364 4365 4396
f 4343 4344 4403
f 4344 4345 4407
f 4354 4367 4373
f 4345 4346 4402
f 4346 4356 4402
f 4343 4403 4368
f 4351 4372 4369
f 4351 4373 4372
f 4355 4370 4411
f 4370 4371 4411
f 4369 4372 4371
f 4344 4405 4403
f 4358 4399 4400
f 4356 4400 4402
f 4402 4409 4345
f 4345 4409 4407
f 4344 4407 4405
f 4368 4410 4367
f 4367 4404 4373
f 4367 4410 4404
f 4252 4667 4251
f 4377 4667 4378
f 4251 4667 4377
f 4374 4668 4376
f 4375 4376 4668
f 4378 4667 4379
f 4374 4379 4668
f 4375 4669 4380
f 4382 4385 4383
f 4380 4382 4383
f 4381 4382 4380
f 4381 4380 4386
f 4381 4386 4382
f 4363 4384 4391
f 4362 4391 4395
f 4384 4385 4390
f 4382 4388 4385
f 4385 4389 4390
f 4385 4388 4389
f 4382 4386 4387
f 4382 4387 4388
f 4384 4390 4393
f 4384 4393 4391
f 4391 4393 4392
f 4391 4392 4394
f 4390 4389 4393
f 4391 4394 4395
f 4365 4395 4396
f 4397 4398 4361
f 4359 4396 4397
f 4380 4672 4386
f 4386 4672 4387
f 4672 4388 4387
f 4389 4388 4672
f 4394 4392 4675
f 4394 4675 4395
f 4393 4389 4674
f 4393 4674 4392
f 4361 4398 4401
f 4361 4401 4399
f 4400 4399 4401
f 4400 4408 4402
f 4368 4403 4410
f 4407 4406 4405
f 4403 4405 4406
f 4403 4406 4410
f 4372 4707 4371
f 4372 4373 4707
f 4395 4675 4396
f 4408 4409 4402
f 4396 4675 4397
f 4675 4398 4397
f 4398 4675 4401
f 4400 4673 4408
f 4408 4673 4409
f 4400 4401 4675
f 4406 4407 4673
f 4404 4712 4373
f 4407 4409 4673
f 1928 4411 4708
f 3478 4415 4414
f 3461 4414 4418
f 3470 4418 4412
f 1938 4413 4415
f 1940 4702 4413
f 4371 4708 4411
f 1928 4724 4695
f 1928 4708 4718
f 1928 4722 4724
f 1928 4718 4722
f 4695 4723 1932
f 1932 4723 4725
f 1935 4725 4720
f 4414 4412 4418
f 4414 4416 4412
f 4414 4415 4416
f 4413 4417 4416
f 4413 4416 4415
f 4412 5958 5956
f 4412 4416 4696
f 4417 4413 4702
f 4416 4417 4699
f 4416 4697 4696
f 1939 4720 4777
f 1939 4777 4778
f 1940 4778 4781
f 4702 1940 4703
f 4703 1940 4781
f 3850 4419 4130
f 4130 4419 4132
f 3850 4420 4419
f 4421 4423 4420
f 4421 4422 4423
f 4423 4424 4420
f 4422 4424 4423
f 3860 4422 4421
f 4419 4420 4429
f 4420 4425 4429
f 4425 4420 4424
f 4422 4426 4424
f 4425 4424 4426
f 4425 4426 4428
f 4132 4419 4429
f 4132 4429 4433
f 4429 4435 4437
f 4435 4430 4434
f 4425 4427 4429
f 4425 4428 4427
f 4427 4428 4430
f 4427 4435 4429
f 4427 4430 4435
f 3860 4449 4422
f 4426 4445 4428
f 4422 4451 4426
f 4426 4451 4445
f 4428 4445 4430
f 4430 4431 4434
f 4430 4445 4432
f 4430 4432 4431
f 4429 4440 4433
f 4429 4437 4440
f 4436 4437 4435
f 4434 4436 4435
f 4436 4438 4437
f 4436 4441 4438
f 4434 4442 4441
f 4434 4441 4436
f 4140 4433 4440
f 4438 4137 4437
f 4438 4441 4439
f 4441 4442 4439
f 4439 4137 4438
f 4437 4143 4440
f 4437 4137 4143
f 4439 4443 4137
f 4439 4444 4443
f 4434 4478 4442
f 4442 4486 4439
f 4431 4478 4434
f 4442 4478 4484
f 4444 4439 4489
f 4491 4443 4444
f 4422 4449 4446
f 4422 4446 4450
f 4448 4449 3860
f 4422 4450 4452
f 4422 4452 4451
f 4451 4453 4432
f 4447 4450 4446
f 3914 4449 4448
f 4449 3914 4446
f 3914 4447 4446
f 3915 4450 4447
f 3915 4452 4450
f 3915 4454 4452
f 4454 4453 4451
f 4451 4452 4454
f 4454 4455 4453
f 4453 4455 4457
f 4431 4432 4479
f 4432 4445 4451
f 4432 4453 4479
f 4455 4464 4457
f 4457 4480 4453
f 4479 4453 4480
f 4456 4480 4457
f 4456 4457 4464
f 3914 3915 4447
f 3915 4458 4454
f 4454 4458 4459
f 4454 4459 4460
f 4454 4460 4455
f 3914 4474 3915
f 3915 4474 4458
f 4458 4474 4459
f 4460 4459 4461
f 4459 4474 4461
f 4460 4462 4455
f 4462 4463 4455
f 4460 4472 4462
f 4460 4461 4472
f 4461 4475 4472
f 4456 4469 4481
f 4455 4463 4464
f 4456 4464 4467
f 4463 4465 4464
f 4464 4465 4466
f 4462 4472 4463
f 4463 4472 4465
f 4472 4477 4473
f 4464 4466 4467
f 4456 4467 4469
f 4469 4467 4468
f 4465 4472 4466
f 4466 4468 4467
f 4468 4471 4470
f 4466 4472 4468
f 4468 4472 4471
f 3912 4475 4474
f 3912 4476 4475
f 4461 4474 4475
f 4475 4476 4477
f 4477 4502 4501
f 4472 4475 4477
f 4477 4501 4507
f 4473 4477 4525
f 4431 4479 4478
f 4479 4480 4478
f 4478 4482 4483
f 4478 4483 4484
f 4480 4482 4478
f 4486 4487 4439
f 4439 4487 4489
f 4442 4484 4486
f 4481 4482 4480
f 4456 4481 4480
f 4482 4485 4483
f 4485 4484 4483
f 4481 4485 4482
f 4488 4486 4484
f 4490 4491 4444
f 4490 4444 4489
f 4490 4489 4487
f 4469 4485 4481
f 4469 4484 4485
f 4495 4488 4484
f 4468 4470 4484
f 4470 4495 4484
f 4488 4495 4492
f 4488 4493 4498
f 4488 4492 4493
f 4494 4492 4495
f 4492 4497 4493
f 4493 4497 4498
f 4469 4468 4484
f 4470 4494 4495
f 4470 4471 4496
f 4470 4496 4494
f 4471 4472 4496
f 4494 4496 4492
f 4472 4473 4526
f 4472 4526 4496
f 4496 4526 4521
f 4492 4496 4497
f 4496 4521 4497
f 4497 4521 4500
f 4488 4498 4499
f 4154 4488 4499
f 4154 4155 4488
f 4498 4500 4499
f 4497 4500 4498
f 4499 4500 4522
f 4154 4522 4155
f 4154 4499 4522
f 4155 4522 4252
f 4294 4518 4295
f 4293 4295 4588
f 4294 4296 4518
f 4296 4297 4516
f 4296 4512 4518
f 4296 4514 4512
f 4296 4515 4514
f 4296 4516 4515
f 4297 4517 4516
f 4297 4538 4517
f 4297 4551 4538
f 4501 4502 4503
f 4295 4587 4589
f 4295 4589 4588
f 4573 4504 4506
f 4501 4503 4508
f 4503 4505 4508
f 4501 4508 4507
f 4504 4509 4505
f 4504 4573 4509
f 4477 4507 4525
f 4507 4527 4525
f 4505 4509 4508
f 4507 4508 4527
f 4508 4509 4530
f 4509 4585 4530
f 4587 4295 4518
f 3976 4519 4510
f 3979 4510 4513
f 4512 4514 4511
f 4510 4511 4513
f 4512 4511 4518
f 4510 4519 4511
f 3978 4513 4515
f 4511 4514 4513
f 4513 4514 4515
f 4515 4516 3978
f 3978 4516 4517
f 3978 4517 4538
f 3976 4592 4519
f 4519 4592 4520
f 4518 4520 4587
f 4592 4587 4520
f 4518 4511 4520
f 4519 4520 4511
f 4252 4522 4670
f 4500 4523 4522
f 4500 4521 4523
f 4522 4523 4524
f 4522 4524 4670
f 4523 4534 4524
f 4524 4676 4670
f 4473 4525 4526
f 4525 4527 4526
f 4521 4526 4532
f 4526 4527 4532
f 4527 4528 4532
f 4508 4529 4527
f 4508 4530 4529
f 4527 4529 4528
f 4528 4529 4535
f 4529 4530 4531
f 4529 4531 4535
f 4521 4532 4523
f 4523 4532 4533
f 4523 4533 4534
f 4528 4533 4532
f 4533 4536 4534
f 4524 4534 4676
f 4534 4681 4676
f 4528 4535 4533
f 4533 4535 4536
f 4531 4536 4535
f 4531 4537 4536
f 4534 4536 4681
f 4536 4537 4681
f 4681 4537 4620
f 4681 4620 4796
f 4318 4313 4542
f 4317 4546 4321
f 4319 4318 4541
f 4317 4319 4543
f 4321 4546 4335
f 3977 3978 4568
f 3977 4548 4545
f 3977 4549 4548
f 3978 4538 4568
f 3977 4568 4549
f 4319 4547 4543
f 4541 4547 4319
f 4317 4543 4546
f 4318 4542 4541
f 4541 4540 4547
f 4540 4541 4542
f 4544 4546 4543
f 4544 4545 4546
f 4544 4543 4547
f 4545 4548 4546
f 4546 4548 4335
f 4335 4548 4550
f 4548 4549 4550
f 4552 4539 4551
f 4539 4552 4554
f 4564 4551 4309
f 4552 4553 4554
f 4552 4551 4564
f 4552 4564 4553
f 4336 4335 4550
f 4550 4337 4336
f 4538 4551 4539
f 4554 4555 4539
f 4555 4554 4556
f 4555 4559 4539
f 4538 4539 4568
f 4539 4563 4568
f 4554 4553 4704
f 4554 4704 4556
f 4553 4705 4704
f 4553 4558 4705
f 4553 4561 4558
f 4553 4570 4561
f 4553 4564 4570
f 4556 4559 4555
f 4539 4559 4560
f 4539 4560 4562
f 4539 4562 4563
f 4556 4704 4706
f 4556 4706 4557
f 4559 4556 4557
f 4705 4558 4557
f 4558 4559 4557
f 4558 4562 4560
f 4558 4560 4559
f 4561 4570 4563
f 4558 4561 4562
f 4561 4563 4562
f 4563 4569 4568
f 4569 4563 4571
f 4570 4571 4563
f 4337 4550 4567
f 4549 4567 4550
f 4568 4566 4549
f 4549 4566 4567
f 4564 4337 4567
f 4570 4564 4565
f 4572 4565 4566
f 4564 4567 4565
f 4566 4565 4567
f 4569 4572 4568
f 4571 4570 4572
f 4569 4571 4572
f 4568 4572 4566
f 4570 4565 4572
f 4573 4575 4585
f 4574 4585 4575
f 4574 4576 4577
f 4577 4585 4574
f 4577 4578 4585
f 4578 4579 4580
f 4580 4581 4578
f 4029 4581 4580
f 4581 4029 4582
f 4583 4582 4029
f 4584 4582 4583
f 4583 4595 4584
f 4578 4581 4586
f 4581 4582 4586
f 4509 4573 4585
f 4578 4616 4585
f 4578 4586 4616
f 4589 4591 4590
f 4590 4588 4589
f 4590 4591 4594
f 4591 4589 4594
f 4590 4594 4593
f 4592 4593 4594
f 4589 4587 4594
f 4592 4594 4587
f 4060 4595 4583
f 4595 4598 4584
f 4061 4598 4595
f 4061 4599 4598
f 4061 4601 4599
f 4062 4596 4601
f 4596 4597 4602
f 4601 4596 4602
f 4599 4601 4600
f 4597 4605 4602
f 4601 4602 4605
f 4582 4584 4603
f 4584 4598 4603
f 4598 4599 4603
f 4599 4600 4603
f 4600 4601 4604
f 4601 4606 4604
f 4582 4603 4586
f 4600 4604 4603
f 4604 4614 4622
f 4606 4601 4605
f 4606 4605 4607
f 4606 4607 4614
f 4608 4609 4610
f 4607 4608 4614
f 4612 4610 4609
f 4611 4610 4612
f 4611 4612 4613
f 4611 4613 4632
f 4604 4606 4614
f 4608 4630 4614
f 4608 4610 4644
f 4610 4611 4644
f 4608 4644 4630
f 4530 4585 4615
f 4585 4616 4615
f 4530 4615 4531
f 4615 4616 4618
f 4586 4624 4616
f 4531 4615 4617
f 4531 4617 4537
f 4615 4618 4617
f 4616 4619 4618
f 4616 4624 4619
f 4617 4618 4619
f 4617 4619 4623
f 4537 4617 4620
f 4617 4623 4620
f 4586 4603 4624
f 4603 4604 4621
f 4603 4621 4624
f 4604 4622 4621
f 4619 4625 4623
f 4620 4797 4796
f 4620 4623 4797
f 4623 4627 4797
f 4619 4624 4625
f 4624 4626 4625
f 4625 4626 4627
f 4621 4626 4624
f 4621 4622 4626
f 4623 4625 4627
f 4627 4802 4797
f 4627 4628 4802
f 4626 4628 4627
f 4622 4630 4626
f 4626 4631 4628
f 4802 4628 4629
f 4628 4631 4629
f 4629 4658 4810
f 4614 4630 4622
f 4626 4630 4631
f 4630 4644 4631
f 4629 4631 4656
f 4629 4657 4658
f 4629 4656 4657
f 4613 4633 4634
f 4613 4634 4632
f 4122 4636 4633
f 4611 4632 4637
f 4633 4635 4634
f 4632 4634 4635
f 4633 4636 4635
f 4632 4635 4637
f 4122 4638 4636
f 4635 4636 4638
f 4122 4124 4649
f 4125 4648 4124
f 4635 4638 4637
f 4122 4646 4638
f 4611 4637 4641
f 4637 4638 4646
f 4611 4641 4644
f 4122 4649 4646
f 4124 4648 4649
f 4125 4639 4648
f 4125 4127 4639
f 4127 5526 4639
f 4840 4640 5974
f 4646 4643 4637
f 4637 4643 4641
f 4641 4643 4644
f 4642 4644 4643
f 4642 4645 4644
f 4642 4653 4645
f 4642 4643 4647
f 4646 4647 4643
f 4646 4649 4647
f 4647 4655 4642
f 4639 4651 4648
f 4649 4648 4651
f 4647 4649 4650
f 4647 4650 4661
f 4649 4651 4650
f 4651 4652 4650
f 4650 4652 4663
f 4631 4644 4645
f 4645 4653 4631
f 4642 4655 4653
f 4631 4653 4656
f 4653 4655 4654
f 4653 4654 4656
f 4647 4661 4655
f 4654 4655 4661
f 4654 4661 4662
f 4657 4659 4658
f 4654 4657 4656
f 4654 4659 4657
f 4654 4660 4659
f 4658 4659 4810
f 4654 4662 4660
f 4660 4662 4847
f 4650 4663 4661
f 4661 4663 4662
f 4662 4663 4665
f 4652 4664 4663
f 4663 4664 4665
f 4662 4665 4847
f 4665 4666 4847
f 4666 4665 6025
f 4640 4666 5978
f 4252 4670 4667
f 4379 4667 4668
f 4375 4668 4669
f 4667 4670 4671
f 4667 4671 4679
f 4670 4676 4671
f 4671 4676 4677
f 4667 4679 4668
f 4671 4677 4679
f 4668 4679 4669
f 4669 4679 4684
f 4380 4669 4672
f 4389 4672 4674
f 4669 4684 4672
f 4392 4674 4675
f 4400 4675 4689
f 4410 4406 4690
f 4404 4410 4712
f 4400 4689 4673
f 4406 4673 4690
f 4373 4712 4707
f 4672 4684 4674
f 4674 4686 4675
f 4690 4709 4410
f 4709 4711 4410
f 4410 4711 4712
f 4673 4689 4690
f 4676 4678 4677
f 4677 4678 4680
f 4681 4678 4676
f 4677 4680 4679
f 4679 4680 4684
f 4678 4683 4680
f 4680 4683 4684
f 4681 4682 4678
f 4678 4682 4683
f 4681 4796 4682
f 4684 4683 4687
f 4682 4796 4683
f 4683 4685 4687
f 4683 4796 4799
f 4683 4799 4685
f 4674 4684 4688
f 4674 4688 4686
f 4684 4687 4688
f 4675 4686 4691
f 4686 4693 4691
f 4686 4688 4693
f 4675 4691 4689
f 4689 4691 4690
f 4690 4691 4709
f 4691 4710 4709
f 4691 4713 4710
f 4691 4742 4713
f 4693 4744 4691
f 4744 4742 4691
f 4685 4688 4687
f 4685 4692 4688
f 4688 4692 4693
f 4692 4694 4693
f 4729 4693 4730
f 4685 4800 4692
f 4692 4800 4694
f 4694 4730 4693
f 4743 4693 4745
f 4743 4744 4693
f 4693 4747 4745
f 4693 4729 4747
f 4371 4707 4708
f 4416 4698 4697
f 4416 4699 4698
f 4417 4702 4700
f 4417 4700 4699
f 4699 4700 4768
f 4699 4768 4701
f 4702 4703 4768
f 4700 4702 4768
f 4704 4705 4706
f 4705 4557 4706
f 4707 4712 4715
f 4707 4715 4717
f 4707 4717 4708
f 4708 4717 4718
f 4710 4711 4709
f 4710 4713 4711
f 4712 4711 4716
f 4711 4713 4714
f 4711 4714 4716
f 4712 4716 4715
f 4715 4716 4719
f 4713 4742 4714
f 4714 4742 4716
f 4715 4719 4717
f 4717 4719 4718
f 4718 4719 4726
f 4716 4749 4719
f 4719 4764 4726
f 4721 4766 4751
f 4695 4724 4723
f 4718 4724 4722
f 4723 4724 4727
f 4718 4726 4724
f 4723 4727 4725
f 4720 4725 4728
f 4725 4727 4728
f 4720 4728 4721
f 4724 4726 4727
f 4726 4765 4727
f 4726 4764 4765
f 4727 4765 4728
f 4721 4728 4766
f 4728 4765 4766
f 4730 4732 4729
f 4730 4731 4732
f 4694 4731 4730
f 4731 4735 4732
f 4733 4694 4734
f 4694 4733 4731
f 4731 4733 4735
f 4734 4735 4733
f 4734 4736 4735
f 4735 4737 4732
f 4732 4737 4738
f 4736 4739 4735
f 4735 4739 4737
f 4732 4738 4750
f 4741 4767 4750
f 4750 4738 4739
f 4739 4740 4750
f 4737 4739 4738
f 4740 4741 4750
f 4741 4753 4767
f 4741 4740 4754
f 4716 4742 4744
f 4743 4746 4744
f 4743 4745 4746
f 4745 4748 4746
f 4716 4744 4746
f 4716 4746 4749
f 4745 4747 4748
f 4729 4748 4747
f 4729 4732 4748
f 4732 4746 4748
f 4732 4750 4746
f 4719 4749 4764
f 4746 4750 4749
f 4749 4767 4764
f 4749 4750 4767
f 4752 4757 4765
f 4766 4765 4757
f 4766 4757 4758
f 4766 4758 4751
f 4767 4756 4752
f 4767 4753 4754
f 4754 4755 4767
f 4755 4756 4767
f 4754 4753 4741
f 4740 4755 4754
f 4759 4752 4756
f 4763 4845 4762
f 4752 4759 4757
f 4757 4760 4758
f 4758 4760 4792
f 4757 4759 4760
f 4756 4761 4759
f 4756 4763 4761
f 4760 4762 4792
f 4761 4762 4760
f 4761 4763 4762
f 4760 4759 4761
f 4752 4765 4764
f 4767 4752 4764
f 4768 4784 4769
f 4784 4770 4771
f 4769 4784 4771
f 4774 4789 4775
f 4772 4775 4790
f 4770 4794 4773
f 4773 4794 4795
f 4770 4773 4776
f 4773 4774 4776
f 4772 4837 4775
f 4836 4774 4775
f 4776 4774 4836
f 4720 4721 4777
f 4721 4778 4777
f 4781 4778 4782
f 4721 4779 4778
f 4778 4779 4780
f 4751 4780 4779
f 4721 4751 4779
f 4778 4780 4785
f 4783 4782 4778
f 4783 4778 4785
f 4785 4780 4793
f 4768 4703 4781
f 4784 4781 4782
f 4768 4781 4784
f 4770 4782 4783
f 4784 4782 4770
f 4770 4783 4785
f 4770 4785 4793
f 4788 4789 4795
f 4751 4786 4780
f 4751 4788 4786
f 4786 4788 4787
f 4780 4786 4787
f 4751 4758 4788
f 4787 4795 4780
f 4787 4788 4795
f 4795 4793 4780
f 4789 4773 4795
f 4789 4792 4791
f 4792 4790 4791
f 4772 4790 4762
f 4762 4845 4772
f 4790 4775 4791
f 4758 4792 4788
f 4788 4792 4789
f 4762 4790 4792
f 4774 4773 4789
f 4789 4791 4775
f 4770 4793 4794
f 4793 4795 4794
f 4796 4798 4799
f 4796 4797 4798
f 4802 4798 4797
f 4685 4799 4800
f 4798 4801 4799
f 4798 4803 4801
f 4799 4801 4800
f 4800 4801 4804
f 4800 4804 4805
f 4802 4803 4798
f 4802 4629 4803
f 4803 4813 4804
f 4629 4811 4803
f 4629 4810 4811
f 4811 4813 4803
f 4801 4803 4804
f 4804 4817 4805
f 4694 4800 4805
f 4694 4805 4825
f 4805 4817 4806
f 4807 4806 4818
f 4807 4819 4830
f 4659 4812 4810
f 4811 4812 4813
f 4813 4812 4815
f 4814 4815 4812
f 4810 4812 4811
f 4660 4814 4812
f 4814 4820 4823
f 4847 4820 4814
f 4804 4813 4815
f 4804 4815 4816
f 4804 4816 4817
f 4814 4816 4815
f 4819 4818 4817
f 4816 4819 4817
f 4817 4818 4806
f 4807 4818 4819
f 4816 4814 4819
f 4819 4823 4830
f 4814 4823 4819
f 4820 4821 4824
f 4666 4821 4820
f 4808 4830 4824
f 4824 4830 4823
f 4808 4824 4822
f 4808 4822 4809
f 4820 4824 4823
f 4821 4822 4824
f 4826 4825 4806
f 4694 4825 4827
f 4827 4734 4694
f 4734 4827 4736
f 4827 4825 4828
f 4825 4826 4828
f 4736 4827 4828
f 4826 4830 4828
f 4736 4828 4739
f 4739 4828 4740
f 4740 4828 4755
f 4805 4806 4825
f 4807 4826 4806
f 4807 4830 4826
f 4829 4755 4828
f 4755 4829 4756
f 4763 4829 4809
f 4763 4809 4846
f 4763 4756 4829
f 4828 4830 4829
f 4808 4829 4830
f 4808 4809 4829
f 4837 4845 4832
f 4832 4845 4833
f 4837 4772 4845
f 4835 4845 4846
f 4834 4845 4835
f 4833 4845 4834
f 4835 4846 4838
f 4831 4838 4846
f 4809 4842 4846
f 4831 4846 4839
f 4839 4846 4842
f 4831 4844 4836
f 4837 4832 4836
f 4833 4834 4836
f 4832 4833 4836
f 4834 4835 4836
f 4836 4835 4838
f 4775 4837 4836
f 4831 4836 4838
f 4640 4842 4822
f 4640 4821 4666
f 4640 4822 4821
f 4809 4822 4842
f 4839 4841 4844
f 4640 4843 4842
f 4839 4842 4841
f 4831 4839 4844
f 4640 4840 4843
f 4842 4843 4841
f 4763 4846 4845
f 4660 4812 4659
f 4660 4847 4814
f 4847 4666 4820
f 3714 4851 4848
f 4848 4851 4849
f 4848 4849 4850
f 3718 4853 3717
f 3718 3719 4853
f 4848 4850 3719
f 4850 4853 3719
f 4849 4851 4852
f 4849 4852 4857
f 4851 4859 4852
f 4849 4853 4850
f 4849 4854 4853
f 4849 4855 4854
f 4849 4856 4855
f 4849 4857 4856
f 4856 4857 4861
f 4852 4861 4857
f 4855 4856 4885
f 3758 4882 3753
f 3716 3717 4858
f 3716 4858 3729
f 3717 4853 4858
f 3729 4858 4908
f 4853 4854 4858
f 4854 4855 4858
f 4855 4886 4858
f 4858 4886 4910
f 3733 3749 4904
f 3752 4904 3749
f 3753 4894 3752
f 3750 4941 3758
f 4852 4859 4860
f 4852 4860 4861
f 2446 4860 4859
f 4856 4861 4863
f 4863 4866 4856
f 4869 4856 4866
f 4860 4862 4861
f 4861 4862 4863
f 4862 4860 4863
f 4863 4860 4866
f 4856 4869 4885
f 3753 4880 4881
f 3753 4882 4880
f 4881 4893 3753
f 2447 4864 2446
f 2446 4864 4860
f 4860 4864 4866
f 2647 4868 4864
f 4865 4868 4984
f 4866 4864 4867
f 4869 4866 4867
f 4864 4868 4867
f 4869 4867 4868
f 4870 4875 4869
f 4870 4876 4875
f 4870 4877 4876
f 4870 4871 4877
f 4869 4872 4870
f 4870 4872 4871
f 4872 4877 4871
f 4869 4873 4872
f 4868 4873 4869
f 4868 4884 4874
f 4868 4874 4873
f 4877 4872 4878
f 4877 4878 4876
f 4875 4876 4878
f 4875 4878 4879
f 4875 4885 4869
f 4872 4873 4889
f 4872 4889 4878
f 4875 4879 4887
f 4878 4889 4879
f 4880 4882 4881
f 4881 4882 4883
f 4865 4884 4868
f 4865 4889 4884
f 4865 4984 4889
f 4874 4884 4889
f 4873 4874 4889
f 4881 4883 4893
f 4855 4885 4886
f 4885 4912 4886
f 4887 4885 4875
f 4879 4889 4887
f 4887 4888 4885
f 4888 4891 4885
f 4887 4889 4888
f 4888 4889 4890
f 4889 5029 4914
f 4885 4891 4892
f 4892 4912 4885
f 4888 4890 4891
f 4890 4914 4891
f 4914 4892 4891
f 4912 4892 4915
f 4889 4914 4890
f 4892 4914 4915
f 4883 4882 4936
f 4893 4883 4936
f 3733 4904 4907
f 3753 4893 4894
f 4899 3752 4894
f 3752 4897 4896
f 3752 4902 4904
f 3752 4896 4902
f 3752 4899 4897
f 4894 4893 4895
f 4896 4898 4902
f 4896 4897 4898
f 4901 4904 4902
f 4900 4901 4898
f 4901 4902 4898
f 4900 4905 4901
f 4900 4903 4906
f 4900 4906 4905
f 4901 4905 4904
f 4907 4904 4906
f 4904 4905 4906
f 4907 4906 5032
f 3758 4934 4882
f 4893 4936 4895
f 4895 4940 4894
f 4894 4941 4899
f 4897 4941 4898
f 4898 4941 4900
f 4897 4899 4941
f 4900 5403 4903
f 3729 4908 3794
f 4858 4910 4908
f 3794 4908 4929
f 4908 4910 4929
f 3794 4909 3798
f 3798 5383 3935
f 3798 4909 5383
f 3794 4929 4909
f 4909 5388 5383
f 4909 4929 5388
f 3754 5516 3757
f 3757 5536 3750
f 4886 4912 4910
f 4910 4912 4911
f 4910 4911 4929
f 4912 4915 4916
f 4913 4911 4912
f 4913 4912 4916
f 4913 4916 4918
f 4914 4916 4915
f 4914 5120 4921
f 4916 4914 4921
f 4913 4917 4911
f 4913 4918 4917
f 4911 4917 4919
f 4919 4920 4911
f 4911 4920 4928
f 4917 4918 4919
f 4918 4920 4919
f 4918 4922 4928
f 4918 4928 4920
f 4916 4921 4918
f 4921 4924 4923
f 4918 4921 4922
f 4921 4923 4922
f 4922 4923 4925
f 4922 4925 4928
f 4923 4924 4925
f 4921 4926 4924
f 4924 4926 4925
f 4925 4926 5122
f 4926 5121 5122
f 4925 5122 4927
f 4925 4927 4931
f 4911 4930 4929
f 4929 4930 5388
f 4930 5391 5388
f 4911 4928 4933
f 4911 4933 4930
f 4925 4933 4928
f 4925 4931 4933
f 4927 5131 4931
f 4931 4932 4933
f 4931 5131 4932
f 4930 4933 5392
f 4932 5132 4933
f 4932 5131 5132
f 5132 5133 4933
f 4933 5133 5134
f 4933 5134 5392
f 5134 5135 5392
f 3758 4938 4934
f 4938 3758 4940
f 3758 4941 4940
f 3750 4942 4941
f 4934 4936 4882
f 4895 4936 4935
f 4895 4935 4937
f 4895 4937 4939
f 4895 4939 4940
f 4934 4935 4936
f 4894 4940 4941
f 4900 4941 4942
f 4900 4942 5398
f 4903 5403 5142
f 4900 5398 5401
f 4900 5401 5403
f 3750 5536 4942
f 4935 4934 4937
f 4934 4938 4937
f 4937 4938 4939
f 4939 4938 4940
f 2456 2457 4271
f 4271 2457 5917
f 4272 5917 4944
f 2457 4944 5917
f 2458 4943 4944
f 2459 4945 4943
f 4945 2459 5923
f 4314 4944 4943
f 4943 4945 5923
f 4946 4949 4952
f 4947 4948 4950
f 4946 4947 4949
f 4947 4950 4949
f 4949 4950 4954
f 2459 3416 5918
f 3277 5493 3418
f 2459 5918 5923
f 5514 2125 5512
f 3125 5514 5515
f 3123 5515 5487
f 4946 4952 4951
f 4952 4954 4953
f 4951 4952 4953
f 4953 4958 4956
f 4950 4955 4954
f 4949 4954 4952
f 4950 4969 4955
f 4954 4955 4958
f 4953 4954 4958
f 4955 4971 4958
f 4958 4971 4959
f 4956 4958 4957
f 4957 4958 4959
f 4957 4959 4979
f 4943 5923 5924
f 5924 5926 4943
f 4943 5926 5928
f 4948 5141 4960
f 4965 4960 5146
f 4948 4962 4950
f 4948 4960 4962
f 4950 4962 4961
f 4950 4961 4970
f 4963 4970 4961
f 4961 4962 4963
f 4962 4964 4963
f 4963 4964 4970
f 4960 4965 4962
f 4962 4965 4967
f 4965 4966 4967
f 4966 4968 4967
f 4962 4974 4964
f 4962 4967 4974
f 4967 4968 4975
f 4965 5149 4966
f 4966 5152 4968
f 3418 5493 5919
f 3277 5487 5489
f 3277 5489 5492
f 3277 5492 5493
f 4950 4970 4969
f 4964 4972 4970
f 4955 4969 4971
f 4969 4970 4972
f 4969 4972 4971
f 4959 4971 4980
f 4971 4972 4973
f 4971 4973 4980
f 4973 4982 4980
f 4964 4974 4972
f 4967 4975 4974
f 4972 4974 4973
f 4973 4974 4982
f 4974 4977 4982
f 4977 4983 4982
f 4974 4975 4977
f 4975 4976 4978
f 4975 4978 4977
f 4977 4978 4983
f 2836 5513 5512
f 4959 4980 4979
f 2838 5511 5513
f 4979 4980 4981
f 4980 4982 4981
f 5493 5925 5919
f 5493 5927 5925
f 2988 5510 5511
f 5245 5471 5508
f 5245 5508 5510
f 4868 2647 4984
f 2647 4985 4984
f 4889 4984 4985
f 4986 4989 4987
f 4987 4989 4988
f 4987 4997 4985
f 4989 4990 4988
f 4989 4992 4990
f 4992 4991 4994
f 4995 4996 4991
f 4995 4991 4993
f 4994 4990 4992
f 4991 4996 4994
f 4990 4997 4988
f 4990 4994 4997
f 4988 4997 4987
f 4889 4985 5029
f 4985 4997 5029
f 4994 5030 4997
f 4993 4999 4995
f 4993 4998 4999
f 4998 5000 4999
f 4993 5001 4998
f 4998 5002 5000
f 5001 5002 4998
f 5000 5002 5003
f 5002 5004 5003
f 5001 5005 5002
f 5002 5005 5004
f 5005 5006 5007
f 5006 5008 5009
f 5006 5009 5007
f 5010 5008 5006
f 5010 5006 5013
f 5010 5011 5008
f 5010 5013 5011
f 5008 5011 5012
f 5013 5014 5011
f 5011 5014 5012
f 5014 5015 5012
f 5014 5016 5015
f 5016 5017 5015
f 5017 5016 5019
f 5018 5019 5016
f 5018 5020 5019
f 5018 5021 5020
f 5018 5024 5021
f 5018 5023 5022
f 5018 5022 5024
f 5022 5026 5024
f 4996 5165 4994
f 4995 5166 4996
f 4995 4999 5166
f 4999 5000 5166
f 5000 5003 5166
f 5003 5004 5166
f 5004 5005 5166
f 5007 5166 5005
f 5007 5009 5166
f 5008 5056 5009
f 5008 5012 5055
f 5012 5015 5055
f 5017 5055 5015
f 5017 5019 5055
f 5019 5020 5055
f 5022 5025 5026
f 5027 5026 5025
f 5028 5026 5027
f 5027 5049 5028
f 5049 5050 5028
f 4997 5030 5029
f 4914 5029 5120
f 5029 5030 5120
f 5030 5031 5120
f 4994 5127 5030
f 4994 5165 5127
f 5030 5127 5031
f 4903 5036 4906
f 4907 5032 5034
f 4906 5036 5032
f 4903 5039 5036
f 4903 5037 5040
f 4903 5040 5039
f 2685 4907 5033
f 4907 5034 5033
f 5032 5036 5034
f 5033 5035 2685
f 5033 5034 5036
f 5033 5036 5035
f 5036 5039 5044
f 4903 5046 5042
f 4903 5038 5037
f 4903 5042 5041
f 4903 5041 5038
f 5042 5046 5047
f 5038 5041 4946
f 5041 5042 5043
f 5042 5047 5043
f 5037 5234 5040
f 5038 5234 5037
f 5039 5040 5234
f 5035 5044 2685
f 5036 5044 5035
f 5044 5039 5045
f 4903 5137 5046
f 5046 5048 5047
f 4903 5138 5137
f 5046 5137 5048
f 4947 5047 5048
f 4947 5041 5043
f 4947 5043 5047
f 4903 5140 5138
f 5137 5139 5048
f 4948 5048 5139
f 5020 5021 5057
f 5021 5024 5057
f 5024 5026 5057
f 2779 5027 5025
f 5049 5052 5050
f 5050 5052 5051
f 5052 5054 5051
f 5052 5053 5054
f 2779 5049 5027
f 2778 5052 5049
f 5026 5028 5057
f 5028 5050 5096
f 5020 5058 5055
f 5020 5057 5058
f 5028 5096 5057
f 5008 5055 5056
f 4996 5166 5167
f 5009 5056 5166
f 4996 5167 5165
f 5056 5171 5166
f 5055 5171 5056
f 5057 5096 5058
f 5055 5059 5171
f 5055 5058 5059
f 5058 5100 5059
f 5059 5100 5101
f 5053 5061 5054
f 5053 5060 5061
f 5053 5062 5060
f 2778 5053 5052
f 5060 5062 5063
f 2778 5062 5053
f 2778 5063 5062
f 5060 5064 5061
f 5060 5063 5064
f 5064 5063 5065
f 5063 5067 5065
f 2778 5067 5063
f 2778 5068 5067
f 2778 2779 5068
f 5050 5051 5096
f 5051 5054 5098
f 5054 5061 5098
f 2779 5070 5068
f 5067 5066 5065
f 5067 5068 5066
f 5068 5069 5066
f 5068 5070 5069
f 5071 5069 5070
f 5072 5071 5070
f 5071 5072 5073
f 5075 5073 5072
f 5075 5074 5073
f 5061 5064 5098
f 5064 5065 5098
f 2781 5072 5070
f 2794 5075 5072
f 2805 5080 5075
f 5065 5066 5098
f 5066 5069 5098
f 5051 5098 5096
f 5071 5099 5069
f 5071 5073 5099
f 5073 5074 5099
f 5082 5099 5074
f 5076 5077 5078
f 5077 5079 5078
f 5078 5079 5089
f 5076 5083 5077
f 5076 5078 5083
f 5077 5084 5079
f 5079 5084 5089
f 5075 5080 5074
f 5080 5081 5074
f 5081 5082 5074
f 5078 5088 5087
f 5078 5087 5086
f 5078 5089 5088
f 5083 5084 5077
f 5084 5083 5085
f 5083 5294 5085
f 2824 5083 5078
f 2806 5081 5080
f 5087 5081 2824
f 5087 2824 5086
f 5078 5086 2824
f 5087 5082 5081
f 5087 5088 5082
f 2824 5293 5083
f 5084 5095 5089
f 5084 5085 5095
f 5089 5090 5088
f 5082 5088 5099
f 5090 5089 5095
f 5069 5099 5098
f 5091 5088 5090
f 5088 5091 5099
f 5090 5095 5094
f 5090 5093 5091
f 5092 5093 5090
f 5092 5090 5094
f 5092 5094 5093
f 5058 5096 5100
f 5096 5097 5100
f 5096 5098 5104
f 5096 5104 5097
f 5098 5099 5104
f 5097 5104 5102
f 5102 5104 5109
f 5097 5102 5100
f 5100 5179 5101
f 5100 5102 5179
f 5102 5181 5179
f 5102 5117 5181
f 5091 5104 5099
f 5094 5103 5093
f 5091 5093 5105
f 5093 5103 5105
f 5091 5105 5104
f 5104 5105 5106
f 5104 5106 5108
f 5106 5105 5107
f 5103 5113 5105
f 5105 5113 5107
f 5104 5108 5109
f 5106 5109 5108
f 5107 5112 5106
f 5094 5296 5103
f 5109 5106 5111
f 5106 5112 5111
f 5110 5111 5112
f 5107 5113 5112
f 5110 5112 5113
f 5110 5113 5114
f 5103 5296 5113
f 5113 5118 5114
f 5113 5296 5118
f 5109 5111 5102
f 5110 5102 5111
f 5110 5117 5102
f 5110 5114 5116
f 5115 5116 5114
f 5114 5119 5115
f 5110 5116 5117
f 5115 5119 5116
f 5119 5187 5116
f 5114 5118 5119
f 5118 5298 5119
f 5119 5190 5187
f 5119 5299 5190
f 4921 5120 4926
f 4926 5120 5121
f 5121 5120 5123
f 5031 5126 5120
f 5121 5123 5122
f 5122 5123 5124
f 4927 5122 5124
f 5120 5125 5123
f 4927 5124 5125
f 5123 5125 5124
f 5120 5126 5125
f 5031 5129 5126
f 5031 5128 5129
f 5031 5127 5128
f 5127 5165 5128
f 5126 5129 5136
f 5128 5168 5129
f 5129 5168 5136
f 4927 5125 5131
f 5125 5130 5131
f 5125 5126 5130
f 5126 5136 5130
f 5131 5133 5132
f 5130 5579 5131
f 5133 5135 5134
f 5131 5579 5133
f 5133 5579 5135
f 5130 5136 5581
f 5130 5581 5579
f 5136 5168 5581
f 5168 5594 5581
f 4903 5142 5140
f 5137 5138 5139
f 5138 5141 5139
f 4948 5139 5141
f 5140 5141 5138
f 5140 5143 5141
f 5140 5142 5143
f 5142 5144 5143
f 5145 5144 5142
f 5145 5146 5144
f 5145 5147 5146
f 5145 5148 5147
f 5147 5148 5149
f 5148 5150 5149
f 5149 5150 5151
f 5150 5152 5151
f 5145 5142 5403
f 5145 5403 5148
f 5150 5148 5403
f 5150 5403 5152
f 5153 5152 5403
f 5153 5403 5154
f 5154 5403 5155
f 5155 5403 5156
f 5156 5403 5157
f 5403 5162 5157
f 5154 5155 5313
f 5157 5159 5160
f 5157 5162 5158
f 5158 5159 5157
f 5158 5161 5159
f 5163 5162 5407
f 5158 5162 5163
f 5158 5163 5161
f 5155 5156 5313
f 5156 5157 5313
f 5161 5163 5415
f 5128 5165 5169
f 5166 5171 5167
f 5165 5167 5169
f 5167 5171 5170
f 5128 5169 5168
f 5167 5170 5169
f 5169 5170 5173
f 5171 5172 5170
f 5170 5172 5173
f 5172 5178 5173
f 5171 5174 5172
f 5172 5174 5176
f 5059 5174 5171
f 5059 5101 5174
f 5101 5175 5174
f 5174 5175 5183
f 5174 5183 5176
f 5172 5176 5177
f 5172 5177 5178
f 5176 5183 5177
f 5177 5183 5184
f 5168 5169 5657
f 5101 5179 5175
f 5175 5180 5183
f 5175 5179 5180
f 5179 5181 5182
f 5179 5182 5180
f 5181 5189 5182
f 5183 5185 5184
f 5180 5185 5183
f 5180 5186 5185
f 5180 5182 5186
f 5182 5189 5186
f 5117 5188 5181
f 5116 5188 5117
f 5116 5187 5188
f 5181 5188 5189
f 5187 5191 5188
f 5188 5191 5189
f 5191 5195 5189
f 5187 5190 5191
f 5190 5347 5191
f 5189 5192 5186
f 5192 5189 5195
f 5186 5192 5193
f 5192 5194 5193
f 5192 5195 5194
f 5194 5195 5197
f 5194 5197 5196
f 5197 5195 5203
f 5186 5194 5196
f 5193 5194 5186
f 5186 5196 5198
f 5196 5197 5202
f 5186 5198 5199
f 5186 5199 5200
f 5202 5199 5198
f 5199 5201 5200
f 5196 5202 5198
f 5197 5203 5202
f 5191 5203 5195
f 5191 5352 5203
f 5202 5203 5204
f 5202 5204 5224
f 5203 5352 5204
f 5205 5206 5207
f 5207 5206 5208
f 5207 5208 5209
f 5209 5210 5212
f 5209 5208 5210
f 5205 5207 5211
f 5205 5211 5206
f 5211 5213 5206
f 5207 5209 5211
f 5206 5214 5208
f 5206 5213 5214
f 5213 5215 5214
f 5213 5211 5216
f 5213 5216 5215
f 5215 5216 5217
f 5217 5216 5164
f 5225 5218 5211
f 5218 5227 5356
f 5223 5221 5219
f 5221 5224 5222
f 5219 5221 5220
f 5220 5221 5222
f 5222 5358 5229
f 5229 5358 5232
f 5200 5201 5221
f 5200 5221 5223
f 5202 5224 5199
f 5199 5224 5201
f 5201 5224 5221
f 5222 5224 5358
f 5204 5358 5224
f 5232 5358 5359
f 5228 5233 5232
f 5231 5232 5230
f 5230 5232 5233
f 5229 5232 5231
f 5225 5226 5218
f 5218 5226 5227
f 5227 5228 5356
f 2684 2685 5259
f 4946 5234 5038
f 5039 5234 5258
f 5039 5258 5257
f 5044 5259 2685
f 5044 5045 5257
f 5045 5039 5257
f 5044 5257 5259
f 4946 5041 4947
f 4947 5048 4948
f 4946 4951 5234
f 2939 5259 5262
f 2939 5265 5260
f 2939 5262 5265
f 5258 5234 5261
f 5261 5234 5266
f 5263 5266 5234
f 4951 5263 5234
f 2885 2963 5511
f 2963 2966 5511
f 4956 5253 5263
f 4956 5254 5253
f 4957 5289 5254
f 5290 5292 5245
f 5289 5292 5290
f 5235 5237 5236
f 5237 5238 5236
f 5237 5240 5238
f 5237 5239 5240
f 5237 5243 5239
f 5239 5241 5240
f 5240 5241 5242
f 5239 5243 5241
f 5244 5248 5245
f 5244 5246 5248
f 5245 5248 5255
f 5245 5255 5256
f 5245 5256 5290
f 5247 5250 5249
f 5247 5249 5246
f 5246 5249 5248
f 5249 5250 5252
f 5249 5252 5255
f 5249 5255 5248
f 5251 5252 5250
f 5260 5264 5251
f 5251 5264 5252
f 5253 5255 5263
f 5253 5254 5255
f 5254 5256 5255
f 5257 5262 5259
f 5258 5261 5257
f 5262 5257 5261
f 5261 5266 5262
f 5252 5264 5255
f 5264 5266 5267
f 5260 5265 5264
f 5265 5266 5264
f 5262 5266 5265
f 5263 5267 5266
f 5255 5264 5267
f 5255 5267 5263
f 5268 5269 5270
f 5269 5271 5270
f 5270 5271 5288
f 5270 5288 5287
f 5271 5269 5286
f 5241 5274 5242
f 5272 5287 5288
f 5272 5288 5273
f 5273 5281 5276
f 5272 5273 5276
f 5273 5288 5286
f 5274 5280 5242
f 5277 5242 5280
f 5274 5275 5279
f 5275 5276 5281
f 5277 5282 5278
f 5278 5282 5283
f 5274 5279 5280
f 5279 5281 5280
f 5279 5275 5281
f 5280 5281 5282
f 5273 5284 5281
f 5277 5280 5282
f 5283 5282 5284
f 5281 5284 5282
f 5273 5286 5284
f 5283 5284 5285
f 5284 5286 5285
f 5271 5286 5288
f 5254 5290 5256
f 5254 5289 5290
f 4951 4953 5263
f 2966 2972 5511
f 2972 2988 5511
f 4953 4956 5263
f 4956 4957 5254
f 4957 4979 5289
f 2988 5245 5510
f 5289 5291 5292
f 4979 5291 5289
f 5083 5293 5294
f 5235 5294 5293
f 2824 5235 5293
f 5085 5294 5303
f 5085 5303 5095
f 2824 5237 5235
f 2824 5243 5237
f 5235 5236 5294
f 5294 5236 5303
f 5095 5303 5295
f 5094 5095 5295
f 5094 5295 5296
f 5295 5297 5296
f 5118 5296 5298
f 5296 5297 5298
f 5119 5298 5299
f 5297 5299 5298
f 5297 5301 5299
f 5297 5300 5301
f 5300 5302 5301
f 5301 5302 5349
f 5295 5307 5297
f 5297 5304 5300
f 5300 5304 5302
f 5297 5307 5304
f 5302 5304 5309
f 5302 5309 5349
f 3047 5241 5243
f 3047 5274 5241
f 3047 5275 5274
f 5238 5240 5303
f 5236 5238 5303
f 5240 5242 5303
f 5242 5277 5303
f 5278 5306 5305
f 5295 5303 5307
f 5303 5304 5307
f 5277 5304 5303
f 5277 5305 5304
f 5305 5306 5312
f 5304 5305 5309
f 3040 5270 5287
f 3041 5287 5272
f 2891 5372 3039
f 3035 5276 5275
f 3044 5272 5276
f 5278 5283 5306
f 5277 5278 5305
f 5283 5285 5311
f 3039 5372 5269
f 2868 5376 5372
f 5283 5311 5306
f 5305 5312 5308
f 5305 5310 5309
f 5305 5308 5310
f 5308 5312 5380
f 5309 5310 5366
f 5308 5367 5310
f 5269 5362 5286
f 5285 5286 5361
f 5311 5285 5361
f 5306 5311 5312
f 5286 5362 5361
f 3525 5827 5376
f 5311 5374 5312
f 4960 5141 5143
f 4960 5143 5144
f 5144 5146 4960
f 4965 5146 5147
f 4965 5147 5149
f 4966 5149 5151
f 4966 5151 5152
f 5152 5153 4968
f 4968 5153 5154
f 4976 5154 5313
f 5157 5160 5326
f 5159 5328 5160
f 5159 5161 5328
f 4968 5154 4975
f 4975 5154 4976
f 5157 5326 5313
f 5161 5451 5328
f 5160 5325 5326
f 5160 5328 5325
f 5216 5314 5164
f 5164 5314 5315
f 5315 5314 5317
f 5315 5317 5316
f 5292 5471 5245
f 4979 5318 5291
f 5292 5291 5319
f 5318 5319 5291
f 4981 5320 4979
f 4979 5320 5318
f 4981 4982 5323
f 4981 5322 5320
f 5318 5320 5321
f 5318 5321 5319
f 4976 5313 5327
f 4976 5331 4978
f 4976 5327 5331
f 5313 5326 5327
f 5328 5451 5329
f 4982 4983 5330
f 5292 5319 5471
f 4978 5331 4983
f 4981 5323 5322
f 5320 5322 5321
f 4982 5330 5323
f 4983 5331 5330
f 5321 5322 5324
f 5321 5471 5319
f 5324 5467 5321
f 5321 5467 5469
f 5322 5323 5324
f 5323 5330 5324
f 5324 5330 5332
f 5325 5327 5326
f 5325 5329 5327
f 5328 5329 5325
f 5330 5331 5333
f 5330 5333 5332
f 5331 5334 5333
f 5334 5327 5329
f 5331 5327 5334
f 5334 5329 5335
f 5333 5334 5335
f 5324 5332 5467
f 5329 5467 5335
f 5332 5333 5467
f 5335 5467 5333
f 5316 5317 5337
f 5337 5340 5316
f 5337 5357 5336
f 5336 5357 5339
f 5336 5339 5341
f 5338 5341 5339
f 5337 5336 5340
f 5336 5343 5340
f 5338 5342 5341
f 5341 5342 5343
f 5336 5341 5343
f 5338 5344 5345
f 5338 5345 5342
f 5340 5343 5346
f 5338 5339 5368
f 5344 5378 5345
f 5338 5382 5344
f 5190 5299 5347
f 5299 5301 5347
f 5301 5350 5347
f 5191 5347 5348
f 5347 5350 5348
f 5301 5349 5350
f 5349 5351 5350
f 5191 5348 5352
f 5348 5350 5353
f 5348 5353 5352
f 5204 5352 5358
f 5352 5353 5359
f 5350 5354 5353
f 5350 5351 5354
f 5353 5354 5355
f 5353 5355 5359
f 5309 5365 5349
f 5349 5365 5351
f 5351 5365 5354
f 5354 5363 5355
f 5216 5211 5314
f 5211 5218 5314
f 5218 5317 5314
f 5218 5356 5337
f 5218 5337 5317
f 5337 5356 5357
f 5232 5359 5357
f 5352 5359 5358
f 5355 5360 5359
f 5228 5232 5357
f 5228 5357 5356
f 5359 5360 5363
f 5355 5363 5360
f 5354 5365 5363
f 5357 5359 5363
f 5308 5380 5367
f 5309 5366 5365
f 5310 5367 5366
f 5269 5372 5362
f 5311 5361 5371
f 5311 5371 5374
f 5312 5374 5379
f 5312 5379 5380
f 5361 5362 5371
f 5362 5372 5371
f 5357 5363 5364
f 5368 5370 5369
f 5369 5381 5382
f 5368 5369 5382
f 5363 5365 5369
f 5365 5366 5369
f 5364 5369 5370
f 5363 5369 5364
f 5366 5367 5369
f 5367 5381 5369
f 5339 5357 5370
f 5339 5370 5368
f 5357 5364 5370
f 5372 5374 5371
f 5372 5376 5374
f 5373 5375 5378
f 5376 5378 5375
f 5344 5373 5378
f 5373 5344 5382
f 5374 5376 5379
f 5376 5375 5379
f 5379 5381 5380
f 5367 5380 5381
f 5379 5382 5381
f 5373 5382 5375
f 5375 5382 5379
f 5338 5368 5382
f 5378 5377 5812
f 5345 5378 5811
f 5376 5824 5378
f 5377 5378 5824
f 3935 5385 5384
f 3935 5383 5385
f 5383 5388 5389
f 5383 5389 5385
f 3938 5384 5386
f 5384 5385 5386
f 3938 5387 3945
f 3938 5386 5387
f 5385 5389 5386
f 5386 5389 5393
f 5386 5426 5387
f 4930 5390 5391
f 5388 5391 5389
f 5391 5395 5389
f 4930 5392 5390
f 5135 5578 5392
f 5392 5578 5580
f 5580 5585 5392
f 5585 5586 5392
f 5390 5395 5391
f 5390 5392 5395
f 5392 5396 5395
f 5588 5392 5586
f 5392 5588 5396
f 5389 5395 5394
f 5389 5394 5393
f 5386 5393 5426
f 5393 5394 5426
f 5395 5396 5397
f 5394 5395 5397
f 5396 5597 5397
f 5394 5397 5428
f 5398 4942 5399
f 5398 5399 5401
f 5399 5400 5401
f 5400 5403 5401
f 5400 5402 5403
f 5404 5403 5402
f 5399 5419 5400
f 5400 5419 5402
f 5402 5416 5410
f 5402 5410 5404
f 5404 5410 5408
f 5404 5408 5405
f 5408 5410 5412
f 5411 5413 5412
f 5411 5414 5413
f 5410 5409 5412
f 5409 5411 5412
f 5412 5413 5406
f 5408 5412 5405
f 5407 5413 5414
f 5412 5406 5405
f 5407 5406 5413
f 5402 5419 5416
f 5409 5416 5417
f 5409 5417 5418
f 4942 5460 5399
f 5399 5452 5419
f 5416 5419 5417
f 5421 5418 5417
f 5410 5416 5409
f 5409 5418 5411
f 5419 5420 5417
f 5420 5421 5417
f 5452 5399 5455
f 5419 5452 5420
f 5420 5453 5421
f 3945 5387 5426
f 5422 5426 5427
f 3945 5426 5422
f 3946 5422 5423
f 3946 5423 5424
f 5422 5427 5423
f 5425 5523 5518
f 5423 5429 5424
f 5424 5433 5425
f 5425 5438 5523
f 5394 5428 5426
f 5426 5428 5427
f 5397 5642 5428
f 5427 5428 5429
f 5428 5648 5429
f 5428 5642 5648
f 5423 5427 5429
f 5424 5429 5433
f 5425 5433 5438
f 5438 5439 5523
f 5440 5523 5439
f 5523 5440 5441
f 5443 5523 5441
f 5443 5444 5523
f 5523 5444 5445
f 5523 5445 5446
f 5429 5431 5430
f 5430 5431 5432
f 5430 5435 5429
f 5430 5432 5435
f 5429 5435 5433
f 5432 5434 5435
f 5433 5435 5436
f 5435 5434 5436
f 5434 5437 5436
f 5431 5429 5663
f 5432 5431 5663
f 5429 5648 5663
f 5432 5663 5434
f 5434 5678 5437
f 5434 5663 5665
f 5434 5665 5677
f 5433 5436 5438
f 5436 5437 5438
f 5434 5677 5678
f 5438 5447 5439
f 5440 5442 5441
f 5441 5442 5443
f 5448 5444 5442
f 5442 5444 5443
f 5448 5445 5444
f 5437 5447 5438
f 5437 5678 5447
f 5439 5678 5440
f 5442 5440 5678
f 5439 5447 5678
f 5678 5448 5442
f 5448 5678 5679
f 5448 5679 5449
f 5445 5448 5449
f 5445 5449 5446
f 5446 5449 5687
f 3754 4081 5516
f 3757 5516 5517
f 3757 5517 5530
f 3757 5530 5532
f 3757 5532 5535
f 3757 5535 5540
f 5536 3757 5540
f 5421 5502 5418
f 5414 5465 5415
f 5414 5411 5502
f 5415 5465 5450
f 5411 5418 5502
f 5414 5464 5465
f 5414 5502 5464
f 5450 5465 5451
f 5463 5556 5507
f 5399 5460 5457
f 5459 4942 5536
f 4942 5459 5460
f 5454 5455 5456
f 5421 5454 5502
f 5454 5456 5502
f 5420 5452 5453
f 5421 5453 5454
f 5455 5399 5457
f 5452 5455 5453
f 5455 5454 5453
f 5455 5457 5456
f 5456 5457 5458
f 5457 5462 5458
f 5459 5461 5460
f 5457 5460 5462
f 5462 5463 5458
f 5460 5463 5462
f 5461 5463 5460
f 5456 5458 5502
f 5458 5463 5507
f 5458 5507 5502
f 5928 5495 5930
f 5493 5928 5927
f 5495 5931 5930
f 5495 5933 5931
f 5495 5963 5933
f 5493 5495 5928
f 5451 5468 5467
f 5464 5503 5465
f 5465 5466 5468
f 5465 5505 5466
f 5466 5505 5470
f 5465 5468 5451
f 5321 5469 5471
f 5469 5467 5468
f 5466 5470 5469
f 5469 5470 5471
f 5470 5505 5471
f 5466 5469 5468
f 5472 5506 5504
f 5472 5509 5506
f 5477 5504 5502
f 5472 5504 5477
f 5472 5477 5488
f 5474 5473 5502
f 5473 5478 5502
f 5473 5475 5478
f 5473 5474 5475
f 5474 5476 5475
f 5474 5507 5556
f 5478 5483 5502
f 5477 5502 5483
f 5477 5483 5489
f 5475 5479 5478
f 5475 5476 5480
f 5475 5480 5479
f 5479 5480 5481
f 5478 5479 5483
f 5479 5481 5483
f 5481 5482 5483
f 5474 5556 5476
f 5476 5556 5480
f 5480 5556 5481
f 5483 5482 5484
f 5482 5485 5484
f 5483 5484 5486
f 5484 5485 5490
f 5482 5495 5485
f 5484 5490 5486
f 5483 5486 5492
f 5490 5485 5491
f 5495 5964 5963
f 5472 5515 5514
f 5472 5487 5515
f 5488 5489 5472
f 5472 5489 5487
f 5477 5489 5488
f 5489 5483 5492
f 5481 5981 5482
f 5485 5495 5491
f 5486 5490 5492
f 5491 5494 5490
f 5491 5495 5493
f 5490 5494 5492
f 5491 5493 5494
f 5492 5494 5493
f 5496 5495 5497
f 5495 5496 5964
f 5496 5498 5965
f 5498 5500 5965
f 5965 5500 5558
f 5496 5497 5498
f 5497 5499 5498
f 5500 5499 5501
f 5498 5499 5500
f 5558 5500 5501
f 5464 5502 5503
f 5502 5504 5503
f 5465 5503 5505
f 5503 5506 5505
f 5503 5504 5506
f 5505 5506 5509
f 5507 5474 5502
f 5505 5508 5471
f 5505 5509 5508
f 5509 5472 5514
f 5509 5510 5508
f 5509 5514 5512
f 5509 5513 5511
f 5509 5512 5513
f 5509 5511 5510
f 5531 5530 5517
f 5518 5523 5519
f 5521 5520 5524
f 4120 5521 5525
f 5520 5522 5524
f 5519 5539 5520
f 5520 5539 5522
f 5521 5524 5525
f 5519 5523 5538
f 5519 5538 5539
f 5524 5522 5548
f 5522 5539 5547
f 5547 5548 5522
f 5524 5548 5525
f 5525 5548 5562
f 5993 4081 3980
f 4081 5993 5516
f 5994 3980 5971
f 5996 5993 3980
f 3980 5994 5996
f 5516 5993 5517
f 5531 5517 5993
f 4120 5527 4126
f 4120 5525 5527
f 4126 5527 5528
f 4126 5528 5526
f 5525 5562 5527
f 5526 5528 5565
f 5527 5562 5528
f 5528 5563 5564
f 5563 5528 5562
f 5528 5564 5565
f 5526 5565 5529
f 5536 5537 5461
f 5461 5537 5556
f 5530 5531 5533
f 5531 5534 5533
f 5530 5533 5532
f 5532 5533 5535
f 5536 5540 5541
f 5537 5541 5556
f 5544 5545 5556
f 5545 5546 5556
f 5541 5544 5556
f 5536 5541 5537
f 5459 5536 5461
f 5461 5556 5463
f 5446 5538 5523
f 5446 5552 5538
f 5552 5539 5538
f 5539 5552 5553
f 5535 5542 5540
f 5540 5544 5541
f 5542 5543 5540
f 5543 5542 5545
f 5540 5543 5545
f 5540 5545 5544
f 5545 5542 5546
f 5549 5548 5547
f 5549 5550 5548
f 5548 5550 5561
f 5550 5551 5561
f 5549 5555 5550
f 5550 5555 5551
f 5547 5539 5553
f 5547 5553 5549
f 5553 5555 5549
f 5551 5555 5572
f 5446 5687 5552
f 5552 5687 5851
f 5552 5851 5852
f 5552 5852 5553
f 5553 5852 5856
f 5555 5573 5572
f 5555 5554 5573
f 5553 5856 5555
f 5555 5856 5554
f 5554 5856 5573
f 5573 5856 5874
f 5546 5983 5556
f 5531 5991 5534
f 5534 5991 5533
f 5533 5991 5535
f 5535 5991 5542
f 5542 5991 5546
f 5556 5983 5982
f 5556 5982 5981
f 5481 5556 5981
f 5981 5495 5482
f 5495 5981 5497
f 5499 5979 5501
f 5981 5499 5497
f 5557 5501 5979
f 5557 5558 5501
f 5558 5557 5560
f 5557 5559 5560
f 5560 5559 5985
f 5546 5992 5983
f 5531 5993 5991
f 5991 5992 5546
f 5548 5561 5562
f 5551 5572 5561
f 5561 5572 5562
f 5562 5572 5563
f 5563 5567 5564
f 5563 5572 5574
f 5563 5574 5566
f 5567 5565 5564
f 5565 5567 5529
f 5567 5563 5568
f 5563 5566 5568
f 5529 5567 5570
f 5569 6009 5570
f 5567 5568 5569
f 5567 5569 5570
f 5566 5571 5568
f 5568 5571 5569
f 5569 5571 6009
f 5566 5574 5576
f 5566 5576 5571
f 5571 5577 6030
f 5572 5573 5574
f 5574 5575 5576
f 5573 5575 5574
f 5573 5874 5575
f 5571 5576 5577
f 5575 5877 5576
f 5576 5877 5878
f 5576 5878 5577
f 5577 5879 6045
f 5577 5878 5879
f 5135 5579 5578
f 5578 5579 5584
f 5578 5584 5580
f 5579 5589 5584
f 5579 5583 5582
f 5579 5581 5594
f 5579 5582 5589
f 5579 5592 5583
f 5579 5594 5592
f 5582 5583 5591
f 5584 5585 5580
f 5584 5586 5585
f 5586 5587 5588
f 5584 5589 5586
f 5586 5589 5587
f 5587 5589 5593
f 5587 5593 5588
f 5582 5590 5589
f 5589 5590 5593
f 5590 5591 5593
f 5582 5591 5590
f 5583 5592 5591
f 5588 5593 5591
f 5591 5592 5595
f 5592 5594 5595
f 5168 5596 5594
f 5168 5657 5596
f 5396 5588 5597
f 5588 5591 5600
f 5594 5596 5595
f 5591 5595 5598
f 5591 5598 5600
f 5588 5600 5597
f 5595 5596 5598
f 5596 5599 5598
f 5397 5597 5642
f 5597 5600 5601
f 5598 5599 5600
f 5596 5603 5599
f 5600 5602 5601
f 5599 5602 5600
f 5601 5602 5603
f 5599 5603 5602
f 5597 5601 5643
f 5603 5643 5601
f 5596 5657 5603
f 5404 5162 5403
f 5404 5405 5162
f 5162 5405 5406
f 5406 5407 5162
f 5163 5407 5414
f 5163 5414 5415
f 5161 5415 5450
f 5169 5173 5662
f 5173 5178 5706
f 5169 5662 5657
f 5173 5661 5662
f 5173 5706 5661
f 5177 5714 5178
f 5209 5212 5605
f 5211 5209 5604
f 5209 5605 5604
f 5210 5208 5744
f 5208 5214 5744
f 5210 5744 5212
f 5214 5215 5744
f 5215 5217 5746
f 5605 5212 5606
f 5212 5744 5606
f 5215 5745 5744
f 5211 5614 5225
f 5225 5616 5226
f 5211 5604 5607
f 5211 5607 5610
f 5211 5610 5612
f 5211 5612 5614
f 5604 5605 5607
f 5225 5614 5616
f 5228 5616 5617
f 5233 5617 5623
f 5606 5608 5605
f 5606 5744 5618
f 5177 5184 5714
f 5184 5185 5717
f 5185 5186 5717
f 5229 5231 5623
f 5222 5630 5220
f 5186 5200 5717
f 5223 5219 5630
f 5219 5220 5630
f 5200 5223 5717
f 5616 5228 5227
f 5226 5616 5227
f 5228 5617 5233
f 5230 5233 5623
f 5230 5623 5231
f 5222 5229 5630
f 5229 5623 5625
f 5229 5625 5628
f 5184 5717 5714
f 5178 5714 5706
f 5605 5608 5607
f 5607 5608 5609
f 5607 5609 5610
f 5610 5609 5611
f 5610 5611 5612
f 5611 5613 5612
f 5612 5613 5615
f 5612 5615 5614
f 5614 5615 5616
f 5616 5615 5617
f 5623 5617 5615
f 5606 5609 5608
f 5606 5618 5609
f 5609 5618 5620
f 5618 5744 5619
f 5618 5619 5622
f 5609 5620 5611
f 5611 5620 5613
f 5613 5620 5621
f 5618 5621 5620
f 5613 5621 5615
f 5621 5634 5615
f 5618 5622 5621
f 5621 5622 5635
f 5622 5749 5635
f 5615 5624 5623
f 5623 5624 5625
f 5624 5626 5625
f 5626 5627 5625
f 5625 5627 5628
f 5627 5629 5628
f 5629 5632 5628
f 5630 5628 5632
f 5630 5632 5631
f 5631 5632 5633
f 5615 5634 5624
f 5624 5634 5626
f 5626 5634 5627
f 5621 5635 5634
f 5627 5634 5636
f 5627 5636 5629
f 5634 5635 5636
f 5635 5638 5636
f 5629 5636 5632
f 5636 5638 5637
f 5632 5636 5637
f 5632 5639 5633
f 5632 5637 5639
f 5633 5639 5640
f 5638 5639 5637
f 5638 5641 5639
f 5640 5639 5641
f 5638 5640 5641
f 5638 5760 5640
f 5223 5630 5631
f 5229 5628 5630
f 5223 5631 5708
f 5223 5708 5717
f 5597 5647 5642
f 5643 5645 5597
f 5597 5645 5647
f 5603 5644 5643
f 5643 5644 5645
f 5642 5647 5646
f 5642 5646 5649
f 5644 5650 5645
f 5645 5650 5647
f 5646 5647 5650
f 5646 5650 5649
f 5642 5654 5648
f 5642 5649 5652
f 5642 5652 5654
f 5649 5650 5651
f 5649 5651 5652
f 5651 5653 5652
f 5648 5654 5659
f 5652 5653 5654
f 5654 5655 5659
f 5655 5656 5659
f 5603 5658 5644
f 5603 5657 5658
f 5644 5658 5650
f 5650 5658 5651
f 5651 5658 5660
f 5658 5662 5660
f 5651 5660 5653
f 5653 5660 5654
f 5654 5660 5655
f 5655 5660 5656
f 5657 5662 5658
f 5656 5660 5666
f 5661 5707 5662
f 5660 5707 5691
f 5660 5662 5707
f 5648 5659 5663
f 5663 5667 5664
f 5663 5664 5675
f 5663 5676 5665
f 5665 5676 5677
f 5676 5678 5677
f 5656 5663 5659
f 5656 5666 5663
f 5666 5667 5663
f 5664 5667 5670
f 5667 5669 5668
f 5667 5668 5670
f 5666 5675 5667
f 5668 5669 5674
f 5670 5668 5673
f 5664 5670 5671
f 5671 5675 5664
f 5663 5675 5676
f 5670 5672 5671
f 5673 5674 5672
f 5668 5674 5673
f 5670 5673 5672
f 5671 5672 5675
f 5672 5674 5675
f 5667 5675 5669
f 5669 5675 5674
f 5675 5688 5676
f 5678 5676 5688
f 5678 5681 5679
f 5678 5682 5681
f 5449 5679 5680
f 5681 5680 5679
f 5681 5683 5680
f 5681 5682 5683
f 5680 5683 5684
f 5678 5688 5682
f 5683 5685 5684
f 5682 5688 5683
f 5449 5680 5687
f 5680 5684 5687
f 5684 5685 5687
f 5686 5687 5685
f 5688 5685 5683
f 5688 5686 5685
f 5688 5695 5686
f 5686 5695 5689
f 5686 5689 5687
f 5687 5689 5853
f 5660 5690 5666
f 5666 5690 5675
f 5675 5694 5688
f 5675 5690 5692
f 5675 5692 5694
f 5660 5691 5690
f 5690 5691 5692
f 5707 5693 5691
f 5691 5693 5692
f 5692 5693 5697
f 5692 5697 5694
f 5693 5725 5697
f 5697 5725 5704
f 5688 5694 5697
f 5688 5697 5695
f 5689 5695 5698
f 5695 5697 5699
f 5689 5696 5853
f 5689 5698 5696
f 5695 5699 5698
f 5699 5697 5700
f 5697 5702 5700
f 5697 5701 5702
f 5698 5699 5700
f 5698 5700 5703
f 5697 5704 5701
f 5700 5702 5703
f 5702 5701 5727
f 5702 5727 5703
f 5701 5704 5726
f 5701 5726 5727
f 5698 5705 5858
f 5696 5698 5858
f 5698 5703 5705
f 5703 5727 5705
f 5705 5906 5858
f 5661 5706 5707
f 5707 5706 5723
f 5706 5714 5724
f 5631 5633 5709
f 5631 5709 5708
f 5708 5710 5712
f 5708 5709 5710
f 5708 5712 5711
f 5708 5711 5717
f 5633 5640 5713
f 5633 5713 5709
f 5709 5722 5710
f 5709 5713 5722
f 5713 5891 5722
f 5714 5717 5715
f 5714 5715 5718
f 5712 5716 5715
f 5711 5712 5715
f 5711 5715 5717
f 5714 5718 5724
f 5715 5716 5721
f 5715 5721 5718
f 5721 5720 5718
f 5719 5718 5720
f 5718 5719 5724
f 5720 5732 5719
f 5716 5722 5721
f 5721 5722 5720
f 5710 5722 5712
f 5712 5722 5716
f 5720 5892 5733
f 5720 5722 5892
f 5707 5723 5693
f 5706 5724 5723
f 5693 5723 5725
f 5723 5724 5730
f 5719 5730 5724
f 5719 5731 5730
f 5731 5719 5732
f 5723 5730 5725
f 5704 5725 5726
f 5726 5728 5727
f 5725 5731 5726
f 5726 5732 5728
f 5732 5729 5728
f 5725 5730 5731
f 5732 5726 5731
f 5732 5733 5905
f 5732 5905 5729
f 5720 5733 5732
f 5733 5892 5902
f 5705 5727 5728
f 5705 5728 5729
f 5705 5729 5905
f 5705 5905 5906
f 5161 5450 5451
f 5315 5316 5805
f 5329 5451 5467
f 5316 5340 5805
f 5340 5346 5805
f 5342 5811 5343
f 5345 5811 5342
f 5343 5811 5346
f 5734 5735 5736
f 5736 5735 5737
f 5736 5737 5738
f 5740 5737 5735
f 5738 5737 5739
f 5740 5739 5737
f 5831 5734 5736
f 5738 5833 5736
f 5831 5844 5734
f 5738 5741 5833
f 5831 5736 5833
f 5844 5845 5734
f 5742 5845 5850
f 5826 6080 5865
f 5734 5845 5735
f 5740 5735 5845
f 5739 5740 5742
f 5738 5739 5741
f 5739 5743 5741
f 5739 5742 5743
f 5740 5845 5742
f 5850 5867 5742
f 5833 5741 5870
f 5872 5867 5847
f 5821 5864 5872
f 5821 5865 5864
f 5215 5746 5745
f 5217 5164 5805
f 5744 5745 5747
f 5744 5747 5748
f 5745 5750 5747
f 5745 5746 5774
f 5745 5774 5751
f 5164 5315 5805
f 5217 5805 5746
f 5746 5778 5774
f 5746 5805 5778
f 5619 5744 5748
f 5619 5748 5749
f 5747 5750 5748
f 5619 5749 5622
f 5635 5749 5756
f 5748 5752 5749
f 5749 5752 5753
f 5749 5757 5756
f 5749 5753 5757
f 5745 5754 5750
f 5745 5751 5754
f 5748 5750 5754
f 5751 5774 5754
f 5748 5754 5752
f 5752 5754 5753
f 5754 5775 5755
f 5753 5754 5755
f 5753 5755 5765
f 5755 5776 5765
f 5635 5756 5758
f 5635 5758 5638
f 5757 5758 5756
f 5757 5764 5758
f 5758 5764 5766
f 5638 5758 5759
f 5638 5759 5760
f 5640 5760 5761
f 5759 5761 5760
f 5759 5763 5761
f 5761 5763 5640
f 5640 5763 5769
f 5758 5762 5759
f 5759 5762 5763
f 5758 5766 5762
f 5762 5766 5767
f 5763 5762 5769
f 5762 5767 5769
f 5757 5753 5764
f 5753 5765 5764
f 5764 5797 5766
f 5764 5765 5797
f 5766 5768 5767
f 5770 5768 5771
f 5771 5773 5770
f 5771 5772 5773
f 5754 5774 5775
f 5774 5778 5775
f 5755 5775 5776
f 5775 5780 5777
f 5775 5778 5780
f 5775 5777 5776
f 5776 5777 5782
f 5777 5780 5789
f 5778 5779 5780
f 5779 5781 5780
f 5780 5781 5790
f 5780 5790 5789
f 5781 5828 5790
f 5765 5776 5782
f 5777 5783 5782
f 5777 5789 5783
f 5782 5783 5799
f 5783 5784 5799
f 5783 5789 5784
f 5801 5804 5787
f 5784 5788 5804
f 5784 5786 5788
f 5786 5793 5785
f 5787 5804 5788
f 5787 5896 5801
f 5788 5786 5787
f 5786 5785 5787
f 5784 5789 5791
f 5789 5790 5791
f 5790 5828 5829
f 5790 5795 5791
f 5790 5829 5795
f 5784 5791 5786
f 5791 5792 5793
f 5792 5796 5794
f 5791 5796 5792
f 5786 5791 5793
f 5792 5794 5793
f 5793 5896 5785
f 5794 5896 5793
f 5787 5785 5896
f 5794 5835 5896
f 5791 5795 5796
f 5794 5796 5843
f 5795 5837 5796
f 5794 5843 5835
f 5835 5840 5897
f 5765 5782 5797
f 5766 5798 5768
f 5768 5798 5771
f 5771 5798 5772
f 5766 5797 5798
f 5770 5773 5801
f 5772 5802 5773
f 5798 5797 5800
f 5772 5798 5800
f 5782 5799 5797
f 5800 5797 5799
f 5772 5800 5802
f 5801 5773 5803
f 5802 5803 5773
f 5799 5802 5800
f 5784 5804 5799
f 5799 5804 5802
f 5801 5803 5804
f 5802 5804 5803
f 5778 5806 5779
f 5778 5805 5806
f 5779 5806 5808
f 5779 5808 5809
f 5809 5810 5828
f 5378 5812 5811
f 5812 5377 5814
f 5346 5806 5805
f 5806 5346 5807
f 5807 5346 5811
f 5376 5825 5824
f 5377 5824 5814
f 5376 5827 5825
f 5806 5807 5808
f 5807 5812 5808
f 5808 5812 5809
f 5809 5812 5810
f 5807 5811 5812
f 5810 5812 5813
f 5812 5814 5813
f 5813 5814 5815
f 5816 5815 5818
f 5816 5818 5819
f 5819 5817 5816
f 5818 5821 5819
f 5820 5817 5819
f 5822 5819 5823
f 5819 5821 5823
f 5814 5824 5815
f 5824 5818 5815
f 5818 5824 5821
f 5821 5824 5826
f 5824 5825 5826
f 5827 6079 6080
f 5825 5827 6080
f 5825 6080 5826
f 5831 5846 5844
f 5820 5819 5830
f 5822 5830 5819
f 5822 5848 5831
f 5831 5848 5846
f 5779 5809 5781
f 5781 5809 5828
f 5810 5829 5828
f 5815 5834 5829
f 5816 5836 5834
f 5813 5829 5810
f 5813 5815 5829
f 5815 5816 5834
f 5817 5836 5816
f 5817 5820 5838
f 5817 5838 5836
f 5795 5829 5834
f 5831 5832 5830
f 5831 5833 5832
f 5830 5841 5838
f 5795 5834 5839
f 5795 5839 5837
f 5796 5837 5843
f 5835 5843 5840
f 5834 5836 5839
f 5840 5839 5836
f 5839 5840 5837
f 5838 5842 5836
f 5836 5842 5840
f 5840 5843 5837
f 5838 5841 5842
f 5830 5832 5841
f 5822 5831 5830
f 5820 5830 5838
f 5822 5849 5848
f 5846 5847 5850
f 5846 5848 5847
f 5847 5848 5849
f 5822 5823 5849
f 5846 5850 5844
f 5845 5844 5850
f 5821 5872 5823
f 5823 5872 5849
f 5849 5872 5847
f 5850 5847 5867
f 5821 5826 5865
f 5687 5853 5851
f 5851 5853 5852
f 5852 5854 5856
f 5852 5853 5854
f 5854 5855 5856
f 5856 5857 5874
f 5855 5857 5856
f 5855 5861 5857
f 5857 5861 5875
f 5853 5859 5854
f 5696 5859 5853
f 5854 5859 5855
f 5855 5859 5860
f 5858 5906 5859
f 5859 5906 5908
f 5696 5858 5859
f 5859 5862 5860
f 5859 5908 5862
f 5855 5860 5861
f 5860 5862 5863
f 5860 5863 5861
f 5862 5908 5910
f 5862 5910 5863
f 5861 5863 5881
f 5863 5910 5882
f 5882 5910 5915
f 5741 5743 5870
f 5867 5743 5742
f 5743 5868 5870
f 5867 5868 5743
f 5864 5865 6128
f 5864 6128 5866
f 5864 5866 5871
f 5868 5867 5869
f 5868 5869 5871
f 5871 5870 5868
f 5869 5867 5873
f 5873 5867 5872
f 5864 5873 5872
f 5864 5869 5873
f 5869 5864 5871
f 5870 5871 6132
f 5871 5866 6132
f 5575 5874 5875
f 5575 5876 5877
f 5857 5875 5874
f 5575 5875 5876
f 5876 5884 5877
f 5877 5880 5878
f 5878 5880 5879
f 5877 5884 5880
f 5879 5880 6174
f 5875 5881 5876
f 5861 5881 5875
f 5876 5881 5884
f 5881 5883 5884
f 5863 5882 5881
f 5881 5882 5883
f 5882 5915 5886
f 5882 5886 5883
f 5888 6177 6175
f 5880 5884 5885
f 5883 5885 5884
f 5880 5885 6174
f 5885 5889 6174
f 5886 5916 5887
f 5883 5887 5885
f 5885 5887 5889
f 5883 5886 5887
f 5888 6175 5889
f 5887 6177 5888
f 5887 5888 5889
f 5713 5640 5769
f 5769 5767 5713
f 5713 5767 5768
f 5713 5768 5890
f 5713 5890 5891
f 5890 5768 5770
f 5890 5770 5901
f 5890 5901 5895
f 5722 5891 5893
f 5890 5893 5891
f 5722 5893 5892
f 5892 5893 5903
f 5890 5894 5893
f 5890 5898 5894
f 5893 5894 5903
f 5801 5895 5901
f 5801 5896 5895
f 5890 5895 5898
f 5895 5896 5897
f 5835 5897 5896
f 5840 5911 5897
f 5895 5897 5912
f 5897 5911 5912
f 5895 5900 5898
f 5894 5898 5899
f 5898 5900 5899
f 5895 5912 5900
f 5770 5801 5901
f 5733 5902 5907
f 5902 5904 5909
f 5892 5903 5902
f 5902 5903 5904
f 5900 5904 5903
f 5894 5899 5903
f 5905 5907 5906
f 5906 5907 5908
f 5733 5907 5905
f 5902 5909 5907
f 5907 5910 5908
f 5907 5909 5910
f 5900 5915 5904
f 5899 5900 5903
f 5909 5915 5910
f 5904 5915 5909
f 5832 6132 5841
f 5832 5833 6132
f 5841 6132 5842
f 5840 5842 5914
f 5840 5914 5911
f 5900 5912 5916
f 5911 5916 5912
f 5833 5870 6132
f 5842 6132 5913
f 5842 5913 6176
f 5842 6176 5914
f 5911 5914 5916
f 5914 6176 6177
f 5886 5900 5916
f 5886 5915 5900
f 5914 6177 5916
f 5887 5916 6177
f 2456 4271 4273
f 4314 4272 4944
f 3367 5935 3366
f 3367 3403 5935
f 3363 5948 3361
f 3358 3361 5951
f 3363 3366 5948
f 3402 5934 3403
f 5934 3402 3466
f 3468 3469 5936
f 3469 3474 5936
f 3462 3463 5934
f 3463 3464 5934
f 5934 3466 3462
f 3468 5936 3464
f 5936 3474 5937
f 3474 5939 5937
f 5934 3464 5936
f 3474 5943 5939
f 3418 5919 5918
f 5918 5919 5923
f 3294 5951 5954
f 3294 5954 5952
f 3403 5934 5935
f 5935 5948 3366
f 5948 5950 3361
f 3361 5950 5951
f 3289 5952 6065
f 4314 4943 5928
f 4314 5928 5920
f 4313 4314 5921
f 4314 5920 5921
f 5920 5929 5921
f 5920 5928 5929
f 5921 5929 5930
f 5921 5930 5932
f 3474 5922 5942
f 3474 5942 5943
f 5922 5947 5942
f 5922 5949 5947
f 4412 6063 5958
f 5958 6063 5957
f 5922 5955 5949
f 5922 5957 6062
f 5919 5925 5923
f 5925 5924 5923
f 5924 5925 5927
f 5924 5927 5926
f 5926 5927 5928
f 5928 5930 5929
f 5930 5931 5932
f 5931 5933 5932
f 5934 5936 5935
f 5938 5935 5937
f 5936 5937 5935
f 5937 5940 5938
f 5937 5939 5940
f 5939 5941 5940
f 6065 6062 3284
f 3284 6062 6063
f 6064 3284 6063
f 5939 5943 5941
f 5938 5946 5935
f 5938 5940 5946
f 5941 5946 5940
f 5941 5943 5945
f 5942 5944 5943
f 5943 5944 5945
f 5945 5946 5941
f 5942 5946 5944
f 5944 5946 5945
f 5946 5948 5935
f 5942 5947 5946
f 5947 5948 5946
f 5947 5949 5948
f 5948 5949 5950
f 5950 5949 5955
f 5951 5950 5954
f 5955 5954 5950
f 5952 5954 5953
f 5954 5955 5953
f 3461 4418 3471
f 4418 3470 3471
f 3472 3470 5956
f 3472 5956 3474
f 3470 4412 5956
f 3474 5956 5957
f 5922 3474 5957
f 5958 5957 5956
f 3250 5960 5959
f 3250 6064 5960
f 3524 5962 6080
f 3524 5959 5962
f 3525 6079 5827
f 3524 6080 6079
f 5959 5960 5961
f 5960 6054 5961
f 5959 6080 5962
f 4313 5921 5968
f 5921 5932 5970
f 5932 5933 5970
f 5963 5970 5933
f 4542 4313 5968
f 5921 5970 5968
f 5963 5994 5970
f 4412 4696 6063
f 4696 4697 6070
f 4697 4698 6075
f 4698 4699 6075
f 4699 4701 6077
f 4701 4768 6114
f 4768 4769 6116
f 4769 4771 6116
f 4770 6117 4771
f 5964 5983 5963
f 5496 5965 5964
f 5965 5981 5964
f 5963 5983 5996
f 5994 5963 5996
f 5964 5981 5982
f 5982 5983 5964
f 5965 5967 5981
f 5558 5966 5965
f 5965 5966 5967
f 5560 5967 5966
f 5955 5922 6065
f 5952 5953 6065
f 6065 5953 5955
f 5957 6063 6062
f 4696 6064 6063
f 4696 6070 6064
f 5922 6062 6065
f 4697 6075 6070
f 4699 6077 6075
f 4701 6114 6077
f 4768 6116 6114
f 4771 6117 6116
f 5968 5970 5969
f 5970 5971 5969
f 5970 5994 5971
f 4639 5526 5529
f 4639 5570 4651
f 4651 6010 4652
f 4639 5529 5570
f 5570 6010 4651
f 5977 6041 5978
f 6010 6011 4652
f 6011 6012 4652
f 4652 6012 6022
f 4664 6022 6026
f 6026 6028 4664
f 4664 6028 6024
f 6024 6025 4665
f 5972 6039 5977
f 4640 5975 5976
f 4640 5976 5974
f 4640 5978 5975
f 4840 6157 4843
f 4770 4776 6125
f 4776 4836 6125
f 4836 4844 6161
f 4841 6163 4844
f 4843 6157 4841
f 4666 5977 5978
f 4664 6024 4665
f 5973 4666 6025
f 4666 5973 5972
f 4666 5972 5977
f 4652 6022 4664
f 4840 5974 6140
f 5975 6052 5976
f 5975 5978 6044
f 5974 5976 6053
f 5499 5981 5979
f 5979 5981 5980
f 5967 5980 5981
f 5557 5979 5559
f 5979 5985 5559
f 5985 5979 5987
f 5967 5988 5980
f 5980 5988 5990
f 5979 5980 6008
f 5558 5560 5966
f 5984 5988 5560
f 5560 5988 5967
f 5560 5985 5984
f 5984 5989 5988
f 5979 6000 5987
f 5985 5987 5984
f 5986 5989 5984
f 5984 5987 5986
f 5989 5986 5999
f 5987 6000 5986
f 5990 5988 5989
f 5980 5990 5998
f 5979 6003 6000
f 5998 6008 5980
f 5989 5999 5997
f 5989 5998 5990
f 5989 5997 5998
f 5979 6006 6003
f 5979 6008 6006
f 5995 5983 5992
f 5991 5993 5992
f 5992 5993 5995
f 5996 5995 5993
f 5995 5996 5983
f 5999 5986 6000
f 5997 5999 6001
f 6000 6003 5999
f 5997 6001 5998
f 5999 6002 6001
f 5999 6003 6002
f 6001 6004 5998
f 6008 5998 6004
f 6001 6002 6005
f 6002 6003 6005
f 6003 6006 6005
f 6008 6004 6007
f 6001 6005 6004
f 6004 6005 6007
f 6005 6006 6007
f 6006 6008 6007
f 5570 6009 6010
f 6009 6013 6011
f 6009 6011 6010
f 6011 6013 6012
f 6014 6022 6012
f 6026 6022 6016
f 6016 6022 6014
f 6016 6014 6015
f 6015 6014 6023
f 6018 6027 6016
f 6018 6021 6027
f 6016 6017 6020
f 6016 6020 6018
f 6020 6021 6018
f 6017 6019 6021
f 6020 6017 6021
f 6015 6017 6016
f 6017 6015 6019
f 6019 6015 6023
f 6012 6023 6014
f 5571 6013 6009
f 6013 6030 6012
f 5571 6030 6013
f 6019 6023 6032
f 6012 6031 6023
f 6031 6032 6023
f 6012 6035 6031
f 6024 6028 6025
f 6039 5973 6025
f 6028 6039 6025
f 6026 6029 6028
f 6026 6016 6027
f 6026 6027 6029
f 6019 6029 6021
f 6021 6029 6027
f 6019 6032 6029
f 6028 6029 6039
f 6029 6032 6039
f 6012 6030 6035
f 6031 6034 6032
f 6032 6034 6033
f 6031 6035 6034
f 6034 6035 6036
f 6037 6038 6036
f 6030 6045 6035
f 6039 6032 6033
f 6033 6040 6039
f 6033 6034 6040
f 6036 6040 6034
f 6036 6038 6040
f 6038 6041 6040
f 5974 6053 6139
f 5974 6139 6140
f 4840 6140 6157
f 5973 6039 5972
f 5977 6039 6040
f 5977 6040 6041
f 5978 6041 6044
f 5975 6044 6052
f 5976 6052 6053
f 5577 6045 6030
f 6042 6038 6037
f 6035 6045 6036
f 6036 6045 6037
f 6042 6037 6045
f 6038 6042 6041
f 6041 6043 6044
f 6041 6042 6043
f 6043 6046 6044
f 6043 6047 6046
f 6046 6047 6048
f 6042 6045 6043
f 6045 6047 6043
f 6049 6050 6051
f 6045 6138 6047
f 6047 6138 6048
f 6138 6049 6048
f 6049 6138 6050
f 6050 6136 6051
f 6044 6046 6052
f 6046 6048 6052
f 6048 6049 6052
f 6049 6051 6052
f 6051 6053 6052
f 6051 6135 6053
f 4770 6121 6117
f 4770 6125 6121
f 4836 6124 6125
f 4836 6161 6124
f 4844 6163 6161
f 4841 6164 6163
f 4841 6157 6164
f 5960 6068 6054
f 5960 6064 6066
f 5960 6066 6068
f 5959 5961 6080
f 5961 6054 6080
f 6054 6068 6080
f 6056 6055 6057
f 6058 6056 6104
f 6057 6110 6056
f 6072 6103 6102
f 6060 6104 6103
f 6068 6102 6127
f 6060 6072 6061
f 6060 6061 6059
f 6058 6060 6059
f 6066 6067 6068
f 6066 6069 6067
f 6067 6069 6073
f 6073 6069 6070
f 6071 6067 6073
f 6064 6069 6066
f 6064 6070 6069
f 6071 6061 6072
f 6070 6077 6074
f 6056 6058 6059
f 6070 6075 6077
f 6074 6077 6076
f 6076 6077 6078
f 6077 6114 6078
f 6078 6114 6115
f 6067 6102 6068
f 6067 6071 6102
f 6071 6072 6102
f 6056 6059 6055
f 6058 6104 6060
f 6060 6103 6072
f 6071 6073 6168
f 6070 6168 6073
f 6070 6074 6168
f 6068 6127 6080
f 6080 6127 6128
f 6128 5865 6080
f 6097 6101 6109
f 6081 6082 6089
f 6081 6087 6082
f 6089 6082 6086
f 6081 6085 6087
f 6082 6087 6086
f 6083 6084 6086
f 6083 6086 6087
f 6083 6087 6085
f 6081 6092 6085
f 6088 6081 6089
f 6088 6089 6091
f 6088 6091 6090
f 6086 6091 6089
f 6088 6092 6081
f 6088 6090 6093
f 6090 6091 6094
f 6086 6095 6091
f 6083 6085 6092
f 6083 6092 6084
f 6084 6092 6096
f 6098 6107 6084
f 6088 6093 6092
f 6090 6094 6093
f 6091 6095 6094
f 6094 6095 6111
f 6084 6096 6098
f 6097 6106 6098
f 6092 6093 6096
f 6093 6094 6096
f 6098 6099 6097
f 6098 6096 6099
f 6097 6099 6101
f 6101 6099 6105
f 6102 6105 6100
f 6103 6104 6105
f 6101 6105 6104
f 6103 6105 6102
f 6096 6094 6112
f 6099 6096 6112
f 6101 6056 6109
f 6107 6108 6084
f 6108 6106 6110
f 6107 6106 6108
f 6097 6109 6106
f 6098 6106 6107
f 6109 6110 6106
f 6056 6110 6109
f 6056 6101 6104
f 6084 6108 6086
f 6095 6086 6108
f 6108 6111 6095
f 6110 6113 6108
f 6057 6166 6110
f 6055 6059 6166
f 6055 6166 6057
f 6094 6111 6112
f 6111 6113 6112
f 6108 6113 6111
f 6110 6166 6113
f 6059 6168 6166
f 6114 6116 6118
f 6116 6117 6118
f 6117 6122 6119
f 6117 6119 6118
f 6117 6121 6122
f 6118 6119 6123
f 6119 6122 6123
f 6059 6061 6168
f 6071 6168 6061
f 6074 6076 6168
f 6076 6078 6168
f 6078 6115 6168
f 6114 6118 6168
f 6122 6126 6123
f 6120 6126 6122
f 6120 6122 6121
f 6120 6121 6125
f 6120 6125 6126
f 6124 6126 6125
f 6124 6162 6126
f 6114 6168 6115
f 6118 6123 6168
f 6123 6126 6171
f 6128 6129 5866
f 6127 6102 6100
f 6127 6100 6129
f 6127 6129 6128
f 6100 6105 6131
f 6099 6131 6105
f 6100 6132 6129
f 6129 6132 5866
f 6099 6112 6130
f 6099 6130 6131
f 6112 6113 6130
f 6100 6131 6132
f 6131 6176 6132
f 5913 6132 6176
f 6130 6133 6131
f 6131 6133 6176
f 6133 6134 6176
f 6134 6177 6176
f 6158 6165 6164
f 6123 6171 6168
f 6151 6162 6165
f 6169 6170 6126
f 6170 6171 6126
f 6148 6172 6162
f 6169 6162 6172
f 6148 6162 6151
f 6135 6137 6160
f 6141 6137 6136
f 6141 6160 6137
f 5879 6138 6045
f 6050 6138 6136
f 6051 6137 6135
f 6051 6136 6137
f 6136 6138 6142
f 6053 6135 6139
f 6135 6160 6139
f 6139 6160 6140
f 6140 6160 6157
f 6160 6143 6146
f 6136 6142 6141
f 6141 6143 6160
f 6142 6143 6141
f 6144 6160 6146
f 6143 6145 6146
f 6153 6146 6145
f 6153 6144 6146
f 6145 6152 6153
f 6143 6156 6145
f 6152 6149 6153
f 6153 6149 6150
f 6152 6156 6149
f 6147 6156 6169
f 6147 6148 6149
f 6156 6170 6169
f 6150 6151 6154
f 6148 6150 6149
f 6148 6151 6150
f 6147 6149 6156
f 6174 6156 6143
f 6153 6154 6155
f 6145 6156 6152
f 6144 6153 6155
f 6153 6150 6154
f 5879 6174 6138
f 6138 6174 6142
f 6142 6174 6143
f 6151 6165 6159
f 6155 6158 6157
f 6144 6157 6160
f 6144 6155 6157
f 6157 6158 6164
f 6159 6165 6158
f 6151 6158 6154
f 6151 6159 6158
f 6155 6154 6158
f 6124 6161 6162
f 6161 6165 6162
f 6161 6164 6165
f 6161 6163 6164
f 6169 6126 6162
f 6130 6113 6166
f 6166 6167 6130
f 6167 6133 6130
f 6166 6168 6167
f 6167 6168 6171
f 6167 6171 6133
f 6171 6170 6133
f 6133 6170 6173
f 6134 6173 6177
f 6133 6173 6134
f 6173 6175 6177
f 5889 6173 6156
f 6147 6169 6172
f 6147 6172 6148
f 6156 6173 6170
f 5889 6175 6173
f 5889 6156 6174
