# https://github.com/mikedh/trimesh

o collision
v -0.00564586 -0.00310217 -0.00746546
v -0.00622907 -0.00142372 -0.00742799
v -0.00634181 0.00022496 -0.00742799
v -0.00536718 -0.00257135 -0.00836004
v -0.00498651 -0.00367102 -0.00804064
v -0.00549896 -0.00142372 -0.00842191
v -0.00553897 0.00022496 -0.00843019
v -0.00534766 -0.00408113 -0.00694039
v -0.00534766 -0.00408113 -0.00615344
v -0.00612463 0.00187364 -0.00742799
v -0.00545405 0.00187364 -0.00840318
v -0.00531838 0.00293197 -0.00833520
v -0.00554483 0.00349917 -0.00740141
v -0.00528812 0.00450127 -0.00683363
v -0.00528812 0.00450127 -0.00628896
v -0.00325784 -0.00531474 -0.00799881
v -0.00271513 -0.00590675 -0.00744062
v -0.00371367 -0.00566366 -0.00689856
v -0.00371367 -0.00566366 -0.00620573
v -0.00441207 -0.00310217 -0.00845895
v -0.00388742 -0.00421507 -0.00837093
v -0.00435009 -0.00469794 -0.00746982
v -0.00437498 -0.00142372 -0.00853738
v -0.00271513 -0.00474920 -0.00844326
v -0.00215778 -0.00566532 -0.00833389
v -0.00151697 -0.00555121 -0.00841930
v -0.00151697 -0.00577293 -0.00837948
v -0.00151697 -0.00621944 -0.00780592
v -0.00151697 -0.00643757 -0.00739792
v -0.00151697 -0.00643757 -0.00739814
v -0.00151697 -0.00643768 -0.00739794
v -0.00151697 -0.00655195 -0.00623624
v -0.00151697 -0.00473205 -0.00853811
v -0.00151697 -0.00473101 -0.00853826
v -0.00151634 -0.00428743 -0.00854495
v -0.00151697 -0.00417689 -0.00854337
v -0.00148697 -0.00417689 -0.00854337
v -0.00151697 -0.00342540 -0.00843330
v -0.00148697 -0.00343432 -0.00843829
v -0.00148697 -0.00342302 -0.00843146
v -0.00148697 -0.00342540 -0.00843330
v -0.00148697 -0.00340569 -0.00841735
v -0.00151697 -0.00307598 -0.00799765
v -0.00148697 -0.00307598 -0.00799765
v -0.00151697 -0.00272011 -0.00742671
v -0.00148697 -0.00272011 -0.00742671
v -0.00068469 0.01030116 -0.00932366
v -0.00067954 0.01031553 -0.00933144
v -0.00083117 0.01030413 -0.00905291
v -0.00037191 0.01177511 -0.01004458
v -0.00034237 0.01287595 -0.01000927
v -0.00437498 0.00187364 -0.00853782
v -0.00360874 0.00610200 -0.00829380
v -0.00355360 0.00765477 -0.00661184
v -0.00151697 0.00375103 -0.00844990
v -0.00148697 0.00386344 -0.00846831
v -0.00148697 0.00385159 -0.00846650
v -0.00148697 0.00375103 -0.00844990
v -0.00151697 0.00295357 -0.00780682
v -0.00148697 0.00295357 -0.00780682
v -0.00151695 0.00501747 -0.00859578
v -0.00148697 0.00501747 -0.00859578
v -0.00151697 0.00520564 -0.00859679
v -0.00151684 0.00679702 -0.00859271
v -0.00151683 0.00679370 -0.00859273
v -0.00151697 0.00263685 -0.00713528
v -0.00148697 0.00263685 -0.00713528
v -0.00151697 0.00844121 -0.00856486
v -0.00151697 0.00845182 -0.00856440
v -0.00151697 0.00845299 -0.00856441
v -0.00151697 0.00845189 -0.00856468
v -0.00151697 0.00888811 -0.00845571
v -0.00151697 0.00888673 -0.00845702
v -0.00187325 0.00923565 -0.00821406
v -0.00151697 0.01019983 -0.00785755
v -0.00151697 0.01026377 -0.00780797
v -0.00144040 0.01029649 -0.00792487
v -0.00164044 0.01034329 -0.00753429
v -0.00164096 0.01031323 -0.00752836
v -0.00160017 0.01030869 -0.00763046
v -0.00163801 0.01031382 -0.00756002
v -0.00163934 0.01031382 -0.00754313
v -0.00213630 0.00970694 -0.00711425
v -0.00569613 -0.00319478 -0.00567325
v -0.00637354 -0.00142372 -0.00577827
v -0.00650287 0.00022496 -0.00577827
v -0.00564390 -0.00142372 -0.00468412
v -0.00569954 0.00022496 -0.00467323
v -0.00513194 -0.00382316 -0.00505363
v -0.00545113 -0.00272349 -0.00478086
v -0.00625689 0.00187364 -0.00577827
v -0.00558778 0.00358846 -0.00575474
v -0.00558680 0.00187364 -0.00470722
v -0.00507143 0.00418212 -0.00518871
v -0.00539012 0.00308079 -0.00481179
v -0.00281420 -0.00594974 -0.00570463
v -0.00342280 -0.00545365 -0.00510548
v -0.00442232 -0.00476739 -0.00562968
v -0.00403188 -0.00435398 -0.00476648
v -0.00449943 -0.00319478 -0.00462573
v -0.00281420 -0.00483188 -0.00464490
v -0.00437498 -0.00142372 -0.00443226
v -0.00161639 -0.00653832 -0.00574073
v -0.00151697 -0.00657943 -0.00572381
v -0.00151667 -0.00657718 -0.00571315
v -0.00151697 -0.00657978 -0.00571726
v -0.00232274 -0.00573642 -0.00481310
v -0.00151697 -0.00593982 -0.00470678
v -0.00151697 -0.00253661 -0.00578345
v -0.00148697 -0.00253887 -0.00577534
v -0.00148697 -0.00253661 -0.00578333
v -0.00151697 -0.00475333 -0.00443617
v -0.00151697 -0.00475085 -0.00443618
v -0.00151697 -0.00324274 -0.00465867
v -0.00148697 -0.00323686 -0.00466240
v -0.00151697 -0.00333162 -0.00460217
v -0.00148697 -0.00333162 -0.00460217
v -0.00151697 -0.00448018 -0.00443001
v -0.00148981 -0.00447972 -0.00443008
v -0.00437498 0.00187364 -0.00444577
v -0.00151697 0.00255369 -0.00577003
v -0.00151697 0.00270259 -0.00510064
v -0.00148697 0.00270259 -0.00510064
v -0.00151697 0.00296256 -0.00481472
v -0.00151697 0.00315377 -0.00469594
v -0.00151697 0.00321591 -0.00467869
v -0.00151697 0.00336116 -0.00464683
v -0.00148697 0.00316735 -0.00469059
v -0.00148697 0.00336116 -0.00464683
v -0.00151697 0.00488092 -0.00437525
v -0.00148697 0.00488092 -0.00437525
v -0.00178040 0.01031077 -0.00577854
v -0.00177878 0.01031344 -0.00577910
v -0.00177710 0.01030019 -0.00575247
v -0.00177710 0.01031519 -0.00575247
v -0.00178043 0.01034102 -0.00575351
v -0.00174347 0.01028586 -0.00563589
v -0.00174196 0.01028519 -0.00563066
v -0.00173361 0.01031382 -0.00560920
v -0.00171533 0.01028382 -0.00557561
v -0.00151681 0.01028382 -0.00521108
v -0.00151697 0.01028397 -0.00521108
v -0.00151697 0.01031366 -0.00521108
v -0.00194987 0.00939109 -0.00490896
v -0.00151684 0.00974318 -0.00454636
v -0.00151697 0.00974332 -0.00454643
v -0.00151697 0.00752693 -0.00415682
v -0.00151668 0.00800133 -0.00414572
v -0.00151697 0.00800038 -0.00414554
v -0.00151649 0.00800118 -0.00414554
v -0.00148697 0.00752693 -0.00415682
v -0.00151677 0.00950850 -0.00443401
v -0.00106875 0.01028382 -0.00399289
v -0.00106875 0.01031382 -0.00399289
v -0.00068975 0.00878255 -0.00330082
v -0.00069000 0.00878291 -0.00330100
v -0.00068334 0.00877634 -0.00330092
v -0.00078885 0.01028382 -0.00336457
v -0.00078885 0.01031382 -0.00336457
v -0.00075565 0.01007370 -0.00330302
v -0.00075255 0.01028382 -0.00330363
v -0.00075255 0.01031382 -0.00330363
v -0.00077572 0.01028382 -0.00251924
v -0.00077572 0.01031382 -0.00251924
v -0.00079127 0.01031382 -0.00175807
v -0.00078785 0.01030060 -0.00172339
v -0.00078785 0.01033060 -0.00172339
v -0.00078545 0.01031086 -0.00169902
v -0.00037231 0.01031382 -0.00001240
v -0.00037231 0.01034382 -0.00001240
v -0.00099382 0.01826794 -0.00741467
v -0.00099985 0.01826464 -0.00740874
v -0.00104857 0.01826723 -0.00736121
v -0.00104873 0.01826794 -0.00736069
v -0.00052425 0.03487583 -0.00694756
v -0.00046740 0.03852415 -0.00678772
v -0.00179765 0.01823794 -0.00577104
v -0.00179635 0.01837530 -0.00577745
v -0.00179719 0.01828836 -0.00577276
v -0.00174813 0.01826723 -0.00588398
v -0.00242639 0.01672420 -0.00082915
v -0.00242592 0.01670740 -0.00001341
v -0.00247494 0.01826794 -0.00082884
v -0.00247439 0.01826723 -0.00082915
v -0.00250553 0.02002528 -0.00082884
v -0.00214685 0.01542722 -0.00001567
v -0.00188308 0.02992528 -0.00490625
v -0.00186338 0.03157397 -0.00484569
v -0.00215036 0.02992528 -0.00408128
v -0.00184087 0.03322446 -0.00477987
v -0.00181555 0.03464185 -0.00470527
v -0.00181130 0.03487583 -0.00469221
v -0.00177171 0.03652517 -0.00457772
v -0.00126135 0.03487583 -0.00577787
v -0.00118217 0.03652517 -0.00577787
v -0.00210324 0.03322446 -0.00395490
v -0.00207551 0.03487583 -0.00386739
v -0.00204022 0.03652517 -0.00375290
v -0.00254074 0.02992528 -0.00247873
v -0.00262937 0.02993367 -0.00167129
v -0.00262937 0.02992528 -0.00167218
v -0.00262870 0.02987093 -0.00166115
v -0.00262870 0.02990093 -0.00166115
v -0.00257872 0.03238084 -0.00167218
v -0.00250915 0.02881113 -0.00085765
v -0.00250915 0.02884113 -0.00085765
v -0.00252391 0.02894545 -0.00092248
v -0.00242684 0.02838961 -0.00058359
v -0.00272133 0.02992528 -0.00082765
v -0.00245704 0.03322446 -0.00247873
v -0.00251915 0.03461260 -0.00167129
v -0.00217315 0.02710717 -0.00023415
v -0.00221027 0.02729692 -0.00027372
v -0.00237364 0.02811741 -0.00047319
v -0.00240599 0.03487583 -0.00247859
v -0.00233800 0.03652517 -0.00247859
v -0.00240751 0.03733736 -0.00166675
v 0.00138592 -0.00887482 -0.00991945
v 0.00131401 -0.00802478 -0.00999903
v 0.00129910 -0.00685414 -0.01001362
v 0.00222523 -0.00802422 -0.01034894
v 0.00231686 -0.00952401 -0.01010866
v 0.00212226 -0.00633241 -0.01024882
v 0.00292770 -0.01058523 -0.00999567
v 0.00282560 -0.01065795 -0.00907745
v 0.00057470 0.01177511 -0.01039666
v -0.00021616 0.01028382 -0.00987015
v -0.00021936 0.01031471 -0.00986690
v -0.00020618 0.01031382 -0.00988054
v -0.00022569 0.01031632 -0.00986038
v 0.00033868 0.01031382 -0.01017807
v 0.00053173 0.01018159 -0.01023401
v 0.00053379 0.01032018 -0.01024760
v 0.00053422 0.01031938 -0.01024768
v -0.00032144 0.01077082 -0.00998538
v 0.00049838 0.01342559 -0.01024814
v 0.00103720 0.00847469 -0.01017107
v 0.00356378 0.00252130 -0.00991284
v 0.00356378 0.00255130 -0.00991284
v 0.00351320 0.00254998 -0.00985830
v 0.00280615 0.00251997 -0.00907937
v 0.00280615 0.00254997 -0.00907937
v 0.00222557 0.00847469 -0.01052224
v 0.00222557 0.01012459 -0.01053727
v 0.00204440 0.01030448 -0.01052156
v 0.00203321 0.01031382 -0.01052081
v 0.00142852 0.00251996 -0.00732566
v 0.00142748 0.00251996 -0.00732268
v 0.00142940 0.00251997 -0.00732760
v 0.00142748 0.00254996 -0.00732268
v 0.00142841 0.00251994 -0.00731262
v 0.00146289 0.00251994 -0.00626933
v 0.00146289 0.00254994 -0.00626933
v 0.00259961 0.00251996 -0.00882716
v 0.00259961 0.00254996 -0.00882716
v 0.00387538 -0.00967399 -0.01041187
v 0.00552465 -0.00967399 -0.01046837
v 0.00387538 -0.01067499 -0.01009221
v 0.00387538 -0.01091700 -0.00907745
v 0.00552465 -0.01072953 -0.01014799
v 0.00552465 -0.01103176 -0.00907745
v 0.00387538 -0.00472582 -0.01052915
v 0.00552465 -0.00472582 -0.01060281
v 0.00717392 -0.00967399 -0.01051056
v 0.00387538 -0.01101812 -0.00742765
v 0.00552465 -0.01124309 -0.00742765
v 0.00480569 0.00253126 -0.01044599
v 0.00480923 0.00255979 -0.01044677
v 0.00387609 0.00517564 -0.01053727
v 0.00387609 0.00682478 -0.01060521
v 0.00539664 0.00255801 -0.01056109
v 0.00551789 0.00255764 -0.01058469
v 0.00552236 0.00255558 -0.01058521
v 0.00552533 0.00255674 -0.01058534
v 0.00552454 0.00352497 -0.01060521
v 0.00402923 0.00253759 -0.01022438
v 0.00402923 0.00255259 -0.01022438
v 0.00398523 0.00255118 -0.01019534
v 0.00406331 0.00252825 -0.01024085
v 0.00404428 0.00255460 -0.01023348
v 0.00406331 0.00255825 -0.01024085
v 0.00406156 0.00255842 -0.01024035
v 0.00387609 0.00847469 -0.01060593
v 0.00405787 0.01031306 -0.01056476
v 0.00552454 0.01031306 -0.01059663
v 0.00552454 0.01034306 -0.01059614
v 0.00647708 0.00257323 -0.01060521
v 0.00714702 0.01031306 -0.01060647
v 0.00114308 -0.00670902 -0.00000089
v 0.00207483 -0.00597252 -0.00000092
v 0.00160310 0.00251994 -0.00543973
v 0.00160531 0.00251995 -0.00543372
v 0.00160310 0.00254994 -0.00543973
v 0.00161984 0.00251995 -0.00542015
v 0.00071166 0.00752434 -0.00330122
v 0.00237897 0.00254995 -0.00472015
v 0.00240692 0.00252532 -0.00469892
v 0.00240692 0.00255532 -0.00469892
v 0.00241282 0.00252543 -0.00469746
v 0.00241282 0.00255543 -0.00469746
v 0.00367768 0.00255557 -0.00444584
v 0.00377257 0.00255788 -0.00442829
v 0.00379664 0.00252955 -0.00442446
v 0.00379664 0.00255955 -0.00442446
v 0.00387538 -0.01105334 -0.00577857
v 0.00552465 -0.01138512 -0.00577857
v 0.00552465 -0.01138512 -0.00412877
v 0.00717392 -0.01131808 -0.00577857
v 0.00711394 -0.01132052 -0.00574857
v 0.00552449 -0.01131876 -0.00247804
v 0.00390452 -0.01105988 -0.00006471
v 0.00395499 -0.00510754 -0.00000104
v 0.00553350 -0.01113706 -0.00000464
v 0.00552012 -0.00456780 -0.00000125
v 0.00553181 -0.00456732 -0.00000167
v 0.00654687 -0.01070034 -0.00000654
v 0.00653746 -0.01070645 -0.00000425
v 0.00655070 -0.01069728 -0.00000602
v 0.00696262 -0.00966547 -0.00000630
v 0.00696070 -0.00967187 -0.00000608
v 0.00723144 -0.00802386 -0.00000611
v 0.00723180 -0.00801531 -0.00000613
v 0.00724945 -0.00636865 -0.00000567
v 0.00725015 -0.00637144 -0.00000579
v 0.00680107 -0.00494324 -0.00000566
v 0.00679893 -0.00493886 -0.00000518
v 0.00678504 -0.00492055 -0.00000150
v 0.00678987 -0.00492556 -0.00000230
v 0.00388521 0.00253718 -0.00441216
v 0.00448870 0.00251992 -0.00435884
v 0.00448870 0.00254992 -0.00435884
v 0.00412355 0.00538718 -0.00330131
v 0.00412355 0.00538718 -0.00327131
v 0.00456197 0.00522471 -0.00330139
v 0.00552533 0.00251992 -0.00428518
v 0.00552533 0.00254992 -0.00428518
v 0.00552051 0.00488890 -0.00330145
v 0.00553539 0.00488725 -0.00330065
v 0.00552051 0.00488890 -0.00327145
v 0.00716674 0.00251992 -0.00428272
v 0.00716674 0.00254992 -0.00428272
v 0.00720591 0.00251992 -0.00429286
v 0.00717989 0.00490473 -0.00330065
v 0.00099814 0.01463931 -0.01013701
v 0.00217371 0.01514301 -0.01030423
v 0.00268825 0.01615665 -0.01010274
v -0.00000782 0.01826723 -0.00818529
v -0.00000074 0.01826582 -0.00818958
v 0.00005476 0.01826335 -0.00821805
v 0.00004696 0.01826589 -0.00821425
v 0.00005476 0.01829335 -0.00821805
v 0.00005277 0.01829379 -0.00821720
v 0.00012750 0.01826723 -0.00823887
v 0.00092792 0.01826723 -0.00846264
v 0.00208401 0.02992528 -0.00947431
v 0.00293933 0.02897856 -0.00996315
v 0.00290838 0.02992528 -0.00998070
v 0.00263464 0.03464844 -0.00964019
v 0.00235636 0.03465098 -0.00946509
v 0.00222460 0.03817615 -0.00923299
v 0.00303499 0.03427069 -0.00991049
v 0.00297345 0.03475479 -0.00982064
v 0.00307760 0.03537162 -0.00989016
v 0.00346665 0.03464333 -0.01007657
v 0.00375268 0.03464185 -0.01019594
v 0.00319829 0.03817615 -0.00983499
v 0.00092413 0.02992528 -0.00864934
v 0.00021276 0.03464185 -0.00777854
v 0.00100010 0.03322446 -0.00858615
v 0.00387367 0.01507450 -0.01058049
v 0.00552439 0.01507450 -0.01060646
v 0.00552439 0.01672420 -0.01047352
v 0.00552439 0.01789821 -0.01012143
v 0.00548221 0.01826723 -0.00962481
v 0.00709201 0.01825904 -0.01035395
v 0.00710717 0.01825759 -0.01035659
v 0.00657512 0.01825980 -0.01025928
v 0.00656549 0.01826440 -0.01025624
v 0.00656812 0.01829186 -0.01025744
v 0.00655885 0.01826723 -0.01025274
v 0.00387412 0.02992528 -0.01040021
v 0.00455717 0.02991992 -0.01063674
v 0.00455686 0.02992605 -0.01063715
v 0.00455641 0.02992528 -0.01063717
v 0.00552495 0.02992528 -0.01097313
v 0.00552495 0.03157397 -0.01092866
v 0.00440462 0.03462289 -0.01042930
v 0.00552495 0.03463241 -0.01083022
v 0.00552414 0.03464185 -0.01083002
v 0.00387412 0.03322446 -0.01029489
v 0.00395288 0.03652517 -0.01021337
v 0.00798814 0.02909601 -0.01155514
v 0.00733293 0.02980874 -0.01140669
v 0.00717465 0.03157397 -0.01133214
v 0.00716592 0.03462561 -0.01124349
v 0.00717457 0.03464185 -0.01124563
v 0.00717711 0.03462533 -0.01124611
v 0.00579891 0.03145234 -0.00611525
v 0.00587408 0.03461185 -0.00687057
v 0.00587408 0.03464185 -0.00687057
v 0.00587408 0.03464185 -0.00674837
v 0.00363953 0.01826288 -0.00002724
v 0.00361594 0.01826723 -0.00002724
v 0.00361752 0.01841518 -0.00002724
v 0.00367207 0.01823632 -0.00002724
v 0.00357049 0.01966974 -0.00002724
v 0.00356063 0.01969746 -0.00001202
v 0.00231921 0.02545305 -0.00000106
v 0.00231921 0.02548305 -0.00000106
v 0.00265416 0.02548305 -0.00008922
v 0.00353745 0.02010332 -0.00000137
v 0.00354617 0.02004205 -0.00000937
v 0.00333764 0.02103726 -0.00000132
v 0.00282302 0.03010438 -0.00041686
v 0.00282281 0.03012878 -0.00038830
v 0.00548454 0.01826723 -0.00569934
v 0.00548018 0.02428035 -0.00544182
v 0.00548249 0.02548305 -0.00539972
v 0.00639794 0.01589657 -0.00002724
v 0.00549039 0.02662521 -0.00537583
v 0.00558961 0.02926817 -0.00556911
v 0.00552200 0.02800372 -0.00541549
v 0.00553034 0.02827556 -0.00542971
v -0.00569455 -0.00319120 0.00566975
v -0.00563980 -0.00142379 0.00468080
v -0.00569503 0.00022635 0.00466984
v -0.00636996 -0.00142379 0.00577210
v -0.00649836 0.00022635 0.00577210
v -0.00512767 -0.00381888 0.00505186
v -0.00544890 -0.00272044 0.00477683
v -0.00558311 0.00187649 0.00470354
v -0.00625319 0.00187649 0.00577210
v -0.00558650 0.00358609 0.00575019
v -0.00538834 0.00307734 0.00480715
v -0.00506807 0.00417743 0.00518580
v -0.00341830 -0.00545085 0.00510325
v -0.00437522 -0.00142379 0.00443187
v -0.00442028 -0.00476535 0.00562763
v -0.00037231 0.01034382 0.00001760
v -0.00037231 0.01031382 0.00001760
v -0.00085960 0.01031382 0.00200138
v -0.00085960 0.01034382 0.00200138
v -0.00086948 0.01028474 0.00208295
v -0.00086948 0.01031474 0.00208295
v -0.00437522 0.00187649 0.00444535
v -0.00137895 0.00606959 0.00424652
v -0.00148405 0.00721166 0.00428443
v -0.00089909 0.00575371 0.00420732
v -0.00124886 0.00596759 0.00423109
v -0.00112369 0.00592835 0.00421786
v -0.00058858 0.00501562 0.00427319
v -0.00049770 0.00477887 0.00429761
v -0.00037355 0.00434746 0.00435604
v -0.00154904 0.00850842 0.00432278
v -0.00154637 0.00849912 0.00432157
v -0.00154700 0.00851205 0.00432194
v -0.00090141 0.00858665 0.00378956
v -0.00090195 0.00858718 0.00378996
v -0.00097302 0.01004184 0.00378949
v -0.00097302 0.01004163 0.00378911
v -0.00096788 0.01005983 0.00378948
v -0.00092680 0.01028474 0.00382723
v -0.00092680 0.01031474 0.00382723
v -0.00090434 0.01028474 0.00379083
v -0.00090434 0.01031474 0.00379083
v -0.00194780 0.00938717 0.00490487
v -0.00154904 0.00971302 0.00457015
v -0.00154904 0.00971257 0.00456960
v -0.00154856 0.00971286 0.00456966
v -0.00154904 0.01028474 0.00527904
v -0.00156155 0.01028474 0.00530223
v -0.00156155 0.01031474 0.00530223
v -0.00175660 0.01028474 0.00569448
v -0.00175660 0.01031474 0.00569448
v -0.00177884 0.01030999 0.00577327
v -0.00177877 0.01030970 0.00577246
v -0.00177870 0.01030932 0.00577167
v -0.00177710 0.01033084 0.00575677
v -0.00177884 0.01033999 0.00577327
v -0.00534764 -0.00408152 0.00615159
v -0.00534764 -0.00408152 0.00693668
v -0.00564755 -0.00310531 0.00746064
v -0.00623382 -0.00142379 0.00742147
v -0.00634719 0.00022635 0.00742147
v -0.00499152 -0.00367517 0.00803683
v -0.00536992 -0.00257508 0.00835567
v -0.00550365 -0.00142379 0.00841884
v -0.00554435 0.00022635 0.00842685
v -0.00528804 0.00450118 0.00628595
v -0.00528804 0.00450118 0.00682886
v -0.00612867 0.00187649 0.00742147
v -0.00554629 0.00350185 0.00739620
v -0.00545859 0.00187649 0.00839989
v -0.00532099 0.00293693 0.00833082
v -0.00371385 -0.00566393 0.00620339
v -0.00371385 -0.00566393 0.00689456
v -0.00361114 0.00610672 0.00828912
v -0.00355348 0.00765444 0.00658415
v -0.00355348 0.00765444 0.00660563
v -0.00142829 0.00660465 0.00872392
v -0.00144907 0.00680727 0.00870545
v -0.00125120 0.00554120 0.00882126
v -0.00131132 0.00582106 0.00879353
v -0.00108935 0.00534014 0.00885978
v -0.00178806 0.01030949 0.00605812
v -0.00178806 0.01033949 0.00605812
v -0.00178609 0.01031362 0.00608286
v -0.00213627 0.00970762 0.00711148
v -0.00164303 0.01034382 0.00753108
v -0.00164110 0.01031382 0.00755537
v -0.00163927 0.01031474 0.00755879
v -0.00161639 0.01031474 0.00766702
v -0.00161639 0.01031382 0.00767039
v -0.00159287 0.01034178 0.00771341
v -0.00159287 0.01031178 0.00771341
v -0.00154850 0.01030894 0.00779223
v -0.00154856 0.00819748 0.00859905
v -0.00154904 0.00952427 0.00848834
v -0.00154853 0.00952476 0.00848791
v -0.00094839 0.00515871 0.00889177
v -0.00062164 0.00457301 0.00893925
v -0.00067761 0.00475215 0.00894346
v -0.00065512 0.00475575 0.00894312
v -0.00068941 0.01030723 0.00931580
v -0.00068723 0.01030143 0.00931855
v -0.00068316 0.01031474 0.00932286
v -0.00037408 0.01177549 0.01004003
v -0.00034293 0.01288163 0.01000371
v -0.00242788 0.01672460 0.00000276
v -0.00243001 0.01679207 0.00000276
v -0.00243021 0.01672460 0.00082268
v -0.00248160 0.01837461 0.00082268
v -0.00250256 0.01969940 0.00079255
v -0.00250248 0.01969940 0.00082338
v -0.00252820 0.02167918 0.00000246
v -0.00252828 0.02167850 0.00000234
v -0.00252789 0.02167522 0.00082208
v -0.00213421 0.01539015 0.00001554
v -0.00233136 0.02332525 0.00000271
v -0.00233156 0.02332437 0.00000264
v -0.00185246 0.02546882 0.00000276
v -0.00185246 0.02549881 0.00000276
v -0.00232842 0.02332437 0.00082208
v -0.00185001 0.02546926 0.00081706
v -0.00185000 0.02548425 0.00081957
v -0.00184999 0.02549923 0.00082216
v -0.00204886 0.02332437 0.00206705
v -0.00170133 0.02546784 0.00243769
v -0.00170133 0.02549784 0.00243769
v -0.00169937 0.02549324 0.00244839
v -0.00169862 0.02549239 0.00245161
v -0.00190158 0.01920329 0.00497625
v -0.00157409 0.01969890 0.00539490
v -0.00155955 0.01969940 0.00546466
v -0.00181906 0.01853631 0.00562388
v -0.00149348 0.01969897 0.00562444
v -0.00149398 0.01969897 0.00562331
v -0.00139858 0.02549659 0.00357952
v -0.00125925 0.02549440 0.00410511
v -0.00125324 0.02549674 0.00412642
v -0.00125403 0.02549574 0.00412412
v -0.00061166 0.02549496 0.00558348
v -0.00061129 0.02549515 0.00558424
v -0.00060782 0.02549565 0.00559057
v -0.00272247 0.02992528 0.00082216
v -0.00254004 0.02992528 0.00247146
v -0.00210318 0.02870572 0.00357847
v -0.00207401 0.02875802 0.00383246
v -0.00226858 0.02992329 0.00357890
v -0.00226981 0.02992528 0.00357767
v -0.00214907 0.02992528 0.00407192
v -0.00212198 0.03176801 0.00400564
v -0.00188173 0.02992528 0.00489676
v -0.00186461 0.03157397 0.00483951
v -0.00142080 0.02992528 0.00577239
v -0.00184354 0.03322446 0.00477904
v -0.00182902 0.03414369 0.00473459
v -0.00143476 0.03462687 0.00547339
v -0.00143405 0.03465881 0.00547464
v -0.00143008 0.03469202 0.00547981
v -0.00141178 0.03482696 0.00550270
v -0.00132993 0.03322446 0.00577239
v -0.00127313 0.03487583 0.00577222
v -0.00122533 0.03642963 0.00572974
v -0.00119956 0.03652517 0.00577222
v -0.00104985 0.01837461 0.00735506
v -0.00075313 0.01969881 0.00706788
v -0.00075295 0.01969890 0.00706799
v -0.00075313 0.01969940 0.00706788
v -0.00050157 0.02868720 0.00691732
v -0.00061351 0.02992528 0.00705922
v -0.00056083 0.03322446 0.00698666
v -0.00052992 0.03487583 0.00694774
v -0.00049376 0.03652517 0.00690363
v 0.00141067 -0.00877041 0.00000338
v 0.00141694 -0.00878190 0.00000889
v 0.00141361 -0.00877736 0.00003474
v 0.00113115 -0.00795077 0.00000175
v 0.00113102 -0.00794029 0.00000152
v 0.00113102 -0.00791871 0.00000152
v 0.00113102 -0.00794855 0.00003152
v 0.00112687 -0.00794198 0.00004835
v 0.00113326 -0.00672402 0.00000106
v 0.00113183 -0.00672841 0.00000251
v 0.00113102 -0.00673295 0.00003152
v 0.00113325 -0.00672403 0.00003106
v 0.00113683 -0.00671828 0.00000074
v 0.00113727 -0.00671757 0.00000070
v 0.00113683 -0.00671828 0.00003074
v 0.00114308 -0.00670902 0.00002911
v 0.00209675 -0.00967227 0.00000697
v 0.00209890 -0.00967494 0.00000661
v 0.00207483 -0.00597252 0.00002908
v 0.00290352 -0.01061925 0.00001053
v 0.00290421 -0.01061925 0.00004053
v 0.00290691 -0.01062218 0.00004053
v 0.00022895 -0.00680433 0.00378911
v 0.00022794 -0.00680352 0.00378948
v 0.00020498 -0.00644886 0.00378911
v 0.00135487 -0.00880432 0.00379799
v 0.00137733 -0.00883437 0.00380675
v 0.00136803 -0.00882179 0.00379835
v 0.00076153 -0.00801896 0.00378948
v 0.00076269 -0.00801846 0.00378911
v 0.00141156 -0.00893827 0.00590570
v 0.00060236 -0.00476666 0.00378911
v 0.00060116 -0.00476687 0.00378948
v 0.00127523 -0.00361899 0.00381446
v 0.00127624 -0.00357682 0.00381844
v 0.00127428 -0.00356188 0.00382551
v 0.00127479 -0.00356055 0.00382614
v 0.00129660 -0.00358196 0.00381601
v 0.00130428 -0.00356188 0.00382551
v 0.00130932 -0.00333184 0.00405154
v 0.00130921 -0.00333295 0.00405031
v 0.00133932 -0.00333184 0.00405154
v 0.00131687 -0.00325351 0.00413821
v 0.00134762 -0.00324572 0.00414683
v 0.00136804 -0.00306182 0.00446085
v 0.00136889 -0.00305738 0.00447094
v 0.00139804 -0.00306182 0.00446085
v 0.00140473 -0.00262861 0.00576044
v 0.00140497 -0.00262584 0.00576884
v 0.00143477 -0.00262816 0.00576178
v 0.00143473 -0.00262861 0.00576044
v 0.00102946 -0.00098023 0.00573837
v 0.00302309 0.00017361 0.00495104
v 0.00302840 0.00017840 0.00494560
v 0.00302309 0.00020361 0.00495104
v 0.00302211 0.00020215 0.00495244
v 0.00365693 0.00018259 0.00470339
v 0.00366005 0.00018275 0.00470259
v 0.00365693 0.00021259 0.00470339
v 0.00362252 0.00020874 0.00471350
v 0.00372615 0.00018514 0.00468895
v 0.00291727 0.00016891 0.00566557
v 0.00291727 0.00018391 0.00566557
v 0.00291727 0.00019891 0.00566557
v 0.00291704 0.00019891 0.00566715
v 0.00068501 0.00705096 0.00379174
v 0.00068501 0.00705096 0.00378911
v 0.00074544 0.00700816 0.00378948
v 0.00006541 0.00270195 0.00458302
v 0.00006810 0.00272215 0.00458536
v 0.00015198 0.00241640 0.00465858
v 0.00018198 0.00241640 0.00465858
v -0.00006095 0.00319594 0.00451413
v 0.00027669 0.00193857 0.00477577
v 0.00028557 0.00190857 0.00478751
v 0.00028557 0.00193857 0.00478751
v 0.00031557 0.00193857 0.00478751
v 0.00032649 0.00176517 0.00487240
v 0.00032738 0.00179204 0.00487425
v 0.00035738 0.00179204 0.00487425
v 0.00044940 0.00146899 0.00542266
v 0.00044940 0.00149899 0.00542266
v 0.00047718 0.00150225 0.00540809
v 0.00047940 0.00149899 0.00542266
v 0.00047702 0.00143902 0.00562648
v 0.00047702 0.00146902 0.00562648
v 0.00047776 0.00143626 0.00565771
v 0.00047776 0.00146626 0.00565771
v 0.00050776 0.00146626 0.00565771
v 0.00047906 0.00146057 0.00572384
v 0.00050906 0.00146057 0.00572384
v 0.00387452 -0.01105386 0.00001053
v 0.00388364 -0.01105500 0.00003119
v 0.00387211 -0.01105208 0.00007029
v 0.00395499 -0.00510754 0.00002896
v 0.00552449 -0.01113843 0.00002675
v 0.00553292 -0.01113725 0.00002540
v 0.00553350 -0.01113706 0.00002536
v 0.00552525 -0.01131764 0.00247151
v 0.00551842 -0.00456822 0.00002866
v 0.00553181 -0.00456732 0.00002833
v 0.00555525 -0.00449941 0.00009059
v 0.00654687 -0.01070034 0.00002346
v 0.00653746 -0.01070645 0.00002575
v 0.00655070 -0.01069728 0.00002398
v 0.00696070 -0.00967187 0.00002392
v 0.00696234 -0.00966677 0.00002365
v 0.00723178 -0.00801605 0.00002386
v 0.00723180 -0.00801531 0.00002387
v 0.00725015 -0.00637144 0.00002421
v 0.00724945 -0.00636865 0.00002433
v 0.00678198 -0.00491943 0.00002871
v 0.00680008 -0.00494054 0.00002445
v 0.00678987 -0.00492556 0.00002770
v 0.00552474 -0.01138399 0.00412184
v 0.00387522 -0.01105308 0.00577226
v 0.00552474 -0.01138399 0.00577226
v 0.00547672 0.00018516 0.00439320
v 0.00547672 0.00021516 0.00439320
v 0.00550867 0.00021678 0.00438929
v 0.00551792 0.00021754 0.00438842
v 0.00555612 0.00018618 0.00438602
v 0.00717426 -0.01131712 0.00577226
v 0.00594236 0.00016397 0.00436396
v 0.00594236 0.00019211 0.00436396
v 0.00716391 0.00016211 0.00436396
v 0.00716391 0.00019211 0.00436396
v 0.00393700 0.00521334 0.00378949
v 0.00552396 0.00438798 0.00378963
v 0.00552611 0.00438793 0.00378948
v 0.00552396 0.00438798 0.00378911
v 0.00717384 0.00434651 0.00378911
v 0.00141420 -0.00897400 0.00706206
v 0.00140553 -0.00275522 0.00742845
v 0.00140553 -0.00275446 0.00742682
v 0.00143514 -0.00275024 0.00741439
v 0.00143553 -0.00275361 0.00742498
v 0.00140573 -0.00336013 0.00872308
v 0.00140489 -0.00336389 0.00872661
v 0.00143489 -0.00336389 0.00872661
v 0.00143447 -0.00336772 0.00872932
v 0.00143555 -0.00335233 0.00871088
v 0.00296330 0.00016884 0.00691016
v 0.00296330 0.00019884 0.00691016
v 0.00313553 0.00016899 0.00771138
v 0.00313553 0.00019899 0.00771138
v 0.00313801 0.00016941 0.00772006
v 0.00141402 -0.00901868 0.00907142
v 0.00141469 -0.00901632 0.00908782
v 0.00138502 -0.00887613 0.00991430
v 0.00141402 -0.00889637 0.00992004
v 0.00141402 -0.00889651 0.00992002
v 0.00141479 -0.00884587 0.00992976
v 0.00141472 -0.00802463 0.01003366
v 0.00141402 -0.00802463 0.01003366
v 0.00141474 -0.00677619 0.01004309
v 0.00140100 -0.00670345 0.01003599
v 0.00143100 -0.00670345 0.01003599
v 0.00140084 -0.00612610 0.00989650
v 0.00140182 -0.00615367 0.00990499
v 0.00143084 -0.00612610 0.00989650
v 0.00139814 -0.00579480 0.00977989
v 0.00142814 -0.00579480 0.00977989
v 0.00150033 -0.00574836 0.00983793
v 0.00140285 -0.00469606 0.00937329
v 0.00143285 -0.00469606 0.00937329
v 0.00143086 -0.00494266 0.00946590
v 0.00200599 -0.00976005 0.00907178
v 0.00231811 -0.00952547 0.01010288
v 0.00212021 -0.00632858 0.01024503
v 0.00283075 -0.01065644 0.00907178
v 0.00293015 -0.01058392 0.00998743
v 0.00222483 -0.00802391 0.01034781
v 0.00367126 0.00017015 0.00906965
v 0.00367126 0.00020015 0.00906965
v 0.00367002 0.00019985 0.00906696
v 0.00047650 0.00144177 0.00624046
v 0.00047650 0.00147177 0.00624046
v 0.00047627 0.00147279 0.00628733
v 0.00047481 0.00147769 0.00643085
v 0.00050481 0.00147769 0.00643085
v 0.00046170 0.00146903 0.00691413
v 0.00046170 0.00149903 0.00691413
v 0.00049200 0.00149818 0.00690801
v 0.00044513 0.00154644 0.00725595
v 0.00045372 0.00150685 0.00707867
v 0.00047513 0.00154644 0.00725595
v 0.00042680 0.00157396 0.00754769
v 0.00042744 0.00160296 0.00754368
v 0.00041960 0.00161520 0.00759286
v 0.00041898 0.00161616 0.00759671
v 0.00041898 0.00158616 0.00759671
v 0.00045744 0.00160296 0.00754368
v 0.00033570 0.00173369 0.00808122
v 0.00033570 0.00176369 0.00808122
v 0.00036570 0.00176369 0.00808122
v 0.00011993 0.00224664 0.00862093
v 0.00010985 0.00229522 0.00863243
v 0.00013985 0.00229522 0.00863243
v -0.00001473 0.00249481 0.00877450
v -0.00001473 0.00252481 0.00877450
v 0.00001527 0.00252481 0.00877450
v -0.00014165 0.00285522 0.00885795
v -0.00014165 0.00288522 0.00885795
v -0.00011165 0.00288522 0.00885795
v 0.00027992 0.00189393 0.00833827
v 0.00030886 0.00189664 0.00834267
v 0.00030992 0.00189393 0.00833827
v 0.00027134 0.00192090 0.00836284
v 0.00027134 0.00189090 0.00836284
v 0.00026444 0.00190713 0.00837462
v -0.00025624 0.00328432 0.00888030
v 0.00032619 0.01028509 0.01016180
v 0.00033963 0.01031489 0.01017282
v 0.00033989 0.01031382 0.01017303
v 0.00038716 0.01031474 0.01018972
v 0.00053242 0.01018129 0.01022842
v 0.00053526 0.01031474 0.01024242
v 0.00054611 0.01031474 0.01024409
v 0.00064144 0.01030204 0.01026051
v -0.00032191 0.01077042 0.00998088
v 0.00049556 0.01342918 0.01024450
v 0.00103833 0.00847438 0.01016569
v 0.00057497 0.01177549 0.01039499
v 0.00222629 0.00847438 0.01051807
v 0.00221976 0.01030274 0.01050364
v 0.00221976 0.01033274 0.01050364
v 0.00222629 0.01012417 0.01053342
v 0.00387522 -0.01101682 0.00742136
v 0.00552474 -0.01124346 0.00742136
v 0.00387522 -0.01091709 0.00907178
v 0.00387522 -0.01067684 0.01008820
v 0.00552474 -0.01103721 0.00907178
v 0.00552474 -0.01073577 0.01014893
v 0.00387522 -0.00967392 0.01041054
v 0.00552474 -0.00967392 0.01047261
v 0.00437138 0.00016867 0.01014801
v 0.00438566 0.00016959 0.01016917
v 0.00439308 0.00017249 0.01017559
v 0.00439639 0.00017567 0.01017736
v 0.00439772 0.00017648 0.01017800
v 0.00439767 0.00017645 0.01017797
v 0.00438709 0.00019949 0.01017074
v 0.00439084 0.00020024 0.01017438
v 0.00438566 0.00019959 0.01016917
v 0.00439896 0.00020649 0.01017846
v 0.00387522 -0.00472504 0.01053000
v 0.00552474 -0.00472504 0.01060609
v 0.00552474 -0.00307617 0.01060408
v 0.00551974 0.00017720 0.01053333
v 0.00552587 0.00017663 0.01053373
v 0.00551735 0.00017795 0.01053271
v 0.00552037 0.00020617 0.01053339
v 0.00717426 -0.00967392 0.01051466
v 0.00713714 0.00017386 0.01060615
v 0.00387510 0.00682459 0.01060082
v 0.00387510 0.00847438 0.01060416
v 0.00570226 0.01034382 0.01060115
v 0.00571439 0.01031382 0.01060149
v 0.00363953 0.01826288 0.00000276
v 0.00361594 0.01826723 0.00000276
v 0.00355388 0.01970062 -0.00000058
v 0.00357049 0.01966974 0.00000276
v 0.00356063 0.01969746 0.00001798
v 0.00355388 0.01970062 0.00002942
v 0.00355353 0.01972545 0.00002841
v 0.00231921 0.02545305 0.00002894
v 0.00231921 0.02548305 0.00002894
v 0.00275675 0.02545305 0.00080846
v 0.00275675 0.02548305 0.00080846
v 0.00276026 0.02548249 0.00082705
v 0.00354642 0.02003119 0.00002090
v 0.00354617 0.02004205 0.00002063
v 0.00333764 0.02103726 0.00002868
v 0.00308582 0.02548249 0.00357762
v 0.00639794 0.01589657 0.00000276
v 0.00506720 0.01969940 0.00472299
v 0.00465667 0.02548249 0.00420662
v 0.00466639 0.02545305 0.00421070
v 0.00466639 0.02548305 0.00421070
v 0.00549359 0.02498871 0.00571229
v 0.00549321 0.02495502 0.00571335
v 0.00548332 0.02545305 0.00566636
v 0.00548392 0.02548292 0.00566803
v 0.00548392 0.02545305 0.00566803
v 0.00549384 0.02548249 0.00569702
v 0.00049983 0.01969836 0.00781305
v 0.00052522 0.01969516 0.00782678
v -0.00000427 0.01837461 0.00818017
v 0.00079242 0.01969742 0.00795464
v 0.00082296 0.01972418 0.00796689
v 0.00083972 0.01971188 0.00797098
v 0.00085522 0.01969940 0.00797476
v 0.00167133 0.01969940 0.00812468
v 0.00167133 0.01972940 0.00812468
v 0.00114409 0.01930894 0.00830160
v -0.00012788 0.02549712 0.00641239
v 0.00012459 0.02549555 0.00670426
v 0.00078126 0.02549586 0.00744011
v 0.00078449 0.02549543 0.00744344
v 0.00107854 0.02549817 0.00773365
v 0.00137578 0.02425906 0.00826688
v 0.00152969 0.02550004 0.00814326
v 0.00225186 0.01969940 0.00815747
v 0.00225186 0.01972940 0.00815747
v 0.00213516 0.02487502 0.00865556
v 0.00221968 0.02546969 0.00865841
v 0.00221968 0.02549969 0.00865841
v 0.00223175 0.02549272 0.00866571
v 0.00099305 0.01464096 0.01013240
v 0.00217021 0.01514350 0.01030158
v 0.00268483 0.01616235 0.01009919
v 0.00009896 0.02992528 0.00788325
v 0.00106956 0.02865941 0.00852587
v 0.00092338 0.02992528 0.00865084
v 0.00208361 0.02992528 0.00947567
v 0.00293831 0.02897677 0.00995703
v 0.00290802 0.02992528 0.00997396
v 0.00548377 0.01969940 0.00610223
v 0.00548378 0.01972940 0.00610231
v 0.00388765 0.01969940 0.00814062
v 0.00388765 0.01972940 0.00814062
v 0.00541233 0.01969940 0.00739737
v 0.00535525 0.01969940 0.00772456
v 0.00535525 0.01972940 0.00772456
v 0.00549371 0.02176921 0.00594447
v 0.00552370 0.02176921 0.00594447
v 0.00549372 0.02181668 0.00593187
v 0.00549366 0.02175054 0.00600967
v 0.00552366 0.02175054 0.00600967
v 0.00549661 0.02153491 0.00745434
v 0.00552344 0.02153444 0.00745753
v 0.00767662 0.01969940 0.00629767
v 0.00767662 0.01972940 0.00629767
v 0.00387445 0.01507459 0.01058180
v 0.00552470 0.01507459 0.01060646
v 0.00392527 0.02549338 0.00959139
v 0.00414620 0.02549750 0.00968724
v 0.00451065 0.02382540 0.00997846
v 0.00451065 0.02460328 0.00997846
v 0.00470381 0.02549709 0.00989760
v 0.00549344 0.02208269 0.00898406
v 0.00549303 0.02209215 0.00900824
v 0.00552303 0.02209215 0.00900824
v 0.00549053 0.02212995 0.00910060
v 0.00552052 0.02212998 0.00910092
v 0.00552053 0.02212995 0.00910060
v 0.00549039 0.02219095 0.00918127
v 0.00552039 0.02219095 0.00918127
v 0.00548699 0.02225449 0.00925702
v 0.00551699 0.02225449 0.00925702
v 0.00548667 0.02302682 0.00994624
v 0.00551667 0.02302682 0.00994624
v 0.00547270 0.02316086 0.01004202
v 0.00550270 0.02316086 0.01004202
v 0.00549384 0.02320662 0.01006782
v 0.00549384 0.02320662 0.01006738
v 0.00549384 0.02331533 0.01010373
v 0.00549414 0.02333542 0.01011037
v 0.00543515 0.02546584 0.01015981
v 0.00543515 0.02549584 0.01015981
v 0.00549384 0.02507600 0.01021027
v 0.00545251 0.02546166 0.01016501
v 0.00549384 0.02546184 0.01017601
v 0.00555973 0.02549258 0.01019326
v 0.00680718 0.01972940 0.00902687
v 0.00680493 0.01969940 0.00904527
v 0.00680493 0.01972940 0.00904526
v 0.00680493 0.01972940 0.00904527
v 0.00681011 0.01969940 0.00907201
v 0.00681086 0.01972940 0.00907383
v 0.00681011 0.01972940 0.00907201
v 0.00714513 0.01972940 0.00974858
v 0.00717413 0.01969940 0.00980545
v 0.00717413 0.01972940 0.00980545
v 0.00745337 0.01969940 0.01021089
v 0.00745338 0.01969940 0.01021088
v 0.00746535 0.01969036 0.01021866
v 0.00746334 0.01972041 0.01021807
v 0.00745487 0.01972820 0.01021211
v 0.00717466 0.02332437 0.01053158
v 0.00717466 0.02497466 0.01066049
v 0.00717518 0.02549016 0.01061199
v 0.00766185 0.02549126 0.01069714
v 0.00387466 0.02992528 0.01039565
v 0.00552349 0.02992528 0.01097457
v 0.00795721 0.02908256 0.01155429
v 0.00795721 0.02943310 0.01155429
v 0.00731323 0.02996025 0.01140754
v -0.00040122 0.03982549 -0.00680402
v -0.00035080 0.04148887 -0.00674005
v -0.00035166 0.04149120 -0.00673908
v -0.00514051 0.06387666 -0.00082750
v -0.00465885 0.06292467 -0.00082750
v -0.00101349 0.03982549 -0.00577787
v -0.00091021 0.04147483 -0.00577787
v -0.00077939 0.04312418 -0.00577787
v -0.00057715 0.04462625 -0.00588041
v -0.00168650 0.03982549 -0.00432037
v -0.00167790 0.04152229 -0.00401374
v -0.00195933 0.03982549 -0.00349605
v -0.00192576 0.04100359 -0.00338753
v -0.00150921 0.04312418 -0.00412823
v -0.00188531 0.04210315 -0.00323223
v -0.00184314 0.04312418 -0.00302216
v -0.00134053 0.04477352 -0.00412823
v -0.00055047 0.04642449 -0.00552201
v -0.00043170 0.04807384 -0.00530896
v -0.00112709 0.04642449 -0.00412823
v -0.00036742 0.05136676 -0.00441392
v -0.00040936 0.05135195 -0.00429574
v -0.00044479 0.05133792 -0.00419367
v -0.00044479 0.05136792 -0.00419367
v -0.00217879 0.03982549 -0.00247859
v -0.00205141 0.04152229 -0.00260054
v -0.00228949 0.03980846 -0.00166278
v -0.00218452 0.04151591 -0.00166034
v -0.00177687 0.04484551 -0.00246117
v -0.00200666 0.04312418 -0.00219734
v -0.00207180 0.04314355 -0.00165816
v -0.00194814 0.04434482 -0.00189967
v -0.00195922 0.04445985 -0.00165668
v -0.00156601 0.04642449 -0.00247859
v -0.00185759 0.04529647 -0.00165611
v -0.00185474 0.04531711 -0.00165610
v -0.00088311 0.05133908 -0.00247604
v -0.00088255 0.05136866 -0.00247936
v -0.00088468 0.05136906 -0.00246329
v -0.00098458 0.05135246 -0.00165427
v -0.00415959 0.06212844 -0.00162002
v -0.00416025 0.06213071 -0.00159001
v -0.00416395 0.06211340 -0.00158991
v -0.00417019 0.06218628 -0.00159916
v -0.00449109 0.06290422 -0.00195923
v -0.00430686 0.06249019 -0.00175430
v -0.00427070 0.06218672 -0.00082764
v -0.00125519 0.05217381 -0.00167859
v -0.00125519 0.05217381 -0.00164859
v -0.00116759 0.05190488 -0.00165028
v -0.00494534 0.06901284 -0.00647396
v -0.00494369 0.06901004 -0.00647570
v -0.00499062 0.06901331 -0.00642606
v -0.00499062 0.06904005 -0.00642606
v -0.00502264 0.06901004 -0.00639219
v -0.00533866 0.07156021 -0.00672754
v -0.00548844 0.07612606 -0.00683903
v -0.00107452 0.06901004 -0.00907678
v -0.00055246 0.06901004 -0.00928807
v -0.00051308 0.06901004 -0.00930379
v -0.00288172 0.06901004 -0.00815059
v -0.00273258 0.06901004 -0.00823016
v -0.00275739 0.06901004 -0.00821272
v -0.00313967 0.06901004 -0.00797550
v -0.00429073 0.06901004 -0.00706978
v -0.00355259 0.07362091 -0.00825427
v -0.00197893 0.06901004 -0.00865385
v -0.00231425 0.06901004 -0.00848483
v -0.00333680 0.07695093 -0.00801949
v -0.00354548 0.08189324 -0.00660031
v -0.00200864 0.07876919 -0.00829624
v -0.00674924 0.06901004 -0.00348173
v -0.00676354 0.06901004 -0.00344629
v -0.00685351 0.06901004 -0.00323703
v -0.00681711 0.06879960 -0.00316094
v -0.00687492 0.07189627 -0.00498964
v -0.00705962 0.07530119 -0.00523098
v -0.00756638 0.07365046 -0.00412790
v -0.00556593 0.06901004 -0.00565017
v -0.00629139 0.06901004 -0.00446249
v -0.00545147 0.06787433 -0.00531441
v -0.00645583 0.06901004 -0.00414795
v -0.00657227 0.06849958 -0.00348173
v -0.00654448 0.06839432 -0.00344674
v -0.00624849 0.06748408 -0.00330917
v -0.00624849 0.06748408 -0.00327917
v -0.00632333 0.06770483 -0.00331198
v -0.00661650 0.06789505 -0.00255749
v -0.00693147 0.06901004 -0.00295593
v -0.00695578 0.06901004 -0.00282085
v -0.00695578 0.06904005 -0.00282085
v -0.00696520 0.06901004 -0.00279363
v -0.00696520 0.06904005 -0.00279363
v -0.00697013 0.06901004 -0.00276068
v -0.00698562 0.06904005 -0.00262626
v -0.00706327 0.06901004 -0.00234635
v -0.00694019 0.06845889 -0.00206097
v -0.00720690 0.06901004 -0.00142278
v -0.00727842 0.06901004 -0.00082750
v -0.00701578 0.06825647 -0.00082750
v -0.00670566 0.06743208 -0.00082750
v -0.00727864 0.06901004 -0.00008377
v -0.00727888 0.06901293 -0.00004587
v -0.00816534 0.07313924 -0.00210325
v -0.00843781 0.07646015 -0.00226441
v -0.00795355 0.07117487 -0.00000416
v -0.00869237 0.07612606 -0.00000416
v -0.00560655 0.06567010 -0.00295144
v -0.00561757 0.06569947 -0.00292927
v -0.00596040 0.06622422 -0.00247780
v -0.00536732 0.06503234 -0.00278140
v -0.00536732 0.06503234 -0.00275140
v -0.00540218 0.06495824 -0.00247780
v -0.00505004 0.06421086 -0.00253253
v -0.00505004 0.06421086 -0.00250254
v -0.00620268 0.06622422 -0.00082750
v -0.00552332 0.06470171 -0.00082750
v -0.00693826 0.07826757 -0.00506309
v -0.00686426 0.08192478 -0.00332650
v -0.00535583 0.08213765 -0.00510244
v -0.00542687 0.08383074 -0.00360325
v -0.00778601 0.08024843 -0.00247919
v -0.00822883 0.07997372 -0.00100935
v -0.00678020 0.08343261 -0.00126856
v -0.00687728 0.08358831 -0.00000350
v -0.00524453 0.08524396 -0.00174731
v -0.00358751 0.08443979 -0.00497390
v -0.00041496 0.08694298 -0.00504998
v -0.00209507 0.08699422 -0.00351800
v -0.00338682 0.08672518 -0.00199455
v -0.00363428 0.08691341 -0.00001006
v -0.00108156 0.08848382 -0.00113281
v 0.00222460 0.03982549 -0.00916269
v 0.00222460 0.04147483 -0.00907432
v 0.00222460 0.04312418 -0.00896495
v 0.00327211 0.03982549 -0.00980081
v 0.00335764 0.04147483 -0.00975931
v 0.00034751 0.03982549 -0.00762865
v 0.00040375 0.04147483 -0.00756518
v 0.00047874 0.04312418 -0.00748022
v 0.00117240 0.03982549 -0.00843961
v 0.00122864 0.04147483 -0.00839274
v 0.00130363 0.04312418 -0.00833269
v 0.00136221 0.04435137 -0.00828533
v -0.00028883 0.04312418 -0.00665495
v -0.00022169 0.04295081 -0.00674406
v -0.00011766 0.04409774 -0.00673898
v -0.00011766 0.04409774 -0.00673908
v -0.00025355 0.04397830 -0.00660717
v -0.00018728 0.04507786 -0.00649865
v 0.00141728 0.04545093 -0.00823992
v 0.00147939 0.04642449 -0.00818670
v -0.00010035 0.04642449 -0.00634733
v 0.00072480 0.04642449 -0.00736158
v 0.00104673 0.05134004 -0.00704144
v 0.00104691 0.05137011 -0.00704172
v 0.00085954 0.05133693 -0.00673871
v 0.00206993 0.04485042 -0.00873597
v 0.00230427 0.04642449 -0.00877600
v 0.00260663 0.05134067 -0.00859920
v 0.00260658 0.05137064 -0.00859915
v 0.00260587 0.05137049 -0.00859856
v 0.00178404 0.05136901 -0.00786958
v 0.00178182 0.05136785 -0.00786731
v 0.00552414 0.03982549 -0.01066304
v 0.00409700 0.03982549 -0.01015430
v 0.00418253 0.04147483 -0.01012110
v 0.00468403 0.05087510 -0.00991067
v 0.00408785 0.05133232 -0.00955222
v 0.00401927 0.05133454 -0.00951365
v 0.00411134 0.05134043 -0.00956472
v 0.00530353 0.05133421 -0.01014983
v 0.00528558 0.05134179 -0.01014197
v 0.00530294 0.05136413 -0.01014959
v 0.00717392 0.05134530 -0.01079472
v 0.00717261 0.05134454 -0.01079441
v 0.00717188 0.05134350 -0.01079422
v 0.00717392 0.05137530 -0.01079472
v 0.00716981 0.05137085 -0.01079362
v 0.00626945 0.05132885 -0.00673318
v 0.00627178 0.05135771 -0.00673908
v 0.00627178 0.05135885 -0.00673908
v 0.00016854 0.05133684 -0.00562709
v 0.00016864 0.05136684 -0.00562726
v 0.00016856 0.05136684 -0.00562712
v 0.00016776 0.05136686 -0.00562551
v 0.00004561 0.05136819 -0.00537662
v 0.00004578 0.05136816 -0.00537697
v 0.00004128 0.05136877 -0.00536700
v -0.00025183 0.05057076 -0.00495653
v 0.00266201 0.04944008 -0.00155197
v 0.00264723 0.05064139 -0.00161119
v 0.00262174 0.05135885 -0.00167053
v 0.00264271 0.05076349 -0.00164640
v 0.00264233 0.05080356 -0.00161683
v 0.00262176 0.05135825 -0.00164050
v 0.00265351 0.05135885 -0.00163453
v 0.00265223 0.05135885 -0.00160954
v 0.00265351 0.05135885 -0.00160954
v 0.00266519 0.05226759 -0.00161243
v 0.00266519 0.05226759 -0.00158243
v 0.00267350 0.05291998 -0.00159689
v 0.00267490 0.05303253 -0.00159435
v 0.00271849 0.05963171 -0.00159564
v 0.00271479 0.05967142 -0.00159382
v 0.00271849 0.05963171 -0.00156564
v 0.00271479 0.05967142 -0.00156382
v 0.00259261 0.06029170 -0.00159377
v 0.00259261 0.06029170 -0.00156377
v 0.00179571 0.06215579 -0.00159448
v 0.00179571 0.06218579 -0.00159448
v 0.00179571 0.06215579 -0.00156448
v 0.00179571 0.06218579 -0.00156448
v 0.00189884 0.06197165 -0.00159422
v 0.00189884 0.06197165 -0.00156422
v 0.00227002 0.06122603 -0.00159437
v 0.00226446 0.06123734 -0.00156441
v 0.00226982 0.06122658 -0.00156441
v 0.00210347 0.06215579 -0.00173500
v 0.00210347 0.06218579 -0.00173500
v 0.00261186 0.06215579 -0.00197660
v 0.00261175 0.06218579 -0.00197655
v 0.00250720 0.06281623 -0.00208914
v 0.00255011 0.06255771 -0.00204226
v 0.00053117 0.06901004 -0.00968388
v 0.00087133 0.06901004 -0.00979833
v 0.00134852 0.06842749 -0.00991808
v 0.00130983 0.06901004 -0.00992869
v -0.00011829 0.07288436 -0.00953417
v 0.00273818 0.06901004 -0.01027582
v -0.00025098 0.07695093 -0.00914618
v 0.00222420 0.07942356 -0.00933374
v 0.00297131 0.07705440 -0.00992135
v -0.00018882 0.08516118 -0.00658064
v 0.00222420 0.08326310 -0.00814016
v 0.00222420 0.08564014 -0.00691117
v 0.00356988 0.08556020 -0.00686242
v 0.00387313 0.06787433 -0.01052670
v 0.00387313 0.06901004 -0.01054413
v 0.00438740 0.06901004 -0.01064570
v 0.00552396 0.06622422 -0.01084048
v 0.00552396 0.06787433 -0.01085413
v 0.00543799 0.06901004 -0.01082785
v 0.00543799 0.06901004 -0.01082159
v 0.00552450 0.06901004 -0.01084282
v 0.00552480 0.06901070 -0.01084274
v 0.00552396 0.06901004 -0.01084276
v 0.00511229 0.07542584 -0.01031180
v 0.00603823 0.06901004 -0.01089733
v 0.00717317 0.06622422 -0.01103906
v 0.00717317 0.06787433 -0.01102845
v 0.00717317 0.06901004 -0.01099207
v 0.00768744 0.06901004 -0.01101935
v 0.00717420 0.07200017 -0.01081260
v 0.00793131 0.06858126 -0.00616018
v 0.00387478 0.08107367 -0.00908482
v 0.00794231 0.07691001 -0.00989048
v 0.00573476 0.08207610 -0.00833329
v 0.00550532 0.08435879 -0.00658016
v 0.00794602 0.08183957 -0.00636368
v 0.00017362 0.06876414 -0.00343817
v 0.00017362 0.06879414 -0.00343817
v 0.00017362 0.06876414 -0.00340817
v 0.00017362 0.06879414 -0.00340817
v 0.00297706 0.06871250 -0.00442010
v 0.00075059 0.06877279 -0.00234769
v 0.00151053 0.06872556 -0.00094318
v 0.00151239 0.06872553 -0.00093816
v 0.00151053 0.06875556 -0.00094318
v 0.00151006 0.06875870 -0.00065007
v 0.00150519 0.06873573 -0.00012040
v 0.00150519 0.06876573 -0.00012040
v 0.00219268 0.06459356 -0.00263043
v 0.00219268 0.06459356 -0.00260043
v 0.00222825 0.06450375 -0.00261018
v 0.00222825 0.06450375 -0.00258049
v 0.00099993 0.08863410 -0.00355079
v 0.00222420 0.08730564 -0.00544084
v 0.00337387 0.08712431 -0.00530050
v 0.00057369 0.08914459 -0.00000416
v 0.00300742 0.08849121 -0.00243460
v 0.00222420 0.08896720 -0.00082917
v 0.00464475 0.08678415 -0.00247926
v -0.00513954 0.06387666 0.00082143
v -0.00465788 0.06292467 0.00082143
v -0.00426924 0.06218586 0.00082184
v -0.00404139 0.06218595 0.00247246
v -0.00404151 0.06218579 0.00247173
v -0.00442238 0.06292467 0.00247173
v -0.00377954 0.06220814 0.00344596
v -0.00377136 0.06221167 0.00347638
v -0.00371556 0.06218699 0.00368383
v -0.00371287 0.06218711 0.00369049
v -0.00390841 0.06292600 0.00409903
v -0.00368432 0.06347715 0.00515426
v -0.00335868 0.06218579 0.00453526
v -0.00335896 0.06218579 0.00453545
v -0.00341510 0.06237686 0.00463384
v -0.00264452 0.06218579 0.00573452
v -0.00264477 0.06218579 0.00573411
v -0.00073269 0.03987814 0.00626688
v -0.00055550 0.04097478 0.00644711
v -0.00046511 0.04150631 0.00653663
v -0.00041145 0.03982549 0.00680378
v -0.00035284 0.04147483 0.00673089
v -0.00197913 0.06218579 0.00667704
v -0.00197871 0.06218579 0.00667764
v -0.00214799 0.06292467 0.00684051
v -0.00081897 0.06218579 0.00771871
v -0.00044721 0.06324868 0.00837297
v -0.00727892 0.06901154 0.00002584
v -0.00727894 0.06902244 0.00005451
v -0.00727473 0.06901004 0.00010673
v -0.00727939 0.06901004 0.00082143
v -0.00701675 0.06825647 0.00082143
v -0.00670566 0.06743141 0.00082143
v -0.00694019 0.06845822 0.00205694
v -0.00661650 0.06789438 0.00255278
v -0.00706424 0.06901004 0.00234164
v -0.00696354 0.06904005 0.00274456
v -0.00695905 0.06901004 0.00277928
v -0.00695905 0.06904005 0.00277928
v -0.00694917 0.06904005 0.00280476
v -0.00693341 0.06901004 0.00294986
v -0.00849760 0.07371157 0.00066969
v -0.00787896 0.07199974 0.00247088
v -0.00843159 0.07558083 0.00216691
v -0.00620365 0.06622422 0.00082143
v -0.00552235 0.06470171 0.00082143
v -0.00596137 0.06622422 0.00247173
v -0.00540314 0.06495824 0.00247173
v -0.00501937 0.06413319 0.00247173
v -0.00681808 0.06879760 0.00315691
v -0.00674830 0.06901004 0.00347635
v -0.00674733 0.06901004 0.00347635
v -0.00769619 0.07530028 0.00412242
v -0.00687561 0.07189427 0.00498580
v -0.00706079 0.07530028 0.00522879
v -0.00645715 0.06901004 0.00414297
v -0.00607347 0.06787433 0.00412251
v -0.00527619 0.06523215 0.00347635
v -0.00527547 0.06523282 0.00347938
v -0.00547215 0.06629237 0.00406646
v -0.00474187 0.06463958 0.00406646
v -0.00556727 0.06901004 0.00564589
v -0.00526741 0.06688761 0.00505048
v -0.00503366 0.06578798 0.00457930
v -0.00545281 0.06787433 0.00531031
v -0.00796776 0.08107330 0.00082085
v -0.00849464 0.07854449 0.00160783
v -0.00778542 0.08024843 0.00247088
v -0.00678020 0.08343457 0.00126025
v -0.00524453 0.08524396 0.00174030
v -0.00686332 0.08192592 0.00332087
v -0.00693880 0.07826979 0.00505992
v -0.00672465 0.07986319 0.00478046
v -0.00535906 0.08214223 0.00510075
v -0.00542752 0.08383220 0.00359915
v -0.00393743 0.06457478 0.00550348
v -0.00338268 0.08672222 0.00198098
v -0.00108037 0.08848332 0.00112515
v -0.00297279 0.08623389 0.00357814
v -0.00358889 0.08444156 0.00497153
v -0.00041802 0.08694561 0.00504764
v -0.00527461 0.06901004 0.00604877
v -0.00506542 0.06901004 0.00633540
v -0.00505182 0.06901976 0.00635371
v -0.00483376 0.06787433 0.00613525
v -0.00502560 0.06901004 0.00638902
v -0.00496985 0.06901004 0.00644049
v -0.00496985 0.06904005 0.00644049
v -0.00533976 0.07155821 0.00672485
v -0.00549246 0.07612595 0.00683703
v -0.00529587 0.07824083 0.00667371
v -0.00353601 0.06543124 0.00658219
v -0.00375526 0.06653086 0.00679581
v -0.00400836 0.06787433 0.00701322
v -0.00429209 0.06901004 0.00706625
v -0.00334578 0.06457478 0.00632842
v -0.00252199 0.06457478 0.00715791
v -0.00298145 0.06787433 0.00783741
v -0.00314427 0.06901004 0.00797225
v -0.00276811 0.06901004 0.00820424
v -0.00276811 0.06904005 0.00820424
v -0.00271561 0.06901004 0.00823662
v -0.00350507 0.07273829 0.00822109
v -0.00153861 0.06457478 0.00798209
v -0.00198355 0.06681813 0.00830101
v -0.00177075 0.06571783 0.00816238
v -0.00215766 0.06787433 0.00840025
v -0.00231887 0.06901004 0.00848130
v -0.00116299 0.06625028 0.00862296
v -0.00107432 0.06787433 0.00894490
v -0.00107432 0.06901004 0.00907596
v -0.00107448 0.07530028 0.00912312
v -0.00355291 0.08190467 0.00659998
v -0.00275382 0.07720270 0.00825519
v -0.00200214 0.08034797 0.00782112
v 0.00249310 0.06215579 0.00121594
v 0.00258962 0.06215579 0.00160079
v 0.00258944 0.06218579 0.00160006
v 0.00258921 0.06218579 0.00166610
v 0.00258058 0.06218579 0.00347413
v 0.00257605 0.06219663 0.00347741
v 0.00256683 0.06225051 0.00345117
v 0.00256683 0.06225051 0.00348117
v 0.00232399 0.06291725 0.00345102
v 0.00232399 0.06291725 0.00348102
v 0.00328553 0.06067773 0.00356397
v 0.00327596 0.06077493 0.00356453
v 0.00333625 0.06018843 0.00358061
v 0.00311177 0.06218578 0.00374946
v 0.00313003 0.06215579 0.00375910
v 0.00313003 0.06218579 0.00375910
v 0.00314294 0.06215579 0.00381104
v 0.00320303 0.06215579 0.00406190
v 0.00320303 0.06218579 0.00406190
v 0.00321496 0.06215579 0.00413988
v 0.00321496 0.06218579 0.00413988
v 0.00401848 0.04563379 0.00389324
v 0.00406881 0.05321625 0.00389270
v -0.00027895 0.06219029 0.00820359
v -0.00027682 0.06219075 0.00820550
v -0.00027652 0.06219099 0.00820577
v -0.00008494 0.06219018 0.00832815
v 0.00055664 0.06218800 0.00871920
v 0.00055719 0.06218804 0.00871953
v 0.00259945 0.05861917 0.00947555
v 0.00215571 0.06218689 0.00958413
v 0.00215574 0.06218690 0.00958414
v 0.00215574 0.06218579 0.00958414
v 0.00296105 0.06063144 0.00982025
v 0.00296105 0.06066144 0.00982025
v 0.00300605 0.06091709 0.00986199
v 0.00291877 0.06218579 0.00995312
v 0.00291887 0.06218579 0.00995317
v 0.00291912 0.06218579 0.00995322
v 0.00296161 0.06181270 0.00993613
v 0.00318845 0.06203137 0.01002573
v 0.00318757 0.06199567 0.01002497
v 0.00320792 0.06212669 0.01004258
v 0.00320622 0.06214573 0.01004110
v 0.00321235 0.06214920 0.01004589
v 0.00321245 0.06218579 0.01004649
v 0.00334811 0.06218579 0.01008901
v 0.00382519 0.06218579 0.01023760
v 0.00387324 0.06292467 0.01031602
v 0.00552713 0.06215693 0.01068403
v 0.00552403 0.06218579 0.01068342
v 0.00552403 0.06292467 0.01072054
v 0.00716307 0.06219034 0.01097425
v 0.00717445 0.06216548 0.01097620
v 0.00717490 0.06219561 0.01097625
v 0.00717322 0.06292467 0.01099400
v 0.00778525 0.06219722 0.01104604
v 0.00147674 0.06875000 0.00092260
v 0.00147674 0.06878000 0.00092260
v 0.00055883 0.06882472 0.00263517
v 0.00011957 0.06882104 0.00345100
v 0.00011957 0.06885105 0.00345100
v 0.00011957 0.06882104 0.00348100
v 0.00011957 0.06885105 0.00348100
v 0.00192683 0.06883343 0.00414737
v -0.00010383 0.08843664 0.00313932
v 0.00141974 0.08863364 0.00354524
v 0.00294506 0.08845789 0.00297917
v 0.00279674 0.08721311 0.00536992
v 0.00404274 0.06882871 0.00492975
v 0.00464413 0.08678227 0.00247114
v 0.00465906 0.08643524 0.00412242
v 0.00011030 0.06901004 0.00950110
v 0.00070544 0.06785496 0.00966379
v 0.00052166 0.06901004 0.00968046
v 0.00145507 0.06729179 0.00988196
v 0.00134223 0.06839208 0.00991453
v 0.00130031 0.06901004 0.00992514
v -0.00006850 0.07200050 0.00956056
v 0.00226753 0.07566459 0.00992427
v 0.00166547 0.08270138 0.00823556
v -0.00020036 0.08517066 0.00658016
v 0.00222365 0.08565158 0.00690918
v 0.00356642 0.08555500 0.00685923
v 0.00222365 0.07942284 0.00933441
v 0.00716208 0.06884006 0.00608567
v 0.00387324 0.06457478 0.01040541
v 0.00387324 0.06622422 0.01047207
v 0.00387324 0.06787433 0.01052661
v 0.00387324 0.06901004 0.01054555
v 0.00463834 0.06901004 0.01068493
v 0.00470166 0.06901004 0.01069640
v 0.00469856 0.06901070 0.01069608
v 0.00552403 0.06457478 0.01079099
v 0.00552403 0.06622422 0.01084023
v 0.00552403 0.06787433 0.01085462
v 0.00552403 0.06901004 0.01084629
v 0.00387359 0.07323755 0.01043306
v 0.00552353 0.07530028 0.01040234
v 0.00717322 0.06457478 0.01102203
v 0.00717322 0.06622422 0.01104021
v 0.00717322 0.06787433 0.01103339
v 0.00717322 0.06901004 0.01100158
v 0.00634850 0.07200050 0.01077952
v 0.00799844 0.07323755 0.01064633
v 0.00574206 0.08207753 0.00832634
v 0.00550246 0.08435658 0.00657302
v 0.00387359 0.08338412 0.00815866
v 0.00794754 0.08184287 0.00637164
v 0.00387359 0.07993997 0.00938099
v 0.00552353 0.07888687 0.00968246
v 0.00792647 0.07690623 0.00988146
v 0.00882407 -0.00967399 -0.01051986
v 0.00882407 -0.00802422 -0.01060496
v 0.00882407 -0.01075680 -0.01016945
v 0.00882407 -0.01108743 -0.00907745
v 0.01038434 -0.00967399 -0.01051271
v 0.01047478 -0.00967464 -0.01051237
v 0.01038434 -0.00880549 -0.01055337
v 0.01035545 -0.00802459 -0.01059020
v 0.01038434 -0.00802459 -0.01059020
v 0.01212532 -0.00802459 -0.01049880
v 0.01047478 -0.01076285 -0.01016963
v 0.01037895 -0.01109782 -0.00907562
v 0.01038434 -0.01109766 -0.00907745
v 0.01038115 -0.01109785 -0.00907529
v 0.01038391 -0.01109766 -0.00907665
v 0.01041153 -0.01109785 -0.00907788
v 0.01041391 -0.01109766 -0.00907665
v 0.01047478 -0.01109863 -0.00907788
v 0.01162703 -0.01067420 -0.01007752
v 0.01215663 -0.00971232 -0.01024532
v 0.01186008 -0.01079721 -0.00907788
v 0.01212532 -0.00307554 -0.01050951
v 0.01038434 -0.01096440 -0.00833110
v 0.01037469 -0.01082888 -0.00758700
v 0.01038434 -0.01083974 -0.00763289
v 0.01038439 -0.01083930 -0.00763332
v 0.01038973 -0.01083586 -0.00761799
v 0.01039928 -0.01083130 -0.00759775
v 0.01172008 -0.01072185 -0.00784832
v 0.00883074 0.01034306 -0.01060645
v 0.01009863 0.01162887 -0.01060129
v 0.01047518 0.01031382 -0.01059793
v 0.01212247 0.01031747 -0.01051724
v 0.01212488 0.01031382 -0.01051695
v 0.01142820 0.00251992 -0.00663859
v 0.01142777 0.00251464 -0.00663577
v 0.01142820 0.00254992 -0.00663859
v 0.01145821 0.00251992 -0.00663859
v 0.01145821 0.00254992 -0.00663859
v 0.01154024 0.00251992 -0.00653429
v 0.01154024 0.00254992 -0.00653429
v 0.01268535 -0.01028191 -0.00907788
v 0.01346801 -0.00918816 -0.01007538
v 0.01392022 -0.00812764 -0.01014036
v 0.01377499 -0.00637453 -0.01023961
v 0.01456808 -0.00874711 -0.00985832
v 0.01467244 -0.00764670 -0.00995257
v 0.01470896 -0.00637453 -0.00997685
v 0.01546205 -0.00637453 -0.00907788
v 0.01481332 -0.00899201 -0.00875871
v 0.01493593 -0.00906293 -0.00742775
v 0.01617775 -0.00637453 -0.00814036
v 0.01310095 0.00257992 -0.01035095
v 0.01377674 0.00257992 -0.01024018
v 0.01377458 0.01031382 -0.01025842
v 0.01470593 0.00254992 -0.00997587
v 0.01470567 0.00257992 -0.00997586
v 0.01471436 0.00257992 -0.00996584
v 0.01546348 0.00257992 -0.00907708
v 0.01547320 0.00257923 -0.00906525
v 0.01473868 0.01031382 -0.00998815
v 0.01474491 0.01031382 -0.00998640
v 0.01565732 0.01031382 -0.00894605
v 0.01588794 0.00255067 -0.00852866
v 0.01618645 0.00252224 -0.00814239
v 0.01041239 -0.00909224 -0.00324350
v 0.01044239 -0.00909224 -0.00324350
v 0.01045624 -0.00900266 -0.00312665
v 0.01045857 -0.00901397 -0.00313205
v 0.01048623 -0.00900266 -0.00312665
v 0.01048849 -0.00901412 -0.00313226
v 0.01048435 -0.00471325 -0.00321621
v 0.01051435 -0.00471325 -0.00321621
v 0.01045630 -0.00503041 -0.00307750
v 0.01045561 -0.00505407 -0.00306904
v 0.01045560 -0.00505405 -0.00306905
v 0.01048630 -0.00503041 -0.00307750
v 0.01048561 -0.00505407 -0.00306904
v 0.01045578 -0.00801787 -0.00289231
v 0.01045620 -0.00803428 -0.00289415
v 0.01048620 -0.00803428 -0.00289415
v 0.01048578 -0.00783574 -0.00288605
v 0.01045580 -0.00638558 -0.00283618
v 0.01045560 -0.00637537 -0.00283624
v 0.01048560 -0.00637537 -0.00283624
v 0.00836999 0.00251992 -0.00461246
v 0.00836999 0.00254992 -0.00461246
v 0.01120576 0.00564446 -0.00330065
v 0.01120591 0.00564337 -0.00325651
v 0.01123575 0.00564446 -0.00330065
v 0.00991549 0.01247201 -0.00002724
v 0.01006863 0.01231096 -0.00001557
v 0.01009863 0.01231096 -0.00001557
v 0.01310509 -0.00802957 -0.00000370
v 0.01310487 -0.00802895 -0.00000359
v 0.01302729 -0.00638141 -0.00000362
v 0.01302732 -0.00638229 -0.00000363
v 0.01302776 -0.00636996 -0.00000362
v 0.01369318 -0.00911953 -0.00000372
v 0.01369282 -0.00911896 -0.00000367
v 0.01370094 -0.00912303 -0.00000450
v 0.01623545 -0.00884410 -0.00160357
v 0.01556975 -0.00910936 -0.00000230
v 0.01630964 -0.00890511 -0.00050352
v 0.01630490 -0.00890713 -0.00001910
v 0.01488409 0.00101466 -0.00132052
v 0.01488409 0.00104466 -0.00132052
v 0.01591960 0.00100805 -0.00000181
v 0.01591960 0.00103805 -0.00000181
v 0.01591249 0.00100809 -0.00000894
v 0.01352860 0.00283224 -0.00333065
v 0.01343485 0.00293883 -0.00330065
v 0.01352860 0.00283224 -0.00330065
v 0.01413468 0.00206312 -0.00332228
v 0.01414139 0.00206718 -0.00330065
v 0.01414139 0.00207821 -0.00330065
v 0.01461552 0.00256296 -0.00333065
v 0.01467247 0.00254992 -0.00333065
v 0.01467247 0.00254992 -0.00330065
v 0.01489015 0.00251992 -0.00333065
v 0.01489015 0.00254992 -0.00333065
v 0.01489015 0.00251992 -0.00330065
v 0.01489015 0.00254992 -0.00330065
v 0.01450471 0.00152866 -0.00213145
v 0.01450766 0.00155466 -0.00212515
v 0.00880644 0.01825632 -0.01060430
v 0.00880063 0.01825660 -0.01060348
v 0.00882428 0.01826794 -0.01060508
v 0.01006867 0.01740293 -0.01060619
v 0.01009944 0.01745455 -0.01060617
v 0.01009944 0.01825147 -0.01060649
v 0.01009944 0.01936466 -0.01071938
v 0.01006944 0.01826723 -0.00679217
v 0.01006944 0.01830536 -0.00679183
v 0.01009944 0.01826723 -0.00679217
v 0.01006944 0.01826723 -0.00676840
v 0.01009944 0.01826723 -0.00676840
v 0.01006944 0.01819262 -0.00667266
v 0.01009863 0.01815771 -0.00666229
v 0.01009863 0.01816075 -0.00666234
v 0.01009944 0.01819262 -0.00667266
v 0.01009863 0.01741027 -0.00664972
v 0.01006944 0.02055694 -0.00671193
v 0.01009944 0.02055694 -0.00671193
v 0.01012863 0.01816075 -0.00666234
v 0.01012863 0.01741027 -0.00664972
v 0.01056423 0.02558910 -0.00665700
v 0.01056423 0.02561910 -0.00665700
v 0.01050813 0.02511298 -0.00665159
v 0.01053436 0.02547751 -0.00665176
v 0.01056436 0.02547751 -0.00665176
v 0.00882434 0.02897587 -0.01161072
v 0.00871082 0.02980874 -0.01163688
v 0.00846163 0.03462846 -0.01148670
v 0.00928753 0.03464185 -0.01160418
v 0.00972601 0.03464185 -0.01164430
v 0.01047404 0.02992528 -0.01181475
v 0.01112461 0.02963311 -0.01178953
v 0.01115461 0.02963311 -0.01178953
v 0.01118375 0.03004709 -0.01181751
v 0.01212468 0.02992528 -0.01182643
v 0.01012979 0.03464185 -0.01168154
v 0.01047404 0.03461829 -0.01171325
v 0.01047347 0.03464185 -0.01171324
v 0.01118375 0.03461587 -0.01172504
v 0.01200875 0.03464185 -0.01173874
v 0.01212512 0.03464185 -0.01174067
v 0.01080448 0.02659521 -0.00671766
v 0.01083448 0.02659521 -0.00671766
v 0.01106768 0.02827223 -0.00686108
v 0.01108323 0.02827716 -0.00686157
v 0.01113316 0.03461185 -0.00767231
v 0.01113316 0.03464185 -0.00767231
v 0.01119746 0.03464185 -0.00767913
v 0.01129902 0.03464185 -0.00765110
v 0.01377458 0.01507482 -0.01060624
v 0.01377458 0.01740275 -0.01060624
v 0.01542559 0.01507482 -0.01057821
v 0.01538277 0.01737332 -0.01058905
v 0.01540431 0.01737293 -0.01058882
v 0.01544030 0.01740293 -0.01058567
v 0.01377530 0.02992528 -0.01168321
v 0.01372841 0.03464185 -0.01162937
v 0.01372880 0.03464185 -0.01162933
v 0.01361534 0.03652517 -0.01161891
v 0.01466974 0.02907180 -0.01156563
v 0.01468320 0.02992528 -0.01156813
v 0.01550789 0.02992528 -0.01140114
v 0.01546629 0.03157397 -0.01140239
v 0.01453231 0.03464185 -0.01154566
v 0.01435253 0.03817615 -0.01152902
v 0.01436344 0.03464185 -0.00681580
v 0.01439752 0.03464185 -0.00681553
v 0.01009863 0.01741478 -0.00571141
v 0.01006863 0.01741195 -0.00567006
v 0.01009863 0.01741195 -0.00567006
v 0.01006863 0.01521753 -0.00285437
v 0.01009863 0.01521013 -0.00284590
v 0.01678736 -0.00637453 -0.00731565
v 0.01761263 -0.00637453 -0.00607609
v 0.01763437 -0.00472559 -0.00625817
v 0.01675009 0.01371057 -0.01011202
v 0.01765832 0.00254992 -0.00621024
v 0.01787185 0.00252112 -0.00591558
v 0.01699188 0.01031445 -0.00739267
v 0.01699149 0.01031306 -0.00739315
v 0.01930429 0.01286052 -0.00801784
v 0.01982830 0.01241224 -0.00691728
v 0.02033651 0.01345174 -0.00738761
v 0.02092898 0.01294240 -0.00614066
v 0.01808657 -0.00637453 -0.00525067
v 0.01793178 -0.00722893 -0.00502789
v 0.01822484 -0.00472559 -0.00543346
v 0.01893619 -0.00472559 -0.00412821
v 0.01927115 0.00112618 -0.00330065
v 0.01927293 0.00111441 -0.00329617
v 0.01961890 -0.00566453 -0.00192348
v 0.01882112 -0.00658983 -0.00082828
v 0.01968942 -0.00576520 -0.00082828
v 0.01943571 -0.00472500 -0.00288027
v 0.01943881 0.00104732 -0.00287379
v 0.01943953 0.00101731 -0.00286966
v 0.01965095 -0.00472500 -0.00205507
v 0.01964535 0.00101731 -0.00204917
v 0.01964577 0.00104732 -0.00204858
v 0.01982865 -0.00472500 -0.00082828
v 0.01982503 0.00102531 -0.00082227
v 0.01822471 0.00256323 -0.00542849
v 0.01822607 0.00256669 -0.00542659
v 0.01824443 0.01031382 -0.00583333
v 0.01824382 0.01031306 -0.00583397
v 0.01824568 0.01031382 -0.00583126
v 0.01894126 0.00255180 -0.00412809
v 0.01894122 0.00255182 -0.00412819
v 0.01927278 0.00256929 -0.00330065
v 0.01927145 0.00256880 -0.00330200
v 0.01912370 0.01031382 -0.00437832
v 0.01915420 0.01031382 -0.00432784
v 0.01915853 0.01031382 -0.00431771
v 0.01934554 0.01031382 -0.00385638
v 0.01955834 0.01026550 -0.00330065
v 0.01955467 0.01031382 -0.00331473
v 0.01985755 0.01031382 -0.00268223
v 0.01985727 0.01031382 -0.00268323
v 0.01985713 0.01031292 -0.00268223
v 0.01991554 0.01031430 -0.00247698
v 0.01991588 0.01031442 -0.00247577
v 0.02016314 0.01031436 -0.00106484
v 0.02016421 0.01031439 -0.00105508
v 0.02018856 0.01031477 -0.00082889
v 0.02153066 0.01346562 -0.00566513
v 0.02124101 0.01256352 -0.00504113
v 0.02140559 0.01243237 -0.00412850
v 0.02226532 0.01354264 -0.00403609
v 0.02244175 0.01318111 -0.00247869
v 0.02253128 0.01301942 -0.00082889
v 0.01720827 0.01512062 -0.01016913
v 0.01707397 0.01672427 -0.01025842
v 0.01707397 0.01740293 -0.01026153
v 0.01707145 0.01740293 -0.01026203
v 0.01784945 0.01460157 -0.00987841
v 0.01792186 0.01570143 -0.00991475
v 0.01794161 0.01672427 -0.00992514
v 0.01796401 0.01740293 -0.00991908
v 0.01836251 0.01740293 -0.00968803
v 0.01836697 0.01743293 -0.00968467
v 0.01857226 0.01512062 -0.00947141
v 0.01876712 0.01672427 -0.00944130
v 0.01876849 0.01740293 -0.00945393
v 0.01878805 0.01874778 -0.00946686
v 0.01960470 0.02102272 -0.00898984
v 0.01990730 0.01507482 -0.00855670
v 0.01974535 0.01395969 -0.00842276
v 0.01998761 0.01672427 -0.00861588
v 0.02000222 0.01740293 -0.00862511
v 0.02000347 0.01740293 -0.00862511
v 0.02011253 0.02239914 -0.00868564
v 0.01707531 0.02992528 -0.01100212
v 0.01707531 0.03157397 -0.01099086
v 0.01705749 0.03461185 -0.01095336
v 0.01707518 0.03464185 -0.01094876
v 0.01708244 0.03462144 -0.01094582
v 0.01709425 0.03462556 -0.01094104
v 0.01872347 0.02992528 -0.01036856
v 0.01959956 0.02903953 -0.00993389
v 0.01961424 0.02992528 -0.00994265
v 0.02043894 0.02992528 -0.00936788
v 0.01872347 0.03322446 -0.01031415
v 0.01886519 0.03464185 -0.01022431
v 0.01886478 0.03463550 -0.01022449
v 0.01954569 0.03464185 -0.00990145
v 0.02039122 0.03322446 -0.00933473
v 0.02022831 0.03464185 -0.00942179
v 0.02022864 0.03464185 -0.00942155
v 0.01704008 0.03464185 -0.00608686
v 0.01704008 0.03464185 -0.00606106
v 0.01762024 0.03464185 -0.00684102
v 0.01762024 0.03464185 -0.00681102
v 0.02073280 0.01507482 -0.00774166
v 0.02081311 0.01672427 -0.00784653
v 0.02082714 0.01740293 -0.00786565
v 0.02130947 0.01404227 -0.00675739
v 0.02142928 0.01507482 -0.00691624
v 0.02151486 0.01672427 -0.00702214
v 0.02156494 0.01740293 -0.00698729
v 0.02062172 0.02332461 -0.00829660
v 0.02084305 0.02362110 -0.00809410
v 0.02093628 0.02379425 -0.00800285
v 0.02095774 0.02332461 -0.00802156
v 0.02169097 0.02332461 -0.00719610
v 0.02164320 0.02477123 -0.00713583
v 0.02251544 0.02332461 -0.00602056
v 0.02222588 0.02525239 -0.00625216
v 0.02141658 0.02879119 -0.00845226
v 0.02151569 0.02992528 -0.00854357
v 0.02234039 0.02992528 -0.00764546
v 0.02145991 0.03464185 -0.00849647
v 0.02146063 0.03464185 -0.00849604
v 0.02159153 0.03464185 -0.00835286
v 0.02230124 0.03322446 -0.00761044
v 0.02227870 0.03464185 -0.00759275
v 0.02295096 0.02892119 -0.00675361
v 0.02299623 0.02992528 -0.00682053
v 0.02298644 0.03157397 -0.00680489
v 0.02297298 0.03322446 -0.00678550
v 0.02295523 0.03464185 -0.00675914
v 0.02295991 0.03462823 -0.00675043
v 0.02289837 0.03817615 -0.00667866
v 0.01776610 0.01742250 -0.00409037
v 0.01776617 0.01798326 -0.00409978
v 0.01758064 0.02545305 -0.00448831
v 0.01758210 0.02548305 -0.00448786
v 0.01777921 0.02156860 -0.00425480
v 0.01779389 0.02261641 -0.00429675
v 0.01794557 0.02548305 -0.00437584
v 0.01790742 0.02548305 -0.00385962
v 0.01790693 0.02548274 -0.00385339
v 0.01991270 0.02548714 -0.00000164
v 0.01730732 0.02849586 -0.00502385
v 0.01748984 0.02659294 -0.00466623
v 0.01699664 0.03273208 -0.00579392
v 0.01697603 0.03317832 -0.00586688
v 0.01697667 0.03313415 -0.00586441
v 0.01697242 0.03342752 -0.00590818
v 0.01697242 0.03342752 -0.00588303
v 0.02209153 0.01507482 -0.00577726
v 0.02226796 0.01672427 -0.00577726
v 0.02234564 0.01740293 -0.00571912
v 0.02234697 0.01740293 -0.00571648
v 0.02242637 0.02002485 -0.00586752
v 0.02244654 0.02541351 -0.00590652
v 0.02268532 0.01507482 -0.00446697
v 0.02277748 0.01672427 -0.00472758
v 0.02280439 0.01740293 -0.00481059
v 0.02286522 0.01898716 -0.00498371
v 0.02289509 0.02002485 -0.00504302
v 0.02302632 0.01672427 -0.00390215
v 0.02288676 0.01417064 -0.00342455
v 0.02295127 0.01507482 -0.00364259
v 0.02304608 0.01841215 -0.00424434
v 0.02303422 0.01740293 -0.00403921
v 0.02303467 0.01740293 -0.00403965
v 0.02318078 0.02002485 -0.00412860
v 0.02293474 0.02167473 -0.00512241
v 0.02297004 0.02332461 -0.00519606
v 0.02270362 0.02548709 -0.00544429
v 0.02270794 0.02549078 -0.00543625
v 0.02290601 0.02545960 -0.00508675
v 0.02290601 0.02548960 -0.00508675
v 0.02294930 0.02547389 -0.00496682
v 0.02326768 0.02167473 -0.00412860
v 0.02334806 0.02332461 -0.00412860
v 0.02323366 0.02548931 -0.00412860
v 0.02325407 0.02547358 -0.00404620
v 0.02296970 0.01400549 -0.00247869
v 0.02318168 0.01507482 -0.00247869
v 0.02332387 0.01672427 -0.00247869
v 0.02336732 0.01740293 -0.00247869
v 0.02354087 0.02002485 -0.00247864
v 0.02305528 0.01384450 -0.00082889
v 0.02335678 0.01507482 -0.00082889
v 0.02349766 0.01672427 -0.00082889
v 0.02305660 0.01384380 -0.00000139
v 0.02350819 0.01672427 -0.00000139
v 0.02353848 0.01740293 -0.00082889
v 0.02364461 0.02167473 -0.00247864
v 0.02362962 0.02547392 -0.00252697
v 0.02364153 0.02548775 -0.00247765
v 0.02373911 0.02332461 -0.00247864
v 0.02390748 0.02332461 -0.00082868
v 0.02381857 0.02548808 -0.00084777
v 0.02382053 0.02548787 -0.00082737
v 0.02382037 0.02548769 -0.00083027
v 0.02355052 0.02992528 -0.00577857
v 0.02368293 0.02992090 -0.00543681
v 0.02352972 0.03157397 -0.00577857
v 0.02419108 0.02992528 -0.00412776
v 0.02417010 0.03157397 -0.00412776
v 0.02446236 0.02992528 -0.00310110
v 0.02445262 0.03157397 -0.00302750
v 0.02350402 0.03322446 -0.00577857
v 0.02346922 0.03464185 -0.00577960
v 0.02346467 0.03487583 -0.00577788
v 0.02340780 0.03652517 -0.00577788
v 0.02414237 0.03322446 -0.00412776
v 0.02410341 0.03487583 -0.00412781
v 0.02404265 0.03652517 -0.00412781
v 0.02456803 0.02895615 -0.00209310
v 0.02459875 0.02992528 -0.00227657
v 0.02458976 0.03157397 -0.00220350
v 0.02462573 0.02884050 -0.00082858
v 0.02474339 0.02992528 -0.00082858
v 0.02472465 0.03157397 -0.00082858
v 0.02474267 0.02992528 -0.00001858
v 0.02443688 0.03322446 -0.00294377
v 0.02441655 0.03487583 -0.00282465
v 0.02457777 0.03322446 -0.00211924
v 0.02455754 0.03487583 -0.00199961
v 0.02438539 0.03652517 -0.00264544
v 0.02452716 0.03652517 -0.00182040
v 0.02450613 0.03750692 -0.00169327
v 0.02470217 0.03322446 -0.00082858
v 0.02466503 0.03487583 -0.00082833
v 0.02460428 0.03652517 -0.00082833
v 0.02448198 0.03860648 -0.00135784
v 0.01094584 -0.00903212 0.00294340
v 0.01094690 -0.00903931 0.00294648
v 0.01097584 -0.00903212 0.00294340
v 0.01093628 -0.00896960 0.00291699
v 0.01096628 -0.00896960 0.00291699
v 0.01096215 -0.00803226 0.00265317
v 0.01096157 -0.00801567 0.00265148
v 0.01099215 -0.00803226 0.00265317
v 0.01099157 -0.00801567 0.00265148
v 0.01096139 -0.00637449 0.00259583
v 0.01099139 -0.00637449 0.00259583
v 0.01096125 -0.00553644 0.00274090
v 0.01096109 -0.00552925 0.00274234
v 0.01099110 -0.00552925 0.00274234
v 0.01092616 -0.00498299 0.00288088
v 0.01095616 -0.00498299 0.00288088
v 0.00833783 0.00016211 0.00463984
v 0.00834639 0.00016211 0.00464186
v 0.00834639 0.00019211 0.00464186
v 0.00837088 0.00016211 0.00465900
v 0.01077296 -0.00923431 0.00325144
v 0.01080296 -0.00923431 0.00325144
v 0.01087766 -0.00480005 0.00297372
v 0.01086679 -0.00473813 0.00301161
v 0.01090766 -0.00480005 0.00297372
v 0.01072042 -0.00398910 0.00348599
v 0.01075042 -0.00398910 0.00348599
v 0.01074317 -0.00394480 0.00351538
v 0.00991549 0.01247201 0.00000276
v 0.01006863 0.01231096 0.00001443
v 0.01009863 0.01231096 0.00001443
v 0.01093814 0.00556153 0.00376974
v 0.01090733 0.00556131 0.00378905
v 0.01093690 0.00556131 0.00378905
v 0.01310509 -0.00802957 0.00002630
v 0.01302732 -0.00638229 0.00002637
v 0.01302712 -0.00637428 0.00002643
v 0.01302841 -0.00636661 0.00002613
v 0.01369422 -0.00912025 0.00002556
v 0.01369282 -0.00911896 0.00002633
v 0.01370088 -0.00912302 0.00002545
v 0.01557642 -0.00910841 0.00000152
v 0.01557077 -0.00910932 0.00002783
v 0.01557173 -0.00910928 0.00002798
v 0.01557379 -0.00910897 0.00002935
v 0.01630999 -0.00890576 0.00004090
v 0.01630999 -0.00890576 0.00050066
v 0.01623635 -0.00884391 0.00160075
v 0.01575727 0.00100845 0.00023068
v 0.01575727 0.00103845 0.00023068
v 0.01591960 0.00100805 0.00002819
v 0.01591690 0.00100805 0.00003110
v 0.01591960 0.00102305 0.00002819
v 0.01591960 0.00103805 0.00002819
v 0.01238070 0.00016211 0.00393856
v 0.01238070 0.00019211 0.00393856
v 0.01261657 0.00053685 0.00386921
v 0.01344919 0.00073913 0.00378948
v 0.01465314 0.00100845 0.00340888
v 0.01465314 0.00103845 0.00340888
v 0.01461478 0.00103201 0.00378911
v 0.01461478 0.00106201 0.00378911
v 0.01031320 -0.01082996 0.00756960
v 0.01034320 -0.01082996 0.00756960
v 0.01032001 -0.01084139 0.00762010
v 0.01032073 -0.01084139 0.00762010
v 0.01171846 -0.01072093 0.00784578
v 0.01030659 0.00016211 0.00649114
v 0.01030659 0.00019211 0.00649114
v 0.01033659 0.00016211 0.00649114
v 0.01033659 0.00019211 0.00649114
v 0.00882378 -0.01109388 0.00907178
v 0.00882378 -0.01076297 0.01017029
v 0.00882378 -0.00967392 0.01052333
v 0.00882378 -0.00802391 0.01060342
v 0.01032073 -0.01107914 0.00890427
v 0.01032085 -0.01108244 0.00893694
v 0.01032101 -0.01109646 0.00906942
v 0.01032073 -0.01109728 0.00907178
v 0.01047489 -0.01109667 0.00907139
v 0.01032076 -0.01076299 0.01016428
v 0.01032073 -0.01076297 0.01016495
v 0.01047489 -0.01076292 0.01016386
v 0.01186492 -0.01079276 0.00907139
v 0.01163367 -0.01067009 0.01006733
v 0.01216039 -0.00971858 0.01023842
v 0.01047489 -0.00967438 0.01051070
v 0.01047489 -0.00802444 0.01058859
v 0.01212528 -0.00802444 0.01049406
v 0.01212528 0.00019211 0.01049273
v 0.01212332 0.00022238 0.01049268
v 0.00901315 0.01031474 0.01060542
v 0.00984358 0.01034382 0.01059447
v 0.01009863 0.01288736 0.01060554
v 0.01011758 0.01034382 0.01059105
v 0.01061545 0.01034382 0.01058281
v 0.01066397 0.01031452 0.01058154
v 0.01212541 0.01031452 0.01050158
v 0.01212541 0.01342534 0.01060750
v 0.01233677 -0.01059245 0.00813643
v 0.01493359 -0.00906214 0.00742171
v 0.01481197 -0.00899142 0.00876915
v 0.01617888 -0.00637450 0.00813471
v 0.01618830 0.00016896 0.00813315
v 0.01268968 -0.01028883 0.00907139
v 0.01348019 -0.00919808 0.01006799
v 0.01392811 -0.00815042 0.01013323
v 0.01377481 -0.00637450 0.01023176
v 0.01377481 0.00017711 0.01023309
v 0.01377327 0.00022215 0.01023305
v 0.01457988 -0.00878365 0.00986894
v 0.01467323 -0.00768406 0.00994750
v 0.01470920 -0.00637450 0.00997346
v 0.01546374 -0.00637450 0.00907139
v 0.01471091 0.00019211 0.00997346
v 0.01471042 0.00022216 0.00997332
v 0.01546802 0.00019854 0.00907139
v 0.01547956 0.00019598 0.00905643
v 0.01369579 0.01031452 0.01026884
v 0.01377530 0.01031382 0.01025616
v 0.01392155 0.01031382 0.01022108
v 0.01392289 0.01031452 0.01022123
v 0.01224060 0.01031452 0.01049016
v 0.01231166 0.01031382 0.01048336
v 0.01475442 0.01031452 0.00998656
v 0.01484798 0.01031452 0.00991803
v 0.01484734 0.01031496 0.00991875
v 0.01006863 0.01743102 0.00472733
v 0.01009863 0.01743102 0.00472733
v 0.01009863 0.01743118 0.00475880
v 0.00819890 0.02548305 0.00562251
v 0.00821357 0.02548244 0.00562654
v 0.01577727 0.02548305 0.00541285
v 0.00926586 0.01969940 0.00597708
v 0.00928216 0.01969940 0.00597979
v 0.00929586 0.01972940 0.00597708
v 0.01009863 0.01890526 0.00611565
v 0.01009863 0.01893526 0.00611565
v 0.01011262 0.01895053 0.00611299
v 0.01009863 0.01743464 0.00667761
v 0.01009863 0.01746464 0.00667761
v 0.01012863 0.01743464 0.00667761
v 0.01012863 0.01746464 0.00667761
v 0.01117050 0.02548243 0.00681007
v 0.01120050 0.02548243 0.00681007
v 0.00844799 0.01969147 0.01049725
v 0.00844799 0.01972147 0.01049725
v 0.00846079 0.01972084 0.01050026
v 0.00882276 0.01967934 0.01055849
v 0.00932238 0.01912262 0.01060065
v 0.01009863 0.01743464 0.01060593
v 0.00882438 0.02546044 0.01088509
v 0.00882209 0.02549001 0.01088476
v 0.00882438 0.02497466 0.01092669
v 0.01046760 0.02549207 0.01104921
v 0.01047606 0.02549312 0.01104986
v 0.01047606 0.02549312 0.01104987
v 0.01096829 0.02549744 0.01104845
v 0.01047519 0.02497412 0.01108809
v 0.01118633 0.02548981 0.01104641
v 0.01212530 0.02497412 0.01106851
v 0.01212456 0.02548996 0.01103536
v 0.01212927 0.02548954 0.01103497
v 0.01117059 0.02662249 0.00681004
v 0.01120059 0.02662249 0.00681004
v 0.00882377 0.02896153 0.01161153
v 0.00868285 0.02996025 0.01163814
v 0.01047391 0.02881181 0.01168007
v 0.01047391 0.02992528 0.01180585
v 0.01047391 0.03157397 0.01178086
v 0.01118243 0.02880643 0.01168329
v 0.01212456 0.02880016 0.01168794
v 0.01212456 0.02992528 0.01182524
v 0.01212456 0.03157397 0.01180652
v 0.01377530 0.01507451 0.01060646
v 0.01377530 0.01510451 0.01060646
v 0.01377530 0.01743463 0.01060646
v 0.01377540 0.01743464 0.01060705
v 0.01377540 0.02497412 0.01088728
v 0.01377540 0.02549008 0.01085733
v 0.01487775 0.01741433 0.01059397
v 0.01542518 0.01507451 0.01057738
v 0.01538456 0.01740579 0.01058823
v 0.01542550 0.01743463 0.01058771
v 0.01542550 0.01745171 0.01058771
v 0.01542550 0.02332441 0.01066578
v 0.01542550 0.02497412 0.01061097
v 0.01542288 0.02549072 0.01057499
v 0.01377482 0.02892567 0.01163038
v 0.01377482 0.02992528 0.01170389
v 0.01471431 0.02905028 0.01156935
v 0.01474822 0.02992528 0.01157560
v 0.01557268 0.02992528 0.01140015
v 0.01552414 0.03157397 0.01140154
v 0.01454997 0.03530289 0.01154121
v 0.01460992 0.03420166 0.01154855
v 0.01882252 -0.00658969 0.00082210
v 0.01968805 -0.00576426 0.00082210
v 0.01961700 -0.00566386 0.00191480
v 0.01982840 -0.00472486 0.00082210
v 0.01983100 0.00100694 0.00082210
v 0.01943506 -0.00472486 0.00287175
v 0.01943606 0.00103694 0.00287718
v 0.01942834 0.00102108 0.00289637
v 0.01965079 -0.00472486 0.00204686
v 0.01965241 0.00103694 0.00205322
v 0.01965252 0.00103694 0.00205278
v 0.01793204 -0.00722765 0.00502175
v 0.01808791 -0.00637450 0.00524610
v 0.01822580 -0.00472566 0.00543118
v 0.01820507 0.00016211 0.00543085
v 0.01820663 0.00019211 0.00542925
v 0.01821809 0.00019211 0.00541254
v 0.01893751 -0.00472566 0.00412235
v 0.01893020 0.00016546 0.00412151
v 0.01893020 0.00019546 0.00412151
v 0.01906702 0.00029552 0.00378704
v 0.01907771 0.00064229 0.00376797
v 0.01907771 0.00064229 0.00378674
v 0.01907719 0.00101987 0.00375948
v 0.01907719 0.00101987 0.00378948
v 0.01908935 0.00101987 0.00378948
v 0.01861293 0.00019211 0.00469678
v 0.02019023 0.01031485 0.00082446
v 0.02019062 0.01031485 0.00082183
v 0.02019062 0.01031292 0.00082210
v 0.01991866 0.01031292 0.00247447
v 0.01991888 0.01031452 0.00247509
v 0.01825757 0.01031511 0.00579504
v 0.01825789 0.01031509 0.00579453
v 0.01909825 0.00162665 0.00375948
v 0.01920633 0.00481368 0.00378948
v 0.01922060 0.00527635 0.00376698
v 0.01937593 0.01031448 0.00378948
v 0.01932677 0.01031382 0.00405777
v 0.01932718 0.01031452 0.00405755
v 0.01959321 0.01031451 0.00332229
v 0.01959321 0.01031292 0.00332229
v 0.02253207 0.01301898 0.00082203
v 0.02244246 0.01317999 0.00247198
v 0.02140799 0.01242999 0.00412192
v 0.02226720 0.01354245 0.00403055
v 0.02124326 0.01256103 0.00503568
v 0.02153845 0.01346229 0.00565973
v 0.01679124 -0.00637450 0.00730920
v 0.01761601 -0.00637450 0.00607161
v 0.01763913 -0.00472566 0.00625668
v 0.01762383 0.00016211 0.00623746
v 0.01779743 0.01031474 0.00646139
v 0.01779676 0.01031382 0.00646236
v 0.01982399 0.01241047 0.00691199
v 0.02033530 0.01344765 0.00738652
v 0.01930215 0.01285936 0.00801161
v 0.01675616 0.01370764 0.01010805
v 0.02092304 0.01293673 0.00613426
v 0.01991270 0.02548714 0.00002836
v 0.01669409 0.01743463 0.00537773
v 0.01669409 0.01746463 0.00537773
v 0.01672958 0.01746463 0.00537505
v 0.01677161 0.01743463 0.00537384
v 0.01677166 0.01743464 0.00537331
v 0.01682168 0.01743463 0.00537176
v 0.01682168 0.01746463 0.00537176
v 0.01682168 0.01743463 0.00540176
v 0.01682168 0.01746463 0.00540176
v 0.01721419 0.02548305 0.00497418
v 0.01718170 0.02548305 0.00537384
v 0.01797626 0.02548305 0.00474153
v 0.01797693 0.02662531 0.00474431
v 0.01797626 0.02662520 0.00474431
v 0.01797721 0.02817529 0.00477690
v 0.02305656 0.01384356 0.00082203
v 0.02336361 0.01507451 0.00082203
v 0.02351647 0.01672436 0.00082203
v 0.02356127 0.01743463 0.00082203
v 0.02361858 0.01837530 0.00082188
v 0.02297090 0.01400457 0.00247198
v 0.02319097 0.01507451 0.00247198
v 0.02334384 0.01672436 0.00247198
v 0.02338864 0.01743462 0.00247200
v 0.02344959 0.01837530 0.00247211
v 0.02390279 0.02332441 0.00082188
v 0.02381865 0.02548702 0.00080257
v 0.02381846 0.02548668 0.00082331
v 0.02364553 0.02548580 0.00247189
v 0.02364094 0.02548665 0.00249168
v 0.02370205 0.02548685 0.00196992
v 0.02373310 0.02332441 0.00247211
v 0.02210642 0.01507451 0.00577083
v 0.02228828 0.01672436 0.00577083
v 0.02262733 0.01743685 0.00520833
v 0.02252737 0.01743464 0.00537331
v 0.02254265 0.01743463 0.00537246
v 0.02254265 0.01743463 0.00537244
v 0.02252737 0.01743464 0.00540205
v 0.02252737 0.01743464 0.00540331
v 0.02236959 0.01743463 0.00570779
v 0.02236870 0.01743464 0.00571056
v 0.02262891 0.01861243 0.00537384
v 0.02244626 0.02002500 0.00586550
v 0.02263355 0.02512120 0.00550534
v 0.02244223 0.02548943 0.00590024
v 0.02288656 0.01416977 0.00341896
v 0.02295377 0.01507451 0.00365051
v 0.02302757 0.01672436 0.00391945
v 0.02303479 0.01743464 0.00405712
v 0.02318074 0.02002500 0.00412130
v 0.02269153 0.01507451 0.00447600
v 0.02278641 0.01672436 0.00474390
v 0.02281277 0.01743463 0.00482697
v 0.02282740 0.01785455 0.00487567
v 0.02286580 0.01895435 0.00497982
v 0.02289653 0.02002500 0.00503979
v 0.02271427 0.02002500 0.00537331
v 0.02327082 0.02167471 0.00412130
v 0.02335113 0.02332441 0.00412130
v 0.02324101 0.02547236 0.00412238
v 0.02324134 0.02548749 0.00412141
v 0.02293773 0.02167471 0.00512291
v 0.02291079 0.02545548 0.00507718
v 0.02290843 0.02548577 0.00508146
v 0.02291656 0.02548590 0.00506183
v 0.02297334 0.02332441 0.00519919
v 0.02270773 0.02477793 0.00540331
v 0.02268823 0.02537251 0.00537331
v 0.02271823 0.02537251 0.00537331
v 0.02268823 0.02537251 0.00540331
v 0.02271823 0.02537251 0.00540331
v 0.02462577 0.02884050 0.00082194
v 0.02474235 0.02992528 0.00082194
v 0.02456881 0.02895525 0.00213253
v 0.02459796 0.02992528 0.00232839
v 0.02469466 0.03322446 0.00082194
v 0.02465906 0.03487583 0.00082195
v 0.02459790 0.03652517 0.00082195
v 0.02457014 0.03322446 0.00212628
v 0.02455171 0.03487583 0.00199119
v 0.02444561 0.03322446 0.00295139
v 0.02442314 0.03487583 0.00281629
v 0.02452113 0.03652517 0.00179104
v 0.02450178 0.03740711 0.00166339
v 0.02439131 0.03652517 0.00261614
v 0.02447542 0.02992528 0.00315350
v 0.02446283 0.03157397 0.00305765
v 0.02417669 0.02992528 0.00412238
v 0.02418000 0.03157397 0.00412238
v 0.02352690 0.02992528 0.00577155
v 0.02352492 0.03157397 0.00577155
v 0.02415284 0.03322446 0.00412238
v 0.02411731 0.03464185 0.00412236
v 0.02411107 0.03487583 0.00412236
v 0.02404991 0.03652517 0.00412236
v 0.02349379 0.03322446 0.00577155
v 0.02345073 0.03487583 0.00577155
v 0.02332840 0.03817615 0.00577155
v 0.01974756 0.01395857 0.00841968
v 0.01990965 0.01507451 0.00855051
v 0.01999004 0.01672436 0.00860866
v 0.02000289 0.01743463 0.00859295
v 0.02000289 0.01746463 0.00859295
v 0.02000717 0.01743463 0.00861904
v 0.02000689 0.01744035 0.00861923
v 0.02003289 0.01743463 0.00859295
v 0.02003289 0.01746463 0.00859295
v 0.02036205 0.01743464 0.00830406
v 0.02037091 0.01743463 0.00829388
v 0.02000992 0.02548822 0.00861263
v 0.02003380 0.02548738 0.00859564
v 0.02013311 0.02332441 0.00869857
v 0.01721212 0.01510448 0.01016516
v 0.01707375 0.01672436 0.01025549
v 0.01707496 0.01743464 0.01026003
v 0.01785520 0.01457474 0.00987546
v 0.01792373 0.01567465 0.00990972
v 0.01794481 0.01672436 0.00992010
v 0.01707436 0.02332441 0.01029662
v 0.01707560 0.02546250 0.01012481
v 0.01707022 0.02549178 0.01012633
v 0.01733002 0.02549240 0.01004571
v 0.01733858 0.02549593 0.01004271
v 0.01784036 0.02549595 0.00982494
v 0.01802263 0.02332441 0.00995542
v 0.01798886 0.02443131 0.00993864
v 0.01797626 0.02549623 0.00976276
v 0.01798242 0.02549499 0.00976016
v 0.01857340 0.01510448 0.00946738
v 0.01876976 0.01672436 0.00943312
v 0.01884706 0.02332441 0.00952360
v 0.01863553 0.02549412 0.00946151
v 0.01864907 0.02545877 0.00945390
v 0.01864879 0.02548877 0.00945406
v 0.01707400 0.02992528 0.01099725
v 0.01707400 0.03157397 0.01098754
v 0.01797519 0.02989027 0.01064744
v 0.01797497 0.02992763 0.01065447
v 0.01797692 0.02992528 0.01065449
v 0.01798535 0.03320586 0.01061084
v 0.01872473 0.03157397 0.01034611
v 0.01961032 0.02902967 0.00993252
v 0.02045815 0.02992528 0.00937099
v 0.02043961 0.03157397 0.00935848
v 0.01963284 0.02992528 0.00994606
v 0.01961429 0.03157397 0.00993564
v 0.01872473 0.02992528 0.01036903
v 0.01950494 0.03817615 0.00987256
v 0.02041377 0.03322446 0.00934182
v 0.02131970 0.01403594 0.00676143
v 0.02143962 0.01507451 0.00692029
v 0.02152527 0.01672436 0.00702413
v 0.02154920 0.01743464 0.00704405
v 0.02154768 0.01743463 0.00704697
v 0.02157680 0.01837530 0.00707816
v 0.02181370 0.01743463 0.00661838
v 0.02181370 0.01743464 0.00661838
v 0.02174796 0.01743463 0.00672430
v 0.02162183 0.02002500 0.00712290
v 0.02073460 0.01507451 0.00774475
v 0.02081630 0.01672436 0.00784858
v 0.02083610 0.01743464 0.00786683
v 0.02083244 0.01743464 0.00787298
v 0.02083610 0.01743464 0.00786683
v 0.02085370 0.01837530 0.00790319
v 0.02088873 0.02002500 0.00794794
v 0.02112818 0.01743464 0.00753031
v 0.02252508 0.02332441 0.00602492
v 0.02169940 0.02332441 0.00719394
v 0.02162622 0.02548994 0.00708498
v 0.02161027 0.02546080 0.00710524
v 0.02161027 0.02549080 0.00710524
v 0.02095754 0.02332441 0.00801897
v 0.02085088 0.02546046 0.00792094
v 0.02084977 0.02547609 0.00792205
v 0.02141594 0.02878940 0.00844899
v 0.02151794 0.02992528 0.00854588
v 0.02150337 0.03157397 0.00853338
v 0.02234259 0.02992528 0.00764367
v 0.02232802 0.03157397 0.00761867
v 0.02148217 0.03322446 0.00851671
v 0.02145537 0.03487583 0.00849398
v 0.02230682 0.03322446 0.00758950
v 0.02295528 0.02891222 0.00675189
v 0.02300032 0.02992528 0.00681857
v 0.02298244 0.03157397 0.00679356
v 0.02296190 0.03322446 0.00676439
v 0.02293769 0.03487583 0.00672838
v 0.00963804 0.03907118 -0.01155456
v 0.00882287 0.05134948 -0.01115718
v 0.00882414 0.05135107 -0.01115736
v 0.00882123 0.05137507 -0.01115694
v 0.00971575 0.05134693 -0.01127144
v 0.00971575 0.05137693 -0.01127144
v 0.00972472 0.05137712 -0.01127182
v 0.01120345 0.04431864 -0.01155993
v 0.01047347 0.05135779 -0.01136805
v 0.01049146 0.05134401 -0.01136921
v 0.01047550 0.05137712 -0.01136814
v 0.01168416 0.04541820 -0.01154947
v 0.01212512 0.05135779 -0.01144626
v 0.01212456 0.05137712 -0.01144616
v 0.00913469 0.05135885 -0.00676302
v 0.00913795 0.05132885 -0.00676560
v 0.00913978 0.05135779 -0.00676565
v 0.00971566 0.05135779 -0.00722158
v 0.00974566 0.05135779 -0.00722158
v 0.00972158 0.06368586 -0.01121418
v 0.01047550 0.06127608 -0.01127997
v 0.01212456 0.05962487 -0.01129493
v 0.01212456 0.06127608 -0.01125218
v 0.01212456 0.06292728 -0.01118912
v 0.00969158 0.05184681 -0.00719590
v 0.00972158 0.05184681 -0.00719590
v 0.01343217 0.03982549 -0.01159751
v 0.01425756 0.03982549 -0.01152093
v 0.01387200 0.04477352 -0.01148669
v 0.01296634 0.04568491 -0.01155422
v 0.01361986 0.04630996 -0.01148383
v 0.01377476 0.04807384 -0.01143627
v 0.01377408 0.05135304 -0.01136604
v 0.01377485 0.05135779 -0.01136600
v 0.01542554 0.03982549 -0.01131689
v 0.01542554 0.04147483 -0.01129359
v 0.01542554 0.04477352 -0.01123936
v 0.01542554 0.04807384 -0.01117420
v 0.01542554 0.05135779 -0.01109097
v 0.01542514 0.05137712 -0.01109079
v 0.01250985 0.05135779 -0.00679685
v 0.01254282 0.05135779 -0.00679687
v 0.01377485 0.05302557 -0.01132165
v 0.01377485 0.05467677 -0.01127302
v 0.01377485 0.05632522 -0.01121905
v 0.01377485 0.05962487 -0.01109186
v 0.01377485 0.06127608 -0.01101865
v 0.01377485 0.06292728 -0.01093155
v 0.01542514 0.05302557 -0.01103736
v 0.01542514 0.05467677 -0.01097430
v 0.01542514 0.05632522 -0.01090109
v 0.01542514 0.05797642 -0.01081345
v 0.01542514 0.05962487 -0.01071405
v 0.01542514 0.06127608 -0.01059702
v 0.01542514 0.06292728 -0.01046289
v 0.00882400 0.06622422 -0.01116867
v 0.00882400 0.06787433 -0.01111485
v 0.00882400 0.06901004 -0.01104076
v 0.00972158 0.06532731 -0.01119449
v 0.00972158 0.06535775 -0.01119367
v 0.00934771 0.06901004 -0.01102467
v 0.00969158 0.06901004 -0.01099738
v 0.00972158 0.06908444 -0.01098773
v 0.00972158 0.07024765 -0.01087276
v 0.00972158 0.07183900 -0.01063993
v 0.00972158 0.07193790 -0.01062434
v 0.00972158 0.07210848 -0.01058676
v 0.00972158 0.07228341 -0.01054823
v 0.00972158 0.07381304 -0.01020781
v 0.00972158 0.07443014 -0.01005931
v 0.01007152 0.07412954 -0.01004927
v 0.00972158 0.07491925 -0.00992850
v 0.00972158 0.07506999 -0.00987417
v 0.00972158 0.07511317 -0.00985860
v 0.00972004 0.07516252 -0.00983787
v 0.00969231 0.07546597 -0.00968856
v 0.00972158 0.07546597 -0.00968856
v 0.00972158 0.07548033 -0.00968117
v 0.01047550 0.06457573 -0.01121637
v 0.01047550 0.06622418 -0.01116935
v 0.01047550 0.06787262 -0.01106514
v 0.01047550 0.06952383 -0.01087650
v 0.01212456 0.06457573 -0.01110308
v 0.01212456 0.06622418 -0.01098231
v 0.01212456 0.06787262 -0.01080917
v 0.01212456 0.06952383 -0.01053663
v 0.01047550 0.07117227 -0.01062267
v 0.01056268 0.07289804 -0.01022188
v 0.01056268 0.07459895 -0.00965543
v 0.01159166 0.07240102 -0.01002255
v 0.01213561 0.07113638 -0.01016042
v 0.01213561 0.07289804 -0.00953947
v 0.01117172 0.07349999 -0.00985048
v 0.00932716 0.06855911 -0.00667819
v 0.00936014 0.06852936 -0.00669829
v 0.00952287 0.06856220 -0.00682422
v 0.00969158 0.06856682 -0.00695844
v 0.00972158 0.06856682 -0.00695844
v 0.00959579 0.06856358 -0.00688224
v 0.00918577 0.06852899 -0.00660728
v 0.00916053 0.06855933 -0.00659584
v 0.00917222 0.06854417 -0.00660113
v 0.00972158 0.06853988 -0.00650796
v 0.00972158 0.06852453 -0.00612935
v 0.01066350 0.06848951 -0.00598793
v 0.01052584 0.07615075 -0.00886347
v 0.01154500 0.07561783 -0.00846642
v 0.01210737 0.07441118 -0.00875231
v 0.00972158 0.07668450 -0.00906123
v 0.00972158 0.07751845 -0.00862275
v 0.01001013 0.07737120 -0.00853054
v 0.00969158 0.07767052 -0.00848516
v 0.00969158 0.07794502 -0.00833398
v 0.00972158 0.07794502 -0.00833398
v 0.00967443 0.07795703 -0.00834459
v 0.00972158 0.07800958 -0.00829688
v 0.00972158 0.07808552 -0.00823787
v 0.00972158 0.07810539 -0.00821324
v 0.00972158 0.07816856 -0.00815613
v 0.00972158 0.07833587 -0.00800797
v 0.00972158 0.07833258 -0.00800917
v 0.00972158 0.07834201 -0.00800157
v 0.00972158 0.07834953 -0.00799396
v 0.00972158 0.07834592 -0.00799883
v 0.00972158 0.07835421 -0.00798841
v 0.00972158 0.07835430 -0.00798831
v 0.00972158 0.07835943 -0.00798234
v 0.00972158 0.07837943 -0.00795674
v 0.00972158 0.07845300 -0.00786616
v 0.00972158 0.07845434 -0.00786448
v 0.00972158 0.07851082 -0.00779402
v 0.00972158 0.07858197 -0.00771090
v 0.00972158 0.07859895 -0.00758762
v 0.00972158 0.07867210 -0.00759437
v 0.00972158 0.07867574 -0.00759010
v 0.00972158 0.07868417 -0.00758625
v 0.00972158 0.07870259 -0.00756082
v 0.00972158 0.07869689 -0.00756673
v 0.00972158 0.07870757 -0.00755738
v 0.00972158 0.07871068 -0.00755061
v 0.00972158 0.07871146 -0.00754815
v 0.00972158 0.07871158 -0.00754505
v 0.00972158 0.07871720 -0.00754239
v 0.00972158 0.07871545 -0.00754505
v 0.00972158 0.07871720 -0.00754282
v 0.00972158 0.07868716 -0.00751489
v 0.00972158 0.07880148 -0.00743589
v 0.00972158 0.07890006 -0.00730821
v 0.00972158 0.07890651 -0.00730262
v 0.00972158 0.07891897 -0.00728683
v 0.00972158 0.07892051 -0.00728309
v 0.00972158 0.07892051 -0.00728315
v 0.00972158 0.07892097 -0.00728254
v 0.00972158 0.07893085 -0.00727162
v 0.00972158 0.07889051 -0.00725487
v 0.00972158 0.07895651 -0.00723880
v 0.00972158 0.07903324 -0.00713553
v 0.00972158 0.07904451 -0.00712617
v 0.00969158 0.07909915 -0.00701674
v 0.00972158 0.07909915 -0.00701674
v 0.00972158 0.07914852 -0.00691787
v 0.00983758 0.07906441 -0.00684941
v 0.00989594 0.07892301 -0.00701342
v 0.01110909 0.07671680 -0.00800524
v 0.01149465 0.07715031 -0.00690494
v 0.01377485 0.06457573 -0.01081505
v 0.01377485 0.06622418 -0.01062641
v 0.01345314 0.06952383 -0.01010538
v 0.01392465 0.06801344 -0.01026517
v 0.01427829 0.06952383 -0.00972009
v 0.01269185 0.07166377 -0.00977673
v 0.01309583 0.07056205 -0.00997285
v 0.01384484 0.07127720 -0.00917341
v 0.01520044 0.06622418 -0.01015294
v 0.01457544 0.06865405 -0.00989163
v 0.01487013 0.06755508 -0.01002148
v 0.01557863 0.06470275 -0.01022829
v 0.01636816 0.06423610 -0.00996430
v 0.01622941 0.06533507 -0.00989377
v 0.01602435 0.06622418 -0.00978903
v 0.01542268 0.06801344 -0.00958649
v 0.01549022 0.06954316 -0.00887255
v 0.01329599 0.06840321 -0.00598793
v 0.01329599 0.06840321 -0.00595793
v 0.01348484 0.06839755 -0.00598739
v 0.01308355 0.07382029 -0.00837557
v 0.01264519 0.07491925 -0.00786309
v 0.01345805 0.07282349 -0.00866307
v 0.01305530 0.07543007 -0.00676332
v 0.01317990 0.07564990 -0.00600811
v 0.01322844 0.07560403 -0.00598793
v 0.01340894 0.07441118 -0.00735917
v 0.01348501 0.07530259 -0.00596141
v 0.01408305 0.07456028 -0.00598793
v 0.01408334 0.07456249 -0.00598739
v 0.01423163 0.07437252 -0.00598632
v 0.01608329 0.07010645 -0.00804746
v 0.01459386 0.07198960 -0.00824625
v 0.01498433 0.07089063 -0.00857062
v 0.01433231 0.07296982 -0.00758949
v 0.01499415 0.07251423 -0.00714648
v 0.01529205 0.07300910 -0.00598717
v 0.01457544 0.07361595 -0.00654957
v 0.01609311 0.07177974 -0.00626688
v 0.01345906 0.06840211 -0.00586114
v 0.01348683 0.06840211 -0.00586114
v 0.01348521 0.07537808 -0.00580850
v 0.01345942 0.07539903 -0.00575936
v 0.01348521 0.07544456 -0.00564276
v 0.01348521 0.07552746 -0.00545818
v 0.01345521 0.07566716 -0.00500098
v 0.01348521 0.07566716 -0.00500098
v 0.01347981 0.07586309 -0.00435973
v 0.01348521 0.07592019 -0.00417287
v 0.01348521 0.07593471 -0.00412336
v 0.01348484 0.07593471 -0.00412336
v 0.01345521 0.07599162 -0.00373206
v 0.01348521 0.07599162 -0.00373206
v 0.01482054 0.07392899 -0.00544860
v 0.01634156 0.07212117 -0.00516642
v 0.01436463 0.07502044 -0.00412716
v 0.01503546 0.07419503 -0.00412716
v 0.01586036 0.07314938 -0.00412716
v 0.01348521 0.07617404 -0.00247777
v 0.01348521 0.07625473 -0.00073573
v 0.01451081 0.07520144 -0.00247777
v 0.01519586 0.07437604 -0.00247777
v 0.01602076 0.07336309 -0.00247777
v 0.01457244 0.07527013 -0.00112120
v 0.01460088 0.07529958 -0.00002231
v 0.01609345 0.07345686 -0.00082731
v 0.01707518 0.03982549 -0.01087456
v 0.01707518 0.04642449 -0.01074139
v 0.01707518 0.04807384 -0.01069335
v 0.01707420 0.05135779 -0.01058366
v 0.01707420 0.05137712 -0.01058313
v 0.01846930 0.04642449 -0.01017921
v 0.01839128 0.04807384 -0.01015067
v 0.01824070 0.05137712 -0.01008508
v 0.01824203 0.05135779 -0.01008551
v 0.01866716 0.03982549 -0.01025388
v 0.01864229 0.04147483 -0.01023723
v 0.01949255 0.03982549 -0.00987481
v 0.01946655 0.04147483 -0.00986197
v 0.01853940 0.04477352 -0.01019871
v 0.01942019 0.04312418 -0.00983724
v 0.01936479 0.04477352 -0.00980490
v 0.02037334 0.03982549 -0.00924414
v 0.02037334 0.04147483 -0.00920466
v 0.02037334 0.04312418 -0.00914046
v 0.02037334 0.04477352 -0.00906293
v 0.01929468 0.04642449 -0.00976066
v 0.01906742 0.05135779 -0.00960466
v 0.01906707 0.05135779 -0.00960466
v 0.01702081 0.04496010 -0.00683339
v 0.01673264 0.04998211 -0.00683447
v 0.01673198 0.05002740 -0.00680875
v 0.01672553 0.05047294 -0.00683287
v 0.01672500 0.05051751 -0.00683488
v 0.01672505 0.05054804 -0.00683491
v 0.01673490 0.05135779 -0.00683433
v 0.01707970 0.05135779 -0.00610297
v 0.01707833 0.05135779 -0.00610510
v 0.01784100 0.05138779 -0.00598793
v 0.01784100 0.05135779 -0.00598739
v 0.01784100 0.05138779 -0.00598739
v 0.01784148 0.05138779 -0.00597029
v 0.02053277 0.04653249 -0.00882322
v 0.02023992 0.04972317 -0.00883463
v 0.02013293 0.05135779 -0.00879973
v 0.02015851 0.05135779 -0.00878041
v 0.02015867 0.05137712 -0.00877903
v 0.01707420 0.05302557 -0.01051312
v 0.01707420 0.05467677 -0.01043029
v 0.01707420 0.05632522 -0.01033784
v 0.01815229 0.05302557 -0.01004232
v 0.01791162 0.05725022 -0.00991033
v 0.01796442 0.05632522 -0.00994186
v 0.01688756 0.05962487 -0.01018982
v 0.01719331 0.05787150 -0.01018394
v 0.01671811 0.06127608 -0.01011928
v 0.01652288 0.06292728 -0.01003698
v 0.01734802 0.06292728 -0.00958596
v 0.01782199 0.05835195 -0.00986437
v 0.01771270 0.05962487 -0.00980719
v 0.01754325 0.06127608 -0.00971047
v 0.01897744 0.05302557 -0.00953466
v 0.01878957 0.05632522 -0.00937220
v 0.01856609 0.05787150 -0.00937968
v 0.01872326 0.05962487 -0.00908150
v 0.02006412 0.05302557 -0.00871063
v 0.01986397 0.05632522 -0.00854818
v 0.01884482 0.06122638 -0.00877850
v 0.01852311 0.06292728 -0.00876140
v 0.01947473 0.06174272 -0.00817785
v 0.01934826 0.06292728 -0.00804051
v 0.01975960 0.05797642 -0.00845359
v 0.01965278 0.05962487 -0.00835259
v 0.01958279 0.06064376 -0.00828579
v 0.02038092 0.05962487 -0.00742864
v 0.02004816 0.06122638 -0.00754780
v 0.02000150 0.06292728 -0.00721542
v 0.02140225 0.03982549 -0.00844748
v 0.02137059 0.04147483 -0.00842084
v 0.02128014 0.04477352 -0.00833571
v 0.02222764 0.03982549 -0.00746342
v 0.02198228 0.04477352 -0.00742823
v 0.02231018 0.04137339 -0.00726889
v 0.02263129 0.04101014 -0.00688209
v 0.02254214 0.04233446 -0.00688176
v 0.02248753 0.04309747 -0.00688222
v 0.02123717 0.04605470 -0.00829243
v 0.02118968 0.04715426 -0.00824344
v 0.02106418 0.04972317 -0.00810313
v 0.02098381 0.05135779 -0.00800577
v 0.02098259 0.05137712 -0.00800471
v 0.02173467 0.04653249 -0.00758708
v 0.02160306 0.05135779 -0.00718894
v 0.02160758 0.05137712 -0.00717961
v 0.02176745 0.04807384 -0.00736877
v 0.02214849 0.04737352 -0.00688269
v 0.02214864 0.04737174 -0.00688186
v 0.02259224 0.04807384 -0.00605988
v 0.02160916 0.05135779 -0.00718090
v 0.02181754 0.05095746 -0.00688269
v 0.02181563 0.05098473 -0.00688222
v 0.02226450 0.05134986 -0.00598793
v 0.02285475 0.04075652 -0.00661239
v 0.02282203 0.04185608 -0.00654814
v 0.02272622 0.04477352 -0.00635203
v 0.02266546 0.04642449 -0.00622219
v 0.02088927 0.05302557 -0.00788500
v 0.02068912 0.05632522 -0.00761247
v 0.02151795 0.05302557 -0.00706044
v 0.02132271 0.05632522 -0.00678737
v 0.02124904 0.05752635 -0.00667942
v 0.02158542 0.05726670 -0.00598793
v 0.02206067 0.05332654 -0.00598793
v 0.02204333 0.05347894 -0.00598739
v 0.02117414 0.05862531 -0.00655117
v 0.02148192 0.05810694 -0.00598739
v 0.02110169 0.05962487 -0.00639513
v 0.02097276 0.06127608 -0.00611190
v 0.02102811 0.06127551 -0.00598567
v 0.01798568 0.05138779 -0.00417928
v 0.01799568 0.05135914 -0.00415729
v 0.02251279 0.04972317 -0.00587391
v 0.02246071 0.05135448 -0.00562690
v 0.02246204 0.05135481 -0.00562391
v 0.02314608 0.04137339 -0.00591043
v 0.02328317 0.03982549 -0.00577788
v 0.02316010 0.04312418 -0.00564060
v 0.02310246 0.04477352 -0.00552699
v 0.02358541 0.04477352 -0.00412781
v 0.02390166 0.03982549 -0.00412781
v 0.02381364 0.04147483 -0.00412781
v 0.02304170 0.04642449 -0.00539715
v 0.02296926 0.04807384 -0.00523484
v 0.02284930 0.05055276 -0.00495352
v 0.02280824 0.05135334 -0.00481162
v 0.02346311 0.04642449 -0.00412781
v 0.02331745 0.04807384 -0.00412781
v 0.02299469 0.05135914 -0.00413249
v 0.02417897 0.04147483 -0.00247841
v 0.02427166 0.03982549 -0.00247841
v 0.02445861 0.03985658 -0.00081616
v 0.02437442 0.04126975 -0.00077380
v 0.02435968 0.04147483 -0.00082833
v 0.02451392 0.03932807 -0.00025757
v 0.02367810 0.04807384 -0.00247841
v 0.02351997 0.04972317 -0.00247841
v 0.02335658 0.05135914 -0.00247777
v 0.02381987 0.04642449 -0.00247841
v 0.02368044 0.04972317 -0.00082833
v 0.02352386 0.05135305 -0.00083312
v 0.02352387 0.05135552 -0.00083305
v 0.02352445 0.05135170 -0.00082731
v 0.02396865 0.04642449 -0.00082833
v 0.02382922 0.04807384 -0.00082833
v 0.02220520 0.05302566 -0.00577762
v 0.02145926 0.05962437 -0.00556892
v 0.02087724 0.06294259 -0.00568499
v 0.02133889 0.06127338 -0.00528568
v 0.02124862 0.06240505 -0.00507272
v 0.02115914 0.06350573 -0.00481929
v 0.02142362 0.06294259 -0.00421235
v 0.02194705 0.05962437 -0.00412716
v 0.02171028 0.06127338 -0.00412716
v 0.02279356 0.05165418 -0.00475860
v 0.02271120 0.05302566 -0.00446577
v 0.02287433 0.05404416 -0.00339777
v 0.02294005 0.05302566 -0.00364054
v 0.02280306 0.05514484 -0.00301124
v 0.02230418 0.05962437 -0.00247777
v 0.02207296 0.06127338 -0.00247777
v 0.02181718 0.06292373 -0.00247777
v 0.02247364 0.05962437 -0.00082731
v 0.02198981 0.06292373 -0.00082731
v 0.02224321 0.06127338 -0.00082731
v 0.02316099 0.05302566 -0.00247777
v 0.02288938 0.05580903 -0.00191129
v 0.02333124 0.05302566 -0.00082731
v 0.01697965 0.06470275 -0.00952771
v 0.01723383 0.06637880 -0.00893507
v 0.01680898 0.06787262 -0.00869086
v 0.01645289 0.06900749 -0.00843008
v 0.01789075 0.06703322 -0.00824625
v 0.01833525 0.06457573 -0.00861605
v 0.01812528 0.06593148 -0.00844183
v 0.01763289 0.06787262 -0.00792401
v 0.01828736 0.06787262 -0.00709945
v 0.01798284 0.06882248 -0.00672164
v 0.01802219 0.06928042 -0.00598739
v 0.01649464 0.07068078 -0.00694769
v 0.01916039 0.06457573 -0.00782943
v 0.01943298 0.06680679 -0.00636574
v 0.01919109 0.06749986 -0.00598793
v 0.01919158 0.06750241 -0.00598739
v 0.01984064 0.06457573 -0.00700433
v 0.01968593 0.06570783 -0.00679646
v 0.01977917 0.06643806 -0.00598793
v 0.01978260 0.06643276 -0.00598739
v 0.01763343 0.06997752 -0.00577762
v 0.01821497 0.06915321 -0.00577762
v 0.01784835 0.07028064 -0.00478522
v 0.01846781 0.06964824 -0.00419212
v 0.01650195 0.07232398 -0.00412716
v 0.01801112 0.07049762 -0.00368527
v 0.01907227 0.06784478 -0.00579999
v 0.01995564 0.06624631 -0.00579999
v 0.02052169 0.06457409 -0.00577762
v 0.01969016 0.06727453 -0.00526545
v 0.01935119 0.06839868 -0.00412716
v 0.01949736 0.06862330 -0.00298888
v 0.01988374 0.06757328 -0.00412716
v 0.01667420 0.07253878 -0.00247777
v 0.01749911 0.07147459 -0.00247777
v 0.01812964 0.07065027 -0.00247777
v 0.01674690 0.07263146 -0.00082731
v 0.01821023 0.07075059 -0.00082731
v 0.01904303 0.06939418 -0.00245434
v 0.01999278 0.06799415 -0.00245434
v 0.01958744 0.06875632 -0.00188893
v 0.01903513 0.06963734 -0.00082731
v 0.01962695 0.06881302 -0.00082731
v 0.02024088 0.06787531 -0.00082731
v 0.02105541 0.06457409 -0.00447216
v 0.02071575 0.06607621 -0.00398767
v 0.02129613 0.06457409 -0.00364693
v 0.02121038 0.06542745 -0.00334559
v 0.02089985 0.06642077 -0.00247777
v 0.02152736 0.06457409 -0.00247777
v 0.02128465 0.06559537 -0.00247777
v 0.02098835 0.06662031 -0.00082731
v 0.02137473 0.06579490 -0.00082731
v 0.02170474 0.06457409 -0.00082731
v 0.01059404 0.05135779 0.00699311
v 0.01062190 0.05135779 0.00699311
v 0.01129490 0.05135779 0.00734016
v 0.01132411 0.05129508 0.00733915
v 0.01132490 0.05135779 0.00734016
v 0.01128361 0.04566115 0.01154249
v 0.01128045 0.05135779 0.01141225
v 0.01212373 0.05135163 0.01145215
v 0.01212526 0.05135779 0.01145215
v 0.01212453 0.05135779 0.01145219
v 0.00969689 0.05554017 0.00672200
v 0.00972162 0.05554905 0.00672144
v 0.00972689 0.05554017 0.00672200
v 0.00946062 0.06215579 0.00699636
v 0.00946062 0.06218579 0.00699636
v 0.00969162 0.06221370 0.00711421
v 0.00969162 0.06218323 0.00711400
v 0.00972162 0.06221370 0.00711421
v 0.01041157 0.05233232 0.00692262
v 0.01044157 0.05233232 0.00692262
v 0.01038937 0.05245230 0.00691394
v 0.00879257 0.06219987 0.01116120
v 0.00882429 0.06221427 0.01116461
v 0.00881277 0.06220207 0.01116348
v 0.00881663 0.06220387 0.01116389
v 0.01003199 0.05920084 0.01127075
v 0.00972162 0.06127146 0.01122675
v 0.00974566 0.06115750 0.01122997
v 0.00972162 0.06220432 0.01121196
v 0.00971874 0.06292467 0.01121444
v 0.00972162 0.06289466 0.01121506
v 0.01047493 0.05589810 0.01133317
v 0.01047493 0.06127508 0.01128327
v 0.01212453 0.05962545 0.01130254
v 0.01212453 0.06127508 0.01125886
v 0.01212453 0.06292471 0.01118757
v 0.01390584 0.04477352 0.01147328
v 0.01299572 0.04588944 0.01155091
v 0.01363711 0.04643431 0.01147449
v 0.01377455 0.04807384 0.01142901
v 0.01377214 0.05134089 0.01135924
v 0.01378197 0.05133559 0.01135798
v 0.01377541 0.05135779 0.01135906
v 0.01542386 0.03982549 0.01131620
v 0.01542386 0.04477352 0.01123796
v 0.01542386 0.04642449 0.01120885
v 0.01542386 0.04807384 0.01117185
v 0.01542502 0.05137730 0.01108609
v 0.01542386 0.04972317 0.01113061
v 0.01540842 0.05134264 0.01108930
v 0.01377541 0.05467656 0.01126914
v 0.01377541 0.05632619 0.01121840
v 0.01377541 0.05797582 0.01116124
v 0.01377541 0.05962545 0.01109958
v 0.01377541 0.06127508 0.01102829
v 0.01377541 0.06292471 0.01093387
v 0.01542502 0.05302693 0.01103021
v 0.01542502 0.05467656 0.01096663
v 0.01542502 0.05632619 0.01089405
v 0.01542502 0.05797582 0.01080478
v 0.01542502 0.05962545 0.01070715
v 0.01542502 0.06127508 0.01059732
v 0.01542502 0.06292471 0.01047015
v 0.00972162 0.06880091 0.00513113
v 0.01065070 0.06879043 0.00489138
v 0.01108871 0.06879213 0.00489138
v 0.01194951 0.06898531 0.00489138
v 0.01143121 0.07772809 0.00577194
v 0.01345783 0.06898285 0.00089390
v 0.01348783 0.06898285 0.00089390
v 0.01348521 0.07625833 0.00070624
v 0.01348521 0.07624964 0.00111288
v 0.01346737 0.07624818 0.00117136
v 0.01346215 0.07624638 0.00124319
v 0.01345521 0.07624465 0.00131208
v 0.01348139 0.07624465 0.00131208
v 0.01348521 0.07623784 0.00135857
v 0.01348521 0.07622748 0.00166416
v 0.01348521 0.07618380 0.00242395
v 0.01348521 0.07615595 0.00267474
v 0.01458587 0.07528431 0.00113088
v 0.01609187 0.07345250 0.00082102
v 0.01452187 0.07521234 0.00247148
v 0.01519428 0.07438803 0.00247148
v 0.01601918 0.07335982 0.00247148
v 0.01345795 0.06957022 0.00489138
v 0.01348795 0.06957022 0.00486138
v 0.01348795 0.06957022 0.00489138
v 0.01348521 0.07593975 0.00409089
v 0.01348521 0.07593342 0.00409827
v 0.01348521 0.07593525 0.00409088
v 0.01348521 0.07592537 0.00415070
v 0.01348521 0.07592405 0.00415404
v 0.01348521 0.07589813 0.00422514
v 0.01348521 0.07589900 0.00422825
v 0.01348521 0.07587393 0.00430699
v 0.01348521 0.07585151 0.00437361
v 0.01348521 0.07584989 0.00438248
v 0.01348521 0.07583541 0.00442630
v 0.01348521 0.07583530 0.00442662
v 0.01348521 0.07583345 0.00443224
v 0.01348521 0.07577776 0.00449950
v 0.01345521 0.07574751 0.00470604
v 0.01348521 0.07574751 0.00470604
v 0.01348260 0.07574318 0.00471873
v 0.01348521 0.07583275 0.00443429
v 0.01348521 0.07583275 0.00444459
v 0.01348521 0.07583173 0.00444611
v 0.01348521 0.07582919 0.00445189
v 0.01348521 0.07583275 0.00445630
v 0.01348521 0.07581212 0.00451105
v 0.01348521 0.07580777 0.00452950
v 0.01348042 0.07570794 0.00482197
v 0.01348521 0.07569198 0.00486874
v 0.01350554 0.07566909 0.00487296
v 0.01336775 0.07581496 0.00492206
v 0.01421309 0.07487223 0.00489074
v 0.01429185 0.07478422 0.00489074
v 0.01327108 0.07564526 0.00577194
v 0.01436542 0.07501826 0.00412088
v 0.01503388 0.07419286 0.00412088
v 0.01491048 0.07404037 0.00489074
v 0.01481727 0.07392318 0.00547200
v 0.01634686 0.07212307 0.00516692
v 0.00950808 0.06886648 0.00695749
v 0.00953681 0.06883680 0.00696824
v 0.00969162 0.06886930 0.00704698
v 0.00972162 0.06886930 0.00704698
v 0.01052217 0.07615241 0.00886704
v 0.01155126 0.07562297 0.00846627
v 0.01211049 0.07441083 0.00874951
v 0.00882402 0.06457478 0.01117354
v 0.00882402 0.06622422 0.01116899
v 0.00882402 0.06901004 0.01105536
v 0.00882402 0.06787433 0.01112354
v 0.00962483 0.06474791 0.01119543
v 0.00969162 0.06622422 0.01116825
v 0.00972162 0.06622398 0.01116830
v 0.00970518 0.06800288 0.01107936
v 0.00972162 0.06809613 0.01107127
v 0.00969035 0.06901004 0.01097793
v 0.00972162 0.06901004 0.01098044
v 0.00969162 0.06908122 0.01097240
v 0.00972162 0.06903617 0.01097624
v 0.00972162 0.06948762 0.01094935
v 0.00972162 0.06954578 0.01094095
v 0.00972162 0.06786553 0.01109097
v 0.00969162 0.07627001 0.00924810
v 0.00969162 0.07623879 0.00926643
v 0.00972162 0.07623879 0.00926643
v 0.00972162 0.07429379 0.01009892
v 0.01005869 0.07415167 0.01004304
v 0.00969162 0.07558338 0.00963988
v 0.00971769 0.07549167 0.00968810
v 0.00972162 0.07560313 0.00962863
v 0.00972098 0.07509387 0.00987658
v 0.00972035 0.07516875 0.00985577
v 0.00972162 0.07517434 0.00985422
v 0.00972162 0.07525478 0.00981223
v 0.00972162 0.07501899 0.00989739
v 0.00972162 0.07113502 0.01074906
v 0.00972162 0.07127155 0.01072452
v 0.00969162 0.07245013 0.01049346
v 0.00972162 0.07245013 0.01049346
v 0.00972162 0.07248013 0.01049346
v 0.00972162 0.07283150 0.01043087
v 0.01047493 0.06457713 0.01121969
v 0.01047493 0.06622398 0.01116766
v 0.01047493 0.06787360 0.01106297
v 0.01047493 0.06952324 0.01088249
v 0.01212453 0.06622398 0.01098076
v 0.01212453 0.06457713 0.01109958
v 0.01212453 0.06787360 0.01080542
v 0.01212453 0.06952324 0.01052796
v 0.01055536 0.07289495 0.01022224
v 0.01055536 0.07461146 0.00965383
v 0.01115801 0.07349405 0.00983752
v 0.01213347 0.07289495 0.00952537
v 0.01158956 0.07239337 0.01002442
v 0.01213347 0.07111992 0.01015608
v 0.01047493 0.07117287 0.01063265
v 0.00972162 0.07915246 0.00688739
v 0.00989399 0.07892223 0.00701602
v 0.00985459 0.07909166 0.00673164
v 0.00972162 0.07892604 0.00726778
v 0.00969162 0.07908510 0.00703444
v 0.00972162 0.07908510 0.00703444
v 0.00972162 0.07903114 0.00713891
v 0.00972162 0.07900168 0.00717465
v 0.00972162 0.07896162 0.00723159
v 0.00972162 0.07881267 0.00742268
v 0.00972162 0.07870315 0.00756306
v 0.00969162 0.07868869 0.00758157
v 0.00972162 0.07868869 0.00758157
v 0.00970735 0.07835656 0.00800383
v 0.00972162 0.07835656 0.00800383
v 0.00963258 0.07841948 0.00805956
v 0.00969564 0.07824272 0.00808754
v 0.00972162 0.07822511 0.00810048
v 0.00972162 0.07750667 0.00862876
v 0.01000379 0.07737849 0.00852600
v 0.01149380 0.07714999 0.00689206
v 0.01110310 0.07672086 0.00799227
v 0.01305148 0.07542513 0.00674819
v 0.01419037 0.07447492 0.00592223
v 0.01341792 0.07441083 0.00734807
v 0.01265184 0.07492076 0.00784840
v 0.01308850 0.07382008 0.00837442
v 0.01345622 0.07282250 0.00865188
v 0.01608639 0.07010005 0.00805072
v 0.01549141 0.06953717 0.00885420
v 0.01458873 0.07363338 0.00657221
v 0.01609789 0.07178869 0.00626713
v 0.01433848 0.07297854 0.00757736
v 0.01458617 0.07197818 0.00823055
v 0.01498581 0.07087749 0.00856325
v 0.01342941 0.06952324 0.01009699
v 0.01391458 0.06799342 0.01026270
v 0.01425421 0.06952324 0.00970649
v 0.01377541 0.06457713 0.01080927
v 0.01377541 0.06622398 0.01062173
v 0.01268887 0.07163265 0.00975916
v 0.01308212 0.07053196 0.00995891
v 0.01455681 0.06862597 0.00987669
v 0.01486451 0.06752529 0.01001414
v 0.01542502 0.06457713 0.01031472
v 0.01541864 0.06606793 0.01009892
v 0.01635069 0.06457713 0.00995056
v 0.01625621 0.06541867 0.00990110
v 0.01596510 0.06651656 0.00974439
v 0.01541864 0.06799342 0.00956327
v 0.01995984 0.05130138 0.00001400
v 0.01995948 0.05127445 0.00004338
v 0.01996037 0.05135914 0.00001441
v 0.01996037 0.05135914 0.00004441
v 0.01847272 0.05135779 0.00495269
v 0.01847076 0.05135779 0.00495681
v 0.01828839 0.05135779 0.00555250
v 0.01866878 0.05135779 0.00430544
v 0.01866878 0.05137939 0.00430544
v 0.01867328 0.05135914 0.00428903
v 0.01871354 0.05135779 0.00489138
v 0.01871354 0.05138779 0.00489138
v 0.02451364 0.03932807 0.00022253
v 0.02445372 0.03985658 0.00079234
v 0.02435823 0.04147483 0.00082195
v 0.02410296 0.04477352 0.00082195
v 0.02423527 0.04312418 0.00082195
v 0.02418410 0.04147483 0.00247216
v 0.02427023 0.03982549 0.00247216
v 0.02407300 0.04312418 0.00247216
v 0.02395129 0.04477352 0.00247216
v 0.02367480 0.04972317 0.00082195
v 0.02351818 0.05135779 0.00081050
v 0.02351814 0.05135779 0.00082195
v 0.02382147 0.04807384 0.00082195
v 0.02367542 0.04807384 0.00247216
v 0.02351939 0.04972317 0.00247216
v 0.02335420 0.05135638 0.00247148
v 0.02335420 0.05135914 0.00247148
v 0.02381960 0.04642449 0.00247216
v 0.02251515 0.04972317 0.00589817
v 0.02256033 0.05136732 0.00543892
v 0.02254182 0.05135779 0.00548948
v 0.02248086 0.05135779 0.00562952
v 0.02248053 0.05135779 0.00562999
v 0.02248053 0.05135779 0.00563012
v 0.02360427 0.04477352 0.00412236
v 0.02391072 0.03982549 0.00412236
v 0.02382834 0.04147483 0.00412236
v 0.02372036 0.04312418 0.00412236
v 0.02322417 0.04147483 0.00571028
v 0.02317112 0.04312418 0.00561633
v 0.02311432 0.04477352 0.00551319
v 0.02348069 0.04642449 0.00412236
v 0.02333714 0.04807384 0.00412236
v 0.02297577 0.05135779 0.00428371
v 0.02295838 0.05135727 0.00433232
v 0.02317986 0.04972317 0.00412236
v 0.02305441 0.04642449 0.00539168
v 0.02298325 0.04807384 0.00524258
v 0.02286092 0.05066566 0.00497402
v 0.02246810 0.05962437 0.00082102
v 0.02198506 0.06292373 0.00082102
v 0.02223767 0.06127338 0.00082102
v 0.02230418 0.05962437 0.00247148
v 0.02206900 0.06127338 0.00247148
v 0.02181243 0.06292373 0.00247148
v 0.02332569 0.05302566 0.00082102
v 0.02316257 0.05302566 0.00247148
v 0.02288542 0.05577939 0.00191246
v 0.02241425 0.05632501 0.00412088
v 0.02223156 0.05302693 0.00577194
v 0.02202855 0.05720674 0.00489138
v 0.02203877 0.05467656 0.00577194
v 0.02183831 0.05632619 0.00577194
v 0.02142758 0.06296685 0.00421778
v 0.02196606 0.05962437 0.00412088
v 0.02219411 0.05797537 0.00412088
v 0.02172137 0.06127338 0.00412088
v 0.02154593 0.05805384 0.00590874
v 0.02147187 0.05962545 0.00556834
v 0.02147570 0.06127508 0.00489138
v 0.02129218 0.06255864 0.00489074
v 0.02129185 0.06255968 0.00489138
v 0.02125482 0.06244821 0.00507636
v 0.02114647 0.06350708 0.00489074
v 0.02114629 0.06350710 0.00489138
v 0.02116548 0.06354615 0.00483111
v 0.02088200 0.06296930 0.00568459
v 0.02134802 0.06127508 0.00528766
v 0.02171125 0.05956393 0.00489138
v 0.02288146 0.05409940 0.00342662
v 0.02294718 0.05302566 0.00368324
v 0.02280940 0.05519873 0.00301241
v 0.02280385 0.05176735 0.00478106
v 0.02276393 0.05170345 0.00488943
v 0.02276398 0.05170611 0.00489138
v 0.02273100 0.05302566 0.00450741
v 0.02052852 0.04645558 0.00879829
v 0.02023580 0.04972317 0.00882484
v 0.02015551 0.05135779 0.00877391
v 0.02015654 0.05135779 0.00877378
v 0.01707384 0.03982549 0.01088377
v 0.01707384 0.04147483 0.01085587
v 0.01829099 0.03982549 0.01039539
v 0.01829099 0.04642449 0.01024756
v 0.01845639 0.04642449 0.01017890
v 0.01838960 0.04807384 0.01015133
v 0.01829099 0.05135779 0.01006453
v 0.01824799 0.05137730 0.01008864
v 0.01707384 0.04642449 0.01075277
v 0.01707384 0.04807384 0.01070607
v 0.01705675 0.05135779 0.01060054
v 0.01707335 0.05137730 0.01059476
v 0.01864862 0.03982549 0.01025243
v 0.01860181 0.04147483 0.01023711
v 0.01947373 0.03982549 0.00985622
v 0.02037499 0.03982549 0.00920573
v 0.02037499 0.04147483 0.00914957
v 0.02037499 0.04477352 0.00900967
v 0.01928150 0.04642449 0.00974185
v 0.01921471 0.04807384 0.00969896
v 0.01907553 0.05135779 0.00959888
v 0.01907407 0.05137730 0.00959859
v 0.02031007 0.04807384 0.00887385
v 0.02006358 0.05302693 0.00870905
v 0.01996910 0.05467656 0.00863518
v 0.01987589 0.05632619 0.00855683
v 0.02000229 0.06292471 0.00720741
v 0.01934986 0.06292471 0.00803273
v 0.01884170 0.06119985 0.00876364
v 0.01852505 0.06292471 0.00875722
v 0.01946987 0.06169864 0.00816311
v 0.01976864 0.05797582 0.00846049
v 0.01964735 0.05962545 0.00834488
v 0.01957329 0.06059795 0.00827166
v 0.02003677 0.06119985 0.00753690
v 0.01816755 0.05302693 0.01004882
v 0.01793263 0.05738786 0.00991780
v 0.01807946 0.05467656 0.01000322
v 0.01799391 0.05632619 0.00995441
v 0.01707335 0.05302693 0.01052475
v 0.01707335 0.05467656 0.01044318
v 0.01707335 0.05632619 0.01035133
v 0.01688822 0.05962545 0.01017921
v 0.01719975 0.05795353 0.01018370
v 0.01735296 0.06292471 0.00958253
v 0.01670819 0.06127508 0.01011241
v 0.01652816 0.06292471 0.01003662
v 0.01783431 0.05848576 0.00986449
v 0.01771302 0.05962545 0.00980091
v 0.01753299 0.06127508 0.00969879
v 0.01899236 0.05302693 0.00953372
v 0.01881871 0.05632619 0.00938215
v 0.01857868 0.05795353 0.00938857
v 0.01872423 0.05962545 0.00907450
v 0.02134365 0.04147483 0.00839186
v 0.02130370 0.04312418 0.00835204
v 0.02125939 0.04477352 0.00830813
v 0.02213505 0.04147483 0.00742176
v 0.02204643 0.04312418 0.00742176
v 0.02195093 0.04477352 0.00742176
v 0.02160721 0.05134556 0.00718301
v 0.02258880 0.04807384 0.00606667
v 0.02176369 0.04807384 0.00735232
v 0.02169004 0.04972317 0.00726858
v 0.02161514 0.05134895 0.00717189
v 0.02122381 0.04592544 0.00827137
v 0.02118137 0.04702663 0.00822746
v 0.02106091 0.04972317 0.00809368
v 0.02098251 0.05135779 0.00799759
v 0.02098031 0.05137730 0.00799869
v 0.02172063 0.04645558 0.00757493
v 0.02284282 0.04045545 0.00658440
v 0.02281599 0.04147483 0.00653538
v 0.02318860 0.03987294 0.00592881
v 0.02276730 0.04312418 0.00644143
v 0.02271612 0.04477352 0.00633830
v 0.02265808 0.04642449 0.00621678
v 0.02152422 0.05302693 0.00705776
v 0.02143229 0.05467656 0.00693381
v 0.02133526 0.05632619 0.00679829
v 0.02125610 0.05755505 0.00668268
v 0.02088838 0.05302693 0.00788308
v 0.02079390 0.05467656 0.00775848
v 0.02070069 0.05632619 0.00762361
v 0.02117566 0.05865574 0.00655037
v 0.02070069 0.05805384 0.00730825
v 0.02096499 0.06127508 0.00611298
v 0.01674532 0.07262710 0.00082102
v 0.01820786 0.07074732 0.00082102
v 0.01667104 0.07253442 0.00247148
v 0.01749595 0.07147132 0.00247148
v 0.01812647 0.07064701 0.00247148
v 0.01903276 0.06963406 0.00082102
v 0.01962458 0.06880975 0.00082102
v 0.02023614 0.06787531 0.00082102
v 0.01904303 0.06939091 0.00245019
v 0.01958507 0.06875196 0.00188584
v 0.01998962 0.06799852 0.00245019
v 0.01784580 0.07027282 0.00489138
v 0.01784583 0.07027648 0.00489074
v 0.01765301 0.06999973 0.00577194
v 0.01822629 0.06917492 0.00577194
v 0.01650590 0.07232725 0.00412088
v 0.01801033 0.07049762 0.00371412
v 0.01638896 0.07217896 0.00489074
v 0.01677075 0.07121188 0.00573918
v 0.01786257 0.07029918 0.00481514
v 0.01950210 0.06862984 0.00298579
v 0.01847650 0.06966023 0.00420713
v 0.01936225 0.06841394 0.00412088
v 0.01989085 0.06758855 0.00412088
v 0.01908173 0.06785131 0.00579955
v 0.02034703 0.06616268 0.00489138
v 0.01996654 0.06624906 0.00579955
v 0.02053854 0.06457713 0.00577194
v 0.01976408 0.06738370 0.00489074
v 0.01976098 0.06738596 0.00489138
v 0.01976206 0.06738792 0.00489074
v 0.01969842 0.06728564 0.00526775
v 0.02098598 0.06661376 0.00082102
v 0.02137157 0.06578945 0.00082102
v 0.02169920 0.06457409 0.00082102
v 0.02089749 0.06641423 0.00247148
v 0.02152261 0.06457409 0.00247148
v 0.02128228 0.06558991 0.00247148
v 0.02129693 0.06457409 0.00365662
v 0.02121117 0.06542854 0.00334250
v 0.02072681 0.06607731 0.00398352
v 0.02106728 0.06457409 0.00448185
v 0.02063380 0.06534021 0.00489074
v 0.02089987 0.06457713 0.00488896
v 0.01829140 0.06787360 0.00709694
v 0.01798880 0.06883496 0.00672314
v 0.01679629 0.06787360 0.00866987
v 0.01644006 0.06899936 0.00841296
v 0.01788921 0.06702928 0.00823698
v 0.01835141 0.06457713 0.00862041
v 0.01813819 0.06592860 0.00844571
v 0.01762237 0.06787360 0.00792162
v 0.01650646 0.07068801 0.00695051
v 0.01943285 0.06681751 0.00636732
v 0.01984653 0.06457713 0.00700895
v 0.01968820 0.06571683 0.00679829
v 0.01917621 0.06457713 0.00783363
v 0.01717549 0.06457713 0.00944509
v 0.01707207 0.06622398 0.00909505
f 1 2 4
f 2 6 4
f 2 3 6
f 3 7 6
f 3 11 7
f 4 6 20
f 4 20 21
f 4 21 5
f 6 23 20
f 1 5 8
f 1 4 5
f 5 22 8
f 6 7 23
f 7 52 23
f 1 85 2
f 1 8 85
f 8 84 85
f 2 86 3
f 3 86 10
f 2 85 86
f 8 9 84
f 8 19 9
f 10 12 11
f 3 10 11
f 10 13 12
f 7 11 52
f 12 13 53
f 13 14 53
f 10 91 14
f 10 14 13
f 10 86 91
f 91 15 14
f 91 92 15
f 14 15 54
f 27 26 219
f 26 33 219
f 219 33 35
f 16 18 22
f 16 17 18
f 16 25 17
f 18 19 8
f 17 29 18
f 19 18 103
f 5 21 16
f 20 24 21
f 5 16 22
f 16 21 25
f 20 23 34
f 21 24 25
f 20 34 24
f 23 35 34
f 23 36 35
f 23 61 36
f 18 8 22
f 9 19 98
f 24 27 25
f 24 26 27
f 25 27 28
f 17 25 28
f 17 28 29
f 28 30 29
f 29 30 31
f 27 218 28
f 28 218 30
f 31 30 218
f 18 29 32
f 29 31 32
f 18 32 104
f 18 106 103
f 18 104 106
f 24 34 33
f 24 33 26
f 35 33 34
f 36 37 35
f 36 39 37
f 36 38 39
f 38 40 41
f 38 41 39
f 42 40 38
f 43 42 38
f 43 44 42
f 43 45 44
f 45 46 44
f 36 59 38
f 36 55 59
f 43 38 59
f 43 66 45
f 43 59 66
f 40 42 249
f 42 44 249
f 44 46 247
f 45 109 46
f 46 109 111
f 66 121 45
f 45 121 109
f 46 111 251
f 111 110 252
f 56 62 231
f 62 63 231
f 63 65 227
f 56 232 57
f 48 235 230
f 65 64 227
f 64 68 227
f 68 71 227
f 63 227 231
f 227 71 230
f 47 230 71
f 47 48 230
f 47 49 48
f 48 50 235
f 49 77 50
f 48 49 50
f 80 51 50
f 11 69 52
f 11 12 69
f 12 53 69
f 14 81 53
f 52 63 23
f 61 23 63
f 65 63 52
f 65 52 64
f 64 52 68
f 52 69 68
f 14 54 81
f 15 132 54
f 54 83 81
f 15 134 132
f 54 132 83
f 55 36 61
f 55 62 56
f 55 58 60
f 55 56 57
f 55 57 58
f 55 60 59
f 59 60 67
f 55 61 62
f 61 63 62
f 59 67 66
f 67 121 66
f 53 74 73
f 53 73 69
f 69 71 68
f 69 70 71
f 69 73 70
f 72 73 74
f 72 74 75
f 53 81 74
f 74 80 76
f 74 81 80
f 74 76 75
f 77 76 80
f 81 83 82
f 82 83 79
f 82 79 78
f 47 71 70
f 47 70 73
f 72 47 73
f 72 75 47
f 47 75 49
f 49 75 76
f 49 76 77
f 77 80 50
f 80 81 51
f 81 82 51
f 79 83 133
f 83 132 133
f 82 78 180
f 84 90 85
f 85 87 86
f 85 90 87
f 86 87 88
f 86 88 93
f 9 89 84
f 9 98 89
f 84 89 90
f 87 90 100
f 89 99 90
f 87 100 102
f 90 99 100
f 87 102 88
f 88 102 120
f 86 93 91
f 91 95 92
f 91 93 95
f 15 92 94
f 92 95 94
f 88 120 93
f 19 97 98
f 19 96 97
f 19 103 96
f 96 106 97
f 97 107 99
f 89 98 97
f 89 97 99
f 99 101 100
f 99 107 101
f 100 113 102
f 100 101 113
f 113 118 102
f 102 118 147
f 103 106 96
f 97 106 107
f 104 105 106
f 106 105 107
f 101 107 108
f 101 108 113
f 105 108 107
f 112 113 108
f 105 596 108
f 108 598 112
f 110 111 109
f 109 114 110
f 116 118 119
f 116 119 117
f 110 114 115
f 114 116 115
f 115 116 117
f 109 121 114
f 114 121 116
f 116 125 118
f 116 121 122
f 122 124 116
f 116 124 125
f 126 118 125
f 118 126 127
f 110 115 292
f 115 117 294
f 112 119 113
f 119 118 113
f 119 604 117
f 112 604 119
f 93 149 95
f 15 94 138
f 94 95 146
f 95 149 152
f 145 95 152
f 93 120 149
f 102 149 120
f 147 149 102
f 15 137 134
f 15 138 137
f 94 144 138
f 94 146 144
f 95 145 146
f 122 121 123
f 118 127 130
f 126 125 128
f 126 128 129
f 126 129 127
f 129 131 127
f 127 131 130
f 118 130 147
f 130 131 147
f 131 151 147
f 129 155 131
f 131 156 151
f 129 157 155
f 129 128 295
f 129 295 157
f 132 134 135
f 132 135 133
f 135 136 133
f 134 139 135
f 134 137 139
f 137 138 139
f 138 140 139
f 138 144 140
f 140 143 139
f 143 140 142
f 142 140 141
f 142 141 143
f 140 144 146
f 140 146 141
f 79 181 78
f 79 133 181
f 141 153 143
f 146 153 141
f 149 150 148
f 147 151 149
f 151 150 149
f 148 152 149
f 136 135 186
f 133 136 181
f 135 139 186
f 151 156 150
f 148 150 160
f 146 145 153
f 153 154 143
f 145 152 158
f 139 143 165
f 152 148 158
f 145 158 153
f 154 164 143
f 153 158 154
f 131 155 156
f 150 156 160
f 158 148 162
f 160 161 148
f 148 161 162
f 154 158 159
f 143 164 165
f 154 159 164
f 158 162 159
f 159 162 164
f 161 163 162
f 160 163 161
f 139 165 186
f 162 163 164
f 163 166 164
f 164 166 165
f 165 166 167
f 167 166 168
f 170 538 186
f 155 458 156
f 155 157 458
f 168 170 167
f 156 458 160
f 160 460 163
f 168 169 170
f 163 460 166
f 169 440 170
f 165 167 186
f 167 170 186
f 347 51 172
f 172 51 173
f 82 180 51
f 173 51 180
f 347 172 171
f 78 177 180
f 179 173 180
f 174 179 178
f 173 174 172
f 173 179 174
f 172 174 368
f 174 178 187
f 174 190 194
f 175 368 174
f 174 176 175
f 174 194 195
f 174 195 176
f 175 176 984
f 176 195 984
f 177 78 184
f 179 180 177
f 78 181 184
f 184 179 177
f 184 178 179
f 178 189 187
f 184 199 178
f 178 199 189
f 181 182 530
f 529 530 182
f 184 181 183
f 181 530 183
f 531 183 530
f 183 532 185
f 183 201 199
f 183 199 184
f 183 185 201
f 185 537 536
f 185 536 202
f 208 536 535
f 208 205 536
f 208 535 214
f 136 182 181
f 136 186 182
f 214 535 540
f 539 213 540
f 214 540 213
f 539 212 213
f 539 542 212
f 174 187 188
f 174 188 190
f 187 189 188
f 188 189 190
f 189 196 190
f 189 199 196
f 196 199 210
f 192 195 194
f 190 197 191
f 190 191 194
f 191 192 194
f 192 193 989
f 193 993 989
f 192 989 195
f 190 196 197
f 191 197 192
f 192 197 198
f 196 210 197
f 197 215 198
f 193 198 995
f 192 198 193
f 193 995 993
f 198 216 995
f 200 199 201
f 199 200 204
f 202 203 201
f 199 204 210
f 185 202 201
f 202 536 207
f 207 206 209
f 207 205 206
f 205 207 536
f 206 205 565
f 205 208 565
f 214 565 208
f 202 207 203
f 200 201 209
f 203 209 201
f 203 207 209
f 206 565 209
f 204 211 210
f 210 211 215
f 217 215 211
f 197 210 215
f 198 215 216
f 217 216 215
f 216 217 1010
f 216 1010 1008
f 27 219 218
f 35 220 219
f 218 219 221
f 31 218 224
f 220 221 219
f 37 279 35
f 39 276 37
f 41 238 39
f 35 279 220
f 41 241 238
f 221 262 256
f 218 221 222
f 218 222 224
f 220 223 221
f 222 256 224
f 222 221 256
f 224 256 258
f 224 258 259
f 224 259 225
f 220 279 223
f 276 279 37
f 39 238 276
f 221 223 267
f 223 279 267
f 31 225 32
f 31 224 225
f 32 225 104
f 40 241 41
f 44 247 249
f 40 249 254
f 40 254 241
f 46 248 247
f 46 251 248
f 111 252 251
f 225 259 265
f 225 265 305
f 58 57 280
f 237 280 57
f 246 243 234
f 226 246 234
f 226 236 370
f 56 231 232
f 57 232 237
f 229 235 231
f 235 233 231
f 229 228 235
f 228 230 235
f 227 230 228
f 228 229 227
f 227 229 231
f 231 233 232
f 234 232 233
f 50 226 235
f 50 51 226
f 226 233 235
f 226 234 233
f 226 51 236
f 51 344 236
f 232 234 243
f 232 243 237
f 243 268 281
f 243 269 268
f 60 277 278
f 60 280 277
f 67 239 240
f 67 278 239
f 242 254 255
f 241 254 242
f 237 243 282
f 241 240 238
f 238 239 276
f 239 238 240
f 241 242 240
f 237 282 280
f 243 281 282
f 243 246 245
f 243 245 244
f 243 244 270
f 245 284 244
f 226 370 246
f 245 246 370
f 244 283 270
f 245 370 284
f 60 278 67
f 58 280 60
f 67 240 121
f 121 240 242
f 121 242 255
f 121 250 253
f 121 255 250
f 247 250 249
f 247 248 250
f 248 251 250
f 251 253 250
f 252 253 251
f 252 293 253
f 249 255 254
f 249 250 255
f 256 262 263
f 256 263 257
f 256 260 258
f 258 261 259
f 256 257 260
f 258 260 261
f 221 272 262
f 221 267 271
f 221 271 272
f 262 272 263
f 263 273 274
f 272 273 263
f 274 287 263
f 257 264 260
f 257 263 1495
f 257 1495 264
f 260 1497 261
f 260 264 1496
f 260 1496 1497
f 263 1523 1495
f 259 306 265
f 259 261 266
f 259 266 306
f 265 306 305
f 261 1497 266
f 266 1507 306
f 306 1507 309
f 267 281 268
f 268 269 271
f 243 273 269
f 243 270 273
f 267 268 271
f 269 272 271
f 269 273 272
f 270 275 273
f 273 275 274
f 274 275 287
f 270 288 275
f 276 278 277
f 276 277 280
f 279 282 281
f 279 280 282
f 276 280 279
f 239 278 276
f 267 279 281
f 244 285 283
f 244 284 285
f 284 370 286
f 283 288 270
f 284 286 285
f 283 285 288
f 286 370 371
f 263 287 1523
f 275 1523 287
f 286 288 285
f 286 371 288
f 275 288 1523
f 371 1523 288
f 225 614 104
f 105 104 614
f 110 291 252
f 110 292 291
f 115 294 292
f 117 608 294
f 297 294 608
f 225 305 686
f 614 225 616
f 225 688 616
f 225 686 688
f 312 299 297
f 299 312 303
f 105 611 596
f 108 595 598
f 108 596 595
f 117 604 603
f 117 603 607
f 117 607 608
f 105 612 611
f 105 614 612
f 598 599 112
f 112 599 600
f 112 600 604
f 297 608 289
f 289 290 297
f 290 312 297
f 121 296 123
f 253 293 121
f 123 301 122
f 124 122 302
f 124 302 125
f 121 293 296
f 252 291 293
f 123 296 298
f 123 298 300
f 123 300 301
f 128 332 295
f 292 296 291
f 291 296 293
f 292 294 296
f 297 296 294
f 302 122 301
f 125 302 304
f 125 304 331
f 297 298 296
f 297 299 298
f 299 300 298
f 299 301 300
f 299 303 301
f 128 334 332
f 128 338 337
f 303 302 301
f 302 303 304
f 303 329 304
f 125 1604 128
f 128 337 334
f 295 332 333
f 157 295 661
f 333 662 295
f 306 311 305
f 306 307 311
f 306 309 307
f 307 309 308
f 308 1506 310
f 307 308 310
f 310 1508 313
f 327 1579 342
f 305 311 686
f 307 310 311
f 310 686 311
f 686 310 690
f 310 313 692
f 310 692 691
f 691 690 310
f 314 329 303
f 314 330 329
f 314 335 330
f 312 314 303
f 314 315 335
f 313 1518 317
f 317 1518 316
f 318 316 1562
f 318 1562 320
f 315 340 335
f 328 1579 327
f 327 342 340
f 315 327 340
f 325 1567 326
f 326 1565 328
f 329 331 304
f 329 330 331
f 330 336 331
f 332 334 333
f 330 335 336
f 125 331 1610
f 128 1604 338
f 334 337 339
f 338 339 337
f 342 1579 1580
f 335 340 336
f 336 340 341
f 338 343 339
f 342 341 340
f 341 342 1580
f 333 334 725
f 334 339 725
f 339 343 726
f 51 347 344
f 236 344 345
f 344 350 346
f 351 384 349
f 349 384 353
f 348 355 357
f 236 345 370
f 344 346 345
f 346 349 373
f 380 353 354
f 346 378 345
f 353 384 354
f 352 357 356
f 351 356 381
f 354 384 374
f 351 381 384
f 348 352 350
f 349 350 352
f 349 352 351
f 344 348 350
f 344 347 348
f 346 350 349
f 347 355 348
f 171 367 347
f 171 172 369
f 351 352 356
f 348 357 352
f 355 347 367
f 349 353 373
f 355 367 369
f 355 361 357
f 356 357 381
f 357 361 381
f 361 390 381
f 355 359 361
f 358 361 359
f 358 359 363
f 359 355 1124
f 360 359 1124
f 359 360 363
f 360 1116 363
f 358 362 361
f 358 363 362
f 361 362 364
f 364 362 363
f 361 364 390
f 364 363 365
f 364 365 390
f 363 391 365
f 363 1116 366
f 363 1149 391
f 363 366 1149
f 171 369 367
f 1124 369 172
f 368 1124 172
f 368 984 1121
f 368 1121 1124
f 355 369 1124
f 175 984 368
f 345 372 370
f 345 375 372
f 353 380 373
f 354 374 380
f 345 378 377
f 346 373 378
f 345 377 375
f 382 379 380
f 379 382 385
f 382 374 384
f 374 382 380
f 370 1619 371
f 370 372 1619
f 372 375 376
f 372 376 1620
f 371 1619 1621
f 372 1620 1619
f 373 380 378
f 377 378 379
f 378 380 379
f 379 385 377
f 377 385 392
f 377 392 375
f 375 392 376
f 392 1620 376
f 416 1627 417
f 381 390 383
f 381 383 384
f 383 385 382
f 382 384 383
f 383 386 385
f 383 388 386
f 389 390 387
f 383 390 389
f 387 391 389
f 383 389 388
f 389 391 1148
f 365 387 390
f 365 391 387
f 391 1149 1148
f 385 394 393
f 385 393 392
f 386 395 394
f 385 386 394
f 392 393 394
f 392 394 1647
f 388 396 395
f 386 388 395
f 388 389 396
f 394 395 396
f 394 396 397
f 1647 394 397
f 397 396 1647
f 399 400 398
f 398 400 401
f 398 1163 421
f 423 1663 421
f 398 421 1665
f 398 1665 399
f 400 399 1666
f 403 404 855
f 402 403 855
f 855 854 402
f 402 854 405
f 406 407 857
f 404 857 855
f 404 406 857
f 408 413 410
f 408 410 409
f 410 862 409
f 413 414 410
f 410 414 415
f 411 1174 413
f 412 1174 411
f 414 1175 415
f 413 1174 414
f 404 416 417
f 404 417 418
f 404 418 420
f 404 420 422
f 422 423 404
f 423 421 404
f 402 1631 1629
f 403 1629 416
f 402 1687 1631
f 402 1688 1687
f 417 1643 418
f 418 1641 420
f 403 416 404
f 403 402 1629
f 402 405 1688
f 405 854 419
f 419 854 870
f 405 1690 1688
f 405 419 1690
f 870 1947 419
f 421 1163 404
f 420 1661 422
f 422 1663 423
f 406 404 1163
f 406 1163 407
f 856 407 1163
f 856 1163 412
f 424 427 430
f 425 430 427
f 425 428 426
f 426 428 431
f 425 427 428
f 424 430 429
f 424 429 480
f 429 438 480
f 425 426 437
f 426 445 437
f 431 432 434
f 428 432 431
f 432 433 434
f 426 431 445
f 433 435 434
f 433 489 435
f 436 495 438
f 429 430 620
f 425 618 430
f 425 437 618
f 437 445 618
f 429 436 438
f 430 618 623
f 430 623 620
f 429 620 622
f 429 622 436
f 436 621 495
f 445 450 627
f 617 445 619
f 617 618 445
f 445 627 619
f 166 460 168
f 169 168 441
f 170 440 439
f 169 441 440
f 439 440 442
f 160 458 460
f 168 460 443
f 157 457 458
f 168 443 441
f 440 441 442
f 170 439 538
f 439 442 538
f 442 444 538
f 186 538 478
f 444 474 538
f 441 443 442
f 442 443 444
f 443 465 444
f 447 445 455
f 445 454 455
f 431 454 445
f 431 434 454
f 434 435 468
f 435 489 477
f 434 468 454
f 435 466 468
f 435 477 466
f 446 449 445
f 445 447 446
f 449 450 445
f 446 457 449
f 449 457 660
f 449 660 450
f 448 450 662
f 454 456 455
f 454 468 456
f 444 472 474
f 478 479 529
f 479 506 529
f 474 478 538
f 460 461 443
f 461 464 443
f 443 464 465
f 444 465 463
f 446 458 457
f 446 459 458
f 446 447 459
f 447 455 459
f 455 456 459
f 463 472 444
f 459 469 461
f 461 469 462
f 458 459 460
f 459 461 460
f 461 462 464
f 464 462 465
f 465 462 463
f 459 456 469
f 462 470 463
f 466 467 468
f 468 469 456
f 469 468 467
f 466 470 467
f 466 471 470
f 467 470 469
f 466 473 471
f 466 477 473
f 471 472 470
f 471 474 472
f 471 473 474
f 473 478 474
f 478 473 477
f 479 476 475
f 479 477 476
f 478 477 479
f 479 475 506
f 506 509 532
f 462 469 470
f 463 470 472
f 424 481 427
f 427 482 483
f 427 481 482
f 427 483 428
f 428 483 484
f 428 484 491
f 424 480 481
f 480 496 481
f 482 486 483
f 483 487 484
f 483 486 487
f 484 487 488
f 484 488 493
f 481 485 482
f 482 485 486
f 428 491 432
f 432 489 433
f 432 490 489
f 432 491 490
f 492 490 491
f 490 499 489
f 484 493 491
f 491 493 494
f 492 491 494
f 492 494 497
f 495 496 480
f 481 496 744
f 481 744 485
f 438 495 480
f 485 744 486
f 495 742 496
f 486 749 487
f 487 749 488
f 750 493 488
f 486 744 749
f 520 493 751
f 750 488 749
f 750 751 493
f 489 499 498
f 492 513 490
f 492 497 513
f 493 518 494
f 494 518 497
f 502 493 504
f 520 504 493
f 500 501 493
f 500 493 503
f 501 517 493
f 503 493 502
f 493 517 518
f 476 489 498
f 490 513 499
f 476 477 489
f 498 499 507
f 499 508 507
f 499 513 508
f 475 476 498
f 475 498 505
f 498 507 505
f 475 505 506
f 505 507 506
f 507 509 506
f 508 510 507
f 507 510 509
f 509 511 555
f 511 512 555
f 497 515 513
f 497 516 515
f 508 513 510
f 509 510 511
f 510 513 511
f 511 513 512
f 513 515 514
f 497 518 516
f 516 518 519
f 517 519 518
f 519 517 525
f 519 524 516
f 516 524 526
f 515 527 514
f 512 513 528
f 513 514 528
f 515 516 527
f 521 799 523
f 520 522 523
f 521 523 522
f 503 502 809
f 502 504 809
f 501 525 517
f 519 525 524
f 500 503 807
f 500 807 501
f 501 807 525
f 525 526 524
f 525 807 526
f 516 526 527
f 514 527 528
f 526 815 527
f 530 529 531
f 183 531 532
f 532 533 185
f 537 185 533
f 535 536 537
f 535 537 540
f 533 534 537
f 478 529 182
f 186 478 182
f 506 531 529
f 506 532 531
f 534 533 552
f 537 543 540
f 537 547 543
f 540 544 539
f 540 543 544
f 539 541 542
f 539 544 541
f 212 542 546
f 541 544 542
f 544 545 542
f 545 546 542
f 543 545 544
f 543 548 545
f 545 548 546
f 534 553 537
f 547 537 554
f 543 547 548
f 546 548 549
f 548 550 549
f 548 551 550
f 548 558 551
f 509 533 532
f 533 555 552
f 552 553 534
f 509 555 533
f 552 555 557
f 552 554 553
f 552 557 554
f 555 556 557
f 547 554 548
f 553 554 537
f 548 559 558
f 548 554 559
f 562 554 557
f 556 562 557
f 559 554 561
f 554 560 561
f 554 562 560
f 564 563 562
f 214 213 565
f 212 546 565
f 213 212 565
f 546 549 565
f 549 566 565
f 549 550 566
f 550 551 566
f 567 566 551
f 567 568 569
f 558 567 551
f 558 568 567
f 558 559 568
f 559 561 568
f 561 560 573
f 561 573 568
f 567 570 566
f 567 569 570
f 568 571 569
f 569 571 572
f 568 573 571
f 571 576 572
f 571 573 574
f 571 574 576
f 573 582 574
f 573 575 582
f 560 562 573
f 562 563 573
f 563 575 573
f 576 577 572
f 574 582 576
f 576 578 577
f 576 582 583
f 576 583 578
f 578 580 579
f 578 581 580
f 578 583 581
f 581 583 584
f 583 585 584
f 555 586 556
f 556 586 587
f 587 588 589
f 512 528 555
f 555 528 586
f 586 528 883
f 586 883 587
f 587 883 588
f 556 587 562
f 562 587 589
f 564 562 589
f 589 891 564
f 563 564 590
f 590 564 891
f 563 590 575
f 575 591 582
f 575 590 591
f 582 591 592
f 590 907 591
f 591 907 592
f 582 593 583
f 582 592 593
f 583 593 594
f 583 1287 585
f 584 585 1284
f 583 594 1287
f 585 1287 1284
f 596 597 595
f 597 624 595
f 598 601 599
f 599 601 600
f 598 595 601
f 595 602 601
f 600 601 605
f 601 602 605
f 600 605 604
f 603 604 606
f 603 609 607
f 604 605 606
f 603 606 609
f 607 610 608
f 608 610 289
f 607 609 610
f 289 610 613
f 595 617 602
f 605 602 619
f 605 619 606
f 609 606 626
f 609 628 610
f 602 617 619
f 606 619 626
f 597 620 624
f 596 727 597
f 597 622 620
f 597 621 622
f 596 611 727
f 595 624 617
f 609 626 628
f 610 628 632
f 610 632 633
f 612 614 615
f 289 613 290
f 290 613 689
f 615 614 616
f 290 689 312
f 610 648 613
f 610 633 648
f 689 613 651
f 436 622 621
f 618 617 623
f 617 624 623
f 619 627 626
f 597 625 621
f 620 623 624
f 597 727 625
f 495 621 625
f 611 743 727
f 450 628 627
f 450 629 628
f 448 630 629
f 451 631 630
f 452 635 631
f 626 627 628
f 629 632 628
f 629 630 632
f 630 631 633
f 630 633 632
f 635 633 631
f 635 636 633
f 634 636 635
f 634 637 636
f 637 638 636
f 639 638 637
f 638 639 641
f 453 634 635
f 634 667 637
f 637 667 639
f 640 663 668
f 639 667 663
f 642 669 672
f 642 668 669
f 646 679 681
f 771 646 681
f 640 641 639
f 640 642 641
f 641 642 645
f 643 644 642
f 642 644 645
f 640 639 663
f 640 668 642
f 650 677 674
f 643 679 646
f 643 642 675
f 642 672 675
f 643 675 679
f 658 678 677
f 659 683 678
f 683 659 685
f 612 743 611
f 612 615 762
f 616 765 615
f 765 616 688
f 688 710 765
f 636 647 633
f 636 638 647
f 613 648 651
f 651 652 689
f 638 641 647
f 641 645 647
f 649 650 674
f 633 647 648
f 654 666 653
f 649 674 654
f 644 656 645
f 650 658 677
f 659 678 658
f 645 656 647
f 653 664 713
f 647 649 648
f 647 650 649
f 651 648 649
f 649 654 651
f 654 653 651
f 651 653 652
f 652 653 655
f 664 714 713
f 647 658 650
f 657 658 647
f 647 656 657
f 659 658 657
f 661 295 662
f 157 661 457
f 662 333 722
f 450 448 629
f 452 453 635
f 448 451 630
f 452 631 451
f 453 667 634
f 451 662 452
f 450 660 662
f 448 662 451
f 660 661 662
f 453 714 667
f 453 452 714
f 664 665 663
f 663 665 668
f 664 666 665
f 663 667 664
f 669 668 670
f 665 666 671
f 668 665 670
f 670 665 671
f 672 670 673
f 669 670 672
f 670 671 674
f 673 670 674
f 672 673 676
f 673 674 677
f 672 676 675
f 676 673 677
f 676 677 678
f 676 679 675
f 676 678 680
f 676 680 679
f 680 678 683
f 679 680 681
f 680 682 681
f 682 684 681
f 680 683 682
f 682 683 684
f 684 683 685
f 681 684 772
f 653 666 664
f 654 671 666
f 654 674 671
f 457 661 660
f 452 662 714
f 662 722 714
f 714 664 667
f 688 686 687
f 686 690 687
f 313 317 692
f 687 690 693
f 690 691 693
f 688 687 710
f 687 693 709
f 312 689 694
f 312 694 314
f 314 694 315
f 315 694 695
f 695 694 696
f 652 694 689
f 694 716 696
f 716 694 712
f 716 718 696
f 317 698 692
f 316 697 698
f 317 316 698
f 318 699 316
f 316 699 697
f 318 700 699
f 318 320 700
f 319 700 320
f 319 701 700
f 325 707 705
f 319 321 701
f 321 702 701
f 697 699 1920
f 322 702 321
f 322 703 702
f 322 324 703
f 324 704 703
f 323 325 705
f 323 705 324
f 324 705 704
f 692 698 1983
f 697 1981 698
f 315 695 706
f 696 706 695
f 315 706 327
f 327 706 708
f 326 708 707
f 325 326 707
f 328 327 708
f 326 328 708
f 696 720 706
f 696 718 720
f 706 1935 708
f 687 709 710
f 710 709 711
f 652 655 694
f 655 712 694
f 712 715 716
f 712 713 714
f 714 715 712
f 716 715 718
f 715 719 718
f 655 653 712
f 653 713 712
f 693 717 709
f 691 692 1994
f 691 1997 693
f 711 709 717
f 693 1997 717
f 718 719 721
f 718 721 720
f 706 720 1935
f 708 1935 1936
f 720 721 1935
f 721 1937 1935
f 722 333 725
f 339 724 725
f 339 726 724
f 714 722 715
f 715 722 723
f 725 719 715
f 723 725 715
f 719 725 724
f 722 725 723
f 625 727 495
f 495 727 742
f 743 496 742
f 496 743 746
f 727 743 742
f 643 729 644
f 729 730 644
f 643 646 771
f 643 771 729
f 685 659 775
f 773 729 771
f 729 773 776
f 729 776 782
f 738 778 775
f 740 781 778
f 728 788 804
f 728 804 805
f 733 794 797
f 732 805 791
f 732 791 794
f 728 731 729
f 729 731 730
f 728 736 731
f 732 736 728
f 733 736 732
f 733 735 734
f 733 734 736
f 728 729 788
f 782 784 729
f 729 784 786
f 729 786 788
f 740 787 781
f 732 728 805
f 733 732 794
f 612 762 743
f 615 765 762
f 710 823 765
f 765 823 825
f 659 738 775
f 644 737 656
f 737 644 730
f 738 740 778
f 730 739 737
f 737 657 656
f 737 659 657
f 659 737 738
f 738 737 740
f 731 736 741
f 734 735 768
f 736 734 768
f 730 731 739
f 731 741 739
f 736 768 741
f 770 790 740
f 769 802 770
f 739 740 737
f 741 740 739
f 741 770 740
f 741 768 770
f 496 745 744
f 496 746 745
f 743 762 746
f 744 745 747
f 744 747 749
f 747 748 749
f 745 763 747
f 745 746 763
f 747 767 748
f 760 756 761
f 750 749 748
f 751 750 752
f 750 748 767
f 751 755 754
f 753 757 756
f 753 755 757
f 755 758 757
f 754 755 753
f 756 757 761
f 761 757 758
f 751 752 755
f 522 751 754
f 806 521 759
f 522 520 751
f 521 522 754
f 759 797 806
f 521 756 759
f 521 754 753
f 521 753 756
f 733 759 735
f 735 759 760
f 759 756 760
f 733 797 759
f 762 765 766
f 746 762 766
f 747 763 767
f 746 766 763
f 750 767 764
f 765 825 766
f 763 766 829
f 763 829 767
f 766 825 826
f 766 826 829
f 767 841 764
f 767 829 841
f 735 760 832
f 755 834 758
f 752 750 836
f 752 836 755
f 750 764 835
f 760 761 833
f 758 834 761
f 769 839 802
f 750 835 836
f 735 831 768
f 802 839 837
f 768 769 770
f 793 837 838
f 760 833 832
f 761 834 833
f 735 832 831
f 755 836 834
f 764 841 846
f 684 685 775
f 681 772 771
f 684 775 772
f 771 772 773
f 772 775 773
f 773 775 774
f 776 773 774
f 775 778 774
f 774 777 776
f 774 778 777
f 776 777 780
f 776 780 782
f 780 779 782
f 779 781 783
f 777 778 779
f 777 779 780
f 779 778 781
f 782 779 783
f 782 783 784
f 783 787 784
f 784 787 785
f 784 785 786
f 786 785 788
f 787 790 785
f 781 787 783
f 788 785 789
f 785 790 789
f 791 805 792
f 792 803 793
f 794 791 792
f 793 796 792
f 792 795 794
f 792 796 795
f 794 795 797
f 796 799 795
f 797 798 806
f 798 799 806
f 795 799 798
f 797 795 798
f 789 800 788
f 800 804 788
f 789 802 800
f 790 802 789
f 803 804 800
f 803 800 801
f 800 802 801
f 804 803 805
f 801 793 803
f 792 805 803
f 740 790 787
f 770 802 790
f 521 806 799
f 504 520 817
f 523 799 838
f 520 523 838
f 793 801 837
f 802 837 801
f 793 838 796
f 796 838 799
f 520 840 817
f 503 809 807
f 504 811 809
f 504 817 811
f 526 808 815
f 526 807 808
f 810 815 808
f 810 812 815
f 808 807 809
f 810 808 809
f 809 811 810
f 810 811 812
f 527 815 818
f 527 818 528
f 812 818 815
f 812 813 818
f 813 814 818
f 528 818 816
f 528 816 904
f 812 819 813
f 811 819 812
f 813 819 814
f 814 819 822
f 814 822 820
f 814 820 821
f 814 821 818
f 816 818 929
f 838 840 520
f 811 817 840
f 811 840 846
f 819 811 847
f 819 850 822
f 818 821 929
f 822 850 851
f 822 853 820
f 820 853 821
f 710 711 823
f 711 825 823
f 711 824 825
f 824 827 825
f 711 717 1997
f 824 1990 827
f 711 1997 824
f 825 827 826
f 826 828 829
f 826 827 828
f 828 830 829
f 829 842 841
f 829 830 842
f 764 846 835
f 769 768 839
f 768 831 839
f 832 839 831
f 832 833 838
f 832 837 839
f 832 838 837
f 834 836 838
f 833 834 838
f 835 840 838
f 835 838 836
f 840 835 846
f 841 842 843
f 841 843 844
f 841 844 846
f 843 845 844
f 844 845 847
f 844 847 846
f 827 1990 828
f 828 1991 848
f 828 1990 1991
f 828 848 830
f 830 1993 842
f 830 848 1993
f 843 842 849
f 843 849 845
f 845 849 847
f 842 1993 849
f 847 811 846
f 819 847 850
f 847 849 850
f 849 851 850
f 822 851 853
f 821 853 852
f 821 852 929
f 852 930 929
f 849 2010 851
f 851 2010 853
f 853 2010 852
f 852 2010 930
f 856 866 860
f 856 859 407
f 407 859 858
f 407 858 857
f 856 860 859
f 856 412 866
f 857 854 855
f 408 861 868
f 408 409 861
f 409 862 861
f 861 862 863
f 410 864 862
f 862 864 863
f 864 865 863
f 408 868 413
f 413 868 867
f 411 413 867
f 412 867 866
f 412 411 867
f 861 863 868
f 863 865 868
f 865 873 868
f 865 869 872
f 410 1403 864
f 865 864 1403
f 865 1403 869
f 410 415 1403
f 854 857 870
f 857 858 2048
f 859 2052 858
f 859 860 879
f 860 866 879
f 866 867 877
f 867 868 877
f 870 857 1947
f 857 2046 1947
f 859 871 927
f 871 859 876
f 865 872 873
f 868 873 877
f 875 876 859
f 879 875 859
f 866 877 879
f 872 874 873
f 871 922 913
f 871 876 922
f 874 878 873
f 873 878 877
f 879 880 875
f 877 878 879
f 878 880 879
f 859 927 2052
f 857 2048 2046
f 858 2055 2048
f 2055 858 2052
f 874 2049 878
f 880 878 2049
f 872 869 1403
f 872 1403 874
f 1403 2049 874
f 1403 2050 2049
f 1403 2062 2050
f 588 883 881
f 881 883 882
f 883 884 882
f 883 890 884
f 884 885 882
f 884 886 885
f 887 886 884
f 884 890 887
f 887 888 886
f 888 889 886
f 589 892 891
f 892 589 893
f 893 589 894
f 588 896 589
f 588 881 896
f 589 896 894
f 881 882 896
f 894 896 895
f 895 896 897
f 897 896 902
f 888 899 889
f 888 898 899
f 898 915 899
f 887 890 970
f 915 916 899
f 888 887 970
f 888 968 898
f 885 933 882
f 896 882 934
f 885 886 951
f 886 889 951
f 896 900 901
f 902 896 901
f 901 903 902
f 889 899 951
f 528 904 883
f 883 904 890
f 890 904 906
f 816 905 904
f 904 905 906
f 890 906 972
f 816 929 905
f 896 934 900
f 882 933 934
f 885 952 933
f 900 934 901
f 901 934 903
f 903 934 931
f 590 891 892
f 590 892 893
f 590 893 894
f 590 894 907
f 894 908 907
f 907 908 909
f 894 895 908
f 895 897 908
f 897 902 908
f 908 911 909
f 902 911 908
f 902 903 911
f 909 911 910
f 910 911 912
f 903 931 911
f 911 931 932
f 911 979 912
f 913 914 917
f 871 913 964
f 915 918 916
f 918 919 916
f 915 898 964
f 917 919 918
f 913 917 964
f 917 918 964
f 915 964 918
f 914 913 920
f 913 922 920
f 914 920 923
f 914 923 925
f 920 922 921
f 920 924 923
f 920 921 924
f 924 926 923
f 925 923 926
f 899 916 948
f 917 914 936
f 914 925 936
f 917 942 919
f 925 926 938
f 916 919 946
f 917 936 937
f 917 937 939
f 917 939 942
f 919 942 944
f 925 938 936
f 871 961 927
f 928 927 960
f 871 964 961
f 927 961 960
f 921 928 924
f 924 928 960
f 921 2054 928
f 924 960 926
f 963 938 926
f 926 962 963
f 926 960 962
f 905 2064 906
f 898 968 964
f 890 972 970
f 888 971 968
f 888 970 971
f 905 929 2067
f 885 951 952
f 899 948 951
f 931 934 932
f 933 956 934
f 932 934 935
f 934 955 935
f 916 946 948
f 919 944 946
f 936 938 937
f 937 938 939
f 938 941 939
f 939 941 940
f 942 939 940
f 940 943 942
f 942 943 944
f 944 943 945
f 944 945 946
f 945 947 946
f 947 949 946
f 946 949 948
f 933 952 953
f 933 953 956
f 934 954 955
f 934 957 954
f 934 956 957
f 948 949 951
f 949 950 951
f 950 952 951
f 954 957 955
f 957 956 958
f 961 962 960
f 962 961 963
f 961 964 963
f 964 966 963
f 964 965 966
f 964 968 965
f 906 2064 972
f 965 968 967
f 968 969 967
f 968 971 969
f 974 969 971
f 972 971 970
f 971 972 974
f 972 973 974
f 972 2064 973
f 929 930 2068
f 905 2067 2064
f 929 2068 2067
f 938 963 941
f 941 965 940
f 940 965 943
f 943 965 945
f 941 963 966
f 941 966 965
f 945 965 967
f 945 967 947
f 947 969 949
f 949 969 950
f 950 973 952
f 947 967 969
f 950 969 974
f 950 974 973
f 953 952 975
f 953 976 956
f 958 976 959
f 952 973 2065
f 956 976 958
f 953 975 976
f 976 977 959
f 952 2065 975
f 975 2066 976
f 976 978 977
f 976 2071 978
f 911 932 935
f 911 935 955
f 911 955 980
f 911 980 979
f 957 980 955
f 957 958 980
f 958 959 981
f 958 981 980
f 959 977 981
f 980 981 983
f 977 978 981
f 984 195 985
f 195 986 985
f 195 989 986
f 986 989 990
f 986 990 1128
f 990 1132 1128
f 990 991 1132
f 992 1133 1132
f 991 992 1132
f 992 1001 1133
f 1048 1147 1035
f 1035 1147 1036
f 1147 1038 1036
f 1038 1139 1062
f 1064 1062 1139
f 1064 1139 1167
f 1038 1147 1139
f 1048 1047 1145
f 1047 1044 1144
f 1051 1154 1044
f 1066 1007 1067
f 1007 1066 1055
f 1033 1068 1067
f 1097 1028 987
f 1028 1029 987
f 988 987 1029
f 987 988 1268
f 988 1030 1268
f 989 993 990
f 990 993 991
f 991 1001 992
f 991 993 997
f 991 1000 1001
f 991 997 1000
f 993 995 996
f 993 994 997
f 993 996 994
f 994 996 997
f 216 996 995
f 996 1009 998
f 997 998 1000
f 996 998 997
f 998 999 1000
f 999 1012 1000
f 1000 1003 1002
f 1000 1002 1001
f 1002 1003 1173
f 1005 1173 1003
f 1004 1173 1005
f 1000 1012 1003
f 1003 1012 1017
f 1003 1017 1006
f 1003 1006 1005
f 1005 1006 1007
f 1017 1021 1007
f 1017 1007 1006
f 200 1026 204
f 204 1026 211
f 211 1026 217
f 200 209 1030
f 565 1030 209
f 217 1026 1010
f 1010 1026 1011
f 1011 1026 1014
f 1014 1026 1016
f 1016 1026 1018
f 1018 1026 1019
f 200 1030 1026
f 216 1008 996
f 996 1008 1009
f 1008 1013 1009
f 1008 1010 1013
f 1010 1011 1013
f 998 1013 999
f 998 1009 1013
f 999 1013 1015
f 999 1015 1012
f 1013 1014 1015
f 1013 1011 1014
f 1014 1016 1015
f 1015 1016 1018
f 1012 1015 1017
f 1015 1018 1017
f 1017 1018 1019
f 1017 1019 1020
f 1032 1033 1019
f 1017 1020 1021
f 1020 1022 1021
f 1020 1019 1022
f 1022 1019 1023
f 1023 1019 1033
f 1005 1055 1004
f 1005 1007 1055
f 1007 1021 1067
f 1065 1063 1168
f 1063 1064 1167
f 1065 1170 1055
f 1063 1167 1168
f 1065 1168 1169
f 1065 1169 1171
f 1065 1171 1170
f 1055 1170 1172
f 1004 1055 1172
f 1019 1025 1032
f 1021 1033 1067
f 1019 1026 1025
f 1031 1068 1033
f 1031 1097 1094
f 1031 1028 1097
f 1031 1091 1068
f 1031 1094 1091
f 1029 1024 1027
f 1024 1025 1027
f 1028 1024 1029
f 1028 1031 1024
f 1024 1031 1025
f 1029 1027 1030
f 1026 1030 1025
f 1025 1030 1027
f 988 1029 1030
f 1031 1032 1025
f 1021 1022 1033
f 1022 1023 1033
f 1031 1033 1032
f 1034 1037 1059
f 1038 1062 1036
f 1036 1037 1034
f 1034 1035 1036
f 1034 1059 1039
f 1039 1060 1040
f 1039 1040 1049
f 1040 1103 1053
f 1051 1042 1041
f 1049 1212 1042
f 1042 1212 1043
f 1052 1214 1212
f 1046 1039 1045
f 1046 1045 1044
f 1045 1051 1044
f 1048 1046 1047
f 1047 1046 1044
f 1039 1046 1034
f 1048 1035 1046
f 1034 1046 1035
f 1039 1049 1045
f 1040 1052 1049
f 1050 1051 1041
f 1042 1051 1045
f 1042 1045 1049
f 1049 1052 1212
f 1052 1053 1054
f 1040 1053 1052
f 1053 1110 1217
f 1052 1054 1214
f 1053 1217 1054
f 1058 1066 1067
f 1066 1056 1055
f 1056 1066 1057
f 1057 1058 1072
f 1073 1056 1072
f 1058 1073 1072
f 1066 1058 1057
f 1056 1057 1072
f 1059 1061 1060
f 1060 1061 1088
f 1059 1087 1061
f 1059 1074 1087
f 1036 1073 1037
f 1062 1063 1065
f 1059 1037 1074
f 1063 1062 1064
f 1036 1062 1073
f 1069 1091 1092
f 1068 1091 1069
f 1062 1055 1056
f 1065 1055 1062
f 1062 1056 1073
f 1073 1074 1037
f 1067 1068 1070
f 1058 1069 1093
f 1058 1067 1070
f 1058 1070 1069
f 1068 1069 1070
f 1039 1059 1060
f 1040 1060 1101
f 1058 1071 1080
f 1058 1075 1073
f 1077 1075 1058
f 1075 1076 1073
f 1075 1077 1076
f 1076 1074 1073
f 1077 1078 1076
f 1077 1058 1079
f 1058 1080 1079
f 1079 1081 1082
f 1076 1078 1089
f 1080 1081 1079
f 1079 1082 1077
f 1077 1085 1078
f 1082 1085 1077
f 1078 1086 1089
f 1081 1083 1082
f 1078 1085 1086
f 1080 1083 1081
f 1080 1084 1083
f 1083 1085 1082
f 1086 1294 1089
f 1083 1086 1085
f 1083 1294 1086
f 1083 1296 1294
f 1083 1084 1298
f 1076 1089 1087
f 1061 1087 1088
f 1076 1087 1074
f 1087 1089 1308
f 1087 1090 1088
f 1087 1308 1090
f 1069 1092 1093
f 1092 1096 1093
f 1093 1096 1099
f 1058 1093 1071
f 1080 1071 1093
f 1080 1093 1084
f 1091 1095 1092
f 1091 1094 1095
f 1092 1095 1096
f 1094 1098 1095
f 1094 1097 1098
f 1095 1098 1096
f 1096 1098 987
f 1097 987 1098
f 1084 1093 1099
f 1096 1100 1099
f 1084 1099 1311
f 1099 1100 1311
f 1096 987 1100
f 987 1267 1100
f 1088 1105 1101
f 1060 1088 1101
f 1101 1105 1102
f 1040 1101 1103
f 1101 1102 1103
f 1102 1104 1103
f 1103 1104 1110
f 1088 1106 1105
f 1102 1105 1107
f 1105 1106 1107
f 1088 1090 1106
f 1106 1332 1108
f 1106 1108 1107
f 1102 1107 1104
f 1104 1107 1109
f 1107 1108 1109
f 1108 1336 1109
f 1109 1336 1114
f 1053 1103 1110
f 1104 1112 1110
f 1110 1111 1217
f 1110 1112 1111
f 1111 1112 1260
f 1104 1109 1112
f 1109 1113 1112
f 1113 1109 1114
f 1113 1114 1115
f 1112 1113 1115
f 1112 1115 1260
f 1114 1344 1115
f 1115 1344 1263
f 360 1124 1116
f 1116 1125 1117
f 1116 1117 1119
f 366 1119 1149
f 366 1116 1119
f 1117 1120 1119
f 1119 1120 1151
f 1117 1152 1120
f 1117 1118 1152
f 1118 1142 1153
f 1142 1143 1153
f 1143 1144 1153
f 1118 1153 1152
f 1121 1122 1125
f 1123 1131 1134
f 1121 1125 1124
f 1116 1124 1125
f 1118 1125 1126
f 1126 1127 1141
f 1127 1134 1141
f 1122 1123 1134
f 1122 1126 1125
f 1122 1127 1126
f 1122 1134 1127
f 984 985 1121
f 985 1122 1121
f 985 986 1129
f 985 1129 1122
f 986 1128 1129
f 1128 1132 1129
f 1123 1129 1131
f 1132 1131 1129
f 1132 1130 1131
f 1122 1129 1123
f 1131 1137 1135
f 1131 1135 1134
f 1135 1137 1147
f 1147 1137 1138
f 1146 1135 1147
f 1132 1140 1130
f 1131 1130 1138
f 1131 1138 1137
f 1001 1136 1133
f 1132 1133 1140
f 1133 1136 1140
f 1130 1140 1138
f 1136 1166 1140
f 1138 1140 1167
f 1140 1166 1167
f 1139 1147 1138
f 1139 1138 1167
f 1117 1125 1118
f 1118 1126 1141
f 1118 1141 1142
f 1134 1142 1141
f 1134 1143 1142
f 1134 1135 1143
f 1143 1135 1146
f 1143 1145 1144
f 1143 1146 1145
f 1152 1153 1044
f 1051 1050 1154
f 1041 1157 1050
f 1042 1157 1041
f 1043 1157 1042
f 1154 1152 1044
f 1154 1050 1156
f 1156 1050 1157
f 1157 1043 1208
f 1160 1208 1209
f 1162 1209 1210
f 1161 1210 1211
f 1047 1144 1145
f 1048 1145 1146
f 1048 1146 1147
f 1044 1153 1144
f 1119 1150 1149
f 1119 1151 1150
f 1149 1150 1155
f 1148 1149 1155
f 1155 1157 1160
f 1120 1152 1151
f 1150 1151 1155
f 1151 1152 1154
f 1151 1154 1156
f 1151 1156 1155
f 1155 1156 1157
f 389 1148 1159
f 389 1159 396
f 1148 1155 1160
f 1148 1160 1159
f 396 1159 1158
f 1158 2365 396
f 1159 1160 1161
f 1158 1159 1161
f 1160 1162 1161
f 2365 1158 1161
f 401 1164 398
f 398 1164 1163
f 1163 1164 1165
f 1160 1209 1162
f 1161 1162 1210
f 1157 1208 1160
f 1161 1211 1221
f 1221 1224 1161
f 1225 2369 2367
f 1224 2367 1161
f 1224 1225 2367
f 1225 1233 2369
f 1001 1166 1136
f 1001 1002 1166
f 1166 1168 1167
f 1166 1169 1168
f 1169 1002 1171
f 1002 1173 1170
f 1002 1170 1171
f 1002 1169 1166
f 1173 1172 1170
f 1004 1172 1173
f 1176 1177 1165
f 1176 1165 1179
f 414 1174 1175
f 1174 1177 1175
f 1175 1177 1178
f 1176 1178 1177
f 1178 1176 1179
f 1178 1179 1181
f 1178 1181 1182
f 1181 1179 1182
f 1179 1180 1182
f 1180 1183 1182
f 1183 1184 1182
f 1183 1185 1184
f 1185 1186 1184
f 1186 1187 1184
f 1184 1187 1189
f 1191 1201 1192
f 1188 1191 1192
f 1188 1189 1187
f 1188 1190 1189
f 1188 1192 1190
f 1258 1259 1206
f 1194 1202 1203
f 1195 1198 1197
f 1193 1194 1195
f 1194 1196 1195
f 1193 1195 1197
f 1193 1202 1194
f 1194 1203 1196
f 1193 1197 1202
f 1200 1199 1197
f 1200 1201 1199
f 1204 1197 1199
f 1203 1205 1196
f 1202 1197 1204
f 1202 1204 1203
f 1197 1198 1200
f 1204 1205 1203
f 1204 1207 1205
f 1191 1199 1201
f 1207 1384 1205
f 1195 1196 1382
f 1195 1382 1198
f 1198 1382 1200
f 1205 1384 1196
f 1206 1386 1207
f 1163 1165 1174
f 1174 1165 1177
f 1179 2378 1180
f 1165 2378 1179
f 412 1163 1174
f 1180 2378 1183
f 1183 2378 1185
f 1186 1185 2388
f 1204 1199 2463
f 1188 2458 1191
f 1191 2458 1199
f 1186 2459 1187
f 1188 1187 2459
f 1185 2380 2381
f 1185 2381 2388
f 2380 1185 2378
f 1186 2388 2459
f 1209 1211 1210
f 1043 1212 1227
f 1212 1214 1216
f 1223 1222 1211
f 1213 1222 1221
f 1211 1227 1223
f 1208 1043 1227
f 1211 1213 1221
f 1209 1227 1211
f 1208 1227 1209
f 1213 1211 1222
f 1227 1212 1226
f 1212 1216 1226
f 1054 1215 1214
f 1214 1215 1216
f 1215 1239 1216
f 1054 1217 1218
f 1054 1218 1215
f 1111 1219 1217
f 1217 1219 1218
f 1215 1218 1239
f 1218 1220 1239
f 1218 1219 1220
f 1219 1261 1220
f 1221 1222 1224
f 1223 1224 1222
f 1223 1225 1224
f 1223 1226 1225
f 1223 1227 1226
f 1225 1226 1230
f 1225 1230 1228
f 1225 1228 1232
f 1230 1226 1229
f 1228 1230 1229
f 1216 1229 1226
f 1216 1231 1229
f 1225 1232 1234
f 1229 1237 1228
f 1225 1234 1233
f 1232 1235 1234
f 1233 1234 2419
f 1234 1235 1236
f 1232 1228 2425
f 1228 1237 2425
f 1234 1236 2419
f 1232 2425 1235
f 1229 1231 1237
f 1237 1231 2428
f 1240 2429 1231
f 1216 1239 1231
f 1231 1239 1240
f 1239 1241 1240
f 1220 1241 1239
f 1220 1262 1242
f 1220 1242 1241
f 1241 1242 2478
f 1240 1241 2478
f 1242 1243 2478
f 1244 1245 1246
f 1245 1247 1246
f 1246 1247 1249
f 1244 1248 1245
f 1245 1248 1247
f 1244 1246 1256
f 1246 1257 1256
f 1246 1249 1252
f 1250 1257 1246
f 1246 1252 1250
f 1250 1251 1257
f 1250 1252 1251
f 1251 1252 1253
f 1253 1255 1254
f 1256 1257 1258
f 1257 1259 1258
f 1206 1259 1251
f 1257 1251 1259
f 1111 1261 1219
f 1111 1260 1261
f 1260 1262 1261
f 1220 1261 1262
f 1260 1264 1262
f 1262 1264 1266
f 1115 1263 1260
f 1260 1263 1265
f 1260 1265 1264
f 1264 1265 1449
f 1244 2465 1248
f 1247 1248 2547
f 2465 1258 1206
f 2465 1256 1258
f 1206 1207 2463
f 1204 2463 1207
f 1244 1256 2465
f 1247 2547 1249
f 1249 2548 1252
f 1199 2457 2463
f 1206 2463 2465
f 1238 1248 2465
f 1199 2458 2457
f 1188 2459 2458
f 1248 1238 2468
f 1252 2548 1253
f 1253 2548 1255
f 1255 2548 1440
f 1440 2548 1441
f 1242 1262 1266
f 1242 1266 1243
f 1264 1452 1266
f 987 1268 1267
f 1267 1268 1272
f 1267 1272 1315
f 565 566 1269
f 566 570 1270
f 565 1269 1030
f 1269 566 1271
f 566 1270 1271
f 569 1279 570
f 569 572 1279
f 577 1279 572
f 1270 570 1275
f 1275 570 1276
f 570 1279 1276
f 577 578 1279
f 579 1283 578
f 1268 1030 1269
f 1268 1269 1271
f 1268 1271 1272
f 1270 1272 1271
f 1270 1273 1272
f 578 1283 1279
f 1272 1274 1325
f 1272 1273 1274
f 1274 1275 1325
f 1270 1275 1273
f 1274 1273 1275
f 1275 1277 1325
f 1277 1281 1327
f 1275 1276 1277
f 1276 1279 1280
f 1276 1280 1281
f 1276 1281 1277
f 1278 1327 1281
f 1280 1279 1283
f 1280 1283 1281
f 1278 1281 1282
f 1281 1283 1282
f 1278 1282 1289
f 579 1282 1283
f 1284 1287 1285
f 1285 1288 1286
f 1285 1287 1288
f 1405 579 580
f 581 1409 580
f 581 584 1409
f 1278 1290 1362
f 1278 1289 1290
f 1290 1291 1358
f 1282 579 1289
f 1290 1289 579
f 579 1292 1290
f 1292 579 1405
f 580 1406 1405
f 1406 580 1407
f 580 1408 1407
f 1290 1292 1291
f 1291 1405 1363
f 1363 1405 1370
f 1291 1292 1405
f 1370 1405 1406
f 1372 1406 1407
f 1293 1372 1408
f 1372 1407 1408
f 1089 1294 1295
f 1294 1296 1295
f 1083 1297 1296
f 1083 1298 1297
f 1084 1299 1298
f 1089 1295 1303
f 1296 1304 1295
f 1296 1297 1304
f 1297 1298 1300
f 1298 1299 1300
f 1297 1300 1302
f 1304 1303 1295
f 1304 1297 1302
f 1303 1305 1309
f 1305 1306 1309
f 1300 1301 1316
f 1300 1316 1302
f 1302 1307 1304
f 1303 1304 1305
f 1302 1316 1307
f 1304 1306 1305
f 1089 1309 1308
f 1090 1308 1310
f 1308 1309 1310
f 1310 1319 1333
f 1089 1303 1309
f 1084 1311 1299
f 1100 1312 1311
f 1299 1311 1313
f 1311 1312 1314
f 1100 1267 1312
f 1267 1314 1312
f 1311 1314 1313
f 1299 1313 1300
f 1300 1313 1301
f 1313 1316 1301
f 1267 1315 1314
f 1313 1314 1324
f 1314 1315 1324
f 1272 1324 1315
f 1307 1316 1317
f 1307 1317 1318
f 1309 1320 1310
f 1310 1320 1319
f 1306 1320 1309
f 1319 1320 1321
f 1319 1321 1338
f 1313 1324 1316
f 1317 1324 1325
f 1323 1325 1326
f 1323 1326 1329
f 1317 1323 1318
f 1316 1324 1317
f 1317 1325 1323
f 1318 1323 1322
f 1304 1349 1306
f 1304 1307 1349
f 1307 1318 1349
f 1322 1328 1318
f 1272 1325 1324
f 1325 1330 1326
f 1325 1327 1330
f 1277 1327 1325
f 1306 1350 1320
f 1322 1323 1329
f 1322 1331 1328
f 1322 1329 1331
f 1318 1328 1348
f 1349 1350 1306
f 1318 1348 1349
f 1350 1352 1320
f 1326 1330 1329
f 1278 1329 1330
f 1329 1351 1331
f 1331 1348 1328
f 1331 1349 1348
f 1320 1355 1321
f 1090 1333 1106
f 1090 1310 1333
f 1106 1333 1332
f 1108 1332 1335
f 1332 1333 1334
f 1332 1334 1335
f 1334 1337 1335
f 1108 1335 1336
f 1335 1341 1336
f 1335 1337 1341
f 1319 1338 1333
f 1333 1338 1334
f 1334 1338 1337
f 1337 1338 1339
f 1337 1339 1340
f 1337 1340 1341
f 1321 1357 1338
f 1338 1357 1339
f 1339 1357 1340
f 1336 1341 1345
f 1340 1346 1341
f 1278 1330 1327
f 1278 1342 1329
f 1329 1342 1358
f 1278 1362 1342
f 1114 1336 1343
f 1114 1343 1344
f 1336 1345 1343
f 1343 1447 1344
f 1343 1345 1447
f 1340 1379 1346
f 1341 1346 1345
f 1345 1347 1447
f 1345 1346 1347
f 1346 1463 1347
f 1329 1358 1351
f 1331 1352 1349
f 1331 1351 1352
f 1349 1352 1350
f 1352 1354 1355
f 1351 1359 1352
f 1352 1360 1353
f 1353 1354 1352
f 1320 1352 1355
f 1321 1355 1356
f 1321 1356 1357
f 1355 1369 1356
f 1356 1380 1357
f 1340 1357 1379
f 1351 1358 1359
f 1342 1362 1358
f 1352 1359 1360
f 1353 1360 1361
f 1355 1354 1367
f 1354 1353 1367
f 1353 1361 1365
f 1361 1360 1364
f 1290 1358 1362
f 1358 1363 1359
f 1359 1372 1360
f 1291 1363 1358
f 1359 1363 1370
f 1361 1364 1365
f 1353 1365 1366
f 1353 1366 1367
f 1360 1372 1364
f 1364 1371 1365
f 1367 1368 1369
f 1365 1373 1366
f 1365 1371 1373
f 1366 1373 1368
f 1367 1366 1368
f 1355 1367 1369
f 1356 1369 1380
f 1369 1378 1380
f 1359 1370 1372
f 1364 1372 1371
f 1293 1371 1372
f 1371 1375 1373
f 1368 1373 1374
f 1368 1374 1377
f 1368 1454 1369
f 1373 1376 1374
f 1373 1375 1376
f 1374 1376 1377
f 1370 1406 1372
f 1293 1410 1371
f 1368 1377 1454
f 1369 1460 1378
f 1369 1454 1460
f 1357 1381 1379
f 1357 1380 1381
f 1346 1379 1463
f 1379 1381 1463
f 1380 1466 1381
f 1378 1466 1380
f 415 1175 1403
f 1403 1175 1404
f 1175 1178 1404
f 1178 1182 1404
f 1184 1404 1182
f 1184 1189 1404
f 1189 1394 1404
f 1200 1396 1201
f 1201 1399 1192
f 1382 1196 1383
f 1196 1384 1383
f 1200 1382 1383
f 1207 1385 1384
f 1207 1386 1385
f 1200 1383 1395
f 1189 1190 1394
f 1190 1192 1399
f 1384 1385 1383
f 1383 1385 1395
f 1190 1392 1394
f 1190 1393 1392
f 1190 1401 1393
f 1190 1399 1401
f 1201 1396 1398
f 1200 1395 1396
f 1201 1398 1399
f 1386 1395 1385
f 1388 1389 1387
f 1388 1387 1386
f 1390 1391 1389
f 1388 1390 1389
f 1395 1397 1396
f 1396 1397 1398
f 1398 1397 1399
f 1397 1400 1399
f 1399 1400 1401
f 1400 1402 1401
f 1394 1392 2082
f 1403 1404 2082
f 1394 2082 1404
f 1392 1393 2830
f 1397 2834 1400
f 1393 1401 2833
f 1402 1400 2834
f 1402 2834 1401
f 1392 2830 2840
f 1393 2836 2830
f 1393 2833 2836
f 592 1423 593
f 592 907 1423
f 907 909 1424
f 593 1423 594
f 1284 1414 584
f 1287 1411 1288
f 1284 1285 1414
f 1285 1286 1414
f 1288 1411 1286
f 594 1423 1287
f 909 910 1426
f 910 912 1426
f 912 979 1426
f 907 1424 1425
f 907 1425 1423
f 909 1426 1424
f 1408 580 1409
f 1409 584 1410
f 584 1414 1410
f 1287 1415 1411
f 1286 1411 1421
f 1286 1418 1414
f 1293 1408 1409
f 1293 1409 1410
f 1371 1410 1412
f 1286 1421 1420
f 1419 1418 1286
f 1419 1286 1420
f 1412 1410 1414
f 1287 1423 1415
f 1412 1414 1413
f 1413 1414 1418
f 1419 1420 1457
f 1420 1427 1457
f 1411 1415 1416
f 1411 1416 1421
f 1415 1417 1416
f 1416 1417 1421
f 1415 1423 1417
f 1421 1417 1422
f 1423 1422 1417
f 1421 1427 1420
f 1421 1422 1425
f 1421 1425 1427
f 1422 1423 1425
f 1424 1426 1425
f 1426 1427 1425
f 1426 1428 1427
f 1427 1428 1430
f 1428 1429 1430
f 979 980 1426
f 980 1428 1426
f 980 1429 1428
f 1429 980 1432
f 980 1431 1432
f 983 1431 980
f 983 981 1431
f 982 1431 981
f 1435 982 2085
f 1431 982 1434
f 1434 982 1435
f 1435 2085 1438
f 1401 2834 2833
f 1429 1432 1430
f 1430 1432 1468
f 1432 1433 1468
f 1432 1431 1434
f 1432 1434 1433
f 1433 1434 1475
f 1434 1437 1476
f 1435 1436 1434
f 1434 1436 1437
f 1436 1435 1438
f 1436 1438 1437
f 1437 1438 2841
f 1437 2843 1481
f 1254 1255 1439
f 1255 1440 1439
f 1443 1442 1439
f 1390 1439 1442
f 1439 1440 1441
f 1439 1441 1443
f 1251 1386 1206
f 1251 1253 1386
f 1253 1254 1388
f 1388 1254 1439
f 1253 1388 1386
f 1388 1439 1390
f 1442 1443 1444
f 1443 1445 1444
f 1390 1442 1444
f 1390 1444 1391
f 1444 1446 1391
f 1443 1446 1445
f 1445 1446 1444
f 1391 1446 1451
f 1263 1344 1448
f 1344 1447 1448
f 1263 1448 1449
f 1263 1449 1265
f 1264 1449 1452
f 1347 1448 1447
f 1347 1450 1448
f 1347 1464 1450
f 1448 1450 1449
f 1449 1450 1453
f 1441 2548 1443
f 1443 2548 1446
f 1446 2548 1451
f 1389 1391 2945
f 1387 2945 1386
f 1387 1389 2945
f 1386 2946 1395
f 2946 1397 1395
f 1391 1451 2945
f 2945 2946 1386
f 1452 2892 1266
f 1452 1453 2893
f 1449 1453 1452
f 1450 1488 1453
f 1453 1488 1490
f 1371 1412 1375
f 1375 1412 1376
f 1376 1419 1377
f 1377 1455 1456
f 1454 1377 1456
f 1456 1459 1454
f 1376 1412 1413
f 1377 1419 1455
f 1376 1413 1418
f 1376 1418 1419
f 1419 1457 1455
f 1456 1455 1457
f 1456 1457 1458
f 1456 1458 1459
f 1454 1472 1460
f 1378 1460 1461
f 1430 1458 1457
f 1458 1469 1459
f 1454 1459 1471
f 1427 1430 1457
f 1430 1468 1458
f 1458 1468 1469
f 1459 1469 1470
f 1459 1470 1471
f 1471 1472 1454
f 1460 1472 1474
f 1460 1479 1461
f 1460 1474 1479
f 1381 1462 1463
f 1381 1466 1462
f 1347 1463 1464
f 1462 1464 1463
f 1462 1491 1489
f 1464 1489 1465
f 1450 1464 1465
f 1462 1489 1464
f 1378 1461 1466
f 1461 1491 1466
f 1462 1466 1491
f 1451 1467 2945
f 1397 2946 2834
f 1468 1475 1469
f 1469 1475 1470
f 1470 1476 1471
f 1471 1477 1472
f 1472 1473 1474
f 1433 1475 1468
f 1470 1475 1476
f 1471 1476 1477
f 1472 1477 1473
f 1473 1477 1478
f 1474 1473 1485
f 1478 1484 1473
f 1461 1479 1480
f 1474 1485 1479
f 1479 1485 1480
f 1434 1476 1475
f 1476 1482 1477
f 1437 1481 1476
f 1476 1481 1482
f 1477 1483 1478
f 1477 1482 1483
f 1478 1483 1484
f 1473 1484 2953
f 1473 2962 1485
f 1481 2844 1482
f 1482 2952 1483
f 1483 2954 1484
f 2953 2960 1473
f 1480 1486 1492
f 1486 1493 1492
f 1480 1485 1486
f 1485 2962 1486
f 1487 1489 1492
f 1450 1465 1488
f 1465 1487 1488
f 1465 1489 1487
f 1488 3016 1490
f 1487 3016 1488
f 1461 1480 1491
f 1489 1491 1492
f 1480 1492 1491
f 1487 1492 1493
f 1493 2976 1487
f 264 1494 1496
f 264 1495 1494
f 1494 1495 1498
f 1494 1498 1504
f 1495 1500 1498
f 1495 1501 1500
f 1494 1504 1496
f 1504 1509 1496
f 1497 1496 1505
f 1496 1506 1505
f 1496 1509 1506
f 1495 1523 1501
f 1523 1502 1501
f 1499 1504 1498
f 1500 1501 1502
f 1499 1498 1500
f 1499 1500 1502
f 1499 1502 1503
f 1499 1503 1513
f 1502 1515 1503
f 1499 1512 1504
f 1504 1512 1511
f 1504 1511 1509
f 1506 1507 1505
f 1510 1508 1506
f 1509 1510 1506
f 1511 1510 1509
f 1499 1513 1512
f 1511 1512 1514
f 1512 1535 1514
f 1515 1502 1526
f 266 1497 1505
f 266 1505 1507
f 308 1507 1506
f 309 1507 308
f 310 1506 1508
f 1508 1510 1516
f 1516 1510 1511
f 1516 1511 1518
f 1511 1519 1518
f 1519 1520 1518
f 1517 1518 1520
f 1517 1520 1521
f 1511 1514 1522
f 1517 1521 1560
f 1523 1525 1502
f 1523 371 1524
f 1523 1524 1525
f 1502 1525 1526
f 1525 1524 1669
f 1528 1579 1529
f 1579 1528 1530
f 1530 1534 1580
f 1528 1529 1531
f 1528 1531 1530
f 1531 1532 1530
f 1531 1533 1532
f 1530 1532 1534
f 1532 1533 1534
f 1503 1515 1538
f 1512 1513 1536
f 1503 1536 1513
f 1512 1536 1539
f 1503 1537 1536
f 1512 1543 1535
f 1514 1535 1543
f 1536 1537 1539
f 1512 1539 1543
f 1503 1538 1537
f 1538 1540 1537
f 1538 1515 1546
f 1538 1547 1541
f 1546 1547 1538
f 1537 1540 1539
f 1538 1541 1540
f 1540 1541 1542
f 1539 1540 1692
f 1540 1542 1545
f 1541 1552 1542
f 1547 1549 1541
f 1541 1549 1552
f 1542 1552 1553
f 1553 1557 1542
f 1514 1543 1544
f 1539 1705 1543
f 1540 1545 1692
f 1539 1692 1693
f 1514 1544 1595
f 1543 1595 1544
f 1558 1542 1557
f 1515 1526 1546
f 1527 1547 1546
f 1526 1527 1546
f 1525 1671 1526
f 1526 1671 1527
f 1525 1669 1671
f 1527 1671 1548
f 1527 1548 1547
f 1547 1548 1554
f 1547 1550 1549
f 1550 1551 1549
f 1549 1551 1552
f 1547 1555 1550
f 1556 1551 1550
f 1554 1555 1547
f 1555 1556 1550
f 1548 1695 1554
f 1548 1671 1695
f 1554 1695 1555
f 1551 1699 1552
f 1552 1699 1553
f 1551 1556 1699
f 313 1508 1516
f 313 1516 1518
f 1517 316 1518
f 316 1517 1559
f 328 1529 1579
f 328 1565 1529
f 1517 1560 1559
f 1511 1960 1519
f 1519 1596 1520
f 1596 1521 1520
f 1559 1560 1564
f 1559 1564 1562
f 1562 1564 1563
f 1562 1574 1561
f 1562 1563 1574
f 1561 1574 1573
f 1568 1577 1571
f 1560 1521 1592
f 1565 1531 1529
f 1565 1566 1531
f 1565 1567 1566
f 1566 1567 1570
f 1569 1570 1567
f 1568 1570 1569
f 1568 1571 1570
f 316 1559 1562
f 319 1562 1561
f 319 1561 1573
f 321 1573 1572
f 321 1572 1576
f 324 1576 1577
f 324 1577 1568
f 323 1568 1569
f 319 320 1562
f 319 1573 321
f 321 1576 322
f 322 1576 324
f 323 1569 325
f 323 324 1568
f 325 1569 1567
f 326 1567 1565
f 1572 1573 1574
f 1574 1575 1572
f 1572 1575 1576
f 1576 1575 1578
f 1577 1576 1578
f 1571 1577 1578
f 1564 1588 1563
f 1574 1563 1588
f 1560 1592 1564
f 1574 1589 1575
f 1575 1589 1578
f 1571 1578 1591
f 1571 1591 1570
f 1574 1590 1589
f 1578 1589 1591
f 1579 1530 1580
f 331 336 1611
f 125 1610 1604
f 338 1605 343
f 341 1611 336
f 341 1580 1611
f 1581 343 1583
f 1534 1611 1580
f 338 1604 1605
f 343 1605 1583
f 331 1611 1610
f 1581 1583 1582
f 343 1581 726
f 726 1581 1582
f 419 1947 1584
f 1584 1585 1690
f 1585 1586 1690
f 1584 1947 1585
f 1585 1948 1586
f 1583 1950 1582
f 1605 1950 1583
f 1511 1522 1960
f 1514 1960 1522
f 1531 1566 1599
f 1543 1705 1595
f 1514 1595 1597
f 1514 1598 1960
f 1514 1597 1598
f 1521 1594 1592
f 1596 1594 1521
f 1519 1960 1596
f 1564 1587 1588
f 1564 1593 1587
f 1564 1592 1593
f 1574 1588 1590
f 1566 1570 1603
f 1566 1603 1599
f 1570 1591 1603
f 1599 1602 1600
f 1591 1601 1603
f 1599 1603 1602
f 1602 1972 1600
f 1968 1600 1972
f 1601 1602 1603
f 1533 1614 1534
f 1531 1617 1533
f 1533 1607 1613
f 1534 1616 1611
f 1533 1617 1607
f 1533 1613 1614
f 1534 1614 1616
f 1531 1599 1617
f 1604 1606 1605
f 1604 1612 1606
f 1609 1606 1612
f 1604 1610 1612
f 1607 1608 1615
f 1608 1609 1615
f 1609 1612 1615
f 1613 1607 1615
f 1610 1611 1612
f 1611 1616 1612
f 1612 1616 1615
f 1613 1615 1614
f 1614 1615 1616
f 1606 1618 1605
f 1607 1618 1608
f 1608 1618 1609
f 1609 1618 1606
f 1618 1950 1605
f 1607 1617 1618
f 1617 1600 1618
f 1617 1599 1600
f 1621 1622 371
f 1524 371 1669
f 371 1622 1669
f 1621 1624 1622
f 1623 1622 1624
f 1623 1624 1625
f 1621 1625 1624
f 392 1619 1620
f 392 1621 1619
f 392 1645 1621
f 1621 1652 1625
f 1621 1645 1650
f 1623 1670 1622
f 1623 1625 1652
f 1621 1650 1651
f 1621 1651 1652
f 1623 1652 1654
f 1623 1654 1670
f 416 1626 1627
f 416 1628 1626
f 1628 416 1629
f 1635 1638 1632
f 1626 1628 1627
f 1629 1630 1628
f 1629 1631 1630
f 1631 1634 1630
f 1632 1638 1633
f 1631 1632 1633
f 1631 1633 1638
f 1631 1638 1634
f 1630 1637 1628
f 1627 1628 1637
f 1634 1637 1630
f 1634 1638 1637
f 1627 1637 1636
f 1635 1687 1639
f 1632 1687 1635
f 1631 1687 1632
f 417 1627 1636
f 417 1636 1643
f 1643 1641 418
f 1641 1661 420
f 1635 1639 1638
f 1636 1637 1643
f 1643 1637 1642
f 1643 1644 1640
f 1643 1640 1641
f 1640 1644 1662
f 1640 1661 1641
f 1640 1662 1661
f 1643 1642 1644
f 392 1647 1646
f 392 1646 1650
f 392 1650 1645
f 1646 1648 1650
f 1647 1648 1646
f 1648 1649 1650
f 1649 1655 1650
f 1647 2364 1648
f 1648 2364 1649
f 1649 2364 1655
f 1655 2364 1657
f 1650 1652 1651
f 1650 1658 1653
f 1652 1650 1654
f 1650 1653 1654
f 1654 1653 1659
f 1655 1656 1650
f 1655 1657 1656
f 1650 1656 1658
f 1657 2375 1656
f 1656 2375 1658
f 1653 1658 1659
f 1654 1659 1660
f 1658 2375 1659
f 1659 2375 1660
f 422 1661 1663
f 421 1663 1664
f 421 1664 1665
f 399 1665 1666
f 400 1685 401
f 1664 1667 1665
f 1661 1662 1663
f 1663 1662 1664
f 1665 1667 1666
f 1666 1667 1668
f 1666 1685 400
f 1669 1622 1670
f 1670 1654 1672
f 1654 1679 1672
f 1669 1670 1672
f 1671 1669 1673
f 1669 1672 1673
f 1671 1673 1674
f 1671 1674 1753
f 1673 1672 1674
f 1672 1679 1674
f 1674 1679 1753
f 1679 1771 1753
f 1662 1644 1833
f 1676 1675 1654
f 1654 1675 1679
f 1660 1676 1654
f 1660 1678 1676
f 1660 2390 1678
f 1676 1677 1675
f 1675 1677 1683
f 1678 2390 2391
f 1676 1684 1677
f 1676 1678 2391
f 1677 1684 1683
f 1676 2391 1684
f 1675 1680 1679
f 1675 1683 1680
f 1679 1680 1681
f 1680 1682 1681
f 1679 1681 1771
f 1681 1682 1771
f 1680 2398 1682
f 1683 2398 1680
f 1683 1684 2398
f 1682 2398 1773
f 1774 2398 2399
f 1662 1833 1664
f 1667 1833 1668
f 1667 1664 1833
f 1666 1668 1685
f 1668 1836 1685
f 1668 1832 1834
f 1685 1836 1686
f 1668 1834 1836
f 1686 1835 1837
f 1686 1836 1835
f 1686 1788 1790
f 1686 1837 1788
f 1688 1690 1689
f 1687 1688 1689
f 1690 1691 1689
f 1586 1691 1690
f 419 1584 1690
f 1691 2047 1689
f 1639 1822 1638
f 1639 1687 1822
f 1822 1637 1638
f 1687 1689 1822
f 1637 1822 1642
f 1644 1642 1827
f 1644 1824 1833
f 1644 1827 1824
f 1642 1822 1823
f 1826 1642 1823
f 1642 1826 1827
f 1689 2047 1822
f 1668 1833 1832
f 1542 1694 1545
f 1539 1693 1705
f 1545 1694 1692
f 1692 1694 1706
f 1692 1706 1693
f 1542 1558 1694
f 1694 1558 1696
f 1694 1696 1697
f 1555 1695 1754
f 1555 1754 1766
f 1553 1724 1557
f 1557 1724 1558
f 1558 1724 1696
f 1696 1724 1697
f 1553 1699 1724
f 1698 1699 1556
f 1555 1701 1556
f 1555 1766 1700
f 1555 1700 1701
f 1698 1556 1701
f 1698 1724 1699
f 1724 1698 1723
f 1698 1701 1723
f 1700 1766 1702
f 1700 1703 1701
f 1700 1702 1703
f 1701 1703 1723
f 1702 1795 1703
f 1703 1795 1744
f 1693 1704 1705
f 1693 1706 1704
f 1704 1706 1707
f 1694 1721 1706
f 1697 1721 1694
f 1706 1721 1727
f 1704 1710 1705
f 1704 1707 1710
f 1707 1706 1727
f 1707 1726 1713
f 1707 1713 1710
f 1707 1727 1726
f 1708 1709 1713
f 1709 1714 1713
f 1708 1713 1726
f 1595 1705 1597
f 1597 1705 1711
f 1597 1711 1598
f 1598 1711 2115
f 1705 1712 1711
f 1705 1710 1712
f 1711 1712 2116
f 1710 1719 1712
f 1713 1715 1716
f 1715 1713 1714
f 1714 1718 1715
f 1710 1713 1716
f 1710 1716 1719
f 1715 1717 1716
f 1715 1718 1717
f 1716 1717 1720
f 1717 1718 1720
f 1716 1720 1719
f 1712 1719 2118
f 1719 1720 2118
f 1721 1697 1722
f 1722 1727 1721
f 1697 1724 1722
f 1725 1722 1724
f 1724 1723 1725
f 1722 1730 1727
f 1726 1729 1708
f 1708 1729 1728
f 1709 1708 1734
f 1726 1727 1733
f 1726 1733 1729
f 1728 1734 1708
f 1728 1729 1734
f 1709 1734 1738
f 1725 1730 1722
f 1725 1723 1745
f 1703 1745 1723
f 1725 1745 1730
f 1730 1745 1731
f 1731 1745 1732
f 1727 1730 1731
f 1727 1731 1732
f 1732 1733 1727
f 1729 1733 1734
f 1733 1732 1737
f 1733 1735 1734
f 1733 1737 1735
f 1734 1735 1738
f 1732 1745 1737
f 1737 1746 1736
f 1736 1746 1739
f 1709 1738 1714
f 1714 1739 1718
f 1738 1739 1714
f 1740 1718 1739
f 1740 1741 1718
f 1718 1742 1720
f 1720 1743 2119
f 1742 1718 1741
f 1742 1743 1720
f 1735 1737 1736
f 1738 1735 1736
f 1736 1739 1738
f 1703 1744 1745
f 1744 1747 1745
f 1737 1745 1746
f 1739 1746 1748
f 1745 1747 1746
f 1744 1851 1747
f 1746 1747 1748
f 1747 1851 1748
f 1739 1748 1740
f 1740 1748 1741
f 1748 1868 1749
f 1742 1741 1749
f 1742 1749 1743
f 1749 2143 1743
f 1741 1748 1749
f 1749 1868 1873
f 1749 1873 1876
f 1749 1876 2157
f 1671 1753 1751
f 1671 1750 1695
f 1671 1751 1750
f 1695 1750 1754
f 1750 1751 1755
f 1753 1752 1751
f 1751 1752 1757
f 1750 1755 1754
f 1751 1756 1755
f 1754 1755 1760
f 1755 1756 1761
f 1755 1761 1760
f 1751 1757 1756
f 1756 1757 1758
f 1757 1759 1758
f 1756 1758 1762
f 1753 1771 1752
f 1752 1771 1757
f 1757 1771 1777
f 1754 1760 1765
f 1754 1765 1766
f 1760 1761 1767
f 1760 1767 1765
f 1756 1762 1761
f 1758 1759 1762
f 1759 1763 1762
f 1761 1762 1768
f 1762 1763 1764
f 1762 1764 1769
f 1761 1768 1767
f 1762 1769 1768
f 1757 1778 1759
f 1757 1777 1778
f 1763 1759 1807
f 1759 1778 1808
f 1759 1808 1807
f 1765 1792 1766
f 1765 1767 1793
f 1702 1766 1795
f 1765 1793 1792
f 1767 1768 1794
f 1768 1769 1794
f 1767 1794 1793
f 1764 1770 1769
f 1769 1770 1802
f 1763 1809 1764
f 1682 1772 1771
f 1682 1773 1772
f 1771 1772 1777
f 1772 1775 1777
f 1775 1781 1777
f 1773 1774 1772
f 1772 1774 1775
f 1774 1776 1775
f 1773 2398 1774
f 1774 2399 2595
f 1775 1776 1781
f 1774 1782 1776
f 1776 1783 1781
f 1776 1782 1783
f 1774 2595 2604
f 1774 2604 1782
f 1777 1781 1783
f 1777 1779 1778
f 1777 1783 1779
f 1778 1779 1780
f 1780 1779 1784
f 1778 1780 1808
f 1783 1784 1779
f 1782 1784 1783
f 1782 2606 1784
f 1782 2604 2606
f 1780 1784 1786
f 1780 1786 1787
f 1780 1787 1785
f 1786 1784 2606
f 1786 2606 2611
f 1786 2611 1787
f 1789 1837 1838
f 1789 1791 1790
f 1788 1789 1790
f 1788 1837 1789
f 1834 2623 1835
f 1766 1792 1795
f 1792 1793 1797
f 1769 1802 1794
f 1794 1803 1793
f 1792 1796 1795
f 1792 1797 1796
f 1793 1803 1797
f 1797 1803 1798
f 1795 1796 1839
f 1796 1797 1840
f 1796 1840 1839
f 1797 1798 1841
f 1797 1841 1840
f 1798 1843 1841
f 1770 1799 1802
f 1794 1802 1803
f 1799 1800 1802
f 1764 1809 1770
f 1763 1807 1809
f 1770 1809 1799
f 1800 1801 1802
f 1802 1801 1804
f 1802 1804 1803
f 1800 1799 1815
f 1800 1815 1801
f 1798 1803 1805
f 1798 1805 1843
f 1803 1804 1806
f 1801 1815 1804
f 1803 1806 1805
f 1805 1806 1844
f 1780 1785 1811
f 1787 1810 1785
f 2611 1810 1787
f 1780 1811 1808
f 1799 1809 1815
f 1807 1808 1809
f 1808 1811 1809
f 1804 1815 1806
f 1844 1806 1815
f 1809 1813 1818
f 1785 1810 1811
f 1811 1810 1812
f 1810 2611 2666
f 1812 1810 2666
f 1809 1811 1812
f 1809 1812 1813
f 1812 1814 1813
f 1812 2666 1814
f 1814 2666 2669
f 1813 1814 1818
f 2669 1819 1814
f 1815 1859 1844
f 1809 1816 1815
f 1809 1817 1816
f 1809 1818 1817
f 1815 1816 1887
f 1817 1818 1889
f 1816 1817 1887
f 1815 1887 1888
f 1817 1889 1887
f 1818 1814 1820
f 1814 1819 1820
f 1818 1820 1894
f 1818 1894 1889
f 1820 1895 1894
f 1820 1896 1895
f 1819 1821 1820
f 1819 2669 1821
f 1820 1821 1896
f 1821 2691 1896
f 1896 2691 1897
f 1824 1825 1833
f 1824 1827 1825
f 1825 1827 1828
f 1828 1827 1829
f 1829 1827 1830
f 1825 1829 1833
f 1825 1828 1829
f 1830 1833 1829
f 1822 2179 1823
f 1826 1823 2179
f 1833 1830 1831
f 1826 2179 1827
f 1827 2184 1830
f 1830 2174 1831
f 1834 1835 1836
f 1837 1835 1838
f 1832 1833 3051
f 1832 3051 1834
f 1831 3051 1833
f 1744 1795 1851
f 1795 1839 1851
f 1839 1840 1846
f 1839 1845 1851
f 1839 1846 1845
f 1840 1841 1842
f 1841 1843 1842
f 1842 1847 1840
f 1842 1843 1848
f 1840 1847 1846
f 1805 1849 1843
f 1844 1859 1805
f 1843 1849 1848
f 1842 1848 1847
f 1847 1850 1846
f 1848 1850 1847
f 1848 1856 1853
f 1845 1852 1851
f 1845 1846 1852
f 1846 1850 1852
f 1851 1852 1869
f 1850 1870 1852
f 1848 1855 1850
f 1848 1853 1855
f 1850 1855 1854
f 1853 1856 1855
f 1854 1855 1871
f 1850 1854 1871
f 1855 1872 1871
f 1855 1856 1872
f 1805 1857 1849
f 1805 1858 1857
f 1848 1849 1865
f 1857 1858 1865
f 1849 1857 1865
f 1805 1861 1858
f 1805 1859 1861
f 1861 1859 1860
f 1860 1862 1861
f 1858 1861 1865
f 1861 1862 1863
f 1861 1863 1865
f 1848 1864 1856
f 1848 1865 1864
f 1856 1879 1872
f 1856 1864 1882
f 1864 1865 1882
f 1856 1882 1879
f 1863 1866 1865
f 1865 1866 1867
f 1865 1881 1882
f 1867 1880 1865
f 1865 1880 1881
f 1748 1851 1868
f 1851 1869 1868
f 1852 1870 1869
f 1868 1869 1874
f 1869 1870 1874
f 1850 1871 1870
f 1870 1871 1875
f 1871 1872 1878
f 1868 1874 1873
f 1870 1875 1874
f 1873 2191 1876
f 1873 1874 2191
f 1874 1875 1877
f 1874 1877 2192
f 1875 1871 1878
f 1875 1878 1877
f 1877 1878 1883
f 1883 2194 1877
f 1883 1872 1879
f 1879 1882 1883
f 1881 1884 1882
f 1878 1872 1883
f 1883 1882 1884
f 1884 1886 1883
f 1883 1886 1885
f 1885 2201 1883
f 1815 1860 1859
f 1860 1888 1862
f 1815 1888 1860
f 1862 1888 1863
f 1888 1890 1863
f 1889 1898 1887
f 1890 1888 1887
f 1890 1887 1891
f 1891 1887 1898
f 1863 1890 1866
f 1866 1890 1867
f 1867 1890 1901
f 1890 1891 1892
f 1891 1898 1892
f 1890 1892 1901
f 1892 1898 1893
f 1896 1898 1895
f 1896 1897 1899
f 1897 2714 1900
f 1894 1898 1889
f 1894 1895 1898
f 1896 1899 1898
f 1897 1900 1899
f 1900 2714 2718
f 1898 1899 1908
f 1899 1900 1909
f 1893 1898 1908
f 1899 1909 1908
f 1900 2718 1909
f 1912 2718 2728
f 1909 2718 1912
f 1867 1901 1880
f 1880 1901 1881
f 1881 1901 1884
f 1892 1893 1903
f 1892 1902 1901
f 1892 1903 1902
f 1893 1910 1903
f 1901 1902 1905
f 1902 1903 1905
f 1903 1910 1906
f 1884 1901 1886
f 1904 1885 1886
f 1886 1901 1904
f 1901 1905 1904
f 1885 1904 2247
f 2247 1904 1907
f 1903 1906 1905
f 1904 1905 1907
f 1905 1906 1907
f 1907 1906 2248
f 1906 1915 2248
f 1893 1908 1910
f 1908 1911 1910
f 1908 1909 1911
f 1910 1911 1915
f 1909 1913 1911
f 1911 1913 1916
f 1909 1912 1913
f 1912 2728 1913
f 1913 2728 1914
f 1906 1910 1915
f 1911 1916 1915
f 1915 1916 2252
f 1913 1914 1916
f 1914 1917 1916
f 1914 1918 1917
f 1917 1918 2729
f 1916 1917 2732
f 1917 2729 2732
f 2732 3063 1916
f 699 700 1920
f 700 701 1922
f 702 1925 701
f 702 703 1925
f 704 1928 703
f 704 705 1930
f 707 1931 705
f 697 1920 1939
f 701 1925 1924
f 700 1919 1920
f 700 1922 1919
f 701 1924 1922
f 707 1933 1931
f 703 1928 1925
f 704 1930 1928
f 705 1931 1930
f 707 708 1933
f 708 1936 1941
f 708 1941 1933
f 1919 1921 1920
f 1922 1924 1926
f 1922 1926 1923
f 1922 1923 1921
f 1922 1921 1919
f 1925 1926 1924
f 1925 1927 1926
f 1925 1928 1927
f 1928 1929 1927
f 1928 1930 1929
f 1932 1929 1930
f 1931 1932 1930
f 1933 1934 1931
f 1931 1934 1932
f 1923 1958 1921
f 1921 1957 1940
f 1923 1926 1953
f 1927 1929 1954
f 1932 1955 1929
f 1932 1934 1956
f 1934 1943 1956
f 1927 1953 1926
f 1933 1943 1934
f 1933 1941 1943
f 1945 1956 1943
f 697 1939 1981
f 1981 1984 698
f 698 1984 1983
f 692 1983 1994
f 1974 721 719
f 1938 1942 1941
f 1938 1944 1942
f 1936 1938 1941
f 1937 721 1974
f 1935 1937 1936
f 1936 1937 1938
f 1937 1987 1938
f 1938 1986 1944
f 1937 1989 1987
f 1938 1987 1986
f 1920 1940 1939
f 1920 1921 1940
f 1940 1959 1982
f 1981 1939 1940
f 1961 1984 1982
f 1961 1994 1984
f 1941 1942 1943
f 1942 1945 1943
f 1944 1946 1945
f 1942 1944 1945
f 719 1975 1974
f 1946 1973 1975
f 1944 1988 1946
f 1974 1989 1937
f 1946 1988 1973
f 1944 1986 1988
f 1973 1988 1989
f 1973 1989 1974
f 726 1582 1951
f 1585 1947 1948
f 1586 1948 1949
f 1582 1950 1951
f 719 724 1975
f 726 1980 724
f 1951 1952 726
f 1975 724 1976
f 1952 1980 726
f 1950 1952 1951
f 1950 1978 1952
f 1976 724 1980
f 1923 1953 1958
f 1921 1958 1957
f 1940 1957 1959
f 1587 1953 1588
f 1590 1588 1953
f 1590 1953 1954
f 1589 1590 1954
f 1589 1954 1955
f 1591 1955 1956
f 1591 1589 1955
f 1927 1954 1953
f 1929 1955 1954
f 1932 1956 1955
f 1587 1593 1953
f 1593 1958 1953
f 1593 1957 1958
f 1592 1957 1593
f 1592 1594 1959
f 1592 1959 1957
f 1982 1959 1961
f 1963 1985 1962
f 1945 1970 1956
f 1956 1969 1591
f 1945 1946 1970
f 1946 1975 1970
f 1967 1975 1976
f 1594 1961 1959
f 1594 1596 1961
f 1596 1960 1963
f 1596 1963 1962
f 1596 1962 1961
f 1598 1963 1960
f 1598 1964 1963
f 1963 1964 2018
f 1965 2018 1964
f 1601 1591 1969
f 1956 1970 1969
f 1970 1975 1967
f 1600 1968 1978
f 1970 1967 1968
f 1602 1971 1972
f 1601 1969 1602
f 1602 1969 1971
f 1969 1970 1971
f 1968 1972 1971
f 1970 1968 1971
f 1967 1978 1968
f 1967 1976 1977
f 1967 1977 1978
f 1962 1998 1961
f 1962 1985 1998
f 1963 2002 1985
f 1963 2018 2002
f 1965 2023 2018
f 1973 1974 1975
f 1976 1979 1977
f 1979 1976 1980
f 1965 1966 2023
f 1966 2126 2020
f 1977 1980 1978
f 1977 1979 1980
f 1600 1950 1618
f 1950 1600 1978
f 1952 1978 1980
f 691 1994 1997
f 824 1997 1990
f 1940 1982 1981
f 1994 1961 1995
f 1961 1998 1995
f 1981 1982 1984
f 1983 1984 1994
f 1985 2002 1998
f 1986 1989 1988
f 1986 1987 1989
f 1990 1997 1991
f 1991 2000 1992
f 1991 1997 2000
f 848 1991 1992
f 848 1992 1993
f 1992 2006 1993
f 2000 2005 1992
f 1992 2005 2006
f 849 1993 2010
f 1993 2006 2010
f 1994 1995 1996
f 1994 1996 1997
f 1995 1998 1996
f 1996 1999 1997
f 1996 1998 1999
f 1997 1999 2000
f 1998 2001 1999
f 2000 1999 2001
f 2000 2001 2005
f 1998 2003 2001
f 2001 2003 2005
f 1998 2002 2003
f 2002 2023 2003
f 2003 2004 2005
f 2005 2007 2006
f 2004 2007 2005
f 2006 2007 2008
f 2009 2014 2006
f 2006 2008 2009
f 2006 2014 2010
f 2010 2012 930
f 2013 2011 2010
f 2014 2013 2010
f 2010 2011 2012
f 2011 2013 2012
f 2014 2009 2015
f 2009 2008 2042
f 2009 2016 2015
f 2016 2009 2041
f 2013 2014 2017
f 2015 2017 2014
f 2013 2017 2012
f 2015 2093 2017
f 2018 2023 2002
f 2019 2020 2023
f 1966 2019 2023
f 1966 2020 2019
f 2020 2126 2029
f 2029 2164 2163
f 2021 2030 2163
f 2165 2035 2032
f 2165 2036 2035
f 2003 2023 2020
f 2003 2024 2004
f 2004 2024 2007
f 2003 2029 2024
f 2007 2024 2025
f 2003 2020 2029
f 2024 2029 2025
f 2007 2025 2026
f 2026 2025 2030
f 2007 2026 2027
f 2027 2028 2008
f 2026 2031 2027
f 2027 2033 2028
f 2008 2007 2027
f 2025 2029 2030
f 2026 2030 2031
f 2030 2032 2031
f 2029 2163 2030
f 2021 2032 2030
f 2031 2032 2035
f 2033 2027 2031
f 2031 2035 2033
f 2028 2033 2034
f 2034 2033 2168
f 2035 2036 2168
f 2035 2168 2033
f 2034 2168 2044
f 2028 2034 2039
f 2037 2042 2028
f 2038 2037 2028
f 2028 2039 2038
f 2040 2039 2034
f 2028 2042 2008
f 2009 2042 2041
f 2038 2039 2037
f 2037 2039 2040
f 2015 2016 2100
f 2016 2041 2100
f 2041 2042 2100
f 2015 2100 2093
f 2042 2037 2100
f 2043 2034 2045
f 2034 2044 2045
f 2040 2034 2043
f 2037 2040 2172
f 2040 2043 2172
f 2037 2172 2100
f 1691 1586 2047
f 1947 2046 1948
f 1948 2047 1949
f 1949 2047 1586
f 1948 2046 2047
f 2046 2048 2047
f 2058 2048 2055
f 921 922 2176
f 922 876 2176
f 875 2177 876
f 880 2177 875
f 921 2176 2054
f 2054 2176 2057
f 2177 880 2049
f 2050 2177 2049
f 1403 2082 2062
f 2047 2048 1822
f 2060 1822 2048
f 2060 2175 1822
f 2176 876 2177
f 2050 2051 2177
f 2060 2176 2175
f 2051 2083 2184
f 2186 2184 2083
f 2186 2083 2188
f 2188 2083 2189
f 927 928 2053
f 927 2053 2052
f 928 2054 2053
f 2053 2056 2052
f 2053 2054 2057
f 2048 2058 2060
f 2056 2058 2055
f 2056 2057 2061
f 2056 2061 2059
f 2056 2059 2058
f 2055 2052 2056
f 2053 2057 2056
f 2058 2059 2061
f 2058 2061 2060
f 2062 2051 2050
f 2062 2083 2063
f 2062 2082 2083
f 930 2012 2068
f 973 2064 2065
f 2064 2066 2065
f 2067 2066 2064
f 2068 2012 2069
f 975 2065 2066
f 2066 2067 976
f 2067 2068 976
f 2068 2069 976
f 2069 2072 976
f 2072 2070 976
f 976 2070 2071
f 2069 2077 2072
f 2072 2077 2070
f 2070 2073 2071
f 2070 2077 2073
f 2017 2069 2012
f 2094 2069 2017
f 2069 2096 2077
f 2077 2074 2073
f 2077 2076 2074
f 2075 2074 2076
f 2077 2078 2076
f 2077 2079 2078
f 2079 2080 2078
f 2079 2081 2080
f 2082 2823 2083
f 978 2071 981
f 981 2085 982
f 981 2087 2085
f 981 2071 2073
f 981 2073 2084
f 981 2084 2087
f 2073 2086 2084
f 2084 2086 2087
f 2085 2087 2088
f 2073 2074 2086
f 2074 2075 2086
f 2075 2076 2089
f 2075 2089 2086
f 2086 2091 2087
f 2087 2092 2088
f 2076 2078 2090
f 2076 2090 2089
f 2089 2091 2086
f 2078 2080 2090
f 2080 2081 2090
f 2089 2090 2091
f 2087 2091 2092
f 2088 2092 2827
f 2061 2176 2060
f 2061 2057 2176
f 2062 2063 2051
f 2051 2063 2083
f 2069 2094 2095
f 2017 2093 2094
f 2069 2095 2096
f 2096 2099 2077
f 2093 2099 2094
f 2094 2099 2095
f 2077 2099 2101
f 2099 2096 2095
f 2077 2101 2079
f 2079 2098 2081
f 2079 2097 2098
f 2079 2101 2097
f 2093 2101 2099
f 2093 2100 2101
f 2102 2103 2097
f 2102 2097 2101
f 2100 2102 2101
f 2100 2289 2102
f 2102 2289 2103
f 2103 2289 2104
f 2097 2103 2104
f 2097 2106 2098
f 2097 2104 2105
f 2097 2105 2106
f 2104 2294 2105
f 2105 2294 2106
f 2189 2083 2823
f 2081 2107 2090
f 2090 2107 2091
f 2091 2108 2092
f 2091 2107 2108
f 2081 2098 2109
f 2081 2109 2107
f 2107 2109 2108
f 2092 2108 2857
f 2108 2113 2856
f 2098 2106 2109
f 2108 2109 2110
f 2108 2110 2114
f 2109 2111 2110
f 2110 2111 2112
f 2110 2112 2114
f 2106 2296 2109
f 2109 2296 2297
f 2109 2297 2310
f 2109 2310 2111
f 2111 2311 2112
f 2108 2114 2113
f 2112 2863 2114
f 2113 2114 2864
f 2112 3143 2863
f 1598 2115 1964
f 1964 2115 1965
f 1965 2126 1966
f 2115 2126 1965
f 1711 2116 2115
f 1712 2118 2116
f 2116 2118 2117
f 2115 2116 2126
f 2116 2117 2126
f 1720 2119 2118
f 2118 2119 2125
f 2120 2124 2121
f 2117 2118 2123
f 2118 2125 2123
f 2117 2123 2120
f 2120 2123 2125
f 2120 2125 2124
f 2127 2132 2128
f 2126 2127 2164
f 2127 2128 2164
f 2128 2131 2165
f 2128 2141 2131
f 2129 2165 2131
f 2131 2130 2129
f 2129 2130 2166
f 2117 2127 2126
f 2117 2132 2127
f 2117 2120 2132
f 2120 2121 2132
f 2132 2121 2122
f 2132 2122 2135
f 2135 2122 2136
f 2122 2138 2136
f 2132 2135 2133
f 2134 2133 2135
f 2133 2134 2141
f 2135 2136 2137
f 2136 2139 2137
f 2136 2138 2139
f 2139 2140 2137
f 2128 2132 2133
f 2128 2133 2141
f 2119 2144 2125
f 2119 1743 2144
f 2142 2124 2144
f 2124 2125 2144
f 2124 2145 2121
f 2124 2142 2145
f 2121 2145 2156
f 1743 2143 2144
f 2144 2143 2142
f 2142 2146 2145
f 2145 2146 2156
f 2147 2167 2130
f 2148 2147 2130
f 2122 2149 2138
f 2121 2156 2122
f 2122 2156 2149
f 2134 2153 2141
f 2138 2149 2139
f 2139 2150 2140
f 2149 2150 2139
f 2149 2151 2150
f 2135 2137 2153
f 2137 2140 2153
f 2134 2135 2153
f 2149 2156 2151
f 2140 2150 2153
f 2150 2151 2153
f 2131 2141 2153
f 2130 2131 2153
f 2130 2153 2148
f 2155 2151 2156
f 2155 2152 2151
f 2151 2152 2153
f 2152 2155 2154
f 2152 2154 2153
f 2155 2156 2146
f 2154 2155 2146
f 2146 2161 2154
f 2148 2153 2154
f 2148 2154 2161
f 2143 2157 2142
f 1749 2157 2143
f 2142 2157 2158
f 2142 2158 2146
f 2157 2195 2158
f 1876 2190 2157
f 2157 2190 2195
f 2146 2158 2159
f 2146 2159 2161
f 2158 2160 2159
f 2158 2221 2160
f 2159 2160 2161
f 2160 2221 2162
f 2161 2162 2173
f 2160 2162 2161
f 2029 2126 2164
f 2021 2163 2165
f 2128 2163 2164
f 2128 2165 2163
f 2021 2165 2032
f 2022 2165 2166
f 2129 2166 2165
f 2036 2165 2022
f 2166 2168 2022
f 2130 2168 2166
f 2130 2167 2168
f 2036 2022 2168
f 2168 2167 2044
f 2044 2167 2169
f 2044 2169 2171
f 2044 2171 2274
f 2148 2169 2147
f 2147 2169 2167
f 2148 2161 2169
f 2169 2173 2170
f 2169 2170 2171
f 2170 2274 2171
f 2044 2274 2045
f 2043 2045 2274
f 2043 2291 2172
f 2043 2274 2291
f 2161 2173 2169
f 2162 2325 2173
f 2170 2173 2325
f 2179 2178 1827
f 1822 2175 2179
f 2178 2185 1827
f 2184 1827 2185
f 2184 2186 1830
f 1830 2186 2174
f 2175 2176 2177
f 2177 2178 2175
f 2175 2178 2179
f 2180 2181 2183
f 2180 2183 2182
f 2177 2185 2178
f 2177 2051 2185
f 2184 2185 2051
f 2180 2210 2181
f 2180 2182 2210
f 2174 2186 2188
f 2181 2243 2183
f 1831 2174 3051
f 2174 2188 3052
f 2187 2188 2189
f 2188 2187 3052
f 2187 2189 3052
f 1876 2191 2190
f 1874 2192 2191
f 2190 2191 2195
f 2191 2192 2196
f 1877 2193 2192
f 1877 2194 2193
f 2192 2193 2198
f 2194 2199 2193
f 2194 2200 2199
f 2191 2196 2195
f 2192 2197 2196
f 2158 2195 2221
f 2195 2196 2221
f 2196 2197 2222
f 2192 2198 2197
f 2193 2199 2198
f 2197 2198 2223
f 1883 2200 2194
f 1883 2201 2200
f 2200 2202 2206
f 2200 2201 2202
f 2200 2206 2199
f 2205 2203 2206
f 2206 2203 2204
f 2206 2202 2205
f 2182 2215 2210
f 2207 2221 2226
f 2207 2226 2227
f 2162 2221 2325
f 2207 2325 2221
f 2207 2227 2208
f 2208 2227 2228
f 2228 2209 2208
f 2208 2211 2213
f 2212 2208 2209
f 2212 2211 2208
f 2210 2215 2213
f 2211 2214 2213
f 2214 2211 2212
f 2214 2212 2230
f 2214 2217 2216
f 2208 2213 2215
f 2218 2217 2232
f 2213 2242 2210
f 2213 2214 2242
f 2214 2216 2242
f 2242 2216 2332
f 2216 2217 2218
f 2244 2181 2210
f 2181 2244 2243
f 2183 2243 2245
f 2210 2242 2244
f 2237 2343 2218
f 2343 2239 2220
f 2196 2222 2221
f 2197 2223 2222
f 2221 2222 2226
f 2222 2227 2226
f 2222 2223 2227
f 2198 2224 2223
f 2198 2225 2224
f 2199 2225 2198
f 2223 2224 2228
f 2224 2225 2229
f 2223 2228 2227
f 2228 2224 2229
f 2209 2228 2229
f 2209 2229 2230
f 2229 2225 2230
f 2230 2231 2232
f 2209 2230 2212
f 2214 2230 2217
f 2230 2232 2217
f 2199 2206 2225
f 2206 2233 2225
f 2206 2234 2233
f 2230 2225 2233
f 2230 2233 2234
f 2204 2234 2206
f 2204 2235 2234
f 2204 2236 2235
f 2230 2234 2231
f 2234 2237 2231
f 2234 2241 2237
f 2231 2237 2232
f 2218 2232 2237
f 2237 2241 2343
f 2234 2240 2241
f 2234 2235 2240
f 2236 2240 2235
f 2240 2239 2238
f 2240 2238 2241
f 2238 2343 2241
f 2238 2239 2343
f 2242 2246 2244
f 2245 2246 2219
f 2243 2244 2246
f 2243 2246 2245
f 1885 2247 2201
f 2201 2247 2202
f 2202 2247 2249
f 2247 2248 2249
f 2247 1907 2248
f 1915 2251 2248
f 2248 2251 2254
f 2205 2202 2249
f 2205 2249 2203
f 2203 2249 2204
f 2204 2249 2236
f 2248 2250 2249
f 2248 2254 2250
f 2249 2250 2261
f 2250 2262 2261
f 2250 2254 2262
f 1915 2252 2251
f 2251 2252 2255
f 1916 3063 2252
f 2252 3063 2253
f 2253 3063 3064
f 2252 2253 2259
f 2252 2259 2258
f 2253 3064 2259
f 2251 2255 2254
f 2252 2258 2255
f 2255 2258 2257
f 2254 2255 2256
f 2254 2256 2262
f 2255 2257 2256
f 2258 2259 3069
f 2257 2258 2260
f 2258 3069 2260
f 2236 2249 2261
f 2236 2261 2263
f 2261 2262 2267
f 2261 2264 2263
f 2261 2267 2264
f 2240 2263 2239
f 2236 2263 2240
f 2239 2359 2220
f 2239 2263 2359
f 2263 2265 2359
f 2264 2266 2263
f 2264 2267 2266
f 2265 2263 2266
f 2257 2270 2269
f 2256 2268 2262
f 2256 2257 2269
f 2262 2268 2267
f 2256 2269 2268
f 2257 3088 2270
f 2260 3069 3088
f 2257 2260 3088
f 2268 2272 2271
f 2269 2273 2272
f 2270 3091 2273
f 2272 2273 3216
f 2267 2268 2271
f 2268 2269 2272
f 2266 2267 2271
f 2269 2270 2273
f 2182 2183 2277
f 2182 2277 2215
f 2277 2183 2278
f 2170 2325 2274
f 2275 2335 2336
f 2274 2335 2275
f 2275 2336 2276
f 2277 2282 2281
f 2278 2282 2277
f 2277 2281 2284
f 2281 2282 2284
f 2276 2336 2283
f 2283 2341 2280
f 2276 2283 2279
f 2279 2283 2280
f 2245 2278 2183
f 2280 2348 2287
f 2286 2287 2348
f 2285 2287 2286
f 2100 2172 2288
f 2100 2288 2289
f 2172 2291 2288
f 2288 2292 2289
f 2290 2289 2293
f 2292 2304 2305
f 2288 2291 2292
f 2289 2292 2293
f 2291 2304 2292
f 2292 2305 2293
f 2290 2293 2300
f 2289 2290 2104
f 2290 2300 2294
f 2106 2294 2296
f 2294 2301 2295
f 2295 2297 2296
f 2294 2295 2296
f 2306 2300 2293
f 2294 2300 2301
f 2298 2301 2299
f 2302 2299 2301
f 2295 2301 2297
f 2301 2298 2297
f 2300 2306 2301
f 2301 2307 2303
f 2303 2302 2301
f 2301 2308 2307
f 2104 2290 2294
f 2275 2304 2291
f 2274 2275 2291
f 2276 2305 2304
f 2275 2276 2304
f 2293 2305 2306
f 2276 2279 2305
f 2279 2280 2305
f 2280 2287 2305
f 2287 2306 2305
f 2308 2309 2307
f 2306 2285 2308
f 2301 2306 2308
f 2285 2306 2287
f 2285 2286 2351
f 2298 2312 2297
f 2299 2302 2312
f 2298 2299 2312
f 2310 2313 2311
f 2111 2310 2311
f 2297 2313 2310
f 2297 2312 2313
f 2313 2322 2311
f 2311 2316 2315
f 2312 2314 2313
f 2311 2322 2316
f 2313 2314 2322
f 2311 2315 3143
f 2112 2311 3143
f 2315 2316 3145
f 2315 3145 3143
f 2308 2285 2317
f 2302 2303 2317
f 2303 2307 2317
f 2309 2317 2307
f 2309 2308 2317
f 2302 2317 2312
f 2314 2317 2322
f 2322 2321 2316
f 2322 2317 2320
f 2322 2320 2321
f 2285 2351 2317
f 2318 2319 2321
f 2317 2352 2318
f 2319 2324 2321
f 2317 2318 2320
f 2318 2321 2320
f 2317 2314 2312
f 2316 2321 3155
f 2316 3155 3145
f 2321 2323 3155
f 2321 2324 2323
f 2324 3158 3157
f 2323 2324 3157
f 2325 2326 2335
f 2326 2327 2335
f 2327 2333 2329
f 2215 2277 2328
f 2327 2329 2336
f 2342 2329 2330
f 2330 2334 2338
f 2219 2339 2284
f 2207 2326 2325
f 2207 2208 2326
f 2208 2327 2326
f 2208 2215 2327
f 2327 2215 2331
f 2328 2331 2215
f 2218 2333 2332
f 2329 2333 2218
f 2242 2332 2328
f 2218 2332 2216
f 2327 2331 2333
f 2328 2332 2331
f 2331 2332 2333
f 2329 2343 2330
f 2274 2325 2335
f 2327 2336 2335
f 2337 2336 2342
f 2284 2339 2328
f 2337 2330 2338
f 2336 2338 2283
f 2277 2284 2328
f 2283 2338 2340
f 2337 2338 2336
f 2219 2284 2282
f 2283 2340 2341
f 2342 2336 2329
f 2342 2330 2337
f 2338 2334 2340
f 2340 2334 2341
f 2246 2339 2219
f 2245 2219 2282
f 2329 2218 2343
f 2242 2328 2246
f 2328 2339 2246
f 2330 2343 2334
f 2334 2343 2344
f 2220 2345 2343
f 2343 2346 2344
f 2343 2345 2347
f 2343 2347 2346
f 2245 2282 2278
f 2334 2344 2341
f 2344 2348 2341
f 2280 2341 2348
f 2346 2348 2344
f 2348 2347 2349
f 2347 2350 2349
f 2348 2346 2347
f 2348 2349 2286
f 2286 2349 2350
f 2345 2220 2359
f 2345 2359 2347
f 2354 2360 2355
f 2347 2351 2350
f 2286 2350 2351
f 2318 2352 2353
f 2319 2353 2356
f 2347 2359 2351
f 2351 2359 2354
f 2354 2355 2356
f 2351 2354 2352
f 2352 2354 2353
f 2353 2354 2356
f 2355 2362 2358
f 2358 3214 3200
f 3158 2357 3197
f 2356 2357 3158
f 2355 2358 2357
f 2355 2357 2356
f 2358 3200 3197
f 2358 3197 2357
f 2265 2360 2359
f 2271 2361 2360
f 2265 2266 2360
f 2266 2271 2360
f 2354 2359 2360
f 2355 2360 2361
f 2355 2361 2362
f 2271 2362 2361
f 2272 2363 2362
f 2271 2272 2362
f 2358 2362 2363
f 2272 3214 2363
f 2272 3216 3214
f 2363 3214 2358
f 2317 2351 2352
f 2318 2353 2319
f 2319 2356 2324
f 2324 2356 3158
f 396 2365 1647
f 1647 2365 2364
f 2366 2365 2367
f 2365 1161 2367
f 2364 2365 2366
f 2364 2366 2368
f 2364 2368 2370
f 2364 2370 2372
f 2366 2367 2368
f 2367 2369 2368
f 2368 2369 2370
f 1657 2364 2372
f 1657 2371 2375
f 1657 2372 2371
f 2372 2370 2374
f 2372 2374 2373
f 2371 2372 2373
f 2371 2376 2375
f 2371 2373 2376
f 2373 2377 2376
f 1164 401 1685
f 1165 1164 1685
f 2379 2378 1165
f 1685 2379 1165
f 2379 2380 2378
f 2380 2404 2381
f 2382 2381 2404
f 2379 2619 2380
f 1233 2370 2369
f 2370 2383 2374
f 1233 2419 2370
f 2370 2419 2383
f 2383 2422 2384
f 2384 2422 2423
f 2374 2384 2373
f 2373 2384 2377
f 2377 2384 2385
f 2374 2383 2384
f 2384 2423 2442
f 2384 2442 2385
f 2385 2442 2386
f 2386 2443 2387
f 2381 2382 2388
f 2382 2389 2388
f 2388 2389 2460
f 2382 2467 2389
f 2389 2461 2460
f 2388 2462 2459
f 2388 2460 2462
f 2461 2389 2466
f 2466 2389 2467
f 2404 2467 2382
f 2404 2405 2468
f 2404 2468 2467
f 1660 2375 2393
f 1660 2393 2390
f 2390 2392 2391
f 2390 2393 2392
f 2391 2392 2395
f 2375 2376 2393
f 2377 2396 2376
f 2376 2396 2393
f 2377 2397 2396
f 2392 2393 2394
f 2393 2395 2394
f 2392 2394 2395
f 2393 2396 2395
f 1684 2391 2399
f 1684 2399 2398
f 2391 2395 2400
f 2391 2400 2399
f 2399 2400 2595
f 2395 2401 2400
f 2401 2395 2396
f 2396 2397 2401
f 2401 2397 2402
f 2397 2403 2402
f 2400 2401 2596
f 2401 2402 2596
f 2403 2598 2402
f 1686 2379 1685
f 2379 1686 1790
f 2380 2623 2404
f 2404 2623 2405
f 2380 2619 2621
f 2623 2380 2622
f 2380 2621 2622
f 1790 2618 2379
f 2379 2618 2619
f 2623 2624 2405
f 2624 2626 2405
f 2405 2626 2625
f 2377 2385 2397
f 2385 2386 2397
f 2386 2406 2397
f 2386 2407 2406
f 2386 2408 2407
f 2386 2387 2408
f 2387 2409 2408
f 2387 2446 2410
f 2387 2410 2409
f 2410 2446 2411
f 2397 2406 2403
f 2403 2406 2407
f 2403 2407 2412
f 2407 2408 2412
f 2408 2409 2413
f 2408 2413 2412
f 2410 2414 2413
f 2403 2412 2599
f 2412 2413 2599
f 2413 2414 2636
f 2414 2415 2637
f 2409 2410 2413
f 2410 2411 2414
f 2411 2415 2414
f 2411 2416 2415
f 2411 2529 2416
f 2416 2529 2417
f 2417 2529 2418
f 2415 2416 2638
f 2416 2417 2642
f 2417 2418 2644
f 2417 2644 2642
f 2418 2540 2645
f 2418 2645 2644
f 2540 2541 2645
f 2405 2625 2468
f 2546 2468 2627
f 2625 2627 2468
f 2546 2627 2548
f 2548 2629 2569
f 2630 2889 2569
f 2889 2630 2906
f 1236 2420 2419
f 2420 1236 2421
f 1235 2425 1236
f 2420 2421 2424
f 1236 2424 2421
f 1236 2425 2424
f 1237 2426 2425
f 2383 2419 2422
f 2419 2423 2422
f 2419 2420 2443
f 2419 2443 2423
f 2443 2420 2444
f 2420 2424 2444
f 2424 2425 2444
f 2425 2426 2444
f 2426 2427 2444
f 2428 1231 2429
f 1237 2428 2426
f 2427 2426 2428
f 2427 2428 2445
f 2428 2429 2445
f 2429 2430 2450
f 2430 2431 2450
f 1240 2430 2429
f 2431 2432 2451
f 1240 2431 2430
f 1240 2436 2431
f 2436 1240 2437
f 2437 1240 2438
f 1240 2439 2438
f 2431 2433 2432
f 2431 2435 2433
f 2431 2436 2435
f 2432 2433 2434
f 2433 2435 2434
f 2437 2438 2452
f 2438 2439 2440
f 2439 2441 2440
f 2438 2440 2452
f 2440 2441 2452
f 2439 2475 2441
f 2441 2472 2452
f 2472 2441 2473
f 2442 2423 2443
f 2442 2443 2386
f 2443 2444 2446
f 2427 2445 2444
f 2444 2445 2448
f 2445 2450 2448
f 2387 2443 2446
f 2444 2447 2446
f 2444 2448 2447
f 2448 2450 2449
f 2429 2450 2445
f 2431 2451 2450
f 2449 2450 2451
f 2434 2453 2451
f 2434 2456 2453
f 2432 2434 2451
f 2434 2435 2456
f 2435 2436 2456
f 2436 2437 2456
f 2437 2452 2456
f 2452 2472 2469
f 2452 2469 2456
f 2449 2451 2454
f 2451 2453 2454
f 2453 2456 2535
f 2455 2534 2456
f 2455 2456 2469
f 2455 2469 2471
f 2465 2464 1238
f 2464 2466 1238
f 2458 2459 2457
f 2459 2466 2457
f 2462 2460 2461
f 2462 2461 2466
f 2459 2462 2466
f 2457 2464 2465
f 2463 2457 2465
f 2457 2466 2464
f 1238 2466 2467
f 2467 2468 1238
f 2469 2474 2470
f 2469 2470 2471
f 2470 2527 2549
f 2527 2528 2552
f 1240 2475 2439
f 1240 2478 2475
f 2473 2441 2477
f 2475 2477 2441
f 2472 2473 2474
f 2469 2472 2474
f 2475 2478 2476
f 2475 2476 2477
f 2477 2474 2473
f 2479 2474 2477
f 2479 2480 2474
f 2479 2477 2480
f 2477 2481 2480
f 2477 2496 2481
f 2481 2496 2482
f 2478 2522 2476
f 2476 2522 2477
f 2482 2496 2484
f 2486 2496 2488
f 2489 2488 2496
f 2483 2484 2496
f 2483 2496 2485
f 2485 2496 2487
f 2487 2496 2486
f 2489 2496 2490
f 2491 2490 2496
f 2496 2492 2491
f 2492 2496 2493
f 2493 2496 2494
f 2496 2495 2494
f 2522 2496 2477
f 2495 2496 2509
f 2497 2495 2509
f 2498 2499 2501
f 2497 2509 2498
f 2509 2499 2498
f 2501 2499 2509
f 2509 2502 2500
f 2509 2500 2501
f 2503 2509 2504
f 2503 2502 2509
f 2509 2505 2504
f 2509 2507 2505
f 2509 2508 2507
f 2508 2509 2506
f 2506 2509 2510
f 2509 2496 2511
f 2509 2511 2510
f 1243 2522 2478
f 2496 2518 2511
f 2512 2511 2518
f 2512 2518 2513
f 2522 2518 2496
f 2514 2515 2518
f 2514 2518 2516
f 2516 2518 2517
f 2513 2518 2515
f 2517 2518 2519
f 2518 2520 2519
f 2518 2523 2520
f 2522 2523 2518
f 2520 2523 2521
f 2521 2523 2526
f 2522 2524 2523
f 2523 2524 2526
f 2524 2525 2526
f 1243 2524 2522
f 1243 2525 2524
f 2480 2481 2527
f 2470 2474 2480
f 2470 2480 2527
f 2481 2482 2527
f 2482 2484 2527
f 2527 2484 2483
f 2488 2489 2527
f 2488 2527 2486
f 2485 2487 2527
f 2483 2485 2527
f 2486 2527 2487
f 2489 2490 2527
f 2491 2527 2490
f 2491 2492 2527
f 2527 2492 2493
f 2527 2493 2494
f 2527 2494 2495
f 2495 2497 2527
f 2527 2497 2498
f 2501 2527 2498
f 2527 2501 2528
f 2501 2500 2528
f 2503 2504 2528
f 2506 2528 2508
f 2528 2505 2507
f 2507 2508 2528
f 2504 2505 2528
f 2502 2503 2528
f 2502 2528 2500
f 2506 2510 2528
f 2510 2511 2528
f 2528 2511 2512
f 2528 2512 2513
f 2514 2528 2515
f 2514 2516 2528
f 2516 2517 2528
f 2513 2515 2528
f 2517 2519 2528
f 2528 2519 2520
f 2528 2520 2521
f 2521 2526 2528
f 2526 2525 2528
f 1243 2553 2525
f 2528 2525 2553
f 2446 2447 2529
f 2447 2448 2529
f 2411 2446 2529
f 2448 2530 2529
f 2448 2449 2530
f 2449 2532 2530
f 2449 2454 2531
f 2449 2531 2532
f 2531 2535 2538
f 2534 2538 2535
f 2531 2538 2532
f 2533 2538 2534
f 2453 2535 2454
f 2456 2534 2535
f 2454 2535 2531
f 2455 2471 2551
f 2455 2551 2534
f 2533 2534 2536
f 2534 2551 2536
f 2529 2530 2540
f 2418 2529 2540
f 2530 2532 2537
f 2530 2537 2540
f 2532 2538 2539
f 2532 2539 2537
f 2533 2544 2538
f 2538 2543 2539
f 2533 2536 2545
f 2537 2542 2540
f 2537 2539 2542
f 2539 2543 2542
f 2540 2542 2541
f 2543 2544 2767
f 2538 2544 2543
f 2533 2768 2544
f 2533 2545 2768
f 2536 2562 2545
f 2468 2546 2547
f 2546 2548 2547
f 2470 2549 2471
f 2471 2549 2551
f 2527 2550 2549
f 2527 2552 2550
f 2549 2561 2551
f 2536 2551 2562
f 2555 2563 2561
f 2549 2550 2561
f 2550 2555 2561
f 2550 2552 2555
f 2528 2554 2552
f 2528 2553 2554
f 2555 2564 2563
f 2552 2564 2555
f 2552 2566 2564
f 2552 2554 2557
f 2553 2571 2554
f 2556 2558 2554
f 2556 2570 2558
f 2552 2559 2566
f 2557 2559 2552
f 2554 2558 2557
f 2557 2558 2559
f 2545 2562 2769
f 2545 2769 2768
f 2551 2561 2562
f 2561 2563 2564
f 2561 2769 2562
f 2560 2769 2561
f 2561 2564 2777
f 2560 2561 2777
f 2566 2565 2567
f 2559 2565 2566
f 2564 2566 2777
f 2566 2567 2777
f 1248 2468 2547
f 1249 2547 2548
f 1266 2579 1243
f 2553 1243 2574
f 2574 1243 2576
f 2576 1243 2577
f 2577 1243 2578
f 1243 2579 2578
f 1266 2580 2579
f 2580 1266 2892
f 2548 2569 2568
f 2569 2889 2568
f 2556 2571 2570
f 2554 2571 2556
f 2571 2572 2570
f 2553 2574 2571
f 2571 2575 2572
f 2572 2575 2573
f 2571 2574 2575
f 2570 2572 2582
f 2558 2570 2582
f 2572 2573 2582
f 2575 2574 2576
f 2573 2584 2582
f 2573 2575 2584
f 2575 2576 2584
f 2578 2579 2581
f 2579 2580 2581
f 2576 2577 2584
f 2577 2578 2584
f 2578 2581 2589
f 2578 2589 2584
f 2558 2582 2559
f 2559 2582 2565
f 2582 2584 2585
f 2565 2582 2583
f 2565 2583 2567
f 2582 2585 2583
f 2583 2585 2586
f 2583 2586 2790
f 2584 2589 2590
f 2584 2591 2585
f 2584 2590 2591
f 2585 2799 2586
f 2586 2799 2790
f 2585 2591 2799
f 2548 2568 2884
f 2886 2568 2888
f 2568 2889 2888
f 2581 2588 2587
f 2581 2587 2589
f 2580 2891 2581
f 2587 2592 2589
f 2588 2581 2891
f 2587 2593 2592
f 2587 2588 2593
f 2580 2892 2891
f 2593 2588 2890
f 2589 2592 2590
f 2591 2594 2799
f 2590 2594 2591
f 2590 2592 2594
f 2592 2593 2594
f 2593 2901 2594
f 2400 2596 2595
f 2595 2605 2604
f 2595 2596 2605
f 2596 2608 2605
f 2402 2597 2596
f 2402 2598 2597
f 2403 2599 2598
f 2596 2597 2600
f 2596 2600 2608
f 2597 2598 2600
f 2598 2599 2602
f 2598 2603 2601
f 2602 2603 2598
f 2598 2601 2600
f 2604 2605 2607
f 2604 2607 2606
f 2605 2608 2607
f 2600 2609 2608
f 2607 2608 2609
f 2600 2610 2609
f 2606 2607 2611
f 2607 2612 2611
f 2607 2609 2612
f 2609 2610 2613
f 2610 2614 2613
f 2609 2613 2612
f 2600 2601 2610
f 2601 2603 2610
f 2603 2615 2610
f 2603 2602 2615
f 2602 2639 2615
f 2615 2639 2617
f 2615 2617 2616
f 2616 2617 2633
f 2610 2615 2614
f 2614 2615 2616
f 2614 2632 2631
f 2614 2616 2632
f 2616 2633 2632
f 2617 2635 2633
f 1790 1791 2620
f 1835 2622 1838
f 1789 2620 1791
f 1789 1838 2620
f 1790 2620 2618
f 1835 2623 2622
f 1838 2622 2620
f 1834 2626 2623
f 1834 2625 2626
f 1834 2628 2625
f 2628 1834 2630
f 2618 2620 2619
f 2619 2620 2621
f 2620 2622 2621
f 2623 2626 2624
f 2625 2628 2627
f 2627 2628 2629
f 2628 2630 2629
f 2632 2634 2675
f 2633 2635 2634
f 2632 2633 2634
f 2635 2678 2634
f 2413 2636 2599
f 2414 2637 2636
f 2415 2638 2637
f 2599 2636 2602
f 2638 2643 2640
f 2602 2636 2639
f 2636 2637 2639
f 2617 2639 2641
f 2637 2638 2639
f 2638 2641 2639
f 2638 2640 2641
f 2617 2641 2640
f 2640 2652 2651
f 2416 2642 2638
f 2638 2642 2643
f 2640 2643 2642
f 2642 2644 2648
f 2541 2649 2645
f 2541 2542 2649
f 2644 2645 2648
f 2645 2649 2648
f 2542 2646 2649
f 2640 2642 2647
f 2642 2648 2647
f 2640 2647 2652
f 2647 2648 2653
f 2647 2653 2652
f 2648 2649 2653
f 2649 2656 2653
f 2646 2657 2649
f 2649 2657 2656
f 2646 2771 2657
f 2617 2640 2650
f 2617 2650 2635
f 2650 2651 2654
f 2640 2651 2650
f 2651 2653 2655
f 2635 2650 2654
f 2651 2655 2654
f 2651 2652 2653
f 2627 2629 2548
f 2629 2630 2569
f 2635 2654 2678
f 2654 2655 2678
f 2655 2660 2679
f 2660 2661 2679
f 2661 2695 2679
f 2662 2696 2695
f 2653 2660 2655
f 2653 2661 2660
f 2653 2656 2662
f 2653 2662 2661
f 2656 2657 2662
f 2657 2771 2658
f 2657 2658 2662
f 2658 2771 2659
f 2661 2662 2695
f 2662 2664 2663
f 2662 2699 2696
f 2662 2663 2699
f 2658 2664 2662
f 2658 2665 2664
f 2658 2659 2665
f 2659 2782 2665
f 2663 2664 2703
f 2664 2665 2703
f 2665 2782 2705
f 2706 2782 2794
f 2611 2612 2666
f 2612 2613 2667
f 2613 2614 2667
f 2612 2667 2666
f 2614 2668 2667
f 2666 2667 2669
f 2667 2671 2669
f 2667 2668 2671
f 2668 2670 2671
f 2672 2669 2671
f 2672 2691 2669
f 2670 2672 2671
f 2672 2670 2673
f 2670 2674 2673
f 2673 2674 2691
f 2683 2692 2674
f 2683 2693 2692
f 2614 2631 2675
f 2614 2675 2668
f 2631 2632 2675
f 2634 2676 2675
f 2668 2675 2670
f 2675 2676 2680
f 2676 2683 2680
f 2634 2677 2676
f 2634 2678 2677
f 2676 2677 2683
f 2677 2687 2683
f 2677 2678 2681
f 2679 2681 2678
f 2677 2681 2687
f 2679 2682 2681
f 2670 2675 2680
f 2670 2680 2683
f 2687 2681 2682
f 2670 2683 2674
f 2683 2684 2685
f 2685 2693 2683
f 2685 2689 2694
f 2685 2694 2693
f 2687 2684 2683
f 2685 2684 2689
f 2684 2688 2689
f 2687 2688 2684
f 2688 2687 2689
f 2682 2690 2687
f 2689 2687 2690
f 2694 2689 2686
f 2686 2689 2710
f 2689 2690 2710
f 1821 2669 2691
f 2672 2673 2691
f 2674 2692 2691
f 2691 2692 2713
f 2691 2713 2714
f 1897 2691 2714
f 2692 2693 2715
f 2692 2715 2713
f 2694 2720 2693
f 2655 2679 2678
f 2679 2695 2697
f 2679 2697 2682
f 2695 2696 2698
f 2695 2698 2697
f 2696 2699 2698
f 2698 2699 2701
f 2699 2703 2702
f 2702 2703 2700
f 2682 2697 2690
f 2690 2697 2711
f 2711 2697 2743
f 2698 2701 2697
f 2701 2743 2697
f 2701 2702 2743
f 2699 2702 2701
f 2702 2700 2743
f 2663 2703 2699
f 2665 2705 2703
f 2705 2706 2707
f 2705 2744 2703
f 2703 2704 2700
f 2703 2744 2704
f 2705 2782 2706
f 1834 2709 2708
f 1834 3053 2709
f 2630 1834 2708
f 2709 3059 2708
f 1834 3051 3053
f 2630 2708 2906
f 2710 2711 2721
f 2690 2711 2710
f 2711 2712 2722
f 2713 2715 2714
f 2714 2715 2718
f 2715 2719 2718
f 2693 2716 2715
f 2715 2716 2719
f 2716 2720 2719
f 2717 2719 2720
f 2718 2719 2728
f 2719 2727 2728
f 2717 2727 2719
f 2717 2736 2727
f 2693 2720 2716
f 2694 2721 2720
f 2694 2686 2721
f 2720 2721 2724
f 2717 2720 2724
f 2686 2710 2721
f 2711 2722 2721
f 2721 2722 2724
f 2712 2723 2722
f 2722 2723 2725
f 2725 2723 2752
f 2717 2724 2736
f 2724 2725 2733
f 2724 2733 2736
f 2726 2725 2752
f 2722 2725 2724
f 2725 2726 2734
f 2725 2734 2733
f 2726 2735 2734
f 1914 2728 2727
f 1914 2727 1918
f 1918 2727 2731
f 2727 2736 2731
f 1918 2731 2729
f 2729 2731 2730
f 2729 2730 2732
f 2730 3063 2732
f 3063 2730 2731
f 2731 2736 2741
f 2731 2741 3067
f 2733 2734 2738
f 2734 2735 2738
f 2733 2742 2736
f 2733 2738 2737
f 2735 2739 2738
f 2738 2739 2740
f 2737 2738 2740
f 3073 2740 2739
f 2737 2740 3073
f 2736 2742 2741
f 2742 3075 2741
f 2733 2737 2742
f 2737 3075 2742
f 2712 2711 2743
f 2743 2723 2712
f 2700 2752 2743
f 2723 2743 2752
f 2744 2746 2752
f 2700 2744 2752
f 2746 2753 2752
f 2750 2755 2753
f 2750 2754 2755
f 2700 2704 2744
f 2705 2707 2746
f 2744 2705 2746
f 2707 2706 2747
f 2706 2745 2747
f 2706 2794 2745
f 2745 2794 2748
f 2707 2747 2746
f 2745 2748 2747
f 2746 2747 2750
f 2747 2748 2751
f 2746 2750 2753
f 2747 2751 2750
f 2748 2812 2749
f 2748 2749 2751
f 2749 2812 2751
f 2751 2812 2759
f 2750 2751 2758
f 2750 2758 2757
f 2750 2757 2754
f 2751 2759 2758
f 2726 2752 2755
f 2752 2753 2755
f 2726 2755 2735
f 2735 2755 2754
f 2754 2756 2763
f 2754 2757 2756
f 2757 2760 2764
f 2757 2758 2762
f 2758 2759 2761
f 2757 2762 2760
f 2760 2762 3104
f 2758 2761 2762
f 2759 2819 2761
f 2761 3103 2762
f 2761 2819 3103
f 2735 2754 2763
f 2763 2764 2765
f 2735 2763 2765
f 2756 2764 2763
f 2756 2757 2764
f 2735 2765 2739
f 2739 2765 3108
f 2764 2760 2765
f 2765 2760 3108
f 2542 2766 2646
f 2542 2543 2767
f 2542 2772 2766
f 2542 2767 2772
f 2544 2768 2767
f 2646 2766 2771
f 2767 2768 2770
f 2560 2770 2769
f 2768 2769 2770
f 2560 2773 2770
f 2560 2775 2773
f 2766 2772 2771
f 2767 2770 2772
f 2770 2773 2774
f 2560 2777 2775
f 2786 2775 2567
f 2773 2775 2774
f 2786 2776 2775
f 2776 2792 2775
f 2567 2775 2777
f 2771 2772 2778
f 2659 2771 2778
f 2772 2783 2778
f 2770 2783 2772
f 2659 2778 2782
f 2770 2779 2783
f 2779 2780 2784
f 2770 2774 2779
f 2774 2775 2779
f 2779 2775 2780
f 2775 2781 2780
f 2775 2792 2781
f 2778 2783 2782
f 2794 2782 2783
f 2779 2785 2783
f 2779 2784 2785
f 2785 2793 2783
f 2783 2793 2794
f 2786 2788 2787
f 2776 2786 2787
f 2776 2787 2792
f 2788 2791 2789
f 2583 2786 2567
f 2583 2788 2786
f 2583 2790 2788
f 2790 2799 2791
f 2788 2790 2791
f 2787 2795 2792
f 2787 2788 2795
f 2780 2781 2795
f 2781 2792 2795
f 2788 2796 2795
f 2780 2795 2784
f 2784 2795 2785
f 2785 2795 2793
f 2793 2810 2794
f 2793 2795 2811
f 2795 2798 2811
f 2795 2796 2798
f 2788 2789 2796
f 2789 2797 2796
f 2789 2791 2797
f 2791 2804 2797
f 2798 2814 2811
f 2796 2797 2798
f 2797 2805 2798
f 2798 2805 2814
f 2791 2801 2804
f 2791 2799 2800
f 2791 2800 2801
f 2799 2803 2800
f 2800 2803 2801
f 2594 2802 2799
f 2799 2802 2803
f 2594 3230 2802
f 2802 3230 2803
f 2801 2803 2807
f 2801 2806 2804
f 2797 2804 2806
f 2801 2807 2806
f 2797 2806 2805
f 2805 2806 2809
f 2806 2807 2808
f 2803 3235 2807
f 2807 3236 2808
f 2806 2808 2809
f 2805 2809 2817
f 2808 3236 2809
f 2809 3237 2817
f 2748 2794 2810
f 2793 2813 2810
f 2793 2811 2813
f 2748 2810 2812
f 2810 2813 2812
f 2811 2814 2813
f 2759 2812 2813
f 2813 2816 2815
f 2759 2813 2815
f 2813 2814 2816
f 2805 2817 2814
f 2816 2819 2815
f 2814 2818 2816
f 2759 2815 2819
f 2816 2818 2819
f 2814 2817 2818
f 2819 2818 3263
f 2817 3262 2818
f 2082 1392 2820
f 2820 1392 2838
f 1392 2840 2838
f 2189 2823 3057
f 2821 3056 3057
f 2832 2883 3055
f 2884 3055 2883
f 2884 2885 3062
f 2885 2886 3062
f 2839 3055 3056
f 3062 3055 2884
f 2886 2905 3062
f 3062 2905 2907
f 2907 2906 3062
f 2082 2820 2822
f 2082 2822 2823
f 2820 2821 2824
f 2822 2820 2824
f 2822 2824 2823
f 2085 2088 2842
f 2088 2827 2825
f 2092 2829 2827
f 2092 2828 2829
f 2825 2847 2088
f 2825 2826 2851
f 2825 2827 2826
f 2830 2832 2839
f 2831 2832 2830
f 2831 2883 2832
f 2830 2836 2831
f 2836 2837 2831
f 2831 2837 2883
f 2834 2835 2833
f 2833 2835 2836
f 2835 2837 2836
f 2821 2838 2839
f 2820 2838 2821
f 2838 2840 2839
f 2830 2839 2840
f 1438 2085 2841
f 2841 2085 2843
f 2843 2085 2844
f 2085 2842 2844
f 2088 2847 2842
f 1437 2841 2843
f 1481 2843 2844
f 1482 2844 2842
f 2845 2852 2847
f 2842 2847 2846
f 2842 2846 2848
f 2842 2849 2951
f 2842 2848 2849
f 2846 2850 2848
f 2846 2847 2850
f 2847 2852 2850
f 2850 2852 2849
f 2848 2850 2849
f 2849 2852 2955
f 2825 2851 2845
f 2825 2845 2847
f 2829 2852 2851
f 2826 2827 2851
f 2827 2829 2851
f 2829 2853 2852
f 2845 2851 2852
f 2852 2853 2986
f 2853 2854 2986
f 2854 2855 2987
f 2821 3057 2824
f 3057 2823 2824
f 2828 2092 2857
f 2108 2856 2857
f 2829 2828 2862
f 2828 2857 2860
f 2828 2860 2862
f 2856 2858 2857
f 2857 2858 2859
f 2856 2859 2858
f 2857 2859 2860
f 2859 2861 2860
f 2860 2861 2862
f 2113 2864 2856
f 2114 2863 2864
f 2863 3143 2864
f 2864 3144 2865
f 2856 2865 2859
f 2856 2864 2865
f 2859 2865 2861
f 2861 2866 2862
f 2861 2865 2866
f 2862 2866 2868
f 2862 2868 2869
f 2867 2862 2869
f 2865 3151 2866
f 2866 3151 2868
f 2869 2868 3152
f 2869 3152 2867
f 2839 3056 2821
f 2839 2832 3055
f 2829 2862 2853
f 2853 2862 2870
f 2854 2870 2871
f 2853 2870 2854
f 2854 2871 2872
f 2854 2872 2873
f 2854 2873 2874
f 2874 2875 2991
f 2854 2874 2855
f 2855 2874 2991
f 2862 2867 2870
f 2867 2871 2870
f 2867 2876 2871
f 2873 2876 2877
f 2874 2877 2878
f 2871 2876 2872
f 2873 2872 2876
f 2867 3153 2876
f 2876 3153 2877
f 2877 3182 2878
f 2878 3183 2879
f 2882 3189 3045
f 2882 3185 3188
f 2882 3188 3189
f 2873 2877 2874
f 2874 2879 2875
f 2874 2878 2879
f 2875 2879 2880
f 2875 2881 3039
f 2875 2880 2881
f 2881 2882 3039
f 2879 3184 2880
f 2880 3184 2881
f 2881 3185 2882
f 1451 2548 1467
f 2548 2884 2883
f 2568 2885 2884
f 2885 2568 2886
f 1467 2548 2883
f 1453 2894 2893
f 1452 2893 2892
f 1490 2935 1453
f 1453 2922 2894
f 2922 1453 2935
f 1490 2887 2935
f 2889 2906 2888
f 2588 2891 2890
f 2890 2891 2593
f 2892 2895 2891
f 2892 2893 2895
f 2893 2894 2895
f 2894 2896 2895
f 2593 2891 2900
f 2891 2895 2900
f 2896 2900 2895
f 2896 2897 2900
f 2897 2898 2900
f 2898 2899 2900
f 2899 2902 2900
f 2897 2896 2910
f 2898 2897 2899
f 2894 2922 2896
f 2899 2897 2908
f 2593 2900 2901
f 2900 2903 2901
f 2594 2901 3230
f 2901 2904 3230
f 2900 2902 2903
f 2901 2903 2904
f 2886 2888 2905
f 2888 2906 2905
f 2906 2907 2905
f 2896 2921 2910
f 2897 2910 2908
f 2922 2921 2896
f 2899 2908 2902
f 2910 2909 2902
f 2910 2902 2908
f 2909 2911 2902
f 2902 2911 2939
f 2910 2921 2909
f 2909 2921 2911
f 2911 2921 2912
f 2912 2921 2913
f 2913 2921 2914
f 2921 2915 2914
f 2921 2916 2915
f 2916 2921 2917
f 2939 2911 2912
f 2912 2913 2939
f 2913 2914 2939
f 2914 2915 2939
f 2915 2916 2939
f 2916 2917 2939
f 2917 2918 2939
f 2918 2919 2939
f 2919 2920 2939
f 2920 2925 2939
f 2939 2925 2926
f 2926 2927 2939
f 2927 2928 2939
f 2939 2929 2930
f 2928 2929 2939
f 2939 2930 2931
f 2887 2938 2935
f 2921 2923 2931
f 2922 2923 2921
f 2922 2924 2923
f 2922 2932 2924
f 2921 2925 2920
f 2921 2920 2919
f 2921 2918 2917
f 2921 2919 2918
f 2925 2927 2926
f 2921 2928 2927
f 2925 2921 2927
f 2921 2929 2928
f 2929 2921 2930
f 2930 2921 2931
f 2922 2935 2932
f 2932 2935 2933
f 2933 2935 2934
f 2935 2936 2934
f 2936 2937 2939
f 2931 2923 2939
f 2923 2924 2939
f 2924 2932 2939
f 2932 2933 2939
f 2933 2934 2939
f 2934 2936 2939
f 2935 2938 2936
f 2936 2938 2942
f 2938 3024 2942
f 2902 2939 2903
f 2903 2939 2940
f 2939 2941 2940
f 2904 2940 3232
f 2940 3245 3232
f 2940 3247 3245
f 2903 2940 2904
f 2942 3031 2943
f 2937 2941 2939
f 2936 2942 2937
f 2942 2941 2937
f 2941 2943 3247
f 2941 2942 2943
f 2943 3031 3248
f 2940 2941 3247
f 1467 2883 2944
f 2945 1467 2944
f 2883 2837 2947
f 2834 2946 2835
f 2835 2946 2837
f 2946 2947 2837
f 2883 2947 2944
f 2945 2944 2946
f 2944 2947 2946
f 2948 2949 3020
f 2948 2950 2949
f 2949 3027 3022
f 1482 2842 2951
f 1482 2951 2952
f 1484 2954 2953
f 1473 2960 2962
f 1483 2952 2954
f 2849 2952 2951
f 2849 2955 2952
f 2952 2956 2954
f 2955 2956 2952
f 2852 2957 2955
f 2955 2957 2956
f 2956 2957 2966
f 2957 2987 2966
f 2953 2954 2958
f 2953 2958 2960
f 2958 2959 2960
f 2959 2961 2960
f 2958 2988 2959
f 2959 2988 2964
f 2961 2962 2960
f 2963 2962 2961
f 2961 2959 2964
f 2964 2963 2961
f 2963 2964 2965
f 2963 2965 2980
f 2965 2989 2980
f 2964 2989 2965
f 2956 2966 2954
f 2966 2988 2954
f 2958 2954 2988
f 1486 2982 1493
f 2982 2983 2979
f 2983 2984 2979
f 2969 2974 3019
f 2948 3019 2974
f 2972 2969 2968
f 2967 2968 2969
f 2972 2974 2969
f 2948 2974 2978
f 2982 2979 1493
f 1493 2975 2976
f 1493 2979 2975
f 2971 2976 2975
f 2979 2971 2975
f 2976 2971 2977
f 2979 2985 2970
f 2984 2985 2979
f 2979 2970 2971
f 2970 2994 2971
f 2972 2973 2974
f 2973 2972 2978
f 2973 2978 2974
f 2978 2977 2995
f 1486 2963 2982
f 1486 2962 2963
f 2982 2963 2983
f 3000 2983 2981
f 2963 2980 2981
f 2983 2963 2981
f 2980 2989 2981
f 2984 3000 2985
f 2983 3000 2984
f 2985 3000 2970
f 2852 2986 2957
f 2957 2986 2987
f 2854 2987 2986
f 2987 2991 2988
f 2964 2988 2989
f 2988 2992 2989
f 2989 2992 3000
f 2966 2987 2988
f 2988 2991 2990
f 2855 2991 2987
f 2988 2990 2992
f 2992 2993 3000
f 2970 3000 2994
f 2971 2994 2998
f 2948 2978 2995
f 2948 2995 2950
f 2971 2998 2977
f 2977 2996 2995
f 2977 2998 2996
f 2993 2999 2994
f 2994 2999 2998
f 2996 2998 3041
f 2996 3041 2997
f 2950 2995 2997
f 2995 2996 2997
f 2981 2989 3000
f 2993 2994 3000
f 1490 3003 2887
f 1490 3014 3012
f 3001 3005 3006
f 3003 3001 3002
f 3001 3006 3002
f 3006 3011 3004
f 3006 3009 3008
f 3006 3008 3007
f 3004 3009 3006
f 3006 3007 3002
f 3005 3012 3006
f 1490 3001 3003
f 1490 3005 3001
f 1490 3012 3005
f 1487 2967 3016
f 1490 3016 3014
f 3006 3012 3011
f 3011 3010 3004
f 3012 3013 3011
f 3012 3014 3013
f 3015 3013 3014
f 3014 3017 3015
f 3014 3016 3017
f 3017 3018 3015
f 3015 3018 3020
f 2967 3017 3016
f 2967 3018 3017
f 3018 3019 3020
f 3019 3018 2969
f 2948 3020 3019
f 2887 3003 3002
f 3002 3007 3021
f 3007 3008 3021
f 3008 3009 3021
f 3004 3010 3021
f 3004 3021 3009
f 3010 3011 3021
f 3011 3013 3021
f 2887 3002 2938
f 2938 3002 3021
f 3015 3023 3021
f 3015 3021 3013
f 2949 3015 3020
f 2949 3022 3015
f 3015 3022 3023
f 1487 2972 2968
f 1487 2978 2972
f 1487 2976 2977
f 1487 2977 2978
f 2967 1487 2968
f 2967 2969 3018
f 2938 3021 3023
f 3023 3026 3025
f 2938 3023 3024
f 3024 3023 3031
f 3023 3025 3031
f 3025 3033 3031
f 3022 3026 3023
f 3022 3027 3026
f 2949 2950 3027
f 2950 3028 3027
f 3027 3034 3033
f 3027 3035 3034
f 3027 3028 3035
f 3025 3026 3033
f 3026 3027 3033
f 3029 3035 3277
f 3030 3277 3035
f 3030 3276 3277
f 3031 3033 3282
f 3024 3031 2942
f 3031 3032 3248
f 3031 3275 3032
f 3031 3282 3275
f 3033 3034 3282
f 3029 3034 3035
f 3029 3282 3034
f 2993 3036 2999
f 2993 3037 3036
f 3036 3043 3042
f 3036 3037 3044
f 3036 3044 3043
f 3038 3042 3043
f 2875 2990 2991
f 2990 3039 2992
f 2875 3039 2990
f 2992 3039 3040
f 2992 3040 2993
f 2993 3040 3037
f 2950 2997 3028
f 2998 3042 3041
f 2998 2999 3036
f 2998 3036 3042
f 2997 3041 3035
f 2997 3035 3028
f 3035 3041 3038
f 3038 3041 3042
f 3037 3040 3046
f 3040 3045 3046
f 3030 3035 3038
f 3030 3038 3050
f 3038 3043 3050
f 3037 3046 3044
f 3043 3049 3050
f 3043 3044 3048
f 3045 3048 3046
f 3043 3048 3049
f 3044 3046 3048
f 3045 3189 3047
f 3045 3047 3048
f 3030 3050 3276
f 3049 3276 3050
f 3039 3045 3040
f 2882 3045 3039
f 2709 3060 3059
f 3059 3062 2708
f 2174 3052 3051
f 3053 3060 2709
f 3051 3052 3053
f 3053 3052 3054
f 3054 3052 3058
f 3054 3060 3053
f 3054 3058 3060
f 2189 3056 3055
f 3057 3056 2189
f 2189 3055 3052
f 3052 3055 3058
f 3058 3059 3060
f 3058 3061 3059
f 3061 3062 3059
f 3058 3055 3061
f 3061 3055 3062
f 2906 2708 3062
f 3063 3065 3064
f 3063 2731 3065
f 2259 3064 3065
f 3067 2741 3066
f 2731 3067 3065
f 3065 3067 3071
f 3067 3066 3080
f 2259 3065 3068
f 2259 3068 3069
f 3065 3070 3068
f 3065 3071 3070
f 3067 3080 3071
f 3072 2737 3073
f 3072 3073 3074
f 3072 3074 3077
f 2741 3075 3066
f 3066 3075 3080
f 2737 3072 3075
f 3072 3076 3075
f 3072 3077 3076
f 3074 3079 3078
f 3074 3078 3077
f 3075 3076 3080
f 3086 3081 3101
f 3083 3084 3101
f 3085 3086 3101
f 3084 3085 3101
f 3084 3083 3082
f 3069 3089 3088
f 3068 3089 3069
f 3068 3070 3090
f 3068 3090 3089
f 3070 3071 3087
f 3070 3087 3090
f 3088 3089 3091
f 2273 3091 3216
f 3089 3092 3091
f 3089 3093 3092
f 3090 3099 3089
f 3090 3087 3099
f 3089 3099 3093
f 3092 3093 3218
f 2270 3088 3091
f 3071 3094 3087
f 3076 3095 3080
f 3080 3095 3094
f 3098 3078 3096
f 3076 3077 3095
f 3077 3098 3095
f 3077 3078 3098
f 3079 3096 3078
f 3095 3098 3101
f 3094 3095 3101
f 3071 3080 3094
f 3087 3094 3100
f 3087 3100 3099
f 3093 3099 3219
f 3099 3204 3219
f 3099 3100 3204
f 3094 3101 3100
f 3098 3096 3101
f 3096 3097 3101
f 3097 3082 3101
f 3081 3100 3101
f 3081 3204 3100
f 3082 3083 3101
f 2760 3104 3102
f 3102 3104 3105
f 2762 3103 3104
f 3103 3106 3104
f 3103 3264 3107
f 3102 3105 3110
f 3104 3106 3105
f 3103 3107 3106
f 2739 3108 3073
f 3108 3074 3073
f 3074 3108 3109
f 2760 3102 3108
f 3102 3110 3108
f 3108 3110 3109
f 3074 3109 3079
f 3079 3109 3132
f 3109 3110 3134
f 3105 3134 3110
f 3111 3132 3118
f 3111 3118 3138
f 3117 3118 3132
f 3118 3117 3138
f 3136 3121 3137
f 3135 3113 3136
f 3082 3137 3084
f 3085 3137 3112
f 3084 3137 3085
f 3112 3137 3114
f 3114 3137 3115
f 3136 3113 3121
f 3117 3135 3138
f 3113 3135 3117
f 3115 3137 3121
f 3116 3119 3268
f 3116 3268 3128
f 3116 3128 3119
f 3105 3106 3117
f 3106 3119 3117
f 3105 3117 3132
f 3106 3107 3119
f 3107 3268 3119
f 3117 3119 3128
f 3121 3130 3227
f 3257 3127 3128
f 3117 3124 3122
f 3124 3117 3123
f 3117 3128 3123
f 3125 3122 3124
f 3125 3131 3122
f 3125 3130 3131
f 3123 3128 3126
f 3127 3124 3126
f 3123 3126 3124
f 3125 3124 3127
f 3128 3127 3126
f 3125 3129 3229
f 3127 3257 3129
f 3129 3257 3229
f 3125 3229 3130
f 3125 3127 3129
f 3117 3131 3113
f 3122 3131 3117
f 3113 3131 3130
f 3115 3121 3120
f 3113 3130 3121
f 3079 3132 3133
f 3133 3096 3079
f 3109 3134 3132
f 3097 3133 3135
f 3133 3138 3135
f 3096 3133 3097
f 3132 3138 3133
f 3111 3138 3132
f 3105 3132 3134
f 3097 3135 3136
f 3097 3136 3082
f 3082 3136 3137
f 3140 3208 3142
f 3141 3142 3211
f 3147 3146 3156
f 2864 3143 3144
f 2865 3144 3151
f 3143 3145 3144
f 3145 3151 3144
f 3145 3156 3151
f 3156 3146 3151
f 3147 3148 3146
f 3148 3149 3154
f 3149 3150 3154
f 3152 2868 3151
f 3153 2867 3152
f 3152 3154 3153
f 3146 3152 3151
f 3146 3148 3152
f 3148 3154 3152
f 3145 3155 3156
f 3155 3157 3156
f 2323 3157 3155
f 3147 3156 3157
f 3147 3157 3161
f 3157 3158 3159
f 3157 3159 3161
f 3159 3160 3161
f 3147 3161 3148
f 3141 3164 3163
f 3149 3161 3162
f 3148 3161 3149
f 3150 3149 3164
f 3149 3162 3163
f 3149 3163 3164
f 3165 3161 3160
f 3165 3162 3161
f 3139 3165 3160
f 3165 3140 3163
f 3165 3163 3162
f 3142 3141 3163
f 3140 3142 3163
f 3168 3174 3194
f 3174 3212 3224
f 3141 3212 3166
f 3167 3212 3168
f 3166 3212 3167
f 3174 3224 3225
f 3174 3225 3226
f 3167 3168 3194
f 3168 3212 3174
f 3169 3177 3223
f 3229 3257 3284
f 3169 3227 3284
f 3174 3175 3196
f 3171 3196 3176
f 3175 3176 3196
f 3171 3172 3196
f 3171 3176 3172
f 3172 3176 3279
f 3173 3279 3176
f 3170 3279 3173
f 3175 3226 3176
f 3176 3226 3228
f 3176 3228 3223
f 3223 3177 3176
f 3174 3226 3175
f 3169 3176 3177
f 3169 3173 3176
f 3169 3284 3170
f 3169 3170 3173
f 3184 3183 3181
f 3184 3179 3186
f 3150 3178 3182
f 3178 3183 3182
f 3178 3180 3183
f 3164 3180 3178
f 3164 3181 3180
f 3179 3194 3195
f 3180 3181 3183
f 3184 3181 3179
f 3179 3181 3193
f 2877 3153 3154
f 2877 3154 3182
f 2878 3182 3183
f 2879 3183 3184
f 3154 3150 3182
f 3184 3186 3185
f 3179 3185 3186
f 3185 3190 3188
f 3047 3189 3190
f 3047 3191 3048
f 3048 3191 3192
f 3047 3190 3191
f 3188 3190 3189
f 3048 3192 3187
f 3190 3196 3191
f 3190 3195 3196
f 3172 3191 3196
f 3179 3190 3185
f 3179 3195 3190
f 3172 3192 3191
f 3172 3187 3192
f 3172 3279 3187
f 2881 3184 3185
f 3141 3193 3164
f 3166 3194 3193
f 3150 3164 3178
f 3164 3193 3181
f 3174 3195 3194
f 3179 3193 3194
f 3141 3166 3193
f 3166 3167 3194
f 3174 3196 3195
f 3200 3214 3201
f 3202 3214 3215
f 3202 3215 3217
f 3201 3214 3202
f 3197 3200 3198
f 3198 3200 3199
f 3199 3201 3208
f 3159 3197 3160
f 3160 3197 3198
f 3160 3198 3199
f 3199 3200 3201
f 3201 3202 3208
f 3219 3206 3218
f 3205 3218 3206
f 3205 3217 3218
f 3202 3217 3205
f 3207 3219 3204
f 3081 3207 3204
f 3081 3086 3207
f 3207 3206 3219
f 3207 3203 3206
f 3208 3213 3209
f 3205 3209 3213
f 3205 3206 3209
f 3139 3199 3208
f 3139 3160 3199
f 3142 3208 3209
f 3139 3208 3165
f 3165 3208 3140
f 3206 3210 3209
f 3210 3203 3211
f 3211 3203 3212
f 3203 3210 3206
f 3142 3209 3210
f 3142 3210 3211
f 3141 3211 3212
f 3202 3213 3208
f 3202 3205 3213
f 3091 3214 3216
f 3091 3215 3214
f 3091 3092 3217
f 3091 3217 3215
f 3092 3218 3217
f 3093 3219 3218
f 3158 3197 3159
f 3203 3207 3220
f 3220 3221 3224
f 3112 3223 3222
f 3115 3120 3227
f 3115 3227 3223
f 3223 3228 3226
f 3221 3222 3226
f 3222 3223 3226
f 3086 3220 3207
f 3085 3112 3221
f 3085 3221 3220
f 3086 3085 3220
f 3112 3114 3223
f 3112 3222 3221
f 3114 3115 3223
f 3221 3225 3224
f 3212 3220 3224
f 3212 3203 3220
f 3221 3226 3225
f 3120 3121 3227
f 3130 3229 3227
f 3169 3223 3227
f 3227 3229 3284
f 2803 3230 3231
f 3230 3233 3231
f 3231 3234 3235
f 2904 3232 3230
f 3230 3232 3233
f 3232 3246 3233
f 3231 3233 3234
f 3233 3246 3234
f 2807 3235 3236
f 3235 3239 3236
f 2809 3236 3237
f 3236 3239 3237
f 3237 3240 3262
f 3234 3239 3235
f 3234 3238 3239
f 3234 3250 3238
f 3238 3250 3239
f 3237 3239 3240
f 3239 3250 3240
f 2803 3231 3235
f 3251 3246 3249
f 3241 3249 3242
f 3241 3243 3244
f 3232 3245 3246
f 3249 3246 3245
f 3247 2943 3241
f 3247 3249 3245
f 3247 3241 3242
f 3247 3242 3249
f 2943 3248 3241
f 3241 3248 3243
f 3234 3246 3250
f 3251 3250 3246
f 3251 3249 3252
f 3251 3252 3250
f 3253 3270 3265
f 3253 3258 3270
f 3240 3250 3253
f 3240 3253 3265
f 3250 3252 3253
f 3252 3260 3253
f 3249 3260 3252
f 3249 3241 3259
f 3249 3259 3260
f 3241 3261 3259
f 3241 3244 3261
f 3244 3254 3261
f 3254 3283 3261
f 3258 3259 3255
f 3255 3259 3261
f 3255 3270 3258
f 3255 3261 3256
f 3256 3261 3283
f 3272 3256 3273
f 3257 3273 3256
f 3255 3256 3272
f 3258 3253 3260
f 3259 3258 3260
f 2817 3237 3262
f 2819 3263 3264
f 2818 3262 3263
f 3262 3265 3263
f 3263 3267 3264
f 2819 3264 3103
f 3240 3265 3262
f 3264 3267 3266
f 3263 3265 3267
f 3267 3269 3266
f 3107 3266 3269
f 3265 3269 3267
f 3107 3264 3266
f 3265 3270 3269
f 3107 3269 3268
f 3270 3271 3269
f 3268 3269 3271
f 3128 3268 3271
f 3270 3272 3271
f 3128 3271 3273
f 3271 3272 3273
f 3128 3273 3257
f 3270 3255 3272
f 3032 3275 3243
f 3029 3275 3282
f 3244 3275 3254
f 3243 3275 3244
f 3274 3275 3281
f 3029 3278 3281
f 3029 3281 3275
f 3029 3277 3278
f 3276 3278 3277
f 3278 3288 3280
f 3274 3281 3278
f 3032 3243 3248
f 3278 3285 3283
f 3254 3275 3283
f 3274 3283 3275
f 3274 3278 3283
f 3257 3285 3284
f 3256 3283 3285
f 3256 3285 3257
f 3284 3285 3286
f 3278 3280 3285
f 3280 3286 3285
f 3170 3284 3286
f 3279 3286 3280
f 3170 3286 3279
f 3049 3278 3276
f 3048 3288 3049
f 3048 3287 3279
f 3048 3280 3288
f 3049 3288 3278
f 3048 3187 3287
f 3187 3279 3287
f 3048 3279 3280
